iteration,food_quantity,event_poll_ms,ants_advance_ms,evaporation_ms,update_ms,advance_total_ms,render_ms,blit_ms,iteration_total_ms,mpi_halo_exchange_ms,mpi_migration_ms,mpi_food_allreduce_ms,mpi_render_comm_ms,mpi_total_comm_ms
1,0,0.000000,30.558536,18.010899,0.005624,40.740218,0.000000,0.000000,57.982945,0.036223,18.912727,12.621086,0.000000,18.967995
2,0,0.000000,24.190027,11.942449,0.005011,32.298726,0.000000,0.000000,51.501013,0.368777,21.723563,8.001083,0.000000,29.766307
3,0,0.000000,11.580779,3.768166,0.008151,11.616736,0.000000,0.000000,24.646194,7.852835,9.172146,7.695221,0.000000,18.792242
4,0,0.000000,12.418362,8.118840,0.016420,17.959678,0.000000,0.000000,24.083195,0.041065,13.529693,8.148151,0.000000,17.317003
5,0,0.000000,20.327279,7.242294,0.015991,27.570583,0.000000,0.000000,27.858742,0.048157,15.539792,3.988743,0.000000,19.575748
6,0,0.000000,8.661274,7.137528,0.006112,15.795136,0.000000,0.000000,16.025647,0.032423,3.757200,4.021272,0.000000,7.810689
7,0,0.000000,16.338611,7.261897,0.016251,23.601987,0.000000,0.000000,23.967239,0.032583,11.704294,4.004219,0.000000,15.719927
8,0,0.000000,9.471022,6.184055,0.009440,15.658229,0.000000,0.000000,16.023735,0.035841,4.598104,3.875155,0.000000,8.507470
9,0,0.000000,16.425014,5.513025,0.009428,21.892763,0.000000,0.000000,31.944454,0.033327,14.209263,11.967637,0.000000,24.561240
10,0,0.000000,9.028702,10.681438,0.005488,18.942208,0.000000,0.000000,19.979882,0.058500,7.333013,6.694722,0.000000,14.076623
11,0,0.000000,17.089893,6.605993,0.018243,23.638631,0.000000,0.000000,25.833349,1.760114,15.573179,6.604247,0.000000,22.238866
12,0,0.000000,8.830843,6.944503,0.010313,15.784362,0.000000,0.000000,15.924478,0.047356,6.103738,6.936357,0.000000,13.087451
13,0,0.000000,20.930542,13.061694,0.013568,34.005804,0.000000,0.000000,35.964388,0.034234,18.556719,11.042582,0.000000,24.574055
14,0,0.000000,8.488305,7.055859,0.008051,15.537495,0.000000,0.000000,15.748657,0.080891,5.920980,7.033777,0.000000,12.982404
15,0,0.000000,16.578528,12.196925,0.004208,28.773443,0.000000,0.000000,35.961496,0.037957,14.782957,12.132550,0.000000,22.787821
16,0,0.000000,8.676636,7.201348,0.008141,15.863055,0.000000,0.000000,15.994947,0.048351,3.417562,4.013228,0.000000,7.472159
17,0,0.000000,16.297497,7.718538,0.006856,23.953076,0.000000,0.000000,27.847461,0.039943,14.685364,3.998839,0.000000,18.702473
18,0,0.000000,8.999870,6.807009,0.004816,15.810268,0.000000,0.000000,16.009142,0.042414,0.724744,0.029089,0.000000,0.787954
19,0,0.000000,16.584130,7.264210,0.003309,23.850522,0.000000,0.000000,23.975829,0.025360,4.163423,4.000637,0.000000,8.176157
20,0,0.000000,8.873001,10.841513,0.002661,19.716147,0.000000,0.000000,27.646122,0.044864,0.746750,7.995070,0.000000,8.785735
21,0,0.000000,13.228808,6.957622,0.002118,20.179525,0.000000,0.000000,20.342556,0.041718,0.638546,6.927521,0.000000,7.446001
22,0,0.000000,16.670269,7.175695,0.003225,23.848069,0.000000,0.000000,23.978693,0.027212,14.746921,3.978449,0.000000,14.784999
23,0,0.000000,12.431707,7.729467,0.017900,20.172244,0.000000,0.000000,24.033008,0.029662,7.667162,4.021487,0.000000,11.718265
24,0,0.000000,8.936465,6.869859,0.013715,15.794611,0.000000,0.000000,16.011592,0.041531,4.051859,4.044094,0.000000,8.137484
25,0,0.000000,17.074464,13.158671,0.013514,29.364802,0.000000,0.000000,35.923187,0.033862,15.083450,11.980210,0.000000,21.695984
26,0,0.000000,8.609992,7.183794,0.006465,15.785729,0.000000,0.000000,16.018559,0.061647,6.803109,7.153876,0.000000,14.014915
27,0,0.000000,16.807686,7.006726,0.013553,23.817176,0.000000,0.000000,23.989448,0.046987,14.875684,4.017557,0.000000,18.922461
28,0,0.000000,8.920991,6.753620,0.009017,15.674996,0.000000,0.000000,16.002105,0.042386,0.721355,0.040533,0.000000,0.789456
29,0,0.000000,16.966721,6.757325,0.010132,23.731760,0.000000,0.000000,23.969766,0.030777,4.958342,3.993443,0.000000,8.980627
30,0,0.000000,12.249358,7.853100,0.020833,20.106612,0.000000,0.000000,27.994296,0.034556,11.535473,3.993964,0.000000,15.527078
31,0,0.000000,9.710665,6.133766,0.008827,15.828172,0.000000,0.000000,16.018924,0.052387,3.988673,4.025272,0.000000,8.057058
32,0,0.000000,14.847036,8.887520,0.002563,23.736502,0.000000,0.000000,23.947728,0.034190,9.998476,3.992542,0.000000,14.008792
33,0,0.000000,8.534779,11.252191,0.007562,19.484721,0.000000,0.000000,19.911795,0.047011,0.386925,0.037671,0.000000,0.463461
34,0,0.000000,13.011887,6.854279,0.011738,19.868135,0.000000,0.000000,23.992523,4.008568,11.532210,3.983837,0.000000,15.526400
35,0,0.000000,8.629625,7.268622,0.008621,15.891522,0.000000,0.000000,16.030866,0.041042,2.970778,4.029155,0.000000,7.027881
36,0,0.000000,16.744311,6.817174,0.013520,23.573110,0.000000,0.000000,31.102579,0.034967,11.224511,7.988200,0.000000,19.215741
37,0,0.000000,13.164951,7.506160,0.007375,20.672868,0.000000,0.000000,20.823577,0.048695,10.794497,0.016327,0.000000,10.842366
38,0,0.000000,16.309242,7.432822,0.012555,16.338949,0.000000,0.000000,23.992851,0.062750,8.065018,7.438241,0.000000,12.126103
39,0,0.000000,8.765894,11.023633,0.036982,19.826509,0.000000,0.000000,20.025343,0.041390,6.960941,11.058945,0.000000,18.049472
40,0,0.000000,14.281970,6.967800,0.006493,21.251986,0.000000,0.000000,21.530750,0.056170,10.923510,6.944342,0.000000,14.951292
41,0,0.000000,8.708253,7.124281,0.007332,15.839866,0.000000,0.000000,16.022765,0.035641,5.971627,7.114362,0.000000,13.119960
42,0,0.000000,16.685401,3.857105,0.010271,20.527148,0.000000,0.000000,24.034043,0.034142,8.344038,0.062724,0.000000,8.433679
43,0,0.000000,12.638204,11.130180,0.003416,23.688098,0.000000,0.000000,23.909008,0.033761,0.276089,5.931104,0.000000,6.028888
44,0,0.000000,12.756611,7.904087,0.004045,16.684130,0.000000,0.000000,23.991533,0.036563,7.390043,0.023256,0.000000,7.449862
45,0,0.000000,8.820056,10.751952,0.012553,18.950869,0.000000,0.000000,23.756912,0.039400,3.535204,7.968037,0.000000,11.360952
46,0,0.000000,12.745475,2.948000,0.016696,12.786202,0.000000,0.000000,23.994961,0.036355,7.728943,6.866072,0.000000,14.621875
47,0,0.000000,12.829444,6.863678,0.004733,15.707068,0.000000,0.000000,24.014206,0.041102,14.238308,6.857808,0.000000,20.553301
48,0,0.000000,8.890806,6.869389,0.012299,15.753800,0.000000,0.000000,15.994992,0.043507,6.762295,6.853218,0.000000,13.659020
49,0,0.000000,13.674071,7.988229,0.014265,21.676565,0.000000,0.000000,24.146749,0.032722,13.590326,4.037566,0.000000,13.632858
50,0,0.000000,12.730544,7.651043,0.017445,16.480709,0.000000,0.000000,28.199187,4.059921,11.131329,4.166104,0.000000,19.158852
51,0,0.000000,12.612560,6.098674,0.032705,14.360771,0.000000,0.000000,31.753960,0.137900,11.576372,13.860067,0.000000,18.975816
52,0,0.000000,9.096603,6.861050,0.010539,15.959723,0.000000,0.000000,16.180315,0.045100,7.180212,6.699715,0.000000,13.919453
53,0,0.000000,16.804950,6.770958,0.007083,23.582991,0.000000,0.000000,27.977811,0.043537,14.935445,8.157900,0.000000,15.906070
54,0,0.000000,8.321650,7.298203,0.007026,15.597464,0.000000,0.000000,15.829445,0.050936,6.748247,6.243635,0.000000,9.945651
55,0,0.000000,9.273950,6.552730,0.007784,15.829670,0.000000,0.000000,17.488680,1.517476,7.642656,6.533096,0.000000,14.226930
56,0,0.000000,16.725221,6.989481,0.010170,23.475738,0.000000,0.000000,23.984477,0.030251,15.397817,6.999939,0.000000,15.446722
57,0,0.000000,8.820031,6.939440,0.003623,15.742362,0.000000,0.000000,16.006735,0.064586,7.840121,6.922106,0.000000,14.797893
58,0,0.000000,16.328589,7.369384,0.016100,23.607952,0.000000,0.000000,23.993252,0.035517,15.369040,4.010869,0.000000,15.437849
59,0,0.000000,8.784047,7.027233,0.010533,15.818664,0.000000,0.000000,16.012755,0.048289,2.723397,4.037739,0.000000,6.807289
60,0,0.000000,16.900290,6.785654,0.011020,23.688231,0.000000,0.000000,23.942030,0.039480,11.382741,3.979329,0.000000,15.396055
61,0,0.000000,8.985417,6.668012,0.012726,15.583439,0.000000,0.000000,16.017834,0.048515,3.880748,4.007034,0.000000,4.317014
62,0,0.000000,16.756275,6.833631,0.016297,23.603144,0.000000,0.000000,23.995528,0.042776,14.302308,6.818182,0.000000,15.475645
63,0,0.000000,8.823922,6.786515,0.010227,15.615134,0.000000,0.000000,16.001644,0.047970,7.134459,6.770735,0.000000,13.943822
64,0,0.000000,16.703424,7.019230,0.011311,23.726387,0.000000,0.000000,23.937793,0.044602,15.249413,3.970311,0.000000,19.260165
65,0,0.000000,8.726435,6.681522,0.011451,15.390214,0.000000,0.000000,15.691872,0.044874,6.973459,6.646707,0.000000,13.657906
66,0,0.000000,16.994845,6.697868,0.002437,23.220764,0.000000,0.000000,23.978937,0.033253,14.638986,6.661368,0.000000,14.675186
67,0,0.000000,8.519390,11.281346,0.006487,19.647399,0.000000,0.000000,23.973146,0.047237,5.869644,15.267389,0.000000,21.184270
68,0,0.000000,8.809538,8.057515,0.004148,16.611317,0.000000,0.000000,19.976239,0.047306,7.182423,8.046868,0.000000,15.260062
69,0,0.000000,8.682552,6.963067,0.007276,15.647927,0.000000,0.000000,16.024735,0.127532,7.422816,6.924301,0.000000,14.380800
70,0,0.000000,16.647468,7.143169,0.006893,16.671884,0.000000,0.000000,23.972742,0.038437,15.451375,7.147268,0.000000,15.503378
71,0,0.000000,8.699805,11.099419,0.004768,19.686291,0.000000,0.000000,26.665148,0.046843,7.044329,15.090352,0.000000,22.179323
72,0,0.000000,13.872381,7.712468,0.006872,21.560716,0.000000,0.000000,25.311624,0.051729,14.826113,7.712487,0.000000,18.858013
73,0,0.000000,8.694275,7.118071,0.028152,15.819288,0.000000,0.000000,16.029770,0.043421,6.043516,7.119280,0.000000,10.105302
74,0,0.000000,16.421988,7.249716,0.007182,20.752196,0.000000,0.000000,23.939317,0.028685,14.510205,7.228639,0.000000,18.517408
75,0,0.000000,8.811496,7.062304,0.008707,15.882477,0.000000,0.000000,16.051957,0.043809,6.671916,7.056613,0.000000,13.764012
76,0,0.000000,13.178962,7.876011,0.010665,21.058366,0.000000,0.000000,23.941665,0.039104,14.018441,7.873028,0.000000,17.428433
77,0,0.000000,8.593527,7.140608,0.002182,15.725688,0.000000,0.000000,16.003922,0.050574,7.209054,7.123515,0.000000,14.379770
78,0,0.000000,16.557407,3.602831,0.006847,16.593902,0.000000,0.000000,27.973503,0.039474,18.563426,7.522781,0.000000,22.557064
79,0,0.000000,9.255295,6.496619,0.012022,14.932289,0.000000,0.000000,19.970603,0.037920,7.349036,8.083716,0.000000,15.404134
80,0,0.000000,8.668771,7.016038,0.007359,15.687048,0.000000,0.000000,16.025872,0.041855,7.232683,7.000686,0.000000,14.175134
81,0,0.000000,16.345214,7.025084,0.015298,16.369357,0.000000,0.000000,23.895563,0.064251,14.808625,7.013347,0.000000,18.844457
82,0,0.000000,12.407104,7.681636,0.007443,16.103449,0.000000,0.000000,23.971347,0.056103,13.827499,7.658992,0.000000,15.218289
83,0,0.000000,8.736529,10.526599,0.009302,14.980448,0.000000,0.000000,31.898838,0.044719,15.920730,14.530307,0.000000,21.846831
84,0,0.000000,9.182602,10.587103,0.006052,19.132286,0.000000,0.000000,24.104755,0.061457,7.473485,11.671669,0.000000,19.204660
85,0,0.000000,12.706809,12.211673,0.024892,18.914211,0.000000,0.000000,26.553852,0.058501,12.252706,10.579038,0.000000,15.727217
86,0,0.000000,14.129700,6.971066,0.012394,21.113160,0.000000,0.000000,21.422256,0.063998,8.518538,6.983545,0.000000,12.600730
87,0,0.000000,12.382607,7.803880,0.006647,16.640005,0.000000,0.000000,23.990924,0.032412,14.059772,4.029930,0.000000,18.122114
88,0,0.000000,8.696023,7.081872,0.019391,15.789750,0.000000,0.000000,16.027345,0.061637,0.508859,0.051124,0.000000,0.589593
89,0,0.000000,14.436216,9.198678,0.015425,18.062910,0.000000,0.000000,27.906421,0.037464,11.676704,10.851896,0.000000,16.544334
90,0,0.000000,13.073035,15.043094,0.016428,21.328031,0.000000,0.000000,32.005476,3.740066,11.801692,4.009892,0.000000,11.866879
91,0,0.000000,8.763713,7.005230,0.012789,15.781732,0.000000,0.000000,18.153594,0.047882,6.805337,9.170072,0.000000,16.016331
92,0,0.000000,19.319223,7.911341,0.013293,27.230003,0.000000,0.000000,29.783581,0.032665,19.614635,7.444036,0.000000,23.619718
93,0,0.000000,9.074396,7.635045,0.012900,16.722341,0.000000,0.000000,16.935756,0.038875,7.147602,7.644726,0.000000,14.825832
94,0,0.000000,16.064098,6.736334,0.010523,22.803444,0.000000,0.000000,23.853640,0.059401,8.053894,4.855238,0.000000,12.086854
95,0,0.000000,7.859790,7.234685,0.007802,14.901499,0.000000,0.000000,15.267126,0.054844,3.012208,4.125522,0.000000,7.171506
96,0,0.000000,17.123670,6.559996,0.003133,23.684767,0.000000,0.000000,23.860150,0.033377,11.955898,3.996484,0.000000,15.978679
97,0,0.000000,8.602105,7.192525,0.016596,15.811226,0.000000,0.000000,16.009648,0.028663,3.343277,4.061416,0.000000,7.433356
98,0,0.000000,16.714493,7.006768,0.007494,23.700655,0.000000,0.000000,23.930446,0.044402,11.091534,4.018910,0.000000,15.101932
99,0,0.000000,16.656666,12.547452,0.007040,21.344637,0.000000,0.000000,35.978243,0.030792,14.825217,12.553375,0.000000,20.639045
100,0,0.000000,8.514993,7.277247,0.007508,15.708335,0.000000,0.000000,16.046450,0.040230,6.976321,7.300859,0.000000,14.311192
101,0,0.000000,16.979475,6.539438,0.003551,23.218828,0.000000,0.000000,23.950723,0.041310,15.569686,6.469128,0.000000,16.612914
102,0,0.000000,8.909928,6.934399,0.003007,15.811561,0.000000,0.000000,16.016968,0.050804,7.163159,6.911524,0.000000,14.125487
103,0,0.000000,16.732978,6.968304,0.003643,23.701201,0.000000,0.000000,23.996951,0.068328,15.411122,4.041307,0.000000,15.534851
104,0,0.000000,8.912145,6.890031,0.013204,15.803481,0.000000,0.000000,15.951455,0.044104,4.070522,4.001775,0.000000,8.108988
105,0,0.000000,16.464667,12.193469,0.027252,28.644453,0.000000,0.000000,36.023003,0.030814,11.685814,12.026122,0.000000,19.255318
106,0,0.000000,8.511435,7.261727,0.008939,15.755909,0.000000,0.000000,15.967763,0.073089,5.453040,7.253416,0.000000,12.766901
107,0,0.000000,16.747309,6.988068,0.002375,23.733257,0.000000,0.000000,23.941180,0.038915,14.076567,6.961583,0.000000,14.124092
108,0,0.000000,8.670249,11.225441,0.011592,19.517832,0.000000,0.000000,23.995414,0.042714,6.968582,11.216633,0.000000,18.227929
109,0,0.000000,9.172188,6.683193,0.012717,15.855150,0.000000,0.000000,16.019414,0.033390,7.427802,6.670888,0.000000,14.125557
110,0,0.000000,16.855583,6.839461,0.008022,23.696329,0.000000,0.000000,23.960155,0.033876,15.645354,3.984930,0.000000,19.643439
111,0,0.000000,8.607063,15.064711,0.003166,23.513569,0.000000,0.000000,23.988557,0.154220,0.450204,4.002960,0.000000,4.437311
112,0,0.000000,8.421116,7.438542,0.003445,15.861375,0.000000,0.000000,16.019543,0.049411,3.228489,0.038026,0.000000,3.315926
113,0,0.000000,18.086323,6.096666,0.008054,24.186000,0.000000,0.000000,24.351125,0.037417,9.953961,4.007409,0.000000,10.003081
114,0,0.000000,12.096565,13.122421,0.006487,25.116248,0.000000,0.000000,31.544892,0.031451,10.125667,11.978783,0.000000,15.704960
115,0,0.000000,8.669966,7.150341,0.012382,15.822591,0.000000,0.000000,16.023108,0.069194,2.630324,4.036064,0.000000,6.727849
116,0,0.000000,16.585603,7.661842,0.007790,24.253463,0.000000,0.000000,31.934444,0.043247,14.670243,7.576810,0.000000,18.692333
117,0,0.000000,8.933574,6.616194,0.010439,15.552072,0.000000,0.000000,16.045696,0.042484,7.448680,6.614693,0.000000,14.095233
118,0,0.000000,16.456540,7.203431,0.005394,23.665365,0.000000,0.000000,27.913679,0.044762,15.502651,7.955341,0.000000,23.496139
119,0,0.000000,12.495065,11.600193,0.012949,17.011180,0.000000,0.000000,32.892265,4.072218,10.772668,12.532507,0.000000,20.989828
120,0,0.000000,7.328607,7.154360,0.007952,14.466523,0.000000,0.000000,22.690797,0.042045,6.174179,7.996752,0.000000,13.343775
121,0,0.000000,8.626599,7.070627,0.008178,15.697166,0.000000,0.000000,16.045217,0.058363,7.086281,7.052041,0.000000,14.189204
122,0,0.000000,16.385911,7.365341,0.013172,23.754607,0.000000,0.000000,23.957045,0.036888,14.271153,7.356610,0.000000,18.283402
123,0,0.000000,12.807277,6.949454,0.004538,19.761269,0.000000,0.000000,21.593025,0.035926,11.123766,8.512206,0.000000,15.730329
124,0,0.000000,13.274508,7.753493,0.011700,14.637858,0.000000,0.000000,22.374249,0.042215,12.705334,7.620784,0.000000,12.756261
125,0,0.000000,8.994437,6.668051,0.007302,15.655213,0.000000,0.000000,16.036240,0.033064,6.748310,6.651886,0.000000,13.428133
126,0,0.000000,16.758549,7.019560,0.012602,23.790032,0.000000,0.000000,23.976493,0.044874,14.170870,7.022050,0.000000,18.212401
127,0,0.000000,13.109251,12.807642,0.015610,25.932503,0.000000,0.000000,31.991258,0.057128,17.675658,12.774383,0.000000,23.065418
128,0,0.000000,8.881688,6.880357,0.012554,15.753818,0.000000,0.000000,15.993412,0.047686,6.593355,6.846621,0.000000,13.468701
129,0,0.000000,16.710528,6.847331,0.004915,23.322417,0.000000,0.000000,23.819130,0.032637,14.545141,6.843097,0.000000,14.589756
130,0,0.000000,8.770906,7.038893,0.010118,15.793718,0.000000,0.000000,16.018634,0.061409,6.938157,7.036240,0.000000,14.031060
131,0,0.000000,16.751821,7.019212,0.017187,23.775772,0.000000,0.000000,23.959338,0.036975,14.792055,6.911280,0.000000,19.974605
132,0,0.000000,8.737419,7.021861,0.011327,15.615850,0.000000,0.000000,16.054806,0.052987,7.327306,7.004889,0.000000,14.385182
133,0,0.000000,16.666632,7.004706,0.012945,23.684283,0.000000,0.000000,23.906930,0.092427,15.547517,2.997017,0.000000,15.604907
134,0,0.000000,8.641106,7.160680,0.002763,15.794057,0.000000,0.000000,15.984407,0.053545,6.342076,7.126858,0.000000,13.514682
135,0,0.000000,17.023007,6.688396,0.003484,23.713951,0.000000,0.000000,23.970787,0.033144,14.513784,4.005575,0.000000,14.562496
136,0,0.000000,8.695248,6.969774,0.002312,15.659110,0.000000,0.000000,16.002848,0.319336,0.536620,0.013864,0.000000,0.863535
137,0,0.000000,16.789582,12.242336,0.003801,28.608316,0.000000,0.000000,35.984521,0.025595,11.191335,12.231613,0.000000,23.444454
138,0,0.000000,8.513376,7.388714,0.002249,15.893830,0.000000,0.000000,15.995871,0.032528,6.295669,7.366348,0.000000,13.689643
139,0,0.000000,16.780771,6.826409,0.006453,23.613633,0.000000,0.000000,23.975963,0.038049,14.719801,3.964745,0.000000,18.722327
140,0,0.000000,8.620564,7.258670,0.008069,15.878591,0.000000,0.000000,16.017731,0.046612,0.375372,0.022324,0.000000,0.436815
141,0,0.000000,16.609610,7.205301,0.009822,23.807253,0.000000,0.000000,23.981254,0.028367,4.357992,3.961590,0.000000,8.334503
142,0,0.000000,16.387805,12.578763,0.007449,16.431186,0.000000,0.000000,31.982011,0.032400,17.546547,12.549116,0.000000,18.681156
143,0,0.000000,8.673299,7.109143,0.002651,15.783856,0.000000,0.000000,15.998753,0.053555,6.372160,7.091210,0.000000,13.513395
144,0,0.000000,16.608175,7.213698,0.014878,23.750126,0.000000,0.000000,23.996911,0.042676,14.275210,4.021547,0.000000,18.290627
145,0,0.000000,8.701833,7.081483,0.002193,15.780118,0.000000,0.000000,15.915823,0.037267,0.624240,0.025958,0.000000,0.687065
146,0,0.000000,16.801013,6.985263,0.014920,23.703939,0.000000,0.000000,23.964894,0.030614,4.588609,3.987084,0.000000,8.531594
147,0,0.000000,8.642756,11.141258,0.002719,19.483308,0.000000,0.000000,27.585661,0.033705,0.504320,7.994473,0.000000,8.514216
148,0,0.000000,12.664800,7.619229,0.019652,20.285268,0.000000,0.000000,20.440464,0.046462,9.815005,4.021656,0.000000,9.889648
149,0,0.000000,16.275592,7.803213,0.008566,20.108100,0.000000,0.000000,31.128007,0.034981,14.099816,10.952423,0.000000,22.564790
150,0,0.000000,21.122564,7.187787,0.011008,28.321359,0.000000,0.000000,28.817842,0.041549,16.372778,7.163353,0.000000,20.396746
151,0,0.000000,9.193099,6.587437,0.002414,15.780473,0.000000,0.000000,16.005508,0.036031,7.432058,6.564217,0.000000,14.032306
152,0,0.000000,16.420391,7.221937,0.002214,23.644233,0.000000,0.000000,23.963609,0.037995,14.727399,3.990904,0.000000,14.773055
153,0,0.000000,8.829209,7.073725,0.002288,15.889215,0.000000,0.000000,16.025206,0.034135,0.491838,0.030069,0.000000,0.552679
154,0,0.000000,16.834218,5.189204,0.022427,22.010356,0.000000,0.000000,35.967961,0.028471,19.963941,11.974965,0.000000,27.965744
155,0,0.000000,8.501089,7.289228,0.006525,15.791686,0.000000,0.000000,16.011386,0.076739,6.415753,7.266085,0.000000,13.733112
156,0,0.000000,16.980175,6.863763,0.018443,23.861526,0.000000,0.000000,23.986429,0.025822,14.597600,3.978540,0.000000,15.973898
157,0,0.000000,8.649818,7.183594,0.002172,15.825150,0.000000,0.000000,15.998070,0.045128,3.739378,4.022495,0.000000,7.798998
158,0,0.000000,17.007429,6.743056,0.002915,23.752373,0.000000,0.000000,23.956274,0.028392,12.334115,3.974089,0.000000,16.329815
159,0,0.000000,12.271355,7.781268,0.011002,16.436947,0.000000,0.000000,24.005498,0.032886,11.262394,3.983560,0.000000,15.272325
160,0,0.000000,8.601725,7.215906,0.002322,15.819070,0.000000,0.000000,16.012103,0.037080,3.584107,4.028051,0.000000,7.649238
161,0,0.000000,16.656347,7.049120,0.013596,23.715251,0.000000,0.000000,30.835823,0.040890,11.528287,7.957620,0.000000,15.564137
162,0,0.000000,13.495548,7.199018,0.014891,20.702464,0.000000,0.000000,20.834049,0.042468,7.443927,0.031812,0.000000,7.505762
163,0,0.000000,16.670942,6.887625,0.015420,23.573987,0.000000,0.000000,23.980914,0.035605,8.492180,6.870495,0.000000,12.519402
164,0,0.000000,8.671387,7.086861,0.005308,15.757118,0.000000,0.000000,16.000514,0.038269,6.483232,7.043032,0.000000,13.563627
165,0,0.000000,20.670820,12.965442,0.005883,29.872474,0.000000,0.000000,38.924468,0.040881,20.805151,10.946117,0.000000,28.363744
166,0,0.000000,18.385575,11.698252,0.009340,21.639368,0.000000,0.000000,33.115954,0.051692,18.981438,11.636337,0.000000,27.010127
167,0,0.000000,12.656109,10.161134,0.022497,22.796529,0.000000,0.000000,24.034536,0.052786,11.376114,10.205132,0.000000,13.679399
168,0,0.000000,20.737871,6.960140,0.016312,20.895860,0.000000,0.000000,27.889865,0.055130,12.580222,3.992400,0.000000,15.466945
169,0,0.000000,8.837179,6.946010,0.010344,15.766746,0.000000,0.000000,15.986912,0.062027,6.929322,6.926651,0.000000,13.908568
170,0,0.000000,16.299815,7.335066,0.011326,23.633329,0.000000,0.000000,23.976195,0.038728,14.480396,3.991999,0.000000,18.494934
171,0,0.000000,8.647067,7.098987,0.013629,15.739173,0.000000,0.000000,16.014300,0.047295,3.280638,4.033169,0.000000,7.360931
172,0,0.000000,16.255682,7.425579,0.007292,23.683420,0.000000,0.000000,23.940556,0.042716,11.560759,7.489662,0.000000,15.567584
173,0,0.000000,12.757798,12.153914,0.003518,20.442819,0.000000,0.000000,32.011757,0.042527,17.296993,12.136147,0.000000,26.652054
174,0,0.000000,8.844078,7.028900,0.015709,15.881156,0.000000,0.000000,16.032143,0.055215,6.674125,7.031253,0.000000,13.752122
175,0,0.000000,16.313114,7.403396,0.002141,23.638106,0.000000,0.000000,23.925370,0.046558,12.434813,7.384704,0.000000,16.461240
176,0,0.000000,8.637957,13.170458,0.017354,21.583895,0.000000,0.000000,23.982121,0.037524,6.128842,13.181753,0.000000,19.345640
177,0,0.000000,8.645255,6.822769,0.006685,15.469904,0.000000,0.000000,15.923865,0.056275,6.847717,6.780986,0.000000,13.682132
178,0,0.000000,16.334828,7.460574,0.013772,22.539893,0.000000,0.000000,23.981728,0.037062,14.959106,7.429364,0.000000,18.506592
179,0,0.000000,8.870706,6.882067,0.004101,15.755018,0.000000,0.000000,16.002293,0.047555,6.195784,6.868193,0.000000,13.111532
180,0,0.000000,16.484984,7.325221,0.004829,23.808508,0.000000,0.000000,23.956061,0.032515,13.795916,3.994660,0.000000,13.840836
181,0,0.000000,12.373782,7.563958,0.007543,16.209850,0.000000,0.000000,23.973768,0.048492,7.996043,7.532714,0.000000,15.566462
182,0,0.000000,8.697113,7.136113,0.009772,15.842998,0.000000,0.000000,16.049321,0.043416,6.725972,7.099028,0.000000,13.860201
183,0,0.000000,16.311631,7.509390,0.002290,23.822659,0.000000,0.000000,23.928297,0.047454,14.515814,7.488649,0.000000,18.524079
184,0,0.000000,12.382372,7.093440,0.012629,19.488441,0.000000,0.000000,20.037864,0.036345,10.116051,7.086378,0.000000,14.162250
185,0,0.000000,12.435301,8.488208,0.012678,16.766992,0.000000,0.000000,24.026815,0.041848,13.013247,8.481244,0.000000,18.087501
186,0,0.000000,16.219994,7.474277,0.019861,19.277772,0.000000,0.000000,23.940832,0.035520,14.413711,0.477940,0.000000,14.469515
187,0,0.000000,13.202593,7.471708,0.002492,20.676016,0.000000,0.000000,20.844562,3.216374,10.871946,0.035808,0.000000,11.142907
188,0,0.000000,12.500928,12.069441,0.006847,24.549554,0.000000,0.000000,31.987731,0.034911,11.416963,12.048883,0.000000,23.427281
189,0,0.000000,12.599570,7.864901,0.011396,16.587080,0.000000,0.000000,23.973223,0.028958,10.757498,0.572737,0.000000,10.907724
190,0,0.000000,12.404578,7.756476,0.013864,20.163612,0.000000,0.000000,28.029685,4.025172,14.287714,7.708992,0.000000,14.338668
191,0,0.000000,8.923012,6.861345,0.007765,15.791286,0.000000,0.000000,15.994734,0.040006,6.263159,6.837728,0.000000,13.140883
192,0,0.000000,16.657377,7.075168,0.009462,23.734398,0.000000,0.000000,23.970773,0.025738,14.043782,7.066402,0.000000,18.038390
193,0,0.000000,8.661981,7.064890,0.012228,15.732421,0.000000,0.000000,15.969690,0.042042,6.994829,7.055211,0.000000,14.087886
194,0,0.000000,16.601957,7.223577,0.012208,23.826909,0.000000,0.000000,23.961564,0.028154,14.771314,7.218138,0.000000,14.831557
195,0,0.000000,8.829563,6.961098,0.002752,15.793308,0.000000,0.000000,15.998675,0.042198,6.664648,6.922633,0.000000,13.628578
196,0,0.000000,16.862442,6.891158,0.011068,23.755409,0.000000,0.000000,23.975645,0.029052,15.081092,3.987728,0.000000,19.068501
197,0,0.000000,8.492148,7.339292,0.012465,15.843905,0.000000,0.000000,16.028788,0.042301,3.950852,4.011770,0.000000,8.003422
198,0,0.000000,16.457902,7.322177,0.011494,23.789043,0.000000,0.000000,23.977541,0.039205,11.504965,7.322455,0.000000,11.550808
199,0,0.000000,12.409060,7.198811,0.005998,19.609840,0.000000,0.000000,19.962754,0.030810,11.302149,3.987882,0.000000,11.348894
200,0,0.000000,12.445428,7.146407,0.008965,19.600800,0.000000,0.000000,20.001160,0.049914,10.672258,7.121981,0.000000,11.614665
201,0,0.000000,16.682606,7.089345,0.045493,16.728376,0.000000,0.000000,24.037232,0.034492,15.235643,7.110097,0.000000,15.290558
202,0,0.000000,8.694581,6.945850,0.007490,15.647921,0.000000,0.000000,15.989639,0.071155,6.709486,6.948643,0.000000,13.729284
203,0,0.000000,13.950675,5.823504,0.008209,18.584905,0.000000,0.000000,27.923307,0.039064,11.297989,13.780966,0.000000,14.816127
204,0,0.000000,8.366486,7.506420,0.012785,15.870372,0.000000,0.000000,16.032197,0.041650,5.796193,7.489606,0.000000,13.326048
205,0,0.000000,16.864582,6.835924,0.018649,23.694866,0.000000,0.000000,23.982376,0.058991,14.540206,6.843204,0.000000,14.997165
206,0,0.000000,8.648795,7.849797,0.010030,16.413782,0.000000,0.000000,23.965326,0.037656,10.403175,7.847141,0.000000,14.439197
207,0,0.000000,8.788695,6.943938,0.015537,15.718032,0.000000,0.000000,16.051310,0.048984,7.047129,6.923991,0.000000,14.012515
208,0,0.000000,16.519794,7.053387,0.004014,23.568243,0.000000,0.000000,26.517295,0.103999,15.102752,9.632893,0.000000,24.360414
209,0,0.000000,12.464843,7.880833,0.007143,20.344913,0.000000,0.000000,29.126199,5.182657,11.729522,7.849507,0.000000,23.379352
210,0,0.000000,8.653485,7.137942,0.002270,15.782828,0.000000,0.000000,15.996972,0.054150,7.162508,7.109436,0.000000,14.303929
211,0,0.000000,16.449926,7.180534,0.008662,19.578553,0.000000,0.000000,23.982586,0.045606,14.834805,7.164559,0.000000,14.896224
212,0,0.000000,10.946195,12.840611,0.016873,21.526745,0.000000,0.000000,24.103282,0.035532,9.034804,12.097527,0.000000,17.159857
213,0,0.000000,12.349931,10.972862,0.013876,12.892908,0.000000,0.000000,25.564445,0.058249,12.774003,10.962534,0.000000,17.274584
214,0,0.000000,14.805246,7.248166,0.010416,21.863488,0.000000,0.000000,22.303978,0.040077,13.246854,4.013683,0.000000,16.369359
215,0,0.000000,12.896312,7.839328,0.011986,20.722575,0.000000,0.000000,31.979107,0.030087,7.835578,11.757767,0.000000,15.847017
216,0,0.000000,8.859522,10.979133,0.002300,19.809118,0.000000,0.000000,19.980156,0.037018,7.392285,6.920881,0.000000,14.345062
217,0,0.000000,8.784057,11.066047,0.013157,19.383093,0.000000,0.000000,24.003312,0.094224,0.600401,7.969586,0.000000,8.664211
218,0,0.000000,8.732101,10.927926,0.013657,19.673684,0.000000,0.000000,20.017406,0.049884,3.392910,3.996580,0.000000,7.439066
219,0,0.000000,9.000130,10.754411,0.023588,19.368692,0.000000,0.000000,20.005452,0.058948,6.836878,6.765694,0.000000,13.658286
220,0,0.000000,16.689899,7.715696,0.010638,21.462797,0.000000,0.000000,29.120937,0.035483,11.329996,7.674136,0.000000,15.341010
221,0,0.000000,9.962776,9.810977,0.002859,16.077360,0.000000,0.000000,23.992650,0.039640,8.059946,9.915311,0.000000,18.008086
222,0,0.000000,8.668319,7.164142,0.013620,15.833028,0.000000,0.000000,16.079235,0.037932,6.235188,5.412555,0.000000,11.685648
223,0,0.000000,16.527706,7.161892,0.012919,23.670809,0.000000,0.000000,23.962850,0.035899,14.331950,4.047109,0.000000,18.414958
224,0,0.000000,8.566773,7.264918,0.002811,15.815379,0.000000,0.000000,15.937376,0.034845,2.371251,4.016809,0.000000,6.419122
225,0,0.000000,16.588408,7.003366,0.010736,23.591419,0.000000,0.000000,23.898391,0.033401,10.995040,4.003217,0.000000,15.028398
226,0,0.000000,12.952946,7.674757,0.007087,16.663940,0.000000,0.000000,23.984346,0.037086,7.694153,4.003790,0.000000,11.446302
227,0,0.000000,12.434524,7.554010,0.009043,19.981493,0.000000,0.000000,23.995396,0.042793,7.984129,4.002664,0.000000,11.206289
228,0,0.000000,8.664713,7.189032,0.010967,15.863063,0.000000,0.000000,16.024512,0.038720,0.298432,0.024835,0.000000,0.357269
229,0,0.000000,16.629228,11.941926,0.015168,28.585210,0.000000,0.000000,35.939455,0.052019,11.575619,7.909196,0.000000,11.974875
230,0,0.000000,8.861720,7.692679,0.029692,12.331896,0.000000,0.000000,24.044650,3.993216,14.196901,7.744512,0.000000,19.006831
231,0,0.000000,8.497847,7.179507,0.004749,15.676250,0.000000,0.000000,15.978411,0.070388,7.160617,7.187137,0.000000,14.400270
232,0,0.000000,16.958846,6.562653,0.020781,16.997794,0.000000,0.000000,24.558295,0.067805,14.786564,6.838166,0.000000,15.151223
233,0,0.000000,16.148065,7.065063,0.002665,23.215065,0.000000,0.000000,23.323230,0.037654,13.341922,7.033174,0.000000,17.344744
234,0,0.000000,8.679090,7.229817,0.005929,15.901005,0.000000,0.000000,16.041217,0.028912,6.981735,7.195750,0.000000,14.206397
235,0,0.000000,16.968899,6.788707,0.015198,23.765598,0.000000,0.000000,23.975046,0.033536,15.044519,6.724202,0.000000,21.801721
236,0,0.000000,8.784547,6.936093,0.005327,15.722443,0.000000,0.000000,16.012350,0.058947,6.878608,6.931275,0.000000,13.865664
237,0,0.000000,16.642845,13.712942,0.017968,30.220811,0.000000,0.000000,35.991486,0.050136,17.027289,13.699833,0.000000,23.296159
238,0,0.000000,8.650138,7.057211,0.007875,15.699915,0.000000,0.000000,16.001478,0.047124,7.363469,7.064298,0.000000,14.468056
239,0,0.000000,14.133766,7.744457,0.006144,21.872905,0.000000,0.000000,23.965529,0.052918,14.768363,7.754171,0.000000,14.848559
240,0,0.000000,9.047396,10.665351,0.018564,19.731311,0.000000,0.000000,23.963656,0.063072,7.841168,14.551717,0.000000,22.450492
241,0,0.000000,12.323175,13.458641,0.011201,15.389288,0.000000,0.000000,31.882011,0.050529,14.019153,13.789426,0.000000,23.299355
242,0,0.000000,8.650439,7.058607,0.007987,15.711165,0.000000,0.000000,15.982214,0.114789,6.777267,7.017832,0.000000,13.898126
243,0,0.000000,16.713850,7.020381,0.013885,23.746280,0.000000,0.000000,23.975812,0.033120,15.980954,7.028640,0.000000,18.993569
244,0,0.000000,9.050460,6.467315,0.011243,15.514511,0.000000,0.000000,15.996970,0.032605,8.069449,6.431641,0.000000,14.532133
245,0,0.000000,17.159149,6.553073,0.016937,23.729159,0.000000,0.000000,24.003692,0.047847,15.417394,2.500998,0.000000,17.964383
246,0,0.000000,12.594499,4.186481,0.017478,16.798458,0.000000,0.000000,23.939040,0.044462,14.483333,7.878787,0.000000,18.418806
247,0,0.000000,12.441497,7.774909,0.019552,16.249233,0.000000,0.000000,23.967335,0.042358,14.376416,0.025081,0.000000,14.443328
248,0,0.000000,11.886475,7.791259,0.014757,19.681903,0.000000,0.000000,25.912043,0.052234,7.462080,5.906480,0.000000,13.412779
249,0,0.000000,14.799061,7.013366,0.009671,21.818593,0.000000,0.000000,22.111857,0.045766,12.936375,7.013629,0.000000,16.996220
250,0,0.000000,14.365980,7.855431,0.003178,22.224589,0.000000,0.000000,23.940748,0.032763,12.257413,3.854708,0.000000,12.291516
251,0,0.000000,8.481446,7.398231,0.004251,15.882215,0.000000,0.000000,16.035161,0.054121,6.030297,7.397547,0.000000,13.481965
252,0,0.000000,16.822871,6.511215,0.008271,23.320334,0.000000,0.000000,31.292555,0.051040,14.852517,11.356457,0.000000,17.391305
253,0,0.000000,13.281928,7.194366,0.010481,20.379419,0.000000,0.000000,20.642265,0.062054,10.624226,3.187799,0.000000,10.703637
254,0,0.000000,12.431675,7.651909,0.010023,16.678936,0.000000,0.000000,27.956646,0.040942,13.983470,7.964513,0.000000,15.900013
255,0,0.000000,13.041049,7.447692,0.002610,20.176448,0.000000,0.000000,20.621466,0.057071,10.259027,7.276735,0.000000,10.348700
256,0,0.000000,16.390622,7.086319,0.008573,19.455106,0.000000,0.000000,23.852912,0.031213,15.042447,7.056106,0.000000,21.736485
257,0,0.000000,11.535111,6.892937,0.007059,11.575530,0.000000,0.000000,19.867315,0.038715,10.562231,6.869460,0.000000,11.103544
258,0,0.000000,8.446328,7.378494,0.007931,15.812042,0.000000,0.000000,16.015180,0.039887,6.392641,7.365630,0.000000,13.792409
259,0,0.000000,15.931947,7.876924,0.010223,23.819094,0.000000,0.000000,23.989630,0.039479,14.235982,7.869975,0.000000,17.032530
260,0,0.000000,8.658913,7.128122,0.013135,15.789379,0.000000,0.000000,16.012848,0.048741,7.501194,7.124053,0.000000,14.664744
261,0,0.000000,16.534238,7.147877,0.021811,20.412361,0.000000,0.000000,27.933481,0.031339,14.595679,7.967650,0.000000,18.510542
262,0,0.000000,12.732358,7.297722,0.021527,19.945983,0.000000,0.000000,20.366238,0.044674,10.940636,7.310318,0.000000,14.596721
263,0,0.000000,15.593198,7.741841,0.007827,16.599700,0.000000,0.000000,23.951417,0.047406,14.002729,7.708017,0.000000,18.002784
264,0,0.000000,8.652081,7.204943,0.002345,15.858684,0.000000,0.000000,16.005109,0.050709,7.283240,7.175044,0.000000,14.504138
265,0,0.000000,16.723528,10.208585,0.002811,24.523809,0.000000,0.000000,27.108471,0.040547,15.469665,10.183446,0.000000,20.677226
266,0,0.000000,17.411357,6.278948,0.006629,23.691822,0.000000,0.000000,24.869955,0.046134,14.760355,6.243292,0.000000,14.844620
267,0,0.000000,16.769106,7.775383,0.009491,20.577869,0.000000,0.000000,27.965149,0.043551,14.955867,3.984982,0.000000,15.028459
268,0,0.000000,8.879803,6.950665,0.003271,15.831823,0.000000,0.000000,15.997742,0.038827,0.689533,0.022736,0.000000,0.748366
269,0,0.000000,16.562935,7.279546,0.014634,23.834891,0.000000,0.000000,23.994814,0.024012,4.331803,4.005200,0.000000,8.356787
270,0,0.000000,9.029022,6.837794,0.009531,15.872172,0.000000,0.000000,16.026724,0.029391,0.772569,0.052913,0.000000,0.831085
271,0,0.000000,16.560647,7.203994,0.017811,23.782452,0.000000,0.000000,23.982247,0.040628,4.136268,4.020076,0.000000,8.189425
272,0,0.000000,8.945249,6.683858,0.011334,15.637738,0.000000,0.000000,15.997564,0.060323,0.743488,0.052603,0.000000,0.832517
273,0,0.000000,16.481849,6.912242,0.008183,23.394715,0.000000,0.000000,23.621790,0.036357,4.219864,0.029681,0.000000,4.268553
274,0,0.000000,8.787928,7.092658,0.005510,15.883246,0.000000,0.000000,16.012317,0.029728,0.541920,7.084766,0.000000,7.585670
275,0,0.000000,16.849300,6.954508,0.006798,23.810606,0.000000,0.000000,23.957962,0.044157,14.922872,0.022330,0.000000,14.982176
276,0,0.000000,8.783230,7.059567,0.009746,15.714544,0.000000,0.000000,16.037988,0.040772,0.522962,0.051335,0.000000,0.572722
277,0,0.000000,16.720186,6.993011,0.002142,23.714969,0.000000,0.000000,23.936829,0.031924,0.478894,0.013526,0.000000,0.515687
278,0,0.000000,9.039412,6.835608,0.002449,15.872271,0.000000,0.000000,16.018629,0.030176,0.792368,0.022247,0.000000,0.824778
279,0,0.000000,16.619849,7.155028,0.017539,23.774803,0.000000,0.000000,24.005711,0.025160,0.319940,4.009576,0.000000,4.350094
280,0,0.000000,8.625131,7.183425,0.006804,15.725467,0.000000,0.000000,15.993334,0.038251,0.453217,0.034782,0.000000,0.520205
281,0,0.000000,16.841630,7.104392,0.012319,23.803411,0.000000,0.000000,24.103963,0.033967,4.661813,6.940773,0.000000,11.208170
282,0,0.000000,12.391340,7.629347,0.014107,16.241615,0.000000,0.000000,23.866055,0.041192,13.710337,3.988653,0.000000,17.732864
283,0,0.000000,9.045947,6.371921,0.016465,15.151346,0.000000,0.000000,16.041483,0.036050,0.723476,6.155057,0.000000,6.711921
284,0,0.000000,16.448538,7.297573,0.003468,23.748542,0.000000,0.000000,23.921366,0.039502,6.385883,7.280648,0.000000,13.706033
285,0,0.000000,8.702816,7.213727,0.012209,15.848192,0.000000,0.000000,16.074981,0.032995,6.191756,7.133771,0.000000,13.357363
286,0,0.000000,16.869073,6.841919,0.011421,23.719083,0.000000,0.000000,23.916538,0.030296,15.356349,4.026198,0.000000,18.864168
287,0,0.000000,8.979548,6.811231,0.008033,15.793007,0.000000,0.000000,16.045561,0.034797,0.677946,0.084163,0.000000,0.791080
288,0,0.000000,16.726595,11.667005,0.021455,28.415055,0.000000,0.000000,37.302621,0.033556,11.856058,8.015706,0.000000,19.904996
289,0,0.000000,14.808892,6.883620,0.006241,21.694514,0.000000,0.000000,22.022479,0.046351,12.992187,6.823477,0.000000,17.079750
290,0,0.000000,13.322508,7.804486,0.012362,16.294556,0.000000,0.000000,23.922221,0.047793,10.233656,7.810998,0.000000,14.250844
291,0,0.000000,8.833657,6.989323,0.002303,15.820689,0.000000,0.000000,15.991422,0.037527,6.111574,6.973656,0.000000,13.122757
292,0,0.000000,16.578932,7.157665,0.014352,23.729079,0.000000,0.000000,23.980656,0.033255,14.504177,3.988830,0.000000,18.513696
293,0,0.000000,8.852034,6.993671,0.011377,15.846160,0.000000,0.000000,16.010092,0.033970,3.218670,0.052339,0.000000,3.304979
294,0,0.000000,16.431382,7.277043,0.016349,23.707059,0.000000,0.000000,23.982585,0.031189,8.220275,4.027038,0.000000,8.288023
295,0,0.000000,12.221769,7.874245,0.003392,20.042327,0.000000,0.000000,23.971108,0.034244,7.618953,4.008791,0.000000,11.637710
296,0,0.000000,8.729335,7.178913,0.003482,15.905334,0.000000,0.000000,16.029293,0.043806,3.077031,4.021224,0.000000,7.135153
297,0,0.000000,16.749934,12.176422,0.009289,28.699420,0.000000,0.000000,35.939721,0.043406,15.278576,12.135887,0.000000,16.955103
298,0,0.000000,8.689073,7.160594,0.005967,15.840942,0.000000,0.000000,16.010163,0.032043,6.428941,7.135328,0.000000,13.595944
299,0,0.000000,16.715369,7.051397,0.002452,23.769073,0.000000,0.000000,23.962612,0.032461,15.455486,7.031428,0.000000,15.497819
300,0,0.000000,8.785433,7.100123,0.006662,15.886441,0.000000,0.000000,16.044900,0.027833,7.005935,7.100907,0.000000,14.129741
301,0,0.000000,16.525656,7.198842,0.015605,23.726838,0.000000,0.000000,23.937653,0.036530,14.649958,3.225755,0.000000,14.688016
302,0,0.000000,8.597974,6.227778,0.002527,11.750816,0.000000,0.000000,24.031457,8.004538,16.331314,6.217415,0.000000,16.409797
303,0,0.000000,15.756882,7.991007,0.004682,23.750623,0.000000,0.000000,24.102911,0.032908,14.181482,7.976408,0.000000,15.089764
304,0,0.000000,8.319451,7.374957,0.003045,15.629965,0.000000,0.000000,15.873027,0.034298,6.289801,7.355753,0.000000,13.667056
305,0,0.000000,12.458101,11.244974,0.006320,23.591976,0.000000,0.000000,23.918943,0.027640,10.294472,7.999904,0.000000,18.316591
306,0,0.000000,8.847452,10.862985,0.003706,13.341490,0.000000,0.000000,26.109876,0.025312,9.682178,10.849369,0.000000,17.058295
307,0,0.000000,13.878711,7.726885,0.002609,13.957914,0.000000,0.000000,21.839454,0.089470,12.200381,7.703829,0.000000,12.276987
308,0,0.000000,8.475517,7.383922,0.005277,15.844274,0.000000,0.000000,16.033401,0.047059,6.571745,7.373924,0.000000,13.992728
309,0,0.000000,12.822163,6.888358,0.011851,19.295806,0.000000,0.000000,19.970604,0.044196,10.768842,6.778499,0.000000,14.534976
310,0,0.000000,12.543443,6.407388,0.005955,18.931996,0.000000,0.000000,24.216482,0.038295,10.804012,10.592741,0.000000,15.775405
311,0,0.000000,12.469082,8.060126,0.002284,18.795728,0.000000,0.000000,21.465785,0.062436,10.646813,6.298142,0.000000,10.864904
312,0,0.000000,12.691951,7.773680,0.009252,20.468249,0.000000,0.000000,22.249607,0.055861,10.109229,7.669484,0.000000,14.611566
313,0,0.000000,8.743794,8.046653,0.011933,15.279102,0.000000,0.000000,17.552775,0.045310,7.801924,8.055729,0.000000,9.345576
314,0,0.000000,15.152441,7.158958,0.011831,22.319804,0.000000,0.000000,22.470854,0.050039,11.247141,7.161703,0.000000,12.449934
315,0,0.000000,12.242475,7.799094,0.011908,16.350164,0.000000,0.000000,23.981735,0.035391,14.280410,7.799537,0.000000,18.339555
316,0,0.000000,8.623635,7.218011,0.009188,15.850834,0.000000,0.000000,16.014757,0.047070,6.858614,7.224782,0.000000,14.120610
317,0,0.000000,14.651221,5.110817,0.009179,18.179801,0.000000,0.000000,23.983161,0.030575,13.380482,8.017057,0.000000,14.995360
318,0,0.000000,8.964722,6.812654,0.018982,15.767216,0.000000,0.000000,16.029286,0.047167,7.027114,6.830344,0.000000,13.893595
319,0,0.000000,16.297505,12.555566,0.023258,28.479006,0.000000,0.000000,35.911242,0.052695,17.853557,12.165242,0.000000,25.516901
320,0,0.000000,16.906120,4.765216,0.003378,17.680865,0.000000,0.000000,28.025872,0.057603,10.761530,4.742308,0.000000,10.848864
321,0,0.000000,16.242309,6.638203,0.020365,22.900877,0.000000,0.000000,23.920134,0.031230,14.908288,4.050286,0.000000,18.960299
322,0,0.000000,9.192608,10.556684,0.006430,19.665079,0.000000,0.000000,20.003586,0.034513,0.941559,4.045703,0.000000,4.835334
323,0,0.000000,8.334354,6.754878,0.004197,15.093429,0.000000,0.000000,15.519199,0.915113,3.903788,4.018336,0.000000,8.822626
324,0,0.000000,16.783350,7.012440,0.021048,23.816838,0.000000,0.000000,23.978171,0.038518,11.327346,4.008304,0.000000,15.336661
325,0,0.000000,12.724139,6.415811,0.012673,15.158839,0.000000,0.000000,31.977924,0.038390,10.746159,12.015674,0.000000,22.768225
326,0,0.000000,12.372653,7.171999,0.018922,15.983895,0.000000,0.000000,28.004336,0.059665,14.689757,7.177198,0.000000,14.973355
327,0,0.000000,16.759474,6.910856,0.019475,23.657209,0.000000,0.000000,24.002997,0.064033,14.906792,4.034816,0.000000,18.951761
328,0,0.000000,9.121943,6.663301,0.014246,15.787091,0.000000,0.000000,16.009278,0.046753,2.919594,4.042065,0.000000,7.006734
329,0,0.000000,16.735178,6.947617,0.021613,23.688914,0.000000,0.000000,23.960382,0.043090,10.481381,4.032279,0.000000,14.524165
330,0,0.000000,16.975862,6.643446,0.019421,19.832687,0.000000,0.000000,23.960309,0.035431,11.651515,2.082517,0.000000,11.979530
331,0,0.000000,8.952374,7.854008,0.023135,15.760188,0.000000,0.000000,24.057404,7.994082,12.269443,3.999415,0.000000,17.355681
332,0,0.000000,8.859616,6.751095,0.019974,15.590662,0.000000,0.000000,16.051536,0.038568,7.406537,2.727092,0.000000,10.171154
333,0,0.000000,16.555599,6.854526,0.006970,23.415572,0.000000,0.000000,23.908121,0.053227,15.215908,6.825057,0.000000,19.221864
334,0,0.000000,8.677625,9.708598,0.027214,18.413437,0.000000,0.000000,21.432554,0.055950,6.865263,12.578917,0.000000,18.040597
335,0,0.000000,13.494257,12.020576,0.008698,25.518344,0.000000,0.000000,26.539133,0.063104,11.521174,11.897514,0.000000,19.561974
336,0,0.000000,12.898885,7.584360,0.007574,16.526301,0.000000,0.000000,23.969848,0.045520,14.397409,0.027114,0.000000,14.439487
337,0,0.000000,12.324544,7.282743,0.008968,19.609745,0.000000,0.000000,27.823826,7.788474,13.792125,7.245023,0.000000,21.638445
338,0,0.000000,9.143728,6.723777,0.014248,15.870720,0.000000,0.000000,16.023168,0.052939,6.913907,6.683781,0.000000,13.650174
339,0,0.000000,16.358910,7.198608,0.018859,23.560807,0.000000,0.000000,24.063671,0.035800,14.751156,4.066045,0.000000,18.776567
340,0,0.000000,8.668226,14.833875,0.029654,23.238350,0.000000,0.000000,23.986789,0.045330,0.504991,12.061039,0.000000,12.318072
341,0,0.000000,12.765875,5.718392,0.008111,18.122207,0.000000,0.000000,27.888428,0.059610,10.225280,7.961700,0.000000,16.375444
342,0,0.000000,12.460655,12.081598,0.025023,18.922086,0.000000,0.000000,32.032016,0.273035,13.916016,12.073796,0.000000,16.274408
343,0,0.000000,8.827356,6.977710,0.004522,15.809588,0.000000,0.000000,16.010565,0.042878,6.834938,6.959471,0.000000,13.828871
344,0,0.000000,16.440561,7.278402,0.018550,23.666190,0.000000,0.000000,23.999094,0.042641,14.497463,7.308482,0.000000,18.517950
345,0,0.000000,9.173359,6.531331,0.009462,15.702377,0.000000,0.000000,15.970898,0.043922,7.509160,6.514334,0.000000,14.065800
346,0,0.000000,17.135856,8.982358,0.018987,25.544370,0.000000,0.000000,33.348321,0.046808,18.706042,8.980396,0.000000,20.141881
347,0,0.000000,15.017184,7.389389,0.018799,22.319850,0.000000,0.000000,22.645404,0.047815,8.083646,4.027102,0.000000,12.149156
348,0,0.000000,12.847652,7.443290,0.013801,16.335817,0.000000,0.000000,23.963343,0.048754,13.377073,3.993880,0.000000,13.429841
349,0,0.000000,9.040659,6.691679,0.008673,15.741011,0.000000,0.000000,16.011132,0.054576,0.872900,0.049502,0.000000,0.949553
350,0,0.000000,16.764378,6.909402,0.018893,23.655783,0.000000,0.000000,23.978267,0.033644,4.340161,3.973764,0.000000,8.276099
351,0,0.000000,9.019863,6.735360,0.008068,15.762806,0.000000,0.000000,15.981032,0.060997,6.626432,6.679809,0.000000,13.358543
352,0,0.000000,16.818937,6.838148,0.014370,23.649925,0.000000,0.000000,23.986114,0.035550,14.729922,4.004306,0.000000,18.758016
353,0,0.000000,8.811815,6.872564,0.015463,15.661221,0.000000,0.000000,15.980164,0.036945,0.767667,0.056488,0.000000,0.856372
354,0,0.000000,16.861709,6.813492,0.002905,23.678106,0.000000,0.000000,23.917097,0.049868,4.561470,3.976747,0.000000,8.579541
355,0,0.000000,9.063180,10.653152,0.010957,19.570139,0.000000,0.000000,27.970926,0.034876,0.925625,8.019075,0.000000,8.932368
356,0,0.000000,8.690385,7.118261,0.008978,15.804876,0.000000,0.000000,16.062916,0.203678,3.810214,4.020680,0.000000,7.890642
357,0,0.000000,16.342681,7.331967,0.015206,23.669378,0.000000,0.000000,23.962555,0.042814,11.194264,3.986754,0.000000,15.215163
358,0,0.000000,8.788421,6.989806,0.009329,15.787308,0.000000,0.000000,16.006766,0.047322,2.943688,4.003630,0.000000,6.994640
359,0,0.000000,16.850608,7.036493,0.003395,23.360251,0.000000,0.000000,24.064999,0.030937,10.891839,7.020505,0.000000,15.019323
360,0,0.000000,12.322573,11.800640,0.017371,19.946755,0.000000,0.000000,27.880881,0.039768,10.855645,7.792198,0.000000,14.879394
361,0,0.000000,8.875579,7.031675,0.005049,15.893956,0.000000,0.000000,20.036011,4.017741,6.906233,7.018171,0.000000,13.973016
362,0,0.000000,16.719732,7.017955,0.006035,23.739078,0.000000,0.000000,23.922143,0.045550,8.316953,3.989679,0.000000,12.324574
363,0,0.000000,8.801429,7.037917,0.002916,15.842088,0.000000,0.000000,16.035995,0.038119,4.218773,4.027572,0.000000,8.283230
364,0,0.000000,16.748538,7.046946,0.022140,23.526650,0.000000,0.000000,23.987102,0.053686,12.033267,7.018335,0.000000,12.119003
365,0,0.000000,9.068543,6.511160,0.010494,15.590197,0.000000,0.000000,15.984255,0.040635,6.805292,6.504478,0.000000,13.348918
366,0,0.000000,16.878527,6.895817,0.004199,23.272218,0.000000,0.000000,23.956483,0.038371,14.732953,6.878078,0.000000,14.777730
367,0,0.000000,8.634975,7.105613,0.013688,15.737547,0.000000,0.000000,16.019454,0.035524,6.025824,0.044949,0.000000,6.106297
368,0,0.000000,17.148947,6.619023,0.006560,23.770705,0.000000,0.000000,23.965733,0.034710,8.255077,4.005445,0.000000,8.884466
369,0,0.000000,8.835270,6.957906,0.011121,15.771317,0.000000,0.000000,15.968728,0.035530,0.584165,0.020011,0.000000,0.631591
370,0,0.000000,17.071685,6.687940,0.020676,23.780301,0.000000,0.000000,23.957956,0.036509,4.802884,3.976678,0.000000,8.806994
371,0,0.000000,8.728448,11.006565,0.007222,19.479676,0.000000,0.000000,23.938316,0.036419,5.838237,10.972178,0.000000,16.844484
372,0,0.000000,8.139982,7.053759,0.009512,15.196780,0.000000,0.000000,15.422456,0.059806,6.098906,7.048654,0.000000,13.207366
373,0,0.000000,20.501669,7.215396,0.010493,27.727558,0.000000,0.000000,27.965848,0.035044,19.075313,7.204941,0.000000,23.085771
374,0,0.000000,8.714551,6.925511,0.003453,15.641925,0.000000,0.000000,15.919533,0.063487,5.946676,6.903642,0.000000,12.905480
375,0,0.000000,16.699130,7.086956,0.002262,23.731056,0.000000,0.000000,24.007047,0.046362,14.858030,7.003650,0.000000,21.894073
376,0,0.000000,10.750698,16.995864,0.008467,25.598086,0.000000,0.000000,27.974727,0.028389,8.491382,4.964449,0.000000,13.479153
377,0,0.000000,17.573086,8.540976,0.025486,17.611291,0.000000,0.000000,30.300828,3.987015,20.062765,8.526677,0.000000,22.387862
378,0,0.000000,14.349447,10.054264,0.009053,19.098437,0.000000,0.000000,27.039915,0.041623,10.732699,9.380338,0.000000,16.136007
379,0,0.000000,15.641561,6.634327,0.017130,22.263794,0.000000,0.000000,22.641917,0.039675,8.819216,5.936319,0.000000,14.646351
380,0,0.000000,16.911526,6.819000,0.009919,19.500676,0.000000,0.000000,23.977195,0.033549,15.367213,6.768689,0.000000,15.403576
381,0,0.000000,12.400721,14.193082,0.002850,15.573249,0.000000,0.000000,27.937758,0.055622,12.263643,2.220231,0.000000,12.319810
382,0,0.000000,8.960772,6.266721,0.009451,15.208954,0.000000,0.000000,16.049618,0.589642,1.082508,0.027694,0.000000,1.680198
383,0,0.000000,16.873035,6.916736,0.016839,23.806610,0.000000,0.000000,23.961519,0.065806,4.496576,3.996259,0.000000,8.546898
384,0,0.000000,8.954388,6.918084,0.011319,15.883791,0.000000,0.000000,16.045854,0.036523,0.586326,0.068922,0.000000,0.663642
385,0,0.000000,16.869539,7.579144,0.002770,24.228469,0.000000,0.000000,31.817651,0.046595,11.563214,7.532159,0.000000,15.209558
386,0,0.000000,9.083698,6.720302,0.008509,15.792258,0.000000,0.000000,16.007486,0.039755,7.113802,6.688032,0.000000,13.834303
387,0,0.000000,17.042016,6.671895,0.014484,23.711912,0.000000,0.000000,27.953774,0.042000,15.320075,8.109311,0.000000,15.360252
388,0,0.000000,8.710437,6.864788,0.005337,15.577092,0.000000,0.000000,19.521144,3.599655,9.369283,6.839508,0.000000,17.410936
389,0,0.000000,16.426341,7.219891,0.012351,23.643357,0.000000,0.000000,23.983527,0.033416,14.659032,7.190051,0.000000,18.648488
390,0,0.000000,8.903520,6.924446,0.009667,15.814842,0.000000,0.000000,16.000685,0.035908,7.131648,6.923956,0.000000,14.091512
391,0,0.000000,16.924049,6.612998,0.009005,23.538201,0.000000,0.000000,29.855457,0.041249,14.778432,10.578309,0.000000,19.422268
392,0,0.000000,16.439014,13.037406,0.012223,19.474728,0.000000,0.000000,30.077897,0.049053,13.952230,5.073991,0.000000,15.286260
393,0,0.000000,8.616929,7.171445,0.003237,15.771376,0.000000,0.000000,16.010182,0.037048,0.371882,4.017008,0.000000,4.253570
394,0,0.000000,17.217695,6.549962,0.013088,23.780745,0.000000,0.000000,23.993463,0.040628,8.475395,3.997453,0.000000,12.425438
395,0,0.000000,8.731340,7.059711,0.010542,15.771923,0.000000,0.000000,15.995754,0.034302,0.623324,0.032502,0.000000,0.681637
396,0,0.000000,17.163326,6.527184,0.012998,23.703508,0.000000,0.000000,24.060456,0.026808,4.939342,4.090913,0.000000,9.036107
397,0,0.000000,9.098955,6.725958,0.014341,15.839254,0.000000,0.000000,16.170335,0.041235,3.350074,4.232603,0.000000,7.619184
398,0,0.000000,16.588583,6.864290,0.011348,23.441910,0.000000,0.000000,23.738418,0.096841,12.126776,6.858675,0.000000,16.198848
399,0,0.000000,8.942793,13.976183,0.014020,15.520261,0.000000,0.000000,31.943816,0.036796,15.889094,14.090768,0.000000,17.605009
400,0,0.000000,11.701614,4.131253,0.007264,12.904021,0.000000,0.000000,20.502135,0.049262,10.182129,8.488817,0.000000,10.259193
401,0,0.000000,8.803913,6.991272,0.009443,15.777258,0.000000,0.000000,19.081219,3.298613,6.487323,6.983757,0.000000,13.510340
402,0,0.000000,16.849952,6.873689,0.002794,23.706137,0.000000,0.000000,23.978834,0.049855,14.359601,6.851941,0.000000,14.410149
403,0,0.000000,14.327471,7.711508,0.008350,16.514050,0.000000,0.000000,29.438097,0.058027,14.489181,12.506143,0.000000,18.102678
404,0,0.000000,15.195775,7.006572,0.014301,15.253465,0.000000,0.000000,22.470028,0.039407,13.585223,7.010695,0.000000,17.616838
405,0,0.000000,8.983572,6.773409,0.002498,15.758845,0.000000,0.000000,15.990886,0.036621,7.381873,6.756614,0.000000,14.171156
406,0,0.000000,14.876943,4.884728,0.008150,15.770684,0.000000,0.000000,19.979774,0.033208,13.403672,3.998237,0.000000,14.428777
407,0,0.000000,9.145378,10.450886,0.006860,19.134399,0.000000,0.000000,20.008944,3.394665,7.463799,6.435231,0.000000,13.900808
408,0,0.000000,10.517495,7.692758,0.014496,14.277659,0.000000,0.000000,22.137621,0.048127,9.473026,4.026964,0.000000,13.541592
409,0,0.000000,8.880736,6.714845,0.010513,15.563601,0.000000,0.000000,16.003090,0.036166,3.357735,4.031462,0.000000,7.418820
410,0,0.000000,17.093152,6.494559,0.007657,17.137100,0.000000,0.000000,23.966030,0.034670,11.671336,6.476524,0.000000,11.704529
411,0,0.000000,9.878231,5.686355,0.008019,12.483062,0.000000,0.000000,15.978475,0.037668,8.283338,5.675541,0.000000,13.983408
412,0,0.000000,8.562601,7.206828,0.002470,15.771068,0.000000,0.000000,15.955908,0.038385,6.978957,7.177873,0.000000,14.129148
413,0,0.000000,17.147353,10.490153,0.019215,27.656721,0.000000,0.000000,31.969411,0.035086,15.859101,8.031739,0.000000,23.205391
414,0,0.000000,9.042994,6.770391,0.009107,15.816208,0.000000,0.000000,16.049716,0.047066,7.154491,6.764699,0.000000,13.960751
415,0,0.000000,14.332098,7.628834,0.013231,21.964577,0.000000,0.000000,23.950481,0.037468,14.360976,7.593137,0.000000,14.410055
416,0,0.000000,14.682359,6.129920,0.003295,20.311703,0.000000,0.000000,23.073597,2.639884,13.599288,6.019509,0.000000,15.490521
417,0,0.000000,13.854464,6.817301,0.010536,20.677961,0.000000,0.000000,20.872731,0.048033,7.820624,6.799551,0.000000,14.668208
418,0,0.000000,16.742929,6.835948,0.022182,23.572423,0.000000,0.000000,24.013755,0.038892,14.697064,6.834289,0.000000,20.919067
419,0,0.000000,12.866341,5.480858,0.014068,18.341820,0.000000,0.000000,31.311891,0.045249,10.083448,12.223424,0.000000,20.598623
420,0,0.000000,13.555007,6.950230,0.012005,20.507299,0.000000,0.000000,20.668205,0.048410,11.393521,6.944968,0.000000,15.427081
421,0,0.000000,16.777506,6.903272,0.013547,23.677006,0.000000,0.000000,23.944002,0.048859,14.881207,4.020385,0.000000,18.950451
422,0,0.000000,8.951910,6.684882,0.010795,15.636246,0.000000,0.000000,15.996174,0.057031,0.776854,0.031097,0.000000,0.855014
423,0,0.000000,17.000120,6.669256,0.010106,23.671699,0.000000,0.000000,23.966379,0.038977,4.865838,3.997379,0.000000,8.882201
424,0,0.000000,8.675648,7.041760,0.008529,15.710996,0.000000,0.000000,16.034598,0.037785,0.636200,0.047303,0.000000,0.686448
425,0,0.000000,16.654054,7.105142,0.035514,23.776553,0.000000,0.000000,23.972859,0.049082,5.239748,4.018151,0.000000,8.412673
426,0,0.000000,9.082950,6.641198,0.006308,15.730456,0.000000,0.000000,15.973280,0.043178,0.879375,4.004610,0.000000,4.861705
427,0,0.000000,16.749017,6.945122,0.011182,23.650895,0.000000,0.000000,23.981954,0.045314,8.483057,6.934399,0.000000,12.473657
428,0,0.000000,8.747709,7.106118,0.002652,15.848086,0.000000,0.000000,15.985526,0.045011,7.284898,7.002130,0.000000,14.330256
429,0,0.000000,16.752554,7.099495,0.016037,23.868086,0.000000,0.000000,23.995894,0.036238,15.165548,4.016914,0.000000,15.211121
430,0,0.000000,8.841335,10.829727,0.015029,19.204299,0.000000,0.000000,19.985639,0.062943,0.776833,0.051330,0.000000,0.866450
431,0,0.000000,9.531203,6.941365,0.012127,12.500913,0.000000,0.000000,24.033273,2.934317,11.248362,3.996029,0.000000,11.292250
432,0,0.000000,8.960576,6.703906,0.004224,15.639681,0.000000,0.000000,16.016927,0.051230,7.388683,6.649852,0.000000,14.089020
433,0,0.000000,16.900923,6.810258,0.002847,23.713592,0.000000,0.000000,23.878026,0.064266,15.412563,6.700956,0.000000,22.161113
434,0,0.000000,8.814940,6.944390,0.005187,15.761068,0.000000,0.000000,16.030361,0.034443,7.230573,6.919915,0.000000,14.183961
435,0,0.000000,17.232875,6.729532,0.022834,23.764002,0.000000,0.000000,24.265195,0.045216,15.699589,4.288702,0.000000,16.020160
436,0,0.000000,16.366140,7.141963,0.018852,23.498806,0.000000,0.000000,23.738581,0.040402,14.666584,4.055863,0.000000,18.735372
437,0,0.000000,8.743985,7.041890,0.002924,15.782053,0.000000,0.000000,15.974540,0.051484,3.812301,4.020188,0.000000,7.881067
438,0,0.000000,16.942243,6.550319,0.009659,23.499561,0.000000,0.000000,23.941685,0.034462,11.222384,3.987219,0.000000,15.221387
439,0,0.000000,8.871010,6.830457,0.005611,15.702992,0.000000,0.000000,16.034348,0.035990,4.029633,4.005922,0.000000,8.069901
440,0,0.000000,16.624588,7.075681,0.010591,23.698940,0.000000,0.000000,23.971093,0.042524,11.875622,4.007173,0.000000,11.931509
441,0,0.000000,9.245916,6.452163,0.008971,15.695431,0.000000,0.000000,16.021470,0.030334,4.608069,4.045664,0.000000,8.678777
442,0,0.000000,16.486390,7.217517,0.014804,23.709060,0.000000,0.000000,23.962777,0.033928,11.863347,4.010874,0.000000,15.872695
443,0,0.000000,9.045650,6.746191,0.013807,15.779635,0.000000,0.000000,16.019640,0.033526,8.098035,6.662941,0.000000,14.792321
444,0,0.000000,16.653296,6.989688,0.005073,23.562600,0.000000,0.000000,27.936105,0.044885,15.203379,7.971619,0.000000,15.253856
445,0,0.000000,14.419509,7.215465,0.010329,21.624787,0.000000,0.000000,22.525809,0.628383,12.807347,3.982342,0.000000,13.439934
446,0,0.000000,16.386588,7.357901,0.025117,23.715678,0.000000,0.000000,27.975917,0.048866,8.101044,7.972323,0.000000,16.118724
447,0,0.000000,9.373499,6.472345,0.008095,15.835199,0.000000,0.000000,16.045676,0.050573,7.495270,6.340986,0.000000,13.886829
448,0,0.000000,16.918588,6.642877,0.014852,23.569442,0.000000,0.000000,23.977305,0.044812,15.020951,4.000686,0.000000,15.088456
449,0,0.000000,9.042612,6.751981,0.024792,15.771659,0.000000,0.000000,15.959451,0.034251,3.184614,0.068698,0.000000,3.285786
450,0,0.000000,16.771518,6.831134,0.004374,23.577957,0.000000,0.000000,23.945602,0.123460,8.436010,3.999341,0.000000,8.491829
451,0,0.000000,16.954406,5.538032,0.007827,22.467420,0.000000,0.000000,30.936283,0.043140,9.877393,12.435081,0.000000,22.311638
452,0,0.000000,13.557581,6.462352,0.038584,15.293489,0.000000,0.000000,31.146189,1.029503,9.875592,12.553737,0.000000,17.013083
453,0,0.000000,13.799220,5.156136,0.015830,14.276390,0.000000,0.000000,33.146631,1.245922,9.595871,9.110061,0.000000,16.484871
454,0,0.000000,8.843710,6.861282,0.003139,15.703948,0.000000,0.000000,16.037302,0.046556,6.114847,6.829215,0.000000,12.982340
455,0,0.000000,16.551934,6.964541,0.009044,16.585444,0.000000,0.000000,29.470209,0.052973,11.567213,9.500346,0.000000,20.899261
456,0,0.000000,8.987790,6.842040,0.008308,15.730951,0.000000,0.000000,20.037760,2.434876,8.732386,10.791701,0.000000,17.449267
457,0,0.000000,9.050567,4.493946,0.007489,10.361643,0.000000,0.000000,28.047205,8.018140,16.848459,4.465524,0.000000,20.903415
458,0,0.000000,12.254502,7.426985,0.004205,19.682914,0.000000,0.000000,19.946868,0.046196,10.170766,3.411899,0.000000,13.621932
459,0,0.000000,12.738288,7.007637,0.002507,19.747939,0.000000,0.000000,20.006807,0.031362,11.118552,2.962084,0.000000,11.148393
460,0,0.000000,12.223959,7.816015,0.007856,16.670425,0.000000,0.000000,23.973435,0.183466,12.854146,7.807180,0.000000,17.022952
461,0,0.000000,8.913746,6.929062,0.008654,15.848554,0.000000,0.000000,16.048014,0.057838,7.265884,6.962223,0.000000,14.255862
462,0,0.000000,17.082767,6.457410,0.011595,23.532608,0.000000,0.000000,26.691365,0.045077,15.747596,9.183547,0.000000,18.567170
463,0,0.000000,13.895649,5.632971,0.014474,15.508590,0.000000,0.000000,33.179180,0.055347,11.830480,13.392760,0.000000,21.071041
464,0,0.000000,8.750002,7.819668,0.010666,16.567856,0.000000,0.000000,24.016858,0.050320,10.517538,3.993951,0.000000,14.534870
465,0,0.000000,8.554919,4.225084,0.008242,11.408441,0.000000,0.000000,27.982411,3.228793,13.090791,11.953358,0.000000,16.345439
466,0,0.000000,8.798511,6.938732,0.002418,15.735904,0.000000,0.000000,19.988939,0.057976,6.919708,7.957593,0.000000,13.871403
467,0,0.000000,8.770659,7.028550,0.015646,15.804790,0.000000,0.000000,20.078819,4.044485,6.888659,10.933690,0.000000,17.884651
468,0,0.000000,14.203257,7.042916,0.009194,21.248857,0.000000,0.000000,23.758712,2.352810,10.869813,3.028024,0.000000,13.231169
469,0,0.000000,14.295538,9.311507,0.008613,15.627490,0.000000,0.000000,26.626746,5.493992,9.758301,6.599300,0.000000,15.324239
470,0,0.000000,11.904553,4.155853,0.301306,12.764164,0.000000,0.000000,27.976848,0.360095,9.773088,12.106217,0.000000,22.171805
471,0,0.000000,12.907950,4.669305,0.015616,17.592871,0.000000,0.000000,24.619789,0.084939,13.830172,4.626636,0.000000,15.690199
472,0,0.000000,12.419814,3.545639,0.025184,15.964732,0.000000,0.000000,23.101119,0.047072,13.668876,7.184672,0.000000,20.900620
473,0,0.000000,9.155415,6.912646,0.013078,16.053140,0.000000,0.000000,16.272194,0.068603,7.204231,6.839975,0.000000,14.088428
474,0,0.000000,16.558462,11.122060,0.004063,27.682246,0.000000,0.000000,29.130824,0.051039,14.308318,7.963795,0.000000,22.281956
475,0,0.000000,13.560958,7.310695,0.012694,20.875089,0.000000,0.000000,22.801927,0.055060,11.185046,7.272617,0.000000,18.388379
476,0,0.000000,9.232543,7.673158,0.005592,12.946287,0.000000,0.000000,28.012028,0.034603,14.275577,5.350138,0.000000,19.654213
477,0,0.000000,8.730403,5.129508,0.018495,13.676731,0.000000,0.000000,34.464992,0.043307,16.538245,15.566209,0.000000,29.646986
478,0,0.000000,14.388968,6.910990,0.012420,21.264275,0.000000,0.000000,25.488641,0.060669,10.594241,7.973288,0.000000,16.147356
479,0,0.000000,12.988720,4.758631,0.007137,13.759214,0.000000,0.000000,32.063318,0.047940,10.803203,12.756041,0.000000,19.209089
480,0,0.000000,8.598877,10.985645,0.009747,19.383960,0.000000,0.000000,19.914299,0.150421,3.060330,4.012590,0.000000,7.156371
481,0,0.000000,15.185549,7.293836,0.016239,22.431052,0.000000,0.000000,22.758334,0.062375,11.445924,4.015389,0.000000,11.675203
482,0,0.000000,12.357627,7.684575,0.073284,16.716052,0.000000,0.000000,23.983451,0.043522,7.809293,4.004331,0.000000,11.754539
483,0,0.000000,8.815569,6.960559,0.005952,15.778578,0.000000,0.000000,15.981429,0.036041,6.470084,6.915675,0.000000,13.417448
484,0,0.000000,16.405521,7.332065,0.011866,23.690345,0.000000,0.000000,23.996655,0.044370,13.543586,7.327320,0.000000,20.909671
485,0,0.000000,20.126405,14.417863,0.013129,20.181705,0.000000,0.000000,35.954256,0.059400,17.379003,14.380411,0.000000,27.536240
486,0,0.000000,8.796837,7.031703,0.003099,15.829932,0.000000,0.000000,16.002532,0.052467,6.495482,6.994167,0.000000,13.530762
487,0,0.000000,16.951138,6.780230,0.006567,22.340717,0.000000,0.000000,23.963066,0.052874,14.927144,6.754126,0.000000,18.971298
488,0,0.000000,8.883364,6.973228,0.011481,15.838220,0.000000,0.000000,16.053413,0.046723,6.427231,6.844940,0.000000,13.315182
489,0,0.000000,15.571871,7.722479,0.016625,16.912758,0.000000,0.000000,23.958178,0.051718,13.817692,7.698355,0.000000,13.886004
490,0,0.000000,9.194739,10.432232,0.016345,19.552345,0.000000,0.000000,19.966037,0.046515,6.647357,6.454077,0.000000,13.147402
491,0,0.000000,13.499109,6.773968,0.005573,20.275775,0.000000,0.000000,24.028613,3.557956,15.582692,6.742676,0.000000,15.853361
492,0,0.000000,12.989135,7.695390,0.013431,16.716591,0.000000,0.000000,31.928614,0.042139,13.826967,11.662186,0.000000,21.858409
493,0,0.000000,8.714093,9.385693,0.009273,17.853376,0.000000,0.000000,18.417095,0.063830,6.574485,9.376074,0.000000,15.995543
494,0,0.000000,12.656277,7.452638,0.006690,13.535376,0.000000,0.000000,21.544608,0.042158,9.524195,7.402585,0.000000,13.827548
495,0,0.000000,12.920939,7.717117,0.019077,20.653658,0.000000,0.000000,28.017240,0.039849,13.957817,3.995532,0.000000,14.398418
496,0,0.000000,9.092907,6.663305,0.013199,15.755341,0.000000,0.000000,16.036112,0.042918,0.896496,0.070759,0.000000,0.994527
497,0,0.000000,16.409920,7.150918,0.014292,23.547443,0.000000,0.000000,23.868729,0.039444,4.212947,4.032326,0.000000,8.273151
498,0,0.000000,9.009148,6.825150,0.006252,15.839608,0.000000,0.000000,15.977327,0.040294,0.659108,0.025075,0.000000,0.715946
499,0,0.000000,17.002876,6.704683,0.020952,23.689781,0.000000,0.000000,23.998817,0.043163,4.723366,3.965195,0.000000,8.723770
500,0,0.000000,13.000929,14.447606,0.026348,27.340981,0.000000,0.000000,36.012500,0.042882,12.787508,14.467745,0.000000,24.593738
501,0,0.000000,9.067665,10.523747,0.018867,19.413287,0.000000,0.000000,23.928166,0.069850,6.084535,10.539947,0.000000,16.684798
502,0,0.000000,15.403056,6.672448,0.007312,21.433490,0.000000,0.000000,22.379577,0.052561,8.773920,6.657321,0.000000,12.355743
503,0,0.000000,16.366437,7.288597,0.002951,16.400125,0.000000,0.000000,23.949074,0.036748,14.383467,7.267511,0.000000,15.829382
504,0,0.000000,8.840115,7.061295,0.003025,15.903472,0.000000,0.000000,16.046532,0.045077,6.205204,7.042867,0.000000,13.292977
505,0,0.000000,16.709399,5.052469,0.014914,21.764699,0.000000,0.000000,23.969660,0.049444,14.130178,4.986944,0.000000,14.184046
506,0,0.000000,16.557090,7.142822,0.007140,23.699638,0.000000,0.000000,23.944922,0.056772,11.706144,3.152946,0.000000,11.767494
507,0,0.000000,8.580817,7.116435,0.016867,15.646871,0.000000,0.000000,20.023569,4.011423,9.688529,3.045671,0.000000,9.923618
508,0,0.000000,16.654102,7.056892,0.003337,23.713556,0.000000,0.000000,23.884568,0.072740,14.873625,3.074461,0.000000,14.951510
509,0,0.000000,8.511612,9.211404,0.010989,17.652916,0.000000,0.000000,31.342021,0.045908,19.669910,5.889768,0.000000,20.038080
510,0,0.000000,13.569695,6.972549,0.004726,20.545417,0.000000,0.000000,20.722029,0.045557,7.440756,4.070912,0.000000,11.534425
511,0,0.000000,16.588987,7.100405,0.013437,23.681361,0.000000,0.000000,23.933834,0.051313,11.712419,4.016649,0.000000,15.743356
512,0,0.000000,9.552570,6.001816,0.007438,15.548325,0.000000,0.000000,16.021027,0.039722,3.384985,4.011247,0.000000,7.426611
513,0,0.000000,16.860422,6.854741,0.003955,23.719118,0.000000,0.000000,23.881992,0.033273,10.240292,3.998194,0.000000,14.247188
514,0,0.000000,8.871960,6.951454,0.010273,15.807264,0.000000,0.000000,16.052333,0.038973,2.221250,0.077975,0.000000,2.329546
515,0,0.000000,16.901585,6.925339,0.016526,23.843450,0.000000,0.000000,39.910035,0.045921,12.524503,12.752718,0.000000,17.267893
516,0,0.000000,8.836668,7.028418,0.012196,15.837718,0.000000,0.000000,16.066592,0.061542,6.680736,6.990524,0.000000,13.722538
517,0,0.000000,16.926406,6.644411,0.008697,23.572743,0.000000,0.000000,23.918762,0.050555,15.013924,6.613906,0.000000,19.027402
518,0,0.000000,8.944461,6.527834,0.008501,15.462643,0.000000,0.000000,16.043982,0.046690,7.003255,6.480687,0.000000,13.521662
519,0,0.000000,16.607057,7.001389,0.004631,23.613077,0.000000,0.000000,23.942266,0.048018,14.500954,6.983400,0.000000,18.500962
520,0,0.000000,8.923974,6.919533,0.009317,15.846476,0.000000,0.000000,16.027535,0.055619,6.733784,6.909387,0.000000,13.688311
521,0,0.000000,16.440363,7.096824,0.007964,23.538684,0.000000,0.000000,23.940348,0.041747,14.887966,3.982797,0.000000,18.898451
522,0,0.000000,16.884825,6.915225,0.017181,23.802478,0.000000,0.000000,24.050546,0.046408,8.665545,4.018903,0.000000,12.189898
523,0,0.000000,16.570762,6.996265,0.009601,23.553887,0.000000,0.000000,23.966921,0.038408,12.040522,6.152528,0.000000,16.094609
524,0,0.000000,18.236481,13.509523,0.004002,31.748894,0.000000,0.000000,31.990331,0.041134,12.542314,13.447377,0.000000,21.418928
525,0,0.000000,8.962471,6.870215,0.008156,15.840842,0.000000,0.000000,16.018824,0.050527,3.044846,4.016482,0.000000,7.109507
526,0,0.000000,16.787595,7.017317,0.014358,23.807956,0.000000,0.000000,23.966592,0.038380,11.352403,4.001543,0.000000,15.389803
527,0,0.000000,8.900557,6.735388,0.011272,15.631210,0.000000,0.000000,16.009254,0.050671,3.725870,0.066311,0.000000,3.838480
528,0,0.000000,17.119140,6.540904,0.007406,23.663100,0.000000,0.000000,23.942966,0.035993,10.951747,6.524023,0.000000,14.959550
529,0,0.000000,8.393145,6.885440,0.002515,15.279385,0.000000,0.000000,15.530729,0.047021,6.220676,6.869292,0.000000,13.132778
530,0,0.000000,16.451518,7.349558,0.013621,23.765302,0.000000,0.000000,23.960972,0.033110,14.400715,7.320886,0.000000,18.395912
531,0,0.000000,8.882134,7.004410,0.010715,15.897259,0.000000,0.000000,16.046038,0.046889,6.612612,6.976301,0.000000,13.634964
532,0,0.000000,16.819507,6.895797,0.005517,23.718590,0.000000,0.000000,23.944352,0.048109,14.227233,6.860772,0.000000,18.251179
533,0,0.000000,16.884495,6.878734,0.006522,23.760674,0.000000,0.000000,24.010253,0.042143,13.706132,3.994642,0.000000,17.729790
534,0,0.000000,9.064978,6.703286,0.015125,15.757240,0.000000,0.000000,16.027578,0.058079,0.843115,0.045300,0.000000,0.926984
535,0,0.000000,16.829549,7.780637,0.004395,24.613902,0.000000,0.000000,32.966533,0.069199,11.501356,7.758272,0.000000,19.301800
536,0,0.000000,15.533047,10.852275,0.017011,22.393152,0.000000,0.000000,34.959666,6.917829,18.362430,10.816930,0.000000,23.211517
537,0,0.000000,16.447014,13.619119,0.018001,22.215346,0.000000,0.000000,36.062837,0.060734,17.710523,13.634300,0.000000,29.787731
538,0,0.000000,16.610137,6.978211,0.015668,23.584925,0.000000,0.000000,23.943656,0.059002,11.138436,3.993138,0.000000,15.175562
539,0,0.000000,8.796404,14.833098,0.013654,23.507120,0.000000,0.000000,23.967763,0.048390,3.653666,4.022335,0.000000,7.724391
540,0,0.000000,8.957495,6.796732,0.004324,15.753198,0.000000,0.000000,16.012165,0.044895,6.681261,6.789178,0.000000,13.513557
541,0,0.000000,17.012160,11.155796,0.023626,22.976152,0.000000,0.000000,31.995041,0.041818,14.187688,11.175499,0.000000,15.952630
542,0,0.000000,18.114654,7.445402,0.007631,25.565336,0.000000,0.000000,31.948815,3.228385,17.860446,7.429507,0.000000,21.884006
543,0,0.000000,12.693552,10.214353,0.018379,19.575235,0.000000,0.000000,33.618115,0.055946,12.485690,10.214110,0.000000,17.840262
544,0,0.000000,13.896591,7.616666,0.019250,21.257203,0.000000,0.000000,32.011744,3.103430,11.247921,7.598611,0.000000,16.805722
545,0,0.000000,8.866451,6.648851,0.016163,15.531465,0.000000,0.000000,15.940503,0.060330,6.402106,6.611754,0.000000,13.072065
546,0,0.000000,24.431143,7.087037,0.008428,31.472663,0.000000,0.000000,39.924424,0.057549,22.581577,15.006711,0.000000,22.657100
547,0,0.000000,16.853910,7.718015,0.013142,24.561131,0.000000,0.000000,31.986858,0.045042,15.622090,7.721041,0.000000,19.410516
548,0,0.000000,16.888780,14.871134,0.013956,31.328059,0.000000,0.000000,32.005249,0.039247,14.713108,11.998467,0.000000,22.854060
549,0,0.000000,8.971325,6.857413,0.008112,15.812288,0.000000,0.000000,16.016638,0.053277,0.714457,0.051681,0.000000,0.816700
550,0,0.000000,16.778747,6.932662,0.018195,23.711140,0.000000,0.000000,23.969675,0.043218,4.159083,4.016374,0.000000,8.210045
551,0,0.000000,8.970980,6.822842,0.013289,15.779763,0.000000,0.000000,15.995718,0.063209,0.829207,0.025713,0.000000,0.910135
552,0,0.000000,20.459896,9.310678,0.020565,26.456482,0.000000,0.000000,38.736214,0.042205,13.421191,12.637807,0.000000,22.142187
553,0,0.000000,8.914072,6.937518,0.008908,15.840484,0.000000,0.000000,16.065808,0.053764,6.139943,6.917727,0.000000,13.109100
554,0,0.000000,16.608811,7.018860,0.015513,23.640720,0.000000,0.000000,23.975720,0.040039,11.713427,4.039879,0.000000,12.071807
555,0,0.000000,17.300320,6.361165,0.008326,23.630477,0.000000,0.000000,23.987059,0.038689,9.189774,4.006634,0.000000,13.226659
556,0,0.000000,16.887319,6.853824,0.015668,23.755724,0.000000,0.000000,25.703517,0.045410,11.725536,6.860953,0.000000,17.494556
557,0,0.000000,11.002763,6.635842,0.015741,17.643237,0.000000,0.000000,36.097275,6.239178,19.871035,14.663532,0.000000,19.919385
558,0,0.000000,8.991696,4.166208,0.010710,13.133248,0.000000,0.000000,15.938868,0.062024,8.913238,4.106272,0.000000,13.077720
559,0,0.000000,16.896536,6.772427,0.007551,22.612706,0.000000,0.000000,23.936204,0.036086,14.650024,6.776621,0.000000,14.709240
560,0,0.000000,9.092100,6.384714,0.011291,15.479138,0.000000,0.000000,17.836085,4.009830,9.110714,2.412913,0.000000,13.702352
561,0,0.000000,16.217640,6.963619,0.008401,23.186832,0.000000,0.000000,23.448054,0.044710,8.451435,2.947299,0.000000,9.732561
562,0,0.000000,8.631167,10.996561,0.017888,19.645616,0.000000,0.000000,23.833339,0.046310,6.018995,11.022865,0.000000,17.082038
563,0,0.000000,8.865565,6.917887,0.015386,15.793272,0.000000,0.000000,16.074734,0.053905,0.680810,0.063876,0.000000,0.788612
564,0,0.000000,16.635998,7.048105,0.014618,23.698721,0.000000,0.000000,23.932817,0.048887,4.392094,4.009568,0.000000,8.429635
565,0,0.000000,8.905010,11.990759,0.010995,20.823408,0.000000,0.000000,21.163332,0.040869,3.601745,4.027747,0.000000,7.669958
566,0,0.000000,9.176036,6.498560,0.008751,15.595766,0.000000,0.000000,18.838040,2.821196,4.887725,6.488702,0.000000,10.508843
567,0,0.000000,16.721865,6.910879,0.017198,23.649942,0.000000,0.000000,31.930440,0.044527,14.570669,7.975707,0.000000,21.618440
568,0,0.000000,9.040374,6.524587,0.007327,15.557383,0.000000,0.000000,16.050163,0.057875,6.786507,6.514092,0.000000,13.352429
569,0,0.000000,16.870284,6.813530,0.013091,23.538409,0.000000,0.000000,24.099404,0.045300,14.732718,6.824336,0.000000,21.597169
570,0,0.000000,8.807431,7.602162,0.011155,16.138454,0.000000,0.000000,23.831869,0.079904,9.536885,7.530257,0.000000,13.829201
571,0,0.000000,8.860664,6.924794,0.014839,15.768830,0.000000,0.000000,16.015318,0.037909,6.468983,6.902957,0.000000,13.404076
572,0,0.000000,16.956857,6.775556,0.004875,23.737288,0.000000,0.000000,27.937817,0.036494,13.540596,7.981890,0.000000,20.309259
573,0,0.000000,15.686389,10.911343,0.002699,22.621760,0.000000,0.000000,26.776600,6.776820,9.912211,6.910024,0.000000,16.804406
574,0,0.000000,8.540503,7.655062,0.010661,16.198103,0.000000,0.000000,23.949333,1.211913,10.309393,3.660637,0.000000,11.525854
575,0,0.000000,9.052044,6.657227,0.010607,15.711673,0.000000,0.000000,16.056863,0.065866,6.700765,6.621053,0.000000,13.387684
576,0,0.000000,16.851056,6.857431,0.005351,23.711859,0.000000,0.000000,23.936511,0.045863,13.892577,2.852075,0.000000,13.948312
577,0,0.000000,16.409579,7.164467,0.009398,23.576102,0.000000,0.000000,23.867074,0.057431,13.716539,3.169329,0.000000,13.787718
578,0,0.000000,9.257179,6.567569,0.009725,15.828322,0.000000,0.000000,16.051998,0.036245,6.267167,6.553250,0.000000,12.856662
579,0,0.000000,16.834764,6.691779,0.013974,16.876614,0.000000,0.000000,31.943987,0.043561,14.862403,14.623577,0.000000,18.525395
580,0,0.000000,12.535534,14.655822,0.021724,23.709677,0.000000,0.000000,35.988953,0.049191,14.576080,10.619822,0.000000,14.635312
581,0,0.000000,9.045845,6.775931,0.008596,15.791656,0.000000,0.000000,16.022701,0.067739,6.615946,6.732093,0.000000,13.415778
582,0,0.000000,17.009745,6.661489,0.014417,23.676323,0.000000,0.000000,23.964328,0.031958,14.818037,2.645255,0.000000,17.491962
583,0,0.000000,8.830648,6.964580,0.010561,15.802992,0.000000,0.000000,16.011661,0.054249,6.320851,6.934157,0.000000,13.309257
584,0,0.000000,17.027928,6.712838,0.002856,23.741464,0.000000,0.000000,23.929792,0.054272,14.561013,2.728152,0.000000,17.343437
585,0,0.000000,12.420119,7.686288,0.021346,20.108734,0.000000,0.000000,24.035205,0.050464,13.589793,7.656009,0.000000,21.285877
586,0,0.000000,12.390042,7.756573,0.011055,16.536075,0.000000,0.000000,23.971531,0.060856,7.731643,4.003270,0.000000,11.779564
587,0,0.000000,9.082639,6.508168,0.005754,15.585889,0.000000,0.000000,16.008735,0.049581,0.943341,0.047251,0.000000,0.998944
588,0,0.000000,21.155741,14.000716,0.015354,35.171811,0.000000,0.000000,39.990649,0.037420,11.025187,14.122162,0.000000,23.076362
589,0,0.000000,8.788360,15.032722,0.014081,23.442998,0.000000,0.000000,23.968385,0.042577,6.534740,15.031518,0.000000,21.608835
590,0,0.000000,8.860352,6.880527,0.002509,15.743388,0.000000,0.000000,16.001052,0.064972,6.563894,6.824875,0.000000,13.445480
591,0,0.000000,16.581487,7.179999,0.003489,23.757013,0.000000,0.000000,23.951384,0.045868,14.188441,3.999148,0.000000,15.195256
592,0,0.000000,8.950147,6.856053,0.015999,15.806284,0.000000,0.000000,16.070326,0.039626,4.264538,4.072937,0.000000,8.374051
593,0,0.000000,15.879151,13.370997,0.011555,21.262145,0.000000,0.000000,31.261533,0.043682,12.822284,13.364399,0.000000,21.713680
594,0,0.000000,9.100929,14.475091,0.021417,22.885800,0.000000,0.000000,35.993480,0.055342,15.536982,6.455304,0.000000,15.628306
595,0,0.000000,12.981228,7.886224,0.016479,16.892473,0.000000,0.000000,23.995197,0.062500,10.503546,7.807141,0.000000,15.554980
596,0,0.000000,9.250130,6.479430,0.002676,15.731429,0.000000,0.000000,15.999358,0.031163,7.675580,6.452496,0.000000,14.157861
597,0,0.000000,17.126808,14.366079,0.013681,23.356188,0.000000,0.000000,31.974694,0.049601,15.842440,14.477911,0.000000,23.585980
598,0,0.000000,8.976541,6.778238,0.005862,15.747822,0.000000,0.000000,16.011688,0.040011,6.881762,6.740998,0.000000,13.662061
599,0,0.000000,16.755242,6.954487,0.016119,23.707140,0.000000,0.000000,29.419785,0.035545,14.707516,10.894843,0.000000,18.107802
600,0,0.000000,15.559466,6.594341,0.013845,22.155748,0.000000,0.000000,22.522043,0.058563,13.859621,6.578896,0.000000,13.956972
601,0,0.000000,17.105856,6.441814,0.018581,23.522983,0.000000,0.000000,24.018316,0.049414,16.064997,6.426701,0.000000,22.537405
602,0,0.000000,17.066912,13.875540,0.014128,30.956580,0.000000,0.000000,35.922192,0.073863,18.246992,7.997071,0.000000,26.309165
603,0,0.000000,8.795804,6.924164,0.003021,15.722711,0.000000,0.000000,16.017420,0.068602,6.811738,6.902146,0.000000,13.781331
604,0,0.000000,16.993438,6.708650,0.014794,23.716882,0.000000,0.000000,24.045719,0.038202,8.325239,4.040814,0.000000,8.440835
605,0,0.000000,12.715046,15.722369,0.013907,24.245132,0.000000,0.000000,33.143214,0.042612,11.198077,13.199718,0.000000,18.278733
606,0,0.000000,15.786598,6.746646,0.014690,22.535965,0.000000,0.000000,22.804559,0.039691,12.434469,4.007562,0.000000,16.477933
607,0,0.000000,17.027354,14.052944,0.012728,29.815228,0.000000,0.000000,37.173599,0.042772,14.364422,9.205367,0.000000,22.964789
608,0,0.000000,16.002213,6.448279,0.019237,22.469729,0.000000,0.000000,22.812307,0.048818,11.981137,4.020056,0.000000,16.042119
609,0,0.000000,8.595186,7.130288,0.007336,15.722426,0.000000,0.000000,19.836478,0.057128,4.056294,7.952179,0.000000,11.059068
610,0,0.000000,8.574752,5.822592,0.012181,14.399567,0.000000,0.000000,28.025004,8.034830,12.660399,13.761420,0.000000,21.923641
611,0,0.000000,8.810240,6.944843,0.007165,15.757035,0.000000,0.000000,16.020906,0.045047,6.508805,6.935423,0.000000,13.489275
612,0,0.000000,16.764998,6.859198,0.007472,23.631668,0.000000,0.000000,23.981852,0.045282,14.738837,4.035484,0.000000,18.818364
613,0,0.000000,8.588588,9.015265,0.004591,17.606632,0.000000,0.000000,17.818109,0.063174,2.930357,5.843887,0.000000,8.821962
614,0,0.000000,15.274003,7.778758,0.010909,23.049938,0.000000,0.000000,30.135269,0.039583,13.899843,7.754502,0.000000,17.898523
615,0,0.000000,8.917383,6.841480,0.002342,15.734995,0.000000,0.000000,15.988608,0.059071,6.464600,6.787801,0.000000,13.310128
616,0,0.000000,16.749085,7.755725,0.013127,24.098736,0.000000,0.000000,33.428860,0.057805,21.517130,7.730515,0.000000,21.592267
617,0,0.000000,13.189052,7.704425,0.016245,20.893665,0.000000,0.000000,22.563658,0.061330,11.778128,7.718739,0.000000,19.520741
618,0,0.000000,8.626075,7.102169,0.008023,15.734310,0.000000,0.000000,23.949802,0.047247,6.399708,11.976685,0.000000,18.421192
619,0,0.000000,8.299413,6.671939,0.010183,14.968588,0.000000,0.000000,15.341559,0.050821,5.874205,6.656043,0.000000,12.581069
620,0,0.000000,16.921176,11.724623,0.017385,23.514706,0.000000,0.000000,29.182779,0.040483,14.002686,6.576579,0.000000,14.204801
621,0,0.000000,9.053207,6.533346,0.007191,15.588677,0.000000,0.000000,16.044867,0.048744,7.321607,6.526711,0.000000,13.887357
622,0,0.000000,16.859953,6.707907,0.015529,23.583389,0.000000,0.000000,23.963360,0.045408,14.460239,6.707546,0.000000,18.489782
623,0,0.000000,8.663275,11.755885,0.008193,20.421588,0.000000,0.000000,23.951264,0.046812,3.486866,7.994212,0.000000,8.514264
624,0,0.000000,10.781589,12.405200,0.006532,14.788081,0.000000,0.000000,26.986504,2.059658,10.053434,1.442294,0.000000,12.127854
625,0,0.000000,8.837690,6.882875,0.012428,15.731590,0.000000,0.000000,15.965136,0.082929,0.617471,0.062043,0.000000,0.719057
626,0,0.000000,17.172755,6.489899,0.020672,23.683326,0.000000,0.000000,23.947191,0.040335,4.971819,0.728316,0.000000,5.723330
627,0,0.000000,9.972353,7.003304,0.005373,16.978181,0.000000,0.000000,17.179039,1.207497,7.294178,3.003658,0.000000,10.390013
628,0,0.000000,16.565081,13.307767,0.010264,29.877201,0.000000,0.000000,35.976184,0.035357,19.543223,13.285554,0.000000,23.623353
629,0,0.000000,15.703067,6.944256,0.005743,22.594123,0.000000,0.000000,22.868543,0.061694,13.442324,6.954185,0.000000,13.590117
630,0,0.000000,12.528912,7.659479,0.003470,16.442561,0.000000,0.000000,23.933412,0.065245,13.365089,3.975249,0.000000,14.801482
631,0,0.000000,15.352110,7.739316,0.018046,19.109225,0.000000,0.000000,24.027104,2.774234,13.716953,0.038192,0.000000,13.893351
632,0,0.000000,8.933651,6.819950,0.002498,15.744501,0.000000,0.000000,16.021831,0.054614,4.012624,4.058381,0.000000,8.124395
633,0,0.000000,16.519439,11.169838,0.004813,23.697553,0.000000,0.000000,31.910617,0.048609,11.787884,8.015711,0.000000,12.465503
634,0,0.000000,8.668134,6.834753,0.010486,15.502978,0.000000,0.000000,15.749438,0.062311,6.916974,6.810824,0.000000,13.779821
635,0,0.000000,16.812342,6.747068,0.039796,23.597976,0.000000,0.000000,24.022137,0.043557,15.151881,4.072212,0.000000,15.244066
636,0,0.000000,16.422135,11.280115,0.011644,27.699323,0.000000,0.000000,27.910700,0.056640,11.295642,7.987204,0.000000,19.333141
637,0,0.000000,9.089773,6.953374,0.009274,16.048163,0.000000,0.000000,28.004180,0.032674,18.774635,6.912622,0.000000,18.817146
638,0,0.000000,12.492132,13.337572,0.010744,21.835042,0.000000,0.000000,38.193172,0.059322,14.001460,15.466848,0.000000,23.182703
639,0,0.000000,14.813102,6.828166,0.005608,21.621595,0.000000,0.000000,21.803443,0.059704,12.306890,4.003099,0.000000,16.368805
640,0,0.000000,16.839264,6.814693,0.008747,23.656298,0.000000,0.000000,23.958131,0.053634,14.971335,6.685727,0.000000,15.425446
641,0,0.000000,8.977726,6.645748,0.009329,15.604594,0.000000,0.000000,23.907034,0.049189,6.678132,10.575561,0.000000,17.290852
642,0,0.000000,9.005389,6.618495,0.009719,15.628539,0.000000,0.000000,16.010101,0.056257,6.270413,6.606692,0.000000,12.926631
643,0,0.000000,14.508416,7.812496,0.016727,19.948882,0.000000,0.000000,23.964803,0.044209,13.221692,7.827256,0.000000,14.500704
644,0,0.000000,16.311889,7.434535,0.017806,23.737308,0.000000,0.000000,23.973572,0.050965,13.585851,3.970845,0.000000,14.478420
645,0,0.000000,16.434475,7.294718,0.007608,23.731448,0.000000,0.000000,23.975870,0.033170,10.662037,3.978005,0.000000,14.670406
646,0,0.000000,16.453407,7.224289,0.026144,23.683169,0.000000,0.000000,23.988738,0.045934,8.141802,3.966390,0.000000,11.758679
647,0,0.000000,18.479831,5.385783,0.005956,21.802695,0.000000,0.000000,31.983760,0.042265,10.325017,13.333870,0.000000,23.383406
648,0,0.000000,8.831703,6.961421,0.011314,15.712010,0.000000,0.000000,16.378948,0.037878,6.611307,7.287307,0.000000,13.930526
649,0,0.000000,16.487847,6.852006,0.007734,22.814254,0.000000,0.000000,30.248060,0.063743,13.561103,10.657232,0.000000,13.597794
650,0,0.000000,12.546647,7.781286,0.007281,16.586910,0.000000,0.000000,25.331125,1.395409,11.162565,7.754504,0.000000,16.551520
651,0,0.000000,8.668134,7.078728,0.008057,15.538013,0.000000,0.000000,16.008369,0.051286,6.066804,7.040030,0.000000,13.145568
652,0,0.000000,16.425135,7.324825,0.012904,23.751604,0.000000,0.000000,23.985254,0.028468,14.320187,7.317410,0.000000,21.660952
653,0,0.000000,8.708301,7.098253,0.011538,15.803346,0.000000,0.000000,16.016908,0.050833,6.595256,7.064525,0.000000,13.701911
654,0,0.000000,16.815989,6.844105,0.002562,23.662370,0.000000,0.000000,23.916887,0.048688,14.429863,3.980606,0.000000,14.474647
655,0,0.000000,9.029507,6.802790,0.002873,15.821242,0.000000,0.000000,16.033404,0.040018,6.648826,6.765425,0.000000,13.451857
656,0,0.000000,16.842367,6.882417,0.005358,23.727812,0.000000,0.000000,27.940723,0.040569,14.411625,7.993437,0.000000,20.049893
657,0,0.000000,9.348433,9.683943,0.016242,14.892359,0.000000,0.000000,31.757143,0.052381,10.835352,12.493618,0.000000,22.682188
658,0,0.000000,8.870984,6.982185,0.012234,15.861795,0.000000,0.000000,16.044111,0.058080,6.298028,6.962935,0.000000,13.311978
659,0,0.000000,17.004987,6.638798,0.015920,23.643957,0.000000,0.000000,23.955239,0.042456,14.498464,3.992532,0.000000,15.881247
660,0,0.000000,8.859498,6.894260,0.015969,15.744628,0.000000,0.000000,16.004699,0.062232,3.652169,4.016330,0.000000,7.728560
661,0,0.000000,20.762893,6.320762,0.319280,23.706867,0.000000,0.000000,32.400263,0.077719,20.300679,3.537829,0.000000,21.632475
662,0,0.000000,13.358303,6.930220,0.007787,20.289760,0.000000,0.000000,20.625526,0.061737,6.771347,4.006679,0.000000,10.832587
663,0,0.000000,16.555738,7.116181,0.007706,23.675445,0.000000,0.000000,24.006660,0.042142,10.481142,4.037459,0.000000,14.507334
664,0,0.000000,18.107087,5.483021,0.011728,23.554835,0.000000,0.000000,23.992095,0.401709,12.370695,4.034932,0.000000,16.444073
665,0,0.000000,12.599860,7.774595,0.019932,16.449103,0.000000,0.000000,27.929115,0.037960,7.674217,7.930922,0.000000,11.626281
666,0,0.000000,9.071775,10.806227,0.013424,19.273184,0.000000,0.000000,24.017960,4.071378,4.003862,7.989110,0.000000,12.042344
667,0,0.000000,8.831124,10.550416,0.015409,19.170577,0.000000,0.000000,30.144342,0.134532,9.354901,10.114521,0.000000,19.534061
668,0,0.000000,12.502474,7.382529,0.015503,19.834318,0.000000,0.000000,29.863630,7.815927,15.502628,4.009909,0.000000,19.918968
669,0,0.000000,16.741385,6.978167,0.005027,23.722860,0.000000,0.000000,23.979723,0.041982,13.960221,4.013940,0.000000,14.727059
670,0,0.000000,8.829627,6.965318,0.011081,15.796821,0.000000,0.000000,16.030361,0.052584,2.380341,4.009580,0.000000,6.414679
671,0,0.000000,16.548594,7.271538,0.011621,23.760428,0.000000,0.000000,23.978121,0.035156,10.528880,3.987324,0.000000,10.575343
672,0,0.000000,12.811141,7.694032,0.003048,16.125495,0.000000,0.000000,23.931945,0.056573,11.336016,7.653701,0.000000,15.346148
673,0,0.000000,8.835769,6.829482,0.007989,15.673240,0.000000,0.000000,15.943765,0.050723,6.778853,6.825379,0.000000,13.560622
674,0,0.000000,16.754697,6.828289,0.017126,23.586389,0.000000,0.000000,27.950961,0.057430,14.565071,10.785288,0.000000,25.407789
675,0,0.000000,14.974341,7.320290,0.009491,22.292989,0.000000,0.000000,22.583204,0.071914,11.794609,7.312507,0.000000,19.179030
676,0,0.000000,12.430784,6.960370,0.022361,15.294868,0.000000,0.000000,23.996627,0.060866,11.204026,6.915121,0.000000,15.231733
677,0,0.000000,17.204451,6.517793,0.014320,23.703392,0.000000,0.000000,31.957074,0.050874,12.721784,11.981670,0.000000,18.781378
678,0,0.000000,9.544365,6.259797,0.008879,15.810294,0.000000,0.000000,16.027534,0.058534,4.433639,4.012917,0.000000,8.499822
679,0,0.000000,16.543628,7.095147,0.003867,23.641411,0.000000,0.000000,27.836583,0.032601,13.453474,8.006838,0.000000,17.457038
680,0,0.000000,8.907923,6.986673,0.002267,15.894326,0.000000,0.000000,16.025990,0.055246,0.594273,0.017951,0.000000,0.665884
681,0,0.000000,16.349730,7.503978,0.002667,23.855534,0.000000,0.000000,23.972138,0.025733,4.065513,3.994125,0.000000,8.061007
682,0,0.000000,8.762823,6.934708,0.012209,15.529391,0.000000,0.000000,19.974198,0.046584,0.594469,7.955121,0.000000,8.439620
683,0,0.000000,13.557544,7.044930,0.009331,20.539108,0.000000,0.000000,28.060973,7.215617,18.093731,7.053799,0.000000,22.123178
684,0,0.000000,16.691032,7.069494,0.008301,23.768827,0.000000,0.000000,23.939295,0.048674,14.297179,7.061631,0.000000,18.347667
685,0,0.000000,8.672021,7.160594,0.007443,15.840058,0.000000,0.000000,16.021323,0.071951,7.143185,7.152093,0.000000,14.342435
686,0,0.000000,16.381825,7.389417,0.003604,23.772866,0.000000,0.000000,23.943482,0.058657,14.292839,3.977764,0.000000,14.804823
687,0,0.000000,8.809704,7.476903,0.013991,16.300598,0.000000,0.000000,24.018565,0.045781,10.270294,3.991738,0.000000,11.805782
688,0,0.000000,9.191402,6.438366,0.008508,15.638276,0.000000,0.000000,16.018265,0.056360,3.881060,3.998664,0.000000,7.925117
689,0,0.000000,16.587179,14.282689,0.016811,22.903821,0.000000,0.000000,31.869734,0.040133,12.127376,12.000650,0.000000,17.301155
690,0,0.000000,8.778555,7.055636,0.002437,15.817431,0.000000,0.000000,15.994248,0.045809,5.146792,4.010035,0.000000,9.200166
691,0,0.000000,16.833684,6.880456,0.019915,23.717534,0.000000,0.000000,24.017764,0.031641,11.563716,4.024296,0.000000,15.619640
692,0,0.000000,8.662550,7.165664,0.011242,15.796532,0.000000,0.000000,16.016113,0.047337,3.989871,4.062984,0.000000,8.100160
693,0,0.000000,17.020699,6.619301,0.002692,23.620176,0.000000,0.000000,23.916404,0.044671,10.881416,6.581081,0.000000,14.896149
694,0,0.000000,8.464267,7.407569,0.002755,15.810935,0.000000,0.000000,16.015129,0.041438,6.086544,7.375520,0.000000,13.501972
695,0,0.000000,17.117809,6.407877,0.010848,23.483776,0.000000,0.000000,24.005873,0.038325,14.932451,6.350884,0.000000,14.977473
696,0,0.000000,16.820103,6.896798,0.017618,23.193961,0.000000,0.000000,24.006282,0.032553,11.482708,6.905040,0.000000,15.555327
697,0,0.000000,8.588221,11.145748,0.026307,19.504056,0.000000,0.000000,23.933628,0.056979,6.630331,15.082630,0.000000,21.767826
698,0,0.000000,8.379846,7.450144,0.005648,15.831715,0.000000,0.000000,16.009656,0.048493,6.351851,7.430460,0.000000,13.812788
699,0,0.000000,15.572233,8.273980,0.002266,16.668570,0.000000,0.000000,23.986159,0.029821,13.574113,4.265441,0.000000,13.610645
700,0,0.000000,8.651091,14.204334,0.006283,17.089099,0.000000,0.000000,35.973399,8.011204,14.113929,6.213728,0.000000,18.812195
701,0,0.000000,9.007732,11.969599,0.007712,20.985043,0.000000,0.000000,31.965283,0.037544,14.103279,11.965551,0.000000,22.126893
702,0,0.000000,12.819133,7.809410,0.003662,16.273977,0.000000,0.000000,24.021736,0.047960,14.117094,7.803044,0.000000,18.150174
703,0,0.000000,8.587412,7.272325,0.003241,15.859705,0.000000,0.000000,16.006520,0.042060,6.072020,7.237641,0.000000,13.351721
704,0,0.000000,16.446104,7.182173,0.003031,23.597867,0.000000,0.000000,23.966815,0.038104,13.939667,7.164578,0.000000,13.985180
705,0,0.000000,8.698153,7.007341,0.015490,15.713023,0.000000,0.000000,15.990176,0.042054,6.307672,7.007658,0.000000,13.357026
706,0,0.000000,16.805958,6.880931,0.003077,23.689966,0.000000,0.000000,23.914927,0.062208,14.590113,6.849469,0.000000,14.657009
707,0,0.000000,8.862689,7.022089,0.006308,15.891086,0.000000,0.000000,16.031215,0.032888,7.027182,6.989177,0.000000,14.049247
708,0,0.000000,16.810197,7.012860,0.029571,23.852628,0.000000,0.000000,23.996453,0.029494,15.208579,7.032593,0.000000,15.274974
709,0,0.000000,8.814725,6.971245,0.004153,15.788468,0.000000,0.000000,15.988594,0.039149,6.586130,6.958179,0.000000,13.574452
710,0,0.000000,16.803251,6.940978,0.025025,23.767592,0.000000,0.000000,24.008570,0.048170,15.082556,6.978143,0.000000,19.138424
711,0,0.000000,8.724188,6.951816,0.008524,15.684528,0.000000,0.000000,16.009432,0.065591,7.677548,6.970893,0.000000,14.711808
712,0,0.000000,16.662840,7.067391,0.008278,23.733816,0.000000,0.000000,23.917404,0.062269,15.601605,3.976520,0.000000,15.673223
713,0,0.000000,12.331692,7.834064,0.015652,16.585249,0.000000,0.000000,24.001374,0.071828,7.752221,4.025868,0.000000,11.759467
714,0,0.000000,8.807026,6.953516,0.009068,15.762810,0.000000,0.000000,16.010548,0.030407,0.659537,4.009559,0.000000,4.629969
715,0,0.000000,16.764408,7.075054,0.018710,23.815163,0.000000,0.000000,27.931175,0.031585,11.588617,7.980303,0.000000,15.582772
716,0,0.000000,8.917751,6.858679,0.002767,15.760442,0.000000,0.000000,16.034744,0.046704,7.557018,6.848828,0.000000,14.449803
717,0,0.000000,20.353390,13.095517,0.012094,29.494790,0.000000,0.000000,35.972249,0.050822,19.261465,13.075140,0.000000,23.164679
718,0,0.000000,8.870976,6.914456,0.002911,15.786717,0.000000,0.000000,15.984201,0.039011,6.701197,6.885504,0.000000,13.622329
719,0,0.000000,16.900971,12.460876,0.008748,23.596635,0.000000,0.000000,31.977227,0.031929,14.411756,14.822063,0.000000,19.512053
720,0,0.000000,8.725294,7.142670,0.011045,15.868039,0.000000,0.000000,16.031545,0.049393,0.494031,0.029388,0.000000,0.553204
721,0,0.000000,16.002063,7.014765,0.010824,23.005002,0.000000,0.000000,27.240792,0.045584,3.807911,7.981631,0.000000,11.832338
722,0,0.000000,7.218798,13.114391,0.011345,17.040176,0.000000,0.000000,29.844931,0.040457,10.130606,11.988414,0.000000,19.707725
723,0,0.000000,8.605204,15.079789,0.020558,23.369371,0.000000,0.000000,24.030546,0.052435,7.358074,15.113190,0.000000,22.522222
724,0,0.000000,8.663993,7.062715,0.002042,15.720598,0.000000,0.000000,15.950219,0.066385,7.111119,6.953178,0.000000,14.130682
725,0,0.000000,17.037969,6.724425,0.011876,23.758072,0.000000,0.000000,23.988426,0.033379,15.619051,6.705384,0.000000,15.660978
726,0,0.000000,15.040722,7.685295,0.011576,18.758394,0.000000,0.000000,23.993972,0.034245,14.042370,4.008691,0.000000,18.050064
727,0,0.000000,8.812452,6.970762,0.014914,15.780056,0.000000,0.000000,16.031113,0.128352,0.664332,0.061776,0.000000,0.816591
728,0,0.000000,16.870046,6.722994,0.011890,23.604930,0.000000,0.000000,23.946474,0.046319,4.742887,4.012909,0.000000,8.792432
729,0,0.000000,9.236109,6.603914,0.013425,15.816029,0.000000,0.000000,15.999738,0.043285,1.116659,0.028901,0.000000,1.164853
730,0,0.000000,16.806287,6.973673,0.010936,23.790896,0.000000,0.000000,23.966421,0.033045,4.547300,3.979633,0.000000,8.219401
731,0,0.000000,12.982052,7.883483,0.005004,16.883478,0.000000,0.000000,27.962074,0.035840,7.699596,7.977424,0.000000,11.743631
732,0,0.000000,13.370810,6.882440,0.011016,20.237311,0.000000,0.000000,20.544997,0.074831,0.635892,0.031710,0.000000,0.736098
733,0,0.000000,16.459409,7.250336,0.007558,23.710822,0.000000,0.000000,23.949807,0.038604,8.145522,3.979903,0.000000,12.147700
734,0,0.000000,13.022856,7.411060,0.010395,19.858011,0.000000,0.000000,24.052760,0.033764,7.664944,3.965740,0.000000,11.223757
735,0,0.000000,8.706413,14.939642,0.016816,23.122474,0.000000,0.000000,23.976105,0.048540,0.751294,2.134523,0.000000,2.923138
736,0,0.000000,12.631229,7.850548,0.003540,16.764931,0.000000,0.000000,23.938083,0.032802,7.709564,3.992908,0.000000,11.246358
737,0,0.000000,8.661307,7.150295,0.009254,15.811425,0.000000,0.000000,15.967333,0.039072,0.509010,0.031767,0.000000,0.567397
738,0,0.000000,16.716088,6.915126,0.007601,23.633769,0.000000,0.000000,23.967473,0.029079,4.629255,4.008939,0.000000,8.627248
739,0,0.000000,16.269286,7.535132,0.004180,23.803699,0.000000,0.000000,31.619276,0.042160,11.127944,11.631441,0.000000,22.799414
740,0,0.000000,12.685828,7.314777,0.014462,19.269774,0.000000,0.000000,20.391647,0.055680,10.450399,7.322034,0.000000,10.579015
741,0,0.000000,16.366178,7.126093,0.006112,23.494074,0.000000,0.000000,23.927167,0.044967,15.266097,7.081301,0.000000,19.074080
742,0,0.000000,8.370602,7.392566,0.015151,15.750376,0.000000,0.000000,16.039289,0.038913,6.481886,7.383254,0.000000,13.828024
743,0,0.000000,16.639131,6.878645,0.006310,23.520355,0.000000,0.000000,23.940735,0.045791,14.933859,6.853246,0.000000,18.945863
744,0,0.000000,8.653199,7.579465,0.007009,15.926915,0.000000,0.000000,16.572935,0.046543,7.001835,6.988735,0.000000,14.035484
745,0,0.000000,16.109030,7.082076,0.013192,23.194297,0.000000,0.000000,27.396320,0.050691,14.239367,11.042775,0.000000,15.387348
746,0,0.000000,7.844507,7.360753,0.009215,15.190387,0.000000,0.000000,15.450559,0.102285,6.084297,7.316493,0.000000,13.467406
747,0,0.000000,18.387698,5.138419,0.015137,23.512811,0.000000,0.000000,23.994818,0.047610,16.728664,5.135414,0.000000,16.821852
748,0,0.000000,12.320082,7.898631,0.021520,16.796765,0.000000,0.000000,23.995337,0.038301,14.454607,7.894288,0.000000,15.415361
749,0,0.000000,12.881125,7.692393,0.023851,16.477690,0.000000,0.000000,23.972706,0.073717,14.192079,7.690969,0.000000,18.277158
750,0,0.000000,8.761330,7.034623,0.006979,15.793367,0.000000,0.000000,15.969409,0.057791,6.061142,7.011974,0.000000,13.130907
751,0,0.000000,17.214254,6.478796,0.015822,23.706640,0.000000,0.000000,24.004709,0.033672,14.817324,4.012570,0.000000,18.855421
752,0,0.000000,8.913125,6.878289,0.003057,15.791430,0.000000,0.000000,15.983751,0.037977,0.654895,0.024243,0.000000,0.713006
753,0,0.000000,16.618802,7.105136,0.025231,23.637969,0.000000,0.000000,27.873479,0.035511,4.411461,7.978570,0.000000,12.103363
754,0,0.000000,13.108973,7.131735,0.014968,20.255676,0.000000,0.000000,20.412684,0.048602,11.086250,4.045185,0.000000,15.161480
755,0,0.000000,16.651438,7.173290,0.005632,23.644316,0.000000,0.000000,24.128375,0.040374,8.414848,4.187453,0.000000,12.627099
756,0,0.000000,8.533380,7.155769,0.010555,15.683998,0.000000,0.000000,15.836195,0.030876,0.399674,0.026434,0.000000,0.450607
757,0,0.000000,16.778971,7.013455,0.014622,23.423939,0.000000,0.000000,23.973209,0.040300,4.409438,4.002353,0.000000,8.181673
758,0,0.000000,10.650749,5.078459,0.013352,15.742560,0.000000,0.000000,16.026511,0.086920,2.444241,0.052884,0.000000,2.539795
759,0,0.000000,16.362033,7.415724,0.004439,23.782196,0.000000,0.000000,23.943130,0.035239,4.185457,7.405613,0.000000,7.601958
760,0,0.000000,9.011026,6.803307,0.014303,15.817656,0.000000,0.000000,16.044221,0.038883,7.320841,6.817819,0.000000,14.173852
761,0,0.000000,16.574133,7.113490,0.003260,19.727494,0.000000,0.000000,28.530421,0.053370,15.278936,8.608113,0.000000,19.314045
762,0,0.000000,8.699942,7.100329,0.013054,15.807164,0.000000,0.000000,19.430817,3.463324,4.020607,4.037737,0.000000,8.112137
763,0,0.000000,16.361251,7.181649,0.008317,23.516052,0.000000,0.000000,23.938403,0.035960,11.764108,7.165927,0.000000,11.811941
764,0,0.000000,8.769126,5.231016,0.012112,13.986158,0.000000,0.000000,28.563371,8.006939,16.236942,12.651018,0.000000,20.568964
765,0,0.000000,13.145648,7.059376,0.007316,20.193135,0.000000,0.000000,20.541952,0.061875,11.108285,7.032113,0.000000,15.154719
766,0,0.000000,16.383173,7.413659,0.022282,23.819114,0.000000,0.000000,24.025035,0.044585,14.597880,5.443262,0.000000,20.084477
767,0,0.000000,12.302837,6.650732,0.017100,15.391362,0.000000,0.000000,35.511939,0.071500,11.176238,11.562611,0.000000,17.774040
768,0,0.000000,8.531842,7.316836,0.003017,15.850654,0.000000,0.000000,16.072795,0.061001,6.809384,7.312713,0.000000,14.179513
769,0,0.000000,20.939766,7.816921,0.017868,24.317175,0.000000,0.000000,31.888095,0.045743,21.006028,7.741764,0.000000,21.056860
770,0,0.000000,17.645919,5.933478,0.008297,17.695424,0.000000,0.000000,23.971064,0.059646,15.176542,5.912669,0.000000,19.234019
771,0,0.000000,9.111339,9.883883,0.006557,18.686067,0.000000,0.000000,19.452292,0.034981,7.388949,9.823081,0.000000,17.239850
772,0,0.000000,13.107339,7.227433,0.017068,20.263611,0.000000,0.000000,20.645070,0.035464,11.168741,4.012150,0.000000,15.209958
773,0,0.000000,8.764645,6.807027,0.014798,15.573794,0.000000,0.000000,15.929830,0.036216,2.900518,4.031209,0.000000,6.967882
774,0,0.000000,17.149414,6.549955,0.012145,23.313667,0.000000,0.000000,23.944835,0.037769,11.642878,6.505477,0.000000,11.679783
775,0,0.000000,8.748484,7.054843,0.007260,15.792178,0.000000,0.000000,16.130950,0.043168,7.024638,6.934995,0.000000,14.002801
776,0,0.000000,16.443066,7.162920,0.011820,21.495909,0.000000,0.000000,23.862265,0.050659,14.959896,7.140228,0.000000,15.040155
777,0,0.000000,9.933723,7.894719,0.015086,16.689481,0.000000,0.000000,24.021531,0.053350,13.957368,7.924952,0.000000,18.034013
778,0,0.000000,8.712749,6.715764,0.018048,15.421271,0.000000,0.000000,16.008414,0.056035,7.732371,6.726429,0.000000,14.512397
779,0,0.000000,16.591434,7.005621,0.016258,23.534150,0.000000,0.000000,23.947612,0.053590,14.848841,7.006600,0.000000,15.163709
780,0,0.000000,8.622831,7.096317,0.002444,15.720492,0.000000,0.000000,15.968093,0.056379,6.609815,7.051619,0.000000,13.716068
781,0,0.000000,21.180385,14.535251,0.007915,27.755366,0.000000,0.000000,36.118714,0.035245,16.717214,14.355922,0.000000,27.505692
782,0,0.000000,8.834376,7.012758,0.003512,15.843681,0.000000,0.000000,16.023763,0.053147,3.034631,4.043638,0.000000,7.124586
783,0,0.000000,16.282435,11.142011,0.014709,24.775938,0.000000,0.000000,31.910457,0.046957,11.210031,8.031780,0.000000,19.270624
784,0,0.000000,15.134983,7.129385,0.017073,22.268204,0.000000,0.000000,30.742501,0.070381,8.448275,10.861496,0.000000,19.086613
785,0,0.000000,14.862231,7.105638,0.010870,21.948458,0.000000,0.000000,22.866232,0.538328,12.751299,3.990743,0.000000,17.265407
786,0,0.000000,16.467660,12.376865,0.020667,20.734009,0.000000,0.000000,35.956205,0.049383,14.042793,13.216145,0.000000,19.404718
787,0,0.000000,15.909031,5.736805,0.014598,21.648756,0.000000,0.000000,22.836252,0.189119,14.685575,5.733519,0.000000,14.802058
788,0,0.000000,16.483960,7.188993,0.017995,23.575911,0.000000,0.000000,23.974698,0.049541,15.036628,4.025771,0.000000,15.132427
789,0,0.000000,8.782104,6.852644,0.015615,15.642301,0.000000,0.000000,19.941009,0.053065,3.836471,7.986037,0.000000,11.874253
790,0,0.000000,8.906943,6.991154,0.009172,15.702901,0.000000,0.000000,24.026865,7.954845,14.691289,6.968190,0.000000,16.663713
791,0,0.000000,16.995135,13.257474,0.021155,23.716050,0.000000,0.000000,30.519220,0.037666,15.331656,6.688380,0.000000,15.520153
792,0,0.000000,8.844009,6.905011,0.006432,15.736680,0.000000,0.000000,16.035069,0.060808,7.445757,6.891631,0.000000,14.387818
793,0,0.000000,16.490011,7.216867,0.008853,16.531625,0.000000,0.000000,23.948517,0.040406,14.799925,7.190758,0.000000,18.050835
794,0,0.000000,8.763941,7.000707,0.011823,15.774659,0.000000,0.000000,19.987293,0.046406,6.924321,10.914024,0.000000,17.567078
795,0,0.000000,14.144254,7.788496,0.011981,16.395210,0.000000,0.000000,26.572352,2.574281,16.570055,7.802747,0.000000,17.302444
796,0,0.000000,8.647152,7.112510,0.003870,15.762010,0.000000,0.000000,15.996587,0.059966,6.584862,7.102065,0.000000,13.745951
797,0,0.000000,16.706205,7.025473,0.013753,23.745431,0.000000,0.000000,23.981532,0.038232,14.934883,7.039623,0.000000,15.019829
798,0,0.000000,8.786909,6.861708,0.011539,15.660156,0.000000,0.000000,16.011392,0.049493,6.940769,6.865790,0.000000,13.846870
799,0,0.000000,16.766670,7.010199,0.044488,23.791586,0.000000,0.000000,23.983859,0.039554,14.831776,7.020725,0.000000,17.716248
800,0,0.000000,8.929908,6.906804,0.007479,15.830999,0.000000,0.000000,16.001047,0.041826,6.958034,6.899041,0.000000,13.891387
801,0,0.000000,16.508132,7.226517,0.005667,23.723677,0.000000,0.000000,23.889682,0.035156,14.387473,4.004320,0.000000,18.420855
802,0,0.000000,8.910818,6.916109,0.003477,15.807570,0.000000,0.000000,16.000094,0.053268,0.650173,0.027540,0.000000,0.713128
803,0,0.000000,16.756988,6.987933,0.012600,23.732981,0.000000,0.000000,23.992776,0.034868,4.400343,4.028305,0.000000,8.453302
804,0,0.000000,14.629350,7.787443,0.014606,22.246689,0.000000,0.000000,23.995568,0.035189,12.819666,4.022001,0.000000,16.854420
805,0,0.000000,16.421217,7.186628,0.015881,23.595779,0.000000,0.000000,23.962794,0.037824,11.251773,3.984823,0.000000,15.265432
806,0,0.000000,8.892701,10.951310,0.008302,19.130528,0.000000,0.000000,23.948959,0.048300,3.004832,8.051991,0.000000,11.095350
807,0,0.000000,8.755819,6.971036,0.003137,15.700668,0.000000,0.000000,16.023138,0.058721,6.584289,6.946392,0.000000,13.586072
808,0,0.000000,16.767007,11.633116,0.008431,28.399702,0.000000,0.000000,37.135703,0.049608,11.589549,8.001947,0.000000,16.663370
809,0,0.000000,15.415657,6.941382,0.011496,22.260568,0.000000,0.000000,24.024919,1.486799,12.062916,4.003184,0.000000,17.542859
810,0,0.000000,16.796558,6.678625,0.007397,23.462928,0.000000,0.000000,23.972210,0.039892,8.640111,6.620185,0.000000,14.452751
811,0,0.000000,9.168890,6.485593,0.008443,15.309110,0.000000,0.000000,16.002844,0.037486,7.711121,6.463611,0.000000,14.194125
812,0,0.000000,16.345762,7.329661,0.003066,23.671985,0.000000,0.000000,23.969196,0.045704,14.700734,7.282645,0.000000,20.422792
813,0,0.000000,9.181576,6.306834,0.009432,15.472757,0.000000,0.000000,16.029684,0.040639,7.391235,6.272226,0.000000,13.698411
814,0,0.000000,16.712901,6.882524,0.020448,23.615873,0.000000,0.000000,23.994540,0.044806,14.693897,6.867436,0.000000,21.596877
815,0,0.000000,8.616718,7.157248,0.002542,15.775860,0.000000,0.000000,15.995561,0.045460,6.601845,7.134906,0.000000,13.774576
816,0,0.000000,17.118927,6.506438,0.012317,23.594262,0.000000,0.000000,29.082148,0.042166,15.200585,11.586326,0.000000,15.270889
817,0,0.000000,8.647656,7.073795,0.014747,15.733231,0.000000,0.000000,18.848076,2.796040,9.290600,7.084464,0.000000,14.561283
818,0,0.000000,16.881138,6.641572,0.007054,23.399694,0.000000,0.000000,23.886882,0.072567,14.487038,6.624227,0.000000,18.540428
819,0,0.000000,8.979152,6.785797,0.013263,15.767904,0.000000,0.000000,16.013023,0.056235,6.833681,6.767735,0.000000,13.654999
820,0,0.000000,16.624220,6.957923,0.014684,23.563860,0.000000,0.000000,31.979637,0.035869,14.748076,12.001702,0.000000,16.233865
821,0,0.000000,9.138981,6.638650,0.010485,15.751244,0.000000,0.000000,16.040427,0.058918,3.700314,3.982933,0.000000,7.739055
822,0,0.000000,16.800858,6.691493,0.009091,23.496092,0.000000,0.000000,23.935200,0.048759,11.261492,4.005578,0.000000,15.280182
823,0,0.000000,9.210382,6.120618,0.008651,15.328445,0.000000,0.000000,16.004685,0.091975,7.174429,6.090527,0.000000,13.315808
824,0,0.000000,16.659985,12.699190,0.019093,21.380950,0.000000,0.000000,39.936856,0.053467,19.643274,15.646705,0.000000,27.689365
825,0,0.000000,15.079524,7.410272,0.007767,22.491764,0.000000,0.000000,24.009536,1.322787,14.171273,7.353870,0.000000,18.265766
826,0,0.000000,12.723563,7.809154,0.013459,16.136208,0.000000,0.000000,24.012569,0.045282,13.922837,7.799335,0.000000,17.974549
827,0,0.000000,16.635570,5.859235,0.002789,22.458920,0.000000,0.000000,23.992033,0.035561,14.729674,4.027465,0.000000,14.769077
828,0,0.000000,8.981155,10.691905,0.009794,19.023492,0.000000,0.000000,19.961103,0.037472,6.953962,6.740279,0.000000,13.730305
829,0,0.000000,12.460653,7.492463,0.008760,16.329701,0.000000,0.000000,32.008581,4.019276,15.478479,3.972413,0.000000,15.601840
830,0,0.000000,8.897083,6.974927,0.003125,15.873568,0.000000,0.000000,16.012642,0.040543,3.542123,4.025295,0.000000,7.600336
831,0,0.000000,16.882469,6.904848,0.010046,23.473521,0.000000,0.000000,24.125035,0.028992,11.812399,4.145244,0.000000,11.853619
832,0,0.000000,16.889482,9.917161,0.024770,18.339070,0.000000,0.000000,27.081042,0.043835,11.101714,9.923676,0.000000,15.621146
833,0,0.000000,13.514226,6.810846,0.020926,20.314234,0.000000,0.000000,20.700343,0.060106,10.685478,4.052331,0.000000,14.748938
834,0,0.000000,16.911412,6.761530,0.023248,23.666663,0.000000,0.000000,23.974409,0.047230,8.807293,4.058889,0.000000,12.729892
835,0,0.000000,16.361442,6.965905,0.015988,23.321977,0.000000,0.000000,23.954411,0.048850,8.558121,6.960350,0.000000,14.358833
836,0,0.000000,8.876301,6.849561,0.009617,15.708754,0.000000,0.000000,16.016541,0.047425,6.216878,6.817196,0.000000,13.081270
837,0,0.000000,16.897528,6.840686,0.019598,23.742795,0.000000,0.000000,23.937598,0.046412,13.629782,6.816670,0.000000,17.615606
838,0,0.000000,8.829507,6.946770,0.006965,15.783242,0.000000,0.000000,16.001166,0.134289,6.721697,6.909949,0.000000,13.667381
839,0,0.000000,17.326400,6.414049,0.008743,23.730427,0.000000,0.000000,23.972695,0.038417,15.311872,6.358365,0.000000,21.704737
840,0,0.000000,12.426672,11.713971,0.022780,20.052458,0.000000,0.000000,31.971295,0.055054,14.211604,11.706588,0.000000,25.969262
841,0,0.000000,15.266286,6.630165,0.020386,21.916837,0.000000,0.000000,24.046469,1.832193,14.004481,4.050524,0.000000,18.102064
842,0,0.000000,9.061196,6.723389,0.013484,15.698280,0.000000,0.000000,16.037838,0.042552,0.888249,1.656385,0.000000,1.822873
843,0,0.000000,16.781350,6.622963,0.010698,23.407904,0.000000,0.000000,27.863049,0.037305,8.036879,8.019602,0.000000,12.805250
844,0,0.000000,14.193346,6.704681,0.008733,15.183526,0.000000,0.000000,33.720162,2.281612,17.640843,14.645020,0.000000,21.711674
845,0,0.000000,8.743976,6.887274,0.009656,15.630315,0.000000,0.000000,16.046543,0.059325,7.242784,6.880201,0.000000,14.170951
846,0,0.000000,16.984730,6.261921,0.020139,23.230817,0.000000,0.000000,23.969927,0.045937,15.899909,6.225293,0.000000,15.968359
847,0,0.000000,16.379704,7.394575,0.016062,16.409210,0.000000,0.000000,23.972556,0.056225,13.054176,7.403993,0.000000,17.086703
848,0,0.000000,8.890975,6.823923,0.005844,15.681569,0.000000,0.000000,16.002838,0.055454,7.059334,6.813691,0.000000,13.916900
849,0,0.000000,15.955038,13.314229,0.008224,17.836610,0.000000,0.000000,31.034106,0.114197,15.195650,13.294967,0.000000,18.740208
850,3,0.000000,9.183674,12.403499,0.007540,18.017231,0.000000,0.000000,32.553547,7.982732,13.114402,12.249738,0.000000,23.619867
851,3,0.000000,8.955522,6.671721,0.017322,15.622171,0.000000,0.000000,19.724059,0.071021,5.549809,7.782507,0.000000,8.213383
852,3,0.000000,13.412295,6.478740,0.018815,19.709132,0.000000,0.000000,24.162797,0.055196,11.351702,7.257566,0.000000,15.397467
853,3,0.000000,11.408222,7.764220,0.005293,15.312741,0.000000,0.000000,24.018709,1.111677,13.333067,7.737910,0.000000,15.289701
854,3,0.000000,8.524328,15.342635,0.010305,23.842397,0.000000,0.000000,24.025489,0.031427,6.128022,15.318295,0.000000,21.476509
855,5,0.000000,16.290085,13.307350,0.004102,21.600242,0.000000,0.000000,31.929955,0.074432,15.596373,5.311041,0.000000,16.081545
856,5,0.000000,8.807515,6.986352,0.011926,15.774230,0.000000,0.000000,15.994298,0.095952,6.506827,6.958624,0.000000,13.553720
857,5,0.000000,16.344399,7.931736,0.015937,20.894507,0.000000,0.000000,27.963803,0.040199,17.506878,3.983708,0.000000,17.538893
858,5,0.000000,11.244766,7.620405,0.002365,16.079313,0.000000,0.000000,27.950395,5.286122,10.242615,7.578693,0.000000,16.543508
859,5,0.000000,8.719686,11.021973,0.002502,19.622315,0.000000,0.000000,23.985111,0.037790,6.601497,10.989942,0.000000,17.629229
860,5,0.000000,13.450580,7.634176,0.012501,21.097257,0.000000,0.000000,28.454122,0.059485,12.473397,7.608883,0.000000,15.434501
