iteration,food_quantity,event_poll_ms,ants_advance_ms,evaporation_ms,update_ms,advance_total_ms,render_ms,blit_ms,iteration_total_ms,mpi_halo_exchange_ms,mpi_migration_ms,mpi_food_allreduce_ms,mpi_render_comm_ms,mpi_total_comm_ms
1,0,0.000000,27.026862,10.617734,0.004439,30.917762,0.000000,0.000000,46.269592,0.045337,21.402870,5.904207,0.000000,21.454428
2,0,0.000000,32.103324,5.901775,0.003906,38.004671,0.000000,0.000000,39.910956,1.901113,29.278070,5.877208,0.000000,30.549650
3,0,0.000000,22.626746,12.352050,0.003987,33.125136,0.000000,0.000000,48.055862,3.930558,15.160690,16.026468,0.000000,32.743607
4,0,0.000000,12.271034,6.719518,0.033966,17.354382,0.000000,0.000000,24.433350,3.282674,6.957712,7.665422,0.000000,14.652442
5,0,0.000000,9.344305,6.102632,0.003853,15.450790,0.000000,0.000000,15.903224,0.048431,2.234098,6.105450,0.000000,8.373188
6,0,0.000000,17.111761,6.457321,0.003799,17.143752,0.000000,0.000000,23.916704,0.052069,13.666573,6.441022,0.000000,13.724869
7,0,0.000000,9.270809,6.640695,0.002705,15.581402,0.000000,0.000000,16.020440,0.024817,5.709508,6.614908,0.000000,12.345608
8,0,0.000000,15.213305,4.345954,0.010100,15.256780,0.000000,0.000000,19.998215,0.036955,10.891550,0.011489,0.000000,10.922364
9,0,0.000000,19.208056,4.596566,0.008796,19.251610,0.000000,0.000000,30.336817,0.032522,11.287491,10.899651,0.000000,11.316618
10,0,0.000000,15.828628,5.392896,0.016068,21.237592,0.000000,0.000000,21.650730,0.053027,8.376625,4.992444,0.000000,13.415621
11,0,0.000000,16.607245,3.009947,0.019125,16.660331,0.000000,0.000000,23.931113,0.031646,10.722392,6.782016,0.000000,10.773613
12,0,0.000000,9.813812,1.865193,0.004394,10.909211,0.000000,0.000000,16.167791,0.066024,2.293819,5.983963,0.000000,6.738314
13,0,0.000000,10.025287,1.414024,0.009587,10.071279,0.000000,0.000000,15.821246,0.038139,2.619196,5.385582,0.000000,6.410018
14,0,0.000000,10.450219,1.227430,0.011017,10.498701,0.000000,0.000000,15.958067,0.170410,2.495882,5.177157,0.000000,6.629055
15,0,0.000000,9.434226,2.222200,0.004188,9.471153,0.000000,0.000000,15.981389,0.063932,4.293059,6.190059,0.000000,6.613405
16,0,0.000000,15.900820,4.105511,0.010170,15.951710,0.000000,0.000000,23.956419,0.162112,10.843702,7.532078,0.000000,11.609020
17,0,0.000000,11.256752,4.199724,0.009901,13.436762,0.000000,0.000000,15.892963,0.063053,4.080977,4.161784,0.000000,4.533991
18,0,0.000000,13.717913,6.113651,0.003498,19.834274,0.000000,0.000000,19.979753,0.042496,5.833622,4.009570,0.000000,8.749990
19,0,0.000000,13.666087,5.850984,0.004345,19.519195,0.000000,0.000000,19.975847,0.030787,9.819077,5.824182,0.000000,10.132867
20,0,0.000000,13.731841,6.006710,0.019939,19.740241,0.000000,0.000000,20.049165,0.055739,7.635365,6.003218,0.000000,10.755706
21,0,0.000000,17.903448,5.800597,0.007139,17.954273,0.000000,0.000000,23.948028,0.038574,12.923913,5.768170,0.000000,12.987258
22,0,0.000000,16.143674,3.652659,0.010317,16.179731,0.000000,0.000000,20.001379,0.032736,12.106602,3.643504,0.000000,12.154326
23,0,0.000000,13.177023,6.367074,0.003136,19.546545,0.000000,0.000000,19.965826,0.034999,9.315620,6.343557,0.000000,13.335569
24,0,0.000000,12.905057,6.689930,0.005297,19.596152,0.000000,0.000000,20.011398,0.028859,8.802039,6.671388,0.000000,10.480211
25,0,0.000000,15.640476,4.087826,0.019493,17.001268,0.000000,0.000000,19.996613,0.029748,11.640711,4.091508,0.000000,11.691526
26,0,0.000000,10.844522,0.843879,0.007999,10.886434,0.000000,0.000000,16.071384,0.032275,3.306733,4.916112,0.000000,6.769340
27,0,0.000000,11.402857,5.385144,0.011450,16.794146,0.000000,0.000000,23.892808,0.049875,10.667256,1.370097,0.000000,10.716814
28,0,0.000000,15.770680,6.153329,0.004251,15.809386,0.000000,0.000000,22.214257,0.062945,9.268751,6.143981,0.000000,12.495061
29,0,0.000000,16.705445,6.651870,0.024611,16.747469,0.000000,0.000000,24.033640,0.040748,13.234349,6.651441,0.000000,13.295513
30,0,0.000000,17.521016,6.022977,0.022704,17.564434,0.000000,0.000000,23.945812,0.041014,11.441634,2.004173,0.000000,11.480865
31,0,0.000000,16.900548,6.063942,0.008901,16.929396,0.000000,0.000000,23.850569,0.042511,13.549664,6.056350,0.000000,17.511080
32,0,0.000000,10.883895,4.958137,0.005257,15.707272,0.000000,0.000000,16.048022,0.062507,5.361193,4.951882,0.000000,10.251341
33,0,0.000000,15.854928,3.487787,0.004012,15.892522,0.000000,0.000000,23.920297,0.083149,11.856168,7.484035,0.000000,15.961056
34,0,0.000000,13.643827,7.214934,0.010578,16.908773,0.000000,0.000000,23.917552,0.242732,7.546393,3.223877,0.000000,10.419213
35,0,0.000000,17.664779,5.829617,0.020257,17.698192,0.000000,0.000000,24.048395,0.033281,12.699208,5.824813,0.000000,15.748396
36,0,0.000000,17.484061,6.051727,0.007998,17.506014,0.000000,0.000000,24.005029,0.040526,12.270006,6.047257,0.000000,13.031713
37,0,0.000000,14.734296,4.792466,0.008228,15.079803,0.000000,0.000000,19.934801,0.074201,4.912994,4.770827,0.000000,9.727921
38,0,0.000000,13.947964,5.475818,0.007573,19.404900,0.000000,0.000000,19.998031,0.040697,7.531216,5.446646,0.000000,12.910804
39,0,0.000000,14.039706,5.411633,0.017235,14.075927,0.000000,0.000000,20.035577,0.029874,10.021173,5.422256,0.000000,12.890338
40,0,0.000000,16.512016,2.948864,0.005276,16.568930,0.000000,0.000000,19.968415,0.041680,9.309008,2.907747,0.000000,9.360318
41,0,0.000000,13.864885,5.800793,0.008124,19.673802,0.000000,0.000000,19.966949,0.032153,5.731364,1.763540,0.000000,7.526174
42,0,0.000000,17.972942,5.678143,0.009531,18.014864,0.000000,0.000000,24.005078,0.030793,10.645122,1.616056,0.000000,10.674861
43,0,0.000000,14.012049,5.637856,0.002718,19.652623,0.000000,0.000000,19.962307,0.043222,9.478691,5.621060,0.000000,13.496165
44,0,0.000000,13.474555,6.261194,0.003213,19.737577,0.000000,0.000000,22.264671,0.037864,6.802110,8.515322,0.000000,13.077815
45,0,0.000000,15.914569,5.431038,0.004177,15.963734,0.000000,0.000000,21.715980,0.047375,11.878162,5.395502,0.000000,11.912125
46,0,0.000000,11.827236,3.933438,0.003408,15.736957,0.000000,0.000000,16.003370,0.039256,7.188322,3.905189,0.000000,11.119942
47,0,0.000000,9.361087,2.255488,0.018929,9.987130,0.000000,0.000000,11.993683,0.035384,5.875428,2.246147,0.000000,8.114929
48,0,0.000000,9.076696,2.688193,0.003301,11.593385,0.000000,0.000000,11.977981,0.041461,3.666744,2.664168,0.000000,6.351183
49,0,0.000000,12.966939,2.643250,0.010712,12.998173,0.000000,0.000000,15.944840,0.026769,8.683056,2.633302,0.000000,8.723954
50,0,0.000000,14.487600,5.042429,0.003144,14.523851,0.000000,0.000000,19.980959,0.029822,9.875719,5.017022,0.000000,9.983267
51,0,0.000000,12.362527,3.345600,0.002205,15.710332,0.000000,0.000000,23.974281,0.029546,6.914327,11.296598,0.000000,16.088136
52,0,0.000000,16.099433,7.464765,0.011686,17.989923,0.000000,0.000000,24.006927,0.090982,8.982004,7.462410,0.000000,16.510876
53,0,0.000000,17.029719,6.640361,0.013692,23.683772,0.000000,0.000000,23.971063,0.034128,13.170894,6.620874,0.000000,13.216493
54,0,0.000000,11.967673,7.832431,0.003662,17.225924,0.000000,0.000000,20.087722,0.029021,8.420142,3.705403,0.000000,8.452932
55,0,0.000000,10.315122,5.068478,0.012711,14.931664,0.000000,0.000000,15.888860,0.027186,6.326473,5.050481,0.000000,7.427780
56,0,0.000000,13.329163,6.496306,0.003653,13.362276,0.000000,0.000000,20.000271,0.031449,9.606890,2.471748,0.000000,9.639305
57,0,0.000000,12.136469,3.617644,0.010528,15.751408,0.000000,0.000000,15.985694,0.029552,5.645143,3.583384,0.000000,9.231780
58,0,0.000000,9.431011,2.192020,0.008354,11.586922,0.000000,0.000000,11.988986,0.065315,5.861382,2.167230,0.000000,8.075596
59,0,0.000000,8.292156,3.623214,0.055390,11.970760,0.000000,0.000000,15.946892,0.043807,3.573126,7.478858,0.000000,10.890923
60,0,0.000000,9.690986,2.106788,0.005686,10.388530,0.000000,0.000000,15.989165,0.042179,4.802060,6.023856,0.000000,6.931051
61,0,0.000000,9.350221,6.393896,0.003925,15.747034,0.000000,0.000000,16.016106,0.049821,4.827053,6.329555,0.000000,7.235784
62,0,0.000000,17.582050,6.191511,0.004412,17.613788,0.000000,0.000000,24.002780,0.030607,11.548686,6.175995,0.000000,14.973606
63,0,0.000000,14.883681,10.540999,0.012882,14.918243,0.000000,0.000000,25.621453,0.039355,11.544260,7.559010,0.000000,16.137576
64,0,0.000000,15.416950,6.066684,0.012537,21.496171,0.000000,0.000000,22.344622,0.556038,9.306594,6.006733,0.000000,12.530724
65,0,0.000000,16.759288,6.605206,0.010671,20.488533,0.000000,0.000000,23.720883,0.047489,9.887167,6.593448,0.000000,10.417309
66,0,0.000000,12.719797,7.968983,0.005068,20.693848,0.000000,0.000000,23.943755,0.027062,7.357205,0.071827,0.000000,7.455462
67,0,0.000000,10.210234,5.431150,0.003303,14.474150,0.000000,0.000000,15.996205,0.053606,6.065346,0.008795,0.000000,6.104837
68,0,0.000000,16.200993,7.342371,0.024241,16.232955,0.000000,0.000000,24.004977,0.047237,12.882411,7.307791,0.000000,12.935628
69,0,0.000000,15.661616,7.728339,0.012757,16.929660,0.000000,0.000000,23.944945,0.051134,11.785774,7.719497,0.000000,15.819702
70,0,0.000000,13.403601,8.525618,0.027322,17.615460,0.000000,0.000000,24.406635,0.049751,10.225070,8.539963,0.000000,10.912052
71,0,0.000000,9.670834,5.612699,0.006561,14.877805,0.000000,0.000000,15.563019,0.053656,5.142412,5.585104,0.000000,6.798770
72,0,0.000000,15.904450,7.543590,0.008425,15.937761,0.000000,0.000000,23.979890,0.061396,11.740583,7.535192,0.000000,14.026411
73,0,0.000000,9.618008,6.070133,0.008034,14.626470,0.000000,0.000000,16.149192,0.031160,2.377584,6.151241,0.000000,7.195654
74,0,0.000000,17.702038,5.885081,0.014335,17.750293,0.000000,0.000000,23.806202,0.043331,11.919259,5.845192,0.000000,15.979239
75,0,0.000000,16.534628,6.801309,0.010754,16.566495,0.000000,0.000000,23.987101,0.037441,12.629739,6.816876,0.000000,13.614671
76,0,0.000000,9.698311,5.643812,0.002633,15.343778,0.000000,0.000000,15.965119,0.058502,5.185793,5.628145,0.000000,10.860643
77,0,0.000000,15.881879,3.530237,0.003900,15.921459,0.000000,0.000000,19.990267,0.023957,11.889470,0.006934,0.000000,11.913553
78,0,0.000000,13.588777,6.202370,0.004629,14.925069,0.000000,0.000000,24.011943,3.994698,10.850231,6.182137,0.000000,18.782289
79,0,0.000000,11.284809,0.328538,0.003226,11.323026,0.000000,0.000000,11.998558,0.035936,5.241479,0.295982,0.000000,5.289239
80,0,0.000000,9.400853,1.975001,0.010127,11.339377,0.000000,0.000000,11.968119,0.019609,6.074362,0.200371,0.000000,6.092744
81,0,0.000000,8.182218,3.283131,0.010528,11.475877,0.000000,0.000000,11.932725,0.029108,3.925017,3.277708,0.000000,7.226770
82,0,0.000000,9.838720,1.751691,0.003109,10.418253,0.000000,0.000000,11.960715,0.030401,5.909688,0.003747,0.000000,5.941724
83,0,0.000000,7.312721,0.081179,0.023001,7.346548,0.000000,0.000000,8.074949,0.022903,3.413547,0.103724,0.000000,3.467339
84,0,0.000000,9.450386,6.271932,0.003801,13.560165,0.000000,0.000000,15.904237,0.024346,5.011343,6.262213,0.000000,11.266522
85,0,0.000000,10.763380,4.900370,0.008869,13.811343,0.000000,0.000000,16.004579,0.034403,5.842380,4.877488,0.000000,10.753019
86,0,0.000000,15.759569,3.953964,0.004371,15.794827,0.000000,0.000000,20.007446,0.029330,11.932555,3.904274,0.000000,11.967564
87,0,0.000000,9.514303,6.315218,0.003289,15.407468,0.000000,0.000000,15.999461,0.046460,5.066873,6.286896,0.000000,6.412825
88,0,0.000000,13.627007,5.140478,0.008235,18.744649,0.000000,0.000000,23.486041,0.023205,9.114811,8.556958,0.000000,13.716515
89,0,0.000000,14.373040,5.960662,0.002966,20.330681,0.000000,0.000000,20.513052,0.042329,10.596925,5.638296,0.000000,14.614131
90,0,0.000000,14.058745,4.850835,0.010394,17.819400,0.000000,0.000000,24.512084,0.025732,7.207012,9.310063,0.000000,13.565799
91,0,0.000000,12.644247,6.087042,0.012479,12.690940,0.000000,0.000000,21.949571,0.076896,7.389707,8.502861,0.000000,11.031042
92,0,0.000000,11.143615,7.706457,0.021765,14.891277,0.000000,0.000000,21.529882,0.036685,8.292176,7.711829,0.000000,14.837894
93,0,0.000000,9.565577,6.208373,0.002699,15.775884,0.000000,0.000000,15.975820,0.049336,5.378354,6.186704,0.000000,11.609350
94,0,0.000000,17.660470,5.886536,0.003278,17.697450,0.000000,0.000000,23.972390,0.021614,8.664394,0.005842,0.000000,8.690793
95,0,0.000000,17.897792,5.872093,0.013950,18.000893,0.000000,0.000000,24.008523,0.027296,13.545603,5.799135,0.000000,17.812527
96,0,0.000000,10.152602,5.523795,0.008224,15.232858,0.000000,0.000000,16.021520,0.033859,5.825369,5.514458,0.000000,11.180605
97,0,0.000000,15.399701,8.903173,0.031822,15.438325,0.000000,0.000000,24.732108,0.066302,12.506464,8.952315,0.000000,17.387659
98,0,0.000000,12.050990,8.596536,0.019717,17.018708,0.000000,0.000000,22.838233,0.065895,6.655812,8.612757,0.000000,15.334464
99,0,0.000000,13.143731,6.703279,0.013991,19.861001,0.000000,0.000000,20.272520,0.075091,9.896811,6.703965,0.000000,13.964674
100,0,0.000000,9.281266,6.181926,0.011938,15.472692,0.000000,0.000000,16.036750,0.050729,3.815769,6.413316,0.000000,7.906844
101,0,0.000000,17.563482,6.206129,0.008526,17.632880,0.000000,0.000000,23.950962,0.038917,13.238976,2.144055,0.000000,13.269022
102,0,0.000000,16.762996,3.045085,0.003185,16.805518,0.000000,0.000000,19.984865,0.051369,12.601677,3.013281,0.000000,12.649143
103,0,0.000000,13.315907,6.262802,0.010478,15.597227,0.000000,0.000000,20.000042,0.024120,9.163665,6.225527,0.000000,11.313134
104,0,0.000000,13.700745,5.923428,0.003637,18.693344,0.000000,0.000000,20.131146,0.027801,9.896236,5.957748,0.000000,14.086718
105,0,0.000000,12.736655,6.827259,0.008431,19.566156,0.000000,0.000000,19.842642,0.060126,7.638164,6.798772,0.000000,14.484887
106,0,0.000000,13.020493,6.352798,0.015903,16.007970,0.000000,0.000000,19.951287,0.038069,6.516807,3.967027,0.000000,8.893808
107,0,0.000000,12.904916,7.886619,0.023162,16.907597,0.000000,0.000000,24.022959,0.033903,9.762705,3.989768,0.000000,9.815770
108,0,0.000000,13.981068,1.600483,0.012139,15.559570,0.000000,0.000000,15.981635,0.039248,6.977963,0.779110,0.000000,7.018676
109,0,0.000000,20.612928,6.941552,0.011350,20.639098,0.000000,0.000000,27.994005,0.029967,13.679010,2.948622,0.000000,13.714149
110,0,0.000000,17.006928,6.636672,0.030209,17.044998,0.000000,0.000000,23.988810,0.075514,12.823276,2.627579,0.000000,12.858802
111,0,0.000000,20.593313,7.037912,0.009999,20.631423,0.000000,0.000000,27.938622,0.031036,15.716578,3.046335,0.000000,15.765690
112,0,0.000000,10.392719,5.403848,0.010812,14.389209,0.000000,0.000000,15.977464,0.061193,5.621994,1.354438,0.000000,7.007877
113,0,0.000000,17.451673,2.022807,0.009266,17.487793,0.000000,0.000000,23.911628,0.032127,12.837102,5.940848,0.000000,12.873777
114,0,0.000000,10.900198,0.950084,0.014422,10.937774,0.000000,0.000000,15.998434,0.046093,2.813974,4.869906,0.000000,7.052820
115,0,0.000000,10.493600,1.252675,0.003098,10.532202,0.000000,0.000000,16.000642,0.040698,2.514412,5.177277,0.000000,7.025182
116,0,0.000000,13.914927,6.411480,0.005274,16.391435,0.000000,0.000000,20.626165,0.052345,9.660230,6.396716,0.000000,13.992386
117,0,0.000000,12.949055,5.220887,0.011282,12.984298,0.000000,0.000000,20.005483,0.047948,10.634361,0.018153,0.000000,10.667051
118,0,0.000000,17.038462,6.374723,0.644045,19.885312,0.000000,0.000000,27.973503,7.235233,7.170651,6.341148,0.000000,20.188328
119,0,0.000000,16.269874,3.316001,0.012939,16.308445,0.000000,0.000000,23.948003,0.031345,12.755230,7.243407,0.000000,14.240860
120,0,0.000000,10.593005,1.144427,0.002820,10.648200,0.000000,0.000000,15.992178,0.026802,6.862250,5.071098,0.000000,11.955875
121,0,0.000000,14.670796,7.569951,0.003339,16.531186,0.000000,0.000000,23.991852,0.056713,7.356179,0.078733,0.000000,7.416735
122,0,0.000000,9.581780,6.179261,0.003577,15.330581,0.000000,0.000000,16.043026,0.024893,6.918269,0.006030,0.000000,6.944739
123,0,0.000000,16.435273,6.700448,0.010047,16.487913,0.000000,0.000000,23.712037,0.330293,10.656003,2.646349,0.000000,13.041764
124,0,0.000000,13.726321,5.948074,0.003551,18.897334,0.000000,0.000000,19.951275,0.071638,9.044085,5.904264,0.000000,13.590579
125,0,0.000000,12.772002,6.972999,0.005077,19.750078,0.000000,0.000000,20.030351,0.023872,7.926811,6.960192,0.000000,11.961294
126,0,0.000000,8.719060,7.049929,0.005117,15.761286,0.000000,0.000000,15.970908,0.056424,1.718888,7.033938,0.000000,8.448362
127,0,0.000000,13.475275,2.288237,0.011908,13.511013,0.000000,0.000000,15.993330,0.038658,9.613708,2.270607,0.000000,9.657933
128,0,0.000000,10.529554,1.137509,0.003681,10.570051,0.000000,0.000000,11.976132,0.024865,4.247251,1.119040,0.000000,5.389979
129,0,0.000000,9.409252,2.117412,0.003272,11.051263,0.000000,0.000000,11.954925,0.022027,5.588504,2.062243,0.000000,5.613567
130,0,0.000000,13.619968,5.938896,0.004215,19.563079,0.000000,0.000000,19.943104,0.027077,6.931471,1.955270,0.000000,7.789709
131,0,0.000000,18.110099,5.227349,0.003735,18.164765,0.000000,0.000000,23.989875,0.039565,14.082489,1.200631,0.000000,14.128208
132,0,0.000000,10.135540,1.577575,0.002961,10.169544,0.000000,0.000000,11.985149,0.035157,3.190855,1.557931,0.000000,4.758477
133,0,0.000000,9.509666,1.934717,0.009554,10.040090,0.000000,0.000000,11.992114,0.026441,5.749287,1.859810,0.000000,6.200104
134,0,0.000000,9.294703,2.278556,0.004324,10.409596,0.000000,0.000000,12.017609,0.026799,4.404374,2.261476,0.000000,6.673491
135,0,0.000000,9.529812,2.153528,0.003798,10.232154,0.000000,0.000000,11.957927,0.051994,6.025474,2.107636,0.000000,6.080388
136,0,0.000000,11.264443,0.463368,0.009310,11.306579,0.000000,0.000000,12.020501,0.018335,6.339057,0.430641,0.000000,6.782100
137,0,0.000000,9.633698,5.911012,0.002604,15.547314,0.000000,0.000000,15.965233,0.019320,5.814436,1.887090,0.000000,5.833362
138,0,0.000000,17.211562,6.457167,0.013373,17.245853,0.000000,0.000000,24.044398,0.028113,13.076060,6.598643,0.000000,18.031645
139,0,0.000000,17.072240,6.457206,0.004299,17.103824,0.000000,0.000000,23.942638,0.052588,12.285692,6.381104,0.000000,12.346284
140,0,0.000000,10.509497,0.878411,0.010238,10.534020,0.000000,0.000000,15.934576,0.037090,6.676529,4.833740,0.000000,6.760366
141,0,0.000000,12.376280,7.193353,0.014395,19.584028,0.000000,0.000000,20.027539,0.035565,8.325649,3.209353,0.000000,8.403006
142,0,0.000000,14.228159,5.524582,0.014857,14.262862,0.000000,0.000000,20.003939,0.035221,9.944981,5.497923,0.000000,9.976946
143,0,0.000000,13.201505,6.132882,0.007755,19.336876,0.000000,0.000000,19.964564,0.040185,10.012549,6.091093,0.000000,14.019445
144,0,0.000000,13.169498,6.341431,0.003309,19.514238,0.000000,0.000000,19.984914,0.033074,6.162875,2.319590,0.000000,8.506352
145,0,0.000000,13.421563,5.411968,0.012875,13.469184,0.000000,0.000000,19.675967,0.036678,10.266781,5.374092,0.000000,14.163974
146,0,0.000000,14.029713,5.608995,0.010743,19.649451,0.000000,0.000000,20.134051,0.039483,10.078668,5.680110,0.000000,13.482244
147,0,0.000000,16.757658,6.914811,0.008199,16.790391,0.000000,0.000000,23.847453,0.038025,7.896353,2.888472,0.000000,10.046114
148,0,0.000000,13.353323,2.037636,0.010570,13.388233,0.000000,0.000000,15.997382,0.053019,7.161095,2.001750,0.000000,7.215299
149,0,0.000000,12.836999,6.453384,0.003169,19.291973,0.000000,0.000000,19.966346,0.033507,8.613701,6.419477,0.000000,9.731479
150,0,0.000000,12.972067,6.803539,0.021845,19.778084,0.000000,0.000000,20.023003,0.027425,6.773453,4.011191,0.000000,7.246757
151,0,0.000000,13.073245,6.251898,0.009262,19.327224,0.000000,0.000000,19.939454,0.049719,8.221921,6.211580,0.000000,12.019685
152,0,0.000000,12.958227,2.603944,0.008091,12.989626,0.000000,0.000000,16.004329,0.038951,6.714349,2.580298,0.000000,7.848309
153,0,0.000000,12.939093,6.634569,0.007937,19.576428,0.000000,0.000000,20.041082,0.030208,7.096664,6.599271,0.000000,13.612275
154,0,0.000000,13.528198,6.110103,0.014525,13.561432,0.000000,0.000000,19.955098,0.060529,9.867744,6.105542,0.000000,13.227291
155,0,0.000000,12.694383,6.591787,0.008524,19.287707,0.000000,0.000000,19.991240,0.053865,7.240998,6.567265,0.000000,13.849107
156,0,0.000000,14.069518,5.380438,0.009956,14.199110,0.000000,0.000000,19.980490,0.051810,10.093489,1.473733,0.000000,10.145200
157,0,0.000000,12.933568,6.766656,0.012827,19.702644,0.000000,0.000000,19.962727,0.047479,6.859067,3.998614,0.000000,9.650433
158,0,0.000000,13.637081,5.814614,0.014647,15.434538,0.000000,0.000000,20.029790,0.033812,10.162658,5.777808,0.000000,12.168914
159,0,0.000000,20.514123,3.088097,0.005776,20.547582,0.000000,0.000000,24.020524,0.032950,11.310544,3.089980,0.000000,14.366487
160,0,0.000000,12.541997,2.905088,0.003170,12.578701,0.000000,0.000000,15.952766,0.033120,9.202600,2.893325,0.000000,9.249750
161,0,0.000000,9.387513,2.314296,0.010334,11.700387,0.000000,0.000000,11.903992,0.026338,5.446316,2.267363,0.000000,7.713236
162,0,0.000000,9.811667,1.547402,0.011228,9.849598,0.000000,0.000000,12.001803,0.025685,7.095925,1.527295,0.000000,8.638718
163,0,0.000000,8.653509,2.341784,0.010992,11.003420,0.000000,0.000000,11.988311,0.300314,5.710294,2.310412,0.000000,8.068874
164,0,0.000000,10.034714,1.594971,0.010108,10.082084,0.000000,0.000000,11.984315,0.030469,5.639244,1.550309,0.000000,7.130382
165,0,0.000000,8.331368,3.235234,0.011794,11.437581,0.000000,0.000000,12.001693,0.031026,4.839851,3.206974,0.000000,7.922467
166,0,0.000000,9.198113,2.428252,0.016217,10.583929,0.000000,0.000000,12.015620,0.035508,4.191150,2.424205,0.000000,6.612456
167,0,0.000000,7.655218,3.684269,0.002634,11.340962,0.000000,0.000000,15.924140,0.032755,5.177344,7.623755,0.000000,12.832988
168,0,0.000000,13.071760,5.426822,0.012671,18.511253,0.000000,0.000000,19.115957,0.068429,7.363474,5.414035,0.000000,12.839738
169,0,0.000000,14.668048,8.773321,0.015139,17.818465,0.000000,0.000000,23.742076,0.031773,11.451254,8.773672,0.000000,13.258724
170,0,0.000000,14.459337,5.376520,0.010511,19.842491,0.000000,0.000000,20.234607,0.046797,6.608387,5.335456,0.000000,11.978100
171,0,0.000000,14.571200,4.874405,0.006917,14.609972,0.000000,0.000000,25.830774,0.034532,10.937641,10.697520,0.000000,11.174809
172,0,0.000000,11.836716,3.725695,0.009650,15.554984,0.000000,0.000000,22.099570,0.065663,8.459689,7.637283,0.000000,16.156801
173,0,0.000000,10.122911,5.673891,0.009710,14.727409,0.000000,0.000000,15.996400,0.034030,1.736373,5.603443,0.000000,6.977362
174,0,0.000000,12.793624,6.285761,0.012640,19.082782,0.000000,0.000000,20.004593,0.049762,6.698521,6.373020,0.000000,11.402242
175,0,0.000000,13.729461,5.374486,0.012810,19.116757,0.000000,0.000000,19.997111,0.057744,9.444406,1.450177,0.000000,10.924570
176,0,0.000000,14.228446,9.459005,0.008425,14.276357,0.000000,0.000000,25.188228,0.028387,11.877866,9.436556,0.000000,17.595461
177,0,0.000000,15.965600,10.128975,0.017996,16.013604,0.000000,0.000000,27.228330,0.059197,13.908697,10.392731,0.000000,20.399610
178,0,0.000000,14.018227,4.856951,0.004463,18.879641,0.000000,0.000000,19.466969,0.055118,6.629936,4.817271,0.000000,11.482000
179,0,0.000000,16.089152,3.488716,0.003319,16.125711,0.000000,0.000000,19.985417,0.054257,10.102288,3.461106,0.000000,10.160261
180,0,0.000000,13.688622,5.903070,0.003173,18.870005,0.000000,0.000000,19.977446,0.028485,10.566271,1.897729,0.000000,10.598644
181,0,0.000000,16.889026,6.000966,0.009970,16.929743,0.000000,0.000000,24.012956,0.025624,11.700950,5.948205,0.000000,13.948076
182,0,0.000000,15.106007,4.415093,0.008050,15.137965,0.000000,0.000000,19.989002,0.033730,12.278203,4.422728,0.000000,12.342101
183,0,0.000000,14.026448,5.792780,0.007886,14.069152,0.000000,0.000000,19.998650,0.023162,11.531711,1.717206,0.000000,13.177378
184,0,0.000000,13.173855,5.758622,0.015230,13.248884,0.000000,0.000000,19.996239,0.024954,9.748825,5.715888,0.000000,9.791981
185,0,0.000000,14.167208,5.606408,0.010051,19.775290,0.000000,0.000000,19.949893,0.035150,5.999261,1.571709,0.000000,7.606120
186,0,0.000000,13.040833,6.696663,0.002235,19.739672,0.000000,0.000000,19.981037,0.029538,9.653741,2.677741,0.000000,9.859523
187,0,0.000000,16.275262,3.203593,0.005854,16.310746,0.000000,0.000000,20.005477,0.055406,12.159297,3.171538,0.000000,15.304067
188,0,0.000000,13.362720,5.969274,0.003357,15.317148,0.000000,0.000000,20.003014,0.029650,10.650300,5.934809,0.000000,12.716806
189,0,0.000000,13.884451,5.921589,0.012524,19.818564,0.000000,0.000000,19.989251,0.032314,10.376600,0.156890,0.000000,10.413672
190,0,0.000000,15.913620,3.545417,0.003972,15.958355,0.000000,0.000000,23.913795,0.044862,12.170916,7.466910,0.000000,12.224504
191,0,0.000000,9.511224,6.246281,0.002871,15.759438,0.000000,0.000000,16.023113,0.027244,5.161035,6.223381,0.000000,11.408359
192,0,0.000000,13.958458,5.297334,0.010109,14.006834,0.000000,0.000000,20.002573,0.024279,11.083472,0.092331,0.000000,11.112521
193,0,0.000000,13.520017,3.440464,0.009996,14.625022,0.000000,0.000000,23.913163,6.151582,8.336858,7.365183,0.000000,17.534755
194,0,0.000000,13.562521,5.795289,0.004821,13.595752,0.000000,0.000000,19.995041,0.041583,10.855461,3.983702,0.000000,10.897882
195,0,0.000000,16.837527,6.228514,0.028950,19.023411,0.000000,0.000000,28.070785,4.597347,9.996815,6.256788,0.000000,19.433906
196,0,0.000000,12.747804,5.215362,0.007132,13.984345,0.000000,0.000000,19.892700,0.042243,11.356403,3.976924,0.000000,11.400369
197,0,0.000000,10.492595,3.392474,0.009035,11.490033,0.000000,0.000000,23.992669,3.375106,8.447718,7.327596,0.000000,17.486303
198,0,0.000000,13.478011,6.249125,0.014570,15.722001,0.000000,0.000000,19.979176,0.046096,9.494481,3.990019,0.000000,9.529669
199,0,0.000000,9.542127,5.646649,0.010694,15.190379,0.000000,0.000000,16.025014,0.029078,2.340372,1.615603,0.000000,2.376461
200,0,0.000000,17.577777,5.938786,0.019817,17.597363,0.000000,0.000000,24.042466,0.033189,10.027599,5.946981,0.000000,13.891543
201,0,0.000000,10.758040,4.974480,0.014223,13.723729,0.000000,0.000000,15.946910,0.036625,2.904423,0.967680,0.000000,2.954846
202,0,0.000000,13.321006,6.053381,0.009518,19.378199,0.000000,0.000000,19.968481,0.051384,10.727868,2.035376,0.000000,10.807511
203,0,0.000000,12.991639,8.412956,0.018072,14.156940,0.000000,0.000000,23.304172,0.038556,10.699362,8.534536,0.000000,16.425571
204,0,0.000000,9.749763,3.286515,0.008263,13.035466,0.000000,0.000000,16.716672,0.029385,8.626542,3.242090,0.000000,8.668756
205,0,0.000000,13.175808,6.531606,0.003809,19.519547,0.000000,0.000000,19.963381,0.030496,9.354236,2.610188,0.000000,9.399309
206,0,0.000000,13.211596,6.174348,0.003718,13.249244,0.000000,0.000000,20.011361,0.043069,6.873661,6.154788,0.000000,13.063085
207,0,0.000000,12.858411,2.694751,0.010700,14.688258,0.000000,0.000000,15.967007,0.032342,8.554753,2.648069,0.000000,10.429610
208,0,0.000000,9.414493,2.305732,0.002838,10.703178,0.000000,0.000000,11.983431,0.041373,6.746138,2.286482,0.000000,9.061290
209,0,0.000000,9.026586,2.270878,0.002498,10.412772,0.000000,0.000000,15.637626,0.079603,4.106945,6.186441,0.000000,6.500794
210,0,0.000000,9.616229,1.966800,0.003403,10.886468,0.000000,0.000000,15.990287,0.041763,3.991445,5.898917,0.000000,6.829285
211,0,0.000000,9.339117,2.257276,0.002999,10.882842,0.000000,0.000000,15.990791,0.028262,3.750092,6.184211,0.000000,7.406267
212,0,0.000000,9.320380,2.403913,0.003643,11.511849,0.000000,0.000000,16.009728,0.033712,3.735641,6.351099,0.000000,7.306669
213,0,0.000000,9.922509,1.937281,0.016092,10.368977,0.000000,0.000000,16.005016,0.047443,6.669517,5.584291,0.000000,8.875070
214,0,0.000000,14.125981,5.593780,0.010310,14.708571,0.000000,0.000000,19.947436,0.066805,7.672486,5.562855,0.000000,9.095354
215,0,0.000000,13.713376,1.939220,0.003779,13.746671,0.000000,0.000000,16.037844,0.039868,9.295082,1.916934,0.000000,9.343151
216,0,0.000000,13.847106,5.817362,0.005352,19.669820,0.000000,0.000000,19.995334,0.026493,8.336327,5.797499,0.000000,11.052124
217,0,0.000000,14.058631,12.216033,0.035893,21.308246,0.000000,0.000000,32.010097,0.032528,11.249841,8.029278,0.000000,19.311647
218,0,0.000000,9.646740,5.784952,0.011395,15.329630,0.000000,0.000000,15.998248,0.053786,1.866616,5.796643,0.000000,6.596039
219,0,0.000000,18.000793,5.762809,0.002935,18.995942,0.000000,0.000000,23.919769,0.033320,10.774192,5.742858,0.000000,15.849356
220,0,0.000000,9.643362,5.903331,0.019486,15.486947,0.000000,0.000000,16.044207,0.056439,4.053858,5.909378,0.000000,9.981539
221,0,0.000000,17.462086,6.145316,0.004927,17.518971,0.000000,0.000000,23.942055,0.027211,9.689754,6.100658,0.000000,13.692194
222,0,0.000000,13.582891,7.137096,0.010271,16.763908,0.000000,0.000000,23.983011,0.028850,10.398310,7.076614,0.000000,14.413512
223,0,0.000000,9.492712,6.269831,0.009912,15.747593,0.000000,0.000000,16.018089,0.032622,5.445403,6.069456,0.000000,11.547481
224,0,0.000000,15.347758,3.976376,0.014311,15.383648,0.000000,0.000000,23.964851,0.030708,11.617151,7.908644,0.000000,15.615925
225,0,0.000000,12.981010,3.820619,0.003381,16.803402,0.000000,0.000000,23.917751,0.076148,8.849703,7.761885,0.000000,16.568598
226,0,0.000000,11.441031,4.291909,0.010668,13.912203,0.000000,0.000000,16.029331,0.060981,4.781809,4.275863,0.000000,9.090138
227,0,0.000000,13.176817,8.944702,0.013514,13.208642,0.000000,0.000000,24.011563,0.049060,11.523358,8.943753,0.000000,18.564258
228,0,0.000000,8.924723,2.773111,0.002798,11.361098,0.000000,0.000000,15.903206,0.035929,3.346728,6.708619,0.000000,7.499677
229,0,0.000000,8.996204,2.845608,0.002968,9.916799,0.000000,0.000000,15.994337,0.027567,5.049440,6.797109,0.000000,11.868137
230,0,0.000000,9.812829,6.012775,0.013669,15.839273,0.000000,0.000000,16.036963,0.045742,5.757506,6.008268,0.000000,9.814608
231,0,0.000000,13.537106,9.057162,0.016749,22.611017,0.000000,0.000000,27.133274,0.063523,6.858680,12.479337,0.000000,18.435179
232,0,0.000000,14.595594,6.038860,0.019034,19.943204,0.000000,0.000000,20.817458,0.029268,11.385841,6.003760,0.000000,17.417091
233,0,0.000000,18.460222,5.353264,0.011055,23.810342,0.000000,0.000000,24.004783,0.035033,14.075607,5.251596,0.000000,18.083006
234,0,0.000000,17.245310,6.433225,0.003040,17.278986,0.000000,0.000000,23.992957,0.029174,14.307106,6.394925,0.000000,14.342731
235,0,0.000000,16.312972,7.361025,0.005206,19.701177,0.000000,0.000000,23.974345,0.028973,12.373146,7.336430,0.000000,14.462661
236,0,0.000000,9.641753,5.882169,0.004391,14.818720,0.000000,0.000000,16.004046,0.042557,4.167044,5.861518,0.000000,6.259723
237,0,0.000000,13.537389,5.973583,0.008434,13.578964,0.000000,0.000000,19.971041,0.055947,9.264803,5.964379,0.000000,13.644974
238,0,0.000000,15.787113,3.868262,0.013925,15.822035,0.000000,0.000000,24.004513,0.025632,12.362146,7.826219,0.000000,16.375614
239,0,0.000000,9.927436,5.795336,0.016324,15.721031,0.000000,0.000000,16.014504,0.048460,3.967371,5.787917,0.000000,8.054497
240,0,0.000000,13.422364,3.841095,0.015787,17.083696,0.000000,0.000000,19.983395,0.036469,7.271142,3.810994,0.000000,8.231258
241,0,0.000000,13.022984,6.571666,0.003245,19.590401,0.000000,0.000000,19.901024,0.027767,6.484163,6.533971,0.000000,13.032523
242,0,0.000000,13.330523,6.301550,0.004140,19.635693,0.000000,0.000000,19.999061,0.021154,8.153449,6.270752,0.000000,13.384485
243,0,0.000000,13.272995,6.410037,0.005220,19.687902,0.000000,0.000000,20.020492,0.046267,7.658871,6.399014,0.000000,14.063190
244,0,0.000000,13.124212,6.447229,0.046636,19.573951,0.000000,0.000000,19.997879,0.035156,5.344001,6.342492,0.000000,11.721649
245,0,0.000000,15.650700,3.910350,0.003651,15.684373,0.000000,0.000000,19.947734,0.033851,9.985800,0.100590,0.000000,10.026745
246,0,0.000000,7.742996,3.571768,0.010670,11.296409,0.000000,0.000000,16.005733,4.011775,5.483015,0.186140,0.000000,5.693948
247,0,0.000000,7.988138,2.622922,0.012398,10.613976,0.000000,0.000000,15.952262,3.985952,7.011059,0.033440,0.000000,7.038651
248,0,0.000000,7.653497,3.530455,0.011996,11.182652,0.000000,0.000000,15.988282,3.989388,5.226427,0.120944,0.000000,6.205840
249,0,0.000000,8.896939,2.598079,0.009991,9.904171,0.000000,0.000000,12.036452,0.031339,5.934403,0.058230,0.000000,5.970909
250,0,0.000000,9.407694,12.309368,0.010043,21.189294,0.000000,0.000000,27.230619,0.052585,5.469958,12.300187,0.000000,15.415098
251,0,0.000000,9.964018,3.804480,0.014899,13.783397,0.000000,0.000000,16.815485,0.045553,9.748224,0.114897,0.000000,9.795333
252,0,0.000000,9.374748,6.080937,0.010914,15.382090,0.000000,0.000000,19.980659,3.972846,5.602159,0.014541,0.000000,5.633419
253,0,0.000000,12.928972,2.811491,0.016395,12.984080,0.000000,0.000000,19.985332,0.035777,9.994807,6.671602,0.000000,10.395168
254,0,0.000000,11.355716,8.030723,0.018736,19.405175,0.000000,0.000000,19.974944,0.167974,5.761161,4.022326,0.000000,9.824768
255,0,0.000000,9.475700,5.960445,0.010736,14.945516,0.000000,0.000000,15.984423,0.035345,4.649680,4.009539,0.000000,5.264721
256,0,0.000000,13.021196,2.537381,0.012629,13.171029,0.000000,0.000000,16.174629,0.030929,8.925335,2.510169,0.000000,9.139469
257,0,0.000000,10.091285,1.337786,0.008534,10.130784,0.000000,0.000000,11.735970,0.027316,6.519719,0.142002,0.000000,6.675770
258,0,0.000000,9.731572,6.049504,0.003082,12.410809,0.000000,0.000000,20.045741,3.995217,6.144549,6.031276,0.000000,12.021734
259,0,0.000000,12.240560,9.032526,0.015167,14.269927,0.000000,0.000000,22.970308,0.044634,11.108289,9.020511,0.000000,15.054105
260,0,0.000000,14.713554,5.605035,0.004263,14.750663,0.000000,0.000000,20.942184,0.033328,9.896116,5.592784,0.000000,10.580180
261,0,0.000000,10.039628,9.684885,0.013260,18.811014,0.000000,0.000000,19.969378,0.032645,4.742784,7.969211,0.000000,10.885126
262,0,0.000000,15.797426,5.937397,0.004776,17.207057,0.000000,0.000000,24.038814,2.016643,10.886939,5.920897,0.000000,16.938726
263,0,0.000000,16.954084,6.670724,0.021119,16.990944,0.000000,0.000000,24.222686,0.049468,12.789291,0.287233,0.000000,12.850333
264,0,0.000000,16.575825,6.953733,0.014476,16.611281,0.000000,0.000000,23.752282,0.032554,13.316547,6.981185,0.000000,14.328117
265,0,0.000000,9.857652,5.829159,0.010053,15.696864,0.000000,0.000000,15.991718,0.045999,5.706291,5.816871,0.000000,11.458002
266,0,0.000000,16.965592,6.354802,0.003799,23.323519,0.000000,0.000000,23.946899,0.032365,13.059506,6.443511,0.000000,17.078596
267,0,0.000000,9.769239,5.885578,0.003044,15.469403,0.000000,0.000000,16.016982,0.025222,4.091117,5.859003,0.000000,9.972309
268,0,0.000000,15.434059,4.292138,0.009771,15.472053,0.000000,0.000000,19.999195,0.021472,9.529560,0.234748,0.000000,9.547896
269,0,0.000000,14.189399,7.079247,0.017217,14.222705,0.000000,0.000000,21.460011,0.029331,8.020818,5.278908,0.000000,8.052794
270,0,0.000000,13.247965,11.906162,0.016735,19.416369,0.000000,0.000000,26.311131,0.032175,7.786805,11.911496,0.000000,15.814447
271,0,0.000000,10.522308,11.198100,0.005135,15.489363,0.000000,0.000000,23.378508,0.032406,7.994776,11.194331,0.000000,14.437525
272,0,0.000000,14.159123,2.980692,0.003259,14.235127,0.000000,0.000000,17.565728,0.034156,9.575300,2.957344,0.000000,9.609533
273,0,0.000000,9.357184,6.169665,0.008782,15.009409,0.000000,0.000000,15.750003,0.025776,1.336257,6.145581,0.000000,6.360877
274,0,0.000000,9.499991,6.173779,0.010088,14.794033,0.000000,0.000000,16.008422,0.038691,3.423695,6.142372,0.000000,9.604645
275,0,0.000000,14.638956,4.390697,0.010859,14.686491,0.000000,0.000000,27.952569,0.027029,11.042764,12.261221,0.000000,21.475215
276,0,0.000000,9.818920,5.849803,0.002439,14.776569,0.000000,0.000000,16.024556,0.042821,6.436851,5.825775,0.000000,12.144566
277,0,0.000000,13.882346,1.735421,0.008815,13.921207,0.000000,0.000000,20.011038,0.021279,10.668274,5.680828,0.000000,14.671160
278,0,0.000000,9.330797,6.300039,0.004670,15.635506,0.000000,0.000000,15.996531,0.036836,3.681852,6.266466,0.000000,7.692873
279,0,0.000000,13.239755,6.024452,0.010728,19.132366,0.000000,0.000000,19.980823,0.055922,8.489436,2.116651,0.000000,9.468853
280,0,0.000000,9.806152,5.937409,0.006665,15.750226,0.000000,0.000000,16.000467,0.029896,6.397307,5.919762,0.000000,6.431837
281,0,0.000000,16.279447,3.318479,0.008603,16.323945,0.000000,0.000000,23.984179,0.039234,10.456870,7.085816,0.000000,14.442957
282,0,0.000000,13.672435,3.595871,0.003469,17.239252,0.000000,0.000000,23.944484,0.055556,12.436303,7.495191,0.000000,15.144948
283,0,0.000000,9.233977,6.567259,0.002448,15.803203,0.000000,0.000000,16.031059,0.031301,3.066444,6.542162,0.000000,7.110562
284,0,0.000000,14.728909,4.872836,0.006819,14.764519,0.000000,0.000000,20.001702,0.021133,9.350545,0.868915,0.000000,9.375155
285,0,0.000000,16.584470,6.748902,0.008532,16.630223,0.000000,0.000000,24.023111,0.040288,13.241682,6.986793,0.000000,17.306089
286,0,0.000000,12.041563,3.656666,0.017976,15.688344,0.000000,0.000000,15.970060,0.037623,8.072731,3.633736,0.000000,8.118849
287,0,0.000000,12.963866,6.816567,0.006857,19.782879,0.000000,0.000000,20.014619,0.029488,9.427517,6.643484,0.000000,13.505899
288,0,0.000000,12.740158,6.547262,0.008468,19.289995,0.000000,0.000000,19.951215,0.043709,7.879544,6.718673,0.000000,13.811966
289,0,0.000000,12.956932,6.429454,0.013334,19.399720,0.000000,0.000000,23.875939,0.029204,8.255567,10.366277,0.000000,16.277108
290,0,0.000000,13.352396,5.946439,0.011677,15.432022,0.000000,0.000000,19.986790,0.042835,8.965164,5.937083,0.000000,12.976083
291,0,0.000000,9.140831,6.384939,0.014983,15.424065,0.000000,0.000000,16.041773,0.031737,5.573635,6.382955,0.000000,11.975768
292,0,0.000000,13.990303,10.104396,0.017811,19.562943,0.000000,0.000000,24.835293,0.030975,7.879299,10.093249,0.000000,12.726100
293,0,0.000000,14.471481,6.126049,0.012033,14.528958,0.000000,0.000000,23.401922,2.215400,10.697114,6.463803,0.000000,13.520081
294,0,0.000000,15.119766,5.704596,0.013331,20.799035,0.000000,0.000000,24.330599,0.155366,9.932158,6.839540,0.000000,12.536267
295,0,0.000000,14.640936,6.332202,0.003530,20.962227,0.000000,0.000000,21.101327,0.033068,9.257034,6.251607,0.000000,15.541709
296,0,0.000000,12.997630,3.363858,0.012558,13.041467,0.000000,0.000000,20.015897,0.026085,8.133998,3.295457,0.000000,10.902538
297,0,0.000000,13.006020,6.319105,0.011338,19.327696,0.000000,0.000000,19.966983,0.036109,8.471133,6.512005,0.000000,12.950883
298,0,0.000000,13.222500,6.585276,0.007786,19.810620,0.000000,0.000000,20.014989,0.025791,8.273828,6.571278,0.000000,12.306393
299,0,0.000000,10.007492,1.543828,0.002687,10.062429,0.000000,0.000000,15.935494,0.032740,5.532663,5.336420,0.000000,7.076032
300,0,0.000000,10.118226,1.617888,0.010580,10.747540,0.000000,0.000000,16.018533,0.213307,6.528427,5.551663,0.000000,12.293397
301,0,0.000000,10.455173,1.147818,0.007359,10.494939,0.000000,0.000000,15.955721,0.058478,6.901042,5.071216,0.000000,12.002979
302,0,0.000000,9.549099,2.152785,0.010214,11.691352,0.000000,0.000000,16.000919,0.048712,6.011449,5.957828,0.000000,11.913746
303,0,0.000000,9.842161,1.515807,0.003426,10.033012,0.000000,0.000000,15.922097,0.056092,6.470820,5.305206,0.000000,7.938810
304,0,0.000000,9.161902,6.431018,0.007943,15.594947,0.000000,0.000000,15.985625,0.047116,4.115627,6.088137,0.000000,6.806386
305,0,0.000000,13.189353,8.836187,0.022650,18.324655,0.000000,0.000000,23.701496,0.040328,8.578281,8.865522,0.000000,16.101219
306,0,0.000000,18.282314,5.425758,0.010836,18.317265,0.000000,0.000000,28.592670,0.051716,15.020357,9.767622,0.000000,15.877322
307,0,0.000000,13.460474,3.682625,0.009606,17.139022,0.000000,0.000000,19.635260,0.057015,11.952194,0.117754,0.000000,12.002265
308,0,0.000000,9.668170,5.989531,0.003596,15.660098,0.000000,0.000000,16.001108,4.010976,6.173323,0.156489,0.000000,8.033316
309,0,0.000000,13.902029,1.984761,0.010926,13.937993,0.000000,0.000000,20.018834,0.022363,8.041338,5.887405,0.000000,11.183104
310,0,0.000000,9.115674,2.419125,0.011216,10.996739,0.000000,0.000000,15.947976,0.080786,5.339227,6.345701,0.000000,11.765714
311,0,0.000000,9.454112,2.228138,0.002803,9.783486,0.000000,0.000000,16.000092,0.032690,5.950960,6.020612,0.000000,12.004262
312,0,0.000000,9.519565,2.208617,0.009926,10.824419,0.000000,0.000000,15.966910,0.044931,5.200637,6.134094,0.000000,7.378795
313,0,0.000000,10.282080,5.310585,0.003749,14.446559,0.000000,0.000000,15.973882,0.051079,7.164091,2.173987,0.000000,7.211613
314,0,0.000000,13.159527,3.644459,0.003775,16.805928,0.000000,0.000000,22.282890,0.025802,11.432705,5.821014,0.000000,17.277480
315,0,0.000000,12.356299,3.912539,0.003237,16.168248,0.000000,0.000000,21.688780,0.028976,10.939214,7.637271,0.000000,13.767979
316,0,0.000000,13.113987,9.341530,0.021406,13.155623,0.000000,0.000000,24.579710,0.059629,12.039329,9.355339,0.000000,14.272132
317,0,0.000000,10.386188,4.393506,0.018127,14.179876,0.000000,0.000000,15.424361,0.051529,5.189830,4.400234,0.000000,9.253253
318,0,0.000000,12.973805,2.880617,0.002865,13.007510,0.000000,0.000000,16.100469,0.034171,5.291520,2.978351,0.000000,7.349361
319,0,0.000000,12.708042,6.424633,0.022012,19.135471,0.000000,0.000000,19.890136,0.041761,8.442180,6.395812,0.000000,11.532248
320,0,0.000000,12.766641,4.001486,0.009161,12.942850,0.000000,0.000000,23.932322,0.058191,10.498338,7.913547,0.000000,12.363781
321,0,0.000000,13.634000,5.656515,0.019110,13.684084,0.000000,0.000000,19.944334,0.040924,9.567200,5.662016,0.000000,13.588986
322,0,0.000000,17.452668,5.841418,0.014321,23.032463,0.000000,0.000000,23.965818,0.048831,10.436550,5.824743,0.000000,15.250740
323,0,0.000000,17.698881,9.829262,0.008380,23.540683,0.000000,0.000000,27.967385,0.031565,11.747565,5.817179,0.000000,14.235254
324,0,0.000000,9.654196,7.049380,0.024554,12.866005,0.000000,0.000000,27.978500,3.063671,10.161159,10.885033,0.000000,22.511248
325,0,0.000000,13.795074,4.571697,0.004330,18.371101,0.000000,0.000000,26.528848,0.533658,5.994840,11.062307,0.000000,17.310948
326,0,0.000000,13.778138,3.346754,0.003177,14.563359,0.000000,0.000000,21.435955,0.074105,9.781899,7.272306,0.000000,9.856030
327,0,0.000000,12.857548,5.728411,0.017621,14.553573,0.000000,0.000000,26.766654,0.210578,9.508749,12.549642,0.000000,17.189248
328,0,0.000000,14.115680,6.641546,0.026932,20.647245,0.000000,0.000000,21.522004,0.046893,6.925214,6.683680,0.000000,11.270171
329,0,0.000000,16.567053,2.290030,0.007130,16.604592,0.000000,0.000000,23.541993,0.061839,12.178122,6.219107,0.000000,12.249760
330,0,0.000000,9.566912,6.144820,0.003430,15.275287,0.000000,0.000000,16.009428,0.041048,5.331427,6.107324,0.000000,11.469829
331,0,0.000000,13.412602,9.375063,0.021307,17.979271,0.000000,0.000000,24.725663,0.029673,9.508415,4.635824,0.000000,13.337320
332,0,0.000000,11.350663,7.577320,0.016601,18.944584,0.000000,0.000000,27.227580,0.036801,5.664685,11.552985,0.000000,17.248862
333,0,0.000000,8.991177,5.932186,0.012424,9.937980,0.000000,0.000000,15.290330,0.051663,5.118943,6.045186,0.000000,6.344355
334,0,0.000000,11.212302,0.634296,0.009892,11.272486,0.000000,0.000000,15.978053,0.045134,8.393346,4.539216,0.000000,9.021984
335,0,0.000000,9.310736,2.456797,0.016898,10.156586,0.000000,0.000000,16.015158,0.034144,5.589373,6.411891,0.000000,11.281340
336,0,0.000000,9.847449,1.820613,0.009949,10.703442,0.000000,0.000000,15.972318,0.048844,6.202550,5.751236,0.000000,9.800382
337,0,0.000000,10.095136,6.791358,0.012683,16.888258,0.000000,0.000000,19.842715,2.791420,5.358710,6.749244,0.000000,12.149455
338,0,0.000000,17.554600,6.183245,0.021627,17.595614,0.000000,0.000000,24.002411,0.037840,10.271806,2.233365,0.000000,10.822712
339,0,0.000000,13.010905,2.511395,0.003035,14.814059,0.000000,0.000000,15.981299,0.030623,9.561503,2.485503,0.000000,9.594183
340,0,0.000000,8.643314,2.859656,0.003028,11.503722,0.000000,0.000000,11.998084,0.025788,5.088815,2.841861,0.000000,7.950460
341,0,0.000000,9.866919,1.293683,0.013171,9.931366,0.000000,0.000000,12.014226,0.023692,3.790018,1.262026,0.000000,3.835672
342,0,0.000000,10.365704,1.443734,0.009342,10.768528,0.000000,0.000000,11.972651,0.036822,6.337554,1.422420,0.000000,7.692556
343,0,0.000000,9.845082,1.848806,0.033823,9.915725,0.000000,0.000000,11.972351,0.029496,4.200619,1.816717,0.000000,4.489136
344,0,0.000000,9.160278,6.196173,0.016958,15.235542,0.000000,0.000000,16.007394,0.034000,5.563401,6.176314,0.000000,11.754901
345,0,0.000000,14.656668,4.831464,0.008984,14.693725,0.000000,0.000000,19.998457,0.040575,11.385369,4.770328,0.000000,13.944113
346,0,0.000000,17.164062,6.256675,0.010737,17.205568,0.000000,0.000000,23.961025,0.043748,9.936867,6.244951,0.000000,14.434122
347,0,0.000000,10.591931,1.209248,0.009633,10.617652,0.000000,0.000000,15.960798,0.038127,7.316414,5.168190,0.000000,12.488114
348,0,0.000000,9.447792,2.423399,0.003087,9.481253,0.000000,0.000000,15.974314,0.037436,6.457059,6.359145,0.000000,12.700731
349,0,0.000000,9.401964,2.301378,0.013383,9.444134,0.000000,0.000000,12.033433,0.038493,4.796190,2.289283,0.000000,7.110593
350,0,0.000000,7.067209,0.491156,0.010553,7.092243,0.000000,0.000000,7.988790,0.030235,2.844408,0.479554,0.000000,2.880812
351,0,0.000000,9.171237,2.659261,0.002906,9.468784,0.000000,0.000000,11.984757,0.031981,6.026560,2.624365,0.000000,8.517088
352,0,0.000000,17.230899,6.170207,0.011519,17.276955,0.000000,0.000000,24.016753,0.021483,12.990248,2.897661,0.000000,13.015441
353,0,0.000000,16.358213,3.310770,0.011269,16.392462,0.000000,0.000000,19.905389,0.042040,12.756629,3.297654,0.000000,12.785698
354,0,0.000000,11.271850,0.394881,0.003230,11.320399,0.000000,0.000000,11.983146,0.029304,7.655036,0.356964,0.000000,7.707111
355,0,0.000000,13.768228,6.416279,0.019350,19.598669,0.000000,0.000000,20.459194,0.021802,6.657298,4.058692,0.000000,8.818567
356,0,0.000000,13.427609,1.946056,0.017397,13.595043,0.000000,0.000000,15.578078,0.047134,9.587170,1.964732,0.000000,9.658499
357,0,0.000000,9.731295,1.613654,0.010695,10.505815,0.000000,0.000000,11.926167,0.062434,6.414262,1.593583,0.000000,6.476870
358,0,0.000000,13.715720,5.951105,0.012225,19.670213,0.000000,0.000000,19.967671,0.030796,9.241305,1.926404,0.000000,11.159915
359,0,0.000000,9.736724,6.008465,0.005308,15.619675,0.000000,0.000000,16.001287,0.042999,6.149500,5.987357,0.000000,12.044987
360,0,0.000000,9.578339,2.172506,0.004717,9.666055,0.000000,0.000000,12.030213,0.052941,4.916540,2.082767,0.000000,4.977538
361,0,0.000000,13.537537,5.824606,0.003249,18.741535,0.000000,0.000000,19.967974,0.044544,9.183975,5.789024,0.000000,13.267684
362,0,0.000000,12.785611,6.882255,0.003070,19.670499,0.000000,0.000000,19.978669,0.046965,9.763065,6.857347,0.000000,13.802082
363,0,0.000000,12.867534,6.873304,0.011442,19.744924,0.000000,0.000000,20.005002,0.028976,9.028293,6.850811,0.000000,13.081799
364,0,0.000000,12.953972,6.384924,0.006775,19.340730,0.000000,0.000000,19.954688,0.027900,9.363363,6.339787,0.000000,13.396305
365,0,0.000000,13.182563,2.599688,0.003276,15.660000,0.000000,0.000000,23.964229,0.028006,8.531617,7.970748,0.000000,12.953970
366,0,0.000000,8.852433,2.829373,0.002535,11.684264,0.000000,0.000000,15.979547,0.048654,5.591402,6.752795,0.000000,12.392851
367,0,0.000000,8.796226,6.912386,0.015805,15.711013,0.000000,0.000000,16.031409,0.029650,5.091941,6.901381,0.000000,12.020847
368,0,0.000000,13.216413,4.241900,0.010266,13.257478,0.000000,0.000000,27.950612,0.031668,9.621100,12.183086,0.000000,18.319455
369,0,0.000000,10.185967,5.395820,0.011145,14.704429,0.000000,0.000000,15.901784,0.062368,4.889092,1.568126,0.000000,6.488505
370,0,0.000000,16.171001,3.500231,0.011123,16.220397,0.000000,0.000000,23.974321,0.044937,13.148371,7.419505,0.000000,13.861936
371,0,0.000000,11.021076,4.717701,0.002775,14.459203,0.000000,0.000000,16.034388,0.054343,8.597981,4.691580,0.000000,8.657822
372,0,0.000000,13.524033,5.966402,0.017453,18.718955,0.000000,0.000000,20.008229,0.044725,10.173176,1.915840,0.000000,12.132094
373,0,0.000000,13.887156,5.756475,0.007880,19.645830,0.000000,0.000000,19.926948,0.042072,6.991403,1.750164,0.000000,8.774252
374,0,0.000000,9.599582,6.133253,0.003508,15.736343,0.000000,0.000000,16.035047,3.993146,6.082301,5.956389,0.000000,12.066050
375,0,0.000000,13.640454,2.004627,0.002888,15.643986,0.000000,0.000000,16.017688,0.064661,10.050494,1.985898,0.000000,10.125865
376,0,0.000000,13.534411,1.963443,0.011544,13.600807,0.000000,0.000000,15.965172,0.036095,10.357145,1.933248,0.000000,10.402112
377,0,0.000000,9.684702,1.869708,0.008371,10.136364,0.000000,0.000000,11.979518,0.034826,6.690431,1.823216,0.000000,8.418704
378,0,0.000000,9.577311,2.015265,0.002941,9.616758,0.000000,0.000000,11.991613,0.029953,5.983797,1.982791,0.000000,7.994786
379,0,0.000000,12.756758,2.874594,0.002925,12.789198,0.000000,0.000000,15.989547,0.020451,9.488807,2.847727,0.000000,9.518922
380,0,0.000000,12.788754,9.345037,0.018580,16.572239,0.000000,0.000000,24.026214,0.042172,7.899766,8.041118,0.000000,11.930067
381,0,0.000000,10.851288,5.083909,0.013362,15.943079,0.000000,0.000000,16.157444,0.053372,5.777724,5.065324,0.000000,10.883290
382,0,0.000000,17.170089,6.382566,0.010557,17.202983,0.000000,0.000000,23.765213,0.038357,12.612516,6.374673,0.000000,16.657431
383,0,0.000000,8.653714,6.917709,0.003956,15.575379,0.000000,0.000000,16.040679,0.041921,4.681734,6.898932,0.000000,11.515144
384,0,0.000000,13.102004,2.421047,0.003567,13.136935,0.000000,0.000000,15.950699,0.056932,9.736473,2.394623,0.000000,9.782813
385,0,0.000000,13.833771,5.646520,0.018416,19.498707,0.000000,0.000000,19.945899,0.027014,9.849155,5.634385,0.000000,10.910224
386,0,0.000000,13.793860,5.896662,0.012765,19.703287,0.000000,0.000000,19.985790,0.034535,8.839878,4.048736,0.000000,12.917699
387,0,0.000000,17.335131,6.339526,0.012005,17.393321,0.000000,0.000000,24.018504,0.060301,13.381122,6.447182,0.000000,17.531101
388,0,0.000000,16.022436,3.618115,0.003487,16.060880,0.000000,0.000000,19.959862,0.027358,11.642713,3.589145,0.000000,13.100010
389,0,0.000000,13.865448,5.815193,0.012605,19.693246,0.000000,0.000000,19.992420,0.022647,7.749378,4.025938,0.000000,9.524545
390,0,0.000000,13.622822,6.032346,0.012183,19.667351,0.000000,0.000000,19.995012,0.065479,9.534910,6.019332,0.000000,13.704426
391,0,0.000000,13.951348,5.629155,0.010631,19.591134,0.000000,0.000000,19.966429,0.043121,6.933311,4.026193,0.000000,8.568550
392,0,0.000000,13.077794,2.608435,0.003738,15.688224,0.000000,0.000000,15.989593,0.031351,9.678346,2.567335,0.000000,9.714843
393,0,0.000000,13.170891,6.536846,0.003420,19.711157,0.000000,0.000000,19.973232,0.025666,9.335266,2.514765,0.000000,9.366946
394,0,0.000000,13.133962,6.430957,0.014619,19.566652,0.000000,0.000000,19.957471,0.057620,5.313187,2.414748,0.000000,7.785555
395,0,0.000000,12.603272,2.844485,0.010588,15.427243,0.000000,0.000000,16.028318,0.027977,7.317491,2.811482,0.000000,9.008437
396,0,0.000000,13.644143,5.992283,0.020932,13.684196,0.000000,0.000000,20.050446,0.030532,9.751651,5.951123,0.000000,15.613419
397,0,0.000000,13.280858,6.662412,0.004659,13.315604,0.000000,0.000000,20.307909,0.039148,8.887660,2.269874,0.000000,8.938870
398,0,0.000000,12.352331,2.999882,0.010145,15.348375,0.000000,0.000000,15.582092,0.033137,7.751641,2.967875,0.000000,10.740475
399,0,0.000000,9.954105,1.742367,0.014337,9.985620,0.000000,0.000000,15.980494,0.026785,4.403920,5.685319,0.000000,7.487107
400,0,0.000000,10.566822,4.941708,0.007543,13.691283,0.000000,0.000000,16.013075,0.058390,5.141853,4.924629,0.000000,9.795782
401,0,0.000000,12.974760,5.614614,0.003295,14.577182,0.000000,0.000000,22.718887,0.099314,10.925293,8.527979,0.000000,10.958959
402,0,0.000000,14.406331,5.843300,0.014483,14.546949,0.000000,0.000000,24.084611,0.055661,10.148165,8.768164,0.000000,10.524208
403,0,0.000000,13.742441,6.701892,0.032121,20.405327,0.000000,0.000000,20.949258,0.056292,10.016334,2.698468,0.000000,10.053316
404,0,0.000000,17.614217,5.793774,0.010414,23.372800,0.000000,0.000000,23.943170,0.053435,13.553057,5.767020,0.000000,16.480120
405,0,0.000000,16.524621,3.202848,0.006722,16.571698,0.000000,0.000000,23.957925,0.029765,13.131759,7.124877,0.000000,13.164757
406,0,0.000000,9.901739,5.652604,0.006636,14.967070,0.000000,0.000000,16.029603,0.047527,5.657219,5.572904,0.000000,7.308519
407,0,0.000000,13.407197,5.973830,0.017455,19.384395,0.000000,0.000000,19.975353,0.033382,5.072843,5.952432,0.000000,9.094199
408,0,0.000000,13.279359,7.781399,0.008623,17.968129,0.000000,0.000000,23.972649,0.032998,6.276151,7.606039,0.000000,13.915188
409,0,0.000000,9.741071,5.961048,0.002732,14.977083,0.000000,0.000000,15.983655,0.061998,5.569307,5.911688,0.000000,7.577149
410,0,0.000000,14.696270,4.814464,0.004352,14.747963,0.000000,0.000000,24.531102,0.035487,10.462160,9.268002,0.000000,10.500665
411,0,0.000000,17.530026,5.393544,0.010508,22.904289,0.000000,0.000000,23.467127,0.073229,13.587212,1.368252,0.000000,13.622684
412,0,0.000000,16.735477,3.068606,0.062903,16.774241,0.000000,0.000000,23.972491,0.032969,11.695381,6.918467,0.000000,11.834702
413,0,0.000000,13.143894,3.597902,0.014535,16.739160,0.000000,0.000000,23.957512,0.056306,10.608232,7.528644,0.000000,14.157940
414,0,0.000000,10.070521,5.682462,0.002667,15.749192,0.000000,0.000000,16.013035,0.031285,6.295780,5.654538,0.000000,7.980364
415,0,0.000000,13.654115,2.157221,0.002598,15.813097,0.000000,0.000000,16.025517,0.028783,10.039777,2.127634,0.000000,10.073175
416,0,0.000000,14.038317,1.294122,0.004576,14.104666,0.000000,0.000000,17.057485,0.030987,10.349981,2.316856,0.000000,10.383649
417,0,0.000000,12.396801,2.138444,0.011403,12.433049,0.000000,0.000000,14.857484,0.042051,3.994314,2.122505,0.000000,4.810497
418,0,0.000000,17.512712,6.311528,0.011146,17.562284,0.000000,0.000000,24.000711,0.030515,12.751321,6.288686,0.000000,12.805404
419,0,0.000000,17.180351,6.535382,0.004110,17.217436,0.000000,0.000000,23.969203,0.026925,13.486828,6.525194,0.000000,13.543595
420,0,0.000000,16.472947,3.193574,0.003769,16.519722,0.000000,0.000000,20.013504,0.030194,12.796735,0.027481,0.000000,12.844079
421,0,0.000000,9.694445,5.819096,0.003773,15.517314,0.000000,0.000000,16.029613,0.182479,4.337197,4.012272,0.000000,7.560450
422,0,0.000000,13.353401,6.453762,0.010871,19.803843,0.000000,0.000000,20.009354,0.057143,6.826860,6.335497,0.000000,13.219500
423,0,0.000000,13.644031,4.756061,0.012226,14.274118,0.000000,0.000000,19.001085,0.111014,9.253546,4.623363,0.000000,9.314364
424,0,0.000000,15.518951,6.122612,0.003463,19.530822,0.000000,0.000000,22.027941,1.776097,9.461282,6.106867,0.000000,15.100683
425,0,0.000000,9.500841,6.277331,0.011257,15.786120,0.000000,0.000000,16.041689,0.029897,4.738910,6.166861,0.000000,10.928867
426,0,0.000000,17.856722,5.591220,0.015004,17.898483,0.000000,0.000000,23.984526,0.037371,13.518069,1.557545,0.000000,13.559774
427,0,0.000000,14.001499,1.745438,0.003357,14.034918,0.000000,0.000000,15.969159,0.044737,10.757026,1.716026,0.000000,10.783426
428,0,0.000000,13.649673,5.907795,0.009929,19.352720,0.000000,0.000000,20.093777,0.028354,9.550870,5.878809,0.000000,13.669500
429,0,0.000000,17.282792,6.097329,0.004292,17.331801,0.000000,0.000000,26.354811,0.031963,11.079048,8.513991,0.000000,13.565031
430,0,0.000000,14.555037,6.801872,0.040115,14.596065,0.000000,0.000000,21.583215,0.056155,10.541637,4.057632,0.000000,12.638400
431,0,0.000000,16.820725,2.750223,0.003059,16.857592,0.000000,0.000000,19.937310,0.055421,13.010923,2.702257,0.000000,13.049226
432,0,0.000000,13.719919,6.074886,0.010543,19.805348,0.000000,0.000000,19.991022,0.034517,7.981584,6.062997,0.000000,12.712248
433,0,0.000000,17.330325,5.977051,0.011615,23.310212,0.000000,0.000000,23.852807,0.038627,9.694288,1.947100,0.000000,9.738640
434,0,0.000000,13.080775,6.199250,0.011226,19.282529,0.000000,0.000000,19.971518,0.034022,5.170392,2.186491,0.000000,7.380825
435,0,0.000000,13.012949,6.798595,0.020047,19.814144,0.000000,0.000000,19.991263,0.034358,8.243592,2.891511,0.000000,9.285668
436,0,0.000000,13.768787,8.877068,0.018744,18.434237,0.000000,0.000000,24.742534,0.050520,8.438433,4.733141,0.000000,9.611315
437,0,0.000000,13.426153,6.476268,0.005420,19.906883,0.000000,0.000000,23.233152,0.050715,11.491738,2.637969,0.000000,11.563656
438,0,0.000000,10.577630,4.781657,0.016446,15.106806,0.000000,0.000000,19.033231,0.092550,5.137847,7.816584,0.000000,9.206052
439,0,0.000000,11.219927,5.319804,0.008662,16.367245,0.000000,0.000000,16.956939,0.051888,7.377241,5.314589,0.000000,12.720957
440,0,0.000000,13.764363,6.014327,0.008502,19.778857,0.000000,0.000000,19.995126,0.030816,9.195659,6.003894,0.000000,15.229255
441,0,0.000000,12.681380,6.800266,0.009541,19.484108,0.000000,0.000000,19.953394,0.037495,8.601721,6.838496,0.000000,12.647526
442,0,0.000000,13.492606,2.167927,0.004265,15.390331,0.000000,0.000000,16.000896,0.034375,8.161650,2.139460,0.000000,8.201846
443,0,0.000000,8.478266,3.126329,0.002881,11.606669,0.000000,0.000000,11.974565,0.022546,5.235524,3.093111,0.000000,8.350920
444,0,0.000000,9.764160,1.910018,0.009947,11.191308,0.000000,0.000000,12.010545,0.023620,5.599511,1.890691,0.000000,7.484741
445,0,0.000000,8.324812,3.410283,0.009076,11.737456,0.000000,0.000000,11.972871,0.025826,4.778234,3.358224,0.000000,8.161836
446,0,0.000000,14.232991,5.403493,0.004615,14.274230,0.000000,0.000000,20.023719,0.028751,10.119921,5.382238,0.000000,14.169084
447,0,0.000000,13.145875,6.638972,0.008501,19.786400,0.000000,0.000000,19.968144,0.055705,9.460691,2.593618,0.000000,9.517857
448,0,0.000000,16.896679,6.857385,0.021223,23.758574,0.000000,0.000000,24.028919,0.038799,9.500009,2.604538,0.000000,9.729069
449,0,0.000000,17.685051,1.636913,0.011885,17.755715,0.000000,0.000000,19.861369,0.053335,13.134553,1.572822,0.000000,13.203835
450,0,0.000000,13.629216,5.964715,0.002993,19.026374,0.000000,0.000000,19.989113,0.031098,9.196247,5.934469,0.000000,13.232927
451,0,0.000000,13.085719,2.721059,0.002901,13.119668,0.000000,0.000000,15.989243,0.025117,8.192409,2.682881,0.000000,8.450208
452,0,0.000000,13.297036,6.304848,0.018802,19.619355,0.000000,0.000000,20.016032,0.028817,6.520837,2.299938,0.000000,8.849592
453,0,0.000000,13.606723,6.046376,0.009191,19.655976,0.000000,0.000000,19.929532,0.053141,9.580846,2.043627,0.000000,9.638295
454,0,0.000000,13.747722,1.799295,0.008645,13.790644,0.000000,0.000000,16.013217,0.048584,6.870239,1.771087,0.000000,8.684967
455,0,0.000000,10.919139,0.791532,0.008808,10.956869,0.000000,0.000000,11.991066,0.027553,4.085329,0.774389,0.000000,4.118828
456,0,0.000000,15.310936,4.192277,0.017155,15.362031,0.000000,0.000000,24.479029,0.032830,11.330793,8.649267,0.000000,15.839635
457,0,0.000000,12.258747,6.985542,0.011437,19.246978,0.000000,0.000000,19.532207,0.051773,8.470972,6.981418,0.000000,13.849348
458,0,0.000000,12.952419,2.681469,0.002977,15.635975,0.000000,0.000000,19.903293,0.068566,8.371254,6.606255,0.000000,12.783351
459,0,0.000000,9.450347,2.258725,0.002617,9.478093,0.000000,0.000000,15.993735,0.022694,5.750712,6.200374,0.000000,11.971634
460,0,0.000000,8.608352,3.036364,0.002757,9.901852,0.000000,0.000000,18.181911,0.026577,4.503027,9.159763,0.000000,13.571416
461,0,0.000000,10.881875,3.654505,0.021536,14.540180,0.000000,0.000000,21.971424,0.052351,10.260431,7.569343,0.000000,17.682257
462,0,0.000000,10.088497,5.343792,0.033797,14.033326,0.000000,0.000000,15.886965,0.054943,1.746646,5.321348,0.000000,6.907294
463,0,0.000000,13.610864,7.650837,0.016334,17.365129,0.000000,0.000000,23.932236,0.043175,10.923813,7.627891,0.000000,10.978704
464,0,0.000000,9.895704,5.594905,0.003683,14.632469,0.000000,0.000000,15.984460,0.034231,6.746079,5.555326,0.000000,9.871794
465,0,0.000000,17.412306,5.922179,0.012206,17.467918,0.000000,0.000000,23.701798,0.123157,13.813249,5.838943,0.000000,15.069300
466,0,0.000000,13.113882,6.653743,0.020128,19.769736,0.000000,0.000000,20.002670,0.044304,7.914534,6.640157,0.000000,11.052016
467,0,0.000000,16.480598,7.192544,0.009773,16.539085,0.000000,0.000000,23.962727,0.043397,13.555663,7.174046,0.000000,17.316295
468,0,0.000000,10.061753,6.444993,0.003750,15.400478,0.000000,0.000000,16.628601,0.037041,5.641478,5.800115,0.000000,11.472907
469,0,0.000000,16.058206,2.977441,0.002648,16.095431,0.000000,0.000000,19.307154,0.075381,12.681711,2.955553,0.000000,12.764075
470,0,0.000000,13.109274,6.748964,0.007520,19.860575,0.000000,0.000000,19.984059,0.021254,8.384337,4.005766,0.000000,12.408291
471,0,0.000000,12.650046,3.127084,0.002877,15.777993,0.000000,0.000000,15.994940,0.058631,8.568051,3.096618,0.000000,8.623966
472,0,0.000000,13.549122,6.228586,0.017629,15.780755,0.000000,0.000000,20.023361,0.022885,10.581092,6.217062,0.000000,11.024682
473,0,0.000000,9.930020,1.569926,0.011003,10.391538,0.000000,0.000000,11.971530,0.043262,4.940472,1.556505,0.000000,6.519555
474,0,0.000000,8.091302,3.467932,0.010565,11.556870,0.000000,0.000000,11.974214,0.031653,4.386575,3.439236,0.000000,7.839529
475,0,0.000000,13.620801,5.969441,0.006912,15.124157,0.000000,0.000000,20.027805,0.030278,9.994975,5.932597,0.000000,15.940881
476,0,0.000000,12.920877,6.411346,0.033165,19.336401,0.000000,0.000000,19.944988,0.092678,9.120991,6.394985,0.000000,15.608654
477,0,0.000000,16.318801,3.491075,0.002817,16.850602,0.000000,0.000000,23.964198,0.031417,11.955152,7.420733,0.000000,11.988957
478,0,0.000000,9.800022,5.947213,0.014849,15.762084,0.000000,0.000000,16.052702,0.023168,5.096816,5.960446,0.000000,11.062865
479,0,0.000000,13.546217,6.032018,0.011294,13.584034,0.000000,0.000000,19.958663,0.028010,9.818526,2.031752,0.000000,9.891724
480,0,0.000000,12.918531,6.354389,0.010491,19.275032,0.000000,0.000000,19.449330,0.053675,8.653054,6.316063,0.000000,15.001202
481,0,0.000000,9.512856,6.530028,0.002915,15.796085,0.000000,0.000000,16.411701,0.038452,4.877367,6.672553,0.000000,7.597891
482,0,0.000000,12.678730,2.946077,0.013447,15.619304,0.000000,0.000000,16.584430,0.033099,8.309795,3.468027,0.000000,8.363444
483,0,0.000000,9.015246,2.117872,0.002743,11.135335,0.000000,0.000000,11.413817,0.046379,5.813461,2.095216,0.000000,7.939337
484,0,0.000000,10.525156,1.166896,0.002798,10.565516,0.000000,0.000000,11.988517,0.025704,3.521767,1.136295,0.000000,3.551230
485,0,0.000000,9.709122,1.896916,0.002613,11.608651,0.000000,0.000000,11.992311,0.020682,6.399765,1.864531,0.000000,8.271139
486,0,0.000000,10.679871,0.908530,0.011053,10.747257,0.000000,0.000000,12.010987,0.022463,4.039739,0.860658,0.000000,4.069549
487,0,0.000000,9.380442,2.147028,0.011077,11.530859,0.000000,0.000000,12.000213,0.030466,5.537616,2.132514,0.000000,7.679188
488,0,0.000000,10.209808,1.401041,0.009795,10.247950,0.000000,0.000000,11.969050,0.026010,3.725714,1.374429,0.000000,3.760298
489,0,0.000000,7.987774,3.748472,0.002410,11.738656,0.000000,0.000000,11.978000,0.025270,4.080544,3.699471,0.000000,7.803590
490,0,0.000000,9.019932,2.763693,0.003010,10.633064,0.000000,0.000000,12.001440,0.024141,4.220383,2.735332,0.000000,6.968893
491,0,0.000000,7.878518,3.820182,0.002872,11.700883,0.000000,0.000000,11.986303,0.023879,4.382506,3.783810,0.000000,8.189565
492,0,0.000000,9.677337,1.885982,0.004371,9.716647,0.000000,0.000000,12.097152,0.027726,3.327122,1.880980,0.000000,4.786281
493,0,0.000000,7.703672,7.803064,0.004085,15.510821,0.000000,0.000000,19.570097,0.026687,4.129596,7.781537,0.000000,11.937820
494,0,0.000000,12.368824,7.613233,0.004602,19.984266,0.000000,0.000000,20.272863,0.036229,7.531478,3.632355,0.000000,7.591535
495,0,0.000000,13.858160,3.778422,0.010813,17.620299,0.000000,0.000000,23.989640,0.045303,7.265733,7.692127,0.000000,14.851558
496,0,0.000000,13.788176,8.701176,0.025962,13.855837,0.000000,0.000000,23.500228,0.042196,10.873131,0.013985,0.000000,10.919510
497,0,0.000000,13.850258,6.454440,0.019436,20.036319,0.000000,0.000000,20.456804,0.059209,8.115700,2.440163,0.000000,8.150547
498,0,0.000000,17.255185,6.148167,0.010076,17.297263,0.000000,0.000000,23.973492,0.045168,14.561593,6.108239,0.000000,14.605787
499,0,0.000000,17.048523,6.518856,0.011622,17.086748,0.000000,0.000000,23.956706,0.027539,12.763417,0.164303,0.000000,12.797721
500,0,0.000000,15.001909,4.529292,0.002659,15.039991,0.000000,0.000000,20.025216,0.032663,12.235922,4.502818,0.000000,12.273550
501,0,0.000000,15.034722,4.681973,0.003605,15.084448,0.000000,0.000000,19.992280,0.028566,8.152172,4.655459,0.000000,10.059543
502,0,0.000000,12.176115,3.563157,0.010183,15.568475,0.000000,0.000000,15.996743,0.041555,5.455705,3.539826,0.000000,9.023869
503,0,0.000000,14.193500,5.620077,0.010286,19.808046,0.000000,0.000000,19.969014,0.026723,10.144237,5.588258,0.000000,14.129221
504,0,0.000000,13.969650,5.798868,0.020129,19.788647,0.000000,0.000000,20.092018,0.055895,9.552521,5.839279,0.000000,15.067029
505,0,0.000000,12.882114,2.263653,0.019844,13.767451,0.000000,0.000000,15.902645,0.048685,5.137843,2.250829,0.000000,7.422811
506,0,0.000000,13.581857,5.977152,0.007945,19.566954,0.000000,0.000000,19.960861,0.036015,10.484814,1.956657,0.000000,10.535582
507,0,0.000000,13.914950,5.788775,0.004719,13.953133,0.000000,0.000000,20.005155,0.042918,10.601422,5.784405,0.000000,11.542129
508,0,0.000000,11.766269,3.537361,0.008627,15.308166,0.000000,0.000000,15.967448,0.025394,8.864256,3.484097,0.000000,8.896637
509,0,0.000000,12.986906,2.625352,0.008915,13.022571,0.000000,0.000000,15.993949,0.052601,8.602234,0.008852,0.000000,8.620082
510,0,0.000000,12.823320,6.815800,0.021832,19.643878,0.000000,0.000000,20.002474,0.031063,8.589773,0.089232,0.000000,8.607165
511,0,0.000000,12.726621,2.833896,0.015583,12.764890,0.000000,0.000000,15.995510,0.044352,9.744677,2.832026,0.000000,9.808242
512,0,0.000000,13.793061,5.264656,0.017655,19.037997,0.000000,0.000000,20.001672,0.030990,9.866669,5.262215,0.000000,12.353942
513,0,0.000000,15.120467,4.524255,0.010309,15.167718,0.000000,0.000000,19.896160,0.048654,10.689212,0.914430,0.000000,10.725780
514,0,0.000000,12.612176,3.117936,0.016094,15.710290,0.000000,0.000000,15.969237,0.057541,8.602175,3.105290,0.000000,10.548590
515,0,0.000000,10.235839,1.322179,0.009230,10.269912,0.000000,0.000000,11.975241,0.044036,6.055188,1.304459,0.000000,6.883278
516,0,0.000000,10.201559,1.167632,0.010511,10.240744,0.000000,0.000000,11.999212,0.031393,4.679331,1.137128,0.000000,5.644620
517,0,0.000000,13.001585,6.370816,0.014200,15.353292,0.000000,0.000000,20.018309,0.030536,8.883545,6.330120,0.000000,11.288418
518,0,0.000000,12.098380,3.297238,0.016607,15.388065,0.000000,0.000000,19.927889,0.048493,7.728798,7.235134,0.000000,12.053199
519,0,0.000000,12.985071,3.612662,0.031465,13.124869,0.000000,0.000000,23.980573,0.050205,8.449446,7.505727,0.000000,12.442792
520,0,0.000000,9.904865,5.553149,0.011340,14.382532,0.000000,0.000000,16.143841,0.033677,3.790865,5.763980,0.000000,7.878392
521,0,0.000000,12.756531,3.932219,0.013466,12.814780,0.000000,0.000000,23.827520,0.096225,8.764621,7.817525,0.000000,13.898798
522,0,0.000000,9.758418,6.034885,0.008852,15.024047,0.000000,0.000000,16.028236,0.037283,6.386029,5.953119,0.000000,8.412740
523,0,0.000000,13.339629,6.456363,0.003349,13.377702,0.000000,0.000000,23.676565,0.041400,9.892861,10.126225,0.000000,16.969872
524,0,0.000000,12.593621,3.101840,0.013491,13.343655,0.000000,0.000000,20.262384,0.067985,7.599597,6.997297,0.000000,10.702444
525,0,0.000000,13.793819,5.432233,0.008354,14.771912,0.000000,0.000000,20.020244,0.031427,10.485643,5.384834,0.000000,10.520369
526,0,0.000000,18.102507,5.349308,0.009972,18.159114,0.000000,0.000000,23.973312,0.042380,14.074947,1.335734,0.000000,14.119194
527,0,0.000000,12.942578,6.879172,0.003083,19.824282,0.000000,0.000000,20.010438,0.037461,6.006496,6.855765,0.000000,10.035081
528,0,0.000000,12.942078,6.558610,0.009801,19.503040,0.000000,0.000000,23.938726,0.070198,8.485762,10.494282,0.000000,12.550356
529,0,0.000000,10.143228,5.273865,0.002684,13.767971,0.000000,0.000000,15.672350,0.196174,7.184714,0.003382,0.000000,7.239238
530,0,0.000000,13.801446,6.052534,0.010885,13.837804,0.000000,0.000000,20.015895,0.049013,9.428679,6.034783,0.000000,12.844256
531,0,0.000000,16.965840,6.649653,0.018818,17.001678,0.000000,0.000000,25.967249,0.047153,9.746872,8.596100,0.000000,11.757123
532,0,0.000000,15.804950,5.580604,0.030111,17.281991,0.000000,0.000000,22.172025,0.047954,9.852396,5.589802,0.000000,9.919221
533,0,0.000000,13.606146,5.470573,0.008485,19.078970,0.000000,0.000000,19.800940,1.011148,5.405272,5.442365,0.000000,11.409913
534,0,0.000000,17.954723,10.046767,0.018715,18.608515,0.000000,0.000000,28.481746,0.026764,11.403816,9.942427,0.000000,11.470144
535,0,0.000000,16.228804,6.767567,0.003778,16.269286,0.000000,0.000000,23.461904,0.069257,13.218430,6.735830,0.000000,13.270032
536,0,0.000000,14.433628,1.114694,0.003872,14.472497,0.000000,0.000000,19.975287,0.032765,9.330293,5.042897,0.000000,14.334097
537,0,0.000000,9.782083,2.086158,0.022291,11.127328,0.000000,0.000000,15.979238,0.045550,6.106014,5.989291,0.000000,8.003483
538,0,0.000000,15.818659,7.475751,0.004027,15.871396,0.000000,0.000000,23.992722,0.029477,12.178795,7.451520,0.000000,16.193715
539,0,0.000000,9.735725,6.077455,0.002788,14.894492,0.000000,0.000000,16.006722,0.043718,4.055739,6.045565,0.000000,10.127081
540,0,0.000000,16.267580,7.119917,0.003419,16.944112,0.000000,0.000000,23.973793,0.033292,10.630306,7.092495,0.000000,14.657767
541,0,0.000000,15.940657,7.605656,0.013747,16.667823,0.000000,0.000000,24.003665,0.027484,10.466103,7.572357,0.000000,14.343929
542,0,0.000000,10.664554,4.870282,0.010983,14.645593,0.000000,0.000000,16.011938,0.053003,4.289804,4.864683,0.000000,8.347549
543,0,0.000000,17.253876,8.538836,0.021251,17.607475,0.000000,0.000000,26.012331,0.044518,14.232914,8.548850,0.000000,16.292846
544,0,0.000000,14.765111,6.086430,0.008033,16.450990,0.000000,0.000000,22.367710,0.037570,7.088362,1.654444,0.000000,8.770651
545,0,0.000000,9.609916,1.919272,0.009424,9.952930,0.000000,0.000000,16.029580,0.057024,3.351805,5.853346,0.000000,9.229281
546,0,0.000000,9.367071,2.308426,0.014494,10.212441,0.000000,0.000000,18.267094,0.030131,3.469992,8.519805,0.000000,12.007450
547,0,0.000000,14.958248,5.848160,0.011080,15.036322,0.000000,0.000000,21.760223,0.036764,11.234147,5.985862,0.000000,13.495157
548,0,0.000000,12.970430,5.514281,0.012842,16.224847,0.000000,0.000000,25.868203,0.045573,9.002014,5.886039,0.000000,14.917690
549,0,0.000000,15.135129,2.779828,0.021620,15.170697,0.000000,0.000000,18.100900,0.030760,8.258681,2.741905,0.000000,8.293678
550,0,0.000000,13.584818,6.125432,0.010173,19.700407,0.000000,0.000000,19.987914,0.032725,7.426080,6.095283,0.000000,13.545895
551,0,0.000000,17.718411,1.903364,0.011459,19.609656,0.000000,0.000000,19.997959,0.036396,8.558058,1.869276,0.000000,8.594460
552,0,0.000000,14.021297,9.499308,0.020439,22.563352,0.000000,0.000000,23.821677,0.032487,10.902668,9.496164,0.000000,14.771308
553,0,0.000000,16.660801,3.121338,0.024586,16.716727,0.000000,0.000000,27.063430,0.034000,13.584478,9.994155,0.000000,17.583441
554,0,0.000000,12.940255,7.648630,0.004463,20.591271,0.000000,0.000000,21.042922,0.053101,8.945884,7.623239,0.000000,11.697538
555,0,0.000000,9.605865,6.274639,0.003034,15.881956,0.000000,0.000000,16.012898,0.040580,4.581428,6.241423,0.000000,10.862198
556,0,0.000000,16.897164,2.914857,0.003803,16.932832,0.000000,0.000000,23.951014,0.027963,11.775456,6.848307,0.000000,15.758963
557,0,0.000000,13.302895,6.222464,0.010274,15.013099,0.000000,0.000000,20.032289,0.031620,9.906730,6.215568,0.000000,9.958465
558,0,0.000000,15.231470,4.506475,0.018467,15.269795,0.000000,0.000000,27.006615,0.046207,11.726679,11.504064,0.000000,17.253883
559,0,0.000000,13.810096,6.757141,0.002704,20.569352,0.000000,0.000000,20.945576,0.054609,9.779023,3.989790,0.000000,13.816547
560,0,0.000000,18.316688,5.266882,0.014349,23.597919,0.000000,0.000000,24.027261,0.033991,14.708616,5.281257,0.000000,16.048115
561,0,0.000000,12.844976,4.505361,0.003082,12.887507,0.000000,0.000000,19.845304,0.046764,11.566666,0.008932,0.000000,11.592450
562,0,0.000000,9.431592,5.959169,0.002988,15.345789,0.000000,0.000000,15.845582,0.052410,2.612290,5.940316,0.000000,6.288999
563,0,0.000000,16.600831,2.982425,0.010348,16.651382,0.000000,0.000000,19.996147,0.029421,12.865885,0.005479,0.000000,12.893862
564,0,0.000000,9.902004,5.940409,0.002637,15.035137,0.000000,0.000000,16.017572,0.040855,5.843752,0.175667,0.000000,5.887534
565,0,0.000000,12.880248,2.886447,0.003255,12.931373,0.000000,0.000000,16.018569,0.045315,8.980771,2.874744,0.000000,9.016429
566,0,0.000000,9.134890,2.419497,0.010919,11.556069,0.000000,0.000000,11.962890,0.025633,5.478415,0.004207,0.000000,5.506981
567,0,0.000000,9.866324,5.811524,0.002745,15.680593,0.000000,0.000000,16.006796,0.027044,6.083737,5.786694,0.000000,11.896796
568,0,0.000000,13.116980,6.639663,0.003758,19.738089,0.000000,0.000000,19.983237,0.035936,8.987500,3.986085,0.000000,13.008230
569,0,0.000000,13.097795,2.342266,0.003423,15.202586,0.000000,0.000000,15.993960,0.353988,8.735712,2.307281,0.000000,9.556282
570,0,0.000000,13.050240,6.587972,0.004175,19.642387,0.000000,0.000000,19.978648,0.025520,10.039119,6.564728,0.000000,14.049228
571,0,0.000000,13.814509,5.933572,0.003657,19.751680,0.000000,0.000000,19.979173,0.037218,6.645841,5.894858,0.000000,12.574194
572,0,0.000000,9.607589,6.147419,0.002934,12.503415,0.000000,0.000000,16.007400,0.026915,3.917045,0.002963,0.000000,3.946284
573,0,0.000000,12.966292,7.764405,0.024238,16.779174,0.000000,0.000000,23.987252,0.031095,12.183765,3.994481,0.000000,12.865573
574,0,0.000000,10.021208,5.566181,0.002819,14.868189,0.000000,0.000000,15.987513,0.044503,6.208334,1.527617,0.000000,7.759163
575,0,0.000000,17.049036,2.756009,0.017166,17.086400,0.000000,0.000000,20.029475,0.022789,13.027597,2.752536,0.000000,13.068557
576,0,0.000000,13.585135,6.064436,0.003235,15.687491,0.000000,0.000000,19.937641,0.129591,9.799203,2.065751,0.000000,9.840221
577,0,0.000000,13.403292,3.759253,0.004652,17.140325,0.000000,0.000000,19.932852,0.029646,10.289226,0.014603,0.000000,10.326054
578,0,0.000000,12.964773,9.222068,0.008109,22.191651,0.000000,0.000000,22.443245,0.028251,6.998157,4.023879,0.000000,8.180315
579,0,0.000000,17.402750,7.823271,0.018517,17.457201,0.000000,0.000000,25.480758,0.054234,12.686003,0.009924,0.000000,12.743154
580,0,0.000000,15.670614,9.042521,0.017657,17.779247,0.000000,0.000000,24.992455,0.039974,12.768219,9.018439,0.000000,12.818171
581,0,0.000000,12.538424,7.647286,0.005711,16.208377,0.000000,0.000000,22.994587,0.033579,7.245132,3.669437,0.000000,10.704321
582,0,0.000000,13.013649,8.504522,0.019567,14.617474,0.000000,0.000000,27.432423,0.055916,11.504752,11.562314,0.000000,11.949722
583,0,0.000000,14.002395,6.425541,0.019764,20.432055,0.000000,0.000000,20.693506,0.045211,6.974877,2.335989,0.000000,9.163222
584,0,0.000000,10.974818,6.153858,0.011795,11.755134,0.000000,0.000000,22.872314,1.088088,8.159573,11.034450,0.000000,17.381752
585,0,0.000000,14.274499,4.345516,0.014460,14.309478,0.000000,0.000000,19.056412,0.044972,11.198729,4.277063,0.000000,15.205991
586,0,0.000000,12.966976,3.777236,0.010054,16.717629,0.000000,0.000000,23.984291,0.045163,9.214658,7.713891,0.000000,13.245461
587,0,0.000000,9.192581,6.449994,0.011779,15.507095,0.000000,0.000000,15.995354,0.046540,2.894648,6.417842,0.000000,7.432109
588,0,0.000000,13.061949,7.304832,0.008699,16.386398,0.000000,0.000000,23.965407,0.041455,12.599948,7.259690,0.000000,12.648946
589,0,0.000000,10.870433,5.020183,0.002923,14.344951,0.000000,0.000000,16.020367,0.030063,3.176597,4.982202,0.000000,8.009827
590,0,0.000000,13.680279,3.771226,0.013967,17.454440,0.000000,0.000000,23.983330,0.024289,8.317885,7.702723,0.000000,12.890859
591,0,0.000000,9.356408,6.121608,0.014190,15.481842,0.000000,0.000000,16.003629,0.071874,1.926551,6.087377,0.000000,6.620342
592,0,0.000000,13.355201,12.291947,0.010615,21.621060,0.000000,0.000000,27.918508,0.039117,9.078255,12.279605,0.000000,17.103425
593,0,0.000000,9.607832,5.456766,0.012785,14.310270,0.000000,0.000000,15.807736,0.454667,4.270492,5.115486,0.000000,8.319663
594,0,0.000000,13.836608,12.612129,0.010931,21.351453,0.000000,0.000000,27.889425,0.030368,8.716627,12.602246,0.000000,16.649193
595,0,0.000000,10.091851,5.841946,0.003034,15.913153,0.000000,0.000000,16.114773,0.067212,6.592622,5.837716,0.000000,12.474714
596,0,0.000000,18.744081,4.878612,0.003521,18.786746,0.000000,0.000000,23.964331,0.030927,14.359330,4.793069,0.000000,19.177747
597,0,0.000000,10.911466,0.919856,0.003506,10.947918,0.000000,0.000000,11.997058,0.027038,6.853545,0.892971,0.000000,7.757779
598,0,0.000000,10.614853,1.063662,0.002663,10.648615,0.000000,0.000000,11.985794,0.020052,6.521160,1.028778,0.000000,7.568931
599,0,0.000000,9.701730,1.994745,0.003649,11.698458,0.000000,0.000000,12.004354,0.020970,6.644694,1.958929,0.000000,8.511232
600,0,0.000000,10.711558,8.571739,0.026596,19.309893,0.000000,0.000000,19.661479,0.024951,6.607613,8.597044,0.000000,15.218242
601,0,0.000000,14.560164,11.651443,0.011331,20.708343,0.000000,0.000000,27.981204,0.042920,11.747892,4.003293,0.000000,11.807872
602,0,0.000000,20.472699,3.079957,0.015898,20.511017,0.000000,0.000000,28.266137,0.084745,11.779016,7.012281,0.000000,14.853733
603,0,0.000000,14.004829,5.572178,0.003482,14.041954,0.000000,0.000000,20.006255,0.049352,11.564993,5.543622,0.000000,11.612144
604,0,0.000000,16.635383,6.923532,0.022827,16.673366,0.000000,0.000000,24.004723,0.028734,12.504234,6.913994,0.000000,13.141675
605,0,0.000000,10.351694,5.313353,0.006597,13.930710,0.000000,0.000000,15.975176,0.034511,6.370026,5.289741,0.000000,6.407532
606,0,0.000000,16.776230,3.027303,0.016624,16.811116,0.000000,0.000000,20.007076,0.030471,13.847672,3.008926,0.000000,13.874105
607,0,0.000000,12.844292,6.923981,0.005036,19.770406,0.000000,0.000000,19.943541,0.027679,9.175130,2.918757,0.000000,9.227590
608,0,0.000000,12.866509,6.919748,0.004247,19.788614,0.000000,0.000000,20.003572,0.049358,9.075452,2.906790,0.000000,9.125591
609,0,0.000000,13.665956,8.558918,0.023514,13.712112,0.000000,0.000000,24.190592,0.050362,12.488820,8.578307,0.000000,16.523661
610,0,0.000000,9.667921,5.820341,0.017096,15.505358,0.000000,0.000000,15.750401,0.051708,3.513340,0.013118,0.000000,3.546900
611,0,0.000000,15.102808,9.118313,0.009827,18.465303,0.000000,0.000000,24.856579,0.051013,6.853072,9.098186,0.000000,15.996570
612,0,0.000000,12.806808,5.280715,0.011265,12.849333,0.000000,0.000000,22.440486,0.045639,6.539371,7.363958,0.000000,13.210740
613,0,0.000000,14.508258,5.542958,0.011049,15.474669,0.000000,0.000000,20.648254,0.043535,7.145761,5.527270,0.000000,12.182093
614,0,0.000000,13.134985,2.445212,0.003404,13.875708,0.000000,0.000000,15.965046,0.039717,8.579523,0.005416,0.000000,8.622175
615,0,0.000000,12.906375,2.816855,0.002560,12.939576,0.000000,0.000000,16.011976,0.021129,9.421077,0.004993,0.000000,9.444609
616,0,0.000000,9.873701,5.822198,0.003112,14.947863,0.000000,0.000000,15.973086,0.021399,5.804092,5.796034,0.000000,11.614116
617,0,0.000000,12.900409,2.893759,0.010164,12.932911,0.000000,0.000000,15.996468,0.026980,9.069098,0.038777,0.000000,9.103610
618,0,0.000000,9.232078,2.596773,0.010957,11.042315,0.000000,0.000000,12.002113,0.024125,5.215180,2.580545,0.000000,7.815693
619,0,0.000000,7.668985,0.151990,0.009595,7.699523,0.000000,0.000000,7.980778,0.027522,3.935198,0.140239,0.000000,3.965348
620,0,0.000000,10.047458,1.134792,0.011807,10.102987,0.000000,0.000000,11.996526,0.036717,6.161886,0.003846,0.000000,6.202449
621,0,0.000000,8.977059,6.743466,0.017399,12.405659,0.000000,0.000000,20.012270,4.019652,7.083029,6.754571,0.000000,12.618397
622,0,0.000000,11.994396,3.577339,0.011562,15.437785,0.000000,0.000000,15.969972,0.045789,8.050619,3.547332,0.000000,9.768926
623,0,0.000000,13.138438,6.434601,0.002856,13.193358,0.000000,0.000000,19.987905,0.025817,9.682265,6.388683,0.000000,9.712695
624,0,0.000000,12.587105,2.975549,0.009105,15.565717,0.000000,0.000000,15.994176,0.026118,7.870479,2.923844,0.000000,8.709701
625,0,0.000000,13.451881,6.097527,0.019533,19.541402,0.000000,0.000000,19.994398,0.028809,7.632244,6.105329,0.000000,10.931547
626,0,0.000000,10.800605,4.802086,0.008788,14.379955,0.000000,0.000000,15.917149,0.069161,7.013829,0.808788,0.000000,7.846202
627,0,0.000000,13.643708,6.006494,0.008472,19.652370,0.000000,0.000000,19.995643,0.041687,10.421801,5.970565,0.000000,14.286300
628,0,0.000000,15.653129,4.171251,0.017482,15.702570,0.000000,0.000000,20.046137,0.027660,8.982262,4.186718,0.000000,10.113088
629,0,0.000000,11.667251,0.111736,0.002501,11.703112,0.000000,0.000000,11.941123,0.055290,6.572009,0.085595,0.000000,6.654027
630,0,0.000000,10.282483,1.239997,0.012016,10.325843,0.000000,0.000000,12.004954,0.021085,6.755345,1.222319,0.000000,7.998526
631,0,0.000000,9.291453,2.504766,0.008861,11.798542,0.000000,0.000000,11.989903,0.029265,5.452138,2.480342,0.000000,7.944895
632,0,0.000000,6.838843,0.908862,0.003915,6.865149,0.000000,0.000000,7.987788,0.045472,2.862045,0.909537,0.000000,2.937323
633,0,0.000000,9.052021,2.684674,0.002694,10.681450,0.000000,0.000000,11.963013,0.025728,4.206337,2.640022,0.000000,6.864281
634,0,0.000000,8.140983,3.689207,0.008951,8.824018,0.000000,0.000000,16.022366,0.022410,9.572067,0.009963,0.000000,9.595845
635,0,0.000000,9.560009,2.249372,0.002763,10.031208,0.000000,0.000000,11.967354,0.027337,5.270986,2.238636,0.000000,7.527566
636,0,0.000000,8.153883,3.463555,0.004320,11.621758,0.000000,0.000000,12.006350,0.022922,4.802851,3.428797,0.000000,7.558813
637,0,0.000000,13.134621,6.665682,0.017818,19.802956,0.000000,0.000000,19.988813,0.024377,7.733901,6.635472,0.000000,14.384482
638,0,0.000000,12.869862,6.723533,0.003616,19.597011,0.000000,0.000000,19.998189,0.042581,9.462467,6.819306,0.000000,13.503442
639,0,0.000000,13.213356,3.756487,0.011308,13.261946,0.000000,0.000000,23.919883,0.054315,10.673399,7.621924,0.000000,14.145921
640,0,0.000000,13.088259,2.519794,0.003015,13.130696,0.000000,0.000000,20.005205,0.036556,9.189436,6.432571,0.000000,9.231552
641,0,0.000000,10.036418,5.454623,0.014338,15.235618,0.000000,0.000000,15.937289,0.041067,4.432278,5.646297,0.000000,10.117862
642,0,0.000000,13.590594,3.809548,0.002687,17.380554,0.000000,0.000000,23.920111,0.049597,7.672322,7.737434,0.000000,13.855828
643,0,0.000000,9.831341,5.812237,0.002383,14.953689,0.000000,0.000000,16.028014,0.025897,4.401562,5.782902,0.000000,10.203388
644,0,0.000000,12.680365,3.823320,0.013662,12.715107,0.000000,0.000000,20.036446,0.024896,8.682161,0.068145,0.000000,8.713758
645,0,0.000000,9.507059,1.629159,0.010432,10.447198,0.000000,0.000000,12.043838,0.042777,6.166360,0.018427,0.000000,6.204919
646,0,0.000000,9.770115,2.079143,0.009796,10.741324,0.000000,0.000000,12.050843,0.057299,6.056439,0.017461,0.000000,6.115496
647,0,0.000000,9.486070,2.064735,0.010544,11.316961,0.000000,0.000000,11.983893,0.046915,5.050602,0.046281,0.000000,5.101617
648,0,0.000000,9.194614,6.681744,0.003400,15.879758,0.000000,0.000000,16.046096,4.004708,4.796193,0.004825,0.000000,5.648041
649,0,0.000000,17.161680,6.585379,0.012203,17.197321,0.000000,0.000000,23.989042,0.052778,12.269007,6.570250,0.000000,16.734997
650,0,0.000000,12.216758,3.497424,0.009800,15.718202,0.000000,0.000000,15.982142,0.040807,8.561721,3.478739,0.000000,12.067382
651,0,0.000000,12.876039,2.425502,0.003313,12.915472,0.000000,0.000000,15.982818,0.029080,6.543709,2.380426,0.000000,8.934196
652,0,0.000000,9.933645,1.532923,0.008220,9.995669,0.000000,0.000000,12.008285,0.027203,5.036367,1.496183,0.000000,6.556811
653,0,0.000000,9.549413,2.094602,0.015701,11.659716,0.000000,0.000000,12.000137,0.031632,5.659875,0.010859,0.000000,5.693450
654,0,0.000000,7.596835,3.908225,0.012193,11.517253,0.000000,0.000000,12.003946,0.027696,2.598256,4.146713,0.000000,6.664884
655,0,0.000000,8.949971,2.681907,0.004854,10.841414,0.000000,0.000000,11.960557,0.038793,4.240760,2.665140,0.000000,5.081933
656,0,0.000000,20.130016,3.413492,0.027987,20.175883,0.000000,0.000000,27.968289,0.049336,14.480470,7.339078,0.000000,14.521806
657,0,0.000000,10.548677,4.612420,0.004922,13.863500,0.000000,0.000000,15.570400,0.064645,5.713590,1.038977,0.000000,6.784046
658,0,0.000000,14.180455,5.490344,0.004049,14.203998,0.000000,0.000000,20.003780,0.036567,10.514324,0.126434,0.000000,10.552639
659,0,0.000000,16.908289,9.423114,0.026410,18.941856,0.000000,0.000000,26.833877,0.035721,8.051699,9.437604,0.000000,15.088191
660,0,0.000000,15.682952,4.470759,0.012708,15.722039,0.000000,0.000000,21.151582,0.032693,12.005778,4.456945,0.000000,13.326272
661,0,0.000000,14.186344,7.510150,0.008674,14.237274,0.000000,0.000000,23.946812,0.049886,11.469430,7.478522,0.000000,12.057162
662,0,0.000000,17.836822,5.729872,0.004393,17.882531,0.000000,0.000000,24.050123,0.036251,11.864595,5.708103,0.000000,12.836885
663,0,0.000000,13.640645,6.045784,0.010774,19.689998,0.000000,0.000000,19.983136,0.029997,9.997323,6.049295,0.000000,16.076615
664,0,0.000000,13.485832,5.816127,0.008825,19.304059,0.000000,0.000000,19.955623,0.031933,9.336616,1.788811,0.000000,9.368866
665,0,0.000000,13.638310,5.751695,0.019718,19.409723,0.000000,0.000000,20.047528,0.034597,8.952485,1.736114,0.000000,9.001224
666,0,0.000000,12.859641,6.625025,0.004718,19.485946,0.000000,0.000000,19.896556,0.050669,9.019838,2.612757,0.000000,9.310028
667,0,0.000000,13.767175,5.881743,0.014577,13.805474,0.000000,0.000000,20.014066,0.025235,9.762911,5.835813,0.000000,9.795398
668,0,0.000000,8.727374,6.253634,0.015005,14.623811,0.000000,0.000000,15.450761,0.056512,1.413625,6.230557,0.000000,6.631986
669,0,0.000000,12.837930,6.717030,0.010166,19.556679,0.000000,0.000000,20.002569,0.038475,5.210278,6.685911,0.000000,11.912764
670,0,0.000000,10.918855,7.222184,0.011197,16.298173,0.000000,0.000000,19.974170,0.032727,6.734501,7.201904,0.000000,13.023897
671,0,0.000000,9.871071,5.962276,0.010938,15.824566,0.000000,0.000000,16.076626,0.035695,6.166940,6.001953,0.000000,12.203222
672,0,0.000000,14.518430,5.183797,0.017643,14.553595,0.000000,0.000000,24.264688,0.058713,9.908917,9.497462,0.000000,18.309892
673,0,0.000000,8.726216,6.462861,0.015563,14.780100,0.000000,0.000000,15.553932,0.047545,4.048737,6.421179,0.000000,7.100376
674,0,0.000000,12.966883,6.241746,0.004580,15.799031,0.000000,0.000000,19.992639,0.054246,5.165765,6.442770,0.000000,11.639515
675,0,0.000000,9.865243,5.867961,0.003556,14.915968,0.000000,0.000000,16.034260,0.036431,4.076885,5.853734,0.000000,9.143217
676,0,0.000000,14.695910,4.728101,0.009482,14.734713,0.000000,0.000000,23.764771,0.053504,8.709753,8.513010,0.000000,10.559464
677,0,0.000000,13.426696,6.451990,0.003112,19.880882,0.000000,0.000000,20.199380,0.043298,8.580835,6.432611,0.000000,13.425097
678,0,0.000000,13.162036,6.515880,0.010363,19.688279,0.000000,0.000000,19.993172,0.038559,9.210966,6.518258,0.000000,13.257415
679,0,0.000000,16.863827,6.903758,0.009609,23.769560,0.000000,0.000000,23.931645,0.039238,12.830708,6.874234,0.000000,16.839359
680,0,0.000000,9.293356,6.474675,0.007743,15.757921,0.000000,0.000000,19.087898,0.025345,5.835911,9.520363,0.000000,15.372249
681,0,0.000000,14.312950,2.393259,0.003433,14.345889,0.000000,0.000000,16.931395,0.057408,8.481821,2.355292,0.000000,10.894521
682,0,0.000000,9.236611,3.821771,0.010096,10.686251,0.000000,0.000000,20.036905,2.243855,8.524772,0.020060,0.000000,8.571996
683,0,0.000000,9.426314,2.406014,0.003767,10.356891,0.000000,0.000000,12.037648,0.037743,6.147912,0.154842,0.000000,6.180611
684,0,0.000000,9.007432,2.827835,0.010757,11.607550,0.000000,0.000000,12.035269,0.029948,5.170053,0.026158,0.000000,5.201863
685,0,0.000000,13.819792,4.105429,0.012612,13.866338,0.000000,0.000000,24.500776,1.887536,11.785049,8.529026,0.000000,15.857196
686,0,0.000000,13.606053,7.681586,0.017044,21.034469,0.000000,0.000000,23.462934,0.180262,8.494564,7.655661,0.000000,14.585177
687,0,0.000000,17.329335,6.179739,0.008960,17.369254,0.000000,0.000000,24.002423,0.065854,13.114198,6.153930,0.000000,13.840597
688,0,0.000000,17.232051,6.016987,0.009172,17.289328,0.000000,0.000000,24.000515,0.031511,12.662672,5.970744,0.000000,12.705098
689,0,0.000000,17.881493,5.576924,0.014970,23.424167,0.000000,0.000000,23.896882,0.035712,13.066067,5.521249,0.000000,17.120750
690,0,0.000000,16.973442,6.437295,0.008495,23.263999,0.000000,0.000000,23.991148,0.035600,11.703784,0.032794,0.000000,11.740405
691,0,0.000000,13.449921,3.706891,0.008722,17.158453,0.000000,0.000000,23.917789,0.089460,7.112460,7.599767,0.000000,14.165861
692,0,0.000000,13.431295,3.848819,0.015072,16.934522,0.000000,0.000000,24.014178,0.039116,10.125798,7.757632,0.000000,14.578255
693,0,0.000000,9.744932,5.911415,0.004755,15.661102,0.000000,0.000000,18.649643,0.062337,2.410130,6.687516,0.000000,9.137292
694,0,0.000000,14.571198,8.587890,0.025060,14.633220,0.000000,0.000000,23.839775,0.066583,10.175542,8.580592,0.000000,16.739522
695,0,0.000000,15.617789,4.992849,0.010414,15.659724,0.000000,0.000000,25.023839,0.044896,12.518100,8.540246,0.000000,16.135867
696,0,0.000000,13.847363,2.347795,0.002846,13.885669,0.000000,0.000000,20.380791,0.046929,9.471264,6.286940,0.000000,11.693335
697,0,0.000000,10.304429,5.372377,0.004231,14.293644,0.000000,0.000000,16.064120,0.033154,4.829375,5.379754,0.000000,10.227020
698,0,0.000000,13.203351,6.491450,0.010219,16.728013,0.000000,0.000000,26.050047,0.070559,8.829715,8.472086,0.000000,17.332458
699,0,0.000000,14.834959,6.611505,0.023169,14.875739,0.000000,0.000000,21.914932,0.042432,10.985742,6.619723,0.000000,15.032143
700,0,0.000000,13.702522,5.861138,0.013901,13.737670,0.000000,0.000000,22.467137,0.036763,9.870400,6.507179,0.000000,12.203632
701,0,0.000000,9.232536,7.811136,0.015699,12.730646,0.000000,0.000000,21.461164,0.047719,8.628911,3.841497,0.000000,8.686638
702,0,0.000000,9.738997,5.565234,0.003593,15.305627,0.000000,0.000000,16.028771,0.035962,3.129045,5.556905,0.000000,7.181219
703,0,0.000000,16.665417,6.922037,0.013757,23.589151,0.000000,0.000000,23.922550,0.036407,12.223050,2.983750,0.000000,15.168594
704,0,0.000000,9.821191,6.043731,0.005973,15.870895,0.000000,0.000000,16.046458,0.031967,5.772275,6.027212,0.000000,11.828949
705,0,0.000000,13.420981,5.995202,0.008646,15.302417,0.000000,0.000000,19.887702,0.035201,9.658835,0.320948,0.000000,9.681978
706,0,0.000000,9.576758,6.190421,0.003167,15.769052,0.000000,0.000000,16.005745,0.048877,4.658796,0.014595,0.000000,4.703444
707,0,0.000000,17.430313,6.035801,0.022951,17.473806,0.000000,0.000000,29.186695,0.034032,13.396977,9.189380,0.000000,22.612460
708,0,0.000000,14.290688,8.452824,0.024732,22.768244,0.000000,0.000000,23.330695,0.054682,9.953846,8.693559,0.000000,18.185324
709,0,0.000000,10.031300,4.951684,0.011649,13.181744,0.000000,0.000000,15.492991,0.069716,3.208002,4.956981,0.000000,7.296599
710,0,0.000000,17.977278,5.662703,0.011227,18.037614,0.000000,0.000000,23.930916,0.065467,12.903691,0.019279,0.000000,12.952511
711,0,0.000000,16.031276,3.060116,0.006323,16.076492,0.000000,0.000000,23.943330,0.038345,12.179585,6.930752,0.000000,12.285234
712,0,0.000000,9.837533,2.020929,0.010489,9.875167,0.000000,0.000000,15.996874,0.024276,6.574000,5.948943,0.000000,8.601306
713,0,0.000000,9.072896,2.696018,0.005242,10.249410,0.000000,0.000000,16.029766,0.039378,4.688346,6.648468,0.000000,11.362860
714,0,0.000000,10.822424,0.818349,0.009231,10.861928,0.000000,0.000000,15.949576,0.064028,6.942955,4.753383,0.000000,11.727711
715,0,0.000000,10.437888,1.202976,0.002433,10.474809,0.000000,0.000000,16.023853,0.027473,5.870895,5.159074,0.000000,11.055874
716,0,0.000000,10.593130,5.135816,0.002622,14.642343,0.000000,0.000000,15.988178,0.052500,6.400711,5.072980,0.000000,11.523392
717,0,0.000000,18.162023,5.645460,0.004875,18.208243,0.000000,0.000000,24.014433,0.034675,14.405844,5.624162,0.000000,14.444525
718,0,0.000000,14.817079,5.837233,0.002866,20.567654,0.000000,0.000000,20.977691,0.043929,7.313923,3.974756,0.000000,10.087078
719,0,0.000000,10.437453,5.320201,0.004177,14.732352,0.000000,0.000000,16.014238,0.035404,6.570876,3.995819,0.000000,6.608761
720,0,0.000000,13.815171,7.600600,0.013662,17.454839,0.000000,0.000000,23.957902,0.028574,12.422275,7.560415,0.000000,15.546932
721,0,0.000000,10.039350,5.340296,0.008938,14.085542,0.000000,0.000000,15.723540,0.036873,5.186088,5.310764,0.000000,10.508500
722,0,0.000000,16.487277,3.447902,0.005480,16.520724,0.000000,0.000000,20.301954,0.037552,12.593599,0.042537,0.000000,12.634462
723,0,0.000000,9.689046,1.412604,0.008686,9.994352,0.000000,0.000000,11.633071,0.041207,5.059386,1.391987,0.000000,6.483018
724,0,0.000000,8.834107,2.844108,0.003762,11.680577,0.000000,0.000000,11.980502,0.029219,5.909770,0.169804,0.000000,6.102250
725,0,0.000000,8.942921,2.588003,0.012219,11.533121,0.000000,0.000000,11.986334,0.029328,3.156459,2.563609,0.000000,5.282616
726,0,0.000000,8.846735,2.909430,0.004842,11.758875,0.000000,0.000000,12.000035,0.028241,5.353288,0.150473,0.000000,5.382654
727,0,0.000000,9.246167,2.738902,0.010465,11.669803,0.000000,0.000000,12.288673,0.029276,3.379403,2.716390,0.000000,4.772579
728,0,0.000000,7.298546,3.947989,0.003223,11.245413,0.000000,0.000000,11.681696,0.029831,4.414021,0.005613,0.000000,4.444909
729,0,0.000000,8.911232,2.903195,0.003840,11.612899,0.000000,0.000000,11.992406,0.023781,4.875948,2.879954,0.000000,7.773408
730,0,0.000000,14.975563,4.589077,0.009046,15.010403,0.000000,0.000000,20.007757,0.020802,10.804455,4.573634,0.000000,14.838285
731,0,0.000000,13.009241,3.631305,0.003821,16.642658,0.000000,0.000000,23.934505,0.040727,6.456336,7.558742,0.000000,14.052206
732,0,0.000000,9.061468,6.785095,0.002602,15.747680,0.000000,0.000000,16.010597,0.031859,4.073086,6.738132,0.000000,8.093344
733,0,0.000000,12.780172,3.857246,0.012389,12.814903,0.000000,0.000000,23.998690,0.019699,7.029302,7.797853,0.000000,14.832043
734,0,0.000000,12.853756,5.750848,0.009762,18.607350,0.000000,0.000000,20.032444,0.050121,6.018349,5.757991,0.000000,11.816261
735,0,0.000000,11.747659,5.079591,0.010338,11.782387,0.000000,0.000000,17.245756,0.041876,7.491637,4.023243,0.000000,7.538420
736,0,0.000000,11.307967,0.362824,0.002314,11.370576,0.000000,0.000000,11.973824,0.055780,5.158239,0.298984,0.000000,5.217011
737,0,0.000000,15.546054,3.784160,0.003115,15.574442,0.000000,0.000000,23.870338,0.023792,12.407562,7.730398,0.000000,16.412351
738,0,0.000000,13.303267,6.536194,0.010227,13.338207,0.000000,0.000000,20.028867,0.044493,7.891311,6.504098,0.000000,7.937961
739,0,0.000000,13.219028,3.120465,0.020533,13.305717,0.000000,0.000000,19.405177,0.059575,11.707569,0.018630,0.000000,11.746561
740,0,0.000000,9.528427,6.310195,0.009027,15.840858,0.000000,0.000000,16.006760,0.047610,5.052047,0.238812,0.000000,5.105841
741,0,0.000000,12.934742,2.729968,0.002388,15.663227,0.000000,0.000000,16.020968,0.047293,9.573603,2.700055,0.000000,9.603093
742,0,0.000000,13.672410,6.041650,0.003764,13.730096,0.000000,0.000000,20.035216,0.024030,10.410917,6.018090,0.000000,14.454916
743,0,0.000000,12.257008,3.216991,0.008145,12.297209,0.000000,0.000000,15.971910,0.062103,8.417539,3.189832,0.000000,9.083297
744,0,0.000000,13.246440,2.416448,0.012366,13.278584,0.000000,0.000000,15.979898,0.027368,9.764562,0.020665,0.000000,9.798339
745,0,0.000000,8.756574,6.943804,0.002493,15.702168,0.000000,0.000000,15.952274,0.032569,4.687201,6.913563,0.000000,11.622174
746,0,0.000000,16.634461,3.160692,0.002832,16.669834,0.000000,0.000000,23.995952,0.027390,12.536936,7.113044,0.000000,14.923430
747,0,0.000000,8.438050,3.208871,0.008381,11.651070,0.000000,0.000000,15.963736,0.077703,3.656625,7.126513,0.000000,7.822884
748,0,0.000000,7.887051,3.549479,0.018354,11.454884,0.000000,0.000000,15.997426,0.037022,4.845889,7.501380,0.000000,12.382627
749,0,0.000000,9.444830,6.279838,0.014214,15.726584,0.000000,0.000000,15.993640,0.054843,5.733368,6.258278,0.000000,12.046489
750,0,0.000000,9.267426,2.571467,0.003111,11.431056,0.000000,0.000000,12.011777,0.028585,6.108081,0.197329,0.000000,6.138643
751,0,0.000000,9.072859,6.403707,0.004520,14.448622,0.000000,0.000000,16.011525,0.067666,5.340745,0.010561,0.000000,5.410118
752,0,0.000000,9.050633,6.617703,0.003972,15.525759,0.000000,0.000000,16.005977,0.028667,5.312714,0.008032,0.000000,5.341995
753,0,0.000000,12.948607,5.950543,0.009134,12.989880,0.000000,0.000000,19.903875,0.037022,10.007272,1.945180,0.000000,10.050513
754,0,0.000000,8.653774,3.072378,0.002937,11.705842,0.000000,0.000000,16.008705,4.066435,5.016237,3.035622,0.000000,10.650618
755,0,0.000000,8.508355,3.253446,0.014145,10.649081,0.000000,0.000000,16.012758,4.034785,4.455226,3.252712,0.000000,11.674759
756,0,0.000000,8.679700,2.971665,0.011945,11.080721,0.000000,0.000000,15.994152,3.950015,6.387118,6.834189,0.000000,11.053699
757,0,0.000000,13.053519,6.452712,0.010041,15.541697,0.000000,0.000000,20.098927,0.055592,6.783545,6.534416,0.000000,13.360596
758,0,0.000000,9.281051,6.443258,0.010893,15.735202,0.000000,0.000000,15.945353,0.031782,5.750973,6.439900,0.000000,12.213789
759,0,0.000000,15.763235,3.999684,0.005021,15.804012,0.000000,0.000000,23.925964,0.037963,11.689044,7.927196,0.000000,15.647463
760,0,0.000000,13.145802,8.348849,0.018701,16.914385,0.000000,0.000000,24.174166,0.036848,11.300895,8.606671,0.000000,15.476159
761,0,0.000000,8.842354,2.763611,0.002543,11.156534,0.000000,0.000000,15.820260,0.046331,5.221079,6.707990,0.000000,7.993986
762,0,0.000000,12.897697,7.870761,0.011025,16.866147,0.000000,0.000000,23.965111,0.056195,11.500164,7.845108,0.000000,15.516250
763,0,0.000000,8.859049,6.994239,0.002614,15.831624,0.000000,0.000000,16.030644,0.025029,4.219633,6.959565,0.000000,11.201969
764,0,0.000000,17.045277,6.726721,0.003631,17.084069,0.000000,0.000000,23.997022,0.021214,11.875819,6.705372,0.000000,15.924467
765,0,0.000000,10.681913,6.529368,0.013447,15.358759,0.000000,0.000000,17.428609,0.027703,3.063257,1.065136,0.000000,3.090638
766,0,0.000000,11.264130,2.919782,0.004151,14.129306,0.000000,0.000000,14.547646,0.028243,5.466127,2.883363,0.000000,8.369630
767,0,0.000000,13.382197,2.443656,0.008696,13.417243,0.000000,0.000000,16.000580,0.021910,9.842118,2.425876,0.000000,9.870064
768,0,0.000000,15.564204,4.098929,0.008304,15.626734,0.000000,0.000000,20.005303,0.026749,12.165219,4.086561,0.000000,14.522022
769,0,0.000000,13.109509,6.397705,0.003150,19.500088,0.000000,0.000000,19.899563,0.029828,9.906320,6.325110,0.000000,16.253851
770,0,0.000000,12.953606,6.773717,0.007854,19.729484,0.000000,0.000000,19.965953,0.044955,7.499317,2.746126,0.000000,7.553648
771,0,0.000000,13.186661,6.387604,0.003667,19.577781,0.000000,0.000000,20.007823,0.023132,6.228459,0.027758,0.000000,6.265925
772,0,0.000000,12.832247,4.745258,0.004069,12.866874,0.000000,0.000000,17.841391,0.053406,7.778470,0.709539,0.000000,8.541415
773,0,0.000000,16.350165,3.388889,0.004300,16.408945,0.000000,0.000000,19.964668,0.050202,9.766503,0.036304,0.000000,9.818432
774,0,0.000000,9.635637,5.985675,0.006444,14.932419,0.000000,0.000000,16.020024,0.080414,5.632054,0.013219,0.000000,5.664048
775,0,0.000000,13.227403,6.285098,0.010702,19.514804,0.000000,0.000000,19.941194,0.052887,9.598635,6.239940,0.000000,13.603774
776,0,0.000000,13.102313,3.785252,0.010676,13.135739,0.000000,0.000000,23.996709,0.029022,8.462715,7.734072,0.000000,12.468797
777,0,0.000000,10.644013,5.105289,0.003539,15.735407,0.000000,0.000000,16.032906,0.041875,6.667626,5.067886,0.000000,11.771193
778,0,0.000000,17.645294,6.099385,0.004877,17.695970,0.000000,0.000000,23.954087,0.076754,10.837344,6.029294,0.000000,14.822849
779,0,0.000000,16.641727,6.885766,0.014897,16.665794,0.000000,0.000000,29.645763,0.033816,12.249518,12.511922,0.000000,21.898862
780,0,0.000000,15.276749,6.854792,0.003785,15.313525,0.000000,0.000000,27.547930,0.041983,11.976588,12.012053,0.000000,17.185112
781,0,0.000000,17.398368,8.903188,0.019691,17.452055,0.000000,0.000000,26.657086,0.035549,13.339257,8.903195,0.000000,13.397696
782,0,0.000000,13.904960,5.613261,0.015749,18.713837,0.000000,0.000000,20.134106,0.035321,9.377530,0.014785,0.000000,9.423271
783,0,0.000000,12.950929,2.983930,0.013353,15.872956,0.000000,0.000000,23.944063,0.039305,9.372468,6.849342,0.000000,13.310385
784,0,0.000000,9.624975,6.167778,0.010738,15.128664,0.000000,0.000000,16.013520,0.058028,6.084252,6.108211,0.000000,12.207978
785,0,0.000000,12.860148,10.004303,0.009573,22.866088,0.000000,0.000000,23.865070,0.089720,8.748973,5.944184,0.000000,13.762006
786,0,0.000000,15.777902,5.678614,0.008571,15.821038,0.000000,0.000000,21.873031,0.045140,12.063594,4.006146,0.000000,15.138224
787,0,0.000000,13.010273,3.756864,0.012018,13.048932,0.000000,0.000000,19.986498,0.032115,8.617731,3.723440,0.000000,8.647752
788,0,0.000000,13.162149,6.529283,0.005201,19.695233,0.000000,0.000000,20.003160,0.026582,6.351596,0.164088,0.000000,6.381152
789,0,0.000000,16.307671,3.382221,0.003128,16.347020,0.000000,0.000000,19.962242,0.046217,12.103551,3.353434,0.000000,12.173633
790,0,0.000000,13.260304,6.547260,0.003277,19.809791,0.000000,0.000000,19.966172,0.020729,7.383206,6.515047,0.000000,13.917588
791,0,0.000000,13.568322,2.252591,0.009722,13.645096,0.000000,0.000000,16.011766,0.024204,10.027569,0.046960,0.000000,10.048990
792,0,0.000000,9.076779,7.399305,0.008259,11.068551,0.000000,0.000000,19.991949,0.033419,8.699074,0.019501,0.000000,8.735650
793,0,0.000000,10.458446,5.124876,0.009832,14.093730,0.000000,0.000000,15.952664,0.054139,6.269485,0.223744,0.000000,6.313931
794,0,0.000000,15.388617,4.140987,0.003816,15.427926,0.000000,0.000000,24.677855,0.025212,12.656181,8.767015,0.000000,12.696321
795,0,0.000000,15.948240,1.825637,0.009774,17.771838,0.000000,0.000000,21.938202,0.078209,8.838194,5.709840,0.000000,10.062606
796,0,0.000000,9.661568,5.879876,0.010808,15.552252,0.000000,0.000000,16.025200,0.039302,6.455748,6.001596,0.000000,12.199978
797,0,0.000000,17.951732,5.832499,0.017794,18.042860,0.000000,0.000000,26.989839,0.030329,14.391691,6.972894,0.000000,16.225479
798,0,0.000000,13.944691,6.388375,0.024357,20.247888,0.000000,0.000000,20.991487,0.041672,10.250462,2.400230,0.000000,12.660824
799,0,0.000000,8.474701,6.770625,0.011587,15.151005,0.000000,0.000000,15.736191,0.069290,5.185122,2.750485,0.000000,7.545097
800,0,0.000000,14.653149,4.707291,0.013781,14.694665,0.000000,0.000000,24.532879,0.032257,10.310956,9.209610,0.000000,10.349962
801,0,0.000000,12.269348,5.739347,0.010214,14.008656,0.000000,0.000000,24.257961,0.048666,8.716169,10.571298,0.000000,12.753250
802,0,0.000000,12.544353,7.699924,0.010100,16.283442,0.000000,0.000000,23.084187,0.043209,6.813768,3.715650,0.000000,6.869487
803,0,0.000000,12.950531,7.491408,0.006247,16.915607,0.000000,0.000000,23.979813,0.047625,6.963814,3.518868,0.000000,7.802496
804,0,0.000000,9.114998,6.443944,0.012092,15.547306,0.000000,0.000000,16.021769,0.037835,5.717278,2.402383,0.000000,8.157496
805,0,0.000000,13.280369,6.324948,0.011652,19.609102,0.000000,0.000000,19.950193,0.046865,8.404022,6.085706,0.000000,13.784966
806,0,0.000000,13.281790,12.334838,0.009576,21.018557,0.000000,0.000000,26.632940,0.066642,7.049301,12.336911,0.000000,15.348273
807,0,0.000000,14.348854,2.702202,0.009052,14.388363,0.000000,0.000000,17.362196,0.066109,9.122543,2.676933,0.000000,9.776698
808,0,0.000000,13.821548,5.719467,0.017530,15.554962,0.000000,0.000000,20.007487,0.028198,10.122576,5.730947,0.000000,10.179718
809,0,0.000000,14.106880,5.171615,0.009554,15.296908,0.000000,0.000000,19.932130,0.050433,10.092257,4.001980,0.000000,10.810772
810,0,0.000000,12.732809,6.516839,0.008945,19.251861,0.000000,0.000000,19.992067,0.045686,8.557942,2.513707,0.000000,8.973220
811,0,0.000000,12.713416,6.814887,0.008356,19.535416,0.000000,0.000000,19.985942,0.039650,8.885192,2.772566,0.000000,8.931224
812,0,0.000000,12.736265,7.547029,0.011527,12.781683,0.000000,0.000000,23.959721,0.064387,11.195965,7.685650,0.000000,14.012573
813,0,0.000000,8.978460,6.779859,0.010054,15.759760,0.000000,0.000000,15.994426,0.046528,4.668194,6.733924,0.000000,11.441006
814,0,0.000000,17.639746,6.123419,0.025652,17.684238,0.000000,0.000000,24.053039,0.042203,10.920456,2.095513,0.000000,10.999921
815,0,0.000000,17.039626,6.622359,0.009564,17.084763,0.000000,0.000000,23.942297,0.032393,12.775472,2.591901,0.000000,12.832127
816,0,0.000000,11.434193,7.842845,0.013961,17.466675,0.000000,0.000000,20.034547,0.029418,6.665026,7.839782,0.000000,14.508373
817,0,0.000000,13.512675,2.067950,0.009814,13.558006,0.000000,0.000000,15.867860,0.065153,8.351530,2.049464,0.000000,8.422646
818,0,0.000000,9.527858,1.656267,0.017401,10.139161,0.000000,0.000000,12.005478,0.032547,5.665699,1.624680,0.000000,7.294129
819,0,0.000000,9.367802,2.134215,0.009571,10.061443,0.000000,0.000000,11.952404,0.041584,5.547646,2.086074,0.000000,7.668819
820,0,0.000000,9.248781,2.472113,0.002409,9.278228,0.000000,0.000000,11.989608,0.028237,4.471527,2.431575,0.000000,6.922742
821,0,0.000000,9.857896,1.824385,0.002968,9.896148,0.000000,0.000000,11.995263,0.026527,6.501993,1.785453,0.000000,7.962923
822,0,0.000000,10.046044,1.773442,0.005223,10.681307,0.000000,0.000000,11.999949,0.025638,5.109706,1.739985,0.000000,6.870201
823,0,0.000000,10.140255,1.699283,0.010431,10.186776,0.000000,0.000000,11.997791,0.025938,6.349122,1.658694,0.000000,7.871695
824,0,0.000000,9.671617,1.651045,0.008595,10.880805,0.000000,0.000000,11.982694,0.048004,6.788663,1.623184,0.000000,8.424820
825,0,0.000000,9.759825,1.878431,0.008465,9.801232,0.000000,0.000000,11.992478,0.031306,5.985878,1.847153,0.000000,7.862986
826,0,0.000000,9.650508,1.821558,0.007975,9.683921,0.000000,0.000000,11.989699,0.028513,5.097814,1.790755,0.000000,6.893795
827,0,0.000000,8.742888,2.919604,0.010929,11.664671,0.000000,0.000000,11.987720,0.030888,5.366212,2.872337,0.000000,8.268959
828,0,0.000000,12.673380,2.779365,0.009261,15.455217,0.000000,0.000000,16.008110,0.026680,8.410999,0.134690,0.000000,8.443975
829,0,0.000000,12.790751,2.852080,0.004255,12.827055,0.000000,0.000000,15.987311,0.036280,7.288121,0.010054,0.000000,7.326720
830,0,0.000000,8.096612,3.676364,0.021409,11.788268,0.000000,0.000000,12.011113,0.023352,4.421069,3.670396,0.000000,8.110558
831,0,0.000000,8.882952,6.585906,0.008952,15.470278,0.000000,0.000000,15.924670,0.034704,4.816653,2.566527,0.000000,7.417864
832,0,0.000000,13.085196,6.618034,0.004489,13.127783,0.000000,0.000000,20.042013,0.026227,9.734413,2.587883,0.000000,9.764856
833,0,0.000000,12.820380,6.654476,0.004044,12.857543,0.000000,0.000000,19.899855,0.028852,9.682001,2.632008,0.000000,9.708331
834,0,0.000000,12.284820,3.318507,0.005378,15.604481,0.000000,0.000000,15.997952,0.026832,8.026829,3.312430,0.000000,8.078858
835,0,0.000000,9.836967,1.817856,0.008910,9.870526,0.000000,0.000000,11.973290,0.046261,7.310217,0.009224,0.000000,7.344282
836,0,0.000000,9.682018,2.141714,0.002781,9.718083,0.000000,0.000000,11.986329,0.025175,5.946109,2.113914,0.000000,8.076127
837,0,0.000000,9.040400,2.515616,0.017905,10.985255,0.000000,0.000000,12.010403,0.026045,5.887264,0.014893,0.000000,5.912061
838,0,0.000000,9.829585,1.673203,0.009891,9.868232,0.000000,0.000000,11.968139,0.034101,6.060022,1.636575,0.000000,7.721720
839,0,0.000000,13.676593,5.950088,0.008779,13.718792,0.000000,0.000000,19.994555,0.027150,9.769410,0.086644,0.000000,9.797997
840,0,0.000000,11.031787,0.681671,0.009081,11.067585,0.000000,0.000000,11.982864,0.026368,7.095598,0.033995,0.000000,7.140997
841,0,0.000000,8.799461,3.704149,0.011904,12.500271,0.000000,0.000000,15.995918,0.020131,5.790809,0.011365,0.000000,5.818959
842,0,0.000000,8.204179,3.347090,0.009987,11.553828,0.000000,0.000000,15.999416,4.005934,4.916806,0.083001,0.000000,5.979115
843,0,0.000000,9.465215,6.221307,0.009478,15.661322,0.000000,0.000000,20.002604,3.987596,5.267630,10.129330,0.000000,14.417065
844,0,0.000000,9.416304,6.371029,0.016408,15.468997,0.000000,0.000000,16.029980,0.047426,1.569649,4.005171,0.000000,5.622246
845,0,0.000000,13.715038,7.932205,0.010204,17.219401,0.000000,0.000000,23.948136,0.044478,8.325857,7.912522,0.000000,12.348304
846,0,0.000000,9.785858,6.028298,0.003936,15.635645,0.000000,0.000000,16.098566,0.031705,5.788576,6.038148,0.000000,10.963915
847,0,0.000000,18.161590,4.785577,0.004446,18.206160,0.000000,0.000000,30.377845,0.027988,15.302804,11.218460,0.000000,22.738414
848,0,0.000000,14.686750,6.410182,0.026006,14.742866,0.000000,0.000000,21.530054,0.051970,8.886766,6.424578,0.000000,12.125450
849,0,0.000000,15.342011,3.003461,0.008737,15.561284,0.000000,0.000000,22.744200,0.060961,10.769292,6.919374,0.000000,14.799943
850,5,0.000000,12.636344,5.345226,0.011842,12.673061,0.000000,0.000000,20.051198,0.032911,11.538751,5.295947,0.000000,11.574027
851,5,0.000000,13.555109,6.667950,0.012454,20.225546,0.000000,0.000000,23.958077,3.382544,10.491012,6.640001,0.000000,20.494655
852,5,0.000000,13.945865,5.712686,0.011537,13.985261,0.000000,0.000000,19.989474,0.029236,10.518753,5.652217,0.000000,10.552917
853,5,0.000000,11.064513,1.264326,0.003849,11.107796,0.000000,0.000000,15.973658,0.050040,6.079471,4.601986,0.000000,6.737143
854,5,0.000000,12.586255,7.067348,0.003407,12.630152,0.000000,0.000000,19.965626,0.056372,8.360959,3.073148,0.000000,8.419304
855,9,0.000000,9.878589,5.796623,0.005681,14.353191,0.000000,0.000000,15.996278,0.032249,5.110806,1.810842,0.000000,5.156953
856,9,0.000000,18.420012,5.039326,0.004745,18.475922,0.000000,0.000000,27.655431,0.083350,9.379789,8.648012,0.000000,14.009461
857,9,0.000000,13.878431,6.231346,0.014236,19.797801,0.000000,0.000000,20.358719,0.049591,5.585415,0.673613,0.000000,5.637517
858,9,0.000000,17.199376,6.290142,0.015180,17.327206,0.000000,0.000000,23.883532,0.042557,9.290090,6.156692,0.000000,9.340848
859,9,0.000000,10.071391,5.719054,0.007970,15.792514,0.000000,0.000000,15.995162,0.034232,6.327804,5.692966,0.000000,12.038075
860,9,0.000000,14.663606,7.731775,0.030362,16.496538,0.000000,0.000000,24.007434,0.043932,10.472669,3.722802,0.000000,10.530436
