iteration,food_quantity,event_poll_ms,ants_advance_ms,evaporation_ms,update_ms,advance_total_ms,render_ms,blit_ms,iteration_total_ms,mpi_halo_exchange_ms,mpi_migration_ms,mpi_food_allreduce_ms,mpi_render_comm_ms,mpi_total_comm_ms
1,0,0.000000,16.668287,0.233605,0.010283,16.912175,0.000000,0.000000,17.017780,0.038025,0.000000,0.001403,0.000000,0.039428
2,0,0.000000,11.945126,0.172365,0.007611,12.125102,0.000000,0.000000,12.159300,0.011069,0.000000,0.001371,0.000000,0.012440
3,0,0.000000,12.004610,0.357367,0.013682,12.375659,0.000000,0.000000,12.408821,0.011717,0.000000,0.001646,0.000000,0.013363
4,0,0.000000,11.422168,0.286506,0.008300,11.716974,0.000000,0.000000,11.755569,0.014763,0.000000,0.001365,0.000000,0.016128
5,0,0.000000,10.960751,0.199540,0.008646,11.168937,0.000000,0.000000,11.197595,0.011084,0.000000,0.001142,0.000000,0.012226
6,0,0.000000,11.677999,0.195363,0.011049,11.884411,0.000000,0.000000,11.913636,0.011110,0.000000,0.001232,0.000000,0.012342
7,0,0.000000,12.135417,0.200143,0.007315,12.342875,0.000000,0.000000,12.378342,0.011258,0.000000,0.001532,0.000000,0.012790
8,0,0.000000,11.753895,0.141856,0.006465,11.902216,0.000000,0.000000,11.931938,0.011232,0.000000,0.001198,0.000000,0.012430
9,0,0.000000,10.819987,0.202784,0.008280,11.031051,0.000000,0.000000,11.062124,0.010862,0.000000,0.001128,0.000000,0.011990
10,0,0.000000,11.179674,0.208060,0.006662,11.394396,0.000000,0.000000,11.422622,0.011018,0.000000,0.001391,0.000000,0.012409
11,0,0.000000,14.762319,0.206201,0.005837,14.974357,0.000000,0.000000,15.007285,0.010647,0.000000,0.001312,0.000000,0.011959
12,0,0.000000,11.689692,0.159876,0.006809,11.856377,0.000000,0.000000,11.885679,0.010837,0.000000,0.001357,0.000000,0.012194
13,0,0.000000,11.616949,0.192788,0.008000,11.817737,0.000000,0.000000,11.847523,0.011179,0.000000,0.001389,0.000000,0.012568
14,0,0.000000,11.424903,0.211876,0.017870,11.654649,0.000000,0.000000,11.709281,0.010780,0.000000,0.001481,0.000000,0.012261
15,0,0.000000,13.115496,0.224503,0.007126,13.347125,0.000000,0.000000,13.389746,0.023437,0.000000,0.001331,0.000000,0.024768
16,0,0.000000,11.197368,0.172114,0.007149,11.376631,0.000000,0.000000,11.406697,0.011148,0.000000,0.001030,0.000000,0.012178
17,0,0.000000,13.100145,0.190166,0.008802,13.299113,0.000000,0.000000,13.327629,0.011192,0.000000,0.001201,0.000000,0.012393
18,0,0.000000,11.044670,0.144607,0.006248,11.195525,0.000000,0.000000,11.223374,0.010323,0.000000,0.001192,0.000000,0.011515
19,0,0.000000,11.219313,0.215015,0.007711,11.442039,0.000000,0.000000,11.474831,0.011388,0.000000,0.001421,0.000000,0.012809
20,0,0.000000,11.661094,0.221375,0.006234,11.888703,0.000000,0.000000,11.921753,0.011227,0.000000,0.001394,0.000000,0.012621
21,0,0.000000,12.530511,0.201017,0.008006,12.739534,0.000000,0.000000,12.770354,0.011331,0.000000,0.001212,0.000000,0.012543
22,0,0.000000,13.116688,0.213952,0.006689,13.337329,0.000000,0.000000,13.368449,0.010612,0.000000,0.001673,0.000000,0.012285
23,0,0.000000,11.863068,0.194980,0.007272,12.065320,0.000000,0.000000,12.094536,0.010751,0.000000,0.001012,0.000000,0.011763
24,0,0.000000,11.532952,0.209434,0.006562,11.748948,0.000000,0.000000,11.778213,0.010498,0.000000,0.001531,0.000000,0.012029
25,0,0.000000,11.189301,0.135176,0.013105,11.337582,0.000000,0.000000,11.367415,0.010498,0.000000,0.001313,0.000000,0.011811
26,0,0.000000,10.727815,0.178906,0.006679,10.913400,0.000000,0.000000,10.940541,0.010956,0.000000,0.001247,0.000000,0.012203
27,0,0.000000,12.730584,0.198638,0.008478,12.937700,0.000000,0.000000,12.967380,0.011137,0.000000,0.001126,0.000000,0.012263
28,0,0.000000,10.835816,0.182434,0.017427,11.035677,0.000000,0.000000,11.088272,0.010566,0.000000,0.001362,0.000000,0.011928
29,0,0.000000,10.413020,0.198857,0.007511,10.619388,0.000000,0.000000,10.659463,0.021412,0.000000,0.001275,0.000000,0.022687
30,0,0.000000,10.038347,0.163766,0.006747,10.208860,0.000000,0.000000,10.238586,0.011654,0.000000,0.001029,0.000000,0.012683
31,0,0.000000,11.987921,0.163671,0.007631,12.159223,0.000000,0.000000,12.189531,0.011229,0.000000,0.001306,0.000000,0.012535
32,0,0.000000,13.139959,0.166340,0.006717,13.313016,0.000000,0.000000,13.344623,0.010916,0.000000,0.001391,0.000000,0.012307
33,0,0.000000,11.608731,0.180603,0.010888,11.800222,0.000000,0.000000,11.833216,0.010882,0.000000,0.001429,0.000000,0.012311
34,0,0.000000,12.089060,0.208682,0.010566,12.308308,0.000000,0.000000,12.341045,0.011131,0.000000,0.001607,0.000000,0.012738
35,0,0.000000,11.644219,0.144628,0.006325,11.795172,0.000000,0.000000,11.829666,0.011260,0.000000,0.001186,0.000000,0.012446
36,0,0.000000,13.403702,0.208518,0.006757,13.618977,0.000000,0.000000,13.647769,0.010449,0.000000,0.001168,0.000000,0.011617
37,0,0.000000,12.632827,0.202944,0.007473,12.843244,0.000000,0.000000,12.871348,0.010521,0.000000,0.001301,0.000000,0.011822
38,0,0.000000,10.644287,0.193717,0.006933,10.844937,0.000000,0.000000,10.874234,0.010904,0.000000,0.001302,0.000000,0.012206
39,0,0.000000,10.633111,0.223629,0.005375,10.862115,0.000000,0.000000,10.894476,0.011828,0.000000,0.001273,0.000000,0.013101
40,0,0.000000,10.739230,0.199396,0.007343,10.945969,0.000000,0.000000,10.976244,0.011172,0.000000,0.001211,0.000000,0.012383
41,0,0.000000,12.797654,0.214037,0.014168,13.025859,0.000000,0.000000,13.058429,0.010679,0.000000,0.001282,0.000000,0.011961
42,0,0.000000,11.934711,0.177457,0.008484,12.120652,0.000000,0.000000,12.151505,0.011161,0.000000,0.001263,0.000000,0.012424
43,0,0.000000,11.528710,0.165082,0.007160,11.700952,0.000000,0.000000,11.731575,0.011344,0.000000,0.001294,0.000000,0.012638
44,0,0.000000,10.512181,0.263306,0.011024,10.786511,0.000000,0.000000,10.817450,0.010374,0.000000,0.001617,0.000000,0.011991
45,0,0.000000,12.189262,0.214477,0.041848,12.445587,0.000000,0.000000,12.482887,0.010930,0.000000,0.001444,0.000000,0.012374
46,0,0.000000,10.813567,0.204540,0.007101,11.025208,0.000000,0.000000,11.064675,0.021050,0.000000,0.001550,0.000000,0.022600
47,0,0.000000,11.359281,0.200659,0.006817,11.566757,0.000000,0.000000,11.595328,0.010388,0.000000,0.001447,0.000000,0.011835
48,0,0.000000,10.379751,0.198732,0.006542,10.585025,0.000000,0.000000,10.613204,0.010697,0.000000,0.001069,0.000000,0.011766
49,0,0.000000,12.687030,0.232584,0.012339,12.931953,0.000000,0.000000,12.966015,0.011126,0.000000,0.001656,0.000000,0.012782
50,0,0.000000,12.577571,0.203888,0.007138,12.788597,0.000000,0.000000,12.822789,0.012081,0.000000,0.001369,0.000000,0.013450
51,0,0.000000,13.843688,0.225818,0.012111,14.081617,0.000000,0.000000,14.111973,0.011131,0.000000,0.001323,0.000000,0.012454
52,0,0.000000,11.761871,0.218457,0.010218,11.990546,0.000000,0.000000,12.024170,0.011316,0.000000,0.001569,0.000000,0.012885
53,0,0.000000,16.080267,0.202386,0.035123,16.317776,0.000000,0.000000,16.362483,0.018605,0.000000,0.001699,0.000000,0.020304
54,0,0.000000,12.677839,0.196336,0.006829,12.881004,0.000000,0.000000,12.921447,0.011653,0.000000,0.001337,0.000000,0.012990
55,0,0.000000,11.322892,0.173656,0.006902,11.503450,0.000000,0.000000,11.533313,0.010906,0.000000,0.001327,0.000000,0.012233
56,0,0.000000,14.295348,0.157352,0.007164,14.459864,0.000000,0.000000,14.489158,0.010773,0.000000,0.001010,0.000000,0.011783
57,0,0.000000,13.422203,0.162354,0.006859,13.591416,0.000000,0.000000,13.623811,0.011250,0.000000,0.001540,0.000000,0.012790
58,0,0.000000,10.584940,0.244605,0.027333,10.856878,0.000000,0.000000,10.887230,0.011081,0.000000,0.001532,0.000000,0.012613
59,0,0.000000,10.566523,0.223053,0.010884,10.800460,0.000000,0.000000,10.834497,0.012806,0.000000,0.001280,0.000000,0.014086
60,0,0.000000,11.658587,0.231385,0.013404,11.903376,0.000000,0.000000,11.932755,0.010407,0.000000,0.001297,0.000000,0.011704
61,0,0.000000,11.178562,0.224582,0.005674,11.408818,0.000000,0.000000,11.441324,0.010608,0.000000,0.001688,0.000000,0.012296
62,0,0.000000,11.601688,0.209179,0.006853,11.817720,0.000000,0.000000,11.847860,0.011551,0.000000,0.001291,0.000000,0.012842
63,0,0.000000,11.739216,0.204289,0.007010,11.950515,0.000000,0.000000,11.981232,0.011512,0.000000,0.001194,0.000000,0.012706
64,0,0.000000,11.886172,0.204194,0.008536,12.098902,0.000000,0.000000,12.129022,0.010926,0.000000,0.001409,0.000000,0.012335
65,0,0.000000,11.972155,0.272494,0.007596,12.252245,0.000000,0.000000,12.286354,0.012029,0.000000,0.001280,0.000000,0.013309
66,0,0.000000,10.569553,0.203678,0.006639,10.779870,0.000000,0.000000,10.809459,0.011768,0.000000,0.001619,0.000000,0.013387
67,0,0.000000,10.489175,0.249777,0.009315,10.748267,0.000000,0.000000,10.776854,0.010945,0.000000,0.001323,0.000000,0.012268
68,0,0.000000,11.276004,0.187691,0.007922,11.471617,0.000000,0.000000,11.499875,0.010045,0.000000,0.001364,0.000000,0.011409
69,0,0.000000,11.501687,0.170963,0.006850,11.679500,0.000000,0.000000,11.714066,0.010249,0.000000,0.001316,0.000000,0.011565
70,0,0.000000,12.123718,0.206017,0.012803,12.342538,0.000000,0.000000,12.377455,0.011602,0.000000,0.001560,0.000000,0.013162
71,0,0.000000,14.498162,0.288829,0.010802,14.797793,0.000000,0.000000,14.833303,0.011272,0.000000,0.001453,0.000000,0.012725
72,0,0.000000,11.508000,0.208532,0.010537,11.727069,0.000000,0.000000,11.758502,0.010930,0.000000,0.001125,0.000000,0.012055
73,0,0.000000,10.407233,0.195502,0.010451,10.613186,0.000000,0.000000,10.641739,0.010759,0.000000,0.001165,0.000000,0.011924
74,0,0.000000,12.619404,0.230924,0.005998,12.856326,0.000000,0.000000,12.885721,0.010587,0.000000,0.001412,0.000000,0.011999
75,0,0.000000,12.185431,0.195342,0.006928,12.387701,0.000000,0.000000,12.417171,0.011305,0.000000,0.000975,0.000000,0.012280
76,0,0.000000,11.728992,0.232961,0.010095,11.972048,0.000000,0.000000,12.005086,0.011279,0.000000,0.001546,0.000000,0.012825
77,0,0.000000,11.927721,0.230996,0.009622,12.168339,0.000000,0.000000,12.201156,0.011562,0.000000,0.001445,0.000000,0.013007
78,0,0.000000,10.819238,0.195713,0.006747,11.021698,0.000000,0.000000,11.051395,0.011085,0.000000,0.001002,0.000000,0.012087
79,0,0.000000,12.803048,0.196524,0.006988,13.006560,0.000000,0.000000,13.034627,0.010331,0.000000,0.001509,0.000000,0.011840
80,0,0.000000,14.304248,0.188564,0.011241,14.504053,0.000000,0.000000,14.534736,0.011239,0.000000,0.001184,0.000000,0.012423
81,0,0.000000,10.692928,0.197685,0.008498,10.899111,0.000000,0.000000,10.926586,0.010311,0.000000,0.001154,0.000000,0.011465
82,0,0.000000,11.610560,0.218289,0.005802,11.834651,0.000000,0.000000,11.865972,0.009853,0.000000,0.001472,0.000000,0.011325
83,0,0.000000,12.860956,0.270915,0.053699,13.185570,0.000000,0.000000,13.218182,0.011449,0.000000,0.001301,0.000000,0.012750
84,0,0.000000,11.880153,0.250238,0.012293,12.142684,0.000000,0.000000,12.170694,0.011464,0.000000,0.001362,0.000000,0.012826
85,0,0.000000,12.253048,0.275810,0.011930,12.540788,0.000000,0.000000,12.573315,0.011048,0.000000,0.001762,0.000000,0.012810
86,0,0.000000,12.369823,0.238671,0.012113,12.620607,0.000000,0.000000,12.655387,0.011444,0.000000,0.001803,0.000000,0.013247
87,0,0.000000,10.523562,0.197568,0.006716,10.727846,0.000000,0.000000,10.759164,0.011757,0.000000,0.001307,0.000000,0.013064
88,0,0.000000,10.716036,0.201773,0.006605,10.924414,0.000000,0.000000,10.954293,0.010689,0.000000,0.001367,0.000000,0.012056
89,0,0.000000,10.871031,0.191333,0.010234,11.072598,0.000000,0.000000,11.102287,0.011230,0.000000,0.001108,0.000000,0.012338
90,0,0.000000,10.644125,0.209536,0.007233,10.860894,0.000000,0.000000,10.889465,0.009406,0.000000,0.001406,0.000000,0.010812
91,0,0.000000,10.480926,0.160103,0.006901,10.647930,0.000000,0.000000,10.675697,0.010776,0.000000,0.001242,0.000000,0.012018
92,0,0.000000,12.402942,0.343415,0.009558,12.755915,0.000000,0.000000,12.784341,0.010232,0.000000,0.001146,0.000000,0.011378
93,0,0.000000,10.272092,0.188835,0.007205,10.468132,0.000000,0.000000,10.499805,0.010453,0.000000,0.001644,0.000000,0.012097
94,0,0.000000,13.327014,0.190525,0.007634,13.525173,0.000000,0.000000,13.558357,0.011952,0.000000,0.001446,0.000000,0.013398
95,0,0.000000,11.453771,0.212047,0.012875,11.678693,0.000000,0.000000,11.708682,0.010543,0.000000,0.001379,0.000000,0.011922
96,0,0.000000,10.167487,0.204243,0.007916,10.379646,0.000000,0.000000,10.407139,0.010587,0.000000,0.001412,0.000000,0.011999
97,0,0.000000,10.769629,0.375782,0.009714,11.155125,0.000000,0.000000,11.187491,0.009759,0.000000,0.001498,0.000000,0.011257
98,0,0.000000,10.537211,0.190373,0.006776,10.734360,0.000000,0.000000,10.764849,0.012176,0.000000,0.001122,0.000000,0.013298
99,0,0.000000,11.172724,0.157250,0.006749,11.336723,0.000000,0.000000,11.365421,0.010828,0.000000,0.001095,0.000000,0.011923
100,0,0.000000,12.751602,0.216198,0.007148,12.974948,0.000000,0.000000,13.004615,0.010206,0.000000,0.001289,0.000000,0.011495
101,0,0.000000,10.249810,0.196224,0.006487,10.452521,0.000000,0.000000,10.483046,0.010450,0.000000,0.001161,0.000000,0.011611
102,0,0.000000,11.020252,0.203506,0.009476,11.233234,0.000000,0.000000,11.262249,0.010592,0.000000,0.001332,0.000000,0.011924
103,0,0.000000,10.999215,0.174391,0.007086,11.180692,0.000000,0.000000,11.206993,0.009510,0.000000,0.001086,0.000000,0.010596
104,0,0.000000,12.198844,0.131385,0.006640,12.336869,0.000000,0.000000,12.363832,0.010369,0.000000,0.001038,0.000000,0.011407
105,0,0.000000,12.781326,0.204346,0.006854,12.992526,0.000000,0.000000,13.020388,0.010243,0.000000,0.001213,0.000000,0.011456
106,0,0.000000,10.797379,0.374027,0.008892,11.180298,0.000000,0.000000,11.209735,0.010131,0.000000,0.001666,0.000000,0.011797
107,0,0.000000,12.759922,0.193792,0.007175,12.960889,0.000000,0.000000,13.014460,0.014224,0.000000,0.001176,0.000000,0.015400
108,0,0.000000,11.118976,0.180365,0.006981,11.306322,0.000000,0.000000,11.336172,0.010922,0.000000,0.001137,0.000000,0.012059
109,0,0.000000,10.645346,0.139697,0.006857,10.791900,0.000000,0.000000,10.818967,0.010565,0.000000,0.001068,0.000000,0.011633
110,0,0.000000,10.122068,0.201797,0.006780,10.330645,0.000000,0.000000,10.357813,0.010229,0.000000,0.001014,0.000000,0.011243
111,0,0.000000,11.404195,0.191907,0.006756,11.602858,0.000000,0.000000,11.628323,0.009869,0.000000,0.001316,0.000000,0.011185
112,0,0.000000,12.449522,0.210683,0.007021,12.667226,0.000000,0.000000,12.698342,0.010149,0.000000,0.001613,0.000000,0.011762
113,0,0.000000,12.441024,0.205812,0.007728,12.654564,0.000000,0.000000,12.687801,0.011101,0.000000,0.001462,0.000000,0.012563
114,0,0.000000,11.038038,0.211174,0.007169,11.256381,0.000000,0.000000,11.290649,0.011428,0.000000,0.001389,0.000000,0.012817
115,0,0.000000,11.055228,0.208286,0.006875,11.270389,0.000000,0.000000,11.303733,0.011612,0.000000,0.001488,0.000000,0.013100
116,0,0.000000,10.666904,0.221480,0.006327,10.894711,0.000000,0.000000,10.926322,0.011647,0.000000,0.001302,0.000000,0.012949
117,0,0.000000,10.795305,0.174057,0.007596,10.976958,0.000000,0.000000,11.008618,0.011714,0.000000,0.001453,0.000000,0.013167
118,0,0.000000,11.298641,0.390405,0.012235,11.701281,0.000000,0.000000,11.735666,0.011516,0.000000,0.001801,0.000000,0.013317
119,0,0.000000,11.763993,0.224538,0.010708,11.999239,0.000000,0.000000,12.039592,0.011958,0.000000,0.001733,0.000000,0.013691
120,0,0.000000,10.878066,0.207140,0.007965,11.093171,0.000000,0.000000,11.127338,0.011385,0.000000,0.001206,0.000000,0.012591
121,0,0.000000,11.977166,0.232175,0.009782,12.219123,0.000000,0.000000,12.250641,0.011299,0.000000,0.001211,0.000000,0.012510
122,0,0.000000,12.545455,0.179303,0.007325,12.732083,0.000000,0.000000,12.765420,0.011280,0.000000,0.001528,0.000000,0.012808
123,0,0.000000,10.494415,0.168894,0.007225,10.670534,0.000000,0.000000,10.702050,0.011262,0.000000,0.001438,0.000000,0.012700
124,0,0.000000,12.482382,0.229974,0.007726,12.720082,0.000000,0.000000,12.753307,0.011784,0.000000,0.001502,0.000000,0.013286
125,0,0.000000,10.786014,0.258678,0.009970,11.054662,0.000000,0.000000,11.084850,0.010879,0.000000,0.001640,0.000000,0.012519
126,0,0.000000,10.510070,0.211014,0.007867,10.728951,0.000000,0.000000,10.759971,0.011327,0.000000,0.001487,0.000000,0.012814
127,0,0.000000,11.727792,0.205613,0.007691,11.941096,0.000000,0.000000,11.975739,0.011193,0.000000,0.001341,0.000000,0.012534
128,0,0.000000,13.522936,0.192681,0.007101,13.722718,0.000000,0.000000,13.757024,0.011560,0.000000,0.001406,0.000000,0.012966
129,0,0.000000,11.176945,0.255340,0.017172,11.449457,0.000000,0.000000,11.484261,0.011061,0.000000,0.001818,0.000000,0.012879
130,0,0.000000,11.203908,0.233523,0.011249,11.448680,0.000000,0.000000,11.515490,0.016655,0.000000,0.001584,0.000000,0.018239
131,0,0.000000,13.023824,0.223111,0.007656,13.254591,0.000000,0.000000,13.297902,0.020808,0.000000,0.001468,0.000000,0.022276
132,0,0.000000,11.419290,0.222704,0.008518,11.650512,0.000000,0.000000,11.682801,0.011164,0.000000,0.001240,0.000000,0.012404
133,0,0.000000,11.590102,0.210029,0.007446,11.807577,0.000000,0.000000,11.841987,0.011084,0.000000,0.001830,0.000000,0.012914
134,0,0.000000,11.994366,0.233444,0.010627,12.238437,0.000000,0.000000,12.273536,0.011222,0.000000,0.001363,0.000000,0.012585
135,0,0.000000,12.194623,0.293614,0.011379,12.499616,0.000000,0.000000,12.534927,0.011218,0.000000,0.001543,0.000000,0.012761
136,0,0.000000,12.435714,0.203785,0.008289,12.647788,0.000000,0.000000,12.688480,0.014048,0.000000,0.001424,0.000000,0.015472
137,0,0.000000,11.878325,0.163698,0.015318,12.057341,0.000000,0.000000,12.091258,0.011279,0.000000,0.001318,0.000000,0.012597
138,0,0.000000,12.486686,0.182580,0.008189,12.677455,0.000000,0.000000,12.709848,0.011178,0.000000,0.001601,0.000000,0.012779
139,0,0.000000,11.063235,0.207341,0.007528,11.278104,0.000000,0.000000,11.313011,0.011385,0.000000,0.001357,0.000000,0.012742
140,0,0.000000,11.042898,0.220434,0.007659,11.270991,0.000000,0.000000,11.308360,0.011506,0.000000,0.001818,0.000000,0.013324
141,0,0.000000,10.660817,0.222473,0.007841,10.891131,0.000000,0.000000,10.922100,0.011994,0.000000,0.001550,0.000000,0.013544
142,0,0.000000,11.785417,0.145598,0.014551,11.945566,0.000000,0.000000,11.979765,0.012116,0.000000,0.001454,0.000000,0.013570
143,0,0.000000,12.440300,0.242086,0.018387,12.700773,0.000000,0.000000,12.734476,0.011431,0.000000,0.001539,0.000000,0.012970
144,0,0.000000,10.462459,0.218213,0.007422,10.688094,0.000000,0.000000,10.720232,0.011225,0.000000,0.001282,0.000000,0.012507
145,0,0.000000,12.030155,0.191543,0.006665,12.228363,0.000000,0.000000,12.260565,0.011343,0.000000,0.001428,0.000000,0.012771
146,0,0.000000,11.624969,0.220902,0.007853,11.853724,0.000000,0.000000,11.884715,0.011265,0.000000,0.001513,0.000000,0.012778
147,0,0.000000,10.680055,0.218208,0.005909,10.904172,0.000000,0.000000,10.935183,0.010829,0.000000,0.001753,0.000000,0.012582
148,0,0.000000,10.524454,0.218754,0.005647,10.748855,0.000000,0.000000,10.780402,0.011150,0.000000,0.001390,0.000000,0.012540
149,0,0.000000,10.646994,0.200869,0.008316,10.856179,0.000000,0.000000,10.886907,0.011753,0.000000,0.001135,0.000000,0.012888
150,0,0.000000,11.472302,0.216394,0.005951,11.694647,0.000000,0.000000,11.726483,0.009909,0.000000,0.001627,0.000000,0.011536
151,0,0.000000,12.188482,0.241397,0.011648,12.441527,0.000000,0.000000,12.489217,0.011218,0.000000,0.001399,0.000000,0.012617
152,0,0.000000,11.435273,0.204977,0.008840,11.649090,0.000000,0.000000,11.695241,0.024715,0.000000,0.001003,0.000000,0.025718
153,0,0.000000,10.667486,0.192978,0.007383,10.867847,0.000000,0.000000,10.896397,0.010685,0.000000,0.001449,0.000000,0.012134
154,0,0.000000,9.978803,0.138164,0.006599,10.123566,0.000000,0.000000,10.151472,0.009967,0.000000,0.001539,0.000000,0.011506
155,0,0.000000,10.761906,0.214416,0.033690,11.010012,0.000000,0.000000,11.043414,0.011565,0.000000,0.001552,0.000000,0.013117
156,0,0.000000,12.113079,0.239974,0.012549,12.365602,0.000000,0.000000,12.399409,0.010821,0.000000,0.001586,0.000000,0.012407
157,0,0.000000,10.667533,0.212066,0.006729,10.886328,0.000000,0.000000,10.921146,0.011293,0.000000,0.001448,0.000000,0.012741
158,0,0.000000,10.090434,0.182643,0.006474,10.279551,0.000000,0.000000,10.308450,0.011365,0.000000,0.001304,0.000000,0.012669
159,0,0.000000,12.003499,0.202212,0.007245,12.212956,0.000000,0.000000,12.243169,0.011039,0.000000,0.001501,0.000000,0.012540
160,0,0.000000,12.592659,0.191397,0.014160,12.798216,0.000000,0.000000,12.844918,0.012254,0.000000,0.001418,0.000000,0.013672
161,0,0.000000,12.630455,0.218699,0.007953,12.857107,0.000000,0.000000,12.901615,0.018707,0.000000,0.001654,0.000000,0.020361
162,0,0.000000,12.289717,0.286670,0.010945,12.587332,0.000000,0.000000,12.624630,0.012205,0.000000,0.001826,0.000000,0.014031
163,0,0.000000,11.371342,0.247072,0.009518,11.627932,0.000000,0.000000,11.663574,0.011499,0.000000,0.001680,0.000000,0.013179
164,0,0.000000,13.710711,0.190187,0.007279,13.908177,0.000000,0.000000,13.964448,0.035983,0.000000,0.001037,0.000000,0.037020
165,0,0.000000,10.140038,0.211466,0.008299,10.359803,0.000000,0.000000,10.386528,0.010818,0.000000,0.001055,0.000000,0.011873
166,0,0.000000,10.973195,0.182301,0.008325,11.163821,0.000000,0.000000,11.192840,0.009935,0.000000,0.001079,0.000000,0.011014
167,0,0.000000,9.719769,0.256878,0.012880,9.989527,0.000000,0.000000,10.016398,0.010828,0.000000,0.001437,0.000000,0.012265
168,0,0.000000,12.591187,0.209377,0.007635,12.808199,0.000000,0.000000,12.841204,0.010579,0.000000,0.001362,0.000000,0.011941
169,0,0.000000,10.533813,0.177779,0.006803,10.718395,0.000000,0.000000,10.749952,0.012078,0.000000,0.001717,0.000000,0.013795
170,0,0.000000,10.658939,0.199165,0.007013,10.865117,0.000000,0.000000,10.896715,0.011639,0.000000,0.001257,0.000000,0.012896
171,0,0.000000,9.845397,0.334877,0.031812,10.212086,0.000000,0.000000,10.239318,0.011088,0.000000,0.001474,0.000000,0.012562
172,0,0.000000,10.738688,0.136335,0.006433,10.881456,0.000000,0.000000,10.910734,0.011199,0.000000,0.001032,0.000000,0.012231
173,0,0.000000,13.979724,0.189362,0.007115,14.176201,0.000000,0.000000,14.204581,0.009745,0.000000,0.001084,0.000000,0.010829
174,0,0.000000,10.642583,0.189212,0.013910,10.845705,0.000000,0.000000,10.875446,0.010908,0.000000,0.001227,0.000000,0.012135
175,0,0.000000,9.740792,0.236531,0.006597,9.983920,0.000000,0.000000,10.012674,0.010519,0.000000,0.001471,0.000000,0.011990
176,0,0.000000,10.042697,0.206108,0.006448,10.255253,0.000000,0.000000,10.283191,0.010314,0.000000,0.001055,0.000000,0.011369
177,0,0.000000,11.537389,0.168838,0.006796,11.713023,0.000000,0.000000,11.743474,0.010896,0.000000,0.001481,0.000000,0.012377
178,0,0.000000,12.707639,0.242656,0.006113,12.956408,0.000000,0.000000,12.986634,0.010122,0.000000,0.001376,0.000000,0.011498
179,0,0.000000,11.003902,0.228599,0.010897,11.243398,0.000000,0.000000,11.286213,0.023384,0.000000,0.001401,0.000000,0.024785
180,0,0.000000,10.748735,0.207162,0.012059,10.967956,0.000000,0.000000,10.997625,0.010822,0.000000,0.001237,0.000000,0.012059
181,0,0.000000,10.727016,0.197622,0.006906,10.931544,0.000000,0.000000,10.958029,0.009958,0.000000,0.001438,0.000000,0.011396
182,0,0.000000,10.587842,0.220734,0.007608,10.816184,0.000000,0.000000,10.845641,0.010712,0.000000,0.001596,0.000000,0.012308
183,0,0.000000,10.489154,0.182041,0.011038,10.682233,0.000000,0.000000,10.713116,0.010474,0.000000,0.001250,0.000000,0.011724
184,0,0.000000,10.134859,0.218367,0.006874,10.360100,0.000000,0.000000,10.385606,0.009945,0.000000,0.001107,0.000000,0.011052
185,0,0.000000,9.939876,0.190888,0.006933,10.137697,0.000000,0.000000,10.162531,0.010169,0.000000,0.001100,0.000000,0.011269
186,0,0.000000,9.987979,0.214818,0.028904,10.231701,0.000000,0.000000,10.260897,0.010761,0.000000,0.001119,0.000000,0.011880
187,0,0.000000,9.922361,0.166595,0.006840,10.095796,0.000000,0.000000,10.123830,0.011168,0.000000,0.001409,0.000000,0.012577
188,0,0.000000,10.298223,0.182211,0.006972,10.487406,0.000000,0.000000,10.515708,0.010836,0.000000,0.001237,0.000000,0.012073
189,0,0.000000,10.105209,0.262554,0.009110,10.376873,0.000000,0.000000,10.407115,0.010408,0.000000,0.001421,0.000000,0.011829
190,0,0.000000,10.395929,0.222102,0.006308,10.624339,0.000000,0.000000,10.653246,0.011150,0.000000,0.001276,0.000000,0.012426
191,0,0.000000,10.352388,0.201972,0.007538,10.561898,0.000000,0.000000,10.590391,0.010489,0.000000,0.001074,0.000000,0.011563
192,0,0.000000,9.897197,0.193880,0.006588,10.097665,0.000000,0.000000,10.125934,0.009955,0.000000,0.001294,0.000000,0.011249
193,0,0.000000,10.400728,0.194324,0.006494,10.601546,0.000000,0.000000,10.626526,0.009951,0.000000,0.001286,0.000000,0.011237
194,0,0.000000,10.806718,0.197314,0.007802,11.011834,0.000000,0.000000,11.038611,0.010205,0.000000,0.001030,0.000000,0.011235
195,0,0.000000,11.701294,0.148159,0.006045,11.855498,0.000000,0.000000,11.886193,0.009688,0.000000,0.001243,0.000000,0.010931
196,0,0.000000,11.679288,0.141892,0.006542,11.827722,0.000000,0.000000,11.858147,0.011300,0.000000,0.001212,0.000000,0.012512
197,0,0.000000,10.346299,0.174507,0.013466,10.534272,0.000000,0.000000,10.578635,0.010811,0.000000,0.015558,0.000000,0.026369
198,0,0.000000,11.798366,0.213257,0.006059,12.017682,0.000000,0.000000,12.058387,0.018940,0.000000,0.001697,0.000000,0.020637
199,0,0.000000,11.383295,0.211937,0.007722,11.602954,0.000000,0.000000,11.634606,0.011687,0.000000,0.001565,0.000000,0.013252
200,0,0.000000,11.349674,0.207856,0.008086,11.565616,0.000000,0.000000,11.597903,0.011517,0.000000,0.001290,0.000000,0.012807
201,0,0.000000,10.562369,0.217692,0.010909,10.790970,0.000000,0.000000,10.823990,0.011212,0.000000,0.001653,0.000000,0.012865
202,0,0.000000,10.565203,0.207895,0.007146,10.780244,0.000000,0.000000,10.814971,0.012063,0.000000,0.001477,0.000000,0.013540
203,0,0.000000,11.121335,0.202530,0.007611,11.331476,0.000000,0.000000,11.362584,0.011523,0.000000,0.001600,0.000000,0.013123
204,0,0.000000,11.148910,0.250946,0.010322,11.410178,0.000000,0.000000,11.443372,0.011527,0.000000,0.001526,0.000000,0.013053
205,0,0.000000,10.793401,0.203720,0.008197,11.005318,0.000000,0.000000,11.040441,0.011482,0.000000,0.001223,0.000000,0.012705
206,0,0.000000,10.903162,0.215966,0.007810,11.126938,0.000000,0.000000,11.159980,0.011448,0.000000,0.001411,0.000000,0.012859
207,0,0.000000,11.235679,0.186057,0.010955,11.432691,0.000000,0.000000,11.463910,0.010824,0.000000,0.001721,0.000000,0.012545
208,0,0.000000,21.445576,0.236487,0.010377,21.692440,0.000000,0.000000,21.726563,0.011473,0.000000,0.001737,0.000000,0.013210
209,0,0.000000,12.424477,0.204578,0.006704,12.635759,0.000000,0.000000,12.665720,0.011179,0.000000,0.001226,0.000000,0.012405
210,0,0.000000,11.663396,0.226584,0.011365,11.901345,0.000000,0.000000,11.932576,0.011229,0.000000,0.001554,0.000000,0.012783
211,0,0.000000,10.972099,0.180340,0.007426,11.159865,0.000000,0.000000,11.193481,0.011094,0.000000,0.001222,0.000000,0.012316
212,0,0.000000,11.001840,0.274340,0.009817,11.285997,0.000000,0.000000,11.321577,0.011342,0.000000,0.001722,0.000000,0.013064
213,0,0.000000,10.531016,0.214043,0.006740,10.751799,0.000000,0.000000,10.784750,0.011694,0.000000,0.001403,0.000000,0.013097
214,0,0.000000,12.970927,0.211856,0.009699,13.192482,0.000000,0.000000,13.224565,0.011218,0.000000,0.001388,0.000000,0.012606
215,0,0.000000,10.450295,0.201925,0.012516,10.664736,0.000000,0.000000,10.697549,0.010436,0.000000,0.001501,0.000000,0.011937
216,0,0.000000,13.459812,0.210379,0.010316,13.680507,0.000000,0.000000,13.721468,0.018844,0.000000,0.001417,0.000000,0.020261
217,0,0.000000,10.629546,0.251080,0.010970,10.891596,0.000000,0.000000,10.922390,0.010597,0.000000,0.001463,0.000000,0.012060
218,0,0.000000,9.906592,0.281329,0.010716,10.198637,0.000000,0.000000,10.229673,0.010545,0.000000,0.001262,0.000000,0.011807
219,0,0.000000,9.555658,0.368170,0.020518,9.944346,0.000000,0.000000,9.975248,0.010137,0.000000,0.001376,0.000000,0.011513
220,0,0.000000,10.987208,0.226201,0.005329,11.218738,0.000000,0.000000,11.252679,0.014669,0.000000,0.001787,0.000000,0.016456
221,0,0.000000,10.529740,0.214913,0.006794,10.751447,0.000000,0.000000,10.782113,0.010354,0.000000,0.001306,0.000000,0.011660
222,0,0.000000,10.400909,0.194453,0.006200,10.601562,0.000000,0.000000,10.630661,0.010768,0.000000,0.001268,0.000000,0.012036
223,0,0.000000,12.881264,0.166602,0.006495,13.054361,0.000000,0.000000,13.082308,0.010176,0.000000,0.001282,0.000000,0.011458
224,0,0.000000,11.543345,0.186638,0.006449,11.736432,0.000000,0.000000,11.764521,0.010385,0.000000,0.000926,0.000000,0.011311
225,0,0.000000,12.217375,0.198060,0.009342,12.424777,0.000000,0.000000,12.454765,0.010165,0.000000,0.001470,0.000000,0.011635
226,0,0.000000,12.053135,0.234861,0.031705,12.319701,0.000000,0.000000,12.350501,0.010700,0.000000,0.001268,0.000000,0.011968
227,0,0.000000,11.420163,0.154744,0.007076,11.581983,0.000000,0.000000,11.611497,0.010505,0.000000,0.001389,0.000000,0.011894
228,0,0.000000,11.060653,0.251434,0.010262,11.322349,0.000000,0.000000,11.353121,0.010440,0.000000,0.001648,0.000000,0.012088
229,0,0.000000,12.457915,0.207864,0.008751,12.674530,0.000000,0.000000,12.704436,0.010786,0.000000,0.001370,0.000000,0.012156
230,0,0.000000,12.384620,0.278025,0.014384,12.677029,0.000000,0.000000,12.706345,0.010424,0.000000,0.001484,0.000000,0.011908
231,0,0.000000,11.320198,0.155964,0.006920,11.483082,0.000000,0.000000,11.513772,0.012838,0.000000,0.001103,0.000000,0.013941
232,0,0.000000,12.106140,0.197825,0.010351,12.314316,0.000000,0.000000,12.342331,0.010453,0.000000,0.000979,0.000000,0.011432
233,0,0.000000,11.901605,0.200200,0.010349,12.112154,0.000000,0.000000,12.139066,0.010211,0.000000,0.001348,0.000000,0.011559
234,0,0.000000,10.621208,0.217108,0.011206,10.849522,0.000000,0.000000,10.879727,0.010737,0.000000,0.001464,0.000000,0.012201
235,0,0.000000,10.256203,0.176592,0.006350,10.439145,0.000000,0.000000,10.468990,0.010384,0.000000,0.001320,0.000000,0.011704
236,0,0.000000,11.606862,0.154973,0.006454,11.768289,0.000000,0.000000,11.793793,0.009439,0.000000,0.000966,0.000000,0.010405
237,0,0.000000,12.126545,0.182151,0.006713,12.315409,0.000000,0.000000,12.341034,0.009750,0.000000,0.001049,0.000000,0.010799
238,0,0.000000,12.805479,0.194569,0.009761,13.009809,0.000000,0.000000,13.038462,0.010147,0.000000,0.001012,0.000000,0.011159
239,0,0.000000,9.559198,0.237962,0.006568,9.803728,0.000000,0.000000,9.831332,0.010140,0.000000,0.001292,0.000000,0.011432
240,0,0.000000,9.444164,0.187073,0.006515,9.637752,0.000000,0.000000,9.664828,0.010195,0.000000,0.001092,0.000000,0.011287
241,0,0.000000,11.952734,0.189204,0.006958,12.148896,0.000000,0.000000,12.174167,0.009835,0.000000,0.001016,0.000000,0.010851
242,0,0.000000,12.908148,0.217237,0.006620,13.132005,0.000000,0.000000,13.160803,0.010066,0.000000,0.001143,0.000000,0.011209
243,0,0.000000,9.862580,0.182914,0.008683,10.054177,0.000000,0.000000,10.082882,0.010454,0.000000,0.001286,0.000000,0.011740
244,0,0.000000,9.747103,0.201492,0.014815,9.963410,0.000000,0.000000,10.011977,0.010573,0.000000,0.001784,0.000000,0.012357
245,0,0.000000,11.203622,0.186737,0.010024,11.400383,0.000000,0.000000,11.462386,0.041199,0.000000,0.001192,0.000000,0.042391
246,0,0.000000,11.872142,0.182182,0.006700,12.061024,0.000000,0.000000,12.087573,0.010025,0.000000,0.001091,0.000000,0.011116
247,0,0.000000,11.105436,0.180455,0.006554,11.292445,0.000000,0.000000,11.318611,0.010613,0.000000,0.001050,0.000000,0.011663
248,0,0.000000,9.856700,0.177826,0.008279,10.042805,0.000000,0.000000,10.094567,0.010072,0.000000,0.001080,0.000000,0.011152
249,0,0.000000,9.711489,0.220892,0.008813,9.941194,0.000000,0.000000,9.968579,0.009959,0.000000,0.001454,0.000000,0.011413
250,0,0.000000,12.661400,0.183383,0.007013,12.851796,0.000000,0.000000,12.881139,0.010169,0.000000,0.001049,0.000000,0.011218
251,0,0.000000,11.142463,0.152824,0.006774,11.302061,0.000000,0.000000,11.333662,0.010253,0.000000,0.001234,0.000000,0.011487
252,0,0.000000,10.747236,0.196503,0.006627,10.950366,0.000000,0.000000,10.980986,0.010587,0.000000,0.000924,0.000000,0.011511
253,0,0.000000,9.245955,0.221059,0.005957,9.472971,0.000000,0.000000,9.501850,0.010537,0.000000,0.001256,0.000000,0.011793
254,0,0.000000,9.564959,0.183208,0.006322,9.754489,0.000000,0.000000,9.781353,0.011128,0.000000,0.001179,0.000000,0.012307
255,0,0.000000,9.909767,0.180574,0.006675,10.097016,0.000000,0.000000,10.122859,0.009574,0.000000,0.000894,0.000000,0.010468
256,0,0.000000,10.068412,0.155926,0.006397,10.230735,0.000000,0.000000,10.255790,0.009631,0.000000,0.001076,0.000000,0.010707
257,0,0.000000,10.338094,0.193520,0.010534,10.542148,0.000000,0.000000,10.569669,0.009922,0.000000,0.001225,0.000000,0.011147
258,0,0.000000,9.686753,0.191635,0.006619,9.885007,0.000000,0.000000,9.910585,0.009699,0.000000,0.001121,0.000000,0.010820
259,0,0.000000,9.561296,0.193485,0.007724,9.762505,0.000000,0.000000,9.788069,0.009645,0.000000,0.000995,0.000000,0.010640
260,0,0.000000,9.318773,0.238551,0.009081,9.566405,0.000000,0.000000,9.591072,0.009571,0.000000,0.001154,0.000000,0.010725
261,0,0.000000,9.747259,0.170702,0.006324,9.924285,0.000000,0.000000,9.950003,0.009464,0.000000,0.001243,0.000000,0.010707
262,0,0.000000,10.092685,0.197852,0.007407,10.297944,0.000000,0.000000,10.326018,0.009674,0.000000,0.001131,0.000000,0.010805
263,0,0.000000,9.803560,0.212796,0.010547,10.026903,0.000000,0.000000,10.057011,0.010035,0.000000,0.001381,0.000000,0.011416
264,0,0.000000,10.666856,0.176134,0.006652,10.849642,0.000000,0.000000,10.878338,0.010705,0.000000,0.001150,0.000000,0.011855
265,0,0.000000,11.663363,0.194004,0.006078,11.863445,0.000000,0.000000,11.889488,0.009110,0.000000,0.000875,0.000000,0.009985
266,0,0.000000,9.990997,0.142724,0.006592,10.140313,0.000000,0.000000,10.167366,0.010465,0.000000,0.001154,0.000000,0.011619
267,0,0.000000,9.905869,0.209731,0.008895,10.124495,0.000000,0.000000,10.151457,0.009992,0.000000,0.001169,0.000000,0.011161
268,0,0.000000,10.275440,0.186222,0.009378,10.471040,0.000000,0.000000,10.497131,0.009289,0.000000,0.001032,0.000000,0.010321
269,0,0.000000,12.817075,0.179562,0.007112,13.003749,0.000000,0.000000,13.029675,0.009736,0.000000,0.001186,0.000000,0.010922
270,0,0.000000,9.854713,0.262990,0.005277,10.122980,0.000000,0.000000,10.150456,0.010267,0.000000,0.001202,0.000000,0.011469
271,0,0.000000,10.096865,0.197817,0.006363,10.301045,0.000000,0.000000,10.328365,0.009800,0.000000,0.001134,0.000000,0.010934
272,0,0.000000,12.530479,0.156596,0.006214,12.693289,0.000000,0.000000,12.723067,0.010453,0.000000,0.001345,0.000000,0.011798
273,0,0.000000,10.905329,0.188168,0.010427,11.103924,0.000000,0.000000,11.134178,0.011003,0.000000,0.001368,0.000000,0.012371
274,0,0.000000,10.245518,0.168291,0.007890,10.421699,0.000000,0.000000,10.448689,0.009886,0.000000,0.001155,0.000000,0.011041
275,0,0.000000,10.239836,0.163322,0.006913,10.410071,0.000000,0.000000,10.438943,0.010170,0.000000,0.001327,0.000000,0.011497
276,0,0.000000,9.486879,0.182117,0.006366,9.675362,0.000000,0.000000,9.704838,0.009890,0.000000,0.001113,0.000000,0.011003
277,0,0.000000,13.107589,0.202308,0.007357,13.317254,0.000000,0.000000,13.350491,0.010493,0.000000,0.001348,0.000000,0.011841
278,0,0.000000,11.742943,0.231490,0.010676,11.985109,0.000000,0.000000,12.032121,0.010801,0.000000,0.001505,0.000000,0.012306
279,0,0.000000,10.861554,0.250084,0.007041,11.118679,0.000000,0.000000,11.153465,0.011257,0.000000,0.001440,0.000000,0.012697
280,0,0.000000,14.943467,0.224672,0.007649,15.175788,0.000000,0.000000,15.214805,0.013511,0.000000,0.001296,0.000000,0.014807
281,0,0.000000,12.169037,0.209714,0.011163,12.389914,0.000000,0.000000,12.424282,0.010781,0.000000,0.001530,0.000000,0.012311
282,0,0.000000,11.420851,0.218624,0.006087,11.645562,0.000000,0.000000,11.681045,0.010727,0.000000,0.001468,0.000000,0.012195
283,0,0.000000,10.955156,0.308620,0.012313,11.276089,0.000000,0.000000,11.310504,0.011781,0.000000,0.001252,0.000000,0.013033
284,0,0.000000,11.447492,0.262856,0.011613,11.721961,0.000000,0.000000,11.831127,0.012471,0.000000,0.001652,0.000000,0.014123
285,0,0.000000,11.835044,0.267940,0.004939,12.107923,0.000000,0.000000,12.145388,0.011024,0.000000,0.001276,0.000000,0.012300
286,0,0.000000,11.941363,0.173123,0.006701,12.121187,0.000000,0.000000,12.156555,0.010726,0.000000,0.001526,0.000000,0.012252
287,0,0.000000,13.439768,0.219921,0.007372,13.667061,0.000000,0.000000,13.699546,0.010448,0.000000,0.001398,0.000000,0.011846
288,0,0.000000,15.064860,0.248960,0.008138,15.321958,0.000000,0.000000,15.356977,0.011040,0.000000,0.001382,0.000000,0.012422
289,0,0.000000,13.632494,0.244135,0.011766,13.888395,0.000000,0.000000,13.927596,0.011490,0.000000,0.001631,0.000000,0.013121
290,0,0.000000,11.089057,0.157237,0.006575,11.252869,0.000000,0.000000,11.286639,0.012262,0.000000,0.001230,0.000000,0.013492
291,0,0.000000,10.513398,0.243713,0.010202,10.767313,0.000000,0.000000,10.800414,0.010393,0.000000,0.001536,0.000000,0.011929
292,0,0.000000,12.527641,0.221606,0.006992,12.756239,0.000000,0.000000,12.815491,0.035314,0.000000,0.001433,0.000000,0.036747
293,0,0.000000,11.256612,0.225163,0.007235,11.489010,0.000000,0.000000,11.523448,0.011174,0.000000,0.001444,0.000000,0.012618
294,0,0.000000,10.534935,0.202249,0.007217,10.744401,0.000000,0.000000,10.778577,0.011042,0.000000,0.001281,0.000000,0.012323
295,0,0.000000,10.795157,0.219326,0.007928,11.022411,0.000000,0.000000,11.054376,0.011241,0.000000,0.001333,0.000000,0.012574
296,0,0.000000,11.057526,0.342725,0.012380,11.412631,0.000000,0.000000,11.446770,0.010788,0.000000,0.001448,0.000000,0.012236
297,0,0.000000,10.817357,0.230519,0.010836,11.058712,0.000000,0.000000,11.095015,0.010644,0.000000,0.001450,0.000000,0.012094
298,0,0.000000,11.606404,0.230145,0.011125,11.847674,0.000000,0.000000,11.882964,0.011007,0.000000,0.001315,0.000000,0.012322
299,0,0.000000,10.473381,0.271905,0.011778,10.757064,0.000000,0.000000,10.790890,0.010756,0.000000,0.001369,0.000000,0.012125
300,0,0.000000,11.703409,0.330218,0.012062,12.045689,0.000000,0.000000,12.076501,0.010260,0.000000,0.001666,0.000000,0.011926
301,0,0.000000,10.856296,0.232403,0.012124,11.100823,0.000000,0.000000,11.137807,0.011721,0.000000,0.001811,0.000000,0.013532
302,0,0.000000,10.672685,0.373868,0.010630,11.057183,0.000000,0.000000,11.093953,0.011430,0.000000,0.001215,0.000000,0.012645
303,0,0.000000,13.058963,0.255611,0.012023,13.326597,0.000000,0.000000,13.364849,0.010980,0.000000,0.001644,0.000000,0.012624
304,0,0.000000,13.228432,0.314587,0.012805,13.555824,0.000000,0.000000,13.594584,0.012687,0.000000,0.001655,0.000000,0.014342
305,0,0.000000,10.332781,0.320537,0.013248,10.666566,0.000000,0.000000,10.703310,0.011415,0.000000,0.001532,0.000000,0.012947
306,0,0.000000,10.933047,0.212778,0.011043,11.156868,0.000000,0.000000,11.193591,0.010673,0.000000,0.001477,0.000000,0.012150
307,0,0.000000,11.415851,0.155393,0.007204,11.578448,0.000000,0.000000,11.608717,0.010824,0.000000,0.001062,0.000000,0.011886
308,0,0.000000,9.812358,0.210791,0.006424,10.029573,0.000000,0.000000,10.061761,0.010973,0.000000,0.001330,0.000000,0.012303
309,0,0.000000,12.161880,0.203655,0.007482,12.373017,0.000000,0.000000,12.406820,0.010836,0.000000,0.001249,0.000000,0.012085
310,0,0.000000,13.296598,0.362764,0.006913,13.666275,0.000000,0.000000,13.699716,0.010986,0.000000,0.001583,0.000000,0.012569
311,0,0.000000,10.988646,0.213153,0.006574,11.208373,0.000000,0.000000,11.238825,0.011332,0.000000,0.001327,0.000000,0.012659
312,0,0.000000,10.568189,0.134017,0.006742,10.708948,0.000000,0.000000,10.737733,0.010083,0.000000,0.001021,0.000000,0.011104
313,0,0.000000,12.405584,0.195067,0.005499,12.606150,0.000000,0.000000,12.632728,0.010094,0.000000,0.000755,0.000000,0.010849
314,0,0.000000,10.500180,0.221003,0.009406,10.730589,0.000000,0.000000,10.758290,0.009674,0.000000,0.001317,0.000000,0.010991
315,0,0.000000,11.485897,0.155534,0.006426,11.647857,0.000000,0.000000,11.681560,0.010375,0.000000,0.001422,0.000000,0.011797
316,0,0.000000,9.505016,0.167995,0.008055,9.681066,0.000000,0.000000,9.708401,0.009981,0.000000,0.001167,0.000000,0.011148
317,0,0.000000,10.309101,0.198090,0.006404,10.513595,0.000000,0.000000,10.539607,0.009413,0.000000,0.000954,0.000000,0.010367
318,0,0.000000,10.455858,0.135144,0.006534,10.597536,0.000000,0.000000,10.626251,0.010923,0.000000,0.000982,0.000000,0.011905
319,0,0.000000,10.097459,0.238371,0.009964,10.345794,0.000000,0.000000,10.375819,0.009781,0.000000,0.001388,0.000000,0.011169
320,0,0.000000,11.866796,0.187333,0.007644,12.061773,0.000000,0.000000,12.088531,0.010732,0.000000,0.001010,0.000000,0.011742
321,0,0.000000,9.921093,0.183178,0.006268,10.110539,0.000000,0.000000,10.136913,0.009571,0.000000,0.001093,0.000000,0.010664
322,0,0.000000,10.369353,0.123354,0.006211,10.498918,0.000000,0.000000,10.524633,0.009120,0.000000,0.000919,0.000000,0.010039
323,0,0.000000,10.292459,0.188320,0.004962,10.485741,0.000000,0.000000,10.514915,0.009926,0.000000,0.001463,0.000000,0.011389
324,0,0.000000,11.854274,0.217472,0.010999,12.082745,0.000000,0.000000,12.112176,0.010716,0.000000,0.001521,0.000000,0.012237
325,0,0.000000,11.343317,0.181927,0.006984,11.532228,0.000000,0.000000,11.563291,0.011250,0.000000,0.001381,0.000000,0.012631
326,0,0.000000,10.434912,0.176935,0.006112,10.617959,0.000000,0.000000,10.645798,0.010612,0.000000,0.001093,0.000000,0.011705
327,0,0.000000,11.023929,0.193875,0.007199,11.225003,0.000000,0.000000,11.250772,0.009774,0.000000,0.000976,0.000000,0.010750
328,0,0.000000,9.725563,0.151298,0.006051,9.882912,0.000000,0.000000,9.908848,0.009423,0.000000,0.000862,0.000000,0.010285
329,0,0.000000,10.111009,0.187868,0.009107,10.307984,0.000000,0.000000,10.337925,0.014066,0.000000,0.001092,0.000000,0.015158
330,0,0.000000,13.672996,0.168447,0.012342,13.853785,0.000000,0.000000,13.884142,0.009204,0.000000,0.001491,0.000000,0.010695
331,0,0.000000,10.926535,0.165917,0.009534,11.101986,0.000000,0.000000,11.149693,0.011059,0.000000,0.001243,0.000000,0.012302
332,0,0.000000,12.774575,0.300351,0.010312,13.085238,0.000000,0.000000,13.122162,0.010944,0.000000,0.001780,0.000000,0.012724
333,0,0.000000,15.121761,0.214399,0.026782,15.362942,0.000000,0.000000,15.403599,0.011788,0.000000,0.001215,0.000000,0.013003
334,0,0.000000,12.933332,0.198773,0.007031,13.139136,0.000000,0.000000,13.179471,0.018715,0.000000,0.001135,0.000000,0.019850
335,0,0.000000,12.925439,0.204650,0.012861,13.142950,0.000000,0.000000,13.175540,0.011316,0.000000,0.001663,0.000000,0.012979
336,0,0.000000,17.775998,0.186754,0.005487,17.968239,0.000000,0.000000,18.029878,0.031369,0.000000,0.001107,0.000000,0.032476
337,0,0.000000,11.680146,0.204873,0.005914,11.890933,0.000000,0.000000,11.919916,0.011398,0.000000,0.001219,0.000000,0.012617
338,0,0.000000,9.820515,0.191802,0.005558,10.017875,0.000000,0.000000,10.044893,0.010273,0.000000,0.000997,0.000000,0.011270
339,0,0.000000,10.822670,0.421991,0.011310,11.255971,0.000000,0.000000,11.284738,0.009852,0.000000,0.001347,0.000000,0.011199
340,0,0.000000,9.500281,0.194164,0.011153,9.705598,0.000000,0.000000,9.735366,0.010116,0.000000,0.001155,0.000000,0.011271
341,0,0.000000,13.537426,0.213063,0.048795,13.799284,0.000000,0.000000,13.831187,0.010088,0.000000,0.001729,0.000000,0.011817
342,0,0.000000,11.840354,0.259000,0.031785,12.131139,0.000000,0.000000,12.183800,0.018906,0.000000,0.001349,0.000000,0.020255
343,0,0.000000,11.932472,0.334330,0.012839,12.279641,0.000000,0.000000,12.312941,0.010945,0.000000,0.001432,0.000000,0.012377
344,0,0.000000,10.600753,0.226382,0.011158,10.838293,0.000000,0.000000,10.869786,0.011133,0.000000,0.001244,0.000000,0.012377
345,0,0.000000,10.805749,0.379904,0.010114,11.195767,0.000000,0.000000,11.240011,0.019452,0.000000,0.001521,0.000000,0.020973
346,0,0.000000,9.955794,0.271582,0.010314,10.237690,0.000000,0.000000,10.265131,0.010121,0.000000,0.000946,0.000000,0.011067
347,0,0.000000,10.942559,0.276125,0.011222,11.229906,0.000000,0.000000,11.256509,0.009696,0.000000,0.001199,0.000000,0.010895
348,0,0.000000,9.587141,0.129196,0.005924,9.722261,0.000000,0.000000,9.746284,0.010103,0.000000,0.001059,0.000000,0.011162
349,0,0.000000,9.940195,0.219485,0.005767,10.165447,0.000000,0.000000,10.192838,0.009729,0.000000,0.001138,0.000000,0.010867
350,0,0.000000,9.645156,0.186219,0.010731,9.842106,0.000000,0.000000,9.868742,0.009794,0.000000,0.001389,0.000000,0.011183
351,0,0.000000,10.457541,0.209037,0.010003,10.676581,0.000000,0.000000,10.701826,0.009188,0.000000,0.001187,0.000000,0.010375
352,0,0.000000,9.725954,0.251170,0.006956,9.984080,0.000000,0.000000,10.011222,0.010605,0.000000,0.001024,0.000000,0.011629
353,0,0.000000,10.158455,0.328164,0.008816,10.495435,0.000000,0.000000,10.526333,0.009832,0.000000,0.001197,0.000000,0.011029
354,0,0.000000,11.494629,0.210504,0.006117,11.711250,0.000000,0.000000,11.741898,0.010438,0.000000,0.001268,0.000000,0.011706
355,0,0.000000,12.466271,0.269710,0.021337,12.757318,0.000000,0.000000,12.998416,0.010325,0.000000,0.001404,0.000000,0.011729
356,0,0.000000,10.620835,0.214310,0.009469,10.844614,0.000000,0.000000,10.910214,0.048328,0.000000,0.001193,0.000000,0.049521
357,0,0.000000,11.559596,0.370869,0.012299,11.942764,0.000000,0.000000,11.972664,0.009572,0.000000,0.001434,0.000000,0.011006
358,0,0.000000,10.591551,0.174515,0.006942,10.773008,0.000000,0.000000,10.803503,0.009808,0.000000,0.001643,0.000000,0.011451
359,0,0.000000,12.436246,0.157997,0.006512,12.600755,0.000000,0.000000,12.633516,0.010938,0.000000,0.001367,0.000000,0.012305
360,0,0.000000,13.276767,0.294973,0.010816,13.582556,0.000000,0.000000,13.624651,0.010885,0.000000,0.001902,0.000000,0.012787
361,0,0.000000,11.609364,0.256864,0.027975,11.894203,0.000000,0.000000,11.934388,0.014792,0.000000,0.001512,0.000000,0.016304
362,0,0.000000,12.381532,0.143471,0.006418,12.531421,0.000000,0.000000,12.568643,0.017534,0.000000,0.001247,0.000000,0.018781
363,0,0.000000,9.752503,0.170820,0.010258,9.933581,0.000000,0.000000,9.962294,0.010498,0.000000,0.001354,0.000000,0.011852
364,0,0.000000,11.893451,0.164421,0.007783,12.065655,0.000000,0.000000,12.093942,0.010344,0.000000,0.001090,0.000000,0.011434
365,0,0.000000,10.214216,0.146411,0.012141,10.372768,0.000000,0.000000,10.404570,0.010703,0.000000,0.000983,0.000000,0.011686
366,0,0.000000,10.180408,0.239192,0.009594,10.429194,0.000000,0.000000,10.457257,0.010846,0.000000,0.001251,0.000000,0.012097
367,0,0.000000,9.770779,0.177135,0.006458,9.954372,0.000000,0.000000,9.979551,0.009891,0.000000,0.001159,0.000000,0.011050
368,0,0.000000,12.046093,0.127976,0.006157,12.180226,0.000000,0.000000,12.205101,0.009604,0.000000,0.001058,0.000000,0.010662
369,0,0.000000,13.341806,0.149388,0.006357,13.497551,0.000000,0.000000,13.527833,0.010258,0.000000,0.001191,0.000000,0.011449
370,0,0.000000,11.444053,0.208153,0.006518,11.658724,0.000000,0.000000,11.687493,0.010498,0.000000,0.001249,0.000000,0.011747
371,0,0.000000,11.488120,0.182510,0.006289,11.676919,0.000000,0.000000,11.705674,0.010547,0.000000,0.001390,0.000000,0.011937
372,0,0.000000,10.161680,0.190643,0.009160,10.361483,0.000000,0.000000,10.388707,0.010830,0.000000,0.001157,0.000000,0.011987
373,0,0.000000,9.591618,0.178743,0.010407,9.780768,0.000000,0.000000,9.807193,0.010110,0.000000,0.001100,0.000000,0.011210
374,0,0.000000,9.947082,0.152107,0.006726,10.105915,0.000000,0.000000,10.132253,0.009925,0.000000,0.001049,0.000000,0.010974
375,0,0.000000,9.387952,0.220053,0.006200,9.614205,0.000000,0.000000,9.639316,0.009307,0.000000,0.001289,0.000000,0.010596
376,0,0.000000,10.883200,0.195134,0.006198,11.084532,0.000000,0.000000,11.112361,0.010837,0.000000,0.001148,0.000000,0.011985
377,0,0.000000,12.920538,0.211127,0.007128,13.138793,0.000000,0.000000,13.168299,0.009844,0.000000,0.001397,0.000000,0.011241
378,0,0.000000,12.641275,0.146268,0.006864,12.794407,0.000000,0.000000,12.826576,0.010784,0.000000,0.001556,0.000000,0.012340
379,0,0.000000,10.537177,0.182273,0.006437,10.725887,0.000000,0.000000,10.764149,0.010579,0.000000,0.000944,0.000000,0.011523
380,0,0.000000,9.684986,0.197707,0.010310,9.893003,0.000000,0.000000,9.920559,0.009544,0.000000,0.001416,0.000000,0.010960
381,0,0.000000,10.844043,0.185575,0.007336,11.036954,0.000000,0.000000,11.065105,0.010068,0.000000,0.001265,0.000000,0.011333
382,0,0.000000,10.745966,0.184172,0.010466,10.940604,0.000000,0.000000,10.966441,0.010112,0.000000,0.001174,0.000000,0.011286
383,0,0.000000,11.005586,0.194481,0.006826,11.206893,0.000000,0.000000,11.235218,0.009666,0.000000,0.001615,0.000000,0.011281
384,0,0.000000,9.790213,0.197713,0.006607,9.994533,0.000000,0.000000,10.021699,0.010370,0.000000,0.001055,0.000000,0.011425
385,0,0.000000,10.410473,0.200600,0.006889,10.617962,0.000000,0.000000,10.646139,0.010062,0.000000,0.001543,0.000000,0.011605
386,0,0.000000,11.524759,0.167938,0.008180,11.700877,0.000000,0.000000,11.729031,0.010387,0.000000,0.001184,0.000000,0.011571
387,0,0.000000,10.143851,0.128993,0.013171,10.286015,0.000000,0.000000,10.312820,0.009889,0.000000,0.001302,0.000000,0.011191
388,0,0.000000,9.731640,0.189156,0.007210,9.928006,0.000000,0.000000,9.958036,0.009832,0.000000,0.001083,0.000000,0.010915
389,0,0.000000,10.756835,0.295246,0.010992,11.063073,0.000000,0.000000,11.092152,0.010178,0.000000,0.001316,0.000000,0.011494
390,0,0.000000,10.490462,0.187857,0.009858,10.688177,0.000000,0.000000,10.716047,0.010372,0.000000,0.001095,0.000000,0.011467
391,0,0.000000,11.657414,0.228252,0.011659,11.897325,0.000000,0.000000,11.928563,0.009587,0.000000,0.001492,0.000000,0.011079
392,0,0.000000,10.487913,0.180305,0.006427,10.674645,0.000000,0.000000,10.704795,0.010355,0.000000,0.001228,0.000000,0.011583
393,0,0.000000,10.750178,0.164472,0.009853,10.924503,0.000000,0.000000,10.953662,0.010173,0.000000,0.001365,0.000000,0.011538
394,0,0.000000,11.752514,0.166245,0.006240,11.924999,0.000000,0.000000,11.952661,0.010128,0.000000,0.001142,0.000000,0.011270
395,0,0.000000,10.096186,0.189154,0.006349,10.291689,0.000000,0.000000,10.317704,0.009895,0.000000,0.001117,0.000000,0.011012
396,0,0.000000,9.564579,0.170818,0.006603,9.742000,0.000000,0.000000,9.768942,0.010272,0.000000,0.001346,0.000000,0.011618
397,0,0.000000,11.829733,0.188110,0.010235,12.028078,0.000000,0.000000,12.057593,0.010242,0.000000,0.001303,0.000000,0.011545
398,0,0.000000,11.685047,0.224125,0.009008,11.918180,0.000000,0.000000,11.946906,0.009729,0.000000,0.001430,0.000000,0.011159
399,0,0.000000,11.771664,0.200776,0.010039,11.982479,0.000000,0.000000,12.012301,0.010355,0.000000,0.001260,0.000000,0.011615
400,0,0.000000,9.591320,0.184107,0.006605,9.782032,0.000000,0.000000,9.808409,0.010013,0.000000,0.000938,0.000000,0.010951
401,0,0.000000,11.653124,0.207884,0.031178,11.892186,0.000000,0.000000,11.922171,0.010850,0.000000,0.001249,0.000000,0.012099
402,0,0.000000,10.334485,0.189827,0.007542,10.531854,0.000000,0.000000,10.559511,0.009535,0.000000,0.001295,0.000000,0.010830
403,0,0.000000,10.009768,0.266945,0.008448,10.285161,0.000000,0.000000,10.314664,0.009622,0.000000,0.001126,0.000000,0.010748
404,0,0.000000,10.477968,0.528724,0.008370,11.015062,0.000000,0.000000,11.040075,0.009896,0.000000,0.001051,0.000000,0.010947
405,0,0.000000,10.283801,0.235894,0.011276,10.530971,0.000000,0.000000,10.557823,0.009345,0.000000,0.001191,0.000000,0.010536
406,0,0.000000,12.115396,0.212067,0.009928,12.337391,0.000000,0.000000,12.369296,0.010915,0.000000,0.001428,0.000000,0.012343
407,0,0.000000,12.040605,0.260370,0.009715,12.310690,0.000000,0.000000,12.343983,0.011263,0.000000,0.001598,0.000000,0.012861
408,0,0.000000,11.505328,0.261028,0.044982,11.811338,0.000000,0.000000,11.843464,0.011124,0.000000,0.001220,0.000000,0.012344
409,0,0.000000,10.246501,0.269027,0.007587,10.523115,0.000000,0.000000,10.553708,0.010227,0.000000,0.001442,0.000000,0.011669
410,0,0.000000,11.989866,0.210577,0.006503,12.206946,0.000000,0.000000,12.239849,0.010959,0.000000,0.001361,0.000000,0.012320
411,0,0.000000,12.275739,0.227687,0.010590,12.514016,0.000000,0.000000,12.542075,0.010970,0.000000,0.001167,0.000000,0.012137
412,0,0.000000,11.203468,0.208023,0.011253,11.422744,0.000000,0.000000,11.454000,0.010072,0.000000,0.001509,0.000000,0.011581
413,0,0.000000,11.115789,0.184864,0.007113,11.307766,0.000000,0.000000,11.338582,0.010990,0.000000,0.001318,0.000000,0.012308
414,0,0.000000,9.630518,0.152862,0.006123,9.789503,0.000000,0.000000,9.817934,0.010300,0.000000,0.000989,0.000000,0.011289
415,0,0.000000,10.838408,0.205840,0.009560,11.053808,0.000000,0.000000,11.082094,0.010724,0.000000,0.001024,0.000000,0.011748
416,0,0.000000,10.985381,0.180320,0.006366,11.172067,0.000000,0.000000,11.200417,0.010361,0.000000,0.001316,0.000000,0.011677
417,0,0.000000,11.337182,0.320384,0.011675,11.669241,0.000000,0.000000,11.696494,0.009849,0.000000,0.001082,0.000000,0.010931
418,0,0.000000,10.161322,0.198318,0.012251,10.371891,0.000000,0.000000,10.401122,0.010830,0.000000,0.001613,0.000000,0.012443
419,0,0.000000,10.586675,0.194202,0.006885,10.787762,0.000000,0.000000,10.819203,0.010357,0.000000,0.001204,0.000000,0.011561
420,0,0.000000,9.805754,0.131769,0.006271,9.943794,0.000000,0.000000,9.968846,0.010171,0.000000,0.000827,0.000000,0.010998
421,0,0.000000,10.036602,0.183872,0.006605,10.227079,0.000000,0.000000,10.253052,0.010001,0.000000,0.000996,0.000000,0.010997
422,0,0.000000,9.516878,0.168675,0.006225,9.691778,0.000000,0.000000,9.719407,0.010076,0.000000,0.001529,0.000000,0.011605
423,0,0.000000,10.286397,0.130330,0.006088,10.422815,0.000000,0.000000,10.451750,0.010732,0.000000,0.001083,0.000000,0.011815
424,0,0.000000,10.109546,0.187395,0.041589,10.338530,0.000000,0.000000,10.367445,0.010603,0.000000,0.001089,0.000000,0.011692
425,0,0.000000,12.349178,0.172875,0.007003,12.529056,0.000000,0.000000,12.568900,0.020928,0.000000,0.001470,0.000000,0.022398
426,0,0.000000,10.013749,0.136976,0.006516,10.157241,0.000000,0.000000,10.186382,0.010494,0.000000,0.000948,0.000000,0.011442
427,0,0.000000,10.160313,0.182937,0.006870,10.350120,0.000000,0.000000,10.377623,0.009664,0.000000,0.001227,0.000000,0.010891
428,0,0.000000,11.954556,0.162499,0.006569,12.123624,0.000000,0.000000,12.150697,0.009850,0.000000,0.000942,0.000000,0.010792
429,0,0.000000,9.975921,0.174695,0.007991,10.158607,0.000000,0.000000,10.184629,0.009872,0.000000,0.000986,0.000000,0.010858
430,0,0.000000,10.371353,0.218249,0.027645,10.617247,0.000000,0.000000,10.645556,0.009812,0.000000,0.001085,0.000000,0.010897
431,0,0.000000,10.912072,0.187145,0.006293,11.105510,0.000000,0.000000,11.136138,0.010720,0.000000,0.001235,0.000000,0.011955
432,0,0.000000,10.190532,0.198278,0.006370,10.395180,0.000000,0.000000,10.421359,0.010651,0.000000,0.001228,0.000000,0.011879
433,0,0.000000,11.694593,0.170067,0.006519,11.871179,0.000000,0.000000,11.897285,0.009341,0.000000,0.000983,0.000000,0.010324
434,0,0.000000,10.674492,0.215574,0.006478,10.896544,0.000000,0.000000,10.923482,0.009491,0.000000,0.001205,0.000000,0.010696
435,0,0.000000,11.281881,0.217486,0.007472,11.506839,0.000000,0.000000,11.537166,0.009573,0.000000,0.001496,0.000000,0.011069
436,0,0.000000,10.919603,0.225718,0.009831,11.155152,0.000000,0.000000,11.188510,0.011007,0.000000,0.001614,0.000000,0.012621
437,0,0.000000,10.881701,0.162430,0.006213,11.050344,0.000000,0.000000,11.104539,0.030561,0.000000,0.001451,0.000000,0.032012
438,0,0.000000,10.472832,0.166131,0.006178,10.645141,0.000000,0.000000,10.679322,0.011695,0.000000,0.001623,0.000000,0.013318
439,0,0.000000,10.367079,0.195671,0.007471,10.570221,0.000000,0.000000,10.599717,0.010725,0.000000,0.001391,0.000000,0.012116
440,0,0.000000,11.926168,0.211062,0.007539,12.144769,0.000000,0.000000,12.177541,0.010810,0.000000,0.001452,0.000000,0.012262
441,0,0.000000,10.346755,0.139023,0.005685,10.491463,0.000000,0.000000,10.521938,0.010073,0.000000,0.001344,0.000000,0.011417
442,0,0.000000,10.224249,0.363471,0.017773,10.605493,0.000000,0.000000,10.635673,0.010743,0.000000,0.001605,0.000000,0.012348
443,0,0.000000,12.099920,0.240899,0.010903,12.351722,0.000000,0.000000,12.383758,0.010839,0.000000,0.001509,0.000000,0.012348
444,0,0.000000,10.393184,0.200780,0.008405,10.602369,0.000000,0.000000,10.633594,0.010841,0.000000,0.001437,0.000000,0.012278
445,0,0.000000,10.733659,0.163064,0.007137,10.903860,0.000000,0.000000,10.935404,0.011396,0.000000,0.001367,0.000000,0.012763
446,0,0.000000,12.854540,0.200733,0.008702,13.063975,0.000000,0.000000,13.096417,0.010745,0.000000,0.001320,0.000000,0.012065
447,0,0.000000,10.415129,0.192708,0.006582,10.614419,0.000000,0.000000,10.645361,0.010827,0.000000,0.001285,0.000000,0.012112
448,0,0.000000,11.447445,0.205033,0.007547,11.660025,0.000000,0.000000,11.690937,0.010733,0.000000,0.001163,0.000000,0.011896
449,0,0.000000,10.521118,0.202569,0.007301,10.730988,0.000000,0.000000,10.761426,0.010690,0.000000,0.001528,0.000000,0.012218
450,0,0.000000,11.164131,0.293246,0.009689,11.467066,0.000000,0.000000,11.498672,0.010387,0.000000,0.001147,0.000000,0.011534
451,0,0.000000,10.691361,0.221788,0.010427,10.923576,0.000000,0.000000,10.955990,0.010276,0.000000,0.001475,0.000000,0.011751
452,0,0.000000,12.132483,0.184015,0.009237,12.325735,0.000000,0.000000,12.358694,0.010914,0.000000,0.001526,0.000000,0.012440
453,0,0.000000,10.472664,0.282499,0.007084,10.762247,0.000000,0.000000,10.793623,0.010520,0.000000,0.001373,0.000000,0.011893
454,0,0.000000,10.206141,0.163396,0.006361,10.375898,0.000000,0.000000,10.405692,0.010422,0.000000,0.001273,0.000000,0.011695
455,0,0.000000,10.149230,0.207593,0.005525,10.362348,0.000000,0.000000,10.409679,0.010857,0.000000,0.003267,0.000000,0.014124
456,0,0.000000,11.235506,0.211074,0.006945,11.453525,0.000000,0.000000,11.498273,0.016978,0.000000,0.001829,0.000000,0.018807
457,0,0.000000,12.244452,0.203908,0.008116,12.456476,0.000000,0.000000,12.494798,0.013515,0.000000,0.001485,0.000000,0.015000
458,0,0.000000,10.301572,0.193491,0.008474,10.503537,0.000000,0.000000,10.536100,0.010610,0.000000,0.001208,0.000000,0.011818
459,0,0.000000,13.196445,0.225009,0.011432,13.432886,0.000000,0.000000,13.474072,0.010398,0.000000,0.001330,0.000000,0.011728
460,0,0.000000,12.031873,0.148783,0.006473,12.187129,0.000000,0.000000,12.227791,0.020052,0.000000,0.001432,0.000000,0.021484
461,0,0.000000,11.810373,0.208909,0.005059,12.024341,0.000000,0.000000,12.054892,0.010913,0.000000,0.001494,0.000000,0.012407
462,0,0.000000,11.516815,0.194078,0.009269,11.720162,0.000000,0.000000,11.750764,0.010596,0.000000,0.001263,0.000000,0.011859
463,0,0.000000,10.012027,0.136608,0.006400,10.155035,0.000000,0.000000,10.184717,0.010575,0.000000,0.001228,0.000000,0.011803
464,0,0.000000,10.224254,0.184817,0.007409,10.416480,0.000000,0.000000,10.446231,0.010920,0.000000,0.001284,0.000000,0.012204
465,0,0.000000,10.673068,0.199478,0.005357,10.877903,0.000000,0.000000,10.908869,0.011134,0.000000,0.001250,0.000000,0.012384
466,0,0.000000,11.485181,0.290247,0.040729,11.816157,0.000000,0.000000,11.851231,0.010902,0.000000,0.001544,0.000000,0.012446
467,0,0.000000,14.703046,0.164318,0.006444,14.873808,0.000000,0.000000,14.946366,0.018811,0.000000,0.001165,0.000000,0.019976
468,0,0.000000,13.172470,0.210660,0.005585,13.388715,0.000000,0.000000,13.421244,0.010811,0.000000,0.001418,0.000000,0.012229
469,0,0.000000,11.576054,0.237707,0.008916,11.822677,0.000000,0.000000,11.853658,0.010687,0.000000,0.001430,0.000000,0.012117
470,0,0.000000,13.290580,0.215158,0.021529,13.527267,0.000000,0.000000,13.563312,0.010956,0.000000,0.001808,0.000000,0.012764
471,0,0.000000,12.002492,0.186235,0.011766,12.200493,0.000000,0.000000,12.246703,0.022119,0.000000,0.001430,0.000000,0.023549
472,0,0.000000,11.194412,0.199727,0.010739,11.404878,0.000000,0.000000,11.438726,0.014853,0.000000,0.001132,0.000000,0.015985
473,0,0.000000,11.977806,0.349736,0.011088,12.338630,0.000000,0.000000,12.369278,0.010371,0.000000,0.001309,0.000000,0.011680
474,0,0.000000,12.833400,0.247457,0.015501,13.096358,0.000000,0.000000,13.129395,0.010464,0.000000,0.001658,0.000000,0.012122
475,0,0.000000,11.881957,0.197240,0.014746,12.093943,0.000000,0.000000,12.124965,0.010529,0.000000,0.001462,0.000000,0.011991
476,0,0.000000,13.062566,0.201591,0.005813,13.269970,0.000000,0.000000,13.301045,0.011528,0.000000,0.001272,0.000000,0.012800
477,0,0.000000,11.878179,0.202085,0.005440,12.085704,0.000000,0.000000,12.114088,0.010641,0.000000,0.001158,0.000000,0.011799
478,0,0.000000,11.463607,0.229172,0.009783,11.702562,0.000000,0.000000,11.732306,0.010127,0.000000,0.001390,0.000000,0.011517
479,0,0.000000,10.620114,0.190234,0.006883,10.817231,0.000000,0.000000,10.848595,0.010438,0.000000,0.001381,0.000000,0.011819
480,0,0.000000,10.627732,0.218724,0.009148,10.855604,0.000000,0.000000,10.884401,0.010884,0.000000,0.001485,0.000000,0.012369
481,0,0.000000,11.037340,0.297289,0.012665,11.347294,0.000000,0.000000,11.378205,0.010097,0.000000,0.001339,0.000000,0.011436
482,0,0.000000,9.581860,0.233815,0.010661,9.826336,0.000000,0.000000,9.856440,0.010752,0.000000,0.001445,0.000000,0.012197
483,0,0.000000,9.634912,0.301194,0.011361,9.947467,0.000000,0.000000,9.976812,0.009851,0.000000,0.001571,0.000000,0.011422
484,0,0.000000,10.881879,0.325207,0.008316,11.215402,0.000000,0.000000,11.244321,0.010671,0.000000,0.001056,0.000000,0.011727
485,0,0.000000,9.795500,0.204730,0.011731,10.011961,0.000000,0.000000,10.041184,0.010324,0.000000,0.001315,0.000000,0.011639
486,0,0.000000,9.875566,0.232077,0.013964,10.121607,0.000000,0.000000,10.154489,0.010230,0.000000,0.001462,0.000000,0.011692
487,0,0.000000,11.355357,0.202385,0.007248,11.564990,0.000000,0.000000,11.642700,0.051549,0.000000,0.001121,0.000000,0.052670
488,0,0.000000,10.458557,0.136770,0.006593,10.601920,0.000000,0.000000,10.629499,0.010992,0.000000,0.001127,0.000000,0.012119
489,0,0.000000,10.913543,0.211442,0.008398,11.133383,0.000000,0.000000,11.163683,0.009880,0.000000,0.001745,0.000000,0.011625
490,0,0.000000,10.802120,0.203771,0.006627,11.012518,0.000000,0.000000,11.043263,0.011448,0.000000,0.001615,0.000000,0.013063
491,0,0.000000,9.487877,0.173831,0.005947,9.667655,0.000000,0.000000,9.693814,0.010123,0.000000,0.001090,0.000000,0.011213
492,0,0.000000,10.227793,0.150866,0.005852,10.384511,0.000000,0.000000,10.410394,0.009864,0.000000,0.000983,0.000000,0.010847
493,0,0.000000,10.539420,0.199477,0.007175,10.746072,0.000000,0.000000,10.773955,0.010487,0.000000,0.001439,0.000000,0.011926
494,0,0.000000,10.868219,0.219892,0.008870,11.096981,0.000000,0.000000,11.127694,0.010342,0.000000,0.001636,0.000000,0.011978
495,0,0.000000,13.171701,0.196182,0.009276,13.377159,0.000000,0.000000,13.409159,0.010841,0.000000,0.001386,0.000000,0.012227
496,0,0.000000,11.083876,0.254661,0.010638,11.349175,0.000000,0.000000,11.397297,0.011373,0.000000,0.001131,0.000000,0.012504
497,0,0.000000,10.205032,0.190273,0.007969,10.403274,0.000000,0.000000,10.434931,0.014141,0.000000,0.001191,0.000000,0.015332
498,0,0.000000,10.388792,0.180360,0.006517,10.575669,0.000000,0.000000,10.600690,0.009219,0.000000,0.000961,0.000000,0.010180
499,0,0.000000,9.537975,0.206910,0.006200,9.751085,0.000000,0.000000,9.778258,0.009613,0.000000,0.001220,0.000000,0.010833
500,0,0.000000,9.656738,0.128870,0.006241,9.791849,0.000000,0.000000,9.817699,0.010391,0.000000,0.001036,0.000000,0.011427
501,0,0.000000,10.005919,0.191955,0.006908,10.204782,0.000000,0.000000,10.229716,0.009358,0.000000,0.000952,0.000000,0.010310
502,0,0.000000,10.107756,0.199516,0.009531,10.316803,0.000000,0.000000,10.342854,0.009807,0.000000,0.000976,0.000000,0.010783
503,0,0.000000,11.947012,0.173699,0.006501,12.127212,0.000000,0.000000,12.155846,0.009188,0.000000,0.001185,0.000000,0.010373
504,0,0.000000,11.256745,0.210140,0.007028,11.473913,0.000000,0.000000,11.521662,0.010230,0.000000,0.001379,0.000000,0.011609
505,0,0.000000,10.699766,0.194770,0.006798,10.901334,0.000000,0.000000,10.931508,0.010276,0.000000,0.001198,0.000000,0.011474
506,0,0.000000,12.047790,0.245584,0.099105,12.392479,0.000000,0.000000,12.425145,0.010243,0.000000,0.001682,0.000000,0.011925
507,0,0.000000,12.138976,0.179464,0.006628,12.325068,0.000000,0.000000,12.359954,0.011299,0.000000,0.001318,0.000000,0.012617
508,0,0.000000,12.379073,0.366862,0.024406,12.770341,0.000000,0.000000,12.803467,0.010824,0.000000,0.001900,0.000000,0.012724
509,0,0.000000,11.834315,0.230737,0.012789,12.077841,0.000000,0.000000,12.126484,0.011128,0.000000,0.014157,0.000000,0.025285
510,0,0.000000,10.951822,0.195792,0.007308,11.154922,0.000000,0.000000,11.192793,0.018871,0.000000,0.001085,0.000000,0.019956
511,0,0.000000,9.860868,0.300066,0.011330,10.172264,0.000000,0.000000,10.198367,0.010172,0.000000,0.001253,0.000000,0.011425
512,0,0.000000,12.042092,0.178283,0.007255,12.227630,0.000000,0.000000,12.256473,0.010316,0.000000,0.001262,0.000000,0.011578
513,0,0.000000,11.144065,0.177331,0.006472,11.327868,0.000000,0.000000,11.352822,0.009668,0.000000,0.001083,0.000000,0.010751
514,0,0.000000,11.657879,0.200246,0.037998,11.896123,0.000000,0.000000,11.927218,0.009763,0.000000,0.001214,0.000000,0.010977
515,0,0.000000,10.420218,0.319689,0.016071,10.755978,0.000000,0.000000,10.789060,0.011006,0.000000,0.001692,0.000000,0.012698
516,0,0.000000,10.456929,0.225749,0.009340,10.692018,0.000000,0.000000,10.729496,0.014490,0.000000,0.001350,0.000000,0.015840
517,0,0.000000,10.762035,0.157581,0.007210,10.926826,0.000000,0.000000,10.956967,0.010890,0.000000,0.001289,0.000000,0.012179
518,0,0.000000,13.108867,0.195633,0.007438,13.311938,0.000000,0.000000,13.342689,0.011514,0.000000,0.001463,0.000000,0.012977
519,0,0.000000,10.805877,0.199648,0.006977,11.012502,0.000000,0.000000,11.045776,0.010866,0.000000,0.001655,0.000000,0.012521
520,0,0.000000,12.959494,0.173289,0.006794,13.139577,0.000000,0.000000,13.170801,0.010998,0.000000,0.001275,0.000000,0.012273
521,0,0.000000,12.081833,0.218535,0.005972,12.306340,0.000000,0.000000,12.338562,0.010922,0.000000,0.001574,0.000000,0.012496
522,0,0.000000,10.408155,0.342266,0.020885,10.771306,0.000000,0.000000,10.804334,0.011187,0.000000,0.001548,0.000000,0.012735
523,0,0.000000,10.621340,0.176064,0.006847,10.804251,0.000000,0.000000,10.846111,0.018319,0.000000,0.001065,0.000000,0.019384
524,0,0.000000,12.328332,0.200108,0.006916,12.535356,0.000000,0.000000,12.565200,0.010756,0.000000,0.001189,0.000000,0.011945
525,0,0.000000,13.622696,0.166658,0.006913,13.796267,0.000000,0.000000,13.826815,0.010434,0.000000,0.001618,0.000000,0.012052
526,0,0.000000,10.626929,0.154671,0.005966,10.787566,0.000000,0.000000,10.818123,0.010604,0.000000,0.001346,0.000000,0.011950
527,0,0.000000,12.903791,0.204720,0.006934,13.115445,0.000000,0.000000,13.144906,0.011126,0.000000,0.001233,0.000000,0.012359
528,0,0.000000,11.085747,0.232420,0.009317,11.327484,0.000000,0.000000,11.358542,0.010446,0.000000,0.001562,0.000000,0.012008
529,0,0.000000,12.396387,0.209116,0.010543,12.616046,0.000000,0.000000,12.651801,0.011117,0.000000,0.001405,0.000000,0.012522
530,0,0.000000,11.417974,0.205372,0.007378,11.630724,0.000000,0.000000,11.660818,0.010587,0.000000,0.001211,0.000000,0.011798
531,0,0.000000,12.371757,0.181848,0.010887,12.564492,0.000000,0.000000,12.596531,0.010438,0.000000,0.001460,0.000000,0.011898
532,0,0.000000,11.275019,0.200240,0.010717,11.485976,0.000000,0.000000,11.516964,0.010673,0.000000,0.001285,0.000000,0.011958
533,0,0.000000,10.724331,0.171892,0.006870,10.903093,0.000000,0.000000,10.934392,0.010724,0.000000,0.001110,0.000000,0.011834
534,0,0.000000,10.448030,0.199757,0.005863,10.653650,0.000000,0.000000,10.685114,0.010898,0.000000,0.001691,0.000000,0.012589
535,0,0.000000,11.060779,0.216843,0.011059,11.288681,0.000000,0.000000,11.342047,0.011538,0.000000,0.001401,0.000000,0.012939
536,0,0.000000,12.139195,0.326441,0.012891,12.478527,0.000000,0.000000,12.510920,0.011382,0.000000,0.001537,0.000000,0.012919
537,0,0.000000,10.132373,0.189779,0.005249,10.327401,0.000000,0.000000,10.356958,0.010456,0.000000,0.001511,0.000000,0.011967
538,0,0.000000,10.189180,0.310189,0.011580,10.510949,0.000000,0.000000,10.543623,0.010868,0.000000,0.001676,0.000000,0.012544
539,0,0.000000,9.735936,0.321110,0.048131,10.105177,0.000000,0.000000,10.137185,0.010766,0.000000,0.001457,0.000000,0.012223
540,0,0.000000,10.264312,0.203200,0.011381,10.478893,0.000000,0.000000,10.507576,0.010688,0.000000,0.001152,0.000000,0.011840
541,0,0.000000,11.953978,0.174596,0.007229,12.135803,0.000000,0.000000,12.165531,0.010057,0.000000,0.001390,0.000000,0.011447
542,0,0.000000,11.960876,0.189803,0.004791,12.155470,0.000000,0.000000,12.186930,0.010844,0.000000,0.001519,0.000000,0.012363
543,0,0.000000,14.725240,0.239826,0.003885,14.968951,0.000000,0.000000,15.006895,0.020242,0.000000,0.001350,0.000000,0.021592
544,0,0.000000,18.961865,0.364959,0.006932,19.333756,0.000000,0.000000,19.366989,0.010859,0.000000,0.001316,0.000000,0.012175
545,0,0.000000,19.427358,0.245411,0.004396,19.677165,0.000000,0.000000,19.714264,0.014108,0.000000,0.001561,0.000000,0.015669
546,0,0.000000,15.896839,0.278656,0.004051,16.179546,0.000000,0.000000,16.210481,0.010477,0.000000,0.001489,0.000000,0.011966
547,0,0.000000,19.108702,0.349851,0.005382,19.463935,0.000000,0.000000,19.511504,0.012339,0.000000,0.001416,0.000000,0.013755
548,0,0.000000,19.822015,0.261758,0.004143,20.087916,0.000000,0.000000,20.136412,0.024351,0.000000,0.001651,0.000000,0.026002
549,0,0.000000,15.675000,0.210466,0.011136,15.896602,0.000000,0.000000,15.930608,0.011104,0.000000,0.001660,0.000000,0.012764
550,0,0.000000,12.120236,0.141925,0.006696,12.268857,0.000000,0.000000,12.298973,0.010490,0.000000,0.001144,0.000000,0.011634
551,0,0.000000,10.285466,0.159037,0.012524,10.457027,0.000000,0.000000,10.501570,0.010511,0.000000,0.014607,0.000000,0.025118
552,0,0.000000,10.703734,0.201542,0.007263,10.912539,0.000000,0.000000,10.948727,0.017384,0.000000,0.001149,0.000000,0.018533
553,0,0.000000,11.099410,0.146317,0.006256,11.251983,0.000000,0.000000,11.279713,0.010209,0.000000,0.001245,0.000000,0.011454
554,0,0.000000,12.166075,0.191101,0.006645,12.363821,0.000000,0.000000,12.392571,0.010190,0.000000,0.001565,0.000000,0.011755
555,0,0.000000,10.293732,0.184027,0.006790,10.484549,0.000000,0.000000,10.513168,0.009661,0.000000,0.001061,0.000000,0.010722
556,0,0.000000,10.926711,0.178734,0.006518,11.111963,0.000000,0.000000,11.140019,0.009707,0.000000,0.001349,0.000000,0.011056
557,0,0.000000,10.734257,0.189041,0.009564,10.932862,0.000000,0.000000,10.958460,0.010101,0.000000,0.000993,0.000000,0.011094
558,0,0.000000,11.580663,0.189066,0.006807,11.776536,0.000000,0.000000,11.801960,0.009266,0.000000,0.000976,0.000000,0.010242
559,0,0.000000,10.960981,0.164421,0.006764,11.132166,0.000000,0.000000,11.160462,0.010316,0.000000,0.001311,0.000000,0.011627
560,0,0.000000,10.484752,0.177135,0.006378,10.668265,0.000000,0.000000,10.695917,0.010247,0.000000,0.001125,0.000000,0.011372
561,0,0.000000,9.525275,0.189793,0.006473,9.721541,0.000000,0.000000,9.750044,0.010074,0.000000,0.001276,0.000000,0.011350
562,0,0.000000,9.432220,0.203162,0.005263,9.640645,0.000000,0.000000,9.666404,0.010188,0.000000,0.001187,0.000000,0.011375
563,0,0.000000,9.778604,0.166907,0.006624,9.952135,0.000000,0.000000,9.982161,0.010244,0.000000,0.001199,0.000000,0.011443
564,0,0.000000,10.259648,0.206811,0.015719,10.482178,0.000000,0.000000,10.515542,0.009949,0.000000,0.001528,0.000000,0.011477
565,0,0.000000,10.980384,0.180249,0.006370,11.167003,0.000000,0.000000,11.211056,0.019348,0.000000,0.001155,0.000000,0.020503
566,0,0.000000,11.280763,0.190190,0.006710,11.477663,0.000000,0.000000,11.507955,0.010938,0.000000,0.001011,0.000000,0.011949
567,0,0.000000,11.228454,0.210660,0.010247,11.449361,0.000000,0.000000,11.476402,0.010760,0.000000,0.001170,0.000000,0.011930
568,0,0.000000,10.117029,0.288256,0.012503,10.417788,0.000000,0.000000,10.445058,0.009915,0.000000,0.001211,0.000000,0.011126
569,0,0.000000,9.829983,0.222373,0.006603,10.058959,0.000000,0.000000,10.087611,0.009620,0.000000,0.001223,0.000000,0.010843
570,0,0.000000,9.660640,0.277041,0.011095,9.948776,0.000000,0.000000,9.976369,0.010149,0.000000,0.001037,0.000000,0.011186
571,0,0.000000,10.135089,0.213271,0.007787,10.356147,0.000000,0.000000,10.386301,0.009163,0.000000,0.001404,0.000000,0.010567
572,0,0.000000,9.769002,0.287232,0.012145,10.068379,0.000000,0.000000,10.099328,0.010945,0.000000,0.001467,0.000000,0.012412
573,0,0.000000,10.259557,0.239717,0.013874,10.513148,0.000000,0.000000,10.544964,0.011103,0.000000,0.001274,0.000000,0.012377
574,0,0.000000,9.798399,0.298373,0.007346,10.104118,0.000000,0.000000,10.130948,0.010471,0.000000,0.000773,0.000000,0.011244
575,0,0.000000,11.656685,0.185372,0.011455,11.853512,0.000000,0.000000,11.880240,0.009522,0.000000,0.001060,0.000000,0.010582
576,0,0.000000,9.701952,0.299727,0.007438,10.009117,0.000000,0.000000,10.034949,0.009662,0.000000,0.001246,0.000000,0.010908
577,0,0.000000,10.629783,0.298196,0.010677,10.938656,0.000000,0.000000,10.966160,0.009296,0.000000,0.001297,0.000000,0.010593
578,0,0.000000,10.044338,0.444171,0.020071,10.508580,0.000000,0.000000,10.537226,0.010128,0.000000,0.001438,0.000000,0.011566
579,0,0.000000,12.471924,0.224442,0.007083,12.703449,0.000000,0.000000,12.743991,0.017832,0.000000,0.001149,0.000000,0.018981
580,0,0.000000,11.882955,0.146815,0.006822,12.036592,0.000000,0.000000,12.063384,0.010077,0.000000,0.001008,0.000000,0.011085
581,0,0.000000,10.443297,0.179077,0.007859,10.630233,0.000000,0.000000,10.659108,0.010160,0.000000,0.001286,0.000000,0.011446
582,0,0.000000,10.139232,0.212932,0.011371,10.363535,0.000000,0.000000,10.390178,0.009937,0.000000,0.001301,0.000000,0.011238
583,0,0.000000,9.512854,0.194158,0.007155,9.714167,0.000000,0.000000,9.741073,0.010014,0.000000,0.001133,0.000000,0.011147
584,0,0.000000,9.938119,0.236484,0.004978,10.179581,0.000000,0.000000,10.206259,0.009500,0.000000,0.001511,0.000000,0.011011
585,0,0.000000,12.220816,0.253772,0.009372,12.483960,0.000000,0.000000,12.515099,0.010576,0.000000,0.001555,0.000000,0.012131
586,0,0.000000,13.972149,0.167517,0.024880,14.164546,0.000000,0.000000,14.195651,0.011473,0.000000,0.001516,0.000000,0.012989
587,0,0.000000,12.537647,0.202745,0.010103,12.750495,0.000000,0.000000,12.790633,0.018486,0.000000,0.001443,0.000000,0.019929
588,0,0.000000,11.905135,0.198937,0.006187,12.110259,0.000000,0.000000,12.140701,0.010848,0.000000,0.001492,0.000000,0.012340
589,0,0.000000,10.043338,0.280377,0.006375,10.330090,0.000000,0.000000,10.360334,0.010476,0.000000,0.001181,0.000000,0.011657
590,0,0.000000,9.848496,0.204482,0.014065,10.067043,0.000000,0.000000,10.094781,0.010556,0.000000,0.001210,0.000000,0.011766
591,0,0.000000,10.881368,0.216074,0.006809,11.104251,0.000000,0.000000,11.132135,0.009030,0.000000,0.001457,0.000000,0.010487
592,0,0.000000,10.435272,0.217530,0.009580,10.662382,0.000000,0.000000,10.695349,0.010640,0.000000,0.001494,0.000000,0.012134
593,0,0.000000,12.552419,0.277669,0.013466,12.843554,0.000000,0.000000,12.883621,0.017510,0.000000,0.001723,0.000000,0.019233
594,0,0.000000,10.921280,0.187246,0.009847,11.118373,0.000000,0.000000,11.163254,0.011818,0.000000,0.012756,0.000000,0.024574
595,0,0.000000,10.404807,0.143264,0.006591,10.554662,0.000000,0.000000,10.593125,0.019475,0.000000,0.001192,0.000000,0.020667
596,0,0.000000,10.480035,0.200127,0.009092,10.689254,0.000000,0.000000,10.720025,0.010562,0.000000,0.001319,0.000000,0.011881
597,0,0.000000,12.162879,0.201317,0.005361,12.369557,0.000000,0.000000,12.401033,0.010880,0.000000,0.001499,0.000000,0.012379
598,0,0.000000,10.091325,0.161859,0.005712,10.258896,0.000000,0.000000,10.289315,0.010807,0.000000,0.001084,0.000000,0.011891
599,0,0.000000,10.483629,0.181223,0.010314,10.675166,0.000000,0.000000,10.704263,0.010452,0.000000,0.001327,0.000000,0.011779
600,0,0.000000,11.559739,0.294598,0.011667,11.866004,0.000000,0.000000,11.897953,0.011042,0.000000,0.001331,0.000000,0.012373
601,0,0.000000,10.261606,0.189830,0.010832,10.462268,0.000000,0.000000,10.490883,0.010680,0.000000,0.001232,0.000000,0.011912
602,0,0.000000,10.667616,0.273575,0.010926,10.952117,0.000000,0.000000,10.983284,0.010571,0.000000,0.001680,0.000000,0.012251
603,0,0.000000,10.081987,0.235237,0.012179,10.329403,0.000000,0.000000,10.359823,0.010349,0.000000,0.001354,0.000000,0.011703
604,0,0.000000,10.109595,0.286814,0.010670,10.407079,0.000000,0.000000,10.437728,0.010178,0.000000,0.001240,0.000000,0.011418
605,0,0.000000,9.805469,0.145269,0.006519,9.957257,0.000000,0.000000,9.986690,0.010773,0.000000,0.001298,0.000000,0.012071
606,0,0.000000,12.219819,0.204583,0.011268,12.435670,0.000000,0.000000,12.466964,0.010428,0.000000,0.001709,0.000000,0.012137
607,0,0.000000,9.674925,0.302878,0.007103,9.984906,0.000000,0.000000,10.015584,0.010779,0.000000,0.001548,0.000000,0.012327
608,0,0.000000,12.377087,0.153835,0.006593,12.537515,0.000000,0.000000,12.569467,0.010670,0.000000,0.001503,0.000000,0.012173
609,0,0.000000,13.213436,0.209917,0.009706,13.433059,0.000000,0.000000,13.463830,0.011022,0.000000,0.001370,0.000000,0.012392
610,0,0.000000,11.985405,0.196117,0.005789,12.187311,0.000000,0.000000,12.220799,0.011002,0.000000,0.001422,0.000000,0.012424
611,0,0.000000,11.265605,0.227846,0.005727,11.499178,0.000000,0.000000,11.529026,0.011318,0.000000,0.001457,0.000000,0.012775
612,0,0.000000,10.047417,0.197806,0.006813,10.252036,0.000000,0.000000,10.282247,0.011651,0.000000,0.001213,0.000000,0.012864
613,0,0.000000,11.655343,0.338892,0.007448,12.001683,0.000000,0.000000,12.033871,0.011175,0.000000,0.000999,0.000000,0.012174
614,0,0.000000,9.879384,0.184454,0.006587,10.070425,0.000000,0.000000,10.098285,0.010872,0.000000,0.001172,0.000000,0.012044
615,0,0.000000,12.570296,0.167144,0.007003,12.744443,0.000000,0.000000,12.776310,0.011315,0.000000,0.001289,0.000000,0.012604
616,0,0.000000,10.187824,0.179507,0.006859,10.374190,0.000000,0.000000,10.404015,0.011391,0.000000,0.001359,0.000000,0.012750
617,0,0.000000,9.857765,0.206874,0.006217,10.070856,0.000000,0.000000,10.100906,0.011056,0.000000,0.001357,0.000000,0.012413
618,0,0.000000,10.238365,0.147277,0.015265,10.400907,0.000000,0.000000,10.429214,0.010346,0.000000,0.001327,0.000000,0.011673
619,0,0.000000,10.543345,0.186639,0.007095,10.737079,0.000000,0.000000,10.765633,0.010214,0.000000,0.001225,0.000000,0.011439
620,0,0.000000,10.280640,0.246542,0.006894,10.534076,0.000000,0.000000,10.564769,0.010360,0.000000,0.001575,0.000000,0.011935
621,0,0.000000,9.402913,0.217561,0.007040,9.627514,0.000000,0.000000,9.657046,0.010329,0.000000,0.001937,0.000000,0.012266
622,0,0.000000,9.966765,0.277627,0.008938,10.253330,0.000000,0.000000,10.282389,0.011101,0.000000,0.001330,0.000000,0.012431
623,0,0.000000,11.255332,0.187600,0.006747,11.449679,0.000000,0.000000,11.476510,0.009733,0.000000,0.001196,0.000000,0.010929
624,0,0.000000,9.544387,0.259561,0.012516,9.816464,0.000000,0.000000,9.842330,0.009534,0.000000,0.001184,0.000000,0.010718
625,0,0.000000,9.423045,0.260835,0.012098,9.695978,0.000000,0.000000,9.725832,0.009836,0.000000,0.001096,0.000000,0.010932
626,0,0.000000,10.543256,0.159692,0.006848,10.709796,0.000000,0.000000,10.737055,0.010392,0.000000,0.001282,0.000000,0.011674
627,0,0.000000,13.250410,0.173481,0.006758,13.430649,0.000000,0.000000,13.461059,0.009305,0.000000,0.001109,0.000000,0.010414
628,0,0.000000,10.460293,0.194486,0.006350,10.661129,0.000000,0.000000,10.690884,0.010879,0.000000,0.001384,0.000000,0.012263
629,0,0.000000,10.085634,0.198802,0.006812,10.291248,0.000000,0.000000,10.318520,0.010462,0.000000,0.001022,0.000000,0.011484
630,0,0.000000,9.836136,0.378985,0.010630,10.225751,0.000000,0.000000,10.252997,0.009817,0.000000,0.001584,0.000000,0.011401
631,0,0.000000,11.787616,0.132449,0.006896,11.926961,0.000000,0.000000,11.959070,0.012859,0.000000,0.001097,0.000000,0.013956
632,0,0.000000,10.573672,0.133551,0.006718,10.713941,0.000000,0.000000,10.741578,0.010356,0.000000,0.000915,0.000000,0.011271
633,0,0.000000,10.461049,0.212495,0.006735,10.680279,0.000000,0.000000,10.710540,0.010579,0.000000,0.001436,0.000000,0.012015
634,0,0.000000,9.815416,0.296079,0.009817,10.121312,0.000000,0.000000,10.154117,0.010902,0.000000,0.001372,0.000000,0.012274
635,0,0.000000,9.424041,0.180772,0.005183,9.609996,0.000000,0.000000,9.638127,0.010598,0.000000,0.001346,0.000000,0.011944
636,0,0.000000,10.710706,0.136757,0.006243,10.853706,0.000000,0.000000,10.882503,0.010284,0.000000,0.001046,0.000000,0.011330
637,0,0.000000,10.253378,0.138327,0.006753,10.398458,0.000000,0.000000,10.426470,0.009801,0.000000,0.001000,0.000000,0.010801
638,0,0.000000,10.223123,0.189100,0.006237,10.418460,0.000000,0.000000,10.446882,0.010062,0.000000,0.001596,0.000000,0.011658
639,0,0.000000,9.609088,0.190814,0.006389,9.806291,0.000000,0.000000,9.840337,0.010560,0.000000,0.001278,0.000000,0.011838
640,0,0.000000,9.921800,0.186383,0.006739,10.114922,0.000000,0.000000,10.142510,0.010107,0.000000,0.001276,0.000000,0.011383
641,0,0.000000,10.972067,0.207643,0.006974,11.186684,0.000000,0.000000,11.214439,0.010042,0.000000,0.001320,0.000000,0.011362
642,0,0.000000,11.181048,0.162135,0.006135,11.349318,0.000000,0.000000,11.378872,0.010281,0.000000,0.001254,0.000000,0.011535
643,0,0.000000,9.854533,0.178190,0.006381,10.039104,0.000000,0.000000,10.066826,0.010209,0.000000,0.000899,0.000000,0.011108
644,0,0.000000,11.879021,0.166373,0.008242,12.053636,0.000000,0.000000,12.081244,0.009499,0.000000,0.001063,0.000000,0.010562
645,0,0.000000,10.396264,0.195531,0.006824,10.598619,0.000000,0.000000,10.625403,0.010166,0.000000,0.000881,0.000000,0.011047
646,0,0.000000,9.612462,0.214346,0.009867,9.836675,0.000000,0.000000,9.865139,0.010482,0.000000,0.001134,0.000000,0.011616
647,0,0.000000,10.101329,0.172618,0.006658,10.280605,0.000000,0.000000,10.305726,0.009494,0.000000,0.001026,0.000000,0.010520
648,0,0.000000,13.430431,0.194055,0.007031,13.631517,0.000000,0.000000,13.659540,0.009433,0.000000,0.001039,0.000000,0.010472
649,0,0.000000,10.902380,0.201927,0.007263,11.111570,0.000000,0.000000,11.140619,0.009966,0.000000,0.001792,0.000000,0.011758
650,0,0.000000,9.891591,0.193346,0.007010,10.091947,0.000000,0.000000,10.121812,0.010251,0.000000,0.001326,0.000000,0.011577
651,0,0.000000,9.589422,0.262417,0.004856,9.856695,0.000000,0.000000,9.889624,0.010792,0.000000,0.001637,0.000000,0.012429
652,0,0.000000,9.941344,0.182148,0.006339,10.129831,0.000000,0.000000,10.158347,0.011001,0.000000,0.001185,0.000000,0.012186
653,0,0.000000,10.585479,0.176524,0.006955,10.768958,0.000000,0.000000,10.796553,0.009953,0.000000,0.001054,0.000000,0.011007
654,0,0.000000,10.579197,0.264151,0.005273,10.848621,0.000000,0.000000,10.877709,0.010211,0.000000,0.001369,0.000000,0.011580
655,0,0.000000,9.562238,0.194096,0.006857,9.763191,0.000000,0.000000,9.790261,0.010048,0.000000,0.001189,0.000000,0.011237
656,0,0.000000,10.017249,0.212200,0.007034,10.236483,0.000000,0.000000,10.264726,0.009256,0.000000,0.001334,0.000000,0.010590
657,0,0.000000,10.247180,0.128503,0.006559,10.382242,0.000000,0.000000,10.413039,0.011096,0.000000,0.001104,0.000000,0.012200
658,0,0.000000,11.785999,0.129781,0.006193,11.921973,0.000000,0.000000,11.950139,0.009984,0.000000,0.001325,0.000000,0.011309
659,0,0.000000,9.781348,0.243458,0.009985,10.034791,0.000000,0.000000,10.063775,0.009699,0.000000,0.001280,0.000000,0.010979
660,0,0.000000,9.572222,0.180711,0.006329,9.759262,0.000000,0.000000,9.787100,0.010290,0.000000,0.001062,0.000000,0.011352
661,0,0.000000,10.331285,0.132777,0.007654,10.471716,0.000000,0.000000,10.497591,0.009301,0.000000,0.000958,0.000000,0.010259
662,0,0.000000,11.453267,0.179140,0.006516,11.638923,0.000000,0.000000,11.665125,0.009386,0.000000,0.001135,0.000000,0.010521
663,0,0.000000,11.447352,0.193119,0.009517,11.649988,0.000000,0.000000,11.678965,0.009881,0.000000,0.001232,0.000000,0.011113
664,0,0.000000,12.414372,0.179161,0.006357,12.599890,0.000000,0.000000,12.632710,0.010471,0.000000,0.001270,0.000000,0.011741
665,0,0.000000,9.776362,0.144247,0.006064,9.926673,0.000000,0.000000,9.953247,0.010141,0.000000,0.001010,0.000000,0.011151
666,0,0.000000,9.278385,0.199435,0.006551,9.484371,0.000000,0.000000,9.510894,0.009749,0.000000,0.000945,0.000000,0.010694
667,0,0.000000,10.748622,0.203945,0.007995,10.960562,0.000000,0.000000,10.989570,0.009648,0.000000,0.001062,0.000000,0.010710
668,0,0.000000,9.188972,0.161745,0.006176,9.356893,0.000000,0.000000,9.382406,0.009749,0.000000,0.001172,0.000000,0.010921
669,0,0.000000,10.748243,0.176684,0.006498,10.931425,0.000000,0.000000,10.956997,0.009513,0.000000,0.001055,0.000000,0.010568
670,0,0.000000,11.169470,0.190488,0.006855,11.366813,0.000000,0.000000,11.393680,0.009023,0.000000,0.001318,0.000000,0.010341
671,0,0.000000,10.491588,0.185541,0.006852,10.683981,0.000000,0.000000,10.712001,0.010368,0.000000,0.001081,0.000000,0.011449
672,0,0.000000,10.005653,0.213042,0.006144,10.224839,0.000000,0.000000,10.252913,0.010181,0.000000,0.001522,0.000000,0.011703
673,0,0.000000,10.046227,0.328366,0.011599,10.386192,0.000000,0.000000,10.421762,0.009646,0.000000,0.001086,0.000000,0.010732
674,0,0.000000,10.233479,0.171770,0.006390,10.411639,0.000000,0.000000,10.437141,0.009194,0.000000,0.001150,0.000000,0.010344
675,0,0.000000,9.621040,0.207029,0.006359,9.834428,0.000000,0.000000,9.863238,0.009434,0.000000,0.001153,0.000000,0.010587
676,0,0.000000,10.680014,0.332722,0.012246,11.024982,0.000000,0.000000,11.070275,0.010438,0.000000,0.001503,0.000000,0.011941
677,0,0.000000,9.694618,0.225117,0.006819,9.926554,0.000000,0.000000,9.965802,0.018123,0.000000,0.001362,0.000000,0.019485
678,0,0.000000,12.125814,0.226845,0.010494,12.363153,0.000000,0.000000,12.406598,0.010288,0.000000,0.001449,0.000000,0.011737
679,0,0.000000,12.220219,0.223435,0.009798,12.453452,0.000000,0.000000,12.496156,0.019435,0.000000,0.001605,0.000000,0.021040
680,0,0.000000,11.340482,0.224166,0.012317,11.576965,0.000000,0.000000,11.613634,0.010740,0.000000,0.001735,0.000000,0.012475
681,0,0.000000,12.283010,0.240439,0.030256,12.553705,0.000000,0.000000,12.589997,0.011187,0.000000,0.001630,0.000000,0.012817
682,0,0.000000,10.409900,0.205564,0.007524,10.622988,0.000000,0.000000,10.660249,0.014658,0.000000,0.001347,0.000000,0.016005
683,0,0.000000,9.772486,0.196884,0.007127,9.976497,0.000000,0.000000,10.008849,0.011205,0.000000,0.001302,0.000000,0.012507
684,0,0.000000,11.031562,0.207669,0.010364,11.249595,0.000000,0.000000,11.281546,0.011340,0.000000,0.001689,0.000000,0.013029
685,0,0.000000,9.573914,0.330191,0.011446,9.915551,0.000000,0.000000,9.946887,0.010421,0.000000,0.001451,0.000000,0.011872
686,0,0.000000,9.480382,0.212351,0.005326,9.698059,0.000000,0.000000,9.728451,0.010398,0.000000,0.001329,0.000000,0.011727
687,0,0.000000,9.691429,0.188574,0.009802,9.889805,0.000000,0.000000,9.919730,0.010560,0.000000,0.001527,0.000000,0.012087
688,0,0.000000,13.064155,0.169784,0.006360,13.240299,0.000000,0.000000,13.277810,0.018638,0.000000,0.001327,0.000000,0.019965
689,0,0.000000,9.807922,0.168860,0.012367,9.989149,0.000000,0.000000,10.019622,0.010427,0.000000,0.001352,0.000000,0.011779
690,0,0.000000,10.094257,0.196351,0.007077,10.297685,0.000000,0.000000,10.328719,0.010338,0.000000,0.001205,0.000000,0.011543
691,0,0.000000,10.182506,0.192392,0.007552,10.382450,0.000000,0.000000,10.412135,0.011171,0.000000,0.000888,0.000000,0.012059
692,0,0.000000,9.279908,0.265343,0.010772,9.556023,0.000000,0.000000,9.581708,0.009953,0.000000,0.001118,0.000000,0.011071
693,0,0.000000,8.998941,0.324029,0.011652,9.334622,0.000000,0.000000,9.363258,0.009628,0.000000,0.001413,0.000000,0.011041
694,0,0.000000,9.205804,0.206461,0.005052,9.417317,0.000000,0.000000,9.445061,0.009846,0.000000,0.001686,0.000000,0.011532
695,0,0.000000,9.477569,0.190582,0.006719,9.674870,0.000000,0.000000,9.699931,0.010613,0.000000,0.001165,0.000000,0.011778
696,0,0.000000,9.083038,0.210575,0.039144,9.332757,0.000000,0.000000,9.361043,0.009481,0.000000,0.001353,0.000000,0.010834
697,0,0.000000,9.552337,0.194996,0.006951,9.754284,0.000000,0.000000,9.784742,0.010473,0.000000,0.001269,0.000000,0.011742
698,0,0.000000,11.515807,0.178244,0.006861,11.700912,0.000000,0.000000,11.729384,0.010690,0.000000,0.001118,0.000000,0.011808
699,0,0.000000,11.489734,0.179136,0.006299,11.675169,0.000000,0.000000,11.701486,0.010096,0.000000,0.001201,0.000000,0.011297
700,0,0.000000,11.279491,0.190105,0.007811,11.477407,0.000000,0.000000,11.503572,0.010068,0.000000,0.001094,0.000000,0.011162
701,0,0.000000,9.015138,0.186854,0.006341,9.208333,0.000000,0.000000,9.232232,0.009466,0.000000,0.001228,0.000000,0.010694
702,0,0.000000,11.399304,0.193586,0.006774,11.599664,0.000000,0.000000,11.625738,0.009761,0.000000,0.001213,0.000000,0.010974
703,0,0.000000,9.553850,0.158541,0.006699,9.719090,0.000000,0.000000,9.750133,0.009724,0.000000,0.006613,0.000000,0.016337
704,0,0.000000,9.491851,0.188449,0.005870,9.686170,0.000000,0.000000,9.712391,0.009778,0.000000,0.001211,0.000000,0.010989
705,0,0.000000,12.757169,0.190437,0.008351,12.955957,0.000000,0.000000,12.988553,0.010148,0.000000,0.001733,0.000000,0.011881
706,0,0.000000,10.280175,0.198190,0.005753,10.484118,0.000000,0.000000,10.513661,0.010644,0.000000,0.001225,0.000000,0.011869
707,0,0.000000,9.798104,0.132036,0.012650,9.942790,0.000000,0.000000,9.969989,0.010280,0.000000,0.001288,0.000000,0.011568
708,0,0.000000,9.500990,0.186097,0.006246,9.693333,0.000000,0.000000,9.720485,0.009907,0.000000,0.000955,0.000000,0.010862
709,0,0.000000,9.896109,0.164878,0.006617,10.067604,0.000000,0.000000,10.094515,0.010409,0.000000,0.001294,0.000000,0.011703
710,0,0.000000,11.063284,0.177408,0.006755,11.247447,0.000000,0.000000,11.274295,0.009805,0.000000,0.001246,0.000000,0.011051
711,0,0.000000,10.247947,0.395634,0.005457,10.649038,0.000000,0.000000,10.678388,0.010145,0.000000,0.001320,0.000000,0.011465
712,0,0.000000,10.615177,0.155818,0.006145,10.777140,0.000000,0.000000,10.806838,0.010561,0.000000,0.001284,0.000000,0.011845
713,0,0.000000,10.556497,0.285315,0.024688,10.866500,0.000000,0.000000,10.900157,0.010174,0.000000,0.002023,0.000000,0.012197
714,0,0.000000,10.545319,0.209513,0.006903,10.761735,0.000000,0.000000,10.792057,0.010729,0.000000,0.001088,0.000000,0.011817
715,0,0.000000,9.599895,0.205249,0.007309,9.812453,0.000000,0.000000,9.846302,0.015638,0.000000,0.001045,0.000000,0.016683
716,0,0.000000,9.737137,0.175010,0.006817,9.918964,0.000000,0.000000,9.948254,0.010226,0.000000,0.001187,0.000000,0.011413
717,0,0.000000,11.301265,0.279322,0.009699,11.590286,0.000000,0.000000,11.621690,0.010834,0.000000,0.001430,0.000000,0.012264
718,0,0.000000,10.260680,0.161402,0.006794,10.428876,0.000000,0.000000,10.457318,0.010312,0.000000,0.000785,0.000000,0.011097
719,0,0.000000,11.622413,0.183141,0.007282,11.812836,0.000000,0.000000,11.840311,0.010154,0.000000,0.001111,0.000000,0.011265
720,0,0.000000,11.062189,0.188392,0.007794,11.258375,0.000000,0.000000,11.285150,0.010381,0.000000,0.000967,0.000000,0.011348
721,0,0.000000,10.005374,0.209357,0.006348,10.221079,0.000000,0.000000,10.248425,0.010207,0.000000,0.001205,0.000000,0.011412
722,0,0.000000,10.043669,0.192428,0.006410,10.242507,0.000000,0.000000,10.269661,0.010100,0.000000,0.001375,0.000000,0.011475
723,0,0.000000,9.725435,0.361538,0.020610,10.107583,0.000000,0.000000,10.136471,0.010352,0.000000,0.001755,0.000000,0.012107
724,0,0.000000,9.999494,0.159450,0.006276,10.165220,0.000000,0.000000,10.202660,0.018020,0.000000,0.001265,0.000000,0.019285
725,0,0.000000,9.571485,0.325482,0.009687,9.906654,0.000000,0.000000,9.934146,0.009752,0.000000,0.001203,0.000000,0.010955
726,0,0.000000,9.887241,0.564732,0.018080,10.470053,0.000000,0.000000,10.499028,0.010684,0.000000,0.001242,0.000000,0.011926
727,0,0.000000,10.180171,0.189282,0.007188,10.376641,0.000000,0.000000,10.405683,0.011063,0.000000,0.001397,0.000000,0.012460
728,0,0.000000,10.688869,0.239080,0.010175,10.938124,0.000000,0.000000,10.968708,0.010198,0.000000,0.001608,0.000000,0.011806
729,0,0.000000,13.444968,0.222330,0.009827,13.677125,0.000000,0.000000,13.729189,0.030497,0.000000,0.001252,0.000000,0.031749
730,0,0.000000,11.238079,0.179964,0.007141,11.425184,0.000000,0.000000,11.456385,0.010816,0.000000,0.001217,0.000000,0.012033
731,0,0.000000,9.191266,0.143756,0.006202,9.341224,0.000000,0.000000,9.367228,0.010151,0.000000,0.001062,0.000000,0.011213
732,0,0.000000,10.707007,0.233750,0.010268,10.951025,0.000000,0.000000,10.981759,0.010399,0.000000,0.001749,0.000000,0.012148
733,0,0.000000,9.894357,0.184280,0.056002,10.134639,0.000000,0.000000,10.167771,0.010821,0.000000,0.001651,0.000000,0.012472
734,0,0.000000,10.472060,0.171277,0.006540,10.649877,0.000000,0.000000,10.682184,0.012665,0.000000,0.001320,0.000000,0.013985
735,0,0.000000,10.467882,0.195862,0.007905,10.671649,0.000000,0.000000,10.698427,0.010731,0.000000,0.001007,0.000000,0.011738
736,0,0.000000,9.601964,0.249928,0.015579,9.867471,0.000000,0.000000,9.910481,0.010165,0.000000,0.015641,0.000000,0.025806
737,0,0.000000,10.537108,0.207661,0.010635,10.755404,0.000000,0.000000,10.797076,0.020618,0.000000,0.001692,0.000000,0.022310
738,0,0.000000,11.307874,0.194367,0.008574,11.510815,0.000000,0.000000,11.547589,0.017917,0.000000,0.001545,0.000000,0.019462
739,0,0.000000,8.915110,0.242560,0.010437,9.168107,0.000000,0.000000,9.216680,0.033102,0.000000,0.001095,0.000000,0.034197
740,0,0.000000,9.100990,0.350398,0.010183,9.461571,0.000000,0.000000,9.488114,0.009829,0.000000,0.001177,0.000000,0.011006
741,0,0.000000,11.943113,0.229101,0.007009,12.179223,0.000000,0.000000,12.220956,0.009622,0.000000,0.001379,0.000000,0.011001
742,0,0.000000,12.805137,0.203941,0.005836,13.014914,0.000000,0.000000,13.045888,0.010390,0.000000,0.001546,0.000000,0.011936
743,0,0.000000,11.068649,0.187321,0.009345,11.265315,0.000000,0.000000,11.294190,0.010737,0.000000,0.001098,0.000000,0.011835
744,0,0.000000,10.940539,0.193705,0.006332,11.140576,0.000000,0.000000,11.165938,0.009613,0.000000,0.001359,0.000000,0.010972
745,0,0.000000,9.035366,0.186433,0.006370,9.228169,0.000000,0.000000,9.253983,0.009658,0.000000,0.001075,0.000000,0.010733
746,0,0.000000,12.185026,0.205976,0.007907,12.398909,0.000000,0.000000,12.425164,0.009861,0.000000,0.001239,0.000000,0.011100
747,0,0.000000,9.001270,0.400873,0.011027,9.413170,0.000000,0.000000,9.443767,0.009516,0.000000,0.001464,0.000000,0.010980
748,0,0.000000,9.617433,0.178413,0.006494,9.802340,0.000000,0.000000,9.831796,0.011485,0.000000,0.001085,0.000000,0.012570
749,0,0.000000,9.911098,0.232682,0.007286,10.151066,0.000000,0.000000,10.177065,0.009837,0.000000,0.001158,0.000000,0.010995
750,0,0.000000,9.035219,0.169468,0.006782,9.211469,0.000000,0.000000,9.237767,0.009702,0.000000,0.001317,0.000000,0.011019
751,0,0.000000,9.557309,0.193712,0.007206,9.758227,0.000000,0.000000,9.786633,0.011053,0.000000,0.001653,0.000000,0.012706
752,0,0.000000,10.380544,0.197886,0.006723,10.585153,0.000000,0.000000,10.613046,0.009276,0.000000,0.000972,0.000000,0.010248
753,0,0.000000,10.162610,0.201933,0.007668,10.372211,0.000000,0.000000,10.399377,0.009953,0.000000,0.001242,0.000000,0.011195
754,0,0.000000,8.870233,0.206270,0.009454,9.085957,0.000000,0.000000,9.111110,0.009917,0.000000,0.001460,0.000000,0.011377
755,0,0.000000,9.420887,0.155143,0.006883,9.582913,0.000000,0.000000,9.608974,0.008494,0.000000,0.001070,0.000000,0.009564
756,0,0.000000,11.131022,0.135287,0.006637,11.272946,0.000000,0.000000,11.299610,0.009719,0.000000,0.000692,0.000000,0.010411
757,0,0.000000,9.166944,0.230649,0.022784,9.420377,0.000000,0.000000,9.451769,0.009786,0.000000,0.002029,0.000000,0.011815
758,0,0.000000,9.806381,0.183638,0.006751,9.996770,0.000000,0.000000,10.042477,0.025011,0.000000,0.001067,0.000000,0.026078
759,0,0.000000,9.953589,0.188370,0.009518,10.151477,0.000000,0.000000,10.176888,0.009767,0.000000,0.001068,0.000000,0.010835
760,0,0.000000,9.437450,0.191982,0.006674,9.636106,0.000000,0.000000,9.665555,0.010179,0.000000,0.001138,0.000000,0.011317
761,0,0.000000,12.494743,0.424589,0.056139,12.975471,0.000000,0.000000,13.008510,0.010500,0.000000,0.001791,0.000000,0.012291
762,0,0.000000,9.850218,0.180420,0.006494,10.037132,0.000000,0.000000,10.068935,0.010722,0.000000,0.001233,0.000000,0.011955
763,0,0.000000,11.440732,0.171640,0.007699,11.620071,0.000000,0.000000,11.650232,0.010973,0.000000,0.001347,0.000000,0.012320
764,0,0.000000,10.761904,0.201333,0.006745,10.969982,0.000000,0.000000,11.001903,0.010443,0.000000,0.001518,0.000000,0.011961
765,0,0.000000,10.852730,0.193655,0.011168,11.057553,0.000000,0.000000,11.088958,0.010548,0.000000,0.001192,0.000000,0.011740
766,0,0.000000,10.059600,0.218154,0.007579,10.285333,0.000000,0.000000,10.317807,0.010408,0.000000,0.001216,0.000000,0.011624
767,0,0.000000,9.521762,0.167087,0.006957,9.695806,0.000000,0.000000,9.725301,0.010608,0.000000,0.001639,0.000000,0.012247
768,0,0.000000,11.776799,0.202545,0.007000,11.986344,0.000000,0.000000,12.016250,0.010749,0.000000,0.001448,0.000000,0.012197
769,0,0.000000,10.528627,0.201656,0.007341,10.737624,0.000000,0.000000,10.767514,0.010711,0.000000,0.001448,0.000000,0.012159
770,0,0.000000,9.978714,0.247218,0.010209,10.236141,0.000000,0.000000,10.266429,0.010802,0.000000,0.001410,0.000000,0.012212
771,0,0.000000,10.585014,0.211227,0.021496,10.817737,0.000000,0.000000,10.849327,0.010609,0.000000,0.002099,0.000000,0.012708
772,0,0.000000,10.069575,0.221279,0.006635,10.297489,0.000000,0.000000,10.340786,0.023768,0.000000,0.001443,0.000000,0.025211
773,0,0.000000,9.915522,0.212301,0.010469,10.138292,0.000000,0.000000,10.166585,0.010257,0.000000,0.001762,0.000000,0.012019
774,0,0.000000,9.632065,0.281792,0.012530,9.926387,0.000000,0.000000,9.962280,0.010814,0.000000,0.001887,0.000000,0.012701
775,0,0.000000,12.520676,0.204452,0.007760,12.732888,0.000000,0.000000,12.801934,0.014266,0.000000,0.001406,0.000000,0.015672
776,0,0.000000,10.139428,0.420910,0.021144,10.581482,0.000000,0.000000,10.613376,0.010899,0.000000,0.001760,0.000000,0.012659
777,0,0.000000,10.560877,0.200680,0.007525,10.769082,0.000000,0.000000,10.809617,0.018503,0.000000,0.001490,0.000000,0.019993
778,0,0.000000,10.161722,0.193739,0.010345,10.365806,0.000000,0.000000,10.396683,0.010885,0.000000,0.001564,0.000000,0.012449
779,0,0.000000,10.092160,0.206128,0.008877,10.307165,0.000000,0.000000,10.346494,0.010870,0.000000,0.001324,0.000000,0.012194
780,0,0.000000,10.491387,0.209227,0.007012,10.707626,0.000000,0.000000,10.736167,0.010426,0.000000,0.001330,0.000000,0.011756
781,0,0.000000,10.152388,0.191270,0.009232,10.352890,0.000000,0.000000,10.379451,0.009884,0.000000,0.001005,0.000000,0.010889
782,0,0.000000,10.423257,0.238572,0.009189,10.671018,0.000000,0.000000,10.698733,0.010059,0.000000,0.001028,0.000000,0.011087
783,0,0.000000,9.922723,0.153065,0.007152,10.082940,0.000000,0.000000,10.110971,0.010093,0.000000,0.001181,0.000000,0.011274
784,0,0.000000,11.832906,0.205884,0.030560,12.069350,0.000000,0.000000,12.097315,0.010321,0.000000,0.001288,0.000000,0.011609
785,0,0.000000,9.425773,0.136947,0.007396,9.570116,0.000000,0.000000,9.597052,0.011258,0.000000,0.001063,0.000000,0.012321
786,0,0.000000,10.660802,0.200794,0.007028,10.868624,0.000000,0.000000,10.896710,0.009631,0.000000,0.001304,0.000000,0.010935
787,0,0.000000,11.401690,0.195308,0.007976,11.604974,0.000000,0.000000,11.632709,0.010653,0.000000,0.001048,0.000000,0.011701
788,0,0.000000,9.571043,0.167356,0.006207,9.744606,0.000000,0.000000,9.771784,0.010228,0.000000,0.001139,0.000000,0.011367
789,0,0.000000,9.464773,0.178970,0.006957,9.650700,0.000000,0.000000,9.675152,0.009006,0.000000,0.001323,0.000000,0.010329
790,0,0.000000,11.660975,0.199875,0.005677,11.866527,0.000000,0.000000,11.893521,0.009906,0.000000,0.001254,0.000000,0.011160
791,0,0.000000,9.008730,0.177703,0.006080,9.192513,0.000000,0.000000,9.220733,0.010628,0.000000,0.000993,0.000000,0.011621
792,0,0.000000,12.196196,0.199756,0.006526,12.402478,0.000000,0.000000,12.431174,0.009892,0.000000,0.001211,0.000000,0.011103
793,0,0.000000,10.724943,0.178794,0.006521,10.910258,0.000000,0.000000,10.936931,0.010160,0.000000,0.001069,0.000000,0.011229
794,0,0.000000,9.640502,0.199525,0.006796,9.846823,0.000000,0.000000,9.873511,0.009516,0.000000,0.001346,0.000000,0.010862
795,0,0.000000,9.036353,0.294008,0.007650,9.338011,0.000000,0.000000,9.365740,0.010104,0.000000,0.001201,0.000000,0.011305
796,0,0.000000,9.746477,0.207984,0.011576,9.966037,0.000000,0.000000,9.992899,0.009687,0.000000,0.001672,0.000000,0.011359
797,0,0.000000,9.698697,0.199952,0.011488,9.910137,0.000000,0.000000,9.951119,0.019696,0.000000,0.001775,0.000000,0.021471
798,0,0.000000,9.724896,0.220915,0.006394,9.952205,0.000000,0.000000,10.000664,0.025193,0.000000,0.001391,0.000000,0.026584
799,0,0.000000,9.853605,0.180618,0.006269,10.040492,0.000000,0.000000,10.066794,0.010329,0.000000,0.001210,0.000000,0.011539
800,0,0.000000,10.155119,0.210647,0.004974,10.370740,0.000000,0.000000,10.397584,0.009246,0.000000,0.001250,0.000000,0.010496
801,0,0.000000,10.252326,0.332002,0.011600,10.595928,0.000000,0.000000,10.626836,0.010184,0.000000,0.001335,0.000000,0.011519
802,0,0.000000,9.315792,0.150949,0.006049,9.472790,0.000000,0.000000,9.503214,0.009967,0.000000,0.001537,0.000000,0.011504
803,0,0.000000,9.129203,0.166042,0.006135,9.301380,0.000000,0.000000,9.328957,0.010176,0.000000,0.001148,0.000000,0.011324
804,0,0.000000,9.109300,0.186212,0.006236,9.301748,0.000000,0.000000,9.327437,0.009975,0.000000,0.001263,0.000000,0.011238
805,0,0.000000,10.345645,0.248023,0.008160,10.601828,0.000000,0.000000,10.634284,0.008687,0.000000,0.001649,0.000000,0.010336
806,0,0.000000,11.623223,0.191402,0.009914,11.824539,0.000000,0.000000,11.857489,0.012687,0.000000,0.001485,0.000000,0.014172
807,0,0.000000,8.953693,0.188121,0.010282,9.152096,0.000000,0.000000,9.177002,0.009746,0.000000,0.001114,0.000000,0.010860
808,0,0.000000,9.068800,0.206733,0.008825,9.284358,0.000000,0.000000,9.309145,0.009448,0.000000,0.001321,0.000000,0.010769
809,0,0.000000,9.239123,0.208007,0.006003,9.453133,0.000000,0.000000,9.481960,0.008920,0.000000,0.001524,0.000000,0.010444
810,0,0.000000,9.818634,0.162860,0.006110,9.987604,0.000000,0.000000,10.014250,0.010419,0.000000,0.001046,0.000000,0.011465
811,0,0.000000,10.687580,0.199834,0.007838,10.895252,0.000000,0.000000,10.920937,0.008938,0.000000,0.000894,0.000000,0.009832
812,0,0.000000,9.547264,0.213790,0.006151,9.767205,0.000000,0.000000,9.793344,0.009241,0.000000,0.001427,0.000000,0.010668
813,0,0.000000,9.340369,0.179507,0.006485,9.526361,0.000000,0.000000,9.551052,0.009244,0.000000,0.000957,0.000000,0.010201
814,0,0.000000,10.781245,0.172414,0.006110,10.959769,0.000000,0.000000,10.986832,0.010599,0.000000,0.000969,0.000000,0.011568
815,0,0.000000,10.468575,0.190868,0.006564,10.666007,0.000000,0.000000,10.693477,0.009910,0.000000,0.000988,0.000000,0.010898
816,0,0.000000,9.489578,0.418935,0.016382,9.924895,0.000000,0.000000,9.954153,0.010291,0.000000,0.001059,0.000000,0.011350
817,0,0.000000,10.420580,0.163389,0.008002,10.591971,0.000000,0.000000,10.618120,0.009978,0.000000,0.001002,0.000000,0.010980
818,0,0.000000,10.370982,0.175196,0.006986,10.553164,0.000000,0.000000,10.578514,0.009494,0.000000,0.000875,0.000000,0.010369
819,0,0.000000,10.124489,0.233205,0.009448,10.367142,0.000000,0.000000,10.397168,0.010478,0.000000,0.001500,0.000000,0.011978
820,0,0.000000,10.624867,0.158476,0.006130,10.789473,0.000000,0.000000,10.819859,0.010323,0.000000,0.001068,0.000000,0.011391
821,0,0.000000,9.439387,0.181980,0.007506,9.628873,0.000000,0.000000,9.654225,0.010235,0.000000,0.001086,0.000000,0.011321
822,0,0.000000,10.210209,0.226337,0.007380,10.443926,0.000000,0.000000,10.474110,0.009023,0.000000,0.001559,0.000000,0.010582
823,0,0.000000,9.931254,0.190673,0.006217,10.128144,0.000000,0.000000,10.158997,0.010349,0.000000,0.001563,0.000000,0.011912
824,0,0.000000,9.833134,0.198401,0.006579,10.038114,0.000000,0.000000,10.074952,0.009817,0.000000,0.001072,0.000000,0.010889
825,0,0.000000,9.951017,0.216324,0.013019,10.180360,0.000000,0.000000,10.208778,0.009643,0.000000,0.001717,0.000000,0.011360
826,0,0.000000,9.304046,0.209836,0.006200,9.520082,0.000000,0.000000,9.547832,0.010438,0.000000,0.001303,0.000000,0.011741
827,0,0.000000,8.994824,0.190374,0.008836,9.194034,0.000000,0.000000,9.222255,0.010024,0.000000,0.001090,0.000000,0.011114
828,0,0.000000,11.591123,0.201597,0.006238,11.798958,0.000000,0.000000,11.827642,0.010914,0.000000,0.001027,0.000000,0.011941
829,0,0.000000,10.237407,0.175186,0.006862,10.419455,0.000000,0.000000,10.446413,0.009326,0.000000,0.001324,0.000000,0.010650
830,0,0.000000,9.746784,0.199499,0.006827,9.953110,0.000000,0.000000,9.984896,0.010229,0.000000,0.001266,0.000000,0.011495
831,0,0.000000,12.229129,0.201732,0.009452,12.440313,0.000000,0.000000,12.472039,0.011253,0.000000,0.001240,0.000000,0.012493
832,0,0.000000,9.596435,0.189616,0.006160,9.792211,0.000000,0.000000,9.819030,0.011165,0.000000,0.001158,0.000000,0.012323
833,0,0.000000,9.547220,0.182184,0.006637,9.736041,0.000000,0.000000,9.761018,0.009134,0.000000,0.001138,0.000000,0.010272
834,0,0.000000,9.071475,0.194264,0.009745,9.275484,0.000000,0.000000,9.304530,0.009749,0.000000,0.001203,0.000000,0.010952
835,0,0.000000,9.439293,0.193212,0.006581,9.639086,0.000000,0.000000,9.664104,0.009550,0.000000,0.001026,0.000000,0.010576
836,0,0.000000,9.292579,0.177037,0.007712,9.477328,0.000000,0.000000,9.502530,0.009376,0.000000,0.001098,0.000000,0.010474
837,0,0.000000,9.123343,0.209586,0.006031,9.338960,0.000000,0.000000,9.364508,0.009568,0.000000,0.001264,0.000000,0.010832
838,0,0.000000,9.494819,0.265699,0.063663,9.824181,0.000000,0.000000,9.850624,0.010102,0.000000,0.001212,0.000000,0.011314
839,0,0.000000,12.230204,0.193082,0.009660,12.432946,0.000000,0.000000,12.460921,0.009619,0.000000,0.001238,0.000000,0.010857
840,0,0.000000,10.636737,0.141571,0.006667,10.784975,0.000000,0.000000,10.848966,0.009904,0.000000,0.001432,0.000000,0.011336
841,0,0.000000,9.679942,0.158367,0.006607,9.844916,0.000000,0.000000,9.870998,0.009785,0.000000,0.001155,0.000000,0.010940
842,0,0.000000,9.767288,0.206150,0.009842,9.983280,0.000000,0.000000,10.012762,0.009391,0.000000,0.001539,0.000000,0.010930
843,0,0.000000,10.151303,0.168926,0.006921,10.327150,0.000000,0.000000,10.355451,0.010337,0.000000,0.001081,0.000000,0.011418
844,0,0.000000,9.469561,0.199961,0.006345,9.675867,0.000000,0.000000,9.703499,0.010196,0.000000,0.001365,0.000000,0.011561
845,0,0.000000,9.656460,0.211490,0.010761,9.878711,0.000000,0.000000,9.905430,0.009949,0.000000,0.001001,0.000000,0.010950
846,0,0.000000,9.136989,0.183213,0.015775,9.335977,0.000000,0.000000,9.384386,0.009906,0.000000,0.022296,0.000000,0.032202
847,0,0.000000,10.743390,0.274360,0.009712,11.027462,0.000000,0.000000,11.065642,0.018699,0.000000,0.001652,0.000000,0.020351
848,0,0.000000,10.001484,0.195066,0.006694,10.203244,0.000000,0.000000,10.234807,0.010956,0.000000,0.001495,0.000000,0.012451
849,0,0.000000,10.278069,0.231359,0.007598,10.517026,0.000000,0.000000,10.549002,0.010610,0.000000,0.001348,0.000000,0.011958
850,3,0.000000,9.972769,0.203236,0.006713,10.182718,0.000000,0.000000,10.214211,0.011078,0.000000,0.001518,0.000000,0.012596
851,3,0.000000,10.866374,0.223821,0.005519,11.095714,0.000000,0.000000,11.131300,0.012105,0.000000,0.001600,0.000000,0.013705
852,3,0.000000,12.089631,0.190250,0.007053,12.286934,0.000000,0.000000,12.320135,0.010918,0.000000,0.001307,0.000000,0.012225
853,3,0.000000,10.357283,0.247316,0.010532,10.615131,0.000000,0.000000,10.646880,0.010558,0.000000,0.001498,0.000000,0.012056
854,3,0.000000,9.364959,0.196090,0.009470,9.570519,0.000000,0.000000,9.602175,0.010533,0.000000,0.001354,0.000000,0.011887
855,5,0.000000,11.830066,0.275068,0.012047,12.117181,0.000000,0.000000,12.148553,0.010535,0.000000,0.001344,0.000000,0.011879
856,5,0.000000,11.578639,0.321523,0.007937,11.908099,0.000000,0.000000,11.938883,0.010491,0.000000,0.001405,0.000000,0.011896
857,5,0.000000,9.536748,0.221225,0.026821,9.784794,0.000000,0.000000,9.815226,0.011153,0.000000,0.002109,0.000000,0.013262
858,5,0.000000,9.390958,0.249282,0.010060,9.650300,0.000000,0.000000,9.688581,0.017807,0.000000,0.001317,0.000000,0.019124
859,5,0.000000,9.189894,0.205277,0.005039,9.400210,0.000000,0.000000,9.428972,0.010411,0.000000,0.001278,0.000000,0.011689
860,5,0.000000,10.008435,0.201659,0.008119,10.218213,0.000000,0.000000,10.247942,0.010160,0.000000,0.001306,0.000000,0.011466
