iteration,food_quantity,event_poll_ms,ants_advance_ms,evaporation_ms,update_ms,advance_total_ms,render_ms,blit_ms,iteration_total_ms,mpi_halo_exchange_ms,mpi_migration_ms,mpi_food_allreduce_ms,mpi_render_comm_ms,mpi_total_comm_ms
1,0,0.000000,1.479815,0.057318,0.003022,1.539916,0.000000,0.000000,1.912532,0.034362,0.689749,0.044668,0.000000,0.748943
2,0,0.000000,0.801725,0.119623,0.002660,0.924008,0.000000,0.000000,1.063879,0.025241,0.322096,0.063329,0.000000,0.410666
3,0,0.000000,0.808574,0.062658,0.002363,0.873461,0.000000,0.000000,0.936110,0.020706,0.396821,0.001428,0.000000,0.414310
4,0,0.000000,0.642977,0.059714,0.002841,0.691633,0.000000,0.000000,0.788979,0.013554,0.220333,0.008927,0.000000,0.242531
5,0,0.000000,0.961170,0.068461,0.002676,1.024352,0.000000,0.000000,1.103942,0.014431,0.335685,0.001899,0.000000,0.351424
6,0,0.000000,0.767190,0.058089,0.002236,0.825875,0.000000,0.000000,0.894883,0.020589,0.289630,0.002016,0.000000,0.310868
7,0,0.000000,0.625221,0.059850,0.002586,0.683128,0.000000,0.000000,0.779841,0.031837,0.194432,0.001570,0.000000,0.227839
8,0,0.000000,0.607486,0.069840,0.002193,0.679519,0.000000,0.000000,0.765909,0.013800,0.145458,0.010686,0.000000,0.160834
9,0,0.000000,0.801383,0.057698,0.002191,0.861251,0.000000,0.000000,0.948531,0.013747,0.261090,0.001849,0.000000,0.275682
10,0,0.000000,0.646054,0.056547,0.002260,0.704861,0.000000,0.000000,0.772785,0.016668,0.099283,0.001523,0.000000,0.114793
11,0,0.000000,0.642442,0.061530,0.002211,0.705356,0.000000,0.000000,0.758831,0.014272,0.131014,0.001414,0.000000,0.146275
12,0,0.000000,0.610697,0.060663,0.002200,0.673435,0.000000,0.000000,0.738301,0.014280,0.161458,0.001304,0.000000,0.176438
13,0,0.000000,0.750007,0.056068,0.002424,0.808111,0.000000,0.000000,0.876141,0.013465,0.301286,0.001691,0.000000,0.315739
14,0,0.000000,0.806326,0.103938,0.002340,0.870980,0.000000,0.000000,0.969800,0.014070,0.289841,0.001450,0.000000,0.305346
15,0,0.000000,0.532697,0.056405,0.002428,0.576941,0.000000,0.000000,0.653434,0.017445,0.098399,0.001155,0.000000,0.116999
16,0,0.000000,0.526615,0.042379,0.002356,0.570430,0.000000,0.000000,0.640213,0.012944,0.116564,0.000883,0.000000,0.129894
17,0,0.000000,0.551760,0.041759,0.002482,0.590911,0.000000,0.000000,0.649020,0.011860,0.253293,0.001408,0.000000,0.265720
18,0,0.000000,0.587349,0.048744,0.002425,0.638518,0.000000,0.000000,0.770313,0.037339,0.203448,0.031229,0.000000,0.245261
19,0,0.000000,0.622678,0.060510,0.002622,0.684728,0.000000,0.000000,0.794885,0.015619,0.278700,0.001393,0.000000,0.295082
20,0,0.000000,0.581141,0.067360,0.002161,0.649566,0.000000,0.000000,0.719921,0.015858,0.078871,0.017855,0.000000,0.095860
21,0,0.000000,0.565976,0.063096,0.002213,0.604674,0.000000,0.000000,0.680681,0.014467,0.210566,0.022111,0.000000,0.247144
22,0,0.000000,0.522909,0.071446,0.002036,0.595273,0.000000,0.000000,0.629498,0.011620,0.207199,0.016504,0.000000,0.235323
23,0,0.000000,0.705744,0.066356,0.002582,0.774682,0.000000,0.000000,0.846902,0.011460,0.290466,0.009070,0.000000,0.310154
24,0,0.000000,0.784144,0.082131,0.002279,0.830210,0.000000,0.000000,0.923493,0.027072,0.428407,0.027523,0.000000,0.457230
25,0,0.000000,0.733034,0.044951,0.002529,0.778726,0.000000,0.000000,0.854901,0.014817,0.176251,0.001606,0.000000,0.188987
26,0,0.000000,0.646462,0.039847,0.002288,0.686926,0.000000,0.000000,0.745096,0.016002,0.227666,0.001217,0.000000,0.244885
27,0,0.000000,0.475375,0.038486,0.002173,0.515939,0.000000,0.000000,0.576159,0.014107,0.098114,0.001419,0.000000,0.112882
28,0,0.000000,0.630876,0.039447,0.002165,0.670759,0.000000,0.000000,0.733188,0.010193,0.337635,0.001231,0.000000,0.349059
29,0,0.000000,0.609337,0.057173,0.002475,0.650297,0.000000,0.000000,0.724477,0.017207,0.212617,0.001804,0.000000,0.230269
30,0,0.000000,0.755552,0.130082,0.004016,0.839846,0.000000,0.000000,1.015899,0.012291,0.433508,0.001496,0.000000,0.446982
31,0,0.000000,0.693607,0.073519,0.002772,0.769562,0.000000,0.000000,0.820290,0.017380,0.167953,0.008071,0.000000,0.186571
32,0,0.000000,0.622553,0.066275,0.002231,0.671096,0.000000,0.000000,0.749282,0.015122,0.229440,0.001168,0.000000,0.245730
33,0,0.000000,0.569493,0.064809,0.002439,0.611823,0.000000,0.000000,0.681172,0.011935,0.112744,0.001144,0.000000,0.125299
34,0,0.000000,0.559910,0.066923,0.002320,0.627068,0.000000,0.000000,0.681738,0.011426,0.102088,0.009570,0.000000,0.115131
35,0,0.000000,0.664284,0.093234,0.002432,0.759950,0.000000,0.000000,0.937069,0.040172,0.197276,0.002735,0.000000,0.240183
36,0,0.000000,0.685592,0.064069,0.002421,0.751112,0.000000,0.000000,0.790626,0.018881,0.304877,0.008352,0.000000,0.324450
37,0,0.000000,0.634561,0.054866,0.002355,0.676226,0.000000,0.000000,0.745198,0.014036,0.187548,0.001507,0.000000,0.202471
38,0,0.000000,0.475392,0.041601,0.002150,0.515650,0.000000,0.000000,0.565212,0.014905,0.195340,0.001187,0.000000,0.210628
39,0,0.000000,0.661638,0.054445,0.002308,0.705746,0.000000,0.000000,0.765390,0.009932,0.259323,0.004539,0.000000,0.269793
40,0,0.000000,0.705857,0.096507,0.002441,0.766368,0.000000,0.000000,0.878598,0.015671,0.344990,0.017535,0.000000,0.378196
41,0,0.000000,0.697751,0.045545,0.021544,0.741402,0.000000,0.000000,0.805729,0.014250,0.253174,0.017303,0.000000,0.284727
42,0,0.000000,0.641126,0.068796,0.002455,0.709482,0.000000,0.000000,0.806477,0.057747,0.132276,0.001222,0.000000,0.176290
43,0,0.000000,0.608816,0.085155,0.002357,0.659808,0.000000,0.000000,0.726486,0.014590,0.212559,0.014979,0.000000,0.227457
44,0,0.000000,0.583875,0.068518,0.002139,0.653803,0.000000,0.000000,0.693661,0.010553,0.151330,0.003169,0.000000,0.165052
45,0,0.000000,0.646474,0.068364,0.002348,0.700615,0.000000,0.000000,0.764829,0.013139,0.166214,0.001220,0.000000,0.180208
46,0,0.000000,0.597828,0.044204,0.002429,0.643243,0.000000,0.000000,0.700777,0.016370,0.136264,0.001483,0.000000,0.153518
47,0,0.000000,0.626600,0.041806,0.002508,0.665762,0.000000,0.000000,0.732721,0.014115,0.230351,0.001424,0.000000,0.244885
48,0,0.000000,0.521451,0.040863,0.002191,0.563675,0.000000,0.000000,0.627158,0.011993,0.234877,0.001061,0.000000,0.247283
49,0,0.000000,0.554547,0.042013,0.002388,0.598677,0.000000,0.000000,0.632415,0.010252,0.271129,0.001173,0.000000,0.282176
50,0,0.000000,0.514179,0.052752,0.002180,0.558494,0.000000,0.000000,0.639562,0.009153,0.213253,0.001071,0.000000,0.222814
51,0,0.000000,0.725823,0.080183,0.003232,0.784966,0.000000,0.000000,0.863026,0.013455,0.234929,0.024755,0.000000,0.259751
52,0,0.000000,0.595798,0.066362,0.002132,0.664292,0.000000,0.000000,0.723273,0.030743,0.154328,0.001970,0.000000,0.174600
53,0,0.000000,0.562609,0.067911,0.002531,0.632610,0.000000,0.000000,0.659821,0.013075,0.124450,0.013328,0.000000,0.138300
54,0,0.000000,0.579011,0.066231,0.002184,0.646653,0.000000,0.000000,0.675548,0.011755,0.188398,0.014984,0.000000,0.214491
55,0,0.000000,0.558810,0.066265,0.002554,0.627033,0.000000,0.000000,0.669684,0.013344,0.134103,0.001786,0.000000,0.149062
56,0,0.000000,0.675345,0.066741,0.002481,0.735131,0.000000,0.000000,0.802259,0.012363,0.180097,0.002283,0.000000,0.194743
57,0,0.000000,0.611120,0.074959,0.002435,0.661767,0.000000,0.000000,0.746605,0.014728,0.106793,0.000903,0.000000,0.122206
58,0,0.000000,0.523529,0.071915,0.002401,0.569149,0.000000,0.000000,0.643700,0.015777,0.074227,0.000987,0.000000,0.090428
59,0,0.000000,0.537644,0.069657,0.002515,0.580680,0.000000,0.000000,0.664224,0.012367,0.139361,0.001601,0.000000,0.153329
60,0,0.000000,0.519864,0.061336,0.002527,0.562306,0.000000,0.000000,0.614895,0.012826,0.154200,0.000994,0.000000,0.167614
61,0,0.000000,0.538646,0.076068,0.002305,0.590680,0.000000,0.000000,0.651163,0.011294,0.172361,0.001865,0.000000,0.184475
62,0,0.000000,0.635774,0.110643,0.002733,0.745427,0.000000,0.000000,0.838610,0.011808,0.143123,0.063959,0.000000,0.218879
63,0,0.000000,0.750844,0.061036,0.002562,0.814193,0.000000,0.000000,0.903054,0.019235,0.243617,0.001373,0.000000,0.263495
64,0,0.000000,0.672035,0.065782,0.002097,0.738954,0.000000,0.000000,0.802089,0.016954,0.170214,0.001530,0.000000,0.188698
65,0,0.000000,0.669241,0.065405,0.002546,0.736665,0.000000,0.000000,0.790942,0.013656,0.166810,0.001615,0.000000,0.181277
66,0,0.000000,0.671179,0.065379,0.002575,0.739133,0.000000,0.000000,0.800112,0.013711,0.247492,0.001900,0.000000,0.262063
67,0,0.000000,0.754889,0.071135,0.002686,0.809849,0.000000,0.000000,0.884057,0.015478,0.183457,0.004063,0.000000,0.202998
68,0,0.000000,0.615213,0.042449,0.002226,0.656699,0.000000,0.000000,0.711029,0.017568,0.253138,0.001432,0.000000,0.271065
69,0,0.000000,0.512231,0.040677,0.002362,0.552370,0.000000,0.000000,0.613486,0.011726,0.113508,0.001457,0.000000,0.125638
70,0,0.000000,0.535078,0.040629,0.002160,0.575683,0.000000,0.000000,0.624158,0.009612,0.185194,0.001189,0.000000,0.195062
71,0,0.000000,0.496157,0.051601,0.002340,0.537069,0.000000,0.000000,0.577770,0.010167,0.101443,0.001397,0.000000,0.111950
72,0,0.000000,0.740242,0.051388,0.002346,0.791867,0.000000,0.000000,0.838471,0.008976,0.432842,0.001465,0.000000,0.443283
73,0,0.000000,0.608929,0.076458,0.002617,0.674241,0.000000,0.000000,0.754740,0.014256,0.154262,0.001925,0.000000,0.169070
74,0,0.000000,0.898174,0.046430,0.002291,0.941660,0.000000,0.000000,1.005516,0.015109,0.609572,0.001167,0.000000,0.625175
75,0,0.000000,0.523156,0.065215,0.002431,0.577960,0.000000,0.000000,0.622367,0.014279,0.111473,0.001054,0.000000,0.126666
76,0,0.000000,0.754632,0.115907,0.002407,0.840627,0.000000,0.000000,0.903865,0.010304,0.379355,0.001912,0.000000,0.391517
77,0,0.000000,0.678022,0.064385,0.003377,0.745784,0.000000,0.000000,0.808139,0.015865,0.162652,0.011394,0.000000,0.175879
78,0,0.000000,0.751901,0.060444,0.002329,0.812809,0.000000,0.000000,0.886470,0.024617,0.251378,0.001591,0.000000,0.276472
79,0,0.000000,0.662003,0.059161,0.002336,0.720732,0.000000,0.000000,0.774848,0.018266,0.181541,0.001540,0.000000,0.200537
80,0,0.000000,0.694730,0.066674,0.002072,0.755325,0.000000,0.000000,0.804844,0.014257,0.157494,0.000945,0.000000,0.172043
81,0,0.000000,0.674787,0.067549,0.002609,0.735475,0.000000,0.000000,0.793048,0.018207,0.286905,0.001929,0.000000,0.305772
82,0,0.000000,0.659598,0.067309,0.002582,0.729489,0.000000,0.000000,0.801861,0.013014,0.280868,0.032460,0.000000,0.326193
83,0,0.000000,0.579196,0.059483,0.002326,0.623298,0.000000,0.000000,0.691743,0.015957,0.065323,0.001507,0.000000,0.082787
84,0,0.000000,0.517551,0.063914,0.002316,0.577002,0.000000,0.000000,0.621439,0.015599,0.131436,0.001223,0.000000,0.147506
85,0,0.000000,0.599435,0.073906,0.002326,0.672747,0.000000,0.000000,0.714907,0.011858,0.234833,0.001241,0.000000,0.247125
86,0,0.000000,0.508494,0.065336,0.002412,0.570206,0.000000,0.000000,0.607887,0.009895,0.120185,0.001145,0.000000,0.130468
87,0,0.000000,0.747323,0.055446,0.002474,0.805243,0.000000,0.000000,0.883655,0.009308,0.331954,0.003432,0.000000,0.344694
88,0,0.000000,0.597986,0.065671,0.002352,0.665702,0.000000,0.000000,0.735198,0.014142,0.057106,0.001464,0.000000,0.069547
89,0,0.000000,0.584490,0.060533,0.002219,0.643016,0.000000,0.000000,0.733119,0.057324,0.134327,0.001710,0.000000,0.192166
90,0,0.000000,0.662114,0.062111,0.002067,0.723761,0.000000,0.000000,0.776156,0.011394,0.252217,0.001491,0.000000,0.264046
91,0,0.000000,0.563227,0.065497,0.002223,0.625679,0.000000,0.000000,0.676007,0.009910,0.208291,0.001292,0.000000,0.218638
92,0,0.000000,0.666464,0.060281,0.002160,0.725137,0.000000,0.000000,0.771231,0.009833,0.229118,0.001372,0.000000,0.239868
93,0,0.000000,0.669739,0.076983,0.002896,0.747981,0.000000,0.000000,0.854995,0.012718,0.341806,0.012170,0.000000,0.354642
94,0,0.000000,0.746224,0.067058,0.002580,0.807875,0.000000,0.000000,0.871857,0.017393,0.257954,0.001551,0.000000,0.275001
95,0,0.000000,0.611247,0.073170,0.002126,0.686543,0.000000,0.000000,0.740295,0.013503,0.201824,0.001848,0.000000,0.216167
96,0,0.000000,0.732975,0.071984,0.002140,0.806431,0.000000,0.000000,0.862794,0.013981,0.281307,0.001180,0.000000,0.293003
97,0,0.000000,0.760842,0.075468,0.002245,0.822561,0.000000,0.000000,0.886375,0.012573,0.332768,0.001593,0.000000,0.346818
98,0,0.000000,0.768635,0.065001,0.002332,0.829404,0.000000,0.000000,0.884720,0.015924,0.241695,0.001351,0.000000,0.256618
99,0,0.000000,0.729581,0.067313,0.002315,0.793594,0.000000,0.000000,0.849671,0.016951,0.274469,0.001593,0.000000,0.291861
100,0,0.000000,0.603923,0.056169,0.002354,0.656349,0.000000,0.000000,0.727747,0.015828,0.165784,0.001416,0.000000,0.181906
101,0,0.000000,0.645554,0.066015,0.002131,0.708313,0.000000,0.000000,0.759140,0.010418,0.271165,0.001367,0.000000,0.281467
102,0,0.000000,0.612227,0.057937,0.002223,0.668363,0.000000,0.000000,0.721012,0.012537,0.183100,0.001587,0.000000,0.195203
103,0,0.000000,0.729048,0.056322,0.002522,0.781842,0.000000,0.000000,0.854514,0.012888,0.320405,0.001606,0.000000,0.332873
104,0,0.000000,0.568518,0.061731,0.002155,0.627510,0.000000,0.000000,0.671091,0.015281,0.119233,0.001439,0.000000,0.134843
105,0,0.000000,0.646392,0.063955,0.002490,0.708376,0.000000,0.000000,0.761684,0.011767,0.262880,0.001554,0.000000,0.275051
106,0,0.000000,0.536650,0.071456,0.002097,0.606970,0.000000,0.000000,0.643566,0.010378,0.144422,0.001369,0.000000,0.155075
107,0,0.000000,0.680043,0.062977,0.002435,0.743721,0.000000,0.000000,0.809433,0.009939,0.282001,0.001489,0.000000,0.293032
108,0,0.000000,0.708823,0.089524,0.002756,0.769381,0.000000,0.000000,0.862117,0.013630,0.227961,0.001240,0.000000,0.242789
109,0,0.000000,0.628967,0.061547,0.002253,0.687737,0.000000,0.000000,0.738217,0.017001,0.181496,0.001489,0.000000,0.198851
110,0,0.000000,0.519412,0.061721,0.002342,0.577886,0.000000,0.000000,0.614243,0.011088,0.136503,0.001461,0.000000,0.148042
111,0,0.000000,0.626267,0.066932,0.002360,0.687515,0.000000,0.000000,0.754653,0.010139,0.222529,0.001447,0.000000,0.234043
112,0,0.000000,0.551075,0.061542,0.002133,0.610801,0.000000,0.000000,0.661705,0.011332,0.166461,0.001253,0.000000,0.178377
113,0,0.000000,0.799186,0.067443,0.002613,0.855939,0.000000,0.000000,0.937739,0.015079,0.356637,0.002347,0.000000,0.373162
114,0,0.000000,0.556240,0.062164,0.002252,0.615200,0.000000,0.000000,0.677246,0.017179,0.164376,0.001446,0.000000,0.182164
115,0,0.000000,0.616860,0.076013,0.002513,0.678879,0.000000,0.000000,0.761003,0.013078,0.189140,0.001382,0.000000,0.203538
116,0,0.000000,0.596828,0.058045,0.002109,0.652666,0.000000,0.000000,0.702386,0.012049,0.195362,0.001407,0.000000,0.207903
117,0,0.000000,0.572569,0.057932,0.002065,0.624533,0.000000,0.000000,0.681051,0.010691,0.144873,0.001799,0.000000,0.156352
118,0,0.000000,0.601222,0.150742,0.022197,0.749852,0.000000,0.000000,0.843758,0.010942,0.243943,0.052781,0.000000,0.307666
119,0,0.000000,0.850283,0.090648,0.002806,0.943737,0.000000,0.000000,1.014481,0.019497,0.219293,0.003867,0.000000,0.242657
120,0,0.000000,0.821722,0.069445,0.002204,0.887922,0.000000,0.000000,0.945314,0.022545,0.334673,0.005709,0.000000,0.362927
121,0,0.000000,0.730856,0.073778,0.002380,0.807014,0.000000,0.000000,0.865482,0.013236,0.223870,0.001086,0.000000,0.235883
122,0,0.000000,0.722791,0.085811,0.002320,0.810922,0.000000,0.000000,0.880167,0.014868,0.208220,0.001588,0.000000,0.220986
123,0,0.000000,0.653148,0.064288,0.003065,0.717662,0.000000,0.000000,1.109437,0.016360,0.461386,0.001652,0.000000,0.478687
124,0,0.000000,0.746009,0.064618,0.002111,0.811133,0.000000,0.000000,0.864741,0.020682,0.242475,0.001410,0.000000,0.263885
125,0,0.000000,0.698247,0.076183,0.002177,0.774268,0.000000,0.000000,0.828152,0.015841,0.258602,0.001329,0.000000,0.275580
126,0,0.000000,0.688594,0.063024,0.002205,0.753800,0.000000,0.000000,0.826755,0.015193,0.203519,0.001405,0.000000,0.219493
127,0,0.000000,0.740811,0.180723,0.002441,0.923975,0.000000,0.000000,0.984087,0.015319,0.316093,0.002666,0.000000,0.332465
128,0,0.000000,0.832423,0.067689,0.002332,0.900024,0.000000,0.000000,0.956291,0.019662,0.291793,0.000943,0.000000,0.312011
129,0,0.000000,0.686857,0.072030,0.002770,0.761239,0.000000,0.000000,0.817365,0.016150,0.201814,0.001441,0.000000,0.219237
130,0,0.000000,0.756622,0.064392,0.002236,0.823026,0.000000,0.000000,0.919837,0.015509,0.282409,0.001475,0.000000,0.298912
131,0,0.000000,0.668250,0.082232,0.002702,0.729152,0.000000,0.000000,0.835014,0.015471,0.241636,0.002056,0.000000,0.258983
132,0,0.000000,0.893604,0.070172,0.002677,0.963931,0.000000,0.000000,1.020565,0.017703,0.365471,0.001304,0.000000,0.384046
133,0,0.000000,0.714063,0.083338,0.002327,0.781596,0.000000,0.000000,0.868582,0.016657,0.256056,0.002217,0.000000,0.274930
134,0,0.000000,0.672917,0.063691,0.002240,0.735720,0.000000,0.000000,0.806876,0.016294,0.146953,0.001186,0.000000,0.163700
135,0,0.000000,0.668481,0.064120,0.002313,0.731853,0.000000,0.000000,0.801165,0.015727,0.273281,0.001690,0.000000,0.290029
136,0,0.000000,0.752779,0.064596,0.002201,0.819007,0.000000,0.000000,0.883570,0.016277,0.340516,0.005824,0.000000,0.362372
137,0,0.000000,0.613066,0.065369,0.002254,0.680097,0.000000,0.000000,0.781183,0.050922,0.283342,0.001366,0.000000,0.334753
138,0,0.000000,0.575780,0.060821,0.002363,0.638032,0.000000,0.000000,0.704731,0.012195,0.162740,0.001361,0.000000,0.176296
139,0,0.000000,0.565775,0.066184,0.002272,0.633485,0.000000,0.000000,0.815522,0.015018,0.272861,0.007558,0.000000,0.295437
140,0,0.000000,0.583450,0.060836,0.002289,0.641979,0.000000,0.000000,0.706769,0.012652,0.191700,0.006054,0.000000,0.210406
141,0,0.000000,0.632087,0.063050,0.002292,0.696684,0.000000,0.000000,0.829169,0.013362,0.322560,0.001822,0.000000,0.335795
142,0,0.000000,0.649981,0.065939,0.002404,0.713230,0.000000,0.000000,0.763587,0.015178,0.179431,0.025844,0.000000,0.220453
143,0,0.000000,0.681557,0.064872,0.002327,0.748614,0.000000,0.000000,0.805774,0.012843,0.389647,0.021332,0.000000,0.423822
144,0,0.000000,0.629541,0.070864,0.002394,0.701256,0.000000,0.000000,0.750726,0.011883,0.222718,0.027370,0.000000,0.261337
145,0,0.000000,0.690077,0.083137,0.002297,0.764267,0.000000,0.000000,0.814103,0.011671,0.404182,0.039141,0.000000,0.454246
146,0,0.000000,0.610683,0.071117,0.002191,0.683991,0.000000,0.000000,0.728616,0.012437,0.215654,0.028178,0.000000,0.255973
147,0,0.000000,0.717601,0.067497,0.002530,0.787562,0.000000,0.000000,0.840916,0.010516,0.317533,0.025623,0.000000,0.353446
148,0,0.000000,0.604556,0.068667,0.002290,0.675338,0.000000,0.000000,0.717467,0.012482,0.298591,0.004337,0.000000,0.314845
149,0,0.000000,0.681847,0.067154,0.002363,0.751175,0.000000,0.000000,0.794220,0.012611,0.299736,0.025891,0.000000,0.338238
150,0,0.000000,0.589692,0.065580,0.002148,0.651990,0.000000,0.000000,0.752030,0.011038,0.180955,0.020286,0.000000,0.212171
151,0,0.000000,0.710140,0.070823,0.002328,0.783258,0.000000,0.000000,0.829117,0.014718,0.405324,0.002791,0.000000,0.422833
152,0,0.000000,0.690397,0.072152,0.002582,0.763615,0.000000,0.000000,0.806644,0.012564,0.371300,0.028388,0.000000,0.412252
153,0,0.000000,0.575297,0.116169,0.002330,0.689266,0.000000,0.000000,0.729328,0.011676,0.214631,0.071040,0.000000,0.297015
154,0,0.000000,0.684597,0.070801,0.002301,0.753411,0.000000,0.000000,0.819650,0.018764,0.211694,0.001868,0.000000,0.230858
155,0,0.000000,0.696273,0.066912,0.002487,0.765610,0.000000,0.000000,0.835329,0.013510,0.294977,0.001621,0.000000,0.310102
156,0,0.000000,0.734838,0.066969,0.002377,0.801823,0.000000,0.000000,0.852675,0.015629,0.327008,0.025644,0.000000,0.367930
157,0,0.000000,0.869651,0.065657,0.002667,0.937869,0.000000,0.000000,0.994769,0.014383,0.457534,0.022361,0.000000,0.493008
158,0,0.000000,0.731807,0.064778,0.002480,0.794616,0.000000,0.000000,0.898356,0.030301,0.415128,0.021089,0.000000,0.465650
159,0,0.000000,0.829708,0.074832,0.002532,0.906205,0.000000,0.000000,0.964214,0.015527,0.458081,0.006044,0.000000,0.477949
160,0,0.000000,0.696225,0.066871,0.002358,0.765260,0.000000,0.000000,0.822755,0.016151,0.211881,0.016662,0.000000,0.244694
161,0,0.000000,0.749596,0.089222,0.002536,0.826596,0.000000,0.000000,0.877709,0.014785,0.328499,0.045466,0.000000,0.388750
162,0,0.000000,0.617884,0.065295,0.002199,0.685368,0.000000,0.000000,0.755024,0.018666,0.284197,0.018169,0.000000,0.321032
163,0,0.000000,0.585112,0.076371,0.002535,0.663646,0.000000,0.000000,0.742191,0.016198,0.216413,0.023284,0.000000,0.255895
164,0,0.000000,0.669117,0.066697,0.002254,0.738021,0.000000,0.000000,0.783515,0.011414,0.256773,0.001815,0.000000,0.269323
165,0,0.000000,0.624183,0.067180,0.002360,0.693519,0.000000,0.000000,0.748326,0.013275,0.317430,0.023256,0.000000,0.353961
166,0,0.000000,0.691213,0.077599,0.002500,0.770894,0.000000,0.000000,0.811413,0.011214,0.289489,0.043227,0.000000,0.343095
167,0,0.000000,0.623993,0.067732,0.002284,0.694009,0.000000,0.000000,0.743524,0.011900,0.323505,0.022385,0.000000,0.356774
168,0,0.000000,0.659277,0.068638,0.002403,0.728927,0.000000,0.000000,0.776566,0.010467,0.368288,0.028861,0.000000,0.407616
169,0,0.000000,0.690059,0.072368,0.002439,0.764582,0.000000,0.000000,0.800481,0.010965,0.390944,0.001526,0.000000,0.402639
170,0,0.000000,0.638310,0.068590,0.002268,0.709033,0.000000,0.000000,0.766394,0.013565,0.234909,0.027259,0.000000,0.275733
171,0,0.000000,0.708711,0.068677,0.002861,0.773511,0.000000,0.000000,0.855894,0.011084,0.367985,0.008437,0.000000,0.387375
172,0,0.000000,0.616135,0.104326,0.002195,0.722656,0.000000,0.000000,0.765384,0.015092,0.296085,0.024812,0.000000,0.326938
173,0,0.000000,0.657193,0.063473,0.002803,0.722793,0.000000,0.000000,0.771338,0.014412,0.273727,0.001730,0.000000,0.287101
174,0,0.000000,0.591620,0.057460,0.002190,0.651270,0.000000,0.000000,0.701266,0.011720,0.308941,0.015712,0.000000,0.335832
175,0,0.000000,0.696782,0.052505,0.002451,0.749883,0.000000,0.000000,0.810412,0.013128,0.326174,0.012762,0.000000,0.351089
176,0,0.000000,0.573883,0.061717,0.002167,0.635780,0.000000,0.000000,0.675949,0.012717,0.157382,0.001155,0.000000,0.170361
177,0,0.000000,0.657425,0.071237,0.002305,0.730832,0.000000,0.000000,0.776830,0.011828,0.271197,0.015393,0.000000,0.298418
178,0,0.000000,0.584869,0.061659,0.002091,0.646446,0.000000,0.000000,0.694593,0.011506,0.183314,0.010462,0.000000,0.205282
179,0,0.000000,0.560952,0.095461,0.002170,0.621666,0.000000,0.000000,0.687424,0.012450,0.173227,0.038268,0.000000,0.223945
180,0,0.000000,0.651144,0.057027,0.002235,0.706045,0.000000,0.000000,0.766861,0.023116,0.233511,0.014315,0.000000,0.270028
181,0,0.000000,0.547358,0.062928,0.002238,0.611531,0.000000,0.000000,0.664275,0.013424,0.254053,0.017286,0.000000,0.283738
182,0,0.000000,0.663993,0.057562,0.002128,0.722821,0.000000,0.000000,0.764889,0.016424,0.246593,0.001437,0.000000,0.264185
183,0,0.000000,0.585459,0.069103,0.002360,0.644232,0.000000,0.000000,0.693354,0.012184,0.276230,0.028154,0.000000,0.316568
184,0,0.000000,0.648448,0.056629,0.002070,0.706421,0.000000,0.000000,0.766012,0.010703,0.255798,0.013402,0.000000,0.279903
185,0,0.000000,0.534842,0.058614,0.002118,0.593498,0.000000,0.000000,0.637063,0.010446,0.244968,0.018793,0.000000,0.274207
186,0,0.000000,0.662836,0.058250,0.013346,0.731286,0.000000,0.000000,0.787123,0.033227,0.248746,0.014774,0.000000,0.295521
187,0,0.000000,0.552189,0.062068,0.002176,0.614284,0.000000,0.000000,0.662397,0.011684,0.250966,0.016886,0.000000,0.279154
188,0,0.000000,0.640331,0.064339,0.002151,0.704520,0.000000,0.000000,0.745816,0.010604,0.240528,0.019229,0.000000,0.270234
189,0,0.000000,0.544776,0.058049,0.002142,0.602828,0.000000,0.000000,0.640572,0.010188,0.235977,0.001534,0.000000,0.247501
190,0,0.000000,0.636185,0.096013,0.002566,0.693795,0.000000,0.000000,0.769363,0.011758,0.238769,0.052856,0.000000,0.303359
191,0,0.000000,0.539440,0.069986,0.002255,0.609888,0.000000,0.000000,0.656661,0.013152,0.235625,0.020495,0.000000,0.268231
192,0,0.000000,0.678069,0.071148,0.002215,0.732207,0.000000,0.000000,0.787386,0.013700,0.222747,0.001273,0.000000,0.236475
193,0,0.000000,0.609424,0.071451,0.002272,0.663263,0.000000,0.000000,0.726562,0.016883,0.185657,0.001411,0.000000,0.202962
194,0,0.000000,0.639367,0.070176,0.002156,0.698318,0.000000,0.000000,0.786201,0.013822,0.138945,0.001753,0.000000,0.154520
195,0,0.000000,0.560671,0.080571,0.002332,0.629641,0.000000,0.000000,0.691446,0.012810,0.153210,0.001348,0.000000,0.167368
196,0,0.000000,0.789938,0.070963,0.002541,0.849292,0.000000,0.000000,0.913965,0.012008,0.307206,0.003547,0.000000,0.319636
197,0,0.000000,0.688046,0.074720,0.002385,0.739650,0.000000,0.000000,0.807312,0.016590,0.254076,0.001596,0.000000,0.271120
198,0,0.000000,0.665891,0.087547,0.002163,0.733963,0.000000,0.000000,0.790930,0.010372,0.232592,0.014580,0.000000,0.251535
199,0,0.000000,0.640816,0.071063,0.002448,0.698596,0.000000,0.000000,0.782929,0.011883,0.201014,0.001421,0.000000,0.213818
200,0,0.000000,0.565658,0.071829,0.002310,0.624407,0.000000,0.000000,0.671729,0.012135,0.107602,0.005886,0.000000,0.120083
201,0,0.000000,0.637291,0.065091,0.002274,0.704544,0.000000,0.000000,0.745367,0.009922,0.173938,0.001772,0.000000,0.184182
202,0,0.000000,0.559681,0.050399,0.002132,0.611672,0.000000,0.000000,0.678464,0.011193,0.211091,0.009803,0.000000,0.231956
203,0,0.000000,0.634046,0.058962,0.002121,0.692674,0.000000,0.000000,0.742923,0.010017,0.331361,0.017575,0.000000,0.358953
204,0,0.000000,0.557436,0.058963,0.002157,0.616106,0.000000,0.000000,0.657853,0.009741,0.252538,0.001590,0.000000,0.263722
205,0,0.000000,0.638484,0.061528,0.002515,0.700937,0.000000,0.000000,0.750121,0.012494,0.338554,0.016575,0.000000,0.367504
206,0,0.000000,0.556773,0.057991,0.002094,0.614112,0.000000,0.000000,0.707007,0.009912,0.287046,0.007014,0.000000,0.303667
207,0,0.000000,0.564865,0.076301,0.002359,0.620185,0.000000,0.000000,0.681217,0.014138,0.260201,0.022650,0.000000,0.296989
208,0,0.000000,0.641146,0.066001,0.002305,0.707766,0.000000,0.000000,0.754162,0.013409,0.248063,0.018792,0.000000,0.280143
209,0,0.000000,0.656155,0.068368,0.002180,0.724030,0.000000,0.000000,0.766814,0.010542,0.290874,0.018285,0.000000,0.319370
210,0,0.000000,0.529496,0.065154,0.002367,0.595053,0.000000,0.000000,0.633689,0.010304,0.139180,0.015121,0.000000,0.164373
211,0,0.000000,0.558486,0.064530,0.002523,0.609648,0.000000,0.000000,0.787422,0.009877,0.302080,0.001581,0.000000,0.312486
212,0,0.000000,0.594016,0.071755,0.002411,0.662895,0.000000,0.000000,0.726523,0.016694,0.193164,0.018729,0.000000,0.228587
213,0,0.000000,0.736825,0.065442,0.002569,0.803090,0.000000,0.000000,0.870046,0.029448,0.359200,0.001447,0.000000,0.388255
214,0,0.000000,0.644836,0.060538,0.002120,0.705836,0.000000,0.000000,0.753741,0.014113,0.308061,0.018253,0.000000,0.340427
215,0,0.000000,0.550477,0.051956,0.002239,0.603284,0.000000,0.000000,0.667107,0.011725,0.251236,0.011375,0.000000,0.274336
216,0,0.000000,0.569154,0.057184,0.002371,0.624113,0.000000,0.000000,0.686110,0.009983,0.276706,0.015904,0.000000,0.302342
217,0,0.000000,0.668650,0.070217,0.002156,0.741020,0.000000,0.000000,0.802925,0.010277,0.304740,0.011484,0.000000,0.326474
218,0,0.000000,0.569701,0.060759,0.002246,0.630516,0.000000,0.000000,0.680027,0.013661,0.270425,0.018636,0.000000,0.301540
219,0,0.000000,0.542906,0.074943,0.002856,0.606394,0.000000,0.000000,0.651007,0.010990,0.247715,0.025910,0.000000,0.284407
220,0,0.000000,0.684917,0.053233,0.002312,0.738934,0.000000,0.000000,0.796588,0.009835,0.393005,0.011682,0.000000,0.414348
221,0,0.000000,0.565942,0.060177,0.002202,0.625777,0.000000,0.000000,0.679367,0.010619,0.276035,0.017519,0.000000,0.303452
222,0,0.000000,0.658780,0.060635,0.002227,0.719158,0.000000,0.000000,0.800002,0.011315,0.271721,0.021185,0.000000,0.304221
223,0,0.000000,0.544766,0.061669,0.002267,0.602493,0.000000,0.000000,0.668562,0.012917,0.148003,0.016824,0.000000,0.176444
224,0,0.000000,0.641458,0.061083,0.002176,0.703137,0.000000,0.000000,0.748344,0.013873,0.342291,0.016605,0.000000,0.371551
225,0,0.000000,0.553846,0.070263,0.002199,0.625644,0.000000,0.000000,0.667509,0.010419,0.267689,0.016811,0.000000,0.294747
226,0,0.000000,0.642548,0.063141,0.002123,0.706708,0.000000,0.000000,0.749983,0.010297,0.263371,0.016777,0.000000,0.290340
227,0,0.000000,0.541634,0.064771,0.002333,0.605698,0.000000,0.000000,0.643835,0.009951,0.170732,0.020855,0.000000,0.201538
228,0,0.000000,0.649097,0.058602,0.002453,0.708153,0.000000,0.000000,0.753241,0.009396,0.378016,0.018294,0.000000,0.405573
229,0,0.000000,0.544817,0.057563,0.002403,0.602902,0.000000,0.000000,0.644229,0.013098,0.180518,0.017492,0.000000,0.210497
230,0,0.000000,0.663308,0.058603,0.002279,0.721836,0.000000,0.000000,0.762105,0.010296,0.380654,0.019299,0.000000,0.409976
231,0,0.000000,0.590649,0.051464,0.002504,0.643379,0.000000,0.000000,0.707008,0.009799,0.260775,0.013584,0.000000,0.283869
232,0,0.000000,0.659888,0.084891,0.002101,0.726742,0.000000,0.000000,0.791798,0.010133,0.159417,0.007101,0.000000,0.169831
233,0,0.000000,0.529701,0.104121,0.002204,0.598334,0.000000,0.000000,0.671936,0.012317,0.117968,0.038111,0.000000,0.152201
234,0,0.000000,0.637361,0.072317,0.002377,0.695411,0.000000,0.000000,0.744674,0.012341,0.215262,0.005635,0.000000,0.228104
235,0,0.000000,0.543332,0.071902,0.002221,0.602464,0.000000,0.000000,0.644841,0.012449,0.131319,0.001465,0.000000,0.144207
236,0,0.000000,0.672677,0.071571,0.002314,0.723493,0.000000,0.000000,0.788551,0.009643,0.229921,0.001358,0.000000,0.240039
237,0,0.000000,0.631613,0.072180,0.002417,0.689874,0.000000,0.000000,0.755384,0.018290,0.183465,0.005271,0.000000,0.202351
238,0,0.000000,0.645835,0.077200,0.002180,0.711274,0.000000,0.000000,0.778595,0.010995,0.249770,0.001551,0.000000,0.262137
239,0,0.000000,0.573421,0.072208,0.002321,0.631512,0.000000,0.000000,0.686222,0.012426,0.087433,0.003962,0.000000,0.101573
240,0,0.000000,0.580787,0.074976,0.002270,0.631374,0.000000,0.000000,0.701540,0.016036,0.107993,0.001183,0.000000,0.124367
241,0,0.000000,0.630085,0.075607,0.002293,0.690644,0.000000,0.000000,0.742196,0.012810,0.231762,0.005853,0.000000,0.245102
242,0,0.000000,0.665446,0.091515,0.002450,0.735967,0.000000,0.000000,0.791040,0.010321,0.194426,0.015732,0.000000,0.216729
243,0,0.000000,0.556798,0.073195,0.002300,0.607303,0.000000,0.000000,0.672712,0.011090,0.164615,0.001673,0.000000,0.175931
244,0,0.000000,0.649051,0.052895,0.012621,0.703853,0.000000,0.000000,0.758039,0.009940,0.180289,0.021734,0.000000,0.211637
245,0,0.000000,0.522303,0.064404,0.002300,0.588708,0.000000,0.000000,0.643747,0.011965,0.230982,0.012987,0.000000,0.255934
246,0,0.000000,0.556897,0.063302,0.002438,0.621183,0.000000,0.000000,0.669773,0.010456,0.170560,0.020200,0.000000,0.201216
247,0,0.000000,0.628182,0.060620,0.010601,0.699403,0.000000,0.000000,0.742368,0.010085,0.341638,0.010211,0.000000,0.361651
248,0,0.000000,0.637972,0.073817,0.002283,0.714023,0.000000,0.000000,0.756055,0.012568,0.243853,0.017745,0.000000,0.274166
249,0,0.000000,0.528180,0.059535,0.002292,0.588080,0.000000,0.000000,0.630759,0.010719,0.249030,0.015304,0.000000,0.275053
250,0,0.000000,0.556077,0.059029,0.002375,0.614067,0.000000,0.000000,0.658482,0.016766,0.119471,0.019535,0.000000,0.155772
251,0,0.000000,0.641169,0.062288,0.002410,0.703192,0.000000,0.000000,0.743978,0.022018,0.344863,0.021156,0.000000,0.386136
252,0,0.000000,0.643414,0.080062,0.002396,0.716045,0.000000,0.000000,0.786167,0.011149,0.211869,0.002076,0.000000,0.225048
253,0,0.000000,0.648394,0.073618,0.002634,0.724488,0.000000,0.000000,0.773933,0.015902,0.213337,0.016503,0.000000,0.245562
254,0,0.000000,0.701608,0.072240,0.002276,0.771564,0.000000,0.000000,0.817028,0.016336,0.303463,0.026735,0.000000,0.345661
255,0,0.000000,0.628906,0.055450,0.002572,0.686552,0.000000,0.000000,0.761608,0.012515,0.328262,0.010157,0.000000,0.349886
256,0,0.000000,0.734823,0.060017,0.002344,0.797058,0.000000,0.000000,0.866019,0.013762,0.326711,0.016225,0.000000,0.356698
257,0,0.000000,0.604546,0.057147,0.002278,0.663903,0.000000,0.000000,0.746209,0.013907,0.337091,0.017003,0.000000,0.367779
258,0,0.000000,0.657011,0.062545,0.002251,0.721124,0.000000,0.000000,0.780990,0.012679,0.265475,0.021023,0.000000,0.298145
259,0,0.000000,0.683631,0.066068,0.002274,0.750381,0.000000,0.000000,0.791647,0.013209,0.405350,0.021496,0.000000,0.438706
260,0,0.000000,0.635535,0.064785,0.002423,0.698782,0.000000,0.000000,0.747556,0.011658,0.232263,0.001626,0.000000,0.243278
261,0,0.000000,0.719910,0.059155,0.002219,0.781284,0.000000,0.000000,0.853794,0.014181,0.347700,0.015502,0.000000,0.377193
262,0,0.000000,0.683061,0.062712,0.002403,0.744284,0.000000,0.000000,0.798666,0.013807,0.300082,0.001882,0.000000,0.314202
263,0,0.000000,0.719194,0.064477,0.002531,0.783657,0.000000,0.000000,0.831677,0.013735,0.426736,0.022120,0.000000,0.462591
264,0,0.000000,0.718959,0.060310,0.002206,0.781349,0.000000,0.000000,0.844384,0.012613,0.345367,0.020163,0.000000,0.377323
265,0,0.000000,0.640895,0.076277,0.002671,0.702619,0.000000,0.000000,0.762192,0.012348,0.366659,0.027794,0.000000,0.405527
266,0,0.000000,0.691338,0.067854,0.002529,0.758824,0.000000,0.000000,0.808186,0.013574,0.291268,0.022399,0.000000,0.327229
267,0,0.000000,0.607041,0.066668,0.002329,0.675311,0.000000,0.000000,0.720894,0.012756,0.304290,0.024455,0.000000,0.340276
268,0,0.000000,0.641237,0.060828,0.002293,0.704284,0.000000,0.000000,0.780125,0.012094,0.244881,0.020111,0.000000,0.276322
269,0,0.000000,0.712005,0.061166,0.002757,0.775928,0.000000,0.000000,0.886435,0.021812,0.445180,0.002021,0.000000,0.467865
270,0,0.000000,0.720301,0.059697,0.002454,0.782220,0.000000,0.000000,0.862986,0.015039,0.299437,0.015658,0.000000,0.330117
271,0,0.000000,0.681216,0.071031,0.002329,0.744563,0.000000,0.000000,0.798587,0.014374,0.394872,0.004561,0.000000,0.413807
272,0,0.000000,0.618858,0.077918,0.002100,0.680699,0.000000,0.000000,0.737129,0.016932,0.182875,0.013685,0.000000,0.202392
273,0,0.000000,0.630537,0.069142,0.002168,0.697110,0.000000,0.000000,0.753363,0.012820,0.233014,0.001301,0.000000,0.247135
274,0,0.000000,0.511045,0.068621,0.002047,0.578241,0.000000,0.000000,0.622609,0.012388,0.086125,0.001222,0.000000,0.099328
275,0,0.000000,0.568456,0.072247,0.002249,0.626330,0.000000,0.000000,0.694855,0.010171,0.133495,0.001308,0.000000,0.144725
276,0,0.000000,0.623794,0.065576,0.002107,0.688038,0.000000,0.000000,0.727858,0.012721,0.185198,0.001274,0.000000,0.197009
277,0,0.000000,0.625533,0.071157,0.002222,0.686273,0.000000,0.000000,0.740087,0.010257,0.237968,0.001622,0.000000,0.248554
278,0,0.000000,0.550394,0.088544,0.002229,0.641167,0.000000,0.000000,0.681511,0.009801,0.115306,0.005711,0.000000,0.130518
279,0,0.000000,0.543735,0.061044,0.002122,0.602974,0.000000,0.000000,0.667589,0.010547,0.154037,0.001340,0.000000,0.165218
280,0,0.000000,0.624319,0.103674,0.002102,0.682208,0.000000,0.000000,0.782786,0.010160,0.206750,0.008649,0.000000,0.218950
281,0,0.000000,0.564576,0.061627,0.002759,0.628369,0.000000,0.000000,0.689152,0.014923,0.160627,0.001484,0.000000,0.177010
282,0,0.000000,0.527861,0.072373,0.002512,0.591552,0.000000,0.000000,0.648286,0.013049,0.098252,0.001241,0.000000,0.109060
283,0,0.000000,0.648831,0.068771,0.002207,0.719809,0.000000,0.000000,0.767197,0.010955,0.255394,0.001487,0.000000,0.267836
284,0,0.000000,0.651925,0.073313,0.002060,0.716585,0.000000,0.000000,0.769110,0.012799,0.195450,0.001295,0.000000,0.207410
285,0,0.000000,0.580273,0.076269,0.002318,0.658635,0.000000,0.000000,0.711764,0.012486,0.142870,0.001598,0.000000,0.153725
286,0,0.000000,0.573782,0.067102,0.002488,0.629669,0.000000,0.000000,0.731723,0.012665,0.156154,0.001846,0.000000,0.167182
287,0,0.000000,0.603739,0.072049,0.002725,0.666947,0.000000,0.000000,0.722717,0.012225,0.160830,0.001378,0.000000,0.173068
288,0,0.000000,0.542785,0.062658,0.002317,0.606389,0.000000,0.000000,0.664224,0.011121,0.116756,0.001545,0.000000,0.126730
289,0,0.000000,0.647113,0.091633,0.002655,0.741401,0.000000,0.000000,0.794007,0.012006,0.235126,0.001857,0.000000,0.246827
290,0,0.000000,0.626813,0.072265,0.002083,0.693720,0.000000,0.000000,0.753179,0.012625,0.214787,0.001753,0.000000,0.225535
291,0,0.000000,0.572322,0.159480,0.004715,0.734332,0.000000,0.000000,0.824613,0.012337,0.212140,0.043151,0.000000,0.267628
292,0,0.000000,0.805367,0.061065,0.002518,0.868950,0.000000,0.000000,0.952360,0.018247,0.241026,0.001233,0.000000,0.260010
293,0,0.000000,0.596490,0.068829,0.002554,0.667627,0.000000,0.000000,0.714722,0.016733,0.225655,0.001268,0.000000,0.241924
294,0,0.000000,0.659553,0.061467,0.002394,0.723158,0.000000,0.000000,0.826822,0.012116,0.338114,0.001223,0.000000,0.348525
295,0,0.000000,0.662496,0.057622,0.002774,0.722892,0.000000,0.000000,0.786068,0.012133,0.293776,0.001773,0.000000,0.304428
296,0,0.000000,0.627547,0.063451,0.002502,0.693500,0.000000,0.000000,0.747480,0.012894,0.271867,0.006555,0.000000,0.283774
297,0,0.000000,0.730004,0.062130,0.011018,0.799385,0.000000,0.000000,0.868368,0.015758,0.337443,0.001478,0.000000,0.352424
298,0,0.000000,0.665340,0.073759,0.002488,0.731410,0.000000,0.000000,0.785076,0.013642,0.218387,0.003016,0.000000,0.232233
299,0,0.000000,0.689040,0.060341,0.002298,0.750833,0.000000,0.000000,0.819386,0.012742,0.284680,0.001564,0.000000,0.295792
300,0,0.000000,0.649169,0.064642,0.002101,0.706628,0.000000,0.000000,0.775477,0.014015,0.237332,0.001186,0.000000,0.249370
301,0,0.000000,0.721176,0.058443,0.002665,0.781933,0.000000,0.000000,0.853619,0.012463,0.303224,0.005703,0.000000,0.313741
302,0,0.000000,0.703752,0.068950,0.002352,0.774938,0.000000,0.000000,0.837773,0.012777,0.264901,0.001371,0.000000,0.275703
303,0,0.000000,0.658895,0.059490,0.002506,0.720673,0.000000,0.000000,0.796285,0.013038,0.255002,0.005455,0.000000,0.273495
304,0,0.000000,0.600931,0.064123,0.002287,0.664407,0.000000,0.000000,0.718192,0.012662,0.165800,0.001340,0.000000,0.176722
305,0,0.000000,0.711568,0.074575,0.002542,0.788505,0.000000,0.000000,0.859275,0.013473,0.321032,0.010786,0.000000,0.345291
306,0,0.000000,0.696626,0.064550,0.002275,0.758894,0.000000,0.000000,0.829914,0.011817,0.274921,0.005106,0.000000,0.285579
307,0,0.000000,0.621673,0.064922,0.002409,0.688837,0.000000,0.000000,0.742182,0.012003,0.222889,0.001656,0.000000,0.235466
308,0,0.000000,0.586916,0.060557,0.002306,0.649779,0.000000,0.000000,0.715855,0.012480,0.147415,0.005648,0.000000,0.157700
309,0,0.000000,0.623239,0.063523,0.002510,0.687146,0.000000,0.000000,0.773658,0.011822,0.192962,0.001500,0.000000,0.206132
310,0,0.000000,0.726799,0.073296,0.002650,0.789945,0.000000,0.000000,0.858232,0.117436,0.214385,0.002962,0.000000,0.231561
311,0,0.000000,0.752302,0.065270,0.002446,0.809491,0.000000,0.000000,0.883837,0.018877,0.188148,0.001910,0.000000,0.206058
312,0,0.000000,0.703216,0.079589,0.002444,0.768860,0.000000,0.000000,0.846727,0.016784,0.250914,0.001637,0.000000,0.269335
313,0,0.000000,0.608899,0.066741,0.002687,0.667699,0.000000,0.000000,0.732357,0.015950,0.175947,0.001595,0.000000,0.192768
314,0,0.000000,0.581493,0.066336,0.002301,0.638373,0.000000,0.000000,0.701812,0.015035,0.053218,0.002337,0.000000,0.070590
315,0,0.000000,0.689477,0.060884,0.002422,0.748589,0.000000,0.000000,0.819207,0.015166,0.183382,0.001602,0.000000,0.200068
316,0,0.000000,0.652709,0.062899,0.002378,0.717295,0.000000,0.000000,0.773823,0.013897,0.118510,0.001323,0.000000,0.133683
317,0,0.000000,0.617177,0.074941,0.003100,0.679052,0.000000,0.000000,0.730501,0.014417,0.127407,0.004868,0.000000,0.143245
318,0,0.000000,0.578419,0.069035,0.002439,0.642764,0.000000,0.000000,0.713041,0.014740,0.069153,0.001464,0.000000,0.085357
319,0,0.000000,0.690666,0.094790,0.002616,0.766475,0.000000,0.000000,0.827401,0.014693,0.223907,0.014900,0.000000,0.243416
320,0,0.000000,0.573530,0.080752,0.002370,0.635436,0.000000,0.000000,0.706971,0.014788,0.066709,0.001422,0.000000,0.082697
321,0,0.000000,0.688067,0.063872,0.002364,0.753179,0.000000,0.000000,0.835356,0.014834,0.216080,0.001586,0.000000,0.232500
322,0,0.000000,0.592903,0.083112,0.002303,0.646640,0.000000,0.000000,0.731019,0.014728,0.067694,0.020074,0.000000,0.082215
323,0,0.000000,0.685968,0.062379,0.002380,0.749839,0.000000,0.000000,0.828637,0.015353,0.244723,0.001689,0.000000,0.261765
324,0,0.000000,0.587116,0.063125,0.002338,0.645706,0.000000,0.000000,0.711993,0.013744,0.076139,0.001373,0.000000,0.091256
325,0,0.000000,0.694916,0.066124,0.002301,0.758814,0.000000,0.000000,0.824738,0.013790,0.233863,0.001444,0.000000,0.249097
326,0,0.000000,0.706129,0.065984,0.002302,0.765863,0.000000,0.000000,0.843035,0.014804,0.215411,0.001575,0.000000,0.231603
327,0,0.000000,0.695679,0.066473,0.002319,0.753283,0.000000,0.000000,0.827211,0.015508,0.227894,0.001652,0.000000,0.244776
328,0,0.000000,0.582861,0.064969,0.002311,0.642826,0.000000,0.000000,0.709693,0.014961,0.051954,0.001534,0.000000,0.068049
329,0,0.000000,0.695546,0.099632,0.002955,0.789127,0.000000,0.000000,1.070812,0.014714,0.394765,0.002711,0.000000,0.408970
330,0,0.000000,0.714276,0.093993,0.002754,0.800398,0.000000,0.000000,0.877586,0.018035,0.258351,0.001505,0.000000,0.277618
331,0,0.000000,0.758689,0.061841,0.002601,0.822617,0.000000,0.000000,0.889860,0.015159,0.282906,0.001488,0.000000,0.299407
332,0,0.000000,0.581846,0.064119,0.002329,0.648170,0.000000,0.000000,0.716489,0.029279,0.136101,0.001568,0.000000,0.159263
333,0,0.000000,0.666061,0.069074,0.002377,0.736676,0.000000,0.000000,0.794873,0.013428,0.224735,0.001459,0.000000,0.239622
334,0,0.000000,0.574008,0.064606,0.002459,0.637214,0.000000,0.000000,0.702219,0.012995,0.086436,0.001282,0.000000,0.099592
335,0,0.000000,0.674732,0.114612,0.002261,0.734384,0.000000,0.000000,0.846068,0.013087,0.270393,0.001652,0.000000,0.285132
336,0,0.000000,0.648548,0.075377,0.002681,0.710915,0.000000,0.000000,0.780643,0.014434,0.147839,0.002049,0.000000,0.163300
337,0,0.000000,0.667844,0.064411,0.002627,0.730210,0.000000,0.000000,0.796697,0.015382,0.233263,0.001612,0.000000,0.250257
338,0,0.000000,0.571750,0.066463,0.002280,0.628438,0.000000,0.000000,0.705105,0.013433,0.081248,0.001557,0.000000,0.096215
339,0,0.000000,0.679643,0.065161,0.002292,0.739482,0.000000,0.000000,0.806880,0.012691,0.238837,0.001546,0.000000,0.253018
340,0,0.000000,0.590280,0.120069,0.002298,0.650759,0.000000,0.000000,0.766060,0.013297,0.104473,0.002009,0.000000,0.117618
341,0,0.000000,0.789169,0.065429,0.002504,0.852124,0.000000,0.000000,0.917651,0.013813,0.357793,0.001406,0.000000,0.372727
342,0,0.000000,0.584440,0.073670,0.002165,0.653140,0.000000,0.000000,0.713989,0.014724,0.097333,0.001417,0.000000,0.110168
343,0,0.000000,0.660846,0.072710,0.002274,0.720164,0.000000,0.000000,0.782943,0.012539,0.239055,0.001832,0.000000,0.253426
344,0,0.000000,0.544677,0.066747,0.002522,0.606033,0.000000,0.000000,0.663869,0.011981,0.093595,0.001430,0.000000,0.106824
345,0,0.000000,0.645591,0.074741,0.002240,0.715856,0.000000,0.000000,0.776462,0.013058,0.166880,0.001574,0.000000,0.180166
346,0,0.000000,0.636377,0.074789,0.003087,0.709572,0.000000,0.000000,0.769666,0.012261,0.153388,0.001625,0.000000,0.166306
347,0,0.000000,0.678836,0.067565,0.002405,0.739490,0.000000,0.000000,0.803619,0.014035,0.181794,0.001442,0.000000,0.197271
348,0,0.000000,0.517525,0.082795,0.002485,0.587801,0.000000,0.000000,0.646572,0.012788,0.095627,0.001764,0.000000,0.110179
349,0,0.000000,0.729389,0.100472,0.002538,0.808489,0.000000,0.000000,0.878905,0.013084,0.237084,0.003075,0.000000,0.250771
350,0,0.000000,0.550899,0.086086,0.002450,0.605970,0.000000,0.000000,0.689713,0.014008,0.169594,0.021753,0.000000,0.184790
351,0,0.000000,0.639622,0.085418,0.011643,0.703510,0.000000,0.000000,0.762712,0.011899,0.155125,0.002532,0.000000,0.168612
352,0,0.000000,0.572682,0.073086,0.002249,0.617226,0.000000,0.000000,0.698661,0.013358,0.149206,0.007353,0.000000,0.163685
353,0,0.000000,0.606271,0.081396,0.002302,0.652128,0.000000,0.000000,0.722214,0.013033,0.165837,0.021454,0.000000,0.179311
354,0,0.000000,0.567342,0.074980,0.002125,0.611660,0.000000,0.000000,0.674420,0.011947,0.179083,0.022998,0.000000,0.190725
355,0,0.000000,0.630211,0.070471,0.002343,0.674624,0.000000,0.000000,0.759385,0.011767,0.147691,0.009448,0.000000,0.160747
356,0,0.000000,0.477826,0.094068,0.004120,0.576014,0.000000,0.000000,0.621463,0.012579,0.095768,0.013691,0.000000,0.121593
357,0,0.000000,0.741919,0.071176,0.002644,0.812241,0.000000,0.000000,0.909967,0.045139,0.387911,0.002128,0.000000,0.403229
358,0,0.000000,0.584074,0.063948,0.002677,0.648095,0.000000,0.000000,0.716613,0.015385,0.257558,0.001553,0.000000,0.272600
359,0,0.000000,0.723329,0.069314,0.002584,0.792802,0.000000,0.000000,0.849444,0.014520,0.398073,0.001549,0.000000,0.410549
360,0,0.000000,0.626087,0.066333,0.002799,0.691281,0.000000,0.000000,0.745834,0.013834,0.280288,0.001516,0.000000,0.292274
361,0,0.000000,0.736875,0.065172,0.002332,0.799391,0.000000,0.000000,0.877197,0.014188,0.411792,0.001677,0.000000,0.423959
362,0,0.000000,0.590993,0.071125,0.002825,0.661894,0.000000,0.000000,0.721315,0.015666,0.259631,0.001964,0.000000,0.274681
363,0,0.000000,0.689516,0.075625,0.002283,0.767424,0.000000,0.000000,0.840561,0.014924,0.358144,0.001705,0.000000,0.371900
364,0,0.000000,0.587146,0.067486,0.002462,0.654573,0.000000,0.000000,0.711492,0.014947,0.264561,0.001446,0.000000,0.277753
365,0,0.000000,0.702792,0.061422,0.002623,0.763466,0.000000,0.000000,0.836728,0.013994,0.379311,0.001724,0.000000,0.391816
366,0,0.000000,0.597144,0.069927,0.003674,0.667860,0.000000,0.000000,0.730475,0.014995,0.267351,0.009729,0.000000,0.289205
367,0,0.000000,0.659290,0.063295,0.002680,0.724180,0.000000,0.000000,0.785573,0.014899,0.239048,0.001582,0.000000,0.255529
368,0,0.000000,0.626446,0.204726,0.003519,0.732079,0.000000,0.000000,0.892885,0.014167,0.149781,0.003272,0.000000,0.162890
369,0,0.000000,0.842243,0.091399,0.004795,0.912307,0.000000,0.000000,1.002710,0.019176,0.360729,0.008207,0.000000,0.388112
370,0,0.000000,0.696583,0.055197,0.002268,0.750282,0.000000,0.000000,0.836140,0.017925,0.242535,0.002526,0.000000,0.261501
371,0,0.000000,0.665217,0.063703,0.003624,0.732154,0.000000,0.000000,0.793203,0.013144,0.339134,0.001753,0.000000,0.353854
372,0,0.000000,0.606774,0.062137,0.002684,0.668818,0.000000,0.000000,0.732155,0.016223,0.171850,0.001616,0.000000,0.188896
373,0,0.000000,0.744669,0.061264,0.002754,0.805954,0.000000,0.000000,0.883487,0.014606,0.430375,0.001868,0.000000,0.445734
374,0,0.000000,0.636985,0.067825,0.003601,0.705453,0.000000,0.000000,0.769994,0.014526,0.300227,0.001881,0.000000,0.313057
375,0,0.000000,0.726776,0.064687,0.002417,0.792053,0.000000,0.000000,0.873733,0.021048,0.380416,0.001610,0.000000,0.401492
376,0,0.000000,0.648879,0.068755,0.002643,0.716102,0.000000,0.000000,0.783030,0.014325,0.204353,0.001684,0.000000,0.220362
377,0,0.000000,0.618810,0.062563,0.002628,0.683089,0.000000,0.000000,0.738431,0.016939,0.131879,0.001696,0.000000,0.149888
378,0,0.000000,0.819011,0.061461,0.003200,0.883672,0.000000,0.000000,0.991428,0.014823,0.505278,0.011892,0.000000,0.531992
379,0,0.000000,0.571066,0.060863,0.002376,0.634094,0.000000,0.000000,0.716977,0.016645,0.200966,0.017767,0.000000,0.234318
380,0,0.000000,0.692090,0.062700,0.002322,0.756798,0.000000,0.000000,0.820949,0.010817,0.399599,0.001640,0.000000,0.412056
381,0,0.000000,0.618806,0.062257,0.002212,0.676122,0.000000,0.000000,0.733272,0.013369,0.230183,0.017190,0.000000,0.254746
382,0,0.000000,0.676715,0.062956,0.002215,0.741886,0.000000,0.000000,0.789974,0.013318,0.316949,0.001238,0.000000,0.330034
383,0,0.000000,0.607900,0.048728,0.002294,0.658922,0.000000,0.000000,0.699175,0.011747,0.283111,0.001253,0.000000,0.293389
384,0,0.000000,0.543765,0.048419,0.002224,0.583830,0.000000,0.000000,0.651404,0.011903,0.204351,0.001013,0.000000,0.214544
385,0,0.000000,0.612644,0.051574,0.002333,0.657359,0.000000,0.000000,0.706942,0.011932,0.231698,0.001340,0.000000,0.242535
386,0,0.000000,0.645171,0.059322,0.002256,0.702171,0.000000,0.000000,0.778507,0.021460,0.270590,0.001303,0.000000,0.292912
387,0,0.000000,0.925828,0.061427,0.002426,0.984102,0.000000,0.000000,1.055950,0.011948,0.457531,0.001289,0.000000,0.468344
388,0,0.000000,0.514731,0.054003,0.002190,0.570606,0.000000,0.000000,0.632733,0.016628,0.170361,0.001295,0.000000,0.186630
389,0,0.000000,0.585283,0.054130,0.002390,0.627736,0.000000,0.000000,0.690822,0.010752,0.253584,0.001253,0.000000,0.263108
390,0,0.000000,0.480127,0.054435,0.002047,0.524236,0.000000,0.000000,0.588616,0.012401,0.155312,0.001535,0.000000,0.165885
391,0,0.000000,0.544537,0.058071,0.002236,0.596316,0.000000,0.000000,0.655912,0.012644,0.203956,0.001521,0.000000,0.215314
392,0,0.000000,0.475664,0.056644,0.002403,0.529927,0.000000,0.000000,0.584609,0.012925,0.133548,0.001252,0.000000,0.144800
393,0,0.000000,0.695151,0.043629,0.002279,0.740991,0.000000,0.000000,0.800981,0.012090,0.357728,0.001166,0.000000,0.368536
394,0,0.000000,0.523451,0.051650,0.002178,0.571524,0.000000,0.000000,0.641663,0.012271,0.186911,0.001332,0.000000,0.197293
395,0,0.000000,0.595301,0.046546,0.002438,0.643849,0.000000,0.000000,0.706989,0.011657,0.286108,0.001385,0.000000,0.299024
396,0,0.000000,0.487380,0.061215,0.002204,0.547193,0.000000,0.000000,0.634913,0.012539,0.184414,0.001390,0.000000,0.195220
397,0,0.000000,0.750799,0.060338,0.002632,0.806059,0.000000,0.000000,0.881135,0.014088,0.431467,0.001412,0.000000,0.443521
398,0,0.000000,0.621399,0.061300,0.002278,0.659688,0.000000,0.000000,0.793846,0.014425,0.370975,0.000898,0.000000,0.383526
399,0,0.000000,0.537518,0.049705,0.002377,0.576577,0.000000,0.000000,0.648836,0.013472,0.194891,0.001319,0.000000,0.209107
400,0,0.000000,0.480454,0.048137,0.002244,0.520299,0.000000,0.000000,0.576352,0.010867,0.135962,0.001107,0.000000,0.145878
401,0,0.000000,0.582062,0.055651,0.002104,0.621897,0.000000,0.000000,0.715237,0.011835,0.259024,0.001086,0.000000,0.271790
402,0,0.000000,0.438024,0.049979,0.002296,0.489808,0.000000,0.000000,0.538045,0.011511,0.087968,0.001302,0.000000,0.098324
403,0,0.000000,0.626684,0.091778,0.002708,0.720675,0.000000,0.000000,0.773946,0.011634,0.212003,0.001366,0.000000,0.222848
404,0,0.000000,0.589482,0.073009,0.002208,0.664699,0.000000,0.000000,0.711732,0.018389,0.175668,0.010369,0.000000,0.204426
405,0,0.000000,0.655565,0.062096,0.002362,0.719830,0.000000,0.000000,0.784526,0.012081,0.360619,0.016140,0.000000,0.388840
406,0,0.000000,0.585177,0.069765,0.002440,0.657382,0.000000,0.000000,0.700847,0.011323,0.202576,0.001487,0.000000,0.215215
407,0,0.000000,0.704463,0.082587,0.003195,0.789450,0.000000,0.000000,0.873359,0.012264,0.422880,0.001980,0.000000,0.437124
408,0,0.000000,0.657019,0.066915,0.002278,0.721274,0.000000,0.000000,0.785012,0.016633,0.186445,0.001087,0.000000,0.202910
409,0,0.000000,0.627371,0.073976,0.002258,0.703391,0.000000,0.000000,0.757137,0.014118,0.225307,0.001448,0.000000,0.239763
410,0,0.000000,0.561798,0.065280,0.002192,0.628010,0.000000,0.000000,0.679130,0.012247,0.178697,0.001124,0.000000,0.189234
411,0,0.000000,0.955452,0.181478,0.014793,1.151723,0.000000,0.000000,1.333726,0.010880,0.657734,0.003889,0.000000,0.667345
412,0,0.000000,1.829197,0.091060,0.008424,1.928681,0.000000,0.000000,2.053996,0.031292,1.448237,0.002283,0.000000,1.459393
413,0,0.000000,1.061275,0.128038,0.006723,1.144313,0.000000,0.000000,1.233582,0.017934,0.659215,0.070746,0.000000,0.741388
414,0,0.000000,1.029413,0.099420,0.006819,1.131642,0.000000,0.000000,1.198122,0.012482,0.574346,0.043809,0.000000,0.630376
415,0,0.000000,0.922488,0.102792,0.007499,1.032779,0.000000,0.000000,1.089067,0.013665,0.526166,0.001694,0.000000,0.540968
416,0,0.000000,0.976142,0.093493,0.007124,1.076759,0.000000,0.000000,1.122790,0.013675,0.590336,0.001455,0.000000,0.603803
417,0,0.000000,1.095417,0.075807,0.006969,1.178193,0.000000,0.000000,1.274412,0.012302,0.803624,0.001900,0.000000,0.817380
418,0,0.000000,1.030816,0.077544,0.007107,1.115467,0.000000,0.000000,1.191912,0.013832,0.707075,0.020341,0.000000,0.722279
419,0,0.000000,0.955162,0.071179,0.007050,1.033391,0.000000,0.000000,1.091515,0.014871,0.556541,0.001753,0.000000,0.568137
420,0,0.000000,0.991585,0.073107,0.006969,1.071661,0.000000,0.000000,1.126393,0.012916,0.669984,0.001747,0.000000,0.684032
421,0,0.000000,1.132186,0.082163,0.007778,1.222127,0.000000,0.000000,1.293516,0.022479,0.757502,0.001754,0.000000,0.772630
422,0,0.000000,0.968814,0.080210,0.007618,1.056642,0.000000,0.000000,1.124721,0.015837,0.548683,0.003014,0.000000,0.566452
423,0,0.000000,1.636993,0.126756,0.007482,1.771231,0.000000,0.000000,1.848284,0.017473,1.237785,0.001715,0.000000,1.255474
424,0,0.000000,1.321380,0.090135,0.007209,1.418724,0.000000,0.000000,1.473779,0.013716,0.904943,0.001859,0.000000,0.919971
425,0,0.000000,1.174824,0.073449,0.007401,1.255674,0.000000,0.000000,1.324015,0.014113,0.771835,0.001535,0.000000,0.786316
426,0,0.000000,0.998090,0.082840,0.007388,1.088318,0.000000,0.000000,1.155553,0.013731,0.532378,0.001744,0.000000,0.546550
427,0,0.000000,0.977121,0.097786,0.009113,1.077109,0.000000,0.000000,1.166081,0.014401,0.549475,0.001188,0.000000,0.564791
428,0,0.000000,0.877841,0.069175,0.002236,0.922607,0.000000,0.000000,1.026551,0.024194,0.360639,0.011664,0.000000,0.381033
429,0,0.000000,0.754174,0.072442,0.002907,0.828291,0.000000,0.000000,0.874593,0.014961,0.258851,0.020484,0.000000,0.274131
430,0,0.000000,0.599392,0.078712,0.002444,0.679484,0.000000,0.000000,0.722419,0.024414,0.069403,0.020826,0.000000,0.100679
431,0,0.000000,0.728816,0.068313,0.002599,0.799728,0.000000,0.000000,0.842829,0.012122,0.238668,0.021817,0.000000,0.249920
432,0,0.000000,0.580156,0.069701,0.006523,0.620808,0.000000,0.000000,0.761812,0.022130,0.168075,0.001383,0.000000,0.190946
433,0,0.000000,0.872995,0.148427,0.003521,1.023486,0.000000,0.000000,1.199098,0.019768,0.517293,0.023499,0.000000,0.552997
434,0,0.000000,0.550454,0.069055,0.002397,0.592467,0.000000,0.000000,0.687729,0.017370,0.127887,0.001729,0.000000,0.146986
435,0,0.000000,0.514097,0.064985,0.002074,0.571131,0.000000,0.000000,0.609661,0.013924,0.106717,0.000942,0.000000,0.119088
436,0,0.000000,0.577475,0.065335,0.002026,0.617172,0.000000,0.000000,0.677603,0.012847,0.177325,0.001000,0.000000,0.191001
437,0,0.000000,0.535181,0.073795,0.002504,0.575284,0.000000,0.000000,0.644552,0.013879,0.110882,0.001093,0.000000,0.123554
438,0,0.000000,0.560413,0.181895,0.014356,0.607743,0.000000,0.000000,0.812489,0.013366,0.175679,0.138978,0.000000,0.323574
439,0,0.000000,0.716599,0.107569,0.001993,0.826089,0.000000,0.000000,0.869924,0.016633,0.332880,0.061977,0.000000,0.404942
440,0,0.000000,0.711832,0.094205,0.001991,0.807791,0.000000,0.000000,0.842751,0.013771,0.301124,0.049878,0.000000,0.345574
441,0,0.000000,0.716507,0.117970,0.005277,0.839754,0.000000,0.000000,0.878122,0.013444,0.302455,0.081629,0.000000,0.377907
442,0,0.000000,0.602804,0.069733,0.001748,0.674285,0.000000,0.000000,0.729310,0.015892,0.209082,0.001810,0.000000,0.225514
443,0,0.000000,0.556168,0.065591,0.002395,0.623564,0.000000,0.000000,0.690392,0.014141,0.144509,0.001907,0.000000,0.155243
444,0,0.000000,0.841218,0.098177,0.001928,0.941323,0.000000,0.000000,0.998480,0.014766,0.437417,0.037566,0.000000,0.489749
445,0,0.000000,0.665070,0.095758,0.001763,0.762404,0.000000,0.000000,0.808781,0.017794,0.248340,0.014874,0.000000,0.267737
446,0,0.000000,0.693148,0.068479,0.002925,0.761843,0.000000,0.000000,0.816590,0.014097,0.304646,0.004980,0.000000,0.323723
447,0,0.000000,0.623319,0.072931,0.003021,0.698122,0.000000,0.000000,0.777584,0.016754,0.214284,0.001755,0.000000,0.230105
448,0,0.000000,0.747774,0.070386,0.002451,0.819907,0.000000,0.000000,0.884037,0.013570,0.327140,0.001455,0.000000,0.340762
449,0,0.000000,0.621508,0.073113,0.002146,0.696486,0.000000,0.000000,0.737717,0.015061,0.237782,0.001703,0.000000,0.253007
450,0,0.000000,0.656073,0.073122,0.002208,0.730839,0.000000,0.000000,0.799738,0.012187,0.269299,0.001694,0.000000,0.282219
451,0,0.000000,0.673679,0.070237,0.002331,0.745712,0.000000,0.000000,0.813995,0.025367,0.267681,0.001971,0.000000,0.280460
452,0,0.000000,0.626383,0.074285,0.002209,0.701337,0.000000,0.000000,0.773155,0.013024,0.222485,0.002018,0.000000,0.237425
453,0,0.000000,0.891877,0.077252,0.002725,0.969059,0.000000,0.000000,1.061132,0.014435,0.473066,0.001940,0.000000,0.485307
454,0,0.000000,1.013157,0.071841,0.002383,1.087095,0.000000,0.000000,1.210385,0.037238,0.473692,0.001480,0.000000,0.502650
455,0,0.000000,0.683252,0.077372,0.002438,0.731832,0.000000,0.000000,0.815989,0.015753,0.168470,0.001048,0.000000,0.182080
456,0,0.000000,0.569453,0.067691,0.002344,0.639300,0.000000,0.000000,0.711965,0.013223,0.109104,0.003046,0.000000,0.120656
457,0,0.000000,0.719705,0.099102,0.002582,0.820884,0.000000,0.000000,0.868934,0.011312,0.258353,0.032824,0.000000,0.297832
458,0,0.000000,0.672570,0.112355,0.002215,0.786591,0.000000,0.000000,0.824259,0.017218,0.148360,0.063013,0.000000,0.209794
459,0,0.000000,0.684112,0.095749,0.002354,0.781581,0.000000,0.000000,0.835784,0.011258,0.286814,0.047974,0.000000,0.344223
460,0,0.000000,0.658737,0.075210,0.002381,0.700721,0.000000,0.000000,0.802413,0.013458,0.118885,0.001425,0.000000,0.132350
461,0,0.000000,0.571805,0.071453,0.002664,0.645560,0.000000,0.000000,0.687056,0.013250,0.150436,0.001136,0.000000,0.164689
462,0,0.000000,0.634004,0.068010,0.002321,0.676087,0.000000,0.000000,0.742395,0.012860,0.207676,0.001146,0.000000,0.221476
463,0,0.000000,0.545215,0.069093,0.002452,0.616183,0.000000,0.000000,0.638969,0.010137,0.132103,0.001087,0.000000,0.140814
464,0,0.000000,0.480959,0.072946,0.002187,0.555973,0.000000,0.000000,0.606507,0.010099,0.070293,0.001377,0.000000,0.077986
465,0,0.000000,0.546085,0.092736,0.002263,0.640941,0.000000,0.000000,0.676764,0.020101,0.140944,0.001081,0.000000,0.151135
466,0,0.000000,0.500440,0.071587,0.002214,0.574022,0.000000,0.000000,0.621466,0.010171,0.083534,0.001419,0.000000,0.092125
467,0,0.000000,0.566681,0.068944,0.002355,0.623367,0.000000,0.000000,0.671142,0.011860,0.151345,0.001437,0.000000,0.161726
468,0,0.000000,0.622952,0.069701,0.002336,0.663941,0.000000,0.000000,0.731395,0.010822,0.221826,0.001101,0.000000,0.231216
469,0,0.000000,0.582317,0.071465,0.002380,0.651367,0.000000,0.000000,0.713391,0.009468,0.156131,0.001943,0.000000,0.164069
470,0,0.000000,0.538214,0.069248,0.002151,0.609420,0.000000,0.000000,0.643917,0.012245,0.127987,0.001129,0.000000,0.138641
471,0,0.000000,0.606186,0.242288,0.003038,0.850657,0.000000,0.000000,1.046075,0.009674,0.300936,0.117553,0.000000,0.313533
472,0,0.000000,0.977206,0.077385,0.002437,1.057028,0.000000,0.000000,1.130730,0.018055,0.523741,0.001115,0.000000,0.540627
473,0,0.000000,0.806423,0.083736,0.002259,0.892330,0.000000,0.000000,0.973875,0.014123,0.402031,0.001606,0.000000,0.416558
474,0,0.000000,0.774631,0.064136,0.002413,0.840765,0.000000,0.000000,0.882535,0.011558,0.484835,0.001164,0.000000,0.497180
475,0,0.000000,0.909330,0.098814,0.002740,1.010422,0.000000,0.000000,1.053146,0.010430,0.525240,0.014689,0.000000,0.550359
476,0,0.000000,0.928056,0.114992,0.002568,1.013239,0.000000,0.000000,1.116118,0.025738,0.617712,0.072966,0.000000,0.705407
477,0,0.000000,0.935922,0.084142,0.002658,1.022302,0.000000,0.000000,1.083667,0.019847,0.529212,0.033582,0.000000,0.581420
478,0,0.000000,0.721921,0.074236,0.002421,0.798578,0.000000,0.000000,0.831792,0.014738,0.416467,0.031767,0.000000,0.462316
479,0,0.000000,1.169247,0.170365,0.018871,1.216207,0.000000,0.000000,1.441403,0.010288,0.769274,0.007479,0.000000,0.787041
480,0,0.000000,0.986357,0.157030,0.003290,1.146677,0.000000,0.000000,1.228787,0.039487,0.580426,0.107272,0.000000,0.712857
481,0,0.000000,1.341504,0.091960,0.002235,1.435373,0.000000,0.000000,1.505219,0.034196,0.814437,0.045237,0.000000,0.891163
482,0,0.000000,0.897642,0.087108,0.002330,0.986759,0.000000,0.000000,1.031761,0.015965,0.422610,0.046163,0.000000,0.450428
483,0,0.000000,0.805173,0.091319,0.002161,0.898258,0.000000,0.000000,0.941925,0.020123,0.426214,0.053146,0.000000,0.498286
484,0,0.000000,0.747128,0.062758,0.002570,0.792261,0.000000,0.000000,0.869990,0.010809,0.466271,0.001464,0.000000,0.477827
485,0,0.000000,0.682908,0.067562,0.002390,0.752331,0.000000,0.000000,0.808524,0.016509,0.206684,0.001414,0.000000,0.223902
486,0,0.000000,0.741020,0.084574,0.002323,0.797284,0.000000,0.000000,0.877164,0.013938,0.302066,0.001509,0.000000,0.317100
487,0,0.000000,0.752111,0.083354,0.002484,0.837460,0.000000,0.000000,0.881249,0.016078,0.282399,0.001798,0.000000,0.296084
488,0,0.000000,0.689649,0.086282,0.002322,0.764396,0.000000,0.000000,0.817745,0.015204,0.220558,0.001157,0.000000,0.233548
489,0,0.000000,0.786410,0.086999,0.002419,0.844453,0.000000,0.000000,0.918460,0.015283,0.319472,0.001499,0.000000,0.332281
490,0,0.000000,0.756880,0.078149,0.002730,0.819812,0.000000,0.000000,0.903992,0.014262,0.301459,0.001532,0.000000,0.313363
491,0,0.000000,0.734399,0.079071,0.002594,0.815612,0.000000,0.000000,0.852092,0.015803,0.257970,0.001926,0.000000,0.271197
492,0,0.000000,0.676959,0.089189,0.002571,0.754875,0.000000,0.000000,0.826332,0.015189,0.217603,0.013815,0.000000,0.230786
493,0,0.000000,0.765490,0.085739,0.002796,0.832808,0.000000,0.000000,0.917220,0.015753,0.297953,0.001700,0.000000,0.311309
494,0,0.000000,0.728226,0.086851,0.002442,0.796380,0.000000,0.000000,0.851491,0.014856,0.265997,0.001377,0.000000,0.278528
495,0,0.000000,0.749143,0.077619,0.002595,0.829357,0.000000,0.000000,0.885934,0.014352,0.278141,0.001772,0.000000,0.290910
496,0,0.000000,0.682943,0.090782,0.002754,0.761474,0.000000,0.000000,0.839431,0.015553,0.219379,0.001701,0.000000,0.232438
497,0,0.000000,0.761104,0.080703,0.002478,0.844097,0.000000,0.000000,0.897746,0.016202,0.292693,0.001702,0.000000,0.306699
498,0,0.000000,0.697583,0.086277,0.002846,0.767595,0.000000,0.000000,0.839530,0.015441,0.232329,0.001699,0.000000,0.244944
499,0,0.000000,0.789292,0.085596,0.002476,0.852936,0.000000,0.000000,0.932959,0.015213,0.335742,0.001875,0.000000,0.348695
500,0,0.000000,0.702086,0.078346,0.002453,0.778131,0.000000,0.000000,0.837238,0.015318,0.246712,0.001210,0.000000,0.259408
501,0,0.000000,0.800495,0.078552,0.003987,0.870824,0.000000,0.000000,0.940403,0.015211,0.344795,0.001580,0.000000,0.357692
502,0,0.000000,0.753619,0.079801,0.002944,0.821668,0.000000,0.000000,0.894334,0.016260,0.294858,0.001666,0.000000,0.311598
503,0,0.000000,0.784983,0.079148,0.002530,0.866311,0.000000,0.000000,0.925659,0.016275,0.269519,0.001709,0.000000,0.283109
504,0,0.000000,0.729421,0.079098,0.002408,0.795318,0.000000,0.000000,0.846935,0.016577,0.243745,0.001462,0.000000,0.260908
505,0,0.000000,0.748352,0.077439,0.002504,0.827981,0.000000,0.000000,0.889081,0.015333,0.280282,0.001789,0.000000,0.293194
506,0,0.000000,0.741679,0.077708,0.002413,0.803141,0.000000,0.000000,0.869775,0.015600,0.283409,0.001352,0.000000,0.296369
507,0,0.000000,0.744918,0.094319,0.002469,0.841122,0.000000,0.000000,0.893866,0.026841,0.270692,0.001251,0.000000,0.295149
508,0,0.000000,0.746171,0.085275,0.002502,0.819021,0.000000,0.000000,0.871847,0.015189,0.285656,0.002177,0.000000,0.298274
509,0,0.000000,0.802208,0.078751,0.002508,0.883246,0.000000,0.000000,0.942253,0.014809,0.326337,0.001502,0.000000,0.339235
510,0,0.000000,0.741050,0.078261,0.002378,0.806856,0.000000,0.000000,0.861145,0.016541,0.271518,0.001448,0.000000,0.285656
511,0,0.000000,0.757767,0.124946,0.002443,0.849381,0.000000,0.000000,0.958987,0.014632,0.287228,0.001982,0.000000,0.300062
512,0,0.000000,0.726710,0.085656,0.002537,0.797141,0.000000,0.000000,0.880294,0.015653,0.276007,0.002220,0.000000,0.290967
513,0,0.000000,0.805457,0.081973,0.002921,0.870701,0.000000,0.000000,0.949558,0.014792,0.315896,0.001834,0.000000,0.328271
514,0,0.000000,0.744090,0.080914,0.002457,0.809607,0.000000,0.000000,0.867029,0.016259,0.272627,0.001465,0.000000,0.286947
515,0,0.000000,0.737875,0.092613,0.002584,0.830320,0.000000,0.000000,0.897994,0.014493,0.287415,0.001817,0.000000,0.299629
516,0,0.000000,0.665196,0.076887,0.003197,0.744470,0.000000,0.000000,0.786269,0.015083,0.210184,0.001144,0.000000,0.222900
517,0,0.000000,0.731491,0.084200,0.002400,0.814941,0.000000,0.000000,0.861377,0.015043,0.267280,0.001420,0.000000,0.280484
518,0,0.000000,0.756415,0.104175,0.002715,0.814578,0.000000,0.000000,0.918852,0.014819,0.072455,0.046315,0.000000,0.105843
519,0,0.000000,0.800109,0.105301,0.002662,0.907187,0.000000,0.000000,0.952042,0.020025,0.226254,0.043360,0.000000,0.282908
520,0,0.000000,0.574087,0.082885,0.002387,0.659116,0.000000,0.000000,0.722325,0.013905,0.079949,0.001315,0.000000,0.094986
521,0,0.000000,0.582470,0.080809,0.002261,0.665540,0.000000,0.000000,0.700588,0.013709,0.137843,0.001109,0.000000,0.152188
522,0,0.000000,0.652663,0.082156,0.002447,0.693248,0.000000,0.000000,0.765962,0.010223,0.218389,0.001004,0.000000,0.227161
523,0,0.000000,0.567887,0.076544,0.002309,0.646580,0.000000,0.000000,0.674852,0.010295,0.099863,0.001144,0.000000,0.109437
524,0,0.000000,0.525112,0.067289,0.002186,0.594182,0.000000,0.000000,0.620411,0.011294,0.095552,0.001101,0.000000,0.107669
525,0,0.000000,0.522511,0.069196,0.002448,0.567441,0.000000,0.000000,0.637566,0.009466,0.086369,0.001720,0.000000,0.094481
526,0,0.000000,0.626524,0.067648,0.002266,0.667175,0.000000,0.000000,0.719718,0.010171,0.188499,0.001305,0.000000,0.197664
527,0,0.000000,0.588807,0.067013,0.002232,0.629256,0.000000,0.000000,0.687986,0.009463,0.151768,0.001185,0.000000,0.159476
528,0,0.000000,0.645902,0.122295,0.002304,0.687443,0.000000,0.000000,0.808253,0.009580,0.205077,0.003439,0.000000,0.214305
529,0,0.000000,0.543585,0.067886,0.002426,0.613231,0.000000,0.000000,0.640958,0.011253,0.098920,0.001087,0.000000,0.108707
530,0,0.000000,0.645528,0.068328,0.002254,0.686199,0.000000,0.000000,0.752850,0.009494,0.210082,0.001610,0.000000,0.218207
531,0,0.000000,0.556080,0.068549,0.002300,0.626771,0.000000,0.000000,0.673028,0.022327,0.124886,0.001140,0.000000,0.133706
532,0,0.000000,0.622470,0.066873,0.002196,0.662673,0.000000,0.000000,0.726895,0.009544,0.181869,0.001026,0.000000,0.190309
533,0,0.000000,0.524150,0.087626,0.002602,0.614252,0.000000,0.000000,0.664657,0.009682,0.106715,0.001808,0.000000,0.117279
534,0,0.000000,0.654104,0.069100,0.002152,0.710220,0.000000,0.000000,0.758762,0.012613,0.184012,0.001016,0.000000,0.195185
535,0,0.000000,0.589924,0.209309,0.002195,0.713315,0.000000,0.000000,0.836414,0.011196,0.152188,0.001514,0.000000,0.162834
536,0,0.000000,0.522821,0.082539,0.002345,0.607581,0.000000,0.000000,0.644169,0.011199,0.085597,0.001096,0.000000,0.097679
537,0,0.000000,0.594458,0.068337,0.002498,0.636347,0.000000,0.000000,0.689350,0.009740,0.150478,0.001165,0.000000,0.158551
538,0,0.000000,0.644219,0.068817,0.002293,0.696556,0.000000,0.000000,0.760929,0.009596,0.208727,0.002039,0.000000,0.216393
539,0,0.000000,0.729171,0.074907,0.003067,0.797864,0.000000,0.000000,0.879113,0.009859,0.182775,0.003630,0.000000,0.196264
540,0,0.000000,0.797776,0.079631,0.002569,0.867977,0.000000,0.000000,0.974651,0.025303,0.192056,0.002117,0.000000,0.219044
541,0,0.000000,0.689901,0.075142,0.002786,0.763438,0.000000,0.000000,0.839457,0.031115,0.224375,0.001997,0.000000,0.256624
542,0,0.000000,0.800587,0.066759,0.002467,0.867972,0.000000,0.000000,0.921353,0.015623,0.266367,0.001815,0.000000,0.282591
543,0,0.000000,0.673481,0.066590,0.002752,0.738782,0.000000,0.000000,0.805254,0.014836,0.224768,0.001677,0.000000,0.240200
544,0,0.000000,0.765643,0.075566,0.002527,0.839902,0.000000,0.000000,0.904443,0.020382,0.184401,0.002594,0.000000,0.206423
545,0,0.000000,0.725303,0.096436,0.002853,0.817823,0.000000,0.000000,0.878918,0.017604,0.263247,0.003144,0.000000,0.283995
546,0,0.000000,0.765485,0.079592,0.002381,0.840451,0.000000,0.000000,0.901647,0.017144,0.188524,0.005566,0.000000,0.211234
547,0,0.000000,0.646211,0.066168,0.002452,0.713068,0.000000,0.000000,0.776513,0.015983,0.186400,0.001535,0.000000,0.203871
548,0,0.000000,0.787763,0.067758,0.002428,0.852148,0.000000,0.000000,0.907217,0.014949,0.243913,0.002243,0.000000,0.261105
549,0,0.000000,0.730182,0.062500,0.002753,0.794424,0.000000,0.000000,0.857761,0.023275,0.252775,0.001663,0.000000,0.277360
550,0,0.000000,0.748653,0.067273,0.002442,0.813535,0.000000,0.000000,0.866979,0.015778,0.215547,0.001932,0.000000,0.233257
551,0,0.000000,0.711429,0.068162,0.002572,0.781982,0.000000,0.000000,0.838520,0.014559,0.192138,0.001578,0.000000,0.207464
552,0,0.000000,0.686159,0.063303,0.002524,0.750786,0.000000,0.000000,0.814932,0.015108,0.157552,0.001616,0.000000,0.174172
553,0,0.000000,0.726379,0.076982,0.002782,0.801219,0.000000,0.000000,0.864230,0.015387,0.157183,0.001553,0.000000,0.173866
554,0,0.000000,0.758150,0.069179,0.002392,0.810971,0.000000,0.000000,0.898527,0.015827,0.297860,0.002502,0.000000,0.316189
555,0,0.000000,0.665112,0.088029,0.002554,0.736177,0.000000,0.000000,0.796068,0.015960,0.136529,0.031407,0.000000,0.183896
556,0,0.000000,0.649914,0.069086,0.002574,0.721201,0.000000,0.000000,0.771070,0.017405,0.102539,0.002209,0.000000,0.122153
557,0,0.000000,0.727295,0.075292,0.002901,0.779971,0.000000,0.000000,0.869142,0.015405,0.293860,0.002502,0.000000,0.311580
558,0,0.000000,0.786703,0.069424,0.002466,0.849449,0.000000,0.000000,0.908947,0.015993,0.210457,0.002257,0.000000,0.228707
559,0,0.000000,0.656827,0.071604,0.002673,0.721318,0.000000,0.000000,0.783806,0.015891,0.202693,0.002594,0.000000,0.220390
560,0,0.000000,0.647411,0.080794,0.002417,0.703984,0.000000,0.000000,0.778142,0.015504,0.207577,0.002142,0.000000,0.224296
561,0,0.000000,0.726544,0.067976,0.002731,0.790786,0.000000,0.000000,0.845946,0.015556,0.199896,0.001694,0.000000,0.216779
562,0,0.000000,0.798983,0.065375,0.002440,0.862461,0.000000,0.000000,0.931934,0.014797,0.346402,0.001796,0.000000,0.362766
563,0,0.000000,0.652936,0.068704,0.002562,0.716256,0.000000,0.000000,0.786483,0.032043,0.198535,0.001546,0.000000,0.231147
564,0,0.000000,0.631006,0.075294,0.002454,0.695572,0.000000,0.000000,0.763007,0.015242,0.104649,0.001643,0.000000,0.121534
565,0,0.000000,0.743703,0.068786,0.002400,0.805378,0.000000,0.000000,0.857912,0.014751,0.278635,0.001602,0.000000,0.293867
566,0,0.000000,0.624753,0.072817,0.002518,0.699902,0.000000,0.000000,0.744425,0.015986,0.108862,0.001774,0.000000,0.126622
567,0,0.000000,0.702217,0.072035,0.002629,0.769611,0.000000,0.000000,0.827749,0.015034,0.238486,0.001813,0.000000,0.254520
568,0,0.000000,0.774702,0.070558,0.002503,0.838218,0.000000,0.000000,0.893590,0.017651,0.234955,0.002492,0.000000,0.255098
569,0,0.000000,0.731462,0.068915,0.002655,0.788654,0.000000,0.000000,0.860431,0.016361,0.277506,0.001600,0.000000,0.294546
570,0,0.000000,0.649632,0.070027,0.002391,0.721804,0.000000,0.000000,0.760099,0.016008,0.123974,0.002557,0.000000,0.142539
571,0,0.000000,0.672030,0.067898,0.002386,0.721759,0.000000,0.000000,0.810800,0.014547,0.239596,0.001706,0.000000,0.255027
572,0,0.000000,0.797909,0.065788,0.002516,0.862694,0.000000,0.000000,0.942900,0.015187,0.329495,0.001849,0.000000,0.346421
573,0,0.000000,1.480931,0.124426,0.003494,1.608851,0.000000,0.000000,1.720364,0.019220,0.896294,0.002089,0.000000,0.916045
574,0,0.000000,0.772216,0.071002,0.002680,0.833770,0.000000,0.000000,0.907218,0.027504,0.221655,0.003639,0.000000,0.251972
575,0,0.000000,0.679821,0.072495,0.003127,0.754108,0.000000,0.000000,0.803211,0.016846,0.215067,0.002387,0.000000,0.233585
576,0,0.000000,0.763322,0.072265,0.002722,0.815891,0.000000,0.000000,0.911269,0.018132,0.232064,0.001644,0.000000,0.251840
577,0,0.000000,0.679879,0.094476,0.002799,0.777154,0.000000,0.000000,0.844840,0.018955,0.226009,0.009822,0.000000,0.254786
578,0,0.000000,0.736928,0.071179,0.002601,0.788484,0.000000,0.000000,0.888095,0.019077,0.204194,0.001348,0.000000,0.223887
579,0,0.000000,0.666949,0.078457,0.002367,0.735217,0.000000,0.000000,0.795621,0.016463,0.230211,0.013843,0.000000,0.260517
580,0,0.000000,0.789691,0.072216,0.003449,0.842684,0.000000,0.000000,0.938952,0.016614,0.241443,0.002111,0.000000,0.260168
581,0,0.000000,0.738806,0.071834,0.003012,0.805217,0.000000,0.000000,0.893976,0.022392,0.220687,0.002070,0.000000,0.244076
582,0,0.000000,0.813542,0.067772,0.002613,0.877958,0.000000,0.000000,0.955900,0.019748,0.240011,0.001833,0.000000,0.261283
583,0,0.000000,0.643733,0.071936,0.002432,0.715396,0.000000,0.000000,0.765470,0.016514,0.194337,0.002016,0.000000,0.211590
584,0,0.000000,0.738910,0.087722,0.002383,0.792363,0.000000,0.000000,0.890776,0.016001,0.216140,0.015121,0.000000,0.247262
585,0,0.000000,0.775710,0.068083,0.002604,0.839526,0.000000,0.000000,0.901313,0.016806,0.301392,0.001816,0.000000,0.319109
586,0,0.000000,0.673827,0.070674,0.002725,0.746973,0.000000,0.000000,0.798307,0.016936,0.116638,0.002555,0.000000,0.136129
587,0,0.000000,0.656199,0.068745,0.002620,0.721014,0.000000,0.000000,0.774441,0.017726,0.188659,0.001621,0.000000,0.207077
588,0,0.000000,0.712562,0.081786,0.002496,0.776726,0.000000,0.000000,0.834839,0.015562,0.270586,0.001682,0.000000,0.287465
589,0,0.000000,1.350634,0.144194,0.011137,1.505965,0.000000,0.000000,1.647844,0.015811,0.911954,0.006911,0.000000,0.933915
590,0,0.000000,1.247562,0.102642,0.009662,1.359866,0.000000,0.000000,1.479176,0.027301,0.710657,0.005355,0.000000,0.741707
591,0,0.000000,1.010812,0.081325,0.007940,1.100077,0.000000,0.000000,1.171044,0.021205,0.553354,0.002168,0.000000,0.575208
592,0,0.000000,1.201414,0.096670,0.008501,1.306585,0.000000,0.000000,1.427668,0.017533,0.709357,0.007453,0.000000,0.734343
593,0,0.000000,1.030116,0.091980,0.008193,1.130289,0.000000,0.000000,1.202259,0.021030,0.551815,0.002098,0.000000,0.574106
594,0,0.000000,0.942269,0.099876,0.008116,1.050261,0.000000,0.000000,1.120359,0.017140,0.462069,0.003754,0.000000,0.482648
595,0,0.000000,1.122113,0.093418,0.009236,1.224767,0.000000,0.000000,1.310592,0.017781,0.458223,0.002422,0.000000,0.476817
596,0,0.000000,1.061752,0.088028,0.008750,1.158530,0.000000,0.000000,1.257119,0.022239,0.502183,0.003896,0.000000,0.528318
597,0,0.000000,0.964451,0.099762,0.008802,1.073015,0.000000,0.000000,1.158729,0.017098,0.506940,0.002238,0.000000,0.525242
598,0,0.000000,1.055522,0.095728,0.008801,1.160051,0.000000,0.000000,1.243268,0.016437,0.531655,0.002898,0.000000,0.549433
599,0,0.000000,1.202388,0.190104,0.016582,1.326271,0.000000,0.000000,1.519087,0.022696,0.709604,0.143483,0.000000,0.875783
600,0,0.000000,1.219770,0.103421,0.011101,1.326134,0.000000,0.000000,1.466294,0.035824,0.772785,0.038155,0.000000,0.842451
601,0,0.000000,1.248175,0.116839,0.011768,1.356676,0.000000,0.000000,1.482404,0.026777,0.772500,0.049247,0.000000,0.847565
602,0,0.000000,1.386069,0.091275,0.002768,1.479468,0.000000,0.000000,1.584204,0.026254,0.826269,0.027157,0.000000,0.878972
603,0,0.000000,1.055335,0.092305,0.002568,1.150004,0.000000,0.000000,1.244045,0.018856,0.598874,0.001975,0.000000,0.619107
604,0,0.000000,1.085266,0.101650,0.002623,1.188757,0.000000,0.000000,1.248844,0.020533,0.546128,0.038192,0.000000,0.603266
605,0,0.000000,0.764350,0.242270,0.002663,0.937721,0.000000,0.000000,1.192220,0.019725,0.302522,0.002602,0.000000,0.322272
606,0,0.000000,0.690311,0.114976,0.002150,0.807093,0.000000,0.000000,0.849976,0.014875,0.258484,0.057443,0.000000,0.328639
607,0,0.000000,0.738330,0.104700,0.002262,0.844883,0.000000,0.000000,0.883086,0.013033,0.317736,0.057795,0.000000,0.346851
608,0,0.000000,0.581915,0.065221,0.002131,0.644243,0.000000,0.000000,0.695876,0.016095,0.038712,0.014771,0.000000,0.060488
609,0,0.000000,0.514357,0.057450,0.002467,0.569295,0.000000,0.000000,0.630809,0.017596,0.014814,0.008864,0.000000,0.034282
610,0,0.000000,0.648952,0.114334,0.002162,0.765448,0.000000,0.000000,0.815050,0.013332,0.256604,0.072258,0.000000,0.341705
611,0,0.000000,0.769927,0.101752,0.002194,0.873420,0.000000,0.000000,0.915950,0.022246,0.280493,0.056443,0.000000,0.321762
612,0,0.000000,0.915817,0.088346,0.002703,1.006866,0.000000,0.000000,1.088065,0.013570,0.483285,0.029029,0.000000,0.519020
613,0,0.000000,0.642618,0.069357,0.002512,0.686553,0.000000,0.000000,0.767519,0.020113,0.211479,0.001636,0.000000,0.230091
614,0,0.000000,0.479293,0.061926,0.014128,0.530835,0.000000,0.000000,0.579919,0.014943,0.036322,0.001670,0.000000,0.051703
615,0,0.000000,0.659623,0.062167,0.002106,0.698560,0.000000,0.000000,0.780002,0.030965,0.258553,0.000963,0.000000,0.290284
616,0,0.000000,0.634903,0.081785,0.001976,0.718658,0.000000,0.000000,0.749027,0.012406,0.233916,0.036113,0.000000,0.258774
617,0,0.000000,0.579811,0.064705,0.002369,0.621286,0.000000,0.000000,0.698868,0.011551,0.184621,0.001724,0.000000,0.197896
618,0,0.000000,0.578495,0.082392,0.002364,0.663251,0.000000,0.000000,0.738341,0.013468,0.147483,0.002095,0.000000,0.161479
619,0,0.000000,0.881674,0.079675,0.002431,0.963679,0.000000,0.000000,1.025147,0.013556,0.450154,0.001368,0.000000,0.461856
620,0,0.000000,0.869806,0.068499,0.002355,0.940660,0.000000,0.000000,1.002354,0.014077,0.444284,0.001806,0.000000,0.460167
621,0,0.000000,0.821725,0.078237,0.002417,0.902379,0.000000,0.000000,0.951557,0.015397,0.369711,0.001454,0.000000,0.385584
622,0,0.000000,0.625451,0.066083,0.002328,0.665572,0.000000,0.000000,0.735980,0.013192,0.159994,0.001399,0.000000,0.173784
623,0,0.000000,0.963151,0.108214,0.009074,1.080439,0.000000,0.000000,1.163702,0.014389,0.559634,0.002852,0.000000,0.574573
624,0,0.000000,0.988059,0.092585,0.008513,1.089157,0.000000,0.000000,1.167555,0.020624,0.534179,0.001933,0.000000,0.554243
625,0,0.000000,1.013032,0.086328,0.008801,1.108161,0.000000,0.000000,1.176056,0.017377,0.593450,0.002516,0.000000,0.612094
626,0,0.000000,1.104890,0.090164,0.008772,1.203826,0.000000,0.000000,1.290549,0.016205,0.545637,0.002779,0.000000,0.558074
627,0,0.000000,1.026002,0.088594,0.008565,1.123161,0.000000,0.000000,1.194125,0.024975,0.573330,0.002174,0.000000,0.594505
628,0,0.000000,0.743888,0.089268,0.072792,0.799837,0.000000,0.000000,0.965526,0.016269,0.327041,0.099087,0.000000,0.441145
629,0,0.000000,0.964117,0.116768,0.011555,1.092440,0.000000,0.000000,1.232970,0.024776,0.274056,0.013126,0.000000,0.290835
630,0,0.000000,1.827374,0.204350,0.016937,2.048661,0.000000,0.000000,2.171041,0.028196,1.063072,0.011658,0.000000,1.092405
631,0,0.000000,1.383006,0.215960,0.020139,1.483990,0.000000,0.000000,1.688364,0.035485,1.060639,0.092691,0.000000,1.186683
632,0,0.000000,1.143210,0.094087,0.008564,1.237060,0.000000,0.000000,1.328843,0.022765,0.576667,0.001703,0.000000,0.597782
633,0,0.000000,0.951121,0.089991,0.007247,1.048359,0.000000,0.000000,1.146540,0.018847,0.495303,0.001827,0.000000,0.508146
634,0,0.000000,1.056455,0.151394,0.010400,1.218249,0.000000,0.000000,1.308502,0.016791,0.620955,0.038465,0.000000,0.632398
635,0,0.000000,1.207911,0.101410,0.008801,1.318122,0.000000,0.000000,1.406143,0.022024,0.744969,0.003639,0.000000,0.759774
636,0,0.000000,0.923517,0.076215,0.007950,1.002218,0.000000,0.000000,1.083596,0.015341,0.323058,0.002150,0.000000,0.336272
637,0,0.000000,1.221672,0.076283,0.008482,1.306437,0.000000,0.000000,1.374101,0.016587,0.782516,0.007234,0.000000,0.796852
638,0,0.000000,1.037560,0.071025,0.008203,1.116788,0.000000,0.000000,1.214444,0.015657,0.612436,0.007527,0.000000,0.627691
639,0,0.000000,0.867405,0.064252,0.002482,0.934038,0.000000,0.000000,1.004425,0.017947,0.539889,0.001209,0.000000,0.558217
640,0,0.000000,0.852617,0.105777,0.002185,0.960579,0.000000,0.000000,1.020017,0.016640,0.562270,0.001739,0.000000,0.580649
641,0,0.000000,1.042951,0.090028,0.016050,1.119153,0.000000,0.000000,1.246671,0.012147,0.655371,0.060703,0.000000,0.728021
642,0,0.000000,0.768035,0.098065,0.002234,0.868009,0.000000,0.000000,0.914959,0.019007,0.373778,0.048092,0.000000,0.421212
643,0,0.000000,0.689899,0.092837,0.002413,0.784347,0.000000,0.000000,0.824873,0.013460,0.273430,0.053353,0.000000,0.340243
644,0,0.000000,0.735778,0.105557,0.002157,0.843024,0.000000,0.000000,0.875227,0.012336,0.425372,0.047833,0.000000,0.484889
645,0,0.000000,0.800939,0.088379,0.004279,0.852365,0.000000,0.000000,1.005187,0.013220,0.472733,0.001276,0.000000,0.486138
646,0,0.000000,0.686731,0.085593,0.002487,0.774811,0.000000,0.000000,0.816346,0.015318,0.217893,0.001108,0.000000,0.233894
647,0,0.000000,0.600121,0.085981,0.002371,0.640346,0.000000,0.000000,0.731327,0.013482,0.163688,0.001264,0.000000,0.175752
648,0,0.000000,0.569142,0.076140,0.002384,0.647666,0.000000,0.000000,0.676800,0.010784,0.126995,0.001067,0.000000,0.136022
649,0,0.000000,0.581311,0.071553,0.002314,0.655050,0.000000,0.000000,0.680344,0.009228,0.139716,0.001264,0.000000,0.148407
650,0,0.000000,0.679480,0.103299,0.002376,0.784875,0.000000,0.000000,0.812816,0.010241,0.234817,0.001421,0.000000,0.244490
651,0,0.000000,0.671817,0.095266,0.005786,0.771887,0.000000,0.000000,0.817092,0.011030,0.212961,0.006057,0.000000,0.227844
652,0,0.000000,0.744550,0.089466,0.002590,0.836026,0.000000,0.000000,0.892551,0.017812,0.288076,0.000968,0.000000,0.306470
653,0,0.000000,0.677859,0.091066,0.002394,0.721245,0.000000,0.000000,1.024552,0.014073,0.410848,0.001424,0.000000,0.424698
654,0,0.000000,0.705579,0.085741,0.002307,0.764421,0.000000,0.000000,0.829812,0.013450,0.262484,0.000814,0.000000,0.273846
655,0,0.000000,0.650531,0.088449,0.002323,0.741303,0.000000,0.000000,0.813907,0.011374,0.218762,0.001432,0.000000,0.227960
656,0,0.000000,0.770964,0.219528,0.002762,0.992110,0.000000,0.000000,1.045038,0.013046,0.132474,0.011304,0.000000,0.143843
657,0,0.000000,0.664280,0.079915,0.002614,0.746809,0.000000,0.000000,0.822534,0.017073,0.164313,0.001756,0.000000,0.182515
658,0,0.000000,0.919331,0.078089,0.002742,0.999974,0.000000,0.000000,1.070232,0.015560,0.478758,0.002075,0.000000,0.491631
659,0,0.000000,1.070295,0.075572,0.002579,1.148446,0.000000,0.000000,1.222120,0.016283,0.628290,0.001498,0.000000,0.642212
660,0,0.000000,0.905017,0.085440,0.003109,0.981730,0.000000,0.000000,1.055351,0.017012,0.392526,0.020166,0.000000,0.429704
661,0,0.000000,1.001953,0.079058,0.002818,1.079360,0.000000,0.000000,1.135752,0.016024,0.530165,0.010679,0.000000,0.556868
662,0,0.000000,1.009039,0.093919,0.002861,1.102400,0.000000,0.000000,1.165717,0.015983,0.519869,0.004438,0.000000,0.540290
663,0,0.000000,0.943265,0.078447,0.002960,1.021833,0.000000,0.000000,1.090061,0.017516,0.425277,0.006128,0.000000,0.448765
664,0,0.000000,1.106408,0.109251,0.003308,1.214837,0.000000,0.000000,1.287464,0.018192,0.592579,0.012110,0.000000,0.622881
665,0,0.000000,1.056736,0.095364,0.002827,1.154927,0.000000,0.000000,1.220941,0.017457,0.539471,0.008963,0.000000,0.565891
666,0,0.000000,1.103148,0.078433,0.002874,1.182444,0.000000,0.000000,1.246945,0.017090,0.546210,0.005892,0.000000,0.569192
667,0,0.000000,0.909128,0.172134,0.002914,1.083922,0.000000,0.000000,1.151508,0.018641,0.372505,0.013679,0.000000,0.404825
668,0,0.000000,0.723348,0.075959,0.002882,0.801611,0.000000,0.000000,0.877975,0.016945,0.209149,0.002259,0.000000,0.228353
669,0,0.000000,0.851188,0.094551,0.002695,0.948368,0.000000,0.000000,0.996404,0.018197,0.302639,0.031962,0.000000,0.352457
670,0,0.000000,0.968934,0.080242,0.003158,1.052334,0.000000,0.000000,1.117629,0.020438,0.431320,0.012676,0.000000,0.464434
671,0,0.000000,0.799386,0.075250,0.002832,0.877468,0.000000,0.000000,0.935510,0.019138,0.239814,0.003502,0.000000,0.262454
672,0,0.000000,0.733140,0.085719,0.002886,0.821454,0.000000,0.000000,0.878050,0.016584,0.222434,0.007292,0.000000,0.240837
673,0,0.000000,0.837618,0.090709,0.002784,0.907444,0.000000,0.000000,0.984706,0.017647,0.274260,0.001556,0.000000,0.292785
674,0,0.000000,0.829719,0.085923,0.003121,0.917525,0.000000,0.000000,1.050827,0.022401,0.438036,0.001652,0.000000,0.461331
675,0,0.000000,0.735694,0.086879,0.003088,0.805432,0.000000,0.000000,0.876664,0.017832,0.124524,0.006678,0.000000,0.143862
676,0,0.000000,0.726645,0.086818,0.002518,0.797790,0.000000,0.000000,0.854294,0.016457,0.265575,0.017927,0.000000,0.299940
677,0,0.000000,0.779715,0.115504,0.003099,0.854840,0.000000,0.000000,0.941519,0.016022,0.246261,0.044033,0.000000,0.306316
678,0,0.000000,0.781835,0.084326,0.002612,0.868190,0.000000,0.000000,0.930450,0.016805,0.244759,0.014691,0.000000,0.276255
679,0,0.000000,0.729785,0.076693,0.003107,0.809367,0.000000,0.000000,0.896757,0.016816,0.166564,0.002151,0.000000,0.185531
680,0,0.000000,0.770657,0.077864,0.002688,0.843325,0.000000,0.000000,0.900496,0.019153,0.274510,0.008730,0.000000,0.302120
681,0,0.000000,0.764018,0.082860,0.002788,0.849666,0.000000,0.000000,0.913508,0.016067,0.228964,0.011247,0.000000,0.256278
682,0,0.000000,0.737118,0.119246,0.002868,0.851855,0.000000,0.000000,0.922260,0.016196,0.219186,0.002464,0.000000,0.237846
683,0,0.000000,0.764918,0.084654,0.003015,0.852079,0.000000,0.000000,0.910378,0.016923,0.203986,0.001989,0.000000,0.222765
684,0,0.000000,0.773750,0.160092,0.002649,0.878860,0.000000,0.000000,0.983611,0.016547,0.281852,0.011775,0.000000,0.310174
685,0,0.000000,0.809982,0.091358,0.005473,0.885821,0.000000,0.000000,0.974560,0.016262,0.199259,0.002400,0.000000,0.216802
686,0,0.000000,0.970599,0.141378,0.011997,1.123974,0.000000,0.000000,1.215722,0.029087,0.429913,0.005792,0.000000,0.454242
687,0,0.000000,0.782051,0.094006,0.008377,0.884434,0.000000,0.000000,0.984032,0.026375,0.313937,0.002047,0.000000,0.335769
688,0,0.000000,0.743214,0.120357,0.002284,0.865498,0.000000,0.000000,0.917060,0.020565,0.258081,0.002201,0.000000,0.278564
689,0,0.000000,0.834485,0.106574,0.008374,0.949433,0.000000,0.000000,1.049375,0.019027,0.419938,0.002047,0.000000,0.439050
690,0,0.000000,0.874685,0.087368,0.002461,0.963720,0.000000,0.000000,1.018943,0.021582,0.405510,0.001045,0.000000,0.422771
691,0,0.000000,0.780178,0.100514,0.002522,0.882383,0.000000,0.000000,0.946833,0.023402,0.323564,0.001179,0.000000,0.342438
692,0,0.000000,0.761856,0.109196,0.009220,0.880272,0.000000,0.000000,0.965003,0.022592,0.311263,0.002001,0.000000,0.334734
693,0,0.000000,0.713468,0.121383,0.002690,0.836598,0.000000,0.000000,0.895257,0.026812,0.273665,0.002483,0.000000,0.296804
694,0,0.000000,0.633245,0.111924,0.002147,0.746641,0.000000,0.000000,0.791275,0.018000,0.182531,0.001178,0.000000,0.197465
695,0,0.000000,0.749300,0.105452,0.002485,0.856357,0.000000,0.000000,0.891186,0.014186,0.307602,0.001147,0.000000,0.321990
696,0,0.000000,0.873783,0.097582,0.008376,0.979741,0.000000,0.000000,1.069092,0.016561,0.432504,0.001979,0.000000,0.445647
697,0,0.000000,0.852743,0.091391,0.002625,0.935869,0.000000,0.000000,1.002082,0.023515,0.409025,0.001266,0.000000,0.428042
698,0,0.000000,0.971754,0.126661,0.012655,1.085517,0.000000,0.000000,1.202997,0.019218,0.528041,0.001732,0.000000,0.544235
699,0,0.000000,0.967302,0.097913,0.008671,1.054768,0.000000,0.000000,1.170931,0.022341,0.426244,0.001984,0.000000,0.443454
700,0,0.000000,1.046375,0.096116,0.002526,1.132190,0.000000,0.000000,1.217520,0.023227,0.486174,0.001633,0.000000,0.505383
701,0,0.000000,0.864451,0.099784,0.002602,0.965917,0.000000,0.000000,1.036428,0.021262,0.307550,0.001517,0.000000,0.326951
702,0,0.000000,0.781228,0.103597,0.008396,0.893221,0.000000,0.000000,0.977116,0.020898,0.213754,0.002188,0.000000,0.231381
703,0,0.000000,0.802108,0.107199,0.002560,0.911234,0.000000,0.000000,0.967174,0.022042,0.214804,0.001496,0.000000,0.233571
704,0,0.000000,0.875335,0.105385,0.002317,0.982508,0.000000,0.000000,1.056656,0.019266,0.348057,0.001412,0.000000,0.364743
705,0,0.000000,0.749007,0.112467,0.002579,0.863122,0.000000,0.000000,0.939487,0.049997,0.198384,0.001322,0.000000,0.218595
706,0,0.000000,0.852972,0.136535,0.008642,0.998149,0.000000,0.000000,1.085185,0.017241,0.290722,0.059431,0.000000,0.305738
707,0,0.000000,0.704148,0.108187,0.002513,0.811359,0.000000,0.000000,0.867765,0.022800,0.118205,0.001479,0.000000,0.137779
708,0,0.000000,0.784575,0.138659,0.008461,0.931695,0.000000,0.000000,1.012099,0.015057,0.250625,0.003377,0.000000,0.264948
709,0,0.000000,0.716110,0.114085,0.002624,0.831825,0.000000,0.000000,0.879823,0.026340,0.138432,0.001586,0.000000,0.166358
710,0,0.000000,0.744858,0.114963,0.002220,0.844689,0.000000,0.000000,0.901822,0.014687,0.193777,0.001403,0.000000,0.208419
711,0,0.000000,0.712617,0.110686,0.002295,0.824952,0.000000,0.000000,0.870585,0.014203,0.137973,0.001906,0.000000,0.152895
712,0,0.000000,0.692173,0.110284,0.002409,0.804143,0.000000,0.000000,0.844295,0.018067,0.141441,0.001213,0.000000,0.156587
713,0,0.000000,0.844472,0.106355,0.006834,0.957661,0.000000,0.000000,1.036641,0.014591,0.259748,0.001720,0.000000,0.274495
714,0,0.000000,0.753918,0.094345,0.002391,0.818690,0.000000,0.000000,0.896947,0.018817,0.210358,0.001272,0.000000,0.227455
715,0,0.000000,0.714409,0.091271,0.002601,0.807215,0.000000,0.000000,0.847011,0.013226,0.174830,0.001085,0.000000,0.188252
716,0,0.000000,0.696822,0.096970,0.002380,0.760798,0.000000,0.000000,0.852542,0.026727,0.144851,0.001214,0.000000,0.161762
717,0,0.000000,0.676216,0.099867,0.002378,0.777584,0.000000,0.000000,0.820320,0.016390,0.114996,0.001430,0.000000,0.130053
718,0,0.000000,0.651394,0.102184,0.002106,0.755007,0.000000,0.000000,0.792267,0.016811,0.088283,0.001013,0.000000,0.102707
719,0,0.000000,0.641509,0.101673,0.006396,0.744575,0.000000,0.000000,0.784119,0.012916,0.117781,0.001885,0.000000,0.130728
720,0,0.000000,0.678176,0.099455,0.002172,0.743461,0.000000,0.000000,0.826171,0.024136,0.143449,0.001353,0.000000,0.161569
721,0,0.000000,0.647976,0.124107,0.002884,0.773795,0.000000,0.000000,0.807863,0.012989,0.084435,0.002276,0.000000,0.098903
722,0,0.000000,0.659437,0.097192,0.002355,0.758151,0.000000,0.000000,0.798849,0.023067,0.108196,0.001084,0.000000,0.122725
723,0,0.000000,0.764959,0.104490,0.002469,0.871026,0.000000,0.000000,0.933748,0.013525,0.220252,0.001156,0.000000,0.232039
724,0,0.000000,0.712341,0.101837,0.008026,0.777745,0.000000,0.000000,0.906600,0.018002,0.119728,0.003117,0.000000,0.140847
725,0,0.000000,0.616432,0.086970,0.002114,0.705058,0.000000,0.000000,0.744589,0.018659,0.074257,0.001429,0.000000,0.091794
726,0,0.000000,0.671847,0.110428,0.002133,0.738767,0.000000,0.000000,0.827428,0.011963,0.111481,0.001384,0.000000,0.123791
727,0,0.000000,0.604150,0.091323,0.002215,0.696883,0.000000,0.000000,0.732595,0.016631,0.059934,0.001239,0.000000,0.076066
728,0,0.000000,0.676604,0.089184,0.006868,0.743357,0.000000,0.000000,0.869423,0.011739,0.126512,0.002214,0.000000,0.139589
729,0,0.000000,0.640684,0.096853,0.002526,0.707347,0.000000,0.000000,0.785584,0.018795,0.081532,0.001041,0.000000,0.097385
730,0,0.000000,0.610761,0.088284,0.002203,0.700519,0.000000,0.000000,0.745295,0.012613,0.060813,0.001189,0.000000,0.072627
731,0,0.000000,0.602370,0.106642,0.008596,0.717608,0.000000,0.000000,0.798076,0.015501,0.083889,0.002137,0.000000,0.100292
732,0,0.000000,0.654682,0.089818,0.002146,0.745985,0.000000,0.000000,0.789145,0.020368,0.107862,0.001284,0.000000,0.124734
733,0,0.000000,0.868958,0.093968,0.002438,0.952840,0.000000,0.000000,1.027236,0.011847,0.363983,0.001424,0.000000,0.375161
734,0,0.000000,0.891871,0.109348,0.005879,0.976287,0.000000,0.000000,1.078495,0.018835,0.413892,0.002571,0.000000,0.430299
735,0,0.000000,0.793215,0.077914,0.002246,0.873338,0.000000,0.000000,0.947053,0.029286,0.352028,0.001312,0.000000,0.368611
736,0,0.000000,0.940013,0.075496,0.008069,1.017691,0.000000,0.000000,1.107931,0.018074,0.435909,0.002437,0.000000,0.451418
737,0,0.000000,0.858818,0.104131,0.009051,0.948998,0.000000,0.000000,1.020623,0.021187,0.400385,0.001359,0.000000,0.418025
738,0,0.000000,0.882553,0.125931,0.002119,0.960982,0.000000,0.000000,1.083432,0.018651,0.442875,0.002439,0.000000,0.457083
739,0,0.000000,0.814277,0.077300,0.003303,0.889196,0.000000,0.000000,0.983864,0.020630,0.361842,0.002083,0.000000,0.379509
740,0,0.000000,0.784570,0.115198,0.007606,0.863080,0.000000,0.000000,0.988452,0.024994,0.192342,0.000967,0.000000,0.212719
741,0,0.000000,0.868618,0.091624,0.002748,0.937646,0.000000,0.000000,1.029992,0.022630,0.305039,0.001179,0.000000,0.324015
742,0,0.000000,0.677953,0.094163,0.007020,0.779136,0.000000,0.000000,0.859548,0.015752,0.148911,0.001384,0.000000,0.165444
743,0,0.000000,0.580692,0.088121,0.002348,0.670174,0.000000,0.000000,0.710257,0.018064,0.149937,0.001052,0.000000,0.165323
744,0,0.000000,0.604240,0.068129,0.002205,0.671023,0.000000,0.000000,0.735382,0.013648,0.165267,0.009934,0.000000,0.186369
745,0,0.000000,0.593410,0.067711,0.002831,0.662811,0.000000,0.000000,0.706121,0.018300,0.128520,0.021496,0.000000,0.148186
746,0,0.000000,0.723908,0.086133,0.002492,0.791641,0.000000,0.000000,0.888067,0.015234,0.273973,0.022627,0.000000,0.311020
747,0,0.000000,0.703295,0.069833,0.002568,0.774700,0.000000,0.000000,0.820617,0.016020,0.204841,0.025011,0.000000,0.230028
748,0,0.000000,0.696094,0.080163,0.002358,0.778360,0.000000,0.000000,0.824372,0.015186,0.229174,0.014888,0.000000,0.259248
749,0,0.000000,0.743424,0.068410,0.003102,0.814936,0.000000,0.000000,0.890841,0.031622,0.220159,0.010882,0.000000,0.261921
750,0,0.000000,0.710747,0.067446,0.003520,0.781713,0.000000,0.000000,0.838698,0.017339,0.231314,0.001618,0.000000,0.249822
751,0,0.000000,0.781820,0.064244,0.002852,0.848916,0.000000,0.000000,0.910115,0.014773,0.342396,0.001663,0.000000,0.354589
752,0,0.000000,0.840810,0.064771,0.002260,0.906279,0.000000,0.000000,0.961973,0.014919,0.419561,0.001169,0.000000,0.432696
753,0,0.000000,0.837186,0.064445,0.002754,0.904182,0.000000,0.000000,0.965888,0.014491,0.407349,0.001675,0.000000,0.419472
754,0,0.000000,0.853095,0.066856,0.002251,0.922202,0.000000,0.000000,0.971463,0.015194,0.413905,0.001469,0.000000,0.429633
755,0,0.000000,0.845150,0.065744,0.002268,0.913162,0.000000,0.000000,0.961807,0.014266,0.417735,0.001355,0.000000,0.429704
756,0,0.000000,0.850218,0.067458,0.002239,0.919915,0.000000,0.000000,0.970456,0.014080,0.398264,0.001318,0.000000,0.410355
757,0,0.000000,0.833627,0.064243,0.002223,0.898266,0.000000,0.000000,0.948192,0.014488,0.405827,0.001396,0.000000,0.421000
758,0,0.000000,0.871127,0.066192,0.002432,0.939751,0.000000,0.000000,0.986815,0.014010,0.436712,0.001520,0.000000,0.451687
759,0,0.000000,0.737766,0.079389,0.002604,0.819759,0.000000,0.000000,0.864735,0.014394,0.305460,0.001630,0.000000,0.321460
760,0,0.000000,0.861236,0.067731,0.002395,0.931362,0.000000,0.000000,0.991763,0.015051,0.426484,0.001355,0.000000,0.442050
761,0,0.000000,0.850145,0.063893,0.002351,0.915846,0.000000,0.000000,0.968319,0.014645,0.417301,0.001464,0.000000,0.432595
762,0,0.000000,0.864171,0.065320,0.002408,0.931899,0.000000,0.000000,0.986855,0.014525,0.424336,0.001470,0.000000,0.439983
763,0,0.000000,0.843281,0.066542,0.002734,0.908436,0.000000,0.000000,0.977388,0.014271,0.393484,0.001997,0.000000,0.409265
764,0,0.000000,0.988343,0.065001,0.002417,1.054628,0.000000,0.000000,1.110316,0.015072,0.549734,0.001321,0.000000,0.565683
765,0,0.000000,0.734039,0.081241,0.002398,0.817678,0.000000,0.000000,0.875670,0.015614,0.300425,0.001352,0.000000,0.314325
766,0,0.000000,0.848950,0.064823,0.002305,0.915160,0.000000,0.000000,0.971172,0.014789,0.421331,0.001350,0.000000,0.436960
767,0,0.000000,0.860038,0.068162,0.002360,0.930486,0.000000,0.000000,0.990187,0.015300,0.413897,0.001348,0.000000,0.427146
768,0,0.000000,0.754674,0.065603,0.002497,0.822774,0.000000,0.000000,0.886676,0.014315,0.295357,0.001632,0.000000,0.307385
769,0,0.000000,0.859629,0.070731,0.002592,0.932952,0.000000,0.000000,0.982579,0.015304,0.422426,0.001713,0.000000,0.438806
770,0,0.000000,0.810894,0.068533,0.002290,0.881717,0.000000,0.000000,0.935935,0.015033,0.364708,0.001448,0.000000,0.377415
771,0,0.000000,0.854567,0.165525,0.002299,0.946900,0.000000,0.000000,1.058766,0.015356,0.400447,0.078156,0.000000,0.445167
772,0,0.000000,0.729934,0.064365,0.002301,0.796600,0.000000,0.000000,0.855410,0.015115,0.267945,0.001372,0.000000,0.280618
773,0,0.000000,0.848264,0.068343,0.002826,0.916943,0.000000,0.000000,0.978679,0.014703,0.400108,0.001646,0.000000,0.415709
774,0,0.000000,0.806175,0.072027,0.002404,0.880606,0.000000,0.000000,0.934798,0.014939,0.362397,0.001471,0.000000,0.375012
775,0,0.000000,0.725739,0.228169,0.002425,0.956232,0.000000,0.000000,1.007284,0.014623,0.295428,0.001247,0.000000,0.310831
776,0,0.000000,0.872673,0.064433,0.002405,0.937948,0.000000,0.000000,0.985318,0.014516,0.410466,0.001534,0.000000,0.422738
777,0,0.000000,0.854579,0.062453,0.002489,0.919020,0.000000,0.000000,0.973647,0.015105,0.428567,0.001221,0.000000,0.444500
778,0,0.000000,0.818794,0.067661,0.002311,0.888766,0.000000,0.000000,0.940713,0.013630,0.371698,0.001298,0.000000,0.383725
779,0,0.000000,0.875720,0.102332,0.010218,0.962001,0.000000,0.000000,1.109258,0.014147,0.512043,0.028691,0.000000,0.554782
780,0,0.000000,0.807289,0.107335,0.002394,0.873022,0.000000,0.000000,0.956110,0.022341,0.290548,0.067075,0.000000,0.377026
781,0,0.000000,0.702041,0.071180,0.008647,0.767322,0.000000,0.000000,0.843702,0.013604,0.424802,0.018558,0.000000,0.438519
782,0,0.000000,0.704461,0.092646,0.006599,0.803706,0.000000,0.000000,0.887258,0.020038,0.261082,0.014424,0.000000,0.294616
783,0,0.000000,0.598252,0.082662,0.002364,0.682532,0.000000,0.000000,0.722860,0.016797,0.048279,0.015218,0.000000,0.079618
784,0,0.000000,0.589321,0.088325,0.002275,0.678956,0.000000,0.000000,0.710111,0.014979,0.196690,0.021101,0.000000,0.232770
785,0,0.000000,0.772488,0.088658,0.002242,0.862985,0.000000,0.000000,0.969070,0.033108,0.288978,0.045964,0.000000,0.367285
786,0,0.000000,0.692614,0.086772,0.002355,0.780992,0.000000,0.000000,0.821298,0.015431,0.279540,0.048718,0.000000,0.343689
787,0,0.000000,0.687584,0.093185,0.002271,0.760141,0.000000,0.000000,0.825036,0.012380,0.388995,0.053004,0.000000,0.453395
788,0,0.000000,0.715614,0.095132,0.002048,0.781641,0.000000,0.000000,0.845125,0.011646,0.323569,0.056831,0.000000,0.391776
789,0,0.000000,0.735909,0.097137,0.002421,0.802397,0.000000,0.000000,0.869450,0.012113,0.443916,0.057724,0.000000,0.512612
790,0,0.000000,0.732312,0.102139,0.002267,0.799046,0.000000,0.000000,0.863236,0.012225,0.207475,0.061510,0.000000,0.280084
791,0,0.000000,0.692267,0.101881,0.002173,0.795812,0.000000,0.000000,0.829431,0.012295,0.388576,0.039158,0.000000,0.440029
792,0,0.000000,0.665494,0.091779,0.002287,0.758911,0.000000,0.000000,0.793037,0.023861,0.185096,0.015519,0.000000,0.223987
793,0,0.000000,0.677124,0.093625,0.002199,0.772397,0.000000,0.000000,0.813294,0.011727,0.303409,0.030591,0.000000,0.345727
794,0,0.000000,0.672890,0.107703,0.002035,0.782427,0.000000,0.000000,0.818905,0.011961,0.189174,0.046710,0.000000,0.246722
795,0,0.000000,0.652290,0.115353,0.002265,0.769375,0.000000,0.000000,0.802596,0.012385,0.267244,0.055372,0.000000,0.333986
796,0,0.000000,0.747570,0.081483,0.003548,0.832601,0.000000,0.000000,0.886708,0.012115,0.283649,0.023399,0.000000,0.317963
797,0,0.000000,0.915288,0.093906,0.002342,1.011038,0.000000,0.000000,1.101334,0.022228,0.529671,0.034166,0.000000,0.583503
798,0,0.000000,0.777877,0.126139,0.002163,0.905693,0.000000,0.000000,0.951437,0.019051,0.282883,0.054271,0.000000,0.355318
799,0,0.000000,0.693562,0.091467,0.002260,0.786771,0.000000,0.000000,0.824354,0.013170,0.299017,0.024842,0.000000,0.335785
800,0,0.000000,1.258156,0.172758,0.003577,1.434491,0.000000,0.000000,1.512638,0.010860,0.826756,0.118297,0.000000,0.955524
801,0,0.000000,0.801151,0.071268,0.002436,0.869585,0.000000,0.000000,0.942652,0.026812,0.400354,0.003079,0.000000,0.427189
802,0,0.000000,0.579503,0.066833,0.002139,0.647161,0.000000,0.000000,0.681993,0.013145,0.101512,0.018758,0.000000,0.115236
803,0,0.000000,0.554333,0.065035,0.002397,0.613083,0.000000,0.000000,0.681801,0.011202,0.166342,0.010229,0.000000,0.178912
804,0,0.000000,0.591850,0.072387,0.007532,0.631875,0.000000,0.000000,0.715502,0.011696,0.139169,0.001014,0.000000,0.151619
805,0,0.000000,0.573716,0.092870,0.002528,0.667963,0.000000,0.000000,0.712603,0.020136,0.098137,0.001084,0.000000,0.114967
806,0,0.000000,0.604931,0.076989,0.002062,0.683216,0.000000,0.000000,0.716897,0.014684,0.149931,0.000923,0.000000,0.163324
807,0,0.000000,0.620428,0.107051,0.007120,0.734599,0.000000,0.000000,0.838964,0.038854,0.209156,0.011289,0.000000,0.219851
808,0,0.000000,0.572310,0.092575,0.002044,0.666461,0.000000,0.000000,0.704366,0.018523,0.129477,0.000942,0.000000,0.144354
809,0,0.000000,0.608188,0.101827,0.002256,0.711386,0.000000,0.000000,0.748753,0.011632,0.170085,0.001012,0.000000,0.179455
810,0,0.000000,0.546525,0.090242,0.002321,0.638103,0.000000,0.000000,0.675230,0.014925,0.098484,0.001127,0.000000,0.113562
811,0,0.000000,0.599844,0.078315,0.002116,0.679528,0.000000,0.000000,0.706669,0.011734,0.161208,0.001016,0.000000,0.170997
812,0,0.000000,0.623353,0.113009,0.002228,0.699705,0.000000,0.000000,0.785417,0.011624,0.188937,0.001058,0.000000,0.198462
813,0,0.000000,0.667380,0.106646,0.002422,0.775375,0.000000,0.000000,0.816323,0.037435,0.203360,0.000982,0.000000,0.216375
814,0,0.000000,1.081994,0.073557,0.004273,1.156613,0.000000,0.000000,1.289338,0.013008,0.709118,0.001233,0.000000,0.720616
815,0,0.000000,0.736066,0.087400,0.007319,0.809654,0.000000,0.000000,0.905836,0.022380,0.268631,0.001996,0.000000,0.287522
816,0,0.000000,0.766908,0.090644,0.002096,0.832474,0.000000,0.000000,0.905871,0.017081,0.340343,0.000932,0.000000,0.354271
817,0,0.000000,0.696213,0.084465,0.002229,0.763238,0.000000,0.000000,0.823129,0.014093,0.232524,0.000997,0.000000,0.244557
818,0,0.000000,0.765975,0.062893,0.002140,0.831008,0.000000,0.000000,0.871178,0.012000,0.326929,0.001073,0.000000,0.337061
819,0,0.000000,0.667133,0.068792,0.002109,0.738030,0.000000,0.000000,0.782641,0.015976,0.268797,0.001292,0.000000,0.285674
820,0,0.000000,0.753205,0.064615,0.002138,0.819855,0.000000,0.000000,0.862914,0.009809,0.423689,0.001286,0.000000,0.433897
821,0,0.000000,0.740067,0.070265,0.002428,0.812615,0.000000,0.000000,0.855131,0.010544,0.436963,0.001549,0.000000,0.449056
822,0,0.000000,0.743219,0.080225,0.002078,0.825522,0.000000,0.000000,0.869626,0.012387,0.426850,0.001258,0.000000,0.439743
823,0,0.000000,0.728620,0.074849,0.015181,0.795047,0.000000,0.000000,0.866050,0.010077,0.427295,0.052585,0.000000,0.489957
824,0,0.000000,0.742030,0.099765,0.002034,0.807912,0.000000,0.000000,0.872742,0.015775,0.338595,0.042233,0.000000,0.395435
825,0,0.000000,0.740661,0.094451,0.002205,0.808133,0.000000,0.000000,0.874675,0.010615,0.452653,0.038849,0.000000,0.502117
826,0,0.000000,0.761035,0.104045,0.002259,0.826291,0.000000,0.000000,0.903845,0.012482,0.361672,0.065256,0.000000,0.438919
827,0,0.000000,0.672377,0.093510,0.002147,0.766042,0.000000,0.000000,0.806493,0.012071,0.370643,0.038159,0.000000,0.419730
828,0,0.000000,0.661795,0.102975,0.002158,0.766408,0.000000,0.000000,0.797545,0.012511,0.253422,0.063781,0.000000,0.329714
829,0,0.000000,0.651319,0.094524,0.002230,0.747466,0.000000,0.000000,0.780725,0.010558,0.334481,0.050211,0.000000,0.393714
830,0,0.000000,0.820459,0.096563,0.002153,0.890209,0.000000,0.000000,0.958340,0.010715,0.430564,0.039868,0.000000,0.481147
831,0,0.000000,0.795043,0.202852,0.014761,0.855933,0.000000,0.000000,1.080007,0.013390,0.486766,0.057541,0.000000,0.503752
832,0,0.000000,0.803719,0.095550,0.002048,0.900689,0.000000,0.000000,0.972331,0.044580,0.368820,0.037305,0.000000,0.447378
833,0,0.000000,1.100756,0.094953,0.007080,1.202789,0.000000,0.000000,1.279022,0.012879,0.572671,0.035565,0.000000,0.620347
834,0,0.000000,0.665110,0.102165,0.002187,0.768907,0.000000,0.000000,0.823866,0.020246,0.214406,0.055331,0.000000,0.289604
835,0,0.000000,0.704416,0.103809,0.002349,0.809847,0.000000,0.000000,0.861356,0.015066,0.292238,0.056668,0.000000,0.363452
836,0,0.000000,0.722962,0.090345,0.002180,0.814611,0.000000,0.000000,0.851624,0.016379,0.177221,0.041760,0.000000,0.234628
837,0,0.000000,0.656366,0.093944,0.006706,0.748539,0.000000,0.000000,0.822851,0.011685,0.242580,0.042329,0.000000,0.295967
838,0,0.000000,0.665990,0.106872,0.002238,0.774546,0.000000,0.000000,0.822113,0.017137,0.209488,0.059476,0.000000,0.285506
839,0,0.000000,0.659809,0.103124,0.002264,0.764663,0.000000,0.000000,0.797898,0.014239,0.223954,0.055315,0.000000,0.292897
840,0,0.000000,0.675313,0.102699,0.002276,0.779656,0.000000,0.000000,0.829347,0.014774,0.274535,0.050898,0.000000,0.334573
841,0,0.000000,0.774296,0.094871,0.006780,0.868092,0.000000,0.000000,0.924216,0.014215,0.461697,0.042408,0.000000,0.518320
842,0,0.000000,0.818478,0.098596,0.006769,0.909677,0.000000,0.000000,0.979922,0.014718,0.438138,0.060807,0.000000,0.512778
843,0,0.000000,0.770273,0.088434,0.006841,0.865548,0.000000,0.000000,0.919986,0.013112,0.488285,0.038579,0.000000,0.539310
844,0,0.000000,0.835448,0.095627,0.006638,0.928818,0.000000,0.000000,0.984371,0.014130,0.430831,0.056744,0.000000,0.500935
845,0,0.000000,0.865570,0.084304,0.006873,0.956747,0.000000,0.000000,1.010863,0.012974,0.560701,0.041256,0.000000,0.614231
846,0,0.000000,0.815778,0.095642,0.006700,0.908301,0.000000,0.000000,0.960764,0.014115,0.374284,0.047598,0.000000,0.435318
847,0,0.000000,0.772179,0.111355,0.008089,0.888792,0.000000,0.000000,1.127172,0.013146,0.648840,0.022501,0.000000,0.683936
848,0,0.000000,0.993217,0.069891,0.002312,1.040329,0.000000,0.000000,1.217766,0.025924,0.461647,0.050548,0.000000,0.532065
849,0,0.000000,0.496383,0.043848,0.002291,0.538683,0.000000,0.000000,0.590515,0.015428,0.185230,0.001794,0.000000,0.200447
850,0,0.000000,0.516756,0.041451,0.002029,0.555444,0.000000,0.000000,0.622447,0.009524,0.105518,0.001712,0.000000,0.116754
851,0,0.000000,0.819516,0.130779,0.002329,0.952624,0.000000,0.000000,0.983940,0.013825,0.510471,0.090986,0.000000,0.615282
852,0,0.000000,0.952639,0.159610,0.002596,1.114845,0.000000,0.000000,1.284482,0.020358,0.557260,0.108055,0.000000,0.671087
853,0,0.000000,0.828432,0.128357,0.002140,0.958929,0.000000,0.000000,0.988876,0.015248,0.445707,0.084677,0.000000,0.545632
854,0,0.000000,0.857724,0.077076,0.002111,0.936893,0.000000,0.000000,0.970352,0.011962,0.449711,0.033405,0.000000,0.495078
855,0,0.000000,1.087024,0.075127,0.002365,1.164516,0.000000,0.000000,1.194911,0.010180,0.778019,0.031695,0.000000,0.819838
856,0,0.000000,0.714047,0.078376,0.002227,0.794545,0.000000,0.000000,0.829744,0.010785,0.239512,0.030728,0.000000,0.254152
857,0,0.000000,0.744259,0.078031,0.002495,0.824785,0.000000,0.000000,0.875273,0.031926,0.370674,0.026857,0.000000,0.410845
858,0,0.000000,0.729867,0.079568,0.002442,0.811877,0.000000,0.000000,0.862133,0.015815,0.297185,0.036250,0.000000,0.349250
859,0,0.000000,0.680051,0.080468,0.002649,0.763168,0.000000,0.000000,0.798239,0.013480,0.339504,0.033708,0.000000,0.383610
860,0,0.000000,0.661880,0.084549,0.002238,0.748511,0.000000,0.000000,0.781452,0.010540,0.258099,0.039003,0.000000,0.307642
861,0,0.000000,0.717910,0.093462,0.002648,0.798881,0.000000,0.000000,0.865894,0.010277,0.382902,0.032911,0.000000,0.395084
862,0,0.000000,0.530741,0.044019,0.002022,0.571335,0.000000,0.000000,0.621963,0.015494,0.104440,0.001705,0.000000,0.120317
863,0,0.000000,0.850696,0.098315,0.007848,0.956859,0.000000,0.000000,1.019637,0.011635,0.447907,0.001791,0.000000,0.460958
864,0,0.000000,1.057064,0.098369,0.008082,1.163008,0.000000,0.000000,1.258345,0.018214,0.596272,0.001916,0.000000,0.614427
865,0,0.000000,0.987347,0.134351,0.008583,1.102560,0.000000,0.000000,1.234732,0.033176,0.509747,0.003782,0.000000,0.531105
866,0,0.000000,1.107714,0.117757,0.008415,1.212674,0.000000,0.000000,1.294107,0.024421,0.640960,0.002707,0.000000,0.660996
867,0,0.000000,1.024301,0.094147,0.008785,1.120826,0.000000,0.000000,1.193553,0.020356,0.559605,0.002289,0.000000,0.576860
868,0,0.000000,1.252324,0.086573,0.002810,1.339569,0.000000,0.000000,1.421722,0.018549,0.775964,0.044258,0.000000,0.791750
869,0,0.000000,0.915417,0.091425,0.002654,0.995815,0.000000,0.000000,1.057618,0.017043,0.516969,0.035795,0.000000,0.569807
870,0,0.000000,0.908005,0.090153,0.002506,0.990766,0.000000,0.000000,1.057986,0.012665,0.462662,0.001785,0.000000,0.477112
871,0,0.000000,0.920924,0.111073,0.002896,1.018708,0.000000,0.000000,1.074244,0.014171,0.391713,0.071364,0.000000,0.477248
872,0,0.000000,0.975507,0.082840,0.002474,1.060821,0.000000,0.000000,1.119079,0.012498,0.538942,0.034535,0.000000,0.585506
873,0,0.000000,0.993569,0.081027,0.002967,1.077261,0.000000,0.000000,1.129128,0.014206,0.607886,0.009078,0.000000,0.631141
874,0,0.000000,0.890778,0.079199,0.002723,0.972376,0.000000,0.000000,1.028984,0.015372,0.465435,0.035817,0.000000,0.516624
875,0,0.000000,0.935712,0.091016,0.002878,1.017301,0.000000,0.000000,1.078780,0.011841,0.606150,0.053920,0.000000,0.671911
876,0,0.000000,0.917729,0.097760,0.002485,1.017974,0.000000,0.000000,1.068769,0.020052,0.504581,0.028999,0.000000,0.551999
877,0,0.000000,0.947026,0.080741,0.002779,1.025341,0.000000,0.000000,1.114536,0.014485,0.563366,0.001841,0.000000,0.578929
878,0,0.000000,0.906074,0.074321,0.002584,0.960855,0.000000,0.000000,1.031119,0.020324,0.326483,0.014037,0.000000,0.352854
879,0,0.000000,0.904081,0.072888,0.002591,0.979493,0.000000,0.000000,1.032698,0.017151,0.464331,0.024361,0.000000,0.504757
880,0,0.000000,0.669446,0.076858,0.002461,0.740256,0.000000,0.000000,0.808144,0.018347,0.190012,0.001926,0.000000,0.207858
881,0,0.000000,0.998495,0.100840,0.010220,1.109555,0.000000,0.000000,1.214975,0.038638,0.275993,0.002580,0.000000,0.311973
882,0,0.000000,0.714830,0.071826,0.002301,0.788243,0.000000,0.000000,0.837456,0.026196,0.148220,0.011927,0.000000,0.186343
883,0,0.000000,0.926984,0.110949,0.012416,1.050349,0.000000,0.000000,1.118629,0.014000,0.469112,0.027232,0.000000,0.510188
884,0,0.000000,0.722635,0.092586,0.002316,0.816946,0.000000,0.000000,0.868668,0.023956,0.255173,0.033411,0.000000,0.311510
885,0,0.000000,0.742567,0.096187,0.008605,0.847359,0.000000,0.000000,0.935396,0.017769,0.320219,0.022945,0.000000,0.360924
886,0,0.000000,0.698976,0.101622,0.002163,0.802094,0.000000,0.000000,0.846670,0.021367,0.238567,0.031727,0.000000,0.290417
887,0,0.000000,0.848244,0.106350,0.002506,0.956411,0.000000,0.000000,1.157395,0.021530,0.440150,0.001437,0.000000,0.456023
888,0,0.000000,0.696414,0.105813,0.008376,0.810209,0.000000,0.000000,0.903329,0.022493,0.220982,0.002260,0.000000,0.238750
889,0,0.000000,0.763913,0.090314,0.002468,0.856024,0.000000,0.000000,0.920521,0.019364,0.297637,0.001406,0.000000,0.313957
890,0,0.000000,0.715664,0.100063,0.002028,0.817226,0.000000,0.000000,0.860664,0.017413,0.258423,0.001049,0.000000,0.275969
891,0,0.000000,0.873927,0.091056,0.002304,0.966682,0.000000,0.000000,1.039142,0.027319,0.444050,0.001097,0.000000,0.461555
892,0,0.000000,0.738078,0.093550,0.009361,0.840989,0.000000,0.000000,0.927710,0.022174,0.191601,0.003209,0.000000,0.209356
893,0,0.000000,0.758997,0.098556,0.002433,0.859827,0.000000,0.000000,0.933722,0.031733,0.355949,0.061488,0.000000,0.427994
894,0,0.000000,0.794005,0.105448,0.002198,0.901277,0.000000,0.000000,0.960407,0.019066,0.337189,0.068234,0.000000,0.400302
895,0,0.000000,0.852924,0.097574,0.002373,0.952329,0.000000,0.000000,1.005196,0.015901,0.522495,0.058448,0.000000,0.595674
896,0,0.000000,0.779511,0.106570,0.002353,0.887854,0.000000,0.000000,0.928633,0.013861,0.337779,0.065565,0.000000,0.415692
897,0,0.000000,0.793441,0.100708,0.002359,0.895962,0.000000,0.000000,0.934275,0.013041,0.426631,0.052296,0.000000,0.479444
898,0,0.000000,0.745573,0.099108,0.002184,0.846617,0.000000,0.000000,0.885149,0.014951,0.295545,0.051703,0.000000,0.342437
899,0,0.000000,0.869022,0.162273,0.002362,1.032937,0.000000,0.000000,1.088426,0.012420,0.561692,0.110743,0.000000,0.676945
900,0,0.000000,0.921480,0.074965,0.002670,0.999115,0.000000,0.000000,1.057735,0.019071,0.442323,0.027907,0.000000,0.471328
901,0,0.000000,0.708312,0.070036,0.002648,0.780996,0.000000,0.000000,0.817093,0.014769,0.312439,0.027909,0.000000,0.354736
902,0,0.000000,0.672866,0.102697,0.002718,0.778281,0.000000,0.000000,0.863779,0.011887,0.223861,0.110029,0.000000,0.302463
903,0,0.000000,0.712623,0.076452,0.002447,0.791522,0.000000,0.000000,0.858391,0.011827,0.364456,0.036203,0.000000,0.412486
904,0,0.000000,0.692304,0.075160,0.002515,0.769979,0.000000,0.000000,0.802366,0.011544,0.237920,0.028194,0.000000,0.259123
905,0,0.000000,0.666710,0.077064,0.002646,0.746420,0.000000,0.000000,0.778320,0.014261,0.314141,0.037353,0.000000,0.365755
906,0,0.000000,0.702595,0.076935,0.002705,0.782235,0.000000,0.000000,0.823888,0.012245,0.258238,0.027671,0.000000,0.286926
907,0,0.000000,0.661861,0.076659,0.002445,0.740965,0.000000,0.000000,0.772375,0.011462,0.330022,0.031015,0.000000,0.355531
908,0,0.000000,1.105821,0.111879,0.008687,1.225600,0.000000,0.000000,1.313977,0.013188,0.660675,0.073515,0.000000,0.747378
909,0,0.000000,1.053389,0.093162,0.009294,1.155845,0.000000,0.000000,1.236596,0.023739,0.669169,0.019422,0.000000,0.710638
910,0,0.000000,1.089538,0.125889,0.009280,1.195905,0.000000,0.000000,1.282841,0.019157,0.661124,0.088408,0.000000,0.767211
911,0,0.000000,0.962083,0.108347,0.008030,1.065530,0.000000,0.000000,1.143985,0.018045,0.619402,0.047012,0.000000,0.683365
912,0,0.000000,1.018613,0.096924,0.008335,1.123011,0.000000,0.000000,1.190546,0.016507,0.557067,0.057523,0.000000,0.630046
913,0,0.000000,0.942335,0.102643,0.008544,1.041650,0.000000,0.000000,1.111933,0.016441,0.607539,0.052436,0.000000,0.675623
914,0,0.000000,0.959616,0.111908,0.008134,1.064146,0.000000,0.000000,1.150852,0.016038,0.549543,0.074041,0.000000,0.638616
915,0,0.000000,0.989035,0.102658,0.007812,1.089823,0.000000,0.000000,1.149860,0.015834,0.654147,0.054234,0.000000,0.723074
916,0,0.000000,1.088983,0.107992,0.008450,1.190997,0.000000,0.000000,1.269246,0.015928,0.670803,0.066515,0.000000,0.753246
917,0,0.000000,0.930359,0.102755,0.008523,1.033594,0.000000,0.000000,1.104737,0.017542,0.576851,0.051740,0.000000,0.645199
918,0,0.000000,1.012447,0.112259,0.008322,1.118218,0.000000,0.000000,1.179304,0.014965,0.595935,0.024649,0.000000,0.634675
919,0,0.000000,0.928569,0.101640,0.008065,1.024666,0.000000,0.000000,1.098902,0.017078,0.601758,0.063075,0.000000,0.680757
920,0,0.000000,1.032758,0.101936,0.008719,1.136600,0.000000,0.000000,1.202037,0.015576,0.473869,0.018111,0.000000,0.506577
921,0,0.000000,1.031805,0.097902,0.009110,1.137973,0.000000,0.000000,1.215306,0.022250,0.687243,0.002268,0.000000,0.709046
922,0,0.000000,0.958700,0.047045,0.002396,1.000339,0.000000,0.000000,1.079759,0.018955,0.475081,0.001192,0.000000,0.494929
923,0,0.000000,0.588597,0.039485,0.002413,0.629198,0.000000,0.000000,0.674095,0.016312,0.263099,0.001578,0.000000,0.280795
924,0,0.000000,0.485071,0.040278,0.002367,0.524732,0.000000,0.000000,0.566866,0.010358,0.076153,0.003089,0.000000,0.089600
925,0,0.000000,0.473647,0.038762,0.002158,0.513998,0.000000,0.000000,0.549568,0.010935,0.169263,0.001277,0.000000,0.180543
926,0,0.000000,0.488114,0.039873,0.002141,0.530128,0.000000,0.000000,0.564826,0.009667,0.086491,0.003105,0.000000,0.099179
927,0,0.000000,0.573909,0.056590,0.002263,0.618023,0.000000,0.000000,0.679312,0.009088,0.266489,0.001163,0.000000,0.276495
928,0,0.000000,0.498860,0.045702,0.002322,0.546782,0.000000,0.000000,0.587981,0.011040,0.153660,0.001344,0.000000,0.165845
929,0,0.000000,0.719320,0.083631,0.002535,0.805486,0.000000,0.000000,0.835682,0.012399,0.410269,0.046122,0.000000,0.468790
930,0,0.000000,0.678147,0.116003,0.008081,0.796636,0.000000,0.000000,0.894556,0.009939,0.415485,0.078598,0.000000,0.504022
931,0,0.000000,0.908557,0.105020,0.008011,1.021588,0.000000,0.000000,1.076731,0.017291,0.599875,0.020679,0.000000,0.636787
932,0,0.000000,1.068613,0.094508,0.008067,1.171188,0.000000,0.000000,1.230875,0.014690,0.666157,0.002076,0.000000,0.681632
933,0,0.000000,0.904231,0.114810,0.008600,1.027641,0.000000,0.000000,1.100850,0.016779,0.611919,0.003482,0.000000,0.628728
934,0,0.000000,1.036959,0.091958,0.008747,1.137664,0.000000,0.000000,1.206492,0.016662,0.729118,0.019338,0.000000,0.764015
935,0,0.000000,0.976050,0.095878,0.025275,1.097203,0.000000,0.000000,1.165079,0.019077,0.580440,0.003815,0.000000,0.598781
936,0,0.000000,0.749184,0.044749,0.002321,0.791483,0.000000,0.000000,0.857610,0.022244,0.369807,0.001297,0.000000,0.390263
937,0,0.000000,0.468072,0.042371,0.002271,0.509098,0.000000,0.000000,0.552808,0.016356,0.128424,0.001125,0.000000,0.145301
938,0,0.000000,0.608267,0.085515,0.007919,0.695655,0.000000,0.000000,0.819718,0.010787,0.170526,0.001813,0.000000,0.179867
939,0,0.000000,0.899462,0.105401,0.007664,1.012527,0.000000,0.000000,1.074654,0.017584,0.470856,0.002190,0.000000,0.480615
940,0,0.000000,0.870830,0.080039,0.002189,0.910440,0.000000,0.000000,1.006641,0.014816,0.434505,0.000969,0.000000,0.443955
941,0,0.000000,0.610666,0.078772,0.002375,0.691715,0.000000,0.000000,0.726001,0.014652,0.205464,0.001232,0.000000,0.221194
942,0,0.000000,0.812747,0.094652,0.002030,0.909343,0.000000,0.000000,0.954153,0.010667,0.382069,0.000962,0.000000,0.391106
943,0,0.000000,0.706698,0.133394,0.012489,0.841714,0.000000,0.000000,0.885335,0.023188,0.269559,0.001278,0.000000,0.288509
944,0,0.000000,0.704833,0.100888,0.008294,0.814015,0.000000,0.000000,0.894561,0.013266,0.262535,0.002275,0.000000,0.273714
945,0,0.000000,0.744466,0.092211,0.002334,0.838487,0.000000,0.000000,0.911193,0.037636,0.349425,0.001026,0.000000,0.387040
946,0,0.000000,0.744283,0.086636,0.002208,0.832475,0.000000,0.000000,0.878657,0.013680,0.315773,0.001028,0.000000,0.327161
947,0,0.000000,0.817705,0.102329,0.002329,0.921626,0.000000,0.000000,0.958801,0.016646,0.378829,0.001297,0.000000,0.392473
948,0,0.000000,0.688700,0.104466,0.002075,0.794731,0.000000,0.000000,0.833755,0.012869,0.248725,0.000988,0.000000,0.259275
949,0,0.000000,0.873484,0.091867,0.008171,0.973522,0.000000,0.000000,1.052056,0.015952,0.397165,0.002137,0.000000,0.410553
950,0,0.000000,0.793194,0.074456,0.002045,0.865336,0.000000,0.000000,0.923839,0.019153,0.362175,0.001183,0.000000,0.378173
951,0,0.000000,0.747051,0.087356,0.002444,0.816477,0.000000,0.000000,0.890187,0.014327,0.311617,0.001132,0.000000,0.323916
952,0,0.000000,0.740697,0.085372,0.006415,0.809648,0.000000,0.000000,0.895820,0.015353,0.304692,0.001868,0.000000,0.317743
953,0,0.000000,0.842249,0.067713,0.002355,0.883862,0.000000,0.000000,0.958302,0.017652,0.260000,0.024713,0.000000,0.275589
954,0,0.000000,0.480656,0.063920,0.002084,0.538368,0.000000,0.000000,0.587496,0.017591,0.046883,0.024196,0.000000,0.088670
955,0,0.000000,0.605832,0.056666,0.002153,0.646937,0.000000,0.000000,0.698537,0.011046,0.194075,0.005838,0.000000,0.205166
956,0,0.000000,1.021584,0.101208,0.007862,1.130654,0.000000,0.000000,1.190182,0.012527,0.700709,0.001845,0.000000,0.714540
957,0,0.000000,0.990101,0.095711,0.008190,1.094002,0.000000,0.000000,1.170726,0.018549,0.666180,0.010501,0.000000,0.694298
958,0,0.000000,0.972518,0.083183,0.006998,1.062699,0.000000,0.000000,1.149978,0.036768,0.647868,0.017999,0.000000,0.701035
959,0,0.000000,0.842948,0.077075,0.006981,0.927004,0.000000,0.000000,0.986125,0.013783,0.429747,0.006041,0.000000,0.441574
960,0,0.000000,0.843494,0.101168,0.006978,0.951640,0.000000,0.000000,1.002944,0.014097,0.528080,0.002833,0.000000,0.543035
961,0,0.000000,0.916933,0.097185,0.008423,1.022541,0.000000,0.000000,1.085987,0.014446,0.509936,0.015481,0.000000,0.523140
962,0,0.000000,0.904116,0.084971,0.007320,0.996407,0.000000,0.000000,1.057448,0.017323,0.569559,0.001769,0.000000,0.587321
963,0,0.000000,0.830854,0.077490,0.006826,0.915170,0.000000,0.000000,0.963728,0.014170,0.402960,0.018609,0.000000,0.435350
964,0,0.000000,0.848032,0.089049,0.006726,0.943807,0.000000,0.000000,0.997804,0.012567,0.531992,0.018570,0.000000,0.562758
965,0,0.000000,0.910292,0.081666,0.006741,0.998699,0.000000,0.000000,1.057569,0.013815,0.500842,0.001893,0.000000,0.511268
966,0,0.000000,0.867846,0.081462,0.007005,0.956313,0.000000,0.000000,1.012418,0.013879,0.546031,0.018477,0.000000,0.578231
967,0,0.000000,0.824248,0.083373,0.006874,0.914495,0.000000,0.000000,0.963859,0.013785,0.405578,0.001814,0.000000,0.416463
968,0,0.000000,0.930928,0.083890,0.006823,1.021641,0.000000,0.000000,1.087619,0.013212,0.492811,0.016427,0.000000,0.508826
969,0,0.000000,0.847412,0.078844,0.007161,0.933417,0.000000,0.000000,0.990526,0.014598,0.403429,0.027602,0.000000,0.445629
970,0,0.000000,0.854672,0.079178,0.006957,0.940807,0.000000,0.000000,0.998445,0.013508,0.522437,0.006946,0.000000,0.542335
971,0,0.000000,0.815764,0.078882,0.006733,0.901379,0.000000,0.000000,0.951699,0.013676,0.405866,0.004091,0.000000,0.423307
972,0,0.000000,0.846700,0.080875,0.006847,0.934422,0.000000,0.000000,0.991979,0.013659,0.531972,0.019477,0.000000,0.565108
973,0,0.000000,0.903490,0.082107,0.006770,0.992367,0.000000,0.000000,1.043069,0.014017,0.475629,0.001365,0.000000,0.490366
974,0,0.000000,0.842428,0.081642,0.006824,0.930894,0.000000,0.000000,0.987569,0.013702,0.513511,0.015514,0.000000,0.542330
975,0,0.000000,0.816858,0.081375,0.006532,0.904765,0.000000,0.000000,0.954644,0.013621,0.389444,0.001635,0.000000,0.400330
976,0,0.000000,0.877943,0.082600,0.006758,0.967301,0.000000,0.000000,1.028325,0.013350,0.541492,0.020118,0.000000,0.574946
977,0,0.000000,0.855689,0.103434,0.007044,0.966167,0.000000,0.000000,1.024041,0.013623,0.434214,0.009861,0.000000,0.445929
978,0,0.000000,0.827136,0.087291,0.006772,0.921199,0.000000,0.000000,0.980929,0.014461,0.515966,0.022273,0.000000,0.552243
979,0,0.000000,0.815930,0.101503,0.007005,0.924438,0.000000,0.000000,0.972875,0.012684,0.412206,0.019268,0.000000,0.444158
980,0,0.000000,0.816168,0.081698,0.006696,0.904562,0.000000,0.000000,0.956508,0.014472,0.397407,0.001751,0.000000,0.412578
981,0,0.000000,0.787800,0.104040,0.007091,0.898931,0.000000,0.000000,0.953031,0.013325,0.356152,0.019187,0.000000,0.387165
982,0,0.000000,0.897615,0.086779,0.007106,0.991500,0.000000,0.000000,1.060504,0.014599,0.574833,0.001698,0.000000,0.590621
983,0,0.000000,0.862878,0.075986,0.002538,0.912328,0.000000,0.000000,0.992846,0.018728,0.367928,0.011420,0.000000,0.387482
984,0,0.000000,0.665590,0.070300,0.002539,0.738429,0.000000,0.000000,0.807701,0.017191,0.096200,0.012012,0.000000,0.122993
985,0,0.000000,0.675686,0.089428,0.002396,0.763313,0.000000,0.000000,0.812845,0.015852,0.273449,0.039908,0.000000,0.328201
986,0,0.000000,0.650767,0.072669,0.002622,0.726058,0.000000,0.000000,0.768421,0.016254,0.099496,0.027004,0.000000,0.141516
987,0,0.000000,0.609636,0.071922,0.002838,0.682574,0.000000,0.000000,0.723763,0.015424,0.210402,0.024456,0.000000,0.249276
988,0,0.000000,0.615004,0.070595,0.002295,0.687093,0.000000,0.000000,0.737626,0.014296,0.110123,0.025138,0.000000,0.125193
989,0,0.000000,0.637570,0.077709,0.002656,0.716131,0.000000,0.000000,0.758178,0.014647,0.106036,0.027066,0.000000,0.121773
990,0,0.000000,0.700780,0.075235,0.002465,0.778480,0.000000,0.000000,0.836140,0.016450,0.200162,0.027985,0.000000,0.218203
991,0,0.000000,0.643560,0.067344,0.002680,0.708919,0.000000,0.000000,0.774368,0.016093,0.131633,0.016114,0.000000,0.149214
992,0,0.000000,0.615499,0.075213,0.002380,0.692969,0.000000,0.000000,0.735574,0.016084,0.138850,0.028694,0.000000,0.157218
993,0,0.000000,0.623011,0.072860,0.002740,0.697444,0.000000,0.000000,0.740484,0.015893,0.209572,0.028435,0.000000,0.252367
994,0,0.000000,0.621524,0.080617,0.002040,0.704178,0.000000,0.000000,0.751982,0.015140,0.116125,0.029221,0.000000,0.134512
995,0,0.000000,0.667519,0.067375,0.002398,0.729752,0.000000,0.000000,0.808060,0.015949,0.189736,0.016207,0.000000,0.207498
996,0,0.000000,0.657659,0.075432,0.002088,0.735098,0.000000,0.000000,0.778094,0.015277,0.129090,0.028819,0.000000,0.148346
997,0,0.000000,0.649226,0.071540,0.002427,0.722335,0.000000,0.000000,0.777758,0.016375,0.249673,0.025020,0.000000,0.289719
998,0,0.000000,0.641738,0.072400,0.002435,0.716218,0.000000,0.000000,0.772021,0.020496,0.101540,0.026883,0.000000,0.142766
999,0,0.000000,0.636312,0.067612,0.002263,0.699356,0.000000,0.000000,0.766719,0.015418,0.221778,0.015286,0.000000,0.251443
1000,0,0.000000,0.693653,0.104648,0.002218,0.800369,0.000000,0.000000,0.850968,0.015168,0.151361,0.061296,0.000000,0.226928
1001,0,0.000000,0.905106,0.102209,0.002481,1.009728,0.000000,0.000000,1.092536,0.031615,0.397920,0.001799,0.000000,0.424967
1002,0,0.000000,0.725030,0.106846,0.006854,0.838730,0.000000,0.000000,0.914671,0.021373,0.267943,0.003299,0.000000,0.287348
1003,0,0.000000,0.735987,0.099795,0.002319,0.837216,0.000000,0.000000,0.883242,0.018692,0.330765,0.004576,0.000000,0.353396
1004,0,0.000000,0.723856,0.099033,0.002238,0.811490,0.000000,0.000000,0.855283,0.011980,0.269683,0.052865,0.000000,0.281069
1005,0,0.000000,0.778752,0.079780,0.006570,0.865102,0.000000,0.000000,0.936237,0.012001,0.313068,0.001660,0.000000,0.323604
1006,0,0.000000,0.675929,0.083926,0.002050,0.761483,0.000000,0.000000,0.802042,0.018672,0.227213,0.001031,0.000000,0.243073
1007,0,0.000000,0.702215,0.115475,0.002309,0.819258,0.000000,0.000000,0.871964,0.012568,0.283829,0.001321,0.000000,0.297016
1008,0,0.000000,0.601634,0.097269,0.006472,0.705375,0.000000,0.000000,0.769484,0.017210,0.168564,0.001626,0.000000,0.182811
1009,0,0.000000,0.768633,0.092653,0.002319,0.862946,0.000000,0.000000,0.905539,0.017980,0.277396,0.001274,0.000000,0.291362
1010,0,0.000000,0.791814,0.084424,0.002432,0.877753,0.000000,0.000000,0.929258,0.015371,0.325687,0.000991,0.000000,0.339251
1011,0,0.000000,0.709542,0.079129,0.006665,0.795336,0.000000,0.000000,0.867647,0.015400,0.278895,0.005267,0.000000,0.292595
1012,0,0.000000,0.727475,0.084164,0.002344,0.813106,0.000000,0.000000,0.848897,0.016656,0.294534,0.000995,0.000000,0.308343
1013,0,0.000000,0.757061,0.076841,0.006456,0.840358,0.000000,0.000000,0.909099,0.011901,0.368763,0.001914,0.000000,0.382006
1014,0,0.000000,0.746138,0.081797,0.002345,0.829512,0.000000,0.000000,0.870687,0.016978,0.296112,0.000936,0.000000,0.310256
1015,0,0.000000,0.645603,0.112027,0.006877,0.764507,0.000000,0.000000,0.823558,0.035009,0.245198,0.001710,0.000000,0.257664
1016,0,0.000000,0.605687,0.086836,0.006318,0.698841,0.000000,0.000000,0.770353,0.017374,0.163314,0.003110,0.000000,0.178705
1017,0,0.000000,0.701891,0.100196,0.002437,0.804132,0.000000,0.000000,0.845672,0.015251,0.284488,0.001437,0.000000,0.300211
1018,0,0.000000,0.659726,0.068213,0.002188,0.729908,0.000000,0.000000,0.797209,0.018891,0.141403,0.001208,0.000000,0.156889
1019,0,0.000000,0.571112,0.085771,0.002488,0.658534,0.000000,0.000000,0.694761,0.014369,0.079268,0.001032,0.000000,0.092160
1020,0,0.000000,0.612583,0.066378,0.002370,0.680766,0.000000,0.000000,0.722570,0.011656,0.089345,0.001495,0.000000,0.099750
1021,0,0.000000,0.611864,0.083248,0.002582,0.682772,0.000000,0.000000,0.761783,0.013810,0.128154,0.001641,0.000000,0.140392
1022,0,0.000000,0.612096,0.106309,0.002172,0.720482,0.000000,0.000000,0.754784,0.015455,0.118464,0.001042,0.000000,0.131508
1023,0,0.000000,1.062900,0.088614,0.002483,1.153997,0.000000,0.000000,1.200649,0.011750,0.579230,0.001203,0.000000,0.590099
1024,0,0.000000,0.949345,0.082437,0.002352,1.033033,0.000000,0.000000,1.097636,0.011589,0.481864,0.001569,0.000000,0.495022
1025,0,0.000000,0.807410,0.094248,0.002435,0.904093,0.000000,0.000000,0.946147,0.013359,0.330772,0.001340,0.000000,0.343876
1026,0,0.000000,0.772132,0.068032,0.002309,0.842473,0.000000,0.000000,0.883390,0.010506,0.435957,0.001463,0.000000,0.447926
1027,0,0.000000,0.996534,0.079577,0.002494,1.078605,0.000000,0.000000,1.121339,0.012217,0.592964,0.001481,0.000000,0.605592
1028,0,0.000000,0.770386,0.066740,0.002382,0.839397,0.000000,0.000000,0.882489,0.011043,0.430049,0.001771,0.000000,0.442863
1029,0,0.000000,0.749202,0.066465,0.002302,0.817853,0.000000,0.000000,0.858217,0.010758,0.350804,0.001302,0.000000,0.362113
1030,0,0.000000,0.733629,0.066010,0.002490,0.801747,0.000000,0.000000,0.843238,0.009104,0.427457,0.003727,0.000000,0.440288
1031,0,0.000000,0.714140,0.066385,0.002331,0.782674,0.000000,0.000000,0.822645,0.009065,0.319166,0.001426,0.000000,0.329420
1032,0,0.000000,0.831142,0.065539,0.002154,0.898822,0.000000,0.000000,0.947188,0.012656,0.434600,0.004023,0.000000,0.451279
1033,0,0.000000,0.839589,0.083165,0.009763,0.880396,0.000000,0.000000,1.002747,0.011059,0.461185,0.033277,0.000000,0.504753
1034,0,0.000000,0.750180,0.100382,0.002046,0.852352,0.000000,0.000000,0.898891,0.019923,0.395502,0.060087,0.000000,0.473895
1035,0,0.000000,0.841041,0.109689,0.002341,0.952312,0.000000,0.000000,0.999340,0.013096,0.488017,0.065718,0.000000,0.566228
1036,0,0.000000,0.834463,0.106773,0.002140,0.943260,0.000000,0.000000,0.989801,0.013006,0.474248,0.067270,0.000000,0.536976
1037,0,0.000000,1.067900,0.111367,0.002169,1.181088,0.000000,0.000000,1.225404,0.015541,0.564761,0.072612,0.000000,0.651412
1038,0,0.000000,0.839778,0.111074,0.002062,0.952762,0.000000,0.000000,0.998577,0.014113,0.453203,0.073113,0.000000,0.539001
1039,0,0.000000,0.892491,0.118051,0.002245,1.005724,0.000000,0.000000,1.058140,0.014052,0.465448,0.067630,0.000000,0.478678
1040,0,0.000000,0.874855,0.112913,0.002234,0.989652,0.000000,0.000000,1.033775,0.014722,0.431831,0.070122,0.000000,0.511847
1041,0,0.000000,0.816524,0.096255,0.002597,0.914669,0.000000,0.000000,0.954250,0.014715,0.291781,0.052984,0.000000,0.354855
1042,0,0.000000,0.821517,0.112800,0.002124,0.936168,0.000000,0.000000,0.979245,0.012547,0.391030,0.070976,0.000000,0.471451
1043,0,0.000000,0.803667,0.113182,0.002390,0.918692,0.000000,0.000000,0.957292,0.014144,0.416368,0.070169,0.000000,0.495824
1044,0,0.000000,0.855527,0.111986,0.002127,0.969450,0.000000,0.000000,1.012534,0.012664,0.456694,0.070111,0.000000,0.536181
1045,0,0.000000,0.812371,0.127478,0.002164,0.941750,0.000000,0.000000,0.980419,0.014705,0.311880,0.084615,0.000000,0.406208
1046,0,0.000000,0.814278,0.127420,0.002298,0.943532,0.000000,0.000000,0.986317,0.014264,0.377495,0.083440,0.000000,0.470018
1047,0,0.000000,0.910659,0.107840,0.002255,1.020754,0.000000,0.000000,1.073535,0.011891,0.410908,0.066485,0.000000,0.486414
1048,0,0.000000,0.849049,0.104059,0.002474,0.955104,0.000000,0.000000,0.999495,0.018613,0.405568,0.059248,0.000000,0.474201
1049,0,0.000000,0.821300,0.095797,0.002320,0.918896,0.000000,0.000000,0.962771,0.012994,0.308563,0.045477,0.000000,0.364079
1050,0,0.000000,0.791490,0.096412,0.002254,0.889700,0.000000,0.000000,0.941148,0.014825,0.425734,0.052836,0.000000,0.490537
1051,0,0.000000,0.799224,0.102292,0.002260,0.903320,0.000000,0.000000,0.946033,0.012768,0.324127,0.057329,0.000000,0.390721
1052,0,0.000000,0.782979,0.106003,0.002105,0.890751,0.000000,0.000000,0.925872,0.013948,0.337086,0.061751,0.000000,0.408995
1053,0,0.000000,0.778909,0.101928,0.002256,0.882617,0.000000,0.000000,0.923763,0.012289,0.321495,0.056860,0.000000,0.387985
1054,0,0.000000,0.756395,0.110126,0.002244,0.868505,0.000000,0.000000,0.901348,0.013615,0.351403,0.065004,0.000000,0.426450
1055,0,0.000000,0.756645,0.130780,0.002504,0.889259,0.000000,0.000000,0.947902,0.013697,0.262317,0.103494,0.000000,0.375814
1056,0,0.000000,0.773612,0.108714,0.002192,0.884207,0.000000,0.000000,0.923945,0.014288,0.363007,0.063512,0.000000,0.437042
1057,0,0.000000,0.659498,0.088678,0.002204,0.749706,0.000000,0.000000,0.784995,0.013279,0.115516,0.042397,0.000000,0.167869
1058,0,0.000000,0.654469,0.096878,0.002071,0.752934,0.000000,0.000000,0.804780,0.027762,0.254725,0.051829,0.000000,0.316828
1059,0,0.000000,0.654584,0.090968,0.002318,0.747093,0.000000,0.000000,0.779871,0.012629,0.114068,0.043284,0.000000,0.167279
1060,0,0.000000,0.719794,0.094658,0.002175,0.815997,0.000000,0.000000,0.848498,0.013114,0.215148,0.044457,0.000000,0.272448
1061,0,0.000000,0.674787,0.091763,0.002190,0.768172,0.000000,0.000000,0.807966,0.012601,0.128856,0.044587,0.000000,0.183557
1062,0,0.000000,0.678559,0.087963,0.002143,0.768041,0.000000,0.000000,0.800274,0.010648,0.260019,0.041697,0.000000,0.312364
1063,0,0.000000,0.656790,0.087349,0.002145,0.745720,0.000000,0.000000,0.780535,0.012589,0.101803,0.040126,0.000000,0.150849
1064,0,0.000000,0.651805,0.101306,0.002261,0.754686,0.000000,0.000000,0.783206,0.010729,0.195108,0.045644,0.000000,0.251481
1065,0,0.000000,0.731987,0.108984,0.002160,0.842715,0.000000,0.000000,0.940376,0.012349,0.177638,0.120391,0.000000,0.310164
1066,0,0.000000,1.076358,0.124580,0.003008,1.203946,0.000000,0.000000,1.371010,0.068381,0.663326,0.068914,0.000000,0.778752
1067,0,0.000000,0.829482,0.069572,0.002664,0.900697,0.000000,0.000000,0.960297,0.024416,0.344110,0.001725,0.000000,0.369686
1068,0,0.000000,0.675036,0.087207,0.002181,0.763827,0.000000,0.000000,0.822368,0.013671,0.280755,0.031149,0.000000,0.325575
1069,0,0.000000,0.697857,0.089892,0.002257,0.789315,0.000000,0.000000,0.825652,0.012242,0.204747,0.032295,0.000000,0.248799
1070,0,0.000000,0.766281,0.093858,0.002321,0.861815,0.000000,0.000000,0.903502,0.012876,0.308864,0.023094,0.000000,0.341072
1071,0,0.000000,0.778982,0.061517,0.002422,0.828796,0.000000,0.000000,0.913397,0.016723,0.356568,0.001514,0.000000,0.374015
1072,0,0.000000,0.528392,0.068416,0.002252,0.590093,0.000000,0.000000,0.638058,0.014697,0.101740,0.001220,0.000000,0.116252
1073,0,0.000000,0.644141,0.071517,0.002382,0.713530,0.000000,0.000000,0.769286,0.012780,0.117844,0.004218,0.000000,0.132189
1074,0,0.000000,0.637266,0.079011,0.002259,0.718536,0.000000,0.000000,0.759826,0.013543,0.169089,0.021118,0.000000,0.203750
1075,0,0.000000,0.877344,0.094044,0.002529,0.972829,0.000000,0.000000,1.018412,0.010549,0.376637,0.025199,0.000000,0.399840
1076,0,0.000000,0.913801,0.109060,0.002620,1.024234,0.000000,0.000000,1.096272,0.020163,0.498613,0.050907,0.000000,0.567958
1077,0,0.000000,0.899701,0.072703,0.002407,0.973640,0.000000,0.000000,1.042275,0.015414,0.428083,0.005964,0.000000,0.444767
1078,0,0.000000,0.971911,0.086125,0.002549,1.059307,0.000000,0.000000,1.128925,0.014690,0.571438,0.024684,0.000000,0.609391
1079,0,0.000000,1.228285,0.074235,0.002858,1.305062,0.000000,0.000000,1.365884,0.016124,0.678905,0.016462,0.000000,0.710039
1080,0,0.000000,0.780046,0.101504,0.002467,0.856623,0.000000,0.000000,0.932432,0.022254,0.355824,0.006110,0.000000,0.377642
1081,0,0.000000,0.946238,0.079424,0.002603,1.027755,0.000000,0.000000,1.104588,0.037004,0.470415,0.024323,0.000000,0.516602
1082,0,0.000000,0.841540,0.083916,0.010722,0.936178,0.000000,0.000000,1.066650,0.015481,0.433193,0.044741,0.000000,0.479423
1083,0,0.000000,0.986247,0.082062,0.002614,1.070542,0.000000,0.000000,1.161215,0.023604,0.496791,0.021287,0.000000,0.519912
1084,0,0.000000,0.725145,0.066160,0.002281,0.790618,0.000000,0.000000,0.830397,0.015123,0.273644,0.014723,0.000000,0.303064
1085,0,0.000000,0.642845,0.067778,0.002531,0.707922,0.000000,0.000000,0.747668,0.014297,0.172653,0.001584,0.000000,0.187143
1086,0,0.000000,0.862414,0.098824,0.008878,0.963665,0.000000,0.000000,1.051082,0.013391,0.460396,0.035838,0.000000,0.509625
1087,0,0.000000,1.003066,0.101439,0.007725,1.112230,0.000000,0.000000,1.193871,0.021761,0.537817,0.003035,0.000000,0.559648
1088,0,0.000000,0.827130,0.085933,0.006966,0.920029,0.000000,0.000000,0.987672,0.015701,0.384704,0.001443,0.000000,0.400912
1089,0,0.000000,0.792152,0.070433,0.002362,0.832532,0.000000,0.000000,0.971163,0.067216,0.373915,0.001029,0.000000,0.397847
1090,0,0.000000,0.563125,0.069307,0.002238,0.604647,0.000000,0.000000,0.880296,0.187110,0.245717,0.001698,0.000000,0.271184
1091,0,0.000000,0.780694,0.092229,0.007812,0.880735,0.000000,0.000000,0.956459,0.049599,0.334206,0.001823,0.000000,0.384551
1092,0,0.000000,0.932325,0.102463,0.007597,1.042385,0.000000,0.000000,1.099648,0.017375,0.479960,0.001769,0.000000,0.497435
1093,0,0.000000,0.956104,0.099072,0.008623,1.063799,0.000000,0.000000,1.174923,0.062439,0.516296,0.002442,0.000000,0.560856
1094,0,0.000000,1.004286,0.095890,0.008477,1.108653,0.000000,0.000000,1.200493,0.027741,0.537080,0.002065,0.000000,0.564945
1095,0,0.000000,1.050482,0.125270,0.006606,1.178451,0.000000,0.000000,1.258008,0.016266,0.569352,0.047746,0.000000,0.633009
1096,0,0.000000,0.797722,0.068247,0.002309,0.837887,0.000000,0.000000,0.937476,0.021459,0.335636,0.001826,0.000000,0.357650
1097,0,0.000000,0.611293,0.073984,0.002403,0.687660,0.000000,0.000000,0.778340,0.014913,0.195692,0.001867,0.000000,0.212472
1098,0,0.000000,0.786084,0.082338,0.002440,0.858532,0.000000,0.000000,1.033604,0.142830,0.390139,0.001610,0.000000,0.472730
1099,0,0.000000,0.770530,0.068175,0.002333,0.839271,0.000000,0.000000,0.903940,0.013421,0.350457,0.001622,0.000000,0.361893
1100,0,0.000000,0.711568,0.069919,0.002243,0.777775,0.000000,0.000000,0.850778,0.012405,0.270983,0.001957,0.000000,0.281347
1101,0,0.000000,0.799523,0.068859,0.002375,0.868715,0.000000,0.000000,0.917494,0.014158,0.365970,0.001512,0.000000,0.380642
1102,0,0.000000,0.795613,0.070357,0.002322,0.863533,0.000000,0.000000,0.911533,0.013156,0.353344,0.001209,0.000000,0.367184
1103,0,0.000000,0.739395,0.069910,0.002260,0.808275,0.000000,0.000000,0.876347,0.014650,0.320324,0.001348,0.000000,0.332470
1104,0,0.000000,0.713225,0.071719,0.002228,0.787172,0.000000,0.000000,0.841232,0.013165,0.285835,0.001048,0.000000,0.296570
1105,0,0.000000,0.758943,0.079705,0.014537,0.840984,0.000000,0.000000,0.928436,0.012584,0.337905,0.001985,0.000000,0.349205
1106,0,0.000000,0.901004,0.079390,0.007433,0.987827,0.000000,0.000000,1.049689,0.014945,0.463019,0.001659,0.000000,0.478303
1107,0,0.000000,0.976231,0.074798,0.006951,1.057980,0.000000,0.000000,1.129642,0.016004,0.554510,0.002017,0.000000,0.565356
1108,0,0.000000,0.809687,0.091711,0.006629,0.908027,0.000000,0.000000,0.964089,0.015388,0.379096,0.001675,0.000000,0.389541
1109,0,0.000000,0.874929,0.083729,0.007134,0.965792,0.000000,0.000000,1.026139,0.014583,0.440260,0.002253,0.000000,0.452750
1110,0,0.000000,0.945169,0.130857,0.033249,1.084235,0.000000,0.000000,1.187403,0.015675,0.530093,0.003045,0.000000,0.547348
1111,0,0.000000,0.924063,0.080591,0.008048,1.011958,0.000000,0.000000,1.116087,0.021043,0.377644,0.001676,0.000000,0.396184
1112,0,0.000000,0.657845,0.086456,0.002193,0.745873,0.000000,0.000000,0.805521,0.017859,0.130026,0.004911,0.000000,0.145491
1113,0,0.000000,0.599702,0.073721,0.006997,0.656734,0.000000,0.000000,0.756772,0.018638,0.049461,0.010866,0.000000,0.065458
1114,0,0.000000,0.677976,0.095067,0.011280,0.774564,0.000000,0.000000,0.822214,0.015613,0.209138,0.033127,0.000000,0.256980
1115,0,0.000000,0.666074,0.076035,0.002785,0.743614,0.000000,0.000000,0.784493,0.015909,0.091903,0.013716,0.000000,0.120434
1116,0,0.000000,0.584353,0.088054,0.002397,0.673799,0.000000,0.000000,0.709410,0.014082,0.085797,0.001939,0.000000,0.101124
1117,0,0.000000,0.663865,0.071773,0.002298,0.736483,0.000000,0.000000,0.777221,0.011088,0.117455,0.021751,0.000000,0.149624
1118,0,0.000000,0.596939,0.083772,0.002097,0.682169,0.000000,0.000000,0.719797,0.014840,0.143034,0.023152,0.000000,0.180313
1119,0,0.000000,0.745009,0.078938,0.002297,0.816596,0.000000,0.000000,0.873090,0.014272,0.182439,0.030074,0.000000,0.222717
1120,0,0.000000,0.571610,0.066893,0.002429,0.631539,0.000000,0.000000,0.716687,0.017470,0.097841,0.008108,0.000000,0.123117
1121,0,0.000000,0.756515,0.083038,0.002523,0.841809,0.000000,0.000000,0.891562,0.013409,0.236174,0.001400,0.000000,0.250229
1122,0,0.000000,0.846090,0.077697,0.002461,0.925774,0.000000,0.000000,0.968717,0.011208,0.412639,0.001390,0.000000,0.424707
1123,0,0.000000,0.846869,0.077656,0.008527,0.933052,0.000000,0.000000,1.031818,0.012146,0.353446,0.001875,0.000000,0.365173
1124,0,0.000000,1.141340,0.105099,0.008434,1.254873,0.000000,0.000000,1.322193,0.018675,0.651205,0.002010,0.000000,0.669568
1125,0,0.000000,0.971467,0.101779,0.007800,1.081046,0.000000,0.000000,1.152159,0.017764,0.541551,0.001899,0.000000,0.558600
1126,0,0.000000,1.084786,0.092699,0.008984,1.186469,0.000000,0.000000,1.434158,0.016603,0.645472,0.132549,0.000000,0.734640
1127,0,0.000000,1.231411,0.187719,0.010204,1.429334,0.000000,0.000000,1.560245,0.048407,0.741199,0.004409,0.000000,0.786532
1128,0,0.000000,1.167880,0.080178,0.008153,1.256211,0.000000,0.000000,1.331194,0.020997,0.729451,0.001785,0.000000,0.743552
1129,0,0.000000,1.030875,0.083009,0.002623,1.082250,0.000000,0.000000,1.198497,0.014583,0.598501,0.003172,0.000000,0.608968
1130,0,0.000000,0.849790,0.089740,0.005671,0.945201,0.000000,0.000000,1.055812,0.014712,0.357499,0.014178,0.000000,0.383044
1131,0,0.000000,0.833710,0.096577,0.008204,0.938491,0.000000,0.000000,1.014202,0.024690,0.384614,0.001842,0.000000,0.404736
1132,0,0.000000,0.989182,0.096113,0.002281,1.041458,0.000000,0.000000,1.181192,0.019558,0.538980,0.001287,0.000000,0.551595
1133,0,0.000000,0.707220,0.294865,0.002589,1.003955,0.000000,0.000000,1.126875,0.018558,0.308629,0.002528,0.000000,0.324176
1134,0,0.000000,0.833209,0.078757,0.002321,0.914287,0.000000,0.000000,0.983303,0.048473,0.445409,0.017580,0.000000,0.473818
1135,0,0.000000,0.808615,0.090301,0.014012,0.886902,0.000000,0.000000,1.030680,0.013260,0.472356,0.064008,0.000000,0.549624
1136,0,0.000000,0.823733,0.105470,0.002115,0.931160,0.000000,0.000000,0.978949,0.018808,0.480107,0.057671,0.000000,0.549708
1137,0,0.000000,0.895951,0.075508,0.007463,0.978922,0.000000,0.000000,1.077347,0.083247,0.503489,0.001978,0.000000,0.588157
1138,0,0.000000,0.837014,0.072575,0.006860,0.916449,0.000000,0.000000,0.970308,0.015089,0.492257,0.001641,0.000000,0.508067
1139,0,0.000000,0.744062,0.086129,0.007031,0.837222,0.000000,0.000000,0.900612,0.014275,0.272533,0.001699,0.000000,0.282747
1140,0,0.000000,0.948969,0.085606,0.002881,1.037456,0.000000,0.000000,1.106546,0.016958,0.609292,0.004013,0.000000,0.626643
1141,0,0.000000,0.517198,0.069801,0.002460,0.559420,0.000000,0.000000,0.642261,0.013552,0.087811,0.001713,0.000000,0.102766
1142,0,0.000000,0.498592,0.046768,0.002149,0.546254,0.000000,0.000000,0.598597,0.013088,0.130986,0.001486,0.000000,0.144431
1143,0,0.000000,0.761830,0.095200,0.006848,0.863878,0.000000,0.000000,0.941859,0.023235,0.442363,0.001602,0.000000,0.467200
1144,0,0.000000,0.801899,0.072862,0.002431,0.877192,0.000000,0.000000,0.954432,0.022754,0.329822,0.003461,0.000000,0.350167
1145,0,0.000000,0.696508,0.092415,0.002283,0.790802,0.000000,0.000000,0.840976,0.012874,0.177153,0.043365,0.000000,0.233392
1146,0,0.000000,0.868309,0.095199,0.007743,0.965190,0.000000,0.000000,1.028538,0.016738,0.515392,0.051139,0.000000,0.581862
1147,0,0.000000,0.874675,0.097131,0.008155,0.979961,0.000000,0.000000,1.044550,0.017663,0.479570,0.010096,0.000000,0.506751
1148,0,0.000000,0.849557,0.103890,0.006994,0.950308,0.000000,0.000000,1.013737,0.015242,0.469243,0.063348,0.000000,0.547005
1149,0,0.000000,0.918391,0.190559,0.007806,1.002317,0.000000,0.000000,1.179195,0.015711,0.570655,0.149205,0.000000,0.735089
1150,0,0.000000,0.797659,0.067928,0.007347,0.872934,0.000000,0.000000,0.934236,0.016966,0.328936,0.001930,0.000000,0.346721
1151,0,0.000000,0.818776,0.063643,0.006945,0.889364,0.000000,0.000000,0.943355,0.014301,0.461374,0.015812,0.000000,0.490842
1152,0,0.000000,0.740453,0.065176,0.007258,0.812887,0.000000,0.000000,0.879965,0.012399,0.295256,0.016606,0.000000,0.323891
1153,0,0.000000,0.869511,0.069950,0.007480,0.943367,0.000000,0.000000,1.029957,0.013982,0.521971,0.023823,0.000000,0.559291
1154,0,0.000000,0.696383,0.066450,0.002259,0.764815,0.000000,0.000000,0.821902,0.050564,0.205209,0.001361,0.000000,0.250670
1155,0,0.000000,0.661541,0.121626,0.007856,0.785475,0.000000,0.000000,1.014822,0.012995,0.327392,0.025428,0.000000,0.365815
1156,0,0.000000,0.773548,0.089586,0.007541,0.870675,0.000000,0.000000,0.928354,0.023474,0.287235,0.001133,0.000000,0.310640
1157,0,0.000000,0.711816,0.071139,0.007380,0.790335,0.000000,0.000000,0.854377,0.019377,0.265521,0.001898,0.000000,0.286013
1158,0,0.000000,0.753426,0.089942,0.006917,0.850285,0.000000,0.000000,0.922076,0.016311,0.346149,0.009266,0.000000,0.371303
1159,0,0.000000,0.826648,0.067709,0.006913,0.901270,0.000000,0.000000,0.954881,0.012839,0.418535,0.001628,0.000000,0.432425
1160,0,0.000000,0.791326,0.065233,0.006829,0.863388,0.000000,0.000000,0.929270,0.014109,0.413413,0.022542,0.000000,0.449214
1161,0,0.000000,0.853307,0.068653,0.006916,0.928876,0.000000,0.000000,1.061836,0.014039,0.587613,0.016810,0.000000,0.617684
1162,0,0.000000,0.798702,0.075886,0.007703,0.882291,0.000000,0.000000,0.949764,0.016103,0.358895,0.001949,0.000000,0.375754
1163,0,0.000000,0.909332,0.068635,0.007840,0.985807,0.000000,0.000000,1.074610,0.036673,0.572752,0.015190,0.000000,0.624482
1164,0,0.000000,0.739464,0.066034,0.006787,0.812285,0.000000,0.000000,0.878519,0.014496,0.328991,0.007157,0.000000,0.349955
1165,0,0.000000,0.852845,0.065466,0.007614,0.925925,0.000000,0.000000,0.997612,0.013154,0.532830,0.016173,0.000000,0.561471
1166,0,0.000000,0.782073,0.090352,0.012459,0.856494,0.000000,0.000000,1.050341,0.108157,0.169698,0.001890,0.000000,0.180833
1167,0,0.000000,0.684222,0.082763,0.002315,0.768873,0.000000,0.000000,0.848389,0.020415,0.141931,0.040196,0.000000,0.175648
1168,0,0.000000,0.668830,0.061545,0.002187,0.732562,0.000000,0.000000,0.798093,0.015482,0.256323,0.024691,0.000000,0.296496
1169,0,0.000000,0.674399,0.060326,0.002402,0.734940,0.000000,0.000000,0.785891,0.011120,0.370918,0.001579,0.000000,0.382966
1170,0,0.000000,0.648154,0.068751,0.002306,0.719037,0.000000,0.000000,0.771519,0.013221,0.187709,0.026771,0.000000,0.227701
1171,0,0.000000,0.568183,0.100434,0.008822,0.671186,0.000000,0.000000,0.877535,0.015181,0.356922,0.008152,0.000000,0.373478
1172,0,0.000000,0.802184,0.111207,0.007806,0.882438,0.000000,0.000000,1.002443,0.021698,0.126861,0.001918,0.000000,0.144552
1173,0,0.000000,0.721446,0.090615,0.002440,0.813761,0.000000,0.000000,0.863190,0.018265,0.086546,0.031633,0.000000,0.135587
1174,0,0.000000,0.767442,0.117113,0.002336,0.871220,0.000000,0.000000,0.945044,0.017152,0.382481,0.001625,0.000000,0.400172
1175,0,0.000000,0.776021,0.104024,0.002354,0.882399,0.000000,0.000000,0.938538,0.016195,0.313013,0.001382,0.000000,0.326706
1176,0,0.000000,0.675070,0.073776,0.002136,0.746920,0.000000,0.000000,0.793929,0.016156,0.255426,0.032897,0.000000,0.304479
1177,0,0.000000,0.708017,0.065987,0.002293,0.775820,0.000000,0.000000,0.816240,0.010122,0.424741,0.001474,0.000000,0.436121
1178,0,0.000000,0.599259,0.085325,0.002154,0.686553,0.000000,0.000000,0.733107,0.010019,0.192499,0.046497,0.000000,0.249015
1179,0,0.000000,0.879658,0.102025,0.008652,0.990335,0.000000,0.000000,1.069372,0.009761,0.578410,0.001782,0.000000,0.588721
1180,0,0.000000,1.166331,0.126408,0.009300,1.302039,0.000000,0.000000,1.385325,0.018855,0.721753,0.002039,0.000000,0.741593
1181,0,0.000000,1.144502,0.087336,0.009128,1.240966,0.000000,0.000000,1.332555,0.017997,0.778704,0.004882,0.000000,0.800717
1182,0,0.000000,0.930196,0.293359,0.014341,1.226514,0.000000,0.000000,1.400236,0.017914,0.577364,0.005567,0.000000,0.594584
1183,0,0.000000,0.876687,0.071347,0.013617,0.958415,0.000000,0.000000,1.034060,0.016486,0.529680,0.004326,0.000000,0.547575
1184,0,0.000000,0.837617,0.094672,0.007426,0.929546,0.000000,0.000000,1.046969,0.017265,0.428541,0.001596,0.000000,0.439724
1185,0,0.000000,0.834043,0.130285,0.009278,0.973606,0.000000,0.000000,1.135440,0.017445,0.459035,0.004578,0.000000,0.469579
1186,0,0.000000,0.835773,0.082437,0.007457,0.921661,0.000000,0.000000,0.980965,0.017517,0.394416,0.002380,0.000000,0.412916
1187,0,0.000000,0.857081,0.073065,0.007231,0.937377,0.000000,0.000000,1.009642,0.013479,0.496552,0.026744,0.000000,0.536655
1188,0,0.000000,0.726747,0.078429,0.006845,0.812021,0.000000,0.000000,0.861960,0.014210,0.303933,0.001905,0.000000,0.318718
1189,0,0.000000,0.838964,0.097874,0.008582,0.945420,0.000000,0.000000,1.025303,0.013546,0.508374,0.047114,0.000000,0.568678
1190,0,0.000000,0.883860,0.089131,0.008194,0.981185,0.000000,0.000000,1.042342,0.018118,0.444809,0.016732,0.000000,0.478314
1191,0,0.000000,0.947009,0.092143,0.008155,1.047307,0.000000,0.000000,1.118941,0.015604,0.592314,0.033555,0.000000,0.640879
1192,0,0.000000,0.862621,0.114268,0.008231,0.985120,0.000000,0.000000,1.052584,0.016472,0.427076,0.013573,0.000000,0.449224
1193,0,0.000000,0.939941,0.099082,0.008345,1.047368,0.000000,0.000000,1.124991,0.016599,0.607602,0.033670,0.000000,0.657082
1194,0,0.000000,0.979288,0.091615,0.008968,1.079871,0.000000,0.000000,1.173298,0.016825,0.530789,0.002556,0.000000,0.547743
1195,0,0.000000,0.972177,0.095101,0.008828,1.076106,0.000000,0.000000,1.142131,0.017963,0.613545,0.004795,0.000000,0.635121
1196,0,0.000000,0.923097,0.099301,0.008308,1.030706,0.000000,0.000000,1.112989,0.014968,0.488998,0.036922,0.000000,0.540201
1197,0,0.000000,0.919536,0.119991,0.008677,1.048204,0.000000,0.000000,1.111438,0.017348,0.583431,0.027428,0.000000,0.627139
1198,0,0.000000,0.980457,0.093482,0.008131,1.082070,0.000000,0.000000,1.148165,0.017157,0.547420,0.017771,0.000000,0.581734
1199,0,0.000000,0.943826,0.153269,0.013419,1.110134,0.000000,0.000000,1.176737,0.016553,0.614136,0.005701,0.000000,0.631456
1200,0,0.000000,0.959945,0.098133,0.007426,1.065504,0.000000,0.000000,1.143888,0.024312,0.413875,0.003822,0.000000,0.442009
1201,0,0.000000,0.986108,0.084841,0.002557,1.073200,0.000000,0.000000,1.132065,0.018909,0.559525,0.044562,0.000000,0.621411
1202,0,0.000000,0.882215,0.069533,0.002198,0.953372,0.000000,0.000000,0.997378,0.018972,0.457860,0.028431,0.000000,0.497122
1203,0,0.000000,0.813791,0.072214,0.002124,0.887606,0.000000,0.000000,0.937246,0.012672,0.489221,0.029745,0.000000,0.530689
1204,0,0.000000,0.789194,0.079171,0.002205,0.869987,0.000000,0.000000,0.925999,0.010827,0.359759,0.036096,0.000000,0.397786
1205,0,0.000000,0.774930,0.084060,0.002351,0.860584,0.000000,0.000000,0.916441,0.012377,0.466015,0.040379,0.000000,0.490757
1206,0,0.000000,0.762650,0.075313,0.018834,0.856797,0.000000,0.000000,0.897853,0.012619,0.326054,0.051589,0.000000,0.390262
1207,0,0.000000,0.796894,0.087550,0.002100,0.886038,0.000000,0.000000,0.929126,0.012399,0.441733,0.045571,0.000000,0.498885
1208,0,0.000000,0.757394,0.069595,0.002128,0.828620,0.000000,0.000000,0.869405,0.011467,0.386817,0.029530,0.000000,0.421810
1209,0,0.000000,0.771485,0.085532,0.002262,0.858598,0.000000,0.000000,0.890829,0.020345,0.439131,0.041184,0.000000,0.474952
1210,0,0.000000,0.791666,0.087351,0.002044,0.880536,0.000000,0.000000,0.912818,0.012459,0.390807,0.045155,0.000000,0.443619
1211,0,0.000000,0.797052,0.074589,0.002380,0.873295,0.000000,0.000000,0.921075,0.011696,0.473458,0.032414,0.000000,0.517568
1212,0,0.000000,0.798716,0.078356,0.002077,0.878732,0.000000,0.000000,0.918414,0.012688,0.430956,0.033821,0.000000,0.475587
1213,0,0.000000,0.776453,0.086510,0.002085,0.864660,0.000000,0.000000,0.900636,0.012961,0.451253,0.042675,0.000000,0.489353
1214,0,0.000000,0.776374,0.082050,0.002046,0.860010,0.000000,0.000000,0.892400,0.012368,0.396632,0.041693,0.000000,0.447570
1215,0,0.000000,0.977773,0.045510,0.002375,1.025334,0.000000,0.000000,1.090482,0.011280,0.676168,0.006384,0.000000,0.693832
1216,0,0.000000,0.768460,0.092469,0.006863,0.867792,0.000000,0.000000,0.916730,0.015436,0.356839,0.000887,0.000000,0.372744
1217,0,0.000000,0.615662,0.093365,0.006714,0.715741,0.000000,0.000000,0.847673,0.019152,0.125031,0.030528,0.000000,0.155900
1218,0,0.000000,0.674754,0.095270,0.002250,0.771596,0.000000,0.000000,0.814980,0.018030,0.255924,0.020141,0.000000,0.293457
1219,0,0.000000,0.631153,0.097326,0.002296,0.697439,0.000000,0.000000,0.763132,0.019769,0.147233,0.014795,0.000000,0.180997
1220,0,0.000000,0.606159,0.064723,0.002274,0.673025,0.000000,0.000000,0.700716,0.011538,0.156889,0.024819,0.000000,0.181643
1221,0,0.000000,0.604587,0.064632,0.002522,0.671741,0.000000,0.000000,0.701308,0.015556,0.284723,0.024539,0.000000,0.324818
1222,0,0.000000,0.617064,0.158773,0.011893,0.686211,0.000000,0.000000,0.835203,0.009861,0.221634,0.015622,0.000000,0.242740
1223,0,0.000000,0.669726,0.114102,0.006435,0.790263,0.000000,0.000000,0.848574,0.018779,0.148870,0.016730,0.000000,0.183683
1224,0,0.000000,0.636991,0.098008,0.006924,0.741923,0.000000,0.000000,0.862050,0.015625,0.170695,0.030540,0.000000,0.216124
1225,0,0.000000,0.621277,0.094220,0.006307,0.721804,0.000000,0.000000,0.778993,0.017228,0.081117,0.012876,0.000000,0.110583
1226,0,0.000000,0.683415,0.092619,0.006240,0.782274,0.000000,0.000000,0.863347,0.017680,0.282000,0.016610,0.000000,0.315639
1227,0,0.000000,0.601559,0.100670,0.002290,0.689336,0.000000,0.000000,0.741433,0.015512,0.101768,0.016202,0.000000,0.132960
1228,0,0.000000,0.601447,0.095706,0.002240,0.698486,0.000000,0.000000,0.727331,0.014436,0.196648,0.022586,0.000000,0.233058
1229,0,0.000000,0.630334,0.108303,0.002390,0.694875,0.000000,0.000000,0.768756,0.011635,0.082434,0.013498,0.000000,0.107018
1230,0,0.000000,0.641075,0.096081,0.006817,0.743973,0.000000,0.000000,0.782226,0.014265,0.196924,0.014090,0.000000,0.224856
1231,0,0.000000,0.624061,0.094226,0.006632,0.724919,0.000000,0.000000,0.800446,0.015497,0.086262,0.016393,0.000000,0.117639
1232,0,0.000000,0.660222,0.099157,0.006491,0.765870,0.000000,0.000000,0.809688,0.015097,0.220445,0.015751,0.000000,0.250026
1233,0,0.000000,0.619563,0.102220,0.006686,0.728469,0.000000,0.000000,0.809904,0.016778,0.091131,0.015834,0.000000,0.123164
1234,0,0.000000,1.113747,0.089490,0.007776,1.211013,0.000000,0.000000,1.266214,0.014930,0.585381,0.015683,0.000000,0.615181
1235,0,0.000000,0.690050,0.105508,0.008137,0.803695,0.000000,0.000000,0.902205,0.028373,0.171692,0.013903,0.000000,0.213968
1236,0,0.000000,1.051006,0.145821,0.002492,1.199319,0.000000,0.000000,1.317013,0.074297,0.607874,0.014997,0.000000,0.697168
1237,0,0.000000,0.702097,0.075610,0.003725,0.781432,0.000000,0.000000,0.831408,0.023063,0.167359,0.016030,0.000000,0.203544
1238,0,0.000000,0.654372,0.077404,0.002285,0.734061,0.000000,0.000000,0.790951,0.018919,0.259688,0.004174,0.000000,0.279121
1239,0,0.000000,0.608634,0.058676,0.002406,0.668646,0.000000,0.000000,0.717306,0.015449,0.284275,0.009938,0.000000,0.309662
1240,0,0.000000,0.532543,0.056896,0.002371,0.591150,0.000000,0.000000,0.634462,0.010262,0.090805,0.001799,0.000000,0.102866
1241,0,0.000000,0.617672,0.103381,0.006483,0.686255,0.000000,0.000000,0.795139,0.012555,0.120909,0.001135,0.000000,0.131818
1242,0,0.000000,0.627924,0.105909,0.006592,0.740425,0.000000,0.000000,0.857058,0.019533,0.144774,0.016465,0.000000,0.169962
1243,0,0.000000,0.611536,0.093329,0.006287,0.711152,0.000000,0.000000,0.805781,0.052906,0.113298,0.001371,0.000000,0.162996
1244,0,0.000000,0.688015,0.091352,0.006560,0.785927,0.000000,0.000000,0.864329,0.017599,0.206534,0.001297,0.000000,0.224702
1245,0,0.000000,0.600984,0.081910,0.002270,0.676025,0.000000,0.000000,0.722601,0.015496,0.064350,0.001055,0.000000,0.077537
1246,0,0.000000,0.641322,0.098869,0.002226,0.741646,0.000000,0.000000,0.779824,0.015282,0.127580,0.001122,0.000000,0.143533
1247,0,0.000000,0.619232,0.101579,0.002337,0.679369,0.000000,0.000000,0.755763,0.014167,0.090490,0.001116,0.000000,0.102302
1248,0,0.000000,0.663777,0.099321,0.007632,0.770730,0.000000,0.000000,0.813876,0.011170,0.172674,0.001470,0.000000,0.184579
1249,0,0.000000,0.632187,0.193666,0.007168,0.742158,0.000000,0.000000,0.873545,0.017507,0.120721,0.130080,0.000000,0.249216
1250,0,0.000000,0.671160,0.086888,0.006703,0.764751,0.000000,0.000000,0.824183,0.017837,0.155109,0.001143,0.000000,0.169730
1251,0,0.000000,0.591439,0.093389,0.006092,0.690920,0.000000,0.000000,0.730920,0.016854,0.076436,0.001179,0.000000,0.090180
1252,0,0.000000,0.655074,0.066894,0.005573,0.724016,0.000000,0.000000,0.840120,0.015062,0.080649,0.034233,0.000000,0.126173
1253,0,0.000000,0.624770,0.060817,0.002321,0.687873,0.000000,0.000000,0.758756,0.015473,0.268762,0.013998,0.000000,0.298167
1254,0,0.000000,0.623545,0.060531,0.002219,0.686207,0.000000,0.000000,0.736386,0.013273,0.196573,0.002992,0.000000,0.212838
1255,0,0.000000,0.567865,0.063133,0.002474,0.632790,0.000000,0.000000,0.675408,0.011791,0.233480,0.001769,0.000000,0.247040
1256,0,0.000000,0.600740,0.063425,0.002142,0.666183,0.000000,0.000000,0.718984,0.012501,0.170271,0.016916,0.000000,0.199688
1257,0,0.000000,0.823183,0.098769,0.002116,0.923640,0.000000,0.000000,0.966135,0.010457,0.491098,0.056822,0.000000,0.558377
1258,0,0.000000,0.697378,0.097737,0.002190,0.796650,0.000000,0.000000,0.839162,0.016833,0.272009,0.040472,0.000000,0.328585
1259,0,0.000000,0.741413,0.072475,0.002279,0.815424,0.000000,0.000000,0.855993,0.013462,0.431919,0.021325,0.000000,0.465756
1260,0,0.000000,0.694095,0.073562,0.002111,0.769135,0.000000,0.000000,0.817243,0.013306,0.277159,0.033375,0.000000,0.322972
1261,0,0.000000,0.699622,0.078179,0.002182,0.779416,0.000000,0.000000,0.813354,0.010421,0.368004,0.012223,0.000000,0.387676
1262,0,0.000000,0.698131,0.074469,0.002153,0.774108,0.000000,0.000000,0.829983,0.012539,0.301555,0.034469,0.000000,0.348563
1263,0,0.000000,0.701853,0.072240,0.002137,0.775664,0.000000,0.000000,0.828354,0.012736,0.404303,0.032885,0.000000,0.448816
1264,0,0.000000,0.681494,0.073936,0.002156,0.756926,0.000000,0.000000,0.800836,0.025333,0.262266,0.007643,0.000000,0.291931
1265,0,0.000000,0.711246,0.069819,0.002287,0.782705,0.000000,0.000000,0.822396,0.013046,0.399249,0.029057,0.000000,0.440451
1266,0,0.000000,0.682866,0.080875,0.002100,0.765241,0.000000,0.000000,0.796144,0.012408,0.262072,0.040697,0.000000,0.314442
1267,0,0.000000,0.696878,0.080564,0.002222,0.778900,0.000000,0.000000,0.820622,0.010495,0.370429,0.040831,0.000000,0.421755
1268,0,0.000000,0.706037,0.077609,0.002132,0.785157,0.000000,0.000000,0.817596,0.010689,0.272564,0.010819,0.000000,0.291080
1269,0,0.000000,0.692305,0.074182,0.002328,0.768089,0.000000,0.000000,0.801221,0.013448,0.263932,0.033076,0.000000,0.310456
1270,0,0.000000,1.232170,0.188321,0.003208,1.423699,0.000000,0.000000,1.502492,0.011338,0.828327,0.155107,0.000000,0.994754
1271,0,0.000000,1.237684,0.088194,0.002495,1.327750,0.000000,0.000000,1.417411,0.030221,0.807177,0.032908,0.000000,0.866680
1272,0,0.000000,0.761247,0.122210,0.002581,0.840120,0.000000,0.000000,0.924274,0.013284,0.308849,0.042069,0.000000,0.363007
1273,0,0.000000,0.847636,0.079296,0.002213,0.928467,0.000000,0.000000,1.000197,0.017840,0.421834,0.038748,0.000000,0.475744
1274,0,0.000000,0.698523,0.084534,0.002078,0.766460,0.000000,0.000000,0.814303,0.012636,0.352767,0.014225,0.000000,0.378846
1275,0,0.000000,0.721793,0.085688,0.002229,0.809032,0.000000,0.000000,0.861671,0.012324,0.394179,0.012728,0.000000,0.416047
1276,0,0.000000,0.727425,0.084999,0.013396,0.795101,0.000000,0.000000,0.850292,0.012919,0.327534,0.011766,0.000000,0.347266
1277,0,0.000000,0.691179,0.088785,0.002247,0.781522,0.000000,0.000000,0.827163,0.012604,0.271988,0.046347,0.000000,0.330939
1278,0,0.000000,0.714583,0.101451,0.002054,0.796094,0.000000,0.000000,0.864865,0.011835,0.393402,0.062528,0.000000,0.466882
1279,0,0.000000,0.685863,0.088216,0.002241,0.775625,0.000000,0.000000,0.812946,0.012305,0.274527,0.009194,0.000000,0.295045
1280,0,0.000000,0.681771,0.102261,0.002270,0.785704,0.000000,0.000000,0.817040,0.012166,0.336409,0.056955,0.000000,0.405530
1281,0,0.000000,0.689764,0.081398,0.002191,0.756274,0.000000,0.000000,0.817198,0.012376,0.262910,0.041256,0.000000,0.316542
1282,0,0.000000,0.701942,0.081775,0.002282,0.768586,0.000000,0.000000,0.830583,0.010811,0.374924,0.038597,0.000000,0.424332
1283,0,0.000000,0.685951,0.087388,0.002257,0.761520,0.000000,0.000000,0.808979,0.012131,0.274981,0.016110,0.000000,0.297187
1284,0,0.000000,0.709552,0.101563,0.002230,0.790241,0.000000,0.000000,0.856882,0.012763,0.367873,0.057641,0.000000,0.437308
1285,0,0.000000,0.698868,0.087516,0.002192,0.776478,0.000000,0.000000,0.825771,0.011880,0.266965,0.020123,0.000000,0.298704
1286,0,0.000000,1.098300,0.067955,0.002490,1.168517,0.000000,0.000000,1.242973,0.012483,0.573269,0.001181,0.000000,0.586108
1287,0,0.000000,0.732154,0.067640,0.002422,0.802089,0.000000,0.000000,0.852469,0.018884,0.291987,0.001412,0.000000,0.311441
1288,0,0.000000,0.704584,0.071628,0.002189,0.770456,0.000000,0.000000,0.815169,0.011327,0.376493,0.001204,0.000000,0.388342
1289,0,0.000000,0.658425,0.065601,0.002094,0.726120,0.000000,0.000000,0.784452,0.014564,0.205124,0.001388,0.000000,0.220603
1290,0,0.000000,0.718271,0.062775,0.002224,0.783270,0.000000,0.000000,0.841739,0.010390,0.406706,0.001767,0.000000,0.418863
1291,0,0.000000,0.701129,0.134207,0.002440,0.776258,0.000000,0.000000,0.866083,0.012792,0.310199,0.001309,0.000000,0.323479
1292,0,0.000000,0.683132,0.068834,0.002201,0.747579,0.000000,0.000000,0.798837,0.009788,0.238968,0.001296,0.000000,0.247677
1293,0,0.000000,0.609569,0.074204,0.002425,0.681490,0.000000,0.000000,0.721564,0.009388,0.121094,0.001114,0.000000,0.129753
1294,0,0.000000,0.695988,0.064153,0.002167,0.762308,0.000000,0.000000,0.804201,0.010424,0.235257,0.001222,0.000000,0.244046
1295,0,0.000000,0.629293,0.064937,0.002168,0.696264,0.000000,0.000000,0.753452,0.012369,0.237005,0.001371,0.000000,0.249698
1296,0,0.000000,0.692082,0.122816,0.002198,0.756683,0.000000,0.000000,0.872085,0.010660,0.371378,0.001410,0.000000,0.383448
1297,0,0.000000,0.612348,0.074179,0.002168,0.677544,0.000000,0.000000,0.718801,0.011262,0.138857,0.001510,0.000000,0.149088
1298,0,0.000000,0.690014,0.090578,0.002076,0.761524,0.000000,0.000000,0.825722,0.011279,0.249204,0.001250,0.000000,0.259772
1299,0,0.000000,0.697108,0.073689,0.011912,0.763787,0.000000,0.000000,0.845534,0.009944,0.234919,0.013165,0.000000,0.244142
1300,0,0.000000,0.706665,0.107339,0.003157,0.815819,0.000000,0.000000,0.867480,0.016031,0.137988,0.052473,0.000000,0.194902
1301,0,0.000000,0.682990,0.080872,0.002095,0.765432,0.000000,0.000000,0.805044,0.012540,0.266694,0.036973,0.000000,0.312553
1302,0,0.000000,0.666555,0.089112,0.002162,0.757159,0.000000,0.000000,0.787981,0.012252,0.175897,0.042686,0.000000,0.227853
1303,0,0.000000,0.768723,0.078263,0.002264,0.818868,0.000000,0.000000,0.911295,0.011992,0.361991,0.004502,0.000000,0.378243
1304,0,0.000000,0.570307,0.067823,0.002220,0.640158,0.000000,0.000000,0.719253,0.015502,0.072444,0.003095,0.000000,0.087660
1305,0,0.000000,0.635080,0.126525,0.003311,0.728222,0.000000,0.000000,0.829201,0.015156,0.202049,0.092323,0.000000,0.309275
1306,0,0.000000,0.630124,0.063304,0.002190,0.695237,0.000000,0.000000,0.736754,0.014158,0.091977,0.013360,0.000000,0.106871
1307,0,0.000000,0.621637,0.064518,0.002417,0.688054,0.000000,0.000000,0.726807,0.012129,0.228812,0.001498,0.000000,0.241830
1308,0,0.000000,0.661510,0.066419,0.002019,0.729807,0.000000,0.000000,0.789974,0.011594,0.152654,0.008381,0.000000,0.172273
1309,0,0.000000,0.586696,0.064646,0.002338,0.653269,0.000000,0.000000,0.706204,0.012687,0.130412,0.010025,0.000000,0.152770
1310,0,0.000000,0.553782,0.066744,0.002065,0.621391,0.000000,0.000000,0.662086,0.012110,0.043413,0.007106,0.000000,0.062329
1311,0,0.000000,0.679976,0.067460,0.002420,0.749453,0.000000,0.000000,0.802676,0.012338,0.222601,0.007444,0.000000,0.241939
1312,0,0.000000,0.604670,0.075633,0.002197,0.682095,0.000000,0.000000,0.740137,0.012525,0.102196,0.006886,0.000000,0.121359
1313,0,0.000000,0.576723,0.073128,0.002287,0.651724,0.000000,0.000000,0.686806,0.011846,0.138620,0.016295,0.000000,0.166430
1314,0,0.000000,0.569287,0.064026,0.002153,0.635199,0.000000,0.000000,0.670296,0.012014,0.046615,0.013412,0.000000,0.056977
1315,0,0.000000,0.547960,0.068820,0.002594,0.616215,0.000000,0.000000,0.678054,0.011860,0.093661,0.021033,0.000000,0.126284
1316,0,0.000000,0.580066,0.085891,0.002382,0.668003,0.000000,0.000000,0.698745,0.012324,0.083601,0.013003,0.000000,0.108877
1317,0,0.000000,0.555516,0.078892,0.002383,0.636271,0.000000,0.000000,0.678714,0.011556,0.132636,0.013902,0.000000,0.157671
1318,0,0.000000,0.576525,0.103254,0.002117,0.681681,0.000000,0.000000,0.764949,0.012443,0.090740,0.002072,0.000000,0.104743
1319,0,0.000000,0.554838,0.065275,0.002418,0.622056,0.000000,0.000000,0.664278,0.012890,0.127113,0.014058,0.000000,0.153613
1320,0,0.000000,0.586026,0.063845,0.002257,0.627532,0.000000,0.000000,0.682300,0.011918,0.062795,0.015455,0.000000,0.074313
1321,0,0.000000,0.559770,0.063090,0.002272,0.624688,0.000000,0.000000,0.654440,0.011512,0.119236,0.016444,0.000000,0.147121
1322,0,0.000000,0.563606,0.068212,0.002205,0.633658,0.000000,0.000000,0.665166,0.011558,0.058874,0.015184,0.000000,0.085448
1323,0,0.000000,0.537835,0.079559,0.002271,0.619380,0.000000,0.000000,0.691848,0.012043,0.110471,0.002464,0.000000,0.124394
1324,0,0.000000,0.626568,0.147905,0.002700,0.681967,0.000000,0.000000,0.823536,0.012020,0.117689,0.102758,0.000000,0.194955
1325,0,0.000000,0.786679,0.097650,0.002318,0.886321,0.000000,0.000000,0.952425,0.024816,0.363142,0.046039,0.000000,0.421256
1326,0,0.000000,0.800255,0.070914,0.002600,0.873769,0.000000,0.000000,0.949927,0.018151,0.292914,0.001919,0.000000,0.312393
1327,0,0.000000,0.710255,0.076420,0.002322,0.783299,0.000000,0.000000,0.851441,0.016576,0.243703,0.001353,0.000000,0.261022
1328,0,0.000000,0.676974,0.089300,0.002378,0.768474,0.000000,0.000000,0.818270,0.014395,0.192121,0.001596,0.000000,0.207668
1329,0,0.000000,0.674197,0.067445,0.002518,0.739448,0.000000,0.000000,0.805282,0.014809,0.194437,0.001389,0.000000,0.209879
1330,0,0.000000,1.029421,0.134876,0.002745,1.166835,0.000000,0.000000,1.243521,0.013798,0.512618,0.001633,0.000000,0.527188
1331,0,0.000000,0.812848,0.129770,0.009248,0.934936,0.000000,0.000000,1.019763,0.018440,0.190884,0.002271,0.000000,0.208526
1332,0,0.000000,0.979957,0.070552,0.002243,1.048414,0.000000,0.000000,1.116785,0.017262,0.467081,0.003400,0.000000,0.487743
1333,0,0.000000,0.625558,0.072115,0.002338,0.686432,0.000000,0.000000,0.765208,0.014929,0.121283,0.002502,0.000000,0.137872
1334,0,0.000000,0.704470,0.068123,0.002477,0.772967,0.000000,0.000000,0.850489,0.051474,0.210471,0.001219,0.000000,0.263146
1335,0,0.000000,0.661790,0.082463,0.002267,0.746468,0.000000,0.000000,0.797931,0.014734,0.113793,0.014162,0.000000,0.142689
1336,0,0.000000,0.698175,0.077753,0.002639,0.770351,0.000000,0.000000,0.837745,0.015199,0.182697,0.002380,0.000000,0.199812
1337,0,0.000000,0.607535,0.094254,0.002260,0.701963,0.000000,0.000000,0.741189,0.014947,0.145474,0.003058,0.000000,0.162164
1338,0,0.000000,0.778968,0.095548,0.002129,0.860790,0.000000,0.000000,0.947273,0.014194,0.272581,0.001991,0.000000,0.288273
1339,0,0.000000,0.635146,0.067433,0.002245,0.696470,0.000000,0.000000,0.758271,0.015560,0.064310,0.001185,0.000000,0.080743
1340,0,0.000000,0.695410,0.087596,0.002321,0.771988,0.000000,0.000000,0.837822,0.014222,0.109083,0.001801,0.000000,0.122627
1341,0,0.000000,0.622518,0.068102,0.002591,0.692428,0.000000,0.000000,0.737770,0.015308,0.157081,0.001277,0.000000,0.172948
1342,0,0.000000,0.767301,0.102608,0.002227,0.872136,0.000000,0.000000,0.968887,0.015378,0.149521,0.041339,0.000000,0.206238
1343,0,0.000000,0.853046,0.083448,0.002240,0.938249,0.000000,0.000000,0.992604,0.020459,0.471028,0.032748,0.000000,0.523026
1344,0,0.000000,0.706838,0.078747,0.002185,0.776797,0.000000,0.000000,0.824533,0.016624,0.368254,0.012554,0.000000,0.396314
1345,0,0.000000,0.714435,0.089416,0.002151,0.805509,0.000000,0.000000,0.859319,0.014023,0.317083,0.043418,0.000000,0.373646
1346,0,0.000000,0.753764,0.085626,0.002005,0.841012,0.000000,0.000000,0.875173,0.011831,0.424530,0.022835,0.000000,0.458262
1347,0,0.000000,0.783807,0.086602,0.002160,0.851011,0.000000,0.000000,0.913578,0.013740,0.459079,0.044175,0.000000,0.516994
1348,0,0.000000,0.706619,0.093869,0.002104,0.802149,0.000000,0.000000,0.865046,0.024125,0.282344,0.053745,0.000000,0.358487
1349,0,0.000000,0.732860,0.106576,0.002159,0.841013,0.000000,0.000000,0.897401,0.012574,0.333242,0.067643,0.000000,0.413459
1350,0,0.000000,0.690511,0.081477,0.002136,0.772323,0.000000,0.000000,0.823812,0.012516,0.383879,0.003748,0.000000,0.397398
1351,0,0.000000,0.727974,0.088534,0.002097,0.818094,0.000000,0.000000,0.855834,0.013177,0.372061,0.048544,0.000000,0.433782
1352,0,0.000000,0.739407,0.069884,0.002120,0.811407,0.000000,0.000000,0.885344,0.012005,0.233912,0.024572,0.000000,0.250236
1353,0,0.000000,0.676804,0.094017,0.002420,0.742654,0.000000,0.000000,0.841384,0.018026,0.234923,0.011831,0.000000,0.264144
1354,0,0.000000,0.817560,0.082094,0.002675,0.901892,0.000000,0.000000,0.976809,0.019205,0.289440,0.001222,0.000000,0.308897
1355,0,0.000000,0.702914,0.077323,0.002420,0.782620,0.000000,0.000000,0.821133,0.015365,0.335207,0.000984,0.000000,0.350771
1356,0,0.000000,0.666157,0.122128,0.002316,0.790217,0.000000,0.000000,0.852562,0.011904,0.181888,0.001023,0.000000,0.194815
1357,0,0.000000,0.505323,0.039946,0.002587,0.547775,0.000000,0.000000,0.606974,0.012135,0.118154,0.001237,0.000000,0.131400
1358,0,0.000000,0.532099,0.041009,0.002386,0.572123,0.000000,0.000000,0.629823,0.012141,0.205822,0.001206,0.000000,0.219065
1359,0,0.000000,0.854224,0.110631,0.006472,0.969593,0.000000,0.000000,1.036215,0.011258,0.533804,0.028707,0.000000,0.573769
1360,0,0.000000,1.035418,0.108385,0.006633,1.150436,0.000000,0.000000,1.218273,0.018709,0.719790,0.038863,0.000000,0.776307
1361,0,0.000000,0.872058,0.185551,0.006138,0.952239,0.000000,0.000000,1.111763,0.014913,0.538496,0.001975,0.000000,0.553251
1362,0,0.000000,0.953303,0.106697,0.006557,1.052247,0.000000,0.000000,1.128981,0.017393,0.658388,0.034178,0.000000,0.708939
1363,0,0.000000,0.809375,0.084755,0.005810,0.888877,0.000000,0.000000,0.956577,0.017505,0.423632,0.047477,0.000000,0.487507
1364,0,0.000000,1.032526,0.077508,0.005967,1.113349,0.000000,0.000000,1.177611,0.015256,0.628003,0.017222,0.000000,0.659616
1365,0,0.000000,0.832627,0.076543,0.005865,0.913324,0.000000,0.000000,0.970260,0.017651,0.422206,0.037829,0.000000,0.476647
1366,0,0.000000,1.026773,0.075929,0.006028,1.105883,0.000000,0.000000,1.184413,0.015937,0.625118,0.037342,0.000000,0.677424
1367,0,0.000000,0.798506,0.075723,0.005971,0.877173,0.000000,0.000000,0.933632,0.016779,0.415792,0.002503,0.000000,0.433195
1368,0,0.000000,1.014812,0.089799,0.006665,1.111276,0.000000,0.000000,1.183878,0.015097,0.616343,0.073664,0.000000,0.704222
1369,0,0.000000,0.823587,0.095053,0.006599,0.925239,0.000000,0.000000,0.994643,0.017012,0.417634,0.051413,0.000000,0.484843
1370,0,0.000000,1.046615,0.075633,0.005770,1.125067,0.000000,0.000000,1.201858,0.017566,0.649985,0.037308,0.000000,0.703878
1371,0,0.000000,0.811702,0.075926,0.006114,0.891789,0.000000,0.000000,0.954143,0.016526,0.519393,0.002327,0.000000,0.536596
1372,0,0.000000,1.043567,0.074028,0.006143,1.123738,0.000000,0.000000,1.193923,0.016554,0.735418,0.002393,0.000000,0.753085
1373,0,0.000000,1.034155,0.092285,0.006185,1.114962,0.000000,0.000000,1.181116,0.015326,0.640796,0.024356,0.000000,0.679497
1374,0,0.000000,1.040603,0.100048,0.006806,1.147457,0.000000,0.000000,1.226813,0.017982,0.621928,0.048738,0.000000,0.687464
1375,0,0.000000,0.810823,0.076734,0.007513,0.893612,0.000000,0.000000,0.959713,0.024667,0.494594,0.011561,0.000000,0.529910
1376,0,0.000000,1.161438,0.074263,0.006454,1.242155,0.000000,0.000000,1.314389,0.030607,0.745668,0.035287,0.000000,0.810862
1377,0,0.000000,0.801904,0.075175,0.006225,0.881161,0.000000,0.000000,0.950475,0.017072,0.505206,0.037058,0.000000,0.558544
1378,0,0.000000,0.986885,0.075717,0.006566,1.066458,0.000000,0.000000,1.128920,0.015390,0.571242,0.031872,0.000000,0.617398
1379,0,0.000000,0.854620,0.077191,0.006059,0.935308,0.000000,0.000000,1.012309,0.017313,0.561567,0.019805,0.000000,0.597806
1380,0,0.000000,1.001714,0.177693,0.006795,1.081985,0.000000,0.000000,1.229126,0.016988,0.599677,0.002011,0.000000,0.615979
1381,0,0.000000,0.797343,0.105325,0.006960,0.897962,0.000000,0.000000,0.959202,0.017702,0.506448,0.060605,0.000000,0.583053
1382,0,0.000000,0.976527,0.076350,0.006369,1.054961,0.000000,0.000000,1.119125,0.017900,0.586319,0.020853,0.000000,0.623899
1383,0,0.000000,0.865148,0.079772,0.006405,0.950886,0.000000,0.000000,1.018061,0.017150,0.537411,0.020210,0.000000,0.573955
1384,0,0.000000,0.928553,0.061342,0.005204,0.994037,0.000000,0.000000,1.049215,0.017971,0.616481,0.008661,0.000000,0.641790
1385,0,0.000000,0.742742,0.064486,0.005399,0.808982,0.000000,0.000000,0.862483,0.013573,0.439184,0.024749,0.000000,0.476863
1386,0,0.000000,0.879858,0.074731,0.006511,0.958670,0.000000,0.000000,1.027722,0.014386,0.498686,0.032533,0.000000,0.544731
1387,0,0.000000,1.031214,0.078602,0.009538,1.119354,0.000000,0.000000,1.203688,0.016239,0.619795,0.008791,0.000000,0.644031
1388,0,0.000000,0.935209,0.065052,0.008531,1.008771,0.000000,0.000000,1.085618,0.020350,0.574319,0.002157,0.000000,0.595473
1389,0,0.000000,0.815797,0.081383,0.007457,0.904637,0.000000,0.000000,0.974672,0.014110,0.482472,0.024726,0.000000,0.520731
1390,0,0.000000,0.809379,0.092346,0.008778,0.910503,0.000000,0.000000,0.978300,0.015097,0.511503,0.007850,0.000000,0.533271
1391,0,0.000000,0.908689,0.085492,0.007310,1.001491,0.000000,0.000000,1.081163,0.022788,0.578668,0.026829,0.000000,0.628285
1392,0,0.000000,0.750128,0.081484,0.006996,0.828589,0.000000,0.000000,0.878547,0.014065,0.422003,0.012144,0.000000,0.447727
1393,0,0.000000,0.752792,0.087373,0.006922,0.847087,0.000000,0.000000,0.911112,0.015488,0.445478,0.024147,0.000000,0.484743
1394,0,0.000000,0.761921,0.092303,0.008592,0.862816,0.000000,0.000000,0.917507,0.014488,0.357216,0.013996,0.000000,0.385184
1395,0,0.000000,0.825162,0.083205,0.007027,0.915394,0.000000,0.000000,0.984193,0.016638,0.391520,0.024659,0.000000,0.431604
1396,0,0.000000,0.792505,0.080222,0.006955,0.873588,0.000000,0.000000,0.928645,0.014262,0.381764,0.013822,0.000000,0.408881
1397,0,0.000000,0.774346,0.089054,0.007038,0.870438,0.000000,0.000000,0.928722,0.014357,0.367066,0.037188,0.000000,0.418026
1398,0,0.000000,0.736754,0.090959,0.008213,0.835926,0.000000,0.000000,0.894305,0.014475,0.351019,0.031661,0.000000,0.396600
1399,0,0.000000,0.830269,0.086260,0.006982,0.923511,0.000000,0.000000,0.997068,0.016556,0.534634,0.026276,0.000000,0.576212
1400,0,0.000000,0.738076,0.072696,0.007020,0.817792,0.000000,0.000000,0.872038,0.014477,0.423797,0.016013,0.000000,0.453344
1401,0,0.000000,0.739828,0.083067,0.007043,0.829938,0.000000,0.000000,0.886089,0.013482,0.340241,0.005673,0.000000,0.358516
1402,0,0.000000,0.868278,0.105053,0.007509,0.980840,0.000000,0.000000,1.061826,0.013852,0.438427,0.012545,0.000000,0.464215
1403,0,0.000000,0.845934,0.081167,0.002690,0.929614,0.000000,0.000000,1.010057,0.019570,0.376888,0.026209,0.000000,0.421267
1404,0,0.000000,0.802944,0.074227,0.002784,0.879206,0.000000,0.000000,0.921106,0.013676,0.471931,0.002377,0.000000,0.487625
1405,0,0.000000,0.805286,0.080638,0.002437,0.887955,0.000000,0.000000,0.956863,0.012742,0.337774,0.024717,0.000000,0.375233
1406,0,0.000000,0.777355,0.076554,0.052106,0.906015,0.000000,0.000000,0.949017,0.011769,0.470486,0.012301,0.000000,0.494556
1407,0,0.000000,0.770750,0.076844,0.002628,0.849422,0.000000,0.000000,0.890223,0.011545,0.455231,0.037817,0.000000,0.504593
1408,0,0.000000,0.819224,0.076930,0.002320,0.898191,0.000000,0.000000,0.985031,0.011501,0.394863,0.036845,0.000000,0.443209
1409,0,0.000000,0.748432,0.076838,0.002611,0.827483,0.000000,0.000000,0.871879,0.012132,0.434560,0.001688,0.000000,0.447679
1410,0,0.000000,0.785827,0.080171,0.002677,0.867994,0.000000,0.000000,0.924216,0.011903,0.436681,0.034859,0.000000,0.483443
1411,0,0.000000,0.769692,0.077737,0.002404,0.849494,0.000000,0.000000,0.888569,0.009816,0.464084,0.011795,0.000000,0.485695
1412,0,0.000000,0.812838,0.080098,0.002707,0.894833,0.000000,0.000000,0.960803,0.023647,0.479326,0.032632,0.000000,0.535605
1413,0,0.000000,0.752531,0.078372,0.002547,0.832935,0.000000,0.000000,0.871179,0.011033,0.345366,0.017433,0.000000,0.373832
1414,0,0.000000,0.747487,0.080850,0.002816,0.830269,0.000000,0.000000,0.872337,0.012455,0.335025,0.034209,0.000000,0.381689
1415,0,0.000000,0.759906,0.076542,0.002603,0.838975,0.000000,0.000000,0.891274,0.010580,0.349150,0.038270,0.000000,0.398000
1416,0,0.000000,0.770640,0.097469,0.002397,0.870127,0.000000,0.000000,0.908001,0.010598,0.342346,0.010393,0.000000,0.363202
1417,0,0.000000,0.723934,0.103257,0.002651,0.806793,0.000000,0.000000,0.865600,0.012479,0.325793,0.034553,0.000000,0.372825
1418,0,0.000000,0.759156,0.086601,0.008419,0.822327,0.000000,0.000000,0.961535,0.009300,0.369053,0.016802,0.000000,0.379284
1419,0,0.000000,0.823391,0.107028,0.007489,0.937908,0.000000,0.000000,0.999358,0.022568,0.482923,0.009687,0.000000,0.513952
1420,0,0.000000,0.781810,0.084395,0.026076,0.874415,0.000000,0.000000,1.023590,0.019481,0.274460,0.040035,0.000000,0.316778
1421,0,0.000000,0.733691,0.087637,0.002356,0.822992,0.000000,0.000000,0.868834,0.020521,0.368389,0.014425,0.000000,0.402319
1422,0,0.000000,0.714301,0.089062,0.002222,0.804854,0.000000,0.000000,0.865029,0.031855,0.234507,0.012890,0.000000,0.279252
1423,0,0.000000,0.712528,0.091783,0.008116,0.812427,0.000000,0.000000,0.855549,0.016486,0.345533,0.001434,0.000000,0.362547
1424,0,0.000000,0.802478,0.087866,0.007885,0.898229,0.000000,0.000000,1.015065,0.017649,0.350940,0.008352,0.000000,0.372647
1425,0,0.000000,0.728753,0.090524,0.002317,0.820927,0.000000,0.000000,0.864612,0.020177,0.300797,0.011622,0.000000,0.331779
1426,0,0.000000,0.690672,0.085292,0.008135,0.784099,0.000000,0.000000,0.830640,0.013969,0.258579,0.011653,0.000000,0.269662
1427,0,0.000000,0.775166,0.085733,0.007973,0.868872,0.000000,0.000000,0.969406,0.020422,0.412067,0.001714,0.000000,0.432580
1428,0,0.000000,0.715987,0.087311,0.002182,0.805085,0.000000,0.000000,0.855252,0.019830,0.262500,0.012471,0.000000,0.278527
1429,0,0.000000,0.709570,0.087231,0.002699,0.798158,0.000000,0.000000,0.839964,0.017314,0.335516,0.011729,0.000000,0.363895
1430,0,0.000000,0.638504,0.088605,0.002141,0.728467,0.000000,0.000000,0.762110,0.014089,0.192758,0.021277,0.000000,0.207457
1431,0,0.000000,0.637189,0.092708,0.002232,0.731343,0.000000,0.000000,0.779041,0.026171,0.278074,0.011762,0.000000,0.301586
1432,0,0.000000,0.631291,0.089358,0.002032,0.722053,0.000000,0.000000,0.758177,0.016535,0.186943,0.011408,0.000000,0.200504
1433,0,0.000000,0.639034,0.087815,0.002081,0.728287,0.000000,0.000000,0.765780,0.013147,0.226696,0.017821,0.000000,0.256796
1434,0,0.000000,0.692923,0.089864,0.009525,0.792312,0.000000,0.000000,0.859687,0.016154,0.274334,0.012683,0.000000,0.287349
1435,0,0.000000,0.779194,0.105533,0.014907,0.886883,0.000000,0.000000,1.144517,0.021188,0.505070,0.009564,0.000000,0.534715
1436,0,0.000000,0.908374,0.104172,0.008515,1.014708,0.000000,0.000000,1.102770,0.023823,0.154863,0.013829,0.000000,0.191008
1437,0,0.000000,0.904584,0.081774,0.008555,0.986614,0.000000,0.000000,1.097938,0.020802,0.356611,0.033173,0.000000,0.409594
1438,0,0.000000,0.875930,0.083335,0.008422,0.961129,0.000000,0.000000,1.054002,0.021485,0.378832,0.035305,0.000000,0.434600
1439,0,0.000000,0.778513,0.087801,0.002254,0.867959,0.000000,0.000000,0.932012,0.019900,0.412788,0.006827,0.000000,0.438481
1440,0,0.000000,0.734090,0.084180,0.007805,0.826075,0.000000,0.000000,0.909519,0.020329,0.289666,0.002060,0.000000,0.305527
1441,0,0.000000,0.715164,0.088504,0.007699,0.811367,0.000000,0.000000,0.876885,0.019316,0.305950,0.011265,0.000000,0.335690
1442,0,0.000000,0.849176,0.086953,0.002339,0.937683,0.000000,0.000000,0.997887,0.019459,0.402503,0.008504,0.000000,0.418845
1443,0,0.000000,0.720375,0.092202,0.007747,0.820324,0.000000,0.000000,0.906374,0.018033,0.303535,0.001942,0.000000,0.321716
1444,0,0.000000,0.664547,0.074808,0.002327,0.740848,0.000000,0.000000,0.786638,0.019437,0.216919,0.001309,0.000000,0.232768
1445,0,0.000000,0.771814,0.092147,0.002324,0.866082,0.000000,0.000000,0.923329,0.014358,0.362380,0.006164,0.000000,0.382314
1446,0,0.000000,0.836468,0.088315,0.010637,0.932943,0.000000,0.000000,0.998846,0.028593,0.409860,0.013959,0.000000,0.432407
1447,0,0.000000,0.821458,0.079120,0.006614,0.907192,0.000000,0.000000,0.958102,0.021378,0.381288,0.001860,0.000000,0.403455
1448,0,0.000000,0.570515,0.076058,0.006625,0.653198,0.000000,0.000000,0.752145,0.017368,0.129081,0.014936,0.000000,0.157549
1449,0,0.000000,0.614032,0.081743,0.006650,0.702425,0.000000,0.000000,0.747425,0.015609,0.188851,0.011770,0.000000,0.215808
1450,0,0.000000,0.715481,0.075211,0.006211,0.796903,0.000000,0.000000,0.846095,0.017647,0.287234,0.001138,0.000000,0.301632
1451,0,0.000000,0.626843,0.091414,0.006724,0.724981,0.000000,0.000000,0.822410,0.018096,0.248529,0.010796,0.000000,0.273455
1452,0,0.000000,1.071415,0.105428,0.002283,1.178810,0.000000,0.000000,1.235301,0.016029,0.585204,0.058218,0.000000,0.647839
1453,0,0.000000,0.836213,0.078578,0.002188,0.916310,0.000000,0.000000,0.962942,0.019568,0.460818,0.030125,0.000000,0.503955
1454,0,0.000000,0.729527,0.081447,0.002247,0.812621,0.000000,0.000000,0.867300,0.013000,0.337926,0.030108,0.000000,0.371426
1455,0,0.000000,0.738539,0.094009,0.002202,0.834129,0.000000,0.000000,0.865229,0.012153,0.357951,0.046762,0.000000,0.415076
1456,0,0.000000,0.703733,0.074911,0.002164,0.780282,0.000000,0.000000,0.825455,0.013436,0.238763,0.023506,0.000000,0.255145
1457,0,0.000000,0.691251,0.068585,0.002249,0.761400,0.000000,0.000000,0.802188,0.012785,0.306567,0.018797,0.000000,0.335122
1458,0,0.000000,0.714291,0.078860,0.002347,0.794727,0.000000,0.000000,0.887751,0.012026,0.374320,0.024694,0.000000,0.404059
1459,0,0.000000,0.749594,0.091012,0.002348,0.842564,0.000000,0.000000,0.898068,0.012877,0.348139,0.041159,0.000000,0.399524
1460,0,0.000000,0.754552,0.072665,0.002216,0.828919,0.000000,0.000000,0.881082,0.014502,0.358496,0.023181,0.000000,0.372478
1461,0,0.000000,0.711122,0.076173,0.002237,0.788842,0.000000,0.000000,0.826806,0.013972,0.327549,0.028567,0.000000,0.366558
1462,0,0.000000,0.710387,0.078537,0.002194,0.790501,0.000000,0.000000,0.849552,0.012298,0.328405,0.028321,0.000000,0.365616
1463,0,0.000000,0.728526,0.080176,0.002354,0.810238,0.000000,0.000000,0.854998,0.012786,0.323587,0.031430,0.000000,0.365011
1464,0,0.000000,0.726933,0.081682,0.002131,0.810306,0.000000,0.000000,0.858253,0.011540,0.257680,0.030502,0.000000,0.270312
1465,0,0.000000,0.718017,0.075976,0.002476,0.795626,0.000000,0.000000,0.843070,0.013884,0.327863,0.023990,0.000000,0.362135
1466,0,0.000000,0.694381,0.072981,0.002107,0.768913,0.000000,0.000000,0.808482,0.011903,0.248122,0.023419,0.000000,0.260972
1467,0,0.000000,0.733819,0.078212,0.002267,0.813638,0.000000,0.000000,0.859722,0.011563,0.375981,0.030379,0.000000,0.417453
1468,0,0.000000,0.795503,0.113093,0.008082,0.910520,0.000000,0.000000,1.043270,0.012732,0.385659,0.036654,0.000000,0.399712
1469,0,0.000000,0.706346,0.078566,0.007385,0.792297,0.000000,0.000000,0.904031,0.023781,0.179340,0.002070,0.000000,0.200668
1470,0,0.000000,0.642109,0.072648,0.002382,0.716262,0.000000,0.000000,0.767219,0.017734,0.143632,0.001762,0.000000,0.160157
1471,0,0.000000,0.579258,0.116157,0.006380,0.701795,0.000000,0.000000,0.750496,0.014883,0.117072,0.001298,0.000000,0.129504
1472,0,0.000000,0.694386,0.078281,0.003011,0.764528,0.000000,0.000000,0.867277,0.015402,0.224991,0.001819,0.000000,0.237099
1473,0,0.000000,0.542677,0.069075,0.002860,0.613915,0.000000,0.000000,0.693708,0.021130,0.091328,0.001709,0.000000,0.107730
1474,0,0.000000,0.727341,0.075307,0.007801,0.810449,0.000000,0.000000,0.888841,0.015757,0.262882,0.001105,0.000000,0.275477
1475,0,0.000000,0.586101,0.090056,0.002392,0.677539,0.000000,0.000000,0.715269,0.017239,0.097401,0.001379,0.000000,0.111953
1476,0,0.000000,0.596779,0.119758,0.006998,0.723535,0.000000,0.000000,0.788500,0.012106,0.119909,0.003044,0.000000,0.129595
1477,0,0.000000,0.594559,0.091497,0.006778,0.669237,0.000000,0.000000,0.768051,0.017590,0.125321,0.001854,0.000000,0.140268
1478,0,0.000000,0.612801,0.083769,0.002268,0.697939,0.000000,0.000000,0.731852,0.015708,0.112226,0.001307,0.000000,0.125015
1479,0,0.000000,0.635566,0.091173,0.007217,0.733956,0.000000,0.000000,0.772916,0.011430,0.165693,0.001399,0.000000,0.175012
1480,0,0.000000,0.656809,0.088844,0.006411,0.752064,0.000000,0.000000,0.834017,0.017313,0.154112,0.001427,0.000000,0.168340
1481,0,0.000000,0.644775,0.087407,0.006500,0.738682,0.000000,0.000000,0.781129,0.014895,0.175929,0.001493,0.000000,0.188078
1482,0,0.000000,0.674209,0.090305,0.006701,0.771215,0.000000,0.000000,0.836316,0.017502,0.211215,0.001376,0.000000,0.225378
1483,0,0.000000,0.647718,0.102005,0.005484,0.755207,0.000000,0.000000,0.862018,0.015524,0.170922,0.002850,0.000000,0.185417
1484,0,0.000000,0.676950,0.066834,0.002463,0.744814,0.000000,0.000000,0.801094,0.018900,0.143960,0.001674,0.000000,0.159130
1485,0,0.000000,0.588800,0.067190,0.002486,0.657944,0.000000,0.000000,0.727347,0.014977,0.104634,0.001384,0.000000,0.117565
1486,0,0.000000,0.592676,0.066304,0.002405,0.661036,0.000000,0.000000,0.715422,0.011497,0.118675,0.001557,0.000000,0.128272
1487,0,0.000000,0.672375,0.101383,0.002442,0.776200,0.000000,0.000000,0.834040,0.011430,0.171950,0.001892,0.000000,0.181372
1488,0,0.000000,1.107462,0.242288,0.003199,1.180948,0.000000,0.000000,1.409786,0.017299,0.616761,0.002688,0.000000,0.634238
1489,0,0.000000,0.966650,0.135935,0.003053,1.104683,0.000000,0.000000,1.149058,0.025215,0.372130,0.002581,0.000000,0.395582
1490,0,0.000000,0.855544,0.081993,0.002587,0.939684,0.000000,0.000000,0.996962,0.016662,0.221977,0.001417,0.000000,0.240056
1491,0,0.000000,1.088270,0.082972,0.003072,1.174314,0.000000,0.000000,1.277429,0.015356,0.504417,0.001412,0.000000,0.520261
1492,0,0.000000,0.750182,0.075789,0.002614,0.827975,0.000000,0.000000,0.887240,0.023052,0.048780,0.001739,0.000000,0.071262
1493,0,0.000000,0.763081,0.068629,0.002719,0.833559,0.000000,0.000000,0.887465,0.017707,0.154446,0.001359,0.000000,0.173331
1494,0,0.000000,0.668582,0.116557,0.002627,0.741119,0.000000,0.000000,0.883414,0.015302,0.114094,0.001410,0.000000,0.130712
1495,0,0.000000,0.622339,0.065073,0.002482,0.689894,0.000000,0.000000,0.778510,0.016073,0.082757,0.002580,0.000000,0.101410
1496,0,0.000000,0.663238,0.064676,0.002484,0.730350,0.000000,0.000000,0.811313,0.015925,0.151540,0.001881,0.000000,0.169346
1497,0,0.000000,0.625300,0.071751,0.002522,0.697078,0.000000,0.000000,0.741353,0.014983,0.116364,0.001681,0.000000,0.131855
1498,0,0.000000,0.658354,0.070354,0.002477,0.723493,0.000000,0.000000,0.785825,0.015293,0.151637,0.001316,0.000000,0.167727
1499,0,0.000000,0.613299,0.110849,0.003454,0.676102,0.000000,0.000000,0.803968,0.013414,0.099874,0.002307,0.000000,0.115595
1500,0,0.000000,0.679560,0.069555,0.002458,0.742579,0.000000,0.000000,0.809575,0.014889,0.135204,0.001716,0.000000,0.150630
1501,0,0.000000,0.607929,0.064473,0.002404,0.671421,0.000000,0.000000,0.769177,0.014600,0.076548,0.001768,0.000000,0.092916
1502,0,0.000000,0.669225,0.072837,0.002546,0.735215,0.000000,0.000000,0.782575,0.015124,0.147435,0.001369,0.000000,0.163175
1503,0,0.000000,0.606556,0.071443,0.002509,0.677968,0.000000,0.000000,0.735598,0.013911,0.066306,0.001502,0.000000,0.080858
1504,0,0.000000,0.661118,0.119098,0.002518,0.726176,0.000000,0.000000,0.852128,0.014249,0.142629,0.001824,0.000000,0.158702
1505,0,0.000000,0.613032,0.063362,0.002431,0.675462,0.000000,0.000000,0.742923,0.015114,0.079476,0.001769,0.000000,0.096359
1506,0,0.000000,0.648044,0.064229,0.002629,0.713909,0.000000,0.000000,0.783595,0.014531,0.195968,0.001732,0.000000,0.212231
1507,0,0.000000,0.614124,0.079032,0.002536,0.684162,0.000000,0.000000,0.760506,0.014322,0.123690,0.001696,0.000000,0.138804
1508,0,0.000000,0.645301,0.061471,0.002571,0.709063,0.000000,0.000000,0.779238,0.014505,0.127157,0.001748,0.000000,0.143410
1509,0,0.000000,0.600405,0.070750,0.002908,0.672329,0.000000,0.000000,0.727593,0.013816,0.085087,0.001495,0.000000,0.099864
1510,0,0.000000,0.670629,0.063714,0.002500,0.736499,0.000000,0.000000,0.805437,0.013976,0.099547,0.001987,0.000000,0.115510
1511,0,0.000000,0.627510,0.071138,0.002412,0.699016,0.000000,0.000000,0.745431,0.016856,0.103632,0.001377,0.000000,0.120832
1512,0,0.000000,0.663510,0.071141,0.002558,0.727983,0.000000,0.000000,0.803217,0.014312,0.120986,0.001397,0.000000,0.135815
1513,0,0.000000,0.594356,0.067485,0.002303,0.662453,0.000000,0.000000,0.713181,0.014763,0.060604,0.001267,0.000000,0.076336
1514,0,0.000000,0.639385,0.070033,0.002494,0.703866,0.000000,0.000000,0.774170,0.013570,0.186474,0.001918,0.000000,0.201962
1515,0,0.000000,0.608921,0.071903,0.003014,0.683230,0.000000,0.000000,0.733881,0.013738,0.111197,0.003297,0.000000,0.126620
1516,0,0.000000,0.656347,0.069868,0.002424,0.720245,0.000000,0.000000,0.769479,0.015162,0.145710,0.001628,0.000000,0.161427
1517,0,0.000000,0.602793,0.082494,0.002452,0.683361,0.000000,0.000000,0.749804,0.013714,0.134467,0.002787,0.000000,0.149559
1518,0,0.000000,0.639464,0.079161,0.002423,0.721048,0.000000,0.000000,0.768841,0.014188,0.100353,0.001693,0.000000,0.116234
1519,0,0.000000,0.603955,0.078426,0.002348,0.668338,0.000000,0.000000,0.735027,0.014781,0.101854,0.001570,0.000000,0.118179
1520,0,0.000000,0.653921,0.066166,0.002379,0.720103,0.000000,0.000000,0.777707,0.013810,0.156069,0.001142,0.000000,0.170743
1521,0,0.000000,0.620224,0.067406,0.002581,0.686762,0.000000,0.000000,0.746187,0.014455,0.098355,0.001774,0.000000,0.114584
1522,0,0.000000,0.666278,0.104066,0.002285,0.732273,0.000000,0.000000,0.824133,0.014434,0.173479,0.002072,0.000000,0.189985
1523,0,0.000000,0.593805,0.064181,0.002585,0.657040,0.000000,0.000000,0.719772,0.026856,0.252769,0.001552,0.000000,0.280893
1524,0,0.000000,0.649520,0.063722,0.002726,0.714044,0.000000,0.000000,0.778713,0.014471,0.222393,0.025986,0.000000,0.262850
1525,0,0.000000,0.663200,0.076924,0.002479,0.742603,0.000000,0.000000,0.795110,0.013603,0.300787,0.001492,0.000000,0.314381
1526,0,0.000000,0.816672,0.076089,0.002738,0.895110,0.000000,0.000000,0.945447,0.013586,0.397549,0.026420,0.000000,0.437555
1527,0,0.000000,0.777297,0.098476,0.002543,0.878056,0.000000,0.000000,0.940275,0.013783,0.459011,0.023715,0.000000,0.495186
1528,0,0.000000,0.803063,0.074391,0.002538,0.879751,0.000000,0.000000,0.929697,0.013418,0.381949,0.001442,0.000000,0.395521
1529,0,0.000000,0.742683,0.073268,0.002395,0.818346,0.000000,0.000000,0.878012,0.013785,0.421647,0.023173,0.000000,0.458225
1530,0,0.000000,0.797705,0.065112,0.002499,0.862887,0.000000,0.000000,0.920999,0.012585,0.477572,0.018472,0.000000,0.508414
1531,0,0.000000,0.596116,0.060903,0.002534,0.659553,0.000000,0.000000,0.694820,0.018374,0.164864,0.004965,0.000000,0.188203
1532,0,0.000000,0.653801,0.078923,0.002603,0.717068,0.000000,0.000000,0.773061,0.013294,0.332936,0.020325,0.000000,0.366347
1533,0,0.000000,0.570546,0.081407,0.002483,0.636188,0.000000,0.000000,0.707968,0.014472,0.165902,0.001293,0.000000,0.180891
1534,0,0.000000,0.718328,0.087529,0.002460,0.808087,0.000000,0.000000,0.848606,0.012946,0.139757,0.001258,0.000000,0.153961
1535,0,0.000000,0.866085,0.083547,0.002413,0.951491,0.000000,0.000000,1.014101,0.013289,0.291823,0.001636,0.000000,0.306352
1536,0,0.000000,0.671121,0.079583,0.002636,0.753116,0.000000,0.000000,0.794915,0.015188,0.023656,0.001438,0.000000,0.039825
1537,0,0.000000,0.666823,0.079769,0.002407,0.748713,0.000000,0.000000,0.822785,0.038888,0.127696,0.001288,0.000000,0.164602
1538,0,0.000000,0.685424,0.080141,0.002460,0.767425,0.000000,0.000000,0.820943,0.013328,0.104165,0.001308,0.000000,0.118648
1539,0,0.000000,0.676189,0.079764,0.002376,0.757959,0.000000,0.000000,0.790153,0.012685,0.123337,0.001330,0.000000,0.136905
1540,0,0.000000,0.666680,0.066856,0.002383,0.734508,0.000000,0.000000,0.793388,0.014444,0.159628,0.001955,0.000000,0.175091
1541,0,0.000000,0.622437,0.065458,0.002437,0.690174,0.000000,0.000000,0.738369,0.014826,0.278839,0.001567,0.000000,0.294797
1542,0,0.000000,0.650855,0.079917,0.002374,0.733118,0.000000,0.000000,0.785956,0.013529,0.322395,0.010158,0.000000,0.346066
1543,0,0.000000,0.736350,0.080647,0.002365,0.819362,0.000000,0.000000,0.876875,0.013903,0.418971,0.010433,0.000000,0.442435
1544,0,0.000000,0.812448,0.073973,0.002312,0.888682,0.000000,0.000000,0.979192,0.054780,0.495932,0.018003,0.000000,0.525822
1545,0,0.000000,0.717007,0.087067,0.002572,0.806473,0.000000,0.000000,0.855620,0.013638,0.360266,0.008214,0.000000,0.380669
1546,0,0.000000,0.838933,0.077778,0.002639,0.919036,0.000000,0.000000,0.969859,0.013447,0.414929,0.007722,0.000000,0.435772
1547,0,0.000000,0.715793,0.073890,0.002573,0.792056,0.000000,0.000000,0.836845,0.013693,0.288598,0.023065,0.000000,0.325116
1548,0,0.000000,0.700116,0.065344,0.002410,0.764022,0.000000,0.000000,0.813121,0.012196,0.246659,0.027114,0.000000,0.285044
1549,0,0.000000,0.589579,0.063307,0.002356,0.654706,0.000000,0.000000,0.730199,0.013955,0.197692,0.014030,0.000000,0.225428
1550,0,0.000000,0.638210,0.064525,0.002350,0.704705,0.000000,0.000000,0.762772,0.013633,0.310420,0.025137,0.000000,0.347958
1551,0,0.000000,0.684796,0.064674,0.002513,0.751813,0.000000,0.000000,0.799294,0.012548,0.365827,0.023195,0.000000,0.400259
1552,0,0.000000,0.731796,0.063636,0.002365,0.795791,0.000000,0.000000,0.850405,0.013532,0.411342,0.001622,0.000000,0.425268
1553,0,0.000000,0.692246,0.075575,0.002492,0.770313,0.000000,0.000000,0.823230,0.013921,0.321362,0.026810,0.000000,0.362093
1554,0,0.000000,0.806259,0.064807,0.002367,0.870808,0.000000,0.000000,0.918832,0.018481,0.485733,0.024321,0.000000,0.528535
1555,0,0.000000,0.653150,0.069615,0.002589,0.725211,0.000000,0.000000,0.790523,0.012843,0.332567,0.026341,0.000000,0.370956
1556,0,0.000000,0.766565,0.064326,0.002328,0.831761,0.000000,0.000000,0.884040,0.013515,0.393993,0.016135,0.000000,0.422396
1557,0,0.000000,0.646613,0.062612,0.002470,0.711352,0.000000,0.000000,0.760482,0.019882,0.313406,0.003727,0.000000,0.336229
1558,0,0.000000,0.749854,0.105886,0.002399,0.817973,0.000000,0.000000,0.919180,0.013596,0.450701,0.001563,0.000000,0.465860
1559,0,0.000000,0.649939,0.065219,0.002348,0.716490,0.000000,0.000000,0.775148,0.016430,0.305210,0.021622,0.000000,0.343262
1560,0,0.000000,0.678469,0.100121,0.002448,0.781038,0.000000,0.000000,0.856656,0.027671,0.327392,0.017245,0.000000,0.371535
1561,0,0.000000,0.840633,0.078587,0.002326,0.921237,0.000000,0.000000,0.988970,0.014098,0.513483,0.034780,0.000000,0.562361
1562,0,0.000000,0.765763,0.072881,0.002643,0.841134,0.000000,0.000000,0.882700,0.013684,0.451697,0.001617,0.000000,0.465948
1563,0,0.000000,0.782396,0.064541,0.002385,0.844774,0.000000,0.000000,0.896947,0.013743,0.451086,0.021181,0.000000,0.486010
1564,0,0.000000,0.718893,0.076357,0.002852,0.797764,0.000000,0.000000,0.851772,0.012965,0.410638,0.035733,0.000000,0.458053
1565,0,0.000000,0.676399,0.075352,0.002744,0.753732,0.000000,0.000000,0.794926,0.013388,0.320786,0.029395,0.000000,0.362627
1566,0,0.000000,0.677876,0.063561,0.002359,0.742105,0.000000,0.000000,0.797630,0.013538,0.355883,0.007190,0.000000,0.375508
1567,0,0.000000,0.717889,0.063976,0.002379,0.781262,0.000000,0.000000,0.834560,0.013590,0.302134,0.020398,0.000000,0.335647
1568,0,0.000000,0.778747,0.062805,0.002353,0.843905,0.000000,0.000000,0.891194,0.013406,0.344751,0.023064,0.000000,0.380683
1569,0,0.000000,0.719289,0.063713,0.002515,0.781850,0.000000,0.000000,0.847564,0.014598,0.396905,0.020787,0.000000,0.431573
1570,0,0.000000,0.696187,0.064117,0.002533,0.760480,0.000000,0.000000,0.815250,0.013432,0.364979,0.022433,0.000000,0.399767
1571,0,0.000000,0.744633,0.062473,0.002611,0.809152,0.000000,0.000000,0.858812,0.013837,0.330292,0.021539,0.000000,0.364837
1572,0,0.000000,0.720401,0.062246,0.002433,0.785080,0.000000,0.000000,0.846654,0.013504,0.295120,0.002005,0.000000,0.310275
1573,0,0.000000,0.674057,0.077199,0.002421,0.753199,0.000000,0.000000,0.809643,0.014861,0.352358,0.032054,0.000000,0.399273
1574,0,0.000000,0.751005,0.065475,0.002259,0.815454,0.000000,0.000000,0.870747,0.013634,0.326715,0.017220,0.000000,0.356174
1575,0,0.000000,0.675103,0.063416,0.002615,0.738884,0.000000,0.000000,0.793588,0.014358,0.259058,0.001300,0.000000,0.273411
1576,0,0.000000,0.749599,0.073303,0.002884,0.825270,0.000000,0.000000,0.883591,0.014168,0.262459,0.033404,0.000000,0.309624
1577,0,0.000000,0.716161,0.063283,0.002506,0.779600,0.000000,0.000000,0.831051,0.013950,0.296371,0.001480,0.000000,0.311741
1578,0,0.000000,0.747966,0.067115,0.002348,0.815104,0.000000,0.000000,0.885875,0.013355,0.423838,0.023732,0.000000,0.460737
1579,0,0.000000,0.674612,0.063088,0.002461,0.737798,0.000000,0.000000,0.791295,0.013553,0.235343,0.016599,0.000000,0.265095
1580,0,0.000000,0.678600,0.064394,0.002330,0.743427,0.000000,0.000000,0.793910,0.013510,0.302543,0.007067,0.000000,0.321777
1581,0,0.000000,0.700917,0.061523,0.007822,0.764022,0.000000,0.000000,0.815813,0.013514,0.346247,0.001690,0.000000,0.360964
1582,0,0.000000,0.705324,0.065051,0.002312,0.770447,0.000000,0.000000,0.840992,0.014569,0.280521,0.023814,0.000000,0.318904
1583,0,0.000000,0.756015,0.064883,0.002574,0.819629,0.000000,0.000000,0.880052,0.013058,0.338640,0.001408,0.000000,0.351865
1584,0,0.000000,0.729540,0.072200,0.002449,0.803692,0.000000,0.000000,0.869574,0.015405,0.357001,0.024437,0.000000,0.396843
1585,0,0.000000,0.679813,0.063237,0.002878,0.744314,0.000000,0.000000,0.811026,0.014311,0.356699,0.001773,0.000000,0.371489
1586,0,0.000000,0.727932,0.063908,0.002553,0.794393,0.000000,0.000000,0.856809,0.013848,0.405713,0.023929,0.000000,0.443324
1587,0,0.000000,0.775235,0.072876,0.002826,0.850826,0.000000,0.000000,0.897888,0.014043,0.441078,0.002825,0.000000,0.456650
1588,0,0.000000,0.758634,0.066128,0.002393,0.826167,0.000000,0.000000,0.918588,0.015105,0.437078,0.024399,0.000000,0.476582
1589,0,0.000000,0.688410,0.064336,0.002369,0.750987,0.000000,0.000000,0.805908,0.013926,0.353518,0.001501,0.000000,0.367659
1590,0,0.000000,0.702174,0.065167,0.002320,0.767901,0.000000,0.000000,0.832586,0.013067,0.333765,0.022939,0.000000,0.369551
1591,0,0.000000,0.709426,0.066074,0.002336,0.777777,0.000000,0.000000,0.842003,0.013338,0.379737,0.025826,0.000000,0.418901
1592,0,0.000000,0.744424,0.064252,0.002568,0.811231,0.000000,0.000000,0.902339,0.013715,0.403576,0.001858,0.000000,0.418045
1593,0,0.000000,0.869426,0.106637,0.003055,0.978959,0.000000,0.000000,1.027737,0.018545,0.481042,0.037316,0.000000,0.536785
1594,0,0.000000,0.788047,0.076047,0.002445,0.866264,0.000000,0.000000,0.914887,0.023293,0.301191,0.012549,0.000000,0.337033
1595,0,0.000000,1.020532,0.097979,0.009512,1.114186,0.000000,0.000000,1.251464,0.012591,0.607590,0.002546,0.000000,0.621227
1596,0,0.000000,1.057782,0.123507,0.029071,1.187453,0.000000,0.000000,1.276652,0.023101,0.235163,0.004379,0.000000,0.258048
1597,0,0.000000,0.980574,0.131886,0.010757,1.123217,0.000000,0.000000,1.212733,0.031404,0.226130,0.004165,0.000000,0.260267
1598,0,0.000000,0.988115,0.091778,0.009591,1.089484,0.000000,0.000000,1.183299,0.020669,0.441132,0.002544,0.000000,0.458643
1599,0,0.000000,0.951618,0.093564,0.009351,1.054533,0.000000,0.000000,1.128780,0.017697,0.538508,0.001991,0.000000,0.554933
1600,0,0.000000,0.934336,0.097031,0.008646,1.040013,0.000000,0.000000,1.120718,0.018638,0.530493,0.001930,0.000000,0.541708
1601,0,0.000000,0.942917,0.096848,0.009210,1.048975,0.000000,0.000000,1.121787,0.016195,0.519075,0.002836,0.000000,0.532218
1602,0,0.000000,0.918579,0.100561,0.003004,0.985897,0.000000,0.000000,1.176466,0.018749,0.516463,0.015528,0.000000,0.542095
1603,0,0.000000,0.815299,0.109806,0.002633,0.927738,0.000000,0.000000,0.971290,0.013766,0.414486,0.053283,0.000000,0.481535
1604,1,0.000000,0.733512,0.077828,0.002105,0.813440,0.000000,0.000000,0.870758,0.011573,0.421892,0.027235,0.000000,0.459483
1605,1,0.000000,0.766680,0.079584,0.002712,0.848976,0.000000,0.000000,0.882520,0.011052,0.439844,0.034280,0.000000,0.482075
1606,1,0.000000,0.757004,0.074435,0.022827,0.854266,0.000000,0.000000,0.895466,0.010217,0.442088,0.068620,0.000000,0.520925
1607,1,0.000000,0.736516,0.074728,0.002600,0.813844,0.000000,0.000000,0.857504,0.013471,0.349261,0.025703,0.000000,0.388435
1608,1,0.000000,0.738947,0.076835,0.002247,0.818029,0.000000,0.000000,0.845016,0.012403,0.393778,0.038979,0.000000,0.445160
1609,1,0.000000,0.713033,0.083431,0.002660,0.799124,0.000000,0.000000,0.828008,0.010801,0.332891,0.044974,0.000000,0.382070
1610,1,0.000000,0.775790,0.083497,0.002262,0.861454,0.000000,0.000000,0.888910,0.009511,0.462349,0.042403,0.000000,0.514078
1611,1,0.000000,0.766179,0.076628,0.002686,0.845493,0.000000,0.000000,0.894489,0.012190,0.391672,0.036557,0.000000,0.430566
1612,1,0.000000,0.752107,0.114565,0.002274,0.851987,0.000000,0.000000,0.917836,0.010684,0.438931,0.039484,0.000000,0.450416
1613,1,0.000000,0.748271,0.098179,0.002524,0.834758,0.000000,0.000000,0.916247,0.010638,0.367010,0.035147,0.000000,0.412795
1614,1,0.000000,0.844289,0.086711,0.002208,0.933063,0.000000,0.000000,0.989674,0.013324,0.404992,0.047783,0.000000,0.454032
