iteration,food_quantity,event_poll_ms,ants_advance_ms,evaporation_ms,update_ms,advance_total_ms,render_ms,blit_ms,iteration_total_ms,mpi_halo_exchange_ms,mpi_migration_ms,mpi_food_allreduce_ms,mpi_render_comm_ms,mpi_total_comm_ms
1,0,0.000000,43.928870,15.322711,0.004646,53.456559,0.000000,0.000000,75.087464,0.050690,33.347145,15.420055,0.000000,41.411140
2,0,0.000000,35.547832,16.951033,0.013955,42.688243,0.000000,0.000000,60.401487,2.157664,29.845851,12.542563,0.000000,39.499772
3,0,0.000000,17.481495,14.523013,0.011500,32.011505,0.000000,0.000000,43.595540,3.649140,16.284648,8.012861,0.000000,24.312080
4,0,0.000000,24.870016,14.393938,0.026004,27.274008,0.000000,0.000000,43.974999,0.039150,16.461565,14.408702,0.000000,22.747085
5,0,0.000000,16.395989,5.785904,0.027706,22.209599,0.000000,0.000000,23.440117,0.736238,9.419634,5.769866,0.000000,14.051144
6,0,0.000000,17.467594,6.002713,0.007774,23.473800,0.000000,0.000000,23.985576,0.040477,9.211964,5.963926,0.000000,12.992598
7,0,0.000000,17.229516,6.344289,0.011151,23.575819,0.000000,0.000000,27.947161,0.044949,9.149126,7.981902,0.000000,17.175977
8,0,0.000000,9.839622,5.682422,0.016739,15.509116,0.000000,0.000000,20.045699,4.090515,6.296517,5.653917,0.000000,12.026164
9,0,0.000000,17.658370,5.975866,0.008666,23.642902,0.000000,0.000000,24.011489,0.048452,14.271760,5.877581,0.000000,20.190920
10,0,0.000000,17.877421,5.579151,0.007262,23.375428,0.000000,0.000000,31.909937,0.042919,13.733046,8.024549,0.000000,19.196186
11,0,0.000000,12.759573,8.985305,0.018855,19.541233,0.000000,0.000000,39.972333,0.081701,15.201932,14.707230,0.000000,29.949082
12,0,0.000000,16.993687,4.199428,0.036764,21.187760,0.000000,0.000000,31.993383,0.048964,8.734756,12.126018,0.000000,16.772471
13,0,0.000000,9.674371,5.965576,0.002401,15.641494,0.000000,0.000000,15.990837,0.072490,5.794629,5.934272,0.000000,11.759549
14,0,0.000000,18.009816,11.548640,0.009803,28.375899,0.000000,0.000000,39.975573,0.027406,11.354514,8.578016,0.000000,19.953230
15,0,0.000000,19.726421,13.144991,0.015601,29.759018,0.000000,0.000000,43.982020,2.159988,19.272722,16.041207,0.000000,27.283362
16,0,0.000000,16.431875,11.292638,0.005196,23.914215,0.000000,0.000000,35.994925,0.758418,15.351062,3.985124,0.000000,15.884490
17,0,0.000000,19.253233,11.535100,0.015804,20.703588,0.000000,0.000000,51.906389,7.957245,22.428900,19.521497,0.000000,30.710827
18,0,0.000000,17.654182,5.572486,0.011343,23.195575,0.000000,0.000000,23.987974,0.054416,13.485219,4.003260,0.000000,17.519015
19,0,0.000000,17.665635,5.876648,0.009969,23.550033,0.000000,0.000000,23.951579,0.038342,9.370050,3.980514,0.000000,13.375878
20,0,0.000000,9.952870,5.530541,0.009549,15.468667,0.000000,0.000000,16.018731,0.031106,1.683758,0.013169,0.000000,1.725505
21,0,0.000000,28.901396,12.460663,0.039280,33.411350,0.000000,0.000000,47.951215,0.034091,16.554214,12.432909,0.000000,26.926601
22,0,0.000000,16.521440,7.110880,0.015196,23.644849,0.000000,0.000000,35.600198,5.957526,15.019633,4.022107,0.000000,19.064766
23,0,0.000000,17.353113,9.584988,0.013219,26.941182,0.000000,0.000000,35.935267,0.037794,14.004524,8.007694,0.000000,18.028628
24,0,0.000000,24.788962,12.513409,0.014402,37.046839,0.000000,0.000000,59.968741,19.966248,25.030292,14.424561,0.000000,41.366808
25,0,0.000000,14.138361,11.194995,0.011721,24.646456,0.000000,0.000000,52.743378,0.060116,23.804430,12.723827,0.000000,24.062675
26,0,0.000000,19.076962,11.538125,0.013641,30.582351,0.000000,0.000000,55.192248,0.380397,19.802492,11.989581,0.000000,32.157573
27,0,0.000000,27.092386,18.812614,0.009162,27.179121,0.000000,0.000000,49.852841,1.686639,23.528193,6.821790,0.000000,25.211131
28,0,0.000000,16.109721,14.359062,0.017587,23.154161,0.000000,0.000000,40.049258,1.154172,16.470593,8.049277,0.000000,17.644548
29,0,0.000000,13.677409,15.790033,0.019270,28.754700,0.000000,0.000000,51.983052,16.029172,15.555510,15.815945,0.000000,31.944831
30,0,0.000000,24.074437,6.957061,0.012088,27.054377,0.000000,0.000000,35.993402,0.075802,16.461271,7.966269,0.000000,20.555865
31,0,0.000000,9.337411,10.490697,0.016323,19.842472,0.000000,0.000000,39.989288,4.028057,15.109831,11.973364,0.000000,28.534339
32,0,0.000000,20.408132,7.352675,0.029560,23.775512,0.000000,0.000000,43.984148,8.010044,21.215033,7.987481,0.000000,29.242707
33,0,0.000000,21.871513,6.700956,0.013931,28.569415,0.000000,0.000000,29.387336,0.058355,14.639648,6.673946,0.000000,14.728160
34,0,0.000000,17.185877,10.994022,0.015613,23.632647,0.000000,0.000000,28.520707,0.034485,14.502901,4.021919,0.000000,14.546554
35,0,0.000000,12.973233,7.676839,0.003263,17.038178,0.000000,0.000000,27.424030,3.475921,13.605840,4.000460,0.000000,17.101490
36,0,0.000000,16.535927,7.110532,0.020331,23.648032,0.000000,0.000000,24.055107,0.030013,8.351595,4.057422,0.000000,11.283691
37,0,0.000000,16.451782,6.958032,0.007767,23.410608,0.000000,0.000000,23.917408,0.063931,8.320631,3.997739,0.000000,11.317365
38,0,0.000000,9.463341,6.225911,0.003873,15.675325,0.000000,0.000000,16.002816,0.027848,1.025767,0.022412,0.000000,1.054339
39,0,0.000000,17.313725,11.696113,0.015956,28.666981,0.000000,0.000000,39.958393,0.040939,11.444353,11.976176,0.000000,19.468259
40,0,0.000000,9.762258,5.938436,0.007468,15.691756,0.000000,0.000000,16.013908,0.053662,1.290157,0.019564,0.000000,1.348440
41,0,0.000000,17.674262,5.866385,0.006722,23.540839,0.000000,0.000000,23.973434,0.031659,4.721812,3.969597,0.000000,8.707867
42,0,0.000000,17.571432,6.162728,0.014981,23.724443,0.000000,0.000000,23.998586,0.038622,9.439620,3.980520,0.000000,11.379707
43,0,0.000000,16.595405,7.083047,0.019382,23.687521,0.000000,0.000000,31.448366,0.036860,7.988862,7.985208,0.000000,15.998272
44,0,0.000000,9.687475,6.037195,0.008268,15.708709,0.000000,0.000000,16.524733,0.864574,6.533331,6.021450,0.000000,12.590547
45,0,0.000000,17.378987,6.396843,0.007799,23.776434,0.000000,0.000000,31.962481,0.034883,14.867354,14.360468,0.000000,29.251785
46,0,0.000000,16.705122,6.894700,0.010227,23.594441,0.000000,0.000000,23.913494,0.062424,11.630512,6.873551,0.000000,15.642634
47,0,0.000000,9.315936,6.385027,0.002739,15.702860,0.000000,0.000000,16.000785,0.043357,3.172354,6.373668,0.000000,7.346026
48,0,0.000000,17.802678,5.868767,0.010000,23.670607,0.000000,0.000000,23.980933,0.036647,14.615928,5.856426,0.000000,20.500433
49,0,0.000000,9.928621,5.811675,0.007473,15.740913,0.000000,0.000000,19.880926,0.035731,3.868325,7.966729,0.000000,11.861611
50,0,0.000000,9.604357,5.959743,0.010928,15.549625,0.000000,0.000000,16.047723,0.058979,6.286184,4.036288,0.000000,8.222353
51,0,0.000000,17.466465,6.202112,0.014298,23.658242,0.000000,0.000000,23.965885,0.034798,14.135852,4.008294,0.000000,14.191625
52,0,0.000000,16.869210,12.151772,0.014830,25.015854,0.000000,0.000000,31.966383,0.036631,10.809090,3.996921,0.000000,11.317634
53,0,0.000000,17.480888,6.134358,0.015655,23.613276,0.000000,0.000000,31.987257,0.053878,13.802952,12.002085,0.000000,21.090638
54,0,0.000000,9.607417,6.013597,0.011443,15.624489,0.000000,0.000000,16.007111,0.051952,1.102528,0.040259,0.000000,1.175218
55,0,0.000000,21.710367,7.525482,0.014643,25.262812,0.000000,0.000000,31.968429,0.035375,9.807239,7.494676,0.000000,13.823589
56,0,0.000000,13.365987,7.684004,0.013263,17.077510,0.000000,0.000000,23.971800,0.040884,8.944937,7.679749,0.000000,12.967762
57,0,0.000000,9.914032,5.761917,0.058883,15.665790,0.000000,0.000000,16.073360,0.036342,3.764619,5.755079,0.000000,7.872552
58,0,0.000000,17.258481,7.324648,0.014143,24.596989,0.000000,0.000000,31.899811,0.043397,11.852608,4.006220,0.000000,13.245051
59,0,0.000000,16.547077,7.133793,0.020184,23.701054,0.000000,0.000000,23.985806,0.053328,7.823394,4.011227,0.000000,11.702907
60,0,0.000000,16.934459,6.678245,0.010185,19.638877,0.000000,0.000000,23.961931,0.047808,8.468531,6.642213,0.000000,12.079500
61,0,0.000000,21.471515,10.260858,0.014429,27.736430,0.000000,0.000000,39.993628,0.041221,20.969159,8.860620,0.000000,29.031303
62,0,0.000000,14.743965,6.227556,0.016011,20.966365,0.000000,0.000000,21.295258,0.060629,5.255345,3.988624,0.000000,9.290729
63,0,0.000000,17.380213,14.885973,0.021561,31.413424,0.000000,0.000000,43.980235,0.175067,17.188222,16.015114,0.000000,27.717958
64,0,0.000000,10.076346,16.618035,0.007328,25.458412,0.000000,0.000000,27.996272,0.048540,2.212178,12.021922,0.000000,13.700870
65,0,0.000000,22.396343,6.040063,0.028381,28.438195,0.000000,0.000000,35.984183,8.005848,17.296705,7.950523,0.000000,19.744502
66,0,0.000000,13.040242,14.306700,0.012760,23.512636,0.000000,0.000000,36.040591,12.033595,14.731738,10.318670,0.000000,23.983038
67,0,0.000000,24.794073,13.949637,0.027745,25.057667,0.000000,0.000000,48.017394,7.132402,16.269468,13.964943,0.000000,28.336641
68,0,0.000000,17.158188,6.362690,0.021210,23.538982,0.000000,0.000000,23.997301,0.045453,8.876422,4.051235,0.000000,8.984389
69,0,0.000000,17.481908,6.216569,0.011352,23.699953,0.000000,0.000000,23.935537,0.075007,9.109775,4.009771,0.000000,12.514104
70,0,0.000000,17.304816,14.400847,0.010899,31.715983,0.000000,0.000000,32.011017,0.029827,8.970636,7.999674,0.000000,16.999650
71,0,0.000000,17.689466,13.803385,0.006838,31.494726,0.000000,0.000000,31.955237,0.065541,10.563474,4.000603,0.000000,14.598609
72,0,0.000000,17.607278,13.915048,0.005011,31.526282,0.000000,0.000000,31.968269,0.060506,11.266287,3.998181,0.000000,15.300693
73,0,0.000000,17.643158,14.123240,0.018883,31.785281,0.000000,0.000000,32.048146,0.044824,8.866772,4.014979,0.000000,12.879436
74,0,0.000000,23.323855,5.935392,0.007268,23.368874,0.000000,0.000000,39.889622,2.272306,17.261117,13.860291,0.000000,21.258609
75,0,0.000000,12.449532,14.531751,0.012398,20.604425,0.000000,0.000000,48.001435,8.024779,15.908361,19.413515,0.000000,30.202725
76,0,0.000000,26.489478,13.678377,0.009096,32.155659,0.000000,0.000000,41.838956,0.053195,16.772839,4.258950,0.000000,21.080765
77,0,0.000000,20.636310,12.572643,0.008014,33.212248,0.000000,0.000000,33.966520,0.076611,18.403045,11.990205,0.000000,18.502766
78,0,0.000000,16.640160,5.517622,0.005334,22.163116,0.000000,0.000000,27.621454,0.063058,9.220556,7.968336,0.000000,12.569875
79,0,0.000000,15.393142,12.144843,0.026701,27.539540,0.000000,0.000000,36.009807,4.046005,10.388907,12.048691,0.000000,23.186291
80,0,0.000000,21.793755,12.970667,0.013858,34.776601,0.000000,0.000000,43.978697,0.542194,13.715690,12.974687,0.000000,26.273330
81,0,0.000000,16.934055,11.729307,0.009854,21.230033,0.000000,0.000000,39.980027,4.053712,19.197012,7.742743,0.000000,20.345324
82,0,0.000000,14.813534,7.745734,0.011511,17.453438,0.000000,0.000000,32.029554,8.041281,17.738555,7.731213,0.000000,21.752483
83,0,0.000000,9.305343,6.354386,0.008615,15.664461,0.000000,0.000000,16.024048,0.031666,5.844861,6.333538,0.000000,12.202040
84,0,0.000000,17.487561,6.211414,0.011861,23.710836,0.000000,0.000000,23.948862,0.043016,14.338006,6.180507,0.000000,20.545377
85,0,0.000000,16.552294,7.118143,0.004802,23.675239,0.000000,0.000000,23.990365,0.043709,12.062644,7.116694,0.000000,19.207070
86,0,0.000000,17.710500,5.935009,0.018317,23.649100,0.000000,0.000000,27.972897,0.052870,10.812981,7.988115,0.000000,17.211913
87,0,0.000000,9.385082,6.200812,0.007958,15.517026,0.000000,0.000000,16.054262,0.920599,6.200835,4.020597,0.000000,10.252029
88,0,0.000000,17.236006,14.433798,0.011045,23.678267,0.000000,0.000000,31.936300,0.032666,10.914442,6.659250,0.000000,14.873073
89,0,0.000000,9.544580,8.534130,0.014742,14.710612,0.000000,0.000000,31.077055,0.051292,15.364274,12.231056,0.000000,27.638044
90,0,0.000000,12.753421,7.669333,0.011484,20.434238,0.000000,0.000000,32.025445,0.064760,20.704533,7.599537,0.000000,28.344231
91,0,0.000000,16.368885,7.537392,0.012803,23.909832,0.000000,0.000000,31.974833,0.039382,15.185413,7.528932,0.000000,21.453050
92,0,0.000000,17.278392,6.488221,0.009949,23.774284,0.000000,0.000000,23.982976,0.046323,10.055847,4.011717,0.000000,14.078045
93,0,0.000000,9.793908,5.530492,0.008194,15.270474,0.000000,0.000000,16.081025,0.033878,1.799728,3.900514,0.000000,5.726958
94,0,0.000000,17.223263,6.364689,0.012988,23.584768,0.000000,0.000000,27.875577,0.036334,8.958050,7.965527,0.000000,16.951172
95,0,0.000000,9.662463,9.706924,0.008253,19.372042,0.000000,0.000000,20.015758,0.052410,1.285517,0.788568,0.000000,1.556000
96,0,0.000000,12.878520,10.967070,0.016985,19.918305,0.000000,0.000000,36.018859,0.059077,15.455095,4.028949,0.000000,15.537658
97,0,0.000000,21.418437,7.365064,0.011365,28.770386,0.000000,0.000000,36.756405,0.054157,19.449848,0.030421,0.000000,19.526063
98,0,0.000000,17.423439,14.354954,0.005504,31.169775,0.000000,0.000000,31.978109,0.034574,8.819008,8.024181,0.000000,16.870470
99,0,0.000000,17.138134,10.457979,0.019107,23.624208,0.000000,0.000000,28.010676,0.038487,8.831724,6.504935,0.000000,12.921078
100,0,0.000000,13.646831,12.387811,0.007705,25.346942,0.000000,0.000000,40.002763,8.002728,18.106878,17.123219,0.000000,30.438846
101,0,0.000000,21.798050,14.932728,0.012066,28.146458,0.000000,0.000000,37.522791,0.055079,19.801379,6.324609,0.000000,19.867094
102,0,0.000000,16.556122,6.376735,0.003493,22.922537,0.000000,0.000000,23.402147,0.055509,8.854729,3.980099,0.000000,12.358335
103,0,0.000000,16.926174,6.747715,0.003907,23.635826,0.000000,0.000000,24.012074,0.023616,8.329195,2.701716,0.000000,8.370061
104,0,0.000000,16.698525,10.719330,0.004876,23.420084,0.000000,0.000000,27.939403,0.033945,10.346154,0.012483,0.000000,10.386639
105,0,0.000000,10.864394,7.542605,0.006659,16.678533,0.000000,0.000000,32.003307,8.016615,15.175059,7.529298,0.000000,22.370086
106,0,0.000000,9.061418,14.588078,0.006609,23.606804,0.000000,0.000000,23.991670,0.036257,5.627383,6.605370,0.000000,12.259123
107,0,0.000000,9.292657,6.689319,0.091762,15.981739,0.000000,0.000000,16.236870,0.042183,6.564249,6.510100,0.000000,13.107714
108,0,0.000000,20.355337,14.145890,0.011494,34.512721,0.000000,0.000000,43.719044,0.045634,22.416994,17.602408,0.000000,30.464040
109,0,0.000000,9.457472,6.274960,0.008318,15.733438,0.000000,0.000000,16.023910,0.050229,5.863059,6.259635,0.000000,12.167437
110,0,0.000000,17.727983,5.942752,0.004503,23.668154,0.000000,0.000000,23.956797,0.035093,14.747890,5.902275,0.000000,20.677171
111,0,0.000000,16.914309,6.772812,0.005110,23.692231,0.000000,0.000000,24.043621,0.032153,14.176465,6.764898,0.000000,20.963035
112,0,0.000000,16.973963,6.781220,0.004652,23.759835,0.000000,0.000000,23.939091,0.041217,13.630084,4.000868,0.000000,13.680090
113,0,0.000000,16.680560,6.675445,0.007419,23.351114,0.000000,0.000000,23.902482,0.044082,8.224564,3.982562,0.000000,11.736350
114,0,0.000000,17.439312,6.241721,0.004023,23.681382,0.000000,0.000000,24.009769,0.030793,10.142331,4.012863,0.000000,12.450606
115,0,0.000000,9.390352,6.459400,0.007980,15.857732,0.000000,0.000000,16.005632,0.036777,0.822349,0.031190,0.000000,0.860034
116,0,0.000000,17.495262,6.245583,0.006744,23.747589,0.000000,0.000000,23.951410,0.033348,4.982710,3.990151,0.000000,8.992333
117,0,0.000000,16.710917,12.953238,0.022924,22.244700,0.000000,0.000000,40.017765,0.026427,17.525493,12.003429,0.000000,29.545184
118,0,0.000000,16.994914,7.492840,0.013864,17.074702,0.000000,0.000000,31.982197,0.047266,15.026851,7.436300,0.000000,15.084027
119,0,0.000000,9.318587,6.297718,0.001851,15.607896,0.000000,0.000000,15.981823,0.047144,5.200723,6.286675,0.000000,11.522809
120,0,0.000000,17.200344,6.622130,0.009333,23.806832,0.000000,0.000000,23.996648,0.025074,14.282344,3.997230,0.000000,14.315916
121,0,0.000000,16.919555,6.780653,0.009041,23.702028,0.000000,0.000000,23.985978,0.038702,8.463334,3.999210,0.000000,12.401028
122,0,0.000000,16.937312,6.548824,0.011143,23.488521,0.000000,0.000000,23.985483,0.037799,8.697851,3.992808,0.000000,12.705342
123,0,0.000000,9.142526,6.536004,0.006124,15.664403,0.000000,0.000000,15.993088,0.039641,0.619642,0.018154,0.000000,0.653167
124,0,0.000000,17.284994,6.342208,0.006398,23.609347,0.000000,0.000000,23.994133,0.027080,0.882167,0.041099,0.000000,0.935608
125,0,0.000000,12.452676,7.513195,0.007904,16.897803,0.000000,0.000000,23.979724,0.031878,7.402985,3.995509,0.000000,7.941473
126,0,0.000000,9.071359,6.748858,0.002773,15.820051,0.000000,0.000000,16.001903,0.035431,0.731136,0.024099,0.000000,0.764535
127,0,0.000000,17.392373,6.325503,0.002914,23.707013,0.000000,0.000000,23.959659,0.021412,0.926239,0.008047,0.000000,0.947584
128,0,0.000000,12.950944,7.678144,0.020409,17.145920,0.000000,0.000000,24.052592,0.027974,7.554222,4.024792,0.000000,7.615138
129,0,0.000000,12.533893,7.528312,0.015544,20.054039,0.000000,0.000000,31.828454,0.045305,15.525935,3.984867,0.000000,19.312192
130,0,0.000000,9.513626,6.249509,0.006270,15.768648,0.000000,0.000000,15.978280,0.046139,3.040929,4.001835,0.000000,7.070797
131,0,0.000000,17.387928,6.279633,0.012594,23.678057,0.000000,0.000000,23.984904,0.027279,11.463997,4.006281,0.000000,15.489479
132,0,0.000000,12.677228,17.612860,0.012332,30.294914,0.000000,0.000000,44.458362,0.032127,18.051646,13.090242,0.000000,22.740430
133,0,0.000000,12.743129,7.667330,0.007757,19.786246,0.000000,0.000000,27.478642,3.514331,12.484126,3.993506,0.000000,12.537318
134,0,0.000000,12.844097,7.968468,0.015289,17.135492,0.000000,0.000000,32.018169,0.036597,14.708671,7.956616,0.000000,19.818243
135,0,0.000000,17.098028,11.275787,0.008652,20.377347,0.000000,0.000000,35.964872,0.043224,15.334981,7.218863,0.000000,15.381980
136,0,0.000000,17.101200,13.962211,0.004738,31.067172,0.000000,0.000000,43.174598,11.627492,16.516262,4.016201,0.000000,20.668059
137,0,0.000000,8.898325,6.753234,0.004850,15.629919,0.000000,0.000000,16.032183,0.578468,0.736521,6.727905,0.000000,7.521420
138,0,0.000000,16.916353,10.475001,0.008951,23.398612,0.000000,0.000000,43.945226,0.029870,13.536870,11.973749,0.000000,21.560280
139,0,0.000000,12.420909,7.326594,0.009477,16.180894,0.000000,0.000000,35.471568,0.585819,15.348401,7.986795,0.000000,15.383248
140,0,0.000000,13.005806,16.671297,0.004534,25.656087,0.000000,0.000000,51.064200,8.019484,15.260436,16.674422,0.000000,38.981566
141,0,0.000000,17.449376,11.302797,0.016065,25.529098,0.000000,0.000000,44.915765,0.050378,15.312473,15.119701,0.000000,23.359301
142,0,0.000000,13.190223,12.398762,0.012970,21.737528,0.000000,0.000000,49.018954,4.018812,18.157833,16.334846,0.000000,35.219465
143,0,0.000000,19.280118,13.700184,0.012138,19.337047,0.000000,0.000000,38.455865,0.065893,18.591653,14.063055,0.000000,22.843722
144,0,0.000000,17.426494,11.495316,0.007784,28.197146,0.000000,0.000000,31.969712,0.053804,10.923451,13.985698,0.000000,20.748655
145,0,0.000000,17.179797,14.093160,0.015407,31.288364,0.000000,0.000000,31.963823,0.037082,13.172388,12.028459,0.000000,21.242895
146,0,0.000000,15.406531,13.051437,0.011874,26.218167,0.000000,0.000000,38.995552,0.057453,17.265887,5.955458,0.000000,17.306611
147,0,0.000000,13.242463,17.076263,0.016371,26.433350,0.000000,0.000000,44.020472,8.021573,21.696491,13.063912,0.000000,26.282822
148,0,0.000000,12.706776,17.290938,0.014152,29.447128,0.000000,0.000000,47.477520,3.942828,10.060805,17.282832,0.000000,27.608072
149,0,0.000000,17.365389,11.467167,0.011598,20.964562,0.000000,0.000000,36.690238,0.064441,13.223337,7.888938,0.000000,14.147427
150,0,0.000000,22.162038,17.931417,0.012189,40.105644,0.000000,0.000000,45.865353,8.007292,9.123534,17.840248,0.000000,30.915766
151,0,0.000000,23.189362,15.924842,0.021421,35.566723,0.000000,0.000000,45.683073,0.069775,13.435159,6.557346,0.000000,14.545065
152,0,0.000000,13.754072,13.883142,0.013764,23.377587,0.000000,0.000000,28.426535,0.046282,10.966762,0.014325,0.000000,11.005450
153,0,0.000000,9.342516,6.257558,0.002091,15.595742,0.000000,0.000000,16.007441,0.030938,0.986245,0.017661,0.000000,1.022800
154,0,0.000000,17.395889,6.232013,0.008230,23.445510,0.000000,0.000000,24.013466,0.026209,1.094420,0.052678,0.000000,1.170871
155,0,0.000000,17.156186,6.469655,0.019503,19.636256,0.000000,0.000000,23.994534,0.034872,8.743681,4.040005,0.000000,12.778479
156,0,0.000000,9.690216,6.022944,0.010114,15.712820,0.000000,0.000000,16.007327,0.064263,1.304201,0.056423,0.000000,1.417418
157,0,0.000000,21.144101,19.473295,0.014732,33.985340,0.000000,0.000000,46.748979,0.034330,10.396656,16.544332,0.000000,25.242549
158,0,0.000000,22.008731,10.852544,0.017068,32.863250,0.000000,0.000000,38.142071,0.053180,10.023865,15.792592,0.000000,23.129324
159,0,0.000000,21.832689,6.948000,0.047618,28.743191,0.000000,0.000000,35.076970,3.713364,17.545073,6.877947,0.000000,17.637953
160,0,0.000000,16.809648,6.755624,0.014719,23.324753,0.000000,0.000000,24.079798,0.113441,8.281986,6.629732,0.000000,12.356250
161,0,0.000000,17.401993,10.297068,0.024241,23.691180,0.000000,0.000000,39.770682,0.036363,16.634222,7.997327,0.000000,22.955091
162,0,0.000000,21.027860,13.604571,0.015377,22.284137,0.000000,0.000000,49.698750,8.020980,17.417623,13.585793,0.000000,32.452130
163,0,0.000000,14.826851,16.705404,0.027288,27.310830,0.000000,0.000000,42.470524,2.316744,14.288626,12.653988,0.000000,20.222666
164,0,0.000000,23.365987,12.318534,0.006816,23.646648,0.000000,0.000000,43.284295,3.832557,15.994703,14.945458,0.000000,26.821991
165,0,0.000000,19.081542,14.508540,0.034223,29.640759,0.000000,0.000000,46.145709,1.893925,17.725237,14.498047,0.000000,30.774715
166,0,0.000000,19.372159,11.423290,0.006152,23.015303,0.000000,0.000000,33.728160,0.046945,18.582313,7.585192,0.000000,22.619215
167,0,0.000000,13.376416,7.588342,0.012005,20.968813,0.000000,0.000000,28.208368,0.059806,11.549612,4.021917,0.000000,15.615582
168,0,0.000000,9.774776,5.995495,0.006989,15.742193,0.000000,0.000000,16.014711,0.035243,1.503798,0.030811,0.000000,1.555699
169,0,0.000000,17.145822,5.923011,0.009306,23.056586,0.000000,0.000000,43.341970,0.041954,11.011851,11.460454,0.000000,14.266646
170,0,0.000000,9.095974,10.372907,0.014575,19.074472,0.000000,0.000000,40.001689,8.020760,13.162130,8.046888,0.000000,21.974408
171,0,0.000000,15.573557,11.530607,0.013295,27.113059,0.000000,0.000000,31.984705,0.542870,7.824259,11.975645,0.000000,19.589338
172,0,0.000000,17.330662,6.195388,0.008149,23.498386,0.000000,0.000000,24.030626,2.974044,9.193405,4.000751,0.000000,14.153447
173,0,0.000000,16.605599,7.063041,0.014552,23.669781,0.000000,0.000000,31.956502,0.030191,8.036683,7.995733,0.000000,16.005819
174,0,0.000000,9.237944,14.603780,0.006581,23.562589,0.000000,0.000000,24.018387,0.029643,0.588446,0.037547,0.000000,0.652049
175,0,0.000000,12.809994,12.435270,0.008503,21.397224,0.000000,0.000000,40.002845,0.039602,13.969182,12.405212,0.000000,22.008503
176,0,0.000000,16.752797,14.413707,0.016336,27.301909,0.000000,0.000000,31.957076,0.048970,8.402008,11.973973,0.000000,19.821616
177,0,0.000000,16.909763,9.778331,0.007280,22.682916,0.000000,0.000000,37.467027,0.050571,13.793246,13.570786,0.000000,21.842023
178,0,0.000000,21.469485,7.555781,0.010069,21.523236,0.000000,0.000000,36.403394,0.061989,15.486863,7.522540,0.000000,19.553265
179,0,0.000000,16.918525,14.223406,0.016448,31.143172,0.000000,0.000000,31.999578,0.032991,8.551634,12.028793,0.000000,20.149337
180,0,0.000000,9.247978,5.996506,0.006911,15.239090,0.000000,0.000000,15.959842,0.057911,1.422093,5.978868,0.000000,7.123418
181,0,0.000000,17.173220,6.466669,0.010825,23.642201,0.000000,0.000000,27.959849,0.029923,12.817461,7.961919,0.000000,16.590982
182,0,0.000000,20.944983,15.413380,0.013602,24.485966,0.000000,0.000000,41.120721,1.326374,15.546121,12.315467,0.000000,27.609780
183,0,0.000000,9.203418,7.472146,0.013446,16.689010,0.000000,0.000000,30.885217,0.045984,15.679840,3.987027,0.000000,19.707029
184,0,0.000000,23.269182,7.532117,0.006296,30.804302,0.000000,0.000000,31.980329,0.036366,15.251206,3.974819,0.000000,15.304771
185,0,0.000000,17.257447,10.461196,0.014427,27.066166,0.000000,0.000000,27.992309,0.034380,8.992139,4.009229,0.000000,13.034982
186,0,0.000000,19.883732,10.112959,0.012309,25.786088,0.000000,0.000000,38.724818,0.054401,17.024324,8.032380,0.000000,25.074034
187,0,0.000000,22.503695,13.177075,0.009619,22.579931,0.000000,0.000000,36.917056,0.050196,9.675387,9.551999,0.000000,17.726011
188,0,0.000000,15.492599,7.144588,0.021442,21.849284,0.000000,0.000000,31.662790,1.784237,13.222802,7.104558,0.000000,15.628915
189,0,0.000000,9.384495,6.276553,0.010039,15.656310,0.000000,0.000000,15.993927,0.043594,5.671301,6.250602,0.000000,11.965497
190,0,0.000000,17.097057,10.445391,0.007829,26.975847,0.000000,0.000000,34.019791,0.031262,14.440610,12.072696,0.000000,22.459474
191,0,0.000000,14.821111,9.380070,0.016724,20.705610,0.000000,0.000000,37.906122,0.063346,16.608435,13.820490,0.000000,24.011093
192,0,0.000000,17.499181,6.231071,0.020094,23.746260,0.000000,0.000000,24.031471,0.046471,9.035513,0.044360,0.000000,9.113488
193,0,0.000000,17.520019,6.282530,0.002547,23.805096,0.000000,0.000000,24.070433,0.066931,10.679814,0.077406,0.000000,10.770178
194,0,0.000000,20.507895,7.473953,0.007740,25.008368,0.000000,0.000000,31.972513,0.023051,15.347738,7.447444,0.000000,17.414977
195,0,0.000000,18.453961,7.734508,0.012412,26.196116,0.000000,0.000000,31.977634,0.051471,15.575254,4.019095,0.000000,19.627607
196,0,0.000000,9.619408,5.967099,0.005743,15.581437,0.000000,0.000000,15.995738,0.033822,1.423587,0.030992,0.000000,1.483542
197,0,0.000000,17.462865,6.123386,0.013098,23.583180,0.000000,0.000000,23.976603,0.030852,4.924050,4.012513,0.000000,8.944930
198,0,0.000000,9.156840,6.706286,0.008480,15.866793,0.000000,0.000000,16.013985,0.026444,0.643687,0.218355,0.000000,0.672975
199,0,0.000000,24.798055,10.674820,0.009999,35.474144,0.000000,0.000000,43.630474,0.020997,12.470407,11.978063,0.000000,24.466962
200,0,0.000000,13.665611,6.471291,0.011858,20.088966,0.000000,0.000000,20.326075,0.050956,10.830376,0.033130,0.000000,10.878787
201,0,0.000000,17.330089,6.274133,0.006950,23.586234,0.000000,0.000000,23.994633,0.023993,10.937782,3.998723,0.000000,10.965838
202,0,0.000000,16.729617,6.959563,0.018671,23.687043,0.000000,0.000000,24.048533,0.030646,9.483969,4.071199,0.000000,13.579455
203,0,0.000000,17.062919,13.544728,0.014924,30.308601,0.000000,0.000000,32.241678,0.063632,9.823291,12.321027,0.000000,22.178468
204,0,0.000000,16.297189,7.010738,0.012387,23.309235,0.000000,0.000000,23.665422,0.049448,8.900316,3.980107,0.000000,12.907564
205,0,0.000000,9.429272,6.148627,0.009897,15.587796,0.000000,0.000000,16.042551,0.039087,1.159244,0.041210,0.000000,1.228268
206,0,0.000000,24.834230,6.500593,0.012740,31.302186,0.000000,0.000000,31.968292,0.042245,12.722904,4.020924,0.000000,16.760703
207,0,0.000000,16.895192,6.735735,0.012880,23.625640,0.000000,0.000000,23.961350,0.041267,10.409764,3.997265,0.000000,10.461285
208,0,0.000000,12.515346,7.008107,0.013042,19.523556,0.000000,0.000000,23.980881,0.040119,8.335197,3.982934,0.000000,12.358250
209,0,0.000000,16.788211,6.883846,0.012038,23.684095,0.000000,0.000000,23.921906,0.028495,8.016266,3.990865,0.000000,11.886731
210,0,0.000000,9.217891,6.565144,0.002871,15.767606,0.000000,0.000000,15.988445,0.043415,3.194610,4.001689,0.000000,7.220865
211,0,0.000000,17.448835,6.027639,0.012390,23.464465,0.000000,0.000000,23.986440,0.025829,11.138252,4.002191,0.000000,11.185823
212,0,0.000000,16.922076,6.870592,0.007925,23.796022,0.000000,0.000000,23.996483,0.029675,8.260562,4.022710,0.000000,11.584476
213,0,0.000000,17.114639,6.252424,0.008076,23.363094,0.000000,0.000000,23.978275,0.030685,9.995164,3.980389,0.000000,13.989208
214,0,0.000000,16.662177,6.887790,0.015875,23.391546,0.000000,0.000000,23.992425,0.037979,9.112006,3.979248,0.000000,13.121030
215,0,0.000000,17.087073,6.679922,0.014809,23.709634,0.000000,0.000000,24.030650,0.032100,8.714435,3.992413,0.000000,12.729760
216,0,0.000000,16.899335,6.767059,0.002432,23.668074,0.000000,0.000000,23.914084,0.092710,8.582664,3.986362,0.000000,12.596811
217,0,0.000000,17.030525,6.564812,0.012548,23.585786,0.000000,0.000000,24.069581,0.020911,8.737074,4.024907,0.000000,12.779501
218,0,0.000000,9.858526,5.866059,0.009104,15.699728,0.000000,0.000000,15.993372,0.036759,3.745995,4.055698,0.000000,7.833331
219,0,0.000000,17.629163,5.972111,0.004759,23.585917,0.000000,0.000000,23.934396,0.035766,12.157723,3.993845,0.000000,12.199508
220,0,0.000000,17.282142,6.241265,0.020698,23.384807,0.000000,0.000000,24.036627,0.033316,8.577961,4.033023,0.000000,12.291825
221,0,0.000000,17.094785,6.238696,0.016513,23.344492,0.000000,0.000000,23.987149,0.041930,8.916911,4.035155,0.000000,8.987864
222,0,0.000000,17.075479,6.084192,0.009170,23.162743,0.000000,0.000000,23.956135,0.038470,8.247374,4.010037,0.000000,8.316897
223,0,0.000000,9.661869,6.106865,0.009314,15.763960,0.000000,0.000000,16.002897,0.040979,1.190864,0.034803,0.000000,1.246738
224,0,0.000000,17.183317,7.783355,0.009500,24.969247,0.000000,0.000000,31.968175,0.027004,10.954452,3.988012,0.000000,14.967065
225,0,0.000000,9.460050,6.038816,0.013346,15.496995,0.000000,0.000000,15.933488,0.034802,0.827790,0.053576,0.000000,0.915723
226,0,0.000000,17.411645,7.648815,0.019646,25.062041,0.000000,0.000000,32.007125,0.032444,10.692258,4.007911,0.000000,14.724130
227,0,0.000000,9.534474,5.887362,0.014354,15.430118,0.000000,0.000000,15.993523,0.053496,2.171371,4.037647,0.000000,6.258553
228,0,0.000000,24.660037,10.713516,0.013912,31.391804,0.000000,0.000000,35.916107,0.042778,17.788977,4.018429,0.000000,21.847583
229,0,0.000000,16.260437,18.711068,0.034747,28.087045,0.000000,0.000000,52.079718,7.999342,15.774821,16.083876,0.000000,32.974974
230,0,0.000000,16.965948,7.679839,0.015475,24.647690,0.000000,0.000000,35.914086,0.076556,19.440853,7.629842,0.000000,27.124772
231,0,0.000000,24.454977,16.077719,0.019010,33.321652,0.000000,0.000000,43.363441,0.034206,18.174799,16.242295,0.000000,22.866999
232,0,0.000000,13.892081,6.271798,0.011753,20.167178,0.000000,0.000000,20.612925,0.054901,11.232417,6.255551,0.000000,15.262323
233,0,0.000000,9.595742,6.135610,0.007707,15.718124,0.000000,0.000000,16.000102,0.039615,5.931356,6.115229,0.000000,12.068453
234,0,0.000000,17.531883,14.377809,0.015608,31.920278,0.000000,0.000000,39.963417,0.032726,14.776675,4.197746,0.000000,15.017408
235,0,0.000000,17.089608,6.828983,0.007263,23.843808,0.000000,0.000000,24.077337,0.043485,8.180045,6.731813,0.000000,12.155057
236,0,0.000000,16.910342,6.801771,0.009304,23.689745,0.000000,0.000000,39.434625,0.028507,17.088333,12.357173,0.000000,17.130844
237,0,0.000000,12.184855,11.521943,0.034475,20.392505,0.000000,0.000000,39.984538,0.744620,11.966202,11.515500,0.000000,19.707431
238,0,0.000000,15.566912,6.661926,0.013760,22.234592,0.000000,0.000000,22.615935,0.046103,8.524897,6.654007,0.000000,14.991710
239,0,0.000000,16.702203,6.919329,0.010639,23.615941,0.000000,0.000000,23.953381,0.032668,7.932172,3.991255,0.000000,11.629817
240,0,0.000000,9.322716,6.515792,0.001875,15.830959,0.000000,0.000000,16.006464,0.033620,0.650970,0.010926,0.000000,0.692769
241,0,0.000000,17.699301,5.878679,0.005488,23.555488,0.000000,0.000000,23.935859,0.029049,5.296248,4.026430,0.000000,9.344644
242,0,0.000000,16.860556,13.649377,0.018743,26.351556,0.000000,0.000000,45.093266,0.027210,11.863733,13.125992,0.000000,22.005638
243,0,0.000000,15.840421,8.220368,0.009326,19.974991,0.000000,0.000000,38.428225,2.459744,15.307345,12.004675,0.000000,29.730407
244,0,0.000000,15.595291,6.248117,0.013656,21.839044,0.000000,0.000000,26.138400,0.047548,8.886171,7.987067,0.000000,16.916535
245,0,0.000000,13.815835,7.452903,0.017588,21.286326,0.000000,0.000000,33.288737,8.034182,21.589204,5.259079,0.000000,21.627587
246,0,0.000000,15.838002,6.313874,0.016988,22.166409,0.000000,0.000000,22.736981,0.087856,8.594204,4.019801,0.000000,11.251836
247,0,0.000000,9.681628,6.191167,0.030981,15.805232,0.000000,0.000000,16.095519,0.048832,3.621783,4.116573,0.000000,7.787188
248,0,0.000000,17.214662,6.303847,0.010883,23.509181,0.000000,0.000000,23.814744,0.055230,10.989817,4.001989,0.000000,15.020970
249,0,0.000000,9.573927,5.970530,0.003004,15.523084,0.000000,0.000000,19.960882,0.043740,6.095615,7.966191,0.000000,9.256170
250,0,0.000000,9.104286,19.160647,0.020807,22.682047,0.000000,0.000000,43.981183,11.971001,10.896043,12.525406,0.000000,23.960666
251,0,0.000000,16.225597,14.275850,0.012376,22.683481,0.000000,0.000000,43.436409,0.067411,12.665675,11.977205,0.000000,24.687308
252,0,0.000000,16.829097,13.010431,0.015149,26.248730,0.000000,0.000000,49.018027,8.078882,14.759702,16.875798,0.000000,26.841830
253,0,0.000000,12.145090,9.453485,0.017719,17.607128,0.000000,0.000000,30.957972,0.035032,11.349015,9.432638,0.000000,11.828976
254,0,0.000000,13.756042,11.620573,0.012172,24.956326,0.000000,0.000000,43.995808,6.965100,19.885714,12.362171,0.000000,26.221297
255,0,0.000000,17.588243,5.853490,0.013592,19.110987,0.000000,0.000000,28.045629,4.090066,16.085537,8.827197,0.000000,16.164431
256,0,0.000000,14.363369,6.102469,0.008286,20.467678,0.000000,0.000000,20.958649,0.045866,4.239383,3.984536,0.000000,8.253277
257,0,0.000000,16.795321,6.676831,0.023722,23.495874,0.000000,0.000000,23.699941,0.029228,8.507643,4.037536,0.000000,12.469728
258,0,0.000000,13.022835,7.468714,0.008431,16.749773,0.000000,0.000000,27.926845,0.085662,7.923316,7.981367,0.000000,11.995376
259,0,0.000000,19.909132,7.492111,0.016336,21.862194,0.000000,0.000000,33.697702,3.195457,21.550040,7.496768,0.000000,30.882067
260,0,0.000000,17.582055,5.924655,0.007905,23.508096,0.000000,0.000000,23.984149,0.046589,8.840423,5.863614,0.000000,14.550883
261,0,0.000000,13.282351,7.503234,0.004395,16.768401,0.000000,0.000000,23.990892,0.062394,11.542005,7.482217,0.000000,19.086616
262,0,0.000000,16.571460,7.060645,0.007365,23.626869,0.000000,0.000000,23.966376,0.036311,7.627960,7.044903,0.000000,11.544524
263,0,0.000000,9.112554,6.604328,0.006699,15.709220,0.000000,0.000000,16.026242,0.053682,4.629465,6.603316,0.000000,11.271184
264,0,0.000000,17.332491,6.134233,0.006705,23.455138,0.000000,0.000000,23.950260,0.087016,13.301268,6.103779,0.000000,19.490381
265,0,0.000000,9.630932,7.156073,0.011652,16.788485,0.000000,0.000000,23.992659,0.030263,11.886663,7.145017,0.000000,19.059039
266,0,0.000000,9.392574,6.240680,0.009439,15.632909,0.000000,0.000000,16.002529,0.045333,0.968545,6.228244,0.000000,6.457650
267,0,0.000000,17.271638,6.234976,0.005152,23.506987,0.000000,0.000000,23.972073,0.031806,10.727841,4.005202,0.000000,14.738320
268,0,0.000000,9.306268,6.484629,0.018178,15.777381,0.000000,0.000000,16.017338,0.034661,1.794208,0.031247,0.000000,1.851708
269,0,0.000000,17.374844,6.260637,0.002443,23.580489,0.000000,0.000000,23.955836,0.026629,7.955036,6.253001,0.000000,9.261131
270,0,0.000000,9.574540,6.247257,0.002120,15.819222,0.000000,0.000000,16.004823,0.029158,4.826562,6.230353,0.000000,11.086073
271,0,0.000000,29.146722,13.860594,0.013355,30.973512,0.000000,0.000000,43.987760,0.028190,16.882770,13.919120,0.000000,16.928459
272,0,0.000000,16.998719,13.772094,0.013966,23.871691,0.000000,0.000000,39.981747,0.051186,15.144576,12.008251,0.000000,23.207260
273,0,0.000000,17.050356,6.473115,0.014107,23.537578,0.000000,0.000000,31.872086,0.067872,10.135838,7.972360,0.000000,18.144909
274,0,0.000000,18.089342,11.090642,0.011359,25.179568,0.000000,0.000000,44.000144,7.777820,16.181544,3.995810,0.000000,22.427723
275,0,0.000000,9.167191,6.387598,0.006547,15.532181,0.000000,0.000000,16.025062,0.073990,2.382293,4.000926,0.000000,6.428420
276,0,0.000000,17.101897,6.576883,0.011015,23.649874,0.000000,0.000000,23.976629,0.031776,10.208852,3.987470,0.000000,14.209967
277,0,0.000000,12.745097,7.960425,0.013829,20.712355,0.000000,0.000000,32.021359,0.033110,15.321994,7.857401,0.000000,16.368423
278,0,0.000000,9.317721,6.543445,0.003880,15.860097,0.000000,0.000000,16.010790,0.034513,6.670886,6.542010,0.000000,13.244720
279,0,0.000000,16.931654,6.443147,0.003740,23.360356,0.000000,0.000000,23.928392,0.039396,14.236105,6.400534,0.000000,14.272381
280,0,0.000000,16.589149,7.083534,0.004696,23.676782,0.000000,0.000000,24.000701,0.027878,10.687326,7.075368,0.000000,17.790538
281,0,0.000000,9.141685,14.547071,0.002977,22.973082,0.000000,0.000000,23.967255,0.041134,4.748216,6.674865,0.000000,11.464215
282,0,0.000000,9.221414,6.457827,0.006937,15.638521,0.000000,0.000000,16.029724,0.058192,0.719604,6.458264,0.000000,6.620970
283,0,0.000000,17.378998,6.221345,0.012149,23.612492,0.000000,0.000000,23.974938,0.033724,12.782476,6.217187,0.000000,19.020721
284,0,0.000000,9.156310,14.540425,0.015378,23.712113,0.000000,0.000000,27.955242,0.029930,5.387895,18.482614,0.000000,23.894800
285,0,0.000000,20.568798,7.696830,0.025117,28.238416,0.000000,0.000000,36.045870,0.070870,15.654966,7.638250,0.000000,15.736227
286,0,0.000000,21.181163,13.257486,0.011487,30.004237,0.000000,0.000000,35.961087,0.035365,18.105264,12.005176,0.000000,30.134845
287,0,0.000000,9.465684,6.303865,0.012064,15.767826,0.000000,0.000000,16.026661,0.037393,2.439186,4.017031,0.000000,6.486867
288,0,0.000000,17.430329,6.152093,0.018616,23.423646,0.000000,0.000000,23.973179,0.033572,8.721942,4.039401,0.000000,9.223014
289,0,0.000000,9.277803,6.930618,0.012798,16.034494,0.000000,0.000000,16.389319,0.050504,0.724820,0.499679,0.000000,1.264632
290,0,0.000000,24.651961,7.572361,0.036961,32.205853,0.000000,0.000000,47.558012,0.043920,17.318819,11.440114,0.000000,25.383805
291,0,0.000000,21.668920,10.656749,0.014681,32.316848,0.000000,0.000000,36.738298,0.066501,17.604853,12.975504,0.000000,28.509687
292,0,0.000000,18.188221,11.445591,0.009348,25.631762,0.000000,0.000000,44.002722,4.029037,15.918584,4.042074,0.000000,22.147916
293,0,0.000000,9.857170,11.853022,0.025794,20.863761,0.000000,0.000000,51.962011,8.009506,15.001838,15.984042,0.000000,31.485643
294,0,0.000000,16.856366,6.160554,0.047118,22.872618,0.000000,0.000000,23.635342,0.073063,11.080918,4.126224,0.000000,15.273326
295,0,0.000000,24.014274,7.331183,0.012606,31.214168,0.000000,0.000000,31.839488,0.039540,15.725649,4.017760,0.000000,15.812605
296,0,0.000000,9.325251,10.343306,0.008697,19.590301,0.000000,0.000000,31.944456,0.035885,0.700825,15.990363,0.000000,16.717820
297,0,0.000000,24.538555,18.154320,0.027506,36.654498,0.000000,0.000000,46.057390,0.083023,18.952155,15.553380,0.000000,25.440463
298,0,0.000000,19.961022,7.655890,0.011388,22.817927,0.000000,0.000000,29.917650,0.066950,15.674531,7.637656,0.000000,15.774242
299,0,0.000000,16.687515,6.925859,0.012543,23.614801,0.000000,0.000000,23.984031,0.028435,8.289449,6.804781,0.000000,12.847439
300,0,0.000000,17.057595,6.688104,0.017650,23.736140,0.000000,0.000000,24.024576,0.029492,15.013289,4.036139,0.000000,15.046554
301,0,0.000000,16.671992,6.802524,0.008364,23.462088,0.000000,0.000000,24.505583,0.074315,14.557290,3.993558,0.000000,14.607373
302,0,0.000000,15.346769,6.253474,0.009246,21.582513,0.000000,0.000000,23.508662,7.424692,8.884178,6.225699,0.000000,13.919469
303,0,0.000000,17.298081,6.269652,0.012023,23.578117,0.000000,0.000000,27.116989,0.068071,13.515039,6.500555,0.000000,14.801469
304,0,0.000000,12.737953,11.398648,0.019237,18.448690,0.000000,0.000000,44.910001,12.083814,15.707356,15.208406,0.000000,26.965157
305,0,0.000000,17.560678,12.960972,0.019738,29.836699,0.000000,0.000000,37.050531,0.058099,14.917109,12.337501,0.000000,27.312709
306,0,0.000000,20.389626,7.613426,0.006995,24.032489,0.000000,0.000000,31.310117,0.050123,12.555273,4.013046,0.000000,12.625248
307,0,0.000000,9.526986,6.230182,0.017130,15.535622,0.000000,0.000000,16.231122,0.050161,1.061231,0.039922,0.000000,1.115102
308,0,0.000000,20.817026,5.933568,0.034217,22.941080,0.000000,0.000000,39.713523,0.037307,11.575413,11.956929,0.000000,17.605008
309,0,0.000000,16.627766,7.035292,0.010104,23.664225,0.000000,0.000000,23.981248,0.101546,7.815209,3.995012,0.000000,11.697958
310,0,0.000000,9.808762,5.560937,0.010930,15.361398,0.000000,0.000000,16.026227,0.031306,1.345973,0.045285,0.000000,1.416380
311,0,0.000000,17.674452,6.168440,0.020173,23.627063,0.000000,0.000000,24.173633,0.034509,1.178356,0.027597,0.000000,1.230000
312,0,0.000000,20.428625,7.811214,0.011597,23.056295,0.000000,0.000000,37.830825,5.883150,14.807194,7.836086,0.000000,20.453318
313,0,0.000000,17.228048,14.359364,0.016427,31.589324,0.000000,0.000000,31.965618,0.035532,14.933110,14.370616,0.000000,22.972529
314,0,0.000000,17.078679,6.583052,0.006437,23.652412,0.000000,0.000000,31.970075,0.043940,14.942076,12.001177,0.000000,20.620480
315,0,0.000000,17.131507,12.254415,0.013129,23.273988,0.000000,0.000000,31.983399,0.066187,9.318922,8.008124,0.000000,15.405416
316,0,0.000000,13.175221,5.864482,0.014317,19.017817,0.000000,0.000000,31.593118,0.042531,9.329120,11.558114,0.000000,16.824115
317,0,0.000000,13.781294,7.608310,0.015286,17.415193,0.000000,0.000000,32.400893,0.401403,13.130392,3.992360,0.000000,17.521993
318,0,0.000000,21.123670,6.187149,0.009620,21.161708,0.000000,0.000000,38.847277,0.042798,16.859105,13.029728,0.000000,16.916162
319,0,0.000000,9.916164,7.300562,0.014519,17.231245,0.000000,0.000000,32.005244,7.995777,18.134656,7.247300,0.000000,18.780601
320,0,0.000000,9.057004,6.780986,0.002540,15.837554,0.000000,0.000000,15.990172,0.039193,0.998536,6.750438,0.000000,7.788167
321,0,0.000000,20.672257,14.209985,0.014965,25.213318,0.000000,0.000000,40.430643,0.024730,20.236037,14.235146,0.000000,20.292545
322,0,0.000000,13.037926,7.172576,0.009110,20.213331,0.000000,0.000000,23.440347,0.051742,7.942128,4.003857,0.000000,11.990823
323,0,0.000000,17.359120,5.696881,0.014461,23.052745,0.000000,0.000000,24.008576,0.036132,9.310794,4.015581,0.000000,13.359420
324,0,0.000000,17.451408,14.071775,0.009117,31.532300,0.000000,0.000000,31.993924,0.033601,9.086167,12.005436,0.000000,21.116948
325,0,0.000000,17.217263,14.504850,0.018230,31.730685,0.000000,0.000000,32.546528,0.045183,8.597157,12.586881,0.000000,21.211082
326,0,0.000000,16.857605,13.918901,0.013820,30.784708,0.000000,0.000000,31.415656,0.043388,12.323710,13.908319,0.000000,22.495924
327,0,0.000000,17.407850,5.555634,0.012311,22.974885,0.000000,0.000000,23.967021,0.552788,9.349825,3.986425,0.000000,13.383727
328,0,0.000000,9.359609,6.334752,0.002416,15.677571,0.000000,0.000000,16.002087,0.030773,0.672822,0.031098,0.000000,0.720292
329,0,0.000000,17.573633,6.228987,0.007726,23.804308,0.000000,0.000000,23.991319,0.025221,5.113217,4.014715,0.000000,9.143077
330,0,0.000000,9.399032,6.316179,0.005570,15.710360,0.000000,0.000000,16.013623,0.062086,0.922848,0.059931,0.000000,1.017951
331,0,0.000000,17.484287,6.027543,0.023198,23.510045,0.000000,0.000000,23.949331,0.041310,5.267012,6.035133,0.000000,9.297826
332,0,0.000000,9.269644,6.481951,0.002112,15.747658,0.000000,0.000000,15.982993,0.039464,7.102398,0.035358,0.000000,7.168673
333,0,0.000000,17.330111,6.297713,0.008916,23.463784,0.000000,0.000000,23.979616,0.024120,4.340095,4.007295,0.000000,8.366059
334,0,0.000000,9.192759,6.985170,0.006669,15.984202,0.000000,0.000000,16.513882,0.027701,0.829959,0.044444,0.000000,0.885041
335,0,0.000000,16.858356,6.289142,0.010441,23.147358,0.000000,0.000000,23.465062,0.027654,4.550443,3.980873,0.000000,4.584113
336,0,0.000000,9.957300,5.762143,0.007492,15.717632,0.000000,0.000000,16.063387,0.034110,1.389975,4.003359,0.000000,4.575091
337,0,0.000000,17.581444,5.999526,0.011646,23.569275,0.000000,0.000000,23.857563,0.034198,11.103870,3.981889,0.000000,15.117587
338,0,0.000000,9.240438,6.500697,0.006936,15.717211,0.000000,0.000000,16.021064,0.033181,2.580242,4.009570,0.000000,6.615698
339,0,0.000000,17.769591,5.963794,0.007214,23.731396,0.000000,0.000000,23.951756,0.050092,11.075083,3.985433,0.000000,15.109965
340,0,0.000000,9.014774,6.663428,0.002044,15.679993,0.000000,0.000000,16.008614,0.049240,2.663395,3.991399,0.000000,6.703800
341,0,0.000000,17.496784,6.355367,0.022186,23.867920,0.000000,0.000000,24.020821,0.022859,10.429584,3.960135,0.000000,14.410783
342,0,0.000000,12.591891,9.845411,0.012810,18.368806,0.000000,0.000000,43.919600,0.048588,12.652300,13.735058,0.000000,21.873735
343,0,0.000000,19.561733,14.246652,0.019293,25.844992,0.000000,0.000000,42.096194,0.061509,21.617588,8.539164,0.000000,21.680661
344,0,0.000000,9.751503,5.331687,0.011157,15.074944,0.000000,0.000000,15.996592,0.055608,1.546944,0.030891,0.000000,1.602256
345,0,0.000000,17.408271,6.282283,0.015573,23.694977,0.000000,0.000000,23.985662,0.031846,1.061427,1.665095,0.000000,1.978435
346,0,0.000000,12.981201,7.966489,0.017689,19.435606,0.000000,0.000000,35.945333,0.033128,15.270447,8.958243,0.000000,23.253146
347,0,0.000000,16.148492,11.555832,0.018712,23.714388,0.000000,0.000000,43.997689,4.961912,12.067981,7.994186,0.000000,20.097139
348,0,0.000000,13.515809,6.388135,0.007223,19.630359,0.000000,0.000000,24.027466,3.859545,12.430196,4.019837,0.000000,12.878408
349,0,0.000000,17.311036,7.484067,0.009260,24.798393,0.000000,0.000000,31.958486,0.036968,15.359366,3.973684,0.000000,18.371525
350,0,0.000000,9.593575,6.138578,0.007579,15.736832,0.000000,0.000000,16.031642,0.041948,1.307159,0.040271,0.000000,1.374178
351,0,0.000000,17.321061,6.229274,0.013949,23.558701,0.000000,0.000000,23.960009,0.029285,4.953115,3.972164,0.000000,8.934861
352,0,0.000000,9.447288,6.343260,0.011719,15.786339,0.000000,0.000000,16.042950,0.044467,1.049032,0.054509,0.000000,1.109475
353,0,0.000000,17.083056,6.339603,0.002545,23.421866,0.000000,0.000000,23.876145,0.059453,4.432353,3.993051,0.000000,8.457452
354,0,0.000000,9.430992,10.156590,0.007969,18.803145,0.000000,0.000000,19.965206,0.028325,0.876306,0.109038,0.000000,0.904014
355,0,0.000000,13.047469,6.777304,0.032086,19.819787,0.000000,0.000000,24.062688,3.928838,10.544314,4.040810,0.000000,18.510759
356,0,0.000000,9.144760,14.479579,0.012010,23.076643,0.000000,0.000000,23.949589,0.030403,3.468801,7.998637,0.000000,8.655805
357,0,0.000000,9.149394,6.570451,0.007531,15.716121,0.000000,0.000000,16.006088,0.040703,3.624678,0.028975,0.000000,3.662008
358,0,0.000000,17.192077,6.568685,0.003494,23.762306,0.000000,0.000000,23.957090,0.025999,4.723593,3.991582,0.000000,8.739342
359,0,0.000000,9.105119,6.729993,0.002664,15.818815,0.000000,0.000000,16.009364,0.026210,0.681630,0.024202,0.000000,0.709670
360,0,0.000000,16.996765,6.570151,0.009434,23.558653,0.000000,0.000000,23.980295,0.024162,4.680369,3.995534,0.000000,8.700065
361,0,0.000000,9.442465,10.157046,0.003013,19.550121,0.000000,0.000000,24.580741,0.044114,0.864677,8.587855,0.000000,8.878483
362,0,0.000000,12.025603,7.648441,0.021849,16.358086,0.000000,0.000000,23.446506,0.049027,7.521530,4.021852,0.000000,11.320176
363,0,0.000000,9.719033,9.814331,0.007700,18.661825,0.000000,0.000000,27.919705,0.038464,1.382148,8.017554,0.000000,9.406711
364,0,0.000000,9.506815,9.946646,0.008876,16.276894,0.000000,0.000000,20.002318,0.066727,3.491045,0.109889,0.000000,3.547692
365,0,0.000000,9.351345,6.363615,0.007088,15.722048,0.000000,0.000000,16.038137,0.045328,0.919432,0.043641,0.000000,0.994117
366,0,0.000000,17.082365,6.547801,0.002855,23.603203,0.000000,0.000000,23.960205,0.033225,4.498780,3.990376,0.000000,8.514829
367,0,0.000000,17.107808,6.049653,0.007388,23.159287,0.000000,0.000000,23.975838,0.023167,8.790499,3.969888,0.000000,12.776535
368,0,0.000000,9.377129,6.250336,0.008172,15.630402,0.000000,0.000000,16.030149,0.059450,1.003505,0.046631,0.000000,1.066800
369,0,0.000000,16.982956,6.603060,0.011893,23.465524,0.000000,0.000000,23.887719,0.029654,4.638086,4.003093,0.000000,8.670711
370,0,0.000000,9.283827,10.100858,0.002544,19.386468,0.000000,0.000000,31.958247,0.028049,1.034116,15.987100,0.000000,16.700425
371,0,0.000000,13.510600,6.570734,0.006817,20.080765,0.000000,0.000000,28.027707,3.513195,12.740127,8.027047,0.000000,19.316332
372,0,0.000000,9.409192,6.255534,0.005740,15.555123,0.000000,0.000000,16.033543,0.056534,6.048292,6.236162,0.000000,12.316985
373,0,0.000000,17.129387,6.614676,0.002637,23.717761,0.000000,0.000000,23.989245,0.027191,14.148619,4.014795,0.000000,14.169556
374,0,0.000000,16.845009,6.937367,0.005852,23.783859,0.000000,0.000000,23.960258,0.022700,8.287991,0.012149,0.000000,8.315412
375,0,0.000000,9.574248,6.195144,0.002275,15.765690,0.000000,0.000000,16.021491,0.033813,1.099732,0.027808,0.000000,1.145125
376,0,0.000000,17.528275,6.235029,0.005710,23.767103,0.000000,0.000000,23.993607,0.026465,1.138400,0.036580,0.000000,1.191149
377,0,0.000000,9.316135,6.320340,0.004780,15.641255,0.000000,0.000000,16.004990,0.040489,0.884196,0.044080,0.000000,0.950441
378,0,0.000000,17.612053,5.779712,0.005635,23.375435,0.000000,0.000000,23.964464,0.032144,0.996970,0.023511,0.000000,1.051641
379,0,0.000000,17.063029,6.581328,0.006669,23.637561,0.000000,0.000000,24.003172,0.029686,8.497641,6.566793,0.000000,14.782844
380,0,0.000000,9.373947,6.306493,0.004636,15.669404,0.000000,0.000000,15.987986,0.031075,6.936951,6.101233,0.000000,13.068285
381,0,0.000000,17.533665,6.092891,0.014027,23.640583,0.000000,0.000000,23.995860,0.025402,14.635387,6.085075,0.000000,20.744870
382,0,0.000000,9.472333,14.168601,0.002387,22.799757,0.000000,0.000000,23.964497,0.034327,7.527628,14.161103,0.000000,21.711871
383,0,0.000000,9.389626,14.140332,0.005264,22.844905,0.000000,0.000000,23.992048,0.038061,7.849501,13.975872,0.000000,21.853851
384,0,0.000000,18.456465,5.185019,0.015102,23.642799,0.000000,0.000000,23.995038,0.042406,16.728491,5.162248,0.000000,21.933145
385,0,0.000000,13.403763,7.538685,0.011883,16.810493,0.000000,0.000000,23.932431,0.032708,13.216983,7.512257,0.000000,20.752753
386,0,0.000000,9.891656,6.386112,0.008311,16.280233,0.000000,0.000000,16.616559,0.032287,7.423666,6.369627,0.000000,13.682628
387,0,0.000000,20.260698,14.527741,0.006025,23.264972,0.000000,0.000000,39.856940,0.031969,20.394268,12.100078,0.000000,28.430324
388,0,0.000000,16.663521,14.760936,0.007446,23.431421,0.000000,0.000000,39.535758,0.055485,16.676782,12.028552,0.000000,24.699275
389,0,0.000000,16.997263,6.600130,0.007579,23.575502,0.000000,0.000000,23.941617,0.040221,10.347798,6.536843,0.000000,14.348704
390,0,0.000000,17.125701,6.655203,0.003448,23.779470,0.000000,0.000000,23.995371,0.032739,11.339117,3.986802,0.000000,15.318469
391,0,0.000000,9.266348,6.489334,0.011284,15.761394,0.000000,0.000000,16.031582,0.029877,2.493422,4.027411,0.000000,6.550710
392,0,0.000000,17.375528,7.621022,0.010057,25.006607,0.000000,0.000000,31.964204,0.033297,18.159362,7.629984,0.000000,22.164171
393,0,0.000000,9.276986,10.369391,0.002201,19.461795,0.000000,0.000000,25.102937,0.048603,5.978449,9.130967,0.000000,14.020750
394,0,0.000000,15.877196,11.403808,0.003188,23.291339,0.000000,0.000000,38.747070,0.031010,15.946609,11.975321,0.000000,23.949204
395,0,0.000000,12.693773,13.235308,0.019813,22.584294,0.000000,0.000000,40.025100,4.022647,13.934766,13.240391,0.000000,24.164278
396,0,0.000000,17.400978,6.342346,0.010164,23.745382,0.000000,0.000000,23.971236,0.035744,13.524279,6.333813,0.000000,19.886186
397,0,0.000000,23.861638,7.921798,0.009618,31.785733,0.000000,0.000000,35.960203,0.031557,20.505817,7.968208,0.000000,28.497899
398,0,0.000000,9.000485,10.086264,0.016308,16.424275,0.000000,0.000000,43.603775,4.325184,12.627764,12.598480,0.000000,20.695992
399,0,0.000000,20.672615,6.926217,0.012140,27.588417,0.000000,0.000000,44.006399,0.084576,15.789233,12.005259,0.000000,23.845024
400,0,0.000000,16.140577,6.429274,0.012492,22.571832,0.000000,0.000000,23.408966,0.078982,8.680047,4.013280,0.000000,11.953647
401,0,0.000000,24.875271,6.541094,0.006739,31.395725,0.000000,0.000000,31.723992,0.034478,16.116176,4.018408,0.000000,20.164958
402,0,0.000000,24.970731,6.469927,0.022842,31.325578,0.000000,0.000000,32.013428,0.039647,17.675274,4.038918,0.000000,17.766777
403,0,0.000000,9.384558,10.075289,0.021571,19.481418,0.000000,0.000000,19.959577,0.063971,0.986040,0.080005,0.000000,1.066909
404,0,0.000000,17.171840,13.999183,0.013257,23.132457,0.000000,0.000000,44.019425,7.590314,23.122885,14.009509,0.000000,32.234091
405,0,0.000000,21.972501,7.622536,0.009828,29.441291,0.000000,0.000000,31.977980,0.044451,15.581077,3.979754,0.000000,19.063692
406,0,0.000000,16.795869,12.063820,0.009512,20.859208,0.000000,0.000000,31.973564,0.043393,10.055244,4.113860,0.000000,13.815978
407,0,0.000000,9.377191,6.375563,0.008660,15.695302,0.000000,0.000000,16.072783,0.046716,5.364604,6.323881,0.000000,11.725843
408,0,0.000000,17.481153,6.200973,0.006303,23.683546,0.000000,0.000000,23.916227,0.032902,14.558440,4.523396,0.000000,19.107733
409,0,0.000000,9.485967,10.150046,0.004905,19.473248,0.000000,0.000000,27.959450,0.030521,1.222359,8.011885,0.000000,9.258285
410,0,0.000000,20.550298,7.158178,0.008935,21.006961,0.000000,0.000000,32.044308,4.080208,15.690847,7.167926,0.000000,19.572849
411,0,0.000000,18.006155,9.589075,0.007927,27.601794,0.000000,0.000000,33.003675,0.040023,9.723957,12.019523,0.000000,21.769800
412,0,0.000000,15.956599,7.604635,0.003538,23.556213,0.000000,0.000000,35.684907,0.062639,15.507035,7.967943,0.000000,16.612793
413,0,0.000000,9.286128,6.496229,0.004519,15.782561,0.000000,0.000000,16.050658,0.059647,6.500832,6.487788,0.000000,13.023319
414,0,0.000000,17.617189,6.016308,0.009869,23.635673,0.000000,0.000000,23.989778,0.039682,15.152996,5.995882,0.000000,21.173434
415,0,0.000000,17.269556,5.082423,0.015860,22.354682,0.000000,0.000000,27.936902,0.045345,11.992228,6.857173,0.000000,18.881049
416,0,0.000000,21.350593,7.898364,0.011278,29.249598,0.000000,0.000000,36.035304,0.093681,23.452585,7.901724,0.000000,23.563795
417,0,0.000000,9.173091,14.528509,0.012681,23.377113,0.000000,0.000000,23.904835,0.040471,5.238458,6.540064,0.000000,11.818242
418,0,0.000000,9.416376,6.379739,0.002520,15.781984,0.000000,0.000000,15.989258,0.050909,1.029863,0.034706,0.000000,1.098925
419,0,0.000000,17.228396,6.517250,0.009310,23.734214,0.000000,0.000000,23.976287,0.028436,0.672614,0.037016,0.000000,0.729987
420,0,0.000000,17.018730,6.719707,0.006833,23.741032,0.000000,0.000000,23.986105,0.033975,8.324282,6.610950,0.000000,14.811577
421,0,0.000000,9.762989,5.978631,0.003092,15.743305,0.000000,0.000000,15.999777,0.037632,7.258139,5.973565,0.000000,13.262361
422,0,0.000000,17.155615,10.635965,0.013804,27.359695,0.000000,0.000000,27.980203,0.023751,14.467810,6.601595,0.000000,21.089957
423,0,0.000000,16.619587,11.306798,0.016530,20.081397,0.000000,0.000000,43.992382,4.594647,12.636789,8.005030,0.000000,25.209067
424,0,0.000000,13.976085,6.295804,0.009069,20.265354,0.000000,0.000000,20.568387,0.054821,10.990365,4.010908,0.000000,15.056094
425,0,0.000000,17.048685,6.618732,0.010239,23.677656,0.000000,0.000000,23.985565,0.029472,7.947620,3.964474,0.000000,11.688214
426,0,0.000000,9.660511,6.162988,0.002630,15.815905,0.000000,0.000000,15.996669,0.027104,0.957300,0.019781,0.000000,1.003724
427,0,0.000000,17.477772,6.259266,0.015064,23.727450,0.000000,0.000000,27.972573,0.023977,0.870975,7.084564,0.000000,7.441107
428,0,0.000000,17.257337,18.444092,0.016261,31.327821,0.000000,0.000000,46.246187,4.527114,16.986703,12.040007,0.000000,25.633770
429,0,0.000000,21.875506,12.439000,0.010121,29.440227,0.000000,0.000000,45.806281,1.761267,20.589517,12.442863,0.000000,28.020593
430,0,0.000000,17.877434,13.200595,0.009193,20.401870,0.000000,0.000000,41.543753,0.040604,15.257466,13.190427,0.000000,22.570496
431,0,0.000000,15.450555,6.408366,0.014668,21.861689,0.000000,0.000000,22.353990,0.065625,8.657655,4.009659,0.000000,12.436919
432,0,0.000000,9.445642,5.950589,0.013807,15.399617,0.000000,0.000000,16.030358,0.032186,1.239511,0.037709,0.000000,1.297419
433,0,0.000000,20.950178,19.866705,0.018099,36.445989,0.000000,0.000000,51.881907,0.038389,12.667318,16.009517,0.000000,27.952558
434,0,0.000000,23.855926,13.889814,0.009423,37.755163,0.000000,0.000000,39.404290,1.045387,17.213702,12.000638,0.000000,28.876323
435,0,0.000000,13.170001,16.675171,0.017081,25.623296,0.000000,0.000000,47.807987,0.064120,15.400206,12.615746,0.000000,26.764836
436,0,0.000000,24.898791,11.444275,0.009228,24.934217,0.000000,0.000000,36.873345,0.051566,16.014381,6.767111,0.000000,16.082005
437,0,0.000000,9.046865,6.639613,0.011411,15.686448,0.000000,0.000000,24.036606,0.057522,8.677794,4.008446,0.000000,8.765626
438,0,0.000000,9.201571,6.601635,0.003595,15.778407,0.000000,0.000000,15.993322,0.033248,0.763269,0.028861,0.000000,0.812411
439,0,0.000000,17.438015,6.238546,0.004072,23.675115,0.000000,0.000000,23.961656,0.046479,4.811637,3.994126,0.000000,8.830853
440,0,0.000000,13.804086,14.200801,0.028113,23.394944,0.000000,0.000000,43.991700,0.029688,12.828961,12.000954,0.000000,20.947887
441,0,0.000000,22.169273,6.809801,0.002714,28.980462,0.000000,0.000000,29.448105,0.086829,8.380986,6.780275,0.000000,14.955478
442,0,0.000000,16.651543,6.765341,0.016534,23.299054,0.000000,0.000000,27.979945,0.035695,14.757483,6.085525,0.000000,18.776137
443,0,0.000000,13.277550,20.701805,0.008712,29.900034,0.000000,0.000000,47.316435,7.314259,17.437861,19.312347,0.000000,25.508727
444,0,0.000000,13.383101,11.138710,0.008805,24.529194,0.000000,0.000000,32.978788,0.699978,8.149144,12.313256,0.000000,16.381588
445,0,0.000000,8.940584,6.260852,0.008532,15.192793,0.000000,0.000000,15.565294,0.078364,0.985366,0.060983,0.000000,1.111954
446,0,0.000000,17.459291,6.096629,0.011277,23.567197,0.000000,0.000000,23.961406,0.037174,4.803116,4.043829,0.000000,8.884119
447,0,0.000000,17.205263,6.149686,0.005702,23.342374,0.000000,0.000000,27.925735,0.031091,8.618345,7.961415,0.000000,12.644613
448,0,0.000000,9.129286,6.598936,0.011323,15.721267,0.000000,0.000000,16.051706,0.041919,0.706870,0.042952,0.000000,0.786576
449,0,0.000000,17.235330,7.445959,0.010499,24.684055,0.000000,0.000000,35.912028,0.025131,11.751393,8.021286,0.000000,15.784691
450,0,0.000000,12.745412,4.302162,0.010694,13.700438,0.000000,0.000000,31.999438,0.692512,10.293781,11.980778,0.000000,19.552840
451,0,0.000000,9.350481,10.133551,0.010927,19.494959,0.000000,0.000000,19.987093,0.063225,2.100929,4.014364,0.000000,6.178518
452,0,0.000000,9.350561,11.588309,0.010118,19.612966,0.000000,0.000000,37.070013,8.023125,16.277346,7.982072,0.000000,20.000371
453,0,0.000000,16.980105,14.091990,0.016505,23.093962,0.000000,0.000000,50.916017,10.951534,20.402773,16.008953,0.000000,34.364390
454,0,0.000000,20.107327,13.026737,0.018396,25.160878,0.000000,0.000000,43.185371,5.082747,21.800194,16.187423,0.000000,27.966381
455,0,0.000000,21.182150,7.158175,0.024023,21.314972,0.000000,0.000000,32.902372,0.049225,17.587702,7.165520,0.000000,17.645936
456,0,0.000000,17.033780,14.446087,0.010982,31.484553,0.000000,0.000000,31.894670,0.064835,8.721939,6.444764,0.000000,13.565110
457,0,0.000000,17.013684,14.497092,0.023950,31.525612,0.000000,0.000000,31.992133,0.088395,10.203949,3.995219,0.000000,14.229706
458,0,0.000000,13.005356,7.597712,0.017941,20.605213,0.000000,0.000000,24.006724,0.054122,7.438779,4.049318,0.000000,11.514587
459,0,0.000000,17.240843,14.045970,0.034512,31.289243,0.000000,0.000000,31.935285,0.048515,8.953974,12.005999,0.000000,21.002851
460,0,0.000000,17.249911,14.112265,0.009771,26.754918,0.000000,0.000000,43.980901,0.056974,20.896679,4.019394,0.000000,20.968932
461,0,0.000000,21.384739,18.812943,0.010612,40.207451,0.000000,0.000000,40.641854,0.054138,8.503629,6.630039,0.000000,15.172984
462,0,0.000000,16.396191,13.944762,0.022850,22.338883,0.000000,0.000000,31.980429,1.013942,9.119723,4.000455,0.000000,13.152213
463,0,0.000000,16.951410,14.241743,0.015714,27.320184,0.000000,0.000000,31.927122,3.423683,8.724818,7.984439,0.000000,12.776930
464,0,0.000000,24.273354,7.051505,0.007866,27.332028,0.000000,0.000000,32.000998,0.056162,18.109538,4.003615,0.000000,19.337853
465,0,0.000000,12.564711,7.526181,0.012708,16.944208,0.000000,0.000000,23.860813,0.033843,7.375606,4.003784,0.000000,10.671242
466,0,0.000000,9.303576,6.219158,0.005987,15.507497,0.000000,0.000000,16.033492,0.054966,1.188267,0.066206,0.000000,1.294679
467,0,0.000000,27.305429,19.824353,0.014209,36.461520,0.000000,0.000000,55.900585,0.041218,18.717802,15.978801,0.000000,32.227398
468,0,0.000000,14.231728,14.484058,0.019847,28.735633,0.000000,0.000000,44.008194,2.932285,15.410160,8.007609,0.000000,18.330033
469,0,0.000000,15.078058,6.834351,0.012844,21.925253,0.000000,0.000000,36.032561,3.414009,16.254104,6.781882,0.000000,17.747477
470,0,0.000000,17.118948,11.672384,0.009473,24.687199,0.000000,0.000000,39.923675,0.062425,15.204757,11.488301,0.000000,21.251726
471,0,0.000000,14.436178,6.684416,0.003160,21.103489,0.000000,0.000000,21.446081,0.056096,10.799415,3.976252,0.000000,14.814696
472,0,0.000000,16.712278,6.998103,0.030062,23.710582,0.000000,0.000000,23.981053,0.032087,7.919102,3.974872,0.000000,7.956022
473,0,0.000000,9.406959,10.210471,0.005253,19.590737,0.000000,0.000000,23.988678,0.035046,2.991939,7.981428,0.000000,8.281998
474,0,0.000000,9.285754,6.541544,0.005848,15.807065,0.000000,0.000000,16.030417,0.056970,3.236870,4.027794,0.000000,7.320547
475,0,0.000000,17.515497,6.034265,0.013379,23.553862,0.000000,0.000000,23.938753,0.036657,11.517772,3.989969,0.000000,15.534578
476,0,0.000000,10.412647,5.124854,0.003694,15.539817,0.000000,0.000000,16.019218,0.035453,3.506772,4.015399,0.000000,7.536887
477,0,0.000000,17.268699,6.389973,0.005221,23.531975,0.000000,0.000000,23.964459,0.030196,11.014623,4.001134,0.000000,15.022295
478,0,0.000000,9.800721,6.949361,0.013760,16.752531,0.000000,0.000000,24.024113,0.027024,10.163348,6.949488,0.000000,10.200238
479,0,0.000000,9.449269,6.132240,0.003194,15.573893,0.000000,0.000000,15.992696,0.053907,5.864894,6.113461,0.000000,12.004040
480,0,0.000000,21.013692,11.719224,0.012831,28.959904,0.000000,0.000000,35.978540,0.030644,13.879061,3.938123,0.000000,14.848937
481,0,0.000000,19.240078,6.333032,0.003790,20.792390,0.000000,0.000000,35.990191,7.969395,18.909426,6.288078,0.000000,18.986786
482,0,0.000000,20.567314,12.407647,0.011677,31.903981,0.000000,0.000000,39.948903,0.034265,15.119496,12.373926,0.000000,19.272528
483,0,0.000000,9.032509,6.712399,0.002190,15.744942,0.000000,0.000000,15.997922,0.032705,2.478214,4.003666,0.000000,6.510571
484,0,0.000000,17.348539,6.319735,0.007668,23.660599,0.000000,0.000000,23.968766,0.028449,11.557211,3.849536,0.000000,15.423616
485,0,0.000000,9.493742,6.432809,0.001932,15.883452,0.000000,0.000000,16.195485,0.025847,2.960693,3.985695,0.000000,6.968492
486,0,0.000000,17.851081,11.937411,0.016691,29.805183,0.000000,0.000000,39.806179,0.026117,15.934097,15.773515,0.000000,23.973413
487,0,0.000000,16.712331,6.817525,0.009975,23.531848,0.000000,0.000000,23.995463,0.046355,8.022771,0.032245,0.000000,8.094040
488,0,0.000000,16.746252,14.532388,0.025005,23.955632,0.000000,0.000000,39.968992,0.032313,12.430082,14.499698,0.000000,26.953316
489,0,0.000000,17.084471,6.196332,0.026977,23.297451,0.000000,0.000000,23.734383,0.054184,10.852468,6.227015,0.000000,14.953269
490,0,0.000000,12.805526,7.669217,0.002553,16.932437,0.000000,0.000000,23.918310,0.042200,12.281065,7.650306,0.000000,19.970891
491,0,0.000000,9.262828,6.570700,0.012408,15.833349,0.000000,0.000000,15.996429,0.046420,0.623795,0.027366,0.000000,0.670138
492,0,0.000000,17.335101,6.172747,0.011214,23.509569,0.000000,0.000000,23.977200,0.032452,5.060988,3.988062,0.000000,9.079035
493,0,0.000000,12.870825,17.810151,0.010287,26.836396,0.000000,0.000000,44.614475,0.030978,17.214392,18.387546,0.000000,29.860571
494,0,0.000000,12.796907,13.532098,0.018542,26.319034,0.000000,0.000000,43.332779,0.061169,15.535839,13.489843,0.000000,29.084591
495,0,0.000000,16.628979,12.142120,0.029361,25.377073,0.000000,0.000000,40.069252,0.074805,15.017232,8.054291,0.000000,15.982627
496,0,0.000000,20.061033,12.516396,0.022163,21.525688,0.000000,0.000000,39.913453,0.066326,15.287182,12.495684,0.000000,23.718265
497,0,0.000000,8.915500,6.396023,0.010492,15.318977,0.000000,0.000000,15.621388,0.063109,2.621741,4.001393,0.000000,6.680115
498,0,0.000000,17.300850,6.130164,0.002336,23.432575,0.000000,0.000000,23.939407,0.032874,10.973096,3.990155,0.000000,11.005328
499,0,0.000000,9.324257,7.268774,0.002314,16.334027,0.000000,0.000000,17.074187,0.027206,1.181498,1.083308,0.000000,2.279542
500,0,0.000000,16.392816,6.105364,0.013060,22.499618,0.000000,0.000000,22.941262,0.025276,5.160491,4.017373,0.000000,9.195100
501,0,0.000000,9.330979,14.196733,0.006492,23.299629,0.000000,0.000000,24.020054,0.034969,0.813794,8.022575,0.000000,8.839676
502,0,0.000000,9.015416,6.678720,0.013580,15.604700,0.000000,0.000000,16.014760,0.050170,0.737798,0.075729,0.000000,0.814204
503,0,0.000000,17.150792,6.600483,0.003604,23.746934,0.000000,0.000000,23.936452,0.037787,4.806277,4.017708,0.000000,8.858783
504,0,0.000000,17.136994,7.711790,0.009833,24.856111,0.000000,0.000000,31.966870,0.035663,15.002415,3.985540,0.000000,15.053524
505,0,0.000000,9.512580,6.217363,0.008383,15.712951,0.000000,0.000000,16.044208,0.038082,1.294214,0.061003,0.000000,1.387204
506,0,0.000000,17.383323,7.338084,0.011371,24.727850,0.000000,0.000000,31.947648,0.039947,11.701997,4.015520,0.000000,15.745118
507,0,0.000000,9.226325,6.530494,0.006082,15.737932,0.000000,0.000000,16.031822,0.058274,3.164772,4.045638,0.000000,7.250406
508,0,0.000000,17.912008,5.783559,0.011559,23.675315,0.000000,0.000000,31.910872,0.037266,11.402933,11.985952,0.000000,19.433448
509,0,0.000000,9.100521,6.481055,0.005290,15.579845,0.000000,0.000000,16.016837,0.051373,3.030157,4.004560,0.000000,7.084391
510,0,0.000000,17.157888,6.681449,0.009176,23.778753,0.000000,0.000000,24.030443,0.031953,8.157493,4.059971,0.000000,12.248949
511,0,0.000000,17.353798,7.429467,0.003316,24.785815,0.000000,0.000000,31.926771,0.078473,15.878758,3.981546,0.000000,16.998334
512,0,0.000000,9.286797,10.378449,0.012070,19.082454,0.000000,0.000000,19.981411,0.033374,2.287580,4.036304,0.000000,6.351330
513,0,0.000000,8.709734,6.449250,0.002339,15.156171,0.000000,0.000000,15.505228,0.052551,0.872314,1.213434,0.000000,1.618824
514,0,0.000000,17.131849,6.619775,0.010353,23.756293,0.000000,0.000000,23.979634,0.027603,4.725374,3.992451,0.000000,8.733221
515,0,0.000000,9.146473,6.659117,0.008317,15.789361,0.000000,0.000000,16.017661,0.031609,1.721481,3.994226,0.000000,5.747068
516,0,0.000000,17.182707,6.358426,0.003970,23.544956,0.000000,0.000000,23.957793,0.036177,11.074888,3.985278,0.000000,15.078927
517,0,0.000000,9.287921,10.335968,0.022459,18.928599,0.000000,0.000000,19.995314,0.048693,2.348633,4.014506,0.000000,6.391412
518,0,0.000000,9.291572,6.402682,0.007108,15.696117,0.000000,0.000000,16.048199,0.064668,2.712379,0.038194,0.000000,2.779330
519,0,0.000000,17.011576,6.683979,0.004129,23.699365,0.000000,0.000000,31.435635,0.026231,8.589119,7.980232,0.000000,12.561450
520,0,0.000000,9.024271,6.397593,0.002593,15.402032,0.000000,0.000000,16.053006,0.356944,0.641257,0.038712,0.000000,1.028878
521,0,0.000000,17.129312,6.422561,0.002645,23.553892,0.000000,0.000000,23.949437,0.038139,4.781695,1.509008,0.000000,6.323466
522,0,0.000000,12.952741,5.532524,0.007704,14.858163,0.000000,0.000000,39.968082,0.053539,13.880937,11.959339,0.000000,19.350796
523,0,0.000000,14.908841,6.188335,0.011258,21.084499,0.000000,0.000000,21.466388,0.043310,11.868463,4.005367,0.000000,11.935176
524,0,0.000000,16.640835,6.987650,0.013451,23.639651,0.000000,0.000000,23.991254,0.029034,14.484792,4.016900,0.000000,14.547311
525,0,0.000000,9.279838,6.428197,0.001773,15.707903,0.000000,0.000000,15.984875,0.034445,0.885607,0.021458,0.000000,0.937871
526,0,0.000000,17.295544,7.618300,0.010420,24.924264,0.000000,0.000000,31.971477,0.028659,10.945029,3.954122,0.000000,14.917513
527,0,0.000000,9.469157,6.248931,0.004484,15.698981,0.000000,0.000000,16.024493,0.054884,0.781438,0.038310,0.000000,0.853740
528,0,0.000000,17.472194,14.063688,0.020739,31.385218,0.000000,0.000000,31.987537,0.030975,4.961463,12.021286,0.000000,13.060845
529,0,0.000000,15.638856,7.650967,0.017922,23.262330,0.000000,0.000000,26.931569,2.910886,15.261008,3.997982,0.000000,15.341920
530,0,0.000000,29.234333,14.197537,0.016817,29.275161,0.000000,0.000000,43.975185,0.042358,20.861764,10.550203,0.000000,28.761069
531,0,0.000000,23.072679,7.103761,0.019097,26.182796,0.000000,0.000000,39.725989,7.731928,19.887247,4.028138,0.000000,23.968697
532,0,0.000000,9.557195,6.114513,0.003130,15.657453,0.000000,0.000000,15.979531,0.040098,1.027917,0.026761,0.000000,1.087131
533,0,0.000000,17.583850,7.438093,0.006697,25.022428,0.000000,0.000000,31.955196,0.030825,12.212023,3.992844,0.000000,15.809011
534,0,0.000000,9.432650,6.247955,0.004768,15.675870,0.000000,0.000000,16.015106,0.034080,1.064795,0.030736,0.000000,1.126704
535,0,0.000000,17.177829,7.633295,0.016731,24.685251,0.000000,0.000000,32.017205,0.031144,11.574189,4.033968,0.000000,15.106822
536,0,0.000000,9.310229,6.417876,0.009384,15.735233,0.000000,0.000000,15.989763,0.044535,0.980896,0.057927,0.000000,1.066481
537,0,0.000000,20.514950,12.112859,0.019476,29.747570,0.000000,0.000000,43.656039,0.033850,11.319168,15.689982,0.000000,22.933053
538,0,0.000000,14.508382,9.513395,0.006015,24.027792,0.000000,0.000000,24.286150,0.126647,6.801384,5.482725,0.000000,12.344573
539,0,0.000000,14.814905,13.427710,0.011035,28.252955,0.000000,0.000000,47.969568,8.034470,17.754820,13.416749,0.000000,33.721199
540,0,0.000000,25.082591,11.318582,0.019115,25.111680,0.000000,0.000000,44.986139,8.051093,21.767224,15.296037,0.000000,30.759702
541,0,0.000000,13.854562,7.265463,0.010609,21.126185,0.000000,0.000000,30.963602,0.060890,15.369834,3.992697,0.000000,17.877604
542,0,0.000000,9.422172,6.417803,0.005606,15.815932,0.000000,0.000000,16.002438,0.043759,3.477732,4.022109,0.000000,7.537952
543,0,0.000000,18.091215,5.595726,0.010753,23.664843,0.000000,0.000000,31.973559,0.027049,12.663412,11.991941,0.000000,15.850538
544,0,0.000000,9.523497,6.136424,0.009532,15.638001,0.000000,0.000000,16.045262,0.055906,6.750508,6.151698,0.000000,12.953837
545,0,0.000000,17.507856,6.031209,0.014166,23.536629,0.000000,0.000000,23.857071,0.042862,14.788588,4.007702,0.000000,15.182332
546,0,0.000000,17.246720,6.345896,0.019025,23.579691,0.000000,0.000000,24.006678,0.032496,13.803267,6.350203,0.000000,20.185595
547,0,0.000000,9.110121,14.390371,0.008593,23.509085,0.000000,0.000000,23.957012,0.046413,3.717813,6.409061,0.000000,7.790821
548,0,0.000000,9.106979,6.614400,0.015528,15.731799,0.000000,0.000000,16.042013,0.061058,3.987171,4.056132,0.000000,6.818018
549,0,0.000000,17.129614,6.625907,0.011736,23.761033,0.000000,0.000000,23.969231,0.041048,10.672198,4.026343,0.000000,14.724727
550,0,0.000000,17.046470,6.449222,0.015520,23.511212,0.000000,0.000000,23.968763,0.041666,10.580994,4.019201,0.000000,14.633116
551,0,0.000000,9.149981,6.581158,0.007302,15.725271,0.000000,0.000000,16.020982,0.043153,0.781993,0.052854,0.000000,0.844593
552,0,0.000000,18.827699,12.641950,0.004339,31.473988,0.000000,0.000000,31.930874,0.044571,6.502788,11.997121,0.000000,18.531362
553,0,0.000000,9.717477,9.834830,0.005381,19.180617,0.000000,0.000000,27.956167,0.052264,1.299542,11.968866,0.000000,13.310809
554,0,0.000000,17.206407,11.577168,0.015913,20.757165,0.000000,0.000000,44.410372,0.058317,15.631281,15.978896,0.000000,23.511847
555,0,0.000000,17.059119,15.758166,0.014119,29.553368,0.000000,0.000000,42.838060,0.058503,18.230073,12.549598,0.000000,18.293861
556,0,0.000000,13.976001,6.238054,0.010951,20.215483,0.000000,0.000000,20.728493,0.044870,10.289713,4.012210,0.000000,14.304909
557,0,0.000000,16.501680,6.873914,0.007733,23.371061,0.000000,0.000000,23.992506,0.030007,8.313325,4.016582,0.000000,11.336216
558,0,0.000000,9.692747,6.035543,0.007930,15.736220,0.000000,0.000000,16.040113,0.030711,1.246423,0.067021,0.000000,1.341207
559,0,0.000000,17.399832,6.171111,0.022647,23.592643,0.000000,0.000000,23.982071,0.034435,4.878785,5.080980,0.000000,8.928177
560,0,0.000000,9.246086,6.420731,0.009428,15.637039,0.000000,0.000000,15.984190,0.045342,0.883427,0.044739,0.000000,0.939536
561,0,0.000000,17.261213,6.375025,0.007521,23.639219,0.000000,0.000000,23.864272,0.051261,4.114459,4.002176,0.000000,8.147705
562,0,0.000000,12.621464,7.430915,0.017051,16.801501,0.000000,0.000000,24.029478,0.036341,7.960080,4.037048,0.000000,8.044973
563,0,0.000000,9.273568,10.157434,0.007116,19.433709,0.000000,0.000000,23.930601,0.041565,1.210281,7.985630,0.000000,9.093796
564,0,0.000000,12.727803,7.666629,0.010130,16.796141,0.000000,0.000000,24.031829,0.043219,7.760655,7.658686,0.000000,7.843408
565,0,0.000000,16.567124,6.810650,0.023985,23.401759,0.000000,0.000000,24.011570,0.037724,8.023977,4.033805,0.000000,12.095107
566,0,0.000000,9.569172,9.776208,0.008105,18.429067,0.000000,0.000000,23.918385,0.046383,2.515301,7.970238,0.000000,9.334801
567,0,0.000000,13.744203,6.873887,0.009463,20.439676,0.000000,0.000000,20.934261,0.058144,0.781932,6.863685,0.000000,7.677730
568,0,0.000000,20.217241,14.639708,0.008643,31.505745,0.000000,0.000000,39.573972,0.043962,21.962504,6.666903,0.000000,22.047343
569,0,0.000000,9.230622,6.367374,0.011769,15.593166,0.000000,0.000000,16.019018,0.052987,6.314976,6.367219,0.000000,12.718011
570,0,0.000000,17.332314,6.329933,0.007601,23.663963,0.000000,0.000000,23.949010,0.049936,14.293052,6.270783,0.000000,14.355861
571,0,0.000000,9.496456,6.105369,0.002820,15.604645,0.000000,0.000000,16.032612,0.025229,5.495642,6.102518,0.000000,11.623389
572,0,0.000000,17.298804,6.145491,0.012300,23.429565,0.000000,0.000000,31.940830,0.026111,12.488048,7.993808,0.000000,16.488937
573,0,0.000000,9.620430,11.813862,0.005114,20.328631,0.000000,0.000000,35.994967,0.057022,7.492118,12.519725,0.000000,18.870970
574,0,0.000000,22.137445,14.175383,0.010045,36.316231,0.000000,0.000000,40.623012,0.049023,16.953224,11.998932,0.000000,25.019796
575,0,0.000000,21.593291,10.766544,0.019391,32.360904,0.000000,0.000000,32.754395,0.084489,8.270187,6.698720,0.000000,14.548022
576,0,0.000000,9.428488,12.550465,0.023448,21.921102,0.000000,0.000000,48.579517,7.998547,19.821107,20.028929,0.000000,31.795987
577,0,0.000000,17.889829,15.887227,0.013110,33.780936,0.000000,0.000000,44.348762,0.051238,14.690179,4.009062,0.000000,16.405206
578,0,0.000000,9.775017,5.815739,0.006868,15.597624,0.000000,0.000000,16.016583,0.050735,1.384154,0.039538,0.000000,1.469859
579,0,0.000000,17.452064,6.183927,0.007555,23.635615,0.000000,0.000000,27.935127,0.030428,4.882580,6.867593,0.000000,8.757912
580,0,0.000000,9.392341,12.237309,0.012521,21.344883,0.000000,0.000000,40.003096,8.028132,18.336660,12.209519,0.000000,31.073994
581,0,0.000000,17.413496,6.339878,0.006942,23.754873,0.000000,0.000000,24.047042,0.036927,8.904116,4.041203,0.000000,12.203529
582,0,0.000000,16.712124,6.659037,0.010951,23.369196,0.000000,0.000000,23.944312,0.050861,8.434916,3.982684,0.000000,12.374694
583,0,0.000000,16.661792,7.069529,0.010756,23.727058,0.000000,0.000000,23.992628,0.033245,8.290807,3.997968,0.000000,11.686040
584,0,0.000000,16.690431,6.615621,0.019450,23.292706,0.000000,0.000000,24.009330,0.037389,8.604521,6.566895,0.000000,14.514273
585,0,0.000000,9.013296,6.630858,0.003699,15.647841,0.000000,0.000000,16.070817,0.054722,6.399243,6.556895,0.000000,6.979708
586,0,0.000000,16.969626,6.328938,0.007864,23.300807,0.000000,0.000000,23.853237,0.064497,8.326170,3.985475,0.000000,8.915927
587,0,0.000000,9.157015,6.642661,0.004884,15.797354,0.000000,0.000000,16.006864,0.031163,0.611311,0.019010,0.000000,0.643533
588,0,0.000000,17.320241,6.233845,0.013225,23.560868,0.000000,0.000000,24.000581,0.026304,5.036548,4.002935,0.000000,9.059264
589,0,0.000000,9.601756,6.201054,0.007442,15.778109,0.000000,0.000000,16.023952,0.034669,0.994641,0.055097,0.000000,1.062941
590,0,0.000000,17.081699,6.668799,0.003682,23.741659,0.000000,0.000000,23.943966,0.042437,4.361854,3.995638,0.000000,8.388457
591,0,0.000000,13.261652,11.739443,0.011412,20.624389,0.000000,0.000000,39.966705,0.034242,10.995102,11.972119,0.000000,19.345413
592,0,0.000000,16.583733,10.547674,0.006421,19.892012,0.000000,0.000000,36.001031,0.182317,15.851147,4.002605,0.000000,16.494149
593,0,0.000000,12.717875,6.284166,0.009421,18.962864,0.000000,0.000000,35.575974,3.685488,15.609654,6.250300,0.000000,21.931254
594,0,0.000000,20.588370,7.891134,0.012126,24.731921,0.000000,0.000000,35.994857,0.045622,15.296946,7.890834,0.000000,15.413065
595,0,0.000000,17.099882,14.493757,0.012672,31.242145,0.000000,0.000000,31.961687,0.045681,8.259045,14.632104,0.000000,22.934590
596,0,0.000000,16.974049,14.372092,0.011432,31.350064,0.000000,0.000000,31.992196,0.049447,8.709740,12.009604,0.000000,20.759105
597,0,0.000000,16.731936,6.912544,0.003895,23.638337,0.000000,0.000000,23.983518,0.039781,11.048542,3.998264,0.000000,15.074264
598,0,0.000000,24.641044,6.775841,0.013225,31.285588,0.000000,0.000000,32.019627,0.028401,19.352962,6.775369,0.000000,23.418252
599,0,0.000000,21.006200,12.337917,0.016417,24.854190,0.000000,0.000000,39.908725,0.040282,21.416081,11.974663,0.000000,21.468551
600,0,0.000000,21.439175,7.292172,0.017494,28.595877,0.000000,0.000000,31.487065,1.934578,15.766209,4.023975,0.000000,15.877048
601,0,0.000000,25.327535,6.150272,0.019423,31.497230,0.000000,0.000000,32.025525,0.033011,16.658203,2.102683,0.000000,17.957353
602,0,0.000000,16.706929,10.687441,0.010096,20.023903,0.000000,0.000000,39.918727,7.956522,15.529770,8.010696,0.000000,23.314578
603,0,0.000000,21.624918,6.672261,0.015081,28.308422,0.000000,0.000000,36.419866,0.060563,19.202837,0.035666,0.000000,19.270580
604,0,0.000000,17.006711,7.890879,0.010845,24.827534,0.000000,0.000000,43.939197,0.034531,19.296298,7.964938,0.000000,23.311890
605,0,0.000000,17.207630,13.321536,0.014290,21.985398,0.000000,0.000000,47.762125,7.423318,16.258922,17.258409,0.000000,33.614558
606,0,0.000000,22.936341,10.688199,0.010879,32.367743,0.000000,0.000000,48.527479,5.380875,16.608527,9.255610,0.000000,29.750740
607,0,0.000000,17.600028,16.264609,0.017548,26.137115,0.000000,0.000000,43.946271,0.053313,14.353450,12.522018,0.000000,18.941451
608,0,0.000000,13.509228,6.506825,0.008192,20.024245,0.000000,0.000000,20.369250,0.043704,0.718551,0.014938,0.000000,0.763050
609,0,0.000000,17.206413,6.434875,0.014398,23.644059,0.000000,0.000000,23.897958,0.026561,8.334417,3.979569,0.000000,12.196774
610,0,0.000000,16.783202,6.713070,0.013151,23.498490,0.000000,0.000000,23.990423,0.033987,8.465574,3.998090,0.000000,8.520474
611,0,0.000000,9.259422,6.260875,0.007533,15.523259,0.000000,0.000000,16.000626,0.039081,0.994084,0.032141,0.000000,1.047211
612,0,0.000000,17.322303,6.324299,0.014044,23.635640,0.000000,0.000000,23.993023,0.031599,4.906868,3.921185,0.000000,8.858285
613,0,0.000000,9.182603,14.461697,0.010157,22.910533,0.000000,0.000000,24.091453,0.045199,0.782227,12.032107,0.000000,12.244155
614,0,0.000000,8.903474,6.572637,0.003010,15.466788,0.000000,0.000000,15.883671,0.059953,3.476513,4.053209,0.000000,7.589675
615,0,0.000000,17.076078,6.546144,0.010832,23.621650,0.000000,0.000000,23.939562,0.034798,10.152433,3.970812,0.000000,10.192820
616,0,0.000000,17.198889,6.569371,0.018473,23.759715,0.000000,0.000000,24.030483,0.034525,8.655633,4.022359,0.000000,12.330737
617,0,0.000000,9.400394,6.228520,0.005319,15.623890,0.000000,0.000000,15.965353,0.049534,2.871454,4.015062,0.000000,6.936050
618,0,0.000000,17.313142,10.338277,0.013654,25.104154,0.000000,0.000000,32.612449,0.032045,10.762190,12.021903,0.000000,22.808650
619,0,0.000000,12.503125,11.047033,0.012456,19.067215,0.000000,0.000000,35.331735,0.048378,15.613466,7.971824,0.000000,15.668720
620,0,0.000000,12.236241,13.278032,0.016435,25.506420,0.000000,0.000000,44.032232,8.017229,13.961652,13.284691,0.000000,22.936938
621,0,0.000000,16.832528,6.797566,0.007778,23.605035,0.000000,0.000000,24.029051,0.045441,13.749104,6.775538,0.000000,15.520166
622,0,0.000000,16.556815,7.114374,0.011294,23.675390,0.000000,0.000000,23.932265,0.044389,8.166210,3.973294,0.000000,11.951218
623,0,0.000000,16.892178,6.723055,0.014227,23.610836,0.000000,0.000000,24.003187,0.044431,8.315302,4.012255,0.000000,12.361167
624,0,0.000000,17.768531,5.819102,0.011746,23.593853,0.000000,0.000000,23.983911,0.043164,9.435993,3.995044,0.000000,13.458271
625,0,0.000000,17.256466,11.394203,0.006514,24.659534,0.000000,0.000000,39.896418,0.036962,15.368930,8.036588,0.000000,22.861162
626,0,0.000000,18.748788,12.261264,0.006486,23.012592,0.000000,0.000000,39.948662,8.018258,21.822462,12.234538,0.000000,26.334510
627,0,0.000000,16.858679,10.935009,0.012075,20.460718,0.000000,0.000000,39.959269,0.061448,19.659276,10.937812,0.000000,30.628414
628,0,0.000000,15.678926,5.939788,0.016512,15.715180,0.000000,0.000000,32.054630,8.019977,17.285190,9.897697,0.000000,28.371866
629,0,0.000000,11.725534,7.128441,0.015506,18.852275,0.000000,0.000000,32.030581,4.831447,13.283931,7.081735,0.000000,18.796482
630,0,0.000000,14.326089,6.470068,0.012535,20.799469,0.000000,0.000000,21.196166,0.325344,7.997562,6.422735,0.000000,14.448136
631,0,0.000000,13.099799,10.116777,0.006022,23.140708,0.000000,0.000000,39.939825,0.043140,20.850369,0.029909,0.000000,20.903713
632,0,0.000000,16.714977,11.443848,0.010354,20.210759,0.000000,0.000000,39.992513,8.028841,18.497183,7.236103,0.000000,23.130593
633,0,0.000000,18.386963,15.759781,0.012565,24.282311,0.000000,0.000000,43.996222,6.366041,15.084920,15.745686,0.000000,26.594886
634,0,0.000000,9.644497,6.093864,0.005316,15.717606,0.000000,0.000000,16.034176,0.999574,1.034608,0.036820,0.000000,2.061503
635,0,0.000000,17.459200,6.326111,0.012095,23.796810,0.000000,0.000000,23.981824,0.030924,4.639729,4.019432,0.000000,8.681806
636,0,0.000000,9.171757,6.572988,0.003610,15.744557,0.000000,0.000000,15.994454,0.033446,0.785134,0.028166,0.000000,0.836162
637,0,0.000000,17.348738,6.336574,0.012606,23.689548,0.000000,0.000000,23.994816,0.028145,4.876072,4.004211,0.000000,8.902246
638,0,0.000000,9.286434,6.649678,0.010406,15.894359,0.000000,0.000000,16.110943,0.034592,0.680990,0.103669,0.000000,0.802259
639,0,0.000000,20.509971,13.777575,0.019913,30.593336,0.000000,0.000000,39.916844,0.032319,13.401349,12.062713,0.000000,21.503890
640,0,0.000000,9.539937,6.152786,0.011929,15.687227,0.000000,0.000000,15.936436,0.064752,5.604238,6.145925,0.000000,6.683268
641,0,0.000000,17.040906,10.652068,0.012371,25.580614,0.000000,0.000000,39.861357,0.033139,12.949748,13.954077,0.000000,20.991903
642,0,0.000000,17.329596,11.948983,0.011735,21.460672,0.000000,0.000000,39.985835,0.050131,15.106821,11.950179,0.000000,23.150891
643,0,0.000000,25.324956,12.725964,0.025182,28.832491,0.000000,0.000000,43.047243,1.200505,17.474187,12.698016,0.000000,27.435284
644,0,0.000000,9.339996,6.376220,0.010664,15.719308,0.000000,0.000000,15.999596,0.047695,1.164750,0.048111,0.000000,1.240817
645,0,0.000000,17.314117,6.326296,0.002338,23.640534,0.000000,0.000000,23.938163,0.032336,4.550796,3.998072,0.000000,8.580840
646,0,0.000000,9.131471,6.631818,0.008910,15.762728,0.000000,0.000000,16.021731,0.028382,0.810753,0.020886,0.000000,0.853071
647,0,0.000000,17.542516,6.187513,0.002758,23.720375,0.000000,0.000000,23.956561,0.030394,4.994179,3.991775,0.000000,9.010898
648,0,0.000000,9.389056,6.331720,0.002512,15.711005,0.000000,0.000000,16.031456,0.024098,0.877329,0.037897,0.000000,0.922150
649,0,0.000000,17.508450,6.104845,0.013840,23.606298,0.000000,0.000000,23.992441,0.030043,4.774122,4.029156,0.000000,5.114740
650,0,0.000000,9.207412,6.120307,0.007750,15.335469,0.000000,0.000000,15.984316,0.039803,6.025761,6.113853,0.000000,12.174547
651,0,0.000000,17.251638,10.397189,0.016765,27.519957,0.000000,0.000000,31.987245,0.029966,14.258752,12.011553,0.000000,23.379945
652,0,0.000000,12.578439,7.568895,0.010348,16.888620,0.000000,0.000000,31.993477,0.056747,15.490848,7.402324,0.000000,15.573680
653,0,0.000000,24.278896,7.369276,0.006848,27.685224,0.000000,0.000000,31.955159,0.039403,17.349734,0.032308,0.000000,17.397831
654,0,0.000000,9.433872,11.985841,0.008329,21.424199,0.000000,0.000000,47.978052,8.022053,15.253366,11.879534,0.000000,27.191954
655,0,0.000000,22.008767,11.323561,0.017509,29.329856,0.000000,0.000000,43.989712,6.197561,15.996199,14.759354,0.000000,27.208203
656,0,0.000000,15.903535,6.649389,0.009191,18.548600,0.000000,0.000000,22.879411,0.061118,12.576803,3.999532,0.000000,12.639433
657,0,0.000000,12.627187,7.598557,0.021986,16.518470,0.000000,0.000000,23.765311,0.163592,12.871548,5.792400,0.000000,12.986717
658,0,0.000000,13.418499,7.309824,0.009099,20.635952,0.000000,0.000000,31.916984,0.049835,15.439143,7.213205,0.000000,15.499381
659,0,0.000000,9.312115,6.461828,0.008279,15.750783,0.000000,0.000000,16.023458,0.034254,5.831591,6.418468,0.000000,12.274634
660,0,0.000000,17.667831,7.286917,0.014941,23.752878,0.000000,0.000000,25.387410,0.027812,14.087879,3.752702,0.000000,14.120032
661,0,0.000000,23.261184,6.966621,0.015243,30.217646,0.000000,0.000000,30.600483,0.035979,15.959533,6.875127,0.000000,16.040659
662,0,0.000000,9.862598,7.988884,0.014722,17.855382,0.000000,0.000000,27.918645,0.036552,12.512306,7.964270,0.000000,20.510457
663,0,0.000000,22.126580,11.521188,0.013973,25.660732,0.000000,0.000000,36.028826,1.630079,15.380425,4.027419,0.000000,15.452719
664,0,0.000000,16.829914,5.577879,0.012592,22.402104,0.000000,0.000000,32.024376,4.519119,15.290024,5.499707,0.000000,15.394325
665,0,0.000000,17.233582,7.015205,0.009948,24.203410,0.000000,0.000000,35.975248,0.040643,16.000581,6.984044,0.000000,16.078201
666,0,0.000000,17.291891,14.300118,0.014832,31.596539,0.000000,0.000000,31.999567,0.037030,8.904310,12.004881,0.000000,20.365854
667,0,0.000000,16.877236,6.704500,0.018345,23.562350,0.000000,0.000000,23.999458,0.051877,10.668145,4.037852,0.000000,12.598381
668,0,0.000000,16.698342,14.716374,0.017151,31.418267,0.000000,0.000000,31.966851,0.057332,8.413428,14.722133,0.000000,20.442403
669,0,0.000000,16.695768,15.032319,0.019486,31.733587,0.000000,0.000000,32.013620,0.048159,11.425401,12.023188,0.000000,23.476521
670,0,0.000000,17.351845,6.160424,0.016038,23.347341,0.000000,0.000000,24.271100,0.062947,11.338746,5.981895,0.000000,15.621749
671,0,0.000000,21.302067,7.666390,0.014427,28.939570,0.000000,0.000000,31.639417,0.091421,17.589891,7.665972,0.000000,18.686934
672,0,0.000000,17.011063,10.157146,0.007657,27.175866,0.000000,0.000000,27.418714,0.041148,8.351136,10.160712,0.000000,18.390410
673,0,0.000000,13.308098,7.505047,0.020748,20.806230,0.000000,0.000000,36.484793,4.491430,17.609605,3.995858,0.000000,17.689152
674,0,0.000000,17.327760,6.305560,0.004480,23.635874,0.000000,0.000000,23.986978,0.087867,9.205603,6.304455,0.000000,13.260444
675,0,0.000000,16.730289,11.264373,0.010664,24.000078,0.000000,0.000000,39.924995,0.061591,17.410526,8.716815,0.000000,25.007506
676,0,0.000000,13.439651,10.149008,0.017242,23.576800,0.000000,0.000000,40.052715,4.292680,16.746801,8.059389,0.000000,29.098870
677,0,0.000000,11.930191,7.263749,0.010832,16.404053,0.000000,0.000000,35.986619,4.012066,15.812481,15.155574,0.000000,24.587655
678,0,0.000000,17.041771,6.732177,0.010758,19.802549,0.000000,0.000000,36.041064,3.555066,12.816003,8.007896,0.000000,16.881360
679,0,0.000000,9.220822,6.661029,0.002788,15.857780,0.000000,0.000000,16.051008,0.041217,2.592268,4.034425,0.000000,6.658467
680,0,0.000000,17.783817,5.846645,0.013160,23.135074,0.000000,0.000000,30.774319,0.037349,10.498416,12.043613,0.000000,17.341262
681,0,0.000000,9.606326,6.126631,0.009695,15.741347,0.000000,0.000000,16.039983,0.056623,3.169175,4.049509,0.000000,7.267171
682,0,0.000000,21.118850,12.128951,0.014066,29.276686,0.000000,0.000000,43.927692,0.034989,14.035270,12.085351,0.000000,22.038069
683,0,0.000000,17.997022,6.914948,0.008089,24.916034,0.000000,0.000000,40.018129,6.586337,18.407467,11.988304,0.000000,30.454889
684,0,0.000000,12.927753,8.540888,0.008261,20.394097,0.000000,0.000000,36.970834,3.909584,18.449350,8.511699,0.000000,23.906775
685,0,0.000000,15.788028,14.227793,0.019432,29.802037,0.000000,0.000000,30.479252,0.038194,8.648300,0.055825,0.000000,8.740032
686,0,0.000000,16.712217,7.097097,0.016712,23.704753,0.000000,0.000000,24.168249,0.043599,8.239561,0.043620,0.000000,8.311561
687,0,0.000000,17.116208,11.232521,0.011519,23.661522,0.000000,0.000000,39.844418,0.035150,17.881540,15.230567,0.000000,22.218655
688,0,0.000000,9.094075,11.707009,0.006855,20.307365,0.000000,0.000000,39.986246,7.997844,15.896959,7.674241,0.000000,22.786058
689,0,0.000000,21.031218,6.410881,0.010441,21.064548,0.000000,0.000000,31.994761,0.062671,16.310987,6.205822,0.000000,19.127383
690,0,0.000000,17.767228,5.668028,0.010698,23.421680,0.000000,0.000000,24.000989,0.036868,9.747215,4.014986,0.000000,9.797650
691,0,0.000000,16.973760,6.525555,0.017104,23.516419,0.000000,0.000000,24.013641,0.033397,8.786360,4.036852,0.000000,12.848017
692,0,0.000000,9.845795,9.548979,0.009966,18.066737,0.000000,0.000000,23.936648,0.047403,1.787916,7.964951,0.000000,8.997292
693,0,0.000000,16.661136,10.726639,0.016071,20.025086,0.000000,0.000000,35.997947,0.054238,21.628523,3.991076,0.000000,21.686405
694,0,0.000000,13.200356,14.667506,0.018425,23.243136,0.000000,0.000000,44.022855,8.073458,15.458251,6.665701,0.000000,20.702024
695,0,0.000000,13.237877,11.066641,0.023900,21.583528,0.000000,0.000000,39.953391,0.066851,16.437100,15.028620,0.000000,31.532571
696,0,0.000000,17.038380,10.451120,0.010198,23.501343,0.000000,0.000000,35.487915,0.057236,16.085240,7.996539,0.000000,16.225033
697,0,0.000000,13.952812,13.624739,0.003044,22.687876,0.000000,0.000000,40.456002,3.597035,15.848196,11.994965,0.000000,18.536609
698,0,0.000000,16.989257,14.607117,0.011738,31.440145,0.000000,0.000000,31.965196,0.063277,8.802033,8.007327,0.000000,16.559203
699,0,0.000000,17.159387,14.413756,0.007646,23.601845,0.000000,0.000000,31.990156,0.043486,8.642342,6.425735,0.000000,12.532182
700,0,0.000000,17.029116,6.476168,0.005625,23.495086,0.000000,0.000000,24.003345,0.044007,12.854221,6.455803,0.000000,19.341757
701,0,0.000000,9.149882,6.628196,0.006500,15.759056,0.000000,0.000000,16.019400,0.053063,5.118485,6.398297,0.000000,11.569845
702,0,0.000000,17.213016,7.477491,0.015538,24.693364,0.000000,0.000000,32.001008,0.032447,17.238190,4.034410,0.000000,17.324801
703,0,0.000000,17.134610,6.469547,0.025367,23.610079,0.000000,0.000000,24.013265,0.038322,10.905651,4.061451,0.000000,15.001105
704,0,0.000000,9.442872,5.988866,0.012784,15.425192,0.000000,0.000000,15.965858,0.054172,2.952799,4.046798,0.000000,7.053769
705,0,0.000000,17.175471,6.350899,0.002399,23.528123,0.000000,0.000000,23.850191,0.039420,9.856211,3.988561,0.000000,13.869821
706,0,0.000000,9.214643,6.585772,0.007092,15.807507,0.000000,0.000000,16.020624,0.033766,3.733637,4.019597,0.000000,7.775810
707,0,0.000000,17.355135,7.419087,0.017337,24.754637,0.000000,0.000000,31.993740,0.029524,18.263397,4.029212,0.000000,22.315263
708,0,0.000000,12.229678,11.821202,0.023394,21.110781,0.000000,0.000000,35.985075,0.063059,15.389374,4.007648,0.000000,19.446925
709,0,0.000000,9.699548,6.842569,0.018545,16.490045,0.000000,0.000000,24.057450,8.140395,10.208516,0.062402,0.000000,10.255382
710,0,0.000000,17.120742,6.627537,0.009097,23.568322,0.000000,0.000000,23.936098,0.042577,13.634568,6.586090,0.000000,17.640773
711,0,0.000000,9.137395,6.681273,0.002277,15.820163,0.000000,0.000000,16.140455,0.039819,6.731639,6.567188,0.000000,13.338646
712,0,0.000000,20.973069,7.654222,0.010730,24.369932,0.000000,0.000000,31.865275,0.044160,21.851727,7.631781,0.000000,21.887419
713,0,0.000000,17.421489,14.096334,0.016077,30.857007,0.000000,0.000000,32.000809,0.058221,13.915358,11.987800,0.000000,25.961379
714,0,0.000000,17.084301,6.591719,0.010319,23.663401,0.000000,0.000000,23.968451,0.052450,8.872702,6.577108,0.000000,14.208667
715,0,0.000000,16.995491,14.407781,0.013335,31.254555,0.000000,0.000000,31.954654,0.070724,14.169762,7.970564,0.000000,18.228977
716,0,0.000000,17.130387,10.536965,0.010681,27.020091,0.000000,0.000000,27.997028,0.061259,14.101580,3.987597,0.000000,14.143394
717,0,0.000000,12.854328,11.668724,0.021250,20.166303,0.000000,0.000000,45.586120,0.071116,20.516254,17.582262,0.000000,28.567288
718,0,0.000000,19.029165,12.550120,0.031502,31.610787,0.000000,0.000000,42.441559,0.086148,21.691414,0.087528,0.000000,21.816864
719,0,0.000000,25.209322,13.728713,0.010578,26.951361,0.000000,0.000000,43.913985,0.067354,17.357552,17.710486,0.000000,35.123340
720,0,0.000000,16.984814,6.493345,0.010451,23.479597,0.000000,0.000000,23.962937,0.084903,8.493699,6.474197,0.000000,14.783666
721,0,0.000000,8.830959,11.657295,0.016408,20.504662,0.000000,0.000000,39.622484,0.132850,13.703980,8.026142,0.000000,21.857345
722,0,0.000000,21.598410,7.921789,0.018590,25.053122,0.000000,0.000000,31.381089,0.094749,15.401000,4.718970,0.000000,16.142586
723,0,0.000000,16.435982,6.261753,0.018687,22.691355,0.000000,0.000000,23.319304,0.283332,8.998887,4.030780,0.000000,12.937470
724,0,0.000000,16.662710,6.995730,0.013280,23.671720,0.000000,0.000000,23.968173,0.049637,12.648764,6.998930,0.000000,14.575008
725,0,0.000000,12.519368,14.496154,0.026751,27.042273,0.000000,0.000000,39.997856,0.038799,13.800508,4.447056,0.000000,13.858824
726,0,0.000000,17.079084,17.852915,0.030607,27.209014,0.000000,0.000000,43.924949,5.014451,12.695360,9.131834,0.000000,22.888998
727,0,0.000000,17.190229,4.848161,0.003758,22.040341,0.000000,0.000000,23.968281,1.397052,10.190759,3.989141,0.000000,14.222386
728,0,0.000000,9.003163,6.780513,0.029085,15.786270,0.000000,0.000000,16.048118,0.041490,0.623232,0.052423,0.000000,0.667206
729,0,0.000000,17.479901,6.173838,0.002701,23.647826,0.000000,0.000000,23.922876,0.036148,4.822052,3.987369,0.000000,8.366061
730,0,0.000000,13.116774,11.328301,0.010344,19.939185,0.000000,0.000000,35.996702,0.027658,15.936569,7.316561,0.000000,15.993914
731,0,0.000000,17.612982,7.387329,0.017478,21.711603,0.000000,0.000000,32.491313,4.032350,12.147831,7.355549,0.000000,19.080356
732,0,0.000000,9.123638,10.555448,0.002977,19.338511,0.000000,0.000000,23.985882,0.040798,6.409656,14.541355,0.000000,20.984468
733,0,0.000000,13.164677,6.619564,0.003088,15.975336,0.000000,0.000000,32.020349,7.989287,16.395190,6.605033,0.000000,20.419637
734,0,0.000000,19.613834,12.089522,0.006960,23.744725,0.000000,0.000000,31.979429,0.034895,13.146961,12.008625,0.000000,21.157484
735,0,0.000000,9.395211,6.294546,0.009118,15.669127,0.000000,0.000000,15.995721,0.106158,1.099058,0.022838,0.000000,1.223493
736,0,0.000000,17.317269,10.400962,0.016664,27.722122,0.000000,0.000000,28.722057,0.035376,4.417185,7.983109,0.000000,12.427649
737,0,0.000000,15.564294,6.442545,0.012179,22.009147,0.000000,0.000000,22.311760,0.074301,9.017258,6.430630,0.000000,15.494631
738,0,0.000000,17.404732,6.361504,0.013042,23.763994,0.000000,0.000000,23.994124,0.029685,7.582560,6.359424,0.000000,13.967015
739,0,0.000000,9.387654,6.226964,0.007946,15.613845,0.000000,0.000000,16.024404,0.050378,6.850483,6.230377,0.000000,13.129390
740,0,0.000000,17.665985,10.028539,0.014863,25.279305,0.000000,0.000000,31.947794,0.038068,15.578533,13.497425,0.000000,29.111693
741,0,0.000000,18.292159,7.223533,0.012639,20.171889,0.000000,0.000000,35.959899,6.115893,21.780272,11.175683,0.000000,21.858874
742,0,0.000000,9.040636,11.332221,0.014872,20.076512,0.000000,0.000000,43.656124,4.076293,11.005036,15.946908,0.000000,23.003488
743,0,0.000000,22.634265,14.336666,0.016423,30.242273,0.000000,0.000000,42.930158,0.049840,18.550000,10.324951,0.000000,25.824492
744,0,0.000000,17.467519,15.903434,0.010220,27.460279,0.000000,0.000000,51.140926,8.010141,15.516262,12.759143,0.000000,23.711756
745,0,0.000000,20.195986,11.797333,0.013102,28.019206,0.000000,0.000000,37.370653,0.072119,16.568120,15.790720,0.000000,24.930529
746,0,0.000000,8.733499,6.583649,0.002051,15.257530,0.000000,0.000000,15.513693,0.059259,3.269983,4.016030,0.000000,7.341951
747,0,0.000000,17.388345,6.288306,0.026452,23.477234,0.000000,0.000000,23.953344,0.061910,11.028104,3.991018,0.000000,15.079734
748,0,0.000000,9.415669,6.187654,0.002618,15.599732,0.000000,0.000000,15.991069,0.027318,1.059465,0.023734,0.000000,1.089654
749,0,0.000000,17.108274,6.670971,0.011037,23.780664,0.000000,0.000000,23.985165,0.028589,4.870439,0.034346,0.000000,4.900878
750,0,0.000000,17.012649,6.590452,0.014577,23.591004,0.000000,0.000000,31.972163,7.972580,8.779929,8.018428,0.000000,16.829105
751,0,0.000000,9.433006,6.231030,0.006257,15.662086,0.000000,0.000000,15.999008,0.061994,0.712815,0.029053,0.000000,0.770241
752,0,0.000000,17.125910,6.408521,0.007801,23.536837,0.000000,0.000000,23.964409,0.030223,4.902630,0.017774,0.000000,4.944594
753,0,0.000000,9.323865,10.316861,0.011426,18.764819,0.000000,0.000000,19.904461,0.039848,0.963335,0.025163,0.000000,1.022908
754,0,0.000000,9.123350,9.315576,0.006244,18.440878,0.000000,0.000000,36.523982,8.059356,15.273245,12.044373,0.000000,25.548693
755,0,0.000000,9.576515,9.896017,0.008663,18.554707,0.000000,0.000000,40.452879,7.390558,14.349967,9.869129,0.000000,24.620810
756,0,0.000000,22.707326,10.871375,0.006393,33.119773,0.000000,0.000000,39.998912,2.286340,11.446206,8.003180,0.000000,15.487088
757,0,0.000000,20.536660,7.415998,0.009796,27.943837,0.000000,0.000000,35.518458,4.571409,20.787276,7.970522,0.000000,20.844357
758,0,0.000000,12.195107,14.365692,0.023224,22.623754,0.000000,0.000000,50.115793,4.640567,14.698787,15.997789,0.000000,29.130918
759,0,0.000000,18.737245,10.042931,0.008587,28.788763,0.000000,0.000000,37.692303,0.065715,18.356821,9.973407,0.000000,25.205194
760,0,0.000000,21.445690,6.383368,0.009742,21.483499,0.000000,0.000000,36.004315,7.824881,22.165950,6.352111,0.000000,22.206912
761,0,0.000000,9.317303,6.383374,0.009359,15.689210,0.000000,0.000000,16.031115,0.037828,6.135343,6.356574,0.000000,12.515504
762,0,0.000000,17.044961,6.578914,0.004426,23.618519,0.000000,0.000000,23.982229,0.088118,14.485083,0.048390,0.000000,14.554334
763,0,0.000000,13.110683,7.669029,0.005848,20.776596,0.000000,0.000000,23.952958,0.035195,7.676047,4.001355,0.000000,11.005131
764,0,0.000000,9.329678,6.349648,0.003623,15.668585,0.000000,0.000000,16.020589,0.034527,2.797109,4.020362,0.000000,6.845724
765,0,0.000000,20.778659,7.186109,0.007825,24.320354,0.000000,0.000000,32.208280,0.028509,10.395581,7.166423,0.000000,11.335742
766,0,0.000000,9.147607,6.205483,0.007538,15.340846,0.000000,0.000000,15.801429,0.039177,7.241889,6.210436,0.000000,13.480525
767,0,0.000000,17.786007,5.916803,0.008106,23.705831,0.000000,0.000000,23.929672,0.038219,14.879530,0.031104,0.000000,14.947934
768,0,0.000000,17.348709,13.925647,0.014280,23.655921,0.000000,0.000000,31.596919,0.028810,14.419996,6.301410,0.000000,14.453458
769,0,0.000000,9.231525,14.382261,0.012141,23.428071,0.000000,0.000000,29.162765,0.037780,6.957248,15.964038,0.000000,21.527095
770,0,0.000000,23.285934,11.100534,0.010373,28.513998,0.000000,0.000000,52.330497,0.064616,22.936497,7.999737,0.000000,27.202326
771,0,0.000000,13.433217,17.684326,0.021596,25.736126,0.000000,0.000000,43.416391,0.564660,11.979154,11.457407,0.000000,19.984169
772,0,0.000000,21.215243,13.717577,0.012220,27.634997,0.000000,0.000000,44.517359,4.518171,15.535536,13.732564,0.000000,27.470275
773,0,0.000000,16.578210,6.856078,0.007083,23.436094,0.000000,0.000000,23.989909,0.059852,15.183810,6.834617,0.000000,22.049191
774,0,0.000000,9.423034,6.279556,0.005689,15.701893,0.000000,0.000000,16.009237,0.041522,7.125092,6.274741,0.000000,13.420604
775,0,0.000000,17.696059,5.981301,0.006290,23.648796,0.000000,0.000000,23.992724,0.026718,15.545050,4.008788,0.000000,15.576221
776,0,0.000000,16.429685,11.182210,0.019097,23.630151,0.000000,0.000000,39.953729,0.030055,22.416830,7.999084,0.000000,30.407572
777,0,0.000000,13.052196,13.294201,0.014557,15.973846,0.000000,0.000000,39.496503,6.996173,14.775153,5.143843,0.000000,16.673043
778,0,0.000000,9.550876,6.289178,0.009987,15.831678,0.000000,0.000000,15.993016,0.034293,1.254878,0.024349,0.000000,1.296015
779,0,0.000000,17.011065,6.243199,0.016181,23.266502,0.000000,0.000000,23.990001,0.030560,4.623315,4.022453,0.000000,8.662180
780,0,0.000000,9.790806,5.805718,0.007034,15.578772,0.000000,0.000000,15.993028,0.038114,1.407544,0.033322,0.000000,1.471658
781,0,0.000000,16.907870,7.596905,0.012760,24.517535,0.000000,0.000000,31.991013,0.037201,11.286775,7.550892,0.000000,18.870510
782,0,0.000000,9.554843,6.210542,0.013126,15.749841,0.000000,0.000000,16.038949,0.037540,6.787892,6.217706,0.000000,13.037559
783,0,0.000000,16.970517,6.579720,0.006378,23.551699,0.000000,0.000000,23.909610,0.040413,13.661795,6.393293,0.000000,20.094598
784,0,0.000000,9.393831,6.139319,0.007130,15.538707,0.000000,0.000000,16.012830,0.045631,5.044874,6.098465,0.000000,11.186144
785,0,0.000000,17.275091,5.877584,0.008366,23.159615,0.000000,0.000000,23.758675,0.033430,13.620938,4.000438,0.000000,13.670252
786,0,0.000000,18.422653,13.029590,0.019416,29.610010,0.000000,0.000000,32.008334,0.031907,10.036959,12.007430,0.000000,19.962606
787,0,0.000000,17.420795,12.226228,0.017828,23.567744,0.000000,0.000000,30.066744,0.050209,8.840106,4.020183,0.000000,12.812085
788,0,0.000000,16.772560,11.436938,0.017271,28.224777,0.000000,0.000000,37.880271,9.667192,19.940487,0.038397,0.000000,20.018568
789,0,0.000000,9.073307,6.496704,0.006774,15.562659,0.000000,0.000000,16.055049,0.373584,1.015183,0.040954,0.000000,1.079097
790,0,0.000000,17.493870,6.118102,0.013061,23.605667,0.000000,0.000000,23.981501,0.030783,1.151094,0.043060,0.000000,1.220717
791,0,0.000000,9.361624,6.209242,0.003718,15.564649,0.000000,0.000000,16.001466,0.032722,1.318141,0.038044,0.000000,1.355004
792,0,0.000000,25.346925,6.348146,0.003719,31.698072,0.000000,0.000000,31.964225,0.032008,8.990067,3.989804,0.000000,12.454477
793,0,0.000000,9.336403,6.532120,0.008771,15.719741,0.000000,0.000000,16.137502,0.059401,0.985558,0.057569,0.000000,1.099620
794,0,0.000000,17.246388,6.277743,0.004274,23.524770,0.000000,0.000000,23.844453,0.030101,4.998233,3.990973,0.000000,9.018210
795,0,0.000000,9.353112,6.390952,0.008796,15.736750,0.000000,0.000000,16.020270,0.041060,1.111602,0.044639,0.000000,1.190868
796,0,0.000000,17.181627,6.527765,0.003425,23.703225,0.000000,0.000000,23.943816,0.032356,4.555270,0.022043,0.000000,4.599128
797,0,0.000000,9.276041,6.541001,0.008515,15.810518,0.000000,0.000000,16.010791,0.028889,0.973166,0.030918,0.000000,1.020965
798,0,0.000000,18.587228,7.662984,0.017678,26.256961,0.000000,0.000000,31.998783,0.045190,6.021049,0.035174,0.000000,6.092362
799,0,0.000000,9.214457,6.335976,0.009557,15.555136,0.000000,0.000000,15.997479,0.046562,0.911829,0.021478,0.000000,0.965877
800,0,0.000000,17.347019,6.299128,0.002562,23.638112,0.000000,0.000000,23.938054,0.033204,0.963186,0.016023,0.000000,1.002174
801,0,0.000000,9.390846,9.495863,0.008200,17.962544,0.000000,0.000000,19.119073,0.026334,0.774219,0.044590,0.000000,0.844375
802,0,0.000000,14.150517,6.411715,0.016623,20.552917,0.000000,0.000000,20.828931,0.030044,4.889396,3.965383,0.000000,8.882717
803,0,0.000000,9.311554,6.474658,0.002212,15.782915,0.000000,0.000000,15.987234,0.051379,1.054816,0.018034,0.000000,1.102922
804,0,0.000000,17.215346,6.276458,0.016599,23.502917,0.000000,0.000000,24.012476,0.024726,1.020101,0.047921,0.000000,1.082690
805,0,0.000000,12.929854,7.732084,0.020452,16.849046,0.000000,0.000000,31.988345,0.036633,11.725881,4.020909,0.000000,11.801939
806,0,0.000000,25.176413,14.422315,0.015195,25.209012,0.000000,0.000000,39.968477,0.051247,16.257224,6.436133,0.000000,16.334439
807,0,0.000000,16.920497,14.541995,0.012174,31.367869,0.000000,0.000000,31.943202,0.043891,8.703559,3.965811,0.000000,12.469126
808,0,0.000000,9.211012,6.414752,0.013838,15.628116,0.000000,0.000000,16.049239,0.072386,2.071306,4.058122,0.000000,6.184028
809,0,0.000000,17.497909,5.859585,0.010686,23.352304,0.000000,0.000000,23.937897,0.050772,10.862213,4.007991,0.000000,10.925169
810,0,0.000000,16.733560,6.918493,0.013706,23.653192,0.000000,0.000000,23.999421,0.032605,8.413964,4.011403,0.000000,8.475426
811,0,0.000000,13.155594,11.582125,0.015922,20.064738,0.000000,0.000000,39.941958,0.033305,15.587187,7.993993,0.000000,23.607903
812,0,0.000000,12.476784,13.968337,0.010539,22.769779,0.000000,0.000000,41.683916,3.999608,15.501350,13.936611,0.000000,21.509312
813,0,0.000000,16.027880,5.973765,0.005913,21.698136,0.000000,0.000000,22.277248,0.053124,8.569012,5.953593,0.000000,12.634242
814,0,0.000000,9.270194,6.579635,0.006328,15.847711,0.000000,0.000000,16.023250,0.037772,6.141472,6.541325,0.000000,12.701868
815,0,0.000000,17.017296,6.672980,0.006459,23.689357,0.000000,0.000000,23.981786,0.034283,13.242166,6.661850,0.000000,14.150820
816,0,0.000000,9.082212,6.710099,0.012042,15.786188,0.000000,0.000000,16.013951,0.049971,6.212175,6.692979,0.000000,12.944391
817,0,0.000000,16.754687,6.837913,0.002876,23.593731,0.000000,0.000000,23.838518,0.047603,11.066745,3.983358,0.000000,15.087830
818,0,0.000000,9.206447,10.574625,0.008590,18.160300,0.000000,0.000000,24.005461,0.030722,3.084893,7.990850,0.000000,8.737610
819,0,0.000000,10.190600,7.676573,0.011007,17.860665,0.000000,0.000000,31.993416,0.035424,11.599820,7.657144,0.000000,17.376117
820,0,0.000000,16.548215,7.049018,0.012290,23.609523,0.000000,0.000000,24.041608,0.035989,13.254234,7.093601,0.000000,20.290025
821,0,0.000000,16.588849,6.894832,0.014993,23.483810,0.000000,0.000000,23.945078,0.046175,13.926651,6.891070,0.000000,20.863277
822,0,0.000000,9.066519,6.671128,0.012668,15.693836,0.000000,0.000000,16.056832,0.055972,6.643029,6.672701,0.000000,7.059241
823,0,0.000000,17.018238,6.300673,0.010933,23.308495,0.000000,0.000000,23.913482,0.035004,15.134347,4.006193,0.000000,15.175546
824,0,0.000000,16.886339,6.880053,0.004726,23.768370,0.000000,0.000000,23.971724,0.033620,14.472755,6.863763,0.000000,21.274138
825,0,0.000000,9.160355,6.505080,0.007333,15.658627,0.000000,0.000000,16.035637,0.040614,6.107777,6.507957,0.000000,12.656348
826,0,0.000000,17.107702,6.637050,0.031849,23.713420,0.000000,0.000000,28.527994,0.041731,14.045687,8.545227,0.000000,15.519848
827,0,0.000000,16.949381,6.691069,0.004743,23.640131,0.000000,0.000000,24.011675,0.052763,8.749355,4.008801,0.000000,12.798986
828,0,0.000000,16.705140,7.016851,0.006822,23.725587,0.000000,0.000000,23.981344,0.037738,9.720373,4.006723,0.000000,13.744429
829,0,0.000000,9.501944,6.136697,0.003397,15.632138,0.000000,0.000000,15.998614,0.030750,2.597738,4.002617,0.000000,6.625395
830,0,0.000000,20.891593,7.534291,0.010207,28.428282,0.000000,0.000000,31.978168,0.032797,17.918057,0.018092,0.000000,17.953311
831,0,0.000000,9.612781,6.192628,0.003312,15.773982,0.000000,0.000000,16.058850,0.041991,1.204812,0.063461,0.000000,1.244305
832,0,0.000000,17.344380,6.210751,0.009879,23.538348,0.000000,0.000000,23.934943,0.032317,1.145686,0.037683,0.000000,1.181268
833,0,0.000000,16.380035,7.262966,0.017816,23.660416,0.000000,0.000000,23.962133,0.031944,8.183569,7.046535,0.000000,14.439421
834,0,0.000000,9.667296,5.883951,0.008776,14.696868,0.000000,0.000000,15.988537,0.131724,1.796666,5.884236,0.000000,7.718682
835,0,0.000000,17.172705,6.176513,0.013947,23.352333,0.000000,0.000000,30.626607,0.038003,15.411399,10.654394,0.000000,21.381776
836,0,0.000000,9.132998,6.471053,0.010377,15.598661,0.000000,0.000000,16.037789,0.048961,6.609643,6.414967,0.000000,13.010924
837,0,0.000000,16.916931,6.382774,0.017299,23.310667,0.000000,0.000000,31.938912,0.031402,15.109285,11.966735,0.000000,21.473613
838,0,0.000000,9.203530,6.596487,0.005596,15.798999,0.000000,0.000000,16.046115,0.033011,6.515713,4.010924,0.000000,7.167496
839,0,0.000000,16.919198,6.759000,0.012795,23.684798,0.000000,0.000000,31.944687,0.032983,9.642317,8.005046,0.000000,17.612248
840,0,0.000000,16.868198,12.479486,0.012218,21.182019,0.000000,0.000000,41.832613,3.135305,21.038249,12.478845,0.000000,29.060898
841,0,0.000000,17.652270,7.483004,0.013466,25.123763,0.000000,0.000000,32.017318,0.558189,15.578997,3.997003,0.000000,18.248769
842,0,0.000000,17.563756,6.123479,0.003085,23.685250,0.000000,0.000000,23.975745,0.055742,8.986772,5.984209,0.000000,12.811760
843,0,0.000000,16.447655,7.848852,0.008878,24.287671,0.000000,0.000000,31.994020,0.033751,15.531330,4.002622,0.000000,19.032325
844,0,0.000000,16.931857,11.243091,0.012856,27.974485,0.000000,0.000000,28.519397,0.031566,8.654209,4.012929,0.000000,12.695547
845,0,0.000000,16.510395,10.840640,0.006820,27.352494,0.000000,0.000000,35.997318,0.039795,8.075186,11.971469,0.000000,19.284203
846,0,0.000000,24.190280,14.822155,0.008305,39.013660,0.000000,0.000000,40.001335,0.583169,20.491853,8.001275,0.000000,20.541515
847,0,0.000000,12.579827,7.465572,0.008613,20.046590,0.000000,0.000000,23.983873,0.088614,7.745728,3.986547,0.000000,11.222946
848,0,0.000000,16.573705,7.040419,0.004306,23.612258,0.000000,0.000000,24.009859,0.030013,8.230797,4.024215,0.000000,12.170883
849,0,0.000000,8.230290,6.807286,0.006538,15.022234,0.000000,0.000000,15.394893,0.062804,1.890949,4.003616,0.000000,5.922945
850,5,0.000000,16.665373,6.877877,0.003109,23.546359,0.000000,0.000000,23.951087,0.029309,5.809817,3.984673,0.000000,9.799662
851,5,0.000000,9.684328,9.890185,0.016860,18.244058,0.000000,0.000000,23.971543,0.027452,2.886313,8.014786,0.000000,10.921427
852,5,0.000000,13.230371,6.336262,0.011243,15.572123,0.000000,0.000000,24.007797,8.020411,11.407541,4.019471,0.000000,15.473756
853,5,0.000000,17.026834,6.728652,0.011797,23.746391,0.000000,0.000000,23.960890,0.045051,14.864035,4.013325,0.000000,14.912316
854,5,0.000000,16.930264,6.776262,0.008974,23.715500,0.000000,0.000000,24.027393,0.028250,14.555433,4.044152,0.000000,18.325468
855,9,0.000000,17.862114,5.762071,0.017237,23.638601,0.000000,0.000000,23.947481,0.034891,9.545104,4.003183,0.000000,13.550960
856,9,0.000000,9.372746,14.348341,0.008071,23.300486,0.000000,0.000000,24.008349,0.038957,0.971846,8.032718,0.000000,9.024995
857,9,0.000000,9.358395,6.406555,0.007631,15.752856,0.000000,0.000000,15.998525,0.051871,0.950757,0.033530,0.000000,1.032793
858,9,0.000000,20.650127,14.922626,0.020228,31.708226,0.000000,0.000000,44.005181,0.029374,12.340226,12.005159,0.000000,24.052763
859,9,0.000000,13.167805,11.579568,0.008020,24.754624,0.000000,0.000000,39.943987,0.052326,15.629733,11.990568,0.000000,23.687061
860,9,0.000000,19.935629,7.662583,0.009796,23.607755,0.000000,0.000000,36.014702,5.252542,16.967669,7.654715,0.000000,23.349849
