iteration,food_quantity,event_poll_ms,ants_advance_ms,evaporation_ms,update_ms,advance_total_ms,render_ms,blit_ms,iteration_total_ms,mpi_halo_exchange_ms,mpi_migration_ms,mpi_food_allreduce_ms,mpi_render_comm_ms,mpi_total_comm_ms
1,0,0.000000,12.698297,1.821921,0.004718,12.731787,0.000000,0.000000,17.641534,0.035553,11.734786,4.698083,0.000000,16.361778
2,0,0.000000,4.656229,5.209604,0.004939,5.699607,0.000000,0.000000,25.067017,0.104436,11.616253,9.605405,0.000000,21.270872
3,0,0.000000,9.812216,4.680971,0.005260,12.572011,0.000000,0.000000,21.895472,1.682945,13.985383,4.964783,0.000000,19.849587
4,0,0.000000,8.877332,2.171493,0.004288,11.027220,0.000000,0.000000,12.602058,4.451391,6.906053,3.517316,0.000000,9.387232
5,0,0.000000,0.891161,5.169682,0.005173,5.589472,0.000000,0.000000,13.134118,3.892769,5.564829,8.480552,0.000000,11.034290
6,0,0.000000,1.434684,0.268353,0.015156,1.528756,0.000000,0.000000,2.511485,0.714521,0.514238,0.018103,0.000000,1.228081
7,0,0.000000,1.392056,0.191981,0.008885,1.448355,0.000000,0.000000,1.663277,0.053631,1.113168,0.091671,0.000000,1.176400
8,0,0.000000,0.542484,0.053707,0.001984,0.584559,0.000000,0.000000,0.683708,0.056738,0.326974,0.021766,0.000000,0.366411
9,0,0.000000,0.495993,0.043820,0.002027,0.538276,0.000000,0.000000,0.598073,0.016631,0.273176,0.017013,0.000000,0.290484
10,0,0.000000,0.575390,0.047698,0.001880,0.624968,0.000000,0.000000,0.700379,0.023212,0.291289,0.023004,0.000000,0.329062
11,0,0.000000,0.541845,0.078397,0.001701,0.591208,0.000000,0.000000,0.678205,0.023326,0.357177,0.001543,0.000000,0.381400
12,0,0.000000,0.578312,0.056291,0.010047,0.633678,0.000000,0.000000,0.686252,0.012589,0.407997,0.005764,0.000000,0.421323
13,0,0.000000,0.616972,0.042153,0.002080,0.661123,0.000000,0.000000,0.748611,0.022672,0.409347,0.007448,0.000000,0.425004
14,0,0.000000,0.650945,0.186890,0.002016,0.839691,0.000000,0.000000,0.936132,0.017496,0.452609,0.002217,0.000000,0.469260
15,0,0.000000,0.564141,0.079365,0.001956,0.612553,0.000000,0.000000,0.696748,0.049584,0.361654,0.003934,0.000000,0.412706
16,0,0.000000,0.607203,0.047304,0.009688,0.664195,0.000000,0.000000,0.749995,0.017876,0.147799,0.014596,0.000000,0.176219
17,0,0.000000,0.584092,0.042114,0.001772,0.627870,0.000000,0.000000,0.694888,0.033262,0.257337,0.014599,0.000000,0.291482
18,0,0.000000,0.611149,0.492006,0.008055,0.858750,0.000000,0.000000,1.192254,0.013838,0.268770,0.491195,0.000000,0.683004
19,0,0.000000,0.558182,0.082912,0.007414,0.602293,0.000000,0.000000,0.715373,0.022110,0.300229,0.065076,0.000000,0.372994
20,0,0.000000,0.770304,0.053730,0.001887,0.825476,0.000000,0.000000,0.890317,0.018722,0.483408,0.014954,0.000000,0.514953
21,0,0.000000,0.586619,0.043499,0.001916,0.631101,0.000000,0.000000,0.687950,0.028626,0.316231,0.010121,0.000000,0.345036
22,0,0.000000,0.545623,0.048738,0.001761,0.594430,0.000000,0.000000,0.635037,0.015471,0.267791,0.011145,0.000000,0.283082
23,0,0.000000,0.599178,0.050677,0.008109,0.657964,0.000000,0.000000,0.716177,0.050860,0.338641,0.016584,0.000000,0.391028
24,0,0.000000,0.721240,0.053684,0.008379,0.771270,0.000000,0.000000,0.838142,0.025002,0.430113,0.015674,0.000000,0.469850
25,0,0.000000,0.861506,0.263867,0.036516,0.895865,0.000000,0.000000,1.277095,0.026912,0.602199,0.189169,0.000000,0.790596
26,0,0.000000,0.492910,0.047155,0.002157,0.536871,0.000000,0.000000,0.648561,0.033187,0.218373,0.015311,0.000000,0.245755
27,0,0.000000,0.486358,0.036857,0.002148,0.514977,0.000000,0.000000,0.571261,0.016595,0.235594,0.010877,0.000000,0.253009
28,0,0.000000,0.454716,0.038085,0.002364,0.494667,0.000000,0.000000,0.539504,0.013396,0.161669,0.001826,0.000000,0.176563
29,0,0.000000,0.444248,0.051119,0.001810,0.495791,0.000000,0.000000,0.539904,0.012838,0.204796,0.019568,0.000000,0.220347
30,0,0.000000,0.459255,0.040939,0.002548,0.488453,0.000000,0.000000,0.573541,0.011805,0.139268,0.014984,0.000000,0.152764
31,0,0.000000,0.570709,0.053943,0.002260,0.626912,0.000000,0.000000,0.672994,0.013333,0.296899,0.015104,0.000000,0.311438
32,0,0.000000,0.710526,0.047058,0.002051,0.759147,0.000000,0.000000,0.826332,0.020058,0.376079,0.014214,0.000000,0.397192
33,0,0.000000,0.525922,0.068056,0.001926,0.595424,0.000000,0.000000,0.644698,0.021380,0.272418,0.013500,0.000000,0.286172
34,0,0.000000,0.531252,0.158228,0.001896,0.572565,0.000000,0.000000,0.728443,0.012536,0.270806,0.131782,0.000000,0.284313
35,0,0.000000,0.558839,0.074450,0.001936,0.619547,0.000000,0.000000,0.672289,0.011768,0.254629,0.050266,0.000000,0.285250
36,0,0.000000,0.533430,0.049316,0.006224,0.584333,0.000000,0.000000,0.646060,0.014429,0.210208,0.025608,0.000000,0.226309
37,0,0.000000,0.540543,0.121380,0.006213,0.643253,0.000000,0.000000,0.732186,0.029974,0.182225,0.097902,0.000000,0.298635
38,0,0.000000,0.555070,0.048772,0.026982,0.605638,0.000000,0.000000,0.669749,0.024588,0.266249,0.046697,0.000000,0.330674
39,0,0.000000,0.650863,0.046011,0.001757,0.695516,0.000000,0.000000,0.744237,0.020539,0.274855,0.017599,0.000000,0.293834
40,0,0.000000,0.549714,0.048684,0.001791,0.600145,0.000000,0.000000,0.644224,0.020026,0.207588,0.016250,0.000000,0.232111
41,0,0.000000,0.573457,0.041458,0.001707,0.616511,0.000000,0.000000,0.670409,0.013900,0.281261,0.011594,0.000000,0.296831
42,0,0.000000,0.522069,0.049136,0.001803,0.558873,0.000000,0.000000,0.643046,0.016398,0.210523,0.018092,0.000000,0.230165
43,0,0.000000,0.551714,0.045460,0.001903,0.598754,0.000000,0.000000,0.637050,0.015637,0.244412,0.017235,0.000000,0.262129
44,0,0.000000,0.476011,0.052347,0.002180,0.514067,0.000000,0.000000,0.579052,0.017321,0.145750,0.013140,0.000000,0.166573
45,0,0.000000,0.469348,0.054884,0.002125,0.505966,0.000000,0.000000,0.583218,0.017794,0.185250,0.023048,0.000000,0.212026
46,0,0.000000,0.485109,0.052673,0.002183,0.522491,0.000000,0.000000,0.588747,0.014756,0.141208,0.014616,0.000000,0.157760
47,0,0.000000,0.558665,0.054643,0.002008,0.614995,0.000000,0.000000,0.697223,0.016920,0.277075,0.015093,0.000000,0.296106
48,0,0.000000,0.499577,0.049904,0.001976,0.536019,0.000000,0.000000,0.602089,0.018451,0.160067,0.013169,0.000000,0.180229
49,0,0.000000,0.557995,0.056008,0.008464,0.602311,0.000000,0.000000,0.710593,0.022156,0.283963,0.030704,0.000000,0.307610
50,0,0.000000,0.517851,0.056889,0.001962,0.560733,0.000000,0.000000,0.631134,0.022836,0.158801,0.021185,0.000000,0.183732
51,0,0.000000,0.533102,0.055136,0.002247,0.573337,0.000000,0.000000,0.635078,0.018338,0.227175,0.019414,0.000000,0.247536
52,0,0.000000,0.520549,0.056037,0.002119,0.559965,0.000000,0.000000,0.620909,0.013905,0.194235,0.020237,0.000000,0.209710
53,0,0.000000,0.440006,0.059394,0.002031,0.490029,0.000000,0.000000,0.569765,0.013676,0.151195,0.018906,0.000000,0.166464
54,0,0.000000,0.472130,0.049741,0.013640,0.514159,0.000000,0.000000,0.758359,0.018416,0.238366,0.036550,0.000000,0.249238
55,0,0.000000,0.700722,0.045638,0.002315,0.747507,0.000000,0.000000,0.817647,0.046317,0.437017,0.014816,0.000000,0.474597
56,0,0.000000,0.605061,0.042375,0.002027,0.648259,0.000000,0.000000,0.713957,0.025870,0.386889,0.013721,0.000000,0.422522
57,0,0.000000,0.587240,0.040809,0.001993,0.629097,0.000000,0.000000,0.672898,0.016870,0.370261,0.011921,0.000000,0.398509
58,0,0.000000,0.799405,0.111200,0.001748,0.912353,0.000000,0.000000,1.003305,0.016857,0.559277,0.109506,0.000000,0.682942
59,0,0.000000,0.703980,0.063014,0.010332,0.747481,0.000000,0.000000,0.867043,0.027108,0.556554,0.032840,0.000000,0.604883
60,0,0.000000,0.624504,0.044953,0.002296,0.664304,0.000000,0.000000,0.735755,0.025878,0.388797,0.017406,0.000000,0.421340
61,0,0.000000,0.552079,0.057412,0.002224,0.610357,0.000000,0.000000,0.666956,0.014215,0.327100,0.010437,0.000000,0.350862
62,0,0.000000,0.556246,0.047801,0.002224,0.594137,0.000000,0.000000,0.675159,0.014621,0.355881,0.007936,0.000000,0.378015
63,0,0.000000,0.534989,0.047502,0.001833,0.573526,0.000000,0.000000,0.629481,0.017984,0.319791,0.009269,0.000000,0.342017
64,0,0.000000,0.684732,0.082995,0.002207,0.723877,0.000000,0.000000,0.821512,0.014907,0.471314,0.012500,0.000000,0.498396
65,0,0.000000,0.637690,0.046690,0.002103,0.678798,0.000000,0.000000,0.770510,0.051718,0.433001,0.005195,0.000000,0.476397
66,0,0.000000,0.524051,0.045690,0.002327,0.557236,0.000000,0.000000,0.634340,0.014088,0.301457,0.017810,0.000000,0.317286
67,0,0.000000,0.603556,0.045039,0.008459,0.641234,0.000000,0.000000,0.851938,0.014513,0.502460,0.027541,0.000000,0.544514
68,0,0.000000,0.547990,0.056108,0.001693,0.588293,0.000000,0.000000,0.663796,0.019960,0.309185,0.027445,0.000000,0.355851
69,0,0.000000,0.531713,0.092363,0.001819,0.605093,0.000000,0.000000,0.683311,0.014898,0.338349,0.069799,0.000000,0.422973
70,0,0.000000,0.804245,0.046685,0.002707,0.846985,0.000000,0.000000,0.935673,0.018806,0.612035,0.009150,0.000000,0.634568
71,0,0.000000,0.534186,0.038431,0.001821,0.566592,0.000000,0.000000,0.627116,0.022190,0.298058,0.006004,0.000000,0.321296
72,0,0.000000,0.518068,0.053926,0.001953,0.556518,0.000000,0.000000,0.780593,0.176070,0.251529,0.029028,0.000000,0.377972
73,0,0.000000,0.525847,0.048154,0.002304,0.562917,0.000000,0.000000,0.622920,0.015086,0.220847,0.015901,0.000000,0.237629
74,0,0.000000,0.495999,0.044040,0.002344,0.528676,0.000000,0.000000,0.597045,0.017010,0.210790,0.015417,0.000000,0.229339
75,0,0.000000,0.526239,0.055995,0.002071,0.563434,0.000000,0.000000,0.701852,0.015402,0.272214,0.028835,0.000000,0.289268
76,0,0.000000,0.451631,0.051884,0.001814,0.489050,0.000000,0.000000,0.550773,0.014518,0.168404,0.019309,0.000000,0.197036
77,0,0.000000,0.406420,0.047265,0.001737,0.453677,0.000000,0.000000,0.549183,0.017826,0.141379,0.016744,0.000000,0.158125
78,0,0.000000,0.485463,0.044042,0.001988,0.527109,0.000000,0.000000,0.619410,0.018759,0.157795,0.053133,0.000000,0.180920
79,0,0.000000,0.487143,0.052136,0.001953,0.522869,0.000000,0.000000,0.606025,0.014491,0.190962,0.021770,0.000000,0.207305
80,0,0.000000,0.486222,0.104024,0.001921,0.521456,0.000000,0.000000,0.629558,0.015685,0.166939,0.045887,0.000000,0.186911
81,0,0.000000,0.485732,0.066101,0.001956,0.549566,0.000000,0.000000,0.600342,0.017607,0.160885,0.037921,0.000000,0.181766
82,0,0.000000,0.702054,0.057229,0.007183,0.744110,0.000000,0.000000,0.841333,0.018588,0.389681,0.002764,0.000000,0.400863
83,0,0.000000,0.619548,0.046982,0.001936,0.668466,0.000000,0.000000,0.732795,0.021333,0.406031,0.003165,0.000000,0.426813
84,0,0.000000,0.510217,0.047653,0.001638,0.559289,0.000000,0.000000,0.606685,0.020408,0.295300,0.005254,0.000000,0.311056
85,0,0.000000,0.477606,0.042118,0.001949,0.521039,0.000000,0.000000,0.552961,0.014442,0.257460,0.003219,0.000000,0.274349
86,0,0.000000,0.525374,0.052774,0.001780,0.579860,0.000000,0.000000,0.620054,0.012608,0.307198,0.007078,0.000000,0.320988
87,0,0.000000,0.475925,0.048970,0.001848,0.516377,0.000000,0.000000,0.588968,0.013995,0.283749,0.004389,0.000000,0.298878
88,0,0.000000,0.506762,0.065177,0.006113,0.561518,0.000000,0.000000,0.676510,0.024027,0.271090,0.042614,0.000000,0.296876
89,0,0.000000,0.490581,0.044738,0.001915,0.536310,0.000000,0.000000,0.588420,0.023992,0.293109,0.007761,0.000000,0.321064
90,0,0.000000,0.489970,0.042989,0.001793,0.530073,0.000000,0.000000,0.595749,0.013554,0.301765,0.008633,0.000000,0.323252
91,0,0.000000,0.514130,0.042441,0.002051,0.557270,0.000000,0.000000,0.644820,0.017333,0.304240,0.012367,0.000000,0.328362
92,0,0.000000,0.459558,0.049415,0.001937,0.508455,0.000000,0.000000,0.578529,0.020332,0.241096,0.045655,0.000000,0.262944
93,0,0.000000,0.476220,0.050383,0.002100,0.525010,0.000000,0.000000,0.587029,0.014507,0.278999,0.025122,0.000000,0.295890
94,0,0.000000,0.526245,0.064863,0.009110,0.582779,0.000000,0.000000,0.653671,0.013430,0.322228,0.054445,0.000000,0.345746
95,0,0.000000,0.493096,0.046458,0.009152,0.548706,0.000000,0.000000,0.639838,0.027763,0.241516,0.021809,0.000000,0.260675
96,0,0.000000,0.502547,0.048192,0.001842,0.551795,0.000000,0.000000,0.639942,0.019747,0.282115,0.036271,0.000000,0.316911
97,0,0.000000,0.478434,0.051548,0.007438,0.535293,0.000000,0.000000,0.664424,0.016050,0.202053,0.073943,0.000000,0.245583
98,0,0.000000,0.495886,0.056284,0.001774,0.543235,0.000000,0.000000,0.615508,0.024143,0.224512,0.028054,0.000000,0.270843
99,0,0.000000,0.467373,0.057748,0.001983,0.526361,0.000000,0.000000,0.585827,0.018008,0.189470,0.026733,0.000000,0.229491
100,0,0.000000,0.482386,0.070037,0.001913,0.553006,0.000000,0.000000,0.646115,0.018134,0.205207,0.041800,0.000000,0.258135
101,0,0.000000,0.505163,0.056849,0.002072,0.543858,0.000000,0.000000,0.641837,0.018159,0.210430,0.059477,0.000000,0.260948
102,0,0.000000,0.520331,0.054471,0.001614,0.557716,0.000000,0.000000,0.628531,0.015244,0.205044,0.024979,0.000000,0.240944
103,0,0.000000,0.515686,0.053309,0.002035,0.559725,0.000000,0.000000,0.619293,0.018278,0.210443,0.023227,0.000000,0.230475
104,0,0.000000,0.509735,0.052491,0.010430,0.568737,0.000000,0.000000,0.659083,0.019399,0.225833,0.028076,0.000000,0.263507
105,0,0.000000,0.465806,0.063668,0.007300,0.522393,0.000000,0.000000,0.640749,0.022925,0.191553,0.079323,0.000000,0.244394
106,0,0.000000,0.482873,0.061908,0.002019,0.546375,0.000000,0.000000,0.649557,0.021766,0.205545,0.057668,0.000000,0.279688
107,0,0.000000,0.496068,0.054045,0.002139,0.541503,0.000000,0.000000,0.637759,0.017973,0.167272,0.023200,0.000000,0.186792
108,0,0.000000,0.407679,0.054092,0.001943,0.447525,0.000000,0.000000,0.521198,0.017681,0.114338,0.020495,0.000000,0.134083
109,0,0.000000,0.411204,0.058898,0.001979,0.471521,0.000000,0.000000,0.510512,0.017881,0.083600,0.025375,0.000000,0.120145
110,0,0.000000,0.412827,0.050709,0.001901,0.450676,0.000000,0.000000,0.527316,0.023191,0.096960,0.021174,0.000000,0.112247
111,0,0.000000,0.670807,0.055300,0.009739,0.707918,0.000000,0.000000,0.867920,0.017445,0.364081,0.056510,0.000000,0.425756
112,0,0.000000,0.428206,0.056642,0.002092,0.486327,0.000000,0.000000,0.578371,0.037519,0.128470,0.038793,0.000000,0.190802
113,0,0.000000,0.457542,0.070121,0.002369,0.529216,0.000000,0.000000,0.581878,0.014253,0.130998,0.038302,0.000000,0.179245
114,0,0.000000,0.732526,0.226495,0.005967,0.794260,0.000000,0.000000,1.064127,0.018418,0.512309,0.245845,0.000000,0.639523
115,0,0.000000,0.583552,0.042924,0.001954,0.619150,0.000000,0.000000,0.706243,0.024758,0.361611,0.026616,0.000000,0.386415
116,0,0.000000,0.480094,0.039286,0.001626,0.515233,0.000000,0.000000,0.693495,0.013423,0.406055,0.014376,0.000000,0.431692
117,0,0.000000,0.486125,0.041820,0.001765,0.519473,0.000000,0.000000,0.574789,0.012911,0.284489,0.014339,0.000000,0.311714
118,0,0.000000,0.478347,0.066809,0.001748,0.520920,0.000000,0.000000,0.586824,0.011454,0.279879,0.040455,0.000000,0.331765
119,0,0.000000,0.512436,0.053746,0.002148,0.552567,0.000000,0.000000,0.615490,0.015342,0.169109,0.019045,0.000000,0.198561
120,0,0.000000,0.495497,0.052697,0.001547,0.533203,0.000000,0.000000,0.614473,0.024269,0.202495,0.024772,0.000000,0.228698
121,0,0.000000,0.505672,0.054136,0.001927,0.542012,0.000000,0.000000,0.648778,0.016011,0.285523,0.035290,0.000000,0.301701
122,0,0.000000,0.439409,0.052227,0.001783,0.487272,0.000000,0.000000,0.531738,0.017789,0.193200,0.026542,0.000000,0.236274
123,0,0.000000,0.492944,0.054942,0.001652,0.537944,0.000000,0.000000,0.617565,0.014590,0.261944,0.029787,0.000000,0.300809
124,0,0.000000,0.501175,0.084821,0.008780,0.538430,0.000000,0.000000,0.691842,0.014465,0.279667,0.083231,0.000000,0.340374
125,0,0.000000,0.604282,0.055074,0.002183,0.656856,0.000000,0.000000,0.749440,0.032067,0.259910,0.050557,0.000000,0.331923
126,0,0.000000,0.534504,0.057195,0.001634,0.581978,0.000000,0.000000,0.651742,0.016258,0.265194,0.029492,0.000000,0.301443
127,0,0.000000,0.480670,0.053679,0.001688,0.524333,0.000000,0.000000,0.580826,0.014403,0.241732,0.024339,0.000000,0.260694
128,0,0.000000,0.464413,0.051169,0.001728,0.502655,0.000000,0.000000,0.557238,0.015186,0.215208,0.025709,0.000000,0.254506
129,0,0.000000,0.539936,0.055876,0.001715,0.591561,0.000000,0.000000,0.654530,0.014862,0.267909,0.030742,0.000000,0.295780
130,0,0.000000,0.530443,0.048394,0.001680,0.575525,0.000000,0.000000,0.637642,0.013745,0.262509,0.018797,0.000000,0.287162
131,0,0.000000,0.523161,0.067884,0.002155,0.569491,0.000000,0.000000,0.666196,0.014730,0.272712,0.035844,0.000000,0.311156
132,0,0.000000,0.454648,0.053330,0.001656,0.509468,0.000000,0.000000,0.582594,0.016708,0.196584,0.051562,0.000000,0.258345
133,0,0.000000,0.482988,0.051982,0.002144,0.536422,0.000000,0.000000,0.603613,0.013271,0.265128,0.026680,0.000000,0.304295
134,0,0.000000,0.471485,0.051435,0.002002,0.505322,0.000000,0.000000,0.576497,0.014191,0.247964,0.026422,0.000000,0.287116
135,0,0.000000,0.427469,0.050085,0.001904,0.478943,0.000000,0.000000,0.526612,0.011604,0.173552,0.037542,0.000000,0.222126
136,0,0.000000,0.405948,0.055904,0.002593,0.463133,0.000000,0.000000,0.523280,0.013025,0.166360,0.034486,0.000000,0.213614
137,0,0.000000,0.526962,0.063434,0.001761,0.570078,0.000000,0.000000,0.633015,0.012130,0.287217,0.032577,0.000000,0.318328
138,0,0.000000,0.472958,0.076014,0.002058,0.546594,0.000000,0.000000,0.615288,0.020574,0.220400,0.044477,0.000000,0.267787
139,0,0.000000,0.509453,0.051223,0.002050,0.551690,0.000000,0.000000,0.597448,0.023793,0.227734,0.016967,0.000000,0.265462
140,0,0.000000,0.480240,0.050855,0.002134,0.516935,0.000000,0.000000,0.589916,0.017417,0.239315,0.025853,0.000000,0.253417
141,0,0.000000,0.458930,0.053234,0.002152,0.493643,0.000000,0.000000,0.551180,0.014455,0.204344,0.025979,0.000000,0.244070
142,0,0.000000,0.463244,0.050292,0.001798,0.497712,0.000000,0.000000,0.549974,0.010902,0.215896,0.021250,0.000000,0.247489
143,0,0.000000,0.458030,0.054614,0.001757,0.490921,0.000000,0.000000,0.557061,0.011326,0.217163,0.028921,0.000000,0.257304
144,0,0.000000,0.490193,0.054015,0.002104,0.525259,0.000000,0.000000,0.581030,0.012035,0.219854,0.028116,0.000000,0.259285
145,0,0.000000,0.484603,0.055904,0.002031,0.522069,0.000000,0.000000,0.611294,0.032581,0.215850,0.048553,0.000000,0.296007
146,0,0.000000,0.461973,0.048893,0.001890,0.510139,0.000000,0.000000,0.553614,0.013605,0.223280,0.023260,0.000000,0.259404
147,0,0.000000,0.513163,0.052318,0.002260,0.551738,0.000000,0.000000,0.600799,0.033235,0.210887,0.027411,0.000000,0.269847
148,0,0.000000,0.487106,0.054669,0.001989,0.524360,0.000000,0.000000,0.579302,0.011745,0.218326,0.027529,0.000000,0.250570
149,0,0.000000,0.485325,0.054530,0.002113,0.541421,0.000000,0.000000,0.614235,0.011374,0.265102,0.041875,0.000000,0.317734
150,0,0.000000,0.473063,0.070231,0.001896,0.522072,0.000000,0.000000,0.636144,0.017966,0.211609,0.082293,0.000000,0.310672
151,0,0.000000,0.700785,0.049098,0.001705,0.745128,0.000000,0.000000,0.805650,0.020241,0.303755,0.020321,0.000000,0.341789
152,0,0.000000,0.815279,0.175922,0.017192,0.868178,0.000000,0.000000,1.076042,0.016597,0.618377,0.123554,0.000000,0.641936
153,0,0.000000,0.497792,0.051061,0.001928,0.550469,0.000000,0.000000,0.617600,0.030709,0.076349,0.024883,0.000000,0.117685
154,0,0.000000,0.457505,0.054148,0.001603,0.508433,0.000000,0.000000,0.568367,0.017315,0.254108,0.020694,0.000000,0.291499
155,0,0.000000,0.553126,4.348872,0.150203,4.910979,0.000000,0.000000,5.548572,0.017846,0.385869,4.837984,0.000000,4.923869
156,0,0.000000,1.034149,0.053585,0.002181,1.083646,0.000000,0.000000,1.242172,0.074342,0.521473,0.030972,0.000000,0.595862
157,0,0.000000,0.588551,0.050151,0.002808,0.632727,0.000000,0.000000,0.747997,0.021870,0.282414,0.031001,0.000000,0.299035
158,0,0.000000,0.491369,0.084373,0.006312,0.551502,0.000000,0.000000,0.637492,0.020168,0.272828,0.063289,0.000000,0.303693
159,0,0.000000,0.504644,0.168890,0.002091,0.554952,0.000000,0.000000,0.712081,0.016528,0.290027,0.136094,0.000000,0.308594
160,0,0.000000,0.825810,0.063944,0.002145,0.875335,0.000000,0.000000,0.979214,0.016317,0.556852,0.027740,0.000000,0.574289
161,0,0.000000,0.544943,0.038687,0.001996,0.580353,0.000000,0.000000,0.632569,0.019892,0.311922,0.010067,0.000000,0.341881
162,0,0.000000,0.511986,0.049153,0.001762,0.546921,0.000000,0.000000,0.620991,0.031429,0.291181,0.015856,0.000000,0.315994
163,0,0.000000,0.522152,0.038422,0.001955,0.557939,0.000000,0.000000,0.631029,0.013661,0.305999,0.009318,0.000000,0.328978
164,0,0.000000,0.438169,0.045803,0.001833,0.473229,0.000000,0.000000,0.544065,0.012709,0.221801,0.039934,0.000000,0.237678
165,0,0.000000,0.440246,0.044021,0.002039,0.480126,0.000000,0.000000,0.544914,0.013127,0.219427,0.007947,0.000000,0.240501
166,0,0.000000,0.543443,0.042474,0.002054,0.581272,0.000000,0.000000,0.641762,0.015043,0.314875,0.009424,0.000000,0.339235
167,0,0.000000,0.507592,0.041903,0.001924,0.544150,0.000000,0.000000,0.631458,0.014041,0.296924,0.047832,0.000000,0.322840
168,0,0.000000,0.453651,0.039693,0.001754,0.489501,0.000000,0.000000,0.543543,0.015035,0.208357,0.012648,0.000000,0.233517
169,0,0.000000,0.508816,0.037896,0.002058,0.544615,0.000000,0.000000,0.602436,0.013562,0.284197,0.030495,0.000000,0.300718
170,0,0.000000,0.557723,0.039028,0.001715,0.595020,0.000000,0.000000,0.640844,0.013603,0.347171,0.012467,0.000000,0.370642
171,0,0.000000,0.547312,0.076815,0.001723,0.584051,0.000000,0.000000,0.665863,0.012984,0.330657,0.040660,0.000000,0.353337
172,0,0.000000,0.466406,0.055232,0.001882,0.519921,0.000000,0.000000,0.583087,0.013674,0.239293,0.018688,0.000000,0.255242
173,0,0.000000,0.550365,0.037782,0.001949,0.588234,0.000000,0.000000,0.662809,0.014414,0.319806,0.042090,0.000000,0.337206
174,0,0.000000,0.552993,0.040813,0.001650,0.589779,0.000000,0.000000,0.640838,0.015312,0.325422,0.010678,0.000000,0.347653
175,0,0.000000,0.565639,0.055274,0.001835,0.602278,0.000000,0.000000,0.674448,0.014587,0.276494,0.030384,0.000000,0.307998
176,0,0.000000,0.541683,0.055242,0.001537,0.596958,0.000000,0.000000,0.638797,0.019700,0.250181,0.030561,0.000000,0.291238
177,0,0.000000,0.538127,0.056880,0.001695,0.596557,0.000000,0.000000,0.679989,0.013069,0.265659,0.064221,0.000000,0.326894
178,0,0.000000,0.608773,0.059842,0.001716,0.670210,0.000000,0.000000,0.790284,0.014207,0.275397,0.059277,0.000000,0.293266
179,0,0.000000,0.507139,0.048370,0.001965,0.552032,0.000000,0.000000,0.643407,0.018017,0.185796,0.055251,0.000000,0.205275
180,0,0.000000,0.427161,0.044576,0.001952,0.465736,0.000000,0.000000,0.514425,0.014934,0.125462,0.015975,0.000000,0.152557
181,0,0.000000,0.519216,0.040796,0.001764,0.554844,0.000000,0.000000,0.627924,0.014368,0.234473,0.045184,0.000000,0.285844
182,0,0.000000,0.535126,0.042761,0.002008,0.570836,0.000000,0.000000,0.630876,0.013922,0.284239,0.015470,0.000000,0.310000
183,0,0.000000,0.530167,0.044450,0.001564,0.566731,0.000000,0.000000,0.643477,0.013607,0.270692,0.041742,0.000000,0.322402
184,0,0.000000,0.575714,0.106909,0.009224,0.610131,0.000000,0.000000,0.747700,0.013864,0.300133,0.090681,0.000000,0.315296
185,0,0.000000,0.467912,0.054393,0.001982,0.523568,0.000000,0.000000,0.600430,0.025321,0.177957,0.045107,0.000000,0.204216
186,0,0.000000,0.474044,0.053934,0.005743,0.533721,0.000000,0.000000,0.602273,0.015349,0.183121,0.032489,0.000000,0.199602
187,0,0.000000,0.540299,0.068866,0.006069,0.599852,0.000000,0.000000,0.726705,0.019784,0.266811,0.079847,0.000000,0.308255
188,0,0.000000,0.439998,0.043641,0.005625,0.489264,0.000000,0.000000,0.608773,0.022536,0.123725,0.090107,0.000000,0.215409
189,0,0.000000,0.441391,0.046125,0.001724,0.488571,0.000000,0.000000,0.553433,0.022534,0.164200,0.016596,0.000000,0.188147
190,0,0.000000,0.473900,0.066433,0.002131,0.541355,0.000000,0.000000,0.585187,0.022677,0.225047,0.028681,0.000000,0.263940
191,0,0.000000,0.517176,0.048623,0.007273,0.558026,0.000000,0.000000,0.657753,0.018232,0.251761,0.017595,0.000000,0.277526
192,0,0.000000,0.526264,0.061188,0.002160,0.588779,0.000000,0.000000,0.651896,0.022061,0.231699,0.014481,0.000000,0.255067
193,0,0.000000,0.506647,0.051380,0.001931,0.545433,0.000000,0.000000,0.615411,0.027731,0.234746,0.015245,0.000000,0.254325
194,0,0.000000,0.529740,0.832118,0.006821,1.351792,0.000000,0.000000,1.406900,0.016653,0.227341,0.809371,0.000000,1.050991
195,0,0.000000,0.538989,0.053594,0.001962,0.577191,0.000000,0.000000,0.658458,0.020883,0.262317,0.034280,0.000000,0.312024
196,0,0.000000,0.564349,0.052685,0.001995,0.600576,0.000000,0.000000,0.671536,0.022915,0.329392,0.028100,0.000000,0.371624
197,0,0.000000,0.852764,0.100477,0.007635,0.899663,0.000000,0.000000,1.043092,0.015517,0.515907,0.006106,0.000000,0.528428
198,0,0.000000,0.525500,0.049613,0.001877,0.571215,0.000000,0.000000,0.681354,0.030102,0.232196,0.054743,0.000000,0.265293
199,0,0.000000,0.519753,0.057469,0.008077,0.578404,0.000000,0.000000,0.635825,0.016724,0.195838,0.015926,0.000000,0.212865
200,0,0.000000,0.564176,0.282195,0.001735,0.694061,0.000000,0.000000,1.052888,0.061566,0.352194,0.009027,0.000000,0.378233
201,0,0.000000,0.602851,0.069427,0.002232,0.673132,0.000000,0.000000,0.753280,0.053709,0.289915,0.008971,0.000000,0.334282
202,0,0.000000,0.635988,0.047285,0.001957,0.684149,0.000000,0.000000,0.770392,0.032673,0.285588,0.011597,0.000000,0.322088
203,0,0.000000,0.565835,0.044560,0.002052,0.611228,0.000000,0.000000,0.693841,0.019607,0.306635,0.050423,0.000000,0.326552
204,0,0.000000,0.563804,0.050305,0.002206,0.615056,0.000000,0.000000,0.688133,0.017793,0.313575,0.030695,0.000000,0.329837
205,0,0.000000,0.618857,0.410625,0.008592,0.694441,0.000000,0.000000,1.199217,0.018674,0.382538,0.443390,0.000000,0.749833
206,0,0.000000,0.612496,0.094429,0.001980,0.708561,0.000000,0.000000,0.798709,0.027167,0.440396,0.026863,0.000000,0.488434
207,0,0.000000,0.908239,0.872225,0.006693,1.273510,0.000000,0.000000,1.914957,0.054086,0.524632,0.842557,0.000000,1.196338
208,0,0.000000,1.188794,0.053859,0.009036,1.243635,0.000000,0.000000,2.154198,0.053723,1.543843,0.037194,0.000000,1.584912
209,0,0.000000,0.519098,0.057270,0.001926,0.570727,0.000000,0.000000,0.647638,0.032342,0.174863,0.023410,0.000000,0.211516
210,0,0.000000,0.460704,0.060230,0.001813,0.507629,0.000000,0.000000,0.573099,0.016712,0.119606,0.031301,0.000000,0.146929
211,0,0.000000,0.467934,0.126386,0.003523,0.597843,0.000000,0.000000,0.660907,0.018046,0.112695,0.106705,0.000000,0.223908
212,0,0.000000,0.894309,0.050707,0.002059,0.935939,0.000000,0.000000,1.119237,0.019266,0.578548,0.020082,0.000000,0.602989
213,0,0.000000,0.737559,0.282868,0.001902,1.022074,0.000000,0.000000,1.110331,0.030657,0.341792,0.003043,0.000000,0.374562
214,0,0.000000,0.749376,0.106207,0.008740,0.818202,0.000000,0.000000,1.081752,0.020679,0.317913,0.145532,0.000000,0.340634
215,0,0.000000,0.572286,0.075056,0.003118,0.622982,0.000000,0.000000,0.781818,0.048807,0.237210,0.012592,0.000000,0.286079
216,0,0.000000,0.814480,0.053259,0.002462,0.869336,0.000000,0.000000,0.940064,0.023950,0.565998,0.018796,0.000000,0.599102
217,0,0.000000,0.532368,0.046978,0.008867,0.587468,0.000000,0.000000,0.727397,0.025257,0.302630,0.022743,0.000000,0.331517
218,0,0.000000,0.963725,0.048462,0.008751,1.018659,0.000000,0.000000,1.134149,0.025921,0.733759,0.031787,0.000000,0.784891
219,0,0.000000,0.489616,0.050857,0.002019,0.542492,0.000000,0.000000,0.618676,0.024338,0.205099,0.042810,0.000000,0.253420
220,0,0.000000,0.503739,0.067348,0.001835,0.547382,0.000000,0.000000,0.620924,0.018590,0.241303,0.009547,0.000000,0.265809
221,0,0.000000,0.869653,0.042682,0.005331,0.917666,0.000000,0.000000,1.037051,0.019460,0.585010,0.064587,0.000000,0.607607
222,0,0.000000,0.671095,0.054628,0.002037,0.727418,0.000000,0.000000,0.792936,0.024590,0.424764,0.022276,0.000000,0.457531
223,0,0.000000,0.599268,0.053989,0.002600,0.643415,0.000000,0.000000,0.714677,0.019372,0.154643,0.011924,0.000000,0.175990
224,0,0.000000,0.502976,0.046792,0.001802,0.547535,0.000000,0.000000,0.631416,0.029037,0.195165,0.017057,0.000000,0.238019
225,0,0.000000,0.899595,0.127705,0.009571,0.996770,0.000000,0.000000,1.213444,0.039451,0.466090,0.058850,0.000000,0.554330
226,0,0.000000,0.604415,0.191494,0.002083,0.779847,0.000000,0.000000,0.872122,0.061055,0.341745,0.114464,0.000000,0.517264
227,0,0.000000,0.565989,0.076952,0.008462,0.641522,0.000000,0.000000,0.746790,0.019687,0.391306,0.002786,0.000000,0.411425
228,0,0.000000,0.562412,0.491448,0.001897,0.881821,0.000000,0.000000,1.303427,0.032247,0.416645,0.478424,0.000000,0.681741
229,0,0.000000,1.426184,0.070883,0.002729,1.494345,0.000000,0.000000,1.659656,0.574163,0.575285,0.011670,0.000000,1.153807
230,0,0.000000,0.620237,0.123313,0.034117,0.706542,0.000000,0.000000,0.865991,0.023512,0.448868,0.134478,0.000000,0.473784
231,0,0.000000,0.592115,0.052058,0.001794,0.637252,0.000000,0.000000,0.699062,0.020699,0.370722,0.025733,0.000000,0.405680
232,0,0.000000,0.572823,0.110855,0.011988,0.622782,0.000000,0.000000,0.753161,0.014980,0.408029,0.106173,0.000000,0.527277
233,0,0.000000,0.548984,0.048039,0.002225,0.598458,0.000000,0.000000,0.651182,0.023569,0.351357,0.019907,0.000000,0.387442
234,0,0.000000,0.534020,0.047664,0.001611,0.583295,0.000000,0.000000,0.654285,0.018623,0.380064,0.021558,0.000000,0.419092
235,0,0.000000,0.505128,0.085348,0.010842,0.568392,0.000000,0.000000,0.765222,0.017555,0.453200,0.041162,0.000000,0.510011
236,0,0.000000,0.502281,0.130957,0.001883,0.628804,0.000000,0.000000,0.723409,0.021899,0.322776,0.030651,0.000000,0.359420
237,0,0.000000,0.527919,0.049282,0.001822,0.578604,0.000000,0.000000,0.652074,0.030931,0.361228,0.025669,0.000000,0.400213
238,0,0.000000,0.511352,0.048035,0.001597,0.560337,0.000000,0.000000,0.602898,0.014369,0.344407,0.017576,0.000000,0.371037
239,0,0.000000,0.633626,0.126797,0.008733,0.769156,0.000000,0.000000,0.855765,0.014186,0.450839,0.118767,0.000000,0.575451
240,0,0.000000,0.611482,0.049053,0.001948,0.661257,0.000000,0.000000,0.754872,0.042853,0.332010,0.023922,0.000000,0.378282
241,0,0.000000,0.549404,0.047212,0.001823,0.595595,0.000000,0.000000,0.711752,0.042115,0.300953,0.024477,0.000000,0.360397
242,0,0.000000,0.526568,0.051829,0.012233,0.580999,0.000000,0.000000,0.779774,0.017343,0.250096,0.136758,0.000000,0.379587
243,0,0.000000,0.480612,0.042340,0.002050,0.523998,0.000000,0.000000,0.622391,0.040936,0.189967,0.041165,0.000000,0.231357
244,0,0.000000,0.475605,0.041190,0.006285,0.523080,0.000000,0.000000,0.626977,0.014596,0.187900,0.063179,0.000000,0.203804
245,0,0.000000,0.445906,0.045627,0.008749,0.489714,0.000000,0.000000,0.586269,0.025131,0.205479,0.063276,0.000000,0.231821
246,0,0.000000,0.429828,0.047487,0.001885,0.472299,0.000000,0.000000,0.537900,0.013979,0.192294,0.022344,0.000000,0.206528
247,0,0.000000,0.450803,0.044833,0.005891,0.501527,0.000000,0.000000,0.554865,0.017690,0.187668,0.027169,0.000000,0.206049
248,0,0.000000,0.563842,0.056456,0.005692,0.612832,0.000000,0.000000,0.695144,0.019331,0.261837,0.033780,0.000000,0.282464
249,0,0.000000,0.458942,0.073381,0.006181,0.508849,0.000000,0.000000,0.643793,0.025902,0.124047,0.096937,0.000000,0.240243
250,0,0.000000,0.493703,0.070863,0.009282,0.538838,0.000000,0.000000,0.642078,0.021126,0.186920,0.035634,0.000000,0.209935
251,0,0.000000,0.605020,0.050196,0.002034,0.657250,0.000000,0.000000,0.845433,0.140326,0.379286,0.012695,0.000000,0.471643
252,0,0.000000,0.647441,0.074263,0.002260,0.704727,0.000000,0.000000,0.793042,0.021808,0.370790,0.043388,0.000000,0.397534
253,0,0.000000,0.479063,0.050538,0.002217,0.530802,0.000000,0.000000,0.607808,0.018569,0.231746,0.022383,0.000000,0.251026
254,0,0.000000,0.460171,0.049103,0.002190,0.510353,0.000000,0.000000,0.554803,0.017104,0.197268,0.010868,0.000000,0.214379
255,0,0.000000,0.455343,0.047459,0.001883,0.501180,0.000000,0.000000,0.538496,0.014690,0.188597,0.020705,0.000000,0.208224
256,0,0.000000,0.474966,0.125595,0.010833,0.545820,0.000000,0.000000,0.666887,0.013219,0.208911,0.118020,0.000000,0.330377
257,0,0.000000,0.568417,0.055746,0.009058,0.611673,0.000000,0.000000,1.070466,0.036476,0.531363,0.028748,0.000000,0.590804
258,0,0.000000,1.586315,0.081063,0.008168,1.625936,0.000000,0.000000,2.180039,0.410791,1.646511,0.111188,0.000000,1.658615
259,0,0.000000,0.978138,0.413111,0.002151,1.392816,0.000000,0.000000,1.751539,0.303249,0.642938,0.372008,0.000000,1.199113
260,0,0.000000,0.929320,0.046821,0.002232,0.960858,0.000000,0.000000,1.039022,0.036492,0.578650,0.020951,0.000000,0.619503
261,0,0.000000,0.958955,0.048631,0.002064,0.988780,0.000000,0.000000,1.416699,0.367339,0.802775,0.024214,0.000000,0.991472
262,0,0.000000,1.119171,0.193463,0.009083,1.154302,0.000000,0.000000,1.589114,0.015467,0.784216,0.356792,0.000000,0.807219
263,0,0.000000,0.727728,0.065129,0.002964,0.767960,0.000000,0.000000,2.286720,0.022314,1.674176,0.060698,0.000000,1.755796
264,0,0.000000,0.547727,0.047407,0.001926,0.590180,0.000000,0.000000,0.666715,0.033325,0.230643,0.007924,0.000000,0.260277
265,0,0.000000,0.500787,0.049331,0.002249,0.542552,0.000000,0.000000,1.449271,0.016766,1.004493,0.012200,0.000000,1.026972
266,0,0.000000,0.455025,0.057172,0.002110,0.509788,0.000000,0.000000,0.585867,0.019419,0.167151,0.055785,0.000000,0.215099
267,0,0.000000,0.406458,0.040511,0.002243,0.446087,0.000000,0.000000,0.489623,0.014471,0.137494,0.012504,0.000000,0.158869
268,0,0.000000,0.463897,0.065788,0.001915,0.499919,0.000000,0.000000,0.577027,0.011761,0.220741,0.037902,0.000000,0.266206
269,0,0.000000,0.467287,0.076262,0.001851,0.504900,0.000000,0.000000,0.636725,0.029819,0.210095,0.082648,0.000000,0.272002
270,0,0.000000,0.485925,0.081054,0.002229,0.535330,0.000000,0.000000,0.657240,0.016002,0.265656,0.085296,0.000000,0.320050
271,0,0.000000,0.501153,0.233902,0.001960,0.539079,0.000000,0.000000,0.785861,0.018787,0.254433,0.206198,0.000000,0.390641
272,0,0.000000,0.470923,0.039307,0.002041,0.507465,0.000000,0.000000,0.552156,0.015799,0.249347,0.008594,0.000000,0.267762
273,0,0.000000,0.438354,0.053267,0.001776,0.493397,0.000000,0.000000,0.583171,0.029588,0.267917,0.028587,0.000000,0.310891
274,0,0.000000,0.408911,0.054673,0.001629,0.452673,0.000000,0.000000,0.513344,0.011664,0.220994,0.042513,0.000000,0.233779
275,0,0.000000,0.471954,0.049607,0.001652,0.511626,0.000000,0.000000,0.560508,0.013042,0.274747,0.023466,0.000000,0.310305
276,0,0.000000,0.467165,0.058286,0.001599,0.503812,0.000000,0.000000,0.562711,0.013599,0.244921,0.033337,0.000000,0.275858
277,0,0.000000,0.464496,0.051021,0.001600,0.516869,0.000000,0.000000,0.553701,0.014134,0.221475,0.024278,0.000000,0.238121
278,0,0.000000,0.409074,0.054884,0.001531,0.448770,0.000000,0.000000,0.503754,0.013960,0.181518,0.026157,0.000000,0.212892
279,0,0.000000,0.436312,0.055970,0.001639,0.493708,0.000000,0.000000,0.551735,0.011918,0.209903,0.032353,0.000000,0.245123
280,0,0.000000,0.458859,0.055114,0.001682,0.494696,0.000000,0.000000,0.566839,0.012458,0.226343,0.030882,0.000000,0.258888
281,0,0.000000,0.427640,0.051175,0.001801,0.480192,0.000000,0.000000,0.528077,0.013197,0.204393,0.041226,0.000000,0.220677
282,0,0.000000,0.550762,0.061934,0.008344,0.621040,0.000000,0.000000,0.748788,0.015417,0.225940,0.051495,0.000000,0.277122
283,0,0.000000,0.462326,0.056773,0.002212,0.510332,0.000000,0.000000,0.561712,0.045572,0.128965,0.026783,0.000000,0.155653
284,0,0.000000,0.449873,0.049303,0.007091,0.487387,0.000000,0.000000,0.579821,0.014503,0.142569,0.022886,0.000000,0.177593
285,0,0.000000,0.410128,0.052099,0.006336,0.446394,0.000000,0.000000,0.563817,0.049648,0.067820,0.083175,0.000000,0.169376
286,0,0.000000,0.462486,0.055660,0.002069,0.500081,0.000000,0.000000,0.582093,0.019917,0.187819,0.021714,0.000000,0.209653
287,0,0.000000,0.449122,0.053126,0.002214,0.484933,0.000000,0.000000,0.578410,0.013187,0.156418,0.054801,0.000000,0.171575
288,0,0.000000,0.430015,0.056038,0.006362,0.472596,0.000000,0.000000,0.573750,0.013397,0.165822,0.030726,0.000000,0.206087
289,0,0.000000,0.476816,0.048226,0.006333,0.515851,0.000000,0.000000,0.630468,0.022228,0.175576,0.070116,0.000000,0.202046
290,0,0.000000,0.455344,0.064698,0.001967,0.500823,0.000000,0.000000,0.573183,0.019430,0.135845,0.025383,0.000000,0.169772
291,0,0.000000,0.466068,0.050162,0.006495,0.500650,0.000000,0.000000,0.609655,0.021997,0.112220,0.066297,0.000000,0.181547
292,0,0.000000,0.489129,0.053145,0.002139,0.524411,0.000000,0.000000,0.586793,0.021398,0.176751,0.022024,0.000000,0.200032
293,0,0.000000,0.455379,0.051786,0.002005,0.491771,0.000000,0.000000,0.541966,0.013551,0.156560,0.020915,0.000000,0.171967
294,0,0.000000,0.444804,0.052177,0.006250,0.480801,0.000000,0.000000,0.574247,0.012906,0.182006,0.027104,0.000000,0.216841
295,0,0.000000,0.411884,0.048257,0.006543,0.452446,0.000000,0.000000,0.573457,0.021144,0.131649,0.079364,0.000000,0.217995
296,0,0.000000,0.465403,0.053934,0.002016,0.504282,0.000000,0.000000,0.567017,0.018960,0.166921,0.021624,0.000000,0.196986
297,0,0.000000,0.453509,0.049827,0.001785,0.491033,0.000000,0.000000,0.576036,0.014393,0.162962,0.039871,0.000000,0.179445
298,0,0.000000,0.449005,0.056101,0.007058,0.491219,0.000000,0.000000,0.609892,0.015092,0.203589,0.032499,0.000000,0.247174
299,0,0.000000,0.410939,0.048062,0.006717,0.450404,0.000000,0.000000,0.557360,0.022117,0.117305,0.072495,0.000000,0.144073
300,0,0.000000,0.448156,0.056213,0.001694,0.486132,0.000000,0.000000,0.557140,0.019673,0.150095,0.023205,0.000000,0.175892
301,0,0.000000,0.788049,0.063365,0.008275,0.829245,0.000000,0.000000,0.931592,0.013025,0.411317,0.047044,0.000000,0.465940
302,0,0.000000,0.462201,0.197068,0.008064,0.636317,0.000000,0.000000,0.869629,0.088974,0.172759,0.038499,0.000000,0.236820
303,0,0.000000,0.521295,0.081666,0.001832,0.567010,0.000000,0.000000,0.710289,0.022839,0.297646,0.061325,0.000000,0.372154
304,0,0.000000,0.509505,0.044362,0.001812,0.555514,0.000000,0.000000,0.674792,0.062070,0.349501,0.035293,0.000000,0.366009
305,0,0.000000,0.481883,0.044266,0.001503,0.527522,0.000000,0.000000,0.606012,0.023804,0.271900,0.020192,0.000000,0.305423
306,0,0.000000,0.618397,0.062928,0.001742,0.675012,0.000000,0.000000,0.747894,0.020237,0.335642,0.031152,0.000000,0.357815
307,0,0.000000,0.581687,0.122887,0.007695,0.661954,0.000000,0.000000,0.944223,0.100485,0.434950,0.033827,0.000000,0.471639
308,0,0.000000,0.595757,0.074449,0.007679,0.629568,0.000000,0.000000,0.783046,0.031552,0.261726,0.055941,0.000000,0.336792
309,0,0.000000,0.441651,0.075062,0.008947,0.497534,0.000000,0.000000,0.568423,0.026837,0.115998,0.018148,0.000000,0.143291
310,0,0.000000,0.469611,0.065125,0.001900,0.529696,0.000000,0.000000,0.584958,0.027143,0.128422,0.025106,0.000000,0.167827
311,0,0.000000,1.324474,0.052162,0.008019,1.361838,0.000000,0.000000,1.454610,0.018969,0.999049,0.028669,0.000000,1.034635
312,0,0.000000,0.511452,0.083374,0.001613,0.555408,0.000000,0.000000,0.679608,0.029676,0.165590,0.054462,0.000000,0.240263
313,0,0.000000,0.474211,0.068373,0.001699,0.521250,0.000000,0.000000,0.590329,0.016571,0.158174,0.038147,0.000000,0.178354
314,0,0.000000,0.557643,0.290998,0.002827,0.676240,0.000000,0.000000,0.911477,0.018294,0.223797,0.024299,0.000000,0.243283
315,0,0.000000,0.456621,0.048069,0.001818,0.505059,0.000000,0.000000,0.551754,0.019983,0.138178,0.030427,0.000000,0.160233
316,0,0.000000,0.423686,0.047710,0.001752,0.464211,0.000000,0.000000,0.520192,0.014066,0.101444,0.022355,0.000000,0.134606
317,0,0.000000,0.439049,0.068540,0.008978,0.492599,0.000000,0.000000,0.644637,0.024895,0.145249,0.031700,0.000000,0.186735
318,0,0.000000,0.528118,0.050959,0.007029,0.579592,0.000000,0.000000,0.692117,0.024601,0.224939,0.071344,0.000000,0.312541
319,0,0.000000,0.580777,0.065877,0.007833,0.629640,0.000000,0.000000,0.746598,0.021185,0.283283,0.080361,0.000000,0.364251
320,0,0.000000,0.524170,0.246697,0.001458,0.771877,0.000000,0.000000,0.831664,0.024429,0.215348,0.042800,0.000000,0.281227
321,0,0.000000,0.456350,0.049325,0.007597,0.506200,0.000000,0.000000,0.598827,0.017947,0.174232,0.024137,0.000000,0.213572
322,0,0.000000,0.517129,0.060052,0.001774,0.566632,0.000000,0.000000,0.654031,0.022169,0.197466,0.035681,0.000000,0.240731
323,0,0.000000,0.537544,0.060971,0.001920,0.595978,0.000000,0.000000,0.714972,0.020515,0.231093,0.071426,0.000000,0.305344
324,0,0.000000,0.513032,0.053458,0.001589,0.564639,0.000000,0.000000,0.620940,0.018808,0.177299,0.017862,0.000000,0.197609
325,0,0.000000,0.556025,0.044273,0.002508,0.601456,0.000000,0.000000,0.657327,0.042660,0.267849,0.009184,0.000000,0.319693
326,0,0.000000,0.495805,0.043549,0.001866,0.540305,0.000000,0.000000,0.605047,0.018579,0.313224,0.012459,0.000000,0.344262
327,0,0.000000,0.531480,0.048848,0.007437,0.581603,0.000000,0.000000,0.657311,0.013311,0.323381,0.018654,0.000000,0.338341
328,0,0.000000,0.574853,0.054479,0.001829,0.622848,0.000000,0.000000,0.732969,0.023768,0.277967,0.052194,0.000000,0.317419
329,0,0.000000,0.546276,0.055325,0.007799,0.590944,0.000000,0.000000,0.705489,0.017876,0.276358,0.037161,0.000000,0.326339
330,0,0.000000,0.562915,0.049872,0.001666,0.613879,0.000000,0.000000,0.672368,0.023119,0.292351,0.025486,0.000000,0.329515
331,0,0.000000,0.589116,0.054532,0.001641,0.635891,0.000000,0.000000,0.695051,0.018327,0.296362,0.029917,0.000000,0.339227
332,0,0.000000,0.543233,0.052039,0.001961,0.594735,0.000000,0.000000,0.660492,0.017576,0.257396,0.026109,0.000000,0.296202
333,0,0.000000,0.569926,0.054160,0.001629,0.615412,0.000000,0.000000,0.685546,0.019224,0.261150,0.028217,0.000000,0.299572
334,0,0.000000,0.556101,0.114206,0.001579,0.671473,0.000000,0.000000,0.725671,0.018199,0.272024,0.021919,0.000000,0.292090
335,0,0.000000,0.531029,0.056929,0.001349,0.581605,0.000000,0.000000,0.652852,0.019359,0.229563,0.031002,0.000000,0.274233
336,0,0.000000,0.554678,0.070068,0.002074,0.625723,0.000000,0.000000,0.688798,0.035461,0.249072,0.023898,0.000000,0.283287
337,0,0.000000,0.571992,0.053199,0.002019,0.619396,0.000000,0.000000,0.741490,0.064775,0.272687,0.026638,0.000000,0.339437
338,0,0.000000,0.535777,0.047503,0.001982,0.575182,0.000000,0.000000,0.648597,0.015433,0.249243,0.032792,0.000000,0.279016
339,0,0.000000,0.551828,0.058660,0.001997,0.596556,0.000000,0.000000,0.665177,0.013611,0.269194,0.033700,0.000000,0.312151
340,0,0.000000,0.460553,0.053527,0.001938,0.506199,0.000000,0.000000,0.566050,0.016759,0.167817,0.027634,0.000000,0.207115
341,0,0.000000,0.534462,0.095209,0.001847,0.577941,0.000000,0.000000,0.673010,0.014887,0.314987,0.072315,0.000000,0.400948
342,0,0.000000,0.570004,0.053873,0.002460,0.615351,0.000000,0.000000,0.691374,0.014749,0.352214,0.029405,0.000000,0.383821
343,0,0.000000,0.457301,0.054170,0.001617,0.507450,0.000000,0.000000,0.595764,0.064095,0.190769,0.029504,0.000000,0.254207
344,0,0.000000,0.543099,0.053116,0.001752,0.585037,0.000000,0.000000,0.663988,0.018146,0.299042,0.030823,0.000000,0.314566
345,0,0.000000,0.560515,0.053689,0.001821,0.604190,0.000000,0.000000,0.691363,0.015873,0.299168,0.026064,0.000000,0.336671
346,0,0.000000,0.555181,0.069380,0.002200,0.603093,0.000000,0.000000,0.672924,0.018432,0.294421,0.041923,0.000000,0.349240
347,0,0.000000,0.535230,0.053004,0.001875,0.581758,0.000000,0.000000,0.633187,0.016776,0.257717,0.026997,0.000000,0.296143
348,0,0.000000,1.167445,0.061338,0.008301,1.229915,0.000000,0.000000,1.356190,0.014003,0.840007,0.092878,0.000000,0.943459
349,0,0.000000,0.770188,0.054632,0.001976,0.817522,0.000000,0.000000,0.903682,0.059633,0.454107,0.031772,0.000000,0.489332
350,0,0.000000,0.491957,0.051750,0.010191,0.537610,0.000000,0.000000,0.617482,0.019894,0.201636,0.006044,0.000000,0.222202
351,0,0.000000,0.534372,0.077832,0.002018,0.591644,0.000000,0.000000,0.665016,0.122919,0.299093,0.054354,0.000000,0.394308
352,0,0.000000,0.928350,0.052413,0.011383,0.963617,0.000000,0.000000,1.731554,0.017823,1.323989,0.027114,0.000000,1.343770
353,0,0.000000,4.343373,0.053877,0.011545,4.391259,0.000000,0.000000,4.564575,0.032437,4.062396,0.024468,0.000000,4.095713
354,0,0.000000,0.585450,0.052721,0.006804,0.636865,0.000000,0.000000,0.768556,0.029943,0.342590,0.077118,0.000000,0.387799
355,0,0.000000,0.594873,0.048311,0.002043,0.644439,0.000000,0.000000,0.704251,0.024374,0.348570,0.014070,0.000000,0.376726
356,0,0.000000,0.550721,0.052671,0.015384,0.595215,0.000000,0.000000,0.704787,0.018079,0.319465,0.014456,0.000000,0.343399
357,0,0.000000,0.528132,0.054761,0.001912,0.583963,0.000000,0.000000,0.846520,0.029531,0.367719,0.012572,0.000000,0.381960
358,0,0.000000,0.508471,0.045700,0.001753,0.555323,0.000000,0.000000,0.604953,0.017406,0.290582,0.011359,0.000000,0.310864
359,0,0.000000,0.567110,0.053153,0.001900,0.619719,0.000000,0.000000,0.667123,0.017858,0.337087,0.008468,0.000000,0.355877
360,0,0.000000,1.545458,0.074863,0.007947,1.603075,0.000000,0.000000,1.752342,0.017626,1.318055,0.040055,0.000000,1.349123
361,0,0.000000,0.528227,0.042946,0.001938,0.571769,0.000000,0.000000,0.707790,0.031970,0.259608,0.018842,0.000000,0.304346
362,0,0.000000,0.481482,0.048038,0.001733,0.529151,0.000000,0.000000,0.613420,0.020715,0.207019,0.021490,0.000000,0.247000
363,0,0.000000,0.453866,0.058887,0.002004,0.514051,0.000000,0.000000,0.589231,0.017657,0.204760,0.033941,0.000000,0.252842
364,0,0.000000,0.513303,0.061614,0.001828,0.570644,0.000000,0.000000,0.633572,0.015746,0.244735,0.025771,0.000000,0.261192
365,0,0.000000,0.513405,0.075622,0.001904,0.590341,0.000000,0.000000,0.640903,0.019994,0.273408,0.033296,0.000000,0.324951
366,0,0.000000,0.511072,0.056798,0.002172,0.562560,0.000000,0.000000,0.621645,0.018744,0.281318,0.022092,0.000000,0.318798
367,0,0.000000,0.458733,0.083221,0.002264,0.514027,0.000000,0.000000,0.594444,0.017450,0.196786,0.041117,0.000000,0.253691
368,0,0.000000,0.437793,0.058225,0.002194,0.495193,0.000000,0.000000,0.548357,0.019042,0.186392,0.022930,0.000000,0.223848
369,0,0.000000,0.473407,0.057674,0.002148,0.531302,0.000000,0.000000,0.586444,0.019124,0.235300,0.032986,0.000000,0.283911
370,0,0.000000,0.510173,0.052102,0.001968,0.563404,0.000000,0.000000,0.630880,0.018541,0.276568,0.031619,0.000000,0.322268
371,0,0.000000,0.519555,0.054257,0.002396,0.571844,0.000000,0.000000,0.623994,0.017114,0.228815,0.018134,0.000000,0.246444
372,0,0.000000,0.534091,0.057662,0.002084,0.585739,0.000000,0.000000,0.639139,0.017078,0.281971,0.026168,0.000000,0.323996
373,0,0.000000,0.520766,0.063351,0.001671,0.570380,0.000000,0.000000,0.641720,0.018574,0.278566,0.032965,0.000000,0.327400
374,0,0.000000,0.517672,0.057556,0.001857,0.564450,0.000000,0.000000,0.619924,0.017252,0.254991,0.032016,0.000000,0.303275
375,0,0.000000,0.540867,0.052693,0.002092,0.591773,0.000000,0.000000,0.657667,0.015981,0.297351,0.028174,0.000000,0.339907
376,0,0.000000,0.511212,0.053849,0.001889,0.559032,0.000000,0.000000,0.622454,0.018018,0.281776,0.019517,0.000000,0.295251
377,0,0.000000,0.523370,0.057786,0.008182,0.578538,0.000000,0.000000,0.685430,0.017822,0.221191,0.031383,0.000000,0.242178
378,0,0.000000,0.543782,0.072616,0.007289,0.592693,0.000000,0.000000,0.713356,0.026475,0.225661,0.077619,0.000000,0.292458
379,0,0.000000,0.454299,0.050855,0.002196,0.506249,0.000000,0.000000,0.576892,0.022198,0.125490,0.010248,0.000000,0.149469
380,0,0.000000,0.468067,0.054482,0.001821,0.522968,0.000000,0.000000,0.572619,0.017787,0.151040,0.020075,0.000000,0.170454
381,0,0.000000,0.516118,0.081953,0.002267,0.553786,0.000000,0.000000,0.656781,0.016001,0.196603,0.040302,0.000000,0.214580
382,0,0.000000,0.454059,0.070395,0.001768,0.505203,0.000000,0.000000,0.608494,0.018344,0.182411,0.031548,0.000000,0.202698
383,0,0.000000,0.697452,0.200341,0.002299,0.740814,0.000000,0.000000,1.095017,0.018396,0.521108,0.166315,0.000000,0.669701
384,0,0.000000,0.696319,0.123811,0.006603,0.749387,0.000000,0.000000,0.951526,0.019879,0.434298,0.094152,0.000000,0.502360
385,0,0.000000,0.632545,0.062622,0.009040,0.691535,0.000000,0.000000,1.088053,0.046419,0.356625,0.061985,0.000000,0.457930
386,0,0.000000,0.520786,0.049293,0.007726,0.567967,0.000000,0.000000,0.780754,0.099082,0.285428,0.080713,0.000000,0.352688
387,0,0.000000,0.517877,0.066024,0.002385,0.582109,0.000000,0.000000,0.649771,0.024102,0.221101,0.017012,0.000000,0.251050
388,0,0.000000,0.513554,0.050410,0.001989,0.562788,0.000000,0.000000,0.618961,0.021729,0.191921,0.014102,0.000000,0.220911
389,0,0.000000,0.630274,0.068312,0.002139,0.678597,0.000000,0.000000,0.747755,0.018220,0.352448,0.002465,0.000000,0.365773
390,0,0.000000,0.613240,0.043653,0.002083,0.657764,0.000000,0.000000,0.708269,0.018110,0.383482,0.008067,0.000000,0.406231
391,0,0.000000,0.524195,1.261249,0.021348,1.621936,0.000000,0.000000,1.913102,0.017456,0.356797,0.109878,0.000000,0.456920
392,0,0.000000,0.576456,0.051423,0.006248,0.625528,0.000000,0.000000,0.849629,0.067201,0.308074,0.081913,0.000000,0.360047
393,0,0.000000,0.491070,0.182431,0.001830,0.542582,0.000000,0.000000,0.757880,0.026844,0.226101,0.053009,0.000000,0.305894
394,0,0.000000,0.505309,0.091968,0.010912,0.599463,0.000000,0.000000,0.689669,0.013985,0.227305,0.102375,0.000000,0.276858
395,0,0.000000,0.457413,0.079209,0.001931,0.506657,0.000000,0.000000,0.583125,0.022411,0.170731,0.045183,0.000000,0.187034
396,0,0.000000,0.481415,0.046842,0.002182,0.516483,0.000000,0.000000,0.577252,0.015019,0.226551,0.007695,0.000000,0.237663
397,0,0.000000,0.844393,0.046118,0.001742,0.892210,0.000000,0.000000,0.965067,0.012717,0.590775,0.012017,0.000000,0.603167
398,0,0.000000,0.499297,0.040444,0.002243,0.535701,0.000000,0.000000,0.623318,0.019912,0.214782,0.043647,0.000000,0.234413
399,0,0.000000,0.474307,0.044480,0.002308,0.520207,0.000000,0.000000,0.589976,0.014840,0.205857,0.025256,0.000000,0.224938
400,0,0.000000,0.533769,0.070018,0.002025,0.570264,0.000000,0.000000,0.682961,0.013464,0.274248,0.043576,0.000000,0.326162
401,0,0.000000,0.575436,0.045221,0.002304,0.613729,0.000000,0.000000,0.775518,0.124926,0.343524,0.034561,0.000000,0.471980
402,0,0.000000,0.617185,0.041025,0.003954,0.655942,0.000000,0.000000,0.829032,0.018014,0.515917,0.003579,0.000000,0.536145
403,0,0.000000,0.497490,0.040085,0.008064,0.534444,0.000000,0.000000,0.612645,0.018482,0.316392,0.011326,0.000000,0.345995
404,0,0.000000,0.535930,0.045883,0.002145,0.573896,0.000000,0.000000,0.669200,0.019871,0.344103,0.008240,0.000000,0.368788
405,0,0.000000,0.529613,0.045543,0.002059,0.570442,0.000000,0.000000,0.656461,0.014407,0.343035,0.045177,0.000000,0.360128
406,0,0.000000,0.433725,0.042612,0.002171,0.471015,0.000000,0.000000,0.517270,0.014724,0.221615,0.008951,0.000000,0.244382
407,0,0.000000,0.470968,0.045224,0.001613,0.508849,0.000000,0.000000,0.557553,0.014342,0.271822,0.010483,0.000000,0.293239
408,0,0.000000,0.455023,0.059015,0.002266,0.509300,0.000000,0.000000,0.615454,0.013655,0.272467,0.038411,0.000000,0.286944
409,0,0.000000,0.543024,0.045500,0.001855,0.579490,0.000000,0.000000,0.647360,0.016157,0.353833,0.008497,0.000000,0.376811
410,0,0.000000,0.473415,0.054533,0.001883,0.515348,0.000000,0.000000,0.593126,0.014180,0.286789,0.043823,0.000000,0.305593
411,0,0.000000,0.465102,0.037109,0.001911,0.503421,0.000000,0.000000,0.561759,0.015463,0.237439,0.002909,0.000000,0.255285
412,0,0.000000,0.478850,0.056915,0.002109,0.537164,0.000000,0.000000,0.577763,0.015665,0.259585,0.015413,0.000000,0.288046
413,0,0.000000,0.463445,0.089097,0.001934,0.501183,0.000000,0.000000,0.596094,0.024801,0.254157,0.062418,0.000000,0.328916
414,0,0.000000,0.489524,0.055678,0.001845,0.526737,0.000000,0.000000,0.588352,0.013256,0.272864,0.020792,0.000000,0.298841
415,0,0.000000,0.444691,0.065547,0.010015,0.504930,0.000000,0.000000,0.604277,0.014302,0.301561,0.028629,0.000000,0.316820
416,0,0.000000,0.552062,0.045246,0.001885,0.588585,0.000000,0.000000,0.655107,0.026704,0.305194,0.010828,0.000000,0.338340
417,0,0.000000,0.544908,0.050731,0.001561,0.584832,0.000000,0.000000,0.640167,0.015572,0.335776,0.013007,0.000000,0.359263
418,0,0.000000,0.574550,0.044106,0.001547,0.607063,0.000000,0.000000,0.670967,0.014426,0.386921,0.005976,0.000000,0.404559
419,0,0.000000,0.486298,0.046340,0.001551,0.518914,0.000000,0.000000,0.576379,0.014507,0.207017,0.005137,0.000000,0.225390
420,0,0.000000,0.428740,0.047462,0.001510,0.465070,0.000000,0.000000,0.551392,0.014846,0.260156,0.004286,0.000000,0.277753
421,0,0.000000,0.527335,0.072890,0.001802,0.563855,0.000000,0.000000,0.642160,0.014282,0.349832,0.005283,0.000000,0.368461
422,0,0.000000,0.564286,0.672701,0.001703,1.238247,0.000000,0.000000,1.288849,0.022558,0.275264,0.015256,0.000000,0.308376
423,0,0.000000,1.031307,0.051575,0.002257,1.084846,0.000000,0.000000,1.202735,0.048195,0.629006,0.017686,0.000000,0.674623
424,0,0.000000,0.515649,0.041885,0.001500,0.559034,0.000000,0.000000,0.646768,0.022421,0.319693,0.011560,0.000000,0.349236
425,0,0.000000,0.490370,0.160530,0.002087,0.652987,0.000000,0.000000,0.728026,0.017289,0.320564,0.038136,0.000000,0.337349
426,0,0.000000,0.545161,0.049782,0.001923,0.596866,0.000000,0.000000,0.660035,0.017875,0.352916,0.023554,0.000000,0.391390
427,0,0.000000,0.656009,0.045881,0.001887,0.702511,0.000000,0.000000,0.800525,0.018615,0.457887,0.063802,0.000000,0.493104
428,0,0.000000,0.628900,0.052297,0.012236,0.675871,0.000000,0.000000,0.787640,0.019602,0.436314,0.059467,0.000000,0.491289
429,0,0.000000,0.925940,0.045783,0.001843,0.972688,0.000000,0.000000,1.042136,0.025840,0.723444,0.014213,0.000000,0.759490
430,0,0.000000,0.655590,0.048381,0.008879,0.704921,0.000000,0.000000,0.869558,0.026136,0.513702,0.009373,0.000000,0.548175
431,0,0.000000,0.647155,0.112509,0.006251,0.704573,0.000000,0.000000,0.873650,0.029360,0.476709,0.093110,0.000000,0.565710
432,0,0.000000,0.544381,0.043751,0.006658,0.591625,0.000000,0.000000,0.741772,0.041247,0.333477,0.076210,0.000000,0.396594
433,0,0.000000,0.498418,0.056595,0.002139,0.542975,0.000000,0.000000,0.606321,0.022620,0.255238,0.028155,0.000000,0.303228
434,0,0.000000,1.556779,0.050560,0.007428,1.593436,0.000000,0.000000,1.708102,0.014689,1.251399,0.023173,0.000000,1.263195
435,0,0.000000,0.532874,0.048871,0.001863,0.573178,0.000000,0.000000,0.674809,0.040216,0.342325,0.039311,0.000000,0.376294
436,0,0.000000,0.549496,0.072090,0.003748,0.613368,0.000000,0.000000,0.666971,0.013512,0.333952,0.032344,0.000000,0.379808
437,0,0.000000,0.534131,0.391080,0.002023,0.926547,0.000000,0.000000,1.001582,0.018957,0.149636,0.358358,0.000000,0.519733
438,0,0.000000,0.507151,0.052197,0.001927,0.548386,0.000000,0.000000,0.636048,0.016262,0.295914,0.029732,0.000000,0.329409
439,0,0.000000,1.158565,0.042842,0.002503,1.190094,0.000000,0.000000,1.439148,0.014882,0.711153,0.184227,0.000000,0.741328
440,0,0.000000,0.750319,0.058807,0.005993,0.798060,0.000000,0.000000,1.207379,0.107756,0.763164,0.037672,0.000000,0.791448
441,0,0.000000,0.541800,0.047313,0.001910,0.590693,0.000000,0.000000,0.696661,0.153348,0.288053,0.021018,0.000000,0.449200
442,0,0.000000,0.431557,0.046328,0.001954,0.467847,0.000000,0.000000,0.528787,0.017453,0.245519,0.019720,0.000000,0.279927
443,0,0.000000,0.439985,0.061428,0.001806,0.476405,0.000000,0.000000,0.547667,0.015879,0.279459,0.035627,0.000000,0.330202
444,0,0.000000,0.444507,0.058163,0.002040,0.503601,0.000000,0.000000,0.548085,0.014385,0.230950,0.024089,0.000000,0.265370
445,0,0.000000,0.458262,0.049639,0.008419,0.505885,0.000000,0.000000,0.565521,0.017227,0.297455,0.026115,0.000000,0.338655
446,0,0.000000,0.602867,0.052399,0.008468,0.651522,0.000000,0.000000,0.799971,0.021358,0.455143,0.102764,0.000000,0.521841
447,0,0.000000,0.487421,0.057782,0.001642,0.536525,0.000000,0.000000,0.623250,0.043744,0.297885,0.034714,0.000000,0.366575
448,0,0.000000,0.486515,0.045520,0.001585,0.533432,0.000000,0.000000,0.577641,0.015495,0.315840,0.021828,0.000000,0.347049
449,0,0.000000,0.448203,0.056138,0.001826,0.500967,0.000000,0.000000,0.547717,0.016603,0.238662,0.040167,0.000000,0.283109
450,0,0.000000,0.453374,0.059277,0.011566,0.514276,0.000000,0.000000,0.571403,0.016505,0.286186,0.032854,0.000000,0.304055
451,0,0.000000,0.458129,0.052511,0.001762,0.504602,0.000000,0.000000,0.596246,0.056168,0.143052,0.024512,0.000000,0.223732
452,0,0.000000,0.520771,0.046110,0.001737,0.568383,0.000000,0.000000,0.618787,0.016886,0.223580,0.020598,0.000000,0.259559
453,0,0.000000,0.489939,0.092700,0.002254,0.561721,0.000000,0.000000,0.644814,0.016925,0.209604,0.061181,0.000000,0.283910
454,0,0.000000,0.460851,0.108299,0.001958,0.508073,0.000000,0.000000,0.691594,0.020091,0.111249,0.146851,0.000000,0.199947
455,0,0.000000,0.469599,0.048112,0.001885,0.512268,0.000000,0.000000,0.572435,0.021596,0.113618,0.022853,0.000000,0.153450
456,0,0.000000,0.474844,0.051556,0.001800,0.519891,0.000000,0.000000,0.578974,0.016945,0.141648,0.020039,0.000000,0.161047
457,0,0.000000,0.560276,0.058123,0.002289,0.619895,0.000000,0.000000,0.682316,0.019702,0.270305,0.011956,0.000000,0.291907
458,0,0.000000,0.526103,0.053591,0.002271,0.580739,0.000000,0.000000,0.635493,0.028080,0.213547,0.018202,0.000000,0.243341
459,0,0.000000,0.447034,0.053352,0.008940,0.494857,0.000000,0.000000,0.634776,0.017398,0.131293,0.028545,0.000000,0.150334
460,0,0.000000,0.601881,0.052366,0.034088,0.639395,0.000000,0.000000,1.011775,0.025048,0.285684,0.123314,0.000000,0.402421
461,0,0.000000,0.538323,0.060693,0.002277,0.600449,0.000000,0.000000,0.669494,0.027305,0.226195,0.040498,0.000000,0.287282
462,0,0.000000,0.538550,0.060777,0.006857,0.600923,0.000000,0.000000,0.660696,0.023097,0.192974,0.005282,0.000000,0.219144
463,0,0.000000,0.509521,0.049136,0.002314,0.554572,0.000000,0.000000,0.620768,0.024375,0.315159,0.023641,0.000000,0.347661
464,0,0.000000,0.534307,0.051452,0.008069,0.584138,0.000000,0.000000,0.689071,0.017319,0.377576,0.036482,0.000000,0.405115
465,0,0.000000,0.484888,0.062266,0.012201,0.548792,0.000000,0.000000,0.681912,0.026195,0.284552,0.118566,0.000000,0.362438
466,0,0.000000,0.475584,0.044035,0.006448,0.520708,0.000000,0.000000,0.599363,0.022321,0.236292,0.059454,0.000000,0.269547
467,0,0.000000,0.472661,0.049720,0.001974,0.523881,0.000000,0.000000,0.562858,0.020797,0.257217,0.021667,0.000000,0.289549
468,0,0.000000,0.480668,0.050961,0.002148,0.527648,0.000000,0.000000,0.584846,0.018669,0.224695,0.024755,0.000000,0.258383
469,0,0.000000,0.453429,0.048864,0.002096,0.504389,0.000000,0.000000,0.598890,0.014750,0.273105,0.019450,0.000000,0.294888
470,0,0.000000,0.451102,0.050193,0.001968,0.501722,0.000000,0.000000,0.609520,0.025586,0.285559,0.003035,0.000000,0.303738
471,0,0.000000,0.472684,0.053490,0.007666,0.533840,0.000000,0.000000,0.617305,0.013827,0.285695,0.033312,0.000000,0.306479
472,0,0.000000,0.577910,0.048269,0.007114,0.628102,0.000000,0.000000,0.762401,0.028325,0.364393,0.093610,0.000000,0.428814
473,0,0.000000,0.495344,0.048417,0.002007,0.543956,0.000000,0.000000,0.591546,0.022563,0.278778,0.019706,0.000000,0.307637
474,0,0.000000,0.485705,0.054201,0.001782,0.533299,0.000000,0.000000,0.636025,0.013525,0.255240,0.021993,0.000000,0.287688
475,0,0.000000,0.526386,0.051724,0.002011,0.578170,0.000000,0.000000,0.624014,0.017228,0.236605,0.022348,0.000000,0.254520
476,0,0.000000,0.474805,0.052539,0.001795,0.523106,0.000000,0.000000,0.572881,0.017177,0.188762,0.023067,0.000000,0.207242
477,0,0.000000,0.539631,0.049762,0.001769,0.587668,0.000000,0.000000,0.628259,0.013361,0.258658,0.019484,0.000000,0.273169
478,0,0.000000,0.627073,0.051789,0.001912,0.661475,0.000000,0.000000,0.728379,0.012582,0.336570,0.021067,0.000000,0.350497
479,0,0.000000,1.221382,0.047267,0.002025,1.255565,0.000000,0.000000,1.317793,0.017583,0.937680,0.018427,0.000000,0.965167
480,0,0.000000,0.501359,0.050489,0.001833,0.548404,0.000000,0.000000,0.620459,0.014697,0.213732,0.022776,0.000000,0.229827
481,0,0.000000,0.635091,0.045765,0.002393,0.679861,0.000000,0.000000,0.772633,0.019217,0.268448,0.039149,0.000000,0.290488
482,0,0.000000,0.815124,0.049809,0.001772,0.866582,0.000000,0.000000,0.935311,0.019768,0.571947,0.017735,0.000000,0.600804
483,0,0.000000,0.442184,0.051666,0.001707,0.487642,0.000000,0.000000,0.556412,0.021872,0.116985,0.021476,0.000000,0.148937
484,0,0.000000,0.520550,0.054889,0.008128,0.571008,0.000000,0.000000,0.645530,0.015652,0.151916,0.031863,0.000000,0.179938
485,0,0.000000,0.500323,0.054340,0.001592,0.540880,0.000000,0.000000,0.612318,0.021621,0.188424,0.026333,0.000000,0.223608
486,0,0.000000,0.515846,0.056213,0.001777,0.573679,0.000000,0.000000,0.652818,0.020021,0.196191,0.026775,0.000000,0.233864
487,0,0.000000,0.465242,0.053532,0.001578,0.501268,0.000000,0.000000,0.569417,0.021002,0.154301,0.023189,0.000000,0.188674
488,0,0.000000,0.533023,0.055628,0.011019,0.585598,0.000000,0.000000,0.712557,0.016923,0.303643,0.027385,0.000000,0.334919
489,0,0.000000,0.452973,0.051746,0.006397,0.499531,0.000000,0.000000,0.611633,0.025092,0.116432,0.082777,0.000000,0.144376
490,0,0.000000,0.465023,0.058637,0.001784,0.500351,0.000000,0.000000,0.617180,0.020053,0.203247,0.027284,0.000000,0.236469
491,0,0.000000,0.532331,0.049847,0.007031,0.583751,0.000000,0.000000,0.683559,0.016517,0.242250,0.070238,0.000000,0.266406
492,0,0.000000,0.512787,0.048099,0.001813,0.559365,0.000000,0.000000,0.605345,0.023571,0.200322,0.015681,0.000000,0.233127
493,0,0.000000,0.495160,0.051058,0.001808,0.545649,0.000000,0.000000,0.600981,0.016388,0.162620,0.016239,0.000000,0.180641
494,0,0.000000,0.456982,0.062697,0.001711,0.520740,0.000000,0.000000,0.570193,0.016728,0.232500,0.029313,0.000000,0.263332
495,0,0.000000,0.462766,0.048710,0.007176,0.518479,0.000000,0.000000,0.613840,0.016959,0.188407,0.024800,0.000000,0.213225
496,0,0.000000,0.519771,0.048725,0.001703,0.568042,0.000000,0.000000,0.646354,0.032441,0.270233,0.040917,0.000000,0.298907
497,0,0.000000,0.477338,0.054877,0.001853,0.514476,0.000000,0.000000,0.586149,0.016717,0.136308,0.025400,0.000000,0.154567
498,0,0.000000,0.462434,0.050780,0.007407,0.520621,0.000000,0.000000,0.595690,0.018923,0.188034,0.032807,0.000000,0.205504
499,0,0.000000,0.459012,0.048934,0.006750,0.509491,0.000000,0.000000,0.629052,0.019927,0.170654,0.074999,0.000000,0.202032
500,0,0.000000,0.509307,0.047504,0.006198,0.556809,0.000000,0.000000,0.646893,0.027123,0.185636,0.062776,0.000000,0.217258
501,0,0.000000,0.445549,0.051725,0.001998,0.498415,0.000000,0.000000,0.551712,0.021548,0.128894,0.026988,0.000000,0.151750
502,0,0.000000,0.490672,0.054873,0.001968,0.520852,0.000000,0.000000,0.603312,0.015578,0.213382,0.029048,0.000000,0.231535
503,0,0.000000,0.902734,0.161474,0.006695,0.953607,0.000000,0.000000,1.167135,0.017219,0.511758,0.141913,0.000000,0.666812
504,0,0.000000,0.488622,0.047005,0.001872,0.536758,0.000000,0.000000,0.622632,0.052265,0.168381,0.018759,0.000000,0.207771
505,0,0.000000,0.466886,0.047009,0.002012,0.500763,0.000000,0.000000,0.553337,0.016335,0.158423,0.016819,0.000000,0.176600
506,0,0.000000,0.485610,0.053345,0.001924,0.539988,0.000000,0.000000,0.591345,0.018052,0.135378,0.021708,0.000000,0.155074
507,0,0.000000,0.473072,0.054837,0.003239,0.529095,0.000000,0.000000,0.594933,0.017717,0.174177,0.027423,0.000000,0.208243
508,0,0.000000,0.440877,0.058602,0.001839,0.493199,0.000000,0.000000,0.553831,0.021218,0.172394,0.031068,0.000000,0.207040
509,0,0.000000,0.541497,0.097539,0.002824,0.597357,0.000000,0.000000,0.695652,0.020921,0.263262,0.062068,0.000000,0.322086
510,0,0.000000,0.546791,0.070474,0.011603,0.600577,0.000000,0.000000,0.702073,0.021217,0.189890,0.053055,0.000000,0.218563
511,0,0.000000,0.490515,0.189884,0.001904,0.615384,0.000000,0.000000,0.754432,0.030294,0.112515,0.161058,0.000000,0.287475
512,0,0.000000,0.524387,0.094963,0.009001,0.568234,0.000000,0.000000,0.720482,0.019553,0.215559,0.066233,0.000000,0.293754
513,0,0.000000,0.492024,0.049353,0.007121,0.546870,0.000000,0.000000,0.681543,0.041171,0.176918,0.080060,0.000000,0.222926
514,0,0.000000,0.477986,0.056118,0.007831,0.539738,0.000000,0.000000,0.672373,0.022924,0.154853,0.079127,0.000000,0.179670
515,0,0.000000,0.520840,0.054540,0.008729,0.573345,0.000000,0.000000,0.729792,0.109055,0.208702,0.037221,0.000000,0.259788
516,0,0.000000,0.477778,0.052928,0.002027,0.531723,0.000000,0.000000,0.670368,0.120735,0.119954,0.023070,0.000000,0.259170
517,0,0.000000,0.511401,0.051367,0.001969,0.564060,0.000000,0.000000,0.630777,0.026679,0.150693,0.026416,0.000000,0.189987
518,0,0.000000,0.463274,0.066404,0.001836,0.529571,0.000000,0.000000,0.589004,0.022971,0.107312,0.039591,0.000000,0.156196
519,0,0.000000,0.485432,0.053140,0.001749,0.532028,0.000000,0.000000,0.583413,0.020847,0.129459,0.022972,0.000000,0.152268
520,0,0.000000,0.465811,0.049770,0.001949,0.516616,0.000000,0.000000,0.567202,0.017385,0.133862,0.022506,0.000000,0.159777
521,0,0.000000,0.494909,0.063547,0.002108,0.546585,0.000000,0.000000,0.625968,0.050490,0.192844,0.033660,0.000000,0.212231
522,0,0.000000,0.481487,0.059501,0.001883,0.542202,0.000000,0.000000,0.613104,0.023405,0.149294,0.030661,0.000000,0.174845
523,0,0.000000,0.502340,0.056355,0.012545,0.571240,0.000000,0.000000,0.642723,0.021593,0.175017,0.042850,0.000000,0.200371
524,0,0.000000,0.487669,0.047345,0.007965,0.542979,0.000000,0.000000,0.686098,0.025895,0.176076,0.093530,0.000000,0.220820
525,0,0.000000,0.892881,0.439719,0.002382,0.949699,0.000000,0.000000,1.416547,0.027190,0.534827,0.033750,0.000000,0.590089
526,0,0.000000,0.531677,0.048408,0.001899,0.581944,0.000000,0.000000,1.276528,0.105597,0.486583,0.299904,0.000000,0.833737
527,0,0.000000,0.871040,0.047779,0.005768,0.913917,0.000000,0.000000,1.294589,0.027755,0.740137,0.026223,0.000000,0.775465
528,0,0.000000,1.017675,0.053845,0.002083,1.056366,0.000000,0.000000,1.132261,0.026627,0.697377,0.031141,0.000000,0.740127
529,0,0.000000,0.516118,0.055084,0.001590,0.567256,0.000000,0.000000,0.653120,0.019922,0.158331,0.022366,0.000000,0.181008
530,0,0.000000,0.486738,0.091425,0.003669,0.527494,0.000000,0.000000,0.632622,0.019352,0.183608,0.067273,0.000000,0.263785
531,0,0.000000,0.576263,0.051018,0.002202,0.628303,0.000000,0.000000,0.686739,0.020721,0.274249,0.017184,0.000000,0.303534
532,0,0.000000,0.511397,0.057060,0.002026,0.562547,0.000000,0.000000,0.616127,0.018715,0.234070,0.032104,0.000000,0.267190
533,0,0.000000,0.484576,0.072351,0.001744,0.540222,0.000000,0.000000,0.625879,0.013656,0.251287,0.031583,0.000000,0.291616
534,0,0.000000,0.491306,0.057997,0.009611,0.558914,0.000000,0.000000,0.649486,0.013946,0.265931,0.051950,0.000000,0.327276
535,0,0.000000,0.465884,0.062384,0.007245,0.530146,0.000000,0.000000,0.618281,0.024668,0.200560,0.044443,0.000000,0.235478
536,0,0.000000,0.517756,0.053583,0.007365,0.569856,0.000000,0.000000,0.650698,0.020205,0.223821,0.042750,0.000000,0.254578
537,0,0.000000,0.550164,0.053468,0.002050,0.587348,0.000000,0.000000,0.651828,0.048434,0.225332,0.019917,0.000000,0.247213
538,0,0.000000,0.535086,0.049231,0.002101,0.570520,0.000000,0.000000,0.629104,0.018236,0.266948,0.016493,0.000000,0.284445
539,0,0.000000,0.487198,0.050647,0.007315,0.524321,0.000000,0.000000,0.641159,0.013988,0.269382,0.025450,0.000000,0.283842
540,0,0.000000,0.505389,0.048767,0.007146,0.541856,0.000000,0.000000,0.646591,0.048346,0.187017,0.072872,0.000000,0.216273
541,0,0.000000,0.550748,0.047134,0.002174,0.587097,0.000000,0.000000,0.641333,0.020833,0.281887,0.013233,0.000000,0.303099
542,0,0.000000,0.542896,0.049833,0.007158,0.584236,0.000000,0.000000,0.727972,0.014297,0.281028,0.086491,0.000000,0.329072
543,0,0.000000,0.556281,0.053077,0.002067,0.596540,0.000000,0.000000,0.683202,0.034909,0.257730,0.045284,0.000000,0.306113
544,0,0.000000,0.652912,0.049034,0.002263,0.692566,0.000000,0.000000,0.753311,0.015479,0.369999,0.022607,0.000000,0.393057
545,0,0.000000,0.606693,0.055357,0.001835,0.646892,0.000000,0.000000,0.702739,0.026823,0.300849,0.027475,0.000000,0.328690
546,0,0.000000,0.480997,0.046889,0.002022,0.529800,0.000000,0.000000,0.608617,0.013239,0.193504,0.007435,0.000000,0.211654
547,0,0.000000,0.547542,0.049747,0.007280,0.601192,0.000000,0.000000,0.693341,0.016770,0.285988,0.023083,0.000000,0.311104
548,0,0.000000,0.456792,0.046336,0.001808,0.498067,0.000000,0.000000,0.570237,0.024479,0.178394,0.017520,0.000000,0.206910
549,0,0.000000,0.458517,0.043420,0.001888,0.503489,0.000000,0.000000,0.601138,0.014714,0.193564,0.064503,0.000000,0.212832
550,0,0.000000,0.430133,0.046374,0.001873,0.477952,0.000000,0.000000,0.526843,0.012907,0.156636,0.013394,0.000000,0.173762
551,0,0.000000,0.475893,0.065487,0.011525,0.542771,0.000000,0.000000,0.615468,0.012406,0.205703,0.049893,0.000000,0.267163
552,0,0.000000,0.443959,0.044931,0.010489,0.482574,0.000000,0.000000,0.596183,0.015588,0.187446,0.041995,0.000000,0.205857
553,0,0.000000,0.478984,0.055958,0.002145,0.530868,0.000000,0.000000,0.580183,0.024465,0.201707,0.013976,0.000000,0.239475
554,0,0.000000,0.488771,0.060270,0.009672,0.558713,0.000000,0.000000,0.627905,0.016385,0.221404,0.029913,0.000000,0.250245
555,0,0.000000,0.520539,0.054652,0.006809,0.582000,0.000000,0.000000,0.653666,0.019835,0.277245,0.025556,0.000000,0.307347
556,0,0.000000,0.478135,0.052959,0.006882,0.537976,0.000000,0.000000,0.616255,0.023359,0.206430,0.043966,0.000000,0.236017
557,0,0.000000,0.481896,0.057483,0.002419,0.534693,0.000000,0.000000,0.597064,0.018944,0.226522,0.020829,0.000000,0.265514
558,0,0.000000,0.481247,0.079443,0.007588,0.536729,0.000000,0.000000,0.663345,0.016914,0.195390,0.090048,0.000000,0.253724
559,0,0.000000,0.467790,0.063634,0.002315,0.522207,0.000000,0.000000,0.586521,0.021586,0.212616,0.022402,0.000000,0.254959
560,0,0.000000,0.461460,0.068766,0.002161,0.516758,0.000000,0.000000,0.572937,0.013634,0.185026,0.033412,0.000000,0.226480
561,0,0.000000,0.451770,0.053451,0.006819,0.500562,0.000000,0.000000,0.595727,0.017386,0.207245,0.025541,0.000000,0.234158
562,0,0.000000,0.443497,0.052622,0.006663,0.490400,0.000000,0.000000,0.581775,0.022798,0.184434,0.022247,0.000000,0.215124
563,0,0.000000,0.459037,0.051618,0.006570,0.498749,0.000000,0.000000,0.610961,0.021135,0.190342,0.076478,0.000000,0.226899
564,0,0.000000,0.460187,0.074525,0.002035,0.536509,0.000000,0.000000,0.597065,0.020750,0.187736,0.025217,0.000000,0.222636
565,0,0.000000,0.469473,0.055204,0.002333,0.525710,0.000000,0.000000,0.597927,0.054914,0.214938,0.016213,0.000000,0.258374
566,0,0.000000,0.456991,0.052140,0.002135,0.510156,0.000000,0.000000,0.548161,0.013314,0.175928,0.013565,0.000000,0.189258
567,0,0.000000,0.468530,0.054348,0.002364,0.523978,0.000000,0.000000,0.583823,0.013435,0.181963,0.015655,0.000000,0.196153
568,0,0.000000,0.551557,0.043548,0.002153,0.596616,0.000000,0.000000,0.662026,0.017496,0.155612,0.031200,0.000000,0.191730
569,0,0.000000,0.458658,0.047455,0.002116,0.492520,0.000000,0.000000,0.568970,0.017902,0.187876,0.007216,0.000000,0.206183
570,0,0.000000,0.433017,0.043149,0.012211,0.467138,0.000000,0.000000,0.559024,0.014418,0.139694,0.052298,0.000000,0.176988
571,0,0.000000,0.511041,0.616683,0.002077,0.915390,0.000000,0.000000,1.263371,0.015216,0.263667,0.588041,0.000000,0.764190
572,0,0.000000,0.463255,0.042690,0.002122,0.505844,0.000000,0.000000,0.554794,0.034684,0.167928,0.003639,0.000000,0.202919
573,0,0.000000,0.546731,0.299744,0.001958,0.585907,0.000000,0.000000,0.898176,0.016775,0.278761,0.264362,0.000000,0.489923
574,0,0.000000,0.540142,0.037929,0.002146,0.575427,0.000000,0.000000,0.621671,0.015182,0.261610,0.004333,0.000000,0.276728
575,0,0.000000,0.535170,0.051083,0.002054,0.569845,0.000000,0.000000,0.635579,0.014719,0.242290,0.024887,0.000000,0.276755
576,0,0.000000,0.560833,0.053494,0.001885,0.595759,0.000000,0.000000,0.661090,0.020034,0.281051,0.024358,0.000000,0.311383
577,0,0.000000,0.528143,0.077467,0.002027,0.564906,0.000000,0.000000,0.705269,0.015139,0.307633,0.048772,0.000000,0.345945
578,0,0.000000,0.525906,0.049500,0.001811,0.562081,0.000000,0.000000,0.621825,0.015294,0.249228,0.020317,0.000000,0.275626
579,0,0.000000,0.493698,0.045920,0.002094,0.530005,0.000000,0.000000,0.605439,0.015327,0.159369,0.020286,0.000000,0.194982
580,0,0.000000,0.430876,0.067934,0.001930,0.500375,0.000000,0.000000,0.668594,0.016801,0.212053,0.045667,0.000000,0.273310
581,0,0.000000,0.447186,0.050934,0.002169,0.499482,0.000000,0.000000,0.561420,0.024014,0.136019,0.018164,0.000000,0.166730
582,0,0.000000,0.493204,0.055980,0.001851,0.531032,0.000000,0.000000,0.612356,0.011881,0.224319,0.023471,0.000000,0.252877
583,0,0.000000,0.517025,0.060790,0.001844,0.555894,0.000000,0.000000,0.728419,0.013897,0.293788,0.096824,0.000000,0.311969
584,0,0.000000,0.501046,0.054397,0.002110,0.540882,0.000000,0.000000,0.610793,0.015911,0.177804,0.019819,0.000000,0.210045
585,0,0.000000,0.453846,0.066688,0.001740,0.522078,0.000000,0.000000,0.573078,0.013796,0.227686,0.044223,0.000000,0.283704
586,0,0.000000,0.533750,0.058366,0.002237,0.575326,0.000000,0.000000,0.646565,0.028406,0.319307,0.020221,0.000000,0.332863
587,0,0.000000,0.503752,0.054405,0.002552,0.544547,0.000000,0.000000,0.625962,0.011854,0.245514,0.018418,0.000000,0.274607
588,0,0.000000,0.503427,0.061123,0.001893,0.541620,0.000000,0.000000,0.631742,0.014239,0.245199,0.036457,0.000000,0.280442
589,0,0.000000,0.516350,0.058711,0.001994,0.555734,0.000000,0.000000,0.611782,0.013078,0.237316,0.028391,0.000000,0.251495
590,0,0.000000,0.944665,0.073106,0.002079,1.002367,0.000000,0.000000,1.075874,0.013783,0.658807,0.024997,0.000000,0.697587
591,0,0.000000,0.480990,0.042160,0.001975,0.518270,0.000000,0.000000,0.576892,0.022284,0.268947,0.017342,0.000000,0.306971
592,0,0.000000,0.454118,0.041269,0.001840,0.496566,0.000000,0.000000,0.536211,0.025639,0.240914,0.012329,0.000000,0.278882
593,0,0.000000,0.428936,0.051871,0.001912,0.481987,0.000000,0.000000,0.538097,0.017173,0.248478,0.027191,0.000000,0.287411
594,0,0.000000,0.465784,0.169798,0.001690,0.636794,0.000000,0.000000,0.712072,0.013177,0.310374,0.023239,0.000000,0.342749
595,0,0.000000,0.472283,0.054804,0.001850,0.508436,0.000000,0.000000,0.636374,0.016000,0.275244,0.048730,0.000000,0.316825
596,0,0.000000,0.539215,0.084281,0.002838,0.626334,0.000000,0.000000,0.695516,0.042433,0.177178,0.064254,0.000000,0.271630
597,0,0.000000,0.532120,0.052669,0.002249,0.569416,0.000000,0.000000,0.640137,0.016918,0.233597,0.024442,0.000000,0.272351
598,0,0.000000,0.553258,0.047367,0.002204,0.590495,0.000000,0.000000,0.641998,0.015665,0.259695,0.020380,0.000000,0.292173
599,0,0.000000,0.529869,0.050284,0.002301,0.566885,0.000000,0.000000,0.624269,0.017129,0.239119,0.023825,0.000000,0.271311
600,0,0.000000,0.528112,0.050561,0.002393,0.572075,0.000000,0.000000,0.625713,0.013366,0.245149,0.023204,0.000000,0.275517
601,0,0.000000,0.532127,0.051368,0.001961,0.571576,0.000000,0.000000,0.678752,0.016596,0.244968,0.020819,0.000000,0.269209
602,0,0.000000,0.646962,0.051941,0.004492,0.703042,0.000000,0.000000,0.767090,0.017047,0.362511,0.024952,0.000000,0.396321
603,0,0.000000,0.582186,0.071180,0.002277,0.627204,0.000000,0.000000,0.709781,0.024375,0.309231,0.047670,0.000000,0.375087
604,0,0.000000,0.580334,0.059441,0.002151,0.619157,0.000000,0.000000,0.684674,0.017611,0.323664,0.030357,0.000000,0.363177
605,0,0.000000,0.587194,0.052522,0.001975,0.631031,0.000000,0.000000,0.689171,0.013914,0.315541,0.025642,0.000000,0.350877
606,0,0.000000,0.610523,0.052501,0.002200,0.650801,0.000000,0.000000,0.715611,0.017574,0.362653,0.027880,0.000000,0.403453
607,0,0.000000,0.608027,0.057590,0.002258,0.652317,0.000000,0.000000,0.718548,0.017662,0.357256,0.025289,0.000000,0.395400
608,0,0.000000,0.580978,0.051851,0.002259,0.623961,0.000000,0.000000,0.682607,0.017955,0.270763,0.022914,0.000000,0.306967
609,0,0.000000,0.590571,0.060705,0.002336,0.652266,0.000000,0.000000,0.700930,0.018467,0.309391,0.024699,0.000000,0.345248
610,0,0.000000,0.593282,0.049335,0.002208,0.636294,0.000000,0.000000,0.694210,0.017475,0.316402,0.020193,0.000000,0.346724
611,0,0.000000,0.727985,0.067268,0.010345,0.783291,0.000000,0.000000,0.909381,0.017823,0.474828,0.050299,0.000000,0.535893
612,0,0.000000,0.600078,0.056585,0.002526,0.644474,0.000000,0.000000,0.804129,0.027530,0.294286,0.021307,0.000000,0.336993
613,0,0.000000,0.577089,0.048677,0.007304,0.621439,0.000000,0.000000,0.746912,0.022910,0.323419,0.021080,0.000000,0.359233
614,0,0.000000,0.552241,0.045060,0.006639,0.593837,0.000000,0.000000,0.710577,0.038353,0.240138,0.083832,0.000000,0.334320
615,0,0.000000,0.561671,0.052144,0.001937,0.614245,0.000000,0.000000,0.664501,0.020617,0.279770,0.027655,0.000000,0.316962
616,0,0.000000,0.541445,0.694559,0.001845,1.065933,0.000000,0.000000,1.322660,0.017529,0.191852,0.704559,0.000000,0.908827
617,0,0.000000,0.553591,0.085142,0.002107,0.607808,0.000000,0.000000,0.714439,0.037755,0.272579,0.049239,0.000000,0.340108
618,0,0.000000,0.461583,0.050222,0.002138,0.497088,0.000000,0.000000,0.570729,0.015409,0.165673,0.019084,0.000000,0.189660
619,0,0.000000,0.468100,0.048587,0.002030,0.507938,0.000000,0.000000,0.587727,0.019036,0.176462,0.015504,0.000000,0.197542
620,0,0.000000,0.501051,0.049662,0.010687,0.544560,0.000000,0.000000,0.600205,0.013654,0.176517,0.013731,0.000000,0.192426
621,0,0.000000,0.453772,0.055248,0.002125,0.491367,0.000000,0.000000,0.564242,0.017190,0.105997,0.021510,0.000000,0.128729
622,0,0.000000,0.456661,0.053954,0.002177,0.492707,0.000000,0.000000,0.601024,0.016705,0.138375,0.046188,0.000000,0.157270
623,0,0.000000,0.483772,0.055741,0.002055,0.521829,0.000000,0.000000,0.582296,0.016985,0.147401,0.021671,0.000000,0.166229
624,0,0.000000,0.674146,0.054970,0.002009,0.710824,0.000000,0.000000,0.779079,0.014336,0.387898,0.021673,0.000000,0.403970
625,0,0.000000,0.508546,0.049580,0.002109,0.545756,0.000000,0.000000,0.658782,0.019745,0.169517,0.064828,0.000000,0.191339
626,0,0.000000,0.506439,0.075716,0.001912,0.543755,0.000000,0.000000,0.641006,0.016979,0.212863,0.043339,0.000000,0.233344
627,0,0.000000,0.496551,0.053841,0.001952,0.532038,0.000000,0.000000,0.614961,0.018053,0.174498,0.024057,0.000000,0.193975
628,0,0.000000,0.515496,0.060612,0.001897,0.551480,0.000000,0.000000,0.625147,0.014266,0.208062,0.027369,0.000000,0.224063
629,0,0.000000,0.526320,0.075214,0.001977,0.564539,0.000000,0.000000,0.650481,0.015027,0.198239,0.041734,0.000000,0.217319
630,0,0.000000,0.456183,0.055748,0.001847,0.492913,0.000000,0.000000,0.568122,0.018168,0.131444,0.022372,0.000000,0.151247
631,0,0.000000,0.440348,0.080555,0.002293,0.477049,0.000000,0.000000,0.567028,0.017845,0.105438,0.017569,0.000000,0.125260
632,0,0.000000,0.440531,0.055604,0.002059,0.477530,0.000000,0.000000,0.531928,0.014654,0.137230,0.023509,0.000000,0.153628
633,0,0.000000,0.883994,0.119310,0.002061,0.944556,0.000000,0.000000,1.082970,0.013261,0.385133,0.097804,0.000000,0.461903
634,0,0.000000,0.624527,0.063356,0.001777,0.675875,0.000000,0.000000,0.759598,0.032158,0.310990,0.015122,0.000000,0.343283
635,0,0.000000,0.567045,0.043104,0.008794,0.611068,0.000000,0.000000,0.706508,0.021329,0.318207,0.012540,0.000000,0.346559
636,0,0.000000,0.560599,0.059908,0.007873,0.621584,0.000000,0.000000,0.708576,0.022386,0.315315,0.010890,0.000000,0.338351
637,0,0.000000,0.568538,0.045272,0.006826,0.611429,0.000000,0.000000,0.763712,0.038021,0.273364,0.066699,0.000000,0.331768
638,0,0.000000,0.554313,0.085187,0.002097,0.599404,0.000000,0.000000,0.698400,0.020112,0.283769,0.050535,0.000000,0.348902
639,0,0.000000,0.553301,0.065069,0.002032,0.619425,0.000000,0.000000,0.679437,0.014797,0.323137,0.019761,0.000000,0.352942
640,0,0.000000,0.537529,0.047598,0.001910,0.586233,0.000000,0.000000,0.654540,0.034661,0.293416,0.011791,0.000000,0.316946
641,0,0.000000,0.553008,0.047509,0.002257,0.601541,0.000000,0.000000,0.670595,0.017855,0.315038,0.011424,0.000000,0.338155
642,0,0.000000,0.535504,0.045778,0.002670,0.582424,0.000000,0.000000,0.654877,0.013790,0.276571,0.010256,0.000000,0.291570
643,0,0.000000,0.560410,0.048418,0.002320,0.610059,0.000000,0.000000,0.681449,0.017287,0.342022,0.024278,0.000000,0.353421
644,0,0.000000,0.540390,0.049334,0.002168,0.590714,0.000000,0.000000,0.644345,0.016661,0.293026,0.006196,0.000000,0.310182
645,0,0.000000,0.524077,0.074461,0.002049,0.599823,0.000000,0.000000,0.643565,0.013755,0.265104,0.009152,0.000000,0.279244
646,0,0.000000,0.507924,0.053452,0.001993,0.562362,0.000000,0.000000,0.618050,0.017708,0.266893,0.007509,0.000000,0.284985
647,0,0.000000,0.474899,0.046623,0.002511,0.516645,0.000000,0.000000,0.580751,0.014386,0.219713,0.007348,0.000000,0.233943
648,0,0.000000,0.413753,0.041808,0.002005,0.450607,0.000000,0.000000,0.511344,0.017275,0.158215,0.018946,0.000000,0.176874
649,0,0.000000,0.453776,0.041888,0.002193,0.490282,0.000000,0.000000,0.554057,0.010868,0.184197,0.033699,0.000000,0.196122
650,0,0.000000,0.454159,0.045625,0.002321,0.494004,0.000000,0.000000,0.532268,0.012710,0.202296,0.008869,0.000000,0.216639
651,0,0.000000,0.456016,0.048037,0.002242,0.495538,0.000000,0.000000,0.534336,0.010705,0.205833,0.010358,0.000000,0.217656
652,0,0.000000,0.468664,0.051035,0.001928,0.507187,0.000000,0.000000,0.549622,0.010185,0.190150,0.010236,0.000000,0.201410
653,0,0.000000,0.468953,0.044841,0.002681,0.510851,0.000000,0.000000,0.549043,0.010853,0.173510,0.005876,0.000000,0.185671
654,0,0.000000,0.454534,0.044164,0.002488,0.497001,0.000000,0.000000,0.538436,0.012044,0.186741,0.004334,0.000000,0.200078
655,0,0.000000,0.476420,0.206159,0.003841,0.686420,0.000000,0.000000,0.724102,0.013786,0.174039,0.025738,0.000000,0.210129
656,0,0.000000,0.510597,0.042441,0.002307,0.552235,0.000000,0.000000,0.618990,0.020405,0.181606,0.021695,0.000000,0.214004
657,0,0.000000,0.582799,0.051639,0.001899,0.636054,0.000000,0.000000,0.688767,0.015422,0.295700,0.014929,0.000000,0.312629
658,0,0.000000,0.451184,0.057247,0.001859,0.502937,0.000000,0.000000,0.552220,0.020553,0.093988,0.028851,0.000000,0.108255
659,0,0.000000,0.554436,0.049108,0.001763,0.604902,0.000000,0.000000,0.676674,0.012388,0.269514,0.007912,0.000000,0.282620
660,0,0.000000,0.588532,0.045462,0.001883,0.635293,0.000000,0.000000,0.680691,0.014347,0.274668,0.016245,0.000000,0.292459
661,0,0.000000,0.487425,0.041272,0.001928,0.521771,0.000000,0.000000,0.581603,0.015301,0.186488,0.028726,0.000000,0.205385
662,0,0.000000,0.484131,0.041528,0.001655,0.527035,0.000000,0.000000,0.571230,0.014666,0.170851,0.013156,0.000000,0.186969
663,0,0.000000,0.503945,0.050646,0.001780,0.555910,0.000000,0.000000,0.613028,0.013704,0.225198,0.012170,0.000000,0.240045
664,0,0.000000,0.532973,1.013355,0.003201,1.434891,0.000000,0.000000,1.591459,0.013215,0.248936,0.042679,0.000000,0.265327
665,0,0.000000,0.548152,0.060397,0.002197,0.591286,0.000000,0.000000,0.673246,0.039760,0.147687,0.031933,0.000000,0.171294
666,0,0.000000,0.533729,0.035921,0.001835,0.570593,0.000000,0.000000,0.618039,0.015767,0.255540,0.007308,0.000000,0.278148
667,0,0.000000,0.539234,0.038978,0.001793,0.576378,0.000000,0.000000,0.620887,0.015154,0.258722,0.007792,0.000000,0.275206
668,0,0.000000,0.512930,0.057829,0.001827,0.548524,0.000000,0.000000,0.644089,0.013795,0.237506,0.029968,0.000000,0.279974
669,0,0.000000,0.549068,0.041869,0.002100,0.587511,0.000000,0.000000,0.642942,0.014008,0.274738,0.008739,0.000000,0.297485
670,0,0.000000,0.565875,0.042430,0.008627,0.591621,0.000000,0.000000,0.746357,0.014200,0.329603,0.059671,0.000000,0.344535
671,0,0.000000,0.563530,0.071585,0.001819,0.636822,0.000000,0.000000,0.718841,0.046588,0.314399,0.010554,0.000000,0.330090
672,0,0.000000,0.428780,0.041616,0.002094,0.471458,0.000000,0.000000,0.565680,0.082241,0.174065,0.013132,0.000000,0.213720
673,0,0.000000,0.419345,0.038741,0.001938,0.456979,0.000000,0.000000,0.503212,0.015439,0.144656,0.012888,0.000000,0.170947
674,0,0.000000,0.433279,0.038065,0.002004,0.471444,0.000000,0.000000,0.508127,0.013427,0.154525,0.011205,0.000000,0.175734
675,0,0.000000,0.426744,0.038505,0.002004,0.464583,0.000000,0.000000,0.510320,0.012522,0.162645,0.012320,0.000000,0.184260
676,0,0.000000,0.430755,0.050507,0.002044,0.472956,0.000000,0.000000,0.562536,0.012832,0.143151,0.056062,0.000000,0.202786
677,0,0.000000,0.776168,0.110382,0.002187,0.833218,0.000000,0.000000,0.986534,0.055832,0.490357,0.007121,0.000000,0.505237
678,0,0.000000,0.473781,0.109855,0.003519,0.581266,0.000000,0.000000,0.661179,0.019718,0.195972,0.086128,0.000000,0.290741
679,0,0.000000,0.438389,0.037818,0.001767,0.477872,0.000000,0.000000,0.521020,0.017304,0.141982,0.011307,0.000000,0.160672
680,0,0.000000,0.427880,0.038034,0.002278,0.464509,0.000000,0.000000,0.507748,0.013954,0.148887,0.003665,0.000000,0.164164
681,0,0.000000,0.434086,0.038009,0.002054,0.472271,0.000000,0.000000,0.506104,0.012500,0.140568,0.012433,0.000000,0.154407
682,0,0.000000,0.436022,0.039118,0.002520,0.477318,0.000000,0.000000,0.514848,0.013960,0.164058,0.012457,0.000000,0.179405
683,0,0.000000,0.542074,0.051386,0.001739,0.594960,0.000000,0.000000,0.646606,0.012344,0.250726,0.024933,0.000000,0.264373
684,0,0.000000,0.531078,0.054861,0.009566,0.595505,0.000000,0.000000,0.671060,0.025108,0.224174,0.026335,0.000000,0.247794
685,0,0.000000,0.546073,0.043895,0.007481,0.597449,0.000000,0.000000,0.655462,0.021106,0.278313,0.013003,0.000000,0.300389
686,0,0.000000,0.522180,0.041221,0.006736,0.570137,0.000000,0.000000,0.676043,0.019713,0.247285,0.066283,0.000000,0.279386
687,0,0.000000,0.515936,0.054177,0.002287,0.571476,0.000000,0.000000,0.621940,0.021710,0.231037,0.016433,0.000000,0.253827
688,0,0.000000,0.483765,0.053953,0.002032,0.525990,0.000000,0.000000,0.582999,0.020671,0.206446,0.015877,0.000000,0.233107
689,0,0.000000,0.508672,0.049347,0.002313,0.542378,0.000000,0.000000,0.631828,0.015128,0.217803,0.017191,0.000000,0.234154
690,0,0.000000,0.514136,0.050092,0.002176,0.552732,0.000000,0.000000,0.610124,0.021155,0.169134,0.014749,0.000000,0.186089
691,0,0.000000,0.473126,0.047814,0.001984,0.522039,0.000000,0.000000,0.568017,0.016050,0.222628,0.021963,0.000000,0.246080
692,0,0.000000,0.475493,0.047697,0.001926,0.524295,0.000000,0.000000,0.569750,0.016381,0.259504,0.022850,0.000000,0.285367
693,0,0.000000,0.468829,0.065766,0.008139,0.532866,0.000000,0.000000,0.589650,0.016881,0.256083,0.005653,0.000000,0.278091
694,0,0.000000,0.500230,0.063263,0.002071,0.564788,0.000000,0.000000,0.640853,0.021481,0.256700,0.065500,0.000000,0.302862
695,0,0.000000,0.502136,0.043685,0.054928,0.595257,0.000000,0.000000,0.702348,0.014721,0.270926,0.115760,0.000000,0.399072
696,0,0.000000,0.530873,0.042878,0.002004,0.574580,0.000000,0.000000,0.667147,0.022293,0.262825,0.052014,0.000000,0.300908
697,0,0.000000,0.507833,0.038048,0.001959,0.546976,0.000000,0.000000,0.590863,0.018402,0.195171,0.008881,0.000000,0.222454
698,0,0.000000,0.500591,0.053558,0.001851,0.544641,0.000000,0.000000,0.604807,0.015734,0.228197,0.017946,0.000000,0.251686
699,0,0.000000,0.477982,0.043493,0.001683,0.522615,0.000000,0.000000,0.567117,0.023989,0.215744,0.014551,0.000000,0.234748
700,0,0.000000,0.529152,0.063846,0.002451,0.591243,0.000000,0.000000,0.640616,0.022346,0.235273,0.035830,0.000000,0.275844
701,0,0.000000,0.474476,0.041209,0.001931,0.516884,0.000000,0.000000,0.565936,0.014993,0.158371,0.015471,0.000000,0.181054
702,0,0.000000,0.504107,0.055132,0.001803,0.546073,0.000000,0.000000,0.617747,0.016320,0.196395,0.027838,0.000000,0.231472
703,0,0.000000,0.497232,0.057654,0.002278,0.538150,0.000000,0.000000,0.614858,0.020640,0.230658,0.033805,0.000000,0.280654
704,0,0.000000,0.516919,0.050700,0.001807,0.558209,0.000000,0.000000,0.642070,0.018381,0.284134,0.025867,0.000000,0.322662
705,0,0.000000,0.518374,0.080206,0.008067,0.606647,0.000000,0.000000,0.797363,0.024559,0.261005,0.060869,0.000000,0.333055
706,0,0.000000,0.467684,0.048766,0.002285,0.509287,0.000000,0.000000,0.619780,0.058678,0.245742,0.023178,0.000000,0.282581
707,0,0.000000,0.560102,0.043418,0.002004,0.604750,0.000000,0.000000,0.655903,0.016392,0.183446,0.018380,0.000000,0.214274
708,0,0.000000,0.464933,0.075480,0.008505,0.542859,0.000000,0.000000,0.807022,0.024653,0.285447,0.023364,0.000000,0.312825
709,0,0.000000,0.527319,0.053658,0.009773,0.571547,0.000000,0.000000,0.725931,0.028903,0.250855,0.027596,0.000000,0.292679
710,0,0.000000,0.492122,0.069991,0.008232,0.563443,0.000000,0.000000,0.688610,0.030354,0.168845,0.035333,0.000000,0.222683
711,0,0.000000,0.580933,0.050079,0.001934,0.632946,0.000000,0.000000,0.720287,0.023763,0.247191,0.034081,0.000000,0.272996
712,0,0.000000,0.503443,0.718877,0.013901,1.096069,0.000000,0.000000,1.377686,0.047977,0.154977,0.754761,0.000000,0.899248
713,0,0.000000,0.522760,0.057948,0.002250,0.582138,0.000000,0.000000,0.667164,0.028922,0.215908,0.032729,0.000000,0.264803
714,0,0.000000,0.470255,0.043260,0.001693,0.513449,0.000000,0.000000,0.583268,0.025700,0.192314,0.014168,0.000000,0.226271
715,0,0.000000,0.456588,0.054993,0.002174,0.513491,0.000000,0.000000,0.596014,0.016223,0.181445,0.034128,0.000000,0.214469
716,0,0.000000,0.526711,0.194767,0.002047,0.572489,0.000000,0.000000,0.878972,0.072127,0.334360,0.164085,0.000000,0.401776
717,0,0.000000,0.482016,0.040497,0.001974,0.523794,0.000000,0.000000,0.587279,0.024391,0.281717,0.012970,0.000000,0.318601
718,0,0.000000,0.515097,0.234776,0.001814,0.742165,0.000000,0.000000,0.808430,0.025152,0.275754,0.131827,0.000000,0.328777
719,0,0.000000,0.538428,0.051910,0.002063,0.586624,0.000000,0.000000,0.641450,0.020526,0.322617,0.010423,0.000000,0.351773
720,0,0.000000,0.538280,0.081200,0.002163,0.589655,0.000000,0.000000,0.674829,0.031874,0.323733,0.044036,0.000000,0.340563
721,0,0.000000,0.632282,0.041921,0.002029,0.675410,0.000000,0.000000,0.766026,0.118526,0.321479,0.008306,0.000000,0.427307
722,0,0.000000,0.549148,0.056368,0.001984,0.606651,0.000000,0.000000,0.657245,0.018293,0.320087,0.015376,0.000000,0.352982
723,0,0.000000,0.716869,0.113987,0.001857,0.780676,0.000000,0.000000,0.961527,0.018025,0.465938,0.055741,0.000000,0.520359
724,0,0.000000,1.271786,0.216235,0.001912,1.386064,0.000000,0.000000,1.614791,0.019986,0.989650,0.239018,0.000000,1.115839
725,0,0.000000,0.791693,0.276142,0.007344,1.069138,0.000000,0.000000,1.177100,0.023791,0.515798,0.255419,0.000000,0.795006
726,0,0.000000,0.549435,0.410976,0.002096,0.932748,0.000000,0.000000,1.265453,0.025886,0.271291,0.608803,0.000000,0.662551
727,0,0.000000,1.077235,0.043794,0.002273,1.121617,0.000000,0.000000,1.239488,0.051395,0.827468,0.041671,0.000000,0.889493
728,0,0.000000,0.570234,0.041486,0.001994,0.611932,0.000000,0.000000,0.692379,0.026269,0.293694,0.007859,0.000000,0.323582
729,0,0.000000,0.526647,0.047783,0.001510,0.573414,0.000000,0.000000,0.619490,0.016866,0.277923,0.019611,0.000000,0.314400
730,0,0.000000,0.534433,0.050269,0.001562,0.585459,0.000000,0.000000,0.638510,0.015349,0.299551,0.028330,0.000000,0.343230
731,0,0.000000,0.556418,0.051456,0.001850,0.609681,0.000000,0.000000,0.752552,0.014799,0.322919,0.018247,0.000000,0.355965
732,0,0.000000,0.604309,0.068779,0.002176,0.657051,0.000000,0.000000,0.780524,0.047630,0.425393,0.026141,0.000000,0.464340
733,0,0.000000,0.572913,0.049270,0.002003,0.623222,0.000000,0.000000,0.791691,0.094897,0.451284,0.018482,0.000000,0.480607
734,0,0.000000,0.521510,0.042849,0.001901,0.562094,0.000000,0.000000,0.661635,0.017046,0.275597,0.024306,0.000000,0.316698
735,0,0.000000,0.542773,0.047595,0.001800,0.591702,0.000000,0.000000,0.633646,0.016556,0.292612,0.012748,0.000000,0.321468
736,0,0.000000,0.520061,0.050168,0.001739,0.571552,0.000000,0.000000,0.630553,0.014806,0.270865,0.019611,0.000000,0.288022
737,0,0.000000,0.827717,0.045015,0.009053,0.881785,0.000000,0.000000,0.996589,0.061079,0.554145,0.024184,0.000000,0.630096
738,0,0.000000,0.536665,0.041927,0.001725,0.579691,0.000000,0.000000,0.684084,0.025081,0.319379,0.032848,0.000000,0.356630
739,0,0.000000,0.461262,0.070109,0.007832,0.516575,0.000000,0.000000,0.612577,0.018757,0.231221,0.068642,0.000000,0.294030
740,0,0.000000,0.593764,0.073454,0.001976,0.635162,0.000000,0.000000,0.773954,0.023546,0.343031,0.012754,0.000000,0.373926
741,0,0.000000,0.504580,0.042541,0.001812,0.548101,0.000000,0.000000,0.610810,0.020517,0.279542,0.017835,0.000000,0.314638
742,0,0.000000,0.703205,0.176411,0.012140,0.822956,0.000000,0.000000,1.019082,0.017387,0.490204,0.100175,0.000000,0.607700
743,0,0.000000,0.661946,0.061892,0.009567,0.725436,0.000000,0.000000,0.832062,0.023791,0.499990,0.021651,0.000000,0.541555
744,0,0.000000,0.553095,0.047803,0.006337,0.601932,0.000000,0.000000,0.738573,0.026019,0.348156,0.074203,0.000000,0.391825
745,0,0.000000,0.553106,0.080828,0.002003,0.635104,0.000000,0.000000,0.699663,0.022517,0.281575,0.017814,0.000000,0.316667
746,0,0.000000,0.573349,0.042475,0.009263,0.611519,0.000000,0.000000,0.701875,0.014507,0.351038,0.038206,0.000000,0.389431
747,0,0.000000,0.623887,0.059399,0.002108,0.674928,0.000000,0.000000,0.738996,0.021475,0.382365,0.029682,0.000000,0.424869
748,0,0.000000,0.590646,0.050586,0.001775,0.642853,0.000000,0.000000,0.710473,0.015838,0.369356,0.014410,0.000000,0.396862
749,0,0.000000,1.122298,0.067194,0.005868,1.165910,0.000000,0.000000,1.334566,0.015320,0.944171,0.047426,0.000000,0.965474
750,0,0.000000,0.598132,0.053768,0.002487,0.647663,0.000000,0.000000,0.731908,0.046615,0.281225,0.029152,0.000000,0.334327
751,0,0.000000,0.544483,0.066334,0.001941,0.588908,0.000000,0.000000,0.692018,0.026239,0.171693,0.032718,0.000000,0.222788
752,0,0.000000,0.473045,0.051852,0.002061,0.512845,0.000000,0.000000,0.584281,0.021160,0.194230,0.016461,0.000000,0.221154
753,0,0.000000,0.441391,0.050688,0.002128,0.491819,0.000000,0.000000,0.556505,0.013502,0.152220,0.015673,0.000000,0.180027
754,0,0.000000,0.403739,0.048356,0.002033,0.448039,0.000000,0.000000,0.505624,0.013298,0.124723,0.012915,0.000000,0.145888
755,0,0.000000,0.428169,0.084831,0.002014,0.482084,0.000000,0.000000,0.556509,0.012033,0.130547,0.050090,0.000000,0.142621
756,0,0.000000,0.818112,0.056046,0.008209,0.882048,0.000000,0.000000,1.112590,0.143698,0.477124,0.030994,0.000000,0.510969
757,0,0.000000,0.472696,0.046394,0.001802,0.520892,0.000000,0.000000,0.581748,0.028456,0.125736,0.017327,0.000000,0.162455
758,0,0.000000,0.447293,0.050338,0.001733,0.498646,0.000000,0.000000,0.541683,0.015456,0.158732,0.020854,0.000000,0.182620
759,0,0.000000,0.473949,0.056797,0.001791,0.527898,0.000000,0.000000,0.614485,0.014469,0.193125,0.016488,0.000000,0.215032
760,0,0.000000,0.473620,0.055642,0.001854,0.530474,0.000000,0.000000,0.596656,0.019679,0.214391,0.015881,0.000000,0.248762
761,0,0.000000,0.472678,0.065136,0.006650,0.544278,0.000000,0.000000,0.636782,0.017503,0.224383,0.015968,0.000000,0.257138
762,0,0.000000,0.582748,0.106294,0.001761,0.690366,0.000000,0.000000,0.775343,0.021546,0.264334,0.096510,0.000000,0.299117
763,0,0.000000,0.509502,0.050551,0.006903,0.551831,0.000000,0.000000,0.658235,0.019221,0.220054,0.068191,0.000000,0.246776
764,0,0.000000,0.513442,0.061545,0.001722,0.563103,0.000000,0.000000,0.627042,0.030619,0.219097,0.034367,0.000000,0.251193
765,0,0.000000,0.481708,0.046032,0.007315,0.535055,0.000000,0.000000,0.606272,0.014842,0.215440,0.021587,0.000000,0.235287
766,0,0.000000,0.464033,0.052401,0.002035,0.509787,0.000000,0.000000,0.587119,0.022182,0.187736,0.041502,0.000000,0.214972
767,0,0.000000,0.467897,0.056932,0.006801,0.521771,0.000000,0.000000,0.605208,0.016779,0.196973,0.060578,0.000000,0.233022
768,0,0.000000,0.527166,0.054314,0.001726,0.561728,0.000000,0.000000,0.626525,0.021428,0.202517,0.019259,0.000000,0.226699
769,0,0.000000,0.487977,0.043263,0.002222,0.532443,0.000000,0.000000,0.597731,0.019759,0.210240,0.019524,0.000000,0.240007
770,0,0.000000,0.487236,0.048736,0.001705,0.523659,0.000000,0.000000,0.576441,0.018596,0.179311,0.016367,0.000000,0.201520
771,0,0.000000,0.511699,0.056845,0.001969,0.547746,0.000000,0.000000,0.611491,0.014978,0.220420,0.030919,0.000000,0.239518
772,0,0.000000,0.482933,0.056281,0.001826,0.540371,0.000000,0.000000,0.587639,0.018097,0.207135,0.017940,0.000000,0.229584
773,0,0.000000,0.491827,0.046790,0.001979,0.539920,0.000000,0.000000,0.586523,0.017513,0.215920,0.019463,0.000000,0.239698
774,0,0.000000,0.612145,0.055382,0.008462,0.659934,0.000000,0.000000,0.786552,0.020053,0.372717,0.019762,0.000000,0.409234
775,0,0.000000,0.506130,0.050912,0.001920,0.552485,0.000000,0.000000,0.621284,0.027727,0.208417,0.027284,0.000000,0.244280
776,0,0.000000,0.433028,0.044484,0.001799,0.474875,0.000000,0.000000,0.521073,0.018217,0.158120,0.015594,0.000000,0.187822
777,0,0.000000,0.446283,0.049103,0.001947,0.487632,0.000000,0.000000,0.562104,0.013773,0.142099,0.022285,0.000000,0.164125
778,0,0.000000,0.430055,0.045716,0.001941,0.472436,0.000000,0.000000,0.562434,0.015341,0.156404,0.052963,0.000000,0.178388
779,0,0.000000,0.690017,0.157478,0.001667,0.730670,0.000000,0.000000,0.912688,0.014267,0.372393,0.025550,0.000000,0.388842
780,0,0.000000,0.560746,0.066104,0.002043,0.594103,0.000000,0.000000,0.717933,0.035107,0.251806,0.036164,0.000000,0.283142
781,0,0.000000,0.514451,0.046655,0.001988,0.562529,0.000000,0.000000,0.626654,0.016709,0.175882,0.021675,0.000000,0.200201
782,0,0.000000,0.771738,0.052217,0.002518,0.825260,0.000000,0.000000,0.903813,0.015155,0.487865,0.030993,0.000000,0.529906
783,0,0.000000,0.568359,0.052269,0.001747,0.621989,0.000000,0.000000,0.678188,0.024799,0.327752,0.011019,0.000000,0.362582
784,0,0.000000,0.554797,0.048967,0.001646,0.604858,0.000000,0.000000,0.694345,0.019164,0.381770,0.004739,0.000000,0.404364
785,0,0.000000,0.455464,0.058357,0.001853,0.501974,0.000000,0.000000,0.604169,0.016786,0.241015,0.052143,0.000000,0.267537
786,0,0.000000,0.574018,0.053894,0.001973,0.628937,0.000000,0.000000,0.701756,0.034952,0.349486,0.006988,0.000000,0.373248
787,0,0.000000,0.595463,0.052222,0.009735,0.657420,0.000000,0.000000,0.728780,0.015354,0.399369,0.011923,0.000000,0.422271
788,0,0.000000,0.568705,0.064580,0.005766,0.639051,0.000000,0.000000,0.767689,0.025286,0.358002,0.029519,0.000000,0.411636
789,0,0.000000,0.495150,0.051704,0.005765,0.536808,0.000000,0.000000,0.632327,0.021630,0.281852,0.012837,0.000000,0.315138
790,0,0.000000,0.593953,0.064180,0.002161,0.642889,0.000000,0.000000,0.717832,0.019878,0.371677,0.038951,0.000000,0.429706
791,0,0.000000,0.612275,0.042965,0.002182,0.656366,0.000000,0.000000,0.713738,0.018356,0.355259,0.014049,0.000000,0.386424
792,0,0.000000,0.652725,0.044932,0.002490,0.698332,0.000000,0.000000,0.751057,0.017366,0.433964,0.017205,0.000000,0.465747
793,0,0.000000,0.599880,0.059840,0.002021,0.642747,0.000000,0.000000,0.710544,0.019074,0.373332,0.021712,0.000000,0.412680
794,0,0.000000,0.483353,0.045881,0.002500,0.528341,0.000000,0.000000,0.571383,0.014636,0.251146,0.019576,0.000000,0.284081
795,0,0.000000,0.580099,0.837149,0.002122,1.268300,0.000000,0.000000,1.473609,0.015954,0.389082,0.817926,0.000000,1.220383
796,0,0.000000,0.639252,0.067278,0.002341,0.707549,0.000000,0.000000,0.764377,0.018521,0.413427,0.010043,0.000000,0.440778
797,0,0.000000,0.597782,0.063315,0.002212,0.645585,0.000000,0.000000,0.721587,0.017736,0.373598,0.036449,0.000000,0.426602
798,0,0.000000,1.436116,0.664997,0.003426,1.483775,0.000000,0.000000,2.199244,0.017800,1.247122,0.259800,0.000000,1.307556
799,0,0.000000,2.502221,0.069054,0.010054,2.550614,0.000000,0.000000,3.274516,0.031986,2.655883,0.064795,0.000000,2.749954
800,0,0.000000,0.766290,0.053277,0.006498,0.822843,0.000000,0.000000,3.980336,0.042857,3.118377,0.052461,0.000000,3.162317
801,0,0.000000,0.577394,0.062200,0.002574,0.622166,0.000000,0.000000,0.792114,0.035096,0.176691,0.019471,0.000000,0.220797
802,0,0.000000,0.678474,0.193664,0.001895,0.843748,0.000000,0.000000,1.018796,0.021618,0.366223,0.153714,0.000000,0.459466
803,0,0.000000,0.490727,0.048401,0.002043,0.540335,0.000000,0.000000,0.646351,0.046702,0.109987,0.012038,0.000000,0.148897
804,0,0.000000,0.551050,0.047874,0.002129,0.600026,0.000000,0.000000,0.758041,0.086000,0.302625,0.030183,0.000000,0.322751
805,0,0.000000,0.558154,0.069422,0.001786,0.614826,0.000000,0.000000,0.674757,0.016840,0.197922,0.031850,0.000000,0.239200
806,0,0.000000,0.630871,0.080537,0.001917,0.686521,0.000000,0.000000,0.817400,0.015175,0.368718,0.050004,0.000000,0.433708
807,0,0.000000,0.602544,0.046850,0.002066,0.650497,0.000000,0.000000,0.726524,0.018724,0.358493,0.023350,0.000000,0.377389
808,0,0.000000,1.631231,0.048612,0.007804,1.681286,0.000000,0.000000,1.776439,0.019970,1.336732,0.012958,0.000000,1.353134
809,0,0.000000,0.628529,0.132685,0.001999,0.673611,0.000000,0.000000,0.836487,0.030589,0.268095,0.099424,0.000000,0.390864
810,0,0.000000,0.622416,0.049428,0.001875,0.673061,0.000000,0.000000,0.749036,0.024568,0.215569,0.008218,0.000000,0.246475
811,0,0.000000,0.587592,0.365694,0.002045,0.922514,0.000000,0.000000,1.004127,0.019993,0.269366,0.093654,0.000000,0.300699
812,0,0.000000,0.641294,0.058455,0.001702,0.696289,0.000000,0.000000,0.810342,0.049822,0.283296,0.028645,0.000000,0.355285
813,0,0.000000,0.726675,0.048999,0.001962,0.777000,0.000000,0.000000,0.860630,0.027962,0.470362,0.023427,0.000000,0.506620
814,0,0.000000,0.598334,0.052140,0.007768,0.658210,0.000000,0.000000,0.801851,0.027175,0.336796,0.024942,0.000000,0.381900
815,0,0.000000,0.568537,0.046762,0.001970,0.617269,0.000000,0.000000,0.727717,0.024914,0.218083,0.037318,0.000000,0.261065
816,0,0.000000,0.665591,0.052529,0.002159,0.720079,0.000000,0.000000,0.887608,0.073666,0.346411,0.023123,0.000000,0.374456
817,0,0.000000,0.472716,0.114261,0.001750,0.541050,0.000000,0.000000,0.643067,0.021959,0.146151,0.081965,0.000000,0.216567
818,0,0.000000,0.466022,0.056547,0.001801,0.507924,0.000000,0.000000,0.575038,0.015496,0.087633,0.032066,0.000000,0.126894
819,0,0.000000,0.562734,0.052346,0.006328,0.614250,0.000000,0.000000,0.709111,0.016431,0.189561,0.027694,0.000000,0.229710
820,0,0.000000,0.509236,0.054859,0.010364,0.557956,0.000000,0.000000,0.781467,0.024574,0.250548,0.042352,0.000000,0.298092
821,0,0.000000,0.748452,0.121609,0.010721,0.868513,0.000000,0.000000,1.117139,0.022510,0.363474,0.161122,0.000000,0.466716
822,0,0.000000,0.577513,0.040834,0.001936,0.618955,0.000000,0.000000,0.794500,0.103915,0.317019,0.012175,0.000000,0.378151
823,0,0.000000,0.503345,0.074110,0.001709,0.544568,0.000000,0.000000,0.685407,0.017179,0.214220,0.094530,0.000000,0.319564
824,0,0.000000,0.550747,0.095151,0.007585,0.640075,0.000000,0.000000,0.721892,0.019849,0.309442,0.013578,0.000000,0.337540
825,0,0.000000,0.826721,0.131614,0.006797,0.894494,0.000000,0.000000,1.060800,0.025740,0.533606,0.114184,0.000000,0.558040
826,0,0.000000,0.723701,0.065074,0.007071,0.791017,0.000000,0.000000,0.888512,0.025053,0.464797,0.021380,0.000000,0.494841
827,0,0.000000,0.519808,0.070624,0.002767,0.561021,0.000000,0.000000,0.781770,0.037781,0.370814,0.040912,0.000000,0.405001
828,0,0.000000,0.528459,0.049080,0.002015,0.579125,0.000000,0.000000,0.614559,0.021888,0.293400,0.020375,0.000000,0.334361
829,0,0.000000,0.515083,0.051512,0.001562,0.554510,0.000000,0.000000,0.610043,0.016802,0.344741,0.026324,0.000000,0.383202
830,0,0.000000,0.527219,0.054496,0.001813,0.567566,0.000000,0.000000,0.626167,0.013205,0.315904,0.026428,0.000000,0.353106
831,0,0.000000,1.078621,0.044746,0.008668,1.111744,0.000000,0.000000,1.264285,0.018626,0.827926,0.022518,0.000000,0.843938
832,0,0.000000,0.534295,0.078651,0.003150,0.597349,0.000000,0.000000,0.754632,0.028493,0.217229,0.053381,0.000000,0.242645
833,0,0.000000,0.500136,0.045510,0.002133,0.539764,0.000000,0.000000,0.604481,0.020142,0.167607,0.010544,0.000000,0.189064
834,0,0.000000,0.436683,0.052245,0.001820,0.481714,0.000000,0.000000,0.569242,0.018475,0.097069,0.050260,0.000000,0.117427
835,0,0.000000,0.497391,0.056191,0.001963,0.538979,0.000000,0.000000,0.622491,0.017267,0.189218,0.026459,0.000000,0.208719
836,0,0.000000,0.574597,0.171252,0.001859,0.636307,0.000000,0.000000,0.813478,0.019839,0.283245,0.146603,0.000000,0.444594
837,0,0.000000,0.460500,0.062072,0.002028,0.523824,0.000000,0.000000,0.630674,0.020247,0.166625,0.035332,0.000000,0.213206
838,0,0.000000,0.453614,0.048756,0.002724,0.495475,0.000000,0.000000,0.689135,0.018054,0.162369,0.017020,0.000000,0.183021
839,0,0.000000,0.457566,0.104238,0.002050,0.562936,0.000000,0.000000,0.630285,0.018566,0.146072,0.079654,0.000000,0.240789
840,0,0.000000,2.399085,0.260456,0.009996,2.487860,0.000000,0.000000,2.851635,0.019512,2.149937,0.178788,0.000000,2.266654
841,0,0.000000,1.920349,1.010065,0.010720,2.941053,0.000000,0.000000,3.259661,0.045911,1.562704,0.368986,0.000000,1.968694
842,0,0.000000,0.682925,0.161917,0.002230,0.843643,0.000000,0.000000,0.954042,0.046689,0.287506,0.112569,0.000000,0.335398
843,0,0.000000,0.810097,2.684416,0.009581,3.504094,0.000000,0.000000,3.873822,0.062256,0.608168,2.687209,0.000000,3.332312
844,0,0.000000,7.056145,0.651911,0.010996,7.143599,0.000000,0.000000,8.046773,0.038471,6.482937,0.591754,0.000000,6.864995
845,0,0.000000,1.048146,1.865855,0.007174,2.440293,0.000000,0.000000,3.168788,0.157998,0.576321,1.442711,0.000000,1.642065
846,0,0.000000,1.040756,0.208715,0.002620,1.096030,0.000000,0.000000,1.464162,0.067835,0.455587,0.151539,0.000000,0.510388
847,0,0.000000,0.715886,0.673598,0.003538,1.077465,0.000000,0.000000,1.739760,0.053454,0.506795,0.638928,0.000000,1.186523
848,0,0.000000,0.834422,0.060808,0.002259,0.878421,0.000000,0.000000,1.000613,0.026363,0.421356,0.016514,0.000000,0.448429
849,0,0.000000,0.690108,0.048590,0.006174,0.736520,0.000000,0.000000,0.855822,0.027026,0.377768,0.020094,0.000000,0.413419
850,0,0.000000,0.622644,0.052641,0.001641,0.666496,0.000000,0.000000,0.744303,0.022426,0.336182,0.027253,0.000000,0.358718
851,0,0.000000,0.561419,0.050271,0.003214,0.606463,0.000000,0.000000,0.670448,0.018289,0.276656,0.010426,0.000000,0.295128
852,0,0.000000,1.484885,0.053458,0.002269,1.525871,0.000000,0.000000,1.605457,0.017589,1.112628,0.019319,0.000000,1.147090
853,0,0.000000,0.745619,0.047463,0.006433,0.791598,0.000000,0.000000,0.930706,0.023240,0.427664,0.015318,0.000000,0.461638
854,0,0.000000,0.661976,0.052353,0.009805,0.708911,0.000000,0.000000,0.867545,0.046439,0.371792,0.035722,0.000000,0.420998
855,0,0.000000,0.576298,0.052975,0.001821,0.622449,0.000000,0.000000,0.683977,0.018795,0.276335,0.010675,0.000000,0.303493
856,0,0.000000,1.078983,0.047949,0.008684,1.128490,0.000000,0.000000,1.531810,0.669858,0.657880,0.011625,0.000000,0.923717
857,0,0.000000,0.630332,0.051357,0.005360,0.677515,0.000000,0.000000,0.833532,0.069759,0.378906,0.012950,0.000000,0.418834
858,0,0.000000,0.673967,0.387579,0.007609,0.841243,0.000000,0.000000,1.199721,0.023727,0.387547,0.397372,0.000000,0.442317
859,0,0.000000,0.615626,0.044210,0.002095,0.654649,0.000000,0.000000,0.749938,0.026750,0.294839,0.016179,0.000000,0.328768
860,0,0.000000,0.960865,0.060077,0.006470,1.027412,0.000000,0.000000,1.210598,0.048579,0.691329,0.024780,0.000000,0.758826
861,0,0.000000,0.605508,0.068867,0.002112,0.675580,0.000000,0.000000,0.746949,0.027819,0.302397,0.023481,0.000000,0.346263
862,0,0.000000,0.588329,0.048661,0.001789,0.633227,0.000000,0.000000,0.698168,0.031343,0.289123,0.022382,0.000000,0.327395
863,0,0.000000,1.174665,0.256796,0.075649,1.213414,0.000000,0.000000,1.530377,0.046272,0.891828,0.222550,0.000000,1.084254
864,0,0.000000,0.619865,0.112063,0.002056,0.669668,0.000000,0.000000,0.850875,0.026540,0.237823,0.078552,0.000000,0.292523
865,0,0.000000,1.176759,0.225086,0.012746,1.276054,0.000000,0.000000,1.594591,0.021237,0.817092,0.215745,0.000000,0.935157
866,0,0.000000,1.506056,0.827141,0.033429,2.353030,0.000000,0.000000,3.844108,0.030611,2.304227,0.832027,0.000000,3.160664
867,0,0.000000,3.426155,2.743257,0.028669,3.487619,0.000000,0.000000,6.759709,0.039012,3.222556,2.760656,0.000000,5.980385
868,0,0.000000,1.372260,1.548677,0.003091,2.721776,0.000000,0.000000,3.056200,0.052904,0.848176,1.514099,0.000000,2.396697
869,0,0.000000,1.784537,0.048833,0.002813,1.832324,0.000000,0.000000,1.919011,0.032075,1.363662,0.012156,0.000000,1.406930
870,0,0.000000,0.607351,0.053790,0.002292,0.662993,0.000000,0.000000,0.725482,0.023931,0.235956,0.022899,0.000000,0.273506
871,0,0.000000,0.677723,0.051949,0.010100,0.739772,0.000000,0.000000,0.819858,0.017740,0.306261,0.030133,0.000000,0.331176
872,0,0.000000,0.622434,0.098776,0.010094,0.678362,0.000000,0.000000,0.809657,0.029359,0.374325,0.075025,0.000000,0.404961
873,0,0.000000,0.527875,0.040147,0.005463,0.573485,0.000000,0.000000,0.691108,0.028011,0.280758,0.067121,0.000000,0.325899
874,0,0.000000,0.520812,0.043015,0.002158,0.564978,0.000000,0.000000,0.624387,0.021366,0.288001,0.013023,0.000000,0.313484
875,0,0.000000,1.647959,0.124281,0.011907,1.689208,0.000000,0.000000,1.878626,0.017946,1.324743,0.099788,0.000000,1.336951
876,0,0.000000,0.755446,0.078241,0.006218,0.800831,0.000000,0.000000,1.071573,0.189646,0.540745,0.028547,0.000000,0.578593
877,0,0.000000,0.548030,0.047927,0.008797,0.575035,0.000000,0.000000,0.688824,0.026396,0.140486,0.005159,0.000000,0.159570
878,0,0.000000,0.511837,0.078205,0.001833,0.591589,0.000000,0.000000,0.656156,0.021512,0.162404,0.004932,0.000000,0.184839
879,0,0.000000,0.642877,2.556014,0.006582,3.026328,0.000000,0.000000,3.405385,0.020204,0.274269,2.613078,0.000000,2.672947
880,0,0.000000,1.614802,0.645241,0.013615,1.729200,0.000000,0.000000,2.398968,0.041365,1.050879,0.614196,0.000000,1.291691
881,0,0.000000,1.266555,0.073980,0.007922,1.321137,0.000000,0.000000,1.572036,0.041464,0.782859,0.008403,0.000000,0.812752
882,0,0.000000,0.976471,3.168885,0.009949,3.617646,0.000000,0.000000,5.794357,0.037331,0.813961,4.323950,0.000000,5.175242
883,0,0.000000,1.772509,2.019544,0.009339,2.914325,0.000000,0.000000,4.294711,0.053105,1.387804,2.322241,0.000000,3.436389
884,0,0.000000,1.224694,1.008526,0.004101,1.618278,0.000000,0.000000,2.322081,1.344363,0.741493,0.052291,0.000000,1.531469
885,0,0.000000,1.115904,2.919875,0.027544,3.520510,0.000000,0.000000,4.488383,0.027225,0.868937,2.933964,0.000000,3.764456
886,0,0.000000,3.768741,0.276610,0.017059,3.850362,0.000000,0.000000,6.976053,0.678867,5.509434,0.624377,0.000000,5.584770
887,0,0.000000,0.822350,0.200941,0.006957,0.887202,0.000000,0.000000,1.188689,0.048839,0.529218,0.008022,0.000000,0.583873
888,0,0.000000,0.647860,0.241623,0.002216,0.890683,0.000000,0.000000,0.965352,0.033349,0.254082,0.176574,0.000000,0.340134
889,0,0.000000,0.887356,0.091177,0.002252,0.935013,0.000000,0.000000,1.066236,0.025957,0.630307,0.062878,0.000000,0.710683
890,0,0.000000,0.544797,0.051422,0.002056,0.593656,0.000000,0.000000,0.693491,0.050068,0.287794,0.028350,0.000000,0.356287
891,0,0.000000,0.550620,0.059867,0.001941,0.605007,0.000000,0.000000,0.676468,0.018532,0.212309,0.018458,0.000000,0.245366
892,0,0.000000,0.492295,0.070050,0.002179,0.543546,0.000000,0.000000,0.635571,0.019241,0.269847,0.026708,0.000000,0.314955
893,0,0.000000,0.462521,0.053140,0.002135,0.509226,0.000000,0.000000,0.572502,0.017811,0.219291,0.022403,0.000000,0.258607
894,0,0.000000,0.501458,0.099792,0.002172,0.541951,0.000000,0.000000,0.694939,0.016926,0.268242,0.114311,0.000000,0.300128
895,0,0.000000,1.603674,0.225283,0.003796,1.830830,0.000000,0.000000,1.991929,0.036778,1.379371,0.012461,0.000000,1.424096
896,0,0.000000,0.737186,0.077059,0.002019,0.815438,0.000000,0.000000,0.888651,0.032895,0.474803,0.013330,0.000000,0.507900
897,0,0.000000,0.559979,0.047582,0.001852,0.608943,0.000000,0.000000,0.669624,0.022183,0.348152,0.006858,0.000000,0.371396
898,0,0.000000,0.544674,0.045163,0.002057,0.585927,0.000000,0.000000,0.644461,0.020301,0.313816,0.006924,0.000000,0.335466
899,0,0.000000,0.420018,0.042944,0.002363,0.463993,0.000000,0.000000,0.509055,0.017892,0.193251,0.009215,0.000000,0.213193
900,0,0.000000,0.549873,0.043822,0.009571,0.591575,0.000000,0.000000,0.708890,0.012992,0.365524,0.027649,0.000000,0.406165
901,0,0.000000,0.517335,0.070378,0.002181,0.589533,0.000000,0.000000,0.657640,0.022118,0.304551,0.045652,0.000000,0.361901
902,0,0.000000,0.437818,0.051587,0.001885,0.482946,0.000000,0.000000,0.596377,0.015303,0.249095,0.083918,0.000000,0.277086
903,0,0.000000,0.447891,0.043392,0.002013,0.493296,0.000000,0.000000,0.560613,0.015423,0.272772,0.019430,0.000000,0.304454
904,0,0.000000,0.454439,0.077275,0.001940,0.506336,0.000000,0.000000,0.593275,0.013474,0.246817,0.014580,0.000000,0.273008
905,0,0.000000,0.491197,0.045885,0.002039,0.538263,0.000000,0.000000,0.588983,0.016367,0.250324,0.017005,0.000000,0.276197
906,0,0.000000,0.475373,0.044808,0.001862,0.521820,0.000000,0.000000,0.566450,0.015198,0.279096,0.017954,0.000000,0.307102
907,0,0.000000,0.912357,0.052785,0.002442,0.967332,0.000000,0.000000,1.122281,0.014555,0.747662,0.071914,0.000000,0.777123
908,0,0.000000,0.495136,0.046494,0.001902,0.543078,0.000000,0.000000,0.615072,0.048241,0.185997,0.016193,0.000000,0.247750
909,0,0.000000,0.497651,0.070537,0.001957,0.543337,0.000000,0.000000,0.622173,0.018433,0.288669,0.018317,0.000000,0.317465
910,0,0.000000,0.542381,0.049797,0.001701,0.586894,0.000000,0.000000,0.639472,0.015498,0.358790,0.016553,0.000000,0.386732
911,0,0.000000,0.489867,0.049763,0.001654,0.534486,0.000000,0.000000,0.596505,0.018018,0.323095,0.015654,0.000000,0.350175
912,0,0.000000,0.459987,0.125837,0.001742,0.517009,0.000000,0.000000,0.631625,0.012361,0.288186,0.093989,0.000000,0.315085
913,0,0.000000,0.505757,0.048098,0.002557,0.554537,0.000000,0.000000,0.647565,0.016265,0.327449,0.028171,0.000000,0.367606
914,0,0.000000,4.518918,0.069724,0.009732,4.582561,0.000000,0.000000,5.911099,4.110327,2.661196,0.038477,0.000000,4.198998
915,0,0.000000,0.799086,0.059111,0.009470,0.848923,0.000000,0.000000,1.009201,0.046706,0.460006,0.012051,0.000000,0.511825
916,0,0.000000,0.724103,0.050080,0.002563,0.761882,0.000000,0.000000,0.848697,0.045375,0.294270,0.010120,0.000000,0.324666
917,0,0.000000,0.624731,0.136973,0.008142,0.667488,0.000000,0.000000,0.960523,0.053355,0.294512,0.101762,0.000000,0.351173
918,0,0.000000,0.762658,0.374508,0.002626,0.799515,0.000000,0.000000,1.367971,0.041527,0.477689,0.489340,0.000000,0.990037
919,0,0.000000,0.591545,0.043180,0.002162,0.626244,0.000000,0.000000,0.782677,0.111634,0.384085,0.011492,0.000000,0.409777
920,0,0.000000,0.716272,0.044631,0.001867,0.758245,0.000000,0.000000,0.839534,0.018493,0.440327,0.011799,0.000000,0.459649
921,0,0.000000,0.650230,0.073085,0.007867,0.689440,0.000000,0.000000,0.803210,0.068589,0.311354,0.024531,0.000000,0.381754
922,0,0.000000,0.592021,0.049343,0.013758,0.634565,0.000000,0.000000,0.758199,0.024784,0.298091,0.022277,0.000000,0.323460
923,0,0.000000,0.528905,0.081849,0.004574,0.566793,0.000000,0.000000,0.699095,0.023794,0.227777,0.075278,0.000000,0.276321
924,0,0.000000,0.578740,0.046017,0.001889,0.620774,0.000000,0.000000,0.671794,0.023184,0.289748,0.009119,0.000000,0.314251
925,0,0.000000,0.599417,0.038887,0.002144,0.639591,0.000000,0.000000,0.720664,0.018771,0.233541,0.010110,0.000000,0.253758
926,0,0.000000,0.552652,0.060814,0.001856,0.592177,0.000000,0.000000,0.665143,0.018390,0.230172,0.025313,0.000000,0.249910
927,0,0.000000,0.641231,0.250590,0.002298,0.713047,0.000000,0.000000,0.943741,0.018927,0.334874,0.211698,0.000000,0.547413
928,0,0.000000,0.534091,0.609061,0.003333,1.005004,0.000000,0.000000,1.205234,0.034801,0.215218,0.055507,0.000000,0.236101
929,0,0.000000,0.544639,0.118860,0.008162,0.584662,0.000000,0.000000,0.826817,0.018696,0.250816,0.109775,0.000000,0.368379
930,0,0.000000,0.485302,0.049606,0.002106,0.536446,0.000000,0.000000,1.038151,0.447040,0.497408,0.019981,0.000000,0.605970
931,0,0.000000,0.495139,0.046810,0.002134,0.543381,0.000000,0.000000,0.646532,0.029609,0.189705,0.033808,0.000000,0.222950
932,0,0.000000,0.489613,0.048643,0.002293,0.528813,0.000000,0.000000,1.039578,0.018624,0.438668,0.106720,0.000000,0.556844
933,0,0.000000,0.448873,0.045167,0.002076,0.492334,0.000000,0.000000,0.550845,0.020040,0.157236,0.007205,0.000000,0.175682
934,0,0.000000,0.548351,0.061303,0.002179,0.601652,0.000000,0.000000,0.661558,0.030806,0.250019,0.012692,0.000000,0.285080
935,0,0.000000,0.607726,0.046558,0.002219,0.655526,0.000000,0.000000,0.744137,0.025159,0.352868,0.006289,0.000000,0.379142
936,0,0.000000,0.571729,0.125716,0.001995,0.613180,0.000000,0.000000,0.757630,0.015900,0.293577,0.075407,0.000000,0.382544
937,0,0.000000,0.650017,0.131167,0.002190,0.704842,0.000000,0.000000,0.840579,0.019063,0.387102,0.039147,0.000000,0.430461
938,0,0.000000,0.894477,0.093304,0.008977,0.950415,0.000000,0.000000,1.273579,0.191681,0.677265,0.056433,0.000000,0.745161
939,0,0.000000,0.684830,0.056679,0.002134,0.736503,0.000000,0.000000,0.802695,0.026554,0.331782,0.014001,0.000000,0.367674
940,0,0.000000,0.588018,0.047201,0.006983,0.639791,0.000000,0.000000,0.776704,0.017556,0.252006,0.038811,0.000000,0.305571
941,0,0.000000,0.612506,0.055459,0.002440,0.669547,0.000000,0.000000,0.754940,0.049167,0.303810,0.008453,0.000000,0.355068
942,0,0.000000,0.840948,0.058374,0.007119,0.894840,0.000000,0.000000,1.073265,0.019773,0.360253,0.008620,0.000000,0.381462
943,0,0.000000,0.869490,0.213040,0.002740,0.908983,0.000000,0.000000,1.350722,0.182850,0.642428,0.184071,0.000000,0.850465
944,0,0.000000,0.748907,0.541030,0.002373,1.291599,0.000000,0.000000,1.360101,0.050164,0.411906,0.482375,0.000000,0.738840
945,0,0.000000,5.563139,0.591808,0.009817,5.598068,0.000000,0.000000,9.760682,0.025342,8.452026,0.048667,0.000000,8.482161
946,0,0.000000,0.726465,0.070268,0.002442,0.787347,0.000000,0.000000,0.880100,0.041688,0.344148,0.022430,0.000000,0.400639
947,0,0.000000,0.571227,0.055732,0.008987,0.626418,0.000000,0.000000,0.704801,0.021650,0.279611,0.018335,0.000000,0.315302
948,0,0.000000,0.723085,1.650716,0.006043,2.377902,0.000000,0.000000,2.444927,0.025078,0.429842,1.631697,0.000000,2.080774
949,0,0.000000,0.571672,0.050537,0.001966,0.620390,0.000000,0.000000,0.692829,0.033187,0.234161,0.004277,0.000000,0.267809
950,0,0.000000,0.546186,0.110965,0.002327,0.658536,0.000000,0.000000,0.701919,0.030016,0.225759,0.011460,0.000000,0.251085
951,0,0.000000,5.310431,0.123977,0.007014,5.418631,0.000000,0.000000,5.556711,0.022577,5.048192,0.025074,0.000000,5.069951
952,0,0.000000,1.190606,0.059146,0.008855,1.233892,0.000000,0.000000,1.714688,0.064855,0.936999,0.003846,0.000000,1.003302
953,0,0.000000,0.793776,0.048717,0.006094,0.848587,0.000000,0.000000,0.992834,0.028474,0.488454,0.029380,0.000000,0.540246
954,0,0.000000,0.616650,0.046944,0.001863,0.664640,0.000000,0.000000,0.743822,0.027861,0.350942,0.012684,0.000000,0.384353
955,0,0.000000,0.616792,0.067179,0.011085,0.685133,0.000000,0.000000,0.809481,0.020504,0.341753,0.002356,0.000000,0.364182
956,0,0.000000,0.594398,0.057011,0.006107,0.649126,0.000000,0.000000,0.773146,0.025961,0.321829,0.047219,0.000000,0.360595
957,0,0.000000,0.570408,0.051837,0.002028,0.614224,0.000000,0.000000,0.670330,0.021712,0.294369,0.004243,0.000000,0.317553
958,0,0.000000,0.644109,0.050685,0.001972,0.694179,0.000000,0.000000,0.764221,0.019263,0.357216,0.001802,0.000000,0.378151
959,0,0.000000,2.172391,0.049029,0.009468,2.227891,0.000000,0.000000,2.332496,0.023132,1.727210,0.006375,0.000000,1.756717
960,0,0.000000,0.679828,0.068184,0.008658,0.756670,0.000000,0.000000,0.899123,0.032649,0.464895,0.021407,0.000000,0.497022
961,0,0.000000,0.637682,0.059023,0.002135,0.690134,0.000000,0.000000,0.774421,0.043839,0.349921,0.022281,0.000000,0.395645
962,0,0.000000,0.586995,0.052923,0.001878,0.640846,0.000000,0.000000,0.710341,0.020570,0.292827,0.024286,0.000000,0.328353
963,0,0.000000,0.598538,0.057403,0.002013,0.657100,0.000000,0.000000,0.723784,0.020709,0.305978,0.010149,0.000000,0.330410
964,0,0.000000,0.602115,0.053371,0.002110,0.656498,0.000000,0.000000,0.714378,0.020605,0.321648,0.012694,0.000000,0.347602
965,0,0.000000,0.549313,0.055380,0.002012,0.605846,0.000000,0.000000,0.703493,0.019764,0.277614,0.033076,0.000000,0.305272
966,0,0.000000,0.542662,0.052518,0.001915,0.596253,0.000000,0.000000,0.656442,0.019763,0.220015,0.012037,0.000000,0.246278
967,0,0.000000,0.550361,0.048835,0.001987,0.600240,0.000000,0.000000,0.647517,0.019471,0.270011,0.016423,0.000000,0.300874
968,0,0.000000,0.592744,0.053000,0.001903,0.646772,0.000000,0.000000,0.695053,0.016206,0.297974,0.016845,0.000000,0.325171
969,0,0.000000,0.572659,0.053590,0.001782,0.627468,0.000000,0.000000,0.717748,0.020983,0.322088,0.013149,0.000000,0.349964
970,0,0.000000,0.678996,0.051806,0.015609,0.739044,0.000000,0.000000,0.814800,0.018871,0.375899,0.012783,0.000000,0.389191
971,0,0.000000,0.554113,0.047321,0.002269,0.593082,0.000000,0.000000,0.696815,0.057838,0.237164,0.018072,0.000000,0.313074
972,0,0.000000,0.577625,0.063499,0.007628,0.643671,0.000000,0.000000,0.919200,0.021081,0.373516,0.062310,0.000000,0.397036
973,0,0.000000,0.602491,0.055619,0.002838,0.648602,0.000000,0.000000,0.864863,0.046900,0.349568,0.005693,0.000000,0.398706
974,0,0.000000,0.519217,0.053959,0.001685,0.574733,0.000000,0.000000,0.639535,0.022236,0.195171,0.012005,0.000000,0.217483
975,0,0.000000,0.488695,0.060170,0.001729,0.540308,0.000000,0.000000,0.616362,0.017109,0.134448,0.017571,0.000000,0.153614
976,0,0.000000,1.853688,0.077150,0.008954,1.932361,0.000000,0.000000,2.047987,0.019697,0.902105,0.070263,0.000000,0.989434
977,0,0.000000,0.865702,0.929193,0.002370,1.536250,0.000000,0.000000,1.881145,0.037750,0.530771,0.912569,0.000000,1.480898
978,0,0.000000,0.824422,0.069990,0.002722,0.882723,0.000000,0.000000,0.995610,0.026157,0.458609,0.025750,0.000000,0.508602
979,0,0.000000,0.455084,0.067019,0.001976,0.512769,0.000000,0.000000,0.576524,0.025401,0.086347,0.034086,0.000000,0.140914
980,0,0.000000,4.444443,0.072405,0.010848,4.501500,0.000000,0.000000,10.467760,0.020606,9.935148,0.021411,0.000000,9.957943
981,0,0.000000,1.085508,0.054678,0.002775,1.131334,0.000000,0.000000,1.241013,0.042678,0.164129,0.009845,0.000000,0.200755
982,0,0.000000,0.577931,0.275243,0.001926,0.636908,0.000000,0.000000,0.941592,0.031981,0.247096,0.241741,0.000000,0.399725
983,0,0.000000,0.540064,0.058063,0.002335,0.599244,0.000000,0.000000,0.654613,0.025505,0.281094,0.004336,0.000000,0.309092
984,0,0.000000,0.535169,0.158600,0.001854,0.607434,0.000000,0.000000,0.767076,0.015927,0.328111,0.128134,0.000000,0.346651
985,0,0.000000,0.453142,0.059771,0.001958,0.496222,0.000000,0.000000,0.584016,0.068557,0.101359,0.007805,0.000000,0.169891
986,0,0.000000,0.542963,0.127412,0.013775,0.684150,0.000000,0.000000,0.801719,0.018819,0.293795,0.027290,0.000000,0.311101
987,0,0.000000,3.068522,0.052331,0.009401,3.105007,0.000000,0.000000,3.599194,0.305690,3.139323,0.034216,0.000000,3.227551
988,0,0.000000,0.728284,0.048433,0.002262,0.778821,0.000000,0.000000,0.879878,0.027012,0.347728,0.015888,0.000000,0.378644
989,0,0.000000,2.097072,0.050165,0.002223,2.149376,0.000000,0.000000,2.294998,0.024179,1.823120,0.027056,0.000000,1.854722
990,0,0.000000,0.537856,0.062591,0.002099,0.602266,0.000000,0.000000,0.691822,0.024843,0.209541,0.066712,0.000000,0.258497
991,0,0.000000,0.888656,0.065022,0.002682,0.941292,0.000000,0.000000,1.011793,0.017184,0.587815,0.029071,0.000000,0.624764
992,0,0.000000,2.300125,0.127968,0.007547,2.362006,0.000000,0.000000,2.675260,0.029465,2.027346,0.112964,0.000000,2.152620
993,0,0.000000,1.042209,1.047126,0.003787,2.093122,0.000000,0.000000,2.551670,0.348546,0.672529,0.330877,0.000000,1.317804
994,0,0.000000,0.671342,0.050894,0.002186,0.721218,0.000000,0.000000,0.789569,0.030940,0.227049,0.015213,0.000000,0.261521
995,0,0.000000,0.663898,0.052086,0.001999,0.711465,0.000000,0.000000,0.768590,0.020563,0.315590,0.013245,0.000000,0.345665
996,0,0.000000,0.635149,0.183039,0.002368,0.688918,0.000000,0.000000,0.870800,0.016972,0.258955,0.146553,0.000000,0.288221
997,0,0.000000,0.510874,0.052846,0.001884,0.565431,0.000000,0.000000,0.751836,0.019550,0.236738,0.018313,0.000000,0.267397
998,0,0.000000,0.571549,0.044068,0.002109,0.616837,0.000000,0.000000,0.715852,0.018515,0.244497,0.013053,0.000000,0.269516
999,0,0.000000,0.507067,0.038963,0.001883,0.547331,0.000000,0.000000,0.699704,0.017781,0.200084,0.058178,0.000000,0.223629
1000,0,0.000000,0.494252,0.046891,0.001976,0.542490,0.000000,0.000000,0.608528,0.017621,0.167646,0.013204,0.000000,0.190342
1001,0,0.000000,0.458643,0.046328,0.001828,0.506176,0.000000,0.000000,0.558057,0.016762,0.144359,0.008772,0.000000,0.163120
1002,0,0.000000,0.548943,0.046808,0.001914,0.597015,0.000000,0.000000,0.657453,0.026676,0.207086,0.012413,0.000000,0.236693
1003,0,0.000000,0.459836,0.457633,0.001906,0.918693,0.000000,0.000000,0.963640,0.017773,0.130582,0.424024,0.000000,0.563782
1004,0,0.000000,0.518189,0.047856,0.002008,0.567294,0.000000,0.000000,0.620199,0.016412,0.213251,0.010502,0.000000,0.232646
1005,0,0.000000,0.476426,0.045384,0.001917,0.523009,0.000000,0.000000,0.575590,0.015137,0.162166,0.007245,0.000000,0.179033
1006,0,0.000000,0.461531,0.045928,0.001711,0.508383,0.000000,0.000000,0.557077,0.016584,0.150333,0.006974,0.000000,0.168781
1007,0,0.000000,0.460927,0.047100,0.001934,0.509187,0.000000,0.000000,0.566030,0.014889,0.112138,0.009145,0.000000,0.131281
1008,0,0.000000,0.688795,0.056226,0.011992,0.754078,0.000000,0.000000,1.007247,0.137940,0.535337,0.031799,0.000000,0.571766
1009,0,0.000000,0.550725,0.046879,0.002185,0.598968,0.000000,0.000000,0.683124,0.044414,0.231004,0.015408,0.000000,0.271063
1010,0,0.000000,0.472372,0.065207,0.002171,0.538726,0.000000,0.000000,0.583415,0.017825,0.149784,0.033753,0.000000,0.181901
1011,0,0.000000,0.514377,0.100065,0.002490,0.616932,0.000000,0.000000,0.712281,0.015404,0.237495,0.070176,0.000000,0.296235
1012,0,0.000000,1.011480,0.623390,0.002919,1.154987,0.000000,0.000000,1.714090,0.019763,0.715928,0.066658,0.000000,0.735719
1013,0,0.000000,0.604481,0.084993,0.002444,0.691093,0.000000,0.000000,0.784080,0.023484,0.289168,0.085980,0.000000,0.330276
1014,0,0.000000,0.675519,0.045234,0.001919,0.719606,0.000000,0.000000,0.777534,0.017079,0.357695,0.008925,0.000000,0.375856
1015,0,0.000000,0.583682,0.085828,0.002122,0.638319,0.000000,0.000000,0.715126,0.015142,0.266933,0.043760,0.000000,0.284008
1016,0,0.000000,0.446198,0.039862,0.002144,0.483374,0.000000,0.000000,0.567432,0.016427,0.095716,0.009827,0.000000,0.115878
1017,0,0.000000,1.262525,0.044161,0.002221,1.297683,0.000000,0.000000,1.375534,0.033906,0.959433,0.012927,0.000000,0.981038
1018,0,0.000000,0.463293,0.059316,0.001993,0.500468,0.000000,0.000000,0.589994,0.020934,0.101374,0.030933,0.000000,0.152784
1019,0,0.000000,0.435236,0.040248,0.002531,0.477016,0.000000,0.000000,0.543557,0.032597,0.152214,0.010470,0.000000,0.194427
1020,0,0.000000,0.466337,0.039124,0.002491,0.495430,0.000000,0.000000,0.597978,0.015322,0.212835,0.009748,0.000000,0.237460
1021,0,0.000000,0.465493,0.052824,0.002097,0.506905,0.000000,0.000000,0.572702,0.017401,0.129580,0.023527,0.000000,0.148060
1022,0,0.000000,0.528065,0.586134,0.001979,0.932590,0.000000,0.000000,1.162286,0.016270,0.262710,0.041795,0.000000,0.279063
1023,0,0.000000,0.541316,0.040414,0.001829,0.582408,0.000000,0.000000,0.635203,0.020332,0.233956,0.008900,0.000000,0.258614
1024,0,0.000000,0.466761,0.042993,0.002095,0.511117,0.000000,0.000000,0.605129,0.015924,0.202273,0.008052,0.000000,0.222259
1025,0,0.000000,0.460704,0.350442,0.001972,0.696562,0.000000,0.000000,0.864533,0.015488,0.118281,0.007960,0.000000,0.131394
1026,0,0.000000,1.880371,0.091583,0.003149,1.975103,0.000000,0.000000,2.079622,0.410148,1.182404,0.070793,0.000000,1.656143
1027,0,0.000000,0.654418,0.044559,0.002611,0.700389,0.000000,0.000000,0.795969,0.031552,0.287045,0.056658,0.000000,0.321085
1028,0,0.000000,0.489708,0.046410,0.002282,0.536752,0.000000,0.000000,0.604428,0.018522,0.154909,0.017073,0.000000,0.190174
1029,0,0.000000,0.505087,0.047787,0.002261,0.547700,0.000000,0.000000,0.599865,0.020310,0.169523,0.015929,0.000000,0.200658
1030,0,0.000000,0.581372,0.049464,0.002253,0.622839,0.000000,0.000000,0.710217,0.020372,0.298651,0.015010,0.000000,0.329495
1031,0,0.000000,0.610041,0.097998,0.002619,0.654888,0.000000,0.000000,0.779666,0.018793,0.322712,0.072384,0.000000,0.342725
1032,0,0.000000,0.536719,0.046185,0.001967,0.578894,0.000000,0.000000,0.650943,0.020567,0.197393,0.014983,0.000000,0.214272
1033,0,0.000000,0.450992,0.077698,0.001928,0.484667,0.000000,0.000000,0.577353,0.017413,0.163822,0.049282,0.000000,0.229364
1034,0,0.000000,0.435216,0.047420,0.001800,0.474906,0.000000,0.000000,0.543279,0.018897,0.133629,0.019354,0.000000,0.170925
1035,0,0.000000,0.429899,0.152895,0.002084,0.580589,0.000000,0.000000,0.705770,0.014974,0.177201,0.059285,0.000000,0.251332
1036,0,0.000000,0.464966,0.049334,0.002215,0.504875,0.000000,0.000000,0.572790,0.016014,0.182636,0.018215,0.000000,0.216865
1037,0,0.000000,0.448868,0.070653,0.009453,0.490069,0.000000,0.000000,0.671755,0.018075,0.226009,0.027869,0.000000,0.251323
1038,0,0.000000,0.459026,0.046951,0.002108,0.506495,0.000000,0.000000,0.580834,0.050706,0.209166,0.015494,0.000000,0.267858
1039,0,0.000000,0.456607,0.051012,0.001817,0.507279,0.000000,0.000000,0.550820,0.017103,0.210161,0.021484,0.000000,0.247890
1040,0,0.000000,0.491156,0.052189,0.001956,0.541560,0.000000,0.000000,0.626614,0.016558,0.186157,0.022682,0.000000,0.224923
1041,0,0.000000,0.488370,0.051305,0.001850,0.533173,0.000000,0.000000,0.582525,0.018935,0.155770,0.017744,0.000000,0.183302
1042,0,0.000000,0.554073,0.053215,0.001994,0.604904,0.000000,0.000000,0.685992,0.023443,0.223846,0.026010,0.000000,0.266079
1043,0,0.000000,0.556191,0.053239,0.002192,0.605591,0.000000,0.000000,0.684465,0.020313,0.234728,0.017712,0.000000,0.256866
1044,0,0.000000,0.471459,0.051910,0.002192,0.519830,0.000000,0.000000,0.629350,0.068960,0.208428,0.021459,0.000000,0.249238
1045,0,0.000000,0.484642,0.071112,0.002400,0.557453,0.000000,0.000000,0.613777,0.022142,0.201787,0.019891,0.000000,0.239586
1046,0,0.000000,0.504067,0.050110,0.001886,0.555836,0.000000,0.000000,0.614112,0.015198,0.223100,0.022290,0.000000,0.260088
1047,0,0.000000,1.992949,0.145920,0.004601,2.039577,0.000000,0.000000,2.210072,0.023201,1.759044,0.009741,0.000000,1.777108
1048,0,0.000000,0.557908,0.042068,0.001786,0.601762,0.000000,0.000000,0.710680,0.037979,0.294827,0.005653,0.000000,0.333287
1049,0,0.000000,0.519206,0.073309,0.002110,0.562969,0.000000,0.000000,0.640218,0.016293,0.270982,0.017123,0.000000,0.302776
1050,0,0.000000,0.564544,0.052348,0.002576,0.608870,0.000000,0.000000,0.685429,0.015904,0.338486,0.017924,0.000000,0.369561
1051,0,0.000000,0.500571,0.044271,0.001654,0.542095,0.000000,0.000000,0.604727,0.023792,0.267436,0.017785,0.000000,0.307071
1052,0,0.000000,0.512396,0.086712,0.002236,0.600657,0.000000,0.000000,0.687427,0.013428,0.294183,0.013011,0.000000,0.319161
1053,0,0.000000,0.453060,0.053358,0.007955,0.506545,0.000000,0.000000,0.597383,0.015704,0.192527,0.030062,0.000000,0.235955
1054,0,0.000000,0.508745,0.089596,0.001861,0.560023,0.000000,0.000000,0.651604,0.020686,0.280916,0.042428,0.000000,0.302161
1055,0,0.000000,0.439098,0.080983,0.001956,0.509560,0.000000,0.000000,0.574295,0.015479,0.189072,0.019989,0.000000,0.224111
1056,0,0.000000,0.453934,0.046634,0.001629,0.495381,0.000000,0.000000,0.560581,0.018177,0.202405,0.014745,0.000000,0.230752
1057,0,0.000000,0.427842,0.052345,0.002015,0.472841,0.000000,0.000000,0.519080,0.013506,0.195132,0.006279,0.000000,0.213923
1058,0,0.000000,0.453099,0.310162,0.008357,0.600173,0.000000,0.000000,0.912342,0.014134,0.229217,0.323331,0.000000,0.464494
1059,0,0.000000,0.910226,0.041201,0.002522,0.946610,0.000000,0.000000,1.189022,0.058032,0.700634,0.016064,0.000000,0.757012
1060,0,0.000000,0.478976,0.158987,0.002206,0.547315,0.000000,0.000000,0.690570,0.019307,0.207850,0.016965,0.000000,0.244122
1061,0,0.000000,0.565292,0.089391,0.002227,0.607369,0.000000,0.000000,0.819368,0.076764,0.288906,0.068225,0.000000,0.381490
1062,0,0.000000,0.636972,0.083771,0.014574,0.676607,0.000000,0.000000,0.816795,0.038714,0.348329,0.075518,0.000000,0.430812
1063,0,0.000000,0.687844,0.084359,0.002058,0.730650,0.000000,0.000000,0.829327,0.022094,0.413287,0.048378,0.000000,0.430555
1064,0,0.000000,0.632000,0.292389,0.001940,0.671924,0.000000,0.000000,0.982857,0.019498,0.295793,0.018907,0.000000,0.334194
1065,0,0.000000,0.628876,0.355178,0.002736,0.806689,0.000000,0.000000,1.361493,0.021229,0.499473,0.318586,0.000000,0.644858
1066,0,0.000000,0.595541,0.101044,0.002072,0.648297,0.000000,0.000000,0.760440,0.054557,0.262913,0.060737,0.000000,0.308592
1067,0,0.000000,0.573227,0.116595,0.002135,0.612501,0.000000,0.000000,0.752036,0.021597,0.284909,0.008778,0.000000,0.305264
1068,0,0.000000,0.490181,0.047288,0.001981,0.532266,0.000000,0.000000,0.625296,0.015643,0.200221,0.032133,0.000000,0.247997
1069,0,0.000000,0.549185,0.072712,0.003116,0.589878,0.000000,0.000000,0.754921,0.027291,0.312314,0.045906,0.000000,0.370539
1070,0,0.000000,0.764276,0.315661,0.016796,0.808984,0.000000,0.000000,1.156312,0.017421,0.469064,0.306068,0.000000,0.766908
1071,0,0.000000,0.523049,0.045633,0.001979,0.570424,0.000000,0.000000,0.652290,0.022595,0.235675,0.017103,0.000000,0.272335
1072,0,0.000000,0.678683,0.052367,0.001844,0.718241,0.000000,0.000000,0.800704,0.015011,0.409524,0.018298,0.000000,0.437185
1073,0,0.000000,0.528488,0.044958,0.001760,0.570539,0.000000,0.000000,0.620993,0.033839,0.238653,0.016723,0.000000,0.268370
1074,0,0.000000,0.509930,0.064133,0.002065,0.556727,0.000000,0.000000,0.674646,0.042049,0.255265,0.013360,0.000000,0.297059
1075,0,0.000000,0.462412,0.048599,0.001952,0.508549,0.000000,0.000000,0.631198,0.016182,0.164949,0.037952,0.000000,0.184739
1076,0,0.000000,0.485289,0.061696,0.001902,0.537569,0.000000,0.000000,0.592020,0.017778,0.146575,0.025389,0.000000,0.174825
1077,0,0.000000,0.511580,0.066844,0.001991,0.579883,0.000000,0.000000,0.625343,0.014356,0.175745,0.040765,0.000000,0.220495
1078,0,0.000000,0.561329,0.051317,0.001804,0.603887,0.000000,0.000000,0.687289,0.013987,0.251326,0.021572,0.000000,0.283913
1079,0,0.000000,0.523832,0.054008,0.001708,0.566287,0.000000,0.000000,0.703313,0.016258,0.303089,0.025922,0.000000,0.341577
1080,0,0.000000,0.467958,0.053710,0.001807,0.523088,0.000000,0.000000,0.569547,0.016155,0.162328,0.026322,0.000000,0.191682
1081,0,0.000000,0.583863,0.128701,0.010443,0.723007,0.000000,0.000000,0.850377,0.013764,0.296068,0.113287,0.000000,0.381325
1082,0,0.000000,0.556483,0.054688,0.009384,0.600662,0.000000,0.000000,0.779358,0.027534,0.300156,0.029255,0.000000,0.335099
1083,0,0.000000,0.553800,0.066799,0.001904,0.602243,0.000000,0.000000,0.725801,0.025879,0.291335,0.034715,0.000000,0.319567
1084,0,0.000000,1.036830,0.090739,0.008566,1.134063,0.000000,0.000000,1.278473,0.079887,0.842567,0.063532,0.000000,0.879010
1085,0,0.000000,0.544356,0.055232,0.007297,0.592176,0.000000,0.000000,0.840312,0.056475,0.315893,0.025131,0.000000,0.361483
1086,0,0.000000,0.518067,0.059193,0.002139,0.571422,0.000000,0.000000,0.698882,0.031077,0.172054,0.056207,0.000000,0.239628
1087,0,0.000000,0.496332,0.048422,0.001769,0.542809,0.000000,0.000000,0.649918,0.020796,0.207486,0.010136,0.000000,0.227065
1088,0,0.000000,0.519519,0.056640,0.001725,0.573017,0.000000,0.000000,0.623842,0.016619,0.201563,0.031523,0.000000,0.225422
1089,0,0.000000,0.515524,0.049954,0.002014,0.567492,0.000000,0.000000,0.639336,0.015642,0.154179,0.048336,0.000000,0.171478
1090,0,0.000000,0.487238,0.055293,0.001607,0.532808,0.000000,0.000000,0.590201,0.020597,0.189171,0.015684,0.000000,0.211197
1091,0,0.000000,0.498892,0.056854,0.001968,0.556707,0.000000,0.000000,0.605842,0.014804,0.166932,0.026987,0.000000,0.197721
1092,0,0.000000,0.451206,0.051130,0.001960,0.500613,0.000000,0.000000,0.543641,0.015414,0.141078,0.011813,0.000000,0.162614
1093,0,0.000000,0.499271,0.061344,0.002383,0.552236,0.000000,0.000000,0.619689,0.016033,0.112571,0.032145,0.000000,0.130915
1094,0,0.000000,0.479524,0.049652,0.002118,0.520656,0.000000,0.000000,0.636627,0.018227,0.213506,0.022058,0.000000,0.250199
1095,0,0.000000,0.512015,0.065532,0.009779,0.561771,0.000000,0.000000,0.660392,0.016779,0.285023,0.063051,0.000000,0.312193
1096,0,0.000000,0.504283,0.115341,0.007276,0.570015,0.000000,0.000000,0.677896,0.026236,0.235258,0.085404,0.000000,0.263856
1097,0,0.000000,0.493976,0.055300,0.006702,0.545899,0.000000,0.000000,0.641749,0.026436,0.130634,0.035960,0.000000,0.186696
1098,0,0.000000,0.554725,0.053581,0.001627,0.602220,0.000000,0.000000,0.674142,0.026583,0.230984,0.032686,0.000000,0.282351
1099,0,0.000000,0.494174,0.052603,0.001597,0.543899,0.000000,0.000000,0.615342,0.024133,0.146643,0.028824,0.000000,0.189439
1100,0,0.000000,0.483596,0.065751,0.001589,0.549021,0.000000,0.000000,0.599867,0.018423,0.164979,0.043539,0.000000,0.198329
1101,0,0.000000,0.511142,0.065156,0.002293,0.567440,0.000000,0.000000,0.710238,0.016711,0.254750,0.027173,0.000000,0.294788
1102,0,0.000000,0.501530,0.054163,0.001816,0.557071,0.000000,0.000000,0.610718,0.020867,0.165597,0.024945,0.000000,0.194978
1103,0,0.000000,0.475443,0.067583,0.001907,0.530605,0.000000,0.000000,0.586346,0.016931,0.118248,0.037075,0.000000,0.137599
1104,0,0.000000,0.510058,0.054771,0.001979,0.566276,0.000000,0.000000,0.623024,0.073759,0.143433,0.028965,0.000000,0.186447
1105,0,0.000000,0.533339,0.097824,0.008811,0.580018,0.000000,0.000000,0.807521,0.016271,0.194519,0.054742,0.000000,0.212878
1106,0,0.000000,0.996134,0.083759,0.008622,1.081321,0.000000,0.000000,1.785948,0.022545,0.877695,0.371186,0.000000,1.253923
1107,0,0.000000,0.833532,0.047232,0.002574,0.881287,0.000000,0.000000,0.979941,0.033560,0.455689,0.018262,0.000000,0.485313
1108,0,0.000000,0.956388,0.167734,0.001770,1.003840,0.000000,0.000000,1.180279,0.020728,0.592077,0.097407,0.000000,0.615300
1109,0,0.000000,0.576666,0.051924,0.001991,0.627649,0.000000,0.000000,0.718693,0.044787,0.191520,0.023588,0.000000,0.221919
1110,0,0.000000,0.624054,0.063425,0.001771,0.689062,0.000000,0.000000,0.748309,0.018544,0.207240,0.025478,0.000000,0.240589
1111,0,0.000000,0.576439,0.052473,0.002456,0.630189,0.000000,0.000000,0.698202,0.028416,0.235035,0.018363,0.000000,0.267268
1112,0,0.000000,0.598941,0.078040,0.007412,0.652898,0.000000,0.000000,0.739529,0.042384,0.233732,0.041255,0.000000,0.303954
1113,0,0.000000,0.593453,0.048092,0.002129,0.639746,0.000000,0.000000,0.701455,0.023032,0.271402,0.020616,0.000000,0.314576
1114,0,0.000000,0.579968,0.050244,0.001841,0.631254,0.000000,0.000000,0.681774,0.018372,0.324266,0.021896,0.000000,0.364190
1115,0,0.000000,0.651459,0.052008,0.001888,0.702467,0.000000,0.000000,0.769632,0.018854,0.376372,0.022423,0.000000,0.411388
1116,0,0.000000,0.578417,0.054605,0.002073,0.630760,0.000000,0.000000,0.683845,0.020709,0.312680,0.027826,0.000000,0.356439
1117,0,0.000000,0.582261,0.074207,0.001809,0.657747,0.000000,0.000000,0.711161,0.019817,0.309365,0.025985,0.000000,0.348722
1118,0,0.000000,0.592664,0.064311,0.001912,0.647644,0.000000,0.000000,0.711320,0.021024,0.323450,0.035429,0.000000,0.374748
1119,0,0.000000,0.595098,0.052021,0.001921,0.648200,0.000000,0.000000,0.697052,0.019315,0.349047,0.019742,0.000000,0.382569
1120,0,0.000000,0.560113,0.056971,0.002035,0.618283,0.000000,0.000000,0.701792,0.018095,0.322082,0.017062,0.000000,0.352666
1121,0,0.000000,0.539092,0.051159,0.002068,0.589420,0.000000,0.000000,0.649054,0.021618,0.203632,0.014423,0.000000,0.227379
1122,0,0.000000,0.519840,0.055131,0.009591,0.568929,0.000000,0.000000,0.686619,0.020549,0.200924,0.031953,0.000000,0.251893
1123,0,0.000000,0.796852,0.056955,0.007841,0.841685,0.000000,0.000000,0.935377,0.027867,0.474871,0.005988,0.000000,0.507261
1124,0,0.000000,0.728785,0.048349,0.002134,0.765904,0.000000,0.000000,0.845822,0.028258,0.413262,0.015079,0.000000,0.450391
1125,0,0.000000,0.487313,0.102061,0.002102,0.528287,0.000000,0.000000,0.635705,0.019806,0.242319,0.069960,0.000000,0.261948
1126,0,0.000000,0.518088,0.082565,0.001857,0.602393,0.000000,0.000000,0.653436,0.013894,0.283037,0.032079,0.000000,0.297930
1127,0,0.000000,0.508984,0.052730,0.002151,0.563050,0.000000,0.000000,0.613621,0.023172,0.278970,0.014556,0.000000,0.298360
1128,0,0.000000,0.502963,0.041294,0.002110,0.544852,0.000000,0.000000,0.581754,0.014639,0.286957,0.015179,0.000000,0.309309
1129,0,0.000000,0.583893,0.102728,0.011562,0.633243,0.000000,0.000000,0.865943,0.011687,0.411863,0.136750,0.000000,0.428373
1130,0,0.000000,0.640192,0.267469,0.010131,0.909699,0.000000,0.000000,2.049811,0.094837,0.632883,0.893691,0.000000,1.544959
1131,0,0.000000,0.685133,0.052426,0.002021,0.739334,0.000000,0.000000,0.876877,0.078784,0.480136,0.031500,0.000000,0.538116
1132,0,0.000000,0.578963,0.136907,0.002523,0.717292,0.000000,0.000000,0.823386,0.021632,0.377671,0.130545,0.000000,0.406129
1133,0,0.000000,0.519040,0.064730,0.002197,0.569735,0.000000,0.000000,0.661739,0.037440,0.340242,0.039117,0.000000,0.415780
1134,0,0.000000,0.487388,0.045903,0.002160,0.534510,0.000000,0.000000,0.579818,0.019147,0.280237,0.020062,0.000000,0.318854
1135,0,0.000000,0.507276,0.056655,0.001998,0.562477,0.000000,0.000000,0.612881,0.015669,0.316290,0.017680,0.000000,0.345533
1136,0,0.000000,0.517356,0.064930,0.001817,0.583886,0.000000,0.000000,0.632844,0.017793,0.288149,0.037171,0.000000,0.343113
1137,0,0.000000,0.562718,0.183540,0.001998,0.624876,0.000000,0.000000,0.793386,0.036342,0.380794,0.124858,0.000000,0.421722
1138,0,0.000000,0.745555,0.048728,0.001895,0.791902,0.000000,0.000000,0.858113,0.013639,0.581065,0.026134,0.000000,0.619649
1139,0,0.000000,0.582489,0.045232,0.001782,0.624417,0.000000,0.000000,0.682270,0.018681,0.356865,0.015351,0.000000,0.390640
1140,0,0.000000,0.626862,0.044774,0.001981,0.663980,0.000000,0.000000,0.726774,0.014848,0.375381,0.011009,0.000000,0.398677
1141,0,0.000000,0.595743,0.060613,0.001977,0.658137,0.000000,0.000000,0.703404,0.017889,0.322334,0.006685,0.000000,0.346322
1142,0,0.000000,0.499084,0.059769,0.002714,0.542776,0.000000,0.000000,0.610493,0.014462,0.089222,0.031852,0.000000,0.132797
1143,0,0.000000,0.775149,0.090202,0.011821,0.821244,0.000000,0.000000,1.561057,0.026026,1.074313,0.020381,0.000000,1.114922
1144,0,0.000000,0.522655,0.046797,0.002220,0.571096,0.000000,0.000000,0.632282,0.024023,0.187462,0.013871,0.000000,0.211474
1145,0,0.000000,0.568503,0.059302,0.002292,0.629258,0.000000,0.000000,0.700831,0.014699,0.257673,0.007178,0.000000,0.273520
1146,0,0.000000,0.492966,0.046062,0.002169,0.540231,0.000000,0.000000,0.620515,0.026707,0.225070,0.015400,0.000000,0.259585
1147,0,0.000000,0.516335,0.091531,0.002165,0.562917,0.000000,0.000000,0.694579,0.018993,0.203812,0.074548,0.000000,0.273338
1148,0,0.000000,0.517864,0.043972,0.002077,0.563031,0.000000,0.000000,0.626509,0.039684,0.196175,0.010576,0.000000,0.236356
1149,0,0.000000,0.436289,0.050106,0.001958,0.477103,0.000000,0.000000,0.577084,0.019408,0.179190,0.015436,0.000000,0.212945
1150,0,0.000000,0.449899,0.046087,0.002463,0.491955,0.000000,0.000000,0.725493,0.017621,0.338566,0.007839,0.000000,0.351154
1151,0,0.000000,0.538210,0.037681,0.002010,0.577274,0.000000,0.000000,0.667812,0.015917,0.252013,0.046295,0.000000,0.276363
1152,0,0.000000,0.507900,0.046140,0.001939,0.546349,0.000000,0.000000,0.611372,0.019124,0.233358,0.010832,0.000000,0.253807
1153,0,0.000000,0.491246,0.042113,0.002163,0.534918,0.000000,0.000000,0.601637,0.018170,0.241187,0.004897,0.000000,0.260019
1154,0,0.000000,0.494960,0.070712,0.028136,0.576088,0.000000,0.000000,0.650971,0.015394,0.235788,0.031950,0.000000,0.251575
1155,0,0.000000,0.692281,0.046753,0.007229,0.740065,0.000000,0.000000,0.824462,0.027590,0.387937,0.007411,0.000000,0.417440
1156,0,0.000000,0.537548,0.049189,0.002060,0.584121,0.000000,0.000000,0.651788,0.025991,0.283004,0.012791,0.000000,0.314645
1157,0,0.000000,0.603869,0.042484,0.002177,0.646111,0.000000,0.000000,0.690655,0.015228,0.261618,0.010512,0.000000,0.278303
1158,0,0.000000,0.567938,0.040354,0.001960,0.609180,0.000000,0.000000,0.700060,0.044987,0.302903,0.007344,0.000000,0.344249
1159,0,0.000000,0.570493,0.059445,0.007356,0.630801,0.000000,0.000000,0.699511,0.018058,0.325967,0.011370,0.000000,0.344381
1160,0,0.000000,0.591556,0.041343,0.001936,0.633048,0.000000,0.000000,0.698831,0.018746,0.311593,0.022196,0.000000,0.330757
1161,0,0.000000,0.698785,0.047848,0.002072,0.743305,0.000000,0.000000,0.819529,0.017229,0.426713,0.007730,0.000000,0.444491
1162,0,0.000000,0.591522,0.094153,0.002183,0.686912,0.000000,0.000000,0.766606,0.047623,0.282486,0.013768,0.000000,0.303649
1163,0,0.000000,0.599870,0.048581,0.007451,0.647734,0.000000,0.000000,0.772427,0.060620,0.321542,0.014960,0.000000,0.371329
1164,0,0.000000,1.053558,0.085521,0.002495,1.100669,0.000000,0.000000,1.226838,0.026365,0.762147,0.007645,0.000000,0.784831
1165,0,0.000000,1.561039,0.068740,0.009805,1.610899,0.000000,0.000000,1.807488,0.024841,1.133735,0.027665,0.000000,1.167101
1166,0,0.000000,1.389212,0.046327,0.008450,1.440996,0.000000,0.000000,1.626068,0.103664,0.896172,0.038841,0.000000,0.988432
1167,0,0.000000,0.531772,0.050368,0.007828,0.584961,0.000000,0.000000,0.685452,0.031169,0.175219,0.013148,0.000000,0.218655
1168,0,0.000000,0.578608,0.055687,0.002010,0.635770,0.000000,0.000000,0.724835,0.026200,0.264308,0.013276,0.000000,0.302294
1169,0,0.000000,1.061088,0.376479,0.009485,1.184245,0.000000,0.000000,1.988056,0.017773,1.152170,0.007244,0.000000,1.175402
1170,0,0.000000,0.551943,0.067330,0.002446,0.601822,0.000000,0.000000,0.710454,0.028074,0.230826,0.019048,0.000000,0.258717
1171,0,0.000000,0.535988,0.053891,0.006961,0.589651,0.000000,0.000000,0.753211,0.018808,0.338045,0.022254,0.000000,0.377490
1172,0,0.000000,0.731043,0.083551,0.004691,0.793093,0.000000,0.000000,0.894799,0.020674,0.504766,0.032855,0.000000,0.550082
1173,0,0.000000,1.208020,0.154851,0.008808,1.364903,0.000000,0.000000,1.647573,0.023038,0.785449,0.116158,0.000000,0.923225
1174,0,0.000000,1.309668,0.102519,0.003404,1.413669,0.000000,0.000000,1.509050,0.030726,0.877545,0.048155,0.000000,0.947330
1175,0,0.000000,0.593694,0.045601,0.002033,0.640474,0.000000,0.000000,0.709724,0.035914,0.270544,0.011151,0.000000,0.312225
1176,0,0.000000,0.812580,0.406577,0.002000,1.220537,0.000000,0.000000,1.298250,0.015936,0.528184,0.140919,0.000000,0.653862
1177,0,0.000000,0.744570,0.072669,0.002540,0.798199,0.000000,0.000000,0.892929,0.024428,0.484858,0.038071,0.000000,0.542735
1178,0,0.000000,0.886331,0.170937,0.001961,0.965700,0.000000,0.000000,1.142756,0.019801,0.575447,0.076436,0.000000,0.615956
1179,0,0.000000,0.638685,0.066722,0.002269,0.681045,0.000000,0.000000,0.768755,0.022480,0.350201,0.041081,0.000000,0.403114
1180,0,0.000000,0.607276,0.069173,0.001869,0.652691,0.000000,0.000000,0.728911,0.017513,0.328284,0.016712,0.000000,0.361421
1181,0,0.000000,0.572765,0.066164,0.001877,0.640467,0.000000,0.000000,0.698665,0.017176,0.300240,0.037625,0.000000,0.345739
1182,0,0.000000,0.590863,0.050038,0.002339,0.641991,0.000000,0.000000,0.705404,0.019693,0.298375,0.010607,0.000000,0.316051
1183,0,0.000000,0.500147,0.057632,0.002147,0.546892,0.000000,0.000000,0.642371,0.019708,0.223713,0.015995,0.000000,0.258571
1184,0,0.000000,0.497000,0.050811,0.001805,0.540657,0.000000,0.000000,0.691395,0.068697,0.319717,0.016159,0.000000,0.391549
1185,0,0.000000,0.512040,0.049951,0.006939,0.563970,0.000000,0.000000,0.691398,0.017782,0.287696,0.023844,0.000000,0.326879
1186,0,0.000000,0.571412,0.048643,0.001669,0.621002,0.000000,0.000000,0.711424,0.024855,0.342147,0.017009,0.000000,0.381664
1187,0,0.000000,0.590490,0.079244,0.002033,0.670924,0.000000,0.000000,0.753930,0.015349,0.408738,0.014631,0.000000,0.438209
1188,0,0.000000,0.870486,0.044006,0.006533,0.917736,0.000000,0.000000,1.045822,0.020140,0.662984,0.057961,0.000000,0.709463
1189,0,0.000000,0.652054,0.046295,0.001921,0.688506,0.000000,0.000000,0.792201,0.028507,0.433442,0.013244,0.000000,0.473747
1190,0,0.000000,0.516922,0.049976,0.004491,0.570914,0.000000,0.000000,0.687715,0.016824,0.342314,0.023280,0.000000,0.377464
1191,0,0.000000,0.577060,0.050169,0.007791,0.635020,0.000000,0.000000,0.772819,0.023963,0.361931,0.078767,0.000000,0.410032
1192,0,0.000000,0.518895,0.064189,0.002941,0.558636,0.000000,0.000000,0.730315,0.025140,0.293521,0.066100,0.000000,0.319535
1193,0,0.000000,0.523240,0.044668,0.002138,0.559868,0.000000,0.000000,0.676769,0.064593,0.159259,0.010439,0.000000,0.193519
1194,0,0.000000,0.576258,0.057674,0.001912,0.635184,0.000000,0.000000,0.758557,0.090091,0.270843,0.010984,0.000000,0.296703
1195,0,0.000000,0.524208,0.060413,0.001714,0.586102,0.000000,0.000000,0.684624,0.019758,0.299114,0.005555,0.000000,0.322226
1196,0,0.000000,0.504666,0.044067,0.002074,0.549064,0.000000,0.000000,0.600006,0.014846,0.264677,0.015310,0.000000,0.280714
1197,0,0.000000,0.493215,0.043841,0.001601,0.538419,0.000000,0.000000,0.581272,0.015470,0.252793,0.010076,0.000000,0.271297
1198,0,0.000000,0.453570,0.094286,0.002644,0.499779,0.000000,0.000000,0.610856,0.014466,0.239808,0.072680,0.000000,0.254810
1199,0,0.000000,0.636057,0.051857,0.001863,0.681378,0.000000,0.000000,0.783883,0.016188,0.431844,0.055213,0.000000,0.458640
1200,0,0.000000,0.523800,0.046887,0.001658,0.572345,0.000000,0.000000,0.612479,0.039308,0.298523,0.015273,0.000000,0.318281
1201,0,0.000000,0.511195,0.159515,0.001799,0.556177,0.000000,0.000000,0.740232,0.017192,0.281341,0.131998,0.000000,0.299755
1202,0,0.000000,0.537691,0.040728,0.001890,0.578495,0.000000,0.000000,0.661221,0.016563,0.201320,0.047694,0.000000,0.221858
1203,0,0.000000,0.458602,0.044308,0.001864,0.489044,0.000000,0.000000,0.544308,0.015304,0.282782,0.016055,0.000000,0.297579
1204,0,0.000000,0.460578,0.212902,0.001626,0.674915,0.000000,0.000000,0.936283,0.013962,0.382315,0.009697,0.000000,0.400262
1205,0,0.000000,0.608522,0.171426,0.001988,0.781433,0.000000,0.000000,0.828279,0.017578,0.315867,0.057734,0.000000,0.346539
1206,0,0.000000,0.529330,0.097315,0.001675,0.576279,0.000000,0.000000,0.673145,0.015680,0.248382,0.012126,0.000000,0.264264
1207,0,0.000000,0.454082,0.061433,0.012652,0.505292,0.000000,0.000000,0.664601,0.015486,0.256471,0.015815,0.000000,0.271349
1208,0,0.000000,0.500184,0.042853,0.002005,0.530278,0.000000,0.000000,0.631558,0.015797,0.203883,0.050925,0.000000,0.222717
1209,0,0.000000,0.467007,0.044909,0.001849,0.507441,0.000000,0.000000,0.555898,0.015921,0.197521,0.008719,0.000000,0.212977
1210,0,0.000000,0.669064,0.096151,0.001781,0.722412,0.000000,0.000000,0.815036,0.014380,0.395802,0.065012,0.000000,0.410346
1211,0,0.000000,0.791561,0.139729,0.009702,0.940992,0.000000,0.000000,1.017841,0.015354,0.374187,0.014578,0.000000,0.401658
1212,0,0.000000,0.521158,0.082416,0.002327,0.563636,0.000000,0.000000,0.712803,0.044493,0.319932,0.052475,0.000000,0.414894
1213,0,0.000000,0.962801,0.107027,0.009176,0.991836,0.000000,0.000000,1.207913,0.014590,0.567087,0.138844,0.000000,0.625946
1214,0,0.000000,0.754620,0.172004,0.007513,0.825304,0.000000,0.000000,1.249148,0.064732,0.542827,0.009207,0.000000,0.568862
1215,0,0.000000,0.563343,0.046161,0.002211,0.609865,0.000000,0.000000,0.668754,0.022307,0.240062,0.007231,0.000000,0.259978
1216,0,0.000000,0.821476,0.377567,0.001934,1.104413,0.000000,0.000000,1.295752,0.014102,0.536263,0.348987,0.000000,0.757165
1217,0,0.000000,0.408609,0.043093,0.001897,0.453190,0.000000,0.000000,0.525041,0.025500,0.082127,0.025704,0.000000,0.109057
1218,0,0.000000,0.474619,0.044195,0.001892,0.517032,0.000000,0.000000,0.580776,0.015000,0.192338,0.017957,0.000000,0.208093
1219,0,0.000000,0.383949,0.042267,0.001908,0.419298,0.000000,0.000000,0.497864,0.029752,0.086878,0.015414,0.000000,0.117301
1220,0,0.000000,0.468687,0.041723,0.001801,0.505429,0.000000,0.000000,0.554396,0.014420,0.181285,0.007191,0.000000,0.197007
1221,0,0.000000,0.475255,0.040882,0.001878,0.509884,0.000000,0.000000,0.606128,0.013361,0.239397,0.010536,0.000000,0.259133
1222,0,0.000000,0.448338,0.087922,0.001892,0.538035,0.000000,0.000000,0.593229,0.015014,0.170087,0.053525,0.000000,0.235338
1223,0,0.000000,0.568587,0.052164,0.001833,0.607665,0.000000,0.000000,0.665875,0.016064,0.320812,0.025694,0.000000,0.361886
1224,0,0.000000,0.538061,0.043800,0.001986,0.575556,0.000000,0.000000,0.627705,0.015229,0.309776,0.007414,0.000000,0.332419
1225,0,0.000000,0.484143,0.042911,0.001935,0.521730,0.000000,0.000000,0.587392,0.013953,0.257417,0.007955,0.000000,0.273221
1226,0,0.000000,0.534844,0.038582,0.002095,0.570726,0.000000,0.000000,0.632744,0.016756,0.231907,0.020072,0.000000,0.249934
1227,0,0.000000,0.484985,0.058279,0.002022,0.515680,0.000000,0.000000,0.620011,0.016417,0.293493,0.042951,0.000000,0.339543
1228,0,0.000000,0.462901,0.065501,0.001861,0.507805,0.000000,0.000000,0.575986,0.015060,0.266182,0.008056,0.000000,0.288734
1229,0,0.000000,0.435954,0.048247,0.002199,0.483116,0.000000,0.000000,0.525810,0.014994,0.225316,0.012830,0.000000,0.252223
1230,0,0.000000,0.494320,0.042723,0.001962,0.531275,0.000000,0.000000,0.587785,0.014447,0.268307,0.006937,0.000000,0.288850
1231,0,0.000000,0.427022,0.049340,0.002063,0.478313,0.000000,0.000000,0.517449,0.015918,0.222789,0.017131,0.000000,0.254778
1232,0,0.000000,0.468583,0.040365,0.002000,0.506979,0.000000,0.000000,0.547295,0.014414,0.259145,0.008950,0.000000,0.275104
1233,0,0.000000,0.442935,0.050156,0.001930,0.484543,0.000000,0.000000,0.530901,0.015181,0.236361,0.004435,0.000000,0.255360
1234,0,0.000000,0.490090,0.041844,0.001951,0.526798,0.000000,0.000000,0.599885,0.013713,0.309262,0.011610,0.000000,0.324563
1235,0,0.000000,0.423276,0.040516,0.001950,0.460509,0.000000,0.000000,0.511882,0.014383,0.215819,0.021957,0.000000,0.230548
1236,0,0.000000,0.462830,0.076471,0.001876,0.498895,0.000000,0.000000,0.584549,0.014143,0.255224,0.009178,0.000000,0.276332
1237,0,0.000000,1.060191,0.062870,0.002327,1.125369,0.000000,0.000000,1.186554,0.021269,0.730066,0.013750,0.000000,0.755028
1238,0,0.000000,0.595248,0.040999,0.002107,0.637045,0.000000,0.000000,0.705559,0.030267,0.397354,0.008998,0.000000,0.435524
1239,0,0.000000,0.566380,0.054050,0.001978,0.602706,0.000000,0.000000,0.695568,0.015290,0.366823,0.041696,0.000000,0.407929
1240,0,0.000000,0.581774,0.042778,0.015081,0.620592,0.000000,0.000000,0.682798,0.015570,0.379859,0.022118,0.000000,0.417008
1241,0,0.000000,0.569186,0.041036,0.002043,0.607628,0.000000,0.000000,0.667059,0.014684,0.400398,0.008368,0.000000,0.422996
1242,0,0.000000,0.584926,0.040756,0.002036,0.622631,0.000000,0.000000,0.699531,0.013876,0.389805,0.037245,0.000000,0.411070
1243,0,0.000000,0.500730,0.040818,0.002132,0.540299,0.000000,0.000000,0.602630,0.015196,0.293575,0.012295,0.000000,0.320372
1244,0,0.000000,0.477934,0.038944,0.002075,0.515363,0.000000,0.000000,0.555987,0.015059,0.290301,0.009631,0.000000,0.313851
1245,0,0.000000,0.552928,0.046410,0.001991,0.594517,0.000000,0.000000,0.637849,0.013476,0.371584,0.007189,0.000000,0.391677
1246,0,0.000000,0.587549,0.040182,0.001901,0.623968,0.000000,0.000000,0.688319,0.014719,0.403770,0.011067,0.000000,0.428909
1247,0,0.000000,0.577986,0.074040,0.002086,0.615346,0.000000,0.000000,0.697044,0.014627,0.400416,0.039351,0.000000,0.424140
1248,0,0.000000,0.585960,0.046006,0.001919,0.625611,0.000000,0.000000,0.680797,0.014917,0.368916,0.011650,0.000000,0.394716
1249,0,0.000000,0.564899,0.043301,0.010917,0.603534,0.000000,0.000000,0.684062,0.015665,0.392587,0.029671,0.000000,0.437303
1250,0,0.000000,0.598363,0.091980,0.002007,0.646173,0.000000,0.000000,0.745774,0.022546,0.430333,0.057859,0.000000,0.461479
1251,0,0.000000,0.680972,0.041553,0.002003,0.718401,0.000000,0.000000,0.810986,0.015026,0.524989,0.006627,0.000000,0.540701
1252,0,0.000000,0.564461,0.187950,0.001866,0.599428,0.000000,0.000000,0.827654,0.016254,0.273763,0.176277,0.000000,0.408492
1253,0,0.000000,0.481180,0.053225,0.002296,0.522560,0.000000,0.000000,0.621838,0.038626,0.251374,0.023264,0.000000,0.289085
1254,0,0.000000,0.482038,0.048207,0.001568,0.524871,0.000000,0.000000,0.590185,0.016787,0.261332,0.015306,0.000000,0.280317
1255,0,0.000000,0.568621,0.046557,0.001769,0.606067,0.000000,0.000000,0.663898,0.016091,0.286772,0.012762,0.000000,0.313131
1256,0,0.000000,0.569424,0.052334,0.001662,0.607216,0.000000,0.000000,0.670151,0.014740,0.296118,0.018798,0.000000,0.322539
1257,0,0.000000,0.492775,0.052236,0.001846,0.530466,0.000000,0.000000,0.597295,0.016075,0.199256,0.018948,0.000000,0.228604
1258,0,0.000000,0.502615,0.053440,0.002050,0.556970,0.000000,0.000000,0.624593,0.015663,0.232948,0.018954,0.000000,0.261622
1259,0,0.000000,0.505404,0.053148,0.001940,0.559525,0.000000,0.000000,0.636880,0.015574,0.243223,0.025015,0.000000,0.271930
1260,0,0.000000,0.561518,0.049609,0.001846,0.599007,0.000000,0.000000,0.690553,0.016193,0.247107,0.052471,0.000000,0.261459
1261,0,0.000000,0.454793,0.049160,0.001479,0.492275,0.000000,0.000000,0.549458,0.016920,0.179279,0.007195,0.000000,0.194839
1262,0,0.000000,0.580081,0.054878,0.001538,0.636431,0.000000,0.000000,0.682739,0.015842,0.295953,0.010071,0.000000,0.309392
1263,0,0.000000,0.464449,0.054754,0.001661,0.503032,0.000000,0.000000,0.583220,0.016828,0.169922,0.013994,0.000000,0.185331
1264,0,0.000000,0.517206,0.063826,0.001561,0.556206,0.000000,0.000000,0.631598,0.016512,0.241710,0.008831,0.000000,0.257171
1265,0,0.000000,0.623100,0.045525,0.002677,0.661810,0.000000,0.000000,0.765831,0.037194,0.456207,0.004847,0.000000,0.473299
1266,0,0.000000,0.433907,0.039649,0.002523,0.469638,0.000000,0.000000,0.544950,0.032408,0.200712,0.009684,0.000000,0.242032
1267,0,0.000000,0.424764,0.041422,0.002346,0.467669,0.000000,0.000000,0.500425,0.015409,0.204980,0.009591,0.000000,0.229446
1268,0,0.000000,0.420673,0.060848,0.002166,0.483687,0.000000,0.000000,0.521587,0.014946,0.208201,0.027336,0.000000,0.247770
1269,0,0.000000,0.403025,0.042461,0.002722,0.448208,0.000000,0.000000,0.507629,0.014843,0.195439,0.013023,0.000000,0.222374
1270,0,0.000000,0.440068,0.044870,0.002317,0.487255,0.000000,0.000000,0.536850,0.015705,0.229167,0.024775,0.000000,0.258585
1271,0,0.000000,0.430648,0.041435,0.002514,0.474110,0.000000,0.000000,0.517178,0.014966,0.216790,0.010122,0.000000,0.241186
1272,0,0.000000,0.420339,0.041435,0.002356,0.462163,0.000000,0.000000,0.509603,0.014249,0.207026,0.006950,0.000000,0.222633
1273,0,0.000000,0.431385,0.040609,0.002440,0.472035,0.000000,0.000000,0.539184,0.015105,0.193387,0.049441,0.000000,0.220307
1274,0,0.000000,0.462528,0.056443,0.002283,0.521254,0.000000,0.000000,0.557775,0.017108,0.223617,0.025578,0.000000,0.265398
1275,0,0.000000,0.431876,0.039917,0.002547,0.474027,0.000000,0.000000,0.510240,0.015677,0.207059,0.008905,0.000000,0.231048
1276,0,0.000000,0.443888,0.042252,0.002285,0.486360,0.000000,0.000000,0.552680,0.014627,0.243835,0.008201,0.000000,0.263450
1277,0,0.000000,0.405175,0.062025,0.002623,0.450568,0.000000,0.000000,0.502574,0.014319,0.180974,0.030962,0.000000,0.196552
1278,0,0.000000,0.454179,0.042737,0.002343,0.493897,0.000000,0.000000,0.538117,0.014593,0.230357,0.007425,0.000000,0.251576
1279,0,0.000000,0.421169,0.043601,0.002190,0.461793,0.000000,0.000000,0.525304,0.014653,0.223403,0.007774,0.000000,0.244607
1280,0,0.000000,0.453183,0.053815,0.002259,0.509257,0.000000,0.000000,0.574212,0.014508,0.224978,0.038672,0.000000,0.261789
1281,0,0.000000,0.445970,0.056249,0.002279,0.504498,0.000000,0.000000,0.546871,0.016465,0.215997,0.042909,0.000000,0.261173
1282,0,0.000000,0.438919,0.038499,0.002318,0.479736,0.000000,0.000000,0.521686,0.015428,0.222303,0.008690,0.000000,0.245558
1283,0,0.000000,0.417084,0.233913,0.014097,0.566993,0.000000,0.000000,0.709271,0.015056,0.184716,0.151522,0.000000,0.217898
1284,0,0.000000,0.566938,0.058942,0.002088,0.627968,0.000000,0.000000,0.678005,0.030151,0.318613,0.027975,0.000000,0.376739
1285,0,0.000000,0.484525,0.041986,0.002211,0.522911,0.000000,0.000000,0.565807,0.013290,0.278642,0.003258,0.000000,0.294646
1286,0,0.000000,0.490294,0.059425,0.002348,0.552067,0.000000,0.000000,0.590305,0.012447,0.238679,0.028616,0.000000,0.279602
1287,0,0.000000,0.505837,0.046610,0.002081,0.541934,0.000000,0.000000,0.592693,0.012102,0.231664,0.005940,0.000000,0.249706
1288,0,0.000000,0.498778,0.041031,0.002593,0.535812,0.000000,0.000000,0.593481,0.014494,0.289042,0.006679,0.000000,0.309751
1289,0,0.000000,0.462591,0.041361,0.002354,0.500973,0.000000,0.000000,0.543311,0.011986,0.239767,0.007524,0.000000,0.259050
1290,0,0.000000,0.488836,0.043534,0.002265,0.525134,0.000000,0.000000,0.569657,0.012119,0.268393,0.009922,0.000000,0.282158
1291,0,0.000000,0.508420,0.040167,0.002354,0.546121,0.000000,0.000000,0.589563,0.011802,0.283941,0.010038,0.000000,0.305762
1292,0,0.000000,0.452892,0.040062,0.002310,0.495264,0.000000,0.000000,0.550678,0.011228,0.263593,0.004522,0.000000,0.277435
1293,0,0.000000,0.454610,0.041404,0.002506,0.496737,0.000000,0.000000,0.574761,0.012813,0.234622,0.054147,0.000000,0.266431
1294,0,0.000000,0.460565,0.047974,0.002617,0.500152,0.000000,0.000000,0.550369,0.020832,0.206496,0.019337,0.000000,0.246018
1295,0,0.000000,0.449853,0.039864,0.002590,0.487796,0.000000,0.000000,0.524782,0.012212,0.237170,0.007975,0.000000,0.257163
1296,0,0.000000,0.464762,0.040674,0.002663,0.501806,0.000000,0.000000,0.569259,0.038682,0.241142,0.012807,0.000000,0.292342
1297,0,0.000000,0.425752,0.040863,0.002502,0.468701,0.000000,0.000000,0.531320,0.011458,0.210923,0.013409,0.000000,0.235616
1298,0,0.000000,0.473570,0.040311,0.002491,0.511639,0.000000,0.000000,0.551002,0.013504,0.253366,0.014097,0.000000,0.280454
1299,0,0.000000,0.431145,0.058329,0.002824,0.470037,0.000000,0.000000,0.540960,0.010304,0.235634,0.021451,0.000000,0.256997
1300,0,0.000000,0.473326,0.040417,0.002430,0.516173,0.000000,0.000000,0.558460,0.011856,0.233381,0.015937,0.000000,0.259484
1301,0,0.000000,0.449033,0.042998,0.002553,0.491733,0.000000,0.000000,0.531093,0.011668,0.235708,0.008684,0.000000,0.256060
1302,0,0.000000,0.434854,0.043598,0.002651,0.476812,0.000000,0.000000,0.511928,0.011960,0.215251,0.012948,0.000000,0.239982
1303,0,0.000000,0.430350,0.040966,0.002262,0.469422,0.000000,0.000000,0.527656,0.011397,0.205908,0.029185,0.000000,0.234668
1304,0,0.000000,0.441848,0.045780,0.002236,0.489864,0.000000,0.000000,0.519961,0.013221,0.221053,0.014402,0.000000,0.248635
1305,0,0.000000,0.446549,0.042376,0.002845,0.490231,0.000000,0.000000,0.519644,0.010364,0.229128,0.012174,0.000000,0.251666
1306,0,0.000000,0.456360,0.040563,0.002846,0.495648,0.000000,0.000000,0.545080,0.011597,0.239817,0.021014,0.000000,0.272428
1307,0,0.000000,0.454118,0.042278,0.001937,0.494546,0.000000,0.000000,0.540100,0.011455,0.231990,0.005740,0.000000,0.248998
1308,0,0.000000,0.464591,0.047505,0.002481,0.513924,0.000000,0.000000,0.568106,0.010798,0.243449,0.015796,0.000000,0.269742
1309,0,0.000000,0.597770,0.065475,0.008859,0.642493,0.000000,0.000000,0.756527,0.011941,0.381462,0.025752,0.000000,0.395836
1310,0,0.000000,0.565782,0.044198,0.002115,0.604200,0.000000,0.000000,0.706717,0.029279,0.275581,0.008771,0.000000,0.313631
1311,0,0.000000,0.546793,0.040944,0.002053,0.586494,0.000000,0.000000,0.655510,0.017920,0.311949,0.003551,0.000000,0.333198
1312,0,0.000000,0.493883,0.048088,0.001975,0.531362,0.000000,0.000000,0.612875,0.021478,0.269062,0.003376,0.000000,0.287678
1313,0,0.000000,0.570055,0.055682,0.002327,0.609525,0.000000,0.000000,0.675516,0.016462,0.315067,0.004468,0.000000,0.333012
1314,0,0.000000,0.505357,0.047672,0.031330,0.580524,0.000000,0.000000,0.652253,0.016042,0.247034,0.007732,0.000000,0.265002
1315,0,0.000000,0.511908,0.058189,0.002090,0.550816,0.000000,0.000000,0.624935,0.017724,0.234608,0.007926,0.000000,0.260258
1316,0,0.000000,0.531015,0.049861,0.001934,0.573219,0.000000,0.000000,0.623711,0.016286,0.296785,0.013664,0.000000,0.315038
1317,0,0.000000,0.444834,0.046604,0.002398,0.492869,0.000000,0.000000,0.548489,0.015154,0.227762,0.007419,0.000000,0.250335
1318,0,0.000000,0.467154,0.043954,0.002082,0.512490,0.000000,0.000000,0.549201,0.015251,0.197165,0.006668,0.000000,0.218528
1319,0,0.000000,0.456295,0.045410,0.001884,0.496349,0.000000,0.000000,0.544896,0.017120,0.215197,0.005090,0.000000,0.234316
1320,0,0.000000,0.515810,0.067751,0.002000,0.554654,0.000000,0.000000,0.627655,0.018758,0.277612,0.030815,0.000000,0.311117
1321,0,0.000000,0.458197,0.045449,0.001841,0.499122,0.000000,0.000000,0.557991,0.027742,0.210105,0.005618,0.000000,0.226227
1322,0,0.000000,0.464446,0.045744,0.001807,0.503601,0.000000,0.000000,0.563020,0.015563,0.219972,0.003704,0.000000,0.238073
1323,0,0.000000,0.508392,0.048353,0.002054,0.547162,0.000000,0.000000,0.601768,0.013328,0.283982,0.004605,0.000000,0.296981
1324,0,0.000000,0.506030,0.048196,0.002206,0.547194,0.000000,0.000000,0.593398,0.012994,0.264618,0.007575,0.000000,0.278803
1325,0,0.000000,0.513699,0.048565,0.001997,0.552971,0.000000,0.000000,0.603898,0.012058,0.280932,0.005926,0.000000,0.294243
1326,0,0.000000,0.419608,0.081129,0.001788,0.473901,0.000000,0.000000,0.539731,0.012228,0.168921,0.043694,0.000000,0.183121
1327,0,0.000000,0.501185,0.052206,0.001911,0.554953,0.000000,0.000000,0.622083,0.016573,0.186507,0.012555,0.000000,0.205013
1328,0,0.000000,0.525759,0.043567,0.002124,0.570791,0.000000,0.000000,0.621703,0.015518,0.198844,0.018663,0.000000,0.214995
1329,0,0.000000,0.504644,0.040341,0.001999,0.541781,0.000000,0.000000,0.602178,0.017279,0.223296,0.013133,0.000000,0.238183
1330,0,0.000000,0.473389,0.041311,0.001934,0.511916,0.000000,0.000000,0.583834,0.015028,0.185281,0.028767,0.000000,0.202276
1331,0,0.000000,0.477150,0.066918,0.002268,0.530137,0.000000,0.000000,0.579486,0.015371,0.183775,0.022040,0.000000,0.198989
1332,0,0.000000,0.462335,0.248485,0.013567,0.663823,0.000000,0.000000,0.775677,0.014365,0.133437,0.193105,0.000000,0.327095
1333,0,0.000000,0.535589,0.058371,0.002127,0.573200,0.000000,0.000000,0.658607,0.020923,0.260960,0.026546,0.000000,0.307467
1334,0,0.000000,0.601922,0.043542,0.002145,0.639806,0.000000,0.000000,0.698696,0.017005,0.323692,0.009631,0.000000,0.345461
1335,0,0.000000,0.538461,0.045927,0.002196,0.576508,0.000000,0.000000,0.632702,0.016343,0.271565,0.011117,0.000000,0.298561
1336,0,0.000000,0.531641,0.046951,0.001885,0.569406,0.000000,0.000000,0.639200,0.027037,0.255416,0.012671,0.000000,0.292218
1337,0,0.000000,0.531844,0.049134,0.002118,0.569197,0.000000,0.000000,0.631816,0.015033,0.270818,0.016383,0.000000,0.300572
1338,0,0.000000,0.479381,0.045952,0.002065,0.526814,0.000000,0.000000,0.565958,0.013709,0.214617,0.012405,0.000000,0.237984
1339,0,0.000000,0.455800,0.047373,0.002088,0.504663,0.000000,0.000000,0.554074,0.015324,0.209191,0.008462,0.000000,0.232468
1340,0,0.000000,0.527156,0.068377,0.001973,0.588933,0.000000,0.000000,0.665155,0.015067,0.274561,0.040004,0.000000,0.328941
1341,0,0.000000,0.536062,0.051636,0.001811,0.579865,0.000000,0.000000,0.638050,0.015819,0.323000,0.024386,0.000000,0.362321
1342,0,0.000000,0.494862,0.047521,0.001876,0.536450,0.000000,0.000000,0.595862,0.014819,0.296990,0.017065,0.000000,0.328256
1343,0,0.000000,0.459278,0.059660,0.002130,0.520240,0.000000,0.000000,0.564646,0.017086,0.213147,0.021927,0.000000,0.252160
1344,0,0.000000,0.481577,0.053105,0.001858,0.536115,0.000000,0.000000,0.589689,0.018220,0.260496,0.026136,0.000000,0.304852
1345,0,0.000000,0.498656,0.102815,0.002026,0.603382,0.000000,0.000000,0.694203,0.030249,0.308767,0.048423,0.000000,0.370740
1346,0,0.000000,0.468611,0.081853,0.001699,0.552085,0.000000,0.000000,0.606073,0.014405,0.260562,0.052457,0.000000,0.326088
1347,0,0.000000,0.472666,0.054730,0.001853,0.528743,0.000000,0.000000,0.579688,0.013980,0.271089,0.024072,0.000000,0.307089
1348,0,0.000000,0.458950,0.049430,0.002069,0.509969,0.000000,0.000000,0.568937,0.012253,0.251608,0.037185,0.000000,0.282511
1349,0,0.000000,0.458308,0.057870,0.002006,0.517472,0.000000,0.000000,0.555374,0.013490,0.247841,0.023267,0.000000,0.284419
1350,0,0.000000,0.479897,0.054400,0.001852,0.535713,0.000000,0.000000,0.581618,0.012163,0.283386,0.021377,0.000000,0.314657
1351,0,0.000000,0.437748,0.060616,0.002152,0.499716,0.000000,0.000000,0.536479,0.013353,0.234228,0.025920,0.000000,0.271073
1352,0,0.000000,0.466730,0.059128,0.002142,0.527148,0.000000,0.000000,0.566105,0.011315,0.248399,0.025241,0.000000,0.283821
1353,0,0.000000,0.473249,0.070734,0.002022,0.545373,0.000000,0.000000,0.590529,0.011083,0.268156,0.029940,0.000000,0.309179
1354,0,0.000000,0.466013,0.063459,0.002035,0.530903,0.000000,0.000000,0.582281,0.013622,0.271852,0.027946,0.000000,0.311068
1355,0,0.000000,0.462537,0.060508,0.002270,0.524400,0.000000,0.000000,0.558766,0.011444,0.260366,0.026460,0.000000,0.298270
1356,0,0.000000,0.546416,0.054786,0.002134,0.602954,0.000000,0.000000,0.672702,0.014756,0.361927,0.025656,0.000000,0.381462
1357,0,0.000000,0.454706,0.060662,0.002246,0.516772,0.000000,0.000000,0.637871,0.020710,0.179865,0.065716,0.000000,0.217405
1358,0,0.000000,0.472832,0.051385,0.002476,0.521833,0.000000,0.000000,0.619607,0.036059,0.203623,0.046937,0.000000,0.227061
1359,0,0.000000,0.556974,0.067499,0.001770,0.595992,0.000000,0.000000,0.687893,0.023771,0.282169,0.033600,0.000000,0.330277
1360,0,0.000000,0.549712,0.052732,0.001689,0.588682,0.000000,0.000000,0.674967,0.017823,0.272576,0.017616,0.000000,0.304006
1361,0,0.000000,0.449394,0.070301,0.019484,0.525490,0.000000,0.000000,0.599077,0.015497,0.171443,0.039066,0.000000,0.224178
1362,0,0.000000,0.469875,0.055382,0.001606,0.526863,0.000000,0.000000,0.576083,0.014673,0.194531,0.016482,0.000000,0.220184
1363,0,0.000000,0.536709,0.054359,0.002090,0.574171,0.000000,0.000000,0.636946,0.013646,0.265073,0.026385,0.000000,0.294202
1364,0,0.000000,0.523781,0.058451,0.001790,0.563231,0.000000,0.000000,0.655562,0.015244,0.276071,0.014801,0.000000,0.305206
1365,0,0.000000,0.466402,0.059081,0.001790,0.506123,0.000000,0.000000,0.575899,0.034215,0.201124,0.019830,0.000000,0.231624
1366,0,0.000000,0.501402,0.057468,0.016796,0.549622,0.000000,0.000000,0.616867,0.014730,0.221217,0.033483,0.000000,0.261431
1367,0,0.000000,0.442246,0.056122,0.001569,0.491933,0.000000,0.000000,0.542204,0.015396,0.167287,0.023177,0.000000,0.200545
1368,0,0.000000,0.472656,0.061967,0.001529,0.536152,0.000000,0.000000,0.598659,0.013616,0.200369,0.020866,0.000000,0.227172
1369,0,0.000000,0.524602,0.059779,0.001557,0.568079,0.000000,0.000000,0.634256,0.013975,0.253807,0.024355,0.000000,0.281252
1370,0,0.000000,0.461857,0.059737,0.001481,0.521939,0.000000,0.000000,0.557672,0.014128,0.188985,0.025614,0.000000,0.221107
1371,0,0.000000,0.494974,0.062451,0.001862,0.550377,0.000000,0.000000,0.603788,0.013300,0.221554,0.030053,0.000000,0.250217
1372,0,0.000000,0.461065,0.065433,0.001821,0.517654,0.000000,0.000000,0.574049,0.014657,0.187887,0.020923,0.000000,0.217123
1373,0,0.000000,0.489737,0.057956,0.001923,0.549061,0.000000,0.000000,0.598865,0.014250,0.203852,0.022666,0.000000,0.238520
1374,0,0.000000,0.493089,0.054999,0.001572,0.549539,0.000000,0.000000,0.599488,0.015359,0.211092,0.022665,0.000000,0.242999
1375,0,0.000000,0.463767,0.056580,0.001674,0.521948,0.000000,0.000000,0.589219,0.035926,0.206782,0.019937,0.000000,0.238074
1376,0,0.000000,0.475180,0.055468,0.001653,0.515170,0.000000,0.000000,0.571229,0.013426,0.186688,0.020954,0.000000,0.213961
1377,0,0.000000,0.538401,0.062332,0.001708,0.576291,0.000000,0.000000,0.646455,0.013729,0.266922,0.019184,0.000000,0.295210
1378,0,0.000000,0.475188,0.063614,0.001713,0.536696,0.000000,0.000000,0.581806,0.015372,0.198193,0.029145,0.000000,0.228535
1379,0,0.000000,0.481234,0.072588,0.001772,0.555589,0.000000,0.000000,0.598925,0.013692,0.188198,0.019764,0.000000,0.217307
1380,0,0.000000,0.473650,0.080071,0.001481,0.555120,0.000000,0.000000,0.603382,0.014406,0.194161,0.049381,0.000000,0.251597
1381,0,0.000000,0.717579,0.065353,0.007754,0.761363,0.000000,0.000000,0.947983,0.014543,0.380485,0.012626,0.000000,0.394240
1382,0,0.000000,0.531785,0.048439,0.001941,0.570059,0.000000,0.000000,0.643011,0.031753,0.321847,0.027924,0.000000,0.354884
1383,0,0.000000,0.481533,0.057568,0.001975,0.523677,0.000000,0.000000,0.589099,0.014927,0.272397,0.018759,0.000000,0.288147
1384,0,0.000000,0.439012,0.051056,0.005828,0.482578,0.000000,0.000000,0.615661,0.017576,0.314974,0.053209,0.000000,0.345048
1385,0,0.000000,0.462271,0.047898,0.001970,0.503730,0.000000,0.000000,0.594840,0.022897,0.266887,0.005318,0.000000,0.291816
1386,0,0.000000,0.522358,0.048721,0.007425,0.558107,0.000000,0.000000,0.669166,0.014851,0.387802,0.024022,0.000000,0.403357
1387,0,0.000000,0.517661,0.053288,0.005084,0.554055,0.000000,0.000000,0.654076,0.022250,0.311572,0.064415,0.000000,0.337151
1388,0,0.000000,0.508101,0.053473,0.001448,0.545145,0.000000,0.000000,0.597008,0.019340,0.319678,0.017844,0.000000,0.341066
1389,0,0.000000,0.517947,0.073353,0.001740,0.555224,0.000000,0.000000,0.630523,0.014139,0.347342,0.018476,0.000000,0.361819
1390,0,0.000000,0.439408,0.052859,0.001714,0.485838,0.000000,0.000000,0.543755,0.017056,0.240695,0.017771,0.000000,0.260187
1391,0,0.000000,0.551378,0.076348,0.002000,0.596083,0.000000,0.000000,0.678729,0.013206,0.380071,0.036607,0.000000,0.418956
1392,0,0.000000,0.532839,0.077301,0.002080,0.568689,0.000000,0.000000,0.656318,0.017696,0.226037,0.019299,0.000000,0.244112
1393,0,0.000000,0.507459,0.055811,0.002400,0.544409,0.000000,0.000000,0.605527,0.018051,0.236760,0.019864,0.000000,0.255064
1394,0,0.000000,0.614781,0.054446,0.001968,0.670359,0.000000,0.000000,0.723634,0.013918,0.337078,0.002718,0.000000,0.353077
1395,0,0.000000,0.466254,0.066511,0.002052,0.533649,0.000000,0.000000,0.609435,0.026531,0.188427,0.001254,0.000000,0.215231
1396,0,0.000000,0.617035,0.055093,0.005277,0.668415,0.000000,0.000000,0.781881,0.016960,0.369895,0.009173,0.000000,0.390794
1397,0,0.000000,0.630317,0.065536,0.002077,0.677337,0.000000,0.000000,0.785067,0.023691,0.379633,0.018919,0.000000,0.403368
1398,0,0.000000,0.493787,0.053550,0.002077,0.538833,0.000000,0.000000,0.595152,0.036235,0.140396,0.002673,0.000000,0.177693
1399,0,0.000000,0.575668,0.058360,0.002048,0.625714,0.000000,0.000000,0.697364,0.015661,0.303135,0.004787,0.000000,0.319261
1400,0,0.000000,0.575502,0.055497,0.002408,0.623040,0.000000,0.000000,0.693449,0.017997,0.321830,0.003253,0.000000,0.340560
1401,0,0.000000,0.491894,0.057668,0.008316,0.539185,0.000000,0.000000,0.643171,0.017264,0.254286,0.014136,0.000000,0.272468
1402,0,0.000000,0.578802,0.062405,0.002088,0.629540,0.000000,0.000000,0.690460,0.021419,0.293606,0.009634,0.000000,0.315247
1403,0,0.000000,0.544591,0.058350,0.001848,0.604789,0.000000,0.000000,0.700137,0.017616,0.307834,0.005286,0.000000,0.329735
1404,0,0.000000,0.534830,0.054548,0.007196,0.585776,0.000000,0.000000,0.749921,0.024186,0.290148,0.087356,0.000000,0.332144
1405,0,0.000000,0.533581,0.051282,0.002226,0.579990,0.000000,0.000000,0.636761,0.039138,0.234150,0.006853,0.000000,0.274752
1406,0,0.000000,0.588597,0.053406,0.001982,0.629040,0.000000,0.000000,0.716769,0.017589,0.318306,0.038791,0.000000,0.334441
1407,0,0.000000,0.603567,0.062799,0.002000,0.646956,0.000000,0.000000,0.732853,0.019131,0.299267,0.032978,0.000000,0.319133
1408,0,0.000000,0.593534,0.052490,0.001870,0.633703,0.000000,0.000000,0.693924,0.018083,0.307242,0.015420,0.000000,0.325480
1409,0,0.000000,0.651265,0.050682,0.001879,0.693073,0.000000,0.000000,0.749384,0.018614,0.341032,0.010911,0.000000,0.360514
1410,0,0.000000,0.490630,0.051232,0.001868,0.533323,0.000000,0.000000,0.590416,0.017614,0.192305,0.010393,0.000000,0.209057
1411,0,0.000000,0.584810,0.068135,0.001779,0.653740,0.000000,0.000000,0.691426,0.015165,0.284141,0.004776,0.000000,0.300211
1412,0,0.000000,0.601333,0.054021,0.001970,0.638528,0.000000,0.000000,0.711568,0.017534,0.283478,0.019195,0.000000,0.302285
1413,0,0.000000,0.496401,0.051891,0.001947,0.539035,0.000000,0.000000,0.599098,0.017978,0.266686,0.011426,0.000000,0.283713
1414,0,0.000000,0.585928,0.066873,0.001923,0.641974,0.000000,0.000000,0.710864,0.018239,0.377531,0.018356,0.000000,0.414126
1415,0,0.000000,0.585684,0.069301,0.002043,0.636552,0.000000,0.000000,0.714600,0.017839,0.352008,0.005035,0.000000,0.371686
1416,0,0.000000,0.578469,0.053474,0.001977,0.618795,0.000000,0.000000,0.676953,0.017141,0.370411,0.015778,0.000000,0.387144
1417,0,0.000000,0.587678,0.077109,0.002216,0.644960,0.000000,0.000000,0.719264,0.014857,0.358932,0.022327,0.000000,0.374811
1418,0,0.000000,0.641266,0.053616,0.002091,0.681894,0.000000,0.000000,0.761372,0.019004,0.401976,0.014649,0.000000,0.422876
1419,0,0.000000,0.597368,0.050444,0.007763,0.634930,0.000000,0.000000,0.721464,0.021541,0.366544,0.040362,0.000000,0.422590
1420,0,0.000000,0.570121,0.061924,0.001661,0.610160,0.000000,0.000000,0.683996,0.019367,0.371466,0.024455,0.000000,0.410894
1421,0,0.000000,0.596392,0.055829,0.001775,0.635083,0.000000,0.000000,0.696961,0.019203,0.381228,0.023846,0.000000,0.423817
1422,0,0.000000,0.500231,0.062101,0.001485,0.562326,0.000000,0.000000,0.609969,0.015831,0.290921,0.036708,0.000000,0.342828
1423,0,0.000000,0.598124,0.054993,0.007800,0.638880,0.000000,0.000000,0.743288,0.018083,0.420806,0.029466,0.000000,0.466816
1424,0,0.000000,0.564533,0.102729,0.047463,0.650485,0.000000,0.000000,0.798774,0.019484,0.376685,0.080207,0.000000,0.475536
1425,0,0.000000,0.569815,0.052808,0.002099,0.624279,0.000000,0.000000,0.688521,0.022195,0.337775,0.023566,0.000000,0.381477
1426,0,0.000000,0.611148,0.063569,0.001625,0.652252,0.000000,0.000000,0.731172,0.015370,0.372514,0.032894,0.000000,0.401732
1427,0,0.000000,0.525586,0.049833,0.001767,0.570597,0.000000,0.000000,0.629669,0.017957,0.309321,0.019983,0.000000,0.346566
1428,0,0.000000,0.538588,0.054910,0.001708,0.594838,0.000000,0.000000,0.637640,0.017975,0.316524,0.028508,0.000000,0.361948
1429,0,0.000000,0.508199,0.054767,0.001940,0.564332,0.000000,0.000000,0.614055,0.015029,0.272433,0.027280,0.000000,0.313532
1430,0,0.000000,0.529102,0.054949,0.001788,0.582642,0.000000,0.000000,0.642101,0.014526,0.324589,0.026884,0.000000,0.364662
1431,0,0.000000,0.516847,0.060279,0.001996,0.577809,0.000000,0.000000,0.624425,0.018419,0.286904,0.030319,0.000000,0.334902
1432,0,0.000000,0.553462,0.055180,0.001825,0.610040,0.000000,0.000000,0.659624,0.015341,0.323962,0.028928,0.000000,0.366905
1433,0,0.000000,0.606053,0.053503,0.001888,0.659787,0.000000,0.000000,0.783229,0.016006,0.445222,0.027889,0.000000,0.487822
1434,0,0.000000,0.536388,0.059753,0.001816,0.592284,0.000000,0.000000,0.640144,0.018653,0.316363,0.028616,0.000000,0.362854
1435,0,0.000000,0.510881,0.050516,0.001827,0.562768,0.000000,0.000000,0.605754,0.022403,0.286152,0.022053,0.000000,0.319536
1436,0,0.000000,0.538459,0.059834,0.001650,0.599812,0.000000,0.000000,0.643673,0.014357,0.321983,0.034803,0.000000,0.370212
1437,0,0.000000,0.514832,0.061112,0.001750,0.570596,0.000000,0.000000,0.628113,0.018471,0.282130,0.031182,0.000000,0.330950
1438,0,0.000000,0.539305,0.055506,0.001832,0.596153,0.000000,0.000000,0.644669,0.015362,0.306860,0.029218,0.000000,0.350127
1439,0,0.000000,0.508766,0.052230,0.001808,0.561319,0.000000,0.000000,0.612667,0.015720,0.285753,0.024153,0.000000,0.324442
1440,0,0.000000,0.521114,0.060418,0.001917,0.581179,0.000000,0.000000,0.623320,0.017824,0.300364,0.031033,0.000000,0.348386
1441,0,0.000000,0.508132,0.052717,0.001876,0.562211,0.000000,0.000000,0.623778,0.017196,0.288478,0.036907,0.000000,0.342047
1442,0,0.000000,0.542406,0.053553,0.001810,0.594476,0.000000,0.000000,0.643786,0.014922,0.337570,0.025511,0.000000,0.377250
1443,0,0.000000,0.501407,0.050950,0.002019,0.553739,0.000000,0.000000,0.594944,0.018327,0.279677,0.023132,0.000000,0.320438
1444,0,0.000000,0.565395,0.056810,0.001770,0.623639,0.000000,0.000000,0.678301,0.020883,0.342857,0.031147,0.000000,0.394887
1445,0,0.000000,0.519903,0.054487,0.001965,0.575763,0.000000,0.000000,0.627502,0.015254,0.315181,0.029887,0.000000,0.358784
1446,0,0.000000,0.540250,0.056627,0.010317,0.598303,0.000000,0.000000,0.714599,0.017905,0.384393,0.029632,0.000000,0.431116
1447,0,0.000000,0.510646,0.091024,0.005685,0.559020,0.000000,0.000000,0.758879,0.024399,0.298502,0.160574,0.000000,0.413125
1448,0,0.000000,0.570781,0.055035,0.001643,0.627442,0.000000,0.000000,0.689305,0.025321,0.327735,0.025734,0.000000,0.371840
1449,0,0.000000,0.501676,0.045598,0.001875,0.544203,0.000000,0.000000,0.608194,0.029274,0.280876,0.016277,0.000000,0.320721
1450,0,0.000000,0.575511,0.058368,0.002102,0.631964,0.000000,0.000000,0.680231,0.016878,0.368689,0.032479,0.000000,0.414702
1451,0,0.000000,0.504213,0.051422,0.002124,0.556049,0.000000,0.000000,0.598970,0.013799,0.303495,0.026167,0.000000,0.341590
1452,0,0.000000,0.537739,0.054546,0.001836,0.593679,0.000000,0.000000,0.635000,0.016372,0.352278,0.030172,0.000000,0.394761
1453,0,0.000000,0.483326,0.078290,0.001889,0.563088,0.000000,0.000000,0.606908,0.012654,0.282504,0.056715,0.000000,0.348210
1454,0,0.000000,0.628582,0.049124,0.008302,0.663247,0.000000,0.000000,0.741030,0.013812,0.452431,0.020906,0.000000,0.466954
1455,0,0.000000,0.418396,0.054627,0.001965,0.467285,0.000000,0.000000,0.526438,0.019982,0.218906,0.024744,0.000000,0.236548
1456,0,0.000000,0.483468,0.050815,0.001995,0.519842,0.000000,0.000000,0.584748,0.014329,0.284050,0.020811,0.000000,0.298690
1457,0,0.000000,0.451769,0.055681,0.002290,0.487502,0.000000,0.000000,0.562998,0.014666,0.243963,0.022666,0.000000,0.259423
1458,0,0.000000,0.422272,0.047614,0.001689,0.455955,0.000000,0.000000,0.504832,0.018785,0.213314,0.019424,0.000000,0.232712
1459,0,0.000000,0.431120,0.051460,0.001609,0.467089,0.000000,0.000000,0.536883,0.013103,0.241799,0.020162,0.000000,0.255595
1460,0,0.000000,0.416419,0.054780,0.001607,0.451318,0.000000,0.000000,0.539757,0.013597,0.242616,0.024746,0.000000,0.258203
1461,0,0.000000,0.435546,0.051889,0.001902,0.472014,0.000000,0.000000,0.528968,0.017161,0.219709,0.019109,0.000000,0.237597
1462,0,0.000000,0.396362,0.054658,0.001913,0.441654,0.000000,0.000000,0.491326,0.014789,0.174412,0.025576,0.000000,0.189574
1463,0,0.000000,0.428033,0.055394,0.009713,0.493140,0.000000,0.000000,0.562246,0.013427,0.225795,0.031650,0.000000,0.239836
1464,0,0.000000,0.464410,0.046749,0.007601,0.512594,0.000000,0.000000,0.622701,0.024871,0.214613,0.080468,0.000000,0.240979
1465,0,0.000000,0.392614,0.050164,0.001868,0.442314,0.000000,0.000000,0.498973,0.024394,0.107247,0.023923,0.000000,0.147536
1466,0,0.000000,0.408429,0.066378,0.001644,0.438523,0.000000,0.000000,0.520149,0.015141,0.058583,0.027740,0.000000,0.074984
1467,0,0.000000,0.433337,0.069337,0.001646,0.481406,0.000000,0.000000,0.552715,0.017482,0.135460,0.033901,0.000000,0.182421
1468,0,0.000000,0.404213,0.055643,0.006880,0.462699,0.000000,0.000000,0.533977,0.018975,0.103054,0.031302,0.000000,0.123751
1469,0,0.000000,0.411487,0.053001,0.002178,0.464944,0.000000,0.000000,0.525698,0.019764,0.129250,0.041756,0.000000,0.172705
1470,0,0.000000,0.392206,0.049823,0.006210,0.441822,0.000000,0.000000,0.521767,0.015183,0.077784,0.061643,0.000000,0.086623
1471,0,0.000000,0.450991,0.053310,0.002384,0.502577,0.000000,0.000000,0.556038,0.019862,0.137974,0.027080,0.000000,0.175309
1472,0,0.000000,0.418543,0.102954,0.008473,0.529970,0.000000,0.000000,0.670043,0.018489,0.131917,0.091522,0.000000,0.237222
1473,0,0.000000,0.455694,0.054092,0.002341,0.510847,0.000000,0.000000,0.578192,0.025888,0.185184,0.015450,0.000000,0.220571
1474,0,0.000000,0.459670,0.046569,0.006432,0.512671,0.000000,0.000000,0.588829,0.014764,0.197488,0.012809,0.000000,0.211655
1475,0,0.000000,0.440226,0.042074,0.005604,0.482287,0.000000,0.000000,0.588222,0.022739,0.188123,0.052261,0.000000,0.219088
1476,0,0.000000,0.431143,0.074421,0.002166,0.506806,0.000000,0.000000,0.554629,0.019772,0.163607,0.038587,0.000000,0.183738
1477,0,0.000000,0.448718,0.044549,0.002062,0.489546,0.000000,0.000000,0.540987,0.018175,0.181416,0.015970,0.000000,0.211351
1478,0,0.000000,0.451858,0.045328,0.001952,0.496825,0.000000,0.000000,0.544615,0.013296,0.152340,0.016194,0.000000,0.166075
1479,0,0.000000,0.496542,0.046337,0.002134,0.539810,0.000000,0.000000,0.600752,0.017116,0.240365,0.017234,0.000000,0.270615
1480,0,0.000000,0.438811,0.046667,0.001902,0.481073,0.000000,0.000000,0.531812,0.016892,0.124583,0.016711,0.000000,0.141500
1481,0,0.000000,0.446403,0.042868,0.002106,0.489649,0.000000,0.000000,0.535329,0.013264,0.190562,0.018337,0.000000,0.218676
1482,0,0.000000,0.423805,0.044602,0.001706,0.464523,0.000000,0.000000,0.511741,0.017012,0.159728,0.019348,0.000000,0.192009
1483,0,0.000000,0.420176,0.044919,0.001954,0.461689,0.000000,0.000000,0.500913,0.013162,0.177206,0.015781,0.000000,0.203155
1484,0,0.000000,0.444869,0.047516,0.001710,0.485832,0.000000,0.000000,0.526499,0.012229,0.142523,0.021512,0.000000,0.173002
1485,0,0.000000,0.443266,0.045039,0.002007,0.483502,0.000000,0.000000,0.535062,0.027515,0.190368,0.019384,0.000000,0.231677
1486,0,0.000000,0.431481,0.045526,0.001800,0.474714,0.000000,0.000000,0.517578,0.016818,0.169896,0.020696,0.000000,0.203674
1487,0,0.000000,0.452907,0.067035,0.008459,0.504644,0.000000,0.000000,0.565845,0.012718,0.211011,0.039598,0.000000,0.260357
1488,0,0.000000,0.482498,0.046195,0.005742,0.529172,0.000000,0.000000,0.623869,0.018985,0.221344,0.053411,0.000000,0.255538
1489,0,0.000000,0.461979,0.044720,0.002213,0.504757,0.000000,0.000000,0.550859,0.022314,0.188791,0.018100,0.000000,0.223961
1490,0,0.000000,0.418207,0.045315,0.001779,0.463009,0.000000,0.000000,0.501181,0.016517,0.157810,0.015140,0.000000,0.182969
1491,0,0.000000,0.439124,0.045675,0.001939,0.481865,0.000000,0.000000,0.525042,0.012514,0.155897,0.016678,0.000000,0.182068
1492,0,0.000000,0.457626,0.046668,0.001909,0.501189,0.000000,0.000000,0.547808,0.013203,0.187091,0.018442,0.000000,0.211960
1493,0,0.000000,0.412365,0.045173,0.001913,0.453000,0.000000,0.000000,0.499884,0.017391,0.170837,0.016853,0.000000,0.201032
1494,0,0.000000,0.445211,0.066487,0.001682,0.483960,0.000000,0.000000,0.545246,0.012641,0.183230,0.040825,0.000000,0.197507
1495,0,0.000000,0.439326,0.048298,0.001978,0.478432,0.000000,0.000000,0.532197,0.012670,0.198306,0.022144,0.000000,0.230093
1496,0,0.000000,0.441416,0.045068,0.001751,0.481362,0.000000,0.000000,0.526687,0.017057,0.172937,0.018626,0.000000,0.190396
1497,0,0.000000,0.438744,0.042763,0.001907,0.478769,0.000000,0.000000,0.556639,0.013271,0.203101,0.012964,0.000000,0.226351
1498,0,0.000000,0.571619,0.043158,0.002150,0.615616,0.000000,0.000000,0.675056,0.017062,0.296290,0.006618,0.000000,0.319559
1499,0,0.000000,0.494862,0.046899,0.002116,0.535361,0.000000,0.000000,0.590832,0.017459,0.269261,0.017322,0.000000,0.301547
1500,0,0.000000,0.452677,0.039835,0.001703,0.490543,0.000000,0.000000,0.533846,0.012887,0.241938,0.004989,0.000000,0.259814
1501,0,0.000000,0.462604,0.053311,0.002207,0.500460,0.000000,0.000000,0.561393,0.010045,0.265900,0.008258,0.000000,0.283782
1502,0,0.000000,0.457099,0.053023,0.001722,0.494208,0.000000,0.000000,0.550946,0.019930,0.269135,0.006235,0.000000,0.285566
1503,0,0.000000,0.453024,0.047373,0.001704,0.490293,0.000000,0.000000,0.531402,0.011386,0.254992,0.006115,0.000000,0.269748
1504,0,0.000000,0.453073,0.049000,0.001880,0.492515,0.000000,0.000000,0.535126,0.010630,0.262052,0.007316,0.000000,0.272793
1505,0,0.000000,0.449315,0.051340,0.002057,0.485999,0.000000,0.000000,0.537749,0.013405,0.251903,0.004768,0.000000,0.267187
1506,0,0.000000,0.539668,0.052354,0.001763,0.578654,0.000000,0.000000,0.628091,0.010519,0.333865,0.008057,0.000000,0.351944
1507,0,0.000000,0.425675,0.051828,0.001729,0.478868,0.000000,0.000000,0.522531,0.010458,0.229932,0.006720,0.000000,0.246441
1508,0,0.000000,0.463610,0.054419,0.001928,0.500873,0.000000,0.000000,0.552584,0.022619,0.254998,0.005712,0.000000,0.282551
1509,0,0.000000,0.414346,0.058382,0.001793,0.452015,0.000000,0.000000,0.525365,0.011427,0.241540,0.008035,0.000000,0.259430
1510,0,0.000000,0.436166,0.048869,0.001925,0.473278,0.000000,0.000000,0.545118,0.013772,0.242119,0.045561,0.000000,0.256797
1511,0,0.000000,0.411898,0.048982,0.002248,0.448732,0.000000,0.000000,0.512770,0.020239,0.214887,0.006827,0.000000,0.234365
1512,0,0.000000,0.458336,0.054954,0.001857,0.495005,0.000000,0.000000,0.550337,0.013458,0.268990,0.006216,0.000000,0.285631
1513,0,0.000000,0.432473,0.051963,0.001908,0.485713,0.000000,0.000000,0.537188,0.010373,0.243738,0.006777,0.000000,0.259472
1514,0,0.000000,0.446056,0.048474,0.001694,0.482917,0.000000,0.000000,0.557416,0.013121,0.264537,0.005181,0.000000,0.279822
1515,0,0.000000,0.459602,0.049479,0.002154,0.496624,0.000000,0.000000,0.564536,0.012836,0.256102,0.035613,0.000000,0.272207
1516,0,0.000000,0.455833,0.054882,0.001770,0.493167,0.000000,0.000000,0.544302,0.012833,0.263033,0.005611,0.000000,0.281083
1517,0,0.000000,0.469962,0.047664,0.002058,0.506699,0.000000,0.000000,0.551489,0.009969,0.280860,0.005885,0.000000,0.296419
1518,0,0.000000,0.468947,0.051354,0.001803,0.506101,0.000000,0.000000,0.558392,0.011009,0.276927,0.005281,0.000000,0.292176
1519,0,0.000000,0.447766,0.054795,0.002134,0.484430,0.000000,0.000000,0.538891,0.013846,0.251415,0.005949,0.000000,0.267204
1520,0,0.000000,0.451584,0.056609,0.001815,0.487777,0.000000,0.000000,0.553049,0.010698,0.268187,0.005564,0.000000,0.282583
1521,0,0.000000,0.423789,0.055173,0.002078,0.460072,0.000000,0.000000,0.530177,0.011795,0.227206,0.007163,0.000000,0.238453
1522,0,0.000000,0.426183,0.050939,0.001944,0.463570,0.000000,0.000000,0.510578,0.013679,0.234596,0.004478,0.000000,0.248611
1523,0,0.000000,0.468579,0.052978,0.002094,0.506654,0.000000,0.000000,0.554773,0.010165,0.270102,0.006519,0.000000,0.286703
1524,0,0.000000,0.448667,0.054807,0.001629,0.489124,0.000000,0.000000,0.540936,0.010128,0.255835,0.005609,0.000000,0.271125
1525,0,0.000000,0.461182,0.136248,0.002216,0.563502,0.000000,0.000000,0.637153,0.010869,0.255599,0.096270,0.000000,0.269639
1526,0,0.000000,0.486643,0.054911,0.002163,0.528329,0.000000,0.000000,0.610935,0.020357,0.294464,0.008656,0.000000,0.312583
1527,0,0.000000,0.479424,0.037659,0.001786,0.515742,0.000000,0.000000,0.566115,0.014793,0.313901,0.007575,0.000000,0.330661
1528,0,0.000000,0.443463,0.044807,0.001858,0.489679,0.000000,0.000000,0.530538,0.012261,0.257902,0.005824,0.000000,0.275118
1529,0,0.000000,0.410097,0.058324,0.002267,0.455864,0.000000,0.000000,0.505184,0.013703,0.244766,0.029924,0.000000,0.285084
1530,0,0.000000,0.436715,0.095485,0.002151,0.477994,0.000000,0.000000,0.635231,0.011595,0.255959,0.059336,0.000000,0.266130
1531,0,0.000000,0.444859,0.049950,0.001981,0.491060,0.000000,0.000000,0.534837,0.014199,0.162151,0.014416,0.000000,0.173027
1532,0,0.000000,0.428360,0.047709,0.001902,0.475821,0.000000,0.000000,0.510113,0.012703,0.166201,0.014087,0.000000,0.176863
1533,0,0.000000,0.426646,0.050749,0.001956,0.478686,0.000000,0.000000,0.509399,0.011791,0.170042,0.013593,0.000000,0.179292
1534,0,0.000000,0.420101,0.051159,0.002188,0.465604,0.000000,0.000000,0.510425,0.010131,0.145674,0.014278,0.000000,0.155451
1535,0,0.000000,0.419356,0.048946,0.002225,0.457498,0.000000,0.000000,0.505176,0.011505,0.145240,0.009383,0.000000,0.156781
1536,0,0.000000,0.430390,0.049704,0.001998,0.481417,0.000000,0.000000,0.514013,0.013421,0.169695,0.012099,0.000000,0.180770
1537,0,0.000000,0.428886,0.046702,0.002243,0.476976,0.000000,0.000000,0.524665,0.010798,0.171866,0.010391,0.000000,0.181329
1538,0,0.000000,0.441181,0.046448,0.002184,0.489081,0.000000,0.000000,0.553470,0.011015,0.181197,0.035635,0.000000,0.191642
1539,0,0.000000,0.391603,0.048800,0.002086,0.430089,0.000000,0.000000,0.479179,0.014286,0.129845,0.014442,0.000000,0.143607
1540,0,0.000000,0.445839,0.048238,0.001865,0.483097,0.000000,0.000000,0.523274,0.011422,0.182381,0.012549,0.000000,0.193429
1541,0,0.000000,0.451117,0.049245,0.002180,0.488790,0.000000,0.000000,0.534422,0.010107,0.182176,0.011686,0.000000,0.192272
1542,0,0.000000,0.477748,0.049491,0.002072,0.515099,0.000000,0.000000,0.565750,0.010448,0.207974,0.014402,0.000000,0.218782
1543,0,0.000000,0.391568,0.048012,0.002156,0.429258,0.000000,0.000000,0.475861,0.013714,0.142413,0.013201,0.000000,0.153172
1544,0,0.000000,0.439103,0.049124,0.001903,0.481041,0.000000,0.000000,0.519957,0.011674,0.180872,0.012874,0.000000,0.190416
1545,0,0.000000,0.392647,0.065412,0.002091,0.432959,0.000000,0.000000,0.512889,0.019203,0.157047,0.012459,0.000000,0.167017
1546,0,0.000000,0.416839,0.054249,0.002019,0.464225,0.000000,0.000000,0.515448,0.014341,0.174214,0.018481,0.000000,0.183819
1547,0,0.000000,0.410269,0.050100,0.002059,0.461306,0.000000,0.000000,0.495099,0.011857,0.140139,0.015839,0.000000,0.150702
1548,0,0.000000,0.444792,0.048423,0.002027,0.483078,0.000000,0.000000,0.529162,0.011250,0.169983,0.012958,0.000000,0.181314
1549,0,0.000000,0.449789,0.048497,0.002139,0.488700,0.000000,0.000000,0.538662,0.010552,0.200051,0.009852,0.000000,0.211102
1550,0,0.000000,0.515191,0.052617,0.002192,0.565411,0.000000,0.000000,0.634496,0.013682,0.266832,0.016552,0.000000,0.278665
1551,0,0.000000,0.437856,0.047765,0.001955,0.474543,0.000000,0.000000,0.547161,0.023916,0.191900,0.028808,0.000000,0.201060
1552,0,0.000000,0.471747,0.050124,0.002701,0.511712,0.000000,0.000000,0.661804,0.011415,0.231703,0.011036,0.000000,0.243153
1553,0,0.000000,0.484863,0.041748,0.002142,0.522067,0.000000,0.000000,0.642051,0.014509,0.203371,0.045520,0.000000,0.235000
1554,0,0.000000,0.457423,0.045805,0.002260,0.498183,0.000000,0.000000,0.546517,0.013751,0.214429,0.014007,0.000000,0.237961
1555,0,0.000000,0.427414,0.061133,0.002058,0.465957,0.000000,0.000000,0.530852,0.012184,0.164826,0.029829,0.000000,0.204387
1556,0,0.000000,0.528546,0.045562,0.002069,0.571753,0.000000,0.000000,0.623977,0.012242,0.288975,0.011140,0.000000,0.309886
1557,0,0.000000,0.414400,0.039663,0.002138,0.450369,0.000000,0.000000,0.523154,0.012413,0.160361,0.038372,0.000000,0.183250
1558,0,0.000000,0.414771,0.042876,0.002190,0.458413,0.000000,0.000000,0.506093,0.012786,0.186624,0.013252,0.000000,0.209793
1559,0,0.000000,0.409993,0.042544,0.002078,0.450792,0.000000,0.000000,0.486215,0.011626,0.168599,0.010614,0.000000,0.188072
1560,0,0.000000,0.415679,0.043205,0.002033,0.458019,0.000000,0.000000,0.495884,0.012591,0.179293,0.011340,0.000000,0.199970
1561,0,0.000000,0.433228,0.063766,0.002056,0.472153,0.000000,0.000000,0.538448,0.013514,0.152307,0.031222,0.000000,0.181546
1562,0,0.000000,0.440789,0.043098,0.002063,0.480674,0.000000,0.000000,0.534278,0.013394,0.187810,0.018881,0.000000,0.217022
1563,0,0.000000,0.432087,0.042770,0.002258,0.471119,0.000000,0.000000,0.508486,0.012834,0.193958,0.011290,0.000000,0.215608
1564,0,0.000000,0.438639,0.054272,0.002022,0.478106,0.000000,0.000000,0.544418,0.012204,0.207537,0.023521,0.000000,0.240362
1565,0,0.000000,0.418718,0.042840,0.001997,0.456415,0.000000,0.000000,0.506385,0.012747,0.170901,0.014727,0.000000,0.193223
1566,0,0.000000,0.415919,0.061069,0.002026,0.475589,0.000000,0.000000,0.536017,0.033370,0.172214,0.033088,0.000000,0.220634
1567,0,0.000000,0.427646,0.039095,0.001944,0.468089,0.000000,0.000000,0.539540,0.012069,0.191249,0.037438,0.000000,0.209966
1568,0,0.000000,0.421878,0.042893,0.002508,0.465891,0.000000,0.000000,0.501952,0.012375,0.172340,0.012886,0.000000,0.194155
1569,0,0.000000,0.424138,0.041578,0.002315,0.463582,0.000000,0.000000,0.510051,0.012451,0.179923,0.013201,0.000000,0.203839
1570,0,0.000000,0.438417,0.042476,0.001895,0.477044,0.000000,0.000000,0.514657,0.012742,0.182746,0.010080,0.000000,0.205568
1571,0,0.000000,0.427725,0.066455,0.007913,0.495422,0.000000,0.000000,0.533961,0.011749,0.192594,0.025422,0.000000,0.229764
1572,0,0.000000,0.421373,0.044259,0.001904,0.467325,0.000000,0.000000,0.504255,0.012591,0.179312,0.013196,0.000000,0.202574
1573,0,0.000000,0.420204,0.041305,0.002252,0.458327,0.000000,0.000000,0.497813,0.012708,0.162876,0.012343,0.000000,0.184514
1574,0,0.000000,0.449249,0.042616,0.002039,0.487800,0.000000,0.000000,0.524347,0.011721,0.208900,0.012059,0.000000,0.230736
1575,0,0.000000,0.462248,0.044264,0.001936,0.501411,0.000000,0.000000,0.540949,0.011429,0.226706,0.013800,0.000000,0.249558
1576,0,0.000000,0.427915,0.045133,0.002232,0.475076,0.000000,0.000000,0.515797,0.011456,0.191125,0.010689,0.000000,0.210458
1577,0,0.000000,0.467360,0.056914,0.002536,0.525950,0.000000,0.000000,0.562624,0.013224,0.214234,0.004210,0.000000,0.225055
1578,0,0.000000,0.475099,0.045330,0.001858,0.514335,0.000000,0.000000,0.577974,0.022383,0.232891,0.014960,0.000000,0.258744
1579,0,0.000000,0.483874,0.052783,0.002081,0.520575,0.000000,0.000000,0.598871,0.011570,0.212455,0.040221,0.000000,0.245219
1580,0,0.000000,0.552422,0.053946,0.001875,0.605500,0.000000,0.000000,0.694636,0.062158,0.214501,0.026083,0.000000,0.248906
1581,0,0.000000,0.536243,0.057120,0.001942,0.587978,0.000000,0.000000,0.649519,0.012408,0.248726,0.023866,0.000000,0.277832
1582,0,0.000000,0.560230,0.046324,0.001978,0.608068,0.000000,0.000000,0.653481,0.010250,0.244484,0.015053,0.000000,0.258320
1583,0,0.000000,0.529062,0.049979,0.001729,0.580506,0.000000,0.000000,0.629929,0.014643,0.253466,0.020478,0.000000,0.280862
1584,0,0.000000,0.510267,0.064189,0.002103,0.560558,0.000000,0.000000,0.620400,0.011552,0.226668,0.030212,0.000000,0.238263
1585,0,0.000000,0.543902,0.051404,0.001916,0.596798,0.000000,0.000000,0.638644,0.010362,0.219335,0.021052,0.000000,0.241687
1586,0,0.000000,0.506366,0.048729,0.002423,0.557406,0.000000,0.000000,0.633510,0.013015,0.219435,0.024450,0.000000,0.240968
1587,0,0.000000,0.393725,0.050136,0.002611,0.431951,0.000000,0.000000,0.476667,0.012694,0.129151,0.014632,0.000000,0.143785
1588,0,0.000000,0.426128,0.048499,0.002166,0.468858,0.000000,0.000000,0.505533,0.024371,0.149937,0.012868,0.000000,0.177825
1589,0,0.000000,0.396985,0.049408,0.002234,0.435283,0.000000,0.000000,0.479990,0.011556,0.134744,0.012496,0.000000,0.148983
1590,0,0.000000,0.391098,0.042367,0.002288,0.426593,0.000000,0.000000,0.480763,0.009966,0.127520,0.009844,0.000000,0.145091
1591,0,0.000000,0.386847,0.061813,0.002043,0.423950,0.000000,0.000000,0.516816,0.010812,0.125493,0.056171,0.000000,0.137794
1592,0,0.000000,0.416515,0.044473,0.002269,0.454857,0.000000,0.000000,0.495134,0.011346,0.152927,0.009917,0.000000,0.171726
1593,0,0.000000,0.432356,0.049625,0.002190,0.474917,0.000000,0.000000,0.508404,0.011261,0.127846,0.015906,0.000000,0.153533
1594,0,0.000000,0.413165,0.044845,0.002175,0.457127,0.000000,0.000000,0.498568,0.010640,0.142434,0.009664,0.000000,0.158256
1595,0,0.000000,0.434208,0.059556,0.002104,0.495868,0.000000,0.000000,0.524613,0.009314,0.139203,0.023861,0.000000,0.169210
1596,0,0.000000,0.416712,0.053255,0.002141,0.464736,0.000000,0.000000,0.496667,0.010472,0.126447,0.016158,0.000000,0.145900
1597,0,0.000000,0.432344,0.047937,0.001964,0.476517,0.000000,0.000000,0.510263,0.021642,0.123666,0.013927,0.000000,0.139980
1598,0,0.000000,0.402469,0.046845,0.002040,0.439573,0.000000,0.000000,0.487734,0.009896,0.140590,0.011500,0.000000,0.158479
1599,0,0.000000,0.429590,0.052598,0.001964,0.474057,0.000000,0.000000,0.508283,0.011282,0.124558,0.016682,0.000000,0.141831
1600,0,0.000000,0.412158,0.061581,0.004104,0.460315,0.000000,0.000000,0.509612,0.009501,0.156296,0.023847,0.000000,0.181371
1601,0,0.000000,0.388746,0.046605,0.002638,0.428382,0.000000,0.000000,0.485447,0.011966,0.109229,0.012585,0.000000,0.121103
1602,0,0.000000,0.472144,0.055625,0.002130,0.512500,0.000000,0.000000,0.574461,0.014656,0.196137,0.038807,0.000000,0.207980
1603,0,0.000000,0.407075,0.052644,0.002507,0.449739,0.000000,0.000000,0.488222,0.010143,0.123687,0.018188,0.000000,0.151692
1604,1,0.000000,0.427138,0.044452,0.002200,0.471282,0.000000,0.000000,0.503326,0.012780,0.147272,0.010869,0.000000,0.164569
1605,1,0.000000,0.388150,0.046166,0.002233,0.426178,0.000000,0.000000,0.461891,0.011051,0.114716,0.011072,0.000000,0.125558
1606,1,0.000000,0.435625,0.050363,0.002164,0.482457,0.000000,0.000000,0.519382,0.009902,0.149983,0.014124,0.000000,0.161622
1607,1,0.000000,0.497963,0.050373,0.010137,0.544065,0.000000,0.000000,1.101612,0.011634,0.542494,0.005309,0.000000,0.555847
1608,1,0.000000,0.519588,0.059619,0.001821,0.558892,0.000000,0.000000,0.650295,0.022379,0.186992,0.021219,0.000000,0.206987
1609,1,0.000000,0.485034,0.042846,0.002019,0.524907,0.000000,0.000000,0.573956,0.014980,0.172881,0.009254,0.000000,0.188911
1610,1,0.000000,0.428207,0.048348,0.008134,0.467075,0.000000,0.000000,0.576819,0.028781,0.163395,0.021724,0.000000,0.194257
1611,1,0.000000,0.478579,0.058662,0.001954,0.538800,0.000000,0.000000,0.588142,0.021327,0.157962,0.023701,0.000000,0.200980
1612,1,0.000000,0.445584,0.049311,0.001791,0.496209,0.000000,0.000000,0.539547,0.012763,0.173826,0.016775,0.000000,0.196925
1613,1,0.000000,0.485193,0.050151,0.001761,0.524780,0.000000,0.000000,0.584423,0.012519,0.186196,0.016014,0.000000,0.211933
1614,1,0.000000,0.502350,0.057053,0.001769,0.540572,0.000000,0.000000,0.612058,0.013375,0.219725,0.022676,0.000000,0.249017
