iteration,food_quantity,event_poll_ms,ants_advance_ms,evaporation_ms,update_ms,advance_total_ms,render_ms,blit_ms,iteration_total_ms,mpi_halo_exchange_ms,mpi_migration_ms,mpi_food_allreduce_ms,mpi_render_comm_ms,mpi_total_comm_ms
1,0,0.000000,8.195860,0.161962,0.009092,8.366914,0.000000,0.000000,8.703670,0.028266,0.000000,0.001227,0.000000,0.029493
2,0,0.000000,7.808581,0.132544,0.008449,7.949574,0.000000,0.000000,8.224334,0.011617,0.000000,0.001280,0.000000,0.012897
3,0,0.000000,7.714370,0.119834,0.008424,7.842628,0.000000,0.000000,8.135404,0.012039,0.000000,0.001370,0.000000,0.013409
4,0,0.000000,7.920944,0.152361,0.007105,8.080410,0.000000,0.000000,8.321997,0.012419,0.000000,0.001399,0.000000,0.013818
5,0,0.000000,8.371355,0.131831,0.008030,8.511216,0.000000,0.000000,8.836576,0.011481,0.000000,0.001271,0.000000,0.012752
6,0,0.000000,8.362226,0.156798,0.008739,8.527763,0.000000,0.000000,8.781222,0.012941,0.000000,0.001418,0.000000,0.014359
7,0,0.000000,8.628645,0.125070,0.008070,8.761785,0.000000,0.000000,9.105111,0.012211,0.000000,0.001369,0.000000,0.013580
8,0,0.000000,8.943727,0.319655,0.008774,9.272156,0.000000,0.000000,9.598251,0.012817,0.000000,0.001512,0.000000,0.014329
9,0,0.000000,11.242562,0.131641,0.008032,11.382235,0.000000,0.000000,11.852334,0.012206,0.000000,0.001580,0.000000,0.013786
10,0,0.000000,8.526907,0.121068,0.009061,8.657036,0.000000,0.000000,9.012271,0.012231,0.000000,0.001641,0.000000,0.013872
11,0,0.000000,8.425071,0.129379,0.008664,8.563114,0.000000,0.000000,8.821897,0.012240,0.000000,0.001378,0.000000,0.013618
12,0,0.000000,8.786521,0.122025,0.008402,8.916948,0.000000,0.000000,9.273122,0.011871,0.000000,0.001390,0.000000,0.013261
13,0,0.000000,7.779444,0.117904,0.007747,7.905095,0.000000,0.000000,8.140348,0.013314,0.000000,0.001311,0.000000,0.014625
14,0,0.000000,7.727079,0.237160,0.010457,7.974696,0.000000,0.000000,8.301728,0.013246,0.000000,0.001537,0.000000,0.014783
15,0,0.000000,9.007814,0.127333,0.008784,9.143931,0.000000,0.000000,9.411891,0.011823,0.000000,0.001496,0.000000,0.013319
16,0,0.000000,12.135616,0.123793,0.009225,12.268634,0.000000,0.000000,12.696593,0.012745,0.000000,0.001458,0.000000,0.014203
17,0,0.000000,8.040952,0.161888,0.010524,8.213364,0.000000,0.000000,8.519954,0.012903,0.000000,0.002686,0.000000,0.015589
18,0,0.000000,7.480092,0.129641,0.009563,7.619296,0.000000,0.000000,7.867095,0.018251,0.000000,0.003152,0.000000,0.021403
19,0,0.000000,8.360878,0.115351,0.009004,8.485233,0.000000,0.000000,8.803430,0.014309,0.000000,0.001175,0.000000,0.015484
20,0,0.000000,9.353480,0.121434,0.008498,9.483412,0.000000,0.000000,9.711279,0.012370,0.000000,0.001587,0.000000,0.013957
21,0,0.000000,8.690363,0.167051,0.008565,8.865979,0.000000,0.000000,9.184952,0.012070,0.000000,0.001863,0.000000,0.013933
22,0,0.000000,8.146545,0.125142,0.007963,8.279650,0.000000,0.000000,8.565631,0.012450,0.000000,0.001517,0.000000,0.013967
23,0,0.000000,9.541809,0.193895,0.011204,9.746908,0.000000,0.000000,10.034234,0.012333,0.000000,0.001485,0.000000,0.013818
24,0,0.000000,7.917792,0.131898,0.008214,8.057904,0.000000,0.000000,8.347022,0.012385,0.000000,0.001573,0.000000,0.013958
25,0,0.000000,8.543483,0.130596,0.007864,8.681943,0.000000,0.000000,8.975985,0.013029,0.000000,0.001570,0.000000,0.014599
26,0,0.000000,8.986280,0.123189,0.008738,9.118207,0.000000,0.000000,9.446939,0.012599,0.000000,0.001517,0.000000,0.014116
27,0,0.000000,8.318375,0.117688,0.009309,8.445372,0.000000,0.000000,8.744808,0.012075,0.000000,0.001706,0.000000,0.013781
28,0,0.000000,8.227676,0.132928,0.008740,8.369344,0.000000,0.000000,8.723662,0.013453,0.000000,0.001471,0.000000,0.014924
29,0,0.000000,8.536716,0.132414,0.009593,8.678723,0.000000,0.000000,9.066431,0.012550,0.000000,0.001636,0.000000,0.014186
30,0,0.000000,8.889596,0.121831,0.009051,9.020478,0.000000,0.000000,9.367720,0.015147,0.000000,0.001384,0.000000,0.016531
31,0,0.000000,7.827843,0.115641,0.008998,7.952482,0.000000,0.000000,8.221320,0.013051,0.000000,0.001472,0.000000,0.014523
32,0,0.000000,7.781374,0.179896,0.062275,8.023545,0.000000,0.000000,8.323525,0.014645,0.000000,0.001473,0.000000,0.016118
33,0,0.000000,10.873796,0.130087,0.009610,11.013493,0.000000,0.000000,11.378186,0.012457,0.000000,0.001690,0.000000,0.014147
34,0,0.000000,8.819718,0.133948,0.008919,8.962585,0.000000,0.000000,9.218423,0.012701,0.000000,0.001441,0.000000,0.014142
35,0,0.000000,8.091444,0.128817,0.008840,8.229101,0.000000,0.000000,8.544149,0.012229,0.000000,0.001319,0.000000,0.013548
36,0,0.000000,8.848036,0.136847,0.095047,9.079930,0.000000,0.000000,9.387449,0.013769,0.000000,0.001828,0.000000,0.015597
37,0,0.000000,9.342861,0.115440,0.008888,9.467189,0.000000,0.000000,9.960698,0.103360,0.000000,0.001275,0.000000,0.104635
38,0,0.000000,8.625819,0.215330,0.008450,8.849599,0.000000,0.000000,9.171416,0.012039,0.000000,0.001529,0.000000,0.013568
39,0,0.000000,8.291645,0.121731,0.008897,8.422273,0.000000,0.000000,8.748436,0.012856,0.000000,0.001519,0.000000,0.014375
40,0,0.000000,8.835110,0.123978,0.009282,8.968370,0.000000,0.000000,9.271682,0.014158,0.000000,0.001414,0.000000,0.015572
41,0,0.000000,8.633762,0.132033,0.008849,8.774644,0.000000,0.000000,9.056159,0.017860,0.000000,0.001832,0.000000,0.019692
42,0,0.000000,8.813231,0.125529,0.008045,8.946805,0.000000,0.000000,9.344419,0.012120,0.000000,0.001351,0.000000,0.013471
43,0,0.000000,8.837998,0.121952,0.009392,8.969342,0.000000,0.000000,10.233498,0.012451,0.000000,0.001535,0.000000,0.013986
44,0,0.000000,8.668486,0.152225,0.009306,8.830017,0.000000,0.000000,9.190928,0.012738,0.000000,0.001589,0.000000,0.014327
45,0,0.000000,8.352348,0.116471,0.008918,8.477737,0.000000,0.000000,8.769321,0.012738,0.000000,0.001519,0.000000,0.014257
46,0,0.000000,8.729963,0.117713,0.009127,8.856803,0.000000,0.000000,9.196722,0.012983,0.000000,0.001543,0.000000,0.014526
47,0,0.000000,8.610176,0.118615,0.008659,8.737450,0.000000,0.000000,9.076830,0.013216,0.000000,0.001582,0.000000,0.014798
48,0,0.000000,8.310927,0.124341,0.008622,8.443890,0.000000,0.000000,8.700873,0.012037,0.000000,0.001406,0.000000,0.013443
49,0,0.000000,8.155051,0.123990,0.008323,8.287364,0.000000,0.000000,8.630586,0.012589,0.000000,0.001423,0.000000,0.014012
50,0,0.000000,8.487495,0.128390,0.009209,8.625094,0.000000,0.000000,8.899968,0.012544,0.000000,0.001362,0.000000,0.013906
51,0,0.000000,7.796363,0.170659,0.008632,7.975654,0.000000,0.000000,8.257072,0.012980,0.000000,0.001420,0.000000,0.014400
52,0,0.000000,8.083126,0.114005,0.008246,8.205377,0.000000,0.000000,8.472315,0.012617,0.000000,0.001324,0.000000,0.013941
53,0,0.000000,6.866964,0.108390,0.008191,6.983545,0.000000,0.000000,7.241896,0.013008,0.000000,0.001539,0.000000,0.014547
54,0,0.000000,8.365292,0.125768,0.008909,8.499969,0.000000,0.000000,8.902785,0.013336,0.000000,0.001227,0.000000,0.014563
55,0,0.000000,7.951698,0.126480,0.008199,8.086377,0.000000,0.000000,8.409628,0.012068,0.000000,0.001584,0.000000,0.013652
56,0,0.000000,8.055442,0.123285,0.008107,8.186834,0.000000,0.000000,8.516815,0.012522,0.000000,0.001201,0.000000,0.013723
57,0,0.000000,8.243247,0.117884,0.008600,8.369731,0.000000,0.000000,8.697797,0.012593,0.000000,0.001521,0.000000,0.014114
58,0,0.000000,8.968842,0.122596,0.008872,9.100310,0.000000,0.000000,9.443178,0.012723,0.000000,0.001441,0.000000,0.014164
59,0,0.000000,7.977962,0.142157,0.010192,8.130311,0.000000,0.000000,8.413071,0.012161,0.000000,0.001362,0.000000,0.013523
60,0,0.000000,8.723341,0.127690,0.009377,8.860408,0.000000,0.000000,9.185521,0.012305,0.000000,0.001457,0.000000,0.013762
61,0,0.000000,8.462842,0.115466,0.019966,8.598274,0.000000,0.000000,8.968098,0.012705,0.000000,0.001658,0.000000,0.014363
62,0,0.000000,8.466366,0.119171,0.009264,8.594801,0.000000,0.000000,8.885170,0.013234,0.000000,0.001784,0.000000,0.015018
63,0,0.000000,7.627090,0.118506,0.009360,7.754956,0.000000,0.000000,8.140964,0.014349,0.000000,0.001385,0.000000,0.015734
64,0,0.000000,7.755375,0.143366,0.009364,7.908105,0.000000,0.000000,8.183015,0.014675,0.000000,0.001541,0.000000,0.016216
65,0,0.000000,8.037706,0.112480,0.008983,8.159169,0.000000,0.000000,8.492541,0.015088,0.000000,0.001303,0.000000,0.016391
66,0,0.000000,7.894976,0.116308,0.008318,8.019602,0.000000,0.000000,8.268719,0.013469,0.000000,0.001312,0.000000,0.014781
67,0,0.000000,7.709736,0.116452,0.009087,7.835275,0.000000,0.000000,8.145852,0.012389,0.000000,0.001604,0.000000,0.013993
68,0,0.000000,8.179037,0.219808,0.014892,8.413737,0.000000,0.000000,8.787927,0.014091,0.000000,0.001490,0.000000,0.015581
69,0,0.000000,9.504417,0.120810,0.009594,9.634821,0.000000,0.000000,9.902284,0.012918,0.000000,0.001329,0.000000,0.014247
70,0,0.000000,7.540713,0.293548,0.008497,7.842758,0.000000,0.000000,8.144685,0.013168,0.000000,0.001343,0.000000,0.014511
71,0,0.000000,8.183229,0.128509,0.009149,8.320887,0.000000,0.000000,8.598921,0.012453,0.000000,0.001625,0.000000,0.014078
72,0,0.000000,9.784218,0.121426,0.008026,9.913670,0.000000,0.000000,10.257948,0.013198,0.000000,0.001316,0.000000,0.014514
73,0,0.000000,8.172286,0.113275,0.008972,8.294533,0.000000,0.000000,8.558691,0.012521,0.000000,0.001210,0.000000,0.013731
74,0,0.000000,8.244218,0.119004,0.008958,8.372180,0.000000,0.000000,8.707753,0.012642,0.000000,0.001402,0.000000,0.014044
75,0,0.000000,8.406774,0.213396,0.010000,8.630170,0.000000,0.000000,8.976331,0.012777,0.000000,0.001768,0.000000,0.014545
76,0,0.000000,7.667419,0.115266,0.006096,7.788781,0.000000,0.000000,7.846310,0.012549,0.000000,0.001586,0.000000,0.014135
77,0,0.000000,7.513341,0.122368,0.008968,7.644677,0.000000,0.000000,7.901968,0.012838,0.000000,0.001374,0.000000,0.014212
78,0,0.000000,7.722924,0.124778,0.008196,7.855898,0.000000,0.000000,8.171246,0.013006,0.000000,0.001233,0.000000,0.014239
79,0,0.000000,8.637021,0.763481,0.008478,9.408980,0.000000,0.000000,9.675935,0.012106,0.000000,0.001130,0.000000,0.013236
80,0,0.000000,9.204047,0.118433,0.007969,9.330449,0.000000,0.000000,9.665741,0.012122,0.000000,0.001447,0.000000,0.013569
81,0,0.000000,7.854831,0.121435,0.008332,7.984598,0.000000,0.000000,8.252704,0.013076,0.000000,0.001223,0.000000,0.014299
82,0,0.000000,7.396015,0.133719,0.009035,7.538769,0.000000,0.000000,7.985680,0.012769,0.000000,0.001513,0.000000,0.014282
83,0,0.000000,8.170757,0.235586,0.008903,8.415246,0.000000,0.000000,8.681713,0.012972,0.000000,0.001279,0.000000,0.014251
84,0,0.000000,7.488187,0.129357,0.007855,7.625399,0.000000,0.000000,7.961851,0.012618,0.000000,0.001368,0.000000,0.013986
85,0,0.000000,7.727298,0.156012,0.008202,7.891512,0.000000,0.000000,8.209594,0.012021,0.000000,0.001471,0.000000,0.013492
86,0,0.000000,7.892785,0.116601,0.006996,8.016382,0.000000,0.000000,8.070981,0.011997,0.000000,0.001318,0.000000,0.013315
87,0,0.000000,7.824781,0.120969,0.007041,7.952791,0.000000,0.000000,7.986272,0.014294,0.000000,0.001248,0.000000,0.015542
88,0,0.000000,6.984120,0.115922,0.006227,7.106269,0.000000,0.000000,7.134519,0.012138,0.000000,0.001360,0.000000,0.013498
89,0,0.000000,6.776559,0.114859,0.006636,6.898054,0.000000,0.000000,6.929339,0.013259,0.000000,0.001219,0.000000,0.014478
90,0,0.000000,7.160576,0.140671,0.006068,7.307315,0.000000,0.000000,7.337346,0.012066,0.000000,0.001311,0.000000,0.013377
91,0,0.000000,8.172665,0.113534,0.006401,8.292600,0.000000,0.000000,8.322366,0.012391,0.000000,0.001511,0.000000,0.013902
92,0,0.000000,18.787982,0.197775,0.010519,18.996276,0.000000,0.000000,19.030314,0.012364,0.000000,0.001852,0.000000,0.014216
93,0,0.000000,7.461338,0.118933,0.006530,7.586801,0.000000,0.000000,7.622925,0.014809,0.000000,0.001272,0.000000,0.016081
94,0,0.000000,7.852906,0.114393,0.006285,7.973584,0.000000,0.000000,8.003213,0.012610,0.000000,0.001458,0.000000,0.014068
95,0,0.000000,7.335214,0.143672,0.005687,7.484573,0.000000,0.000000,7.514426,0.012158,0.000000,0.001428,0.000000,0.013586
96,0,0.000000,7.445900,0.156849,0.006296,7.609045,0.000000,0.000000,7.639757,0.012913,0.000000,0.001473,0.000000,0.014386
97,0,0.000000,7.578539,0.120145,0.006232,7.704916,0.000000,0.000000,7.746750,0.022842,0.000000,0.001252,0.000000,0.024094
98,0,0.000000,8.015038,0.128918,0.006175,8.150131,0.000000,0.000000,8.180640,0.012196,0.000000,0.001343,0.000000,0.013539
99,0,0.000000,7.453065,0.116148,0.005960,7.575173,0.000000,0.000000,7.605813,0.012152,0.000000,0.001127,0.000000,0.013279
100,0,0.000000,7.287222,0.125268,0.006343,7.418833,0.000000,0.000000,7.449555,0.012234,0.000000,0.001372,0.000000,0.013606
101,0,0.000000,7.576642,0.123742,0.006709,7.707093,0.000000,0.000000,7.737987,0.012670,0.000000,0.001470,0.000000,0.014140
102,0,0.000000,7.883104,0.118585,0.006845,8.008534,0.000000,0.000000,8.042403,0.013898,0.000000,0.001640,0.000000,0.015538
103,0,0.000000,6.557990,0.123529,0.006603,6.688122,0.000000,0.000000,6.714608,0.012071,0.000000,0.001543,0.000000,0.013614
104,0,0.000000,6.747924,0.112931,0.005898,6.866753,0.000000,0.000000,6.895597,0.012893,0.000000,0.001468,0.000000,0.014361
105,0,0.000000,6.177696,0.121414,0.006095,6.305205,0.000000,0.000000,6.332275,0.012658,0.000000,0.001387,0.000000,0.014045
106,0,0.000000,7.354560,0.115292,0.017105,7.486957,0.000000,0.000000,7.516627,0.013521,0.000000,0.001542,0.000000,0.015063
107,0,0.000000,6.384649,0.111349,0.006395,6.502393,0.000000,0.000000,6.530592,0.013490,0.000000,0.001440,0.000000,0.014930
108,0,0.000000,6.390214,0.118595,0.005706,6.514515,0.000000,0.000000,6.543492,0.013443,0.000000,0.001266,0.000000,0.014709
109,0,0.000000,6.318458,0.115850,0.006252,6.440560,0.000000,0.000000,6.469336,0.012489,0.000000,0.001210,0.000000,0.013699
110,0,0.000000,7.410343,0.120813,0.006365,7.537521,0.000000,0.000000,7.568829,0.011888,0.000000,0.001488,0.000000,0.013376
111,0,0.000000,8.501219,0.139016,0.005379,8.645614,0.000000,0.000000,8.675025,0.012698,0.000000,0.001528,0.000000,0.014226
112,0,0.000000,7.123823,0.117170,0.006178,7.247171,0.000000,0.000000,7.276983,0.012049,0.000000,0.001045,0.000000,0.013094
113,0,0.000000,6.653329,0.182256,0.006525,6.842110,0.000000,0.000000,6.868961,0.012122,0.000000,0.001187,0.000000,0.013309
114,0,0.000000,6.469737,0.135834,0.006410,6.611981,0.000000,0.000000,6.644189,0.012350,0.000000,0.001622,0.000000,0.013972
115,0,0.000000,6.444742,0.122015,0.005602,6.572359,0.000000,0.000000,6.600585,0.012882,0.000000,0.000955,0.000000,0.013837
116,0,0.000000,6.339021,0.127014,0.006523,6.472558,0.000000,0.000000,6.501316,0.012542,0.000000,0.001306,0.000000,0.013848
117,0,0.000000,6.766133,0.141993,0.006571,6.914697,0.000000,0.000000,6.942058,0.012817,0.000000,0.001215,0.000000,0.014032
118,0,0.000000,6.582491,0.140305,0.005728,6.728524,0.000000,0.000000,6.755616,0.011940,0.000000,0.001073,0.000000,0.013013
119,0,0.000000,6.727046,0.115080,0.006665,6.848791,0.000000,0.000000,6.877811,0.011856,0.000000,0.001370,0.000000,0.013226
120,0,0.000000,6.757873,0.226012,0.013225,6.997110,0.000000,0.000000,7.023934,0.012568,0.000000,0.001481,0.000000,0.014049
121,0,0.000000,6.773818,0.126071,0.006044,6.905933,0.000000,0.000000,6.932834,0.011864,0.000000,0.001080,0.000000,0.012944
122,0,0.000000,6.221209,0.131653,0.005236,6.358098,0.000000,0.000000,6.383897,0.012209,0.000000,0.001267,0.000000,0.013476
123,0,0.000000,6.812227,0.137804,0.006010,6.956041,0.000000,0.000000,6.989589,0.013067,0.000000,0.001333,0.000000,0.014400
124,0,0.000000,7.079747,0.116974,0.006318,7.203039,0.000000,0.000000,7.230651,0.012096,0.000000,0.001280,0.000000,0.013376
125,0,0.000000,6.390769,0.127701,0.005986,6.524456,0.000000,0.000000,6.550070,0.012299,0.000000,0.001168,0.000000,0.013467
126,0,0.000000,6.127631,0.131980,0.005474,6.265085,0.000000,0.000000,6.293115,0.013299,0.000000,0.001393,0.000000,0.014692
127,0,0.000000,6.320745,0.123690,0.005812,6.450247,0.000000,0.000000,6.477883,0.011542,0.000000,0.001435,0.000000,0.012977
128,0,0.000000,7.249582,0.116495,0.006419,7.372496,0.000000,0.000000,7.403286,0.012442,0.000000,0.001366,0.000000,0.013808
129,0,0.000000,8.705538,0.116493,0.006326,8.828357,0.000000,0.000000,8.859624,0.013660,0.000000,0.001290,0.000000,0.014950
130,0,0.000000,6.655505,0.127367,0.006022,6.788894,0.000000,0.000000,6.817227,0.011963,0.000000,0.001340,0.000000,0.013303
131,0,0.000000,6.838455,0.124112,0.006158,6.968725,0.000000,0.000000,6.996515,0.011896,0.000000,0.001213,0.000000,0.013109
132,0,0.000000,7.383227,0.160876,0.020969,7.565072,0.000000,0.000000,7.596948,0.011970,0.000000,0.001498,0.000000,0.013468
133,0,0.000000,7.279163,0.129681,0.006419,7.415263,0.000000,0.000000,7.445886,0.013024,0.000000,0.001229,0.000000,0.014253
134,0,0.000000,6.998910,0.168992,0.006237,7.174139,0.000000,0.000000,7.203749,0.013492,0.000000,0.001419,0.000000,0.014911
135,0,0.000000,6.528837,0.120430,0.006290,6.655557,0.000000,0.000000,6.687357,0.012045,0.000000,0.001395,0.000000,0.013440
136,0,0.000000,6.830803,0.131295,0.006716,6.968814,0.000000,0.000000,6.998392,0.013213,0.000000,0.001283,0.000000,0.014496
137,0,0.000000,6.950660,0.122620,0.006269,7.079549,0.000000,0.000000,7.207483,0.012015,0.000000,0.102302,0.000000,0.114317
138,0,0.000000,7.413186,0.125864,0.005981,7.545031,0.000000,0.000000,7.581568,0.019948,0.000000,0.001342,0.000000,0.021290
139,0,0.000000,6.596410,0.131654,0.005720,6.733784,0.000000,0.000000,6.760749,0.012968,0.000000,0.001165,0.000000,0.014133
140,0,0.000000,6.342524,0.132505,0.006044,6.481073,0.000000,0.000000,6.507253,0.011783,0.000000,0.001262,0.000000,0.013045
141,0,0.000000,6.287895,0.108535,0.006107,6.402537,0.000000,0.000000,6.433465,0.013248,0.000000,0.001198,0.000000,0.014446
142,0,0.000000,7.644193,0.125036,0.006370,7.775599,0.000000,0.000000,7.803985,0.012611,0.000000,0.001502,0.000000,0.014113
143,0,0.000000,6.172339,0.127221,0.005856,6.305416,0.000000,0.000000,6.333829,0.013065,0.000000,0.001442,0.000000,0.014507
144,0,0.000000,6.379175,0.109490,0.005643,6.494308,0.000000,0.000000,6.522366,0.012455,0.000000,0.001211,0.000000,0.013666
145,0,0.000000,7.062937,0.115184,0.006372,7.184493,0.000000,0.000000,7.215879,0.014156,0.000000,0.001347,0.000000,0.015503
146,0,0.000000,7.673976,0.722143,0.005790,8.401909,0.000000,0.000000,8.429972,0.012161,0.000000,0.001170,0.000000,0.013331
147,0,0.000000,6.713152,0.126652,0.006381,6.846185,0.000000,0.000000,6.875063,0.012816,0.000000,0.001293,0.000000,0.014109
148,0,0.000000,6.494619,0.114723,0.005411,6.614753,0.000000,0.000000,6.644751,0.013155,0.000000,0.001174,0.000000,0.014329
149,0,0.000000,6.580068,0.129679,0.005875,6.715622,0.000000,0.000000,6.741391,0.011828,0.000000,0.001381,0.000000,0.013209
150,0,0.000000,7.008298,0.118358,0.006219,7.132875,0.000000,0.000000,7.165877,0.013909,0.000000,0.001402,0.000000,0.015311
151,0,0.000000,8.559363,0.237824,0.006078,8.803265,0.000000,0.000000,8.834420,0.013453,0.000000,0.001282,0.000000,0.014735
152,0,0.000000,7.255609,0.119159,0.006674,7.381442,0.000000,0.000000,7.412201,0.012530,0.000000,0.001654,0.000000,0.014184
153,0,0.000000,6.936848,0.174977,0.006619,7.118444,0.000000,0.000000,7.148476,0.011933,0.000000,0.001565,0.000000,0.013498
154,0,0.000000,13.564929,0.129387,0.006929,13.701245,0.000000,0.000000,13.733610,0.013818,0.000000,0.001608,0.000000,0.015426
155,0,0.000000,8.058619,0.153367,0.006278,8.218264,0.000000,0.000000,8.249577,0.012325,0.000000,0.001411,0.000000,0.013736
156,0,0.000000,8.231975,0.173517,0.006784,8.412276,0.000000,0.000000,8.441596,0.011986,0.000000,0.001331,0.000000,0.013317
157,0,0.000000,7.119157,0.195943,0.006381,7.321481,0.000000,0.000000,7.361209,0.012353,0.000000,0.001473,0.000000,0.013826
158,0,0.000000,10.343051,0.121483,0.006003,10.470537,0.000000,0.000000,10.503589,0.014413,0.000000,0.001715,0.000000,0.016128
159,0,0.000000,6.827746,0.112867,0.006766,6.947379,0.000000,0.000000,6.975817,0.012074,0.000000,0.001439,0.000000,0.013513
160,0,0.000000,6.884151,0.113015,0.006131,7.003297,0.000000,0.000000,7.032843,0.012801,0.000000,0.001341,0.000000,0.014142
161,0,0.000000,7.621296,0.124499,0.007264,7.753059,0.000000,0.000000,7.783046,0.012830,0.000000,0.001610,0.000000,0.014440
162,0,0.000000,7.794188,0.117098,0.006174,7.917460,0.000000,0.000000,7.946169,0.012560,0.000000,0.001631,0.000000,0.014191
163,0,0.000000,6.569446,0.128893,0.006063,6.704402,0.000000,0.000000,6.732125,0.012164,0.000000,0.001261,0.000000,0.013425
164,0,0.000000,6.671749,0.127595,0.005946,6.805290,0.000000,0.000000,6.831802,0.011859,0.000000,0.001674,0.000000,0.013533
165,0,0.000000,6.565276,0.112673,0.060900,6.738849,0.000000,0.000000,6.768305,0.013023,0.000000,0.001630,0.000000,0.014653
166,0,0.000000,6.815771,0.408846,0.007312,7.231929,0.000000,0.000000,7.260402,0.013233,0.000000,0.001591,0.000000,0.014824
167,0,0.000000,6.654579,0.122471,0.005937,6.782987,0.000000,0.000000,6.813565,0.013617,0.000000,0.001477,0.000000,0.015094
168,0,0.000000,6.523723,0.132449,0.006022,6.662194,0.000000,0.000000,6.688796,0.011807,0.000000,0.001134,0.000000,0.012941
169,0,0.000000,6.679852,0.115546,0.006744,6.802142,0.000000,0.000000,6.830846,0.012058,0.000000,0.001592,0.000000,0.013650
170,0,0.000000,6.967936,0.129167,0.006361,7.103464,0.000000,0.000000,7.135317,0.013740,0.000000,0.001339,0.000000,0.015079
171,0,0.000000,7.056661,0.112885,0.006318,7.175864,0.000000,0.000000,7.204694,0.012126,0.000000,0.001346,0.000000,0.013472
172,0,0.000000,6.549514,0.111366,0.006091,6.666971,0.000000,0.000000,6.694407,0.012978,0.000000,0.001377,0.000000,0.014355
173,0,0.000000,6.036023,0.118171,0.005775,6.159969,0.000000,0.000000,6.185861,0.013081,0.000000,0.001447,0.000000,0.014528
174,0,0.000000,5.804148,0.137252,0.005507,5.946907,0.000000,0.000000,5.969148,0.011260,0.000000,0.001271,0.000000,0.012531
175,0,0.000000,6.641304,0.114228,0.006637,6.762169,0.000000,0.000000,6.792035,0.012205,0.000000,0.001518,0.000000,0.013723
176,0,0.000000,6.879360,0.127578,0.005735,7.012673,0.000000,0.000000,7.040254,0.013591,0.000000,0.001179,0.000000,0.014770
177,0,0.000000,5.846283,0.121422,0.005879,5.973584,0.000000,0.000000,5.998702,0.012792,0.000000,0.001187,0.000000,0.013979
178,0,0.000000,6.730843,0.113537,0.006296,6.850676,0.000000,0.000000,6.880822,0.012671,0.000000,0.001386,0.000000,0.014057
179,0,0.000000,6.749715,0.117934,0.006870,6.874519,0.000000,0.000000,6.903231,0.012139,0.000000,0.001642,0.000000,0.013781
180,0,0.000000,7.515876,0.118772,0.006374,7.641022,0.000000,0.000000,7.672346,0.013902,0.000000,0.001272,0.000000,0.015174
181,0,0.000000,7.639927,0.120151,0.006680,7.766758,0.000000,0.000000,7.798224,0.012245,0.000000,0.001369,0.000000,0.013614
182,0,0.000000,9.329259,0.137789,0.006086,9.473134,0.000000,0.000000,9.503569,0.012867,0.000000,0.001614,0.000000,0.014481
183,0,0.000000,7.635468,0.267838,0.026667,7.929973,0.000000,0.000000,7.960587,0.012170,0.000000,0.001656,0.000000,0.013826
184,0,0.000000,8.503271,0.116596,0.005858,8.625725,0.000000,0.000000,8.659495,0.013452,0.000000,0.001452,0.000000,0.014904
185,0,0.000000,8.034218,0.119705,0.006582,8.160505,0.000000,0.000000,8.190490,0.012172,0.000000,0.001525,0.000000,0.013697
186,0,0.000000,7.724155,0.210267,0.010732,7.945154,0.000000,0.000000,7.976058,0.012874,0.000000,0.001663,0.000000,0.014537
187,0,0.000000,7.796086,0.430097,0.009065,8.235248,0.000000,0.000000,8.270198,0.012825,0.000000,0.001672,0.000000,0.014497
188,0,0.000000,10.135200,0.139121,0.007957,10.282278,0.000000,0.000000,10.315474,0.014018,0.000000,0.001496,0.000000,0.015514
189,0,0.000000,8.373542,0.293069,0.007910,8.674521,0.000000,0.000000,8.707009,0.012319,0.000000,0.001849,0.000000,0.014168
190,0,0.000000,12.776305,0.169597,0.006966,12.952868,0.000000,0.000000,12.985397,0.013154,0.000000,0.001533,0.000000,0.014687
191,0,0.000000,7.665655,0.120039,0.010503,7.796197,0.000000,0.000000,7.827655,0.013632,0.000000,0.001349,0.000000,0.014981
192,0,0.000000,7.427070,0.110924,0.006336,7.544330,0.000000,0.000000,7.573875,0.011785,0.000000,0.001607,0.000000,0.013392
193,0,0.000000,6.812871,0.155860,0.006381,6.975112,0.000000,0.000000,7.015557,0.022641,0.000000,0.001372,0.000000,0.024013
194,0,0.000000,7.725579,0.129202,0.005887,7.860668,0.000000,0.000000,7.893906,0.012959,0.000000,0.001839,0.000000,0.014798
195,0,0.000000,7.062397,0.110407,0.006851,7.179655,0.000000,0.000000,7.209296,0.012768,0.000000,0.001730,0.000000,0.014498
196,0,0.000000,7.070847,0.109639,0.006151,7.186637,0.000000,0.000000,7.218541,0.013890,0.000000,0.001520,0.000000,0.015410
197,0,0.000000,7.176326,0.136559,0.008634,7.321519,0.000000,0.000000,7.354626,0.013170,0.000000,0.001880,0.000000,0.015050
198,0,0.000000,7.984898,0.272194,0.006645,8.263737,0.000000,0.000000,8.301682,0.015363,0.000000,0.001943,0.000000,0.017306
199,0,0.000000,10.939169,0.129960,0.006414,11.075543,0.000000,0.000000,11.110179,0.014674,0.000000,0.001713,0.000000,0.016387
200,0,0.000000,8.099407,0.129919,0.006732,8.236058,0.000000,0.000000,8.268890,0.012153,0.000000,0.001650,0.000000,0.013803
201,0,0.000000,8.757967,0.132122,0.006707,8.896796,0.000000,0.000000,8.928979,0.013347,0.000000,0.001275,0.000000,0.014622
202,0,0.000000,8.296235,0.282759,0.006039,8.585033,0.000000,0.000000,8.614944,0.011951,0.000000,0.001331,0.000000,0.013282
203,0,0.000000,7.118158,0.112013,0.005991,7.236162,0.000000,0.000000,7.269687,0.013646,0.000000,0.001443,0.000000,0.015089
204,0,0.000000,6.628133,0.135091,0.006196,6.769420,0.000000,0.000000,6.799221,0.012177,0.000000,0.002304,0.000000,0.014481
205,0,0.000000,6.945044,0.108591,0.005595,7.059230,0.000000,0.000000,7.096385,0.018444,0.000000,0.001141,0.000000,0.019585
206,0,0.000000,9.549981,0.127583,0.007080,9.684644,0.000000,0.000000,9.717130,0.013139,0.000000,0.001238,0.000000,0.014377
207,0,0.000000,8.083211,0.112580,0.006381,8.202172,0.000000,0.000000,8.233208,0.012112,0.000000,0.001210,0.000000,0.013322
208,0,0.000000,7.463907,0.110080,0.005691,7.579678,0.000000,0.000000,7.611485,0.012958,0.000000,0.001521,0.000000,0.014479
209,0,0.000000,6.849385,0.166858,0.007425,7.023668,0.000000,0.000000,7.054913,0.013224,0.000000,0.001965,0.000000,0.015189
210,0,0.000000,8.491325,0.128606,0.007638,8.627569,0.000000,0.000000,8.666478,0.016227,0.000000,0.001408,0.000000,0.017635
211,0,0.000000,7.547635,0.111587,0.006616,7.665838,0.000000,0.000000,7.695329,0.011498,0.000000,0.001496,0.000000,0.012994
212,0,0.000000,7.629157,0.111670,0.005649,7.746476,0.000000,0.000000,7.777369,0.012448,0.000000,0.001253,0.000000,0.013701
213,0,0.000000,6.631700,0.112166,0.006457,6.750323,0.000000,0.000000,6.778552,0.011905,0.000000,0.001370,0.000000,0.013275
214,0,0.000000,7.440466,0.114509,0.006631,7.561606,0.000000,0.000000,7.590676,0.012214,0.000000,0.001450,0.000000,0.013664
215,0,0.000000,6.968512,0.111308,0.006587,7.086407,0.000000,0.000000,7.113399,0.011834,0.000000,0.001378,0.000000,0.013212
216,0,0.000000,6.837155,0.170696,0.007067,7.014918,0.000000,0.000000,7.045902,0.013422,0.000000,0.001434,0.000000,0.014856
217,0,0.000000,7.105040,0.123255,0.006215,7.234510,0.000000,0.000000,7.266792,0.013800,0.000000,0.001326,0.000000,0.015126
218,0,0.000000,7.225680,0.128218,0.006539,7.360437,0.000000,0.000000,7.391117,0.012150,0.000000,0.001505,0.000000,0.013655
219,0,0.000000,6.743380,0.157222,0.007012,6.907614,0.000000,0.000000,6.934882,0.012253,0.000000,0.001430,0.000000,0.013683
220,0,0.000000,7.415716,0.112254,0.006669,7.534639,0.000000,0.000000,7.565807,0.014076,0.000000,0.001355,0.000000,0.015431
221,0,0.000000,6.562642,0.115211,0.006052,6.683905,0.000000,0.000000,6.713443,0.012014,0.000000,0.001507,0.000000,0.013521
222,0,0.000000,7.117029,0.128995,0.006464,7.252488,0.000000,0.000000,7.285253,0.013290,0.000000,0.001340,0.000000,0.014630
223,0,0.000000,7.810490,0.118381,0.006803,7.935674,0.000000,0.000000,7.968429,0.013003,0.000000,0.001317,0.000000,0.014320
224,0,0.000000,7.096994,0.117919,0.006115,7.221028,0.000000,0.000000,7.251151,0.012342,0.000000,0.001287,0.000000,0.013629
225,0,0.000000,6.938340,0.131968,0.007067,7.077375,0.000000,0.000000,7.110262,0.012537,0.000000,0.002036,0.000000,0.014573
226,0,0.000000,7.375109,0.127750,0.009672,7.512531,0.000000,0.000000,7.544519,0.014374,0.000000,0.001609,0.000000,0.015983
227,0,0.000000,8.936973,0.194006,0.007674,9.138653,0.000000,0.000000,9.168519,0.012581,0.000000,0.001272,0.000000,0.013853
228,0,0.000000,8.461668,0.147050,0.006067,8.614785,0.000000,0.000000,8.645804,0.012393,0.000000,0.001308,0.000000,0.013701
229,0,0.000000,7.065054,0.124264,0.006762,7.196080,0.000000,0.000000,7.226031,0.012198,0.000000,0.001230,0.000000,0.013428
230,0,0.000000,7.489046,0.121689,0.006057,7.616792,0.000000,0.000000,7.648862,0.012407,0.000000,0.001540,0.000000,0.013947
231,0,0.000000,7.418319,0.137833,0.008058,7.564210,0.000000,0.000000,7.595193,0.012718,0.000000,0.001672,0.000000,0.014390
232,0,0.000000,7.787623,0.128391,0.006592,7.922606,0.000000,0.000000,7.953340,0.012388,0.000000,0.001442,0.000000,0.013830
233,0,0.000000,7.125296,0.123519,0.006130,7.254945,0.000000,0.000000,7.298510,0.026327,0.000000,0.001491,0.000000,0.027818
234,0,0.000000,6.754041,0.122235,0.006420,6.882696,0.000000,0.000000,6.909960,0.012637,0.000000,0.001404,0.000000,0.014041
235,0,0.000000,7.449226,0.124590,0.006719,7.580535,0.000000,0.000000,7.611813,0.013713,0.000000,0.001964,0.000000,0.015677
236,0,0.000000,6.893260,0.119429,0.006419,7.019108,0.000000,0.000000,7.048607,0.014897,0.000000,0.001258,0.000000,0.016155
237,0,0.000000,6.726574,0.112338,0.007878,6.846790,0.000000,0.000000,6.876599,0.013420,0.000000,0.001267,0.000000,0.014687
238,0,0.000000,6.988286,0.128065,0.006681,7.123032,0.000000,0.000000,7.151892,0.012252,0.000000,0.001343,0.000000,0.013595
239,0,0.000000,6.810449,0.116886,0.009481,6.936816,0.000000,0.000000,6.967732,0.012002,0.000000,0.001814,0.000000,0.013816
240,0,0.000000,8.425031,0.242240,0.007935,8.675206,0.000000,0.000000,8.713707,0.013636,0.000000,0.001869,0.000000,0.015505
241,0,0.000000,10.084814,0.121870,0.006906,10.213590,0.000000,0.000000,10.255841,0.022951,0.000000,0.001156,0.000000,0.024107
242,0,0.000000,6.446951,0.128793,0.005894,6.581638,0.000000,0.000000,6.607145,0.011747,0.000000,0.001112,0.000000,0.012859
243,0,0.000000,7.125413,0.108789,0.005965,7.240167,0.000000,0.000000,7.270632,0.013042,0.000000,0.001423,0.000000,0.014465
244,0,0.000000,6.790711,0.110622,0.005093,6.906426,0.000000,0.000000,6.934617,0.011919,0.000000,0.001472,0.000000,0.013391
245,0,0.000000,6.404902,0.112327,0.005516,6.522745,0.000000,0.000000,6.553798,0.012896,0.000000,0.001421,0.000000,0.014317
246,0,0.000000,6.716174,0.135423,0.006020,6.857617,0.000000,0.000000,6.886681,0.012825,0.000000,0.001346,0.000000,0.014171
247,0,0.000000,6.362127,0.186721,0.015453,6.564301,0.000000,0.000000,6.595604,0.013031,0.000000,0.001751,0.000000,0.014782
248,0,0.000000,9.459712,0.294697,0.006857,9.761266,0.000000,0.000000,9.795994,0.014346,0.000000,0.001510,0.000000,0.015856
249,0,0.000000,6.851201,0.113975,0.005876,6.971052,0.000000,0.000000,6.999222,0.012030,0.000000,0.001331,0.000000,0.013361
250,0,0.000000,7.000770,0.123473,0.005603,7.129846,0.000000,0.000000,7.156707,0.011723,0.000000,0.001651,0.000000,0.013374
251,0,0.000000,6.633682,0.117249,0.006215,6.757146,0.000000,0.000000,6.785251,0.011403,0.000000,0.001513,0.000000,0.012916
252,0,0.000000,7.128946,0.114464,0.006679,7.250089,0.000000,0.000000,7.278482,0.012537,0.000000,0.001435,0.000000,0.013972
253,0,0.000000,7.629734,0.188695,0.006392,7.824821,0.000000,0.000000,7.855304,0.011477,0.000000,0.001785,0.000000,0.013262
254,0,0.000000,9.291323,0.116650,0.005795,9.413768,0.000000,0.000000,9.443950,0.012906,0.000000,0.001421,0.000000,0.014327
255,0,0.000000,7.316128,0.123071,0.006874,7.446073,0.000000,0.000000,7.475649,0.011882,0.000000,0.001036,0.000000,0.012918
256,0,0.000000,6.944536,0.120091,0.005994,7.070621,0.000000,0.000000,7.100369,0.012402,0.000000,0.001205,0.000000,0.013607
257,0,0.000000,7.052832,0.109518,0.006145,7.168495,0.000000,0.000000,7.196865,0.012099,0.000000,0.001323,0.000000,0.013422
258,0,0.000000,6.157411,0.121103,0.006111,6.284625,0.000000,0.000000,6.309590,0.011580,0.000000,0.001235,0.000000,0.012815
259,0,0.000000,6.964719,0.119895,0.005834,7.090448,0.000000,0.000000,7.120806,0.012229,0.000000,0.001402,0.000000,0.013631
260,0,0.000000,7.867508,0.120229,0.006622,7.994359,0.000000,0.000000,8.024187,0.011945,0.000000,0.001216,0.000000,0.013161
261,0,0.000000,8.902032,0.154561,0.009480,9.066073,0.000000,0.000000,9.098245,0.012958,0.000000,0.001535,0.000000,0.014493
262,0,0.000000,7.071413,0.108845,0.006539,7.186797,0.000000,0.000000,7.217938,0.012229,0.000000,0.001252,0.000000,0.013481
263,0,0.000000,7.506585,0.116945,0.006040,7.629570,0.000000,0.000000,7.659156,0.011543,0.000000,0.001665,0.000000,0.013208
264,0,0.000000,7.790921,0.117193,0.005656,7.913770,0.000000,0.000000,7.951962,0.020440,0.000000,0.001274,0.000000,0.021714
265,0,0.000000,8.435630,0.198383,0.006963,8.640976,0.000000,0.000000,8.671973,0.012178,0.000000,0.001597,0.000000,0.013775
266,0,0.000000,7.363531,0.170735,0.006494,7.540760,0.000000,0.000000,7.571845,0.012593,0.000000,0.001398,0.000000,0.013991
267,0,0.000000,7.138567,0.114282,0.006375,7.259224,0.000000,0.000000,7.289543,0.012438,0.000000,0.001559,0.000000,0.013997
268,0,0.000000,7.889626,0.138767,0.005698,8.034091,0.000000,0.000000,8.066526,0.013804,0.000000,0.001446,0.000000,0.015250
269,0,0.000000,7.819270,0.117375,0.005977,7.942622,0.000000,0.000000,7.971094,0.011726,0.000000,0.001322,0.000000,0.013048
270,0,0.000000,6.270542,0.112966,0.005916,6.389424,0.000000,0.000000,6.416513,0.012366,0.000000,0.001091,0.000000,0.013457
271,0,0.000000,6.279503,0.111127,0.005769,6.396399,0.000000,0.000000,6.424842,0.013179,0.000000,0.001555,0.000000,0.014734
272,0,0.000000,6.711321,0.112967,0.006445,6.830733,0.000000,0.000000,6.860609,0.012494,0.000000,0.001506,0.000000,0.014000
273,0,0.000000,8.240367,0.248515,0.006059,8.494941,0.000000,0.000000,8.530447,0.015320,0.000000,0.001417,0.000000,0.016737
274,0,0.000000,6.432521,0.131022,0.005715,6.569258,0.000000,0.000000,6.596715,0.012018,0.000000,0.001170,0.000000,0.013188
275,0,0.000000,7.244692,0.125295,0.006268,7.376255,0.000000,0.000000,7.407401,0.013331,0.000000,0.001323,0.000000,0.014654
276,0,0.000000,6.532768,0.116866,0.006007,6.655641,0.000000,0.000000,6.685550,0.011769,0.000000,0.001171,0.000000,0.012940
277,0,0.000000,8.839420,0.133789,0.007345,8.980554,0.000000,0.000000,9.011274,0.011464,0.000000,0.001109,0.000000,0.012573
278,0,0.000000,6.674312,0.216135,0.006486,6.896933,0.000000,0.000000,6.927488,0.012296,0.000000,0.001162,0.000000,0.013458
279,0,0.000000,7.258567,0.116765,0.005929,7.381261,0.000000,0.000000,7.412485,0.013514,0.000000,0.001629,0.000000,0.015143
280,0,0.000000,7.166308,0.113675,0.006061,7.286044,0.000000,0.000000,7.315278,0.012200,0.000000,0.001388,0.000000,0.013588
281,0,0.000000,7.693245,0.113741,0.005785,7.812771,0.000000,0.000000,7.862421,0.012233,0.000000,0.001253,0.000000,0.013486
282,0,0.000000,7.440113,0.118215,0.006066,7.564394,0.000000,0.000000,7.593835,0.011832,0.000000,0.001165,0.000000,0.012997
283,0,0.000000,7.191747,0.121441,0.006153,7.319341,0.000000,0.000000,7.351608,0.013053,0.000000,0.001282,0.000000,0.014335
284,0,0.000000,7.686256,0.119997,0.005829,7.812082,0.000000,0.000000,7.841972,0.013056,0.000000,0.001416,0.000000,0.014472
285,0,0.000000,7.617103,0.463683,0.007067,8.087853,0.000000,0.000000,8.116788,0.012638,0.000000,0.001502,0.000000,0.014140
286,0,0.000000,6.848431,0.131843,0.006902,6.987176,0.000000,0.000000,7.015702,0.012179,0.000000,0.001737,0.000000,0.013916
287,0,0.000000,6.631903,0.119952,0.005981,6.757836,0.000000,0.000000,6.787378,0.013032,0.000000,0.001719,0.000000,0.014751
288,0,0.000000,6.565980,0.139181,0.005910,6.711071,0.000000,0.000000,6.743476,0.013346,0.000000,0.001494,0.000000,0.014840
289,0,0.000000,6.768555,0.116943,0.006344,6.891842,0.000000,0.000000,6.921268,0.012680,0.000000,0.001385,0.000000,0.014065
290,0,0.000000,7.718125,0.117210,0.006283,7.841618,0.000000,0.000000,7.870268,0.012431,0.000000,0.001252,0.000000,0.013683
291,0,0.000000,6.628435,0.129435,0.006594,6.764464,0.000000,0.000000,6.790831,0.011832,0.000000,0.001583,0.000000,0.013415
292,0,0.000000,6.507402,0.146974,0.005738,6.660114,0.000000,0.000000,6.694946,0.012906,0.000000,0.001482,0.000000,0.014388
293,0,0.000000,6.749061,0.117591,0.006409,6.873061,0.000000,0.000000,6.904253,0.011725,0.000000,0.001172,0.000000,0.012897
294,0,0.000000,6.855113,0.176630,0.007264,7.039007,0.000000,0.000000,7.067075,0.011972,0.000000,0.001580,0.000000,0.013552
295,0,0.000000,6.626474,0.201259,0.006418,6.834151,0.000000,0.000000,6.870292,0.012948,0.000000,0.001771,0.000000,0.014719
296,0,0.000000,15.976088,0.112535,0.006019,16.094642,0.000000,0.000000,16.127599,0.013071,0.000000,0.001302,0.000000,0.014373
297,0,0.000000,6.953700,0.154283,0.006058,7.114041,0.000000,0.000000,7.142918,0.011783,0.000000,0.001465,0.000000,0.013248
298,0,0.000000,7.559932,0.125604,0.006096,7.691632,0.000000,0.000000,7.720002,0.012420,0.000000,0.001393,0.000000,0.013813
299,0,0.000000,6.287160,0.111184,0.006367,6.404711,0.000000,0.000000,6.431026,0.012303,0.000000,0.001307,0.000000,0.013610
300,0,0.000000,7.866754,0.124607,0.006837,7.998198,0.000000,0.000000,8.029054,0.012751,0.000000,0.001383,0.000000,0.014134
301,0,0.000000,7.226855,0.115566,0.006401,7.348822,0.000000,0.000000,7.378227,0.012521,0.000000,0.001258,0.000000,0.013779
302,0,0.000000,7.117176,0.120007,0.023627,7.260810,0.000000,0.000000,7.292023,0.012281,0.000000,0.001385,0.000000,0.013666
303,0,0.000000,7.225205,0.147651,0.010769,7.383625,0.000000,0.000000,7.415087,0.012357,0.000000,0.001380,0.000000,0.013737
304,0,0.000000,6.827543,0.112105,0.028752,6.968400,0.000000,0.000000,6.997503,0.011602,0.000000,0.001484,0.000000,0.013086
305,0,0.000000,7.243358,0.795112,0.013582,8.052052,0.000000,0.000000,8.164638,0.021214,0.000000,0.001676,0.000000,0.022890
306,0,0.000000,7.636132,0.114509,0.006323,7.756964,0.000000,0.000000,7.789648,0.013078,0.000000,0.001351,0.000000,0.014429
307,0,0.000000,7.250704,0.128517,0.005629,7.384850,0.000000,0.000000,7.415004,0.011829,0.000000,0.001475,0.000000,0.013304
308,0,0.000000,7.408242,0.111875,0.006408,7.526525,0.000000,0.000000,7.556916,0.012696,0.000000,0.001602,0.000000,0.014298
309,0,0.000000,7.218158,0.138568,0.006408,7.363134,0.000000,0.000000,7.394233,0.011704,0.000000,0.002086,0.000000,0.013790
310,0,0.000000,7.701230,0.109331,0.006742,7.817303,0.000000,0.000000,7.848596,0.013566,0.000000,0.001423,0.000000,0.014989
311,0,0.000000,6.871176,0.135932,0.006296,7.013404,0.000000,0.000000,7.041569,0.011750,0.000000,0.001612,0.000000,0.013362
312,0,0.000000,8.133319,0.122646,0.006040,8.262005,0.000000,0.000000,8.290684,0.013063,0.000000,0.001459,0.000000,0.014522
313,0,0.000000,6.736016,0.110380,0.006154,6.852550,0.000000,0.000000,6.881624,0.013134,0.000000,0.001314,0.000000,0.014448
314,0,0.000000,6.723750,0.108634,0.005895,6.838279,0.000000,0.000000,6.866882,0.012476,0.000000,0.001434,0.000000,0.013910
315,0,0.000000,6.653204,0.107549,0.006503,6.767256,0.000000,0.000000,6.797212,0.012616,0.000000,0.001427,0.000000,0.014043
316,0,0.000000,6.580751,0.120385,0.006069,6.707205,0.000000,0.000000,6.734079,0.011641,0.000000,0.001139,0.000000,0.012780
317,0,0.000000,6.644216,0.112092,0.006205,6.762513,0.000000,0.000000,6.792203,0.013216,0.000000,0.001394,0.000000,0.014610
318,0,0.000000,7.169019,0.111982,0.006018,7.287019,0.000000,0.000000,7.316280,0.012821,0.000000,0.001679,0.000000,0.014500
319,0,0.000000,7.480020,0.121360,0.005811,7.607191,0.000000,0.000000,7.639952,0.012951,0.000000,0.001528,0.000000,0.014479
320,0,0.000000,7.543978,0.120155,0.005610,7.669743,0.000000,0.000000,7.699536,0.012105,0.000000,0.001416,0.000000,0.013521
321,0,0.000000,6.568447,0.116741,0.006189,6.691377,0.000000,0.000000,6.720546,0.011720,0.000000,0.001493,0.000000,0.013213
322,0,0.000000,8.372130,0.340611,0.009271,8.722012,0.000000,0.000000,8.781635,0.013561,0.000000,0.001630,0.000000,0.015191
323,0,0.000000,7.659501,0.191301,0.006486,7.857288,0.000000,0.000000,7.893937,0.017785,0.000000,0.001397,0.000000,0.019182
324,0,0.000000,6.464899,0.112121,0.005961,6.582981,0.000000,0.000000,6.609091,0.011912,0.000000,0.001392,0.000000,0.013304
325,0,0.000000,6.618129,0.118763,0.006302,6.743194,0.000000,0.000000,6.772406,0.012870,0.000000,0.001448,0.000000,0.014318
326,0,0.000000,6.882980,0.123177,0.006292,7.012449,0.000000,0.000000,7.043635,0.012527,0.000000,0.001423,0.000000,0.013950
327,0,0.000000,6.748331,0.113834,0.006567,6.868732,0.000000,0.000000,6.896919,0.012076,0.000000,0.001353,0.000000,0.013429
328,0,0.000000,6.692445,0.165713,0.006504,6.864662,0.000000,0.000000,6.893721,0.013260,0.000000,0.001277,0.000000,0.014537
329,0,0.000000,6.971993,0.109882,0.006638,7.088513,0.000000,0.000000,7.117584,0.013706,0.000000,0.001437,0.000000,0.015143
330,0,0.000000,6.439608,0.113825,0.005896,6.559329,0.000000,0.000000,6.588345,0.013578,0.000000,0.001396,0.000000,0.014974
331,0,0.000000,6.603372,0.176508,0.006835,6.786715,0.000000,0.000000,6.815092,0.011510,0.000000,0.001490,0.000000,0.013000
332,0,0.000000,6.524984,0.124898,0.006456,6.656338,0.000000,0.000000,6.684202,0.013730,0.000000,0.001628,0.000000,0.015358
333,0,0.000000,6.292109,0.122084,0.005893,6.420086,0.000000,0.000000,6.448534,0.013395,0.000000,0.001342,0.000000,0.014737
334,0,0.000000,6.444495,0.142520,0.005715,6.592730,0.000000,0.000000,6.623997,0.012950,0.000000,0.001254,0.000000,0.014204
335,0,0.000000,6.035515,0.123501,0.006085,6.165101,0.000000,0.000000,6.192211,0.012657,0.000000,0.001502,0.000000,0.014159
336,0,0.000000,6.829997,0.118909,0.005982,6.954888,0.000000,0.000000,6.984446,0.012614,0.000000,0.001265,0.000000,0.013879
337,0,0.000000,6.367254,0.122752,0.006220,6.496226,0.000000,0.000000,6.526919,0.013657,0.000000,0.001221,0.000000,0.014878
338,0,0.000000,5.991806,0.131592,0.005787,6.129185,0.000000,0.000000,6.154447,0.011307,0.000000,0.001424,0.000000,0.012731
339,0,0.000000,6.118746,0.118187,0.005582,6.242515,0.000000,0.000000,6.268430,0.012483,0.000000,0.001192,0.000000,0.013675
340,0,0.000000,6.106995,0.109286,0.005605,6.221886,0.000000,0.000000,6.248363,0.012553,0.000000,0.001474,0.000000,0.014027
341,0,0.000000,6.929163,0.120382,0.006401,7.055946,0.000000,0.000000,7.084875,0.012642,0.000000,0.001535,0.000000,0.014177
342,0,0.000000,6.341944,0.125268,0.005612,6.472824,0.000000,0.000000,6.502350,0.012648,0.000000,0.001284,0.000000,0.013932
343,0,0.000000,6.321095,0.113941,0.006248,6.441284,0.000000,0.000000,6.468910,0.011712,0.000000,0.001447,0.000000,0.013159
344,0,0.000000,6.070882,0.103468,0.005524,6.179874,0.000000,0.000000,6.205973,0.012464,0.000000,0.001313,0.000000,0.013777
345,0,0.000000,6.318842,0.116824,0.006111,6.441777,0.000000,0.000000,6.471219,0.013073,0.000000,0.001779,0.000000,0.014852
346,0,0.000000,6.467461,0.106128,0.006137,6.579726,0.000000,0.000000,6.608807,0.012832,0.000000,0.001322,0.000000,0.014154
347,0,0.000000,6.891992,0.114116,0.005837,7.011945,0.000000,0.000000,7.040434,0.012273,0.000000,0.001471,0.000000,0.013744
348,0,0.000000,6.099448,0.118366,0.005385,6.223199,0.000000,0.000000,6.248901,0.011448,0.000000,0.001440,0.000000,0.012888
349,0,0.000000,5.942360,0.116005,0.005562,6.063927,0.000000,0.000000,6.089091,0.011814,0.000000,0.001430,0.000000,0.013244
350,0,0.000000,7.303425,0.136815,0.006080,7.446320,0.000000,0.000000,7.478135,0.012325,0.000000,0.001569,0.000000,0.013894
351,0,0.000000,7.359471,0.293451,0.008433,7.661355,0.000000,0.000000,7.690659,0.012792,0.000000,0.001350,0.000000,0.014142
352,0,0.000000,7.091442,0.126885,0.006139,7.224466,0.000000,0.000000,7.254932,0.014068,0.000000,0.001345,0.000000,0.015413
353,0,0.000000,6.426379,0.126463,0.006425,6.559267,0.000000,0.000000,6.586017,0.012829,0.000000,0.001206,0.000000,0.014035
354,0,0.000000,6.934998,0.124639,0.006517,7.066154,0.000000,0.000000,7.095018,0.012604,0.000000,0.001590,0.000000,0.014194
355,0,0.000000,7.187089,0.205210,0.006593,7.398892,0.000000,0.000000,7.430586,0.013664,0.000000,0.001913,0.000000,0.015577
356,0,0.000000,7.787243,0.159988,0.006712,7.953943,0.000000,0.000000,7.985689,0.012245,0.000000,0.001500,0.000000,0.013745
357,0,0.000000,6.282678,0.126602,0.006129,6.415409,0.000000,0.000000,6.441336,0.012164,0.000000,0.001380,0.000000,0.013544
358,0,0.000000,6.242250,0.116869,0.005467,6.364586,0.000000,0.000000,6.390875,0.012384,0.000000,0.001357,0.000000,0.013741
359,0,0.000000,6.836176,0.123353,0.018633,6.978162,0.000000,0.000000,7.005095,0.011493,0.000000,0.001510,0.000000,0.013003
360,0,0.000000,7.179975,0.121518,0.005752,7.307245,0.000000,0.000000,7.339518,0.013219,0.000000,0.001650,0.000000,0.014869
361,0,0.000000,6.384207,0.130384,0.006193,6.520784,0.000000,0.000000,6.549226,0.012428,0.000000,0.001148,0.000000,0.013576
362,0,0.000000,6.758516,0.112159,0.014405,6.885080,0.000000,0.000000,6.914797,0.012718,0.000000,0.001241,0.000000,0.013959
363,0,0.000000,7.849655,0.149624,0.007426,8.006705,0.000000,0.000000,8.039459,0.012550,0.000000,0.001182,0.000000,0.013732
364,0,0.000000,8.211843,0.197686,0.005961,8.415490,0.000000,0.000000,8.449242,0.013634,0.000000,0.001403,0.000000,0.015037
365,0,0.000000,7.639879,0.170974,0.006226,7.817079,0.000000,0.000000,7.848167,0.012580,0.000000,0.001133,0.000000,0.013713
366,0,0.000000,6.544576,0.123701,0.006113,6.674390,0.000000,0.000000,6.701444,0.011423,0.000000,0.001390,0.000000,0.012813
367,0,0.000000,5.970851,0.134254,0.007166,6.112271,0.000000,0.000000,6.145612,0.011548,0.000000,0.008001,0.000000,0.019549
368,0,0.000000,6.714398,0.123978,0.006477,6.844853,0.000000,0.000000,6.938155,0.074474,0.000000,0.001092,0.000000,0.075566
369,0,0.000000,6.545043,0.125380,0.005505,6.675928,0.000000,0.000000,6.701184,0.011698,0.000000,0.001135,0.000000,0.012833
370,0,0.000000,6.146047,0.125124,0.005682,6.276853,0.000000,0.000000,6.305758,0.011885,0.000000,0.001190,0.000000,0.013075
371,0,0.000000,6.030980,0.132241,0.005111,6.168332,0.000000,0.000000,6.194145,0.012022,0.000000,0.001393,0.000000,0.013415
372,0,0.000000,6.093763,0.368303,0.012261,6.474327,0.000000,0.000000,6.503749,0.011662,0.000000,0.001328,0.000000,0.012990
373,0,0.000000,7.742668,0.117627,0.006670,7.866965,0.000000,0.000000,7.896810,0.014820,0.000000,0.001381,0.000000,0.016201
374,0,0.000000,6.278240,0.193565,0.023388,6.495193,0.000000,0.000000,6.523128,0.012994,0.000000,0.001422,0.000000,0.014416
375,0,0.000000,6.573634,0.121411,0.006586,6.701631,0.000000,0.000000,6.734843,0.015977,0.000000,0.001224,0.000000,0.017201
376,0,0.000000,6.288900,0.120717,0.006172,6.415789,0.000000,0.000000,6.442966,0.012192,0.000000,0.001252,0.000000,0.013444
377,0,0.000000,7.265024,0.215451,0.007070,7.487545,0.000000,0.000000,7.515648,0.011500,0.000000,0.001592,0.000000,0.013092
378,0,0.000000,7.048654,0.141824,0.006170,7.196648,0.000000,0.000000,7.225292,0.012465,0.000000,0.001690,0.000000,0.014155
379,0,0.000000,7.406602,0.145384,0.006513,7.558499,0.000000,0.000000,7.590073,0.013015,0.000000,0.001531,0.000000,0.014546
380,0,0.000000,6.490056,0.177610,0.007243,6.674909,0.000000,0.000000,6.708233,0.014315,0.000000,0.001250,0.000000,0.015565
381,0,0.000000,7.194631,0.119836,0.006646,7.321113,0.000000,0.000000,7.351867,0.011633,0.000000,0.001619,0.000000,0.013252
382,0,0.000000,7.504923,0.123023,0.005494,7.633440,0.000000,0.000000,7.663405,0.012671,0.000000,0.001306,0.000000,0.013977
383,0,0.000000,7.234945,0.128634,0.006939,7.370518,0.000000,0.000000,7.399244,0.012102,0.000000,0.001547,0.000000,0.013649
384,0,0.000000,6.937374,0.124583,0.006145,7.068102,0.000000,0.000000,7.096545,0.011967,0.000000,0.001428,0.000000,0.013395
385,0,0.000000,8.234714,0.125965,0.007290,8.367969,0.000000,0.000000,8.398422,0.012119,0.000000,0.001521,0.000000,0.013640
386,0,0.000000,8.272023,0.136387,0.006880,8.415290,0.000000,0.000000,8.446909,0.013554,0.000000,0.001150,0.000000,0.014704
387,0,0.000000,7.749728,0.126599,0.005960,7.882287,0.000000,0.000000,7.909706,0.011976,0.000000,0.001565,0.000000,0.013541
388,0,0.000000,7.547540,0.188276,0.006076,7.741892,0.000000,0.000000,7.770866,0.011334,0.000000,0.001520,0.000000,0.012854
389,0,0.000000,8.491031,0.180003,0.014537,8.685571,0.000000,0.000000,8.720707,0.011586,0.000000,0.002094,0.000000,0.013680
390,0,0.000000,8.721019,0.190125,0.007744,8.918888,0.000000,0.000000,8.960211,0.016871,0.000000,0.001356,0.000000,0.018227
391,0,0.000000,7.951877,0.121123,0.006207,8.079207,0.000000,0.000000,8.112036,0.014522,0.000000,0.001240,0.000000,0.015762
392,0,0.000000,7.758684,0.127927,0.007361,7.893972,0.000000,0.000000,7.926284,0.012136,0.000000,0.001656,0.000000,0.013792
393,0,0.000000,8.504274,0.115888,0.006831,8.626993,0.000000,0.000000,8.657497,0.012074,0.000000,0.001443,0.000000,0.013517
394,0,0.000000,10.102971,0.195739,0.006003,10.304713,0.000000,0.000000,10.379454,0.014357,0.000000,0.001289,0.000000,0.015646
395,0,0.000000,7.639493,0.118318,0.006031,7.763842,0.000000,0.000000,7.793225,0.011586,0.000000,0.001442,0.000000,0.013028
396,0,0.000000,6.796537,0.113149,0.005785,6.915471,0.000000,0.000000,6.943156,0.012866,0.000000,0.001440,0.000000,0.014306
397,0,0.000000,7.187243,0.122765,0.007102,7.317110,0.000000,0.000000,7.347312,0.012831,0.000000,0.001286,0.000000,0.014117
398,0,0.000000,7.477740,0.165467,0.006515,7.649722,0.000000,0.000000,7.678781,0.013075,0.000000,0.001696,0.000000,0.014771
399,0,0.000000,6.681322,0.125283,0.006522,6.813127,0.000000,0.000000,6.841788,0.013118,0.000000,0.001394,0.000000,0.014512
400,0,0.000000,6.742137,0.136296,0.006222,6.884655,0.000000,0.000000,6.912756,0.012618,0.000000,0.001487,0.000000,0.014105
401,0,0.000000,7.525057,0.128776,0.006876,7.660709,0.000000,0.000000,7.692705,0.014118,0.000000,0.001485,0.000000,0.015603
402,0,0.000000,7.543498,0.124650,0.005451,7.673599,0.000000,0.000000,7.701604,0.012573,0.000000,0.001356,0.000000,0.013929
403,0,0.000000,6.677465,0.186570,0.005709,6.869744,0.000000,0.000000,6.898889,0.012200,0.000000,0.001550,0.000000,0.013750
404,0,0.000000,7.215495,0.127854,0.005669,7.349018,0.000000,0.000000,7.377958,0.012443,0.000000,0.001888,0.000000,0.014331
405,0,0.000000,7.208499,0.178015,0.006455,7.392969,0.000000,0.000000,7.426473,0.012989,0.000000,0.001727,0.000000,0.014716
406,0,0.000000,9.949086,0.200615,0.005949,10.155650,0.000000,0.000000,10.189053,0.012923,0.000000,0.001378,0.000000,0.014301
407,0,0.000000,7.435402,0.122071,0.005980,7.563453,0.000000,0.000000,7.592654,0.012874,0.000000,0.001293,0.000000,0.014167
408,0,0.000000,6.596658,0.136730,0.006775,6.740163,0.000000,0.000000,6.769051,0.012139,0.000000,0.001609,0.000000,0.013748
409,0,0.000000,7.529530,0.116605,0.006313,7.652448,0.000000,0.000000,7.681768,0.012043,0.000000,0.001223,0.000000,0.013266
410,0,0.000000,7.186847,0.122620,0.005879,7.315346,0.000000,0.000000,7.342997,0.012340,0.000000,0.001292,0.000000,0.013632
411,0,0.000000,6.785657,0.129299,0.006425,6.921381,0.000000,0.000000,6.950688,0.013612,0.000000,0.001364,0.000000,0.014976
412,0,0.000000,6.280534,0.127830,0.005231,6.413595,0.000000,0.000000,6.439492,0.011727,0.000000,0.001122,0.000000,0.012849
413,0,0.000000,6.773486,0.141343,0.006268,6.921097,0.000000,0.000000,6.949893,0.011640,0.000000,0.001375,0.000000,0.013015
414,0,0.000000,6.899807,0.150621,0.007974,7.058402,0.000000,0.000000,7.089241,0.011808,0.000000,0.001650,0.000000,0.013458
415,0,0.000000,8.091743,0.181686,0.005659,8.279088,0.000000,0.000000,8.310428,0.011683,0.000000,0.001708,0.000000,0.013391
416,0,0.000000,7.655493,0.265537,0.009202,7.930232,0.000000,0.000000,7.962526,0.012280,0.000000,0.001647,0.000000,0.013927
417,0,0.000000,9.663474,0.174699,0.007310,9.845483,0.000000,0.000000,9.878960,0.012148,0.000000,0.002079,0.000000,0.014227
418,0,0.000000,8.291592,0.312223,0.010010,8.613825,0.000000,0.000000,8.644204,0.013549,0.000000,0.001477,0.000000,0.015026
419,0,0.000000,7.536679,0.194537,0.008466,7.739682,0.000000,0.000000,7.782721,0.012360,0.000000,0.001295,0.000000,0.013655
420,0,0.000000,6.644269,0.118300,0.006477,6.769046,0.000000,0.000000,6.799696,0.013658,0.000000,0.001195,0.000000,0.014853
421,0,0.000000,6.308067,0.121467,0.006301,6.435835,0.000000,0.000000,6.462466,0.011344,0.000000,0.001526,0.000000,0.012870
422,0,0.000000,7.258048,0.124378,0.005899,7.388325,0.000000,0.000000,7.417935,0.012256,0.000000,0.001375,0.000000,0.013631
423,0,0.000000,7.450307,0.138555,0.006849,7.595711,0.000000,0.000000,7.623291,0.012158,0.000000,0.001265,0.000000,0.013423
424,0,0.000000,7.128750,0.131954,0.006020,7.266724,0.000000,0.000000,7.298122,0.013518,0.000000,0.001180,0.000000,0.014698
425,0,0.000000,6.979144,0.118303,0.006046,7.103493,0.000000,0.000000,7.131995,0.014249,0.000000,0.001538,0.000000,0.015787
426,0,0.000000,6.846001,0.131481,0.009221,6.986703,0.000000,0.000000,7.015544,0.013733,0.000000,0.001493,0.000000,0.015226
427,0,0.000000,7.002126,0.114644,0.006641,7.123411,0.000000,0.000000,7.151362,0.012024,0.000000,0.001222,0.000000,0.013246
428,0,0.000000,6.027035,0.262463,0.010359,6.299857,0.000000,0.000000,6.326125,0.011804,0.000000,0.001513,0.000000,0.013317
429,0,0.000000,6.871522,0.124800,0.006192,7.002514,0.000000,0.000000,7.029887,0.012227,0.000000,0.001234,0.000000,0.013461
430,0,0.000000,6.002735,0.128857,0.005576,6.137168,0.000000,0.000000,6.162164,0.012443,0.000000,0.001331,0.000000,0.013774
431,0,0.000000,7.896360,0.125614,0.006025,8.027999,0.000000,0.000000,8.072383,0.027696,0.000000,0.001420,0.000000,0.029116
432,0,0.000000,6.577736,0.121129,0.005880,6.704745,0.000000,0.000000,6.731600,0.012092,0.000000,0.001294,0.000000,0.013386
433,0,0.000000,6.093475,0.112413,0.005646,6.211534,0.000000,0.000000,6.236921,0.012221,0.000000,0.001380,0.000000,0.013601
434,0,0.000000,6.060080,0.113618,0.005378,6.179076,0.000000,0.000000,6.205096,0.013035,0.000000,0.001372,0.000000,0.014407
435,0,0.000000,7.041070,0.155343,0.007692,7.204105,0.000000,0.000000,7.236026,0.013170,0.000000,0.001277,0.000000,0.014447
436,0,0.000000,6.751783,0.124308,0.006026,6.882117,0.000000,0.000000,6.910626,0.012270,0.000000,0.001539,0.000000,0.013809
437,0,0.000000,6.211868,0.147008,0.006461,6.365337,0.000000,0.000000,6.393127,0.012248,0.000000,0.001322,0.000000,0.013570
438,0,0.000000,6.347526,0.111492,0.006001,6.465019,0.000000,0.000000,6.492694,0.012328,0.000000,0.001289,0.000000,0.013617
439,0,0.000000,5.939095,0.112721,0.005382,6.057198,0.000000,0.000000,6.082276,0.011735,0.000000,0.001290,0.000000,0.013025
440,0,0.000000,7.169935,0.118907,0.005864,7.294706,0.000000,0.000000,7.324639,0.013325,0.000000,0.001185,0.000000,0.014510
441,0,0.000000,6.274503,0.159200,0.005443,6.439146,0.000000,0.000000,6.466094,0.011683,0.000000,0.001069,0.000000,0.012752
442,0,0.000000,7.269299,0.151672,0.034449,7.455420,0.000000,0.000000,7.485706,0.012329,0.000000,0.001666,0.000000,0.013995
443,0,0.000000,8.188673,0.194824,0.005833,8.389330,0.000000,0.000000,8.422348,0.013170,0.000000,0.001783,0.000000,0.014953
444,0,0.000000,7.316865,0.199546,0.006367,7.522778,0.000000,0.000000,7.553363,0.012339,0.000000,0.001651,0.000000,0.013990
445,0,0.000000,7.784293,0.139861,0.006484,7.930638,0.000000,0.000000,7.960646,0.013282,0.000000,0.001198,0.000000,0.014480
446,0,0.000000,7.917272,0.146338,0.005830,8.069440,0.000000,0.000000,8.097793,0.012535,0.000000,0.001446,0.000000,0.013981
447,0,0.000000,7.428061,0.120143,0.005909,7.554113,0.000000,0.000000,7.582707,0.012091,0.000000,0.001349,0.000000,0.013440
448,0,0.000000,9.128395,0.127318,0.006606,9.262319,0.000000,0.000000,9.291924,0.012209,0.000000,0.001216,0.000000,0.013425
449,0,0.000000,8.393805,0.129961,0.006219,8.529985,0.000000,0.000000,8.559831,0.011619,0.000000,0.001443,0.000000,0.013062
450,0,0.000000,6.779210,0.116806,0.005920,6.901936,0.000000,0.000000,6.927974,0.012652,0.000000,0.001130,0.000000,0.013782
451,0,0.000000,6.796702,0.121919,0.005913,6.924534,0.000000,0.000000,6.954607,0.013575,0.000000,0.001432,0.000000,0.015007
452,0,0.000000,8.376529,0.134050,0.006811,8.517390,0.000000,0.000000,8.546697,0.012469,0.000000,0.001236,0.000000,0.013705
453,0,0.000000,8.173781,0.133770,0.006996,8.314547,0.000000,0.000000,8.342360,0.012061,0.000000,0.001328,0.000000,0.013389
454,0,0.000000,7.003707,0.124114,0.005917,7.133738,0.000000,0.000000,7.159888,0.012493,0.000000,0.001669,0.000000,0.014162
455,0,0.000000,7.107836,0.129016,0.005839,7.242691,0.000000,0.000000,7.274085,0.013736,0.000000,0.001335,0.000000,0.015071
456,0,0.000000,6.508491,0.114889,0.005474,6.628854,0.000000,0.000000,6.654853,0.012517,0.000000,0.001154,0.000000,0.013671
457,0,0.000000,6.871379,0.156923,0.006767,7.035069,0.000000,0.000000,7.063445,0.012385,0.000000,0.001518,0.000000,0.013903
458,0,0.000000,6.371313,0.110978,0.006312,6.488603,0.000000,0.000000,6.515624,0.012217,0.000000,0.001174,0.000000,0.013391
459,0,0.000000,6.366084,0.116150,0.006163,6.488397,0.000000,0.000000,6.516121,0.012212,0.000000,0.001396,0.000000,0.013608
460,0,0.000000,7.148684,0.116367,0.006422,7.271473,0.000000,0.000000,7.301895,0.013526,0.000000,0.001361,0.000000,0.014887
461,0,0.000000,8.095233,0.124491,0.006716,8.226440,0.000000,0.000000,8.255330,0.012196,0.000000,0.001262,0.000000,0.013458
462,0,0.000000,7.783319,0.146111,0.006804,7.936234,0.000000,0.000000,7.965826,0.012135,0.000000,0.001453,0.000000,0.013588
463,0,0.000000,8.233721,0.190505,0.009235,8.433461,0.000000,0.000000,8.462712,0.012105,0.000000,0.001395,0.000000,0.013500
464,0,0.000000,8.018363,0.117471,0.005531,8.141365,0.000000,0.000000,8.169781,0.011889,0.000000,0.001618,0.000000,0.013507
465,0,0.000000,6.937736,0.113665,0.018509,7.069910,0.000000,0.000000,7.097564,0.012573,0.000000,0.001413,0.000000,0.013986
466,0,0.000000,6.515793,0.115257,0.005847,6.636897,0.000000,0.000000,6.664688,0.012016,0.000000,0.001524,0.000000,0.013540
467,0,0.000000,6.849414,0.150198,0.009584,7.009196,0.000000,0.000000,7.038433,0.011675,0.000000,0.001431,0.000000,0.013106
468,0,0.000000,6.650949,0.116723,0.006145,6.773817,0.000000,0.000000,6.803701,0.014017,0.000000,0.001405,0.000000,0.015422
469,0,0.000000,6.582155,0.107512,0.006093,6.695760,0.000000,0.000000,6.722162,0.011598,0.000000,0.001196,0.000000,0.012794
470,0,0.000000,6.560016,0.112072,0.005917,6.678005,0.000000,0.000000,6.704694,0.011947,0.000000,0.001275,0.000000,0.013222
471,0,0.000000,6.594735,0.116521,0.006074,6.717330,0.000000,0.000000,6.743713,0.011977,0.000000,0.001147,0.000000,0.013124
472,0,0.000000,6.499751,0.117566,0.005672,6.622989,0.000000,0.000000,6.649325,0.013219,0.000000,0.001140,0.000000,0.014359
473,0,0.000000,6.522299,0.140264,0.006407,6.668970,0.000000,0.000000,6.699094,0.013060,0.000000,0.001469,0.000000,0.014529
474,0,0.000000,6.167319,0.112920,0.005664,6.285903,0.000000,0.000000,6.310244,0.012141,0.000000,0.001588,0.000000,0.013729
475,0,0.000000,6.046204,0.110260,0.005806,6.162270,0.000000,0.000000,6.189317,0.013816,0.000000,0.001432,0.000000,0.015248
476,0,0.000000,6.015211,0.108035,0.005909,6.129155,0.000000,0.000000,6.155333,0.013504,0.000000,0.001003,0.000000,0.014507
477,0,0.000000,5.714082,0.108861,0.038416,5.861359,0.000000,0.000000,5.885614,0.011053,0.000000,0.001378,0.000000,0.012431
478,0,0.000000,6.199336,0.113603,0.005445,6.318384,0.000000,0.000000,6.350157,0.018707,0.000000,0.001180,0.000000,0.019887
479,0,0.000000,5.569668,0.124319,0.005012,5.698999,0.000000,0.000000,5.720374,0.011376,0.000000,0.000913,0.000000,0.012289
480,0,0.000000,5.560379,0.120117,0.005697,5.686193,0.000000,0.000000,5.707002,0.010917,0.000000,0.000854,0.000000,0.011771
481,0,0.000000,5.859871,0.123821,0.005180,5.988872,0.000000,0.000000,6.013348,0.012288,0.000000,0.000927,0.000000,0.013215
482,0,0.000000,5.521953,0.107495,0.005082,5.634530,0.000000,0.000000,5.657194,0.012181,0.000000,0.001127,0.000000,0.013308
483,0,0.000000,7.278981,0.202735,0.007422,7.489138,0.000000,0.000000,7.517898,0.011237,0.000000,0.001431,0.000000,0.012668
484,0,0.000000,7.017540,0.120277,0.006215,7.144032,0.000000,0.000000,7.172814,0.012251,0.000000,0.001183,0.000000,0.013434
485,0,0.000000,7.828588,0.114002,0.006130,7.948720,0.000000,0.000000,7.979319,0.014066,0.000000,0.001232,0.000000,0.015298
486,0,0.000000,5.841545,0.123383,0.005236,5.970164,0.000000,0.000000,5.993197,0.011808,0.000000,0.000945,0.000000,0.012753
487,0,0.000000,6.206580,0.124066,0.005919,6.336565,0.000000,0.000000,6.361926,0.011393,0.000000,0.001242,0.000000,0.012635
488,0,0.000000,5.746176,0.126551,0.005265,5.877992,0.000000,0.000000,5.900133,0.011324,0.000000,0.001012,0.000000,0.012336
489,0,0.000000,5.650001,0.137288,0.005762,5.793051,0.000000,0.000000,5.815169,0.011288,0.000000,0.001122,0.000000,0.012410
490,0,0.000000,11.179117,0.276366,0.011175,11.466658,0.000000,0.000000,11.495566,0.011486,0.000000,0.001481,0.000000,0.012967
491,0,0.000000,6.644006,0.121845,0.005851,6.771702,0.000000,0.000000,6.799302,0.012389,0.000000,0.001275,0.000000,0.013664
492,0,0.000000,7.258930,0.112961,0.006100,7.377991,0.000000,0.000000,7.404945,0.012020,0.000000,0.001300,0.000000,0.013320
493,0,0.000000,7.599738,0.116094,0.005708,7.721540,0.000000,0.000000,7.749578,0.011508,0.000000,0.001393,0.000000,0.012901
494,0,0.000000,8.585611,0.174515,0.008725,8.768851,0.000000,0.000000,8.797897,0.012153,0.000000,0.001619,0.000000,0.013772
495,0,0.000000,7.895810,0.148032,0.008419,8.052261,0.000000,0.000000,8.085636,0.014775,0.000000,0.001570,0.000000,0.016345
496,0,0.000000,6.535332,0.167101,0.005905,6.708338,0.000000,0.000000,6.745664,0.013987,0.000000,0.001175,0.000000,0.015162
497,0,0.000000,8.223816,0.117995,0.006433,8.348244,0.000000,0.000000,8.377078,0.012565,0.000000,0.001312,0.000000,0.013877
498,0,0.000000,6.646662,0.130682,0.005459,6.782803,0.000000,0.000000,6.810026,0.012047,0.000000,0.001248,0.000000,0.013295
499,0,0.000000,6.124765,0.135266,0.005283,6.265314,0.000000,0.000000,6.292556,0.011576,0.000000,0.001322,0.000000,0.012898
500,0,0.000000,6.459442,0.125541,0.005827,6.590810,0.000000,0.000000,6.617639,0.012772,0.000000,0.001289,0.000000,0.014061
501,0,0.000000,6.394353,0.128822,0.005526,6.528701,0.000000,0.000000,6.556021,0.011929,0.000000,0.001339,0.000000,0.013268
502,0,0.000000,6.145614,0.123866,0.005037,6.274517,0.000000,0.000000,6.299960,0.011792,0.000000,0.001166,0.000000,0.012958
503,0,0.000000,6.079128,0.146540,0.005246,6.230914,0.000000,0.000000,6.256139,0.012887,0.000000,0.000943,0.000000,0.013830
504,0,0.000000,7.267010,0.113438,0.005560,7.386008,0.000000,0.000000,7.412361,0.011595,0.000000,0.001533,0.000000,0.013128
505,0,0.000000,5.853321,0.107253,0.005292,5.965866,0.000000,0.000000,5.989475,0.012044,0.000000,0.001272,0.000000,0.013316
506,0,0.000000,6.682157,0.120945,0.006066,6.809168,0.000000,0.000000,6.835282,0.012706,0.000000,0.001367,0.000000,0.014073
507,0,0.000000,6.092508,0.126122,0.005852,6.224482,0.000000,0.000000,6.247649,0.011451,0.000000,0.001279,0.000000,0.012730
508,0,0.000000,15.891054,0.148197,0.006392,16.045643,0.000000,0.000000,16.071246,0.010819,0.000000,0.001624,0.000000,0.012443
509,0,0.000000,6.251900,0.124051,0.005705,6.381656,0.000000,0.000000,6.407044,0.011843,0.000000,0.001363,0.000000,0.013206
510,0,0.000000,5.825511,0.118226,0.004800,5.948537,0.000000,0.000000,5.971957,0.011743,0.000000,0.001227,0.000000,0.012970
511,0,0.000000,5.735949,0.181329,0.005447,5.922725,0.000000,0.000000,5.945874,0.010391,0.000000,0.001414,0.000000,0.011805
512,0,0.000000,5.706432,0.137908,0.005374,5.849714,0.000000,0.000000,5.873182,0.012115,0.000000,0.001184,0.000000,0.013299
513,0,0.000000,5.409784,0.124186,0.004800,5.538770,0.000000,0.000000,5.559778,0.011207,0.000000,0.000823,0.000000,0.012030
514,0,0.000000,5.766201,0.122875,0.005262,5.894338,0.000000,0.000000,5.917138,0.011602,0.000000,0.000813,0.000000,0.012415
515,0,0.000000,5.420190,0.124379,0.005072,5.549641,0.000000,0.000000,5.570748,0.011382,0.000000,0.000911,0.000000,0.012293
516,0,0.000000,5.743925,0.109583,0.005458,5.858966,0.000000,0.000000,5.881255,0.010538,0.000000,0.000846,0.000000,0.011384
517,0,0.000000,5.955718,0.135038,0.005640,6.096396,0.000000,0.000000,6.120400,0.011521,0.000000,0.001147,0.000000,0.012668
518,0,0.000000,5.550998,0.140257,0.005141,5.696396,0.000000,0.000000,5.718984,0.012463,0.000000,0.001102,0.000000,0.013565
519,0,0.000000,6.502175,0.149488,0.005557,6.657220,0.000000,0.000000,6.680256,0.010968,0.000000,0.001092,0.000000,0.012060
520,0,0.000000,5.629188,0.128215,0.004786,5.762189,0.000000,0.000000,5.783053,0.011019,0.000000,0.000840,0.000000,0.011859
521,0,0.000000,5.990613,0.188160,0.005761,6.184534,0.000000,0.000000,6.206359,0.009498,0.000000,0.000977,0.000000,0.010475
522,0,0.000000,5.724458,0.145007,0.005516,5.874981,0.000000,0.000000,5.897889,0.011327,0.000000,0.000925,0.000000,0.012252
523,0,0.000000,6.022852,0.122012,0.005211,6.150075,0.000000,0.000000,6.309274,0.147897,0.000000,0.000994,0.000000,0.148891
524,0,0.000000,7.599083,0.129574,0.006056,7.734713,0.000000,0.000000,7.761822,0.010249,0.000000,0.001315,0.000000,0.011564
525,0,0.000000,6.582606,0.124864,0.007200,6.714670,0.000000,0.000000,6.743364,0.012347,0.000000,0.001666,0.000000,0.014013
526,0,0.000000,7.943247,0.125746,0.006231,8.075224,0.000000,0.000000,8.106458,0.013292,0.000000,0.001272,0.000000,0.014564
527,0,0.000000,6.128976,0.110684,0.005611,6.245271,0.000000,0.000000,6.270394,0.011933,0.000000,0.001564,0.000000,0.013497
528,0,0.000000,6.404287,0.112988,0.005668,6.522943,0.000000,0.000000,6.549260,0.012722,0.000000,0.001216,0.000000,0.013938
529,0,0.000000,5.778199,0.127305,0.005223,5.910727,0.000000,0.000000,5.933149,0.012025,0.000000,0.001098,0.000000,0.013123
530,0,0.000000,5.945955,0.123067,0.005168,6.074190,0.000000,0.000000,6.099486,0.012407,0.000000,0.001330,0.000000,0.013737
531,0,0.000000,5.644501,0.136540,0.005829,5.786870,0.000000,0.000000,5.812046,0.012787,0.000000,0.001351,0.000000,0.014138
532,0,0.000000,5.840507,0.113780,0.005690,5.959977,0.000000,0.000000,5.987344,0.012858,0.000000,0.001032,0.000000,0.013890
533,0,0.000000,7.585312,0.119675,0.005941,7.710928,0.000000,0.000000,7.739789,0.011944,0.000000,0.001317,0.000000,0.013261
534,0,0.000000,7.333989,0.208110,0.006704,7.548803,0.000000,0.000000,7.584390,0.013258,0.000000,0.003562,0.000000,0.016820
535,0,0.000000,7.215108,0.129030,0.006790,7.350928,0.000000,0.000000,7.379913,0.013791,0.000000,0.001489,0.000000,0.015280
536,0,0.000000,6.618957,0.114406,0.005688,6.739051,0.000000,0.000000,6.765222,0.012109,0.000000,0.001290,0.000000,0.013399
537,0,0.000000,6.957612,0.172514,0.005650,7.135776,0.000000,0.000000,7.163290,0.012343,0.000000,0.001531,0.000000,0.013874
538,0,0.000000,6.115954,0.158864,0.005723,6.280541,0.000000,0.000000,6.305718,0.012101,0.000000,0.001162,0.000000,0.013263
539,0,0.000000,7.697123,0.126685,0.007703,7.831511,0.000000,0.000000,7.861643,0.012134,0.000000,0.001387,0.000000,0.013521
540,0,0.000000,7.553650,0.164384,0.007965,7.725999,0.000000,0.000000,7.752952,0.012053,0.000000,0.001519,0.000000,0.013572
541,0,0.000000,6.384003,0.123189,0.005742,6.512934,0.000000,0.000000,6.543206,0.015656,0.000000,0.001097,0.000000,0.016753
542,0,0.000000,6.578459,0.111943,0.005923,6.696325,0.000000,0.000000,6.722609,0.012459,0.000000,0.001341,0.000000,0.013800
543,0,0.000000,6.318044,0.123656,0.006115,6.447815,0.000000,0.000000,6.471972,0.011525,0.000000,0.001209,0.000000,0.012734
544,0,0.000000,6.102446,0.125137,0.005819,6.233402,0.000000,0.000000,6.258731,0.012676,0.000000,0.001418,0.000000,0.014094
545,0,0.000000,7.073283,0.141648,0.007976,7.222907,0.000000,0.000000,7.253712,0.013707,0.000000,0.001577,0.000000,0.015284
546,0,0.000000,6.118741,0.109635,0.006130,6.234506,0.000000,0.000000,6.262191,0.011810,0.000000,0.001228,0.000000,0.013038
547,0,0.000000,7.550129,0.118492,0.006229,7.674850,0.000000,0.000000,7.704269,0.012258,0.000000,0.001316,0.000000,0.013574
548,0,0.000000,8.605901,0.200647,0.007305,8.813853,0.000000,0.000000,8.847475,0.012252,0.000000,0.001899,0.000000,0.014151
549,0,0.000000,10.097176,0.242371,0.009810,10.349357,0.000000,0.000000,10.389646,0.014231,0.000000,0.001906,0.000000,0.016137
550,0,0.000000,8.728848,0.158664,0.007580,8.895092,0.000000,0.000000,8.935885,0.016184,0.000000,0.001700,0.000000,0.017884
551,0,0.000000,7.868951,0.121835,0.007841,7.998627,0.000000,0.000000,8.031549,0.012859,0.000000,0.001510,0.000000,0.014369
552,0,0.000000,7.840260,0.121821,0.007159,7.969240,0.000000,0.000000,8.002311,0.013425,0.000000,0.001355,0.000000,0.014780
553,0,0.000000,6.965246,0.142724,0.006753,7.114723,0.000000,0.000000,7.143147,0.012247,0.000000,0.001595,0.000000,0.013842
554,0,0.000000,6.981916,0.110877,0.006379,7.099172,0.000000,0.000000,7.130475,0.013599,0.000000,0.001081,0.000000,0.014680
555,0,0.000000,6.504336,0.114651,0.007681,6.626668,0.000000,0.000000,6.653704,0.011449,0.000000,0.001203,0.000000,0.012652
556,0,0.000000,8.614907,0.178679,0.006083,8.799669,0.000000,0.000000,8.835413,0.015085,0.000000,0.001498,0.000000,0.016583
557,0,0.000000,9.390245,0.187362,0.006687,9.584294,0.000000,0.000000,9.620139,0.011936,0.000000,0.001682,0.000000,0.013618
558,0,0.000000,10.440804,0.264913,0.006522,10.712239,0.000000,0.000000,10.748920,0.014906,0.000000,0.001455,0.000000,0.016361
559,0,0.000000,8.954936,0.187226,0.006310,9.148472,0.000000,0.000000,9.183514,0.012401,0.000000,0.001781,0.000000,0.014182
560,0,0.000000,8.860646,0.201319,0.009553,9.071518,0.000000,0.000000,9.110308,0.012757,0.000000,0.002321,0.000000,0.015078
561,0,0.000000,25.010115,0.165235,0.009796,25.185146,0.000000,0.000000,25.229360,0.018138,0.000000,0.001773,0.000000,0.019911
562,0,0.000000,35.954225,0.193902,0.009874,36.158001,0.000000,0.000000,36.221514,0.014736,0.000000,0.001531,0.000000,0.016267
563,0,0.000000,30.803802,0.287274,0.009476,31.100552,0.000000,0.000000,31.143336,0.014874,0.000000,0.001692,0.000000,0.016566
564,0,0.000000,14.840130,0.330973,0.010045,15.181148,0.000000,0.000000,15.225762,0.016278,0.000000,0.001991,0.000000,0.018269
565,0,0.000000,19.776648,0.336834,0.011155,20.124637,0.000000,0.000000,20.171125,0.016558,0.000000,0.002518,0.000000,0.019076
566,0,0.000000,14.086703,0.244981,0.008347,14.340031,0.000000,0.000000,14.397007,0.024847,0.000000,0.002327,0.000000,0.027174
567,0,0.000000,16.807103,0.261981,0.008946,17.078030,0.000000,0.000000,17.153650,0.020688,0.000000,0.001930,0.000000,0.022618
568,0,0.000000,18.544295,0.494762,0.015324,19.054381,0.000000,0.000000,19.118717,0.020895,0.000000,0.004077,0.000000,0.024972
569,0,0.000000,19.629130,0.278938,0.009131,19.917199,0.000000,0.000000,19.989166,0.038939,0.000000,0.002437,0.000000,0.041376
570,0,0.000000,16.689837,0.127155,0.006491,16.823483,0.000000,0.000000,16.871742,0.022952,0.000000,0.001390,0.000000,0.024342
571,0,0.000000,7.741051,0.136918,0.007174,7.885143,0.000000,0.000000,7.916648,0.012718,0.000000,0.001569,0.000000,0.014287
572,0,0.000000,14.417072,0.319528,0.008256,14.744856,0.000000,0.000000,14.782579,0.013938,0.000000,0.003035,0.000000,0.016973
573,0,0.000000,15.177408,0.262022,0.007191,15.446621,0.000000,0.000000,15.487555,0.019653,0.000000,0.001636,0.000000,0.021289
574,0,0.000000,14.567686,0.287131,0.006065,14.860882,0.000000,0.000000,14.893439,0.012923,0.000000,0.001803,0.000000,0.014726
575,0,0.000000,12.899993,0.262658,0.010281,13.172932,0.000000,0.000000,13.226278,0.024050,0.000000,0.002443,0.000000,0.026493
576,0,0.000000,11.245783,0.322880,0.018876,11.587539,0.000000,0.000000,11.644629,0.028518,0.000000,0.001921,0.000000,0.030439
577,0,0.000000,9.172915,0.343824,0.008105,9.524844,0.000000,0.000000,9.660611,0.025099,0.000000,0.001594,0.000000,0.026693
578,0,0.000000,8.472019,0.217711,0.006777,8.696507,0.000000,0.000000,8.731945,0.013269,0.000000,0.001565,0.000000,0.014834
579,0,0.000000,11.800884,0.274791,0.009033,12.084708,0.000000,0.000000,12.126097,0.017969,0.000000,0.001705,0.000000,0.019674
580,0,0.000000,9.328713,0.124994,0.006987,9.460694,0.000000,0.000000,9.536589,0.055349,0.000000,0.001457,0.000000,0.056806
581,0,0.000000,8.866699,0.210502,0.007003,9.084204,0.000000,0.000000,9.119731,0.012225,0.000000,0.001374,0.000000,0.013599
582,0,0.000000,12.100220,0.343189,0.028225,12.471634,0.000000,0.000000,12.520918,0.021647,0.000000,0.001543,0.000000,0.023190
583,0,0.000000,7.479355,0.142821,0.006792,7.628968,0.000000,0.000000,7.659016,0.012893,0.000000,0.001416,0.000000,0.014309
584,0,0.000000,6.807480,0.222858,0.011760,7.042098,0.000000,0.000000,7.074155,0.014441,0.000000,0.001520,0.000000,0.015961
585,0,0.000000,7.275636,0.143650,0.006750,7.426036,0.000000,0.000000,7.455566,0.012140,0.000000,0.001499,0.000000,0.013639
586,0,0.000000,8.558841,0.131322,0.006241,8.696404,0.000000,0.000000,8.729892,0.014735,0.000000,0.001287,0.000000,0.016022
587,0,0.000000,6.795333,0.129939,0.007133,6.932405,0.000000,0.000000,6.960672,0.012047,0.000000,0.001502,0.000000,0.013549
588,0,0.000000,8.037043,0.136382,0.008299,8.181724,0.000000,0.000000,8.215236,0.013863,0.000000,0.001266,0.000000,0.015129
589,0,0.000000,10.112126,0.126544,0.006530,10.245200,0.000000,0.000000,10.277298,0.012906,0.000000,0.001411,0.000000,0.014317
590,0,0.000000,8.493520,0.107282,0.006718,8.607520,0.000000,0.000000,8.636846,0.012086,0.000000,0.001359,0.000000,0.013445
591,0,0.000000,6.355065,0.113769,0.006252,6.475086,0.000000,0.000000,6.506256,0.012385,0.000000,0.001070,0.000000,0.013455
592,0,0.000000,6.554425,0.107653,0.006038,6.668116,0.000000,0.000000,6.697086,0.012286,0.000000,0.001436,0.000000,0.013722
593,0,0.000000,6.784236,0.195821,0.007748,6.987805,0.000000,0.000000,7.019381,0.012787,0.000000,0.001686,0.000000,0.014473
594,0,0.000000,7.966116,0.115720,0.005869,8.087705,0.000000,0.000000,8.121040,0.013447,0.000000,0.001147,0.000000,0.014594
595,0,0.000000,6.203397,0.119384,0.005880,6.328661,0.000000,0.000000,6.355559,0.011370,0.000000,0.001191,0.000000,0.012561
596,0,0.000000,6.749868,0.109853,0.005234,6.864955,0.000000,0.000000,6.895654,0.012793,0.000000,0.001296,0.000000,0.014089
597,0,0.000000,6.548372,0.138703,0.006838,6.693913,0.000000,0.000000,6.722386,0.011575,0.000000,0.001577,0.000000,0.013152
598,0,0.000000,7.183877,0.132873,0.006331,7.323081,0.000000,0.000000,7.354655,0.012816,0.000000,0.001257,0.000000,0.014073
599,0,0.000000,6.686056,0.126483,0.007099,6.819638,0.000000,0.000000,6.848163,0.012740,0.000000,0.001164,0.000000,0.013904
600,0,0.000000,6.134015,0.109554,0.006319,6.249888,0.000000,0.000000,6.276622,0.011702,0.000000,0.001190,0.000000,0.012892
601,0,0.000000,6.953275,0.112330,0.005605,7.071210,0.000000,0.000000,7.101240,0.012878,0.000000,0.001437,0.000000,0.014315
602,0,0.000000,6.674609,0.109328,0.006035,6.789972,0.000000,0.000000,6.819407,0.011925,0.000000,0.001425,0.000000,0.013350
603,0,0.000000,6.372746,0.116240,0.005597,6.494583,0.000000,0.000000,6.521597,0.011829,0.000000,0.001359,0.000000,0.013188
604,0,0.000000,6.272202,0.198306,0.006927,6.477435,0.000000,0.000000,6.508420,0.012965,0.000000,0.001568,0.000000,0.014533
605,0,0.000000,6.097118,0.105395,0.005602,6.208115,0.000000,0.000000,6.234326,0.011938,0.000000,0.001542,0.000000,0.013480
606,0,0.000000,5.926109,0.111451,0.005967,6.043527,0.000000,0.000000,6.070086,0.013346,0.000000,0.001483,0.000000,0.014829
607,0,0.000000,7.109697,0.157222,0.008478,7.275397,0.000000,0.000000,7.307222,0.012310,0.000000,0.001297,0.000000,0.013607
608,0,0.000000,6.761986,0.158900,0.006335,6.927221,0.000000,0.000000,6.954601,0.011933,0.000000,0.001184,0.000000,0.013117
609,0,0.000000,6.591975,0.163113,0.007280,6.762368,0.000000,0.000000,6.792895,0.013236,0.000000,0.001869,0.000000,0.015105
610,0,0.000000,6.544291,0.122678,0.005990,6.672959,0.000000,0.000000,6.702325,0.013996,0.000000,0.001550,0.000000,0.015546
611,0,0.000000,6.749107,0.122045,0.006120,6.877272,0.000000,0.000000,6.909082,0.012467,0.000000,0.001247,0.000000,0.013714
612,0,0.000000,6.463008,0.117005,0.005905,6.585918,0.000000,0.000000,6.613058,0.012193,0.000000,0.001368,0.000000,0.013561
613,0,0.000000,6.135378,0.139588,0.005913,6.280879,0.000000,0.000000,6.307518,0.012636,0.000000,0.001441,0.000000,0.014077
614,0,0.000000,6.186075,0.165724,0.006362,6.358161,0.000000,0.000000,6.386458,0.013106,0.000000,0.001131,0.000000,0.014237
615,0,0.000000,6.022185,0.125706,0.005743,6.153634,0.000000,0.000000,6.177877,0.011235,0.000000,0.001021,0.000000,0.012256
616,0,0.000000,7.085918,0.194029,0.007195,7.287142,0.000000,0.000000,7.325552,0.012994,0.000000,0.001547,0.000000,0.014541
617,0,0.000000,6.634891,0.123245,0.005809,6.763945,0.000000,0.000000,6.797461,0.013053,0.000000,0.001141,0.000000,0.014194
618,0,0.000000,7.027899,0.117835,0.006262,7.151996,0.000000,0.000000,7.179854,0.011511,0.000000,0.001242,0.000000,0.012753
619,0,0.000000,6.332032,0.117480,0.005927,6.455439,0.000000,0.000000,6.483395,0.012540,0.000000,0.001316,0.000000,0.013856
620,0,0.000000,6.805178,0.118286,0.006479,6.929943,0.000000,0.000000,6.958704,0.011724,0.000000,0.001348,0.000000,0.013072
621,0,0.000000,7.468680,0.125535,0.007053,7.601268,0.000000,0.000000,7.631314,0.013262,0.000000,0.001354,0.000000,0.014616
622,0,0.000000,6.542454,0.107366,0.005891,6.655711,0.000000,0.000000,6.684578,0.012809,0.000000,0.001137,0.000000,0.013946
623,0,0.000000,6.171377,0.141952,0.006467,6.319796,0.000000,0.000000,6.345897,0.011724,0.000000,0.001301,0.000000,0.013025
624,0,0.000000,6.242940,0.125217,0.006171,6.374328,0.000000,0.000000,6.411035,0.013167,0.000000,0.001163,0.000000,0.014330
625,0,0.000000,5.823126,0.118808,0.005687,5.947621,0.000000,0.000000,5.971334,0.011425,0.000000,0.001126,0.000000,0.012551
626,0,0.000000,6.222679,0.113495,0.005955,6.342129,0.000000,0.000000,6.367841,0.011937,0.000000,0.001474,0.000000,0.013411
627,0,0.000000,6.889870,0.166294,0.007034,7.063198,0.000000,0.000000,7.092485,0.012970,0.000000,0.001362,0.000000,0.014332
628,0,0.000000,6.089462,0.123644,0.006129,6.219235,0.000000,0.000000,6.244359,0.012195,0.000000,0.001136,0.000000,0.013331
629,0,0.000000,6.569767,0.123556,0.006297,6.699620,0.000000,0.000000,6.727805,0.012400,0.000000,0.001444,0.000000,0.013844
630,0,0.000000,6.068784,0.122824,0.006066,6.197674,0.000000,0.000000,6.224310,0.013441,0.000000,0.001100,0.000000,0.014541
631,0,0.000000,6.477647,0.117029,0.006227,6.600903,0.000000,0.000000,6.629145,0.013518,0.000000,0.001501,0.000000,0.015019
632,0,0.000000,6.866783,0.204549,0.005919,7.077251,0.000000,0.000000,7.109051,0.012973,0.000000,0.001489,0.000000,0.014462
633,0,0.000000,7.425106,0.113718,0.006136,7.544960,0.000000,0.000000,7.576532,0.013018,0.000000,0.001446,0.000000,0.014464
634,0,0.000000,6.518807,0.219224,0.010692,6.748723,0.000000,0.000000,6.781939,0.012912,0.000000,0.001551,0.000000,0.014463
635,0,0.000000,6.482872,0.118452,0.005982,6.607306,0.000000,0.000000,6.646021,0.020452,0.000000,0.001257,0.000000,0.021709
636,0,0.000000,6.263752,0.113359,0.005771,6.382882,0.000000,0.000000,6.408832,0.011704,0.000000,0.001268,0.000000,0.012972
637,0,0.000000,5.868957,0.120102,0.005614,5.994673,0.000000,0.000000,6.020678,0.012743,0.000000,0.001225,0.000000,0.013968
638,0,0.000000,6.057289,0.125987,0.005667,6.188943,0.000000,0.000000,6.215764,0.012017,0.000000,0.001293,0.000000,0.013310
639,0,0.000000,6.048361,0.116427,0.006120,6.170908,0.000000,0.000000,6.196646,0.011688,0.000000,0.001653,0.000000,0.013341
640,0,0.000000,6.620741,0.121865,0.006511,6.749117,0.000000,0.000000,6.780709,0.013101,0.000000,0.001324,0.000000,0.014425
641,0,0.000000,6.620196,0.127673,0.006326,6.754195,0.000000,0.000000,6.783470,0.013281,0.000000,0.001216,0.000000,0.014497
642,0,0.000000,6.313707,0.308034,0.011291,6.633032,0.000000,0.000000,6.660901,0.011346,0.000000,0.001736,0.000000,0.013082
643,0,0.000000,6.570575,0.124290,0.006757,6.701622,0.000000,0.000000,6.752166,0.035432,0.000000,0.001257,0.000000,0.036689
644,0,0.000000,6.141115,0.133650,0.006603,6.281368,0.000000,0.000000,6.313398,0.018034,0.000000,0.001379,0.000000,0.019413
645,0,0.000000,7.458535,0.148657,0.007009,7.614201,0.000000,0.000000,7.645800,0.013599,0.000000,0.001648,0.000000,0.015247
646,0,0.000000,6.327762,0.126816,0.006023,6.460601,0.000000,0.000000,6.488876,0.012984,0.000000,0.001153,0.000000,0.014137
647,0,0.000000,6.689532,0.137025,0.006770,6.833327,0.000000,0.000000,6.861618,0.012041,0.000000,0.001401,0.000000,0.013442
648,0,0.000000,6.080583,0.122685,0.005752,6.209020,0.000000,0.000000,6.236136,0.011986,0.000000,0.001064,0.000000,0.013050
649,0,0.000000,6.123865,0.126376,0.006061,6.256302,0.000000,0.000000,6.283113,0.012073,0.000000,0.001010,0.000000,0.013083
650,0,0.000000,6.931005,0.118197,0.005456,7.054658,0.000000,0.000000,7.082429,0.011643,0.000000,0.001217,0.000000,0.012860
651,0,0.000000,6.699714,0.131131,0.006529,6.837374,0.000000,0.000000,6.866625,0.012083,0.000000,0.001184,0.000000,0.013267
652,0,0.000000,6.559144,0.152349,0.007694,6.719187,0.000000,0.000000,6.747572,0.012175,0.000000,0.001493,0.000000,0.013668
653,0,0.000000,6.349553,0.118589,0.006047,6.474189,0.000000,0.000000,6.505196,0.015589,0.000000,0.001125,0.000000,0.016714
654,0,0.000000,6.377387,0.124288,0.006001,6.507676,0.000000,0.000000,6.534467,0.011375,0.000000,0.001373,0.000000,0.012748
655,0,0.000000,6.427934,0.128524,0.016949,6.573407,0.000000,0.000000,6.600511,0.011864,0.000000,0.001414,0.000000,0.013278
656,0,0.000000,6.332924,0.122628,0.006111,6.461663,0.000000,0.000000,6.501039,0.014111,0.000000,0.001213,0.000000,0.015324
657,0,0.000000,5.879346,0.113239,0.005986,5.998571,0.000000,0.000000,6.025256,0.011471,0.000000,0.001234,0.000000,0.012705
658,0,0.000000,5.880599,0.177666,0.005607,6.063872,0.000000,0.000000,6.092018,0.011524,0.000000,0.001650,0.000000,0.013174
659,0,0.000000,7.227877,0.209629,0.005754,7.443260,0.000000,0.000000,7.472348,0.011974,0.000000,0.001755,0.000000,0.013729
660,0,0.000000,7.324246,0.185810,0.005494,7.515550,0.000000,0.000000,7.546388,0.012580,0.000000,0.001274,0.000000,0.013854
661,0,0.000000,7.285039,0.155881,0.005638,7.446558,0.000000,0.000000,7.477820,0.012850,0.000000,0.001518,0.000000,0.014368
662,0,0.000000,5.986955,0.125936,0.005365,6.118256,0.000000,0.000000,6.144546,0.012623,0.000000,0.001242,0.000000,0.013865
663,0,0.000000,7.082067,0.118337,0.005652,7.206056,0.000000,0.000000,7.233491,0.012188,0.000000,0.001347,0.000000,0.013535
664,0,0.000000,7.978661,0.119136,0.005536,8.103333,0.000000,0.000000,8.131064,0.012092,0.000000,0.001447,0.000000,0.013539
665,0,0.000000,7.574229,0.120451,0.005731,7.700411,0.000000,0.000000,7.728926,0.012126,0.000000,0.001350,0.000000,0.013476
666,0,0.000000,6.453284,0.118594,0.005108,6.576986,0.000000,0.000000,6.603175,0.011759,0.000000,0.001177,0.000000,0.012936
667,0,0.000000,7.228673,0.158267,0.006018,7.392958,0.000000,0.000000,7.419948,0.012057,0.000000,0.001114,0.000000,0.013171
668,0,0.000000,6.281794,0.154884,0.006448,6.443126,0.000000,0.000000,6.472305,0.011540,0.000000,0.001494,0.000000,0.013034
669,0,0.000000,7.097595,0.119773,0.005582,7.222950,0.000000,0.000000,7.250603,0.012069,0.000000,0.001704,0.000000,0.013773
670,0,0.000000,6.139481,0.177340,0.006118,6.322939,0.000000,0.000000,6.348694,0.011600,0.000000,0.001171,0.000000,0.012771
671,0,0.000000,7.207627,0.186002,0.011151,7.404780,0.000000,0.000000,7.435086,0.012308,0.000000,0.001829,0.000000,0.014137
672,0,0.000000,8.094654,0.147901,0.007918,8.250473,0.000000,0.000000,8.363285,0.092044,0.000000,0.001556,0.000000,0.093600
673,0,0.000000,7.103008,0.147511,0.008125,7.258644,0.000000,0.000000,7.302361,0.020942,0.000000,0.001470,0.000000,0.022412
674,0,0.000000,6.808364,0.122434,0.006413,6.937211,0.000000,0.000000,6.974128,0.020227,0.000000,0.001526,0.000000,0.021753
675,0,0.000000,7.309274,0.121125,0.007006,7.437405,0.000000,0.000000,7.477919,0.012245,0.000000,0.001328,0.000000,0.013573
676,0,0.000000,6.952385,0.126794,0.006369,7.085548,0.000000,0.000000,7.114195,0.012222,0.000000,0.001319,0.000000,0.013541
677,0,0.000000,7.785148,0.124470,0.006681,7.916299,0.000000,0.000000,7.946522,0.012107,0.000000,0.001450,0.000000,0.013557
678,0,0.000000,6.830342,0.137988,0.006833,6.975163,0.000000,0.000000,7.004640,0.011969,0.000000,0.001169,0.000000,0.013138
679,0,0.000000,8.042777,0.223652,0.006586,8.273015,0.000000,0.000000,8.304010,0.011972,0.000000,0.001409,0.000000,0.013381
680,0,0.000000,7.929140,0.177014,0.005496,8.111650,0.000000,0.000000,8.141095,0.012065,0.000000,0.001273,0.000000,0.013338
681,0,0.000000,8.126934,0.178579,0.006148,8.311661,0.000000,0.000000,8.346206,0.013608,0.000000,0.001947,0.000000,0.015555
682,0,0.000000,7.302826,0.246849,0.006349,7.556024,0.000000,0.000000,7.588035,0.013504,0.000000,0.001839,0.000000,0.015343
683,0,0.000000,7.001723,0.182867,0.006098,7.190688,0.000000,0.000000,7.223072,0.013169,0.000000,0.001889,0.000000,0.015058
684,0,0.000000,6.975757,0.177741,0.005309,7.158807,0.000000,0.000000,7.188629,0.013054,0.000000,0.001520,0.000000,0.014574
685,0,0.000000,6.619083,0.114323,0.006290,6.739696,0.000000,0.000000,6.770075,0.012779,0.000000,0.001329,0.000000,0.014108
686,0,0.000000,5.798674,0.121344,0.006226,5.926244,0.000000,0.000000,5.952503,0.012968,0.000000,0.001560,0.000000,0.014528
687,0,0.000000,6.557131,0.178709,0.005570,6.741410,0.000000,0.000000,6.769986,0.012687,0.000000,0.001293,0.000000,0.013980
688,0,0.000000,6.979058,0.195711,0.005117,7.179886,0.000000,0.000000,7.208919,0.012837,0.000000,0.001599,0.000000,0.014436
689,0,0.000000,6.643975,0.178559,0.006092,6.828626,0.000000,0.000000,6.869514,0.012983,0.000000,0.001585,0.000000,0.014568
690,0,0.000000,6.988515,0.136247,0.006381,7.131143,0.000000,0.000000,7.162183,0.012950,0.000000,0.001417,0.000000,0.014367
691,0,0.000000,6.475186,0.119220,0.006668,6.601074,0.000000,0.000000,6.630909,0.013160,0.000000,0.001220,0.000000,0.014380
692,0,0.000000,6.140026,0.116830,0.005662,6.262518,0.000000,0.000000,6.290089,0.012504,0.000000,0.001292,0.000000,0.013796
693,0,0.000000,5.795299,0.111068,0.005480,5.911847,0.000000,0.000000,5.936252,0.011958,0.000000,0.001347,0.000000,0.013305
694,0,0.000000,5.676792,0.112761,0.005724,5.795277,0.000000,0.000000,5.819968,0.012065,0.000000,0.001185,0.000000,0.013250
695,0,0.000000,5.723102,0.128773,0.006044,5.857919,0.000000,0.000000,5.883916,0.011373,0.000000,0.001420,0.000000,0.012793
696,0,0.000000,6.417758,0.140236,0.007010,6.565004,0.000000,0.000000,6.595057,0.012278,0.000000,0.001564,0.000000,0.013842
697,0,0.000000,6.284501,0.117246,0.006043,6.407790,0.000000,0.000000,6.437168,0.012704,0.000000,0.001432,0.000000,0.014136
698,0,0.000000,6.082827,0.121170,0.005816,6.209813,0.000000,0.000000,6.236223,0.011778,0.000000,0.001301,0.000000,0.013079
699,0,0.000000,7.126756,0.183484,0.005479,7.315719,0.000000,0.000000,7.348755,0.014626,0.000000,0.001550,0.000000,0.016176
700,0,0.000000,6.708452,0.202816,0.005333,6.916601,0.000000,0.000000,6.945859,0.012302,0.000000,0.001467,0.000000,0.013769
701,0,0.000000,6.235640,0.117398,0.006594,6.359632,0.000000,0.000000,6.389072,0.012473,0.000000,0.001611,0.000000,0.014084
702,0,0.000000,5.679954,0.112445,0.006376,5.798775,0.000000,0.000000,5.825970,0.013165,0.000000,0.001304,0.000000,0.014469
703,0,0.000000,5.747967,0.185903,0.005902,5.939772,0.000000,0.000000,5.968643,0.012468,0.000000,0.001288,0.000000,0.013756
704,0,0.000000,6.839420,0.182330,0.005837,7.027587,0.000000,0.000000,7.057413,0.013491,0.000000,0.001417,0.000000,0.014908
705,0,0.000000,6.473745,0.219641,0.005320,6.698706,0.000000,0.000000,6.738594,0.012588,0.000000,0.001331,0.000000,0.013919
706,0,0.000000,6.660869,0.130393,0.006361,6.797623,0.000000,0.000000,6.826355,0.012160,0.000000,0.001318,0.000000,0.013478
707,0,0.000000,6.020838,0.123059,0.005750,6.149647,0.000000,0.000000,6.175737,0.012449,0.000000,0.001286,0.000000,0.013735
708,0,0.000000,7.182788,0.150069,0.006509,7.339366,0.000000,0.000000,7.367473,0.012112,0.000000,0.001457,0.000000,0.013569
709,0,0.000000,5.857923,0.128184,0.008172,5.994279,0.000000,0.000000,6.021869,0.012435,0.000000,0.001499,0.000000,0.013934
710,0,0.000000,5.899992,0.175952,0.005809,6.081753,0.000000,0.000000,6.108319,0.011615,0.000000,0.001177,0.000000,0.012792
711,0,0.000000,5.730316,0.108432,0.005323,5.844071,0.000000,0.000000,5.868661,0.011996,0.000000,0.001352,0.000000,0.013348
712,0,0.000000,5.616286,0.109225,0.005245,5.730756,0.000000,0.000000,5.756488,0.012852,0.000000,0.001150,0.000000,0.014002
713,0,0.000000,6.557059,0.145344,0.005906,6.708309,0.000000,0.000000,6.736849,0.012121,0.000000,0.001347,0.000000,0.013468
714,0,0.000000,6.021657,0.119032,0.005832,6.146521,0.000000,0.000000,6.173221,0.011755,0.000000,0.001478,0.000000,0.013233
715,0,0.000000,7.469195,0.180474,0.005807,7.655476,0.000000,0.000000,7.683611,0.011994,0.000000,0.001398,0.000000,0.013392
716,0,0.000000,6.492038,0.180879,0.005895,6.678812,0.000000,0.000000,6.703554,0.012282,0.000000,0.001235,0.000000,0.013517
717,0,0.000000,6.221912,0.122567,0.005243,6.349722,0.000000,0.000000,6.373995,0.012007,0.000000,0.001158,0.000000,0.013165
718,0,0.000000,5.583804,0.123301,0.005327,5.712432,0.000000,0.000000,5.734704,0.011778,0.000000,0.000616,0.000000,0.012394
719,0,0.000000,5.388933,0.117385,0.005129,5.511447,0.000000,0.000000,5.533048,0.011859,0.000000,0.000814,0.000000,0.012673
720,0,0.000000,6.306566,0.110441,0.006637,6.423644,0.000000,0.000000,6.450989,0.011168,0.000000,0.001214,0.000000,0.012382
721,0,0.000000,5.882391,0.114843,0.005565,6.002799,0.000000,0.000000,6.027930,0.012063,0.000000,0.001176,0.000000,0.013239
722,0,0.000000,5.484241,0.156565,0.008779,5.649585,0.000000,0.000000,5.674100,0.011775,0.000000,0.001131,0.000000,0.012906
723,0,0.000000,6.145480,0.178453,0.005428,6.329361,0.000000,0.000000,6.351753,0.010779,0.000000,0.000974,0.000000,0.011753
724,0,0.000000,5.995307,0.198522,0.005814,6.199643,0.000000,0.000000,6.224428,0.010396,0.000000,0.000600,0.000000,0.010996
725,0,0.000000,6.619424,0.186503,0.005850,6.811777,0.000000,0.000000,6.838822,0.010090,0.000000,0.001667,0.000000,0.011757
726,0,0.000000,6.795775,0.177367,0.005609,6.978751,0.000000,0.000000,7.008061,0.012769,0.000000,0.001125,0.000000,0.013894
727,0,0.000000,7.312119,0.136809,0.006233,7.455161,0.000000,0.000000,7.482511,0.011600,0.000000,0.001310,0.000000,0.012910
728,0,0.000000,5.449545,0.128290,0.005222,5.583057,0.000000,0.000000,5.605458,0.011690,0.000000,0.001077,0.000000,0.012767
729,0,0.000000,5.437049,0.124815,0.005463,5.567327,0.000000,0.000000,5.588859,0.011718,0.000000,0.001011,0.000000,0.012729
730,0,0.000000,5.678984,0.122893,0.004955,5.806832,0.000000,0.000000,5.830089,0.010618,0.000000,0.001206,0.000000,0.011824
731,0,0.000000,5.256044,0.127008,0.005274,5.388326,0.000000,0.000000,5.408898,0.011152,0.000000,0.000806,0.000000,0.011958
732,0,0.000000,5.319471,0.125726,0.005133,5.450330,0.000000,0.000000,5.476203,0.015557,0.000000,0.001019,0.000000,0.016576
733,0,0.000000,5.231239,0.132612,0.005356,5.369207,0.000000,0.000000,5.389252,0.010737,0.000000,0.000936,0.000000,0.011673
734,0,0.000000,5.196875,0.222653,0.006031,5.425559,0.000000,0.000000,5.446379,0.010804,0.000000,0.000870,0.000000,0.011674
735,0,0.000000,5.631096,0.122371,0.005271,5.758738,0.000000,0.000000,5.782560,0.009763,0.000000,0.001178,0.000000,0.010941
736,0,0.000000,5.923513,0.121740,0.022681,6.067934,0.000000,0.000000,6.091388,0.011836,0.000000,0.000943,0.000000,0.012779
737,0,0.000000,5.375955,0.272975,0.006594,5.655524,0.000000,0.000000,5.676621,0.011418,0.000000,0.001103,0.000000,0.012521
738,0,0.000000,5.712174,0.123099,0.005750,5.841023,0.000000,0.000000,5.863753,0.012443,0.000000,0.000980,0.000000,0.013423
739,0,0.000000,5.414623,0.136147,0.005431,5.556201,0.000000,0.000000,5.575349,0.011217,0.000000,0.000877,0.000000,0.012094
740,0,0.000000,5.397234,0.125857,0.005171,5.528262,0.000000,0.000000,5.548812,0.010873,0.000000,0.000913,0.000000,0.011786
741,0,0.000000,5.265120,0.122717,0.005259,5.393096,0.000000,0.000000,5.411406,0.009935,0.000000,0.000742,0.000000,0.010677
742,0,0.000000,5.156502,0.116442,0.004918,5.277862,0.000000,0.000000,5.296628,0.010970,0.000000,0.000739,0.000000,0.011709
743,0,0.000000,5.783663,0.124283,0.005537,5.913483,0.000000,0.000000,5.937087,0.010785,0.000000,0.001221,0.000000,0.012006
744,0,0.000000,5.292504,0.123394,0.004799,5.420697,0.000000,0.000000,5.441606,0.011611,0.000000,0.000938,0.000000,0.012549
745,0,0.000000,5.157075,0.183870,0.005974,5.346919,0.000000,0.000000,5.366423,0.010770,0.000000,0.000625,0.000000,0.011395
746,0,0.000000,5.509674,0.122676,0.005515,5.637865,0.000000,0.000000,5.658201,0.010058,0.000000,0.000899,0.000000,0.010957
747,0,0.000000,5.320645,0.103424,0.005104,5.429173,0.000000,0.000000,5.448012,0.008960,0.000000,0.000841,0.000000,0.009801
748,0,0.000000,5.248920,0.127037,0.005138,5.381095,0.000000,0.000000,5.401919,0.010647,0.000000,0.000789,0.000000,0.011436
749,0,0.000000,5.278865,0.113101,0.005333,5.397299,0.000000,0.000000,5.415705,0.009937,0.000000,0.000780,0.000000,0.010717
750,0,0.000000,5.229013,0.114865,0.005255,5.349133,0.000000,0.000000,5.368653,0.010457,0.000000,0.000799,0.000000,0.011256
751,0,0.000000,7.524513,0.169169,0.008299,7.701981,0.000000,0.000000,7.730701,0.010181,0.000000,0.001599,0.000000,0.011780
752,0,0.000000,6.362434,0.117350,0.005717,6.485501,0.000000,0.000000,6.515757,0.014132,0.000000,0.001679,0.000000,0.015811
753,0,0.000000,5.416638,0.215720,0.005773,5.638131,0.000000,0.000000,5.664275,0.011995,0.000000,0.001477,0.000000,0.013472
754,0,0.000000,5.818301,0.117544,0.005396,5.941241,0.000000,0.000000,5.968764,0.013981,0.000000,0.001305,0.000000,0.015286
755,0,0.000000,5.340623,0.137179,0.004968,5.482770,0.000000,0.000000,5.506318,0.011753,0.000000,0.001014,0.000000,0.012767
756,0,0.000000,7.289616,0.120077,0.005467,7.415160,0.000000,0.000000,7.440299,0.011864,0.000000,0.001185,0.000000,0.013049
757,0,0.000000,5.395731,0.134619,0.005359,5.535709,0.000000,0.000000,5.557497,0.011559,0.000000,0.000987,0.000000,0.012546
758,0,0.000000,5.981584,0.194313,0.006345,6.182242,0.000000,0.000000,6.219916,0.011451,0.000000,0.001164,0.000000,0.012615
759,0,0.000000,7.913935,0.187445,0.007470,8.108850,0.000000,0.000000,8.139581,0.011492,0.000000,0.001886,0.000000,0.013378
760,0,0.000000,6.525390,0.180613,0.005814,6.711817,0.000000,0.000000,6.744714,0.012347,0.000000,0.001190,0.000000,0.013537
761,0,0.000000,7.144645,0.204901,0.005424,7.354970,0.000000,0.000000,7.384182,0.012996,0.000000,0.001359,0.000000,0.014355
762,0,0.000000,6.762906,0.201115,0.005721,6.969742,0.000000,0.000000,6.998414,0.012795,0.000000,0.001329,0.000000,0.014124
763,0,0.000000,6.324200,0.192415,0.005688,6.522303,0.000000,0.000000,6.547608,0.012525,0.000000,0.001372,0.000000,0.013897
764,0,0.000000,6.049745,0.210717,0.005798,6.266260,0.000000,0.000000,6.289028,0.011437,0.000000,0.000948,0.000000,0.012385
765,0,0.000000,6.477890,0.185623,0.006127,6.669640,0.000000,0.000000,6.694298,0.010734,0.000000,0.001099,0.000000,0.011833
766,0,0.000000,6.324274,0.176915,0.005399,6.506588,0.000000,0.000000,6.531428,0.012444,0.000000,0.000896,0.000000,0.013340
767,0,0.000000,7.621503,0.139567,0.006042,7.767112,0.000000,0.000000,7.795203,0.010644,0.000000,0.001445,0.000000,0.012089
768,0,0.000000,5.738765,0.253436,0.007742,5.999943,0.000000,0.000000,6.025493,0.012367,0.000000,0.000975,0.000000,0.013342
769,0,0.000000,6.145881,0.134341,0.005748,6.285970,0.000000,0.000000,6.320448,0.021431,0.000000,0.000822,0.000000,0.022253
770,0,0.000000,5.233489,0.137375,0.005126,5.375990,0.000000,0.000000,5.395783,0.010568,0.000000,0.000719,0.000000,0.011287
771,0,0.000000,5.147932,0.123432,0.005141,5.276505,0.000000,0.000000,5.295840,0.011097,0.000000,0.000775,0.000000,0.011872
772,0,0.000000,6.459981,0.129028,0.005388,6.594397,0.000000,0.000000,6.615440,0.010498,0.000000,0.000986,0.000000,0.011484
773,0,0.000000,5.289107,0.119379,0.005368,5.413854,0.000000,0.000000,5.433528,0.010860,0.000000,0.000702,0.000000,0.011562
774,0,0.000000,5.371546,0.192836,0.015283,5.579665,0.000000,0.000000,5.600341,0.010207,0.000000,0.001408,0.000000,0.011615
775,0,0.000000,7.222922,0.137039,0.006011,7.365972,0.000000,0.000000,7.393645,0.015834,0.000000,0.000849,0.000000,0.016683
776,0,0.000000,5.731929,0.164827,0.005838,5.902594,0.000000,0.000000,5.927240,0.011010,0.000000,0.001541,0.000000,0.012551
777,0,0.000000,11.042167,0.282253,0.006686,11.331106,0.000000,0.000000,11.380834,0.012271,0.000000,0.001391,0.000000,0.013662
778,0,0.000000,8.409121,0.136004,0.007108,8.552233,0.000000,0.000000,8.586170,0.013522,0.000000,0.001323,0.000000,0.014845
779,0,0.000000,8.492066,0.137946,0.008497,8.638509,0.000000,0.000000,8.671417,0.013460,0.000000,0.001503,0.000000,0.014963
780,0,0.000000,8.511414,0.155055,0.010047,8.676516,0.000000,0.000000,8.716733,0.015051,0.000000,0.002820,0.000000,0.017871
781,0,0.000000,8.701397,0.182681,0.007078,8.891156,0.000000,0.000000,8.929663,0.015881,0.000000,0.001529,0.000000,0.017410
782,0,0.000000,10.429288,0.180282,0.006851,10.616421,0.000000,0.000000,10.665807,0.026411,0.000000,0.001439,0.000000,0.027850
783,0,0.000000,8.421466,0.138589,0.007840,8.567895,0.000000,0.000000,8.679038,0.088471,0.000000,0.001803,0.000000,0.090274
784,0,0.000000,7.731411,0.200506,0.009064,7.940981,0.000000,0.000000,7.978627,0.012612,0.000000,0.001573,0.000000,0.014185
785,0,0.000000,10.075405,0.136774,0.006075,10.218254,0.000000,0.000000,10.253804,0.014927,0.000000,0.001386,0.000000,0.016313
786,0,0.000000,7.868110,0.229866,0.008102,8.106078,0.000000,0.000000,8.144604,0.012929,0.000000,0.001490,0.000000,0.014419
787,0,0.000000,7.961244,0.161947,0.006884,8.130075,0.000000,0.000000,8.170980,0.017262,0.000000,0.001360,0.000000,0.018622
788,0,0.000000,7.518096,0.133716,0.006581,7.658393,0.000000,0.000000,7.693257,0.014489,0.000000,0.001697,0.000000,0.016186
789,0,0.000000,7.551789,0.543635,0.015503,8.110927,0.000000,0.000000,8.154033,0.014179,0.000000,0.003702,0.000000,0.017881
790,0,0.000000,11.206817,0.187133,0.010398,11.404348,0.000000,0.000000,11.463313,0.025146,0.000000,0.001718,0.000000,0.026864
791,0,0.000000,11.182051,0.150419,0.008999,11.341469,0.000000,0.000000,11.618316,0.023609,0.000000,0.001740,0.000000,0.025349
792,0,0.000000,8.346386,0.187736,0.006781,8.540903,0.000000,0.000000,8.612307,0.013306,0.000000,0.001335,0.000000,0.014641
793,0,0.000000,10.083364,0.173017,0.010628,10.267009,0.000000,0.000000,10.300525,0.012908,0.000000,0.001590,0.000000,0.014498
794,0,0.000000,7.594256,0.186035,0.007497,7.787788,0.000000,0.000000,7.818678,0.011909,0.000000,0.001115,0.000000,0.013024
795,0,0.000000,8.331273,0.220139,0.005739,8.557151,0.000000,0.000000,8.591427,0.012824,0.000000,0.001610,0.000000,0.014434
796,0,0.000000,8.292946,0.288950,0.010485,8.592381,0.000000,0.000000,8.640769,0.019982,0.000000,0.002010,0.000000,0.021992
797,0,0.000000,8.409096,0.196641,0.009655,8.615392,0.000000,0.000000,8.658013,0.020659,0.000000,0.001677,0.000000,0.022336
798,0,0.000000,8.221515,0.121883,0.009178,8.352576,0.000000,0.000000,8.384986,0.013588,0.000000,0.001246,0.000000,0.014834
799,0,0.000000,7.869518,0.121219,0.009857,8.000594,0.000000,0.000000,8.030855,0.012179,0.000000,0.001200,0.000000,0.013379
800,0,0.000000,8.491795,0.156330,0.007687,8.655812,0.000000,0.000000,8.685260,0.012305,0.000000,0.001400,0.000000,0.013705
801,0,0.000000,7.676060,0.115304,0.005730,7.797094,0.000000,0.000000,7.840119,0.027202,0.000000,0.001253,0.000000,0.028455
802,0,0.000000,7.892472,0.187085,0.007294,8.086851,0.000000,0.000000,8.114955,0.012417,0.000000,0.001627,0.000000,0.014044
803,0,0.000000,8.375265,0.177426,0.010784,8.563475,0.000000,0.000000,8.594266,0.012586,0.000000,0.001478,0.000000,0.014064
804,0,0.000000,8.137802,0.132169,0.009555,8.279526,0.000000,0.000000,8.308776,0.014928,0.000000,0.001165,0.000000,0.016093
805,0,0.000000,6.862716,0.119312,0.006143,6.988171,0.000000,0.000000,7.016155,0.011741,0.000000,0.001460,0.000000,0.013201
806,0,0.000000,8.580610,0.133050,0.006502,8.720162,0.000000,0.000000,8.748692,0.012660,0.000000,0.001471,0.000000,0.014131
807,0,0.000000,6.448012,0.162241,0.007961,6.618214,0.000000,0.000000,6.662884,0.028655,0.000000,0.001293,0.000000,0.029948
808,0,0.000000,6.744806,0.178686,0.005422,6.928914,0.000000,0.000000,6.954571,0.011971,0.000000,0.001221,0.000000,0.013192
809,0,0.000000,6.594590,0.175243,0.004580,6.774413,0.000000,0.000000,6.801721,0.011822,0.000000,0.001767,0.000000,0.013589
810,0,0.000000,8.551650,0.118131,0.010643,8.680424,0.000000,0.000000,8.710983,0.012894,0.000000,0.001509,0.000000,0.014403
811,0,0.000000,6.189019,0.119103,0.008256,6.316378,0.000000,0.000000,6.350716,0.020241,0.000000,0.001360,0.000000,0.021601
812,0,0.000000,7.002755,0.109675,0.006060,7.118490,0.000000,0.000000,7.149426,0.012948,0.000000,0.001237,0.000000,0.014185
813,0,0.000000,5.977955,0.161274,0.006419,6.145648,0.000000,0.000000,6.173021,0.011960,0.000000,0.001414,0.000000,0.013374
814,0,0.000000,8.730002,0.123711,0.005726,8.859439,0.000000,0.000000,8.891076,0.012726,0.000000,0.001446,0.000000,0.014172
815,0,0.000000,6.180749,0.119780,0.010637,6.311166,0.000000,0.000000,6.339104,0.011713,0.000000,0.001255,0.000000,0.012968
816,0,0.000000,7.382530,0.212662,0.008616,7.603808,0.000000,0.000000,7.637512,0.013096,0.000000,0.001411,0.000000,0.014507
817,0,0.000000,7.643377,0.183312,0.008456,7.835145,0.000000,0.000000,7.873892,0.018408,0.000000,0.001881,0.000000,0.020289
818,0,0.000000,8.119171,0.134158,0.011058,8.264387,0.000000,0.000000,8.298659,0.014425,0.000000,0.001650,0.000000,0.016075
819,0,0.000000,7.034541,0.129545,0.011395,7.175481,0.000000,0.000000,7.208562,0.014630,0.000000,0.001520,0.000000,0.016150
820,0,0.000000,8.209084,0.148080,0.008222,8.365386,0.000000,0.000000,8.396154,0.012398,0.000000,0.001442,0.000000,0.013840
821,0,0.000000,6.698063,0.132641,0.006719,6.837423,0.000000,0.000000,6.866396,0.011754,0.000000,0.001418,0.000000,0.013172
822,0,0.000000,8.323854,0.202915,0.007150,8.533919,0.000000,0.000000,8.566517,0.012150,0.000000,0.001475,0.000000,0.013625
823,0,0.000000,8.657951,0.199300,0.006506,8.863757,0.000000,0.000000,8.902729,0.013890,0.000000,0.001955,0.000000,0.015845
824,0,0.000000,8.867260,0.116976,0.006472,8.990708,0.000000,0.000000,9.027670,0.013503,0.000000,0.001566,0.000000,0.015069
825,0,0.000000,7.467064,0.117830,0.006343,7.591237,0.000000,0.000000,7.620439,0.011959,0.000000,0.001728,0.000000,0.013687
826,0,0.000000,6.721479,0.144579,0.013370,6.879428,0.000000,0.000000,6.917505,0.011618,0.000000,0.001390,0.000000,0.013008
827,0,0.000000,7.187660,0.123796,0.009445,7.320901,0.000000,0.000000,7.364227,0.024017,0.000000,0.001739,0.000000,0.025756
828,0,0.000000,7.641458,0.125026,0.006824,7.773308,0.000000,0.000000,7.804123,0.012363,0.000000,0.001391,0.000000,0.013754
829,0,0.000000,8.820619,0.226367,0.014246,9.061232,0.000000,0.000000,9.103767,0.011633,0.000000,0.001811,0.000000,0.013444
830,0,0.000000,8.040792,0.186616,0.010636,8.238044,0.000000,0.000000,8.301285,0.025536,0.000000,0.001902,0.000000,0.027438
831,0,0.000000,7.387177,0.243751,0.007134,7.638062,0.000000,0.000000,7.694825,0.018419,0.000000,0.001994,0.000000,0.020413
832,0,0.000000,7.001369,0.139654,0.008087,7.149110,0.000000,0.000000,7.190781,0.020116,0.000000,0.001394,0.000000,0.021510
833,0,0.000000,7.816344,0.127324,0.005824,7.949492,0.000000,0.000000,7.979651,0.012244,0.000000,0.001266,0.000000,0.013510
834,0,0.000000,7.838073,0.177129,0.005790,8.020992,0.000000,0.000000,8.051172,0.011983,0.000000,0.001556,0.000000,0.013539
835,0,0.000000,7.562669,0.118755,0.007175,7.688599,0.000000,0.000000,7.723521,0.012798,0.000000,0.001534,0.000000,0.014332
836,0,0.000000,6.792479,0.123709,0.005769,6.921957,0.000000,0.000000,6.950256,0.011748,0.000000,0.001288,0.000000,0.013036
837,0,0.000000,7.792697,0.122692,0.010546,7.925935,0.000000,0.000000,7.964276,0.019847,0.000000,0.001450,0.000000,0.021297
838,0,0.000000,6.948886,0.156391,0.009766,7.115043,0.000000,0.000000,7.144920,0.011637,0.000000,0.001195,0.000000,0.012832
839,0,0.000000,6.837549,0.129364,0.007611,6.974524,0.000000,0.000000,7.018442,0.011299,0.000000,0.001613,0.000000,0.012912
840,0,0.000000,6.590420,0.113114,0.009022,6.712556,0.000000,0.000000,6.760012,0.029665,0.000000,0.001233,0.000000,0.030898
841,0,0.000000,6.592884,0.115556,0.009360,6.717800,0.000000,0.000000,6.745593,0.011731,0.000000,0.001352,0.000000,0.013083
842,0,0.000000,6.605029,0.122948,0.005322,6.733299,0.000000,0.000000,6.761749,0.012488,0.000000,0.001072,0.000000,0.013560
843,0,0.000000,7.365601,0.218342,0.007274,7.591217,0.000000,0.000000,7.635825,0.011626,0.000000,0.001644,0.000000,0.013270
844,0,0.000000,7.574907,0.204292,0.005960,7.785159,0.000000,0.000000,7.820016,0.012118,0.000000,0.002006,0.000000,0.014124
845,0,0.000000,7.284935,0.199267,0.013556,7.497758,0.000000,0.000000,7.536624,0.013175,0.000000,0.001798,0.000000,0.014973
846,0,0.000000,6.453586,0.121149,0.006043,6.580778,0.000000,0.000000,6.611093,0.013885,0.000000,0.001197,0.000000,0.015082
847,0,0.000000,6.636761,0.112879,0.006451,6.756091,0.000000,0.000000,6.785844,0.012226,0.000000,0.001210,0.000000,0.013436
848,0,0.000000,6.497929,0.173122,0.007407,6.678458,0.000000,0.000000,6.711765,0.012675,0.000000,0.001531,0.000000,0.014206
849,0,0.000000,7.104440,0.169724,0.007197,7.281361,0.000000,0.000000,7.315729,0.014929,0.000000,0.001514,0.000000,0.016443
850,1,0.000000,6.872642,0.134478,0.006233,7.013353,0.000000,0.000000,7.051549,0.016651,0.000000,0.001329,0.000000,0.017980
851,1,0.000000,7.545185,0.137963,0.007621,7.690769,0.000000,0.000000,7.722535,0.012897,0.000000,0.002530,0.000000,0.015427
852,1,0.000000,10.204767,0.134155,0.009250,10.348172,0.000000,0.000000,10.380258,0.013953,0.000000,0.001305,0.000000,0.015258
853,1,0.000000,10.113228,0.324723,0.012970,10.450921,0.000000,0.000000,10.488921,0.018152,0.000000,0.001339,0.000000,0.019491
854,1,0.000000,6.656103,0.108332,0.007738,6.772173,0.000000,0.000000,6.805941,0.012953,0.000000,0.001212,0.000000,0.014165
855,2,0.000000,6.394577,0.114607,0.005537,6.514721,0.000000,0.000000,6.540876,0.011594,0.000000,0.001563,0.000000,0.013157
856,2,0.000000,5.672376,0.112644,0.008593,5.793613,0.000000,0.000000,5.837511,0.011865,0.000000,0.001103,0.000000,0.012968
857,2,0.000000,5.960915,0.106380,0.005592,6.072887,0.000000,0.000000,6.098117,0.010916,0.000000,0.001370,0.000000,0.012286
858,2,0.000000,5.655726,0.118345,0.005466,5.779537,0.000000,0.000000,5.802482,0.011630,0.000000,0.001087,0.000000,0.012717
859,2,0.000000,5.437339,0.121361,0.005833,5.564533,0.000000,0.000000,5.586716,0.012167,0.000000,0.001011,0.000000,0.013178
860,2,0.000000,6.439381,0.108556,0.005516,6.553453,0.000000,0.000000,6.579980,0.011296,0.000000,0.001336,0.000000,0.012632
