iteration,food_quantity,event_poll_ms,ants_advance_ms,evaporation_ms,update_ms,advance_total_ms,render_ms,blit_ms,iteration_total_ms,mpi_halo_exchange_ms,mpi_migration_ms,mpi_food_allreduce_ms,mpi_render_comm_ms,mpi_total_comm_ms
1,0,0.000000,6.978119,0.052820,0.003814,7.034753,0.000000,0.000000,7.360132,0.036249,3.376719,0.011906,0.000000,3.410850
2,0,0.000000,4.615432,0.054797,0.003045,4.670273,0.000000,0.000000,4.975998,0.028173,1.308763,0.003273,0.000000,1.338387
3,0,0.000000,4.694242,0.057012,0.002485,4.750690,0.000000,0.000000,4.979380,0.016711,1.517360,0.003616,0.000000,1.535910
4,0,0.000000,4.361103,0.099470,0.003345,4.409577,0.000000,0.000000,4.687425,0.024615,1.304043,0.040547,0.000000,1.333015
5,0,0.000000,4.583866,0.045064,0.003820,4.631230,0.000000,0.000000,5.007510,0.026932,1.898896,0.181150,0.000000,1.927263
6,0,0.000000,4.713323,0.045087,0.002790,4.760389,0.000000,0.000000,5.046655,0.025974,1.895262,0.064908,0.000000,1.922666
7,0,0.000000,4.714260,0.045717,0.003291,4.762341,0.000000,0.000000,5.041331,0.022383,1.388305,0.069056,0.000000,1.411804
8,0,0.000000,4.478430,0.050496,0.005691,4.529624,0.000000,0.000000,4.815999,0.026027,1.648403,0.012189,0.000000,1.686619
9,0,0.000000,4.590893,0.045270,0.016096,4.638702,0.000000,0.000000,4.810209,0.017077,1.836537,0.058103,0.000000,1.855858
10,0,0.000000,5.345183,0.060349,0.003414,5.408919,0.000000,0.000000,5.711442,0.020310,1.843867,0.001625,0.000000,1.864811
11,0,0.000000,4.745702,0.040803,0.003450,4.788595,0.000000,0.000000,4.974716,0.024153,1.423449,0.077070,0.000000,1.448644
12,0,0.000000,5.676425,0.046974,0.003493,5.712777,0.000000,0.000000,6.057090,0.029333,2.592798,0.155190,0.000000,2.623619
13,0,0.000000,4.616320,0.052016,0.003192,4.670700,0.000000,0.000000,5.005932,0.021420,1.580744,0.001148,0.000000,1.598878
14,0,0.000000,4.511465,0.056369,0.002597,4.567124,0.000000,0.000000,4.912759,0.014967,1.691028,0.004598,0.000000,1.708328
15,0,0.000000,4.594507,0.046756,0.003683,4.643784,0.000000,0.000000,4.926626,0.017843,1.720199,0.080745,0.000000,1.740198
16,0,0.000000,4.366849,0.052199,0.003381,4.417727,0.000000,0.000000,4.681867,0.018304,1.388466,0.004264,0.000000,1.407537
17,0,0.000000,4.454080,0.051413,0.003096,4.508121,0.000000,0.000000,4.577399,0.018020,1.566139,0.000984,0.000000,1.584625
18,0,0.000000,4.355555,0.059485,0.004252,4.403169,0.000000,0.000000,4.682608,0.017952,1.515625,0.017125,0.000000,1.536049
19,0,0.000000,4.253780,0.051953,0.002718,4.307999,0.000000,0.000000,4.460402,0.019969,1.632278,0.003597,0.000000,1.654886
20,0,0.000000,4.234350,0.060778,0.002812,4.297219,0.000000,0.000000,4.422519,0.015653,1.638430,0.004753,0.000000,1.658709
21,0,0.000000,4.206431,0.050359,0.003169,4.259390,0.000000,0.000000,4.438730,0.079808,1.545416,0.004745,0.000000,1.629969
22,0,0.000000,4.372518,0.054921,0.004217,4.429936,0.000000,0.000000,4.561184,0.023214,1.550483,0.007354,0.000000,1.581051
23,0,0.000000,4.165333,0.048804,0.003679,4.216623,0.000000,0.000000,4.322792,0.021573,1.649051,0.002378,0.000000,1.672540
24,0,0.000000,4.181673,0.046667,0.003188,4.230938,0.000000,0.000000,4.330268,0.031659,1.640338,0.004454,0.000000,1.676451
25,0,0.000000,4.335784,0.067176,0.004294,4.388029,0.000000,0.000000,4.774438,0.021173,1.914362,0.006969,0.000000,1.936915
26,0,0.000000,4.013350,0.050429,0.003319,4.067098,0.000000,0.000000,4.171091,0.026007,1.201887,0.001852,0.000000,1.228835
27,0,0.000000,4.977187,0.055987,0.003344,5.022569,0.000000,0.000000,5.160833,0.023681,2.121964,0.019779,0.000000,2.161814
28,0,0.000000,5.571728,0.079609,0.004432,5.618972,0.000000,0.000000,5.802740,0.039630,2.541007,0.047962,0.000000,2.616283
29,0,0.000000,5.875058,0.045755,0.003747,5.922791,0.000000,0.000000,5.998516,0.027311,3.003695,0.004896,0.000000,3.032900
30,0,0.000000,4.678646,0.048140,0.003572,4.730106,0.000000,0.000000,5.052311,0.030899,1.869844,0.152366,0.000000,2.052447
31,0,0.000000,5.964084,0.049166,0.003863,6.011671,0.000000,0.000000,6.090882,0.030089,3.187029,0.004127,0.000000,3.206919
32,0,0.000000,8.190720,0.061610,0.002415,8.235973,0.000000,0.000000,8.394573,0.030860,5.435437,0.001272,0.000000,5.466822
33,0,0.000000,6.837117,0.051740,0.002826,6.882330,0.000000,0.000000,6.999034,0.024703,3.939419,0.009174,0.000000,3.961961
34,0,0.000000,6.132729,0.068166,0.004729,6.188835,0.000000,0.000000,6.336000,0.032248,3.151693,0.011310,0.000000,3.184006
35,0,0.000000,6.465634,0.084524,0.007819,6.517223,0.000000,0.000000,6.737472,0.024613,2.904301,0.024384,0.000000,2.929738
36,0,0.000000,4.955192,0.044421,0.002598,5.000864,0.000000,0.000000,5.161603,0.048697,1.154086,0.007215,0.000000,1.207765
37,0,0.000000,4.065426,0.054001,0.003116,4.111713,0.000000,0.000000,4.230520,0.032269,1.186741,0.002235,0.000000,1.219171
38,0,0.000000,4.293810,0.055662,0.016363,4.365835,0.000000,0.000000,4.502871,0.029526,1.210142,0.048272,0.000000,1.287940
39,0,0.000000,3.871012,0.048594,0.002802,3.914271,0.000000,0.000000,3.995775,0.022832,0.509481,0.015970,0.000000,0.531175
40,0,0.000000,4.093218,0.044177,0.002751,4.139209,0.000000,0.000000,4.246084,0.018164,0.081032,0.019850,0.000000,0.115374
41,0,0.000000,4.233334,0.061947,0.003125,4.269348,0.000000,0.000000,4.439329,0.018628,1.274965,0.032541,0.000000,1.297011
42,0,0.000000,4.338334,0.048805,0.002940,4.385942,0.000000,0.000000,4.497705,0.021799,1.201121,0.001566,0.000000,1.219643
43,0,0.000000,3.768374,0.046606,0.003246,3.814516,0.000000,0.000000,3.950600,0.022990,0.202981,0.004063,0.000000,0.227599
44,0,0.000000,4.320438,0.058666,0.002810,4.367407,0.000000,0.000000,4.559959,0.020190,1.115060,0.018644,0.000000,1.138945
45,0,0.000000,4.458617,0.049044,0.003274,4.509357,0.000000,0.000000,4.719159,0.018239,1.119198,0.005653,0.000000,1.142383
46,0,0.000000,4.338728,0.046167,0.002751,4.384777,0.000000,0.000000,4.492593,0.021178,0.915054,0.005179,0.000000,0.937195
47,0,0.000000,4.285603,0.047565,0.002906,4.336074,0.000000,0.000000,4.460991,0.020636,0.897525,0.001584,0.000000,0.919745
48,0,0.000000,4.743617,0.049806,0.016238,4.789665,0.000000,0.000000,5.188357,0.022230,1.729445,0.025203,0.000000,1.775583
49,0,0.000000,5.771136,0.042886,0.002577,5.815368,0.000000,0.000000,5.892159,0.021768,2.662766,0.004100,0.000000,2.687441
50,0,0.000000,4.758497,0.069976,0.002699,4.821896,0.000000,0.000000,4.928645,0.017742,1.261874,0.011472,0.000000,1.281943
51,0,0.000000,5.794961,0.083426,0.008174,5.844698,0.000000,0.000000,6.072814,0.019222,3.072321,0.047161,0.000000,3.124350
52,0,0.000000,5.481499,0.051144,0.014728,5.525401,0.000000,0.000000,5.731885,0.091829,2.358514,0.021387,0.000000,2.461599
53,0,0.000000,5.550863,0.052752,0.002512,5.602418,0.000000,0.000000,5.706847,0.039279,2.658648,0.004652,0.000000,2.693234
54,0,0.000000,5.971953,0.058436,0.013164,6.032409,0.000000,0.000000,6.192210,0.021378,3.033644,0.032282,0.000000,3.087304
55,0,0.000000,6.186204,0.051256,0.013335,6.239217,0.000000,0.000000,6.506220,0.025690,3.278035,0.030023,0.000000,3.333706
56,0,0.000000,6.971291,0.078236,0.019874,7.052444,0.000000,0.000000,7.335811,0.025205,4.672594,0.002249,0.000000,4.698594
57,0,0.000000,5.578902,0.080007,0.003371,5.652357,0.000000,0.000000,5.941380,0.074677,1.594375,0.012380,0.000000,1.643648
58,0,0.000000,6.341687,0.148300,0.012256,6.390481,0.000000,0.000000,6.707661,0.043546,2.063693,0.007663,0.000000,2.107431
59,0,0.000000,4.705310,0.049914,0.002823,4.756910,0.000000,0.000000,4.831419,0.025819,1.360509,0.002190,0.000000,1.381929
60,0,0.000000,3.812954,0.053675,0.002811,3.864718,0.000000,0.000000,3.948029,0.022313,0.606924,0.005105,0.000000,0.627328
61,0,0.000000,4.525148,0.060649,0.002772,4.587108,0.000000,0.000000,4.671104,0.015522,1.511839,0.001655,0.000000,1.527320
62,0,0.000000,4.612129,0.047205,0.002845,4.661943,0.000000,0.000000,4.767273,0.020047,1.330780,0.005572,0.000000,1.349441
63,0,0.000000,5.585315,0.063324,0.014494,5.648704,0.000000,0.000000,5.863335,0.023388,2.555875,0.001556,0.000000,2.577344
64,0,0.000000,5.491282,0.064396,0.003707,5.537787,0.000000,0.000000,5.706834,0.021619,2.144266,0.023132,0.000000,2.164624
65,0,0.000000,5.300658,0.096658,0.003249,5.362218,0.000000,0.000000,5.547419,0.014916,2.025391,0.040168,0.000000,2.041003
66,0,0.000000,5.823363,0.090583,0.002932,5.916572,0.000000,0.000000,6.099101,0.028941,1.875614,0.002612,0.000000,1.904209
67,0,0.000000,4.835703,0.076428,0.002910,4.914145,0.000000,0.000000,5.021000,0.020255,0.558528,0.016143,0.000000,0.580369
68,0,0.000000,6.723889,0.089245,0.013831,6.826965,0.000000,0.000000,6.955949,0.033449,3.414115,0.003705,0.000000,3.444402
69,0,0.000000,7.273481,0.059972,0.015719,7.347443,0.000000,0.000000,7.465844,0.029814,3.987038,0.001616,0.000000,4.012846
70,0,0.000000,7.276978,0.061074,0.014896,7.348819,0.000000,0.000000,7.504848,0.031102,4.248746,0.001870,0.000000,4.277313
71,0,0.000000,7.714388,0.067721,0.013923,7.787324,0.000000,0.000000,8.161016,0.024238,4.949486,0.104026,0.000000,5.074167
72,0,0.000000,5.869794,0.059905,0.003180,5.914081,0.000000,0.000000,6.117950,0.038139,2.972675,0.007103,0.000000,3.004498
73,0,0.000000,4.804089,0.059718,0.003345,4.852043,0.000000,0.000000,5.024297,0.030064,2.108473,0.001618,0.000000,2.135265
74,0,0.000000,4.719152,0.056523,0.003031,4.777834,0.000000,0.000000,4.872032,0.031021,1.786572,0.004089,0.000000,1.814157
75,0,0.000000,5.127394,0.054797,0.004211,5.184410,0.000000,0.000000,5.307849,0.030647,2.071592,0.003007,0.000000,2.100796
76,0,0.000000,5.125384,0.057730,0.003264,5.168766,0.000000,0.000000,5.314147,0.023330,2.247091,0.004824,0.000000,2.267160
77,0,0.000000,6.865327,0.110824,0.003045,6.953622,0.000000,0.000000,7.104088,0.082285,3.757409,0.002144,0.000000,3.840805
78,0,0.000000,8.014956,0.077438,0.004444,8.068623,0.000000,0.000000,8.281267,0.025273,5.347393,0.023028,0.000000,5.372221
79,0,0.000000,4.717760,0.065107,0.003544,4.770089,0.000000,0.000000,4.982962,0.024106,0.447835,0.017035,0.000000,0.472337
80,0,0.000000,4.936274,0.062612,0.003303,4.965386,0.000000,0.000000,5.161921,0.031310,1.076364,0.037441,0.000000,1.097357
81,0,0.000000,6.012593,0.080068,0.015105,6.093215,0.000000,0.000000,6.272378,0.054545,1.590313,0.002193,0.000000,1.623571
82,0,0.000000,6.519434,0.067805,0.013978,6.580701,0.000000,0.000000,7.047825,0.061540,4.174900,0.002051,0.000000,4.230256
83,0,0.000000,5.834278,0.067244,0.014382,5.895581,0.000000,0.000000,6.313923,0.039322,2.854104,0.171976,0.000000,3.058486
84,0,0.000000,7.984207,0.113071,0.014360,8.066342,0.000000,0.000000,8.720216,0.026726,4.417176,0.003514,0.000000,4.442199
85,0,0.000000,8.109490,0.078896,0.016804,8.192807,0.000000,0.000000,8.716990,0.070213,4.650389,0.002083,0.000000,4.695779
86,0,0.000000,7.342660,0.091100,0.037924,7.436460,0.000000,0.000000,7.864107,0.033863,3.083885,0.003002,0.000000,3.112139
87,0,0.000000,5.414711,0.064441,0.014229,5.491566,0.000000,0.000000,5.677825,0.044892,0.628620,0.001400,0.000000,0.668763
88,0,0.000000,5.105743,0.056464,0.002699,5.163626,0.000000,0.000000,5.328378,0.040655,0.379323,0.033565,0.000000,0.414433
89,0,0.000000,5.442103,0.063832,0.014634,5.519891,0.000000,0.000000,5.709423,0.030970,1.235593,0.037482,0.000000,1.302910
90,0,0.000000,5.958209,0.070814,0.003300,6.019027,0.000000,0.000000,6.183584,0.032822,1.592648,0.018109,0.000000,1.620187
91,0,0.000000,6.145998,0.080322,0.003872,6.206598,0.000000,0.000000,6.369399,0.033109,1.943490,0.026660,0.000000,1.970707
92,0,0.000000,5.572719,0.062726,0.003215,5.636747,0.000000,0.000000,6.032179,0.032537,1.161318,0.098862,0.000000,1.289752
93,0,0.000000,5.258811,0.060098,0.003183,5.320796,0.000000,0.000000,5.477571,0.035958,1.110074,0.013655,0.000000,1.157863
94,0,0.000000,5.000850,0.056138,0.003228,5.059025,0.000000,0.000000,5.279203,0.022804,1.342394,0.002888,0.000000,1.362135
95,0,0.000000,4.431486,0.173796,0.003999,4.529512,0.000000,0.000000,4.799771,0.031792,0.563040,0.120749,0.000000,0.715581
96,0,0.000000,5.722640,0.060301,0.003164,5.786105,0.000000,0.000000,6.225248,0.188099,3.387762,0.078493,0.000000,3.601105
97,0,0.000000,5.642965,0.064140,0.019908,5.694534,0.000000,0.000000,6.054433,0.030356,3.221073,0.001475,0.000000,3.248149
98,0,0.000000,4.789920,0.059163,0.013404,4.862487,0.000000,0.000000,5.231731,0.041737,2.195118,0.131407,0.000000,2.351351
99,0,0.000000,4.703127,0.056923,0.013142,4.773192,0.000000,0.000000,4.919451,0.023517,1.943351,0.001249,0.000000,1.963684
100,0,0.000000,5.126491,0.063033,0.003454,5.191722,0.000000,0.000000,5.355776,0.024308,2.635097,0.001779,0.000000,2.656025
101,0,0.000000,5.160724,0.062202,0.003674,5.226600,0.000000,0.000000,5.322580,0.032904,1.415337,0.019553,0.000000,1.467794
102,0,0.000000,6.402216,0.055928,0.002925,6.461069,0.000000,0.000000,6.595179,0.032925,3.870455,0.001673,0.000000,3.904504
103,0,0.000000,5.253052,0.082667,0.002750,5.300853,0.000000,0.000000,5.509611,0.015045,2.107115,0.001097,0.000000,2.120839
104,0,0.000000,4.488867,0.057521,0.011177,4.557565,0.000000,0.000000,4.745748,0.019193,2.186595,0.019640,0.000000,2.205460
105,0,0.000000,5.246506,0.052157,0.003040,5.300859,0.000000,0.000000,5.400134,0.028435,2.762201,0.022386,0.000000,2.786173
106,0,0.000000,5.329198,0.061467,0.004019,5.377239,0.000000,0.000000,5.586775,0.021559,2.276727,0.047208,0.000000,2.333130
107,0,0.000000,5.382421,0.061379,0.004322,5.433120,0.000000,0.000000,5.514008,0.026273,2.146906,0.005740,0.000000,2.175424
108,0,0.000000,5.630137,0.058345,0.004899,5.677441,0.000000,0.000000,5.876410,0.025285,2.620766,0.006013,0.000000,2.647752
109,0,0.000000,4.366508,0.056917,0.003007,4.425974,0.000000,0.000000,4.579862,0.021888,1.387263,0.004730,0.000000,1.408476
110,0,0.000000,3.728139,0.096281,0.003307,3.774061,0.000000,0.000000,4.103150,0.014054,1.428338,0.070074,0.000000,1.512466
111,0,0.000000,7.312988,0.364329,0.004374,7.384680,0.000000,0.000000,7.798910,0.015395,4.778009,0.319983,0.000000,4.795436
112,0,0.000000,6.308026,0.058499,0.002972,6.353349,0.000000,0.000000,6.462273,0.021994,2.178504,0.001947,0.000000,2.202445
113,0,0.000000,4.140270,0.058996,0.002747,4.199058,0.000000,0.000000,4.302842,0.016969,0.839589,0.003091,0.000000,0.857849
114,0,0.000000,4.340613,0.045743,0.002852,4.389030,0.000000,0.000000,4.488821,0.018362,1.656612,0.005943,0.000000,1.676188
115,0,0.000000,4.276090,0.061393,0.003278,4.330668,0.000000,0.000000,4.599924,0.018512,1.746020,0.103116,0.000000,1.865657
116,0,0.000000,4.039303,0.051429,0.002878,4.084046,0.000000,0.000000,4.196998,0.017677,1.582100,0.002917,0.000000,1.598522
117,0,0.000000,3.975865,0.056666,0.002890,4.020214,0.000000,0.000000,4.244465,0.015775,1.563161,0.014975,0.000000,1.579308
118,0,0.000000,4.130939,0.054650,0.002816,4.175488,0.000000,0.000000,4.383847,0.016395,1.746199,0.004008,0.000000,1.761077
119,0,0.000000,4.020215,0.055608,0.003212,4.065405,0.000000,0.000000,4.265738,0.022238,1.011837,0.041217,0.000000,1.073369
120,0,0.000000,3.924273,0.056212,0.002540,3.974790,0.000000,0.000000,4.197952,0.015738,1.619033,0.001882,0.000000,1.635977
121,0,0.000000,4.344311,0.057246,0.003231,4.391948,0.000000,0.000000,4.496320,0.020532,1.274583,0.016505,0.000000,1.294223
122,0,0.000000,4.770437,0.051719,0.002723,4.824879,0.000000,0.000000,5.069986,0.027928,0.737132,0.005205,0.000000,0.769452
123,0,0.000000,4.383724,0.059649,0.017346,4.431040,0.000000,0.000000,4.884642,0.026646,0.959991,0.067125,0.000000,1.049342
124,0,0.000000,4.760758,0.054229,0.002941,4.817454,0.000000,0.000000,5.058717,0.054058,1.178343,0.002142,0.000000,1.225546
125,0,0.000000,5.672102,0.058012,0.013070,5.719668,0.000000,0.000000,6.077520,0.022002,2.912351,0.123664,0.000000,2.936224
126,0,0.000000,4.849273,0.058273,0.012176,4.897314,0.000000,0.000000,5.408132,0.025522,0.867088,0.014034,0.000000,0.890325
127,0,0.000000,4.593439,0.053768,0.002956,4.645156,0.000000,0.000000,4.754549,0.024343,0.289248,0.007978,0.000000,0.314672
128,0,0.000000,5.093078,0.055818,0.002829,5.140372,0.000000,0.000000,5.231244,0.029983,0.910010,0.009512,0.000000,0.941059
129,0,0.000000,4.786449,0.057660,0.016732,4.860841,0.000000,0.000000,4.972630,0.030087,0.958784,0.006280,0.000000,0.993947
130,0,0.000000,5.263043,0.071909,0.003578,5.328234,0.000000,0.000000,5.632885,0.027774,2.203315,0.028860,0.000000,2.259949
131,0,0.000000,5.784029,0.062059,0.003314,5.848373,0.000000,0.000000,6.091100,0.030333,3.139036,0.074930,0.000000,3.170730
132,0,0.000000,5.679909,0.050938,0.002976,5.733124,0.000000,0.000000,6.014139,0.022202,2.498352,0.008170,0.000000,2.528724
133,0,0.000000,5.650923,0.048187,0.003134,5.701565,0.000000,0.000000,5.954227,0.018458,2.347961,0.006354,0.000000,2.372773
134,0,0.000000,5.744202,0.083344,0.003321,5.794781,0.000000,0.000000,5.966744,0.019904,3.291942,0.051086,0.000000,3.362932
135,0,0.000000,5.685625,0.070206,0.004260,5.743160,0.000000,0.000000,6.040553,0.018444,3.223096,0.008396,0.000000,3.241959
136,0,0.000000,5.512839,0.058754,0.003235,5.563025,0.000000,0.000000,5.807305,0.050700,2.898167,0.055907,0.000000,2.940372
137,0,0.000000,4.946985,0.057720,0.003194,5.005517,0.000000,0.000000,5.230110,0.017252,2.356268,0.009354,0.000000,2.382874
138,0,0.000000,4.363862,0.057804,0.002711,4.422854,0.000000,0.000000,4.682514,0.017985,1.188920,0.005148,0.000000,1.210730
139,0,0.000000,4.259038,0.048143,0.002990,4.306958,0.000000,0.000000,4.538482,0.019902,1.433700,0.080357,0.000000,1.454248
140,0,0.000000,4.276444,0.051566,0.002621,4.330027,0.000000,0.000000,4.653668,0.019594,0.806136,0.003677,0.000000,0.828255
141,0,0.000000,4.942803,0.053474,0.003153,4.990657,0.000000,0.000000,5.103605,0.018086,1.567404,0.013351,0.000000,1.588060
142,0,0.000000,5.013981,0.054500,0.003115,5.060699,0.000000,0.000000,5.148889,0.020837,1.993592,0.001315,0.000000,2.015744
143,0,0.000000,5.283063,0.058534,0.003109,5.344706,0.000000,0.000000,5.456105,0.025328,2.478276,0.002305,0.000000,2.502037
144,0,0.000000,6.119097,0.057351,0.003088,6.179351,0.000000,0.000000,6.338638,0.029685,3.413555,0.001623,0.000000,3.443933
145,0,0.000000,6.395989,0.057203,0.003394,6.456586,0.000000,0.000000,6.551761,0.018946,3.627958,0.001256,0.000000,3.646896
146,0,0.000000,5.929880,0.053075,0.012573,5.983985,0.000000,0.000000,6.191499,0.023879,3.146303,0.001119,0.000000,3.161915
147,0,0.000000,5.459653,0.058384,0.012758,5.513652,0.000000,0.000000,5.848692,0.023139,1.989546,0.011381,0.000000,2.010247
148,0,0.000000,5.733692,0.061970,0.012265,5.780751,0.000000,0.000000,6.101186,0.030478,1.783535,0.130678,0.000000,1.922920
149,0,0.000000,5.509700,0.090723,0.010470,5.589038,0.000000,0.000000,5.813526,0.046682,0.888628,0.033806,0.000000,0.937136
150,0,0.000000,5.639875,0.059842,0.003085,5.691527,0.000000,0.000000,5.828531,0.035252,1.732612,0.003439,0.000000,1.762771
151,0,0.000000,4.824617,0.054324,0.008985,4.879547,0.000000,0.000000,5.005302,0.021546,0.573510,0.021160,0.000000,0.615341
152,0,0.000000,4.906185,0.055946,0.003357,4.950457,0.000000,0.000000,5.111652,0.035919,1.230375,0.019132,0.000000,1.267892
153,0,0.000000,4.679355,0.058055,0.018585,4.724672,0.000000,0.000000,5.067295,0.022326,1.160604,0.011087,0.000000,1.183945
154,0,0.000000,4.681566,0.057973,0.014999,4.727874,0.000000,0.000000,5.002188,0.027132,1.363415,0.008355,0.000000,1.386370
155,0,0.000000,4.777973,0.050259,0.002950,4.826890,0.000000,0.000000,4.945054,0.038542,1.962216,0.004748,0.000000,1.995275
156,0,0.000000,4.906975,0.050441,0.002888,4.955131,0.000000,0.000000,5.106763,0.042761,1.951816,0.008163,0.000000,1.980371
157,0,0.000000,4.384041,0.055122,0.002748,4.440847,0.000000,0.000000,4.533895,0.021571,0.921055,0.013702,0.000000,0.942318
158,0,0.000000,4.419678,0.053324,0.011625,4.472513,0.000000,0.000000,4.745303,0.026055,0.583124,0.005990,0.000000,0.610115
159,0,0.000000,4.420076,0.050305,0.013185,4.483566,0.000000,0.000000,4.685895,0.033225,1.130483,0.005568,0.000000,1.160970
160,0,0.000000,4.258279,0.057175,0.002853,4.313627,0.000000,0.000000,4.460714,0.032000,0.924128,0.008630,0.000000,0.952904
161,0,0.000000,4.166218,0.055449,0.003183,4.217417,0.000000,0.000000,4.452886,0.018622,1.322088,0.092970,0.000000,1.371449
162,0,0.000000,4.139104,0.051912,0.002917,4.188495,0.000000,0.000000,4.265527,0.021695,1.128074,0.006692,0.000000,1.152050
163,0,0.000000,4.395478,0.092985,0.004411,4.441582,0.000000,0.000000,4.727628,0.016888,1.089708,0.055135,0.000000,1.105480
164,0,0.000000,4.647931,0.053273,0.011443,4.712647,0.000000,0.000000,4.878753,0.026199,0.495874,0.005838,0.000000,0.520840
165,0,0.000000,4.016974,0.047324,0.002914,4.066203,0.000000,0.000000,4.146875,0.026628,0.355843,0.003890,0.000000,0.385900
166,0,0.000000,4.571737,0.065808,0.011202,4.621282,0.000000,0.000000,4.918268,0.025472,0.621428,0.139889,0.000000,0.754804
167,0,0.000000,5.538510,0.198663,0.011413,5.592131,0.000000,0.000000,5.890160,0.025253,2.104670,0.013273,0.000000,2.129187
168,0,0.000000,5.979954,0.053494,0.012178,6.024506,0.000000,0.000000,6.517070,0.045099,3.128917,0.005077,0.000000,3.160724
169,0,0.000000,4.882452,0.079693,0.003572,4.963806,0.000000,0.000000,5.079358,0.028908,1.949937,0.017618,0.000000,1.975280
170,0,0.000000,5.591120,0.067026,0.003096,5.659921,0.000000,0.000000,5.788330,0.034835,1.972712,0.038011,0.000000,2.003065
171,0,0.000000,5.160910,0.056424,0.012026,5.212699,0.000000,0.000000,5.382858,0.027855,1.352273,0.044972,0.000000,1.423256
172,0,0.000000,4.952547,0.050114,0.002858,5.004808,0.000000,0.000000,5.159866,0.024217,0.955897,0.004375,0.000000,0.979315
173,0,0.000000,4.109135,0.058501,0.016647,4.170484,0.000000,0.000000,4.524636,0.027124,0.710257,0.005042,0.000000,0.738144
174,0,0.000000,5.194549,0.074137,0.013832,5.257093,0.000000,0.000000,5.657795,0.028312,1.333269,0.188232,0.000000,1.535086
175,0,0.000000,5.310977,0.057660,0.003611,5.370128,0.000000,0.000000,5.511391,0.034995,2.377626,0.006848,0.000000,2.408886
176,0,0.000000,4.924944,0.054332,0.003381,4.961888,0.000000,0.000000,5.213624,0.029510,1.200471,0.084964,0.000000,1.289849
177,0,0.000000,4.892889,0.058741,0.004013,4.953955,0.000000,0.000000,5.083728,0.015997,1.146770,0.001933,0.000000,1.163854
178,0,0.000000,5.305859,0.058837,0.003747,5.349819,0.000000,0.000000,5.644028,0.024651,1.349396,0.087060,0.000000,1.375558
179,0,0.000000,5.422888,0.059359,0.003016,5.484577,0.000000,0.000000,5.605111,0.017813,2.102325,0.002393,0.000000,2.121385
180,0,0.000000,4.760073,0.056910,0.004130,4.820324,0.000000,0.000000,4.929137,0.017843,1.539090,0.015396,0.000000,1.556488
181,0,0.000000,4.756675,0.059471,0.013011,4.825670,0.000000,0.000000,5.087294,0.024352,0.542397,0.032493,0.000000,0.563900
182,0,0.000000,5.422564,0.062248,0.017663,5.500701,0.000000,0.000000,5.679715,0.031568,1.330970,0.001845,0.000000,1.357902
183,0,0.000000,5.774872,0.076053,0.003561,5.809819,0.000000,0.000000,6.151179,0.033272,3.031573,0.099087,0.000000,3.112999
184,0,0.000000,5.377058,0.077561,0.013769,5.443688,0.000000,0.000000,5.878604,0.032122,2.035080,0.047779,0.000000,2.069786
185,0,0.000000,7.259938,0.064008,0.003202,7.327148,0.000000,0.000000,7.459215,0.039200,4.040620,0.020341,0.000000,4.100161
186,0,0.000000,7.062026,0.062229,0.013399,7.118864,0.000000,0.000000,7.459923,0.023218,2.951458,0.007185,0.000000,2.970405
187,0,0.000000,6.556157,0.059410,0.003070,6.612896,0.000000,0.000000,6.724197,0.028164,2.448933,0.007670,0.000000,2.482068
188,0,0.000000,5.794049,0.055495,0.014461,5.827028,0.000000,0.000000,6.100156,0.020781,1.500454,0.027089,0.000000,1.519968
189,0,0.000000,4.260088,0.051509,0.002783,4.313704,0.000000,0.000000,4.425701,0.029122,0.646083,0.009425,0.000000,0.683671
190,0,0.000000,4.251335,0.051651,0.002802,4.304754,0.000000,0.000000,4.405333,0.020917,0.361867,0.009699,0.000000,0.380344
191,0,0.000000,4.609654,0.051222,0.011943,4.672819,0.000000,0.000000,4.789581,0.019308,0.995028,0.010269,0.000000,1.023803
192,0,0.000000,4.172936,0.063763,0.012945,4.208576,0.000000,0.000000,4.485493,0.027315,0.707662,0.115470,0.000000,0.829147
193,0,0.000000,4.686709,0.048665,0.010150,4.745524,0.000000,0.000000,4.847564,0.029120,1.394619,0.006819,0.000000,1.424940
194,0,0.000000,4.313820,0.054930,0.003260,4.371538,0.000000,0.000000,4.485014,0.023466,0.887723,0.001716,0.000000,0.907660
195,0,0.000000,4.831992,0.054549,0.012541,4.889377,0.000000,0.000000,5.063038,0.019383,1.228091,0.001300,0.000000,1.245007
196,0,0.000000,4.448929,0.052406,0.002912,4.503592,0.000000,0.000000,4.606312,0.025875,0.719286,0.007406,0.000000,0.742106
197,0,0.000000,5.450374,0.059373,0.002989,5.512600,0.000000,0.000000,5.625242,0.024565,1.714574,0.001525,0.000000,1.736728
198,0,0.000000,4.485753,0.052874,0.008471,4.517617,0.000000,0.000000,4.793725,0.026587,1.915526,0.006877,0.000000,1.938287
199,0,0.000000,4.154820,0.047927,0.003015,4.204403,0.000000,0.000000,4.307633,0.025931,1.241429,0.006625,0.000000,1.264699
200,0,0.000000,5.075232,0.070753,0.003000,5.120474,0.000000,0.000000,5.301876,0.021260,2.542829,0.033866,0.000000,2.564023
201,0,0.000000,5.286010,0.048487,0.002804,5.329923,0.000000,0.000000,5.455222,0.042992,1.802881,0.009765,0.000000,1.854322
202,0,0.000000,4.582283,0.047221,0.002968,4.630538,0.000000,0.000000,4.726466,0.017801,1.086513,0.003523,0.000000,1.104089
203,0,0.000000,5.656531,0.060159,0.003402,5.704755,0.000000,0.000000,5.943955,0.015824,2.621696,0.020473,0.000000,2.641289
204,0,0.000000,5.589791,0.056159,0.003591,5.634154,0.000000,0.000000,5.858301,0.030365,2.229840,0.063362,0.000000,2.317282
205,0,0.000000,5.198478,0.059549,0.002895,5.242799,0.000000,0.000000,5.345601,0.023744,1.436561,0.022314,0.000000,1.460567
206,0,0.000000,3.759400,0.059009,0.003248,3.821214,0.000000,0.000000,3.974155,0.063021,0.636561,0.035885,0.000000,0.704165
207,0,0.000000,3.946903,0.050830,0.002834,4.000567,0.000000,0.000000,4.069742,0.022624,0.658284,0.028286,0.000000,0.708037
208,0,0.000000,4.441150,0.055864,0.002615,4.468327,0.000000,0.000000,4.728356,0.015527,1.223785,0.035855,0.000000,1.245581
209,0,0.000000,4.423163,0.077648,0.003842,4.497174,0.000000,0.000000,4.584401,0.014967,0.849633,0.002502,0.000000,0.867102
210,0,0.000000,3.963812,0.052155,0.002910,4.012954,0.000000,0.000000,4.246372,0.021618,0.933813,0.007181,0.000000,0.956644
211,0,0.000000,4.335740,0.056953,0.003033,4.390175,0.000000,0.000000,4.477554,0.015607,0.730182,0.005689,0.000000,0.747513
212,0,0.000000,5.870235,0.065924,0.010816,5.930032,0.000000,0.000000,6.152022,0.018320,2.730271,0.003151,0.000000,2.749659
213,0,0.000000,5.516923,0.063555,0.002987,5.583205,0.000000,0.000000,5.694197,0.033598,1.938623,0.006451,0.000000,1.970304
214,0,0.000000,4.721695,0.053997,0.003338,4.776097,0.000000,0.000000,4.934267,0.028890,1.515966,0.004666,0.000000,1.544725
215,0,0.000000,4.937618,0.051262,0.002968,4.990851,0.000000,0.000000,5.086086,0.023161,1.326119,0.008660,0.000000,1.347166
216,0,0.000000,5.190140,0.063209,0.002898,5.245845,0.000000,0.000000,5.366388,0.029542,2.103938,0.011881,0.000000,2.135748
217,0,0.000000,4.989890,0.057074,0.003872,5.036608,0.000000,0.000000,5.207318,0.020793,1.577986,0.010599,0.000000,1.597451
218,0,0.000000,6.104140,0.060447,0.005792,6.155104,0.000000,0.000000,6.378318,0.028200,2.005679,0.020443,0.000000,2.036868
219,0,0.000000,5.702013,0.072855,0.003505,5.756232,0.000000,0.000000,5.878612,0.023691,1.497245,0.009250,0.000000,1.522795
220,0,0.000000,6.881443,0.106833,0.004075,6.945851,0.000000,0.000000,7.126432,0.023894,2.702814,0.010810,0.000000,2.728056
221,0,0.000000,6.140344,0.055340,0.003041,6.183200,0.000000,0.000000,6.356264,0.038345,1.911647,0.022393,0.000000,1.948200
222,0,0.000000,4.626946,0.097118,0.003480,4.726765,0.000000,0.000000,4.856119,0.031418,0.822467,0.005607,0.000000,0.855787
223,0,0.000000,5.658701,0.056812,0.004590,5.710897,0.000000,0.000000,5.944196,0.021317,2.683057,0.015432,0.000000,2.711627
224,0,0.000000,4.249521,0.056091,0.002960,4.300571,0.000000,0.000000,4.411188,0.019163,0.871000,0.008535,0.000000,0.891522
225,0,0.000000,4.492154,0.050298,0.002759,4.542470,0.000000,0.000000,4.648586,0.017252,1.736263,0.006376,0.000000,1.756033
226,0,0.000000,4.895333,0.045823,0.002731,4.940505,0.000000,0.000000,5.041652,0.016633,1.645156,0.006442,0.000000,1.667201
227,0,0.000000,4.954403,0.050177,0.003097,5.003993,0.000000,0.000000,5.137222,0.020995,2.643563,0.005126,0.000000,2.664859
228,0,0.000000,4.199420,0.046787,0.003003,4.247020,0.000000,0.000000,4.363601,0.015819,0.776002,0.001190,0.000000,0.792304
229,0,0.000000,4.989294,0.054223,0.003440,5.045882,0.000000,0.000000,5.132653,0.015762,1.318171,0.001320,0.000000,1.334079
230,0,0.000000,5.581421,0.049018,0.003056,5.627292,0.000000,0.000000,5.781221,0.027634,2.256369,0.007925,0.000000,2.284720
231,0,0.000000,5.498537,0.130791,0.015127,5.546699,0.000000,0.000000,5.816907,0.020097,2.016025,0.090907,0.000000,2.037589
232,0,0.000000,5.396609,0.046789,0.011098,5.442750,0.000000,0.000000,5.691447,0.021530,1.015569,0.001585,0.000000,1.037700
233,0,0.000000,5.283008,0.063985,0.014166,5.344170,0.000000,0.000000,5.696382,0.026311,2.446010,0.170836,0.000000,2.641566
234,0,0.000000,5.426921,0.064475,0.003152,5.493685,0.000000,0.000000,5.640141,0.030085,2.715532,0.015798,0.000000,2.740244
235,0,0.000000,4.769641,0.074505,0.011120,4.855266,0.000000,0.000000,5.000614,0.034847,1.299041,0.013094,0.000000,1.330046
236,0,0.000000,4.531686,0.046982,0.003092,4.580588,0.000000,0.000000,4.669987,0.024170,1.093599,0.001184,0.000000,1.115184
237,0,0.000000,4.196607,0.048883,0.003072,4.243629,0.000000,0.000000,4.326702,0.019457,0.435868,0.004123,0.000000,0.458840
238,0,0.000000,4.606943,0.050456,0.011734,4.654514,0.000000,0.000000,4.993901,0.031224,1.178902,0.003730,0.000000,1.211105
239,0,0.000000,4.588486,0.053052,0.003002,4.639461,0.000000,0.000000,4.737176,0.023446,0.773593,0.001600,0.000000,0.797959
240,0,0.000000,4.680672,0.064801,0.002547,4.744041,0.000000,0.000000,4.966323,0.015893,1.014498,0.004851,0.000000,1.034784
241,0,0.000000,4.153673,0.043735,0.002290,4.198754,0.000000,0.000000,4.328643,0.020855,0.305129,0.001792,0.000000,0.327090
242,0,0.000000,4.126420,0.046677,0.002617,4.173225,0.000000,0.000000,4.288789,0.022310,0.612618,0.001687,0.000000,0.635882
243,0,0.000000,4.026260,0.049843,0.013921,4.072361,0.000000,0.000000,4.287357,0.017462,0.303186,0.002129,0.000000,0.320304
244,0,0.000000,4.396889,0.049371,0.012461,4.458721,0.000000,0.000000,4.559470,0.022158,0.946602,0.002002,0.000000,0.969615
245,0,0.000000,3.819120,0.046444,0.003191,3.867642,0.000000,0.000000,3.947846,0.023543,0.093080,0.001603,0.000000,0.114583
246,0,0.000000,4.571271,0.047076,0.002929,4.616589,0.000000,0.000000,4.758983,0.021899,1.170630,0.002975,0.000000,1.193436
247,0,0.000000,5.270154,0.087281,0.003526,5.314670,0.000000,0.000000,5.528288,0.019792,0.343051,0.049562,0.000000,0.393162
248,0,0.000000,5.260824,0.055121,0.003329,5.318275,0.000000,0.000000,5.470693,0.029272,1.691825,0.022451,0.000000,1.738971
249,0,0.000000,4.590744,0.047168,0.002707,4.635369,0.000000,0.000000,4.848083,0.024106,1.745567,0.009047,0.000000,1.775183
250,0,0.000000,4.973440,0.055860,0.012073,5.020705,0.000000,0.000000,5.425137,0.020460,2.457797,0.007018,0.000000,2.478841
251,0,0.000000,5.179385,0.054091,0.012520,5.224323,0.000000,0.000000,5.591146,0.026941,1.275306,0.153052,0.000000,1.443202
252,0,0.000000,4.879407,0.056429,0.002720,4.931177,0.000000,0.000000,5.186811,0.030935,0.932650,0.001172,0.000000,0.962371
253,0,0.000000,4.743337,0.050934,0.003262,4.795116,0.000000,0.000000,4.902143,0.017979,1.863471,0.001906,0.000000,1.881907
254,0,0.000000,5.114639,0.044654,0.002844,5.162040,0.000000,0.000000,5.228137,0.013520,2.359990,0.001102,0.000000,2.374138
255,0,0.000000,5.097199,0.058076,0.003134,5.153495,0.000000,0.000000,5.240827,0.015259,2.284783,0.001772,0.000000,2.301136
256,0,0.000000,4.303819,0.054961,0.002798,4.357625,0.000000,0.000000,4.481873,0.026618,1.461650,0.005860,0.000000,1.489562
257,0,0.000000,4.722479,0.055869,0.002889,4.773971,0.000000,0.000000,4.987451,0.013899,1.801242,0.008925,0.000000,1.816475
258,0,0.000000,5.312872,0.063345,0.002544,5.353003,0.000000,0.000000,5.604876,0.015181,2.582195,0.031931,0.000000,2.615428
259,0,0.000000,4.945248,0.046851,0.002681,4.994743,0.000000,0.000000,5.186372,0.018445,2.021719,0.072689,0.000000,2.041409
260,0,0.000000,3.921451,0.050975,0.002547,3.974735,0.000000,0.000000,4.224108,0.019348,0.972209,0.006882,0.000000,0.998080
261,0,0.000000,4.178084,0.050244,0.008846,4.223203,0.000000,0.000000,4.466976,0.018066,1.243834,0.021849,0.000000,1.278403
262,0,0.000000,4.657431,0.046877,0.002883,4.702156,0.000000,0.000000,4.945907,0.020422,2.085743,0.062000,0.000000,2.107143
263,0,0.000000,4.645727,0.052327,0.002854,4.697133,0.000000,0.000000,4.913046,0.020586,1.830402,0.001155,0.000000,1.851954
264,0,0.000000,3.662762,0.050370,0.002915,3.716047,0.000000,0.000000,3.793175,0.020209,0.972667,0.007753,0.000000,1.000629
265,0,0.000000,6.355914,0.065553,0.017403,6.422724,0.000000,0.000000,6.703279,0.018022,2.821308,0.056456,0.000000,2.848804
266,0,0.000000,4.812466,0.054597,0.002803,4.869866,0.000000,0.000000,5.015118,0.034138,0.749391,0.032946,0.000000,0.784746
267,0,0.000000,5.120147,0.049939,0.011847,5.173286,0.000000,0.000000,5.342687,0.033039,1.127444,0.004513,0.000000,1.164996
268,0,0.000000,5.032168,0.047810,0.004470,5.080928,0.000000,0.000000,5.342370,0.021286,1.799810,0.008095,0.000000,1.828595
269,0,0.000000,4.199643,0.044179,0.003054,4.246651,0.000000,0.000000,4.458055,0.028772,1.446215,0.049571,0.000000,1.476119
270,0,0.000000,5.081655,0.047518,0.003010,5.127133,0.000000,0.000000,5.371239,0.017644,2.544817,0.024753,0.000000,2.564751
271,0,0.000000,4.574378,0.049088,0.003198,4.621629,0.000000,0.000000,4.742242,0.018968,1.380912,0.001405,0.000000,1.400131
272,0,0.000000,4.747133,0.047929,0.003104,4.794394,0.000000,0.000000,5.091233,0.022009,1.584264,0.004886,0.000000,1.606653
273,0,0.000000,4.697203,0.045778,0.002872,4.745097,0.000000,0.000000,4.829860,0.020233,1.913037,0.001956,0.000000,1.933584
274,0,0.000000,4.439079,0.072819,0.002617,4.495945,0.000000,0.000000,4.629607,0.019721,1.855924,0.008591,0.000000,1.876634
275,0,0.000000,4.411290,0.045458,0.003054,4.455902,0.000000,0.000000,4.642653,0.013699,1.347871,0.001375,0.000000,1.361745
276,0,0.000000,4.694643,0.047052,0.003168,4.740176,0.000000,0.000000,5.003273,0.017274,1.609425,0.101538,0.000000,1.628325
277,0,0.000000,5.497270,0.058732,0.005518,5.544417,0.000000,0.000000,5.672512,0.023815,2.316380,0.021017,0.000000,2.342262
278,0,0.000000,3.971199,0.045977,0.004610,4.020916,0.000000,0.000000,4.332014,0.028700,1.145221,0.006809,0.000000,1.179479
279,0,0.000000,4.431281,0.067770,0.004079,4.491710,0.000000,0.000000,4.589156,0.026584,1.052831,0.038195,0.000000,1.077022
280,0,0.000000,4.533389,0.062001,0.002782,4.598172,0.000000,0.000000,4.784151,0.029652,1.261068,0.059276,0.000000,1.292275
281,0,0.000000,4.192608,0.049840,0.003282,4.238229,0.000000,0.000000,4.456420,0.022600,0.777943,0.006841,0.000000,0.800872
282,0,0.000000,5.283831,0.054803,0.004092,5.335848,0.000000,0.000000,5.590275,0.021766,2.390628,0.013115,0.000000,2.425509
283,0,0.000000,5.630198,0.063170,0.005278,5.690558,0.000000,0.000000,5.932048,0.017498,2.198917,0.003098,0.000000,2.217267
284,0,0.000000,4.449593,0.048303,0.002997,4.495942,0.000000,0.000000,4.667238,0.022305,0.838404,0.001496,0.000000,0.860173
285,0,0.000000,3.732932,0.044536,0.003169,3.778106,0.000000,0.000000,4.002533,0.024679,0.430222,0.067875,0.000000,0.456179
286,0,0.000000,4.798198,0.050094,0.003631,4.846093,0.000000,0.000000,5.048809,0.019623,2.425128,0.006313,0.000000,2.445346
287,0,0.000000,4.944518,0.049605,0.002994,4.995216,0.000000,0.000000,5.074877,0.024399,1.513624,0.008764,0.000000,1.538961
288,0,0.000000,4.133016,0.056868,0.002961,4.183058,0.000000,0.000000,4.282141,0.014853,0.798814,0.009413,0.000000,0.818665
289,0,0.000000,4.103821,0.049514,0.002746,4.155071,0.000000,0.000000,4.373315,0.023982,0.525945,0.004118,0.000000,0.553507
290,0,0.000000,4.795897,0.046029,0.002770,4.841668,0.000000,0.000000,4.957692,0.014446,1.893572,0.004938,0.000000,1.909056
291,0,0.000000,4.632399,0.062008,0.004372,4.680011,0.000000,0.000000,4.980049,0.015215,1.454760,0.118258,0.000000,1.472042
292,0,0.000000,5.158356,0.051602,0.002883,5.208889,0.000000,0.000000,5.497548,0.072324,1.440557,0.002917,0.000000,1.511406
293,0,0.000000,4.020104,0.053775,0.003026,4.076468,0.000000,0.000000,4.178296,0.027423,0.198545,0.011368,0.000000,0.236658
294,0,0.000000,4.073759,0.051419,0.002692,4.127721,0.000000,0.000000,4.245799,0.022034,0.824554,0.007859,0.000000,0.851643
295,0,0.000000,4.556835,0.066014,0.003065,4.606917,0.000000,0.000000,4.709433,0.023302,0.582960,0.001450,0.000000,0.607032
296,0,0.000000,5.730360,0.055290,0.002564,5.785357,0.000000,0.000000,5.906028,0.031391,1.422238,0.001493,0.000000,1.454677
297,0,0.000000,5.582930,0.062257,0.003581,5.639596,0.000000,0.000000,5.805367,0.017885,1.791429,0.013259,0.000000,1.815949
298,0,0.000000,5.355379,0.058865,0.004159,5.409314,0.000000,0.000000,5.589230,0.036526,1.798923,0.004040,0.000000,1.833887
299,0,0.000000,5.612550,0.060095,0.012740,5.675420,0.000000,0.000000,6.029664,0.034003,2.510828,0.001631,0.000000,2.541328
300,0,0.000000,6.114300,0.048007,0.011557,6.165042,0.000000,0.000000,6.438625,0.036805,2.940463,0.099213,0.000000,3.070488
301,0,0.000000,5.061466,0.048606,0.010220,5.109848,0.000000,0.000000,5.543869,0.031586,2.388714,0.002159,0.000000,2.418084
302,0,0.000000,4.282323,0.043667,0.009392,4.328645,0.000000,0.000000,4.665942,0.019938,0.979660,0.002413,0.000000,1.001376
303,0,0.000000,4.396566,0.045397,0.010191,4.444287,0.000000,0.000000,4.679249,0.018668,1.458923,0.001448,0.000000,1.476756
304,0,0.000000,4.578346,0.045012,0.009784,4.625611,0.000000,0.000000,4.835701,0.020352,1.420759,0.080671,0.000000,1.518099
305,0,0.000000,4.698516,0.046554,0.009478,4.745631,0.000000,0.000000,5.105478,0.022428,2.042577,0.001651,0.000000,2.062899
306,0,0.000000,3.813971,0.045381,0.002475,3.860512,0.000000,0.000000,3.978151,0.025455,0.436097,0.004244,0.000000,0.462671
307,0,0.000000,4.665930,0.049784,0.002965,4.714820,0.000000,0.000000,4.771323,0.014416,1.423746,0.003395,0.000000,1.437468
308,0,0.000000,4.587064,0.048899,0.002537,4.632972,0.000000,0.000000,4.799592,0.019416,1.458126,0.006761,0.000000,1.479003
309,0,0.000000,5.014228,0.050446,0.003058,5.066978,0.000000,0.000000,5.278156,0.018394,2.267615,0.009877,0.000000,2.295886
310,0,0.000000,4.187101,0.044286,0.002467,4.232221,0.000000,0.000000,4.368069,0.027722,1.081926,0.003924,0.000000,1.113387
311,0,0.000000,4.714109,0.045804,0.003171,4.762034,0.000000,0.000000,4.925543,0.021701,2.222793,0.001366,0.000000,2.244818
312,0,0.000000,4.545426,0.042523,0.002766,4.587597,0.000000,0.000000,4.746133,0.014926,1.422131,0.058794,0.000000,1.438314
313,0,0.000000,4.272922,0.047252,0.002977,4.322345,0.000000,0.000000,4.405416,0.021998,1.904177,0.001015,0.000000,1.926653
314,0,0.000000,4.734312,0.045785,0.002402,4.780378,0.000000,0.000000,4.841606,0.017843,1.765700,0.005682,0.000000,1.789225
315,0,0.000000,4.865048,0.061698,0.003570,4.929332,0.000000,0.000000,5.211993,0.017722,2.290496,0.001925,0.000000,2.308720
316,0,0.000000,3.722349,0.058448,0.002352,3.764614,0.000000,0.000000,3.873439,0.019054,0.582561,0.002713,0.000000,0.602169
317,0,0.000000,4.828074,0.039984,0.002694,4.870025,0.000000,0.000000,4.949309,0.015528,2.400306,0.001033,0.000000,2.416191
318,0,0.000000,4.956436,0.051947,0.002690,5.010492,0.000000,0.000000,5.193362,0.017540,1.942046,0.002894,0.000000,1.962480
319,0,0.000000,4.137689,0.052696,0.002864,4.192909,0.000000,0.000000,4.358241,0.016826,1.602837,0.039156,0.000000,1.620351
320,0,0.000000,3.652067,0.043557,0.002579,3.695716,0.000000,0.000000,3.877222,0.014802,0.549575,0.001186,0.000000,0.564780
321,0,0.000000,4.646316,0.053768,0.003017,4.702338,0.000000,0.000000,4.798969,0.017331,2.214010,0.002613,0.000000,2.233937
322,0,0.000000,5.275106,0.046821,0.002855,5.320232,0.000000,0.000000,5.533835,0.025472,1.949757,0.008750,0.000000,1.983979
323,0,0.000000,4.279350,0.042234,0.002723,4.323763,0.000000,0.000000,4.387125,0.014549,1.772572,0.001382,0.000000,1.788503
324,0,0.000000,5.433993,0.049518,0.002834,5.481918,0.000000,0.000000,5.604332,0.015270,2.490861,0.005839,0.000000,2.505511
325,0,0.000000,5.757979,0.049285,0.002820,5.801692,0.000000,0.000000,5.892418,0.013110,2.883046,0.006323,0.000000,2.896522
326,0,0.000000,5.782589,0.112178,0.002705,5.834324,0.000000,0.000000,6.007240,0.019255,2.316420,0.068733,0.000000,2.346188
327,0,0.000000,5.307412,0.052665,0.003081,5.359413,0.000000,0.000000,5.480228,0.016134,2.252557,0.002898,0.000000,2.270155
328,0,0.000000,3.790996,0.049323,0.002580,3.835503,0.000000,0.000000,3.982712,0.016466,0.183702,0.011753,0.000000,0.210540
329,0,0.000000,5.711335,0.049500,0.003418,5.763344,0.000000,0.000000,5.885372,0.012622,3.055730,0.002851,0.000000,3.070854
330,0,0.000000,5.272244,0.050141,0.004196,5.324968,0.000000,0.000000,5.450292,0.017755,1.872415,0.001682,0.000000,1.891852
331,0,0.000000,4.696850,0.065872,0.003101,4.764860,0.000000,0.000000,4.853361,0.020308,1.374020,0.001214,0.000000,1.393970
332,0,0.000000,4.774826,0.061205,0.002682,4.838474,0.000000,0.000000,4.957285,0.025197,1.248841,0.001635,0.000000,1.271658
333,0,0.000000,5.117349,0.053359,0.002317,5.170361,0.000000,0.000000,5.270386,0.017422,1.808013,0.001372,0.000000,1.825839
334,0,0.000000,5.221379,0.081158,0.002285,5.301814,0.000000,0.000000,5.389337,0.014812,1.994452,0.001198,0.000000,2.010462
335,0,0.000000,4.733102,0.054286,0.002545,4.789453,0.000000,0.000000,5.017434,0.019169,1.445879,0.001648,0.000000,1.465072
336,0,0.000000,4.120437,0.055415,0.003585,4.167482,0.000000,0.000000,4.370187,0.015797,0.856246,0.046726,0.000000,0.918769
337,0,0.000000,4.147804,0.051747,0.002570,4.201811,0.000000,0.000000,4.307260,0.015093,0.700262,0.005245,0.000000,0.716430
338,0,0.000000,4.058264,0.055518,0.002644,4.102006,0.000000,0.000000,4.305136,0.016651,0.881665,0.007816,0.000000,0.899163
339,0,0.000000,3.634227,0.045813,0.002387,3.681391,0.000000,0.000000,3.769198,0.020937,0.349302,0.001027,0.000000,0.371266
340,0,0.000000,4.825118,0.052135,0.002757,4.879748,0.000000,0.000000,4.927072,0.012560,1.402930,0.007126,0.000000,1.416651
341,0,0.000000,4.680151,0.048668,0.003147,4.731423,0.000000,0.000000,4.869632,0.025136,1.224799,0.010696,0.000000,1.244713
342,0,0.000000,5.134864,0.042780,0.004450,5.181407,0.000000,0.000000,5.266115,0.023571,2.236025,0.006401,0.000000,2.264361
343,0,0.000000,4.255954,0.054624,0.003331,4.305647,0.000000,0.000000,4.409542,0.020219,0.879116,0.005512,0.000000,0.898803
344,0,0.000000,4.199140,0.051936,0.003256,4.243240,0.000000,0.000000,4.409328,0.030482,1.375791,0.017354,0.000000,1.390395
345,0,0.000000,4.439530,0.052697,0.003252,4.491292,0.000000,0.000000,4.726148,0.020926,1.519607,0.012064,0.000000,1.543604
346,0,0.000000,4.884937,0.050052,0.002955,4.937348,0.000000,0.000000,5.092097,0.024915,1.995815,0.011344,0.000000,2.022344
347,0,0.000000,4.474512,0.055186,0.003366,4.526437,0.000000,0.000000,4.739845,0.017273,1.191892,0.054567,0.000000,1.263732
348,0,0.000000,4.444138,0.051086,0.002843,4.497728,0.000000,0.000000,4.581116,0.021516,2.095299,0.001130,0.000000,2.117945
349,0,0.000000,4.938470,0.044560,0.002954,4.982162,0.000000,0.000000,5.172318,0.020480,2.183474,0.003734,0.000000,2.203454
350,0,0.000000,4.684397,0.072258,0.010057,4.713833,0.000000,0.000000,5.009798,0.013912,2.201112,0.116648,0.000000,2.312228
351,0,0.000000,5.336031,0.055956,0.009442,5.401429,0.000000,0.000000,5.521039,0.027503,2.405532,0.025322,0.000000,2.457513
352,0,0.000000,5.129620,0.056446,0.004145,5.182596,0.000000,0.000000,5.329352,0.028754,2.245631,0.013439,0.000000,2.286438
353,0,0.000000,4.751537,0.051625,0.021537,4.804407,0.000000,0.000000,5.061422,0.024955,1.584715,0.006468,0.000000,1.608628
354,0,0.000000,5.051630,0.049479,0.015454,5.103221,0.000000,0.000000,5.496516,0.026401,1.754167,0.005983,0.000000,1.781755
355,0,0.000000,4.521894,0.054163,0.003756,4.571020,0.000000,0.000000,4.767484,0.024032,1.080062,0.007293,0.000000,1.104689
356,0,0.000000,4.480173,0.048825,0.003460,4.527367,0.000000,0.000000,4.617424,0.022444,0.420691,0.010913,0.000000,0.445327
357,0,0.000000,5.211061,0.045788,0.004700,5.258989,0.000000,0.000000,5.487548,0.035661,1.421041,0.053099,0.000000,1.457204
358,0,0.000000,5.185215,0.050063,0.003318,5.234360,0.000000,0.000000,5.469519,0.021613,2.143514,0.006740,0.000000,2.168482
359,0,0.000000,4.657535,0.050255,0.004273,4.711471,0.000000,0.000000,4.927417,0.024364,1.907203,0.006709,0.000000,1.937527
360,0,0.000000,4.342210,0.053486,0.004117,4.394311,0.000000,0.000000,4.549265,0.021084,0.514315,0.002886,0.000000,0.535318
361,0,0.000000,5.491897,0.052151,0.010666,5.539097,0.000000,0.000000,5.641114,0.016275,1.685101,0.015431,0.000000,1.703259
362,0,0.000000,4.688063,0.044952,0.010288,4.731125,0.000000,0.000000,4.831817,0.021229,1.931910,0.012943,0.000000,1.961377
363,0,0.000000,4.493085,0.070854,0.017030,4.536934,0.000000,0.000000,4.755666,0.019244,0.789078,0.015600,0.000000,0.808915
364,0,0.000000,5.071769,0.055231,0.002919,5.125610,0.000000,0.000000,5.263113,0.024853,1.623051,0.016439,0.000000,1.663278
365,0,0.000000,4.448281,0.049391,0.002828,4.499655,0.000000,0.000000,4.597913,0.023858,0.559604,0.009071,0.000000,0.591299
366,0,0.000000,4.712187,0.048582,0.002588,4.762862,0.000000,0.000000,4.880969,0.021176,1.510358,0.001132,0.000000,1.531043
367,0,0.000000,3.906078,0.047759,0.002928,3.955412,0.000000,0.000000,4.040439,0.022128,0.837404,0.001131,0.000000,0.860663
368,0,0.000000,4.513687,0.050262,0.002598,4.566310,0.000000,0.000000,4.675309,0.020048,2.207160,0.002663,0.000000,2.227422
369,0,0.000000,4.228657,0.060412,0.022997,4.312066,0.000000,0.000000,4.532344,0.018337,1.379110,0.006541,0.000000,1.398772
370,0,0.000000,3.872076,0.045190,0.017240,3.934506,0.000000,0.000000,4.021401,0.029688,1.419482,0.003389,0.000000,1.444136
371,0,0.000000,3.652058,0.058906,0.012622,3.723586,0.000000,0.000000,3.822576,0.028252,1.305252,0.001146,0.000000,1.329727
372,0,0.000000,3.366990,0.048370,0.010457,3.425817,0.000000,0.000000,3.698044,0.023466,0.266541,0.127509,0.000000,0.413425
373,0,0.000000,4.432380,0.048077,0.009721,4.490178,0.000000,0.000000,4.609190,0.022952,2.126527,0.006685,0.000000,2.145916
374,0,0.000000,4.613973,0.043797,0.010793,4.658410,0.000000,0.000000,4.929492,0.024934,1.862885,0.001143,0.000000,1.884132
375,0,0.000000,4.478149,0.053556,0.011688,4.533731,0.000000,0.000000,4.796894,0.021961,2.191583,0.001326,0.000000,2.209967
376,0,0.000000,4.113952,0.043440,0.010386,4.149215,0.000000,0.000000,4.383674,0.020471,1.792177,0.082488,0.000000,1.878158
377,0,0.000000,4.637099,0.047694,0.011211,4.696004,0.000000,0.000000,4.805321,0.050179,1.408241,0.002677,0.000000,1.448170
378,0,0.000000,4.444085,0.047905,0.012233,4.504223,0.000000,0.000000,4.638468,0.022583,2.152904,0.004999,0.000000,2.172503
379,0,0.000000,5.008308,0.073632,0.010175,5.081887,0.000000,0.000000,5.429699,0.018633,2.145086,0.174144,0.000000,2.297213
380,0,0.000000,4.576220,0.047112,0.002887,4.622066,0.000000,0.000000,4.793750,0.022381,1.272502,0.001937,0.000000,1.292947
381,0,0.000000,3.563436,0.048470,0.011188,3.623094,0.000000,0.000000,3.705890,0.022211,0.327507,0.001054,0.000000,0.347149
382,0,0.000000,3.990860,0.047392,0.002450,4.033398,0.000000,0.000000,4.138583,0.020434,0.125821,0.001075,0.000000,0.147157
383,0,0.000000,4.263753,0.045632,0.013175,4.322560,0.000000,0.000000,4.405177,0.018242,0.950766,0.011531,0.000000,0.967797
384,0,0.000000,3.762402,0.043680,0.002482,3.805195,0.000000,0.000000,3.935671,0.029316,0.411569,0.004387,0.000000,0.443934
385,0,0.000000,3.596809,0.042391,0.011158,3.650358,0.000000,0.000000,3.789782,0.022100,0.346374,0.017553,0.000000,0.384306
386,0,0.000000,5.729697,0.043470,0.002306,5.772791,0.000000,0.000000,5.903386,0.019490,2.658216,0.002840,0.000000,2.679236
387,0,0.000000,5.788634,0.050211,0.002393,5.838383,0.000000,0.000000,5.993976,0.022458,2.369274,0.008877,0.000000,2.399844
388,0,0.000000,5.855163,0.102311,0.012846,5.960652,0.000000,0.000000,6.264185,0.019648,2.716177,0.050199,0.000000,2.785133
389,0,0.000000,5.210677,0.056201,0.002880,5.269378,0.000000,0.000000,5.427594,0.022928,3.022820,0.041563,0.000000,3.045782
390,0,0.000000,6.535896,0.059687,0.011161,6.586536,0.000000,0.000000,7.029396,0.021589,4.169534,0.015892,0.000000,4.190872
391,0,0.000000,4.452584,0.047928,0.002650,4.502700,0.000000,0.000000,4.618856,0.025993,0.437415,0.015988,0.000000,0.472682
392,0,0.000000,4.661143,0.042592,0.002615,4.705562,0.000000,0.000000,4.880243,0.020353,1.325803,0.021159,0.000000,1.349672
393,0,0.000000,3.631500,0.053979,0.017446,3.702925,0.000000,0.000000,3.826643,0.017460,0.510780,0.021725,0.000000,0.549164
394,0,0.000000,4.225929,0.050800,0.010214,4.266699,0.000000,0.000000,4.742419,0.027706,0.432026,0.213775,0.000000,0.462576
395,0,0.000000,4.312073,0.053380,0.010296,4.354645,0.000000,0.000000,4.827254,0.024509,1.064177,0.014536,0.000000,1.088569
396,0,0.000000,4.251121,0.056628,0.018425,4.326174,0.000000,0.000000,4.525809,0.027091,0.968204,0.014581,0.000000,1.009876
397,0,0.000000,5.396622,0.054488,0.015305,5.451288,0.000000,0.000000,5.697182,0.032643,2.239953,0.017840,0.000000,2.288840
398,0,0.000000,4.052955,0.048683,0.010728,4.112366,0.000000,0.000000,4.212754,0.034058,1.281406,0.003308,0.000000,1.310768
399,0,0.000000,4.291945,0.068972,0.004119,4.363840,0.000000,0.000000,4.558439,0.019602,1.330677,0.052263,0.000000,1.399715
400,0,0.000000,4.010517,0.060863,0.008061,4.050179,0.000000,0.000000,4.343739,0.014415,0.498769,0.027316,0.000000,0.513872
401,0,0.000000,4.031275,0.049431,0.002916,4.083293,0.000000,0.000000,4.193437,0.021196,0.961613,0.015959,0.000000,0.989536
402,0,0.000000,4.903270,0.053041,0.003443,4.951149,0.000000,0.000000,5.181810,0.017670,1.826900,0.006388,0.000000,1.844432
403,0,0.000000,4.561198,0.050871,0.003201,4.614071,0.000000,0.000000,4.701537,0.016888,1.453858,0.001254,0.000000,1.470628
404,0,0.000000,4.717938,0.120834,0.002498,4.841071,0.000000,0.000000,4.925351,0.025382,1.846638,0.002004,0.000000,1.868603
405,0,0.000000,3.968373,0.050823,0.003123,4.021032,0.000000,0.000000,4.129706,0.018487,1.077767,0.001976,0.000000,1.095705
406,0,0.000000,4.657435,0.052627,0.002912,4.712057,0.000000,0.000000,4.868351,0.028836,0.762703,0.004943,0.000000,0.795227
407,0,0.000000,4.119550,0.050481,0.003162,4.172045,0.000000,0.000000,4.273850,0.025818,0.686738,0.001305,0.000000,0.713745
408,0,0.000000,4.168102,0.041802,0.002385,4.211935,0.000000,0.000000,4.287898,0.017935,1.277606,0.002696,0.000000,1.293285
409,0,0.000000,4.791032,0.050387,0.015716,4.842342,0.000000,0.000000,4.942416,0.014047,1.760972,0.001161,0.000000,1.774564
410,0,0.000000,4.692945,0.057098,0.002637,4.735693,0.000000,0.000000,4.936197,0.020469,1.640220,0.006207,0.000000,1.656680
411,0,0.000000,3.945808,0.053826,0.003497,4.002334,0.000000,0.000000,4.067574,0.015549,0.870159,0.001334,0.000000,0.885750
412,0,0.000000,4.214094,0.051155,0.002663,4.267599,0.000000,0.000000,4.383454,0.015780,0.335975,0.003528,0.000000,0.354806
413,0,0.000000,11.092492,0.321178,0.003486,11.141513,0.000000,0.000000,11.679317,0.014777,8.276526,0.089629,0.000000,8.292976
414,0,0.000000,5.404144,0.049602,0.002505,5.455278,0.000000,0.000000,5.685119,0.016122,1.986056,0.004653,0.000000,2.003044
415,0,0.000000,5.186958,0.048354,0.002672,5.237506,0.000000,0.000000,5.344413,0.039962,1.753149,0.003061,0.000000,1.774069
416,0,0.000000,5.608983,0.044292,0.009847,5.654907,0.000000,0.000000,5.798755,0.023509,1.912783,0.013878,0.000000,1.935745
417,0,0.000000,4.311724,0.046838,0.004868,4.362178,0.000000,0.000000,4.587397,0.019335,1.033285,0.006250,0.000000,1.054333
418,0,0.000000,5.139221,0.048531,0.010218,5.180248,0.000000,0.000000,5.422055,0.025492,2.440353,0.063100,0.000000,2.525069
419,0,0.000000,5.135841,0.052796,0.011497,5.200134,0.000000,0.000000,5.319435,0.016723,2.422025,0.000957,0.000000,2.439447
420,0,0.000000,4.237661,0.044689,0.002748,4.284219,0.000000,0.000000,4.416681,0.022835,1.759099,0.001001,0.000000,1.778656
421,0,0.000000,3.952392,0.046997,0.002746,4.001147,0.000000,0.000000,4.109070,0.021046,1.545218,0.000956,0.000000,1.564256
422,0,0.000000,5.290571,0.049400,0.013587,5.347880,0.000000,0.000000,5.528217,0.014350,1.227314,0.021330,0.000000,1.262354
423,0,0.000000,4.127723,0.072053,0.002556,4.200560,0.000000,0.000000,4.323480,0.026952,0.416167,0.004455,0.000000,0.440218
424,0,0.000000,4.654951,0.057605,0.002380,4.712608,0.000000,0.000000,4.801153,0.019221,0.863181,0.005813,0.000000,0.884881
425,0,0.000000,5.663000,0.076804,0.002676,5.742423,0.000000,0.000000,5.849490,0.020970,2.272009,0.001467,0.000000,2.293538
426,0,0.000000,4.470471,0.049696,0.002873,4.519389,0.000000,0.000000,4.601881,0.018216,0.816338,0.015463,0.000000,0.845336
427,0,0.000000,4.532822,0.050293,0.010987,4.575727,0.000000,0.000000,4.926138,0.029464,0.390738,0.001954,0.000000,0.421048
428,0,0.000000,4.024960,0.052731,0.010784,4.080014,0.000000,0.000000,4.165551,0.025739,0.544366,0.001481,0.000000,0.568674
429,0,0.000000,4.307967,0.043801,0.011086,4.353870,0.000000,0.000000,4.559141,0.027821,1.041377,0.002905,0.000000,1.070114
430,0,0.000000,4.345128,0.052311,0.011554,4.408877,0.000000,0.000000,4.674541,0.021469,0.512022,0.080749,0.000000,0.613164
431,0,0.000000,4.498580,0.068422,0.011030,4.547946,0.000000,0.000000,5.027855,0.023642,1.396668,0.022533,0.000000,1.417869
432,0,0.000000,4.265054,0.062828,0.011365,4.305015,0.000000,0.000000,4.652348,0.024323,0.981032,0.001527,0.000000,1.005057
433,0,0.000000,5.089883,0.066735,0.011584,5.155346,0.000000,0.000000,5.480900,0.021148,1.305376,0.110152,0.000000,1.432508
434,0,0.000000,6.310836,0.065990,0.012878,6.369106,0.000000,0.000000,6.524983,0.031693,3.387980,0.016303,0.000000,3.421388
435,0,0.000000,4.867719,0.064095,0.003276,4.912000,0.000000,0.000000,5.078674,0.034075,0.293947,0.009199,0.000000,0.322083
436,0,0.000000,4.843450,0.063517,0.002824,4.909791,0.000000,0.000000,5.040851,0.020972,0.446370,0.011788,0.000000,0.475001
437,0,0.000000,5.748295,0.055944,0.003491,5.805098,0.000000,0.000000,6.088375,0.024355,2.966002,0.009196,0.000000,2.999553
438,0,0.000000,5.263638,0.067916,0.003664,5.318881,0.000000,0.000000,5.607754,0.016890,2.726337,0.020495,0.000000,2.743765
439,0,0.000000,4.629186,0.053548,0.024794,4.682424,0.000000,0.000000,4.892552,0.020200,0.627816,0.068562,0.000000,0.716578
440,0,0.000000,5.006691,0.068929,0.002604,5.064511,0.000000,0.000000,5.176228,0.019943,1.760545,0.031173,0.000000,1.810484
441,0,0.000000,5.090569,0.052818,0.002936,5.143330,0.000000,0.000000,5.284860,0.021463,1.275995,0.022114,0.000000,1.318596
442,0,0.000000,5.099484,0.050787,0.002700,5.152475,0.000000,0.000000,5.389545,0.014154,2.113964,0.027263,0.000000,2.151586
443,0,0.000000,5.328022,0.058896,0.002880,5.389026,0.000000,0.000000,5.647414,0.012734,1.738853,0.001519,0.000000,1.753044
444,0,0.000000,4.722965,0.059565,0.013522,4.796052,0.000000,0.000000,4.920174,0.022521,1.221502,0.018604,0.000000,1.262627
445,0,0.000000,4.831280,0.082486,0.014855,4.928621,0.000000,0.000000,5.030827,0.026726,1.230516,0.013958,0.000000,1.269467
446,0,0.000000,4.208490,0.088175,0.003954,4.271127,0.000000,0.000000,4.607753,0.028676,0.983545,0.189529,0.000000,1.200262
447,0,0.000000,5.526488,0.073437,0.002879,5.602786,0.000000,0.000000,5.803279,0.022518,2.563123,0.014476,0.000000,2.599889
448,0,0.000000,4.646045,0.065438,0.002700,4.702056,0.000000,0.000000,4.977646,0.020393,1.321561,0.025813,0.000000,1.367568
449,0,0.000000,5.556795,0.052649,0.011327,5.612715,0.000000,0.000000,5.891511,0.015649,2.125245,0.088302,0.000000,2.142610
450,0,0.000000,4.395722,0.056550,0.003216,4.453770,0.000000,0.000000,4.596943,0.020762,1.457497,0.001251,0.000000,1.476196
451,0,0.000000,5.132047,0.067824,0.015914,5.202482,0.000000,0.000000,5.644660,0.028997,2.448953,0.001374,0.000000,2.473473
452,0,0.000000,6.025938,0.071505,0.011390,6.108833,0.000000,0.000000,6.267071,0.028371,1.815638,0.025343,0.000000,1.861901
453,0,0.000000,5.272428,0.060697,0.002861,5.323297,0.000000,0.000000,5.649294,0.033112,1.112085,0.064921,0.000000,1.204155
454,0,0.000000,4.785688,0.129433,0.014860,4.917508,0.000000,0.000000,5.530807,0.026842,1.289143,0.001506,0.000000,1.317209
455,0,0.000000,5.355729,0.080832,0.012688,5.449249,0.000000,0.000000,5.568737,0.034286,2.289160,0.012169,0.000000,2.333834
456,0,0.000000,5.355926,0.063280,0.014232,5.433438,0.000000,0.000000,5.728847,0.029401,1.239953,0.134581,0.000000,1.374180
457,0,0.000000,4.873005,0.077435,0.002853,4.952824,0.000000,0.000000,5.124183,0.031955,1.137216,0.027357,0.000000,1.194409
458,0,0.000000,4.804193,0.059042,0.015628,4.878863,0.000000,0.000000,5.006484,0.026089,1.804047,0.031593,0.000000,1.860576
459,0,0.000000,4.922892,0.057428,0.012995,4.993315,0.000000,0.000000,5.108496,0.030103,1.837452,0.001403,0.000000,1.866238
460,0,0.000000,4.764238,0.064884,0.012556,4.833540,0.000000,0.000000,5.146189,0.035846,0.948049,0.144274,0.000000,1.126490
461,0,0.000000,4.817103,0.055080,0.003331,4.874248,0.000000,0.000000,5.006666,0.024228,0.885684,0.015941,0.000000,0.919871
462,0,0.000000,5.211462,0.061451,0.003322,5.276235,0.000000,0.000000,5.558376,0.028490,2.307962,0.025040,0.000000,2.359502
463,0,0.000000,5.328251,0.066909,0.003618,5.398183,0.000000,0.000000,5.674828,0.018243,2.551203,0.019530,0.000000,2.588516
464,0,0.000000,5.685016,0.056275,0.004567,5.744188,0.000000,0.000000,5.950175,0.016155,2.417295,0.043502,0.000000,2.435247
465,0,0.000000,5.666000,0.080090,0.003482,5.748510,0.000000,0.000000,5.972345,0.026283,2.250184,0.028232,0.000000,2.303336
466,0,0.000000,5.651103,0.061955,0.015507,5.728565,0.000000,0.000000,5.946320,0.026429,3.171252,0.041204,0.000000,3.230845
467,0,0.000000,6.400931,0.054408,0.003266,6.455109,0.000000,0.000000,6.626883,0.027061,3.333829,0.003344,0.000000,3.359522
468,0,0.000000,5.407302,0.059107,0.012904,5.479313,0.000000,0.000000,5.783973,0.021330,1.946773,0.037019,0.000000,2.000488
469,0,0.000000,5.996143,0.064349,0.014753,6.051709,0.000000,0.000000,6.412679,0.026609,2.643879,0.069331,0.000000,2.671182
470,0,0.000000,5.076179,0.061389,0.013684,5.151252,0.000000,0.000000,5.416023,0.026223,1.661346,0.001487,0.000000,1.687515
471,0,0.000000,4.964127,0.056645,0.002382,5.022937,0.000000,0.000000,5.169340,0.029024,1.418819,0.009500,0.000000,1.455205
472,0,0.000000,5.818665,0.069447,0.015959,5.902127,0.000000,0.000000,6.024977,0.022611,1.826704,0.036933,0.000000,1.884700
473,0,0.000000,5.188911,0.059703,0.002955,5.249101,0.000000,0.000000,5.420707,0.029167,1.721966,0.022429,0.000000,1.771679
474,0,0.000000,4.698151,0.058471,0.002755,4.754859,0.000000,0.000000,4.875270,0.026194,0.814331,0.013682,0.000000,0.852901
475,0,0.000000,5.583307,0.093771,0.020958,5.698036,0.000000,0.000000,5.804691,0.029010,1.220911,0.085696,0.000000,1.330632
476,0,0.000000,5.282817,0.052658,0.003509,5.337902,0.000000,0.000000,5.450846,0.024645,2.141460,0.013363,0.000000,2.177887
477,0,0.000000,5.010558,0.066660,0.015262,5.039673,0.000000,0.000000,5.353757,0.023139,1.736528,0.001538,0.000000,1.747881
478,0,0.000000,4.387528,0.046912,0.003607,4.431601,0.000000,0.000000,4.568347,0.031803,1.536848,0.007853,0.000000,1.562708
479,0,0.000000,4.256965,0.043991,0.003163,4.303076,0.000000,0.000000,4.442403,0.022774,1.056554,0.005985,0.000000,1.081323
480,0,0.000000,4.595884,0.061195,0.010729,4.638014,0.000000,0.000000,4.798571,0.015874,1.077419,0.028058,0.000000,1.094699
481,0,0.000000,5.938892,0.067417,0.003925,5.996737,0.000000,0.000000,6.318068,0.028513,2.599436,0.052942,0.000000,2.627968
482,0,0.000000,5.357972,0.045433,0.003158,5.402284,0.000000,0.000000,5.551761,0.025681,1.727219,0.008865,0.000000,1.754992
483,0,0.000000,4.193906,0.043029,0.002624,4.235515,0.000000,0.000000,4.364068,0.022024,0.539589,0.009880,0.000000,0.567203
484,0,0.000000,5.588478,0.065701,0.015250,5.667847,0.000000,0.000000,6.018008,0.027530,2.006542,0.031261,0.000000,2.064764
485,0,0.000000,5.946333,0.059500,0.014749,6.018713,0.000000,0.000000,6.147243,0.032603,2.514267,0.025276,0.000000,2.565221
486,0,0.000000,5.575541,0.084046,0.004026,5.622470,0.000000,0.000000,5.940479,0.024958,2.651797,0.084054,0.000000,2.677393
487,0,0.000000,5.431025,0.066294,0.012100,5.509419,0.000000,0.000000,5.688870,0.032822,0.710295,0.016127,0.000000,0.758680
488,0,0.000000,4.701167,0.054662,0.003156,4.758150,0.000000,0.000000,4.879396,0.032524,1.190593,0.021174,0.000000,1.237160
489,0,0.000000,5.798981,0.068909,0.016125,5.859490,0.000000,0.000000,6.097093,0.039669,3.170982,0.018328,0.000000,3.211237
490,0,0.000000,4.679531,0.064127,0.017628,4.746608,0.000000,0.000000,5.064271,0.029279,1.056908,0.028226,0.000000,1.109718
491,0,0.000000,4.943937,0.072693,0.003127,5.018684,0.000000,0.000000,5.164328,0.032708,1.138037,0.007859,0.000000,1.165656
492,0,0.000000,5.215583,0.065248,0.002865,5.273025,0.000000,0.000000,5.458223,0.025163,1.131442,0.002348,0.000000,1.157394
493,0,0.000000,5.076106,0.059954,0.004575,5.137963,0.000000,0.000000,5.278968,0.025483,1.602891,0.002264,0.000000,1.629512
494,0,0.000000,6.191931,0.055589,0.003068,6.250177,0.000000,0.000000,6.385151,0.026955,2.706752,0.001348,0.000000,2.735055
495,0,0.000000,6.233143,0.060687,0.016659,6.289677,0.000000,0.000000,6.677162,0.028116,3.360157,0.002432,0.000000,3.386475
496,0,0.000000,6.270774,0.057564,0.012997,6.325976,0.000000,0.000000,6.622856,0.028608,3.128188,0.130134,0.000000,3.282712
497,0,0.000000,5.685123,0.061616,0.012668,5.733902,0.000000,0.000000,6.283450,0.027628,2.039556,0.002121,0.000000,2.064566
498,0,0.000000,4.387577,0.053740,0.003052,4.430085,0.000000,0.000000,4.574402,0.029855,1.438096,0.001536,0.000000,1.464401
499,0,0.000000,4.703030,0.054122,0.003076,4.759236,0.000000,0.000000,4.883287,0.022167,1.446159,0.008436,0.000000,1.464919
500,0,0.000000,5.021862,0.067989,0.003254,5.085352,0.000000,0.000000,5.196067,0.019587,2.016337,0.040971,0.000000,2.034143
501,0,0.000000,5.380522,0.060704,0.012561,5.453097,0.000000,0.000000,5.561281,0.033642,2.322525,0.034202,0.000000,2.388862
502,0,0.000000,4.975517,0.061913,0.010119,5.047549,0.000000,0.000000,5.328518,0.030091,0.870681,0.121911,0.000000,1.021524
503,0,0.000000,5.732819,0.108806,0.026208,5.854143,0.000000,0.000000,6.004702,0.030552,2.752496,0.003210,0.000000,2.783783
504,0,0.000000,5.292487,0.060923,0.013935,5.367345,0.000000,0.000000,5.520908,0.043826,1.935543,0.030955,0.000000,1.973147
505,0,0.000000,5.003480,0.073569,0.003785,5.053375,0.000000,0.000000,5.347969,0.035902,1.921870,0.001500,0.000000,1.957726
506,0,0.000000,5.266786,0.061216,0.003287,5.330814,0.000000,0.000000,5.546094,0.034979,2.719641,0.034112,0.000000,2.755930
507,0,0.000000,5.317754,0.063712,0.003531,5.384389,0.000000,0.000000,5.597899,0.018420,2.665560,0.012677,0.000000,2.696657
508,0,0.000000,5.059354,0.059154,0.009892,5.121328,0.000000,0.000000,5.196407,0.020008,2.332241,0.025727,0.000000,2.377649
509,0,0.000000,4.581894,0.069376,0.002758,4.654028,0.000000,0.000000,4.880316,0.029457,1.997086,0.024889,0.000000,2.051432
510,0,0.000000,4.922184,0.046446,0.002634,4.971264,0.000000,0.000000,5.031940,0.017020,2.566532,0.001636,0.000000,2.583963
511,0,0.000000,4.224349,0.051214,0.003103,4.276649,0.000000,0.000000,4.458820,0.017526,1.182439,0.001520,0.000000,1.201485
512,0,0.000000,4.661184,0.105743,0.016614,4.714914,0.000000,0.000000,5.170616,0.025750,1.690815,0.002115,0.000000,1.715579
513,0,0.000000,4.644973,0.055343,0.019487,4.701367,0.000000,0.000000,5.077247,0.028166,1.634886,0.160512,0.000000,1.817982
514,0,0.000000,4.395270,0.053158,0.002643,4.439018,0.000000,0.000000,4.635880,0.094588,1.636041,0.002102,0.000000,1.725372
515,0,0.000000,4.799311,0.058552,0.018429,4.876292,0.000000,0.000000,5.029878,0.019977,1.705460,0.005569,0.000000,1.723542
516,0,0.000000,4.987251,0.056481,0.015568,5.059300,0.000000,0.000000,5.184155,0.027559,1.995165,0.002212,0.000000,2.018384
517,0,0.000000,5.169974,0.058557,0.013818,5.242349,0.000000,0.000000,5.685011,0.024874,1.915830,0.136423,0.000000,2.075113
518,0,0.000000,4.985951,0.055344,0.012277,5.053572,0.000000,0.000000,5.189148,0.029139,2.014386,0.001248,0.000000,2.040731
519,0,0.000000,3.988514,0.048542,0.003004,4.026026,0.000000,0.000000,4.303484,0.025083,1.198206,0.095605,0.000000,1.310299
520,0,0.000000,3.855324,0.056938,0.002428,3.914690,0.000000,0.000000,4.055150,0.035224,0.694989,0.002387,0.000000,0.729439
521,0,0.000000,3.996528,0.051699,0.002306,4.050219,0.000000,0.000000,4.136202,0.040057,0.849693,0.001187,0.000000,0.889714
522,0,0.000000,3.606785,0.058811,0.002319,3.649046,0.000000,0.000000,3.734214,0.017074,0.295925,0.003184,0.000000,0.314343
523,0,0.000000,4.293348,0.057383,0.002879,4.349019,0.000000,0.000000,4.562210,0.015882,0.830720,0.014692,0.000000,0.858244
524,0,0.000000,4.514089,0.054518,0.002798,4.568351,0.000000,0.000000,4.742197,0.028612,1.208735,0.010570,0.000000,1.247580
525,0,0.000000,4.553925,0.072865,0.002611,4.628949,0.000000,0.000000,4.723884,0.023224,0.786309,0.032713,0.000000,0.841519
526,0,0.000000,5.458451,0.068292,0.010376,5.520232,0.000000,0.000000,5.825093,0.016060,1.741701,0.126017,0.000000,1.883635
527,0,0.000000,5.874019,0.068726,0.010225,5.952970,0.000000,0.000000,6.123121,0.033085,2.151204,0.001701,0.000000,2.183743
528,0,0.000000,4.964064,0.054902,0.004603,5.021248,0.000000,0.000000,5.245765,0.055446,1.899415,0.026995,0.000000,1.980062
529,0,0.000000,4.572720,0.070076,0.003615,4.645750,0.000000,0.000000,4.798759,0.024676,0.621090,0.047419,0.000000,0.692458
530,0,0.000000,4.399108,0.111608,0.003384,4.511372,0.000000,0.000000,4.594383,0.017026,1.113679,0.082596,0.000000,1.212573
531,0,0.000000,4.569331,0.064147,0.004574,4.626896,0.000000,0.000000,4.833571,0.016312,1.622224,0.019020,0.000000,1.657118
532,0,0.000000,5.863034,0.067771,0.003209,5.932995,0.000000,0.000000,6.088509,0.027737,1.997270,0.039318,0.000000,2.030918
533,0,0.000000,4.903411,0.061213,0.003649,4.968273,0.000000,0.000000,5.109938,0.031631,1.588777,0.029130,0.000000,1.644454
534,0,0.000000,4.826929,0.054095,0.016103,4.857574,0.000000,0.000000,5.209763,0.023617,1.879855,0.128905,0.000000,1.904800
535,0,0.000000,4.757553,0.049122,0.011176,4.817851,0.000000,0.000000,4.957057,0.080655,1.088018,0.011877,0.000000,1.162408
536,0,0.000000,4.797467,0.057011,0.011136,4.865614,0.000000,0.000000,4.978149,0.025466,1.113259,0.013028,0.000000,1.134674
537,0,0.000000,4.188917,0.055188,0.012078,4.229840,0.000000,0.000000,4.419445,0.033363,1.012440,0.011004,0.000000,1.054744
538,0,0.000000,4.095262,0.043413,0.010333,4.149008,0.000000,0.000000,4.241781,0.029519,1.192971,0.006988,0.000000,1.217444
539,0,0.000000,4.894325,0.053959,0.010006,4.938313,0.000000,0.000000,5.321076,0.024332,1.882726,0.147818,0.000000,2.051100
540,0,0.000000,5.453623,0.046197,0.002794,5.496653,0.000000,0.000000,5.630336,0.023003,2.488710,0.001226,0.000000,2.508510
541,0,0.000000,4.853769,0.045041,0.002706,4.900906,0.000000,0.000000,4.987852,0.022386,2.315761,0.001094,0.000000,2.336017
542,0,0.000000,5.332162,0.055773,0.012450,5.390066,0.000000,0.000000,5.810134,0.015086,1.298171,0.001136,0.000000,1.313949
543,0,0.000000,5.027116,0.049235,0.012883,5.078254,0.000000,0.000000,5.487052,0.026032,2.541771,0.001208,0.000000,2.563343
544,0,0.000000,4.519408,0.056625,0.010064,4.577994,0.000000,0.000000,4.840888,0.021406,1.744711,0.103652,0.000000,1.866012
545,0,0.000000,6.420176,0.056140,0.003298,6.475694,0.000000,0.000000,6.747432,0.024007,3.489713,0.017114,0.000000,3.530834
546,0,0.000000,4.629543,0.042978,0.003122,4.670211,0.000000,0.000000,4.944467,0.030823,2.184701,0.103595,0.000000,2.216822
547,0,0.000000,4.397972,0.050283,0.002910,4.444022,0.000000,0.000000,4.553965,0.015553,1.857074,0.012664,0.000000,1.885291
548,0,0.000000,4.763891,0.052544,0.003018,4.818822,0.000000,0.000000,4.950737,0.017310,1.806981,0.016886,0.000000,1.841177
549,0,0.000000,3.987497,0.058465,0.002831,4.048564,0.000000,0.000000,4.125597,0.014428,1.798009,0.027201,0.000000,1.839638
550,0,0.000000,5.144497,0.073345,0.014883,5.231712,0.000000,0.000000,5.587992,0.019653,2.825773,0.021626,0.000000,2.867052
551,0,0.000000,5.428541,0.050426,0.012481,5.479199,0.000000,0.000000,5.657512,0.031444,3.004002,0.026966,0.000000,3.062202
552,0,0.000000,5.502501,0.047572,0.002724,5.552337,0.000000,0.000000,5.664387,0.025472,2.875551,0.009622,0.000000,2.910009
553,0,0.000000,5.789230,0.047101,0.003508,5.835509,0.000000,0.000000,5.943426,0.023836,3.332447,0.008465,0.000000,3.360210
554,0,0.000000,5.548079,0.052879,0.012244,5.602292,0.000000,0.000000,5.794488,0.026864,3.121247,0.001022,0.000000,3.148510
555,0,0.000000,5.641722,0.060339,0.011885,5.696902,0.000000,0.000000,6.151725,0.028685,2.137509,0.002797,0.000000,2.167255
556,0,0.000000,4.888356,0.051341,0.012567,4.950612,0.000000,0.000000,5.231253,0.030456,1.041344,0.114526,0.000000,1.180754
557,0,0.000000,5.555758,0.052717,0.011067,5.606500,0.000000,0.000000,5.990978,0.025161,2.134574,0.001151,0.000000,2.160886
558,0,0.000000,6.147086,0.060754,0.012979,6.202873,0.000000,0.000000,6.648182,0.026944,2.213612,0.009575,0.000000,2.236185
559,0,0.000000,4.064937,0.058950,0.010611,4.134498,0.000000,0.000000,4.359817,0.028579,0.489190,0.093592,0.000000,0.604409
560,0,0.000000,4.439458,0.058162,0.003194,4.500693,0.000000,0.000000,4.764548,0.024687,1.358410,0.005303,0.000000,1.380260
561,0,0.000000,4.579372,0.048978,0.009691,4.614751,0.000000,0.000000,5.004026,0.023140,1.829417,0.017402,0.000000,1.853495
562,0,0.000000,4.497867,0.055278,0.010798,4.555639,0.000000,0.000000,4.780944,0.028157,1.058435,0.087023,0.000000,1.089135
563,0,0.000000,4.159084,0.048077,0.013757,4.203006,0.000000,0.000000,4.635586,0.024244,1.552582,0.001130,0.000000,1.576693
564,0,0.000000,4.246044,0.063665,0.013578,4.323287,0.000000,0.000000,4.443044,0.023663,1.167953,0.010525,0.000000,1.201899
565,0,0.000000,4.145847,0.059582,0.011207,4.182857,0.000000,0.000000,4.589733,0.034725,0.907148,0.165610,0.000000,0.945265
566,0,0.000000,4.347877,0.069833,0.024449,4.412759,0.000000,0.000000,4.669789,0.027209,0.748426,0.006595,0.000000,0.776243
567,0,0.000000,5.007941,0.052078,0.013236,5.062728,0.000000,0.000000,5.568823,0.077919,1.152711,0.012388,0.000000,1.202205
568,0,0.000000,3.939935,0.051717,0.019424,3.987540,0.000000,0.000000,4.135173,0.029639,0.850079,0.007377,0.000000,0.885805
569,0,0.000000,4.427420,0.054225,0.011850,4.484132,0.000000,0.000000,4.701566,0.045271,0.287728,0.016722,0.000000,0.349721
570,0,0.000000,4.300935,0.055294,0.003142,4.351768,0.000000,0.000000,4.475565,0.032692,0.696226,0.009547,0.000000,0.730135
571,0,0.000000,4.317874,0.055595,0.002763,4.365798,0.000000,0.000000,4.554954,0.027946,0.827297,0.008707,0.000000,0.862905
572,0,0.000000,4.973134,0.069362,0.016767,5.025243,0.000000,0.000000,5.477409,0.028641,1.905405,0.013756,0.000000,1.946739
573,0,0.000000,4.823291,0.055287,0.013258,4.891836,0.000000,0.000000,5.167105,0.031939,1.048412,0.103717,0.000000,1.183228
574,0,0.000000,4.915294,0.058231,0.012381,4.985906,0.000000,0.000000,5.125170,0.025790,1.032746,0.003566,0.000000,1.060683
575,0,0.000000,4.547908,0.071785,0.014803,4.634496,0.000000,0.000000,4.769590,0.026782,1.283064,0.007062,0.000000,1.315145
576,0,0.000000,4.411747,0.051354,0.002851,4.465040,0.000000,0.000000,4.590275,0.024946,1.493070,0.009892,0.000000,1.527077
577,0,0.000000,4.733572,0.049698,0.002979,4.781096,0.000000,0.000000,4.949704,0.017282,1.026620,0.007961,0.000000,1.050972
578,0,0.000000,4.380586,0.108405,0.002856,4.427052,0.000000,0.000000,4.578082,0.022521,0.994786,0.001558,0.000000,1.017823
579,0,0.000000,4.393756,0.048250,0.002774,4.444757,0.000000,0.000000,4.530224,0.021143,1.301616,0.001620,0.000000,1.323842
580,0,0.000000,3.886616,0.045091,0.013629,3.931671,0.000000,0.000000,4.204003,0.013043,1.246659,0.003542,0.000000,1.263244
581,0,0.000000,4.637303,0.059086,0.003349,4.679003,0.000000,0.000000,4.905066,0.013642,1.624735,0.014380,0.000000,1.638991
582,0,0.000000,4.832717,0.048765,0.010117,4.875368,0.000000,0.000000,5.190939,0.021149,1.865929,0.004876,0.000000,1.889666
583,0,0.000000,4.241912,0.046031,0.009092,4.285269,0.000000,0.000000,4.520070,0.022815,1.201204,0.105525,0.000000,1.225214
584,0,0.000000,4.036278,0.115116,0.003835,4.098909,0.000000,0.000000,4.318270,0.023324,0.538484,0.002626,0.000000,0.561661
585,0,0.000000,5.532374,0.062716,0.003535,5.594636,0.000000,0.000000,5.671491,0.024380,1.801990,0.008375,0.000000,1.823525
586,0,0.000000,5.001972,0.065265,0.002955,5.061045,0.000000,0.000000,5.180424,0.030936,1.251591,0.015664,0.000000,1.298191
587,0,0.000000,4.781270,0.066618,0.003032,4.837988,0.000000,0.000000,5.047914,0.019593,1.385077,0.007726,0.000000,1.406254
588,0,0.000000,4.207961,0.060149,0.002898,4.264297,0.000000,0.000000,4.325215,0.017588,0.624134,0.007725,0.000000,0.648871
589,0,0.000000,5.476143,0.090369,0.003040,5.569552,0.000000,0.000000,5.661874,0.024690,2.372806,0.007103,0.000000,2.404592
590,0,0.000000,4.635200,0.053452,0.003317,4.691969,0.000000,0.000000,4.976091,0.019955,2.003056,0.016141,0.000000,2.038554
591,0,0.000000,5.237828,0.066797,0.003556,5.301868,0.000000,0.000000,5.477021,0.025415,3.066070,0.019031,0.000000,3.109046
592,0,0.000000,5.377701,0.065471,0.002900,5.425203,0.000000,0.000000,5.567616,0.028054,2.713016,0.001449,0.000000,2.740874
593,0,0.000000,5.350157,0.062801,0.003855,5.412188,0.000000,0.000000,5.649783,0.033800,1.233279,0.019411,0.000000,1.285233
594,0,0.000000,4.871597,0.072987,0.004003,4.943558,0.000000,0.000000,5.042788,0.031424,1.232118,0.023234,0.000000,1.286499
595,0,0.000000,4.785144,0.052865,0.003332,4.840596,0.000000,0.000000,4.972923,0.023205,1.293418,0.014528,0.000000,1.323898
596,0,0.000000,4.411511,0.051919,0.003466,4.466052,0.000000,0.000000,4.608619,0.037732,1.135926,0.033069,0.000000,1.193723
597,0,0.000000,5.189364,0.048425,0.004158,5.240832,0.000000,0.000000,5.411039,0.023256,2.260541,0.024018,0.000000,2.302887
598,0,0.000000,5.439756,0.052656,0.002650,5.494400,0.000000,0.000000,5.712678,0.027985,2.122152,0.014033,0.000000,2.162565
599,0,0.000000,6.269224,0.067827,0.003132,6.339354,0.000000,0.000000,6.537231,0.023998,3.878142,0.073235,0.000000,3.902246
600,0,0.000000,6.235092,0.068757,0.003283,6.289443,0.000000,0.000000,6.420740,0.021811,2.357756,0.009299,0.000000,2.379168
601,0,0.000000,5.788610,0.066311,0.011711,5.855047,0.000000,0.000000,6.107151,0.024393,2.131707,0.040485,0.000000,2.193043
602,0,0.000000,6.989527,0.126676,0.005700,7.047705,0.000000,0.000000,7.305412,0.028683,4.090880,0.005171,0.000000,4.114336
603,0,0.000000,4.640958,0.060869,0.003146,4.684240,0.000000,0.000000,4.930948,0.029343,1.289145,0.001317,0.000000,1.314239
604,0,0.000000,4.305864,0.054445,0.002682,4.348735,0.000000,0.000000,4.541866,0.023803,1.623170,0.007252,0.000000,1.646572
605,0,0.000000,4.690515,0.063502,0.013438,4.764558,0.000000,0.000000,4.930947,0.015845,1.525788,0.025364,0.000000,1.543339
606,0,0.000000,5.211084,0.057900,0.003200,5.269505,0.000000,0.000000,5.430005,0.034021,1.734123,0.018184,0.000000,1.784357
607,0,0.000000,4.201549,0.055592,0.003214,4.245701,0.000000,0.000000,4.460588,0.028730,0.631167,0.001234,0.000000,0.659162
608,0,0.000000,5.102099,0.065292,0.013618,5.174928,0.000000,0.000000,5.524398,0.025022,1.589561,0.166549,0.000000,1.738048
609,0,0.000000,5.474608,0.081611,0.014734,5.570953,0.000000,0.000000,5.738213,0.041453,1.375785,0.028797,0.000000,1.433623
610,0,0.000000,5.201999,0.072675,0.003482,5.260608,0.000000,0.000000,5.506132,0.033791,1.993302,0.020415,0.000000,2.027020
611,0,0.000000,5.547533,0.062521,0.003077,5.612655,0.000000,0.000000,5.810729,0.029978,3.292067,0.045523,0.000000,3.322752
612,0,0.000000,5.593820,0.052957,0.002720,5.646002,0.000000,0.000000,5.713137,0.019580,2.334754,0.013907,0.000000,2.368241
613,0,0.000000,5.955258,0.080978,0.014817,6.039205,0.000000,0.000000,6.214542,0.036580,2.525366,0.033592,0.000000,2.595538
614,0,0.000000,5.026740,0.078859,0.003199,5.107842,0.000000,0.000000,5.416485,0.032765,1.912619,0.066846,0.000000,2.010937
615,0,0.000000,5.877063,0.080740,0.003875,5.960527,0.000000,0.000000,6.229580,0.020552,3.905358,0.001265,0.000000,3.924501
616,0,0.000000,5.808928,0.059090,0.003185,5.870477,0.000000,0.000000,6.058042,0.020584,3.159033,0.056185,0.000000,3.235802
617,0,0.000000,5.875044,0.071011,0.004170,5.948513,0.000000,0.000000,6.200157,0.018306,3.355138,0.025784,0.000000,3.399228
618,0,0.000000,4.912414,0.061957,0.002995,4.973185,0.000000,0.000000,5.194129,0.026683,1.696290,0.026935,0.000000,1.749908
619,0,0.000000,5.460673,0.058331,0.003019,5.521573,0.000000,0.000000,5.685746,0.020774,3.301185,0.011624,0.000000,3.333583
620,0,0.000000,5.849843,0.083803,0.003169,5.936024,0.000000,0.000000,6.125958,0.016475,2.533765,0.042082,0.000000,2.551077
621,0,0.000000,5.475904,0.056701,0.003006,5.535611,0.000000,0.000000,5.655459,0.029240,2.976449,0.021499,0.000000,3.027188
622,0,0.000000,5.625446,0.063316,0.004378,5.691558,0.000000,0.000000,5.817099,0.021483,2.963762,0.021197,0.000000,3.006002
623,0,0.000000,4.742489,0.057883,0.002968,4.802676,0.000000,0.000000,5.094305,0.034490,2.132355,0.016863,0.000000,2.182944
624,0,0.000000,3.998019,0.055913,0.002940,4.051437,0.000000,0.000000,4.127666,0.015270,1.339879,0.029099,0.000000,1.384248
625,0,0.000000,5.099067,0.073750,0.016858,5.161327,0.000000,0.000000,5.330016,0.015023,2.884571,0.001494,0.000000,2.901069
626,0,0.000000,5.395848,0.056836,0.003774,5.451841,0.000000,0.000000,5.662749,0.042405,0.929077,0.032487,0.000000,1.002062
627,0,0.000000,6.361492,0.090092,0.002915,6.453771,0.000000,0.000000,6.685751,0.035260,3.096777,0.060503,0.000000,3.150904
628,0,0.000000,5.677743,0.057418,0.002928,5.737177,0.000000,0.000000,5.894249,0.024495,2.617756,0.059693,0.000000,2.642837
629,0,0.000000,5.498368,0.061091,0.017436,5.576895,0.000000,0.000000,5.916857,0.021592,2.920456,0.043228,0.000000,2.981963
630,0,0.000000,5.358312,0.057443,0.002862,5.418329,0.000000,0.000000,5.537471,0.021052,1.946604,0.025114,0.000000,1.991457
631,0,0.000000,5.248914,0.073514,0.003170,5.325598,0.000000,0.000000,5.450169,0.016779,3.160726,0.031579,0.000000,3.208141
632,0,0.000000,5.362908,0.054212,0.002700,5.419820,0.000000,0.000000,5.530191,0.014715,2.515181,0.025903,0.000000,2.555570
633,0,0.000000,4.968996,0.056478,0.003812,5.028538,0.000000,0.000000,5.153636,0.013900,2.626683,0.011728,0.000000,2.652311
634,0,0.000000,5.525710,0.056472,0.003161,5.577147,0.000000,0.000000,5.751096,0.020984,2.715575,0.031241,0.000000,2.766558
635,0,0.000000,5.000582,0.058964,0.014573,5.052620,0.000000,0.000000,5.454804,0.022665,2.867375,0.002077,0.000000,2.890079
636,0,0.000000,5.344907,0.069633,0.039696,5.405357,0.000000,0.000000,5.886176,0.029742,2.279920,0.182759,0.000000,2.487005
637,0,0.000000,5.105122,0.056611,0.004853,5.155441,0.000000,0.000000,5.268255,0.028271,0.908840,0.004700,0.000000,0.938257
638,0,0.000000,5.702388,0.068103,0.003457,5.764040,0.000000,0.000000,5.867975,0.033136,2.670105,0.033124,0.000000,2.736365
639,0,0.000000,5.649496,0.072799,0.004813,5.714572,0.000000,0.000000,5.972923,0.035360,3.164524,0.099154,0.000000,3.298214
640,0,0.000000,5.441295,0.057010,0.003712,5.488338,0.000000,0.000000,5.785327,0.017885,2.735881,0.030872,0.000000,2.783485
641,0,0.000000,5.496940,0.072561,0.003053,5.572554,0.000000,0.000000,5.761289,0.022726,2.794538,0.048993,0.000000,2.864643
642,0,0.000000,5.548647,0.077982,0.004057,5.629629,0.000000,0.000000,6.036344,0.019898,3.572060,0.035144,0.000000,3.624789
643,0,0.000000,5.351736,0.052595,0.012574,5.400801,0.000000,0.000000,5.743129,0.036844,1.812735,0.150037,0.000000,1.983368
644,0,0.000000,4.783004,0.049353,0.005652,4.835697,0.000000,0.000000,4.962299,0.025232,1.147573,0.003709,0.000000,1.176514
645,0,0.000000,5.233889,0.059485,0.005256,5.282521,0.000000,0.000000,5.671590,0.044225,2.098010,0.001902,0.000000,2.141957
646,0,0.000000,5.355611,0.055066,0.003762,5.413947,0.000000,0.000000,5.665672,0.022143,3.332116,0.027557,0.000000,3.380676
647,0,0.000000,5.224813,0.053236,0.003863,5.280887,0.000000,0.000000,5.500631,0.022696,2.939229,0.028027,0.000000,2.988812
648,0,0.000000,4.948758,0.042308,0.002992,4.993965,0.000000,0.000000,5.224360,0.022483,2.147960,0.077238,0.000000,2.171819
649,0,0.000000,4.313039,0.051079,0.002568,4.362147,0.000000,0.000000,4.563733,0.018721,1.710600,0.020118,0.000000,1.749313
650,0,0.000000,5.011689,0.045577,0.002729,5.059580,0.000000,0.000000,5.127652,0.015776,2.929758,0.017354,0.000000,2.962424
651,0,0.000000,4.876428,0.055457,0.002723,4.908580,0.000000,0.000000,5.093499,0.026300,1.409192,0.026303,0.000000,1.435154
652,0,0.000000,3.903715,0.049700,0.002471,3.949700,0.000000,0.000000,4.149734,0.017884,0.774678,0.026899,0.000000,0.819461
653,0,0.000000,4.147697,0.054586,0.002993,4.200467,0.000000,0.000000,4.384467,0.014059,1.247853,0.083337,0.000000,1.345181
654,0,0.000000,5.714456,0.062889,0.003918,5.769461,0.000000,0.000000,6.054951,0.015910,3.265003,0.012648,0.000000,3.281599
655,0,0.000000,4.244956,0.060360,0.003171,4.296869,0.000000,0.000000,4.405368,0.015673,0.495062,0.009862,0.000000,0.511272
656,0,0.000000,4.684740,0.055737,0.005778,4.741610,0.000000,0.000000,4.873904,0.012792,0.715013,0.007377,0.000000,0.731873
657,0,0.000000,5.816831,0.051755,0.003047,5.867710,0.000000,0.000000,5.967301,0.028217,2.542231,0.022883,0.000000,2.588318
658,0,0.000000,4.501739,0.052837,0.002770,4.552754,0.000000,0.000000,4.696667,0.023558,1.845051,0.022432,0.000000,1.886490
659,0,0.000000,5.576799,0.077735,0.004411,5.656724,0.000000,0.000000,5.806697,0.019944,1.609061,0.047151,0.000000,1.673485
660,0,0.000000,4.844153,0.059709,0.003295,4.905711,0.000000,0.000000,5.085944,0.029565,1.384188,0.068276,0.000000,1.476856
661,0,0.000000,4.667973,0.066338,0.002406,4.736313,0.000000,0.000000,4.925411,0.017166,1.822102,0.041541,0.000000,1.876973
662,0,0.000000,4.744186,0.057958,0.003037,4.798498,0.000000,0.000000,4.928353,0.017944,1.701520,0.001238,0.000000,1.715117
663,0,0.000000,4.794331,0.063557,0.003157,4.844345,0.000000,0.000000,5.080648,0.019148,1.899160,0.078345,0.000000,1.996653
664,0,0.000000,4.306852,0.071067,0.002821,4.364899,0.000000,0.000000,4.490752,0.015679,1.572629,0.001003,0.000000,1.586843
665,0,0.000000,5.594549,0.057092,0.002920,5.652503,0.000000,0.000000,5.735543,0.016195,3.000913,0.002114,0.000000,3.017908
666,0,0.000000,6.110525,0.052082,0.002506,6.162212,0.000000,0.000000,6.405352,0.021514,3.667060,0.001009,0.000000,3.686322
667,0,0.000000,6.607733,0.058415,0.021472,6.687620,0.000000,0.000000,6.906862,0.016842,2.719196,0.002326,0.000000,2.736686
668,0,0.000000,5.223932,0.091042,0.015206,5.299487,0.000000,0.000000,5.696375,0.028413,2.449608,0.164867,0.000000,2.637363
669,0,0.000000,4.805379,0.062721,0.004359,4.860137,0.000000,0.000000,5.150759,0.027726,2.210210,0.016523,0.000000,2.233139
670,0,0.000000,4.155077,0.062355,0.003282,4.209640,0.000000,0.000000,4.409996,0.016982,1.198658,0.047632,0.000000,1.251717
671,0,0.000000,5.070408,0.062316,0.003231,5.134318,0.000000,0.000000,5.391728,0.014997,1.102926,0.001179,0.000000,1.118511
672,0,0.000000,5.095360,0.056392,0.002586,5.143801,0.000000,0.000000,5.269599,0.016846,1.424704,0.001069,0.000000,1.441847
673,0,0.000000,4.758171,0.056243,0.003001,4.815817,0.000000,0.000000,4.920131,0.014741,1.622658,0.004507,0.000000,1.641024
674,0,0.000000,5.715534,0.064427,0.004102,5.770347,0.000000,0.000000,5.898184,0.045868,1.897313,0.001805,0.000000,1.917965
675,0,0.000000,5.558349,0.086109,0.003793,5.648251,0.000000,0.000000,5.807163,0.017689,2.600876,0.001551,0.000000,2.618366
676,0,0.000000,4.153138,0.057744,0.002385,4.205416,0.000000,0.000000,4.354169,0.027620,1.741995,0.003959,0.000000,1.772953
677,0,0.000000,5.425071,0.055616,0.002772,5.483058,0.000000,0.000000,5.652885,0.020246,3.319302,0.005750,0.000000,3.344216
678,0,0.000000,3.816074,0.046228,0.002709,3.863262,0.000000,0.000000,4.043362,0.021278,1.015805,0.006696,0.000000,1.042435
679,0,0.000000,4.690398,0.046106,0.002703,4.738694,0.000000,0.000000,4.836923,0.018885,1.696757,0.007059,0.000000,1.722163
680,0,0.000000,3.807072,0.049655,0.002891,3.859516,0.000000,0.000000,3.991989,0.021148,1.375086,0.039120,0.000000,1.397681
681,0,0.000000,4.398678,0.048431,0.002841,4.448890,0.000000,0.000000,4.700192,0.021079,1.955625,0.020849,0.000000,1.997553
682,0,0.000000,4.563822,0.051293,0.002405,4.617445,0.000000,0.000000,4.786123,0.017066,1.923445,0.020227,0.000000,1.960471
683,0,0.000000,4.858006,0.046755,0.003130,4.906879,0.000000,0.000000,4.992871,0.018381,2.132654,0.020138,0.000000,2.171173
684,0,0.000000,4.216008,0.055779,0.002895,4.270044,0.000000,0.000000,4.475490,0.018097,1.855890,0.051210,0.000000,1.875378
685,0,0.000000,4.422940,0.050736,0.011382,4.471724,0.000000,0.000000,4.584969,0.017693,2.121979,0.002977,0.000000,2.140132
686,0,0.000000,4.426710,0.050798,0.011581,4.475873,0.000000,0.000000,4.882523,0.024658,0.879919,0.001479,0.000000,0.900926
687,0,0.000000,4.788144,0.056900,0.003030,4.834682,0.000000,0.000000,4.997944,0.024057,0.693062,0.005933,0.000000,0.718547
688,0,0.000000,3.984177,0.043102,0.013273,4.040552,0.000000,0.000000,4.161325,0.039813,0.284977,0.001732,0.000000,0.326149
689,0,0.000000,4.120044,0.050682,0.002638,4.172756,0.000000,0.000000,4.244438,0.021942,0.928767,0.002777,0.000000,0.950988
690,0,0.000000,4.969768,0.127474,0.002938,5.099759,0.000000,0.000000,5.300767,0.042930,1.547099,0.087089,0.000000,1.670186
691,0,0.000000,6.190944,0.062584,0.014817,6.248684,0.000000,0.000000,6.696911,0.028693,2.086377,0.013121,0.000000,2.115998
692,0,0.000000,4.383457,0.050848,0.012166,4.428537,0.000000,0.000000,4.707193,0.036370,0.873106,0.103965,0.000000,0.912112
693,0,0.000000,4.390616,0.051575,0.003738,4.444686,0.000000,0.000000,4.586375,0.027278,0.962867,0.001353,0.000000,0.991134
694,0,0.000000,4.396894,0.052209,0.002522,4.451552,0.000000,0.000000,4.530494,0.035990,0.955936,0.001099,0.000000,0.989922
695,0,0.000000,4.491254,0.055907,0.020729,4.542965,0.000000,0.000000,5.086665,0.026610,1.043392,0.002441,0.000000,1.068008
696,0,0.000000,4.299570,0.047330,0.011216,4.348832,0.000000,0.000000,4.712524,0.030427,1.323249,0.001553,0.000000,1.350125
697,0,0.000000,4.321567,0.044905,0.010142,4.364107,0.000000,0.000000,4.587788,0.026629,1.204260,0.072815,0.000000,1.232879
698,0,0.000000,4.147045,0.044352,0.002568,4.188171,0.000000,0.000000,4.462410,0.022384,1.134803,0.009576,0.000000,1.154788
699,0,0.000000,4.353330,0.070009,0.002927,4.410376,0.000000,0.000000,4.572482,0.019610,1.113684,0.005793,0.000000,1.133788
700,0,0.000000,4.780022,0.057797,0.002544,4.840276,0.000000,0.000000,5.032002,0.024587,1.755383,0.001422,0.000000,1.778129
701,0,0.000000,4.559942,0.055209,0.002723,4.617807,0.000000,0.000000,4.905324,0.025561,1.874440,0.001169,0.000000,1.897822
702,0,0.000000,4.889214,0.073766,0.013777,4.932440,0.000000,0.000000,5.239256,0.016009,0.197643,0.115800,0.000000,0.329452
703,0,0.000000,5.068094,0.059976,0.004727,5.130191,0.000000,0.000000,5.287651,0.037239,1.702373,0.001980,0.000000,1.736096
704,0,0.000000,4.570216,0.057015,0.016351,4.643582,0.000000,0.000000,4.753389,0.032220,0.887401,0.001967,0.000000,0.920067
705,0,0.000000,4.225308,0.138199,0.004759,4.272905,0.000000,0.000000,4.621431,0.026337,1.762158,0.002834,0.000000,1.789280
706,0,0.000000,5.064422,0.066916,0.004429,5.134401,0.000000,0.000000,5.345801,0.021728,2.060633,0.055282,0.000000,2.137643
707,0,0.000000,4.818030,0.053641,0.003454,4.857238,0.000000,0.000000,4.976861,0.016624,1.447998,0.001996,0.000000,1.464374
708,0,0.000000,4.592374,0.044579,0.005663,4.642151,0.000000,0.000000,4.740023,0.018232,1.586980,0.002292,0.000000,1.607504
709,0,0.000000,5.465606,0.048674,0.004450,5.517982,0.000000,0.000000,5.597941,0.025008,3.228744,0.005861,0.000000,3.258773
710,0,0.000000,5.956702,0.067580,0.003717,6.005293,0.000000,0.000000,6.261783,0.018622,2.953532,0.017915,0.000000,2.972517
711,0,0.000000,4.528525,0.053467,0.003490,4.578096,0.000000,0.000000,4.655636,0.029193,1.304713,0.004416,0.000000,1.337188
712,0,0.000000,5.197133,0.050591,0.003495,5.246652,0.000000,0.000000,5.348345,0.020952,1.952739,0.004392,0.000000,1.977866
713,0,0.000000,4.133483,0.067438,0.003104,4.198918,0.000000,0.000000,4.319497,0.020188,0.829835,0.013768,0.000000,0.863413
714,0,0.000000,3.903333,0.042958,0.002887,3.946837,0.000000,0.000000,4.062266,0.027026,0.820371,0.004066,0.000000,0.849741
715,0,0.000000,3.846707,0.067856,0.002750,3.917313,0.000000,0.000000,4.036219,0.016178,0.751392,0.026628,0.000000,0.794198
716,0,0.000000,4.985082,0.063595,0.003850,5.051295,0.000000,0.000000,5.180655,0.018047,2.395567,0.017391,0.000000,2.425958
717,0,0.000000,4.699323,0.048741,0.002851,4.748332,0.000000,0.000000,4.858314,0.029723,1.773898,0.013262,0.000000,1.804432
718,0,0.000000,4.023177,0.063533,0.033374,4.088893,0.000000,0.000000,4.284945,0.027450,0.964047,0.037220,0.000000,1.028248
719,0,0.000000,3.892098,0.044944,0.003608,3.939405,0.000000,0.000000,3.998923,0.022490,1.174760,0.002668,0.000000,1.198729
720,0,0.000000,4.050925,0.043165,0.003926,4.096066,0.000000,0.000000,4.220439,0.028176,1.165004,0.011209,0.000000,1.203948
721,0,0.000000,3.937452,0.045521,0.003010,3.984855,0.000000,0.000000,4.072797,0.021471,0.767297,0.019137,0.000000,0.789185
722,0,0.000000,4.716436,0.085374,0.003430,4.802227,0.000000,0.000000,5.025060,0.017156,1.551758,0.056258,0.000000,1.624243
723,0,0.000000,4.302487,0.043138,0.004064,4.347027,0.000000,0.000000,4.643021,0.085223,1.150054,0.001616,0.000000,1.167790
724,0,0.000000,4.054522,0.040051,0.003107,4.094496,0.000000,0.000000,4.320548,0.025788,1.382466,0.069401,0.000000,1.409932
725,0,0.000000,4.098102,0.045608,0.003268,4.144526,0.000000,0.000000,4.264062,0.035868,1.589318,0.007052,0.000000,1.625751
726,0,0.000000,4.272764,0.049589,0.004136,4.320638,0.000000,0.000000,4.532734,0.016630,0.780443,0.008609,0.000000,0.795687
727,0,0.000000,4.431329,0.048834,0.004584,4.478211,0.000000,0.000000,4.722903,0.019323,1.256073,0.001552,0.000000,1.275405
728,0,0.000000,4.005222,0.051164,0.002999,4.052423,0.000000,0.000000,4.293848,0.018960,0.989621,0.005329,0.000000,1.009582
729,0,0.000000,4.569002,0.042223,0.003028,4.613678,0.000000,0.000000,4.873366,0.017428,1.859086,0.117111,0.000000,1.877976
730,0,0.000000,4.507226,0.078199,0.003433,4.560608,0.000000,0.000000,4.868693,0.022554,1.215170,0.009026,0.000000,1.240776
731,0,0.000000,3.596720,0.062376,0.002922,3.645134,0.000000,0.000000,3.760798,0.017664,0.301436,0.001730,0.000000,0.318491
732,0,0.000000,4.826691,0.079231,0.003462,4.908663,0.000000,0.000000,5.091932,0.019329,2.076326,0.001851,0.000000,2.096105
733,0,0.000000,4.051789,0.045195,0.004626,4.099245,0.000000,0.000000,4.344377,0.020166,1.411016,0.002485,0.000000,1.432536
734,0,0.000000,4.159995,0.055119,0.002970,4.199882,0.000000,0.000000,4.421557,0.019443,0.706491,0.091384,0.000000,0.727280
735,0,0.000000,4.664557,0.042794,0.003094,4.709495,0.000000,0.000000,4.959893,0.023862,1.221689,0.009490,0.000000,1.252561
736,0,0.000000,3.699112,0.047653,0.002910,3.749049,0.000000,0.000000,3.857924,0.017095,0.825299,0.000984,0.000000,0.842184
737,0,0.000000,4.625797,0.048646,0.002488,4.676521,0.000000,0.000000,4.802037,0.017360,1.972831,0.000937,0.000000,1.991060
738,0,0.000000,4.598765,0.108873,0.003295,4.710933,0.000000,0.000000,4.947204,0.015485,1.289184,0.074107,0.000000,1.372891
739,0,0.000000,5.217602,0.045086,0.003239,5.265490,0.000000,0.000000,5.357044,0.032531,1.830793,0.001596,0.000000,1.860352
740,0,0.000000,4.039123,0.052754,0.002705,4.093326,0.000000,0.000000,4.323625,0.043406,1.241812,0.001332,0.000000,1.263090
741,0,0.000000,4.096767,0.054052,0.002986,4.149142,0.000000,0.000000,4.341598,0.014974,1.449353,0.002048,0.000000,1.464669
742,0,0.000000,4.595070,0.044922,0.003012,4.637459,0.000000,0.000000,4.818048,0.017352,1.247698,0.074886,0.000000,1.332017
743,0,0.000000,4.687299,0.044464,0.002834,4.731615,0.000000,0.000000,4.992213,0.020879,2.000714,0.001081,0.000000,2.022504
744,0,0.000000,4.119661,0.049108,0.002646,4.169210,0.000000,0.000000,4.373144,0.017404,1.721969,0.004741,0.000000,1.740516
745,0,0.000000,4.008281,0.046531,0.002815,4.054030,0.000000,0.000000,4.172844,0.020815,1.093523,0.009021,0.000000,1.119895
746,0,0.000000,3.927949,0.043188,0.002814,3.961745,0.000000,0.000000,4.204676,0.014678,0.646809,0.105794,0.000000,0.760927
747,0,0.000000,4.742224,0.044198,0.002662,4.787205,0.000000,0.000000,4.855804,0.015730,1.481259,0.001039,0.000000,1.497387
748,0,0.000000,4.062229,0.043115,0.002788,4.106942,0.000000,0.000000,4.272259,0.022119,1.153692,0.001492,0.000000,1.176228
749,0,0.000000,4.164164,0.050116,0.002846,4.207181,0.000000,0.000000,4.324689,0.018432,1.509390,0.000923,0.000000,1.527640
750,0,0.000000,4.044526,0.128419,0.022725,4.195670,0.000000,0.000000,4.357563,0.021080,0.771128,0.006882,0.000000,0.790450
751,0,0.000000,4.173090,0.048202,0.003234,4.217417,0.000000,0.000000,4.337166,0.027495,1.005368,0.009629,0.000000,1.042492
752,0,0.000000,4.743253,0.052248,0.002808,4.791512,0.000000,0.000000,5.055896,0.028000,2.144548,0.013505,0.000000,2.185441
753,0,0.000000,3.925144,0.055704,0.003355,3.973448,0.000000,0.000000,4.198452,0.016867,0.870212,0.083857,0.000000,0.889424
754,0,0.000000,4.531165,0.056923,0.003296,4.590280,0.000000,0.000000,4.723741,0.028121,0.907293,0.013893,0.000000,0.936388
755,0,0.000000,4.300597,0.053589,0.003031,4.356452,0.000000,0.000000,4.482723,0.015810,1.821261,0.009743,0.000000,1.841737
756,0,0.000000,4.353090,0.049682,0.002523,4.405217,0.000000,0.000000,4.502707,0.015591,1.634545,0.014543,0.000000,1.662332
757,0,0.000000,4.012456,0.055711,0.002661,4.052313,0.000000,0.000000,4.137649,0.013977,0.566925,0.009914,0.000000,0.581580
758,0,0.000000,4.450007,0.048386,0.002342,4.500735,0.000000,0.000000,4.567461,0.022251,1.621433,0.014489,0.000000,1.641693
759,0,0.000000,4.562499,0.061819,0.003540,4.627068,0.000000,0.000000,4.775701,0.015349,2.025660,0.002742,0.000000,2.043263
760,0,0.000000,4.209679,0.087775,0.002819,4.300273,0.000000,0.000000,4.373778,0.017303,1.254025,0.046777,0.000000,1.314378
761,0,0.000000,3.951240,0.062868,0.003052,4.005335,0.000000,0.000000,4.070446,0.015158,0.892572,0.006826,0.000000,0.913813
762,0,0.000000,4.542918,0.058528,0.002609,4.595732,0.000000,0.000000,4.737616,0.018500,1.467268,0.001821,0.000000,1.486550
763,0,0.000000,4.202841,0.058374,0.003052,4.264199,0.000000,0.000000,4.367538,0.013281,0.976019,0.014029,0.000000,0.990149
764,0,0.000000,5.001332,0.060673,0.003300,5.065305,0.000000,0.000000,5.158519,0.013774,2.556000,0.014752,0.000000,2.584526
765,0,0.000000,5.146936,0.064949,0.004209,5.215120,0.000000,0.000000,5.409825,0.014491,2.620535,0.006978,0.000000,2.642004
766,0,0.000000,5.415170,0.063875,0.002992,5.463941,0.000000,0.000000,5.645546,0.024805,1.671702,0.020631,0.000000,1.695229
767,0,0.000000,4.894709,0.059515,0.012575,4.966799,0.000000,0.000000,5.304014,0.024265,1.915234,0.017294,0.000000,1.954985
768,0,0.000000,4.276148,0.059378,0.002919,4.337866,0.000000,0.000000,4.446837,0.025501,1.640235,0.021949,0.000000,1.685074
769,0,0.000000,5.753955,0.058697,0.029893,5.841631,0.000000,0.000000,5.923102,0.020308,3.315048,0.015154,0.000000,3.350339
770,0,0.000000,4.852305,0.055275,0.002894,4.909834,0.000000,0.000000,5.046005,0.027330,2.310849,0.015319,0.000000,2.353269
771,0,0.000000,5.640997,0.057349,0.017620,5.688573,0.000000,0.000000,5.833901,0.049704,3.081567,0.033869,0.000000,3.159091
772,0,0.000000,5.658573,0.049715,0.002315,5.710555,0.000000,0.000000,5.799433,0.023823,2.558619,0.010083,0.000000,2.588722
773,0,0.000000,4.437058,0.091760,0.002804,4.531094,0.000000,0.000000,4.650871,0.019814,1.874665,0.051557,0.000000,1.945065
774,0,0.000000,5.157533,0.058765,0.008822,5.225120,0.000000,0.000000,5.427739,0.018516,1.964222,0.028705,0.000000,2.007292
775,0,0.000000,4.791236,0.059566,0.016106,4.848785,0.000000,0.000000,4.983201,0.030521,1.491671,0.015819,0.000000,1.536869
776,0,0.000000,5.823126,0.080225,0.003855,5.903452,0.000000,0.000000,6.088293,0.026997,2.942762,0.002605,0.000000,2.971209
777,0,0.000000,5.191157,0.061536,0.003477,5.247507,0.000000,0.000000,5.391436,0.039682,1.770695,0.005450,0.000000,1.810030
778,0,0.000000,4.765124,0.056256,0.002683,4.824032,0.000000,0.000000,5.035066,0.019282,1.744376,0.017988,0.000000,1.780480
779,0,0.000000,5.047959,0.059327,0.003059,5.110345,0.000000,0.000000,5.314789,0.016700,2.211196,0.001176,0.000000,2.228167
780,0,0.000000,5.960729,0.064535,0.002860,6.020082,0.000000,0.000000,6.171138,0.021392,3.312937,0.002256,0.000000,3.334394
781,0,0.000000,4.869090,0.056697,0.002635,4.922232,0.000000,0.000000,5.022508,0.021865,2.067851,0.001215,0.000000,2.084542
782,0,0.000000,4.631960,0.061748,0.002751,4.692097,0.000000,0.000000,4.854473,0.018404,1.155212,0.001127,0.000000,1.173748
783,0,0.000000,4.536530,0.051232,0.003088,4.590609,0.000000,0.000000,4.835010,0.027886,1.629414,0.094394,0.000000,1.748711
784,0,0.000000,4.627690,0.057710,0.002945,4.688345,0.000000,0.000000,4.949258,0.015992,1.717646,0.001289,0.000000,1.734927
785,0,0.000000,4.344365,0.063548,0.003048,4.410463,0.000000,0.000000,4.652751,0.020214,1.437350,0.094298,0.000000,1.550143
786,0,0.000000,5.152545,0.057295,0.003312,5.205869,0.000000,0.000000,5.437183,0.016210,2.346189,0.000941,0.000000,2.362999
787,0,0.000000,5.297279,0.084436,0.002908,5.384562,0.000000,0.000000,5.595466,0.014218,1.626012,0.076665,0.000000,1.641487
788,0,0.000000,4.906574,0.055571,0.002785,4.958138,0.000000,0.000000,5.190952,0.024385,2.188992,0.001401,0.000000,2.205627
789,0,0.000000,4.790237,0.057409,0.003099,4.848716,0.000000,0.000000,5.088698,0.023511,1.957546,0.085601,0.000000,2.063923
790,0,0.000000,5.463334,0.057270,0.003623,5.523742,0.000000,0.000000,5.797259,0.016579,2.354489,0.001294,0.000000,2.369180
791,0,0.000000,3.859694,0.050744,0.002688,3.909393,0.000000,0.000000,3.984883,0.020504,1.010839,0.001164,0.000000,1.032507
792,0,0.000000,4.001218,0.045642,0.010300,4.029914,0.000000,0.000000,4.330520,0.015103,0.574027,0.102380,0.000000,0.690736
793,0,0.000000,4.680522,0.069226,0.004135,4.735868,0.000000,0.000000,4.923862,0.018362,1.876109,0.001420,0.000000,1.894398
794,0,0.000000,4.195029,0.051074,0.012060,4.247048,0.000000,0.000000,4.433363,0.021738,1.171750,0.013660,0.000000,1.191360
795,0,0.000000,4.735250,0.063289,0.014246,4.805004,0.000000,0.000000,4.881500,0.020870,1.850455,0.001040,0.000000,1.872328
796,0,0.000000,5.242736,0.077010,0.016192,5.332513,0.000000,0.000000,5.713000,0.026776,2.318168,0.096176,0.000000,2.410376
797,0,0.000000,6.425486,0.097801,0.014699,6.508254,0.000000,0.000000,7.096335,0.032440,2.198578,0.004910,0.000000,2.233800
798,0,0.000000,5.098683,0.053922,0.013719,5.166324,0.000000,0.000000,5.649506,0.038566,0.478442,0.001744,0.000000,0.513517
799,0,0.000000,4.362010,0.051003,0.010845,4.423858,0.000000,0.000000,4.712896,0.024991,1.173108,0.137154,0.000000,1.334288
800,0,0.000000,4.463534,0.047677,0.002976,4.513096,0.000000,0.000000,4.673596,0.021827,0.714425,0.001469,0.000000,0.735834
801,0,0.000000,4.122707,0.099653,0.016876,4.210427,0.000000,0.000000,4.471188,0.020609,0.384945,0.003908,0.000000,0.403181
802,0,0.000000,5.467971,0.075452,0.016338,5.540452,0.000000,0.000000,6.000680,0.036594,0.957347,0.002716,0.000000,0.996389
803,0,0.000000,5.083263,0.070964,0.020212,5.156621,0.000000,0.000000,5.478304,0.033944,0.987115,0.001265,0.000000,1.014689
804,0,0.000000,6.021043,0.061422,0.012502,6.084517,0.000000,0.000000,6.438808,0.032179,2.026262,0.144356,0.000000,2.196443
805,0,0.000000,5.421992,0.063676,0.012489,5.486300,0.000000,0.000000,6.074922,0.023023,1.803459,0.001208,0.000000,1.824046
806,0,0.000000,5.040802,0.061637,0.002642,5.105081,0.000000,0.000000,5.290147,0.027248,0.951135,0.009517,0.000000,0.987900
807,0,0.000000,6.566710,0.091374,0.013678,6.625600,0.000000,0.000000,7.156157,0.018830,2.478147,0.002325,0.000000,2.496122
808,0,0.000000,4.675003,0.058696,0.014270,4.736369,0.000000,0.000000,5.117112,0.032986,0.439302,0.002015,0.000000,0.473820
809,0,0.000000,5.338411,0.058784,0.003110,5.392242,0.000000,0.000000,5.624643,0.025940,2.494780,0.074474,0.000000,2.522426
810,0,0.000000,4.790843,0.130979,0.014727,4.851373,0.000000,0.000000,5.192119,0.025203,2.422046,0.005635,0.000000,2.448647
811,0,0.000000,5.636216,0.072629,0.016120,5.724965,0.000000,0.000000,5.850423,0.027039,2.991527,0.002301,0.000000,3.015331
812,0,0.000000,5.649498,0.075245,0.013835,5.738578,0.000000,0.000000,6.039642,0.032384,2.338477,0.120634,0.000000,2.471595
813,0,0.000000,5.183273,0.059033,0.012225,5.252962,0.000000,0.000000,5.414551,0.026872,2.455886,0.001277,0.000000,2.479409
814,0,0.000000,4.570966,0.058191,0.002567,4.623654,0.000000,0.000000,4.756250,0.023375,1.096318,0.002426,0.000000,1.119135
815,0,0.000000,4.354440,0.051912,0.002700,4.408849,0.000000,0.000000,4.579346,0.020767,0.781251,0.003567,0.000000,0.804413
816,0,0.000000,4.620056,0.075274,0.002920,4.694248,0.000000,0.000000,4.823151,0.019053,1.208838,0.002769,0.000000,1.227480
817,0,0.000000,5.159573,0.051922,0.002773,5.205539,0.000000,0.000000,5.326845,0.018969,1.912053,0.001694,0.000000,1.930235
818,0,0.000000,4.253945,0.061202,0.015999,4.317254,0.000000,0.000000,4.421176,0.023030,1.001748,0.024951,0.000000,1.027922
819,0,0.000000,4.390704,0.057864,0.003539,4.444139,0.000000,0.000000,4.588471,0.021023,0.903109,0.001288,0.000000,0.923559
820,0,0.000000,4.623052,0.062781,0.015902,4.688857,0.000000,0.000000,4.994561,0.019501,1.109627,0.080833,0.000000,1.129895
821,0,0.000000,4.059831,0.049690,0.002790,4.106873,0.000000,0.000000,4.202189,0.023131,0.338215,0.003564,0.000000,0.363649
822,0,0.000000,5.982661,0.072748,0.012949,6.039122,0.000000,0.000000,6.360644,0.013189,2.938213,0.016084,0.000000,2.963357
823,0,0.000000,5.444551,0.088511,0.015736,5.548798,0.000000,0.000000,5.665857,0.030464,2.210344,0.021250,0.000000,2.254705
824,0,0.000000,5.506415,0.062952,0.009241,5.578608,0.000000,0.000000,5.739792,0.029277,2.302483,0.021565,0.000000,2.352056
825,0,0.000000,5.882728,0.065441,0.014139,5.957111,0.000000,0.000000,6.121988,0.030218,1.754275,0.001687,0.000000,1.785738
826,0,0.000000,5.061992,0.077813,0.003092,5.141997,0.000000,0.000000,5.289450,0.029094,2.749012,0.011859,0.000000,2.772392
827,0,0.000000,5.526015,0.087686,0.010144,5.623845,0.000000,0.000000,5.739011,0.022915,2.467425,0.002426,0.000000,2.489007
828,0,0.000000,5.320032,0.061586,0.010175,5.391793,0.000000,0.000000,5.518877,0.029558,2.678554,0.001386,0.000000,2.702772
829,0,0.000000,5.221693,0.054790,0.002834,5.278228,0.000000,0.000000,5.408604,0.027125,2.596328,0.001264,0.000000,2.619702
830,0,0.000000,5.267408,0.058355,0.002894,5.327140,0.000000,0.000000,5.445085,0.022518,2.216697,0.001378,0.000000,2.236650
831,0,0.000000,4.884814,0.088057,0.014180,4.987051,0.000000,0.000000,5.095890,0.023825,1.926010,0.002337,0.000000,1.947458
832,0,0.000000,5.158535,0.078977,0.015358,5.249066,0.000000,0.000000,5.501307,0.029627,1.045197,0.032568,0.000000,1.071355
833,0,0.000000,5.265939,0.060989,0.013403,5.337798,0.000000,0.000000,5.482808,0.038253,2.796472,0.024484,0.000000,2.857771
834,0,0.000000,4.718098,0.066772,0.002853,4.787442,0.000000,0.000000,4.908818,0.027235,1.190816,0.009966,0.000000,1.226915
835,0,0.000000,5.235614,0.073321,0.003072,5.296166,0.000000,0.000000,5.627168,0.026936,2.471497,0.012180,0.000000,2.497499
836,0,0.000000,4.567393,0.058077,0.002776,4.628169,0.000000,0.000000,4.755406,0.019442,1.983583,0.017293,0.000000,2.019876
837,0,0.000000,4.277289,0.067122,0.003375,4.317612,0.000000,0.000000,4.600127,0.018055,1.398142,0.001906,0.000000,1.416145
838,0,0.000000,5.675071,0.069810,0.003183,5.736329,0.000000,0.000000,5.913458,0.025963,2.928354,0.002124,0.000000,2.953869
839,0,0.000000,5.453946,0.068600,0.003965,5.517409,0.000000,0.000000,5.677878,0.020182,2.117872,0.002502,0.000000,2.139689
840,0,0.000000,5.069287,0.066790,0.017862,5.153939,0.000000,0.000000,5.437935,0.024521,1.973440,0.007480,0.000000,1.990936
841,0,0.000000,5.764988,0.063990,0.003011,5.831151,0.000000,0.000000,5.960094,0.043381,2.773489,0.001063,0.000000,2.802155
842,0,0.000000,5.590274,0.063815,0.002886,5.656415,0.000000,0.000000,5.832344,0.021964,2.020713,0.001246,0.000000,2.041153
843,0,0.000000,5.664163,0.059959,0.003032,5.726481,0.000000,0.000000,5.859624,0.027257,2.634387,0.001440,0.000000,2.663084
844,0,0.000000,5.687911,0.061077,0.019766,5.768754,0.000000,0.000000,5.925467,0.024005,2.613320,0.001423,0.000000,2.634057
845,0,0.000000,5.646478,0.058926,0.004357,5.708016,0.000000,0.000000,5.819582,0.028452,2.624118,0.001625,0.000000,2.652304
846,0,0.000000,5.613698,0.083672,0.003276,5.700366,0.000000,0.000000,5.835899,0.030091,2.504492,0.003107,0.000000,2.534978
847,0,0.000000,6.254451,0.084562,0.016148,6.322156,0.000000,0.000000,6.486650,0.031204,2.276982,0.023770,0.000000,2.305206
848,0,0.000000,4.777803,0.069378,0.013650,4.860831,0.000000,0.000000,4.979932,0.030203,0.905348,0.015997,0.000000,0.951397
849,0,0.000000,5.368074,0.060708,0.013285,5.425520,0.000000,0.000000,5.874256,0.037262,2.769508,0.214266,0.000000,3.019019
850,3,0.000000,6.091614,0.074702,0.014997,6.166876,0.000000,0.000000,6.404100,0.051243,2.472592,0.009643,0.000000,2.508015
851,3,0.000000,5.277551,0.068054,0.013782,5.343576,0.000000,0.000000,5.767315,0.039100,1.097168,0.137301,0.000000,1.268610
852,3,0.000000,6.275442,0.065564,0.013841,6.354847,0.000000,0.000000,6.558533,0.029859,1.490918,0.001429,0.000000,1.518677
853,3,0.000000,4.975791,0.118207,0.005147,5.040824,0.000000,0.000000,5.292681,0.030980,0.690763,0.077598,0.000000,0.716508
854,3,0.000000,5.782019,0.070967,0.013437,5.860542,0.000000,0.000000,6.047460,0.027652,0.998328,0.003295,0.000000,1.022915
855,5,0.000000,5.874895,0.067181,0.003566,5.945642,0.000000,0.000000,6.320649,0.030967,2.603006,0.153312,0.000000,2.635307
856,5,0.000000,5.439512,0.068893,0.003047,5.497412,0.000000,0.000000,5.835706,0.025854,1.712990,0.023383,0.000000,1.760799
857,5,0.000000,5.137745,0.063252,0.003145,5.204142,0.000000,0.000000,5.367731,0.023112,1.785771,0.021631,0.000000,1.829318
858,5,0.000000,4.278939,0.048149,0.003240,4.324467,0.000000,0.000000,4.599957,0.032431,1.449289,0.001461,0.000000,1.481976
859,5,0.000000,3.805211,0.068256,0.014553,3.852383,0.000000,0.000000,4.388207,0.033485,1.215182,0.170237,0.000000,1.250100
860,5,0.000000,6.097111,0.063384,0.014187,6.174682,0.000000,0.000000,6.386773,0.036405,2.241874,0.003956,0.000000,2.272859
