iteration,food_quantity,event_poll_ms,ants_advance_ms,evaporation_ms,update_ms,advance_total_ms,render_ms,blit_ms,iteration_total_ms,mpi_halo_exchange_ms,mpi_migration_ms,mpi_food_allreduce_ms,mpi_render_comm_ms,mpi_total_comm_ms
1,0,0.000000,33.181266,12.054559,0.003151,42.981436,0.000000,0.000000,45.431569,0.030850,22.838233,7.717534,0.000000,26.292131
2,0,0.000000,19.291703,11.643909,0.004069,26.952111,0.000000,0.000000,52.003791,12.943134,29.380887,17.267846,0.000000,37.394586
3,0,0.000000,21.904543,4.428716,0.006959,21.949789,0.000000,0.000000,33.224131,3.293828,11.554060,10.849253,0.000000,14.915275
4,0,0.000000,13.840786,9.971517,0.016842,14.644888,0.000000,0.000000,28.006478,0.061820,17.185069,6.114897,0.000000,17.264739
5,0,0.000000,16.559967,7.657611,0.011402,24.179403,0.000000,0.000000,32.000289,7.581061,16.798921,7.596855,0.000000,26.972450
6,0,0.000000,8.236278,7.557056,0.009331,15.792314,0.000000,0.000000,16.033527,0.034090,7.975818,7.544161,0.000000,15.549620
7,0,0.000000,16.009256,7.789156,0.020434,20.500189,0.000000,0.000000,23.966433,0.035548,15.671106,7.795074,0.000000,15.752447
8,0,0.000000,8.253144,7.553836,0.008216,15.784078,0.000000,0.000000,15.989364,0.051583,7.823210,7.498974,0.000000,15.369005
9,0,0.000000,16.195693,7.708037,0.005002,23.859665,0.000000,0.000000,24.053334,0.048371,15.814218,7.595178,0.000000,19.446990
10,0,0.000000,8.007353,7.645169,0.007581,15.654675,0.000000,0.000000,15.886773,0.095450,7.521561,7.615522,0.000000,15.202141
11,0,0.000000,16.409625,7.340386,0.003330,23.734776,0.000000,0.000000,23.979366,0.033003,16.194187,7.282512,0.000000,16.486385
12,0,0.000000,16.078914,15.750742,0.011718,31.837918,0.000000,0.000000,31.997190,0.044724,15.683852,15.732087,0.000000,23.795580
13,0,0.000000,12.026248,11.984890,0.017276,20.082272,0.000000,0.000000,35.949916,0.052991,17.014532,11.984813,0.000000,25.268686
14,0,0.000000,8.197972,7.705407,0.010519,15.884115,0.000000,0.000000,16.046818,0.053525,7.776674,7.682083,0.000000,15.504640
15,0,0.000000,16.084775,7.757190,0.044115,16.124581,0.000000,0.000000,24.042567,0.040220,15.785860,7.786509,0.000000,16.001880
16,0,0.000000,8.070105,7.678259,0.017744,15.750542,0.000000,0.000000,15.909828,0.043194,7.507351,7.690083,0.000000,15.240628
17,0,0.000000,15.882863,7.618958,0.002943,23.503990,0.000000,0.000000,23.715632,0.045791,13.032099,7.583526,0.000000,17.045159
18,0,0.000000,8.281088,7.911085,0.011682,16.047018,0.000000,0.000000,24.015640,0.075570,11.584082,7.888218,0.000000,11.760067
19,0,0.000000,8.097622,11.764458,0.002908,19.801026,0.000000,0.000000,23.973335,0.029702,7.705619,12.294400,0.000000,20.028169
20,0,0.000000,8.040726,7.688731,0.003524,15.732981,0.000000,0.000000,19.990995,0.549456,7.294064,7.967938,0.000000,15.519266
21,0,0.000000,8.011366,7.875613,0.025550,11.915326,0.000000,0.000000,24.044156,2.088088,13.668624,4.037787,0.000000,17.692920
22,0,0.000000,8.135822,7.662012,0.010099,15.800817,0.000000,0.000000,15.983768,0.052745,3.848803,4.035687,0.000000,7.937235
23,0,0.000000,16.044778,7.766483,0.021225,23.816205,0.000000,0.000000,23.983190,0.039774,11.723095,4.034204,0.000000,15.766335
24,0,0.000000,8.260272,7.567404,0.012439,15.831668,0.000000,0.000000,16.000079,0.043902,4.063288,4.031646,0.000000,8.132507
25,0,0.000000,16.177132,7.612694,0.004644,23.794470,0.000000,0.000000,23.924104,0.043791,12.020778,3.994080,0.000000,12.070607
26,0,0.000000,8.271726,7.631824,0.009328,15.912878,0.000000,0.000000,16.060629,0.039262,0.288676,0.065633,0.000000,0.375514
27,0,0.000000,16.185281,7.579001,0.017930,23.759701,0.000000,0.000000,23.971237,0.050276,4.264195,4.030512,0.000000,4.346504
28,0,0.000000,8.144480,7.730307,0.008040,15.851140,0.000000,0.000000,16.024594,0.039316,7.811011,7.734506,0.000000,15.582546
29,0,0.000000,16.020593,7.640295,0.003646,23.641471,0.000000,0.000000,23.931652,0.199521,15.583252,7.631485,0.000000,19.626321
30,0,0.000000,8.147588,7.702419,0.002570,15.852262,0.000000,0.000000,15.976390,0.046147,7.781215,7.662084,0.000000,15.473091
31,0,0.000000,12.096172,7.784197,0.013112,19.882430,0.000000,0.000000,20.023794,0.045042,11.866351,7.767615,0.000000,15.917422
32,0,0.000000,12.013617,7.816967,0.012713,19.833525,0.000000,0.000000,19.982360,0.043178,11.862346,7.808261,0.000000,15.904414
33,0,0.000000,12.067750,7.690252,0.006270,19.761281,0.000000,0.000000,19.903606,0.053041,11.706291,7.686853,0.000000,15.765622
34,0,0.000000,12.195123,7.617522,0.012498,19.815700,0.000000,0.000000,27.293690,0.047924,8.072891,14.879180,0.000000,22.993547
35,0,0.000000,10.736518,7.803898,0.035772,14.569133,0.000000,0.000000,28.659133,0.086269,15.891902,4.009621,0.000000,15.998352
36,0,0.000000,8.270820,11.544828,0.013535,19.618291,0.000000,0.000000,23.949833,0.049430,3.129893,9.228547,0.000000,12.397201
37,0,0.000000,12.791879,10.765860,0.007058,20.850971,0.000000,0.000000,23.748179,0.061060,12.400246,7.574276,0.000000,16.461585
38,0,0.000000,8.889903,7.915454,0.011534,13.157963,0.000000,0.000000,20.763758,0.068128,7.929553,0.032652,0.000000,7.960990
39,0,0.000000,8.137842,7.829649,0.023460,15.981996,0.000000,0.000000,16.101742,0.037576,7.603427,7.831639,0.000000,15.472303
40,0,0.000000,15.924336,7.831862,0.002399,23.757180,0.000000,0.000000,23.872329,0.059643,15.224570,3.835840,0.000000,15.306808
41,0,0.000000,8.247498,11.695034,0.011644,19.838998,0.000000,0.000000,20.058297,0.024851,7.963398,11.686304,0.000000,19.671588
42,0,0.000000,12.600491,7.935188,0.002575,20.538254,0.000000,0.000000,27.921007,0.045606,12.265653,11.900642,0.000000,16.436832
43,0,0.000000,12.079164,7.821123,0.003306,19.903248,0.000000,0.000000,20.029562,0.037588,11.715373,4.022178,0.000000,11.864723
44,0,0.000000,9.781699,6.056170,0.003473,14.242731,0.000000,0.000000,15.995686,0.063738,9.523904,5.998509,0.000000,9.598452
45,0,0.000000,8.176510,7.682731,0.009384,15.725409,0.000000,0.000000,15.994147,0.031738,7.863521,7.671618,0.000000,8.050410
46,0,0.000000,12.230259,7.088558,0.012058,19.330875,0.000000,0.000000,19.991922,0.028065,12.006206,7.065648,0.000000,16.041809
47,0,0.000000,12.056039,6.879622,0.114232,15.087579,0.000000,0.000000,23.960959,0.043465,12.307315,6.842325,0.000000,12.346473
48,0,0.000000,8.161218,7.045083,0.015656,15.185066,0.000000,0.000000,24.008572,0.045087,15.601766,3.979479,0.000000,15.673429
49,0,0.000000,8.135330,7.659327,0.008795,15.790252,0.000000,0.000000,15.917759,0.044483,3.805668,4.015451,0.000000,7.855955
50,0,0.000000,16.104450,12.419726,0.021244,28.529776,0.000000,0.000000,37.582358,0.037748,11.935938,11.992254,0.000000,19.957376
51,0,0.000000,15.014745,7.580974,0.014964,22.608928,0.000000,0.000000,22.805103,0.072254,14.684286,4.415059,0.000000,15.226155
52,0,0.000000,11.635959,7.297063,0.003280,15.037094,0.000000,0.000000,23.736154,0.044144,11.935164,4.204883,0.000000,15.959948
53,0,0.000000,8.232722,6.396241,0.009936,14.616913,0.000000,0.000000,15.825352,0.035137,5.267306,4.017238,0.000000,9.307200
54,0,0.000000,16.098559,7.742876,0.012351,23.844804,0.000000,0.000000,23.963691,0.036839,11.844101,3.962410,0.000000,15.816686
55,0,0.000000,8.144615,7.772087,0.014093,15.914549,0.000000,0.000000,16.033048,0.040947,4.014603,4.027984,0.000000,8.076531
56,0,0.000000,16.231954,7.549743,0.017258,23.741965,0.000000,0.000000,23.987322,0.038612,12.089240,3.998213,0.000000,16.119015
57,0,0.000000,12.101071,7.604845,0.012536,19.704774,0.000000,0.000000,27.950428,0.039351,8.249595,4.012556,0.000000,12.288581
58,0,0.000000,8.236962,7.668236,0.014749,15.907306,0.000000,0.000000,16.032459,0.029367,3.984998,4.026468,0.000000,8.039336
59,0,0.000000,16.054895,7.769356,0.016664,23.840915,0.000000,0.000000,23.967217,0.032261,11.950931,4.022658,0.000000,15.977870
60,0,0.000000,8.181711,7.687593,0.009470,15.865791,0.000000,0.000000,16.006297,0.044742,0.186806,5.278022,0.000000,5.397758
61,0,0.000000,16.012284,7.816106,0.015022,23.806658,0.000000,0.000000,23.967159,0.047197,15.458307,7.765068,0.000000,15.520008
62,0,0.000000,8.122506,7.738243,0.006786,15.861118,0.000000,0.000000,16.007112,0.055146,7.852176,7.710159,0.000000,15.608135
63,0,0.000000,16.148878,7.641452,0.002662,23.792508,0.000000,0.000000,23.933122,0.044881,15.909229,7.621439,0.000000,15.952020
64,0,0.000000,12.032773,7.925264,0.006967,19.956503,0.000000,0.000000,28.007985,7.158267,8.561815,7.931273,0.000000,18.228327
65,0,0.000000,7.718379,7.584702,0.003250,15.300273,0.000000,0.000000,15.436976,0.047965,7.397897,7.201238,0.000000,14.645070
66,0,0.000000,12.153848,7.354740,0.002878,19.508475,0.000000,0.000000,19.969413,0.032252,12.169002,7.345590,0.000000,15.497887
67,0,0.000000,16.402443,7.678579,0.044759,24.125781,0.000000,0.000000,24.422796,0.036558,15.988974,4.401738,0.000000,20.427270
68,0,0.000000,15.633344,7.742861,0.029417,23.154205,0.000000,0.000000,23.862841,0.061013,15.623105,4.292837,0.000000,18.407512
69,0,0.000000,15.858958,7.592245,0.011147,23.453625,0.000000,0.000000,23.679465,0.047148,9.439658,7.578299,0.000000,15.761309
70,0,0.000000,8.078049,7.712118,0.008896,15.776231,0.000000,0.000000,16.014317,0.095027,7.829026,7.704358,0.000000,15.570999
71,0,0.000000,16.180939,11.867054,0.016136,28.064129,0.000000,0.000000,34.321639,0.039851,17.180548,9.477637,0.000000,17.223902
72,0,0.000000,13.697763,7.783738,0.019627,21.477964,0.000000,0.000000,21.647658,0.050759,11.804441,4.002581,0.000000,15.846170
73,0,0.000000,8.154168,7.685060,0.010100,15.847639,0.000000,0.000000,15.996915,0.064111,3.639013,4.017634,0.000000,7.711765
74,0,0.000000,16.134000,7.677764,0.021497,23.833261,0.000000,0.000000,24.006618,0.041098,11.910604,7.697222,0.000000,15.969344
75,0,0.000000,8.183105,7.649220,0.014086,15.835100,0.000000,0.000000,15.995933,0.047109,7.678330,7.654105,0.000000,15.379544
76,0,0.000000,12.102908,7.708949,0.010869,19.745274,0.000000,0.000000,23.971305,0.041520,11.878535,11.693853,0.000000,19.928894
77,0,0.000000,8.125518,7.687601,0.010880,15.800758,0.000000,0.000000,15.985649,0.052601,7.923389,7.683053,0.000000,15.644137
78,0,0.000000,15.012887,4.827810,0.005548,15.048610,0.000000,0.000000,27.973377,0.041547,14.738838,12.790644,0.000000,26.773843
79,0,0.000000,8.047741,7.803386,0.012213,15.860780,0.000000,0.000000,16.011673,0.046541,7.752038,7.794990,0.000000,15.590734
80,0,0.000000,12.857716,6.934573,0.013650,19.794318,0.000000,0.000000,20.131081,0.050756,12.563723,7.081302,0.000000,16.572083
81,0,0.000000,11.824408,3.479793,0.004868,11.862828,0.000000,0.000000,15.784372,0.082669,11.803967,3.454799,0.000000,11.858834
82,0,0.000000,12.709244,4.634948,0.011318,16.763872,0.000000,0.000000,25.917058,0.038399,14.815128,10.556207,0.000000,21.502351
83,0,0.000000,12.001123,11.304743,0.018150,12.034916,0.000000,0.000000,23.637498,0.055380,11.697865,11.489239,0.000000,11.757256
84,0,0.000000,13.624848,6.544322,0.019598,20.171414,0.000000,0.000000,21.572525,0.049205,13.310722,4.015833,0.000000,13.391951
85,0,0.000000,16.029511,7.771534,0.012454,23.798350,0.000000,0.000000,23.972530,0.042154,8.032087,7.738476,0.000000,15.811425
86,0,0.000000,8.155396,7.702944,0.008026,15.860996,0.000000,0.000000,16.001646,0.042369,7.750536,7.688777,0.000000,15.476026
87,0,0.000000,16.148374,7.693997,0.018591,23.856214,0.000000,0.000000,23.996526,0.042116,15.761660,7.716427,0.000000,15.848432
88,0,0.000000,8.667355,7.133654,0.012283,15.756675,0.000000,0.000000,16.027428,0.045656,8.312546,7.144161,0.000000,15.500093
89,0,0.000000,16.099000,7.684103,0.007626,23.789070,0.000000,0.000000,27.930563,0.039360,15.728324,11.648963,0.000000,19.786860
90,0,0.000000,7.023682,7.871251,0.019139,10.969209,0.000000,0.000000,23.968169,1.195506,14.428499,3.967656,0.000000,16.941384
91,0,0.000000,8.197072,7.668843,0.009569,15.875363,0.000000,0.000000,16.029114,0.054227,4.014454,4.040711,0.000000,8.092606
92,0,0.000000,16.156084,7.624071,0.016629,23.780114,0.000000,0.000000,23.977945,0.036200,12.037179,4.020572,0.000000,12.235056
93,0,0.000000,8.199923,7.643476,0.008416,15.849282,0.000000,0.000000,15.994417,0.051874,4.151765,4.019593,0.000000,8.213963
94,0,0.000000,16.048640,7.786551,0.019728,23.847355,0.000000,0.000000,23.976644,0.034398,11.844183,7.780793,0.000000,15.840159
95,0,0.000000,8.157043,7.700428,0.008910,15.851215,0.000000,0.000000,16.017035,0.045061,7.878840,7.695074,0.000000,15.618975
96,0,0.000000,15.353813,6.940607,0.018723,22.289168,0.000000,0.000000,23.967046,0.081769,15.097022,6.942659,0.000000,16.273986
97,0,0.000000,7.941764,7.830879,0.016988,15.752239,0.000000,0.000000,15.910177,0.052529,7.490810,7.824557,0.000000,15.352818
98,0,0.000000,13.224069,7.933103,0.019954,20.684186,0.000000,0.000000,23.986795,0.053527,15.275377,7.945084,0.000000,15.804330
99,0,0.000000,8.307159,7.441139,0.007626,15.729727,0.000000,0.000000,16.001678,0.052142,7.910930,7.422278,0.000000,15.385350
100,0,0.000000,16.168489,7.612172,0.011250,23.791911,0.000000,0.000000,23.948161,0.035187,16.035348,7.592426,0.000000,19.874337
101,0,0.000000,8.878473,6.984138,0.003754,15.122108,0.000000,0.000000,16.016317,0.058269,8.583640,6.920758,0.000000,8.753880
102,0,0.000000,16.175323,7.661688,0.013443,23.850266,0.000000,0.000000,31.944100,0.033157,15.844076,8.000662,0.000000,23.858793
103,0,0.000000,8.198894,7.718621,0.010604,15.898817,0.000000,0.000000,23.956854,0.037514,7.875317,7.954661,0.000000,15.584049
104,0,0.000000,12.117285,7.915858,0.010606,14.193814,0.000000,0.000000,22.210408,0.078317,13.541337,7.854709,0.000000,17.535748
105,0,0.000000,8.224850,7.631503,0.009800,15.844014,0.000000,0.000000,16.027076,0.043566,7.955475,7.618841,0.000000,15.598436
106,0,0.000000,12.223823,7.364014,0.003131,19.589873,0.000000,0.000000,19.977350,0.035002,12.208192,7.310211,0.000000,15.930889
107,0,0.000000,12.096139,7.758372,0.014462,19.867065,0.000000,0.000000,20.004761,0.041497,11.813039,7.753601,0.000000,15.731781
108,0,0.000000,12.151999,5.662204,0.006797,17.798548,0.000000,0.000000,20.004592,0.049317,13.900924,5.636635,0.000000,17.966605
109,0,0.000000,12.170681,7.922564,0.003222,16.139768,0.000000,0.000000,23.935887,0.042625,11.811445,7.891559,0.000000,19.743130
110,0,0.000000,8.234118,7.668372,0.013861,15.908854,0.000000,0.000000,16.044789,0.047530,7.986255,7.664879,0.000000,15.676772
111,0,0.000000,12.724523,7.116473,0.010215,19.226751,0.000000,0.000000,19.939744,0.031361,12.553870,7.091291,0.000000,12.615172
112,0,0.000000,15.742321,8.641341,0.013314,15.798105,0.000000,0.000000,27.976230,0.041509,15.393201,12.007209,0.000000,20.143846
113,0,0.000000,8.156796,7.650234,0.007987,15.799438,0.000000,0.000000,15.951733,0.046015,7.887855,7.602060,0.000000,15.528863
114,0,0.000000,16.236398,7.570581,0.019957,20.912449,0.000000,0.000000,24.001978,0.029970,16.082691,7.573502,0.000000,19.741190
115,0,0.000000,8.156863,7.698984,0.002967,15.858814,0.000000,0.000000,15.982802,0.062548,7.850048,7.665058,0.000000,15.556349
116,0,0.000000,13.790419,9.730079,0.003216,20.776068,0.000000,0.000000,25.772123,0.048996,15.581102,9.713976,0.000000,15.644351
117,0,0.000000,10.384034,7.947789,0.015983,18.347806,0.000000,0.000000,22.204562,0.035862,13.833993,7.930234,0.000000,19.604527
118,0,0.000000,8.221522,11.190134,0.012775,19.259280,0.000000,0.000000,19.570470,0.051503,8.007275,11.183626,0.000000,19.218906
119,0,0.000000,12.506461,7.746828,0.019445,20.272734,0.000000,0.000000,20.426002,0.044658,12.130424,4.038520,0.000000,16.212194
120,0,0.000000,8.036655,7.836889,0.015854,15.876423,0.000000,0.000000,15.990731,0.051793,3.867160,4.022981,0.000000,7.934433
121,0,0.000000,16.160416,7.665240,0.017393,23.843049,0.000000,0.000000,23.973997,0.042873,7.890633,3.669417,0.000000,7.940352
122,0,0.000000,10.234740,12.528308,0.015914,16.795412,0.000000,0.000000,32.066918,7.990043,15.276516,12.556127,0.000000,27.054538
123,0,0.000000,8.114999,7.761534,0.007242,15.879266,0.000000,0.000000,15.985371,0.040675,7.847501,7.745891,0.000000,15.632554
124,0,0.000000,16.068300,7.642374,0.009953,23.707932,0.000000,0.000000,23.916711,0.040819,15.827336,7.590379,0.000000,15.870782
125,0,0.000000,8.130943,7.759483,0.010068,15.870580,0.000000,0.000000,19.998605,0.043127,7.691059,11.661738,0.000000,19.390318
126,0,0.000000,7.692760,11.660502,0.007918,19.240717,0.000000,0.000000,19.522651,0.059118,4.006466,3.635043,0.000000,4.083085
127,0,0.000000,14.073371,7.705669,0.002608,21.781043,0.000000,0.000000,24.004079,2.131699,15.909400,7.675680,0.000000,23.632050
128,0,0.000000,8.120576,15.778038,0.002613,23.885686,0.000000,0.000000,23.993016,0.037469,7.845835,7.306250,0.000000,15.189554
129,0,0.000000,11.731938,4.222501,0.006092,11.971945,0.000000,0.000000,28.498285,0.037522,11.609689,8.792872,0.000000,16.506473
130,0,0.000000,8.184744,7.726248,0.002716,15.877002,0.000000,0.000000,16.052798,0.077084,7.868908,7.690953,0.000000,15.623723
131,0,0.000000,13.027268,11.901936,0.012688,20.949323,0.000000,0.000000,31.951850,0.032443,15.682466,11.965270,0.000000,20.632651
132,0,0.000000,7.531661,12.216508,0.014414,19.622845,0.000000,0.000000,23.338059,0.057696,4.017150,11.992398,0.000000,15.908043
133,0,0.000000,8.175218,7.729344,0.004660,15.896031,0.000000,0.000000,18.117366,0.047047,3.947250,6.120917,0.000000,10.108356
134,0,0.000000,11.559919,9.304423,0.022816,16.124241,0.000000,0.000000,27.830095,0.586506,11.658958,9.303053,0.000000,18.499507
135,0,0.000000,17.074240,6.955703,0.007431,23.193528,0.000000,0.000000,24.175713,0.046099,16.360241,6.936162,0.000000,20.399926
136,0,0.000000,12.186676,9.353906,0.014408,16.144467,0.000000,0.000000,25.452322,0.037108,15.548063,5.435665,0.000000,15.599891
137,0,0.000000,14.666370,7.638197,0.004812,16.608349,0.000000,0.000000,22.486164,0.076716,12.135930,5.711100,0.000000,16.127619
138,0,0.000000,12.042198,12.456937,0.012275,24.511410,0.000000,0.000000,32.006641,0.050134,7.988870,12.016847,0.000000,20.034276
139,0,0.000000,8.287803,7.589377,0.008559,15.882735,0.000000,0.000000,16.009620,0.034406,0.236947,0.035290,0.000000,0.300729
140,0,0.000000,16.239736,7.521023,0.017324,23.778083,0.000000,0.000000,27.947071,0.027430,4.297860,7.953752,0.000000,12.212013
141,0,0.000000,12.244765,7.907518,0.007612,16.190158,0.000000,0.000000,24.144536,0.134613,15.736388,7.910719,0.000000,15.804456
142,0,0.000000,8.070100,7.755416,0.010624,15.813007,0.000000,0.000000,16.006821,0.063914,7.574205,7.770252,0.000000,15.400083
143,0,0.000000,16.250946,7.536537,0.022622,23.810105,0.000000,0.000000,23.967165,0.033641,16.072346,7.537201,0.000000,20.093036
144,0,0.000000,8.157508,7.726318,0.008555,15.846396,0.000000,0.000000,16.147762,0.043838,7.820831,3.994545,0.000000,8.068729
145,0,0.000000,15.819152,7.796538,0.013209,23.586005,0.000000,0.000000,23.746365,0.044114,8.042426,4.002499,0.000000,12.076231
146,0,0.000000,16.006525,11.857711,0.012432,27.867022,0.000000,0.000000,27.961784,0.031347,11.903179,7.857240,0.000000,15.925651
147,0,0.000000,12.251894,8.983064,0.020027,16.656110,0.000000,0.000000,32.637110,4.013943,15.363412,4.371585,0.000000,17.135097
148,0,0.000000,12.049533,6.660731,0.010769,14.737289,0.000000,0.000000,25.916465,0.056434,7.955546,8.506162,0.000000,13.779099
149,0,0.000000,11.786465,7.906974,0.007828,14.093255,0.000000,0.000000,26.063504,0.044969,13.606025,7.979581,0.000000,15.826620
150,0,0.000000,8.258632,7.933265,0.014739,15.127946,0.000000,0.000000,23.009419,3.033605,9.473663,7.930540,0.000000,13.517523
151,0,0.000000,8.021910,7.880099,0.008468,15.910477,0.000000,0.000000,16.013051,0.037915,7.710977,7.881463,0.000000,15.621886
152,0,0.000000,13.511721,6.318561,0.015120,19.831840,0.000000,0.000000,19.980141,0.035230,13.316781,6.293104,0.000000,15.733925
153,0,0.000000,8.190145,7.676098,0.006572,15.800329,0.000000,0.000000,16.005756,0.045371,7.942855,7.671924,0.000000,15.649598
154,0,0.000000,15.318305,4.490452,0.014078,15.356247,0.000000,0.000000,27.936804,0.059473,15.071913,12.447275,0.000000,19.136825
155,0,0.000000,8.153563,7.614237,0.008066,15.755823,0.000000,0.000000,16.007210,0.062604,7.749040,7.589632,0.000000,15.401276
156,0,0.000000,16.172020,7.673057,0.011137,19.874491,0.000000,0.000000,23.984527,0.041775,15.639150,7.660387,0.000000,15.996846
157,0,0.000000,8.166990,7.673616,0.018545,15.842368,0.000000,0.000000,16.007406,0.043798,7.888356,7.624993,0.000000,15.555069
158,0,0.000000,16.175339,7.618631,0.017138,23.809766,0.000000,0.000000,23.995649,0.048356,15.852784,7.602258,0.000000,19.737458
159,0,0.000000,8.152321,7.786710,0.010142,15.888935,0.000000,0.000000,16.081446,0.039912,7.795494,7.781834,0.000000,15.609085
160,0,0.000000,16.091672,7.635542,0.020218,23.747432,0.000000,0.000000,23.903737,0.037102,15.777186,7.491304,0.000000,19.772071
161,0,0.000000,8.564528,7.110817,0.012286,15.673381,0.000000,0.000000,15.901810,0.072441,7.614373,7.103285,0.000000,14.790099
162,0,0.000000,16.085827,7.647113,0.015901,23.733812,0.000000,0.000000,23.976515,0.080359,15.730311,7.622948,0.000000,16.502089
163,0,0.000000,16.041772,7.749490,0.012435,23.793499,0.000000,0.000000,23.984062,0.043729,15.755509,3.995357,0.000000,15.823108
164,0,0.000000,16.081010,7.710670,0.009628,23.793987,0.000000,0.000000,23.983479,0.042892,8.098269,4.001089,0.000000,12.071208
165,0,0.000000,8.168332,7.713246,0.017615,15.889697,0.000000,0.000000,16.068142,0.059660,0.154482,0.059033,0.000000,0.245512
166,0,0.000000,15.987644,7.158619,0.012953,23.145191,0.000000,0.000000,31.913975,0.059109,8.671372,7.133131,0.000000,11.972123
167,0,0.000000,8.347654,7.524234,0.008265,15.858058,0.000000,0.000000,16.020076,0.041817,8.020802,7.485597,0.000000,15.543871
168,0,0.000000,16.124035,7.681890,0.012142,23.818067,0.000000,0.000000,23.970382,0.056138,15.721611,4.873761,0.000000,19.794818
169,0,0.000000,8.270248,7.615443,0.004085,15.859083,0.000000,0.000000,16.013393,0.037235,5.068109,4.027724,0.000000,5.137518
170,0,0.000000,16.082767,7.781524,0.018038,23.882329,0.000000,0.000000,23.999458,0.035299,15.815390,4.043824,0.000000,19.885077
171,0,0.000000,8.152343,11.646865,0.007820,19.661900,0.000000,0.000000,23.933565,0.042158,4.014155,11.976727,0.000000,15.931172
172,0,0.000000,8.301990,7.613825,0.008854,15.906336,0.000000,0.000000,16.025841,0.040631,0.256805,0.025846,0.000000,0.303510
173,0,0.000000,16.167528,7.661079,0.012226,23.831480,0.000000,0.000000,23.949959,0.029113,4.178226,3.945279,0.000000,8.131728
174,0,0.000000,15.467346,6.170358,0.009286,21.646990,0.000000,0.000000,21.812247,0.059279,15.073975,4.042680,0.000000,17.741059
175,0,0.000000,16.053300,7.800747,0.012835,23.862502,0.000000,0.000000,24.001406,0.036262,12.007001,4.047200,0.000000,16.087765
176,0,0.000000,16.128472,7.496706,0.017699,23.642877,0.000000,0.000000,23.956386,0.046298,12.183257,4.008598,0.000000,16.234592
177,0,0.000000,8.151553,7.644213,0.009019,15.781935,0.000000,0.000000,15.938482,0.040556,4.138708,4.029884,0.000000,8.196060
178,0,0.000000,16.147432,7.696229,0.015706,23.859367,0.000000,0.000000,23.971870,0.026973,12.065038,4.013756,0.000000,16.080604
179,0,0.000000,8.218506,7.286067,0.009216,15.473917,0.000000,0.000000,16.019559,0.037884,4.393057,3.996566,0.000000,8.421744
180,0,0.000000,16.077475,7.740066,0.003389,23.816719,0.000000,0.000000,23.959252,0.031139,11.890861,4.016369,0.000000,15.926509
181,0,0.000000,8.250071,7.648831,0.017303,15.886112,0.000000,0.000000,16.034312,0.039707,4.021327,4.050080,0.000000,8.111114
182,0,0.000000,16.009769,7.779481,0.009031,23.789576,0.000000,0.000000,23.911361,0.044630,8.095780,3.981171,0.000000,12.113846
183,0,0.000000,8.215085,7.706182,0.013017,15.902803,0.000000,0.000000,16.053442,0.031813,0.206570,0.047932,0.000000,0.276799
184,0,0.000000,16.146182,7.681149,0.014756,23.830348,0.000000,0.000000,23.952541,0.026908,4.099963,3.992886,0.000000,8.083963
185,0,0.000000,8.187547,11.648840,0.013482,19.684569,0.000000,0.000000,23.959307,0.043420,3.990560,7.970434,0.000000,8.159291
186,0,0.000000,8.201215,7.699974,0.014106,15.903380,0.000000,0.000000,16.046211,0.053202,0.178256,0.044963,0.000000,0.270593
187,0,0.000000,16.273812,7.921576,0.013133,24.208521,0.000000,0.000000,31.957653,0.030824,11.776097,4.006117,0.000000,11.830317
188,0,0.000000,8.127607,7.784846,0.002926,15.894188,0.000000,0.000000,15.987311,0.040325,0.146585,0.021550,0.000000,0.200737
189,0,0.000000,16.131136,7.320206,0.013969,19.494349,0.000000,0.000000,31.981649,0.039940,10.858142,7.286389,0.000000,14.892455
190,0,0.000000,8.164062,7.717998,0.012596,15.883933,0.000000,0.000000,16.010799,0.085858,7.832999,7.690204,0.000000,15.609061
191,0,0.000000,16.054168,7.773655,0.003144,23.829373,0.000000,0.000000,27.959839,0.036664,15.759171,7.977687,0.000000,23.522826
192,0,0.000000,7.730380,7.689975,0.013949,15.432099,0.000000,0.000000,15.575672,0.042968,7.532402,7.690145,0.000000,15.249712
193,0,0.000000,16.065255,7.680735,0.013395,23.759009,0.000000,0.000000,31.854779,0.031893,15.788703,15.653738,0.000000,23.774470
194,0,0.000000,8.166976,7.807403,0.043802,15.984872,0.000000,0.000000,16.131198,0.059978,7.855925,7.807641,0.000000,15.711984
195,0,0.000000,15.976230,7.329438,0.008096,23.302103,0.000000,0.000000,23.857210,0.045672,16.115370,7.313792,0.000000,16.173175
196,0,0.000000,8.292969,7.571132,0.008633,15.830587,0.000000,0.000000,16.037910,0.036680,8.051206,7.562515,0.000000,15.646738
197,0,0.000000,16.204164,7.637738,0.016286,23.834132,0.000000,0.000000,23.985546,0.034153,15.896996,7.641617,0.000000,15.974496
198,0,0.000000,8.097590,7.770307,0.006401,15.856290,0.000000,0.000000,15.993062,0.042620,7.832737,7.757475,0.000000,15.610746
199,0,0.000000,16.150433,7.665979,0.004578,19.835504,0.000000,0.000000,23.954844,0.041339,15.767900,7.625927,0.000000,15.813385
200,0,0.000000,8.340304,7.547027,0.012554,15.899885,0.000000,0.000000,16.062465,0.047175,7.959745,7.553183,0.000000,15.560103
201,0,0.000000,12.153571,7.964764,0.015756,17.745938,0.000000,0.000000,23.973532,0.064675,11.841893,7.971834,0.000000,15.949688
202,0,0.000000,8.290144,7.484475,0.012531,15.751952,0.000000,0.000000,15.972135,0.045636,8.069351,7.474472,0.000000,15.580466
203,0,0.000000,12.120481,3.964427,0.006502,16.065813,0.000000,0.000000,23.953095,0.035860,15.575508,7.920785,0.000000,23.508241
204,0,0.000000,8.050191,7.784992,0.017576,15.852759,0.000000,0.000000,16.043916,0.067595,7.745499,7.801011,0.000000,15.605582
205,0,0.000000,13.267740,7.884072,0.009297,21.149815,0.000000,0.000000,27.899831,0.054174,15.539794,7.961499,0.000000,23.518241
206,0,0.000000,12.430052,7.813016,0.011067,20.160995,0.000000,0.000000,20.372730,0.053285,11.895756,7.797088,0.000000,15.976497
207,0,0.000000,12.603741,11.017863,0.014174,12.638481,0.000000,0.000000,27.943814,0.037913,13.195365,14.358665,0.000000,20.871678
208,0,0.000000,7.856185,7.374913,0.007252,15.206563,0.000000,0.000000,16.013760,0.697453,0.519954,3.934379,0.000000,5.117907
209,0,0.000000,16.007733,5.471847,0.010234,21.489814,0.000000,0.000000,27.769261,0.023984,12.175721,1.377754,0.000000,12.199084
210,0,0.000000,8.905709,7.925506,0.010070,12.859405,0.000000,0.000000,20.622248,0.037313,7.946652,3.972834,0.000000,7.985888
211,0,0.000000,8.281301,7.655389,0.011739,15.921350,0.000000,0.000000,16.054596,0.031257,7.999042,7.594912,0.000000,15.623891
212,0,0.000000,20.109929,6.149731,0.011712,26.234823,0.000000,0.000000,27.966354,0.032555,19.952473,2.147919,0.000000,19.997759
213,0,0.000000,8.122063,7.759996,0.010117,15.865799,0.000000,0.000000,19.970704,0.056865,7.821265,11.698300,0.000000,19.535112
214,0,0.000000,8.157553,7.905168,0.010008,12.263717,0.000000,0.000000,24.012064,4.028521,15.547498,7.878712,0.000000,17.975427
215,0,0.000000,8.249199,7.571025,0.007909,15.803474,0.000000,0.000000,16.030234,0.039881,8.006051,7.535458,0.000000,15.580289
216,0,0.000000,16.079773,3.857828,0.014202,16.112913,0.000000,0.000000,23.939804,0.043615,15.690756,7.714092,0.000000,15.773980
217,0,0.000000,8.181955,7.711435,0.013034,15.896312,0.000000,0.000000,16.027328,0.043521,7.850942,7.697886,0.000000,15.590576
218,0,0.000000,12.004570,11.931563,0.022337,15.974130,0.000000,0.000000,31.399978,0.053885,15.652349,11.933396,0.000000,23.143706
219,0,0.000000,16.723391,7.898304,0.011471,20.671993,0.000000,0.000000,28.520389,0.057883,15.882921,7.862087,0.000000,15.948672
220,0,0.000000,8.093487,7.814369,0.003000,15.893649,0.000000,0.000000,16.020792,0.061224,7.487438,7.792028,0.000000,15.340690
221,0,0.000000,16.041191,7.817310,0.012015,23.870057,0.000000,0.000000,23.989337,0.032268,15.574332,7.819525,0.000000,19.618324
222,0,0.000000,8.156163,7.730377,0.014754,15.887731,0.000000,0.000000,16.005150,0.055100,7.881739,7.725554,0.000000,15.646823
223,0,0.000000,14.212348,13.571889,0.005298,27.789535,0.000000,0.000000,27.961842,0.047257,13.780452,13.567479,0.000000,25.822211
224,0,0.000000,8.100349,7.797619,0.012668,15.880313,0.000000,0.000000,16.030546,0.055606,7.731232,7.782250,0.000000,15.559466
225,0,0.000000,20.829296,12.042774,0.021518,24.897720,0.000000,0.000000,35.871071,0.049435,15.676067,7.640027,0.000000,15.747317
226,0,0.000000,7.969792,7.846185,0.012099,15.667116,0.000000,0.000000,16.778624,0.218701,7.442844,8.470926,0.000000,16.123163
227,0,0.000000,14.565940,10.220259,0.020115,16.824546,0.000000,0.000000,27.148443,0.663889,13.887267,0.643672,0.000000,14.540897
228,0,0.000000,8.945655,6.164649,0.009745,14.215397,0.000000,0.000000,31.814868,4.127492,13.745931,7.800931,0.000000,21.599051
229,0,0.000000,12.386175,11.647461,0.011781,24.021114,0.000000,0.000000,28.160852,0.056360,7.953407,8.000167,0.000000,12.141989
230,0,0.000000,8.720326,11.138062,0.006185,19.258899,0.000000,0.000000,23.993561,0.047685,8.343824,11.105009,0.000000,19.488952
231,0,0.000000,14.969183,7.663009,0.003186,22.634640,0.000000,0.000000,22.767962,0.057471,8.251858,4.008673,0.000000,12.255968
232,0,0.000000,16.139987,7.698697,0.005403,23.844087,0.000000,0.000000,23.969646,0.037361,8.077808,4.006319,0.000000,12.070354
233,0,0.000000,8.191683,7.704355,0.002631,15.880188,0.000000,0.000000,16.008574,0.052190,0.209120,0.021777,0.000000,0.276111
234,0,0.000000,16.009090,7.852721,0.019684,23.878242,0.000000,0.000000,23.993238,0.031192,4.027434,4.019496,0.000000,8.070536
235,0,0.000000,8.072830,7.806457,0.013024,15.880686,0.000000,0.000000,16.012990,0.051218,0.135284,0.055359,0.000000,0.225922
236,0,0.000000,16.215262,7.947072,0.015742,24.152728,0.000000,0.000000,31.961758,0.036654,13.087175,4.002071,0.000000,17.085070
237,0,0.000000,8.027985,7.881141,0.010321,15.896464,0.000000,0.000000,16.025511,0.047593,4.662827,4.050646,0.000000,8.502601
238,0,0.000000,16.181094,7.559866,0.014260,23.742186,0.000000,0.000000,27.934884,0.050160,12.174233,7.993423,0.000000,16.232019
239,0,0.000000,8.115143,7.011251,0.028584,15.129903,0.000000,0.000000,19.114974,3.121001,11.634164,7.003910,0.000000,15.735207
240,0,0.000000,12.063958,7.894401,0.020519,16.111194,0.000000,0.000000,23.956015,0.036988,15.624526,7.914838,0.000000,19.679529
241,0,0.000000,11.919191,7.928267,0.015321,15.863924,0.000000,0.000000,23.861851,0.065007,12.689309,7.903754,0.000000,15.690443
242,0,0.000000,8.182862,7.704912,0.010396,15.885006,0.000000,0.000000,16.032140,0.037104,7.602370,7.612337,0.000000,15.250883
243,0,0.000000,16.139554,7.651038,0.009872,23.774330,0.000000,0.000000,23.965450,0.046754,15.612627,4.027188,0.000000,19.670950
244,0,0.000000,12.080987,7.886634,0.017447,15.998749,0.000000,0.000000,23.986974,0.060525,7.939798,4.024757,0.000000,12.000369
245,0,0.000000,8.172607,7.689085,0.012650,15.854911,0.000000,0.000000,16.008120,0.050797,0.199759,0.052309,0.000000,0.279813
246,0,0.000000,16.044807,8.785121,0.017019,20.423619,0.000000,0.000000,31.921888,0.035004,7.815208,11.977435,0.000000,19.005201
247,0,0.000000,8.159664,7.741423,0.011508,15.896161,0.000000,0.000000,16.040943,0.052269,7.892937,7.741717,0.000000,15.678917
248,0,0.000000,12.580852,7.021438,0.011746,19.081755,0.000000,0.000000,20.019863,0.041988,12.514490,7.023766,0.000000,16.412792
249,0,0.000000,15.108093,7.923710,0.016435,16.036274,0.000000,0.000000,27.910975,0.046418,15.472352,7.976297,0.000000,19.532534
250,0,0.000000,7.644061,7.694195,0.010161,15.329479,0.000000,0.000000,15.466922,0.049329,7.162968,7.624214,0.000000,14.833015
251,0,0.000000,13.057731,7.915576,0.012186,20.977991,0.000000,0.000000,23.946441,0.043775,15.375726,7.897653,0.000000,23.291769
252,0,0.000000,8.166810,7.755471,0.011138,15.910197,0.000000,0.000000,16.020505,0.039515,7.874670,7.725108,0.000000,15.639293
253,0,0.000000,12.016567,12.224929,0.011076,17.345535,0.000000,0.000000,27.939999,0.044512,14.104334,13.269214,0.000000,21.132627
254,0,0.000000,8.219782,7.740072,0.006267,15.927148,0.000000,0.000000,16.097457,0.034922,7.847514,7.709463,0.000000,15.590834
255,0,0.000000,16.016847,13.081740,0.008745,18.103151,0.000000,0.000000,31.692319,0.139448,15.556724,5.261077,0.000000,19.566111
256,0,0.000000,12.280766,7.767245,0.008356,20.049771,0.000000,0.000000,20.195299,0.178533,11.901520,7.750932,0.000000,15.646060
257,0,0.000000,12.117127,7.911400,0.013615,16.066253,0.000000,0.000000,23.933552,0.039640,15.614085,7.856158,0.000000,19.632616
258,0,0.000000,8.079363,7.635050,0.009460,15.666816,0.000000,0.000000,23.988700,0.045866,11.631210,7.613467,0.000000,19.282501
259,0,0.000000,8.039011,7.807228,0.005883,15.847797,0.000000,0.000000,15.978125,0.059311,7.762677,7.766819,0.000000,15.565613
260,0,0.000000,15.794256,12.079568,0.020155,25.085141,0.000000,0.000000,28.022124,0.033212,15.568706,12.098281,0.000000,27.633951
261,0,0.000000,8.151348,7.682524,0.012651,15.811918,0.000000,0.000000,15.991528,0.048684,7.762577,7.673472,0.000000,15.484733
262,0,0.000000,16.119484,14.637113,0.023470,22.775696,0.000000,0.000000,35.974042,0.035212,15.854783,6.642115,0.000000,15.897645
263,0,0.000000,8.177754,7.682252,0.010067,15.800898,0.000000,0.000000,16.011689,0.062505,7.723406,7.680380,0.000000,15.456001
264,0,0.000000,16.158921,7.640354,0.017716,23.794730,0.000000,0.000000,23.966378,0.044083,15.895422,7.635130,0.000000,15.978560
265,0,0.000000,8.199589,7.664272,0.002680,15.850390,0.000000,0.000000,15.980616,0.041704,7.881245,7.627996,0.000000,15.546248
266,0,0.000000,16.210785,7.642996,0.015145,23.850527,0.000000,0.000000,23.995173,0.030119,15.859312,4.017624,0.000000,19.899539
267,0,0.000000,8.239581,11.597272,0.008047,19.659262,0.000000,0.000000,23.946252,0.045037,0.264138,7.977466,0.000000,8.269620
268,0,0.000000,12.649775,7.797766,0.013960,20.454332,0.000000,0.000000,20.614061,0.047766,12.293394,7.780644,0.000000,16.331294
269,0,0.000000,16.062249,7.748847,0.022952,23.834048,0.000000,0.000000,24.019650,0.043266,15.641822,7.791742,0.000000,19.737033
270,0,0.000000,7.993306,7.780977,0.009115,15.776621,0.000000,0.000000,15.951499,0.099880,7.470534,7.768927,0.000000,15.336578
271,0,0.000000,16.084322,7.701785,0.006584,23.787820,0.000000,0.000000,24.131860,0.041946,15.732669,7.869078,0.000000,17.606194
272,0,0.000000,11.935728,7.905744,0.010890,15.839315,0.000000,0.000000,27.778312,0.050928,12.135051,7.847544,0.000000,18.069120
273,0,0.000000,12.013057,12.147554,0.017745,16.072804,0.000000,0.000000,27.916743,0.134531,15.198287,12.162590,0.000000,19.875080
274,0,0.000000,8.054022,7.796551,0.006810,15.853199,0.000000,0.000000,15.973852,0.050458,7.473805,7.761221,0.000000,15.282520
275,0,0.000000,17.481603,10.836452,0.012476,28.330531,0.000000,0.000000,32.215159,0.041547,17.061698,14.570528,0.000000,31.665546
276,0,0.000000,7.903624,7.736154,0.013963,15.640900,0.000000,0.000000,15.840650,0.070520,7.232681,7.787959,0.000000,15.065638
277,0,0.000000,16.131585,7.643215,0.006872,23.695736,0.000000,0.000000,23.960235,0.113557,14.476272,7.627582,0.000000,18.573318
278,0,0.000000,8.032406,7.793316,0.007063,15.821455,0.000000,0.000000,15.953927,0.037885,7.677497,7.782837,0.000000,15.496085
279,0,0.000000,16.008738,7.811287,0.012000,18.841116,0.000000,0.000000,23.960964,0.036537,15.640002,7.800044,0.000000,15.682448
280,0,0.000000,8.088761,7.770969,0.006819,15.852727,0.000000,0.000000,16.093840,0.105221,7.736233,7.832978,0.000000,15.534970
281,0,0.000000,15.959972,7.691779,0.015147,23.595887,0.000000,0.000000,23.852468,0.048937,15.660876,3.669376,0.000000,19.377352
282,0,0.000000,8.116511,7.730897,0.014439,15.831452,0.000000,0.000000,15.980177,0.064495,7.683070,7.716970,0.000000,15.456011
283,0,0.000000,16.114431,6.288032,0.014532,22.372272,0.000000,0.000000,24.008193,0.041529,17.309285,6.290775,0.000000,17.373081
284,0,0.000000,12.552811,7.923142,0.021677,16.021701,0.000000,0.000000,23.956384,0.051330,12.256404,7.890986,0.000000,12.321500
285,0,0.000000,8.173565,7.687218,0.012034,15.850853,0.000000,0.000000,16.014099,0.042151,7.912032,7.632788,0.000000,15.586971
286,0,0.000000,16.051498,7.704808,0.011513,23.764539,0.000000,0.000000,23.962140,0.039149,15.785526,7.696559,0.000000,15.864397
287,0,0.000000,8.219187,7.624774,0.014269,15.854316,0.000000,0.000000,19.963657,0.038013,7.462029,7.980724,0.000000,15.145468
288,0,0.000000,8.218776,7.702900,0.010812,15.932488,0.000000,0.000000,24.047502,8.011014,15.727997,7.685208,0.000000,19.802780
289,0,0.000000,16.071254,11.663366,0.011726,23.748630,0.000000,0.000000,30.030982,0.038877,15.746433,7.987650,0.000000,21.936198
290,0,0.000000,14.038916,6.032775,0.007380,16.032904,0.000000,0.000000,29.181939,0.062656,13.824226,9.345488,0.000000,17.847504
291,0,0.000000,12.854071,7.619809,0.004277,20.475826,0.000000,0.000000,28.607637,0.084482,12.400858,7.973468,0.000000,20.086310
292,0,0.000000,14.975431,4.547243,0.009554,19.498990,0.000000,0.000000,22.906356,0.099170,14.635964,0.513617,0.000000,14.723304
293,0,0.000000,12.584640,7.738152,0.012678,20.274062,0.000000,0.000000,20.487752,0.064611,8.088500,7.688867,0.000000,12.163343
294,0,0.000000,12.011998,7.914989,0.016471,16.011281,0.000000,0.000000,23.991829,0.048991,8.653627,7.877527,0.000000,14.759432
295,0,0.000000,8.148962,7.749126,0.003922,15.887469,0.000000,0.000000,15.996141,0.035716,7.849313,7.723087,0.000000,15.603144
296,0,0.000000,16.104278,7.722625,0.006568,23.830481,0.000000,0.000000,23.945853,0.046290,15.737964,7.688300,0.000000,19.766308
297,0,0.000000,8.224380,7.642264,0.010609,15.844983,0.000000,0.000000,16.029104,0.032167,7.834026,7.599238,0.000000,15.465431
298,0,0.000000,16.122816,7.755893,0.019647,23.842694,0.000000,0.000000,24.027602,0.030883,15.696742,4.054385,0.000000,19.763488
299,0,0.000000,8.090652,7.745586,0.010686,15.812056,0.000000,0.000000,15.980295,0.045363,7.657732,7.751799,0.000000,15.452384
300,0,0.000000,13.606445,7.306479,0.017128,19.860159,0.000000,0.000000,23.956381,0.060224,13.911109,7.301352,0.000000,17.945446
301,0,0.000000,8.202913,7.681703,0.009495,15.860698,0.000000,0.000000,16.018491,0.052324,7.821425,7.679425,0.000000,15.537394
302,0,0.000000,12.142192,3.921618,0.006823,16.070633,0.000000,0.000000,23.917879,0.042019,15.628404,7.856383,0.000000,15.678298
303,0,0.000000,8.105696,7.814837,0.009585,15.912117,0.000000,0.000000,16.051949,0.061184,7.709329,7.774135,0.000000,15.544648
304,0,0.000000,12.166501,8.387478,0.008278,20.425357,0.000000,0.000000,20.660128,0.031937,11.910916,7.677364,0.000000,16.409290
305,0,0.000000,15.289560,7.830847,0.009318,23.121998,0.000000,0.000000,23.204515,0.035161,11.887313,3.974086,0.000000,15.776587
306,0,0.000000,7.689568,7.721007,0.008389,15.409035,0.000000,0.000000,15.595949,0.042902,7.467351,7.695009,0.000000,15.175167
307,0,0.000000,16.053797,7.810126,0.009303,23.860313,0.000000,0.000000,23.978416,0.036482,15.761642,7.799342,0.000000,19.776191
308,0,0.000000,8.063826,7.842141,0.013776,15.904346,0.000000,0.000000,16.049987,0.040975,7.705067,7.847711,0.000000,15.591699
309,0,0.000000,15.992761,7.765236,0.012024,23.757382,0.000000,0.000000,23.914409,0.046007,15.563087,3.987116,0.000000,15.624028
310,0,0.000000,8.212860,7.569650,0.002512,15.784344,0.000000,0.000000,16.013360,0.038388,0.316702,0.024346,0.000000,0.371483
311,0,0.000000,16.304066,7.579752,0.014042,23.861367,0.000000,0.000000,24.034067,0.034186,4.188844,4.049568,0.000000,8.271590
312,0,0.000000,8.222747,6.742706,0.024809,14.843274,0.000000,0.000000,31.552251,0.043006,11.484749,11.608895,0.000000,23.126929
313,0,0.000000,8.137493,7.765938,0.002613,15.891196,0.000000,0.000000,16.381949,0.407699,7.723740,7.741659,0.000000,15.853430
314,0,0.000000,12.057971,7.934658,0.013709,16.017608,0.000000,0.000000,23.936354,0.044115,15.636042,0.028523,0.000000,15.682432
315,0,0.000000,8.212379,11.669281,0.013823,19.772913,0.000000,0.000000,23.966152,0.040729,3.964674,7.950754,0.000000,11.946969
316,0,0.000000,8.158357,7.769949,0.002236,15.924266,0.000000,0.000000,16.033873,0.039439,3.826871,4.007365,0.000000,7.866629
317,0,0.000000,15.968699,3.927082,0.012649,16.056650,0.000000,0.000000,23.957308,0.064815,11.691973,7.828497,0.000000,11.719836
318,0,0.000000,16.112858,7.760141,0.013927,23.874914,0.000000,0.000000,24.024227,0.046661,15.790823,7.722941,0.000000,23.560425
319,0,0.000000,10.871447,7.113258,0.010595,13.959338,0.000000,0.000000,26.341017,0.053651,13.869780,7.118405,0.000000,15.785243
320,0,0.000000,8.831776,6.878543,0.010688,15.721007,0.000000,0.000000,23.860166,0.119533,8.637055,7.984099,0.000000,16.737919
321,0,0.000000,8.544305,7.278711,0.008756,15.825024,0.000000,0.000000,15.965284,0.064335,8.151420,7.187174,0.000000,15.394412
322,0,0.000000,16.154107,7.306536,0.016878,23.463903,0.000000,0.000000,23.988050,0.032410,15.859382,7.299185,0.000000,15.912933
323,0,0.000000,8.232564,7.624861,0.007586,15.858371,0.000000,0.000000,16.015395,0.035105,7.921901,7.607754,0.000000,15.560725
324,0,0.000000,16.125121,7.670552,0.005101,23.797891,0.000000,0.000000,23.936107,0.036783,15.810504,7.639110,0.000000,19.769569
325,0,0.000000,8.161193,7.724447,0.012514,15.889458,0.000000,0.000000,16.040917,0.051911,7.773570,7.720104,0.000000,15.544431
326,0,0.000000,13.023507,6.807343,0.003027,19.832552,0.000000,0.000000,19.973144,0.038483,12.716432,6.794740,0.000000,15.668666
327,0,0.000000,16.028398,13.586211,0.022545,29.637154,0.000000,0.000000,36.016196,0.035349,21.959458,13.610732,0.000000,30.028718
328,0,0.000000,8.130928,7.710830,0.013350,15.843764,0.000000,0.000000,15.970380,0.044725,7.795395,7.694771,0.000000,15.532938
329,0,0.000000,12.110139,7.914360,0.016637,16.069891,0.000000,0.000000,23.971385,0.043383,15.524833,7.880887,0.000000,19.705123
330,0,0.000000,8.143313,7.760750,0.012344,15.907007,0.000000,0.000000,16.046390,0.044484,7.836127,7.676971,0.000000,15.547965
331,0,0.000000,14.648618,7.774033,0.014414,22.426253,0.000000,0.000000,23.948543,0.056860,15.628114,7.694168,0.000000,15.710746
332,0,0.000000,8.120464,7.718653,0.010963,15.825587,0.000000,0.000000,15.990452,0.058289,7.790457,4.047170,0.000000,11.875692
333,0,0.000000,16.133036,7.681219,0.012614,23.814107,0.000000,0.000000,23.955958,0.058161,11.889513,7.671551,0.000000,15.928988
334,0,0.000000,8.172442,7.683808,0.003512,15.847986,0.000000,0.000000,15.986365,0.039426,7.870187,7.662461,0.000000,15.569942
335,0,0.000000,18.979520,4.880759,0.017870,20.958874,0.000000,0.000000,31.979309,0.034534,18.677410,12.832556,0.000000,26.710391
336,0,0.000000,8.113083,7.715050,0.011460,15.827763,0.000000,0.000000,15.998556,0.058254,7.734954,7.700009,0.000000,15.478485
337,0,0.000000,15.925050,7.784236,0.014281,23.712553,0.000000,0.000000,23.830236,0.037557,15.362800,7.772915,0.000000,19.397730
338,0,0.000000,8.160655,7.711264,0.002381,15.866045,0.000000,0.000000,16.006112,0.033963,7.930931,7.695683,0.000000,15.657192
339,0,0.000000,16.249700,7.546679,0.018069,23.792462,0.000000,0.000000,23.981766,0.033434,15.884983,7.535565,0.000000,15.932776
340,0,0.000000,12.109145,11.691015,0.031925,17.055619,0.000000,0.000000,32.119829,0.045278,15.585674,12.991896,0.000000,21.472481
341,0,0.000000,8.117451,7.583392,0.003598,15.687093,0.000000,0.000000,15.869195,0.038186,7.567302,7.524884,0.000000,14.990011
342,0,0.000000,16.050961,7.787131,0.013479,20.401905,0.000000,0.000000,23.978837,0.033030,12.283237,7.786372,0.000000,15.866663
343,0,0.000000,8.077423,11.777598,0.017657,19.872678,0.000000,0.000000,23.163855,0.048561,7.825592,14.966727,0.000000,22.840880
344,0,0.000000,12.820481,7.878354,0.008842,20.707677,0.000000,0.000000,20.861040,0.050998,12.498241,7.882550,0.000000,15.979751
345,0,0.000000,16.143503,12.349866,0.006639,22.672218,0.000000,0.000000,29.754198,0.046492,16.922441,12.332796,0.000000,21.721890
346,0,0.000000,14.201898,7.356545,0.015459,19.458847,0.000000,0.000000,22.159806,0.089177,13.753801,7.296791,0.000000,16.273729
347,0,0.000000,8.127272,7.702570,0.014529,15.816264,0.000000,0.000000,16.029497,0.043238,7.814314,7.678664,0.000000,15.519963
348,0,0.000000,16.158319,7.632670,0.004043,20.329163,0.000000,0.000000,23.944632,0.039465,14.168803,7.621838,0.000000,16.101960
349,0,0.000000,8.163854,7.891235,0.013662,16.066757,0.000000,0.000000,16.181622,0.036896,7.894838,7.788775,0.000000,15.676616
350,0,0.000000,15.982614,7.610200,0.004186,23.592927,0.000000,0.000000,27.754213,0.062749,15.285184,11.578983,0.000000,23.667856
351,0,0.000000,8.248317,14.386553,0.007552,22.637994,0.000000,0.000000,22.793055,0.046376,8.026319,7.604829,0.000000,15.675403
352,0,0.000000,8.390880,7.427333,0.008774,15.630159,0.000000,0.000000,16.007661,0.039310,8.136247,7.387187,0.000000,15.559465
353,0,0.000000,16.014365,7.780158,0.008762,23.796981,0.000000,0.000000,23.916815,0.028487,15.766441,7.753916,0.000000,15.914210
354,0,0.000000,8.204894,7.667063,0.009459,15.864384,0.000000,0.000000,16.013300,0.041342,7.732727,7.650125,0.000000,15.422980
355,0,0.000000,16.077926,7.760375,0.003654,23.837750,0.000000,0.000000,23.986886,0.040040,15.848245,7.763303,0.000000,15.913822
356,0,0.000000,8.193222,7.688699,0.005734,15.877459,0.000000,0.000000,16.003046,0.035504,7.907590,7.662305,0.000000,15.605399
357,0,0.000000,16.190342,7.696692,0.008591,23.843154,0.000000,0.000000,24.002597,0.029254,15.959447,4.012965,0.000000,19.994727
358,0,0.000000,16.089763,7.728262,0.010861,23.828886,0.000000,0.000000,23.980016,0.043238,8.094686,4.015098,0.000000,12.078593
359,0,0.000000,12.007548,7.935851,0.006756,17.279027,0.000000,0.000000,23.960779,0.042295,10.384549,7.914652,0.000000,14.647607
360,0,0.000000,16.063262,7.835110,0.011533,23.901222,0.000000,0.000000,24.025148,0.046733,15.641797,7.810084,0.000000,15.923604
361,0,0.000000,16.034719,7.817476,0.013688,23.830620,0.000000,0.000000,24.006494,0.036624,15.704154,7.794913,0.000000,19.721960
362,0,0.000000,8.079250,11.725043,0.004141,19.808434,0.000000,0.000000,19.934131,0.060991,7.666683,7.736597,0.000000,15.463248
363,0,0.000000,12.652635,7.667777,0.008312,20.310879,0.000000,0.000000,23.988399,3.548657,15.784324,7.590358,0.000000,23.271011
364,0,0.000000,16.188416,7.660979,0.009031,23.849911,0.000000,0.000000,24.010377,0.027081,15.767188,4.014026,0.000000,15.822427
365,0,0.000000,8.175886,7.707238,0.003136,15.874771,0.000000,0.000000,16.005230,0.038899,3.935589,4.028795,0.000000,8.003283
366,0,0.000000,16.069607,7.718031,0.011931,23.779863,0.000000,0.000000,23.966962,0.045941,11.986911,7.697698,0.000000,16.020990
367,0,0.000000,8.158282,7.761543,0.007021,15.903896,0.000000,0.000000,16.025005,0.034350,7.859640,7.759616,0.000000,15.649210
368,0,0.000000,16.117214,7.680198,0.002950,23.742169,0.000000,0.000000,23.940915,0.030999,15.901604,3.981610,0.000000,15.934188
369,0,0.000000,8.140532,7.684234,0.010136,15.814056,0.000000,0.000000,15.955634,0.042283,4.010352,4.019376,0.000000,8.067544
370,0,0.000000,16.176779,7.453251,0.012764,23.606629,0.000000,0.000000,27.966193,0.033083,11.960121,7.428472,0.000000,15.990420
371,0,0.000000,12.051752,7.932472,0.015262,16.037561,0.000000,0.000000,23.994000,0.047995,15.434171,4.013004,0.000000,15.491977
372,0,0.000000,12.013903,5.647919,0.014382,13.693305,0.000000,0.000000,23.979118,0.055020,11.664056,5.617746,0.000000,11.890195
373,0,0.000000,8.120278,7.780869,0.006693,15.877381,0.000000,0.000000,16.023692,0.041746,7.779680,7.747686,0.000000,15.561919
374,0,0.000000,16.072770,7.705286,0.010168,23.778936,0.000000,0.000000,23.949212,0.059962,15.659282,4.000601,0.000000,16.104531
375,0,0.000000,8.188815,7.663113,0.014443,15.846289,0.000000,0.000000,16.028268,0.038928,4.063290,4.012802,0.000000,8.114716
376,0,0.000000,16.161684,7.672918,0.014821,23.849423,0.000000,0.000000,23.979244,0.037391,11.733280,4.021134,0.000000,11.839116
377,0,0.000000,12.025345,7.231394,0.012193,19.264215,0.000000,0.000000,23.958615,0.044330,8.430356,4.002873,0.000000,11.908549
378,0,0.000000,16.062553,7.757791,0.024715,23.825312,0.000000,0.000000,24.010282,0.041175,12.060378,7.740787,0.000000,16.109173
379,0,0.000000,8.134277,7.701441,0.009030,15.843479,0.000000,0.000000,15.987998,0.050649,7.797314,7.675027,0.000000,15.517665
380,0,0.000000,16.021720,7.784877,0.007522,23.800806,0.000000,0.000000,23.939451,0.045129,15.773086,7.762577,0.000000,15.827695
381,0,0.000000,8.297491,7.607673,0.010206,15.895663,0.000000,0.000000,16.088948,0.037660,7.824448,7.645019,0.000000,15.505528
382,0,0.000000,16.083062,7.533305,0.013533,23.608106,0.000000,0.000000,23.910994,0.466999,15.503167,7.511716,0.000000,16.200226
383,0,0.000000,8.171665,7.676769,0.006694,15.842066,0.000000,0.000000,16.009914,0.047356,7.821846,7.669736,0.000000,15.538597
384,0,0.000000,16.080801,7.792240,0.015356,23.848090,0.000000,0.000000,23.961653,0.048336,15.755584,7.748430,0.000000,19.775355
385,0,0.000000,8.160513,7.658319,0.007333,15.820545,0.000000,0.000000,15.936157,0.049939,7.830891,7.625812,0.000000,15.504038
386,0,0.000000,16.184096,7.622134,0.003891,23.707934,0.000000,0.000000,23.937086,0.082001,15.910191,3.980113,0.000000,19.912342
387,0,0.000000,8.151522,7.891562,0.015392,16.053596,0.000000,0.000000,16.213584,0.046824,3.963915,4.181872,0.000000,8.185381
388,0,0.000000,15.898200,7.727116,0.015597,23.622372,0.000000,0.000000,23.785354,0.051527,11.988355,7.730035,0.000000,16.065123
389,0,0.000000,8.107389,7.774870,0.010918,15.879111,0.000000,0.000000,16.007482,0.039515,7.855400,7.767528,0.000000,15.660362
390,0,0.000000,16.156482,7.667670,0.015285,23.827815,0.000000,0.000000,23.953110,0.037495,15.928544,3.975146,0.000000,16.039036
391,0,0.000000,8.119865,7.957147,0.033296,16.025700,0.000000,0.000000,27.992917,0.037383,14.236410,8.000991,0.000000,15.666181
392,0,0.000000,11.357965,7.900824,0.017405,19.252826,0.000000,0.000000,27.507710,4.937887,16.342911,7.836250,0.000000,24.241355
393,0,0.000000,8.118269,7.759677,0.008456,15.871869,0.000000,0.000000,16.013421,0.041172,7.726341,7.756263,0.000000,15.518168
394,0,0.000000,16.184382,7.624550,0.002915,21.865254,0.000000,0.000000,23.928375,0.030580,16.010237,7.600059,0.000000,16.053869
395,0,0.000000,8.123100,8.621407,0.010920,16.744925,0.000000,0.000000,16.869287,0.036643,7.786522,8.606341,0.000000,16.319748
396,0,0.000000,15.237956,7.753378,0.015634,22.993170,0.000000,0.000000,23.129409,0.042268,15.086282,0.028400,0.000000,15.133078
397,0,0.000000,8.112216,7.781781,0.007454,15.901451,0.000000,0.000000,16.041089,0.041805,0.146674,0.021522,0.000000,0.194097
398,0,0.000000,16.213539,7.560603,0.003910,23.774063,0.000000,0.000000,23.920350,0.042298,4.313211,0.016270,0.000000,4.353137
399,0,0.000000,8.205305,7.656711,0.007638,15.787024,0.000000,0.000000,16.026172,0.043677,4.087276,4.017709,0.000000,8.139944
400,0,0.000000,16.084819,7.756976,0.013372,23.832211,0.000000,0.000000,23.964681,0.037136,11.980432,7.685930,0.000000,15.976820
401,0,0.000000,7.635089,7.763256,0.009713,15.395136,0.000000,0.000000,23.463907,0.227519,7.387398,11.728346,0.000000,19.165138
402,0,0.000000,7.687538,7.671714,0.014271,15.347505,0.000000,0.000000,15.530060,0.073981,7.433417,7.655648,0.000000,15.160045
403,0,0.000000,16.240583,7.566083,0.013426,23.820092,0.000000,0.000000,23.989095,0.045299,15.995336,7.523895,0.000000,16.051147
404,0,0.000000,12.167258,5.897221,0.004539,12.200970,0.000000,0.000000,19.990102,0.051123,13.533594,5.883393,0.000000,13.602348
405,0,0.000000,16.126162,13.185512,0.017041,18.745930,0.000000,0.000000,30.580414,0.042844,13.076585,13.176388,0.000000,22.479488
406,0,0.000000,5.460431,3.984909,0.012491,9.457831,0.000000,0.000000,17.356706,0.049196,7.654561,7.864110,0.000000,14.575096
407,0,0.000000,8.110771,4.748939,0.012471,12.075983,0.000000,0.000000,19.959882,0.050925,11.540424,7.886686,0.000000,15.713772
408,0,0.000000,8.142607,11.755302,0.003568,19.806717,0.000000,0.000000,22.479153,0.037010,7.926541,14.211676,0.000000,21.984370
409,0,0.000000,10.367840,5.854461,0.009040,16.231341,0.000000,0.000000,20.471398,0.053185,11.057112,8.744493,0.000000,16.940351
410,0,0.000000,13.118282,7.776484,0.010912,20.890173,0.000000,0.000000,21.035693,0.077526,12.658295,7.735908,0.000000,15.794627
411,0,0.000000,12.090430,7.884052,0.010745,16.057144,0.000000,0.000000,23.993142,0.038034,15.710085,7.836272,0.000000,19.716314
412,0,0.000000,8.130160,7.760685,0.006405,15.897250,0.000000,0.000000,16.014278,0.038371,7.815002,7.703574,0.000000,7.856545
413,0,0.000000,15.576388,7.916614,0.004371,23.457390,0.000000,0.000000,27.951626,0.051241,15.640967,11.892408,0.000000,18.487639
414,0,0.000000,5.644052,7.891809,0.016859,9.565431,0.000000,0.000000,21.164485,0.048483,12.736646,4.007755,0.000000,12.796623
415,0,0.000000,10.809222,16.921386,0.011825,19.191839,0.000000,0.000000,27.970345,0.039400,8.693628,4.915665,0.000000,10.706463
416,0,0.000000,8.152493,7.732291,0.010180,15.869990,0.000000,0.000000,16.016992,0.052026,3.977201,4.012310,0.000000,8.039520
417,0,0.000000,16.133662,7.924670,0.020756,24.079088,0.000000,0.000000,31.927425,0.028709,11.739222,3.991537,0.000000,15.632162
418,0,0.000000,12.091035,11.927696,0.014691,20.062192,0.000000,0.000000,28.437071,0.040718,7.897278,12.379965,0.000000,20.272427
419,0,0.000000,7.696214,11.679882,0.021894,19.397990,0.000000,0.000000,23.481110,0.114627,7.119761,15.387046,0.000000,22.604362
420,0,0.000000,12.657689,7.709333,0.009842,20.370764,0.000000,0.000000,24.019883,3.502958,11.872377,3.984921,0.000000,15.901570
421,0,0.000000,16.065143,7.748621,0.016958,23.817024,0.000000,0.000000,23.982205,0.063045,11.743793,3.981451,0.000000,15.767256
422,0,0.000000,8.127637,7.838971,0.009146,15.875894,0.000000,0.000000,19.981450,0.203489,3.934496,7.984725,0.000000,11.930082
423,0,0.000000,8.252041,7.746063,0.020758,15.887309,0.000000,0.000000,32.009886,6.535068,12.067249,11.679592,0.000000,17.153715
424,0,0.000000,8.243375,7.694824,0.015068,15.949376,0.000000,0.000000,16.714998,0.683693,8.394927,7.645223,0.000000,16.224545
425,0,0.000000,16.704043,7.120000,0.006013,23.809276,0.000000,0.000000,23.964105,0.034417,16.518178,3.995050,0.000000,20.544260
426,0,0.000000,16.256553,13.331300,0.004197,29.592050,0.000000,0.000000,35.651240,0.037915,12.105576,5.644727,0.000000,17.769064
427,0,0.000000,8.369301,11.795825,0.002529,19.894079,0.000000,0.000000,20.276779,0.312941,7.656090,7.805495,0.000000,15.755519
428,0,0.000000,13.235429,7.820826,0.018557,21.034865,0.000000,0.000000,28.030636,6.899619,12.038744,7.763362,0.000000,19.729228
429,0,0.000000,16.001604,7.833567,0.008497,23.835196,0.000000,0.000000,23.960434,0.047130,15.608923,3.997241,0.000000,19.627225
430,0,0.000000,8.166933,7.751586,0.019278,15.904670,0.000000,0.000000,16.031322,0.047968,7.854703,7.716668,0.000000,15.617380
431,0,0.000000,12.717240,7.918747,0.011370,20.646303,0.000000,0.000000,23.961584,0.038879,15.609764,4.014351,0.000000,15.661603
432,0,0.000000,8.284526,11.087341,0.007473,19.199890,0.000000,0.000000,23.979706,0.047757,4.050681,7.987611,0.000000,12.074287
433,0,0.000000,7.166917,7.763404,0.011799,14.938921,0.000000,0.000000,15.135489,0.085036,3.895840,4.039097,0.000000,7.992053
434,0,0.000000,16.197980,7.596358,0.011458,23.794788,0.000000,0.000000,23.942106,0.036126,12.059816,3.986314,0.000000,16.079632
435,0,0.000000,8.197396,7.695523,0.002550,15.877959,0.000000,0.000000,16.015062,0.038942,4.004061,4.024824,0.000000,8.061497
436,0,0.000000,16.186233,7.638817,0.016199,23.835418,0.000000,0.000000,27.947459,0.034373,12.034818,7.948369,0.000000,20.015083
437,0,0.000000,8.365832,7.565244,0.009168,15.925126,0.000000,0.000000,16.052354,0.051871,8.119187,7.523708,0.000000,15.688445
438,0,0.000000,16.120529,7.681823,0.011830,23.799708,0.000000,0.000000,23.961161,0.034185,15.945969,7.677906,0.000000,19.769437
439,0,0.000000,8.203983,7.663688,0.006668,15.874339,0.000000,0.000000,16.024409,0.031144,7.973596,7.649139,0.000000,15.650484
440,0,0.000000,16.079136,7.730421,0.010707,23.820264,0.000000,0.000000,23.957981,0.037411,15.803109,7.721962,0.000000,23.552641
441,0,0.000000,8.127369,7.610992,0.010472,15.737330,0.000000,0.000000,15.990417,0.043890,7.789431,7.588887,0.000000,15.421724
442,0,0.000000,16.067734,7.785533,0.030848,23.884115,0.000000,0.000000,24.036980,0.037358,15.743628,7.762065,0.000000,23.538546
443,0,0.000000,8.022120,7.789336,0.012721,15.813945,0.000000,0.000000,15.952568,0.065161,7.585590,7.779887,0.000000,15.421343
444,0,0.000000,16.149762,13.343498,0.015154,29.430614,0.000000,0.000000,37.505781,0.032742,19.676906,14.867198,0.000000,25.229009
445,0,0.000000,14.707951,7.605211,0.060993,22.290184,0.000000,0.000000,22.510496,0.048674,14.286395,7.599333,0.000000,15.955606
446,0,0.000000,8.058630,7.816365,0.006109,15.853111,0.000000,0.000000,15.984019,0.030718,7.592906,7.814007,0.000000,15.437631
447,0,0.000000,16.168884,7.612371,0.014243,23.795498,0.000000,0.000000,23.954715,0.040569,15.777839,4.015682,0.000000,15.857144
448,0,0.000000,8.113460,7.715729,0.009199,15.811823,0.000000,0.000000,16.017530,0.097043,0.161920,0.050920,0.000000,0.274029
449,0,0.000000,16.148481,7.612528,0.010439,23.755617,0.000000,0.000000,23.882457,0.033078,4.096727,7.586461,0.000000,11.710312
450,0,0.000000,8.145387,7.928578,0.006874,16.049097,0.000000,0.000000,16.160916,0.034645,7.704758,7.890265,0.000000,15.627698
451,0,0.000000,16.043240,7.659593,0.015670,23.718503,0.000000,0.000000,28.740689,0.029714,15.744932,11.617176,0.000000,23.716589
452,0,0.000000,13.895372,7.751417,0.009940,21.648592,0.000000,0.000000,23.086605,1.343046,13.537142,4.023340,0.000000,17.584684
453,0,0.000000,16.091639,7.738949,0.007364,23.826918,0.000000,0.000000,23.961395,0.047341,11.902564,3.998441,0.000000,15.933640
454,0,0.000000,8.336518,12.826591,0.014336,20.907038,0.000000,0.000000,21.362235,0.032045,4.053644,4.039097,0.000000,8.120065
455,0,0.000000,8.229640,7.626898,0.009159,15.847256,0.000000,0.000000,16.059793,0.076984,3.957238,4.021208,0.000000,8.050363
456,0,0.000000,16.210023,7.617145,0.018059,23.828385,0.000000,0.000000,23.985341,0.037147,12.020894,4.012915,0.000000,16.070956
457,0,0.000000,8.100167,7.702521,0.010954,15.802975,0.000000,0.000000,16.018040,0.058804,3.857505,4.037403,0.000000,7.938317
458,0,0.000000,16.047177,6.786214,0.019100,20.534797,0.000000,0.000000,35.935784,7.940523,16.254489,11.986097,0.000000,20.236848
459,0,0.000000,8.213206,7.659162,0.009161,15.862765,0.000000,0.000000,16.008317,0.048877,7.890520,7.658217,0.000000,15.593348
460,0,0.000000,16.113696,7.725152,0.005388,23.841529,0.000000,0.000000,23.973815,0.035633,15.847326,7.704270,0.000000,19.879941
461,0,0.000000,16.029338,7.776235,0.012168,23.806968,0.000000,0.000000,23.974252,0.058935,15.586569,7.763401,0.000000,19.632475
462,0,0.000000,8.254353,15.609512,0.014104,23.792559,0.000000,0.000000,28.001266,0.033833,8.000142,19.599772,0.000000,27.632739
463,0,0.000000,8.173478,7.722618,0.009493,15.905589,0.000000,0.000000,19.984916,4.032662,8.401751,7.703214,0.000000,19.173471
464,0,0.000000,16.059905,7.726677,0.006025,23.788460,0.000000,0.000000,27.946355,0.038678,15.781376,7.989486,0.000000,23.514717
465,0,0.000000,8.129257,6.191066,0.011339,9.719222,0.000000,0.000000,24.038733,0.643145,15.465038,6.140318,0.000000,15.563044
466,0,0.000000,16.265560,7.455295,0.013837,23.724268,0.000000,0.000000,23.947803,0.035172,15.944945,3.520941,0.000000,19.500956
467,0,0.000000,8.178208,7.756396,0.002096,15.916615,0.000000,0.000000,16.023432,0.030796,7.897880,7.718700,0.000000,15.645573
468,0,0.000000,16.196415,8.027710,0.014993,24.237624,0.000000,0.000000,25.064939,0.025683,15.962678,8.025692,0.000000,15.990928
469,0,0.000000,11.415792,7.918605,0.014638,15.391844,0.000000,0.000000,22.901545,0.034712,14.528664,0.021455,0.000000,14.584831
470,0,0.000000,8.285110,11.560091,0.008457,19.595459,0.000000,0.000000,23.968685,0.038986,0.317130,7.951851,0.000000,8.052103
471,0,0.000000,8.144463,8.491106,0.010526,16.565776,0.000000,0.000000,23.965421,0.044621,7.748205,11.688830,0.000000,19.480447
472,0,0.000000,13.078425,7.961771,0.003035,13.548631,0.000000,0.000000,21.400627,0.046604,12.951052,7.929902,0.000000,16.949192
473,0,0.000000,8.149711,7.742334,0.010646,15.868819,0.000000,0.000000,16.051647,0.045028,7.970383,7.704934,0.000000,15.713774
474,0,0.000000,16.281731,7.513245,0.017798,23.801488,0.000000,0.000000,23.973600,0.039650,16.014869,7.505359,0.000000,16.196399
475,0,0.000000,8.052873,7.835580,0.003360,15.875649,0.000000,0.000000,15.986437,0.038317,7.727293,7.797146,0.000000,15.558822
476,0,0.000000,16.232356,7.596624,0.009392,23.831867,0.000000,0.000000,23.983904,0.041904,15.871226,7.587109,0.000000,23.483646
477,0,0.000000,8.215269,7.653503,0.009175,15.871508,0.000000,0.000000,16.025533,0.040846,7.941632,7.653509,0.000000,15.635861
478,0,0.000000,16.144814,7.654877,0.003783,23.803474,0.000000,0.000000,23.935279,0.044458,15.867606,7.634113,0.000000,19.882627
479,0,0.000000,8.085902,7.746584,0.002978,15.812995,0.000000,0.000000,16.032305,0.040496,7.800223,7.730988,0.000000,15.557606
480,0,0.000000,16.057358,7.748893,0.010579,19.812287,0.000000,0.000000,27.932075,0.037969,15.775113,8.006227,0.000000,19.900592
481,0,0.000000,8.053596,7.745002,0.009347,15.780643,0.000000,0.000000,15.933482,0.058615,7.720677,7.709994,0.000000,15.489286
482,0,0.000000,16.059295,7.652022,0.012852,23.685036,0.000000,0.000000,27.983048,0.028819,16.888286,7.601667,0.000000,20.880222
483,0,0.000000,8.155312,7.706746,0.002403,15.856582,0.000000,0.000000,16.002908,0.049832,7.773500,7.680538,0.000000,15.497273
484,0,0.000000,16.029359,7.844246,0.012279,23.865907,0.000000,0.000000,23.982769,0.031719,15.740143,4.017379,0.000000,19.787777
485,0,0.000000,8.281713,7.622989,0.002801,15.907503,0.000000,0.000000,16.010750,0.041291,0.236637,4.003148,0.000000,4.281076
486,0,0.000000,16.016477,7.977149,0.019179,23.933482,0.000000,0.000000,32.033979,0.050774,11.886729,7.970492,0.000000,19.889948
487,0,0.000000,16.163818,7.246577,0.004089,23.266197,0.000000,0.000000,23.925578,0.054196,16.189733,7.170015,0.000000,16.498407
488,0,0.000000,12.082934,7.902324,0.010017,16.058569,0.000000,0.000000,23.973956,0.030667,15.652335,7.846835,0.000000,15.740088
489,0,0.000000,12.047191,7.469679,0.009664,15.501692,0.000000,0.000000,23.996940,0.044189,15.382828,7.443343,0.000000,19.377331
490,0,0.000000,8.070498,7.840247,0.004855,15.906218,0.000000,0.000000,16.028782,0.040788,7.540479,7.832941,0.000000,15.412157
491,0,0.000000,16.241305,7.493598,0.006303,23.738728,0.000000,0.000000,23.955195,0.041995,15.837803,7.465721,0.000000,19.844159
492,0,0.000000,8.120123,7.803566,0.005777,15.891473,0.000000,0.000000,16.037098,0.050137,7.711604,7.689675,0.000000,15.451416
493,0,0.000000,16.031223,7.631269,0.011773,19.714726,0.000000,0.000000,23.945703,0.029241,15.761693,7.608428,0.000000,15.798260
494,0,0.000000,8.144873,7.772337,0.007278,15.901778,0.000000,0.000000,16.027148,0.035431,7.851549,7.758382,0.000000,15.639123
495,0,0.000000,16.258140,7.572055,0.014123,23.825452,0.000000,0.000000,23.969413,0.027845,16.007124,7.528997,0.000000,16.040168
496,0,0.000000,8.213655,7.670338,0.006585,15.885111,0.000000,0.000000,16.019380,0.034770,7.996231,7.653447,0.000000,15.684439
497,0,0.000000,16.086302,7.913068,0.018065,23.997042,0.000000,0.000000,31.865775,0.033672,15.843021,7.870043,0.000000,15.893824
498,0,0.000000,8.199712,7.700939,0.004368,15.898280,0.000000,0.000000,16.014501,0.043964,7.812675,7.662261,0.000000,15.518900
499,0,0.000000,16.180072,7.657319,0.017493,23.854884,0.000000,0.000000,23.977999,0.033164,15.840125,7.635420,0.000000,19.877195
500,0,0.000000,8.122056,7.765504,0.013956,15.885944,0.000000,0.000000,16.046248,0.042691,7.654941,7.764848,0.000000,15.452133
501,0,0.000000,16.143062,7.615750,0.020821,23.761024,0.000000,0.000000,23.941687,0.038745,15.899703,7.620866,0.000000,16.074379
502,0,0.000000,8.087300,7.784246,0.013109,15.864989,0.000000,0.000000,16.029505,0.040691,7.658688,7.803635,0.000000,15.500318
503,0,0.000000,14.894274,12.874451,0.004734,16.976256,0.000000,0.000000,27.927982,0.041571,14.406049,12.837527,0.000000,22.806919
504,0,0.000000,8.967383,6.885053,0.007658,15.855575,0.000000,0.000000,16.027735,0.055130,8.572325,6.888428,0.000000,15.514895
505,0,0.000000,16.126075,5.448191,0.007446,21.556961,0.000000,0.000000,23.966332,0.036701,18.163971,4.011708,0.000000,18.206108
506,0,0.000000,19.849495,12.964218,0.025037,24.121536,0.000000,0.000000,36.020128,0.042172,14.836999,12.980791,0.000000,22.901994
507,0,0.000000,8.244205,7.585410,0.010637,15.818048,0.000000,0.000000,15.980086,0.041042,7.943787,7.575198,0.000000,15.535136
508,0,0.000000,16.290432,13.565138,0.024427,29.665722,0.000000,0.000000,35.980301,0.040900,18.564691,7.967213,0.000000,26.407698
509,0,0.000000,16.144434,12.666754,0.020806,24.809350,0.000000,0.000000,28.980801,0.051321,11.175865,12.038253,0.000000,23.259053
510,0,0.000000,10.157653,5.698398,0.002687,15.820806,0.000000,0.000000,15.989222,0.034432,9.682881,4.025837,0.000000,13.743150
511,0,0.000000,16.098243,7.719185,0.015095,23.812758,0.000000,0.000000,23.973644,0.030321,7.869929,4.015738,0.000000,11.900026
512,0,0.000000,8.138420,11.659638,0.009794,19.750237,0.000000,0.000000,23.966037,0.047355,8.008417,7.985869,0.000000,15.737366
513,0,0.000000,12.060733,7.871744,0.009984,15.970262,0.000000,0.000000,23.935716,0.048967,11.767650,7.815768,0.000000,15.780595
514,0,0.000000,8.136077,7.776797,0.012298,15.903718,0.000000,0.000000,16.032122,0.052256,7.667820,7.778928,0.000000,15.497811
515,0,0.000000,16.067894,7.730008,0.002762,23.799986,0.000000,0.000000,23.928944,0.038689,13.370719,7.688211,0.000000,21.097022
516,0,0.000000,8.248100,7.637436,0.002595,15.865004,0.000000,0.000000,16.032035,0.052429,7.983919,7.606813,0.000000,15.636723
517,0,0.000000,16.186701,7.645601,0.012116,23.826032,0.000000,0.000000,23.968639,0.040598,15.879732,7.609089,0.000000,23.270136
518,0,0.000000,8.235774,7.644747,0.009716,15.759863,0.000000,0.000000,16.032066,0.040276,7.900163,7.643231,0.000000,15.575153
519,0,0.000000,16.186142,7.578911,0.008120,23.770168,0.000000,0.000000,23.960757,0.047823,15.813838,7.548363,0.000000,23.338725
520,0,0.000000,8.139930,7.744124,0.010355,15.875705,0.000000,0.000000,16.018864,0.047772,7.750275,7.755993,0.000000,15.545816
521,0,0.000000,16.181229,7.668053,0.004568,23.853177,0.000000,0.000000,23.955238,0.034595,15.758010,0.031106,0.000000,15.816030
522,0,0.000000,8.304798,7.573977,0.012886,15.873125,0.000000,0.000000,16.059638,0.044464,0.285780,0.078206,0.000000,0.402527
523,0,0.000000,16.161730,7.603857,0.016380,23.766035,0.000000,0.000000,23.954946,0.039303,4.019766,4.018649,0.000000,8.071763
524,0,0.000000,8.180511,11.621626,0.007941,19.734481,0.000000,0.000000,23.939278,0.038018,0.212228,7.989168,0.000000,8.135654
525,0,0.000000,12.132818,8.004123,0.043409,16.052686,0.000000,0.000000,22.178533,0.057604,13.527318,8.055434,0.000000,21.632565
526,0,0.000000,7.802854,7.774764,0.003646,15.563308,0.000000,0.000000,15.765198,0.217504,7.110765,7.749631,0.000000,14.961427
527,0,0.000000,16.069525,6.862928,0.016969,22.942264,0.000000,0.000000,23.990471,0.037573,15.814160,4.010884,0.000000,19.834419
528,0,0.000000,8.223280,7.627903,0.011155,15.825864,0.000000,0.000000,16.002770,0.050825,4.137528,4.012317,0.000000,8.198950
529,0,0.000000,16.053180,7.563986,0.014324,23.612010,0.000000,0.000000,23.808948,0.040004,11.996989,4.023018,0.000000,16.049330
530,0,0.000000,8.184133,11.618711,0.006843,19.657070,0.000000,0.000000,23.950380,0.060410,3.971217,7.970512,0.000000,11.999601
531,0,0.000000,7.679924,7.721501,0.008279,15.409704,0.000000,0.000000,15.533340,0.043930,7.302505,7.678042,0.000000,15.018565
532,0,0.000000,16.147901,7.630039,0.017341,23.782501,0.000000,0.000000,23.930722,0.027901,15.861251,7.614194,0.000000,19.850283
533,0,0.000000,8.153731,7.780762,0.014943,15.949436,0.000000,0.000000,16.031204,0.037432,7.864086,7.779752,0.000000,15.675722
534,0,0.000000,16.149356,7.684499,0.011710,23.833818,0.000000,0.000000,23.964757,0.034055,15.852882,7.692571,0.000000,19.882085
535,0,0.000000,8.134276,7.756279,0.011217,15.884797,0.000000,0.000000,16.024952,0.033666,7.644126,7.758883,0.000000,15.435561
536,0,0.000000,16.025362,7.713642,0.014263,23.737719,0.000000,0.000000,27.929891,0.087652,15.632811,7.981584,0.000000,19.695195
537,0,0.000000,14.952143,7.521907,0.020190,22.473547,0.000000,0.000000,22.723589,2.383969,11.909512,7.501450,0.000000,17.915823
538,0,0.000000,16.172548,7.622671,0.022978,23.813379,0.000000,0.000000,24.007149,0.039993,15.739362,7.628130,0.000000,15.868347
539,0,0.000000,11.997546,7.383356,0.014068,19.392879,0.000000,0.000000,23.953076,0.054257,12.227941,7.364955,0.000000,12.313599
540,0,0.000000,8.151583,7.757738,0.010378,15.909275,0.000000,0.000000,16.050679,0.037580,7.667299,7.750040,0.000000,15.453007
541,0,0.000000,16.082223,7.687163,0.029482,23.798868,0.000000,0.000000,23.976084,0.038196,15.768146,7.730949,0.000000,15.882300
542,0,0.000000,8.077773,7.734911,0.011477,15.793169,0.000000,0.000000,15.967379,0.052011,7.659950,7.706328,0.000000,15.411063
543,0,0.000000,16.060679,7.719591,0.003375,23.783495,0.000000,0.000000,23.943843,0.050441,15.720979,7.695825,0.000000,19.720593
544,0,0.000000,8.061256,7.818628,0.002693,15.882492,0.000000,0.000000,16.013404,0.058323,7.691557,7.803756,0.000000,15.553636
545,0,0.000000,16.056268,7.635320,0.018395,23.707541,0.000000,0.000000,23.902032,0.240157,15.476795,3.990957,0.000000,16.177328
546,0,0.000000,12.081903,5.992255,0.018019,14.076749,0.000000,0.000000,31.964116,0.041533,11.888722,11.980635,0.000000,17.841812
547,0,0.000000,8.138559,11.737065,0.011851,19.861224,0.000000,0.000000,20.582789,0.047644,7.795115,12.285895,0.000000,20.128546
548,0,0.000000,11.544322,7.937122,0.015651,15.520623,0.000000,0.000000,23.432077,0.047532,7.861354,4.025326,0.000000,8.074898
549,0,0.000000,8.146192,7.668502,0.014713,15.823558,0.000000,0.000000,16.006619,0.062696,0.217594,4.030253,0.000000,4.167655
550,0,0.000000,16.173048,7.568625,0.021327,19.791301,0.000000,0.000000,23.981996,0.037963,11.987514,4.025948,0.000000,16.050468
551,0,0.000000,8.088580,7.707224,0.021080,15.785405,0.000000,0.000000,16.012656,0.069706,0.206888,0.056656,0.000000,0.326282
552,0,0.000000,15.985379,11.714178,0.015051,26.223879,0.000000,0.000000,29.803658,0.052985,8.043952,8.008629,0.000000,16.104919
553,0,0.000000,13.665777,7.659859,0.021730,21.325698,0.000000,0.000000,21.519083,0.049056,12.080327,7.687320,0.000000,16.165995
554,0,0.000000,16.057291,7.695380,0.013467,23.755522,0.000000,0.000000,23.920592,0.058059,15.691643,7.640104,0.000000,23.380653
555,0,0.000000,8.211415,7.692620,0.007878,15.901775,0.000000,0.000000,16.020519,0.029280,7.813901,7.642135,0.000000,15.480086
556,0,0.000000,16.629194,7.237414,0.013568,23.856803,0.000000,0.000000,23.999432,0.038682,16.262247,7.245119,0.000000,23.513547
557,0,0.000000,8.032026,7.869915,0.005897,15.906306,0.000000,0.000000,16.008131,0.037609,7.699564,7.867156,0.000000,15.553213
558,0,0.000000,16.002960,7.835058,0.009414,23.838403,0.000000,0.000000,23.946283,0.033370,15.550358,7.804165,0.000000,19.542208
559,0,0.000000,8.257914,7.653853,0.002968,15.914165,0.000000,0.000000,16.018338,0.031798,8.014347,7.582656,0.000000,15.621797
560,0,0.000000,16.046391,13.664549,0.017062,21.730980,0.000000,0.000000,32.075146,0.027022,15.762392,13.755497,0.000000,18.209361
561,0,0.000000,16.038019,7.540418,0.017275,23.595712,0.000000,0.000000,23.812468,0.048064,12.185457,4.010514,0.000000,16.241472
562,0,0.000000,8.330979,7.551627,0.003558,15.885341,0.000000,0.000000,15.978213,0.051334,4.224728,3.996842,0.000000,8.268072
563,0,0.000000,16.160265,7.921114,0.006325,21.144066,0.000000,0.000000,35.960651,0.030670,12.624989,7.955203,0.000000,16.623408
564,0,0.000000,8.219471,7.717623,0.009472,15.946566,0.000000,0.000000,19.701549,3.711232,11.520116,7.652601,0.000000,19.095381
565,0,0.000000,16.166357,7.668971,0.002710,23.838023,0.000000,0.000000,23.950524,0.056248,15.818632,7.580598,0.000000,23.437408
566,0,0.000000,8.167361,7.740522,0.014928,15.905534,0.000000,0.000000,16.035703,0.050329,7.864145,7.729246,0.000000,15.637198
567,0,0.000000,16.035798,7.780633,0.003186,23.818043,0.000000,0.000000,23.946387,0.042680,12.027388,7.740679,0.000000,16.032180
568,0,0.000000,8.172974,7.722141,0.006494,15.893392,0.000000,0.000000,16.017350,0.031599,7.917443,7.664980,0.000000,15.609439
569,0,0.000000,16.187412,7.616813,0.015270,23.805031,0.000000,0.000000,23.989156,0.026306,15.629301,7.573594,0.000000,23.229201
570,0,0.000000,8.236591,11.555122,0.008495,19.788948,0.000000,0.000000,23.947055,0.035867,8.019461,7.980855,0.000000,15.592541
571,0,0.000000,7.352843,7.806443,0.008713,15.158666,0.000000,0.000000,15.547123,0.302858,4.031456,4.045208,0.000000,8.127434
572,0,0.000000,16.266628,7.517351,0.009468,23.778039,0.000000,0.000000,23.947070,0.034132,12.090659,0.026948,0.000000,12.132611
573,0,0.000000,16.154348,7.715137,0.012057,23.863096,0.000000,0.000000,23.997166,0.042294,11.944442,3.972454,0.000000,11.992821
574,0,0.000000,12.073510,5.662602,0.012916,13.904673,0.000000,0.000000,35.958764,0.029599,8.005132,11.912030,0.000000,16.008605
575,0,0.000000,8.152621,7.764495,0.004202,15.915709,0.000000,0.000000,16.036342,0.045724,7.704767,7.745831,0.000000,15.492697
576,0,0.000000,16.228673,13.613195,0.003792,29.845660,0.000000,0.000000,35.963200,0.030424,19.595031,11.976330,0.000000,27.596394
577,0,0.000000,8.041659,10.848458,0.007594,18.801791,0.000000,0.000000,19.022945,0.113327,7.473461,10.828847,0.000000,18.415635
578,0,0.000000,16.976519,12.141393,0.011225,25.118278,0.000000,0.000000,32.865342,0.048700,15.056268,12.103120,0.000000,18.720747
579,0,0.000000,8.254162,7.663761,0.002703,15.899454,0.000000,0.000000,16.036508,0.041527,7.938834,7.642043,0.000000,15.619400
580,0,0.000000,16.056384,7.791444,0.002967,23.850011,0.000000,0.000000,23.951058,0.038498,15.786992,7.760052,0.000000,19.769303
581,0,0.000000,8.084710,7.848294,0.002124,15.917060,0.000000,0.000000,16.024430,0.038880,7.730866,7.820331,0.000000,15.586287
582,0,0.000000,16.137259,7.726519,0.002697,23.865351,0.000000,0.000000,23.953670,0.024893,15.801645,7.686160,0.000000,23.510567
583,0,0.000000,8.145890,7.781921,0.003072,15.930166,0.000000,0.000000,16.010759,0.037316,7.744866,7.754633,0.000000,15.535525
584,0,0.000000,16.157818,7.669119,0.011335,23.830065,0.000000,0.000000,23.990167,0.032494,12.046078,7.626961,0.000000,16.890048
585,0,0.000000,8.121333,7.750099,0.011485,15.882917,0.000000,0.000000,16.044785,0.042105,7.918277,7.747837,0.000000,15.700294
586,0,0.000000,15.700831,8.531557,0.015768,15.735877,0.000000,0.000000,27.925196,0.040383,15.458476,12.077982,0.000000,19.899374
587,0,0.000000,8.169045,7.675089,0.021660,15.865794,0.000000,0.000000,16.066143,0.067910,7.662796,7.697700,0.000000,15.424171
588,0,0.000000,16.063396,7.723145,0.014372,16.096983,0.000000,0.000000,23.938319,0.040908,15.620207,7.718720,0.000000,15.901834
589,0,0.000000,8.107754,7.790056,0.011179,15.904937,0.000000,0.000000,16.026721,0.038944,7.761319,7.795884,0.000000,15.594083
590,0,0.000000,16.207207,7.550278,0.018129,23.751844,0.000000,0.000000,23.971332,0.046265,15.884385,7.553111,0.000000,16.124729
591,0,0.000000,8.204153,7.575604,0.011903,15.783864,0.000000,0.000000,15.992748,0.055414,7.658003,7.573536,0.000000,15.286875
592,0,0.000000,16.132448,7.678972,0.017749,23.829169,0.000000,0.000000,23.980445,0.082107,15.624544,7.686518,0.000000,19.696255
593,0,0.000000,19.855871,7.791426,0.012013,23.694016,0.000000,0.000000,27.846402,0.070105,19.550660,7.750336,0.000000,19.631939
594,0,0.000000,12.080812,6.740719,0.018550,14.932174,0.000000,0.000000,35.957838,0.040138,13.033072,14.686524,0.000000,22.524587
595,0,0.000000,8.169031,7.685125,0.012102,15.848975,0.000000,0.000000,16.039820,0.058578,7.777535,7.641715,0.000000,15.472774
596,0,0.000000,16.032510,7.787144,0.005442,23.812165,0.000000,0.000000,23.951773,0.035769,15.706586,4.007438,0.000000,19.740353
597,0,0.000000,8.105105,7.758189,0.014007,15.862872,0.000000,0.000000,16.056064,0.056971,4.011249,4.059355,0.000000,8.121508
598,0,0.000000,16.118365,7.669139,0.002622,23.790126,0.000000,0.000000,23.903595,0.044995,11.974633,7.645155,0.000000,16.001641
599,0,0.000000,8.150466,7.787799,0.010602,15.919922,0.000000,0.000000,16.054177,0.032479,7.784978,7.754813,0.000000,15.571952
600,0,0.000000,15.987299,7.831951,0.011878,23.824121,0.000000,0.000000,23.935428,0.038981,12.155540,7.820804,0.000000,14.407176
601,0,0.000000,12.190712,7.942488,0.019121,16.183944,0.000000,0.000000,24.019166,0.041122,11.919285,7.936090,0.000000,12.002272
602,0,0.000000,8.162821,7.723126,0.009644,15.869774,0.000000,0.000000,16.012532,0.036038,7.759008,4.014176,0.000000,11.807703
603,0,0.000000,16.107026,12.576542,0.026790,27.320191,0.000000,0.000000,31.929244,0.030443,14.623962,12.593379,0.000000,22.152377
604,0,0.000000,8.179657,7.710416,0.011219,15.900367,0.000000,0.000000,17.149536,0.047330,7.720428,7.250621,0.000000,14.959257
605,0,0.000000,14.882327,7.823812,0.015254,22.214621,0.000000,0.000000,22.858337,0.048186,14.478046,7.811268,0.000000,14.549084
606,0,0.000000,8.120810,7.749353,0.004150,15.873304,0.000000,0.000000,15.986924,0.033340,7.818735,7.741592,0.000000,15.592176
607,0,0.000000,16.140101,7.742620,0.012717,22.913818,0.000000,0.000000,26.843275,0.040254,15.572451,7.721206,0.000000,21.211273
608,0,0.000000,9.174036,7.954035,0.009990,17.122849,0.000000,0.000000,21.124396,0.029752,12.566728,7.937393,0.000000,20.527204
609,0,0.000000,7.961859,7.862965,0.008337,15.825169,0.000000,0.000000,15.935962,0.045707,7.595151,7.856970,0.000000,15.486755
610,0,0.000000,13.738832,6.088123,0.006038,15.941826,0.000000,0.000000,27.928869,0.029178,13.426609,11.886226,0.000000,15.659993
611,0,0.000000,8.171467,13.512198,0.011703,13.819470,0.000000,0.000000,31.979677,0.043777,11.656153,11.992425,0.000000,18.404215
612,0,0.000000,8.342511,7.520347,0.010456,15.850232,0.000000,0.000000,16.054828,0.090148,7.985235,7.499238,0.000000,15.559913
613,0,0.000000,16.306039,7.489748,0.017271,23.811651,0.000000,0.000000,23.967682,0.036996,15.972819,4.014808,0.000000,19.997734
614,0,0.000000,8.142268,7.731373,0.014320,15.876582,0.000000,0.000000,16.014830,0.038695,3.966737,4.039194,0.000000,8.041654
615,0,0.000000,15.927256,12.572464,0.019218,28.500881,0.000000,0.000000,37.815946,0.265188,11.885821,14.403684,0.000000,22.407868
616,0,0.000000,10.251250,8.548993,0.013538,14.890176,0.000000,0.000000,34.095996,0.071879,15.034977,7.994280,0.000000,16.841619
617,0,0.000000,7.683674,7.732848,0.013368,15.429890,0.000000,0.000000,16.025078,0.531034,7.408722,7.718799,0.000000,15.176235
618,0,0.000000,16.217065,7.546929,0.011732,23.764626,0.000000,0.000000,23.930434,0.053585,15.897422,3.995768,0.000000,19.922401
619,0,0.000000,8.181668,11.687719,0.010400,19.763957,0.000000,0.000000,23.984470,0.030536,3.779383,7.976547,0.000000,8.052576
620,0,0.000000,10.990668,5.668537,0.003313,16.638261,0.000000,0.000000,26.960103,0.082207,12.431157,13.613523,0.000000,19.884143
621,0,0.000000,7.005388,7.755854,0.011888,14.766681,0.000000,0.000000,14.970268,0.058261,6.606951,7.762531,0.000000,14.425110
622,0,0.000000,15.989679,7.817502,0.003589,23.810770,0.000000,0.000000,23.930074,0.041080,15.729586,7.786381,0.000000,19.498412
623,0,0.000000,8.067552,7.875365,0.002563,15.928935,0.000000,0.000000,16.019937,0.043060,7.676651,7.858513,0.000000,15.578224
624,0,0.000000,16.110483,7.735033,0.002618,23.847388,0.000000,0.000000,23.949341,0.025561,15.894309,7.685733,0.000000,19.879188
625,0,0.000000,8.023310,7.840456,0.002383,15.857961,0.000000,0.000000,15.957262,0.039716,7.689277,7.807263,0.000000,15.530515
626,0,0.000000,16.057153,7.816562,0.008684,23.876761,0.000000,0.000000,23.973358,0.024848,11.877342,7.799192,0.000000,15.889780
627,0,0.000000,8.111284,7.717216,0.009968,15.824830,0.000000,0.000000,23.998251,0.034918,7.775806,11.651802,0.000000,19.458861
628,0,0.000000,7.212262,7.692646,0.014757,14.905327,0.000000,0.000000,15.059103,0.054985,6.922005,7.687841,0.000000,14.663923
629,0,0.000000,15.189993,4.476195,0.011652,19.650755,0.000000,0.000000,24.468693,0.032139,15.003693,8.942308,0.000000,19.042154
630,0,0.000000,8.212716,10.467768,0.017368,10.936389,0.000000,0.000000,28.064528,0.062068,11.731635,10.023417,0.000000,19.279986
631,0,0.000000,8.106693,7.752970,0.010960,15.863525,0.000000,0.000000,16.042879,0.053577,7.724897,7.740827,0.000000,15.501472
632,0,0.000000,15.932433,7.136227,0.007324,23.075984,0.000000,0.000000,23.952906,0.099066,16.215672,7.130662,0.000000,23.380528
633,0,0.000000,16.055842,7.720566,0.013106,23.777316,0.000000,0.000000,23.937959,0.055183,15.579475,7.614966,0.000000,15.972508
634,0,0.000000,8.151445,7.734762,0.018892,15.890677,0.000000,0.000000,16.014587,0.046701,7.798591,7.724121,0.000000,15.569413
635,0,0.000000,16.313948,7.390061,0.003880,23.704137,0.000000,0.000000,23.961006,0.081204,16.025313,7.364962,0.000000,16.293322
636,0,0.000000,8.190940,7.685444,0.007712,15.876555,0.000000,0.000000,16.025325,0.034553,7.960222,7.667359,0.000000,15.660268
637,0,0.000000,16.139367,7.652877,0.015282,23.659684,0.000000,0.000000,23.940526,0.051744,15.692388,7.633377,0.000000,19.713749
638,0,0.000000,12.328497,10.463817,0.023862,18.650918,0.000000,0.000000,31.989839,0.032326,11.820292,10.469264,0.000000,19.828877
639,0,0.000000,8.240572,7.629980,0.012795,15.860872,0.000000,0.000000,16.031041,0.050199,7.996060,7.639126,0.000000,15.668499
640,0,0.000000,16.299397,7.457607,0.022682,23.778704,0.000000,0.000000,23.977020,0.033248,16.118892,4.023016,0.000000,20.068917
641,0,0.000000,16.065312,7.617760,0.008893,23.685304,0.000000,0.000000,23.870212,0.045124,8.169740,3.999723,0.000000,12.148878
642,0,0.000000,8.183789,7.723755,0.011266,15.909343,0.000000,0.000000,16.003116,0.032174,4.069825,4.013709,0.000000,8.109007
643,0,0.000000,16.280978,7.574484,0.018926,23.855057,0.000000,0.000000,24.009062,0.027759,12.217506,7.588612,0.000000,16.235188
644,0,0.000000,12.087653,12.459600,0.013006,21.053556,0.000000,0.000000,31.967327,0.040551,15.636374,9.088486,0.000000,16.924273
645,0,0.000000,8.114560,7.790887,0.007123,15.893734,0.000000,0.000000,16.015079,0.039311,7.804572,7.782154,0.000000,15.626037
646,0,0.000000,16.142616,7.692513,0.006671,23.714700,0.000000,0.000000,23.954244,0.031828,16.027176,7.676665,0.000000,16.069096
647,0,0.000000,8.129150,7.788259,0.005992,15.919466,0.000000,0.000000,16.027100,0.039458,7.846650,7.780846,0.000000,15.622104
648,0,0.000000,16.090470,7.740521,0.003359,23.834350,0.000000,0.000000,23.963169,0.033156,15.822411,7.734141,0.000000,19.641613
649,0,0.000000,8.112366,7.780808,0.013449,15.906623,0.000000,0.000000,16.080959,0.052581,7.860801,7.822616,0.000000,15.732691
650,0,0.000000,16.011118,7.732985,0.012235,23.745761,0.000000,0.000000,23.876218,0.044873,15.783829,7.646766,0.000000,23.364430
651,0,0.000000,8.399380,7.477502,0.004104,15.880986,0.000000,0.000000,16.028081,0.038886,8.174318,7.452318,0.000000,15.660092
652,0,0.000000,12.221592,12.102910,0.006233,16.179622,0.000000,0.000000,31.961959,0.044775,19.404042,12.080926,0.000000,27.422883
653,0,0.000000,12.111060,11.338182,0.007030,23.451097,0.000000,0.000000,24.045623,0.029976,8.885469,11.315054,0.000000,16.969670
654,0,0.000000,16.745374,7.048662,0.005665,23.795958,0.000000,0.000000,23.946015,0.054980,12.428034,7.005480,0.000000,16.470225
655,0,0.000000,12.062238,7.707953,0.011493,19.771690,0.000000,0.000000,19.999095,0.055978,11.630245,7.632954,0.000000,15.685419
656,0,0.000000,11.988655,7.888447,0.006859,19.878865,0.000000,0.000000,19.978804,0.034842,11.677981,7.859542,0.000000,15.703883
657,0,0.000000,11.557356,7.791988,0.011141,19.350903,0.000000,0.000000,27.450237,0.037402,11.212588,11.980587,0.000000,23.214024
658,0,0.000000,16.128275,6.937612,0.017849,16.178336,0.000000,0.000000,24.000002,0.072761,16.542936,2.940914,0.000000,16.640669
659,0,0.000000,8.278852,7.722685,0.011740,15.948330,0.000000,0.000000,23.996583,7.971312,15.821672,4.006540,0.000000,19.870375
660,0,0.000000,16.226240,7.543178,0.012294,23.773188,0.000000,0.000000,23.967465,0.033246,11.734887,4.007920,0.000000,15.747736
661,0,0.000000,8.186474,11.641812,0.013962,19.832479,0.000000,0.000000,23.962281,0.043569,6.806054,7.997482,0.000000,10.840553
662,0,0.000000,8.366915,7.347585,0.010514,13.479677,0.000000,0.000000,27.993442,4.002105,13.011790,7.268776,0.000000,16.425805
663,0,0.000000,12.053392,12.374643,0.027071,24.415187,0.000000,0.000000,32.057467,0.035301,15.369442,12.059593,0.000000,19.890376
664,0,0.000000,12.056202,5.106625,0.007229,13.270087,0.000000,0.000000,29.872839,0.049284,7.898718,10.996167,0.000000,18.870387
665,0,0.000000,14.059372,7.595384,0.013553,21.656754,0.000000,0.000000,22.032808,0.080999,13.787854,7.574421,0.000000,17.819615
666,0,0.000000,8.188883,7.667684,0.008256,15.844664,0.000000,0.000000,16.022516,0.049023,7.856822,7.661675,0.000000,15.567520
667,0,0.000000,16.144516,7.653835,0.008039,23.799140,0.000000,0.000000,23.957922,0.055475,15.852356,7.573180,0.000000,15.981180
668,0,0.000000,8.099875,7.823674,0.014284,15.923968,0.000000,0.000000,19.974926,0.039362,7.711030,11.748556,0.000000,19.498948
669,0,0.000000,8.134061,7.750576,0.008519,15.892182,0.000000,0.000000,16.038633,0.061560,3.907263,4.040373,0.000000,8.009196
670,0,0.000000,16.096796,8.250637,0.012499,24.242800,0.000000,0.000000,25.068914,0.031737,12.551294,3.990024,0.000000,13.702146
671,0,0.000000,11.028355,7.892451,0.021471,14.966493,0.000000,0.000000,22.907898,0.050557,7.899762,3.977503,0.000000,7.951007
672,0,0.000000,8.176274,7.697893,0.013859,15.854903,0.000000,0.000000,16.024829,0.052735,3.732103,4.041866,0.000000,7.826704
673,0,0.000000,16.064856,7.199905,0.011334,23.271887,0.000000,0.000000,23.856766,0.047247,15.757928,7.152044,0.000000,19.773420
674,0,0.000000,8.170082,11.702804,0.020831,19.876149,0.000000,0.000000,20.020287,0.038546,7.890609,7.734883,0.000000,15.656917
675,0,0.000000,16.093419,7.959141,0.018250,23.960563,0.000000,0.000000,32.017894,3.978105,15.822471,7.978958,0.000000,20.079732
676,0,0.000000,8.175246,7.638060,0.013249,15.802200,0.000000,0.000000,15.995350,0.053897,7.691250,7.636142,0.000000,15.378078
677,0,0.000000,16.127550,7.651587,0.017561,23.796698,0.000000,0.000000,23.953741,0.043555,15.688192,7.631675,0.000000,19.749604
678,0,0.000000,8.201795,7.649120,0.017099,15.849697,0.000000,0.000000,16.017615,0.044233,7.947440,7.645509,0.000000,15.635694
679,0,0.000000,16.144351,7.638641,0.024070,23.783029,0.000000,0.000000,23.978833,0.038561,15.913476,7.668620,0.000000,16.126886
680,0,0.000000,12.159711,3.887812,0.019599,12.844292,0.000000,0.000000,27.944576,0.047088,15.429832,7.172802,0.000000,15.500267
681,0,0.000000,14.194795,7.485601,0.016107,21.684304,0.000000,0.000000,23.937799,2.160488,13.816781,4.009464,0.000000,15.980064
682,0,0.000000,16.152901,7.630473,0.018526,23.801900,0.000000,0.000000,23.977075,0.044817,12.002416,4.003749,0.000000,12.166940
683,0,0.000000,8.228240,7.540662,0.017734,15.763950,0.000000,0.000000,16.021581,0.041864,0.289306,0.045061,0.000000,0.357610
684,0,0.000000,16.125600,11.640586,0.009783,25.312494,0.000000,0.000000,32.056919,0.045322,4.136769,8.146203,0.000000,12.175035
685,0,0.000000,8.151991,7.556631,0.027879,15.678785,0.000000,0.000000,15.896583,0.090119,0.231927,0.049009,0.000000,0.328255
686,0,0.000000,16.035876,7.708214,0.029193,23.773283,0.000000,0.000000,23.992849,0.043612,15.841714,4.041076,0.000000,19.898163
687,0,0.000000,12.034249,10.425924,0.040153,18.492258,0.000000,0.000000,31.935726,0.073408,7.899749,12.285044,0.000000,13.985339
688,0,0.000000,8.218226,7.598482,0.018503,15.813172,0.000000,0.000000,16.065101,0.100191,0.173107,0.080328,0.000000,0.299271
689,0,0.000000,16.001123,7.584502,0.003629,23.581911,0.000000,0.000000,23.827454,0.110771,4.086392,4.002371,0.000000,8.148900
690,0,0.000000,8.276672,7.650786,0.025298,15.887705,0.000000,0.000000,16.126248,0.035880,0.247730,0.113700,0.000000,0.350385
691,0,0.000000,16.017558,7.599066,0.021813,23.614925,0.000000,0.000000,23.886990,0.169239,4.099791,3.985803,0.000000,8.161094
692,0,0.000000,8.370803,11.610521,0.015318,19.840067,0.000000,0.000000,20.203701,0.044869,0.328431,0.073724,0.000000,0.435791
693,0,0.000000,14.520268,8.033723,0.021003,22.294881,0.000000,0.000000,24.023626,1.606251,14.105032,7.747570,0.000000,17.375744
694,0,0.000000,15.764780,12.708240,0.022812,20.473669,0.000000,0.000000,37.668156,0.068785,19.364776,14.651720,0.000000,22.493772
695,0,0.000000,14.074472,7.770065,0.012614,21.857151,0.000000,0.000000,22.010025,0.049712,13.705455,3.990839,0.000000,15.939778
696,0,0.000000,12.250730,12.347699,0.017226,24.605356,0.000000,0.000000,32.008351,0.035976,18.644402,12.347630,0.000000,18.693696
697,0,0.000000,12.704114,7.437655,0.004523,20.141763,0.000000,0.000000,22.369350,0.062518,14.107224,7.397238,0.000000,14.171183
698,0,0.000000,8.173125,7.754391,0.006769,15.920704,0.000000,0.000000,16.026217,0.036748,7.795520,7.737732,0.000000,15.570000
699,0,0.000000,12.196401,13.247578,0.008260,24.995750,0.000000,0.000000,35.254230,0.030262,17.785513,1.954567,0.000000,17.813800
700,0,0.000000,8.174476,7.748567,0.002476,15.915247,0.000000,0.000000,16.710306,0.719799,7.692817,7.727983,0.000000,16.140283
701,0,0.000000,20.144515,10.951057,0.023300,27.153706,0.000000,0.000000,31.958541,0.027688,20.493938,6.992255,0.000000,20.526321
702,0,0.000000,5.522702,7.937801,0.016635,13.201573,0.000000,0.000000,21.276313,0.106452,11.315419,7.928983,0.000000,15.845219
703,0,0.000000,8.138985,7.739528,0.011652,15.867389,0.000000,0.000000,19.974139,0.053454,7.776365,11.675090,0.000000,19.248361
704,0,0.000000,7.083112,7.710631,0.008458,14.801033,0.000000,0.000000,15.026473,0.088905,6.673358,7.709885,0.000000,14.472148
705,0,0.000000,15.950599,10.748872,0.015656,22.712420,0.000000,0.000000,31.859856,0.040946,16.784463,9.905977,0.000000,19.812896
706,0,0.000000,17.923955,7.640956,0.009370,23.313311,0.000000,0.000000,31.663140,0.104018,17.815728,3.659896,0.000000,17.917207
707,0,0.000000,15.855549,7.954314,0.027842,23.820649,0.000000,0.000000,24.020064,0.042405,11.674883,4.013129,0.000000,12.815422
708,0,0.000000,16.126800,7.613552,0.072833,19.417432,0.000000,0.000000,23.937047,0.049122,11.722284,4.341678,0.000000,12.058986
709,0,0.000000,8.139037,13.170591,0.025811,17.561139,0.000000,0.000000,32.014351,0.052653,7.873422,13.192598,0.000000,16.121004
710,0,0.000000,8.169890,7.672806,0.014406,15.848708,0.000000,0.000000,16.000003,0.048571,7.889817,7.679521,0.000000,15.617472
711,0,0.000000,16.181061,6.919041,0.086005,23.101929,0.000000,0.000000,24.005093,0.044730,15.896210,4.049509,0.000000,19.972141
712,0,0.000000,9.010356,6.112481,0.013925,15.131114,0.000000,0.000000,15.959402,0.066318,1.672398,0.043905,0.000000,1.758806
713,0,0.000000,16.507321,7.282197,0.034596,23.824114,0.000000,0.000000,24.075353,0.042787,4.529398,4.102908,0.000000,8.627633
714,0,0.000000,8.308941,7.312089,0.017392,15.617590,0.000000,0.000000,16.129607,0.046428,0.440227,0.282864,0.000000,0.759374
715,0,0.000000,15.963107,7.919615,0.081320,23.890685,0.000000,0.000000,24.106659,0.046664,11.745802,4.406422,0.000000,16.074384
716,0,0.000000,11.665231,5.672109,0.018122,17.340699,0.000000,0.000000,35.556307,0.047988,14.176385,11.791034,0.000000,26.014173
717,0,0.000000,12.083076,7.160452,0.024465,15.355391,0.000000,0.000000,24.687026,0.052313,15.680293,4.688857,0.000000,15.764602
718,0,0.000000,8.275299,6.728298,0.013174,14.876544,0.000000,0.000000,15.463936,0.081397,4.611405,4.157680,0.000000,8.813192
719,0,0.000000,15.943167,7.620575,0.023131,23.586739,0.000000,0.000000,23.840199,0.073016,11.658177,4.033989,0.000000,11.756312
720,0,0.000000,8.350851,7.947582,0.018650,16.117277,0.000000,0.000000,17.615845,0.070401,0.260484,1.632262,0.000000,1.919718
721,0,0.000000,17.637350,7.065659,0.013139,24.710629,0.000000,0.000000,29.603887,0.309858,11.655230,3.996578,0.000000,15.865426
722,0,0.000000,8.440341,7.404606,0.011442,15.838589,0.000000,0.000000,16.025430,0.058161,0.382541,0.043886,0.000000,0.474222
723,0,0.000000,16.164577,7.633342,0.054029,23.798083,0.000000,0.000000,23.981602,0.046849,4.176544,4.060267,0.000000,8.281484
724,0,0.000000,8.173267,7.666428,0.020319,15.843804,0.000000,0.000000,16.009543,0.041528,0.171712,0.058919,0.000000,0.270059
725,0,0.000000,16.111840,7.648059,0.017808,23.777707,0.000000,0.000000,23.939954,0.045812,15.691171,7.661995,0.000000,15.779223
726,0,0.000000,8.192133,11.650256,0.017078,19.722592,0.000000,0.000000,19.991220,0.038821,7.921678,7.688349,0.000000,15.647083
727,0,0.000000,13.809779,7.641256,0.019150,21.452565,0.000000,0.000000,24.026475,2.384563,13.343863,4.014926,0.000000,17.423295
728,0,0.000000,9.516121,10.292377,0.023320,14.529429,0.000000,0.000000,23.909689,0.042144,9.160023,10.289257,0.000000,10.366839
729,0,0.000000,15.123769,12.404894,0.016432,27.541354,0.000000,0.000000,50.760827,0.042447,20.574488,11.792166,0.000000,30.711500
730,0,0.000000,17.684084,12.321691,0.017261,30.010590,0.000000,0.000000,36.131719,0.114493,18.518533,7.990966,0.000000,26.623992
731,0,0.000000,8.166235,7.743009,0.006899,15.906863,0.000000,0.000000,16.051158,0.056419,3.760905,4.031117,0.000000,7.847168
732,0,0.000000,16.228723,7.538228,0.008338,23.768965,0.000000,0.000000,23.934155,0.045388,12.005726,7.526431,0.000000,12.069476
733,0,0.000000,8.108751,7.813821,0.003957,15.867716,0.000000,0.000000,16.030996,0.041053,7.796863,7.803871,0.000000,15.635201
734,0,0.000000,16.067045,7.738191,0.006158,23.806918,0.000000,0.000000,23.930804,0.033880,15.759098,7.714161,0.000000,19.161116
735,0,0.000000,8.317376,7.586406,0.002401,15.900074,0.000000,0.000000,16.015214,0.033100,7.953037,7.563042,0.000000,15.549179
736,0,0.000000,16.241909,7.618524,0.011694,23.863960,0.000000,0.000000,23.987680,0.028822,15.872625,4.000576,0.000000,19.901368
737,0,0.000000,12.125434,7.929752,0.013966,16.248956,0.000000,0.000000,23.948225,0.032401,11.741165,4.001036,0.000000,15.769980
738,0,0.000000,8.165488,7.665546,0.006016,15.824331,0.000000,0.000000,15.993492,0.042686,0.184712,0.026335,0.000000,0.245686
739,0,0.000000,16.186967,7.658183,0.015176,23.842214,0.000000,0.000000,23.978772,0.036592,4.155319,4.010707,0.000000,8.194010
740,0,0.000000,8.198566,11.642778,0.071488,19.845955,0.000000,0.000000,23.968550,0.037970,0.173604,7.993143,0.000000,8.197256
741,0,0.000000,14.813808,7.733953,0.015735,22.539402,0.000000,0.000000,22.742812,0.046971,14.496864,3.987191,0.000000,18.516720
742,0,0.000000,8.249931,7.603736,0.016818,15.869907,0.000000,0.000000,16.028156,0.038320,0.225037,0.023434,0.000000,0.282703
743,0,0.000000,16.125521,7.686148,0.016502,23.823721,0.000000,0.000000,23.959505,0.035948,4.129255,4.016567,0.000000,8.176854
744,0,0.000000,12.067775,7.328532,0.004495,19.318257,0.000000,0.000000,28.046615,0.055919,12.484466,4.082501,0.000000,16.262216
745,0,0.000000,8.080514,7.759397,0.002482,15.824867,0.000000,0.000000,15.926652,0.035995,4.014044,4.007155,0.000000,8.050941
746,0,0.000000,16.195728,7.914564,0.017576,24.098211,0.000000,0.000000,32.003224,0.030252,12.081484,7.910652,0.000000,15.885560
747,0,0.000000,8.198896,7.670835,0.015508,15.862783,0.000000,0.000000,16.019312,0.044028,7.821930,7.671579,0.000000,15.529975
748,0,0.000000,16.153953,7.635404,0.026139,23.815496,0.000000,0.000000,29.799810,0.042015,15.802224,11.600845,0.000000,15.894061
749,0,0.000000,12.661000,15.659557,0.007007,28.234662,0.000000,0.000000,28.506073,0.055836,12.351002,15.658368,0.000000,23.834863
750,0,0.000000,8.243094,7.581808,0.011968,15.829404,0.000000,0.000000,16.019515,0.049944,3.532730,4.033600,0.000000,7.613847
751,0,0.000000,16.119817,7.569228,0.025082,23.658898,0.000000,0.000000,24.035708,0.051525,12.115264,4.089165,0.000000,16.247780
752,0,0.000000,8.190206,7.546803,0.008481,15.736750,0.000000,0.000000,15.920334,0.043420,3.923944,4.015559,0.000000,7.976353
753,0,0.000000,19.984705,12.128291,0.026222,28.299885,0.000000,0.000000,36.411605,0.040548,17.857094,8.554982,0.000000,26.426551
754,0,0.000000,7.660550,7.662744,0.011986,15.305781,0.000000,0.000000,15.495023,0.064949,7.260325,7.603184,0.000000,14.928458
755,0,0.000000,16.135868,7.664020,0.016937,23.816825,0.000000,0.000000,23.977832,0.040577,15.670672,7.661706,0.000000,15.762811
756,0,0.000000,8.105814,7.748590,0.015339,15.849667,0.000000,0.000000,16.003207,0.039748,7.681260,7.724202,0.000000,15.445210
757,0,0.000000,15.843597,7.958235,0.014438,19.834916,0.000000,0.000000,23.950297,0.039407,11.637899,7.939458,0.000000,11.845745
758,0,0.000000,8.199157,7.676346,0.060763,15.893057,0.000000,0.000000,16.052661,0.073280,7.959203,7.650372,0.000000,15.659149
759,0,0.000000,15.999469,7.785483,0.010611,23.788959,0.000000,0.000000,23.939330,0.041182,15.779896,7.769562,0.000000,23.587571
760,0,0.000000,8.171184,7.690302,0.011464,15.860349,0.000000,0.000000,15.990325,0.045714,7.850026,7.667289,0.000000,15.554711
761,0,0.000000,16.151707,7.699941,0.006702,23.833695,0.000000,0.000000,24.003983,0.038245,15.851134,7.673123,0.000000,23.559573
762,0,0.000000,8.114836,7.722631,0.014875,15.841573,0.000000,0.000000,16.001352,0.063693,7.745301,7.708773,0.000000,15.517767
763,0,0.000000,16.030254,7.710701,0.012100,23.739311,0.000000,0.000000,23.976682,0.035827,15.867940,7.695636,0.000000,15.911279
764,0,0.000000,8.111289,7.715315,0.003188,15.829478,0.000000,0.000000,15.985467,0.061990,7.723005,7.699538,0.000000,15.483795
765,0,0.000000,16.090207,6.310012,0.013102,18.457106,0.000000,0.000000,27.967500,0.038117,17.336733,6.290111,0.000000,17.408850
766,0,0.000000,8.286146,7.262614,0.009091,15.540410,0.000000,0.000000,16.017079,0.048174,8.149893,7.222958,0.000000,15.360091
767,0,0.000000,14.423641,7.899765,0.012990,16.046218,0.000000,0.000000,23.958496,0.037339,15.574426,7.885228,0.000000,19.481616
768,0,0.000000,8.099600,7.773787,0.003113,15.876435,0.000000,0.000000,19.954140,0.052144,7.730632,7.968957,0.000000,15.541249
769,0,0.000000,13.315444,7.965648,0.011471,13.362492,0.000000,0.000000,24.032866,0.037589,15.724021,7.941754,0.000000,19.764057
770,0,0.000000,8.148482,7.734500,0.008456,15.868924,0.000000,0.000000,16.009291,0.046007,7.833766,7.729891,0.000000,15.592219
771,0,0.000000,16.167621,7.669627,0.010150,23.840020,0.000000,0.000000,23.947069,0.028678,15.887441,7.640167,0.000000,15.922588
772,0,0.000000,12.023189,5.674244,0.007287,13.837890,0.000000,0.000000,31.707105,0.038762,15.641120,13.256184,0.000000,23.419934
773,0,0.000000,12.351420,7.854864,0.002826,20.169299,0.000000,0.000000,20.300806,0.037188,12.002606,7.833019,0.000000,16.029526
774,0,0.000000,14.785744,11.038466,0.008053,15.301038,0.000000,0.000000,26.009544,0.041138,14.514347,10.949747,0.000000,20.463840
775,0,0.000000,14.303577,7.505228,0.006231,21.811559,0.000000,0.000000,21.996694,0.056950,14.002628,7.485203,0.000000,15.800264
776,0,0.000000,11.985997,7.937066,0.019334,15.933188,0.000000,0.000000,23.971242,0.055842,15.396908,4.035482,0.000000,15.480669
777,0,0.000000,8.147040,11.663470,0.007771,19.663777,0.000000,0.000000,23.939962,0.057073,0.230405,7.972509,0.000000,8.232404
778,0,0.000000,13.019937,7.880015,0.013343,20.899809,0.000000,0.000000,24.015445,0.040657,8.789149,7.855276,0.000000,15.694422
779,0,0.000000,8.146189,7.744991,0.010041,15.901221,0.000000,0.000000,16.030180,0.050867,7.609526,7.723472,0.000000,15.383865
780,0,0.000000,16.153445,7.700052,0.015801,23.855797,0.000000,0.000000,23.964310,0.033214,15.839200,7.669398,0.000000,15.889499
781,0,0.000000,16.029698,7.783898,0.005620,16.064336,0.000000,0.000000,23.980676,0.060238,15.686045,7.783545,0.000000,16.051251
782,0,0.000000,8.137698,7.709669,0.007415,15.841722,0.000000,0.000000,16.002214,0.066051,7.715349,7.691941,0.000000,15.471141
783,0,0.000000,13.803810,6.087030,0.007150,13.846989,0.000000,0.000000,26.209594,0.028125,13.604895,11.943184,0.000000,23.546843
784,0,0.000000,12.291314,7.900102,0.013361,20.204777,0.000000,0.000000,21.746122,0.042815,13.496815,7.870178,0.000000,15.895893
785,0,0.000000,8.017621,15.554467,0.018332,23.353385,0.000000,0.000000,23.726131,0.033572,7.789905,15.557324,0.000000,23.380801
786,0,0.000000,12.122619,12.865772,0.010191,20.908651,0.000000,0.000000,31.147101,0.037023,14.482335,16.052024,0.000000,22.514603
787,0,0.000000,12.966195,8.001545,0.015085,20.665792,0.000000,0.000000,21.143877,0.046926,12.618836,8.006010,0.000000,16.959483
788,0,0.000000,15.767746,7.713246,0.008401,23.477835,0.000000,0.000000,23.625166,0.035689,15.443040,7.676214,0.000000,19.890724
789,0,0.000000,8.122515,7.750416,0.005807,15.873393,0.000000,0.000000,16.010763,0.062728,7.743704,7.734450,0.000000,15.536783
790,0,0.000000,16.227147,7.633419,0.003506,23.860773,0.000000,0.000000,23.961968,0.027086,15.870133,7.600234,0.000000,16.146938
791,0,0.000000,8.057105,14.809743,0.016470,22.883318,0.000000,0.000000,23.980194,0.036002,7.716999,7.973527,0.000000,15.552828
792,0,0.000000,8.176305,7.719131,0.020585,15.903803,0.000000,0.000000,16.083037,0.050723,0.167104,0.038044,0.000000,0.239802
793,0,0.000000,16.213554,7.405841,0.022160,23.617751,0.000000,0.000000,23.935529,0.058086,4.242786,3.988914,0.000000,8.268168
794,0,0.000000,16.149934,7.605878,0.025951,23.772189,0.000000,0.000000,24.018548,0.045309,11.819875,4.036038,0.000000,15.901185
795,0,0.000000,8.167188,7.672589,0.017011,15.843287,0.000000,0.000000,16.014836,0.049434,3.905720,4.028910,0.000000,7.983041
796,0,0.000000,16.382269,7.970423,0.024652,24.354599,0.000000,0.000000,35.932911,0.040050,15.606089,7.997021,0.000000,23.615068
797,0,0.000000,7.714643,7.635905,0.015868,15.340809,0.000000,0.000000,15.543466,0.055188,3.712895,4.034455,0.000000,7.793707
798,0,0.000000,16.105708,7.678539,0.034875,23.802893,0.000000,0.000000,23.986779,0.043050,11.922821,7.701782,0.000000,15.194734
799,0,0.000000,9.004599,7.437132,0.015346,15.797700,0.000000,0.000000,19.931448,0.041083,8.306467,7.410066,0.000000,12.694892
800,0,0.000000,8.205190,7.699378,0.015327,15.887129,0.000000,0.000000,16.047587,0.045819,7.767038,7.688190,0.000000,15.501047
801,0,0.000000,15.986113,13.326826,0.018384,29.320769,0.000000,0.000000,35.867747,0.036805,19.438540,0.077819,0.000000,19.507250
802,0,0.000000,8.147535,7.565867,0.018326,15.690501,0.000000,0.000000,15.988881,0.058288,4.074585,3.998574,0.000000,8.131447
803,0,0.000000,16.203701,10.262254,0.029292,26.362223,0.000000,0.000000,26.872209,0.058218,12.256829,7.431144,0.000000,16.173379
804,0,0.000000,8.109322,9.978422,0.027485,18.115229,0.000000,0.000000,33.462509,9.154005,14.864132,10.019037,0.000000,23.872509
805,0,0.000000,13.826776,12.363879,0.013677,26.197535,0.000000,0.000000,33.592973,0.059742,13.949722,12.004369,0.000000,22.017115
806,0,0.000000,8.101716,7.814580,0.002521,15.896555,0.000000,0.000000,16.005690,0.039726,0.058709,0.015231,0.000000,0.109617
807,0,0.000000,16.130539,7.722814,0.019176,23.867738,0.000000,0.000000,24.005485,0.036268,4.109358,4.012724,0.000000,8.157966
808,0,0.000000,8.112975,7.766897,0.004420,15.877071,0.000000,0.000000,16.028872,0.037967,3.743957,4.055570,0.000000,7.833829
809,0,0.000000,16.109154,11.976909,0.006524,22.775035,0.000000,0.000000,29.234024,0.055368,15.761848,6.631498,0.000000,15.823006
810,0,0.000000,8.120281,7.770898,0.007855,15.892657,0.000000,0.000000,16.038448,0.833041,6.993480,7.741585,0.000000,15.455257
811,0,0.000000,16.182850,7.618295,0.004946,21.017819,0.000000,0.000000,23.974136,0.047815,15.750701,7.577357,0.000000,23.367887
812,0,0.000000,8.046173,7.850242,0.004155,15.884653,0.000000,0.000000,16.012095,0.047180,7.660137,7.837900,0.000000,15.543652
813,0,0.000000,13.889081,7.930243,0.004905,13.928321,0.000000,0.000000,23.964121,0.033522,15.460532,7.917164,0.000000,15.496041
814,0,0.000000,8.122970,7.769473,0.003188,15.878720,0.000000,0.000000,16.012571,0.080249,7.809142,7.705787,0.000000,15.285994
815,0,0.000000,16.076680,7.719501,0.011967,23.795145,0.000000,0.000000,23.956868,0.041450,15.867490,7.698621,0.000000,19.892925
816,0,0.000000,8.128170,11.738388,0.002872,19.773198,0.000000,0.000000,23.983924,0.044112,7.756208,15.734997,0.000000,23.533917
817,0,0.000000,8.010133,7.748897,0.011106,15.770136,0.000000,0.000000,15.913022,0.058168,7.796653,7.726844,0.000000,15.555914
818,0,0.000000,16.241901,11.814555,0.010538,16.288320,0.000000,0.000000,31.947130,0.036775,15.956202,14.492844,0.000000,23.850857
819,0,0.000000,8.162695,7.723228,0.007098,15.849885,0.000000,0.000000,16.038245,0.052963,7.812506,7.707027,0.000000,15.567317
820,0,0.000000,16.071677,7.754856,0.013367,23.811780,0.000000,0.000000,23.976189,0.036153,15.758258,7.734167,0.000000,19.787317
821,0,0.000000,8.149750,7.731227,0.015685,15.890775,0.000000,0.000000,16.043555,0.050755,7.772092,7.750673,0.000000,15.559998
822,0,0.000000,12.960474,6.808262,0.009888,19.731154,0.000000,0.000000,19.980082,0.034775,12.664387,6.821267,0.000000,16.740227
823,0,0.000000,13.426848,6.334829,0.006126,18.690749,0.000000,0.000000,23.892554,0.080116,13.012657,10.292833,0.000000,19.514629
824,0,0.000000,6.808993,7.854503,0.012191,10.685302,0.000000,0.000000,22.505996,0.037498,14.303735,3.987179,0.000000,14.357407
825,0,0.000000,8.109048,7.852532,0.011499,15.964370,0.000000,0.000000,16.127491,0.058869,3.927780,4.023598,0.000000,8.010051
826,0,0.000000,13.741059,7.967775,0.003801,21.711835,0.000000,0.000000,27.847634,0.038711,15.722235,0.014011,0.000000,15.757400
827,0,0.000000,12.671092,8.169884,0.012908,20.844396,0.000000,0.000000,24.234284,0.029043,11.790817,3.992692,0.000000,15.735389
828,0,0.000000,7.886040,7.817035,0.006671,15.709746,0.000000,0.000000,15.799345,0.045096,3.938911,0.037995,0.000000,4.014099
829,0,0.000000,16.098004,11.759149,0.023494,27.764001,0.000000,0.000000,27.971060,0.035773,8.157639,7.760830,0.000000,15.211162
830,0,0.000000,16.406715,6.752633,0.014906,16.441956,0.000000,0.000000,32.183998,0.059148,16.800031,14.723505,0.000000,28.851781
831,0,0.000000,8.268954,7.527134,0.015794,15.609675,0.000000,0.000000,15.998712,0.090366,0.349956,7.544285,0.000000,7.665745
832,0,0.000000,16.110755,7.704151,0.015674,23.816467,0.000000,0.000000,23.968267,0.050937,15.741153,4.019656,0.000000,19.793900
833,0,0.000000,15.954285,7.795687,0.023227,23.752679,0.000000,0.000000,23.887307,0.045133,7.942542,3.996067,0.000000,11.971932
834,0,0.000000,12.120039,6.979739,0.009210,14.988964,0.000000,0.000000,28.121226,0.057800,8.533173,6.807138,0.000000,15.270603
835,0,0.000000,15.948095,7.661410,0.010876,23.612254,0.000000,0.000000,23.845146,0.062898,15.505806,3.989503,0.000000,19.548715
836,0,0.000000,8.210544,7.674524,0.013619,15.874295,0.000000,0.000000,16.053883,0.037943,3.978826,4.041163,0.000000,8.052600
837,0,0.000000,16.127844,7.651476,0.017075,23.795957,0.000000,0.000000,23.985560,0.041184,8.126765,7.677907,0.000000,15.463955
838,0,0.000000,8.121504,7.672700,0.010803,15.801445,0.000000,0.000000,15.964141,0.071371,7.527989,7.643025,0.000000,15.242385
839,0,0.000000,16.055175,7.783262,0.013104,23.840433,0.000000,0.000000,23.954765,0.035768,15.526199,7.758265,0.000000,19.525513
840,0,0.000000,12.077952,7.875622,0.006418,16.036873,0.000000,0.000000,27.975908,0.067553,15.584424,11.792455,0.000000,23.475539
841,0,0.000000,12.702191,7.185692,0.005616,19.229208,0.000000,0.000000,27.989727,0.090246,15.443432,7.953742,0.000000,16.467551
842,0,0.000000,8.171065,7.723965,0.008955,15.898983,0.000000,0.000000,16.064101,0.062108,7.872692,7.726446,0.000000,15.653013
843,0,0.000000,16.069426,7.699369,0.005794,23.771424,0.000000,0.000000,23.937393,0.046924,15.849036,7.683359,0.000000,19.760356
844,0,0.000000,8.822400,6.788593,0.011759,15.603447,0.000000,0.000000,16.013336,0.283976,7.481390,6.782763,0.000000,14.537433
845,0,0.000000,16.127173,7.701038,0.004655,23.815183,0.000000,0.000000,23.994791,0.053638,15.670008,4.071774,0.000000,19.792075
846,0,0.000000,8.215312,7.571428,0.010682,15.780071,0.000000,0.000000,15.950323,0.056481,4.124561,4.005864,0.000000,8.178244
847,0,0.000000,16.066710,11.604849,0.024543,19.847756,0.000000,0.000000,35.966823,0.035549,14.148592,12.449284,0.000000,22.174107
848,0,0.000000,8.164517,16.474698,0.022114,24.586613,0.000000,0.000000,24.813746,0.047371,7.779293,10.105152,0.000000,17.923550
849,0,0.000000,13.015807,9.779581,0.022430,21.870130,0.000000,0.000000,37.184605,9.889836,19.536977,12.904887,0.000000,26.030707
850,0,0.000000,12.569366,7.651395,0.011620,20.220120,0.000000,0.000000,20.395048,0.071117,12.334310,3.986211,0.000000,16.358665
851,0,0.000000,8.225944,7.666375,0.012564,15.900572,0.000000,0.000000,16.048884,0.037632,3.915928,4.056410,0.000000,8.009170
852,0,0.000000,16.133383,7.621825,0.016667,23.764694,0.000000,0.000000,23.964619,0.040566,15.273748,7.636336,0.000000,16.089986
853,0,0.000000,8.124468,7.717136,0.010545,15.831047,0.000000,0.000000,16.022741,0.047059,7.890781,7.742738,0.000000,15.659545
854,0,0.000000,16.014127,7.730974,0.021222,23.749128,0.000000,0.000000,23.953827,0.047651,15.845396,4.004147,0.000000,19.863536
855,0,0.000000,16.175022,7.644486,0.021495,19.759987,0.000000,0.000000,24.040473,0.042160,12.043888,7.661185,0.000000,16.105404
856,0,0.000000,8.113785,7.689265,0.014594,15.803485,0.000000,0.000000,15.950927,0.052485,7.715485,7.685655,0.000000,15.444919
857,0,0.000000,15.545238,12.237283,0.020035,20.420462,0.000000,0.000000,27.973597,0.053076,15.084305,12.203705,0.000000,19.753399
858,0,0.000000,8.445648,7.628335,0.552862,16.077161,0.000000,0.000000,16.533154,0.044664,0.396338,7.413641,0.000000,7.660932
859,0,0.000000,14.696548,7.641685,0.007897,22.342711,0.000000,0.000000,22.581149,0.063340,14.528740,3.985718,0.000000,14.585421
860,0,0.000000,12.193671,6.972153,0.023130,19.188954,0.000000,0.000000,24.025549,0.045171,8.780802,4.030529,0.000000,12.844741
861,0,0.000000,8.196334,7.671830,0.013598,15.850415,0.000000,0.000000,16.029464,0.044790,0.153009,0.070099,0.000000,0.260417
862,0,0.000000,16.344616,7.372319,0.017833,23.730107,0.000000,0.000000,23.950723,0.062302,4.422526,4.024559,0.000000,8.486533
863,0,0.000000,8.242697,7.563862,0.014823,15.799832,0.000000,0.000000,16.012050,0.077002,0.302070,0.051081,0.000000,0.374342
864,0,0.000000,16.204741,7.600243,0.015399,23.775525,0.000000,0.000000,23.966271,0.043822,4.196827,4.005663,0.000000,8.240187
865,0,0.000000,8.142179,7.674782,0.010331,15.826141,0.000000,0.000000,15.942372,0.063137,4.057362,4.004408,0.000000,8.121453
866,0,0.000000,16.140039,7.643602,0.012125,23.767527,0.000000,0.000000,23.924326,0.042088,11.884870,7.610145,0.000000,15.915394
867,0,0.000000,16.090860,7.722451,0.018416,23.830656,0.000000,0.000000,24.003215,0.045877,11.938828,7.699814,0.000000,15.981302
868,0,0.000000,8.177064,7.678770,0.010714,15.842657,0.000000,0.000000,16.024172,0.047658,7.952272,7.686812,0.000000,15.678087
869,0,0.000000,16.045682,7.721380,0.020166,23.768727,0.000000,0.000000,23.965080,0.041604,15.806041,4.002949,0.000000,15.886298
870,0,0.000000,16.179374,7.561507,0.019388,23.760269,0.000000,0.000000,23.992226,0.043096,12.024339,7.562164,0.000000,16.092266
871,0,0.000000,8.147119,5.089624,0.006054,13.239796,0.000000,0.000000,31.953442,0.040036,14.552196,11.985114,0.000000,26.574452
872,0,0.000000,8.159910,7.714608,0.013474,15.882632,0.000000,0.000000,16.028713,0.048983,3.956833,4.030911,0.000000,8.026191
873,0,0.000000,16.152637,7.597859,0.022419,23.772915,0.000000,0.000000,23.961445,0.037383,12.041289,4.003871,0.000000,16.072444
874,0,0.000000,8.213312,15.619629,0.022045,23.854986,0.000000,0.000000,24.037644,0.047443,3.984702,12.049061,0.000000,16.074782
875,0,0.000000,8.161376,11.637313,0.004639,19.803085,0.000000,0.000000,23.919904,0.046531,4.017573,8.026554,0.000000,12.088920
876,0,0.000000,7.471132,7.639742,0.014573,15.118202,0.000000,0.000000,15.417060,0.777426,5.198383,4.069202,0.000000,9.335425
877,0,0.000000,16.178062,7.562961,0.030799,23.744079,0.000000,0.000000,23.937378,0.052673,11.953229,0.034917,0.000000,12.023459
878,0,0.000000,8.213832,7.817487,0.019120,15.816062,0.000000,0.000000,16.406712,0.187480,0.220093,2.124767,0.000000,2.310535
879,0,0.000000,16.265947,14.674243,0.013565,30.948930,0.000000,0.000000,42.643416,0.109751,14.556973,17.817273,0.000000,31.848558
880,0,0.000000,16.560193,11.745697,0.018183,24.455683,0.000000,0.000000,28.787307,0.067358,16.153863,7.686653,0.000000,20.336670
881,0,0.000000,8.618972,5.670916,0.022359,14.295735,0.000000,0.000000,28.113899,0.134220,17.779101,4.020245,0.000000,17.908002
882,0,0.000000,16.047214,7.714279,0.027661,23.778804,0.000000,0.000000,23.963326,0.056159,10.289546,3.738885,0.000000,11.788943
883,0,0.000000,8.217738,7.633065,0.008207,15.859010,0.000000,0.000000,15.999730,0.041106,7.911193,7.579288,0.000000,15.530944
884,0,0.000000,16.203914,7.629404,0.021628,23.854946,0.000000,0.000000,23.990121,0.040113,15.898785,7.594942,0.000000,15.968430
885,0,0.000000,8.200836,7.606636,0.014119,15.804592,0.000000,0.000000,15.995699,0.046195,7.686006,7.606428,0.000000,15.338629
886,0,0.000000,16.064037,14.412650,0.022105,30.474974,0.000000,0.000000,35.938886,0.043448,17.167781,6.422649,0.000000,17.244279
887,0,0.000000,8.154074,12.561423,0.029803,20.727594,0.000000,0.000000,32.017722,0.052409,14.867567,12.582630,0.000000,15.998541
888,0,0.000000,12.139442,6.096878,0.015675,14.255587,0.000000,0.000000,23.956518,0.057314,17.272163,6.062147,0.000000,17.345107
889,0,0.000000,14.835994,7.919087,0.007720,22.760142,0.000000,0.000000,23.983305,0.043630,11.640395,7.913603,0.000000,15.855044
890,0,0.000000,8.145429,7.724067,0.009192,15.870496,0.000000,0.000000,16.023874,0.040397,7.802852,7.724979,0.000000,15.567346
891,0,0.000000,12.793480,7.903880,0.020362,20.717722,0.000000,0.000000,23.981959,0.039210,12.534013,7.906362,0.000000,16.603780
892,0,0.000000,8.146963,7.705882,0.016489,15.858920,0.000000,0.000000,16.001386,0.042058,7.677875,7.705329,0.000000,15.425130
893,0,0.000000,16.048309,8.602679,0.016770,23.805310,0.000000,0.000000,24.825257,0.040995,15.699380,8.623391,0.000000,16.871822
894,0,0.000000,11.445977,7.790398,0.005109,15.019726,0.000000,0.000000,23.102469,0.061586,14.693122,7.731479,0.000000,18.740475
895,0,0.000000,12.122936,7.896756,0.019270,16.126657,0.000000,0.000000,24.002730,0.043190,11.727777,4.004487,0.000000,15.774487
896,0,0.000000,12.261919,6.177342,0.022299,14.464640,0.000000,0.000000,27.985955,0.044389,9.976512,7.999400,0.000000,14.042666
897,0,0.000000,12.063894,7.924993,0.006200,19.995087,0.000000,0.000000,27.857923,0.061635,15.357418,7.907343,0.000000,19.390044
898,0,0.000000,8.252381,15.510721,0.024470,23.736159,0.000000,0.000000,24.037513,0.058402,7.930732,12.026019,0.000000,16.049686
899,0,0.000000,8.195221,7.775532,0.020313,15.974321,0.000000,0.000000,16.112425,0.056612,3.922085,2.000271,0.000000,5.971069
900,0,0.000000,16.006927,5.496549,0.018482,21.033397,0.000000,0.000000,35.425681,0.038434,18.148217,13.057536,0.000000,18.223995
901,0,0.000000,12.430596,7.661514,0.011518,20.095829,0.000000,0.000000,20.344332,0.203144,11.923924,7.611470,0.000000,12.063813
902,0,0.000000,12.074219,10.298367,0.006696,12.105284,0.000000,0.000000,26.076915,0.046286,12.987356,10.282275,0.000000,19.598973
903,0,0.000000,9.954117,11.299195,0.005651,11.739934,0.000000,0.000000,23.691708,0.043262,11.948148,4.013143,0.000000,14.147132
904,0,0.000000,9.902253,12.242844,0.008730,12.830729,0.000000,0.000000,25.539064,0.072070,12.276197,12.552109,0.000000,23.882848
905,0,0.000000,12.378956,14.008226,0.023596,18.377990,0.000000,0.000000,32.165370,0.058532,15.689147,14.079765,0.000000,23.791410
906,0,0.000000,8.205789,11.547300,0.013937,19.729794,0.000000,0.000000,23.916031,0.048510,7.827341,15.516545,0.000000,23.390069
907,0,0.000000,8.091387,7.790587,0.011787,15.878977,0.000000,0.000000,16.037832,0.043665,7.817250,7.781276,0.000000,15.638765
908,0,0.000000,16.820270,6.972192,0.004166,23.795456,0.000000,0.000000,23.939315,0.041682,16.531640,6.917642,0.000000,16.590312
909,0,0.000000,8.218754,7.680044,0.009374,15.901966,0.000000,0.000000,16.039121,0.038301,7.909277,7.668952,0.000000,15.612955
910,0,0.000000,16.180431,7.554157,0.015165,23.745295,0.000000,0.000000,23.962496,0.040157,12.054876,7.505322,0.000000,15.819185
911,0,0.000000,8.277088,7.577823,0.008288,15.863199,0.000000,0.000000,16.030483,0.043809,7.894484,7.541186,0.000000,15.478015
912,0,0.000000,16.201841,7.605418,0.019706,23.817290,0.000000,0.000000,23.987375,0.057150,15.821105,4.011739,0.000000,19.873585
913,0,0.000000,7.836325,7.687832,0.010057,15.527634,0.000000,0.000000,15.736315,0.241015,3.800980,4.005725,0.000000,7.856393
914,0,0.000000,20.084818,7.980591,0.022753,24.129232,0.000000,0.000000,40.024573,0.045628,19.630483,13.309186,0.000000,27.772718
915,0,0.000000,10.301586,13.496381,0.333678,23.839534,0.000000,0.000000,24.042155,0.062414,9.879475,8.065055,0.000000,10.448519
916,0,0.000000,8.391296,7.122039,0.018508,15.494228,0.000000,0.000000,15.926861,0.076235,0.666957,0.083028,0.000000,0.791541
917,0,0.000000,16.256622,6.909570,0.018947,23.067202,0.000000,0.000000,31.939864,0.048124,7.754758,6.872767,0.000000,11.204284
918,0,0.000000,11.977168,7.915005,0.007977,15.929968,0.000000,0.000000,23.941149,0.072453,15.460293,7.909001,0.000000,15.822073
919,0,0.000000,8.225418,14.635741,0.030293,22.891452,0.000000,0.000000,23.051465,0.052857,7.898445,7.638660,0.000000,15.444578
920,0,0.000000,13.120933,7.616107,0.045996,20.676562,0.000000,0.000000,21.185564,0.064601,12.599807,7.833630,0.000000,16.820235
921,0,0.000000,15.716102,7.646826,0.024835,23.367788,0.000000,0.000000,23.716742,0.149691,15.497726,4.012739,0.000000,15.568403
922,0,0.000000,8.208223,11.599456,0.057794,19.680962,0.000000,0.000000,19.975357,0.049024,0.182335,0.066259,0.000000,0.250155
923,0,0.000000,8.242321,9.303874,0.011247,13.488966,0.000000,0.000000,31.908610,8.006831,12.516189,11.656946,0.000000,19.745297
924,0,0.000000,12.769872,7.906563,0.019701,20.696136,0.000000,0.000000,24.002830,0.093433,15.557182,7.841811,0.000000,15.631688
925,0,0.000000,16.135153,7.629217,0.020678,23.767056,0.000000,0.000000,23.984672,0.062026,15.776057,7.643704,0.000000,23.364270
926,0,0.000000,16.042124,7.483905,0.015733,23.532643,0.000000,0.000000,23.968285,0.049872,15.752837,4.012956,0.000000,19.789981
927,0,0.000000,8.215726,7.607016,0.011830,15.803006,0.000000,0.000000,16.000897,0.045857,3.795002,4.010406,0.000000,7.851265
928,0,0.000000,16.053317,11.578514,0.024744,27.600415,0.000000,0.000000,35.951547,0.078185,12.103165,5.188153,0.000000,17.363121
929,0,0.000000,8.248675,7.685260,0.015440,15.898133,0.000000,0.000000,17.682437,1.637684,8.009593,7.646539,0.000000,16.587608
930,0,0.000000,16.074128,7.679904,0.017698,23.724289,0.000000,0.000000,23.960340,0.082761,15.452333,7.615994,0.000000,19.502078
931,0,0.000000,12.119520,7.864404,0.025343,16.038085,0.000000,0.000000,24.033660,0.051898,15.539885,4.057122,0.000000,15.802060
932,0,0.000000,11.995375,5.770254,0.019186,12.037100,0.000000,0.000000,23.934770,0.052892,9.941302,4.038313,0.000000,11.743000
933,0,0.000000,8.208707,9.914293,0.018037,17.991193,0.000000,0.000000,36.044543,4.023020,17.845973,13.784043,0.000000,27.817503
934,0,0.000000,8.175013,7.665637,0.014350,15.840122,0.000000,0.000000,16.004554,0.051801,4.082813,4.038867,0.000000,8.154273
935,0,0.000000,16.231457,7.560551,0.021818,23.788127,0.000000,0.000000,23.980597,0.042260,11.780914,7.562856,0.000000,15.846449
936,0,0.000000,8.155032,12.414300,0.041799,16.731561,0.000000,0.000000,31.984642,0.047039,11.400347,12.388597,0.000000,19.424470
937,0,0.000000,8.271081,7.519829,0.011717,15.795170,0.000000,0.000000,15.995820,0.051643,7.816791,7.496920,0.000000,15.365354
938,0,0.000000,14.657991,13.070500,0.028771,27.757262,0.000000,0.000000,27.980557,0.042102,14.334020,4.012308,0.000000,18.384481
939,0,0.000000,8.099452,7.689244,0.014116,15.802720,0.000000,0.000000,15.968058,0.064657,7.437262,4.014731,0.000000,8.075749
940,0,0.000000,12.130271,6.006531,0.013957,18.136333,0.000000,0.000000,27.950561,0.039481,10.226116,11.975949,0.000000,22.241546
941,0,0.000000,12.074474,5.649589,0.018015,13.757220,0.000000,0.000000,29.307471,0.060369,7.924285,9.360034,0.000000,15.517486
942,0,0.000000,8.271487,7.642821,0.015473,15.920356,0.000000,0.000000,18.676824,2.642709,7.710564,7.654353,0.000000,17.999920
943,0,0.000000,16.098710,7.678124,0.018748,21.834059,0.000000,0.000000,27.902631,0.044974,15.826644,11.635278,0.000000,19.837691
944,0,0.000000,8.164179,7.704791,0.010084,15.853283,0.000000,0.000000,16.026191,0.044234,7.826902,7.690017,0.000000,15.548739
945,0,0.000000,12.109946,6.842682,0.012911,14.883122,0.000000,0.000000,23.917728,0.038376,16.547984,6.815945,0.000000,20.577703
946,0,0.000000,8.263647,7.709750,0.003630,15.897399,0.000000,0.000000,16.090792,0.041600,7.821087,7.689828,0.000000,15.552447
947,0,0.000000,15.965486,7.708201,0.008649,23.678578,0.000000,0.000000,23.891990,0.058511,15.669352,7.659613,0.000000,19.712977
948,0,0.000000,8.241747,7.575195,0.012737,15.826670,0.000000,0.000000,16.014695,0.071871,7.827482,7.548949,0.000000,15.423893
949,0,0.000000,16.050371,7.761124,0.015342,23.826837,0.000000,0.000000,28.007724,0.050980,15.491968,11.712943,0.000000,27.255125
950,0,0.000000,13.308713,7.739902,0.014988,21.063603,0.000000,0.000000,27.915349,2.790735,12.989816,8.582809,0.000000,19.641802
951,0,0.000000,8.169034,7.751707,0.012109,15.928845,0.000000,0.000000,24.038051,7.991649,15.731963,7.715250,0.000000,19.816404
952,0,0.000000,16.113071,7.601160,0.013633,23.718863,0.000000,0.000000,23.934916,0.071177,15.908087,0.121561,0.000000,16.038508
953,0,0.000000,16.161278,7.628564,0.018138,23.783336,0.000000,0.000000,23.972539,0.067801,12.082158,4.006877,0.000000,16.113768
954,0,0.000000,8.211015,7.647310,0.017886,15.870508,0.000000,0.000000,16.019382,0.043381,3.993484,4.006026,0.000000,8.041938
955,0,0.000000,16.159824,7.611387,0.006233,23.771561,0.000000,0.000000,23.961352,0.050401,11.930309,3.998379,0.000000,11.993751
956,0,0.000000,8.272017,7.650480,0.014290,15.936787,0.000000,0.000000,16.093692,0.044519,0.198216,0.106705,0.000000,0.348587
957,0,0.000000,16.165522,7.574821,0.022593,23.762936,0.000000,0.000000,27.859344,0.042622,4.216012,7.968425,0.000000,12.189775
958,0,0.000000,8.127130,11.656976,0.013833,19.792759,0.000000,0.000000,27.651247,0.132174,6.299569,11.999038,0.000000,14.410506
959,0,0.000000,12.481435,7.658592,0.017877,20.097891,0.000000,0.000000,20.427192,0.113603,12.176965,7.676534,0.000000,19.964057
960,0,0.000000,15.986410,7.725695,0.006573,23.718678,0.000000,0.000000,23.912156,0.049024,14.922095,7.729426,0.000000,18.975033
961,0,0.000000,8.158983,7.592407,0.013634,15.754852,0.000000,0.000000,15.941603,0.050415,7.623866,7.594484,0.000000,15.268765
962,0,0.000000,16.045662,7.733714,0.022337,23.801713,0.000000,0.000000,23.957034,0.040360,15.611911,7.697459,0.000000,15.662483
963,0,0.000000,8.187786,7.497590,0.013012,15.677037,0.000000,0.000000,15.977818,0.043522,7.917125,7.407795,0.000000,15.361630
964,0,0.000000,16.181254,7.416635,0.019415,23.585388,0.000000,0.000000,24.003436,0.039476,15.748012,7.410437,0.000000,16.111909
965,0,0.000000,18.131320,13.655560,0.028756,23.802811,0.000000,0.000000,32.024983,0.072384,17.717242,8.050071,0.000000,25.796494
966,0,0.000000,16.011316,11.723144,0.020275,27.754735,0.000000,0.000000,27.984437,0.088022,15.770500,8.056927,0.000000,16.184139
967,0,0.000000,12.047599,8.046160,0.018465,15.986897,0.000000,0.000000,28.048078,0.114006,19.206157,7.982235,0.000000,19.270413
968,0,0.000000,11.965206,7.832903,0.019451,15.833994,0.000000,0.000000,23.872334,0.118927,11.735763,4.027738,0.000000,11.809999
969,0,0.000000,12.221592,7.351425,0.020284,19.579143,0.000000,0.000000,34.171546,0.039072,11.616694,10.204436,0.000000,21.639773
970,0,0.000000,8.195521,7.674644,0.007606,15.854876,0.000000,0.000000,16.024750,0.050718,7.902488,7.638205,0.000000,15.577416
971,0,0.000000,16.101916,7.741174,0.015922,23.847112,0.000000,0.000000,23.956113,0.043848,15.744014,3.785631,0.000000,15.803457
972,0,0.000000,8.140542,7.841833,0.011301,15.866458,0.000000,0.000000,16.132455,0.381410,7.429078,7.729098,0.000000,15.529179
973,0,0.000000,15.954832,12.943634,0.020363,28.894123,0.000000,0.000000,35.899174,0.033921,18.669451,12.943141,0.000000,19.994524
974,0,0.000000,8.160195,7.810360,0.020096,15.961550,0.000000,0.000000,16.167520,0.036767,7.739177,7.857391,0.000000,15.632587
975,0,0.000000,15.984433,7.651125,0.015932,23.628329,0.000000,0.000000,23.798889,0.053672,15.668541,3.658291,0.000000,15.754052
976,0,0.000000,8.184759,7.650571,0.015527,15.785581,0.000000,0.000000,16.049381,0.044099,4.143716,4.042062,0.000000,8.224933
977,0,0.000000,15.908416,7.597452,0.006647,23.509552,0.000000,0.000000,23.655351,0.038600,11.983812,3.595166,0.000000,12.037105
978,0,0.000000,8.216331,7.595240,0.004417,15.806708,0.000000,0.000000,16.008448,0.044757,7.867079,7.586531,0.000000,15.494881
979,0,0.000000,16.096174,10.593048,0.031517,26.720739,0.000000,0.000000,33.033727,0.046123,15.652777,5.556435,0.000000,15.717267
980,0,0.000000,8.122982,7.752940,0.016590,15.879194,0.000000,0.000000,16.045711,0.057127,7.621493,6.877407,0.000000,14.540107
981,0,0.000000,13.498892,14.286289,0.016885,27.792931,0.000000,0.000000,27.975359,0.042757,13.095748,14.243138,0.000000,21.152668
982,0,0.000000,8.226468,7.288128,0.055694,15.529296,0.000000,0.000000,16.042162,0.255736,7.948718,7.288692,0.000000,15.289847
983,0,0.000000,16.158216,7.474384,0.041676,23.631854,0.000000,0.000000,23.950879,0.048427,15.790794,4.050522,0.000000,19.860185
984,0,0.000000,8.216719,11.529155,0.014230,19.611114,0.000000,0.000000,23.933042,0.081363,4.002964,7.979548,0.000000,12.051481
985,0,0.000000,11.497608,7.899105,0.013251,19.398658,0.000000,0.000000,23.995062,1.909843,13.538644,7.910245,0.000000,17.506935
986,0,0.000000,8.177908,7.625198,0.090748,15.807266,0.000000,0.000000,16.048007,0.044459,7.952883,7.617268,0.000000,15.612857
987,0,0.000000,16.092831,7.634594,0.005077,23.732226,0.000000,0.000000,23.925017,0.048317,15.901146,7.627553,0.000000,19.646094
988,0,0.000000,8.090902,7.775990,0.014906,15.869099,0.000000,0.000000,16.009911,0.043196,7.751989,7.752483,0.000000,15.545558
989,0,0.000000,16.114728,11.281981,0.024960,23.771764,0.000000,0.000000,27.631192,0.049974,15.914491,11.264367,0.000000,23.385998
990,0,0.000000,12.485551,7.650448,0.021727,20.049359,0.000000,0.000000,20.355654,0.114993,12.046688,7.649870,0.000000,12.142324
991,0,0.000000,12.131588,7.902175,0.023439,15.971719,0.000000,0.000000,23.974596,0.045853,15.416068,7.865087,0.000000,15.480225
992,0,0.000000,8.555136,7.280516,0.017792,15.408247,0.000000,0.000000,16.009463,0.074972,8.019698,7.294833,0.000000,15.371925
993,0,0.000000,16.063440,7.645495,0.016566,23.702507,0.000000,0.000000,23.878157,0.037554,15.590606,7.642721,0.000000,15.831159
994,0,0.000000,8.160253,7.671115,0.012256,15.838826,0.000000,0.000000,16.010444,0.039534,7.826261,7.671398,0.000000,15.537193
995,0,0.000000,16.191167,7.582377,0.014075,23.743659,0.000000,0.000000,23.961293,0.040980,15.877057,4.008050,0.000000,19.905872
996,0,0.000000,8.181968,7.656536,0.015924,15.837077,0.000000,0.000000,16.038976,0.054336,3.820097,4.045855,0.000000,7.920288
997,0,0.000000,16.134654,7.615723,0.020847,23.748117,0.000000,0.000000,23.944440,0.042529,8.048270,4.011580,0.000000,12.093179
998,0,0.000000,8.160574,7.653815,0.013808,15.802472,0.000000,0.000000,16.017398,0.047613,0.160671,0.050012,0.000000,0.244533
999,0,0.000000,20.084386,8.735065,0.007781,24.823432,0.000000,0.000000,34.869734,0.040701,11.725670,8.104740,0.000000,16.597809
1000,0,0.000000,18.445541,5.793722,0.022305,20.380529,0.000000,0.000000,34.949797,3.020231,11.964919,5.940294,0.000000,15.298067
1001,0,0.000000,16.506226,10.496007,0.026364,27.009194,0.000000,0.000000,31.302197,0.150107,9.056767,10.562684,0.000000,19.668465
1002,0,0.000000,16.110696,17.997130,0.042290,26.229991,0.000000,0.000000,38.158841,5.886043,18.295952,14.388729,0.000000,26.064614
1003,0,0.000000,13.808874,7.872652,0.024414,20.891066,0.000000,0.000000,43.793745,16.541006,25.093772,8.995336,0.000000,31.759238
1004,0,0.000000,8.085778,7.751872,0.014013,15.851663,0.000000,0.000000,16.042786,0.722990,7.762839,7.760080,0.000000,15.597561
1005,0,0.000000,16.039153,12.317264,0.015616,28.364432,0.000000,0.000000,35.950849,0.098289,19.304108,12.311911,0.000000,26.858056
1006,0,0.000000,8.307575,11.527510,0.018599,19.640585,0.000000,0.000000,23.953262,0.063322,0.246070,10.584005,0.000000,10.674977
1007,0,0.000000,11.306401,4.386453,0.016689,12.603169,0.000000,0.000000,23.982217,0.060884,10.724987,11.984336,0.000000,12.370694
1008,0,0.000000,8.214657,7.655263,0.015650,15.838095,0.000000,0.000000,16.287605,0.055006,7.818077,7.845984,0.000000,15.708757
1009,0,0.000000,16.493034,14.611336,0.021991,27.903591,0.000000,0.000000,31.561145,0.068287,16.267217,7.990114,0.000000,16.485172
1010,0,0.000000,8.212602,7.880979,0.019994,12.104895,0.000000,0.000000,28.026864,4.064076,19.520775,7.886959,0.000000,19.595260
1011,0,0.000000,20.948270,12.391765,0.064272,20.989892,0.000000,0.000000,35.985077,0.066487,22.844219,12.410443,0.000000,30.861616
1012,0,0.000000,8.352055,7.434751,0.016950,15.794621,0.000000,0.000000,15.977814,0.054737,8.043087,7.277082,0.000000,15.367790
1013,0,0.000000,16.094476,7.654309,0.026357,23.769851,0.000000,0.000000,23.972259,0.048300,15.916574,4.041681,0.000000,15.998423
1014,0,0.000000,8.273061,7.380666,0.049206,15.692584,0.000000,0.000000,16.000771,0.051924,7.637427,7.372184,0.000000,15.050449
1015,0,0.000000,16.075627,14.455266,0.029811,18.797319,0.000000,0.000000,37.185275,0.050804,18.021514,5.253254,0.000000,18.088163
1016,0,0.000000,12.784902,7.385511,0.024207,20.128932,0.000000,0.000000,20.481324,0.057848,12.080939,7.276947,0.000000,19.220045
1017,0,0.000000,16.511569,11.156565,0.027689,27.695823,0.000000,0.000000,27.867204,0.060159,15.870631,4.028847,0.000000,19.940865
1018,0,0.000000,12.801247,7.832861,0.026302,20.308298,0.000000,0.000000,20.945024,0.240428,12.388161,7.505763,0.000000,15.744362
1019,0,0.000000,8.147489,6.323787,0.130595,14.033676,0.000000,0.000000,29.890720,0.054679,13.370405,10.260538,0.000000,23.685622
1020,0,0.000000,13.456645,7.862381,0.019546,16.097775,0.000000,0.000000,25.689411,1.701918,13.201417,7.865790,0.000000,17.282543
1021,0,0.000000,8.191015,7.655951,0.011128,15.858094,0.000000,0.000000,16.005338,0.043859,7.847218,7.629001,0.000000,15.497880
1022,0,0.000000,15.996461,7.813486,0.018322,23.765948,0.000000,0.000000,27.935575,0.207337,15.470575,7.958873,0.000000,19.784261
1023,0,0.000000,8.668397,7.707181,0.017388,15.914351,0.000000,0.000000,20.006313,4.005498,11.786255,7.687419,0.000000,19.522789
1024,0,0.000000,16.069733,7.765567,0.021328,23.839834,0.000000,0.000000,24.003124,0.049163,15.644684,4.033704,0.000000,19.714319
1025,0,0.000000,11.990421,7.535590,0.023562,15.676413,0.000000,0.000000,23.867902,0.053618,7.755508,3.950861,0.000000,11.759224
1026,0,0.000000,8.214669,7.634759,0.021572,15.859374,0.000000,0.000000,16.036610,0.051351,0.174641,0.056900,0.000000,0.269537
1027,0,0.000000,16.147452,7.603958,0.016781,23.754936,0.000000,0.000000,27.901707,0.045647,4.123369,7.950917,0.000000,12.117301
1028,0,0.000000,14.438503,13.815895,0.026336,22.814839,0.000000,0.000000,30.381944,0.104840,14.165799,13.839106,0.000000,21.885094
1029,0,0.000000,8.269812,7.557056,0.020296,15.836465,0.000000,0.000000,15.997415,0.048988,0.247082,0.045075,0.000000,0.331589
1030,0,0.000000,16.149384,7.886891,0.022477,24.038086,0.000000,0.000000,32.007464,0.043235,7.891041,4.052389,0.000000,11.967065
1031,0,0.000000,8.481919,7.027393,0.011575,15.436364,0.000000,0.000000,15.980653,0.066130,6.060942,4.035955,0.000000,10.136302
1032,0,0.000000,20.226029,12.880367,0.023156,28.988018,0.000000,0.000000,35.951205,0.048567,8.217833,10.102923,0.000000,16.850175
1033,0,0.000000,8.616058,6.590431,0.027865,15.108646,0.000000,0.000000,23.980316,0.049692,11.231962,3.983749,0.000000,11.297060
1034,0,0.000000,12.276471,7.344706,0.058531,19.617045,0.000000,0.000000,28.189563,0.064322,8.282322,7.353633,0.000000,15.267599
1035,0,0.000000,11.856738,7.879245,0.023580,15.764967,0.000000,0.000000,23.785192,0.073144,15.137854,7.826441,0.000000,15.237363
1036,0,0.000000,8.282632,7.523132,0.008202,15.812857,0.000000,0.000000,19.963829,0.069194,7.902589,11.460955,0.000000,19.418716
1037,0,0.000000,8.286202,7.595772,0.018046,15.806647,0.000000,0.000000,16.134825,0.064191,3.073275,3.989261,0.000000,7.126727
1038,0,0.000000,16.157030,7.253642,0.020474,23.431146,0.000000,0.000000,27.843081,0.062428,4.513100,8.013098,0.000000,12.167856
1039,0,0.000000,8.886032,10.838740,0.013788,19.729332,0.000000,0.000000,24.822367,1.108143,8.415685,11.807976,0.000000,15.426924
1040,0,0.000000,14.201733,7.614845,0.024007,21.820026,0.000000,0.000000,22.074405,0.160453,13.758412,4.018361,0.000000,15.972281
1041,0,0.000000,15.833472,24.786134,0.028280,40.627009,0.000000,0.000000,55.541329,0.049526,12.091649,7.992436,0.000000,19.052163
1042,0,0.000000,9.605377,12.984450,0.031282,22.434337,0.000000,0.000000,24.052869,0.061287,10.372026,12.073304,0.000000,18.483243
1043,0,0.000000,10.430968,5.273866,0.014911,15.700645,0.000000,0.000000,15.929652,0.052508,10.165196,4.007573,0.000000,14.094568
1044,0,0.000000,16.188361,7.618629,0.017922,23.824912,0.000000,0.000000,23.990185,0.042758,11.993115,4.025007,0.000000,16.051611
1045,0,0.000000,8.250510,7.577844,0.017442,15.813201,0.000000,0.000000,16.016698,0.044972,4.082620,4.037658,0.000000,8.165250
1046,0,0.000000,16.145471,5.695066,0.014317,21.828408,0.000000,0.000000,31.929321,0.044891,13.985565,11.986312,0.000000,26.014756
1047,0,0.000000,8.179933,4.373527,0.019933,12.566638,0.000000,0.000000,23.959142,0.067446,7.701700,11.985174,0.000000,19.197003
1048,0,0.000000,8.242855,7.623448,0.015592,15.881895,0.000000,0.000000,16.097659,0.056360,0.252705,0.120379,0.000000,0.415416
1049,0,0.000000,16.334393,6.786940,0.042439,23.103375,0.000000,0.000000,23.886529,0.048925,4.654564,3.951878,0.000000,8.654900
1050,0,0.000000,8.440142,11.426361,0.020669,19.671055,0.000000,0.000000,24.394506,0.050817,0.382462,8.396863,0.000000,8.559451
1051,0,0.000000,23.047101,16.082931,0.028071,39.138102,0.000000,0.000000,46.736784,0.077618,27.793164,13.168805,0.000000,35.558734
1052,0,0.000000,13.606948,9.602628,0.030107,22.083056,0.000000,0.000000,40.582298,8.845535,18.095660,9.422098,0.000000,24.408309
1053,0,0.000000,8.261177,4.172394,0.015984,12.411120,0.000000,0.000000,28.009849,4.131925,12.036833,12.089210,0.000000,20.171342
1054,0,0.000000,9.120297,4.392846,0.017015,12.575044,0.000000,0.000000,16.005104,0.059954,5.934978,4.331601,0.000000,9.128165
1055,0,0.000000,16.170464,7.625736,0.029603,23.825803,0.000000,0.000000,31.934934,0.039380,12.114805,8.083172,0.000000,20.142539
1056,0,0.000000,9.755147,7.943706,0.022577,13.779411,0.000000,0.000000,21.971189,0.322890,12.600253,4.075638,0.000000,16.966560
1057,0,0.000000,8.022678,7.630423,0.016642,15.654977,0.000000,0.000000,15.879832,0.110939,4.011430,4.016205,0.000000,8.091932
1058,0,0.000000,16.138499,7.600941,0.018213,23.724002,0.000000,0.000000,23.950302,0.042238,12.003447,7.590798,0.000000,15.980780
1059,0,0.000000,8.156334,7.673276,0.019837,15.846735,0.000000,0.000000,23.966397,0.056381,7.856461,11.617351,0.000000,19.519340
1060,0,0.000000,7.236682,7.685523,0.012497,14.922004,0.000000,0.000000,15.118490,0.124280,6.607762,7.696378,0.000000,14.366958
1061,0,0.000000,16.085285,7.666703,0.024523,23.774542,0.000000,0.000000,23.979352,0.067909,15.698915,7.653904,0.000000,19.739665
1062,0,0.000000,8.213350,7.624948,0.014750,15.853048,0.000000,0.000000,16.002219,0.048057,7.824675,7.621144,0.000000,15.487046
1063,0,0.000000,16.094015,13.734850,0.027674,29.856539,0.000000,0.000000,36.026075,0.041413,17.970973,13.711884,0.000000,30.080737
1064,0,0.000000,8.073429,7.711427,0.016208,15.744579,0.000000,0.000000,15.962921,0.313162,7.672144,7.661602,0.000000,15.377096
1065,0,0.000000,16.067652,10.320929,0.322606,22.391169,0.000000,0.000000,27.937847,0.105941,15.618921,6.293876,0.000000,19.730327
1066,0,0.000000,8.705490,7.406964,0.016200,15.691265,0.000000,0.000000,16.458356,0.093962,8.291240,7.367311,0.000000,15.743673
1067,0,0.000000,15.854213,7.296366,0.027914,23.156113,0.000000,0.000000,23.566507,0.081232,15.656626,4.054772,0.000000,15.793253
1068,0,0.000000,16.116106,13.672743,0.028020,21.186506,0.000000,0.000000,32.802858,0.583919,14.637450,12.541000,0.000000,23.382775
1069,0,0.000000,11.545905,10.966919,0.030198,16.178110,0.000000,0.000000,36.775474,0.064320,21.783535,12.630152,0.000000,28.474661
1070,0,0.000000,12.518928,7.383647,0.044669,16.073181,0.000000,0.000000,24.229164,0.141651,8.163624,7.573800,0.000000,15.635651
1071,0,0.000000,8.410218,7.149686,0.020395,15.544787,0.000000,0.000000,15.820903,0.092785,7.924242,7.149943,0.000000,15.158122
1072,0,0.000000,16.218946,7.812493,0.026599,24.058038,0.000000,0.000000,31.960524,0.052049,15.884675,7.789608,0.000000,23.607711
1073,0,0.000000,8.082438,7.631020,0.038300,15.696905,0.000000,0.000000,15.923804,0.055316,7.842087,4.046346,0.000000,11.941858
1074,0,0.000000,16.198566,12.737551,0.024690,28.880231,0.000000,0.000000,39.958687,0.046551,12.903089,12.052664,0.000000,20.626062
1075,0,0.000000,8.213056,8.454278,0.023833,16.629422,0.000000,0.000000,17.042963,0.041795,0.199113,1.072085,0.000000,1.302268
1076,0,0.000000,14.695395,8.446095,0.022783,23.110704,0.000000,0.000000,31.738552,1.626941,12.250509,4.904961,0.000000,12.999089
1077,0,0.000000,11.175947,7.738807,0.028274,18.921558,0.000000,0.000000,23.104110,0.050506,11.700013,5.178503,0.000000,15.763761
1078,0,0.000000,8.158452,7.665984,0.029493,15.839503,0.000000,0.000000,16.000870,0.042596,3.811628,0.046117,0.000000,3.899623
1079,0,0.000000,16.184633,11.575336,0.026507,23.768453,0.000000,0.000000,27.952033,0.043170,7.977342,0.053837,0.000000,8.035835
1080,0,0.000000,12.692318,7.973782,0.015818,20.671075,0.000000,0.000000,24.063870,1.503737,15.376211,7.892980,0.000000,15.680645
1081,0,0.000000,8.633508,7.164045,0.005448,15.802222,0.000000,0.000000,16.232426,0.773181,7.219558,7.137593,0.000000,14.558903
1082,0,0.000000,16.876807,6.714086,0.030065,23.400888,0.000000,0.000000,31.682863,0.052956,15.438005,11.972160,0.000000,15.505210
1083,0,0.000000,15.506753,7.329454,0.080640,22.842860,0.000000,0.000000,24.076516,0.999911,15.063499,7.445300,0.000000,20.248051
1084,0,0.000000,11.710104,8.286809,0.031368,16.660121,0.000000,0.000000,24.188212,0.118848,11.304663,4.537596,0.000000,15.882470
1085,0,0.000000,7.801797,7.765584,0.018583,15.111775,0.000000,0.000000,15.793137,0.217571,3.864233,4.581290,0.000000,8.505509
1086,0,0.000000,15.749544,7.310613,0.053791,23.082350,0.000000,0.000000,23.526458,0.046516,12.219226,4.058963,0.000000,16.303924
1087,0,0.000000,15.907829,8.059989,0.007157,23.566566,0.000000,0.000000,24.218484,0.096871,11.440861,5.631627,0.000000,15.924784
1088,0,0.000000,7.869395,7.570170,0.012194,15.434084,0.000000,0.000000,15.799390,0.062420,4.137132,7.556025,0.000000,8.151810
1089,0,0.000000,15.723440,7.742865,0.019092,23.472962,0.000000,0.000000,23.674065,0.182667,15.138653,4.037164,0.000000,15.955600
1090,0,0.000000,8.219585,7.558496,0.017376,15.787703,0.000000,0.000000,15.983121,0.045116,0.197674,0.061386,0.000000,0.302739
1091,0,0.000000,16.302938,7.234240,0.037572,23.538085,0.000000,0.000000,23.933170,0.048548,4.557555,3.972444,0.000000,8.570196
1092,0,0.000000,8.284658,7.521782,0.019370,15.795936,0.000000,0.000000,16.013361,0.080283,7.956684,7.503055,0.000000,15.497945
1093,0,0.000000,16.182623,7.160645,0.023052,23.347422,0.000000,0.000000,31.915696,0.059560,8.175282,3.977661,0.000000,11.353057
1094,0,0.000000,12.191885,7.807056,0.023430,15.938183,0.000000,0.000000,24.029662,0.064360,11.553663,7.801015,0.000000,15.647708
1095,0,0.000000,8.122367,7.645060,0.019516,15.770312,0.000000,0.000000,16.001489,0.046132,7.796366,7.649012,0.000000,15.478368
1096,0,0.000000,14.874796,12.832561,0.014367,27.714137,0.000000,0.000000,27.936567,0.050577,14.378123,12.821635,0.000000,23.443266
1097,0,0.000000,8.204611,7.607720,0.019705,15.815354,0.000000,0.000000,16.020144,0.054689,7.785873,7.613394,0.000000,15.452990
1098,0,0.000000,16.175326,7.597846,0.006122,23.779294,0.000000,0.000000,23.941945,0.044619,15.911016,7.585480,0.000000,19.687413
1099,0,0.000000,8.207380,7.503815,0.017712,15.713946,0.000000,0.000000,16.032649,0.059238,7.876208,7.504728,0.000000,15.430071
1100,0,0.000000,13.158231,11.285965,0.007747,13.213457,0.000000,0.000000,32.778943,0.057285,19.702921,6.534214,0.000000,19.774071
1101,0,0.000000,13.474821,8.215265,0.005644,21.602490,0.000000,0.000000,21.839779,0.069707,13.026768,7.479589,0.000000,13.110155
1102,0,0.000000,15.931759,5.856096,0.023805,17.690079,0.000000,0.000000,33.874112,0.315104,19.742555,10.618146,0.000000,20.252800
1103,0,0.000000,14.228261,7.406035,0.024167,21.608151,0.000000,0.000000,25.280243,3.292175,16.172014,7.435691,0.000000,20.242334
1104,0,0.000000,8.216640,7.885318,0.020243,16.122201,0.000000,0.000000,16.277367,0.070328,7.918055,7.634770,0.000000,15.576956
1105,0,0.000000,15.485842,7.385592,0.040150,22.911584,0.000000,0.000000,23.144448,0.062799,15.259846,7.423793,0.000000,15.404495
1106,0,0.000000,8.090973,7.624672,0.016103,15.717971,0.000000,0.000000,15.956913,0.085221,7.834279,7.623670,0.000000,15.493995
1107,0,0.000000,16.087978,9.413278,0.014798,23.810929,0.000000,0.000000,25.667764,0.045815,15.685149,9.416774,0.000000,21.370227
1108,0,0.000000,21.764750,12.265476,0.040845,21.803945,0.000000,0.000000,34.252220,0.046724,21.496816,11.242267,0.000000,28.141812
1109,0,0.000000,8.190239,8.777321,0.010754,16.881151,0.000000,0.000000,17.138011,0.056726,7.863012,7.666524,0.000000,15.571397
1110,0,0.000000,15.082326,7.604129,0.022590,22.707089,0.000000,0.000000,22.886910,0.058928,11.817577,4.032610,0.000000,15.872423
1111,0,0.000000,8.237197,7.576290,0.015736,15.826381,0.000000,0.000000,16.032527,0.041932,4.205967,4.041804,0.000000,8.288423
1112,0,0.000000,16.082574,7.108133,0.024005,23.144333,0.000000,0.000000,23.971186,0.043494,12.495366,7.133956,0.000000,12.561758
1113,0,0.000000,8.171019,8.700476,0.014630,16.884254,0.000000,0.000000,17.109591,0.046763,7.777755,8.747033,0.000000,16.547760
1114,0,0.000000,14.946150,7.715516,0.022642,22.666633,0.000000,0.000000,22.859316,0.166674,14.599855,7.658559,0.000000,14.727740
1115,0,0.000000,16.130590,7.616935,0.025448,23.772973,0.000000,0.000000,23.967292,0.041419,15.893136,7.628238,0.000000,19.959999
1116,0,0.000000,8.196731,7.588542,0.015064,15.794980,0.000000,0.000000,16.006449,0.048292,7.862202,7.570900,0.000000,15.481394
1117,0,0.000000,15.949902,7.750198,0.014167,23.702080,0.000000,0.000000,23.945052,0.062735,15.694281,7.750962,0.000000,15.773888
1118,0,0.000000,12.216783,6.652630,0.022633,18.867894,0.000000,0.000000,24.006620,0.040813,8.330470,6.627452,0.000000,14.995802
1119,0,0.000000,8.865794,6.915978,0.012194,15.693132,0.000000,0.000000,16.093638,0.049042,8.665061,6.829384,0.000000,15.542013
1120,0,0.000000,16.152851,6.592902,0.163609,22.356077,0.000000,0.000000,31.322725,0.124021,15.753566,9.897550,0.000000,19.065906
1121,0,0.000000,13.684567,6.650402,0.010480,19.310286,0.000000,0.000000,26.514402,0.049869,9.184965,12.639229,0.000000,13.114012
1122,0,0.000000,12.700786,7.870346,0.026202,20.577314,0.000000,0.000000,21.930751,0.694168,12.688670,4.027886,0.000000,16.416922
1123,0,0.000000,8.278912,7.617021,0.006248,15.775194,0.000000,0.000000,16.154167,0.048372,0.287896,0.183281,0.000000,0.518618
1124,0,0.000000,16.067288,7.564673,0.026865,23.629270,0.000000,0.000000,23.863912,0.043166,4.227218,7.526487,0.000000,11.632617
1125,0,0.000000,8.094593,11.652703,0.013890,19.761186,0.000000,0.000000,19.917132,0.079398,7.686862,7.669457,0.000000,15.435717
1126,0,0.000000,8.246959,7.419835,0.016014,15.665820,0.000000,0.000000,16.041753,0.056987,7.771326,7.422570,0.000000,15.244269
1127,0,0.000000,20.129296,6.937326,0.021530,20.160279,0.000000,0.000000,27.954518,0.039607,20.439857,6.869499,0.000000,20.491912
1128,0,0.000000,8.375940,7.477671,0.017369,15.845803,0.000000,0.000000,16.021928,0.043740,8.072587,7.487613,0.000000,15.595605
1129,0,0.000000,16.062597,12.139644,0.006717,23.767137,0.000000,0.000000,28.401302,0.070555,15.740311,12.134576,0.000000,23.487997
1130,0,0.000000,7.623196,7.733667,0.013503,15.370366,0.000000,0.000000,15.549564,0.058220,7.313719,7.672213,0.000000,15.037521
1131,0,0.000000,16.046084,7.700268,0.021449,23.767801,0.000000,0.000000,23.970510,0.055552,15.809743,7.641110,0.000000,23.503866
1132,0,0.000000,8.246596,7.590249,0.011878,15.835670,0.000000,0.000000,16.001772,0.045987,7.892824,7.581770,0.000000,15.289361
1133,0,0.000000,16.029224,6.699856,0.021683,22.650264,0.000000,0.000000,24.007602,0.046653,16.806335,4.039253,0.000000,16.874589
1134,0,0.000000,16.126317,7.682195,0.027959,16.163966,0.000000,0.000000,24.053666,0.049573,11.933997,7.596742,0.000000,15.973466
1135,0,0.000000,7.963485,7.712463,0.025037,15.672575,0.000000,0.000000,15.917343,0.097441,7.435625,7.709160,0.000000,15.187327
1136,0,0.000000,16.184026,7.592085,0.021337,23.632158,0.000000,0.000000,23.980609,0.040629,15.740409,4.038989,0.000000,16.097396
1137,0,0.000000,12.056351,13.095118,0.023732,25.158978,0.000000,0.000000,31.899095,0.053163,11.756123,12.030435,0.000000,22.852260
1138,0,0.000000,12.284561,14.132849,0.034455,22.444442,0.000000,0.000000,36.037467,0.161409,9.492604,11.999410,0.000000,19.711641
1139,0,0.000000,8.125564,7.283860,0.028097,15.373801,0.000000,0.000000,16.044978,1.048024,6.625998,7.288212,0.000000,14.962234
1140,0,0.000000,16.236864,5.658445,0.023940,20.471756,0.000000,0.000000,37.022889,0.051081,18.212078,14.371646,0.000000,23.164787
1141,0,0.000000,14.933409,7.567889,0.031463,22.450172,0.000000,0.000000,26.902506,0.141166,14.539604,8.098750,0.000000,22.185433
1142,0,0.000000,11.591054,7.776697,0.022428,15.666853,0.000000,0.000000,35.876659,7.822137,23.667474,7.731772,0.000000,27.933938
1143,0,0.000000,9.519459,10.218629,0.007200,19.742241,0.000000,0.000000,19.958189,0.045634,9.123378,2.712065,0.000000,9.195870
1144,0,0.000000,12.247316,7.593243,0.019715,19.836808,0.000000,0.000000,20.017056,3.999681,4.230135,4.029996,0.000000,11.866951
1145,0,0.000000,16.055333,7.661424,0.026467,22.961541,0.000000,0.000000,24.044203,0.046558,11.970695,3.979217,0.000000,15.355097
1146,0,0.000000,12.148133,7.804034,0.025437,15.986563,0.000000,0.000000,23.930829,0.055207,8.159070,4.044670,0.000000,12.228033
1147,0,0.000000,11.983517,5.959272,0.012781,14.009781,0.000000,0.000000,32.141468,0.052722,13.644796,13.841179,0.000000,21.705703
1148,0,0.000000,8.014440,7.476827,0.019447,15.504211,0.000000,0.000000,15.835829,0.072024,0.287983,0.040526,0.000000,0.377223
1149,0,0.000000,16.274497,7.413461,0.023416,23.707378,0.000000,0.000000,23.976164,0.045982,4.362609,4.034954,0.000000,8.251630
1150,0,0.000000,12.217054,15.552696,0.028091,24.937840,0.000000,0.000000,39.111354,0.089135,7.898686,13.359392,0.000000,21.317209
1151,0,0.000000,12.869987,7.730590,0.026147,20.626724,0.000000,0.000000,20.861950,0.068189,11.873589,7.751287,0.000000,15.971345
1152,0,0.000000,16.153789,7.561271,0.025943,16.198714,0.000000,0.000000,23.970562,0.053300,15.848784,7.556817,0.000000,18.329825
1153,0,0.000000,8.781673,5.443486,0.019220,14.216814,0.000000,0.000000,15.950746,0.064875,8.492620,5.415741,0.000000,13.966160
1154,0,0.000000,19.750246,7.273227,0.017033,27.027417,0.000000,0.000000,32.705806,0.057034,23.975511,6.251437,0.000000,24.054794
1155,0,0.000000,15.921646,13.540472,0.048932,21.656597,0.000000,0.000000,31.720789,0.076516,16.341290,13.572687,0.000000,24.919706
1156,0,0.000000,11.791827,6.641560,0.009336,14.332579,0.000000,0.000000,34.385293,0.065617,19.361359,13.507084,0.000000,22.455128
1157,0,0.000000,9.669189,12.925533,0.017842,22.599939,0.000000,0.000000,31.019528,3.815001,11.708434,12.292202,0.000000,24.668541
1158,0,0.000000,21.853748,13.573114,0.011247,32.114904,0.000000,0.000000,40.027190,3.708719,25.387076,5.165975,0.000000,25.488156
1159,0,0.000000,8.163114,8.046325,0.029930,16.239369,0.000000,0.000000,37.680796,5.401705,19.106517,4.049671,0.000000,20.449737
1160,0,0.000000,9.584076,8.494048,0.020791,16.468010,0.000000,0.000000,19.752628,0.821772,9.893647,8.105122,0.000000,10.439752
1161,0,0.000000,14.513381,7.898054,0.007167,18.417879,0.000000,0.000000,31.529701,7.608214,15.402452,7.898069,0.000000,23.785777
1162,0,0.000000,9.264177,12.773744,0.014507,22.044024,0.000000,0.000000,27.171021,0.063392,7.642071,15.997022,0.000000,23.696876
1163,0,0.000000,12.888867,7.665884,0.019220,20.569473,0.000000,0.000000,20.753121,0.073982,12.389948,0.053248,0.000000,12.488140
1164,0,0.000000,8.250170,13.908915,0.029382,22.006868,0.000000,0.000000,36.036983,4.062661,7.994181,12.031138,0.000000,19.923767
1165,0,0.000000,12.034160,5.691076,0.016480,13.911969,0.000000,0.000000,31.156964,0.062203,7.908710,11.211490,0.000000,17.344948
1166,0,0.000000,8.236985,12.667427,0.008379,20.541170,0.000000,0.000000,36.036732,4.052851,21.626526,12.666576,0.000000,29.719952
1167,0,0.000000,8.175291,7.654194,0.020256,15.820360,0.000000,0.000000,16.055805,0.056818,0.209530,0.106494,0.000000,0.355903
1168,0,0.000000,16.010573,7.373084,0.009271,23.307229,0.000000,0.000000,23.839165,0.289494,4.426216,3.998287,0.000000,7.993880
1169,0,0.000000,11.700022,8.054774,0.028007,15.654332,0.000000,0.000000,24.100455,0.647987,11.139655,4.064784,0.000000,15.820614
1170,0,0.000000,15.398280,7.353519,0.028991,22.764021,0.000000,0.000000,31.242698,0.181888,11.907458,11.138664,0.000000,16.439092
1171,0,0.000000,14.427293,6.848616,0.007749,21.237008,0.000000,0.000000,21.531445,0.080143,14.091208,6.863171,0.000000,18.185498
1172,0,0.000000,12.097817,7.578219,0.031549,15.725668,0.000000,0.000000,23.981142,0.549597,14.935650,7.459180,0.000000,18.841328
1173,0,0.000000,8.190545,7.864829,0.018568,16.071230,0.000000,0.000000,16.237020,0.071875,7.802664,7.705791,0.000000,15.579493
1174,0,0.000000,15.889883,7.622969,0.041088,23.451000,0.000000,0.000000,23.728473,0.054173,8.132348,4.022233,0.000000,12.194268
1175,0,0.000000,12.098998,12.456786,0.030624,20.703180,0.000000,0.000000,36.020639,0.093054,13.147094,12.469671,0.000000,16.650532
1176,0,0.000000,15.977206,7.787067,0.015896,23.766760,0.000000,0.000000,23.937907,0.050144,11.715259,3.998133,0.000000,15.741153
1177,0,0.000000,16.193050,7.611783,0.024394,23.829227,0.000000,0.000000,23.991975,0.040516,11.746246,3.993224,0.000000,15.779986
1178,0,0.000000,8.215575,7.637434,0.014069,15.840489,0.000000,0.000000,23.963039,0.043375,3.997462,10.510665,0.000000,11.990667
1179,0,0.000000,15.740379,5.563968,0.028419,17.303037,0.000000,0.000000,28.044802,0.634868,15.723862,4.061988,0.000000,16.413056
1180,0,0.000000,16.086336,7.871212,0.015534,23.962347,0.000000,0.000000,27.930769,0.045036,12.121030,3.991417,0.000000,16.145070
1181,0,0.000000,8.225413,7.814711,0.013993,16.054117,0.000000,0.000000,16.186678,0.046684,3.865888,4.181299,0.000000,8.090776
1182,0,0.000000,15.972661,3.649470,0.010858,16.009334,0.000000,0.000000,23.792221,0.037611,11.836470,7.589977,0.000000,15.846854
1183,0,0.000000,8.153504,7.724425,0.005093,15.872133,0.000000,0.000000,16.018215,0.043700,7.907608,7.703861,0.000000,15.652790
1184,0,0.000000,16.055380,12.123757,0.036532,20.106510,0.000000,0.000000,33.548856,0.037752,19.475848,13.327341,0.000000,24.224580
1185,0,0.000000,14.630653,6.535727,0.037824,21.159075,0.000000,0.000000,22.399452,0.061674,15.277224,6.545076,0.000000,15.426192
1186,0,0.000000,16.013445,7.706622,0.032776,23.675482,0.000000,0.000000,23.941895,0.048990,15.523605,4.018579,0.000000,19.591040
1187,0,0.000000,8.279172,7.568042,0.010440,15.783969,0.000000,0.000000,16.070388,0.047375,3.829890,4.058772,0.000000,7.929221
1188,0,0.000000,16.076151,6.549757,0.022684,22.617282,0.000000,0.000000,31.867736,0.048500,11.899962,11.945287,0.000000,17.109979
1189,0,0.000000,8.199213,11.605536,0.012403,19.667543,0.000000,0.000000,23.962099,0.057572,7.838950,7.977386,0.000000,15.531473
1190,0,0.000000,14.625393,7.623165,0.016473,22.257897,0.000000,0.000000,22.437732,0.049404,14.322635,7.557484,0.000000,21.925119
1191,0,0.000000,16.093980,7.623805,0.018443,19.752518,0.000000,0.000000,23.936498,0.076653,15.823654,7.552603,0.000000,23.449428
1192,0,0.000000,8.224004,7.668123,0.015206,15.869459,0.000000,0.000000,16.047605,0.049064,7.945786,7.662139,0.000000,15.656989
1193,0,0.000000,11.988277,7.883784,0.015693,15.887646,0.000000,0.000000,23.954040,0.055035,12.618707,7.887313,0.000000,15.626246
1194,0,0.000000,8.115768,7.697619,0.016596,15.813317,0.000000,0.000000,15.992747,0.042511,7.717996,7.696731,0.000000,15.457238
1195,0,0.000000,15.999316,7.798235,0.022857,22.477651,0.000000,0.000000,27.942264,0.039094,14.331739,11.770046,0.000000,15.809424
1196,0,0.000000,13.539113,7.582981,0.022842,21.131965,0.000000,0.000000,28.006990,6.717453,15.895401,7.535986,0.000000,23.490068
1197,0,0.000000,12.128433,7.836133,0.022444,15.987404,0.000000,0.000000,24.007761,0.047477,13.229505,7.864551,0.000000,19.674574
1198,0,0.000000,8.162835,7.624809,0.013338,15.800982,0.000000,0.000000,15.994128,0.048994,7.794948,7.634077,0.000000,15.470973
1199,0,0.000000,16.152558,11.550372,0.029706,23.669080,0.000000,0.000000,31.944267,0.055057,15.625328,8.022009,0.000000,23.665242
1200,0,0.000000,16.133278,7.750859,0.025569,23.738107,0.000000,0.000000,24.146843,0.077635,15.606390,4.150278,0.000000,19.832339
1201,0,0.000000,7.923650,11.681680,0.017933,19.526828,0.000000,0.000000,25.445579,0.040358,3.861204,9.698817,0.000000,11.908159
1202,0,0.000000,8.206115,6.455378,0.025178,14.674999,0.000000,0.000000,28.056052,4.082557,12.890207,6.335193,0.000000,16.939906
1203,0,0.000000,14.195336,6.022695,0.033124,19.673680,0.000000,0.000000,29.188591,0.047700,19.514087,4.223712,0.000000,20.130437
1204,0,0.000000,12.286795,7.197488,0.026556,15.451098,0.000000,0.000000,22.827933,0.068012,14.884820,4.014593,0.000000,18.472990
1205,0,0.000000,12.163311,7.922743,0.027995,18.651833,0.000000,0.000000,24.419546,0.146145,11.602914,4.397140,0.000000,15.698314
1206,0,0.000000,11.568216,6.025554,0.068376,16.885226,0.000000,0.000000,31.953264,0.058504,18.395352,3.993218,0.000000,22.445482
1207,0,0.000000,15.714263,5.695655,0.081248,21.292850,0.000000,0.000000,39.284103,0.044183,13.681088,13.397101,0.000000,16.481210
1208,0,0.000000,8.284765,7.448181,0.015420,15.730329,0.000000,0.000000,16.000120,0.059916,7.564927,4.119369,0.000000,11.736916
1209,0,0.000000,16.164634,7.946292,0.017715,24.002010,0.000000,0.000000,25.468510,0.051335,15.705389,5.524327,0.000000,17.582150
1210,0,0.000000,14.600754,7.892970,0.010845,14.654361,0.000000,0.000000,30.487268,0.055563,11.950834,7.896425,0.000000,12.024208
1211,0,0.000000,8.309827,7.462706,0.014315,15.750793,0.000000,0.000000,16.052237,0.085734,3.963555,4.061215,0.000000,8.106989
1212,0,0.000000,20.036150,13.624053,0.024842,26.241810,0.000000,0.000000,43.918674,0.040241,20.969771,12.131691,0.000000,29.032642
1213,0,0.000000,8.240828,7.587131,0.021405,15.818950,0.000000,0.000000,16.007482,0.061652,7.841216,0.049234,0.000000,7.938024
1214,0,0.000000,16.189883,7.585495,0.024613,23.777363,0.000000,0.000000,23.965141,0.037433,8.086869,0.045925,0.000000,8.154499
1215,0,0.000000,8.243528,7.710820,0.025428,15.958505,0.000000,0.000000,16.164766,0.041575,0.268270,0.119108,0.000000,0.410097
1216,0,0.000000,16.310714,7.278613,0.026322,23.615070,0.000000,0.000000,23.803723,0.044432,0.768411,3.946558,0.000000,4.201146
1217,0,0.000000,8.093441,7.607280,0.015298,15.696997,0.000000,0.000000,15.889806,0.047367,4.035015,4.027972,0.000000,8.110354
1218,0,0.000000,16.196602,7.556108,0.024088,23.739026,0.000000,0.000000,23.966112,0.038775,11.158198,3.997838,0.000000,15.192960
1219,0,0.000000,8.308362,7.294717,0.009028,15.610167,0.000000,0.000000,15.998266,0.043394,4.184933,4.001603,0.000000,8.229930
1220,0,0.000000,16.282375,7.561779,0.068485,23.783187,0.000000,0.000000,24.105661,0.046549,12.119202,4.121843,0.000000,16.282953
1221,0,0.000000,8.438466,6.732201,0.017779,14.931380,0.000000,0.000000,17.116170,0.530385,4.058930,4.302327,0.000000,8.497744
1222,0,0.000000,14.992341,7.524907,0.028811,22.532455,0.000000,0.000000,22.742445,0.097063,8.765417,0.056952,0.000000,8.865261
1223,0,0.000000,8.311496,7.904402,0.057095,16.202424,0.000000,0.000000,16.742899,0.049045,4.252184,4.693692,0.000000,8.994583
1224,0,0.000000,15.421539,11.554797,0.039039,26.989856,0.000000,0.000000,27.359642,0.171970,10.467525,4.254266,0.000000,14.844097
1225,0,0.000000,10.172182,6.720559,0.128269,15.457832,0.000000,0.000000,32.491843,10.193112,24.314070,6.550606,0.000000,24.449009
1226,0,0.000000,20.984813,11.839620,0.074601,21.204616,0.000000,0.000000,35.123720,0.063148,18.485879,7.988570,0.000000,19.265325
1227,0,0.000000,13.432761,10.293723,0.030182,18.522401,0.000000,0.000000,35.336443,4.006961,16.440432,17.557342,0.000000,30.235863
1228,0,0.000000,12.204656,7.582907,0.078426,19.865989,0.000000,0.000000,28.899793,0.060102,16.194759,3.951428,0.000000,20.202083
1229,0,0.000000,7.467747,11.243291,0.025287,18.736325,0.000000,0.000000,23.010805,0.050942,0.410148,7.991949,0.000000,8.423639
1230,0,0.000000,8.835713,7.044060,0.017820,15.486445,0.000000,0.000000,16.435541,0.060361,1.019682,0.429653,0.000000,1.509696
1231,0,0.000000,24.930070,7.581947,0.028676,32.508502,0.000000,0.000000,39.602504,0.077589,13.525782,7.581871,0.000000,18.684320
1232,0,0.000000,8.315539,7.429236,0.051135,15.759899,0.000000,0.000000,16.017417,0.049658,7.845645,7.422607,0.000000,15.309607
1233,0,0.000000,15.801091,13.509705,0.117113,21.151936,0.000000,0.000000,31.567181,0.053038,17.511237,13.516010,0.000000,22.842718
1234,0,0.000000,9.962378,12.874347,0.027070,21.022069,0.000000,0.000000,23.900108,0.075965,9.565735,12.943944,0.000000,22.581248
1235,0,0.000000,8.690021,6.615974,0.023059,15.148578,0.000000,0.000000,16.213471,0.066870,5.116353,5.685286,0.000000,9.345673
1236,0,0.000000,16.051410,5.674906,0.025662,16.093909,0.000000,0.000000,25.226996,0.055373,17.427904,7.007750,0.000000,19.235248
1237,0,0.000000,14.696242,6.739189,0.040477,21.442027,0.000000,0.000000,22.491271,0.062279,14.291838,4.024158,0.000000,18.148349
1238,0,0.000000,12.073935,5.866085,0.022365,15.285670,0.000000,0.000000,31.911173,0.050904,16.330386,7.936327,0.000000,24.317395
1239,0,0.000000,12.728192,13.024430,0.010631,25.295771,0.000000,0.000000,34.283863,11.982586,14.918278,10.504874,0.000000,24.976992
1240,0,0.000000,12.472643,7.198455,0.024482,19.665219,0.000000,0.000000,22.321751,0.063136,14.097967,0.124305,0.000000,14.161426
1241,0,0.000000,8.216073,11.502023,0.022818,19.722856,0.000000,0.000000,23.953013,0.628832,2.964631,7.999566,0.000000,8.629879
1242,0,0.000000,10.591906,7.276911,0.008335,17.843903,0.000000,0.000000,20.153845,1.726238,10.609835,7.266212,0.000000,15.819998
1243,0,0.000000,14.072367,7.854388,0.015405,21.922340,0.000000,0.000000,23.850260,0.052081,14.105930,7.833337,0.000000,18.136544
1244,0,0.000000,8.210032,7.641699,0.018425,15.841988,0.000000,0.000000,16.045471,0.055452,7.804735,7.590880,0.000000,15.451067
1245,0,0.000000,16.057283,7.680221,0.010150,23.742736,0.000000,0.000000,23.951190,0.045691,15.746765,7.685959,0.000000,15.821847
1246,0,0.000000,8.180094,7.665055,0.014421,15.859257,0.000000,0.000000,16.009728,0.048519,7.615617,7.679243,0.000000,15.343379
1247,0,0.000000,16.149077,7.684486,0.007693,23.771608,0.000000,0.000000,23.986136,0.047860,15.846850,7.606261,0.000000,19.651941
1248,0,0.000000,8.127483,7.698552,0.020717,15.829387,0.000000,0.000000,16.027059,0.148610,7.719441,7.719917,0.000000,15.478866
1249,0,0.000000,13.875507,5.203524,0.013855,17.194231,0.000000,0.000000,27.829099,0.046463,14.124621,11.967846,0.000000,14.201721
1250,0,0.000000,8.189227,7.595944,0.018496,15.783399,0.000000,0.000000,16.037106,0.084438,7.927062,7.612418,0.000000,15.593861
1251,0,0.000000,16.252843,7.475676,0.018025,23.569003,0.000000,0.000000,23.917269,0.049111,15.947016,7.455150,0.000000,16.041971
1252,0,0.000000,8.174590,7.692717,0.036416,15.867905,0.000000,0.000000,19.975738,0.044957,7.713894,11.645354,0.000000,19.401181
1253,0,0.000000,8.216421,7.728080,0.026952,15.969017,0.000000,0.000000,16.152292,0.061027,0.145017,4.090227,0.000000,4.219796
1254,0,0.000000,16.210776,7.244359,0.024403,23.456110,0.000000,0.000000,23.875541,0.049207,11.883918,6.862237,0.000000,15.950448
1255,0,0.000000,8.473115,6.955749,0.017695,15.446559,0.000000,0.000000,16.406131,0.047265,8.147190,6.933953,0.000000,15.126389
1256,0,0.000000,15.527435,7.702426,0.025127,22.870640,0.000000,0.000000,23.926588,0.325432,14.940267,7.199151,0.000000,19.278077
1257,0,0.000000,11.685926,14.518096,0.032147,22.590503,0.000000,0.000000,31.700099,0.059529,16.332523,11.318207,0.000000,18.334348
1258,0,0.000000,8.333393,8.850664,0.013851,17.188343,0.000000,0.000000,17.385436,0.108365,7.836539,7.251995,0.000000,15.123763
1259,0,0.000000,14.646089,7.303170,0.009798,21.787696,0.000000,0.000000,22.331343,0.059679,14.467393,7.267470,0.000000,16.186515
1260,0,0.000000,13.006355,13.961397,0.040213,22.169394,0.000000,0.000000,32.029510,0.047862,17.432984,13.990575,0.000000,28.550922
1261,0,0.000000,12.170843,7.899996,0.025360,20.052571,0.000000,0.000000,24.011161,0.061744,15.510444,7.923385,0.000000,23.485967
1262,0,0.000000,12.040527,7.848962,0.019265,15.852820,0.000000,0.000000,31.995776,0.059534,18.521457,11.914486,0.000000,23.086497
1263,0,0.000000,14.212351,7.712055,0.009022,21.927360,0.000000,0.000000,22.146524,0.074557,13.525188,7.691352,0.000000,19.581288
1264,0,0.000000,12.176946,7.901930,0.009797,16.104723,0.000000,0.000000,23.968157,0.050673,15.448639,7.872574,0.000000,15.812419
1265,0,0.000000,8.064403,7.732791,0.015470,15.800193,0.000000,0.000000,15.974053,0.043139,7.806403,7.725956,0.000000,15.572817
1266,0,0.000000,16.046030,7.689502,0.014386,23.746631,0.000000,0.000000,23.952141,0.039122,15.830465,3.994648,0.000000,19.848694
1267,0,0.000000,8.073072,7.742751,0.017579,15.819717,0.000000,0.000000,19.944826,0.049853,7.718208,7.966556,0.000000,15.485186
1268,0,0.000000,8.124260,7.790629,0.014123,15.894367,0.000000,0.000000,16.069627,0.040522,7.858099,7.790794,0.000000,15.645165
1269,0,0.000000,16.037910,13.978288,0.008051,16.087017,0.000000,0.000000,31.972304,0.049353,17.478501,14.005789,0.000000,25.029439
1270,0,0.000000,11.539446,4.186806,0.012248,12.293030,0.000000,0.000000,22.492736,0.078554,11.247635,10.721509,0.000000,11.518825
1271,0,0.000000,8.228497,7.903936,0.018971,15.995615,0.000000,0.000000,24.028934,0.051269,14.481959,7.905140,0.000000,18.535059
1272,0,0.000000,8.215099,7.628410,0.022085,15.705245,0.000000,0.000000,16.207561,0.055551,7.833616,7.309085,0.000000,15.195484
1273,0,0.000000,15.962158,7.643724,0.026723,23.530705,0.000000,0.000000,27.719877,0.047847,15.621651,7.975935,0.000000,20.684918
1274,0,0.000000,8.267116,7.718069,0.004989,15.876642,0.000000,0.000000,16.203044,0.106009,7.763796,7.702715,0.000000,15.510931
1275,0,0.000000,12.542915,7.582372,0.667829,16.321188,0.000000,0.000000,23.782952,0.054951,15.526173,7.568437,0.000000,17.350643
1276,0,0.000000,8.216761,7.732112,0.015579,15.952372,0.000000,0.000000,16.257370,0.055937,7.813072,7.731589,0.000000,15.590789
1277,0,0.000000,15.827205,7.645861,0.005298,23.478364,0.000000,0.000000,23.699489,0.048068,15.452578,7.625880,0.000000,15.505420
1278,0,0.000000,8.207500,7.614903,0.014542,15.811437,0.000000,0.000000,16.016781,0.070162,7.739868,7.564255,0.000000,15.373483
1279,0,0.000000,8.224473,7.694702,0.019498,15.922067,0.000000,0.000000,24.004638,7.446480,14.831943,7.681482,0.000000,18.717707
1280,0,0.000000,12.162080,7.892466,0.017000,16.099602,0.000000,0.000000,23.959855,0.049259,11.865020,3.975699,0.000000,15.881894
1281,0,0.000000,8.161156,7.626704,0.007224,15.774051,0.000000,0.000000,19.878209,0.039630,7.928908,7.971134,0.000000,15.580330
1282,0,0.000000,12.148412,7.876938,0.020387,16.056770,0.000000,0.000000,24.012662,0.060741,11.793897,7.887809,0.000000,15.860001
1283,0,0.000000,8.172430,7.660131,0.011943,15.833486,0.000000,0.000000,16.010127,0.049697,7.789725,7.625056,0.000000,15.464478
1284,0,0.000000,16.059171,7.221611,0.017297,23.261111,0.000000,0.000000,27.984304,0.043215,19.678642,7.225260,0.000000,23.739350
1285,0,0.000000,12.146560,12.783950,0.020140,20.950826,0.000000,0.000000,31.983525,0.041306,14.900898,12.799989,0.000000,20.692341
1286,0,0.000000,8.172577,7.676015,0.011326,15.851243,0.000000,0.000000,15.999908,0.046015,7.472414,7.682668,0.000000,14.035593
1287,0,0.000000,16.188257,7.616969,0.005399,23.804282,0.000000,0.000000,27.928389,0.036570,15.770335,11.567194,0.000000,19.802483
1288,0,0.000000,8.140586,7.738751,0.011863,15.871732,0.000000,0.000000,16.044136,0.050732,7.761954,7.721372,0.000000,15.529097
1289,0,0.000000,16.048995,7.754315,0.019821,23.823131,0.000000,0.000000,23.964916,0.048278,15.658250,7.728072,0.000000,15.733697
1290,0,0.000000,8.231135,7.632091,0.009697,15.860812,0.000000,0.000000,16.035289,0.043447,7.897513,7.623132,0.000000,15.549717
1291,0,0.000000,16.194501,7.590523,0.020479,23.790414,0.000000,0.000000,23.968491,0.037821,15.908185,7.592615,0.000000,19.955746
1292,0,0.000000,8.116638,7.707955,0.013148,15.797288,0.000000,0.000000,15.988929,0.075468,7.737886,7.672092,0.000000,15.450840
1293,0,0.000000,16.191196,7.774671,0.010098,23.954898,0.000000,0.000000,24.181156,0.041297,15.773845,7.757850,0.000000,16.340571
1294,0,0.000000,8.086614,7.655575,0.014482,15.621479,0.000000,0.000000,16.001695,0.069812,7.497505,7.641946,0.000000,15.190210
1295,0,0.000000,19.809147,13.208343,0.022826,29.062745,0.000000,0.000000,35.778873,0.054717,19.531643,11.990024,0.000000,27.651780
1296,0,0.000000,13.986078,7.645920,0.036107,21.634660,0.000000,0.000000,21.848446,0.054242,13.605623,7.657631,0.000000,21.311653
1297,0,0.000000,7.757716,11.646551,0.008371,19.236906,0.000000,0.000000,19.534665,0.043873,7.249385,7.650955,0.000000,14.943602
1298,0,0.000000,12.897766,7.691480,0.012660,20.582126,0.000000,0.000000,24.079027,3.340339,13.960479,4.066356,0.000000,19.473566
1299,0,0.000000,16.067770,7.689107,0.016337,23.761329,0.000000,0.000000,23.934439,0.045246,11.850234,4.018340,0.000000,12.164925
1300,0,0.000000,8.244838,7.634433,0.013398,15.876438,0.000000,0.000000,16.019161,0.040643,2.483991,4.016242,0.000000,6.540876
1301,0,0.000000,16.143966,7.590310,0.004546,23.738283,0.000000,0.000000,23.959241,0.050965,15.774621,7.567505,0.000000,19.810032
1302,0,0.000000,16.041420,7.744517,0.021242,23.788021,0.000000,0.000000,27.969350,0.042834,15.793434,11.717558,0.000000,19.766583
1303,0,0.000000,8.211779,7.677342,0.012999,15.882086,0.000000,0.000000,16.048379,0.059859,3.970703,4.029510,0.000000,8.050049
1304,0,0.000000,16.162247,7.655549,0.025226,23.817992,0.000000,0.000000,23.979816,0.042596,8.176717,4.020526,0.000000,8.262277
1305,0,0.000000,8.206443,7.626079,0.015673,15.842064,0.000000,0.000000,16.001935,0.041754,0.200719,0.058164,0.000000,0.294036
1306,0,0.000000,16.212561,7.580874,0.024894,23.799363,0.000000,0.000000,23.971114,0.039479,0.184926,0.050611,0.000000,0.263290
1307,0,0.000000,8.177502,7.656933,0.014896,15.827859,0.000000,0.000000,16.012128,0.044303,7.662307,7.666753,0.000000,15.368863
1308,0,0.000000,20.071943,12.552351,0.013317,24.148834,0.000000,0.000000,33.798582,0.043818,19.682480,12.544792,0.000000,21.579299
1309,0,0.000000,14.204757,7.772263,0.013094,21.990114,0.000000,0.000000,26.107010,0.065083,13.824112,7.976198,0.000000,19.015809
1310,0,0.000000,8.068231,7.791375,0.016755,15.850974,0.000000,0.000000,16.076036,0.051145,7.693443,7.803516,0.000000,15.543020
1311,0,0.000000,12.378963,7.418890,0.034568,19.832421,0.000000,0.000000,20.041668,0.059674,11.996350,7.342553,0.000000,15.607869
1312,0,0.000000,12.069356,8.446761,0.031947,20.548064,0.000000,0.000000,20.691703,0.060791,10.855086,8.076430,0.000000,14.845517
1313,0,0.000000,15.080328,7.506860,0.011144,22.593292,0.000000,0.000000,22.780036,0.047629,14.734621,3.514842,0.000000,14.807964
1314,0,0.000000,8.886647,6.966130,0.007137,15.606087,0.000000,0.000000,16.024438,0.049729,8.556469,6.933864,0.000000,15.537224
1315,0,0.000000,16.198078,10.436353,0.023233,22.479947,0.000000,0.000000,41.202308,0.057345,20.614047,17.462894,0.000000,37.940536
1316,0,0.000000,15.021798,6.098527,0.024727,21.085742,0.000000,0.000000,26.696852,0.054925,16.120220,9.554964,0.000000,19.175817
1317,0,0.000000,16.229631,14.463469,0.027426,22.691075,0.000000,0.000000,39.989383,4.119815,17.109320,8.061087,0.000000,21.162245
1318,0,0.000000,14.104315,7.816330,0.024941,21.835553,0.000000,0.000000,22.149235,0.065274,13.619665,4.264794,0.000000,17.929019
1319,0,0.000000,15.918894,7.557882,0.030842,23.507618,0.000000,0.000000,23.767198,0.046416,8.215308,4.045125,0.000000,12.293896
1320,0,0.000000,8.143958,7.623797,0.014166,15.759969,0.000000,0.000000,15.984493,0.042282,3.911773,4.022009,0.000000,7.971137
1321,0,0.000000,16.153123,7.882532,0.020397,24.039267,0.000000,0.000000,31.979981,0.040597,11.841167,7.894794,0.000000,15.891304
1322,0,0.000000,8.170497,7.658349,0.012896,15.825468,0.000000,0.000000,16.020801,0.042950,7.805601,7.674668,0.000000,15.521217
1323,0,0.000000,16.227142,7.474320,0.043412,23.744874,0.000000,0.000000,23.967161,0.045854,15.820179,3.443564,0.000000,15.878299
1324,0,0.000000,8.217029,15.496103,0.013929,23.632210,0.000000,0.000000,31.923852,7.950245,11.873304,3.565550,0.000000,15.510559
1325,0,0.000000,8.177521,7.675719,0.017243,15.834813,0.000000,0.000000,16.037287,0.051839,7.736970,7.669058,0.000000,15.457867
1326,0,0.000000,12.064375,7.900753,0.022429,15.915837,0.000000,0.000000,23.976814,0.040369,15.620390,7.911672,0.000000,15.689849
1327,0,0.000000,16.155502,7.606702,0.010056,16.191531,0.000000,0.000000,31.952392,0.041829,15.796823,15.602234,0.000000,23.860029
1328,0,0.000000,8.177760,7.643482,0.008712,15.811053,0.000000,0.000000,16.016565,0.066338,7.789059,7.633182,0.000000,15.470341
1329,0,0.000000,15.993392,7.630577,0.043171,23.623878,0.000000,0.000000,23.932362,0.037589,15.524619,7.612412,0.000000,19.558799
1330,0,0.000000,8.128826,7.659441,0.015858,15.804125,0.000000,0.000000,16.030868,0.053451,7.748813,7.687222,0.000000,15.487252
1331,0,0.000000,12.852706,8.777446,0.012998,21.636492,0.000000,0.000000,24.791461,0.048191,15.536109,8.766789,0.000000,17.450246
1332,0,0.000000,7.639428,7.248534,0.024204,14.887068,0.000000,0.000000,27.095708,0.064840,18.372303,7.271807,0.000000,18.968289
1333,0,0.000000,8.396042,7.454311,0.018030,15.845048,0.000000,0.000000,16.029530,0.066738,8.009390,7.362466,0.000000,15.438594
1334,0,0.000000,16.368048,7.288838,0.023075,23.643454,0.000000,0.000000,23.922320,0.055814,16.181560,4.000039,0.000000,20.230482
1335,0,0.000000,8.198670,7.664685,0.030388,15.870337,0.000000,0.000000,16.078017,0.047743,3.947848,4.074056,0.000000,8.060781
1336,0,0.000000,15.988865,7.694661,0.020859,23.704385,0.000000,0.000000,23.915113,0.040015,11.899405,7.697957,0.000000,15.959493
1337,0,0.000000,8.047308,7.827191,0.032730,15.876920,0.000000,0.000000,16.035386,0.055091,7.626432,7.815119,0.000000,15.496642
1338,0,0.000000,16.001218,7.735310,0.004957,23.740774,0.000000,0.000000,23.909672,0.058168,15.632813,7.723025,0.000000,19.665639
1339,0,0.000000,8.201267,7.686815,0.015665,15.884282,0.000000,0.000000,16.037045,0.041033,7.824127,7.695187,0.000000,15.560040
1340,0,0.000000,16.031848,7.785441,0.012050,23.819354,0.000000,0.000000,23.954357,0.044840,15.472158,3.999091,0.000000,19.516089
1341,0,0.000000,8.177160,11.670657,0.028030,19.228183,0.000000,0.000000,19.977454,0.044659,3.860535,3.991175,0.000000,7.896369
1342,0,0.000000,15.652061,7.603392,0.021380,23.276833,0.000000,0.000000,27.993014,4.145986,11.930485,3.997201,0.000000,15.974637
1343,0,0.000000,8.190894,7.638994,0.011057,15.830094,0.000000,0.000000,16.016893,0.040465,0.185007,0.039526,0.000000,0.258135
1344,0,0.000000,16.174948,7.617009,0.006304,23.791590,0.000000,0.000000,23.957934,0.052808,4.173846,4.004007,0.000000,8.214656
1345,0,0.000000,8.029479,15.672830,0.009611,23.675466,0.000000,0.000000,23.861330,0.039377,0.148719,3.997699,0.000000,4.093588
1346,0,0.000000,8.209474,7.624334,0.014689,15.845320,0.000000,0.000000,16.049045,0.081156,3.950711,4.041756,0.000000,8.073623
1347,0,0.000000,16.312551,7.449281,0.022439,23.582921,0.000000,0.000000,24.003959,0.048457,12.047986,4.026861,0.000000,16.110047
1348,0,0.000000,8.178293,7.532644,0.013665,15.694966,0.000000,0.000000,23.903897,0.050966,4.052020,7.991137,0.000000,12.049512
1349,0,0.000000,16.098048,7.634689,0.026285,23.736221,0.000000,0.000000,24.102326,0.060747,15.804469,7.726054,0.000000,15.930437
1350,0,0.000000,11.954707,7.549572,0.027218,19.496916,0.000000,0.000000,31.848737,0.057458,11.363850,11.510463,0.000000,19.414647
1351,0,0.000000,16.251624,7.454060,0.007440,23.707428,0.000000,0.000000,24.008812,0.057416,11.968413,7.445451,0.000000,16.008142
1352,0,0.000000,8.134625,7.582296,0.014961,15.695618,0.000000,0.000000,16.028733,0.064302,7.788448,7.572695,0.000000,15.424508
1353,0,0.000000,16.196867,11.495243,0.028416,27.540175,0.000000,0.000000,31.924114,0.043984,15.756501,11.538777,0.000000,23.759692
1354,0,0.000000,8.127759,7.734877,0.016898,15.879534,0.000000,0.000000,19.957395,0.058505,7.718928,7.962504,0.000000,15.507949
1355,0,0.000000,13.609827,6.301187,0.018993,17.804127,0.000000,0.000000,32.374849,1.652552,13.405483,11.986147,0.000000,18.881929
1356,0,0.000000,14.220778,6.596018,0.018851,19.884853,0.000000,0.000000,29.177766,1.168479,16.841247,6.604789,0.000000,18.056187
1357,0,0.000000,8.074252,7.700777,0.006331,15.767767,0.000000,0.000000,15.951447,0.054394,7.696031,7.674219,0.000000,15.422950
1358,0,0.000000,16.275408,7.519895,0.021644,23.312735,0.000000,0.000000,23.998878,0.050568,15.923493,7.537335,0.000000,16.015681
1359,0,0.000000,16.053209,7.672649,0.022588,16.094325,0.000000,0.000000,23.976750,0.047647,15.615724,7.643014,0.000000,15.793253
1360,0,0.000000,8.105328,7.718047,0.015436,15.774959,0.000000,0.000000,15.994343,0.084221,7.869019,7.661187,0.000000,15.598860
1361,0,0.000000,15.945341,7.709484,0.007681,15.984981,0.000000,0.000000,23.844962,0.041262,15.638016,7.713919,0.000000,19.668726
1362,0,0.000000,8.187255,7.689479,0.015458,15.864783,0.000000,0.000000,16.027939,0.050025,7.813138,7.714216,0.000000,15.550801
1363,0,0.000000,16.007585,7.716362,0.017262,23.731105,0.000000,0.000000,23.970776,0.044897,15.660376,7.726492,0.000000,19.732915
1364,0,0.000000,8.063337,7.748216,0.009539,15.813356,0.000000,0.000000,16.000780,0.081316,7.338916,7.705804,0.000000,15.126036
1365,0,0.000000,16.032443,7.745966,0.008030,23.783470,0.000000,0.000000,23.946721,0.054214,15.597665,7.730384,0.000000,19.644576
1366,0,0.000000,8.503648,7.343352,0.011005,15.794735,0.000000,0.000000,16.097063,0.046840,7.615213,7.344557,0.000000,15.004997
1367,0,0.000000,15.997824,7.673938,0.025752,23.697514,0.000000,0.000000,27.877154,0.048969,15.600520,7.981286,0.000000,19.900279
1368,0,0.000000,12.668308,7.786353,0.006737,20.374758,0.000000,0.000000,24.097023,3.468351,13.828452,4.111404,0.000000,19.713271
1369,0,0.000000,15.981084,8.436337,0.017170,20.596824,0.000000,0.000000,32.341639,0.051677,18.839885,12.489165,0.000000,21.743753
1370,0,0.000000,13.098217,15.426818,0.027268,28.552303,0.000000,0.000000,28.815377,0.194121,12.254628,11.469759,0.000000,20.484200
1371,0,0.000000,12.159330,7.723934,0.027791,15.888278,0.000000,0.000000,23.940383,0.082230,14.576017,7.625669,0.000000,15.423204
1372,0,0.000000,8.241891,15.078469,0.017510,23.207326,0.000000,0.000000,23.905690,0.104672,7.882603,7.127441,0.000000,15.114668
1373,0,0.000000,8.157297,7.624363,0.019351,15.790792,0.000000,0.000000,15.994278,0.063905,4.007215,4.014736,0.000000,8.085856
1374,0,0.000000,20.055262,12.112383,0.026004,24.423176,0.000000,0.000000,35.977237,0.042178,15.606449,12.110845,0.000000,24.470865
1375,0,0.000000,8.153296,7.894412,0.013483,16.061191,0.000000,0.000000,23.976535,0.059364,7.887745,7.856606,0.000000,11.348265
1376,0,0.000000,8.140106,7.701344,0.010930,15.844618,0.000000,0.000000,16.022662,0.042393,7.765036,7.714708,0.000000,15.520638
1377,0,0.000000,16.064386,7.812019,0.019037,23.895442,0.000000,0.000000,24.066737,0.046380,15.752440,7.823467,0.000000,16.001441
1378,0,0.000000,8.019466,11.552222,0.015985,19.569606,0.000000,0.000000,19.789748,0.604004,7.256799,7.566023,0.000000,15.400196
1379,0,0.000000,8.192640,7.656941,0.010346,15.851923,0.000000,0.000000,19.075554,3.110584,7.733634,7.638228,0.000000,18.474205
1380,0,0.000000,16.198023,7.586575,0.020990,23.803507,0.000000,0.000000,23.983900,0.041491,15.811007,3.994795,0.000000,15.875171
1381,0,0.000000,8.074854,7.776280,0.020747,15.847186,0.000000,0.000000,16.041690,0.041191,7.733133,7.808212,0.000000,15.581424
1382,0,0.000000,16.017663,7.738438,0.019167,23.759210,0.000000,0.000000,23.930431,0.060190,15.691422,7.748651,0.000000,23.303435
1383,0,0.000000,8.223234,7.593211,0.006804,15.823249,0.000000,0.000000,15.979373,0.038272,8.002541,7.557420,0.000000,15.597982
1384,0,0.000000,16.191577,7.649744,0.039934,23.856242,0.000000,0.000000,23.976624,0.041862,15.821497,3.648654,0.000000,19.512013
1385,0,0.000000,16.220675,7.579860,0.020798,23.820698,0.000000,0.000000,23.992782,0.045509,15.869199,3.604288,0.000000,19.518996
1386,0,0.000000,8.283997,7.562799,0.015878,15.839871,0.000000,0.000000,23.956527,0.048616,7.952722,11.485448,0.000000,19.482389
1387,0,0.000000,13.708370,7.759541,0.023443,21.297083,0.000000,0.000000,21.823208,0.190618,13.353299,7.574134,0.000000,15.797749
1388,0,0.000000,13.463791,7.864693,0.019280,15.599713,0.000000,0.000000,23.633274,0.088213,13.211391,7.788830,0.000000,17.224963
1389,0,0.000000,8.280542,6.212523,0.017972,14.484420,0.000000,0.000000,31.973001,0.060075,13.904750,14.135188,0.000000,14.241896
1390,0,0.000000,8.214724,7.596934,0.017038,15.824905,0.000000,0.000000,16.031981,0.055343,7.791442,7.610925,0.000000,15.456982
1391,0,0.000000,16.103872,7.683141,0.022387,23.790841,0.000000,0.000000,27.917143,0.042949,15.737070,11.658056,0.000000,19.803257
1392,0,0.000000,8.676375,7.184006,0.029745,15.890126,0.000000,0.000000,16.106581,0.065260,8.211728,7.208955,0.000000,15.484489
1393,0,0.000000,16.067197,7.236496,0.031340,19.765975,0.000000,0.000000,23.871214,0.140318,15.907884,7.124618,0.000000,20.024191
1394,0,0.000000,8.168328,7.620309,0.007172,15.793340,0.000000,0.000000,16.064767,0.059302,7.823319,7.641590,0.000000,15.509483
1395,0,0.000000,16.060823,6.260787,0.019537,22.329149,0.000000,0.000000,23.992002,0.076007,15.991373,4.095860,0.000000,20.126444
1396,0,0.000000,8.474743,7.312831,0.023332,15.793521,0.000000,0.000000,17.151813,1.197389,4.383735,3.974132,0.000000,9.505144
1397,0,0.000000,16.161410,7.631672,0.024046,23.813395,0.000000,0.000000,23.981195,0.051094,14.603924,7.589235,0.000000,18.650327
1398,0,0.000000,12.192246,7.122946,0.020955,19.313510,0.000000,0.000000,24.027293,0.049540,8.461774,7.089361,0.000000,10.500924
1399,0,0.000000,8.260888,7.551919,0.015113,15.827694,0.000000,0.000000,15.989599,0.043781,7.937394,7.569800,0.000000,15.545166
1400,0,0.000000,16.142034,7.581695,0.018554,23.739424,0.000000,0.000000,23.937402,0.042052,15.792979,4.014557,0.000000,19.841276
1401,0,0.000000,8.227443,7.613260,0.019074,15.819652,0.000000,0.000000,16.006891,0.058614,0.273956,0.050137,0.000000,0.372049
1402,0,0.000000,16.136670,5.957373,0.008848,22.020191,0.000000,0.000000,35.922166,0.038698,8.509455,11.971735,0.000000,12.089401
1403,0,0.000000,8.224932,7.606383,0.003203,15.828428,0.000000,0.000000,16.078681,0.059085,7.736710,7.595805,0.000000,15.387516
1404,0,0.000000,15.864921,3.843815,0.021354,19.693421,0.000000,0.000000,19.975871,0.128989,15.525877,3.857696,0.000000,19.507705
1405,0,0.000000,12.078780,11.514664,0.011945,23.582363,0.000000,0.000000,23.926517,0.057912,11.670893,11.431083,0.000000,19.733088
1406,0,0.000000,12.077520,7.665013,0.008389,19.746467,0.000000,0.000000,20.042171,0.035044,11.874972,7.647792,0.000000,15.891874
1407,0,0.000000,8.244287,19.477024,0.014613,27.540506,0.000000,0.000000,27.922893,0.041760,7.985964,4.043719,0.000000,8.072580
1408,0,0.000000,11.649273,6.463043,0.014654,18.093424,0.000000,0.000000,19.554836,3.607165,11.636558,6.431379,0.000000,15.653338
1409,0,0.000000,14.988541,7.962740,0.020855,22.972134,0.000000,0.000000,27.941389,0.064443,14.565286,4.030390,0.000000,15.746718
1410,0,0.000000,8.151845,7.668218,0.013916,15.832967,0.000000,0.000000,16.022396,0.039034,3.963990,4.072766,0.000000,8.048033
1411,0,0.000000,16.127152,7.654909,0.003542,23.722912,0.000000,0.000000,23.957261,0.041665,12.031508,3.986581,0.000000,16.053830
1412,0,0.000000,16.029196,7.750879,0.014780,23.774991,0.000000,0.000000,23.961388,0.033651,13.361676,7.714773,0.000000,21.104198
1413,0,0.000000,8.146040,7.734845,0.002956,15.870930,0.000000,0.000000,16.004345,0.036874,7.743786,7.715210,0.000000,15.490272
1414,0,0.000000,16.208051,7.546774,0.006596,23.675683,0.000000,0.000000,23.954246,0.046398,15.873138,7.574426,0.000000,19.523251
1415,0,0.000000,8.235862,7.675442,0.016817,15.921930,0.000000,0.000000,16.052719,0.040671,7.904920,7.679273,0.000000,15.618520
1416,0,0.000000,16.106060,9.526167,0.013917,17.706798,0.000000,0.000000,27.912963,0.045003,15.834738,5.511527,0.000000,15.878888
1417,0,0.000000,8.129822,7.728680,0.011180,15.854933,0.000000,0.000000,16.035919,0.072110,7.562307,7.702599,0.000000,15.334846
1418,0,0.000000,16.296744,8.079813,0.024115,23.812188,0.000000,0.000000,24.580454,0.034934,16.004343,4.627496,0.000000,16.144514
1419,0,0.000000,11.382603,7.940248,0.020047,15.379827,0.000000,0.000000,23.445716,0.098731,7.889273,4.072758,0.000000,11.979524
1420,0,0.000000,8.002829,7.768223,0.013141,15.781814,0.000000,0.000000,15.948005,0.069017,4.828476,4.017902,0.000000,8.913455
1421,0,0.000000,16.158061,7.619559,0.014706,23.772551,0.000000,0.000000,23.955626,0.042208,15.604478,4.003667,0.000000,19.632609
1422,0,0.000000,8.183568,7.714944,0.014162,15.861135,0.000000,0.000000,16.045370,0.048094,0.151350,0.073804,0.000000,0.260710
1423,0,0.000000,16.046748,18.620580,0.014466,34.675087,0.000000,0.000000,43.065245,0.038576,4.051977,23.116681,0.000000,27.133930
1424,0,0.000000,34.612593,13.618035,0.030238,34.641050,0.000000,0.000000,47.868490,1.056552,26.726436,5.651360,0.000000,26.833306
1425,0,0.000000,15.769019,7.480498,0.015976,23.248698,0.000000,0.000000,31.660624,8.089248,15.610393,3.439424,0.000000,16.350415
1426,0,0.000000,12.025514,7.867056,0.013698,16.033365,0.000000,0.000000,23.941199,0.041592,7.906939,0.020747,0.000000,7.963686
1427,0,0.000000,8.181718,7.680847,0.012007,15.874570,0.000000,0.000000,16.024914,0.044221,0.206405,0.042079,0.000000,0.290205
1428,0,0.000000,16.223513,7.531890,0.016161,23.762730,0.000000,0.000000,23.989105,0.034572,4.222417,4.025812,0.000000,8.282203
1429,0,0.000000,12.065754,7.582568,0.025671,15.739957,0.000000,0.000000,23.995692,0.045893,8.129765,4.007653,0.000000,9.340401
1430,0,0.000000,8.188338,12.853000,0.018339,17.538801,0.000000,0.000000,31.961167,0.043438,10.798508,12.852293,0.000000,18.827618
1431,0,0.000000,7.740999,15.459076,0.021557,22.977484,0.000000,0.000000,26.473785,0.058540,7.427039,18.551314,0.000000,26.035077
1432,0,0.000000,8.916770,9.231804,0.010183,14.064907,0.000000,0.000000,25.391285,0.315374,9.346058,9.229229,0.000000,14.970993
1433,0,0.000000,7.360608,7.633588,0.005883,14.942609,0.000000,0.000000,16.088994,0.937241,6.944727,7.621639,0.000000,15.491691
1434,0,0.000000,15.914949,7.842458,0.066895,23.778933,0.000000,0.000000,23.999208,0.038452,15.597182,5.440452,0.000000,20.015084
1435,0,0.000000,8.133021,7.523449,0.012772,15.665733,0.000000,0.000000,15.939932,0.059334,7.825009,7.521550,0.000000,15.398208
1436,0,0.000000,16.026193,7.733873,0.019336,23.776798,0.000000,0.000000,23.976809,0.045876,15.660834,7.293756,0.000000,23.000466
1437,0,0.000000,7.939485,7.712295,0.009275,15.660459,0.000000,0.000000,23.938069,0.261558,7.342083,11.631127,0.000000,19.234768
1438,0,0.000000,8.362964,7.480120,0.014124,15.857208,0.000000,0.000000,16.039632,0.067939,4.231773,4.229639,0.000000,8.292867
1439,0,0.000000,18.124505,7.514852,0.028167,23.587691,0.000000,0.000000,33.381698,0.044822,13.653758,9.383665,0.000000,19.982757
1440,0,0.000000,8.105932,7.774190,0.011906,15.868381,0.000000,0.000000,16.041781,0.119749,7.715025,7.774632,0.000000,15.573985
1441,0,0.000000,15.901124,7.748630,0.016823,23.654439,0.000000,0.000000,23.812665,0.087307,15.295633,7.725818,0.000000,19.335569
1442,0,0.000000,8.391262,7.842717,0.024984,12.312341,0.000000,0.000000,23.980122,0.047175,11.675698,7.811638,0.000000,15.470862
1443,0,0.000000,8.277334,7.917252,0.021712,16.035737,0.000000,0.000000,24.020057,0.112727,11.570835,7.901383,0.000000,11.949104
1444,0,0.000000,8.133485,7.618502,0.006845,15.727848,0.000000,0.000000,15.938538,0.076581,7.815941,7.592004,0.000000,15.444875
1445,0,0.000000,16.048323,7.746467,0.012914,23.796615,0.000000,0.000000,23.946058,0.056375,15.655609,7.720487,0.000000,19.692797
1446,0,0.000000,8.433327,7.358982,0.013464,15.791718,0.000000,0.000000,16.026199,0.048796,8.060443,7.340386,0.000000,15.447959
1447,0,0.000000,16.163414,7.644894,0.016883,23.825191,0.000000,0.000000,23.997951,0.069302,15.837582,7.654140,0.000000,19.669499
1448,0,0.000000,8.084132,7.759242,0.015627,15.839537,0.000000,0.000000,16.006154,0.041704,7.681180,7.757280,0.000000,15.474843
1449,0,0.000000,16.069019,7.651481,0.016060,23.736560,0.000000,0.000000,23.972697,0.042339,12.448931,7.664542,0.000000,19.491906
1450,0,0.000000,8.094992,7.611447,0.007387,15.703302,0.000000,0.000000,15.979570,0.068476,7.859604,7.605540,0.000000,15.494799
1451,0,0.000000,14.645334,5.163897,0.013525,14.705177,0.000000,0.000000,27.994333,0.053814,14.314121,13.121967,0.000000,23.512229
1452,0,0.000000,12.484519,14.038031,0.025750,18.900891,0.000000,0.000000,31.372964,0.077958,13.369075,6.602018,0.000000,14.820337
1453,0,0.000000,10.748892,13.435988,0.015195,17.824321,0.000000,0.000000,32.041779,0.059459,13.844295,13.425656,0.000000,21.598327
1454,0,0.000000,8.298665,11.500278,0.041702,19.572768,0.000000,0.000000,24.067959,0.055311,0.277336,8.073996,0.000000,8.269443
1455,0,0.000000,8.655957,8.242483,0.021910,16.920350,0.000000,0.000000,28.049390,4.177405,15.471111,4.354820,0.000000,23.714795
1456,0,0.000000,7.867797,11.511478,0.069590,19.207545,0.000000,0.000000,23.616180,0.115449,0.246889,7.993170,0.000000,8.221683
1457,0,0.000000,11.960920,7.935076,0.015806,15.947266,0.000000,0.000000,23.924146,0.176624,7.813482,4.033348,0.000000,11.944228
1458,0,0.000000,11.955095,7.862841,0.010871,15.890143,0.000000,0.000000,27.945812,0.103874,7.975648,7.979600,0.000000,15.658168
1459,0,0.000000,13.769492,7.765583,0.017694,21.535248,0.000000,0.000000,31.983830,3.561597,14.027352,12.889626,0.000000,22.030848
1460,0,0.000000,12.262644,7.888576,0.016443,19.645458,0.000000,0.000000,23.968381,0.053236,12.058702,3.912011,0.000000,12.123960
1461,0,0.000000,8.234908,7.645501,0.013250,15.879583,0.000000,0.000000,16.038350,0.041112,7.875315,7.644814,0.000000,15.555525
1462,0,0.000000,16.134390,7.773753,0.014255,23.910214,0.000000,0.000000,24.131861,0.053048,15.919581,3.991178,0.000000,19.957062
1463,0,0.000000,8.535387,7.172919,0.016594,15.710433,0.000000,0.000000,15.867551,0.041264,4.475604,4.033234,0.000000,8.543842
1464,0,0.000000,15.999279,7.748156,0.017893,23.748620,0.000000,0.000000,23.949697,0.115566,11.805413,7.731627,0.000000,15.883211
1465,0,0.000000,8.092151,7.710466,0.010230,15.808514,0.000000,0.000000,16.003651,0.085157,7.876802,7.688256,0.000000,15.619188
1466,0,0.000000,16.200550,7.602087,0.008975,23.803215,0.000000,0.000000,23.951761,0.038162,15.788337,7.572101,0.000000,16.018910
1467,0,0.000000,8.194883,6.285405,0.027668,10.604965,0.000000,0.000000,24.061634,0.038933,13.689475,6.105334,0.000000,15.462196
1468,0,0.000000,15.993792,7.788472,0.016588,23.798852,0.000000,0.000000,23.974321,0.048818,7.998541,7.798096,0.000000,15.695700
1469,0,0.000000,8.220796,7.628627,0.010987,15.851760,0.000000,0.000000,15.990951,0.047170,7.782883,7.623568,0.000000,15.447341
1470,0,0.000000,12.635310,7.854932,0.014513,20.493783,0.000000,0.000000,23.948266,0.046247,15.572870,7.812370,0.000000,19.584312
1471,0,0.000000,8.271509,7.661050,0.017582,15.907630,0.000000,0.000000,16.217320,0.042076,7.834155,7.775523,0.000000,15.651754
1472,0,0.000000,17.106231,9.560636,0.024353,22.669936,0.000000,0.000000,31.719204,0.462150,16.710360,13.462920,0.000000,25.188511
1473,0,0.000000,7.238465,7.581064,0.013578,14.811240,0.000000,0.000000,15.016413,0.051243,0.189304,0.038705,0.000000,0.276031
1474,0,0.000000,16.068774,7.681306,0.019260,23.769340,0.000000,0.000000,23.968469,0.043306,4.064880,4.026642,0.000000,8.118840
1475,0,0.000000,8.163292,11.647018,0.012761,19.813859,0.000000,0.000000,23.960252,0.039950,4.091357,11.987263,0.000000,16.117592
1476,0,0.000000,8.437154,7.421098,0.018182,15.858951,0.000000,0.000000,16.017526,0.049199,8.070865,7.370286,0.000000,15.489128
1477,0,0.000000,16.162990,12.106699,0.020408,20.281180,0.000000,0.000000,33.371774,0.041964,15.917792,12.033493,0.000000,21.384720
1478,0,0.000000,6.656228,7.759082,0.019024,14.418046,0.000000,0.000000,14.604106,0.052092,6.315236,7.751784,0.000000,14.100541
1479,0,0.000000,16.140846,7.616605,0.005248,23.761643,0.000000,0.000000,23.951482,0.052485,15.816802,7.557431,0.000000,19.848095
1480,0,0.000000,8.191196,7.635708,0.015924,15.806993,0.000000,0.000000,16.036383,0.117208,7.824074,7.631285,0.000000,15.497394
1481,0,0.000000,16.144656,7.624280,0.019790,23.788726,0.000000,0.000000,23.971864,0.044003,15.894464,7.592851,0.000000,15.965794
1482,0,0.000000,12.153145,5.736960,0.011212,13.900288,0.000000,0.000000,23.982872,0.047547,11.810399,4.008246,0.000000,14.082905
1483,0,0.000000,12.124712,7.493569,0.029759,15.653430,0.000000,0.000000,28.020798,0.038298,11.873751,7.415145,0.000000,15.911991
1484,0,0.000000,8.055712,7.705514,0.006167,15.748782,0.000000,0.000000,15.980587,0.067516,7.622486,7.701395,0.000000,15.389333
1485,0,0.000000,16.179088,7.638061,0.020263,23.810553,0.000000,0.000000,23.963081,0.039764,15.841851,7.597912,0.000000,15.895131
1486,0,0.000000,8.160030,7.641261,0.003097,15.803861,0.000000,0.000000,15.991874,0.046272,7.821156,7.598994,0.000000,15.465080
1487,0,0.000000,16.133774,7.714592,0.008596,23.850871,0.000000,0.000000,24.002093,0.035455,15.861601,4.037452,0.000000,19.907833
1488,0,0.000000,8.127539,7.756760,0.005328,15.886823,0.000000,0.000000,16.002788,0.043937,3.975242,4.018991,0.000000,8.036796
1489,0,0.000000,16.009244,7.617651,0.014479,23.628591,0.000000,0.000000,23.763150,0.088200,11.845062,3.996353,0.000000,15.846797
1490,0,0.000000,8.167298,7.830762,0.008092,15.909886,0.000000,0.000000,16.124494,0.034342,3.914969,3.996639,0.000000,7.945145
1491,0,0.000000,16.220105,12.866478,0.016273,29.089525,0.000000,0.000000,36.958425,0.054085,12.155663,7.978566,0.000000,20.168272
1492,0,0.000000,6.993455,7.804795,0.005100,14.801312,0.000000,0.000000,14.919458,0.034740,6.637860,7.788146,0.000000,14.460000
1493,0,0.000000,16.075763,7.762842,0.020550,23.834465,0.000000,0.000000,23.987801,0.036958,15.681941,4.012020,0.000000,15.759947
1494,0,0.000000,8.166734,7.672409,0.007286,15.829958,0.000000,0.000000,16.006666,0.036244,3.993131,4.025055,0.000000,8.051238
1495,0,0.000000,20.065907,7.870537,0.016195,24.045500,0.000000,0.000000,31.955509,0.041327,18.061081,7.859223,0.000000,22.085757
1496,0,0.000000,8.139324,7.737132,0.009266,15.885722,0.000000,0.000000,16.020260,0.053537,7.663620,7.723094,0.000000,15.440251
1497,0,0.000000,16.162808,7.559144,0.003924,23.724221,0.000000,0.000000,23.934067,0.041957,15.797314,7.536370,0.000000,15.851355
1498,0,0.000000,8.207030,7.678343,0.008245,15.889118,0.000000,0.000000,16.075529,0.041534,4.002686,4.054481,0.000000,8.097328
1499,0,0.000000,16.067788,7.673302,0.024091,23.745116,0.000000,0.000000,23.965076,0.070019,11.876545,4.044034,0.000000,15.977142
1500,0,0.000000,15.868794,12.541359,0.054642,28.431190,0.000000,0.000000,31.944642,0.049456,11.731389,11.974484,0.000000,20.486656
1501,0,0.000000,8.212442,13.683490,0.029436,14.513551,0.000000,0.000000,27.966029,0.061689,9.982600,15.985052,0.000000,22.616412
1502,0,0.000000,11.568083,7.879091,0.021468,19.451923,0.000000,0.000000,23.451112,0.064637,14.914121,7.876288,0.000000,18.977370
1503,0,0.000000,12.161312,12.783302,0.022812,15.155868,0.000000,0.000000,35.951786,0.037980,15.558239,2.975926,0.000000,15.615367
1504,0,0.000000,13.503636,7.893031,0.018917,16.048562,0.000000,0.000000,28.075915,5.843461,16.799836,11.876789,0.000000,18.859058
1505,0,0.000000,13.679045,7.573393,0.024334,21.261433,0.000000,0.000000,21.512327,0.069848,11.992003,4.049892,0.000000,12.133602
1506,0,0.000000,13.296225,7.885854,0.017128,16.064263,0.000000,0.000000,23.940819,0.047791,9.189694,7.859086,0.000000,13.243269
1507,0,0.000000,8.271280,7.638584,0.018875,15.926155,0.000000,0.000000,16.082756,0.048720,7.718473,7.577868,0.000000,15.345061
1508,0,0.000000,16.339618,7.250612,0.023109,23.529252,0.000000,0.000000,23.941880,0.076498,15.901888,7.163965,0.000000,16.024146
1509,0,0.000000,12.822341,6.727706,0.026129,15.515827,0.000000,0.000000,23.972293,0.072597,15.355403,6.708092,0.000000,15.443004
1510,0,0.000000,16.112862,7.650691,0.022354,23.728678,0.000000,0.000000,23.971299,0.044425,15.785541,7.663763,0.000000,19.586110
1511,0,0.000000,8.253643,7.469930,0.018050,15.731789,0.000000,0.000000,16.030564,0.046158,8.000552,7.492799,0.000000,15.534274
1512,0,0.000000,14.749296,12.529720,0.020749,17.105815,0.000000,0.000000,27.413265,0.056835,14.412017,11.180426,0.000000,16.299914
1513,0,0.000000,12.571698,7.703435,0.028407,20.286558,0.000000,0.000000,21.843254,0.167518,12.417143,5.350575,0.000000,16.133535
1514,0,0.000000,14.387342,5.893782,0.024259,15.877018,0.000000,0.000000,30.298318,0.390683,13.808161,12.240615,0.000000,18.247996
1515,0,0.000000,14.455760,7.394227,0.681683,21.869120,0.000000,0.000000,22.432267,0.205244,14.358517,7.417735,0.000000,19.436733
1516,0,0.000000,16.195204,7.669163,0.030896,23.870077,0.000000,0.000000,24.141053,0.054174,10.096790,4.177327,0.000000,14.317132
1517,0,0.000000,8.027941,7.613604,0.015413,15.630406,0.000000,0.000000,15.850278,0.181167,0.967177,0.080172,0.000000,1.090004
1518,0,0.000000,16.211212,7.470059,0.021597,23.702795,0.000000,0.000000,23.951599,0.044767,8.093170,3.985157,0.000000,8.286843
1519,0,0.000000,8.245791,7.610043,0.012200,15.867465,0.000000,0.000000,16.017635,0.040443,0.252479,0.035743,0.000000,0.314202
1520,0,0.000000,16.068360,7.687649,0.024071,23.780080,0.000000,0.000000,23.961378,0.049551,15.698131,3.945891,0.000000,15.765636
1521,0,0.000000,8.157711,7.585097,0.016145,15.666694,0.000000,0.000000,15.939330,0.048666,0.242192,5.745322,0.000000,5.822651
1522,0,0.000000,16.419889,12.735997,0.028282,29.162746,0.000000,0.000000,35.944410,0.047837,15.625346,12.674610,0.000000,23.604806
1523,0,0.000000,12.075586,8.710864,0.010809,20.789683,0.000000,0.000000,31.932534,0.056699,7.949477,12.648755,0.000000,12.918231
1524,0,0.000000,12.061341,7.858133,0.017222,15.969005,0.000000,0.000000,24.016575,0.048903,7.916925,7.817205,0.000000,11.916444
1525,0,0.000000,8.120721,7.771853,0.016114,15.908688,0.000000,0.000000,16.060837,0.055637,7.716594,7.783285,0.000000,15.552776
1526,0,0.000000,14.460003,8.527776,0.007046,17.219749,0.000000,0.000000,23.164216,0.054229,14.097385,8.484133,0.000000,18.793926
1527,0,0.000000,16.777611,7.697660,0.004853,24.477128,0.000000,0.000000,24.652372,0.055541,16.454277,3.689759,0.000000,16.521319
1528,0,0.000000,12.038492,7.812448,0.008010,19.853538,0.000000,0.000000,19.995965,0.057382,11.749354,7.768561,0.000000,15.567838
1529,0,0.000000,7.669283,11.662934,0.016061,19.246903,0.000000,0.000000,19.492204,0.050046,7.432461,7.791554,0.000000,15.273711
1530,0,0.000000,9.559704,7.614806,0.007224,15.836776,0.000000,0.000000,20.055097,4.026555,9.289467,7.595144,0.000000,16.059334
1531,0,0.000000,16.083033,7.090055,0.011232,23.136207,0.000000,0.000000,23.959824,0.034254,16.453795,7.084823,0.000000,16.502281
1532,0,0.000000,8.142393,7.712245,0.010540,15.855938,0.000000,0.000000,16.018442,0.034569,7.824953,7.693255,0.000000,15.544705
1533,0,0.000000,16.206900,7.637229,0.013653,23.856163,0.000000,0.000000,23.976814,0.027035,15.713544,5.925215,0.000000,19.757509
1534,0,0.000000,12.086075,4.754602,0.032896,12.846820,0.000000,0.000000,31.998240,0.040860,8.570976,12.695797,0.000000,21.299540
1535,0,0.000000,8.314648,15.368354,0.012736,23.319041,0.000000,0.000000,24.061460,0.143727,7.576006,15.447328,0.000000,23.080992
1536,0,0.000000,7.963356,7.752493,0.012766,15.718295,0.000000,0.000000,15.930449,0.069856,7.617721,7.746930,0.000000,15.426411
1537,0,0.000000,16.087362,7.232813,0.002425,16.127588,0.000000,0.000000,23.870132,0.043698,15.935561,7.209210,0.000000,19.674497
1538,0,0.000000,12.331882,7.928719,0.015816,16.301454,0.000000,0.000000,24.010567,0.039082,11.931597,0.040298,0.000000,11.991655
1539,0,0.000000,8.147011,7.746162,0.008553,15.893451,0.000000,0.000000,16.018899,0.038739,3.792659,3.996577,0.000000,7.824687
1540,0,0.000000,16.017227,7.809006,0.009979,23.810425,0.000000,0.000000,23.944112,0.032674,11.678513,0.045584,0.000000,11.715533
1541,0,0.000000,8.094257,7.844458,0.008686,15.940492,0.000000,0.000000,23.984799,7.990616,13.042054,7.780756,0.000000,16.840890
1542,0,0.000000,16.120336,8.504650,0.017457,22.390253,0.000000,0.000000,26.234381,0.039781,17.265123,8.505580,0.000000,17.311711
1543,0,0.000000,13.919095,7.668686,0.006490,21.590218,0.000000,0.000000,25.706040,0.044985,12.094568,7.972284,0.000000,16.208320
1544,0,0.000000,8.180438,11.711970,0.011380,19.897743,0.000000,0.000000,20.909622,0.906906,8.674558,7.731455,0.000000,16.434229
1545,0,0.000000,8.155241,7.713869,0.007995,15.860690,0.000000,0.000000,16.043293,0.054793,7.744635,7.681786,0.000000,15.477802
1546,0,0.000000,16.182766,7.609470,0.007905,23.732568,0.000000,0.000000,30.924659,0.039485,15.507677,11.654367,0.000000,23.551707
1547,0,0.000000,13.785660,3.150250,0.007194,13.822276,0.000000,0.000000,21.015392,0.062458,13.392253,7.063469,0.000000,16.578523
1548,0,0.000000,8.117000,11.716049,0.002035,19.743324,0.000000,0.000000,19.985875,0.048555,7.803808,11.711073,0.000000,19.563165
1549,0,0.000000,8.157548,7.945860,0.003421,16.025224,0.000000,0.000000,23.982304,0.037775,7.885803,3.987685,0.000000,11.668634
1550,0,0.000000,8.086102,7.814928,0.002212,15.878830,0.000000,0.000000,16.020823,0.043594,4.035391,4.024527,0.000000,8.097235
1551,0,0.000000,16.107737,7.741035,0.013202,23.861974,0.000000,0.000000,27.958986,0.023670,12.026335,7.967668,0.000000,20.016310
1552,0,0.000000,12.298555,7.707050,0.006152,20.001365,0.000000,0.000000,23.500584,1.083668,11.980059,10.002053,0.000000,14.381785
1553,0,0.000000,13.700620,7.657671,0.002728,21.344491,0.000000,0.000000,21.477584,0.043897,8.206389,0.027632,0.000000,8.273310
1554,0,0.000000,16.106017,7.765412,0.012465,23.870685,0.000000,0.000000,24.005062,0.025716,8.119678,0.034959,0.000000,8.175758
1555,0,0.000000,8.114231,7.791667,0.002266,15.893436,0.000000,0.000000,16.010356,0.032936,0.166165,0.033116,0.000000,0.230072
1556,0,0.000000,24.276347,7.454837,0.010043,24.326478,0.000000,0.000000,31.977005,0.026871,8.395909,7.444381,0.000000,15.837071
1557,0,0.000000,8.222433,7.663568,0.007870,15.867039,0.000000,0.000000,16.028278,0.058706,7.931305,7.670975,0.000000,15.582253
1558,0,0.000000,16.074635,7.701956,0.015339,23.772408,0.000000,0.000000,23.972197,0.034747,15.812548,7.697063,0.000000,19.839685
1559,0,0.000000,8.088959,7.789204,0.011909,15.885434,0.000000,0.000000,16.010573,0.040031,7.799777,7.780250,0.000000,15.612452
1560,0,0.000000,14.073077,5.753051,0.002369,17.861458,0.000000,0.000000,19.952383,0.046435,13.824078,5.713549,0.000000,13.878874
1561,0,0.000000,12.067772,7.928649,0.009220,16.078664,0.000000,0.000000,23.990899,0.022833,11.781688,7.930152,0.000000,15.804109
1562,0,0.000000,8.037496,7.849241,0.003337,15.886570,0.000000,0.000000,16.026867,0.044869,7.702237,7.856234,0.000000,15.601201
1563,0,0.000000,15.993401,7.826976,0.007919,23.818959,0.000000,0.000000,23.931826,0.027736,14.395373,7.757095,0.000000,15.818952
1564,0,0.000000,8.158489,7.706098,0.005604,15.867131,0.000000,0.000000,15.993040,0.045478,7.793597,7.667745,0.000000,15.506820
1565,0,0.000000,16.099540,7.739217,0.011507,23.850264,0.000000,0.000000,23.990792,0.060487,15.718992,7.712751,0.000000,19.746712
1566,0,0.000000,8.204268,7.647185,0.005270,15.846220,0.000000,0.000000,16.024349,0.034017,7.892720,7.610642,0.000000,15.535670
1567,0,0.000000,16.079233,7.758734,0.005941,23.841323,0.000000,0.000000,23.948691,0.031222,15.636466,7.632308,0.000000,19.631109
1568,0,0.000000,8.185232,7.690152,0.002101,15.821044,0.000000,0.000000,16.016861,0.045424,7.828304,7.639349,0.000000,11.874121
1569,0,0.000000,16.109505,7.634707,0.011506,23.747567,0.000000,0.000000,23.883037,0.032010,15.875018,0.024408,0.000000,15.914098
1570,0,0.000000,8.154213,7.748616,0.007842,15.890633,0.000000,0.000000,16.018889,0.039420,3.940891,4.006331,0.000000,7.986642
1571,0,0.000000,16.040779,7.827799,0.003809,23.871641,0.000000,0.000000,23.953952,0.030439,11.878693,0.036897,0.000000,11.924938
1572,0,0.000000,8.155584,7.774313,0.009451,15.924799,0.000000,0.000000,16.031514,0.035070,3.956438,3.992838,0.000000,7.984346
1573,0,0.000000,16.011732,7.861161,0.002132,23.874432,0.000000,0.000000,23.930005,0.029505,11.908505,0.027664,0.000000,11.939068
1574,0,0.000000,8.151887,7.772916,0.014883,15.147577,0.000000,0.000000,20.042037,4.785843,7.904440,7.742335,0.000000,15.674475
1575,0,0.000000,16.042985,13.661815,0.014332,21.789071,0.000000,0.000000,31.968737,0.029796,15.808926,8.484434,0.000000,18.606000
1576,0,0.000000,8.163390,7.689024,0.014283,15.845877,0.000000,0.000000,16.024128,0.046014,7.721606,7.682341,0.000000,15.448942
1577,0,0.000000,16.078145,7.778934,0.003210,23.830631,0.000000,0.000000,23.974860,0.035551,15.792214,7.745904,0.000000,19.845717
1578,0,0.000000,16.025997,7.777719,0.008109,23.805080,0.000000,0.000000,23.952231,0.038209,15.785043,7.736621,0.000000,19.776216
1579,0,0.000000,12.258886,7.744501,0.010550,20.013937,0.000000,0.000000,20.135174,0.032908,12.009317,3.623638,0.000000,12.060454
1580,0,0.000000,11.947087,7.732564,0.012467,19.689641,0.000000,0.000000,19.827980,0.104795,11.675238,3.715903,0.000000,11.780807
1581,0,0.000000,8.273231,7.631876,0.009229,15.902932,0.000000,0.000000,16.055194,0.041398,7.911287,7.607812,0.000000,15.556664
1582,0,0.000000,14.082356,5.779354,0.002512,19.848514,0.000000,0.000000,19.987344,0.050589,13.708632,5.743398,0.000000,17.764282
1583,0,0.000000,12.944766,6.913705,0.010159,18.959804,0.000000,0.000000,23.931326,0.040981,12.595318,10.863501,0.000000,18.785699
1584,0,0.000000,10.905580,7.851204,0.003644,18.760428,0.000000,0.000000,23.954262,1.568672,14.314457,7.828225,0.000000,17.262593
1585,0,0.000000,8.247617,7.002882,0.013998,15.151591,0.000000,0.000000,19.956813,4.074041,11.985892,6.977488,0.000000,18.992534
1586,0,0.000000,16.076325,7.174812,0.014097,19.285472,0.000000,0.000000,23.974135,0.047290,15.875452,7.162625,0.000000,15.934090
1587,0,0.000000,8.216059,7.644001,0.008467,15.859593,0.000000,0.000000,15.983837,0.047905,7.760508,7.622222,0.000000,15.430635
1588,0,0.000000,16.257002,7.586850,0.014256,23.802128,0.000000,0.000000,24.037766,0.032316,15.951739,4.249163,0.000000,16.314559
1589,0,0.000000,8.106995,7.749108,0.013059,15.831972,0.000000,0.000000,16.055786,0.038583,4.079836,4.122154,0.000000,8.238705
1590,0,0.000000,16.093930,7.593011,0.003297,23.584848,0.000000,0.000000,23.874927,0.068481,12.146716,7.543045,0.000000,16.214840
1591,0,0.000000,12.100592,7.890806,0.006500,16.047999,0.000000,0.000000,23.985597,0.042426,11.875057,4.000521,0.000000,15.905748
1592,0,0.000000,12.054701,7.453510,0.009080,19.517291,0.000000,0.000000,23.977495,0.065968,11.835473,7.405000,0.000000,15.844159
1593,0,0.000000,8.116232,7.769075,0.015255,15.900562,0.000000,0.000000,16.065551,0.052712,7.621315,7.797594,0.000000,15.468888
1594,0,0.000000,16.167431,7.298144,0.011738,18.606767,0.000000,0.000000,23.901769,0.053611,15.866893,7.289429,0.000000,15.952595
1595,0,0.000000,15.652264,7.924004,0.012726,15.956391,0.000000,0.000000,23.991059,0.069728,15.237079,7.923386,0.000000,15.575125
1596,0,0.000000,8.155867,11.657725,0.011555,19.816383,0.000000,0.000000,19.956454,0.048762,7.773404,3.893961,0.000000,7.909495
1597,0,0.000000,12.089446,7.893073,0.018020,19.985738,0.000000,0.000000,24.034571,0.047192,11.689912,7.871215,0.000000,15.732793
1598,0,0.000000,8.217865,7.639641,0.011037,15.852580,0.000000,0.000000,16.014485,0.034790,7.885027,7.635152,0.000000,15.554835
1599,0,0.000000,13.007850,7.917119,0.010702,20.929984,0.000000,0.000000,23.954369,0.064079,15.693855,7.903273,0.000000,15.747407
1600,0,0.000000,12.091110,11.805643,0.018412,16.425797,0.000000,0.000000,27.980713,0.058294,15.030788,12.276540,0.000000,19.415394
1601,0,0.000000,8.117281,15.605170,0.009868,23.598685,0.000000,0.000000,23.917277,0.071651,7.803906,15.585634,0.000000,23.455446
1602,0,0.000000,8.167197,7.632766,0.010252,15.799657,0.000000,0.000000,16.003250,0.079322,7.832033,7.616809,0.000000,15.526260
1603,0,0.000000,24.163133,8.511420,0.023841,31.828611,0.000000,0.000000,32.832158,0.046291,19.952704,7.651451,0.000000,20.005466
1604,1,0.000000,15.202301,7.770427,0.016575,19.159811,0.000000,0.000000,23.114239,0.044945,11.915709,7.738751,0.000000,15.844958
1605,1,0.000000,13.177264,7.996943,0.013786,21.178983,0.000000,0.000000,24.023331,0.044895,12.845289,4.024598,0.000000,16.903528
1606,1,0.000000,11.945728,13.230752,0.012419,20.672591,0.000000,0.000000,32.730642,0.068407,7.898215,12.870739,0.000000,20.719432
1607,1,0.000000,11.247818,11.394966,0.026794,18.693862,0.000000,0.000000,35.101436,0.057307,12.360652,11.903336,0.000000,20.437483
1608,1,0.000000,8.653425,12.671831,0.018926,20.800024,0.000000,0.000000,39.984876,4.034128,15.659583,9.001706,0.000000,27.089655
1609,1,0.000000,8.151629,7.711970,0.012920,15.852924,0.000000,0.000000,16.037745,0.060565,7.429967,7.721992,0.000000,15.208840
1610,1,0.000000,16.156235,7.608768,0.002727,23.766690,0.000000,0.000000,23.926369,0.039581,15.816235,7.576447,0.000000,15.867527
1611,1,0.000000,8.169086,7.749045,0.002717,15.915264,0.000000,0.000000,16.015146,0.037200,7.801356,7.706342,0.000000,15.544898
1612,1,0.000000,16.188688,7.613380,0.007167,23.805733,0.000000,0.000000,23.974648,0.024849,15.734519,3.994059,0.000000,15.766612
1613,1,0.000000,8.156384,11.747805,0.010749,19.836702,0.000000,0.000000,23.995224,0.049793,7.869464,11.695844,0.000000,19.600069
1614,1,0.000000,8.147022,7.716957,0.010404,15.842127,0.000000,0.000000,16.021363,0.054619,7.883992,7.668611,0.000000,15.603200
