iteration,food_quantity,event_poll_ms,ants_advance_ms,evaporation_ms,update_ms,advance_total_ms,render_ms,blit_ms,iteration_total_ms,mpi_halo_exchange_ms,mpi_migration_ms,mpi_food_allreduce_ms,mpi_render_comm_ms,mpi_total_comm_ms
1,0,0.000000,15.647695,9.212942,0.002631,24.676350,0.000000,0.000000,43.464299,0.029373,19.677475,6.423717,0.000000,20.249716
2,0,0.000000,19.081206,11.692185,0.001903,20.799612,0.000000,0.000000,38.291449,1.525776,19.960095,14.768764,0.000000,31.391281
3,0,0.000000,8.992402,7.092304,0.002076,14.960105,0.000000,0.000000,16.182213,0.479324,6.271811,6.875757,0.000000,9.897624
4,0,0.000000,8.756940,6.964319,0.002358,10.206230,0.000000,0.000000,15.831951,0.046406,8.466707,6.925930,0.000000,12.496991
5,0,0.000000,7.971637,7.916256,0.002194,15.888914,0.000000,0.000000,15.980330,0.036665,7.769374,4.564758,0.000000,12.362431
6,0,0.000000,11.711698,4.291482,0.003227,12.354871,0.000000,0.000000,16.097781,0.115653,11.617790,4.259118,0.000000,11.658417
7,0,0.000000,11.962738,3.920489,0.001734,11.997472,0.000000,0.000000,16.009408,0.029603,11.900314,3.915294,0.000000,15.837185
8,0,0.000000,11.992648,7.894775,0.001874,19.877672,0.000000,0.000000,19.974525,0.028253,11.890691,7.878860,0.000000,15.925931
9,0,0.000000,9.535901,6.331309,0.002976,9.581068,0.000000,0.000000,15.980502,0.032899,9.314138,4.000267,0.000000,12.581039
10,0,0.000000,8.076378,7.796397,0.001667,15.747446,0.000000,0.000000,15.962338,0.024070,7.944331,3.769927,0.000000,11.734929
11,0,0.000000,12.015773,3.923553,0.002707,12.052785,0.000000,0.000000,16.017562,0.023060,11.871764,3.886686,0.000000,11.921381
12,0,0.000000,4.162877,3.693159,0.001941,4.199792,0.000000,0.000000,7.980743,0.028611,4.032428,3.665430,0.000000,4.069586
13,0,0.000000,4.156011,3.740739,0.003240,4.189470,0.000000,0.000000,7.994152,0.027906,3.988553,3.712837,0.000000,4.032290
14,0,0.000000,4.170481,4.253267,0.003548,4.432788,0.000000,0.000000,20.256882,0.019558,11.530291,8.269135,0.000000,11.920611
15,0,0.000000,8.143407,7.824381,0.002652,15.887756,0.000000,0.000000,16.051883,0.041622,7.989483,4.006429,0.000000,11.799015
16,0,0.000000,12.244702,7.876354,0.003798,20.123283,0.000000,0.000000,20.235253,0.029222,12.087085,7.862630,0.000000,16.410077
17,0,0.000000,8.739854,7.005842,0.002092,14.865679,0.000000,0.000000,15.849233,0.046418,8.580204,0.038875,0.000000,8.630239
18,0,0.000000,12.487859,6.836449,0.003545,12.523121,0.000000,0.000000,19.940818,0.040190,12.852841,6.814263,0.000000,16.345219
19,0,0.000000,8.071280,7.784640,0.003626,15.848950,0.000000,0.000000,16.002179,0.039117,7.933361,7.746321,0.000000,15.695084
20,0,0.000000,11.412229,4.496141,0.002869,11.452199,0.000000,0.000000,16.002766,0.042743,11.266515,4.411579,0.000000,11.314393
21,0,0.000000,11.998553,7.849924,0.003564,12.031876,0.000000,0.000000,19.979982,0.032791,11.860998,7.837118,0.000000,15.747317
22,0,0.000000,8.029299,7.891606,0.003310,15.915843,0.000000,0.000000,16.005519,0.035158,7.861865,7.869602,0.000000,15.763455
23,0,0.000000,11.998172,3.910992,0.003325,12.036271,0.000000,0.000000,16.015235,0.027060,11.833874,3.905938,0.000000,15.738025
24,0,0.000000,7.955796,7.911414,0.001670,15.868613,0.000000,0.000000,15.952939,0.032521,7.771845,3.906221,0.000000,11.702461
25,0,0.000000,11.991843,7.852933,0.003393,19.846696,0.000000,0.000000,19.983896,0.038511,11.789108,3.828371,0.000000,11.843631
26,0,0.000000,12.022975,3.871662,0.001856,14.126812,0.000000,0.000000,15.988808,0.032329,7.995655,3.829701,0.000000,11.798147
27,0,0.000000,4.139624,3.928542,0.002563,8.066389,0.000000,0.000000,15.962879,0.027962,7.846150,7.875820,0.000000,15.740608
28,0,0.000000,4.211701,3.947776,0.002431,8.161908,0.000000,0.000000,15.993344,0.027125,7.854436,7.873958,0.000000,15.737223
29,0,0.000000,8.069253,7.865242,0.002061,15.935555,0.000000,0.000000,16.043331,0.027517,7.968874,7.842916,0.000000,15.835764
30,0,0.000000,8.695488,9.247553,0.002788,9.418306,0.000000,0.000000,23.088159,0.032936,8.557510,11.498764,0.000000,18.875100
31,0,0.000000,8.915895,7.835206,0.003513,8.951163,0.000000,0.000000,16.851902,0.039828,8.560453,7.807653,0.000000,15.815821
32,0,0.000000,8.074429,7.841850,0.002043,15.917090,0.000000,0.000000,16.019214,0.030381,7.981160,7.809224,0.000000,11.863286
33,0,0.000000,13.027310,2.798775,0.001718,13.061899,0.000000,0.000000,23.867253,0.026853,12.882029,7.963680,0.000000,20.872562
34,0,0.000000,4.140427,3.982553,0.002421,8.125148,0.000000,0.000000,15.990718,0.027628,7.864740,7.918507,0.000000,15.809615
35,0,0.000000,8.032783,7.909284,0.002279,11.964063,0.000000,0.000000,19.986188,0.030175,11.795754,7.888356,0.000000,15.838159
36,0,0.000000,8.044331,7.912790,0.001839,15.958025,0.000000,0.000000,16.085630,0.032254,7.908843,7.943773,0.000000,15.877914
37,0,0.000000,12.252524,3.598275,0.001860,12.287398,0.000000,0.000000,19.893390,0.020676,12.145775,7.534048,0.000000,13.609416
38,0,0.000000,4.192863,3.964724,0.003368,8.160955,0.000000,0.000000,15.978646,0.033563,7.776997,7.903592,0.000000,15.714152
39,0,0.000000,4.201640,3.961993,0.002598,8.150737,0.000000,0.000000,15.977446,0.037181,7.832953,7.889710,0.000000,15.757233
40,0,0.000000,4.142850,3.977749,0.003282,4.438826,0.000000,0.000000,19.995327,0.038752,7.824578,7.913446,0.000000,15.773980
41,0,0.000000,8.033742,9.551562,0.003503,17.588807,0.000000,0.000000,17.702656,0.040034,7.900798,9.540796,0.000000,17.383701
42,0,0.000000,6.476249,6.491656,0.002661,8.980800,0.000000,0.000000,22.827918,0.042279,9.202167,11.000960,0.000000,20.240050
43,0,0.000000,7.486557,7.834875,0.002030,15.310986,0.000000,0.000000,15.473668,0.045391,7.355956,7.837513,0.000000,15.230647
44,0,0.000000,12.850936,2.994519,0.002031,14.641444,0.000000,0.000000,19.915173,0.041947,12.641199,6.904110,0.000000,12.686876
45,0,0.000000,7.998868,7.929584,0.003304,15.931106,0.000000,0.000000,16.018048,0.036876,7.805255,7.883120,0.000000,15.723057
46,0,0.000000,11.997788,3.883046,0.002233,12.039080,0.000000,0.000000,16.008471,0.039625,11.743437,3.851669,0.000000,11.809576
47,0,0.000000,4.154985,3.696419,0.001851,4.198210,0.000000,0.000000,7.997980,0.037235,4.032227,3.674482,0.000000,4.085105
48,0,0.000000,4.181298,3.703770,0.002998,4.214142,0.000000,0.000000,7.988001,0.034962,4.039598,3.696867,0.000000,4.097258
49,0,0.000000,4.092819,3.694712,0.003899,4.136391,0.000000,0.000000,7.912713,0.031405,3.950549,3.680919,0.000000,4.002474
50,0,0.000000,4.124041,3.778097,0.004532,4.156272,0.000000,0.000000,8.029531,0.033820,3.962035,3.787981,0.000000,4.032943
51,0,0.000000,4.130792,3.720568,0.003110,4.180557,0.000000,0.000000,11.914268,0.031624,3.982330,7.671386,0.000000,7.726199
52,0,0.000000,4.138806,3.955306,0.003748,8.095494,0.000000,0.000000,15.978568,0.053071,7.728191,7.886409,0.000000,15.667671
53,0,0.000000,8.015506,7.918397,0.003665,15.937568,0.000000,0.000000,16.030347,0.035868,7.831710,7.886933,0.000000,15.753960
54,0,0.000000,9.002675,2.872335,0.002493,9.046424,0.000000,0.000000,11.987575,0.035440,8.768200,2.848571,0.000000,11.525710
55,0,0.000000,4.108560,3.777629,0.008449,4.138442,0.000000,0.000000,7.993993,0.033521,3.973998,3.774677,0.000000,4.024670
56,0,0.000000,7.952175,7.903714,0.002665,15.857019,0.000000,0.000000,15.965001,0.031564,7.877372,7.869345,0.000000,15.773451
57,0,0.000000,11.982478,4.315324,0.003549,12.014920,0.000000,0.000000,16.388238,0.037496,11.809667,3.919835,0.000000,11.847229
58,0,0.000000,3.840960,3.679072,0.002237,3.939827,0.000000,0.000000,7.897024,0.044932,3.693324,3.951923,0.000000,4.012077
59,0,0.000000,3.866142,3.737552,0.004021,4.015026,0.000000,0.000000,7.940246,0.029408,3.808380,3.938696,0.000000,3.998010
60,0,0.000000,3.933042,3.695652,0.002947,4.020393,0.000000,0.000000,7.981169,0.030611,3.873114,3.900535,0.000000,3.954997
61,0,0.000000,4.446111,3.203054,0.003857,4.499895,0.000000,0.000000,7.822794,0.030502,4.312889,3.246465,0.000000,4.427861
62,0,0.000000,7.957410,7.841723,0.003212,15.800285,0.000000,0.000000,16.337019,0.033141,7.885727,7.825617,0.000000,15.742983
63,0,0.000000,4.121691,6.694927,0.003556,6.985554,0.000000,0.000000,15.556752,3.582636,7.425757,6.656307,0.000000,15.238433
64,0,0.000000,9.007959,5.226056,0.002481,10.025793,0.000000,0.000000,21.693533,5.680987,14.494809,12.524973,0.000000,18.090460
65,0,0.000000,12.436510,7.796415,0.002202,20.224158,0.000000,0.000000,20.333519,0.036740,12.248408,7.757442,0.000000,19.981917
66,0,0.000000,12.020421,5.339518,0.002949,12.054323,0.000000,0.000000,19.992490,0.030111,14.391288,5.296975,0.000000,14.418585
67,0,0.000000,7.964685,7.891674,0.003121,15.859480,0.000000,0.000000,19.996801,4.081982,7.917932,7.829066,0.000000,15.573289
68,0,0.000000,12.053738,6.446342,0.005397,12.112181,0.000000,0.000000,23.694876,0.036920,11.880589,10.102900,0.000000,22.011330
69,0,0.000000,5.892203,6.244305,0.004026,6.521806,0.000000,0.000000,14.755976,0.050217,5.727875,8.702800,0.000000,12.012007
70,0,0.000000,9.480584,11.463718,0.002613,11.629028,0.000000,0.000000,23.747386,0.043543,12.052418,5.169777,0.000000,14.472845
71,0,0.000000,5.875983,5.707055,0.004252,7.694212,0.000000,0.000000,17.733382,0.047230,11.718873,5.685540,0.000000,15.774404
72,0,0.000000,8.066097,7.596376,0.002843,15.664013,0.000000,0.000000,15.999769,0.031947,8.073216,7.588317,0.000000,15.685989
73,0,0.000000,12.690359,3.198868,0.001917,12.738325,0.000000,0.000000,19.937903,0.033637,12.535771,7.114337,0.000000,12.575719
74,0,0.000000,4.194013,4.015936,0.002690,8.189056,0.000000,0.000000,15.991949,0.023055,7.770818,7.935107,0.000000,15.725125
75,0,0.000000,4.192846,6.783843,0.003108,6.961581,0.000000,0.000000,16.050311,0.033875,7.808886,2.734651,0.000000,7.825902
76,0,0.000000,8.338639,7.944025,0.003307,8.464091,0.000000,0.000000,20.312429,0.046621,8.195548,7.902746,0.000000,15.906935
77,0,0.000000,8.768587,7.134114,0.003171,15.905872,0.000000,0.000000,16.019578,0.033659,8.610806,7.126042,0.000000,15.006798
78,0,0.000000,12.007055,12.488759,0.002424,12.727492,0.000000,0.000000,27.933106,0.044866,11.281477,4.476697,0.000000,15.313976
79,0,0.000000,7.997352,7.912258,0.001918,15.901101,0.000000,0.000000,16.035876,0.066480,7.733752,7.888718,0.000000,15.674296
80,0,0.000000,12.735966,7.119008,0.001889,12.780468,0.000000,0.000000,19.943459,0.032231,12.557674,7.087735,0.000000,16.549113
81,0,0.000000,7.953932,7.911485,0.002725,15.866823,0.000000,0.000000,15.957323,0.023690,7.712556,7.890880,0.000000,15.625503
82,0,0.000000,13.072879,6.643584,0.003089,13.137943,0.000000,0.000000,22.531185,0.032174,9.228946,6.616065,0.000000,15.874113
83,0,0.000000,5.600414,4.887902,0.003212,10.311163,0.000000,0.000000,17.556675,0.040397,8.209376,8.134145,0.000000,15.049023
84,0,0.000000,4.706537,7.277067,0.003074,7.592781,0.000000,0.000000,16.517180,0.038163,8.826561,7.240843,0.000000,15.843110
85,0,0.000000,8.049794,7.860575,0.002941,15.891781,0.000000,0.000000,16.784464,0.045520,7.876443,7.843186,0.000000,15.749108
86,0,0.000000,11.211304,11.124153,0.003498,17.881691,0.000000,0.000000,24.362629,0.040081,12.244934,11.782702,0.000000,16.193560
87,0,0.000000,12.592583,10.726819,0.003039,12.640474,0.000000,0.000000,23.443800,0.040560,12.414033,10.704061,0.000000,19.426594
88,0,0.000000,7.435782,7.836863,0.001975,15.274620,0.000000,0.000000,15.387623,0.041740,7.240476,7.817030,0.000000,15.099246
89,0,0.000000,11.665934,4.223811,0.002000,11.694542,0.000000,0.000000,15.984358,0.021672,11.513399,4.201004,0.000000,15.692159
90,0,0.000000,8.064817,7.397315,0.003824,8.111153,0.000000,0.000000,15.988651,0.029693,8.344269,7.387028,0.000000,11.209080
91,0,0.000000,11.315891,7.317148,0.004136,18.634220,0.000000,0.000000,22.526727,1.261479,11.190398,9.827827,0.000000,19.542713
92,0,0.000000,5.575989,7.953873,0.003597,9.658821,0.000000,0.000000,18.074166,0.049103,9.150914,8.555310,0.000000,16.152478
93,0,0.000000,7.423440,7.828562,0.003191,15.248177,0.000000,0.000000,15.387603,0.041701,7.226743,7.817373,0.000000,15.084512
94,0,0.000000,14.938197,12.839314,0.005017,16.067467,0.000000,0.000000,27.952168,0.029311,11.845059,12.223334,0.000000,15.215608
95,0,0.000000,8.006836,7.874108,0.003765,15.884709,0.000000,0.000000,17.758510,0.052725,7.726796,9.590340,0.000000,17.362334
96,0,0.000000,11.953532,12.956658,0.005592,14.104314,0.000000,0.000000,25.313127,0.042295,11.793182,13.204712,0.000000,24.943044
97,0,0.000000,11.422311,5.194216,0.002093,11.464019,0.000000,0.000000,16.827457,0.119424,11.240938,5.180090,0.000000,15.763827
98,0,0.000000,15.997109,3.797652,0.001858,16.037962,0.000000,0.000000,23.902768,0.043576,15.847766,7.724532,0.000000,19.839633
99,0,0.000000,4.245932,3.959356,0.003564,8.199415,0.000000,0.000000,15.996467,0.038786,7.787733,7.888645,0.000000,15.694767
100,0,0.000000,4.199562,3.955840,0.003191,8.152388,0.000000,0.000000,15.970814,0.038629,7.803030,7.852274,0.000000,15.658476
101,0,0.000000,4.196329,3.981565,0.003540,8.172511,0.000000,0.000000,16.002431,0.081275,7.700181,7.915992,0.000000,15.648423
102,0,0.000000,8.010784,7.934237,0.003150,15.946513,0.000000,0.000000,16.051836,0.030893,7.851639,7.922635,0.000000,15.803804
103,0,0.000000,4.093382,3.937261,0.002552,8.031146,0.000000,0.000000,15.969668,0.056607,7.654253,7.931040,0.000000,15.638530
104,0,0.000000,4.140930,3.970746,0.003937,8.113241,0.000000,0.000000,15.932308,0.056904,7.634176,7.917437,0.000000,15.588477
105,0,0.000000,4.146367,3.959963,0.002765,8.108065,0.000000,0.000000,15.997742,0.046284,7.766473,7.929384,0.000000,15.737845
106,0,0.000000,7.936965,7.889684,0.002749,15.827488,0.000000,0.000000,15.971419,0.040862,7.787266,7.874940,0.000000,15.699810
107,0,0.000000,8.820988,3.041868,0.003896,8.860417,0.000000,0.000000,15.964488,0.037376,8.727116,6.989986,0.000000,15.751041
108,0,0.000000,7.997623,7.028797,0.002705,8.049030,0.000000,0.000000,19.981747,4.041989,8.506673,7.013267,0.000000,15.590409
109,0,0.000000,8.012495,7.857820,0.002327,15.871235,0.000000,0.000000,16.000910,0.041214,7.870975,7.836686,0.000000,15.729651
110,0,0.000000,11.721747,4.164725,0.002776,11.759001,0.000000,0.000000,16.007261,0.050477,9.446777,4.153601,0.000000,11.703504
111,0,0.000000,11.327241,4.516908,0.002483,11.366341,0.000000,0.000000,15.964060,0.042246,11.179489,0.494337,0.000000,11.234334
112,0,0.000000,8.031199,3.854031,0.003232,8.071938,0.000000,0.000000,12.009862,0.037122,7.948934,3.852583,0.000000,11.814222
113,0,0.000000,11.898922,7.885037,0.001808,19.785731,0.000000,0.000000,19.907464,0.042492,11.730097,3.860615,0.000000,11.798989
114,0,0.000000,10.407451,5.512567,0.003439,10.442948,0.000000,0.000000,16.117112,0.050862,10.260562,5.559877,0.000000,15.867618
115,0,0.000000,11.895241,7.818907,0.003710,15.730167,0.000000,0.000000,19.857760,0.036815,7.999583,7.824418,0.000000,15.837313
116,0,0.000000,8.075564,7.736954,0.002916,15.814798,0.000000,0.000000,16.011923,0.043216,7.957970,7.705472,0.000000,15.692389
117,0,0.000000,11.999471,3.793250,0.004318,12.063053,0.000000,0.000000,15.982500,0.057773,11.774253,3.758992,0.000000,11.843542
118,0,0.000000,4.320663,3.541748,0.002854,4.357354,0.000000,0.000000,7.993978,0.033423,4.033401,3.520066,0.000000,4.077953
119,0,0.000000,4.212244,3.654259,0.003883,4.254391,0.000000,0.000000,8.068847,0.033195,4.024551,3.645892,0.000000,4.118673
120,0,0.000000,4.047579,3.785837,0.002519,4.086706,0.000000,0.000000,8.085359,0.038935,4.001211,3.648038,0.000000,4.057363
121,0,0.000000,7.479845,3.858413,0.002561,8.509621,0.000000,0.000000,12.277687,0.393419,7.567701,4.036811,0.000000,11.880687
122,0,0.000000,3.706243,3.644391,0.002322,4.374971,0.000000,0.000000,7.489040,0.172430,3.016071,3.627528,0.000000,3.879873
123,0,0.000000,4.177633,3.676553,0.002248,4.229852,0.000000,0.000000,8.053875,0.044236,4.025994,3.716167,0.000000,4.118468
124,0,0.000000,4.171044,3.699522,0.004274,4.218030,0.000000,0.000000,7.973438,0.040776,3.966426,3.675530,0.000000,4.008365
125,0,0.000000,4.138593,3.671165,0.002497,4.176053,0.000000,0.000000,7.928369,0.034578,3.935933,3.662434,0.000000,3.980070
126,0,0.000000,7.881510,7.865302,0.002779,15.748116,0.000000,0.000000,15.967028,0.086279,7.765280,7.871494,0.000000,15.695771
127,0,0.000000,12.673528,3.143012,0.002163,12.710785,0.000000,0.000000,19.963502,0.044650,12.454513,7.109516,0.000000,12.498045
128,0,0.000000,4.121219,3.934917,0.003718,8.058053,0.000000,0.000000,15.958877,0.043261,7.596472,7.892821,0.000000,15.532554
129,0,0.000000,4.018475,7.890831,0.003750,11.875812,0.000000,0.000000,15.872155,0.039861,7.560176,7.887231,0.000000,15.475126
130,0,0.000000,7.963748,7.885178,0.002680,15.850782,0.000000,0.000000,16.043456,0.041993,7.846977,7.896856,0.000000,15.781657
131,0,0.000000,11.955043,3.874600,0.003016,11.993386,0.000000,0.000000,15.953383,0.054329,11.704431,3.817279,0.000000,11.800898
132,0,0.000000,4.136950,3.601948,0.002410,4.178101,0.000000,0.000000,7.983610,0.036925,4.118057,3.582593,0.000000,4.171111
133,0,0.000000,4.127288,3.761985,0.003010,4.168384,0.000000,0.000000,7.987097,0.036947,3.975575,3.737110,0.000000,4.035205
134,0,0.000000,4.133996,3.762209,0.003250,4.205693,0.000000,0.000000,7.995425,0.030435,3.951686,3.754042,0.000000,4.000904
135,0,0.000000,4.158369,3.735174,0.003772,4.194696,0.000000,0.000000,11.949787,0.036108,4.064195,7.666905,0.000000,8.077585
136,0,0.000000,4.186466,3.923791,0.003560,8.103188,0.000000,0.000000,16.001157,0.047332,7.777764,7.865648,0.000000,15.690744
137,0,0.000000,4.209206,7.917480,0.003580,11.997823,0.000000,0.000000,15.966768,0.048350,7.637748,7.894402,0.000000,15.542349
138,0,0.000000,8.094376,7.775558,0.002970,15.872271,0.000000,0.000000,16.026126,0.049895,7.954940,7.732510,0.000000,15.715285
139,0,0.000000,12.034952,7.176725,0.002186,12.075054,0.000000,0.000000,19.956434,0.043211,12.089796,7.162273,0.000000,16.117906
140,0,0.000000,8.004822,7.870808,0.002168,15.877791,0.000000,0.000000,16.028882,0.133631,7.744975,7.865104,0.000000,15.719673
141,0,0.000000,11.632405,4.208756,0.004322,11.677301,0.000000,0.000000,15.987921,0.042906,11.476009,4.197912,0.000000,15.016678
142,0,0.000000,8.172824,3.699002,0.003096,8.215747,0.000000,0.000000,12.024785,0.051100,7.935586,3.675692,0.000000,8.012743
143,0,0.000000,4.084318,3.718150,0.001857,4.129899,0.000000,0.000000,7.931540,0.045665,3.967364,3.692246,0.000000,4.039546
144,0,0.000000,4.137038,3.761603,0.001458,4.169487,0.000000,0.000000,7.994797,0.030454,4.036794,3.746691,0.000000,4.082201
145,0,0.000000,3.742078,3.681758,0.002760,3.910334,0.000000,0.000000,7.503585,0.039976,3.575863,3.652745,0.000000,3.827831
146,0,0.000000,4.139693,3.749318,0.001867,4.176534,0.000000,0.000000,8.000570,0.023638,3.953005,3.751178,0.000000,4.017456
147,0,0.000000,4.121712,3.743194,0.002357,4.178186,0.000000,0.000000,7.957713,0.037927,3.982843,3.716734,0.000000,4.025292
148,0,0.000000,4.141442,3.791914,0.003738,4.181387,0.000000,0.000000,8.038316,0.028544,4.018168,3.779735,0.000000,4.052919
149,0,0.000000,4.101652,3.805300,0.003421,4.132738,0.000000,0.000000,8.000929,0.039749,3.932250,3.782533,0.000000,4.033021
150,0,0.000000,4.100711,3.782635,0.001531,4.133466,0.000000,0.000000,7.973404,0.024556,3.979160,3.750754,0.000000,4.028667
151,0,0.000000,11.563802,3.925672,0.004533,11.596519,0.000000,0.000000,15.944186,0.237401,11.426433,3.918263,0.000000,11.810390
152,0,0.000000,4.116351,3.768623,0.003285,5.618376,0.000000,0.000000,7.980714,0.044200,3.905984,3.720539,0.000000,3.955609
153,0,0.000000,12.044111,8.780853,0.004679,12.083086,0.000000,0.000000,21.004133,0.029926,11.896698,8.795230,0.000000,16.939556
154,0,0.000000,6.958185,7.841287,0.002334,14.800833,0.000000,0.000000,15.013739,0.063612,6.811209,7.860411,0.000000,14.731244
155,0,0.000000,11.941155,7.383060,0.003844,11.983524,0.000000,0.000000,19.930788,0.038433,11.767765,7.367272,0.000000,19.018619
156,0,0.000000,8.048903,7.829960,0.002789,15.881652,0.000000,0.000000,16.025462,0.035717,7.845107,7.826098,0.000000,15.676443
157,0,0.000000,12.003953,6.889768,0.004200,14.897948,0.000000,0.000000,19.985082,0.040687,11.834643,6.871325,0.000000,14.933674
158,0,0.000000,8.234598,3.631092,0.002794,8.277314,0.000000,0.000000,15.953337,0.189532,4.265604,7.545254,0.000000,11.413580
159,0,0.000000,4.136657,3.963998,0.002705,8.095848,0.000000,0.000000,16.169857,0.063032,7.650805,8.139053,0.000000,15.575061
160,0,0.000000,4.003885,8.604344,0.004196,8.866042,0.000000,0.000000,18.553408,0.035601,9.302453,8.610098,0.000000,17.931248
161,0,0.000000,10.798136,6.227501,0.002594,10.835002,0.000000,0.000000,23.274926,0.042327,10.667578,10.850726,0.000000,16.825117
162,0,0.000000,5.974444,12.509612,0.005622,12.674533,0.000000,0.000000,21.853131,0.040126,9.079894,4.536667,0.000000,10.406290
163,0,0.000000,8.314072,11.087864,0.003150,19.404582,0.000000,0.000000,19.771822,0.055586,8.082660,3.292954,0.000000,11.414255
164,0,0.000000,8.284548,7.925761,0.003771,12.265603,0.000000,0.000000,20.134730,0.051164,11.898687,7.905803,0.000000,19.842813
165,0,0.000000,8.070755,7.811591,0.003295,15.885641,0.000000,0.000000,16.062157,0.040477,7.974919,7.827306,0.000000,15.818312
166,0,0.000000,12.110405,7.504454,0.004232,12.257202,0.000000,0.000000,20.526905,0.061838,12.024981,8.065729,0.000000,16.650506
167,0,0.000000,11.442809,7.757156,0.003622,19.203587,0.000000,0.000000,19.435987,0.046436,11.309393,7.757971,0.000000,15.402723
168,0,0.000000,11.988311,7.800657,0.006721,15.818928,0.000000,0.000000,19.979349,0.044648,11.796249,7.806337,0.000000,15.848440
169,0,0.000000,7.958001,7.807849,0.002906,15.767582,0.000000,0.000000,17.543408,0.048336,7.803696,9.359985,0.000000,15.610682
170,0,0.000000,10.412364,6.119208,0.003852,10.460292,0.000000,0.000000,18.423963,0.047956,11.890250,2.088477,0.000000,11.955333
171,0,0.000000,10.746456,3.628298,0.003446,10.791624,0.000000,0.000000,18.735566,0.079928,10.695700,7.547386,0.000000,14.635364
172,0,0.000000,9.242146,3.227259,0.004308,9.286486,0.000000,0.000000,23.977274,6.870330,15.784925,7.130480,0.000000,20.547771
173,0,0.000000,8.257757,7.588549,0.003195,15.847971,0.000000,0.000000,16.406425,0.044139,7.751567,7.549529,0.000000,15.331922
174,0,0.000000,9.339987,10.021252,0.003728,10.202612,0.000000,0.000000,23.007399,0.102746,7.296167,13.430332,0.000000,16.838116
175,0,0.000000,10.739685,3.964427,0.002287,14.690914,0.000000,0.000000,20.524125,0.081881,12.319846,7.898584,0.000000,20.281537
176,0,0.000000,8.059389,7.858594,0.010262,15.915653,0.000000,0.000000,16.041259,0.035373,7.868070,7.848615,0.000000,15.730862
177,0,0.000000,11.902883,3.926890,0.003955,12.629781,0.000000,0.000000,15.934495,0.035212,11.679306,3.912773,0.000000,15.626792
178,0,0.000000,11.955841,7.896167,0.003144,19.855152,0.000000,0.000000,19.991397,0.038329,11.779689,7.907192,0.000000,15.899171
179,0,0.000000,8.734540,3.055923,0.002811,9.036793,0.000000,0.000000,15.930334,0.039186,8.613685,6.718530,0.000000,8.656672
180,0,0.000000,7.975486,7.975291,0.001578,15.916102,0.000000,0.000000,16.029786,0.029827,7.758689,7.903566,0.000000,15.692082
181,0,0.000000,11.968514,3.929135,0.002232,15.870743,0.000000,0.000000,16.004157,0.027192,11.837116,3.899994,0.000000,15.724331
182,0,0.000000,11.953756,3.951413,0.002110,15.862201,0.000000,0.000000,15.990759,0.030438,11.801187,3.897665,0.000000,11.831489
183,0,0.000000,11.618859,4.200211,0.002665,11.654141,0.000000,0.000000,15.953764,0.030053,11.515425,4.169100,0.000000,11.696502
184,0,0.000000,8.174065,3.701887,0.002991,8.210341,0.000000,0.000000,12.004672,0.033835,7.977829,3.677454,0.000000,11.638676
185,0,0.000000,9.154999,2.757414,0.002063,9.201398,0.000000,0.000000,12.010646,0.032784,9.066265,2.724754,0.000000,11.813594
186,0,0.000000,4.258410,3.628202,0.001978,4.290849,0.000000,0.000000,7.971832,0.027657,4.140563,3.607693,0.000000,7.598521
187,0,0.000000,4.250061,3.667460,0.001634,4.285442,0.000000,0.000000,7.991403,0.028228,4.138748,3.644759,0.000000,7.631064
188,0,0.000000,4.163779,3.742246,0.001569,4.195336,0.000000,0.000000,7.996648,0.028696,4.071874,3.725977,0.000000,7.825092
189,0,0.000000,8.061082,7.826283,0.002564,15.888415,0.000000,0.000000,15.988795,0.023203,7.965719,7.799160,0.000000,15.783245
190,0,0.000000,8.108020,2.930779,0.002755,8.144766,0.000000,0.000000,19.959055,0.125305,11.758304,6.866299,0.000000,12.026361
191,0,0.000000,8.054859,7.940808,0.002275,15.961350,0.000000,0.000000,18.043579,0.026710,7.855293,7.915303,0.000000,15.789240
192,0,0.000000,9.783540,3.690978,0.003778,13.470162,0.000000,0.000000,17.932240,0.060993,9.902657,7.623052,0.000000,15.688634
193,0,0.000000,7.937802,7.812415,0.004319,15.751961,0.000000,0.000000,15.895734,0.045377,7.770183,7.753221,0.000000,15.517168
194,0,0.000000,11.993038,7.855339,0.004341,19.852718,0.000000,0.000000,20.008800,0.047604,11.820580,3.843886,0.000000,15.679968
195,0,0.000000,11.976220,3.840991,0.004487,12.046985,0.000000,0.000000,15.973643,0.059178,11.721705,3.795084,0.000000,11.787258
196,0,0.000000,9.731028,10.051775,0.004852,10.391698,0.000000,0.000000,19.982933,0.043594,9.560890,10.018245,0.000000,19.618258
197,0,0.000000,7.996119,6.877339,0.094148,14.967606,0.000000,0.000000,16.407287,0.045139,8.795099,7.248106,0.000000,15.805619
198,0,0.000000,13.184095,7.642637,0.004949,13.241135,0.000000,0.000000,27.594629,0.087696,13.198150,13.833165,0.000000,24.940153
199,0,0.000000,7.853749,6.305412,0.002187,14.161333,0.000000,0.000000,15.897979,1.001103,7.595575,6.319266,0.000000,13.925646
200,0,0.000000,11.812006,14.397921,0.005339,18.309348,0.000000,0.000000,27.819088,0.076420,12.924604,14.388155,0.000000,15.795434
201,0,0.000000,8.016395,7.828957,0.003797,15.846402,0.000000,0.000000,16.020570,0.043737,7.866652,7.828713,0.000000,15.722854
202,0,0.000000,11.474373,4.356013,0.002588,11.521912,0.000000,0.000000,15.995855,0.043546,11.254050,4.332028,0.000000,11.792970
203,0,0.000000,8.411735,7.555661,0.004148,8.464970,0.000000,0.000000,16.098884,0.039537,8.270314,3.436758,0.000000,8.314266
204,0,0.000000,11.726192,7.856178,0.004093,19.584928,0.000000,0.000000,19.709135,0.157761,7.624077,3.836441,0.000000,11.196646
205,0,0.000000,11.982595,3.840507,0.003117,15.824767,0.000000,0.000000,15.997643,0.070005,11.754306,3.790454,0.000000,11.850618
206,0,0.000000,11.957156,7.841351,0.004280,19.800634,0.000000,0.000000,19.977207,0.044969,11.557552,7.816856,0.000000,15.746290
207,0,0.000000,11.043309,4.802151,0.002670,11.083880,0.000000,0.000000,16.005378,0.044770,10.763380,4.783329,0.000000,12.607921
208,0,0.000000,11.963528,7.840506,0.002362,19.805750,0.000000,0.000000,19.934655,0.040510,11.804057,7.815093,0.000000,15.866460
209,0,0.000000,11.720396,7.328556,0.004690,19.053642,0.000000,0.000000,19.702332,0.089683,11.963495,7.306292,0.000000,16.037934
210,0,0.000000,11.936177,3.934160,0.004002,15.833622,0.000000,0.000000,16.087067,0.083222,11.764891,3.939827,0.000000,11.927169
211,0,0.000000,9.645921,6.072455,0.002215,9.701651,0.000000,0.000000,15.924844,0.056577,9.476364,6.048678,0.000000,9.917686
212,0,0.000000,8.030769,3.786016,0.003292,8.069812,0.000000,0.000000,11.950322,0.051029,7.819077,3.764639,0.000000,7.875132
213,0,0.000000,8.877282,2.987405,0.002561,8.921287,0.000000,0.000000,11.979486,0.035460,8.771780,2.958767,0.000000,11.645854
214,0,0.000000,12.006112,6.394611,0.005864,12.053112,0.000000,0.000000,20.015638,0.036633,9.441995,6.387075,0.000000,12.077615
215,0,0.000000,11.982481,7.791713,0.002429,19.776060,0.000000,0.000000,19.926695,0.045432,11.873027,7.753275,0.000000,15.907021
216,0,0.000000,9.516007,6.949894,0.002362,9.558909,0.000000,0.000000,19.994369,3.366114,12.605767,6.980666,0.000000,19.007775
217,0,0.000000,8.063794,7.750337,0.005234,15.815755,0.000000,0.000000,16.136390,0.064509,7.856944,7.884404,0.000000,15.805264
218,0,0.000000,15.733599,3.671919,0.004044,15.785116,0.000000,0.000000,22.539658,0.068529,15.491805,6.453026,0.000000,19.143748
219,0,0.000000,9.266227,4.172981,0.003631,9.294777,0.000000,0.000000,21.454804,0.048750,12.809061,8.184519,0.000000,12.944020
220,0,0.000000,7.676764,7.870947,0.006053,11.565922,0.000000,0.000000,19.663050,0.047676,11.422760,4.005194,0.000000,11.488167
221,0,0.000000,8.175725,7.603366,0.003881,15.604587,0.000000,0.000000,16.294687,0.043406,8.238063,7.445726,0.000000,15.671135
222,0,0.000000,13.675219,4.958080,0.005289,13.714740,0.000000,0.000000,27.310900,0.683515,13.394859,12.826206,0.000000,23.577552
223,0,0.000000,7.370350,7.475522,0.005253,14.849455,0.000000,0.000000,18.720530,0.939666,7.797487,10.275641,0.000000,18.356034
224,0,0.000000,13.016386,3.961053,0.004169,13.115883,0.000000,0.000000,26.564438,0.046800,12.824803,13.335779,0.000000,22.303480
225,0,0.000000,16.744613,7.314243,0.004670,16.795736,0.000000,0.000000,26.408551,0.243907,15.842546,7.309404,0.000000,20.082138
226,0,0.000000,8.024307,7.336651,0.004755,15.363630,0.000000,0.000000,20.091900,4.893701,11.816744,7.366026,0.000000,19.173427
227,0,0.000000,15.997887,7.752491,0.004908,23.744312,0.000000,0.000000,27.050335,0.075877,15.803423,10.846589,0.000000,19.792333
228,0,0.000000,12.880984,7.819197,0.005111,20.700984,0.000000,0.000000,20.886106,0.046961,12.626649,7.807756,0.000000,20.448090
229,0,0.000000,15.967093,7.006121,0.004859,22.950210,0.000000,0.000000,23.997604,0.038431,16.679335,6.996624,0.000000,23.713444
230,0,0.000000,7.968941,7.861851,0.002449,15.824419,0.000000,0.000000,15.970556,0.046161,7.773830,7.853636,0.000000,15.671011
231,0,0.000000,14.470345,5.340294,0.004466,14.521467,0.000000,0.000000,27.948194,0.040044,14.403800,13.272082,0.000000,15.674154
232,0,0.000000,8.087543,7.784129,0.003678,15.862026,0.000000,0.000000,16.010323,0.044533,7.953486,7.773398,0.000000,15.770432
233,0,0.000000,19.943249,12.094336,0.005460,20.447248,0.000000,0.000000,35.987463,0.041004,19.769755,11.632949,0.000000,23.280309
234,0,0.000000,6.790690,9.886698,0.003063,16.680035,0.000000,0.000000,18.247280,0.918013,6.764246,9.893110,0.000000,14.267240
235,0,0.000000,8.114757,8.542785,0.002912,16.626456,0.000000,0.000000,16.823510,0.080185,7.932353,8.551667,0.000000,16.533774
236,0,0.000000,11.310968,7.809285,0.002932,19.121894,0.000000,0.000000,19.260194,0.046782,11.140368,7.754660,0.000000,15.820760
237,0,0.000000,10.725942,5.139673,0.003300,10.754912,0.000000,0.000000,15.997463,0.035473,10.601659,5.117662,0.000000,13.065675
238,0,0.000000,12.065947,7.757370,0.002238,19.825555,0.000000,0.000000,19.950364,0.060479,11.896351,3.718604,0.000000,12.039218
239,0,0.000000,11.977020,7.889046,0.003271,12.019157,0.000000,0.000000,19.993204,0.071593,7.812604,7.892497,0.000000,15.741378
240,0,0.000000,7.991204,7.865647,0.003442,15.857939,0.000000,0.000000,16.000326,0.044635,7.819846,7.855042,0.000000,15.699540
241,0,0.000000,8.748665,3.039453,0.001963,8.796807,0.000000,0.000000,11.891854,0.037814,8.594018,3.007939,0.000000,11.633483
242,0,0.000000,12.297595,3.559146,0.004224,12.336698,0.000000,0.000000,16.004112,0.032028,12.181782,3.529630,0.000000,12.228117
243,0,0.000000,12.020548,6.457086,0.021611,12.067589,0.000000,0.000000,24.524831,0.041957,12.739017,10.960042,0.000000,20.282610
244,0,0.000000,9.411486,5.894964,0.003058,13.397632,0.000000,0.000000,19.099322,0.040269,9.197733,9.495093,0.000000,13.249831
245,0,0.000000,11.651193,4.482146,0.001893,12.773099,0.000000,0.000000,20.811251,0.060915,11.138924,8.507043,0.000000,15.651107
246,0,0.000000,8.060851,7.745907,0.002837,15.800124,0.000000,0.000000,18.400925,2.458302,7.775633,7.692681,0.000000,15.482264
247,0,0.000000,12.000827,7.939289,0.004708,19.941868,0.000000,0.000000,22.256580,0.037832,11.506463,7.909907,0.000000,17.635067
248,0,0.000000,8.041791,7.807041,0.002395,15.850765,0.000000,0.000000,16.022568,0.041824,7.846787,7.740768,0.000000,15.601163
249,0,0.000000,11.942456,3.911489,0.002302,12.686680,0.000000,0.000000,15.977188,0.095089,11.785472,3.881497,0.000000,11.932832
250,0,0.000000,12.025352,7.723127,0.002774,19.749675,0.000000,0.000000,19.979938,0.035880,11.883564,3.699634,0.000000,11.926440
251,0,0.000000,11.997773,9.091862,0.004447,21.094082,0.000000,0.000000,21.263415,0.048844,11.846576,3.816569,0.000000,11.927189
252,0,0.000000,6.848157,7.681217,0.003219,14.347182,0.000000,0.000000,14.694827,0.055171,5.752963,7.668389,0.000000,10.307425
253,0,0.000000,11.971574,3.854969,0.002350,12.008203,0.000000,0.000000,19.925458,0.042938,11.799805,7.780867,0.000000,11.844866
254,0,0.000000,4.269490,3.948128,0.002965,8.220583,0.000000,0.000000,15.994591,0.045837,7.863383,7.891923,0.000000,15.795570
255,0,0.000000,4.330216,7.925147,0.002709,8.276867,0.000000,0.000000,16.008461,0.040704,7.767744,7.912483,0.000000,15.710463
256,0,0.000000,7.937132,7.878868,0.003212,15.817065,0.000000,0.000000,16.016435,0.417353,7.783949,7.873276,0.000000,15.720663
257,0,0.000000,9.854930,5.342843,0.002293,13.229824,0.000000,0.000000,15.952861,0.038505,10.305161,5.316148,0.000000,15.038011
258,0,0.000000,12.259322,7.834404,0.002450,12.303440,0.000000,0.000000,23.922312,0.041433,15.583647,7.812773,0.000000,15.941423
259,0,0.000000,8.033944,6.191995,0.009827,8.093315,0.000000,0.000000,27.619058,0.044676,9.627375,12.092215,0.000000,12.414257
260,0,0.000000,12.343276,6.202873,0.002411,18.414575,0.000000,0.000000,20.503706,0.065399,13.268615,6.202226,0.000000,17.233040
261,0,0.000000,13.350933,6.228920,0.003573,13.395544,0.000000,0.000000,25.558141,0.172431,13.184061,11.878977,0.000000,17.356942
262,0,0.000000,14.236638,7.806155,0.004188,14.267554,0.000000,0.000000,22.227330,1.340302,12.764308,7.773938,0.000000,14.090700
263,0,0.000000,8.118963,7.735954,0.002624,15.837335,0.000000,0.000000,16.004989,0.044445,7.857444,7.682555,0.000000,15.580439
264,0,0.000000,12.115200,12.037699,0.003035,18.637744,0.000000,0.000000,25.734678,0.063456,8.124683,12.033278,0.000000,20.198371
265,0,0.000000,10.222283,7.022785,0.002746,10.271674,0.000000,0.000000,18.174858,0.125241,10.527630,7.011009,0.000000,15.810365
266,0,0.000000,7.985402,7.912155,0.003490,15.898488,0.000000,0.000000,16.435603,0.048770,7.803480,8.293612,0.000000,15.749484
267,0,0.000000,11.680851,3.716728,0.004873,11.731453,0.000000,0.000000,15.560493,0.046106,11.511381,0.012577,0.000000,11.564478
268,0,0.000000,4.252309,6.158050,0.003558,6.491694,0.000000,0.000000,15.977013,4.026291,7.951185,2.205130,0.000000,7.990645
269,0,0.000000,5.480253,6.197974,0.003617,7.676717,0.000000,0.000000,19.945964,2.633186,10.815627,0.013693,0.000000,13.462506
270,0,0.000000,4.927398,5.824574,0.003418,6.087473,0.000000,0.000000,19.960668,8.061457,12.821021,5.826830,0.000000,16.630395
271,0,0.000000,7.988445,7.902616,0.004370,15.893428,0.000000,0.000000,16.042989,0.050313,7.867147,7.916280,0.000000,15.826412
272,0,0.000000,11.166134,4.610034,0.004263,11.245168,0.000000,0.000000,15.944258,0.043613,11.008266,4.591589,0.000000,12.307225
273,0,0.000000,7.988910,7.676460,0.005033,8.023260,0.000000,0.000000,15.837278,0.039133,7.858492,7.707965,0.000000,15.568378
274,0,0.000000,7.947522,7.028542,0.004400,14.979555,0.000000,0.000000,15.984509,0.075182,7.783174,7.031267,0.000000,14.889623
275,0,0.000000,12.019072,7.730544,0.003490,12.059148,0.000000,0.000000,19.944542,0.039839,11.813502,7.746921,0.000000,15.778777
276,0,0.000000,8.006378,7.867272,0.003770,15.874929,0.000000,0.000000,16.001231,0.061216,7.868298,7.802450,0.000000,15.731964
277,0,0.000000,11.998424,4.499471,0.002319,12.071183,0.000000,0.000000,27.960069,0.042338,12.294227,12.392380,0.000000,23.553938
278,0,0.000000,7.986852,7.864385,0.003754,15.854090,0.000000,0.000000,15.989704,0.044455,7.778998,3.845528,0.000000,11.660078
279,0,0.000000,15.413459,4.389053,0.004255,15.457768,0.000000,0.000000,27.954906,0.040321,15.114400,12.330182,0.000000,19.202394
280,0,0.000000,8.061237,10.327023,0.003633,18.346788,0.000000,0.000000,18.626059,0.045683,7.901413,3.729371,0.000000,11.671510
281,0,0.000000,12.721788,7.942595,0.005250,12.762504,0.000000,0.000000,21.383696,0.067195,12.930175,7.963514,0.000000,16.959848
282,0,0.000000,11.980608,9.013613,0.003415,20.995313,0.000000,0.000000,21.148740,0.054368,11.764161,0.040821,0.000000,11.834546
283,0,0.000000,6.943718,8.011515,0.005080,14.826113,0.000000,0.000000,15.135899,0.051546,6.762667,0.017409,0.000000,6.821495
284,0,0.000000,10.869672,3.058493,0.003247,10.920688,0.000000,0.000000,15.242389,0.324501,11.195923,3.034090,0.000000,14.554064
285,0,0.000000,13.399029,3.461112,0.003142,15.645603,0.000000,0.000000,17.091526,0.140908,12.788121,3.413961,0.000000,14.155634
286,0,0.000000,11.485218,8.058122,0.005021,19.547520,0.000000,0.000000,19.869857,0.038247,11.277433,8.034025,0.000000,16.506022
287,0,0.000000,10.925350,5.936967,0.016033,16.840933,0.000000,0.000000,18.928652,0.044363,12.578334,5.956053,0.000000,16.635283
288,0,0.000000,10.862176,4.947323,0.002822,12.824591,0.000000,0.000000,15.931902,0.086678,10.698583,0.034142,0.000000,10.733541
289,0,0.000000,15.427508,4.278841,0.003536,15.471384,0.000000,0.000000,19.915956,0.055391,15.230053,4.284737,0.000000,15.603931
290,0,0.000000,8.699142,7.097663,0.003131,15.013862,0.000000,0.000000,15.967035,0.097110,8.484941,7.087074,0.000000,15.631326
291,0,0.000000,13.268695,6.543231,0.003567,13.309153,0.000000,0.000000,19.939695,0.047201,13.108433,6.516364,0.000000,17.007160
292,0,0.000000,8.072510,8.014094,0.003837,16.088546,0.000000,0.000000,16.194832,0.037356,7.899967,7.768580,0.000000,15.693894
293,0,0.000000,11.827276,7.859860,0.003206,19.690342,0.000000,0.000000,19.824106,0.028402,10.175081,7.857579,0.000000,15.901550
294,0,0.000000,8.837100,6.927387,0.002128,14.785459,0.000000,0.000000,15.893588,0.062883,8.641824,6.912680,0.000000,12.673032
295,0,0.000000,11.964061,7.927540,0.003050,19.892694,0.000000,0.000000,20.021159,0.036102,11.772721,7.907476,0.000000,15.840934
296,0,0.000000,8.695131,7.019664,0.002491,15.020755,0.000000,0.000000,15.954002,0.036447,8.658935,4.004647,0.000000,11.683643
297,0,0.000000,8.277579,4.004900,0.001988,12.255676,0.000000,0.000000,19.952954,0.034463,8.125279,7.902772,0.000000,15.768226
298,0,0.000000,8.039074,7.875056,0.002610,15.916615,0.000000,0.000000,16.015424,0.109138,7.690369,7.852250,0.000000,15.644654
299,0,0.000000,12.003501,7.877848,0.004574,19.885923,0.000000,0.000000,20.015031,0.031190,7.940601,7.880955,0.000000,15.850607
300,0,0.000000,8.016637,3.796598,0.002920,8.070838,0.000000,0.000000,19.944449,0.051375,7.926561,7.706572,0.000000,15.527334
301,0,0.000000,4.196168,3.972486,0.002072,8.165550,0.000000,0.000000,15.973712,0.039815,7.707688,7.881766,0.000000,15.600599
302,0,0.000000,8.029522,7.902030,0.002365,15.932793,0.000000,0.000000,16.050346,0.035968,7.815608,7.869145,0.000000,15.707318
303,0,0.000000,8.123029,3.752916,0.004027,8.165287,0.000000,0.000000,15.933948,0.039925,7.971365,7.664710,0.000000,15.578149
304,0,0.000000,4.731504,3.970063,0.002174,8.695801,0.000000,0.000000,15.990526,0.034025,7.794553,7.912970,0.000000,15.739177
305,0,0.000000,8.016528,7.841618,0.004331,15.860134,0.000000,0.000000,15.984326,0.024163,7.823296,7.812327,0.000000,15.656248
306,0,0.000000,11.728208,4.145521,0.002378,11.760081,0.000000,0.000000,15.993489,0.046626,11.532434,4.121383,0.000000,11.845607
307,0,0.000000,8.025337,3.700188,0.001880,8.053704,0.000000,0.000000,11.918215,0.133103,7.871798,3.682320,0.000000,7.920838
308,0,0.000000,4.290808,3.661577,0.001925,4.336304,0.000000,0.000000,8.019148,0.022520,4.145296,3.592268,0.000000,4.170550
309,0,0.000000,4.121628,3.779257,0.002194,4.157303,0.000000,0.000000,7.964667,0.029114,4.019839,3.747407,0.000000,4.046309
310,0,0.000000,9.202066,6.694560,0.001958,9.245529,0.000000,0.000000,15.974374,0.026832,9.102105,2.664223,0.000000,11.760968
311,0,0.000000,8.158616,3.742021,0.003458,8.192144,0.000000,0.000000,12.003973,0.036166,8.038857,3.729496,0.000000,11.802376
312,0,0.000000,4.155172,3.740294,0.002751,4.197290,0.000000,0.000000,7.996539,0.029279,4.071071,3.719538,0.000000,4.126023
313,0,0.000000,7.975689,7.907058,0.003201,15.883864,0.000000,0.000000,15.971836,0.032256,7.886298,3.930195,0.000000,11.801611
314,0,0.000000,12.033349,3.811324,0.004345,12.088223,0.000000,0.000000,16.013796,0.044565,11.911465,3.776481,0.000000,11.958027
315,0,0.000000,4.118493,3.737742,0.002532,4.159888,0.000000,0.000000,7.972832,0.043721,3.917277,3.716867,0.000000,3.964272
316,0,0.000000,4.162638,3.763588,0.001923,4.199837,0.000000,0.000000,11.948823,0.025574,4.016343,7.685214,0.000000,7.780480
317,0,0.000000,8.018603,7.876349,0.003290,15.898242,0.000000,0.000000,16.003787,0.036106,7.858900,7.811909,0.000000,15.706630
318,0,0.000000,12.005184,3.859314,0.003918,12.043216,0.000000,0.000000,16.016836,0.042654,11.723150,3.858136,0.000000,11.793312
319,0,0.000000,4.152700,3.720511,0.004091,4.197396,0.000000,0.000000,7.967459,0.067874,3.999559,3.696295,0.000000,4.050696
320,0,0.000000,4.236474,3.688678,0.003944,4.271670,0.000000,0.000000,8.039753,0.047330,4.112145,3.685009,0.000000,4.232287
321,0,0.000000,4.085385,3.659607,0.002129,4.136946,0.000000,0.000000,7.855270,0.036597,3.981781,3.625054,0.000000,4.034805
322,0,0.000000,4.177572,3.702799,0.001580,4.220811,0.000000,0.000000,8.004971,0.028590,4.062655,3.691422,0.000000,4.126562
323,0,0.000000,4.213130,7.629311,0.001756,7.823998,0.000000,0.000000,11.920135,0.028975,4.054333,3.656085,0.000000,4.085982
324,0,0.000000,8.047136,7.871448,0.003912,15.919802,0.000000,0.000000,16.018680,0.031362,7.835010,3.870837,0.000000,11.728240
325,0,0.000000,12.697957,3.151971,0.004228,12.752603,0.000000,0.000000,19.979556,0.038664,12.514752,7.093086,0.000000,12.568669
326,0,0.000000,7.978484,4.717248,0.003354,12.698628,0.000000,0.000000,21.200365,0.045317,10.873559,9.938087,0.000000,15.626772
327,0,0.000000,10.763458,3.613149,0.003156,10.822171,0.000000,0.000000,18.703383,0.044459,10.732337,7.517061,0.000000,18.291157
328,0,0.000000,8.131854,7.769602,0.003402,15.901390,0.000000,0.000000,16.029582,0.041113,7.838258,7.717898,0.000000,15.591987
329,0,0.000000,11.961839,6.946304,0.004769,18.898977,0.000000,0.000000,19.972842,0.046248,12.729412,6.940424,0.000000,15.616350
330,0,0.000000,8.020762,7.843415,0.003644,15.866349,0.000000,0.000000,16.004602,0.038917,7.790274,3.824097,0.000000,11.647859
331,0,0.000000,13.831706,5.983253,0.002329,13.866331,0.000000,0.000000,19.966257,0.038717,13.501441,1.958910,0.000000,13.549024
332,0,0.000000,11.538584,5.676153,0.002707,11.574951,0.000000,0.000000,23.966343,6.605420,9.266374,5.673339,0.000000,18.415133
333,0,0.000000,8.052034,7.816163,0.003222,15.862431,0.000000,0.000000,16.033044,0.036261,4.005152,7.809193,0.000000,11.832654
334,0,0.000000,11.996322,7.837108,0.002090,19.812501,0.000000,0.000000,19.961105,0.039770,7.933605,7.799864,0.000000,15.773239
335,0,0.000000,11.985374,7.894804,0.003356,19.883534,0.000000,0.000000,19.997187,0.040988,11.838771,7.881287,0.000000,15.852533
336,0,0.000000,11.916625,7.033833,0.003565,11.960771,0.000000,0.000000,19.935864,0.057342,12.401332,7.024577,0.000000,19.473752
337,0,0.000000,7.651528,3.880367,0.003189,7.683811,0.000000,0.000000,15.728007,0.143461,8.513200,6.905548,0.000000,15.462508
338,0,0.000000,8.014762,7.903674,0.004080,15.919761,0.000000,0.000000,16.009646,0.038223,7.761232,7.852174,0.000000,15.648877
339,0,0.000000,8.148741,5.707126,0.060889,8.199561,0.000000,0.000000,15.954114,0.045411,7.973931,7.668059,0.000000,15.560310
340,0,0.000000,12.221076,10.777999,0.003843,14.779570,0.000000,0.000000,30.605747,1.046282,14.144715,13.048900,0.000000,22.052834
341,0,0.000000,9.834430,7.213731,0.003593,9.874635,0.000000,0.000000,26.990217,0.039425,13.047623,12.811280,0.000000,15.661047
342,0,0.000000,13.191660,5.025423,0.021435,13.236206,0.000000,0.000000,18.376432,0.067896,12.950639,4.983822,0.000000,13.022399
343,0,0.000000,13.241205,6.531130,0.003093,13.283515,0.000000,0.000000,20.011892,0.074658,13.035996,6.554558,0.000000,14.536406
344,0,0.000000,7.999013,7.859017,0.003117,15.848713,0.000000,0.000000,15.997686,0.040969,7.704185,7.863023,0.000000,15.602700
345,0,0.000000,11.992080,3.929908,0.003625,15.500793,0.000000,0.000000,16.156311,0.029100,11.742224,4.034018,0.000000,14.866797
346,0,0.000000,8.756451,7.967291,0.005107,12.738669,0.000000,0.000000,19.845740,0.038576,11.525218,7.991731,0.000000,19.479518
347,0,0.000000,11.915836,7.845517,0.002101,19.762645,0.000000,0.000000,19.941389,0.055259,11.817766,7.822253,0.000000,15.850849
348,0,0.000000,11.950290,7.865349,0.003385,19.817089,0.000000,0.000000,19.970943,0.099325,11.745164,7.853604,0.000000,15.866840
349,0,0.000000,11.988091,7.727868,0.003639,19.717329,0.000000,0.000000,20.001058,0.272827,11.822329,7.702348,0.000000,15.963003
350,0,0.000000,7.749185,7.868856,0.002233,15.619350,0.000000,0.000000,15.973212,0.264746,7.762792,7.849288,0.000000,15.676622
351,0,0.000000,14.681634,5.170627,0.004316,15.855218,0.000000,0.000000,27.821159,0.035425,14.535181,12.995207,0.000000,19.668374
352,0,0.000000,12.168384,7.809533,0.003304,19.979800,0.000000,0.000000,20.136304,0.041920,12.032643,7.793458,0.000000,19.864194
353,0,0.000000,11.898075,7.398833,0.002956,15.280590,0.000000,0.000000,19.858897,0.032297,12.196426,7.377664,0.000000,16.251762
354,0,0.000000,8.016781,7.825670,0.002074,15.842409,0.000000,0.000000,16.024208,0.043907,7.903302,7.815822,0.000000,15.741596
355,0,0.000000,11.971742,3.861407,0.003569,12.014473,0.000000,0.000000,15.984563,0.061110,11.911310,3.834694,0.000000,11.952867
356,0,0.000000,4.162496,3.713875,0.003062,4.199593,0.000000,0.000000,7.965580,0.034458,4.045522,3.687574,0.000000,4.075750
357,0,0.000000,8.055192,7.836809,0.003227,8.094667,0.000000,0.000000,15.988467,0.027448,7.897894,3.823853,0.000000,11.741019
358,0,0.000000,4.156856,3.765356,0.002906,4.195781,0.000000,0.000000,8.020251,0.032242,4.035005,3.709002,0.000000,7.769967
359,0,0.000000,4.120291,3.977402,0.003500,8.093848,0.000000,0.000000,15.914292,0.030513,7.672951,7.890547,0.000000,11.648081
360,0,0.000000,4.139013,3.991274,0.002996,8.113530,0.000000,0.000000,15.987366,0.047382,7.624737,7.935750,0.000000,11.600171
361,0,0.000000,4.212499,3.932922,0.002856,8.129696,0.000000,0.000000,15.974189,0.038816,7.844839,7.853059,0.000000,15.542406
362,0,0.000000,4.095931,3.981846,0.002547,8.078445,0.000000,0.000000,15.982755,0.038297,7.712552,7.920931,0.000000,15.665733
363,0,0.000000,4.119964,7.634536,0.002931,11.743687,0.000000,0.000000,20.011945,0.032077,8.023136,11.614606,0.000000,19.666512
364,0,0.000000,7.979240,7.913576,0.003536,15.894799,0.000000,0.000000,16.016291,0.066746,7.686218,7.869749,0.000000,15.604727
365,0,0.000000,11.880988,3.963354,0.001917,11.912505,0.000000,0.000000,15.960780,0.040968,11.766984,3.954517,0.000000,15.752318
366,0,0.000000,4.155347,3.744458,0.001833,4.191377,0.000000,0.000000,7.979441,0.031417,3.980382,3.720401,0.000000,7.718021
367,0,0.000000,4.172442,3.743256,0.002995,4.210849,0.000000,0.000000,7.996164,0.031945,3.994204,3.695740,0.000000,7.556721
368,0,0.000000,4.127169,3.768237,0.002590,4.165994,0.000000,0.000000,7.991404,0.026817,3.991629,3.754445,0.000000,7.674367
369,0,0.000000,4.104328,3.741724,0.003026,4.139470,0.000000,0.000000,11.893618,0.027751,3.949508,7.672742,0.000000,7.759950
370,0,0.000000,4.146104,3.946830,0.002056,8.094175,0.000000,0.000000,15.973496,0.029774,7.768890,7.874601,0.000000,15.673265
371,0,0.000000,4.223144,3.971495,0.002925,8.190922,0.000000,0.000000,15.982318,0.033430,7.730688,7.884448,0.000000,15.648566
372,0,0.000000,8.104539,3.838383,0.002033,8.144728,0.000000,0.000000,15.988022,0.029631,7.903306,7.760156,0.000000,15.687666
373,0,0.000000,4.209081,3.987540,0.002113,8.197711,0.000000,0.000000,15.992553,0.033714,7.789384,7.927314,0.000000,15.746617
374,0,0.000000,4.208625,3.971472,0.003318,8.183415,0.000000,0.000000,15.995797,0.079503,7.796726,7.885813,0.000000,15.677936
375,0,0.000000,4.195957,7.956286,0.002976,9.750182,0.000000,0.000000,16.025963,0.030705,7.826774,7.915812,0.000000,15.649209
376,0,0.000000,7.998679,7.912121,0.004082,15.914882,0.000000,0.000000,16.017053,0.046760,7.784462,7.841870,0.000000,15.655900
377,0,0.000000,8.791657,7.015789,0.002830,8.835947,0.000000,0.000000,15.924953,0.036209,8.500997,3.017816,0.000000,8.540977
378,0,0.000000,8.046376,7.858322,0.003847,15.908545,0.000000,0.000000,16.026218,0.039386,7.773167,7.849630,0.000000,15.662183
379,0,0.000000,13.609091,6.249393,0.003167,14.269813,0.000000,0.000000,25.413282,0.034443,13.374917,11.652633,0.000000,17.462120
380,0,0.000000,6.639538,7.806551,0.003314,14.448239,0.000000,0.000000,14.569017,0.041547,6.446749,7.797635,0.000000,14.282655
381,0,0.000000,11.986133,7.860660,0.003648,19.821254,0.000000,0.000000,19.983968,0.039575,11.876807,7.872967,0.000000,19.741044
382,0,0.000000,11.970342,7.864034,0.003993,19.837206,0.000000,0.000000,19.964569,0.052627,11.687723,7.851467,0.000000,15.737003
383,0,0.000000,8.028640,7.837435,0.003419,15.828313,0.000000,0.000000,15.992591,0.047821,7.833012,7.833569,0.000000,15.693236
384,0,0.000000,9.938071,5.948774,0.002852,9.979796,0.000000,0.000000,15.989465,0.032543,9.826577,0.017839,0.000000,9.860420
385,0,0.000000,8.003127,7.708567,0.002302,15.623581,0.000000,0.000000,15.910747,0.035475,7.929302,3.996584,0.000000,11.945336
386,0,0.000000,9.971590,5.850431,0.004257,10.014410,0.000000,0.000000,16.030579,0.036092,9.892136,5.842048,0.000000,15.760608
387,0,0.000000,8.050636,3.965632,0.004309,11.998086,0.000000,0.000000,19.946264,0.043633,7.939521,7.910099,0.000000,15.761581
388,0,0.000000,7.959827,7.902625,0.003796,15.865940,0.000000,0.000000,16.017614,0.051887,7.723351,7.902850,0.000000,15.678088
389,0,0.000000,8.806542,3.036199,0.003539,8.845134,0.000000,0.000000,11.969598,0.036958,8.664627,3.003729,0.000000,11.637191
390,0,0.000000,4.158537,3.709430,0.010406,4.201954,0.000000,0.000000,7.993740,0.034925,4.036355,3.695394,0.000000,4.090257
391,0,0.000000,4.207842,3.682805,0.002140,4.247971,0.000000,0.000000,7.985515,0.034844,4.121401,3.664801,0.000000,7.543536
392,0,0.000000,4.145231,3.778298,0.003046,4.178064,0.000000,0.000000,7.992347,0.028898,4.010233,3.753852,0.000000,7.698014
393,0,0.000000,4.176718,3.752298,0.002410,4.216675,0.000000,0.000000,8.004976,0.027741,4.030680,3.729877,0.000000,7.664200
394,0,0.000000,4.088336,3.800631,0.001798,4.126695,0.000000,0.000000,7.964607,0.034635,3.939449,3.758434,0.000000,7.631836
395,0,0.000000,4.122402,3.789112,0.003946,4.156554,0.000000,0.000000,8.003811,0.027187,4.008974,3.779763,0.000000,7.716335
396,0,0.000000,4.097222,3.806830,0.001771,4.132876,0.000000,0.000000,7.977139,0.031933,3.954772,3.781721,0.000000,7.701205
397,0,0.000000,4.154834,3.780133,0.002007,4.200215,0.000000,0.000000,8.005860,0.018056,4.028257,3.761210,0.000000,7.774603
398,0,0.000000,4.116769,3.786745,0.003705,4.159099,0.000000,0.000000,7.984663,0.031326,4.010453,3.760035,0.000000,7.661272
399,0,0.000000,4.260955,3.651204,0.001758,4.308587,0.000000,0.000000,7.986087,0.027822,4.156786,3.606452,0.000000,7.539138
400,0,0.000000,4.145968,3.782590,0.001951,4.178756,0.000000,0.000000,8.003085,0.027941,4.027176,3.739756,0.000000,7.696630
401,0,0.000000,4.053194,3.635899,0.002434,4.092660,0.000000,0.000000,7.780941,0.026048,3.922927,3.577715,0.000000,3.951915
402,0,0.000000,4.159451,3.727927,0.001603,4.190028,0.000000,0.000000,7.972206,0.033431,4.015705,3.707118,0.000000,4.036385
403,0,0.000000,4.155920,3.765091,0.003073,4.189341,0.000000,0.000000,7.994100,0.029347,4.061524,3.725152,0.000000,4.097051
404,0,0.000000,8.707523,3.202885,0.003365,8.746042,0.000000,0.000000,12.013429,0.027787,8.559058,3.190542,0.000000,11.777387
405,0,0.000000,7.969864,3.934811,0.002975,11.895918,0.000000,0.000000,15.936374,0.029115,7.754623,7.854913,0.000000,11.680280
406,0,0.000000,7.987379,7.946605,0.004445,15.934857,0.000000,0.000000,16.024356,0.028191,7.788684,7.931722,0.000000,15.746096
407,0,0.000000,7.982095,7.925937,0.002376,15.910408,0.000000,0.000000,15.998928,0.028048,7.847413,7.916701,0.000000,15.471449
408,0,0.000000,11.360939,4.475756,0.001981,11.426687,0.000000,0.000000,15.986221,0.036081,11.283801,4.438004,0.000000,15.752151
409,0,0.000000,8.136253,7.723267,0.003123,8.198924,0.000000,0.000000,15.959562,0.037948,8.037748,7.671599,0.000000,11.851384
410,0,0.000000,8.002369,7.873992,0.002801,15.851074,0.000000,0.000000,16.017453,0.227118,7.739880,7.820269,0.000000,15.787267
411,0,0.000000,14.041021,5.830305,0.003663,14.081356,0.000000,0.000000,24.461539,0.036073,13.966932,10.290810,0.000000,17.984921
412,0,0.000000,7.483943,7.830364,0.002711,15.283116,0.000000,0.000000,15.440475,0.035858,7.256299,7.791454,0.000000,15.071461
413,0,0.000000,11.967740,3.921360,0.002815,12.634454,0.000000,0.000000,15.997361,0.031665,11.845300,3.897062,0.000000,11.880597
414,0,0.000000,11.976937,7.896232,0.001963,19.874351,0.000000,0.000000,19.964445,0.030154,11.755552,7.867580,0.000000,15.908900
415,0,0.000000,7.988522,7.912436,0.001899,15.902421,0.000000,0.000000,15.983662,0.030351,7.772077,3.902162,0.000000,11.702273
416,0,0.000000,9.267148,6.652910,0.003137,9.307084,0.000000,0.000000,16.018558,0.025765,9.059745,2.677022,0.000000,11.743471
417,0,0.000000,8.029182,7.759157,0.001761,15.633469,0.000000,0.000000,19.887165,0.041604,7.716327,11.697998,0.000000,19.386094
418,0,0.000000,7.956696,7.120644,0.002721,15.078972,0.000000,0.000000,15.977446,0.035691,7.774227,7.107749,0.000000,14.862340
419,0,0.000000,15.143644,9.627361,0.003406,15.184574,0.000000,0.000000,24.866368,0.032502,14.946987,7.789686,0.000000,14.996525
420,0,0.000000,12.356257,4.379187,0.002887,12.392066,0.000000,0.000000,31.000094,2.785201,12.191219,12.254229,0.000000,21.659405
421,0,0.000000,8.075590,7.893439,0.002235,15.945458,0.000000,0.000000,16.080750,0.045317,7.884770,7.877751,0.000000,15.778467
422,0,0.000000,15.974072,7.897394,0.002308,16.009863,0.000000,0.000000,27.955265,0.035496,15.847086,11.856676,0.000000,19.695097
423,0,0.000000,6.991588,7.891596,0.001780,14.884191,0.000000,0.000000,14.961666,0.031061,6.895760,7.868730,0.000000,14.779215
424,0,0.000000,11.978935,7.875459,0.003483,13.327462,0.000000,0.000000,19.976542,0.037242,11.892978,3.905786,0.000000,11.938896
425,0,0.000000,8.085699,7.802612,0.003738,15.890328,0.000000,0.000000,16.020430,0.057089,7.923430,3.795953,0.000000,11.774368
426,0,0.000000,11.969539,7.869923,0.001948,19.841315,0.000000,0.000000,19.955907,0.046707,11.793395,3.880643,0.000000,11.849264
427,0,0.000000,11.819898,4.075108,0.002780,11.860772,0.000000,0.000000,16.005740,0.033094,11.496825,4.049484,0.000000,15.578406
428,0,0.000000,8.158452,3.755330,0.001990,8.193260,0.000000,0.000000,11.992038,0.044604,7.992197,3.728112,0.000000,11.684784
429,0,0.000000,12.016984,7.897816,0.002471,19.916811,0.000000,0.000000,20.009541,0.021001,11.867218,7.879347,0.000000,15.922351
430,0,0.000000,10.684936,5.201731,0.001940,10.728086,0.000000,0.000000,15.956528,0.028222,10.516886,1.192244,0.000000,10.548451
431,0,0.000000,8.063198,7.889097,0.003069,15.936301,0.000000,0.000000,19.998584,4.011755,7.909925,7.856333,0.000000,19.771382
432,0,0.000000,12.032397,3.878393,0.002481,12.076465,0.000000,0.000000,16.009924,0.022363,11.912579,3.857527,0.000000,11.961986
433,0,0.000000,4.029116,3.794926,0.003358,4.064275,0.000000,0.000000,11.850362,0.031276,3.873431,7.720845,0.000000,7.806876
434,0,0.000000,4.115369,4.017554,0.002678,8.134036,0.000000,0.000000,15.983878,0.020468,7.787182,7.940045,0.000000,15.743887
435,0,0.000000,8.062409,7.883117,0.002079,15.947464,0.000000,0.000000,16.024858,0.047244,7.791439,3.877725,0.000000,11.688482
436,0,0.000000,8.614300,4.402969,0.002112,8.676831,0.000000,0.000000,16.005689,0.022991,8.391004,4.360259,0.000000,12.773150
437,0,0.000000,6.989196,11.430952,0.002280,18.397910,0.000000,0.000000,18.515294,0.028457,6.878511,11.413137,0.000000,18.318480
438,0,0.000000,12.448031,7.876802,0.003759,20.318436,0.000000,0.000000,20.445253,0.020559,12.375513,7.874799,0.000000,16.384857
439,0,0.000000,7.982833,7.903092,0.003014,15.883806,0.000000,0.000000,16.014747,0.045707,7.739986,7.907119,0.000000,15.685539
440,0,0.000000,11.917762,3.884456,0.003528,11.946971,0.000000,0.000000,15.945086,0.048754,11.643173,3.849825,0.000000,11.842862
441,0,0.000000,4.254205,3.964835,0.002046,8.220804,0.000000,0.000000,15.988641,3.986367,7.838800,3.924182,0.000000,15.747558
442,0,0.000000,4.849380,3.959690,0.002260,8.792665,0.000000,0.000000,15.983445,3.992717,7.867282,3.911876,0.000000,15.771875
443,0,0.000000,4.360046,7.936850,0.002577,12.299070,0.000000,0.000000,16.001687,3.984328,7.839646,3.931131,0.000000,15.733583
444,0,0.000000,8.016597,7.894526,0.003594,15.912608,0.000000,0.000000,15.994098,0.033088,7.798285,3.884640,0.000000,11.690444
445,0,0.000000,12.005808,7.158542,0.004841,12.046057,0.000000,0.000000,19.988953,0.043985,12.508922,7.142141,0.000000,16.554790
446,0,0.000000,7.962649,7.957136,0.002668,15.906737,0.000000,0.000000,16.032771,0.053871,7.751136,7.953282,0.000000,15.751595
447,0,0.000000,13.172484,6.666390,0.004103,13.196763,0.000000,0.000000,19.954613,0.036937,12.972693,0.019623,0.000000,13.014181
448,0,0.000000,13.423738,4.162336,0.002621,13.464469,0.000000,0.000000,25.660778,2.332392,13.236079,12.095714,0.000000,18.176605
449,0,0.000000,7.500524,7.853523,0.002628,15.338259,0.000000,0.000000,15.460983,0.035190,7.235947,7.836163,0.000000,15.099831
450,0,0.000000,11.976003,3.911996,0.002361,14.783265,0.000000,0.000000,16.001742,0.048622,11.759205,3.862835,0.000000,11.810518
451,0,0.000000,11.961620,7.879950,0.002127,19.842749,0.000000,0.000000,19.966036,0.047277,7.929214,7.848913,0.000000,15.792451
452,0,0.000000,10.814349,5.070085,0.003798,10.870778,0.000000,0.000000,16.001646,0.039641,10.684632,1.030557,0.000000,11.719740
453,0,0.000000,8.138106,7.718004,0.002882,15.647385,0.000000,0.000000,15.957752,0.048307,7.962729,3.707434,0.000000,11.710987
454,0,0.000000,11.977201,7.866878,0.003992,12.023162,0.000000,0.000000,19.983857,0.035717,11.827156,7.862450,0.000000,15.855377
455,0,0.000000,8.010665,7.878536,0.002308,15.891509,0.000000,0.000000,16.014558,0.031408,4.242035,7.860298,0.000000,12.126477
456,0,0.000000,11.986424,3.893499,0.002061,12.023176,0.000000,0.000000,15.969699,0.025574,7.906310,0.006283,0.000000,7.936571
457,0,0.000000,4.285372,3.588601,0.002281,4.349577,0.000000,0.000000,7.981823,0.030341,4.211381,0.032573,0.000000,4.240217
458,0,0.000000,4.146761,3.945921,0.002313,8.084958,0.000000,0.000000,15.991719,4.013317,7.854733,0.009559,0.000000,11.871029
459,0,0.000000,4.124469,3.980840,0.003050,8.106455,0.000000,0.000000,15.993292,3.979347,7.793712,0.022848,0.000000,11.775441
460,0,0.000000,4.192057,3.960732,0.002578,8.153842,0.000000,0.000000,15.989605,3.974481,7.877146,0.023491,0.000000,11.858239
461,0,0.000000,4.228793,3.969936,0.002846,8.196254,0.000000,0.000000,15.986089,3.974299,7.898969,0.009805,0.000000,11.756880
462,0,0.000000,4.212038,3.983781,0.003093,8.191683,0.000000,0.000000,16.007160,3.982786,7.858369,0.015530,0.000000,11.754852
463,0,0.000000,8.049564,7.866306,0.003005,8.083490,0.000000,0.000000,16.001628,0.032684,7.896001,7.847308,0.000000,15.771885
464,0,0.000000,8.031586,7.867732,0.002772,15.902090,0.000000,0.000000,15.996556,0.031456,7.860912,7.853408,0.000000,15.744145
465,0,0.000000,11.584268,11.094890,0.002960,11.621172,0.000000,0.000000,23.499167,0.025185,12.182240,11.088466,0.000000,15.936679
466,0,0.000000,7.560367,7.869826,0.001927,15.431811,0.000000,0.000000,15.493030,0.032588,7.223289,7.795352,0.000000,15.031910
467,0,0.000000,11.999206,7.914822,0.002090,19.915087,0.000000,0.000000,19.992110,0.020102,9.589848,3.883663,0.000000,11.831886
468,0,0.000000,7.965255,7.953763,0.001893,15.920911,0.000000,0.000000,16.007517,0.035460,7.702630,3.914873,0.000000,11.644139
469,0,0.000000,13.079279,12.138086,0.002010,13.116317,0.000000,0.000000,25.355494,0.032304,12.948129,12.128402,0.000000,21.367312
470,0,0.000000,6.636047,11.372099,0.003100,17.821020,0.000000,0.000000,18.431898,0.038428,6.751073,0.052307,0.000000,6.836612
471,0,0.000000,11.915426,7.845346,0.004203,19.762797,0.000000,0.000000,19.973830,0.137746,11.746430,3.846763,0.000000,12.008723
472,0,0.000000,11.981643,7.898004,0.002335,19.881171,0.000000,0.000000,19.978479,0.037903,11.803408,3.885976,0.000000,11.885784
473,0,0.000000,12.065146,7.807332,0.004549,19.874542,0.000000,0.000000,20.017674,0.025103,11.885511,3.787523,0.000000,11.940047
474,0,0.000000,11.965496,6.200445,0.003098,18.167191,0.000000,0.000000,24.473747,0.038043,13.427069,10.647618,0.000000,14.167202
475,0,0.000000,7.560894,7.835632,0.003010,15.390663,0.000000,0.000000,15.489994,0.031209,7.426926,7.807500,0.000000,15.107124
476,0,0.000000,12.610354,3.306492,0.001947,15.294652,0.000000,0.000000,19.951497,0.024339,12.438830,7.233441,0.000000,12.466631
477,0,0.000000,4.195214,3.997368,0.002936,8.193827,0.000000,0.000000,15.990164,0.031302,7.704048,7.939422,0.000000,15.672609
478,0,0.000000,4.271812,3.987639,0.003427,8.229971,0.000000,0.000000,15.930711,0.055746,7.747144,7.904662,0.000000,15.672026
479,0,0.000000,4.174311,3.948236,0.003772,8.126153,0.000000,0.000000,15.971015,0.071910,7.670574,7.881235,0.000000,15.623719
480,0,0.000000,4.032026,7.585231,0.002603,11.414011,0.000000,0.000000,15.979958,0.320170,8.025321,7.515791,0.000000,15.581512
481,0,0.000000,7.954334,7.849529,0.003020,15.805159,0.000000,0.000000,15.931506,0.038999,7.834241,7.804326,0.000000,15.670417
482,0,0.000000,8.024901,7.876459,0.001976,15.903336,0.000000,0.000000,16.052467,4.050472,11.782808,3.858325,0.000000,11.845020
483,0,0.000000,15.803356,12.056536,0.002076,16.105715,0.000000,0.000000,27.983104,0.039149,15.472010,12.048042,0.000000,19.845531
484,0,0.000000,8.045545,7.865560,0.002832,15.911767,0.000000,0.000000,16.018292,0.039143,7.921814,7.823360,0.000000,15.773046
485,0,0.000000,13.806410,10.327074,0.003704,13.843320,0.000000,0.000000,24.792485,0.033807,14.266525,8.503585,0.000000,15.245597
486,0,0.000000,7.194960,7.846169,0.001891,15.042182,0.000000,0.000000,15.149088,0.039805,7.031328,7.787351,0.000000,14.812590
487,0,0.000000,14.678623,5.235910,0.004271,14.718874,0.000000,0.000000,24.277842,0.035747,14.575786,9.465441,0.000000,19.715054
488,0,0.000000,12.454286,4.636142,0.002533,12.500904,0.000000,0.000000,24.531035,2.555620,12.330444,11.940007,0.000000,15.782327
489,0,0.000000,9.299974,3.256891,0.002272,9.335933,0.000000,0.000000,16.587491,0.038658,8.593133,7.183175,0.000000,8.637368
490,0,0.000000,7.997368,7.918981,0.001975,15.917081,0.000000,0.000000,16.029728,0.032305,7.876252,7.913120,0.000000,15.813447
491,0,0.000000,8.867408,3.022262,0.003407,8.906873,0.000000,0.000000,11.983865,0.041237,8.746757,2.990816,0.000000,11.716905
492,0,0.000000,12.035192,11.835548,0.002924,23.812829,0.000000,0.000000,23.954678,0.028205,11.948846,7.861960,0.000000,19.834827
493,0,0.000000,8.148374,7.774984,0.002114,15.916452,0.000000,0.000000,16.026959,0.034341,7.957597,7.730176,0.000000,15.722114
494,0,0.000000,12.518887,7.324713,0.002367,19.844640,0.000000,0.000000,19.963023,0.070001,12.267170,3.334309,0.000000,12.329300
495,0,0.000000,13.299581,6.569095,0.004272,13.336467,0.000000,0.000000,19.995014,0.050332,13.137139,2.563686,0.000000,13.193741
496,0,0.000000,8.776713,5.087031,0.002816,8.816977,0.000000,0.000000,17.399615,0.040512,8.681776,8.461551,0.000000,13.782306
497,0,0.000000,8.877817,7.518760,0.002555,16.397542,0.000000,0.000000,16.525269,0.036865,8.353589,3.480638,0.000000,8.409421
498,0,0.000000,9.332645,6.524487,0.002765,10.498010,0.000000,0.000000,16.339772,0.056869,9.206516,6.508870,0.000000,13.324878
499,0,0.000000,7.580098,7.725660,0.004266,14.768492,0.000000,0.000000,15.664431,0.429613,7.544880,7.735900,0.000000,11.605848
500,0,0.000000,11.958021,7.844270,0.003536,19.804806,0.000000,0.000000,19.989465,0.048095,11.714613,7.844722,0.000000,15.885337
501,0,0.000000,12.035181,7.724313,0.003783,19.760749,0.000000,0.000000,19.958299,0.033901,11.966209,7.716253,0.000000,19.712997
502,0,0.000000,12.040803,7.822253,0.005655,19.866566,0.000000,0.000000,20.066421,0.039500,11.966092,7.808600,0.000000,19.812015
503,0,0.000000,11.904170,3.329988,0.001956,11.940971,0.000000,0.000000,19.875927,0.075173,12.306649,7.272881,0.000000,12.393320
504,0,0.000000,8.013123,7.898310,0.003492,15.912218,0.000000,0.000000,16.015351,0.042331,7.828653,7.878869,0.000000,15.733389
505,0,0.000000,8.800045,7.053422,0.003008,8.837408,0.000000,0.000000,15.951908,0.044322,8.697792,3.069586,0.000000,11.796042
506,0,0.000000,8.135765,7.803571,0.002808,15.941040,0.000000,0.000000,16.031772,0.026139,8.008622,7.786742,0.000000,15.804073
507,0,0.000000,12.689613,3.209657,0.002364,12.726224,0.000000,0.000000,19.949614,0.027677,12.550758,7.136365,0.000000,15.755798
508,0,0.000000,4.154073,3.988531,0.002638,8.142965,0.000000,0.000000,15.994207,0.026912,7.861614,7.920593,0.000000,15.618607
509,0,0.000000,4.106945,3.986644,0.002524,8.094699,0.000000,0.000000,15.956505,0.056035,7.760766,7.927239,0.000000,15.602618
510,0,0.000000,4.144120,3.984634,0.002049,8.130323,0.000000,0.000000,16.003538,0.048639,7.684739,7.930068,0.000000,15.661561
511,0,0.000000,4.237156,5.135184,0.003503,9.374918,0.000000,0.000000,15.985695,0.033048,7.687928,7.916927,0.000000,15.630192
512,0,0.000000,4.127846,4.698554,0.010891,6.943965,0.000000,0.000000,20.007111,7.988349,6.067259,4.657014,0.000000,18.686785
513,0,0.000000,8.223746,3.732971,0.001988,8.266942,0.000000,0.000000,15.885678,0.029911,8.131819,7.539167,0.000000,11.869081
514,0,0.000000,4.229012,3.992251,0.001888,8.217196,0.000000,0.000000,15.974880,0.033794,7.747717,7.897202,0.000000,11.734527
515,0,0.000000,4.201773,3.991389,0.002307,8.194522,0.000000,0.000000,15.991413,0.030767,7.777796,7.908531,0.000000,11.764830
516,0,0.000000,4.166317,3.997017,0.001768,8.160779,0.000000,0.000000,15.953305,0.028435,7.799007,7.920164,0.000000,11.787951
517,0,0.000000,8.012475,7.938979,0.001995,15.952931,0.000000,0.000000,16.016767,0.021740,4.030388,7.918299,0.000000,11.961521
518,0,0.000000,12.698782,7.191259,0.002174,12.735350,0.000000,0.000000,19.977562,0.020802,12.572963,7.156534,0.000000,16.556070
519,0,0.000000,8.069196,7.861326,0.002065,15.931565,0.000000,0.000000,16.018549,0.032467,7.971068,7.843518,0.000000,15.845883
520,0,0.000000,12.991471,2.921059,0.002227,13.028885,0.000000,0.000000,19.950309,0.036813,12.870026,6.833082,0.000000,15.792975
521,0,0.000000,4.303346,3.961595,0.004558,8.264105,0.000000,0.000000,16.013120,0.031786,7.899754,7.880901,0.000000,15.710199
522,0,0.000000,4.252948,3.945678,0.002309,8.193268,0.000000,0.000000,15.980229,0.041740,7.737206,7.704945,0.000000,15.375541
523,0,0.000000,8.011784,7.894253,0.002266,15.907291,0.000000,0.000000,16.004434,0.037602,7.841338,7.852991,0.000000,15.717212
524,0,0.000000,11.980898,7.341526,0.003774,12.016314,0.000000,0.000000,19.965565,0.031266,12.359777,3.388237,0.000000,15.750177
525,0,0.000000,8.026402,7.889866,0.003225,15.916591,0.000000,0.000000,16.012684,0.032114,7.856636,3.883038,0.000000,11.766436
526,0,0.000000,14.009234,5.888937,0.001880,14.047040,0.000000,0.000000,27.338317,0.046420,13.840479,13.197762,0.000000,13.863406
527,0,0.000000,12.664239,7.836270,0.003399,20.501354,0.000000,0.000000,20.626368,0.066775,12.511858,7.782483,0.000000,20.241282
528,0,0.000000,12.560008,3.386654,0.002943,12.593063,0.000000,0.000000,20.011273,0.027528,12.394494,7.329480,0.000000,12.412434
529,0,0.000000,7.855804,7.880669,0.002150,15.718023,0.000000,0.000000,15.851898,0.037593,7.678111,7.877965,0.000000,15.571038
530,0,0.000000,12.578483,7.223329,0.002667,19.803656,0.000000,0.000000,19.981602,0.028888,12.469486,7.215979,0.000000,19.700818
531,0,0.000000,13.392695,6.416078,0.002028,13.442579,0.000000,0.000000,22.284390,0.028286,13.299782,8.707168,0.000000,19.678706
532,0,0.000000,13.728160,7.300075,0.003861,13.778726,0.000000,0.000000,21.632179,0.038906,14.016317,7.252334,0.000000,17.338517
533,0,0.000000,8.029238,7.865653,0.002534,15.897425,0.000000,0.000000,16.034784,0.045799,7.893640,7.864136,0.000000,15.792958
534,0,0.000000,11.966873,6.845906,0.002742,12.004273,0.000000,0.000000,19.948100,0.084645,12.751724,6.817293,0.000000,16.779410
535,0,0.000000,12.751495,7.111562,0.002214,12.792763,0.000000,0.000000,19.970085,0.040426,12.514169,3.133516,0.000000,12.549776
536,0,0.000000,8.026927,7.913836,0.002389,15.943152,0.000000,0.000000,16.024149,0.028545,7.906366,3.889170,0.000000,11.818365
537,0,0.000000,13.853193,5.938472,0.002596,13.891982,0.000000,0.000000,25.659770,0.039772,13.800278,11.581857,0.000000,17.828203
538,0,0.000000,13.632319,4.591361,0.003156,13.667553,0.000000,0.000000,26.273705,0.032241,13.465516,12.516385,0.000000,23.525633
539,0,0.000000,8.110811,7.808693,0.002258,15.910875,0.000000,0.000000,16.031161,0.031722,7.981950,7.786249,0.000000,15.790338
540,0,0.000000,12.580583,3.321027,0.003435,12.623478,0.000000,0.000000,19.957104,0.029938,12.358463,7.241388,0.000000,12.398821
541,0,0.000000,4.224989,3.989914,0.001791,8.215889,0.000000,0.000000,16.002363,0.033755,7.653196,7.923824,0.000000,15.603364
542,0,0.000000,4.151537,3.970625,0.002602,8.123125,0.000000,0.000000,15.986845,0.040166,7.627355,7.923362,0.000000,15.590883
543,0,0.000000,4.180426,3.956964,0.002431,8.129948,0.000000,0.000000,15.940812,0.068911,7.514382,7.887007,0.000000,15.439703
544,0,0.000000,8.087326,7.823418,0.002883,15.906921,0.000000,0.000000,20.008469,4.012787,11.140397,7.755889,0.000000,12.398353
545,0,0.000000,9.021073,6.701275,0.003311,9.056866,0.000000,0.000000,15.868338,0.051339,8.777543,6.673839,0.000000,11.504707
546,0,0.000000,8.036453,7.858639,0.002719,15.897077,0.000000,0.000000,16.013724,0.040184,7.905151,7.810569,0.000000,15.596776
547,0,0.000000,8.765753,3.148110,0.002412,8.810041,0.000000,0.000000,15.967279,0.035713,8.581728,7.057721,0.000000,11.719263
548,0,0.000000,7.875888,7.861168,0.002909,15.737925,0.000000,0.000000,15.995023,0.171408,7.698946,7.818426,0.000000,15.688780
549,0,0.000000,11.946823,7.895667,0.003041,19.843751,0.000000,0.000000,19.973571,0.056241,11.722267,7.872117,0.000000,15.767741
550,0,0.000000,11.974951,7.892231,0.002748,19.868061,0.000000,0.000000,19.975975,0.040896,11.848270,7.846345,0.000000,15.839041
551,0,0.000000,8.858556,7.052793,0.002435,15.077380,0.000000,0.000000,15.993649,0.037718,7.754004,3.036137,0.000000,10.827859
552,0,0.000000,8.794764,3.110516,0.001681,11.128282,0.000000,0.000000,11.999462,0.030556,8.644692,3.083876,0.000000,8.678083
553,0,0.000000,11.996591,3.910230,0.004115,12.037867,0.000000,0.000000,16.000724,0.025525,11.880597,3.875169,0.000000,11.905500
554,0,0.000000,4.207248,3.691767,0.003393,4.256767,0.000000,0.000000,7.993237,0.030372,4.044748,3.670649,0.000000,4.087291
555,0,0.000000,4.165479,4.215398,0.053171,8.352022,0.000000,0.000000,15.950484,0.033050,7.758759,7.894198,0.000000,15.685656
556,0,0.000000,4.212400,5.024221,0.003181,9.185827,0.000000,0.000000,15.976382,0.041887,7.755857,7.899037,0.000000,15.696781
557,0,0.000000,4.186079,3.962695,0.023660,8.151900,0.000000,0.000000,15.962179,0.040605,7.746820,7.889342,0.000000,15.674476
558,0,0.000000,4.216453,3.973900,0.003847,8.194200,0.000000,0.000000,16.000107,0.035981,7.765865,7.911418,0.000000,15.710555
559,0,0.000000,4.185093,3.951496,0.002652,8.106759,0.000000,0.000000,16.029725,8.000628,11.793978,7.859057,0.000000,15.608807
560,0,0.000000,4.183673,3.952625,0.002223,8.132169,0.000000,0.000000,15.998937,0.036258,7.756720,7.880854,0.000000,15.594847
561,0,0.000000,4.169872,7.927828,0.002762,12.100462,0.000000,0.000000,15.935224,0.051837,7.584972,7.900695,0.000000,15.534073
562,0,0.000000,7.983175,7.925834,0.001922,15.909929,0.000000,0.000000,16.060760,0.040510,7.884546,7.936606,0.000000,15.849320
563,0,0.000000,14.108784,5.710856,0.003379,14.151444,0.000000,0.000000,27.058058,0.050487,13.912215,12.809039,0.000000,17.940174
564,0,0.000000,12.825049,7.875508,0.003004,20.703561,0.000000,0.000000,20.840072,0.040315,12.627075,7.860304,0.000000,20.504498
565,0,0.000000,8.040199,7.879013,0.003165,15.921304,0.000000,0.000000,16.034922,0.031155,7.894369,7.886664,0.000000,15.731126
566,0,0.000000,14.417683,5.414034,0.002466,14.470027,0.000000,0.000000,19.940252,0.035901,14.217056,2.815846,0.000000,14.253214
567,0,0.000000,8.038965,7.891577,0.003282,15.931701,0.000000,0.000000,24.032520,8.022024,11.954558,7.875700,0.000000,23.773449
568,0,0.000000,13.251346,8.518598,0.003977,15.418625,0.000000,0.000000,27.668552,0.033683,13.441463,11.696924,0.000000,18.807856
569,0,0.000000,12.291093,7.902068,0.004051,20.194344,0.000000,0.000000,20.293032,0.031899,12.148687,7.880753,0.000000,20.056769
570,0,0.000000,8.897313,7.001330,0.003940,15.049438,0.000000,0.000000,19.960779,0.028706,8.780254,7.969718,0.000000,16.768391
571,0,0.000000,7.537569,7.846957,0.002317,15.385773,0.000000,0.000000,16.017481,0.567237,7.954040,7.812882,0.000000,15.790407
572,0,0.000000,14.348263,8.662073,0.004781,14.385967,0.000000,0.000000,27.114681,0.025441,14.237206,12.257452,0.000000,15.831651
573,0,0.000000,12.895204,7.832453,0.005172,20.728743,0.000000,0.000000,20.856428,0.055384,12.713366,7.790972,0.000000,20.456007
574,0,0.000000,14.281797,5.566395,0.003117,14.325684,0.000000,0.000000,22.959287,0.038435,14.144250,8.503359,0.000000,18.146212
575,0,0.000000,13.014746,3.929274,0.002379,16.423161,0.000000,0.000000,20.983550,0.031511,12.849953,7.847836,0.000000,15.905504
576,0,0.000000,8.004237,7.913532,0.003792,15.921561,0.000000,0.000000,16.023928,0.029040,7.849546,7.916801,0.000000,15.790627
577,0,0.000000,11.955463,3.854569,0.002841,11.986474,0.000000,0.000000,15.912644,0.030433,11.761285,3.845859,0.000000,11.868784
578,0,0.000000,4.111786,3.777982,0.002573,4.146337,0.000000,0.000000,7.973460,0.027983,3.942057,3.758742,0.000000,3.981687
579,0,0.000000,4.164893,7.754226,0.001691,7.986360,0.000000,0.000000,12.003707,0.027139,3.968067,7.734304,0.000000,8.017105
580,0,0.000000,8.638713,3.252182,0.002544,8.674940,0.000000,0.000000,11.982332,0.025733,8.525240,3.220227,0.000000,11.718861
581,0,0.000000,11.730685,4.166589,0.003721,11.777092,0.000000,0.000000,15.990239,0.023714,7.645060,0.154782,0.000000,7.668131
582,0,0.000000,12.019929,7.873523,0.001662,19.894538,0.000000,0.000000,19.984640,0.029884,11.899600,7.846252,0.000000,15.927815
583,0,0.000000,12.036620,7.865623,0.001492,19.903410,0.000000,0.000000,23.987252,0.021573,11.882752,8.001420,0.000000,15.922487
584,0,0.000000,8.065967,9.440270,0.002424,15.907404,0.000000,0.000000,17.637278,0.030988,7.864752,9.437192,0.000000,17.309544
585,0,0.000000,12.629335,5.559484,0.002505,12.668868,0.000000,0.000000,18.340679,0.047597,12.504081,5.538872,0.000000,14.180265
586,0,0.000000,7.994984,6.729455,0.001741,14.725392,0.000000,0.000000,16.421982,0.033198,8.866117,6.709998,0.000000,15.607919
587,0,0.000000,15.499580,7.685280,0.003580,15.675655,0.000000,0.000000,23.528319,0.051147,15.337888,3.689804,0.000000,15.410338
588,0,0.000000,8.699546,7.180557,0.002290,15.873040,0.000000,0.000000,16.004550,0.033133,8.555449,4.365613,0.000000,12.950823
589,0,0.000000,12.687401,7.160850,0.003025,19.847344,0.000000,0.000000,19.982866,0.040591,8.599557,6.817641,0.000000,15.446804
590,0,0.000000,11.994677,7.260540,0.002154,19.256580,0.000000,0.000000,19.984034,0.027811,12.411083,7.218458,0.000000,16.394040
591,0,0.000000,9.260343,6.694711,0.006002,14.731601,0.000000,0.000000,16.357636,0.030832,9.169798,6.980104,0.000000,16.072348
592,0,0.000000,13.521182,5.874611,0.003622,13.556508,0.000000,0.000000,26.741828,0.153338,13.442079,12.962344,0.000000,19.325249
593,0,0.000000,10.247299,6.103998,0.003726,10.281303,0.000000,0.000000,23.375870,0.038609,10.111970,13.001430,0.000000,13.052091
594,0,0.000000,11.833410,5.077583,0.002696,11.875935,0.000000,0.000000,24.434727,0.055223,11.623288,12.428095,0.000000,15.793548
595,0,0.000000,12.586324,7.818017,0.003633,20.405191,0.000000,0.000000,20.586646,0.056016,12.431220,7.810704,0.000000,20.297680
596,0,0.000000,15.985665,7.824907,0.004018,23.812432,0.000000,0.000000,23.937259,0.044205,13.331891,7.792464,0.000000,15.843701
597,0,0.000000,8.084373,7.844116,0.003322,15.931347,0.000000,0.000000,16.050018,0.037896,7.961311,7.806533,0.000000,15.802314
598,0,0.000000,11.971789,7.176032,0.002565,15.161179,0.000000,0.000000,19.965482,0.033765,12.480016,7.174697,0.000000,15.807753
599,0,0.000000,8.011344,7.873134,0.002724,15.886026,0.000000,0.000000,15.999781,0.041479,7.805298,7.860623,0.000000,15.702327
600,0,0.000000,13.636420,6.244763,0.003446,13.694763,0.000000,0.000000,20.009524,0.031848,13.562080,0.036137,0.000000,13.626294
601,0,0.000000,10.141601,5.767933,0.003924,10.185336,0.000000,0.000000,23.958795,7.970918,17.920566,5.742633,0.000000,23.533331
602,0,0.000000,12.048076,7.795777,0.003436,19.845974,0.000000,0.000000,19.976041,0.033225,11.801074,3.756454,0.000000,11.843545
603,0,0.000000,8.004430,7.899148,0.003038,15.906616,0.000000,0.000000,16.017634,0.036472,7.868813,7.902439,0.000000,15.807403
604,0,0.000000,11.980086,4.736933,0.002049,12.013902,0.000000,0.000000,19.984919,0.041067,11.095046,4.728068,0.000000,15.859251
605,0,0.000000,9.016455,2.822540,0.002319,9.060335,0.000000,0.000000,15.923052,0.053134,8.886512,6.753446,0.000000,15.691577
606,0,0.000000,8.023452,7.856584,0.004031,15.881601,0.000000,0.000000,16.040246,0.045617,7.901498,7.843027,0.000000,15.788766
607,0,0.000000,8.904971,6.931624,0.002244,8.945090,0.000000,0.000000,15.955757,0.033607,8.781788,2.929414,0.000000,11.743326
608,0,0.000000,7.992581,7.911296,0.001800,15.904980,0.000000,0.000000,15.991740,0.031910,7.835658,3.918016,0.000000,11.782267
609,0,0.000000,8.789009,3.082266,0.001791,8.828379,0.000000,0.000000,16.159031,0.029576,8.635935,7.256000,0.000000,15.912810
610,0,0.000000,7.796143,7.858579,0.003417,15.655926,0.000000,0.000000,15.749606,0.033503,7.605423,7.801189,0.000000,15.439277
611,0,0.000000,8.717025,7.172479,0.002811,8.756124,0.000000,0.000000,15.980073,0.037756,8.556913,3.176162,0.000000,10.933714
612,0,0.000000,8.067913,7.854996,0.003066,15.925975,0.000000,0.000000,16.122330,0.033450,7.947263,7.907918,0.000000,15.814564
613,0,0.000000,14.095832,5.686130,0.004331,14.134559,0.000000,0.000000,19.916258,0.034738,13.937663,1.669071,0.000000,13.971559
614,0,0.000000,9.286931,3.921650,0.002365,9.329859,0.000000,0.000000,19.959561,6.700375,9.084688,3.885468,0.000000,18.466031
615,0,0.000000,12.067379,7.857740,0.004270,19.929389,0.000000,0.000000,20.015191,0.018773,11.917838,7.831145,0.000000,15.971585
616,0,0.000000,11.954346,7.900581,0.003684,19.832362,0.000000,0.000000,19.951820,0.041426,11.718851,0.021253,0.000000,11.759511
617,0,0.000000,12.063750,7.832302,0.002885,19.898937,0.000000,0.000000,19.990469,0.023501,11.927366,3.810099,0.000000,11.952716
618,0,0.000000,11.988902,3.924368,0.003953,15.901781,0.000000,0.000000,16.025989,0.035917,11.757706,0.011200,0.000000,11.804823
619,0,0.000000,4.235104,3.978693,0.002791,8.209734,0.000000,0.000000,15.958591,3.974810,7.747636,0.018098,0.000000,7.846991
620,0,0.000000,4.204054,3.980966,0.002197,8.183464,0.000000,0.000000,15.984633,3.986165,7.808982,0.010992,0.000000,7.896326
621,0,0.000000,4.227188,3.981208,0.002781,8.207879,0.000000,0.000000,15.984761,3.993697,7.878077,0.011068,0.000000,7.913850
622,0,0.000000,8.015917,9.266175,0.002723,17.283184,0.000000,0.000000,21.357271,3.989014,7.893704,0.011927,0.000000,7.948481
623,0,0.000000,6.639046,3.879627,0.001724,6.680674,0.000000,0.000000,10.619717,0.035757,6.488539,3.845777,0.000000,10.368282
624,0,0.000000,4.157674,3.779897,0.002856,4.192542,0.000000,0.000000,8.008450,0.018787,4.039430,3.759475,0.000000,4.072638
625,0,0.000000,4.045693,3.888180,0.003836,4.143307,0.000000,0.000000,8.009012,0.027719,3.911180,3.787900,0.000000,6.747677
626,0,0.000000,8.066960,7.747825,0.002100,15.671523,0.000000,0.000000,15.907484,0.023764,7.930471,7.726842,0.000000,15.669836
627,0,0.000000,8.711018,3.159093,0.002290,11.107902,0.000000,0.000000,11.988458,0.053410,8.513293,3.137001,0.000000,11.689153
628,0,0.000000,12.028647,7.865037,0.003545,19.839301,0.000000,0.000000,19.982035,0.027845,11.867635,0.023941,0.000000,11.895104
629,0,0.000000,11.971349,7.898387,0.002934,19.872670,0.000000,0.000000,19.989005,0.036328,11.840629,3.885333,0.000000,11.885035
630,0,0.000000,13.016029,11.974917,0.003940,18.231356,0.000000,0.000000,26.762262,0.051531,14.405744,11.970323,0.000000,21.254198
631,0,0.000000,13.190948,7.872750,0.002060,13.243767,0.000000,0.000000,21.187820,0.065140,13.000338,7.833859,0.000000,19.689156
632,0,0.000000,8.054868,7.092479,0.003060,11.197101,0.000000,0.000000,15.988469,0.034415,7.845769,7.070389,0.000000,14.838295
633,0,0.000000,8.050039,7.858560,0.002442,15.910504,0.000000,0.000000,16.056687,0.030255,7.882859,7.868961,0.000000,15.727524
634,0,0.000000,11.961187,7.900002,0.003108,12.015494,0.000000,0.000000,19.967749,0.048164,11.705602,7.894046,0.000000,15.820401
635,0,0.000000,8.031872,3.854516,0.003577,8.072264,0.000000,0.000000,15.953294,0.031099,7.916547,7.800319,0.000000,15.726307
636,0,0.000000,4.165176,3.991524,0.001434,8.157032,0.000000,0.000000,15.983935,0.039262,7.823048,7.939815,0.000000,15.745457
637,0,0.000000,4.152631,3.999697,0.001727,8.153681,0.000000,0.000000,15.979140,0.031827,7.772230,7.933593,0.000000,15.737650
638,0,0.000000,4.686054,7.921826,0.003139,8.585695,0.000000,0.000000,20.527638,0.037552,12.244657,7.897846,0.000000,12.287345
639,0,0.000000,8.062083,11.195547,0.003161,19.212869,0.000000,0.000000,19.378711,0.044663,7.855939,11.202251,0.000000,19.096954
640,0,0.000000,8.623651,7.934268,0.001944,12.595151,0.000000,0.000000,20.618210,0.056505,12.283719,7.906387,0.000000,15.891531
641,0,0.000000,7.933899,7.899653,0.003636,15.833742,0.000000,0.000000,15.922941,0.033317,7.759232,7.885422,0.000000,15.670315
642,0,0.000000,13.373339,6.520213,0.001840,14.521857,0.000000,0.000000,19.991338,0.030744,13.263183,2.501961,0.000000,13.291692
643,0,0.000000,10.660988,3.264731,0.003859,10.700994,0.000000,0.000000,19.950648,2.024002,10.704698,7.197241,0.000000,15.621147
644,0,0.000000,4.176861,3.992668,0.001697,8.170572,0.000000,0.000000,15.975112,0.045450,7.835472,7.929333,0.000000,15.787227
645,0,0.000000,4.228823,3.990906,0.001761,8.221490,0.000000,0.000000,15.992301,0.028336,7.850841,7.930830,0.000000,15.796962
646,0,0.000000,4.190730,3.983297,0.001880,8.164956,0.000000,0.000000,15.999967,0.029063,7.849306,7.927493,0.000000,15.797571
647,0,0.000000,4.160002,3.987583,0.004021,8.145489,0.000000,0.000000,16.005108,0.032655,7.798093,7.942318,0.000000,15.751714
648,0,0.000000,7.989858,7.865163,0.002395,15.856192,0.000000,0.000000,15.987177,0.044014,7.793853,7.814719,0.000000,15.649021
649,0,0.000000,11.990576,7.215272,0.002561,12.029131,0.000000,0.000000,19.963113,0.033187,12.239988,7.183310,0.000000,15.125730
650,0,0.000000,8.010068,7.936552,0.002549,15.947580,0.000000,0.000000,16.048368,0.035752,7.746485,7.856005,0.000000,15.621364
651,0,0.000000,11.843332,3.951153,0.003653,11.872246,0.000000,0.000000,19.882919,0.062815,11.585760,7.899378,0.000000,15.741618
652,0,0.000000,4.202060,3.977774,0.003908,8.182605,0.000000,0.000000,17.599845,0.054833,7.704180,9.526220,0.000000,17.272366
653,0,0.000000,9.314893,8.578476,0.003135,11.379524,0.000000,0.000000,18.012014,0.036574,9.185231,7.615067,0.000000,14.489796
654,0,0.000000,12.384652,7.847464,0.003498,20.235614,0.000000,0.000000,20.361285,0.035134,12.216946,7.826322,0.000000,19.974321
655,0,0.000000,8.068339,7.829675,0.004691,15.879042,0.000000,0.000000,16.026327,0.037867,7.921056,7.762131,0.000000,15.672401
656,0,0.000000,12.737789,3.125421,0.002810,12.778897,0.000000,0.000000,19.934648,0.039104,12.532389,7.050979,0.000000,12.586954
657,0,0.000000,3.935680,3.979355,0.002088,7.916794,0.000000,0.000000,15.759431,0.144971,7.419474,7.912154,0.000000,15.461801
658,0,0.000000,4.221793,3.902739,0.002359,8.122035,0.000000,0.000000,15.989792,0.035026,7.788843,7.827875,0.000000,15.646957
659,0,0.000000,4.227497,3.904504,0.001870,8.128529,0.000000,0.000000,15.995988,0.036685,7.799820,7.838528,0.000000,15.675033
660,0,0.000000,4.236720,3.944483,0.002646,8.165804,0.000000,0.000000,15.985263,0.038340,7.746436,7.845548,0.000000,15.623496
661,0,0.000000,4.235479,7.951427,0.003240,12.082858,0.000000,0.000000,16.006408,0.033547,7.804544,7.915585,0.000000,15.750874
662,0,0.000000,8.029320,9.610477,0.002896,16.813704,0.000000,0.000000,17.819441,0.899584,7.052787,9.635545,0.000000,17.562923
663,0,0.000000,10.154306,11.925181,0.002314,12.208732,0.000000,0.000000,24.657634,0.054624,12.345466,11.915133,0.000000,18.458110
664,0,0.000000,9.509531,10.916495,0.003508,11.248969,0.000000,0.000000,23.750182,0.042856,12.582764,10.902299,0.000000,15.799200
665,0,0.000000,5.692307,7.918479,0.002670,13.611480,0.000000,0.000000,13.684300,0.031416,5.574929,7.869821,0.000000,13.290844
666,0,0.000000,11.984232,3.963735,0.002003,12.024790,0.000000,0.000000,16.027228,0.030644,11.686760,3.946164,0.000000,11.933104
667,0,0.000000,4.343225,7.530862,0.002352,7.704979,0.000000,0.000000,11.956826,0.033122,4.201492,6.384058,0.000000,6.697114
668,0,0.000000,12.113482,3.788429,0.003565,12.163086,0.000000,0.000000,16.039111,0.019737,11.989424,3.764272,0.000000,12.023725
669,0,0.000000,11.986014,7.176910,0.003116,15.198435,0.000000,0.000000,19.943957,0.042293,11.861599,7.163329,0.000000,15.796188
670,0,0.000000,7.987769,7.950810,0.002072,15.939966,0.000000,0.000000,16.021842,0.030370,7.808223,7.937387,0.000000,15.774377
671,0,0.000000,11.961586,7.323700,0.002459,19.286387,0.000000,0.000000,19.959144,0.027435,11.792787,7.304892,0.000000,15.800773
672,0,0.000000,13.414136,6.466359,0.002345,13.452965,0.000000,0.000000,19.992583,0.028538,9.345231,2.445151,0.000000,11.809362
673,0,0.000000,9.567441,7.844649,0.002405,9.605489,0.000000,0.000000,17.513600,0.031577,9.480622,3.854045,0.000000,11.841641
674,0,0.000000,8.028560,7.872387,0.002170,15.902019,0.000000,0.000000,16.001700,0.032939,7.854529,3.866652,0.000000,11.739345
675,0,0.000000,5.356155,7.897603,0.003506,13.257264,0.000000,0.000000,24.010020,7.997429,7.816367,7.890818,0.000000,23.668159
676,0,0.000000,8.022048,7.890167,0.002077,15.902782,0.000000,0.000000,16.019822,0.037908,7.898092,7.878256,0.000000,15.813097
677,0,0.000000,12.018870,6.401865,0.003122,12.056586,0.000000,0.000000,22.099914,0.049717,13.251859,6.377708,0.000000,19.419452
678,0,0.000000,6.054098,6.097925,0.003085,6.291217,0.000000,0.000000,20.943239,0.032726,11.533470,9.167111,0.000000,18.859390
679,0,0.000000,5.042920,3.981834,0.002996,9.026740,0.000000,0.000000,20.850538,0.040056,11.875767,7.896131,0.000000,12.612783
680,0,0.000000,4.191146,3.999192,0.003561,8.191659,0.000000,0.000000,15.986609,0.038974,7.784767,7.900050,0.000000,11.782879
681,0,0.000000,4.180022,3.993595,0.002402,8.170807,0.000000,0.000000,15.988463,0.028117,7.831671,7.917040,0.000000,11.810770
682,0,0.000000,8.013526,7.290333,0.002447,15.305084,0.000000,0.000000,16.033202,0.022346,8.544510,7.262708,0.000000,15.824833
683,0,0.000000,11.965609,7.222715,0.002099,12.000672,0.000000,0.000000,19.954705,0.026608,12.529354,3.232744,0.000000,12.558367
684,0,0.000000,8.003608,7.910421,0.002406,15.914891,0.000000,0.000000,16.001060,0.028434,7.809444,3.891718,0.000000,11.724102
685,0,0.000000,12.005834,7.872762,0.002362,12.046972,0.000000,0.000000,19.988654,0.033476,11.862001,7.863715,0.000000,15.894139
686,0,0.000000,7.990808,7.925249,0.002152,15.917141,0.000000,0.000000,16.002197,0.031818,7.874479,7.905714,0.000000,15.797281
687,0,0.000000,11.994023,3.941631,0.002039,12.029910,0.000000,0.000000,16.028292,0.020174,11.890544,3.914957,0.000000,15.819249
688,0,0.000000,4.142917,3.789130,0.001670,4.174443,0.000000,0.000000,7.991998,0.030372,4.017598,3.765983,0.000000,7.728733
689,0,0.000000,4.053627,3.788558,0.001491,4.089115,0.000000,0.000000,7.892072,0.026740,3.907690,3.762237,0.000000,7.658711
690,0,0.000000,4.148454,3.775970,0.002538,4.182228,0.000000,0.000000,7.988028,0.019990,4.014093,3.750596,0.000000,7.728644
691,0,0.000000,4.119583,7.775022,0.002035,8.011098,0.000000,0.000000,11.964862,0.031320,3.951850,3.781146,0.000000,7.746243
692,0,0.000000,8.002290,7.952170,0.001884,15.956268,0.000000,0.000000,16.016229,0.021427,7.872833,3.913629,0.000000,11.791606
693,0,0.000000,12.063008,3.805337,0.002052,12.103294,0.000000,0.000000,15.990794,0.033187,11.933780,3.779073,0.000000,15.718340
694,0,0.000000,8.743592,3.149438,0.003093,8.783316,0.000000,0.000000,11.989552,0.031181,8.622122,3.133410,0.000000,11.785296
695,0,0.000000,4.183666,3.718754,0.001911,4.226397,0.000000,0.000000,7.983092,0.032739,3.935097,3.696161,0.000000,7.663997
696,0,0.000000,4.179368,3.746853,0.003587,4.216938,0.000000,0.000000,8.023225,0.026910,3.943323,3.732575,0.000000,7.697579
697,0,0.000000,4.208809,3.690035,0.002333,4.246391,0.000000,0.000000,7.984839,0.032223,3.950609,3.669553,0.000000,7.600447
698,0,0.000000,4.184432,3.718869,0.002052,4.218757,0.000000,0.000000,7.979997,0.022745,3.995469,3.709174,0.000000,7.655825
699,0,0.000000,4.188682,3.724918,0.002115,4.221878,0.000000,0.000000,7.985908,0.028334,4.007478,3.709601,0.000000,7.627519
700,0,0.000000,7.962570,7.930748,0.002025,15.894945,0.000000,0.000000,19.948353,0.020062,7.851705,7.979438,0.000000,15.781864
701,0,0.000000,4.126323,5.610893,0.001923,9.694926,0.000000,0.000000,22.959898,0.031324,14.208063,6.936774,0.000000,21.175030
702,0,0.000000,13.123253,7.823920,0.002830,20.950003,0.000000,0.000000,21.041339,0.027278,12.995342,7.806983,0.000000,20.753504
703,0,0.000000,8.089843,7.826132,0.002135,15.910343,0.000000,0.000000,19.978116,0.026316,7.979601,11.765425,0.000000,19.703699
704,0,0.000000,8.663085,13.249398,0.003217,13.458848,0.000000,0.000000,23.614275,1.623429,8.486571,13.244348,0.000000,17.245309
705,0,0.000000,12.119114,3.775374,0.003374,12.176673,0.000000,0.000000,19.846803,0.367846,11.929885,7.551584,0.000000,15.813569
706,0,0.000000,8.572573,7.454336,0.002949,15.589136,0.000000,0.000000,17.860292,0.047799,8.303634,9.168430,0.000000,15.789750
707,0,0.000000,6.394254,6.787807,0.002163,9.215381,0.000000,0.000000,15.017994,0.040052,7.150746,7.506112,0.000000,14.682012
708,0,0.000000,11.225526,6.742936,0.002921,11.255945,0.000000,0.000000,23.227368,0.025281,16.167774,6.703142,0.000000,20.181970
709,0,0.000000,10.366508,9.472703,0.003094,13.515897,0.000000,0.000000,19.976009,0.034445,10.211163,5.447444,0.000000,14.231224
710,0,0.000000,8.164324,9.631242,0.004887,15.965700,0.000000,0.000000,25.721503,4.063726,12.000351,9.590871,0.000000,17.623314
711,0,0.000000,6.555220,10.256727,0.005855,12.706391,0.000000,0.000000,24.281059,0.044494,8.419906,6.554602,0.000000,12.927935
712,0,0.000000,6.130720,3.951182,0.002817,8.359790,0.000000,0.000000,17.965726,0.054826,7.304412,7.888236,0.000000,15.169572
713,0,0.000000,4.274736,3.989453,0.001789,8.257489,0.000000,0.000000,15.987301,0.034933,7.757012,7.920381,0.000000,15.710365
714,0,0.000000,4.221570,4.000906,0.002404,8.223995,0.000000,0.000000,15.973761,0.034641,7.688695,7.925383,0.000000,15.431054
715,0,0.000000,4.214259,7.376541,0.002903,7.597266,0.000000,0.000000,19.997365,0.037409,12.323990,7.343642,0.000000,14.607867
716,0,0.000000,8.165793,7.764942,0.001769,15.818564,0.000000,0.000000,16.020385,0.030100,7.936657,4.000960,0.000000,11.809971
717,0,0.000000,11.980634,5.447056,0.002146,17.428722,0.000000,0.000000,19.991586,0.030973,14.329351,5.425042,0.000000,14.359399
718,0,0.000000,11.974443,7.944334,0.001739,19.919823,0.000000,0.000000,19.988413,0.025702,11.738777,3.914197,0.000000,11.768841
719,0,0.000000,12.005371,3.858532,0.002917,12.052572,0.000000,0.000000,15.991543,0.057040,11.841963,3.821596,0.000000,11.903524
720,0,0.000000,9.406736,6.471570,0.002170,9.448147,0.000000,0.000000,15.980332,0.029884,9.240220,6.454566,0.000000,15.712479
721,0,0.000000,7.744074,7.844046,0.002050,15.589110,0.000000,0.000000,15.701750,0.033316,7.517883,7.826180,0.000000,15.371938
722,0,0.000000,12.556278,3.337943,0.002628,12.594004,0.000000,0.000000,20.219196,0.027339,12.414318,7.539233,0.000000,12.834328
723,0,0.000000,7.724167,7.925389,0.002195,15.650809,0.000000,0.000000,15.752633,0.029756,7.555024,7.856135,0.000000,15.440915
724,0,0.000000,4.261561,8.195683,0.003133,9.831518,0.000000,0.000000,16.233146,0.022683,7.839212,3.924782,0.000000,11.780907
725,0,0.000000,8.020063,7.893632,0.003393,15.915869,0.000000,0.000000,16.031995,0.032320,7.847871,4.037201,0.000000,11.725455
726,0,0.000000,12.620136,3.200323,0.003248,12.651944,0.000000,0.000000,19.935791,0.048861,12.452581,7.137285,0.000000,15.791535
727,0,0.000000,8.115181,7.778243,0.003679,15.897103,0.000000,0.000000,16.023512,0.047352,7.960529,7.742390,0.000000,15.732055
728,0,0.000000,11.794348,4.075091,0.003358,15.832109,0.000000,0.000000,16.017091,0.040278,11.686970,3.993979,0.000000,13.054831
729,0,0.000000,12.015935,7.825759,0.002689,19.842553,0.000000,0.000000,19.947043,0.039787,11.852096,3.788206,0.000000,15.669724
730,0,0.000000,12.030259,7.830357,0.003008,19.863295,0.000000,0.000000,19.983884,0.034265,11.894765,7.817727,0.000000,15.912940
731,0,0.000000,8.001214,7.924337,0.002546,15.926600,0.000000,0.000000,16.028607,0.027513,7.890029,7.916974,0.000000,15.827724
732,0,0.000000,8.730784,3.149681,0.002357,8.771469,0.000000,0.000000,15.939963,0.035828,8.602707,7.081757,0.000000,11.757526
733,0,0.000000,4.251122,3.921025,0.002188,8.161331,0.000000,0.000000,15.969882,0.043640,7.770489,7.837871,0.000000,15.640740
734,0,0.000000,4.251788,3.948171,0.001925,8.191294,0.000000,0.000000,15.992194,0.024462,7.806200,7.865666,0.000000,15.696328
735,0,0.000000,4.281891,6.719684,0.001899,11.002946,0.000000,0.000000,20.024912,0.025371,13.101478,2.687769,0.000000,15.795309
736,0,0.000000,12.871850,4.090606,0.002830,12.910840,0.000000,0.000000,24.966348,2.978307,12.724707,11.947805,0.000000,19.643088
737,0,0.000000,8.025709,11.859458,0.004158,19.868155,0.000000,0.000000,19.991161,0.043158,7.847598,11.840037,0.000000,19.536409
738,0,0.000000,12.040780,8.536167,0.003966,12.080375,0.000000,0.000000,24.432650,1.499019,14.727809,10.842709,0.000000,14.765666
739,0,0.000000,10.115695,9.071923,0.003949,11.261748,0.000000,0.000000,21.641551,0.029767,12.170997,9.066220,0.000000,20.463785
740,0,0.000000,12.414655,7.850985,0.002894,16.607872,0.000000,0.000000,20.395685,0.046705,12.196052,7.813048,0.000000,16.265458
741,0,0.000000,8.044580,7.873290,0.003049,15.918899,0.000000,0.000000,16.020942,0.036803,7.890288,7.844277,0.000000,15.765971
742,0,0.000000,11.964433,3.929291,0.002766,12.583175,0.000000,0.000000,15.986823,0.028168,11.805955,3.886432,0.000000,11.833616
743,0,0.000000,11.979191,7.931422,0.003251,19.911806,0.000000,0.000000,20.023353,0.027938,11.855983,7.914188,0.000000,15.891762
744,0,0.000000,11.920910,3.929932,0.002470,15.851819,0.000000,0.000000,19.920960,0.036363,11.821880,7.849001,0.000000,11.876695
745,0,0.000000,12.020229,7.304455,0.003091,12.060074,0.000000,0.000000,20.004445,0.024827,12.457374,3.315205,0.000000,12.484663
746,0,0.000000,8.030419,7.890828,0.002484,15.922317,0.000000,0.000000,16.016334,0.030963,7.946253,7.864028,0.000000,15.828396
747,0,0.000000,12.646441,3.286253,0.001949,12.684598,0.000000,0.000000,19.964756,0.022681,12.456659,7.209127,0.000000,12.477511
748,0,0.000000,8.001348,7.998076,0.001890,16.001219,0.000000,0.000000,16.103326,0.035466,7.808308,7.902477,0.000000,15.732475
749,0,0.000000,11.899131,7.294757,0.002243,11.936513,0.000000,0.000000,19.865692,0.046539,12.287956,7.276060,0.000000,15.711296
750,0,0.000000,8.053994,8.527856,0.003617,16.564952,0.000000,0.000000,16.687283,0.037570,7.937195,7.818192,0.000000,15.785348
751,0,0.000000,13.318761,5.937420,0.003043,13.373717,0.000000,0.000000,23.653769,0.026894,12.287923,10.238529,0.000000,14.529819
752,0,0.000000,7.664970,7.903859,0.001644,15.570071,0.000000,0.000000,15.696380,0.031136,7.468386,7.884728,0.000000,15.379747
753,0,0.000000,12.408308,3.232743,0.001832,12.443337,0.000000,0.000000,19.818518,0.030673,12.409947,7.184077,0.000000,19.616161
754,0,0.000000,8.021291,7.892541,0.001706,15.914792,0.000000,0.000000,15.999095,0.027164,7.819048,7.850275,0.000000,15.689888
755,0,0.000000,10.721271,5.172078,0.003284,10.755346,0.000000,0.000000,16.013067,0.025035,7.858836,1.162141,0.000000,9.044516
756,0,0.000000,8.144280,3.754756,0.003010,11.557634,0.000000,0.000000,12.007275,0.028386,7.881825,3.726726,0.000000,11.634162
757,0,0.000000,11.965056,7.898642,0.003147,19.864194,0.000000,0.000000,19.973067,0.030947,11.841981,7.876285,0.000000,15.921466
758,0,0.000000,8.756732,3.119732,0.003017,8.799436,0.000000,0.000000,11.991755,0.043715,8.570716,3.089845,0.000000,11.685658
759,0,0.000000,12.025036,7.843248,0.002882,19.861369,0.000000,0.000000,20.013901,0.046450,11.880665,7.823021,0.000000,15.962634
760,0,0.000000,11.968741,3.897996,0.003203,13.790128,0.000000,0.000000,15.985350,0.037344,9.699650,3.886078,0.000000,11.782232
761,0,0.000000,12.010005,7.869787,0.002099,19.880902,0.000000,0.000000,19.994373,0.035142,11.849600,7.852780,0.000000,15.904179
762,0,0.000000,11.956551,3.903750,0.002993,12.002292,0.000000,0.000000,15.987640,0.050047,8.689969,0.014486,0.000000,8.750680
763,0,0.000000,9.164447,6.724714,0.001947,9.212509,0.000000,0.000000,16.004485,0.044770,8.904975,2.653148,0.000000,11.598736
764,0,0.000000,8.101035,7.225823,0.002866,11.369304,0.000000,0.000000,19.918590,0.037044,12.371350,3.240757,0.000000,12.416385
765,0,0.000000,8.050887,7.470480,0.002565,15.496065,0.000000,0.000000,20.033917,4.042129,7.912557,7.452067,0.000000,19.332029
766,0,0.000000,12.006748,3.805418,0.002458,12.055453,0.000000,0.000000,19.949838,0.036035,11.822777,7.711110,0.000000,15.607627
767,0,0.000000,4.170389,3.982937,0.001601,8.154524,0.000000,0.000000,15.988607,0.029908,7.742991,7.915235,0.000000,15.608019
768,0,0.000000,8.106653,7.772035,0.002634,15.880276,0.000000,0.000000,16.023671,0.027134,7.907082,3.729415,0.000000,11.652832
769,0,0.000000,11.960784,7.881635,0.001934,19.843881,0.000000,0.000000,19.934942,0.033565,11.780739,3.858411,0.000000,11.872890
770,0,0.000000,12.016276,7.824701,0.004927,19.842271,0.000000,0.000000,19.978349,0.069523,11.762345,3.813680,0.000000,11.834333
771,0,0.000000,11.991305,8.514330,0.003384,14.692222,0.000000,0.000000,23.978740,0.058104,12.923389,10.660331,0.000000,19.810000
772,0,0.000000,7.891765,7.858741,0.002542,15.743858,0.000000,0.000000,15.965670,0.053870,7.534163,7.853297,0.000000,15.427022
773,0,0.000000,11.648011,7.362400,0.004524,11.689250,0.000000,0.000000,19.708474,0.425065,10.615271,7.362429,0.000000,15.892340
774,0,0.000000,8.009090,7.868423,0.002653,15.872546,0.000000,0.000000,16.003425,0.051482,7.744784,7.852602,0.000000,15.648868
775,0,0.000000,12.865099,3.019158,0.001942,14.992286,0.000000,0.000000,19.940286,0.035905,12.600406,6.930492,0.000000,12.662898
776,0,0.000000,8.062905,7.874118,0.001878,15.932194,0.000000,0.000000,16.023657,0.030916,7.876143,7.847234,0.000000,15.740868
777,0,0.000000,11.993273,6.851101,0.003854,14.886252,0.000000,0.000000,19.962916,0.026238,12.879907,6.833451,0.000000,15.882454
778,0,0.000000,8.102246,7.830116,0.002651,15.934535,0.000000,0.000000,16.018634,0.029467,7.843825,7.796864,0.000000,15.667806
779,0,0.000000,12.939176,6.925522,0.002684,15.016468,0.000000,0.000000,19.957686,0.030907,12.791253,6.894034,0.000000,12.838814
780,0,0.000000,8.074623,7.865401,0.003373,15.941133,0.000000,0.000000,16.030762,0.028643,7.836201,7.798828,0.000000,15.663672
781,0,0.000000,12.056763,7.312416,0.003111,15.406975,0.000000,0.000000,19.965180,0.028704,12.358114,7.292519,0.000000,15.315847
782,0,0.000000,8.065091,7.875727,0.002007,15.942825,0.000000,0.000000,16.038285,0.032688,7.926995,7.872847,0.000000,15.820064
783,0,0.000000,13.597180,6.272629,0.001832,13.630596,0.000000,0.000000,19.958084,0.029933,13.457327,2.265886,0.000000,13.476407
784,0,0.000000,5.488496,7.797191,0.001411,13.167388,0.000000,0.000000,20.009024,6.666945,11.997485,7.768117,0.000000,15.678195
785,0,0.000000,8.728146,6.728080,0.001663,8.759414,0.000000,0.000000,15.524645,0.025185,8.542578,6.701879,0.000000,11.309978
786,0,0.000000,8.281650,3.595700,0.003039,8.862796,0.000000,0.000000,15.953540,0.017585,8.162545,7.496747,0.000000,8.182047
787,0,0.000000,8.042157,7.919548,0.002100,15.963059,0.000000,0.000000,16.031648,0.030384,7.860337,7.888826,0.000000,15.778787
788,0,0.000000,11.989733,12.852870,0.003791,16.700242,0.000000,0.000000,28.282818,0.022990,14.850746,13.156241,0.000000,22.636528
789,0,0.000000,7.828765,7.756816,0.002854,15.587298,0.000000,0.000000,15.705016,0.034709,7.627377,7.702870,0.000000,15.348496
790,0,0.000000,12.090939,6.616446,0.002979,12.140189,0.000000,0.000000,22.169102,0.030583,13.173589,6.591722,0.000000,19.234830
791,0,0.000000,6.102292,9.028934,0.003702,10.987456,0.000000,0.000000,21.573305,0.039276,10.474951,5.249344,0.000000,10.530617
792,0,0.000000,12.209035,3.916487,0.001981,12.249832,0.000000,0.000000,20.182870,0.044255,11.869879,7.841859,0.000000,11.921973
793,0,0.000000,8.014436,11.260222,0.003405,19.256763,0.000000,0.000000,20.025152,0.040090,8.466044,3.257322,0.000000,11.121043
794,0,0.000000,7.571642,3.852336,0.002135,11.410929,0.000000,0.000000,15.954298,0.501415,7.398661,7.755327,0.000000,15.585791
795,0,0.000000,8.112321,7.788439,0.002612,15.901994,0.000000,0.000000,16.004848,0.033267,7.948594,3.773219,0.000000,11.748157
796,0,0.000000,11.854916,12.029593,0.002949,12.279516,0.000000,0.000000,23.982398,0.031167,11.735004,11.995531,0.000000,19.809832
797,0,0.000000,8.061030,7.877860,0.001929,15.939688,0.000000,0.000000,16.019273,0.032334,7.948654,7.815530,0.000000,15.677196
798,0,0.000000,13.002953,2.924800,0.002140,13.038530,0.000000,0.000000,19.959754,0.027861,12.830820,6.845305,0.000000,15.692644
799,0,0.000000,8.021275,7.905711,0.002091,15.928910,0.000000,0.000000,16.020415,0.030121,7.852000,7.849647,0.000000,15.688741
800,0,0.000000,8.745549,3.082844,0.003114,8.797527,0.000000,0.000000,15.956082,0.029523,8.594363,6.998383,0.000000,15.609493
801,0,0.000000,4.130792,3.950285,0.002586,8.081569,0.000000,0.000000,15.903990,0.048287,7.687141,7.878124,0.000000,15.559000
802,0,0.000000,4.195706,3.981948,0.003404,8.173231,0.000000,0.000000,15.988474,0.045050,7.722297,7.878569,0.000000,15.645916
803,0,0.000000,4.276228,7.949785,0.020364,12.129455,0.000000,0.000000,15.996873,0.036101,7.746602,7.924770,0.000000,15.702176
804,0,0.000000,8.010521,7.943264,0.002213,15.955375,0.000000,0.000000,16.029920,0.027342,7.857124,7.919408,0.000000,15.789627
805,0,0.000000,11.954603,3.320352,0.003945,11.988174,0.000000,0.000000,16.012461,0.025854,12.425744,0.017829,0.000000,12.455300
806,0,0.000000,4.235728,3.984645,0.004319,8.221326,0.000000,0.000000,15.980958,3.970493,7.845700,0.014437,0.000000,7.895443
807,0,0.000000,4.244878,3.977986,0.001666,8.223772,0.000000,0.000000,15.974423,3.975655,7.834727,0.018038,0.000000,7.924169
808,0,0.000000,4.233827,6.770416,0.002372,7.802576,0.000000,0.000000,15.033770,3.977725,4.152338,6.748742,0.000000,10.748488
809,0,0.000000,4.978426,7.990228,0.002999,8.954409,0.000000,0.000000,16.977005,0.040344,8.770621,7.983936,0.000000,15.841340
810,0,0.000000,8.176654,7.672610,0.004175,15.613712,0.000000,0.000000,15.981688,0.043599,7.894516,7.661638,0.000000,15.575898
811,0,0.000000,8.885732,6.927733,0.003436,8.928496,0.000000,0.000000,19.933723,0.036472,8.765619,7.965582,0.000000,15.699428
812,0,0.000000,8.850867,4.444270,0.002395,9.841105,0.000000,0.000000,13.416975,0.044730,8.700588,4.409724,0.000000,13.151756
813,0,0.000000,13.734675,6.157028,0.004812,13.786462,0.000000,0.000000,20.013417,0.033756,13.662456,2.654018,0.000000,13.701755
814,0,0.000000,10.777064,3.845506,0.002870,10.825727,0.000000,0.000000,18.750450,0.048216,10.606636,7.772057,0.000000,14.630921
815,0,0.000000,4.219402,3.957771,0.002754,8.178692,0.000000,0.000000,15.987938,0.037643,7.854202,7.899502,0.000000,15.674528
816,0,0.000000,4.150996,3.964437,0.003505,8.103221,0.000000,0.000000,16.391073,0.048752,7.741028,8.295095,0.000000,15.967168
817,0,0.000000,6.783624,7.885866,0.002940,14.660813,0.000000,0.000000,14.768506,0.053042,6.588561,7.834688,0.000000,14.475921
818,0,0.000000,12.035163,8.516304,0.003239,12.089197,0.000000,0.000000,22.529415,0.036314,13.655887,8.475332,0.000000,16.453489
819,0,0.000000,11.463337,12.264219,0.003063,12.503801,0.000000,0.000000,25.424614,0.044749,12.847463,12.243335,0.000000,17.932930
820,0,0.000000,7.996364,7.879794,0.002122,15.869775,0.000000,0.000000,15.993174,0.051377,7.736845,3.856124,0.000000,11.618188
821,0,0.000000,8.458550,7.342388,0.003075,15.802324,0.000000,0.000000,15.937596,0.037675,8.262949,3.368639,0.000000,11.652687
822,0,0.000000,8.048352,6.415218,0.003325,13.784575,0.000000,0.000000,14.957367,0.035796,8.008123,3.492868,0.000000,11.528541
823,0,0.000000,5.160462,7.880495,0.004471,9.073387,0.000000,0.000000,17.029095,0.042149,8.758723,3.896075,0.000000,11.313243
824,0,0.000000,8.003186,7.145768,0.005727,15.147523,0.000000,0.000000,20.025613,0.053839,11.654726,3.127781,0.000000,11.713784
825,0,0.000000,7.988740,7.278090,0.005223,15.266138,0.000000,0.000000,18.728712,0.208775,7.766105,9.837464,0.000000,15.263164
826,0,0.000000,8.465882,6.675691,0.002322,14.631088,0.000000,0.000000,20.002002,0.110162,11.745796,0.472207,0.000000,11.857269
827,0,0.000000,12.116732,7.695088,0.003088,19.730216,0.000000,0.000000,19.962894,0.040654,11.962114,7.644032,0.000000,15.787818
828,0,0.000000,10.688576,5.238389,0.002695,10.729575,0.000000,0.000000,16.190460,0.052500,10.607402,5.257979,0.000000,14.719492
829,0,0.000000,11.790890,7.882803,0.002460,19.675063,0.000000,0.000000,19.784205,0.040241,11.599753,7.861260,0.000000,15.893351
830,0,0.000000,10.643115,5.236398,0.002065,10.682951,0.000000,0.000000,15.984691,0.045426,10.523461,1.212773,0.000000,10.573229
831,0,0.000000,12.008107,7.901030,0.003543,19.910252,0.000000,0.000000,19.983087,0.028666,11.875359,3.886345,0.000000,11.908877
832,0,0.000000,8.714495,7.187333,0.003862,15.235238,0.000000,0.000000,16.004816,0.046964,7.784839,7.129718,0.000000,14.961521
833,0,0.000000,11.942171,7.853552,0.001876,19.797599,0.000000,0.000000,19.879921,0.021040,11.748212,3.848507,0.000000,11.827079
834,0,0.000000,8.011102,7.936378,0.002307,15.949505,0.000000,0.000000,16.027843,0.050956,7.808369,7.911858,0.000000,15.749474
835,0,0.000000,11.885942,7.963918,0.001796,15.885732,0.000000,0.000000,19.970898,0.027449,11.702764,3.969644,0.000000,11.763145
836,0,0.000000,8.034956,7.888422,0.002044,15.920288,0.000000,0.000000,16.016713,0.031436,7.858925,7.871892,0.000000,15.752293
837,0,0.000000,12.750484,7.149935,0.003128,19.131518,0.000000,0.000000,19.977031,0.030075,12.632413,7.121770,0.000000,16.644870
838,0,0.000000,12.000413,3.918630,0.002403,12.039837,0.000000,0.000000,16.009335,0.028187,11.903755,3.879252,0.000000,11.933035
839,0,0.000000,4.182812,3.978203,0.002915,8.156891,0.000000,0.000000,15.994202,3.999369,7.834677,3.935015,0.000000,15.769061
840,0,0.000000,4.768560,3.964148,0.003337,8.734271,0.000000,0.000000,16.008916,3.983397,7.895798,3.920305,0.000000,15.752352
841,0,0.000000,4.177253,7.953243,0.001850,8.166488,0.000000,0.000000,16.024813,0.036307,7.833934,7.949867,0.000000,15.749848
842,0,0.000000,7.977690,7.954963,0.002158,15.934560,0.000000,0.000000,16.096702,0.041785,7.799409,7.994277,0.000000,15.827707
843,0,0.000000,11.882259,7.158321,0.001700,11.923139,0.000000,0.000000,19.867849,0.033069,12.462895,7.132250,0.000000,15.732593
844,0,0.000000,8.051315,7.871336,0.001679,15.923874,0.000000,0.000000,16.009490,0.032793,7.840491,7.852277,0.000000,15.705248
845,0,0.000000,12.703222,3.174965,0.002244,12.763588,0.000000,0.000000,19.960950,0.032649,12.559955,7.092030,0.000000,19.642144
846,0,0.000000,8.039248,7.867018,0.003539,15.907508,0.000000,0.000000,16.005812,0.045370,7.880093,7.821715,0.000000,15.745383
847,0,0.000000,12.036709,13.173440,0.004523,13.383209,0.000000,0.000000,26.979730,0.028881,11.923493,13.170005,0.000000,22.933874
848,0,0.000000,8.828752,8.035731,0.004799,8.883277,0.000000,0.000000,20.991230,0.039264,7.666875,11.990294,0.000000,15.699679
849,0,0.000000,7.802369,7.890158,0.002492,15.693883,0.000000,0.000000,15.804905,0.040187,7.648779,7.871061,0.000000,15.544332
850,0,0.000000,13.385382,6.487367,0.002035,14.560136,0.000000,0.000000,19.959468,0.039882,13.261275,3.991697,0.000000,15.742352
851,0,0.000000,13.553367,3.778564,0.004403,13.600249,0.000000,0.000000,21.448188,0.048226,13.361782,7.703021,0.000000,17.427786
852,0,0.000000,8.081308,7.821319,0.004226,15.905864,0.000000,0.000000,16.018641,0.041432,7.924632,7.758082,0.000000,15.720244
853,0,0.000000,11.968645,6.308106,0.004061,12.599732,0.000000,0.000000,19.961679,0.043733,13.237321,6.290795,0.000000,15.859784
854,0,0.000000,12.117471,3.721253,0.004553,12.426819,0.000000,0.000000,19.970373,0.057742,11.926024,7.383882,0.000000,12.040740
855,0,0.000000,8.016768,7.868962,0.003375,15.887984,0.000000,0.000000,16.035307,0.051639,7.651218,7.870829,0.000000,15.568063
856,0,0.000000,12.079043,3.766041,0.002498,12.136518,0.000000,0.000000,18.638945,0.048135,11.718794,6.153359,0.000000,11.788908
857,0,0.000000,1.462428,3.764858,0.001966,3.945856,0.000000,0.000000,5.885892,0.034065,1.318133,4.313133,0.000000,4.460537
858,0,0.000000,3.588261,3.761618,0.006788,3.928506,0.000000,0.000000,7.440399,0.025924,3.469983,3.756330,0.000000,3.923998
859,0,0.000000,4.178261,3.697964,0.003044,7.698455,0.000000,0.000000,7.989369,0.055238,4.068442,3.696664,0.000000,4.113735
860,0,0.000000,11.948351,7.919091,0.002993,19.868553,0.000000,0.000000,23.961160,0.034193,11.820567,11.885191,0.000000,19.867179
861,0,0.000000,8.010301,7.872032,0.002042,15.883420,0.000000,0.000000,16.027948,0.040311,7.864966,7.836712,0.000000,15.741989
862,0,0.000000,11.993744,6.811273,0.002367,14.844591,0.000000,0.000000,19.948915,0.035514,11.825529,6.800317,0.000000,15.864865
863,0,0.000000,7.988695,7.916560,0.003096,15.908351,0.000000,0.000000,16.071043,0.049047,7.749370,7.946349,0.000000,15.714280
864,0,0.000000,11.880971,3.933046,0.003702,11.914928,0.000000,0.000000,15.935236,0.051503,11.641724,2.091381,0.000000,11.691665
865,0,0.000000,11.875496,7.874552,0.004225,11.913836,0.000000,0.000000,19.868765,0.042729,7.873254,3.864426,0.000000,7.974445
866,0,0.000000,8.032812,7.866316,0.002690,15.889058,0.000000,0.000000,16.020810,0.048735,7.812417,7.780158,0.000000,15.641310
867,0,0.000000,12.907072,6.910253,0.003835,12.955061,0.000000,0.000000,19.944612,0.033704,12.752537,6.885773,0.000000,16.756889
868,0,0.000000,7.997219,7.904228,0.011262,15.902403,0.000000,0.000000,16.067289,0.039094,7.811472,7.939626,0.000000,15.789047
869,0,0.000000,13.427707,6.362428,0.003502,13.470113,0.000000,0.000000,19.928287,0.074182,13.235171,6.333235,0.000000,17.258355
870,0,0.000000,9.413800,7.899353,0.002922,17.314512,0.000000,0.000000,19.982207,2.593066,9.240971,7.838079,0.000000,18.388335
871,0,0.000000,12.018236,7.946062,0.002967,15.954165,0.000000,0.000000,23.965953,0.029632,15.814432,7.924163,0.000000,19.823211
872,0,0.000000,7.980318,7.949330,0.002478,15.930216,0.000000,0.000000,16.012652,0.033588,7.807344,7.926321,0.000000,15.755770
873,0,0.000000,13.717002,9.912538,0.003076,13.754285,0.000000,0.000000,24.559731,0.029607,14.460857,5.295363,0.000000,15.795631
874,0,0.000000,12.652143,6.905978,0.004129,12.698479,0.000000,0.000000,23.411857,2.852263,12.457612,3.269272,0.000000,15.309894
875,0,0.000000,6.074261,4.883775,0.003024,6.861019,0.000000,0.000000,23.789490,0.050781,10.972810,10.730517,0.000000,21.736670
876,0,0.000000,10.115415,4.733050,0.003294,10.164539,0.000000,0.000000,23.441254,0.042873,13.030035,10.032529,0.000000,17.437573
877,0,0.000000,10.660833,7.295308,0.004097,10.706218,0.000000,0.000000,18.624118,0.038829,10.997364,3.984293,0.000000,14.521209
878,0,0.000000,8.045254,7.846828,0.004404,15.885520,0.000000,0.000000,16.003147,0.040760,7.884448,7.797656,0.000000,15.595247
879,0,0.000000,9.535402,6.348747,0.003703,9.581996,0.000000,0.000000,18.234960,0.036320,9.249112,8.556652,0.000000,11.868882
880,0,0.000000,8.867816,4.609780,0.002195,8.949121,0.000000,0.000000,17.656268,0.036042,8.687221,8.457853,0.000000,13.285807
881,0,0.000000,8.058671,7.839333,0.002057,15.900061,0.000000,0.000000,15.990411,0.032629,7.923757,0.008395,0.000000,7.963301
882,0,0.000000,8.196916,7.076969,0.003239,11.134490,0.000000,0.000000,15.947786,0.043532,7.977731,7.042828,0.000000,11.096838
883,0,0.000000,8.045896,7.862795,0.002986,15.909784,0.000000,0.000000,16.006605,0.035493,7.951353,7.794179,0.000000,15.606838
884,0,0.000000,9.396873,6.509546,0.003040,9.435579,0.000000,0.000000,16.015899,0.038309,9.243127,6.433663,0.000000,11.751767
885,0,0.000000,8.143302,7.708713,0.004083,15.769395,0.000000,0.000000,16.007502,0.048798,7.997691,7.692000,0.000000,15.691547
886,0,0.000000,11.867724,8.510285,0.003100,11.907284,0.000000,0.000000,21.599721,0.084466,12.753411,8.495121,0.000000,16.608073
887,0,0.000000,6.424657,8.558812,0.003588,8.861450,0.000000,0.000000,21.828649,0.035861,12.890342,8.530980,0.000000,19.360582
888,0,0.000000,4.582794,6.015304,0.002193,10.573617,0.000000,0.000000,23.876702,0.035023,13.706570,9.423404,0.000000,19.276074
889,0,0.000000,12.647176,3.834211,0.001796,12.694869,0.000000,0.000000,20.501066,0.041647,12.480860,7.703954,0.000000,12.585262
890,0,0.000000,7.994736,7.950738,0.002638,15.946514,0.000000,0.000000,16.038855,0.033819,7.842693,7.915814,0.000000,15.551989
891,0,0.000000,12.071850,3.769173,0.003601,12.114703,0.000000,0.000000,15.973519,0.036781,11.880654,3.724872,0.000000,11.911763
892,0,0.000000,4.161531,3.724690,0.002096,4.193813,0.000000,0.000000,11.971196,0.041612,4.025595,7.679272,0.000000,7.960911
893,0,0.000000,4.272203,3.939292,0.002963,8.213854,0.000000,0.000000,15.976439,0.036756,7.880820,7.842436,0.000000,15.581080
894,0,0.000000,4.349557,3.949078,0.002935,8.299412,0.000000,0.000000,15.976295,0.041928,7.790890,7.885630,0.000000,15.492182
895,0,0.000000,4.248205,7.178533,0.003192,11.411699,0.000000,0.000000,15.997962,0.039816,7.854285,7.133147,0.000000,14.914524
896,0,0.000000,8.034471,7.922169,0.003435,15.957923,0.000000,0.000000,16.058691,0.039188,7.811142,7.832609,0.000000,15.601152
897,0,0.000000,8.931390,2.839658,0.003099,8.974546,0.000000,0.000000,15.831660,0.049391,8.779934,6.744936,0.000000,10.454926
898,0,0.000000,8.138533,3.796146,0.002231,11.840507,0.000000,0.000000,24.002614,8.003440,11.925457,7.721527,0.000000,23.605664
899,0,0.000000,8.077570,7.799826,0.003135,15.880531,0.000000,0.000000,16.029301,0.051669,7.842848,7.786100,0.000000,15.673095
900,0,0.000000,12.000633,6.979814,0.003966,12.115069,0.000000,0.000000,19.933536,0.042480,12.620190,2.941563,0.000000,12.659045
901,0,0.000000,8.027260,7.872773,0.002034,15.901352,0.000000,0.000000,16.022563,0.045034,7.834942,3.848336,0.000000,11.728312
902,0,0.000000,8.969617,2.878259,0.002053,9.015257,0.000000,0.000000,15.968225,0.043618,8.791757,6.807720,0.000000,11.626782
903,0,0.000000,8.018637,7.875704,0.001820,15.895917,0.000000,0.000000,16.009259,0.050457,7.661035,7.861684,0.000000,15.529088
904,0,0.000000,8.890932,2.969169,0.002365,8.941936,0.000000,0.000000,11.987250,0.035904,4.930250,2.938325,0.000000,6.694473
905,0,0.000000,4.293494,3.565477,0.002513,4.347072,0.000000,0.000000,7.986183,0.038666,4.215832,3.543862,0.000000,4.269111
906,0,0.000000,4.297859,3.596269,0.002760,4.335721,0.000000,0.000000,8.004298,0.044655,4.166586,3.581126,0.000000,4.229353
907,0,0.000000,4.266432,3.638095,0.002233,4.343744,0.000000,0.000000,8.022067,0.035566,4.200059,3.591997,0.000000,4.262661
908,0,0.000000,4.410720,3.526665,0.002968,4.450471,0.000000,0.000000,8.050481,0.036918,4.333483,3.507456,0.000000,4.486905
909,0,0.000000,4.024772,3.760104,0.001816,4.062183,0.000000,0.000000,7.869631,0.062432,3.952581,3.739451,0.000000,3.999421
910,0,0.000000,4.196757,3.659728,0.002555,4.252589,0.000000,0.000000,7.992347,0.033096,4.186782,3.640882,0.000000,5.496545
911,0,0.000000,4.173071,3.743863,0.002004,4.209129,0.000000,0.000000,8.000916,0.030694,4.061239,3.723437,0.000000,4.116576
912,0,0.000000,14.139464,5.711628,0.003670,14.181660,0.000000,0.000000,19.981210,0.023841,14.044129,5.686216,0.000000,19.653877
913,0,0.000000,9.746751,4.345654,0.002598,10.797875,0.000000,0.000000,22.026832,0.078929,9.614235,12.097783,0.000000,13.955422
914,0,0.000000,12.153806,3.927402,0.003214,12.180128,0.000000,0.000000,20.129071,0.046338,12.003196,7.858246,0.000000,15.864300
915,0,0.000000,8.061822,7.832188,0.003483,15.897493,0.000000,0.000000,16.045829,0.047737,7.856980,7.814222,0.000000,15.703810
916,0,0.000000,9.409799,6.449789,0.002386,9.457239,0.000000,0.000000,15.992258,0.042690,9.187334,6.428368,0.000000,10.406045
917,0,0.000000,8.135095,7.690915,0.002033,8.169763,0.000000,0.000000,15.938619,0.040973,7.912483,7.671685,0.000000,11.915538
918,0,0.000000,8.047634,7.862618,0.002107,15.911148,0.000000,0.000000,16.011682,0.030902,7.906752,7.823394,0.000000,15.729074
919,0,0.000000,13.965801,5.931040,0.004013,14.004181,0.000000,0.000000,25.381425,0.035573,13.839604,11.285541,0.000000,15.849926
920,0,0.000000,6.746644,5.577041,0.003610,6.787658,0.000000,0.000000,21.962718,0.040453,6.653707,11.377599,0.000000,12.286482
921,0,0.000000,8.819835,7.898362,0.003544,8.860697,0.000000,0.000000,20.609962,0.055501,12.245685,7.898893,0.000000,16.276895
922,0,0.000000,8.033093,7.860993,0.002759,15.896228,0.000000,0.000000,16.024073,0.039219,7.935552,7.863287,0.000000,15.824167
923,0,0.000000,12.652060,7.161730,0.004496,19.816039,0.000000,0.000000,19.988537,0.037899,11.919924,7.128891,0.000000,18.919721
924,0,0.000000,11.924318,3.880391,0.002039,11.969289,0.000000,0.000000,15.940160,0.060908,11.683531,3.848404,0.000000,11.785514
925,0,0.000000,12.064686,7.810338,0.003474,19.878498,0.000000,0.000000,20.010804,0.032163,8.065392,3.775831,0.000000,11.868619
926,0,0.000000,8.119536,3.993005,0.001968,12.107214,0.000000,0.000000,19.936429,0.054387,7.920696,7.930109,0.000000,11.944584
927,0,0.000000,7.994715,7.918893,0.002263,15.915871,0.000000,0.000000,16.018550,0.041829,4.181304,7.865866,0.000000,12.085852
928,0,0.000000,11.700985,4.135728,0.003295,11.759026,0.000000,0.000000,15.992940,0.042385,7.639569,4.096827,0.000000,11.665895
929,0,0.000000,13.156728,6.595642,0.002837,13.200672,0.000000,0.000000,19.887086,0.037604,13.005316,0.021218,0.000000,13.043214
930,0,0.000000,6.178819,8.596993,0.009336,8.785799,0.000000,0.000000,18.004350,0.050996,5.966055,8.608417,0.000000,11.025096
931,0,0.000000,8.014731,7.875524,0.003471,15.893726,0.000000,0.000000,16.021736,0.053696,7.806069,7.864102,0.000000,15.723059
932,0,0.000000,8.789126,3.164792,0.002861,8.828215,0.000000,0.000000,12.089109,0.038590,8.647759,3.150081,0.000000,11.798486
933,0,0.000000,11.851100,7.901018,0.003017,19.753180,0.000000,0.000000,23.830044,0.046126,11.756177,7.967790,0.000000,19.674397
934,0,0.000000,8.078057,7.830122,0.003255,15.910824,0.000000,0.000000,16.027854,0.041956,7.879612,7.797827,0.000000,15.710183
935,0,0.000000,12.036192,7.816590,0.003098,15.806665,0.000000,0.000000,19.976102,0.036128,11.804340,7.820424,0.000000,19.602280
936,0,0.000000,8.015514,7.863940,0.002765,15.880605,0.000000,0.000000,16.014726,0.042005,7.802316,7.864906,0.000000,15.695636
937,0,0.000000,12.019855,3.883304,0.002579,12.071082,0.000000,0.000000,16.011046,0.039797,11.855524,3.777092,0.000000,11.909225
938,0,0.000000,4.122607,3.778794,0.001780,4.166578,0.000000,0.000000,7.965486,0.026653,3.982561,3.712672,0.000000,6.585590
939,0,0.000000,4.140536,7.757028,0.002197,7.910708,0.000000,0.000000,11.970370,0.032629,4.000154,3.740277,0.000000,4.031725
940,0,0.000000,11.961944,7.403557,0.003151,19.366724,0.000000,0.000000,23.949886,0.036559,11.822901,11.354290,0.000000,19.218420
941,0,0.000000,7.118056,7.840339,0.002436,14.960831,0.000000,0.000000,15.064709,0.032451,6.772942,7.769749,0.000000,14.575142
942,0,0.000000,11.509454,4.737038,0.002388,11.547692,0.000000,0.000000,16.338681,0.025911,7.815279,4.319904,0.000000,12.159872
943,0,0.000000,8.888835,6.659206,0.002564,8.929848,0.000000,0.000000,15.643706,0.023330,8.519746,6.645560,0.000000,14.150059
944,0,0.000000,8.178214,3.748819,0.003567,8.216530,0.000000,0.000000,16.002077,0.031802,7.708019,7.713914,0.000000,15.441427
945,0,0.000000,8.511436,3.256035,0.002730,8.582939,0.000000,0.000000,19.879912,0.031898,8.367815,7.987191,0.000000,15.550507
946,0,0.000000,12.256928,5.778003,0.003663,12.299100,0.000000,0.000000,18.184547,0.033037,12.059193,5.765630,0.000000,12.168889
947,0,0.000000,12.074001,9.177263,0.003390,13.277115,0.000000,0.000000,24.459780,0.061342,8.143273,9.170944,0.000000,16.741043
948,0,0.000000,7.447876,7.888755,0.003288,15.338642,0.000000,0.000000,19.470433,0.065834,7.277892,8.023835,0.000000,15.170969
949,0,0.000000,10.798464,7.889248,0.003750,10.822555,0.000000,0.000000,18.798939,0.140787,10.662009,7.871110,0.000000,17.876480
950,0,0.000000,8.012390,7.881964,0.001819,15.895317,0.000000,0.000000,16.005092,0.048729,7.823563,7.855098,0.000000,15.671738
951,0,0.000000,11.985319,3.266188,0.002511,12.028667,0.000000,0.000000,19.943476,0.036046,12.506992,7.188696,0.000000,15.728480
952,0,0.000000,4.177217,3.991747,0.002038,8.158000,0.000000,0.000000,16.018837,0.026918,7.820515,7.941843,0.000000,15.734904
953,0,0.000000,4.134486,3.963569,0.002616,8.099180,0.000000,0.000000,15.970204,0.058400,7.735820,7.912229,0.000000,15.306342
954,0,0.000000,4.161794,3.996716,0.001787,8.153524,0.000000,0.000000,15.987649,0.056944,7.744303,7.945545,0.000000,15.666584
955,0,0.000000,4.230655,3.990140,0.002948,8.223743,0.000000,0.000000,15.982948,0.034380,7.836406,7.921376,0.000000,15.713616
956,0,0.000000,4.216920,3.993052,0.001932,8.208205,0.000000,0.000000,15.997720,0.030930,7.859001,7.943865,0.000000,15.763783
957,0,0.000000,4.188002,3.956350,0.002135,8.130324,0.000000,0.000000,15.983563,0.027820,7.919117,7.885947,0.000000,15.625987
958,0,0.000000,8.745687,7.166217,0.001834,8.785517,0.000000,0.000000,16.007715,0.030349,8.554030,7.140604,0.000000,15.724817
959,0,0.000000,10.205012,7.696230,0.002390,13.543026,0.000000,0.000000,17.996507,2.048323,10.055356,7.657365,0.000000,12.101961
960,0,0.000000,8.073148,7.872224,0.002432,15.947417,0.000000,0.000000,16.054591,0.023388,7.994317,7.861932,0.000000,15.642390
961,0,0.000000,12.806611,2.957798,0.003763,12.846428,0.000000,0.000000,15.878474,0.048087,12.685213,0.009140,0.000000,12.735726
962,0,0.000000,8.020113,7.916876,0.003736,15.938209,0.000000,0.000000,16.023385,0.032243,7.884200,0.021545,0.000000,7.927044
963,0,0.000000,8.023092,7.911279,0.001777,15.935761,0.000000,0.000000,16.004129,0.052322,7.833000,7.833818,0.000000,15.571724
964,0,0.000000,13.133008,6.733010,0.003218,13.166468,0.000000,0.000000,19.994083,0.021218,13.013144,6.672618,0.000000,15.732220
965,0,0.000000,8.038211,8.192499,0.002489,16.162775,0.000000,0.000000,16.350089,0.047248,3.961389,8.176564,0.000000,12.020478
966,0,0.000000,13.565246,5.898461,0.004760,13.609660,0.000000,0.000000,22.470348,0.087122,13.076216,8.701330,0.000000,18.568101
967,0,0.000000,13.135789,7.849702,0.003020,19.137608,0.000000,0.000000,21.113703,0.057580,12.841882,7.810763,0.000000,15.857288
968,0,0.000000,8.006570,7.906631,0.002681,15.914314,0.000000,0.000000,16.005489,0.038150,7.835697,7.875198,0.000000,15.736330
969,0,0.000000,9.429057,7.951843,0.003189,9.467641,0.000000,0.000000,19.952241,0.028470,11.802873,3.966560,0.000000,11.825607
970,0,0.000000,8.077444,7.804116,0.003168,15.883199,0.000000,0.000000,16.039468,0.035912,7.864674,3.884026,0.000000,11.784612
971,0,0.000000,13.012541,6.815972,0.002800,13.057299,0.000000,0.000000,19.973281,0.042524,12.854915,6.741127,0.000000,15.682126
972,0,0.000000,8.141337,3.735348,0.003352,8.188083,0.000000,0.000000,15.959298,0.036280,8.044132,7.684280,0.000000,15.737526
973,0,0.000000,8.045105,7.857906,0.002428,15.896736,0.000000,0.000000,16.020932,0.032907,7.891078,7.819592,0.000000,15.730731
974,0,0.000000,12.082773,7.787240,0.004416,19.871849,0.000000,0.000000,19.993859,0.036081,11.889798,7.694481,0.000000,15.599236
975,0,0.000000,12.048079,5.311906,0.003517,13.381326,0.000000,0.000000,19.989805,0.053539,14.066376,5.298115,0.000000,18.112487
976,0,0.000000,12.075509,7.325703,0.002974,15.412542,0.000000,0.000000,19.979904,0.073612,12.217001,3.994435,0.000000,15.759781
977,0,0.000000,7.629362,7.929858,0.005117,15.564337,0.000000,0.000000,15.724376,0.048413,7.440982,4.049393,0.000000,11.310865
978,0,0.000000,12.315449,3.290826,0.003592,14.894985,0.000000,0.000000,19.720036,0.226448,12.128461,7.225370,0.000000,12.546496
979,0,0.000000,8.073699,7.835360,0.003951,15.897764,0.000000,0.000000,16.026291,0.036279,7.867467,7.796390,0.000000,15.694697
980,0,0.000000,12.039774,12.370451,0.003285,12.565122,0.000000,0.000000,27.979968,0.031578,15.141791,11.847395,0.000000,19.913375
981,0,0.000000,7.967285,7.894358,0.001926,15.862791,0.000000,0.000000,15.994748,0.074731,7.737737,7.869466,0.000000,15.648929
982,0,0.000000,4.197282,3.955494,0.003725,8.132153,0.000000,0.000000,15.936789,0.036376,7.728245,7.876296,0.000000,15.633458
983,0,0.000000,4.201348,7.794988,0.006357,12.002693,0.000000,0.000000,16.014105,0.031752,7.948524,3.792080,0.000000,11.761465
984,0,0.000000,8.037381,7.812701,0.002153,15.852223,0.000000,0.000000,15.980395,0.051662,7.692647,3.775168,0.000000,11.508347
985,0,0.000000,15.129530,12.637387,0.003446,16.735269,0.000000,0.000000,27.963228,0.076897,14.925417,9.960869,0.000000,15.019533
986,0,0.000000,8.053620,7.891186,0.002000,15.946709,0.000000,0.000000,16.022211,0.034714,7.796197,7.801847,0.000000,15.526098
987,0,0.000000,12.103200,7.743719,0.004102,19.851021,0.000000,0.000000,19.992511,0.028477,8.104997,3.747552,0.000000,11.871219
988,0,0.000000,11.995590,7.834810,0.002302,19.832237,0.000000,0.000000,19.971693,0.045072,11.859534,3.805765,0.000000,11.907209
989,0,0.000000,12.102386,7.437207,0.003223,19.541431,0.000000,0.000000,19.990593,0.031239,8.276805,7.369405,0.000000,11.710178
990,0,0.000000,12.052709,7.827777,0.003017,19.882260,0.000000,0.000000,19.983528,0.027659,11.933315,3.815671,0.000000,15.776530
991,0,0.000000,12.019424,3.895273,0.002779,12.064707,0.000000,0.000000,16.019178,0.031668,11.895548,3.859699,0.000000,11.942300
992,0,0.000000,4.216975,3.698643,0.002415,4.262877,0.000000,0.000000,7.988150,0.026891,4.059413,3.671356,0.000000,4.085716
993,0,0.000000,4.091173,3.747368,0.002220,4.131329,0.000000,0.000000,7.909701,0.023871,3.912312,3.721013,0.000000,3.946379
994,0,0.000000,7.957861,7.941924,0.001829,15.900765,0.000000,0.000000,15.966805,0.021488,7.803598,3.928076,0.000000,11.747500
995,0,0.000000,8.068468,6.316670,0.002938,8.105161,0.000000,0.000000,26.161103,0.031588,13.428352,12.457830,0.000000,19.756134
996,0,0.000000,5.926585,7.954313,0.002905,9.916464,0.000000,0.000000,21.805463,0.041773,13.574425,0.015129,0.000000,13.628000
997,0,0.000000,8.055987,7.862826,0.002174,15.920936,0.000000,0.000000,16.016146,0.037249,7.927885,0.019120,0.000000,7.972727
998,0,0.000000,13.439916,6.430658,0.003011,13.481919,0.000000,0.000000,19.974796,0.033595,13.344356,6.408265,0.000000,19.707113
999,0,0.000000,8.049488,7.853275,0.001958,15.878856,0.000000,0.000000,16.006312,0.031068,7.899037,7.837889,0.000000,15.761886
1000,0,0.000000,13.614659,6.287315,0.002132,15.913195,0.000000,0.000000,19.975886,0.026309,13.473266,2.280504,0.000000,15.774315
1001,0,0.000000,8.074307,6.451263,0.002041,13.925023,0.000000,0.000000,22.059733,4.552388,11.805340,8.481243,0.000000,20.350252
1002,0,0.000000,14.033384,7.273440,0.004396,21.303825,0.000000,0.000000,21.925650,0.034256,13.911820,7.256746,0.000000,21.200793
1003,0,0.000000,7.980036,7.910417,0.002942,15.892511,0.000000,0.000000,16.022519,0.059337,7.806564,7.912851,0.000000,15.762142
1004,0,0.000000,15.947720,7.874816,0.002600,23.823320,0.000000,0.000000,23.923163,0.037052,15.729734,7.838704,0.000000,23.087715
1005,0,0.000000,4.259033,3.963078,0.002746,8.222605,0.000000,0.000000,15.980076,0.030045,7.670118,7.889748,0.000000,15.589911
1006,0,0.000000,4.296303,7.941763,0.002487,12.034995,0.000000,0.000000,15.994587,0.031149,7.765093,7.908081,0.000000,15.704323
1007,0,0.000000,8.016693,12.775421,0.003796,14.588854,0.000000,0.000000,22.429113,0.024816,9.204110,12.975613,0.000000,20.841677
1008,0,0.000000,8.759349,9.341432,0.002935,9.647548,0.000000,0.000000,18.240002,0.052930,8.606016,9.311770,0.000000,13.312754
1009,0,0.000000,7.276312,7.857561,0.003416,15.134794,0.000000,0.000000,15.237909,0.033732,7.145177,7.834948,0.000000,15.002242
1010,0,0.000000,13.244805,6.659238,0.003141,14.704299,0.000000,0.000000,19.992249,0.029358,13.137534,2.656165,0.000000,13.198856
1011,0,0.000000,13.291241,4.738357,0.003485,14.052958,0.000000,0.000000,22.823809,0.045703,13.149630,9.397139,0.000000,21.882665
1012,0,0.000000,7.359242,7.821367,0.004719,15.181792,0.000000,0.000000,15.296300,0.033942,7.206509,7.782662,0.000000,15.022625
1013,0,0.000000,15.982295,7.821297,0.002871,16.032110,0.000000,0.000000,23.960105,0.043746,15.891506,7.789866,0.000000,15.937221
1014,0,0.000000,7.990250,7.222888,0.003686,11.224599,0.000000,0.000000,15.995026,0.056590,8.446348,7.150635,0.000000,11.069428
1015,0,0.000000,4.142481,7.941782,0.002980,12.057187,0.000000,0.000000,15.948571,0.027456,7.777316,7.910076,0.000000,15.704928
1016,0,0.000000,8.010267,7.934613,0.001640,15.945861,0.000000,0.000000,16.005235,0.022123,7.879566,7.890597,0.000000,15.765541
1017,0,0.000000,12.400515,7.067166,0.001970,12.438876,0.000000,0.000000,19.995057,0.040013,12.691733,7.039506,0.000000,12.727595
1018,0,0.000000,7.966353,7.898731,0.003706,15.866524,0.000000,0.000000,15.967964,0.041601,7.817227,7.843816,0.000000,15.673585
1019,0,0.000000,12.612134,7.260766,0.002396,12.649274,0.000000,0.000000,19.982608,0.040578,12.490861,7.234978,0.000000,12.557793
1020,0,0.000000,8.033231,7.902930,0.001780,15.937254,0.000000,0.000000,16.034484,0.036655,7.903524,7.899398,0.000000,15.829453
1021,0,0.000000,4.104464,7.966056,0.003204,9.429068,0.000000,0.000000,19.953062,0.035951,7.711536,11.893397,0.000000,19.634373
1022,0,0.000000,8.039708,5.476818,0.002652,13.517756,0.000000,0.000000,19.055183,0.030377,7.879222,8.494576,0.000000,13.500956
1023,0,0.000000,8.974476,7.291723,0.002706,9.008057,0.000000,0.000000,16.931876,0.034288,8.806848,7.274175,0.000000,15.774538
1024,0,0.000000,8.045611,7.848722,0.003535,15.896514,0.000000,0.000000,19.059331,0.034106,7.946302,10.864271,0.000000,18.752045
1025,0,0.000000,8.903945,7.931525,0.003371,12.866353,0.000000,0.000000,20.865800,0.038453,11.554232,7.909852,0.000000,19.502537
1026,0,0.000000,8.064643,7.791036,0.003033,15.854359,0.000000,0.000000,16.008721,0.032857,7.941377,7.757576,0.000000,15.717150
1027,0,0.000000,11.181466,4.717332,0.003947,11.219463,0.000000,0.000000,15.994817,0.036751,11.049870,4.630178,0.000000,11.087970
1028,0,0.000000,8.140462,3.737798,0.004252,8.178666,0.000000,0.000000,15.971809,0.040073,7.956638,7.680072,0.000000,15.676783
1029,0,0.000000,4.224064,3.965657,0.003385,8.190167,0.000000,0.000000,19.986114,0.048021,7.644745,7.997164,0.000000,15.608737
1030,0,0.000000,13.597540,4.826839,0.002989,13.652300,0.000000,0.000000,18.572605,0.035946,13.497397,0.802081,0.000000,13.566701
1031,0,0.000000,9.931525,7.929994,0.002969,13.899131,0.000000,0.000000,21.865346,0.037300,13.585922,7.891434,0.000000,15.854075
1032,0,0.000000,8.052217,7.798107,0.003389,15.847453,0.000000,0.000000,16.001840,0.047084,7.924921,7.766570,0.000000,15.733059
1033,0,0.000000,12.029353,7.783780,0.002527,16.600287,0.000000,0.000000,19.943797,0.035042,11.925402,3.791762,0.000000,15.686975
1034,0,0.000000,8.016526,7.896794,0.002392,15.915177,0.000000,0.000000,16.020898,0.037637,7.775109,3.867165,0.000000,11.672145
1035,0,0.000000,11.986244,7.869158,0.038260,19.857005,0.000000,0.000000,19.976214,0.037682,11.737198,3.856535,0.000000,11.788836
1036,0,0.000000,8.048280,7.814393,0.003002,8.076456,0.000000,0.000000,15.994907,0.036405,7.910944,7.818385,0.000000,11.814899
1037,0,0.000000,7.955574,7.912374,0.002030,15.868944,0.000000,0.000000,15.987226,0.037799,7.824370,7.898018,0.000000,15.753265
1038,0,0.000000,13.028137,2.864278,0.002337,13.070670,0.000000,0.000000,19.951710,0.036567,12.890135,6.780465,0.000000,12.922531
1039,0,0.000000,8.085768,7.832672,0.002271,15.920711,0.000000,0.000000,16.018058,0.034053,7.895320,7.755250,0.000000,15.684006
1040,0,0.000000,8.827810,7.055938,0.002408,15.138748,0.000000,0.000000,16.000941,0.031977,8.628275,4.003702,0.000000,12.645603
1041,0,0.000000,5.780453,5.324006,0.003180,8.982445,0.000000,0.000000,11.602539,0.168486,5.998589,1.278366,0.000000,6.062950
1042,0,0.000000,9.183689,7.511431,0.002913,16.696285,0.000000,0.000000,16.823554,0.028902,9.082612,4.000143,0.000000,13.110598
1043,0,0.000000,12.061556,7.803854,0.002990,19.868400,0.000000,0.000000,20.018519,0.034127,11.986819,7.774783,0.000000,15.816882
1044,0,0.000000,11.870560,3.981616,0.002907,15.854611,0.000000,0.000000,15.980231,0.029573,11.788261,3.951558,0.000000,11.823298
1045,0,0.000000,12.019263,3.837841,0.002307,12.069108,0.000000,0.000000,16.006086,0.039508,11.891967,3.804425,0.000000,11.970300
1046,0,0.000000,11.998561,7.861118,0.002589,19.862268,0.000000,0.000000,19.945740,0.032222,11.810255,3.853334,0.000000,11.836215
1047,0,0.000000,8.088762,7.136762,0.002480,11.239891,0.000000,0.000000,15.980517,0.034748,7.935551,7.119171,0.000000,15.085388
1048,0,0.000000,8.086341,7.843966,0.001957,15.910494,0.000000,0.000000,16.025245,0.032526,7.935536,7.828824,0.000000,15.787898
1049,0,0.000000,12.014364,7.024895,0.002462,19.041067,0.000000,0.000000,20.006098,0.030649,12.706095,7.002535,0.000000,19.436996
1050,0,0.000000,11.975224,8.525908,0.003002,12.016195,0.000000,0.000000,21.816160,0.028449,12.912870,2.636329,0.000000,12.940769
1051,0,0.000000,6.211020,9.776931,0.002609,11.547337,0.000000,0.000000,18.566054,0.026790,8.471330,1.309253,0.000000,8.502338
1052,0,0.000000,8.026162,7.944220,0.002723,15.955323,0.000000,0.000000,19.597341,3.566564,8.006106,7.932833,0.000000,19.233240
1053,0,0.000000,13.590218,6.204228,0.002446,13.630050,0.000000,0.000000,24.664158,0.027901,13.410313,10.871407,0.000000,17.433678
1054,0,0.000000,7.314837,7.841831,0.003427,15.157520,0.000000,0.000000,15.280095,0.038675,7.126791,7.822429,0.000000,14.978582
1055,0,0.000000,15.988651,7.866506,0.003115,23.856130,0.000000,0.000000,23.962286,0.030748,15.744634,3.862666,0.000000,15.788428
1056,0,0.000000,8.002812,7.837865,0.001934,15.842153,0.000000,0.000000,16.011846,0.127219,7.840384,3.808326,0.000000,11.517842
1057,0,0.000000,13.929853,8.564920,0.023852,13.966046,0.000000,0.000000,27.889203,0.026598,13.715434,13.832054,0.000000,13.889143
1058,0,0.000000,8.142643,7.396343,0.002877,11.558449,0.000000,0.000000,27.054511,0.040137,16.209899,10.443140,0.000000,16.275117
1059,0,0.000000,12.541446,7.944491,0.001929,12.895045,0.000000,0.000000,20.926372,0.040569,12.341380,7.941271,0.000000,16.404294
1060,0,0.000000,7.976448,7.894295,0.002095,15.871834,0.000000,0.000000,15.978221,0.035879,7.680627,7.867123,0.000000,15.576758
1061,0,0.000000,12.689051,3.206928,0.001990,15.170574,0.000000,0.000000,19.945249,0.040089,11.099028,7.126653,0.000000,13.038633
1062,0,0.000000,8.012740,7.909649,0.002506,15.924237,0.000000,0.000000,16.034464,0.047939,7.760030,7.892239,0.000000,15.686125
1063,0,0.000000,11.949213,6.549231,0.003034,11.974655,0.000000,0.000000,26.731181,0.033878,13.126657,13.205677,0.000000,23.904449
1064,0,0.000000,12.759619,10.757881,0.003864,12.789091,0.000000,0.000000,23.606500,0.040484,12.438465,10.737698,0.000000,21.488922
1065,0,0.000000,12.945527,9.038128,0.003252,12.972845,0.000000,0.000000,22.108719,0.040385,12.632188,9.026461,0.000000,16.656365
1066,0,0.000000,7.566099,7.848822,0.001633,15.415622,0.000000,0.000000,15.503357,0.034357,7.453348,7.827037,0.000000,15.311652
1067,0,0.000000,8.714109,3.211687,0.001754,8.746244,0.000000,0.000000,12.011048,0.021024,8.583580,3.188412,0.000000,11.790544
1068,0,0.000000,4.192652,3.946873,0.003595,4.231553,0.000000,0.000000,8.222843,0.026840,4.078782,3.747103,0.000000,4.099800
1069,0,0.000000,3.906803,3.753344,0.001875,4.009023,0.000000,0.000000,7.745996,0.036737,3.708437,3.728434,0.000000,3.906250
1070,0,0.000000,4.272357,3.655004,0.003986,4.303926,0.000000,0.000000,8.520109,0.022248,4.137972,4.153881,0.000000,4.193015
1071,0,0.000000,3.660319,3.703743,0.003656,3.913025,0.000000,0.000000,11.432942,0.040714,3.502268,7.660927,0.000000,7.845220
1072,0,0.000000,4.180298,3.977139,0.002211,8.158875,0.000000,0.000000,12.006929,0.033908,7.740828,3.946200,0.000000,11.693940
1073,0,0.000000,11.871581,4.452232,0.002876,11.910921,0.000000,0.000000,23.966328,0.026414,11.642586,8.499925,0.000000,15.669709
1074,0,0.000000,7.919863,7.876105,0.003182,15.797100,0.000000,0.000000,20.370890,0.031400,7.828757,11.842948,0.000000,19.703105
1075,0,0.000000,7.531141,7.920609,0.002643,15.453392,0.000000,0.000000,15.541567,0.032296,7.269970,7.908862,0.000000,15.206728
1076,0,0.000000,12.002168,7.299183,0.002906,12.047157,0.000000,0.000000,19.982257,0.024139,8.466101,7.278303,0.000000,15.727449
1077,0,0.000000,7.995176,7.919668,0.003039,15.915885,0.000000,0.000000,16.006383,0.033385,7.825396,7.892052,0.000000,15.744468
1078,0,0.000000,12.002161,7.163782,0.002257,19.167524,0.000000,0.000000,19.954168,0.044727,12.505479,3.152739,0.000000,12.543655
1079,0,0.000000,12.033340,7.832569,0.003298,19.866999,0.000000,0.000000,19.994890,0.056012,11.852286,3.805695,0.000000,11.899624
1080,0,0.000000,7.982135,7.890695,0.002433,15.873837,0.000000,0.000000,15.983081,0.047497,7.844248,3.869660,0.000000,11.760215
1081,0,0.000000,13.118412,6.715862,0.004338,13.168396,0.000000,0.000000,22.539988,0.042876,12.978708,9.254605,0.000000,15.765600
1082,0,0.000000,13.445148,3.848606,0.001842,13.485905,0.000000,0.000000,21.395259,0.039888,13.317288,7.797776,0.000000,17.113255
1083,0,0.000000,8.054535,7.835578,0.004718,15.885138,0.000000,0.000000,16.021714,0.041348,7.898826,7.824530,0.000000,15.744656
1084,0,0.000000,9.750827,6.105771,0.003192,9.785493,0.000000,0.000000,15.968315,0.034982,9.547571,6.063394,0.000000,11.858018
1085,0,0.000000,12.020543,7.238924,0.003398,12.070785,0.000000,0.000000,20.009392,0.029990,12.454597,7.223918,0.000000,16.516431
1086,0,0.000000,7.975876,7.573678,0.002573,15.530122,0.000000,0.000000,15.954011,0.078503,8.079434,7.557537,0.000000,15.651359
1087,0,0.000000,11.979941,7.891950,0.004782,19.873049,0.000000,0.000000,19.990577,0.032876,11.832621,7.870386,0.000000,16.658883
1088,0,0.000000,11.971326,7.844514,0.003391,19.817113,0.000000,0.000000,20.719854,0.047957,11.765152,7.865319,0.000000,15.860411
1089,0,0.000000,7.213325,5.811707,0.003316,7.259546,0.000000,0.000000,25.906951,0.035949,7.805275,12.516557,0.000000,20.351600
1090,0,0.000000,5.487078,9.085601,0.005231,9.358681,0.000000,0.000000,18.246498,0.037221,8.766545,9.085699,0.000000,12.971048
1091,0,0.000000,7.020362,7.824040,0.003265,14.847667,0.000000,0.000000,15.023273,0.039858,6.898771,7.819301,0.000000,14.748595
1092,0,0.000000,12.043967,3.822340,0.003860,12.183940,0.000000,0.000000,19.940365,0.037884,11.855249,7.715992,0.000000,19.608511
1093,0,0.000000,4.137298,3.944969,0.002738,8.085005,0.000000,0.000000,15.986995,0.043627,7.688514,7.879711,0.000000,15.610690
1094,0,0.000000,4.156502,3.339024,0.002981,4.206230,0.000000,0.000000,19.974748,0.033527,11.769322,7.255725,0.000000,11.916372
1095,0,0.000000,8.027313,7.999280,0.008888,16.028197,0.000000,0.000000,16.115505,0.035590,7.872349,7.840782,0.000000,15.591401
1096,0,0.000000,11.881847,6.386657,0.004596,11.922909,0.000000,0.000000,26.023846,0.032597,13.181941,10.140963,0.000000,23.348712
1097,0,0.000000,9.851142,7.448560,0.002155,9.902687,0.000000,0.000000,17.805212,0.044263,10.062960,7.413724,0.000000,14.082186
1098,0,0.000000,8.010844,7.934062,0.002782,15.946761,0.000000,0.000000,16.047527,0.035792,7.839416,7.914416,0.000000,15.779199
1099,0,0.000000,8.804421,7.050538,0.004462,11.011758,0.000000,0.000000,15.969336,0.031016,8.636757,7.052414,0.000000,15.706921
1100,0,0.000000,8.022460,7.858804,0.003548,15.884812,0.000000,0.000000,16.018729,0.050851,7.866007,7.853783,0.000000,15.758309
1101,0,0.000000,8.743891,3.100903,0.002632,8.786659,0.000000,0.000000,15.669569,0.040423,8.636554,6.781197,0.000000,15.456078
1102,0,0.000000,8.284697,7.883804,0.002945,16.169574,0.000000,0.000000,16.287828,0.039159,8.133516,7.862377,0.000000,15.851231
1103,0,0.000000,12.055319,7.816805,0.002149,19.873037,0.000000,0.000000,19.978340,0.029162,11.972693,7.791113,0.000000,15.983563
1104,0,0.000000,10.503848,5.339333,0.003357,10.563118,0.000000,0.000000,15.981664,0.033209,10.373736,1.332457,0.000000,10.407925
1105,0,0.000000,7.679398,7.812771,0.002654,15.428194,0.000000,0.000000,15.587521,0.047955,7.482160,3.793143,0.000000,11.309862
1106,0,0.000000,12.014465,7.828339,0.003746,19.846550,0.000000,0.000000,19.986546,0.037757,11.779802,3.793219,0.000000,11.821662
1107,0,0.000000,10.241830,5.643601,0.006320,13.643760,0.000000,0.000000,16.020518,0.037020,10.082308,5.645091,0.000000,15.746546
1108,0,0.000000,11.930486,3.837951,0.004313,12.835287,0.000000,0.000000,15.947368,0.043354,11.849850,3.804430,0.000000,11.913871
1109,0,0.000000,12.089369,7.713451,0.004355,19.796523,0.000000,0.000000,19.998008,0.031474,11.944341,7.684791,0.000000,19.646164
1110,0,0.000000,12.065787,7.772402,0.003112,19.840276,0.000000,0.000000,19.968688,0.042797,11.946479,0.031183,0.000000,11.983243
1111,0,0.000000,8.006042,7.890840,0.003723,15.898551,0.000000,0.000000,16.013825,0.050984,7.748488,7.799631,0.000000,15.599103
1112,0,0.000000,11.991524,7.645323,0.002977,19.639824,0.000000,0.000000,19.991636,0.037529,12.001574,0.052577,0.000000,12.091680
1113,0,0.000000,11.988567,3.875100,0.004028,12.031336,0.000000,0.000000,16.017466,0.045107,11.845490,3.866740,0.000000,15.747607
1114,0,0.000000,4.180303,3.949198,0.002617,8.129190,0.000000,0.000000,15.908425,0.040904,7.650884,7.902419,0.000000,15.585408
1115,0,0.000000,4.357116,3.934485,0.003647,8.284862,0.000000,0.000000,15.999725,0.041558,7.829931,7.856652,0.000000,15.721016
1116,0,0.000000,4.226635,3.940460,0.003435,8.166812,0.000000,0.000000,15.976040,0.048144,7.761613,7.879990,0.000000,15.682742
1117,0,0.000000,4.236536,7.915318,0.003561,12.124283,0.000000,0.000000,16.007764,0.032352,7.717731,7.841964,0.000000,15.586298
1118,0,0.000000,8.028968,7.818436,0.003417,15.848628,0.000000,0.000000,15.987150,0.050273,7.926431,7.759470,0.000000,15.444540
1119,0,0.000000,11.965920,14.467552,0.004783,14.859563,0.000000,0.000000,27.966777,0.040676,11.840630,6.494286,0.000000,15.923367
1120,0,0.000000,8.031544,7.883383,0.002861,15.899089,0.000000,0.000000,16.011187,0.035849,7.817448,7.799813,0.000000,15.511611
1121,0,0.000000,11.944161,7.226861,0.002004,11.985910,0.000000,0.000000,19.879937,0.032405,11.804884,3.242416,0.000000,11.835018
1122,0,0.000000,8.061170,7.860678,0.003901,15.909444,0.000000,0.000000,16.052281,0.039567,7.944779,7.847009,0.000000,15.831355
1123,0,0.000000,12.374813,6.478517,0.002896,12.416697,0.000000,0.000000,22.164391,0.039475,12.195132,8.659177,0.000000,16.231314
1124,0,0.000000,9.797005,7.841891,0.003557,17.640629,0.000000,0.000000,17.753284,0.037152,9.639481,3.836635,0.000000,9.684546
1125,0,0.000000,12.047978,6.341304,0.003147,18.363177,0.000000,0.000000,22.811429,0.037691,13.422412,9.079386,0.000000,18.244085
1126,0,0.000000,9.171741,7.347212,0.002657,16.520727,0.000000,0.000000,17.179192,0.042543,9.474799,3.320794,0.000000,11.376860
1127,0,0.000000,12.003294,3.899727,0.002616,12.891582,0.000000,0.000000,16.014506,0.038546,11.799002,3.894033,0.000000,11.849715
1128,0,0.000000,11.944467,7.908908,0.002923,19.854484,0.000000,0.000000,19.963672,0.040291,11.837279,7.844405,0.000000,15.806794
1129,0,0.000000,11.977362,3.090629,0.003687,15.069515,0.000000,0.000000,19.993842,0.032575,11.577939,6.972401,0.000000,15.611937
1130,0,0.000000,4.210908,3.958415,0.004339,8.171118,0.000000,0.000000,15.963658,0.045290,7.760000,7.892028,0.000000,15.584255
1131,0,0.000000,4.206041,3.962667,0.003902,8.162074,0.000000,0.000000,16.002274,0.040100,7.767599,7.917765,0.000000,15.722362
1132,0,0.000000,4.381813,3.918060,0.004793,8.300222,0.000000,0.000000,15.953566,0.072952,7.695942,7.845119,0.000000,15.551472
1133,0,0.000000,8.091439,9.203993,0.003319,9.381940,0.000000,0.000000,20.508629,0.045232,11.015394,9.176500,0.000000,11.080517
1134,0,0.000000,7.675816,7.610437,0.003800,15.288514,0.000000,0.000000,15.587007,0.046415,7.552743,7.634604,0.000000,15.228265
1135,0,0.000000,11.996716,7.524275,0.003286,16.463720,0.000000,0.000000,19.857974,0.225814,11.871886,7.501367,0.000000,15.652054
1136,0,0.000000,8.082959,7.780389,0.003885,8.122852,0.000000,0.000000,16.027484,0.042058,7.801830,7.781981,0.000000,15.583559
1137,0,0.000000,7.901647,7.881361,0.003607,15.783685,0.000000,0.000000,15.905398,0.037741,7.725908,7.872298,0.000000,15.625997
1138,0,0.000000,8.994525,6.864337,0.025705,9.035610,0.000000,0.000000,15.974954,0.029806,8.834862,6.762277,0.000000,15.622868
1139,0,0.000000,8.053154,7.231599,0.003990,15.286847,0.000000,0.000000,16.067493,0.037797,8.193932,7.122395,0.000000,15.230336
1140,0,0.000000,11.801021,7.832053,0.003728,19.634795,0.000000,0.000000,19.894341,0.197261,11.515194,3.838039,0.000000,11.957421
1141,0,0.000000,11.911533,3.873795,0.002939,15.201978,0.000000,0.000000,15.986182,0.089171,11.660069,3.860202,0.000000,11.776352
1142,0,0.000000,7.976034,7.863448,0.005206,15.841476,0.000000,0.000000,16.412410,0.034696,7.803357,8.244726,0.000000,16.080122
1143,0,0.000000,7.521896,7.844553,0.004730,15.368175,0.000000,0.000000,15.566246,0.093234,7.296012,7.839988,0.000000,15.197365
1144,0,0.000000,12.123451,10.050861,0.004521,12.175370,0.000000,0.000000,25.618864,0.043034,15.173923,10.019716,0.000000,18.158677
1145,0,0.000000,10.826892,7.794884,0.034781,18.189518,0.000000,0.000000,18.818932,0.050030,10.495369,7.797610,0.000000,16.365255
1146,0,0.000000,7.614838,3.648321,0.004308,7.658589,0.000000,0.000000,15.476865,0.100323,7.473184,7.597017,0.000000,11.575076
1147,0,0.000000,7.977221,7.881798,0.004440,15.861837,0.000000,0.000000,16.006793,0.043691,7.749450,7.818419,0.000000,15.608870
1148,0,0.000000,12.022300,6.847546,0.002432,18.871133,0.000000,0.000000,19.958938,0.053548,12.637151,6.802174,0.000000,14.809356
1149,0,0.000000,9.010623,2.844057,0.001836,10.887011,0.000000,0.000000,15.955562,0.037130,8.907883,6.758505,0.000000,8.949158
1150,0,0.000000,8.019409,7.874014,0.002825,15.895138,0.000000,0.000000,16.005775,0.040599,7.806556,7.806639,0.000000,15.579669
1151,0,0.000000,10.373528,5.482080,0.003686,10.403330,0.000000,0.000000,16.010406,0.034702,10.203642,5.472752,0.000000,14.252094
1152,0,0.000000,8.499619,2.392848,0.002585,10.398796,0.000000,0.000000,15.949664,0.038987,8.109250,6.294832,0.000000,10.412602
1153,0,0.000000,4.212038,3.919387,0.002962,8.128299,0.000000,0.000000,15.897679,0.042785,7.578489,7.846405,0.000000,15.461278
1154,0,0.000000,8.056967,7.748626,0.003458,15.809051,0.000000,0.000000,16.007586,0.035782,7.929660,7.706775,0.000000,15.514426
1155,0,0.000000,11.988820,7.842868,0.002483,19.833742,0.000000,0.000000,20.002884,0.039739,11.819294,3.807177,0.000000,15.666134
1156,0,0.000000,12.211044,3.592375,0.003117,12.285264,0.000000,0.000000,15.987377,0.051477,12.050764,3.579232,0.000000,12.120782
1157,0,0.000000,10.297074,5.545224,0.002455,10.334965,0.000000,0.000000,15.996006,0.058862,10.150980,5.530153,0.000000,10.208190
1158,0,0.000000,8.787490,2.868587,0.002059,8.824138,0.000000,0.000000,15.941276,0.061983,8.796375,6.808815,0.000000,14.764469
1159,0,0.000000,7.998647,7.892356,0.002196,15.893187,0.000000,0.000000,16.022691,0.045556,7.798964,7.829057,0.000000,15.574114
1160,0,0.000000,12.982352,12.376964,0.003996,13.027682,0.000000,0.000000,25.912745,0.038717,13.198370,12.353290,0.000000,18.729042
1161,0,0.000000,10.064225,9.902497,0.003682,10.147446,0.000000,0.000000,24.652202,0.076061,13.266255,10.974702,0.000000,18.499768
1162,0,0.000000,11.575289,8.588335,0.004284,13.429702,0.000000,0.000000,22.664078,0.037876,12.986713,9.269648,0.000000,17.010327
1163,0,0.000000,10.706180,5.663365,0.003282,10.755825,0.000000,0.000000,24.978936,0.040868,12.751652,11.893041,0.000000,24.600968
1164,0,0.000000,10.812789,6.707120,0.002998,10.848545,0.000000,0.000000,17.721874,0.067040,10.459965,6.736494,0.000000,10.539738
1165,0,0.000000,7.943233,7.920022,0.001702,15.864302,0.000000,0.000000,15.976667,0.047607,7.771409,7.889281,0.000000,15.598315
1166,0,0.000000,11.298598,4.561074,0.003747,11.348627,0.000000,0.000000,15.997976,0.052046,11.076422,4.542288,0.000000,15.034000
1167,0,0.000000,11.963478,6.835694,0.005467,12.024630,0.000000,0.000000,26.519277,0.035318,12.818028,13.329012,0.000000,19.653528
1168,0,0.000000,5.588179,7.718214,0.003369,13.085539,0.000000,0.000000,13.421619,0.046755,5.410487,7.703870,0.000000,7.884658
1169,0,0.000000,9.065012,6.346715,0.004098,13.859517,0.000000,0.000000,15.585415,0.041653,8.800868,6.317612,0.000000,9.807158
1170,0,0.000000,13.964683,5.797470,0.005873,14.648841,0.000000,0.000000,26.230893,0.061551,13.769051,12.115753,0.000000,19.527971
1171,0,0.000000,5.604789,11.921829,0.002683,17.529164,0.000000,0.000000,17.652711,0.058493,5.430400,3.884145,0.000000,9.370677
1172,0,0.000000,10.057881,5.205262,0.002430,10.102774,0.000000,0.000000,27.935081,0.963239,14.434015,13.144788,0.000000,26.444934
1173,0,0.000000,7.537782,7.857232,0.002184,15.397198,0.000000,0.000000,15.523176,0.040697,7.359680,7.843068,0.000000,15.201209
1174,0,0.000000,12.828100,3.033659,0.003232,12.866020,0.000000,0.000000,19.931608,0.032530,12.735849,6.960330,0.000000,12.780849
1175,0,0.000000,8.040928,4.339598,0.002174,8.394177,0.000000,0.000000,20.497822,0.030202,11.260131,8.504817,0.000000,12.225903
1176,0,0.000000,12.684677,6.491053,0.003544,12.726896,0.000000,0.000000,19.377021,0.076795,9.737380,6.482440,0.000000,16.177307
1177,0,0.000000,13.015254,6.330280,0.003271,13.045453,0.000000,0.000000,19.494170,0.037706,12.829838,6.326285,0.000000,16.887710
1178,0,0.000000,7.958076,7.905679,0.002162,15.864779,0.000000,0.000000,15.971692,0.048128,7.667015,7.889926,0.000000,15.605069
1179,0,0.000000,12.750774,5.637786,0.002046,18.390031,0.000000,0.000000,25.109472,0.041593,14.013434,10.735506,0.000000,18.384255
1180,0,0.000000,11.382440,7.002287,0.004001,11.425340,0.000000,0.000000,18.527416,0.040445,11.194899,6.991604,0.000000,15.236979
1181,0,0.000000,7.989959,7.895334,0.003341,15.887567,0.000000,0.000000,16.001585,0.042194,7.843838,7.883323,0.000000,15.742740
1182,0,0.000000,8.051430,4.138573,0.002133,8.092461,0.000000,0.000000,21.398921,0.033031,11.594244,9.508356,0.000000,17.344608
1183,0,0.000000,8.037716,7.639711,0.003357,15.680386,0.000000,0.000000,16.907892,0.044189,8.182051,8.487930,0.000000,16.653705
1184,0,0.000000,11.128077,13.183856,0.003096,13.310804,0.000000,0.000000,26.897872,0.035834,13.416689,12.567033,0.000000,16.372090
1185,0,0.000000,10.225702,5.287527,0.003747,10.295245,0.000000,0.000000,16.107042,0.076801,10.557553,5.201937,0.000000,15.754244
1186,0,0.000000,8.091686,3.808779,0.003037,8.127231,0.000000,0.000000,15.941777,0.029761,7.880725,7.726593,0.000000,15.636595
1187,0,0.000000,8.090001,7.851988,0.003622,15.945611,0.000000,0.000000,16.023163,0.030520,7.827196,7.804324,0.000000,15.660213
1188,0,0.000000,12.055815,6.733282,0.003459,18.792556,0.000000,0.000000,20.003006,0.055493,9.110349,6.667134,0.000000,15.816590
1189,0,0.000000,13.233726,6.567606,0.002134,15.817085,0.000000,0.000000,19.968202,0.049361,13.112307,6.541078,0.000000,13.175167
1190,0,0.000000,13.064538,6.796841,0.003945,13.120051,0.000000,0.000000,20.001232,0.039123,12.945808,6.768159,0.000000,13.015751
1191,0,0.000000,13.149843,6.711787,0.003926,13.191434,0.000000,0.000000,19.978908,0.038093,13.042196,6.686132,0.000000,13.086077
1192,0,0.000000,8.102079,7.761487,0.002767,15.772588,0.000000,0.000000,16.011725,0.041358,7.912395,7.742606,0.000000,15.688946
1193,0,0.000000,9.494511,6.357340,0.002178,9.538669,0.000000,0.000000,15.977405,0.035562,9.357869,6.308258,0.000000,15.697995
1194,0,0.000000,8.088494,7.783085,0.003673,15.808649,0.000000,0.000000,16.014578,0.049263,7.893456,7.778650,0.000000,15.702448
1195,0,0.000000,11.951310,3.943748,0.002956,11.987491,0.000000,0.000000,16.033875,0.041131,11.800284,3.933633,0.000000,11.906108
1196,0,0.000000,11.937823,7.864966,0.005482,19.803994,0.000000,0.000000,19.965049,0.082882,11.780426,4.387277,0.000000,12.135445
1197,0,0.000000,10.753489,7.786413,0.002574,18.541362,0.000000,0.000000,19.951576,1.273641,10.527600,7.763067,0.000000,13.016285
1198,0,0.000000,10.263248,4.868528,0.003428,10.295417,0.000000,0.000000,15.997535,0.785802,10.688367,4.844556,0.000000,12.680803
1199,0,0.000000,8.152192,3.723445,0.004260,8.218308,0.000000,0.000000,11.997836,0.039113,8.019545,3.715094,0.000000,8.069034
1200,0,0.000000,12.009531,7.773528,0.003986,19.731879,0.000000,0.000000,19.964642,0.056474,11.926222,7.765888,0.000000,15.992113
1201,0,0.000000,11.933894,3.868265,0.003064,11.990181,0.000000,0.000000,15.938968,0.045775,11.800287,3.833966,0.000000,11.870289
1202,0,0.000000,4.180673,3.672917,0.003270,4.227231,0.000000,0.000000,7.979959,0.039580,4.014182,3.657198,0.000000,4.082299
1203,0,0.000000,4.169883,4.122922,0.001648,4.319535,0.000000,0.000000,8.368765,0.028925,3.971673,4.101187,0.000000,4.401670
1204,0,0.000000,3.776011,3.707859,0.002544,3.949543,0.000000,0.000000,7.602510,0.051949,3.674737,3.687723,0.000000,3.882824
1205,0,0.000000,4.168922,7.705980,0.003005,7.853007,0.000000,0.000000,11.945914,0.030280,4.031137,7.679149,0.000000,7.945178
1206,0,0.000000,8.159978,3.485990,0.003330,8.227625,0.000000,0.000000,20.004894,0.045198,12.164370,7.408203,0.000000,12.197511
1207,0,0.000000,4.264001,3.984882,0.002076,8.250959,0.000000,0.000000,15.981851,0.045817,7.766190,7.891173,0.000000,15.624851
1208,0,0.000000,4.206565,3.951768,0.003311,8.155592,0.000000,0.000000,15.988792,0.045119,7.770645,7.882729,0.000000,15.694418
1209,0,0.000000,4.212800,3.926717,0.003004,8.141379,0.000000,0.000000,15.976765,0.032774,7.864726,7.842888,0.000000,15.655300
1210,0,0.000000,4.239827,3.962216,0.003071,8.203843,0.000000,0.000000,15.996658,0.044932,7.809248,7.897808,0.000000,15.737425
1211,0,0.000000,4.198969,4.253710,0.002937,8.370905,0.000000,0.000000,16.030132,0.035059,7.832311,7.915726,0.000000,15.775346
1212,0,0.000000,8.016479,3.869056,0.003003,11.888538,0.000000,0.000000,15.972031,0.040913,7.890360,7.818169,0.000000,15.738641
1213,0,0.000000,4.106002,4.016337,0.020893,8.087699,0.000000,0.000000,15.958962,0.059455,7.700420,7.926951,0.000000,15.686826
1214,0,0.000000,8.062380,7.849950,0.003888,15.913739,0.000000,0.000000,16.016057,0.035825,7.817488,7.776545,0.000000,15.551987
1215,0,0.000000,8.654752,3.253064,0.003663,8.694599,0.000000,0.000000,15.945326,0.035216,8.504698,7.153549,0.000000,14.900720
1216,0,0.000000,4.226440,4.001032,0.003574,8.215301,0.000000,0.000000,16.001165,0.039084,7.792231,7.936894,0.000000,15.682509
1217,0,0.000000,7.026981,7.879833,0.002651,14.908769,0.000000,0.000000,19.933705,4.936214,7.986338,3.854189,0.000000,15.750171
1218,0,0.000000,13.405232,6.481929,0.003172,13.448122,0.000000,0.000000,20.152161,0.028354,13.317188,6.590135,0.000000,17.375861
1219,0,0.000000,11.549798,4.097141,0.002277,11.870153,0.000000,0.000000,15.831557,0.035265,11.481447,4.083118,0.000000,15.599539
1220,0,0.000000,13.389546,6.269665,0.002042,13.425363,0.000000,0.000000,19.950132,0.034393,13.429691,6.245852,0.000000,17.421672
1221,0,0.000000,8.054363,7.873386,0.002133,15.918433,0.000000,0.000000,16.022126,0.030638,7.909581,7.849277,0.000000,15.780619
1222,0,0.000000,11.994719,7.870076,0.002330,12.044165,0.000000,0.000000,19.964019,0.023930,11.870699,3.882138,0.000000,15.771895
1223,0,0.000000,8.039935,7.887956,0.003749,15.929509,0.000000,0.000000,16.022814,0.030898,7.856543,3.899590,0.000000,11.776156
1224,0,0.000000,12.004040,3.873224,0.002141,12.052795,0.000000,0.000000,15.984898,0.039438,11.814323,3.831499,0.000000,11.857943
1225,0,0.000000,4.212889,3.705705,0.001971,4.250502,0.000000,0.000000,7.993921,0.029648,4.011142,3.678284,0.000000,4.046417
1226,0,0.000000,7.963473,7.978366,0.002180,15.944019,0.000000,0.000000,16.008528,0.020598,7.832870,3.951493,0.000000,11.798404
1227,0,0.000000,11.999030,7.845570,0.003243,19.845943,0.000000,0.000000,19.962877,0.036374,11.858419,7.795667,0.000000,15.848197
1228,0,0.000000,12.046977,3.956308,0.001792,12.090947,0.000000,0.000000,16.105531,0.031984,11.855750,3.927037,0.000000,11.990534
1229,0,0.000000,3.997501,7.784301,0.003542,8.019892,0.000000,0.000000,11.874702,0.034561,3.834465,7.779942,0.000000,7.911886
1230,0,0.000000,8.005736,7.903791,0.001824,15.911159,0.000000,0.000000,16.011049,0.025593,7.857887,7.883548,0.000000,15.745799
1231,0,0.000000,12.891072,3.016372,0.002424,12.934958,0.000000,0.000000,19.980191,0.031183,12.673840,6.955148,0.000000,16.695806
1232,0,0.000000,8.022881,7.853057,0.003701,15.879639,0.000000,0.000000,16.047714,0.051800,7.793736,7.855797,0.000000,15.691750
1233,0,0.000000,11.578515,12.436201,0.003903,12.575329,0.000000,0.000000,25.510005,0.323750,11.339028,12.420021,0.000000,21.356446
1234,0,0.000000,6.417634,7.756142,0.003179,14.059792,0.000000,0.000000,14.318110,0.054134,6.200186,7.738069,0.000000,13.988648
1235,0,0.000000,12.998306,5.045726,0.003158,13.064530,0.000000,0.000000,27.644613,0.029023,14.625222,11.686783,0.000000,26.337720
1236,0,0.000000,12.338596,7.948704,0.002014,12.400686,0.000000,0.000000,20.401810,0.037169,12.220366,3.833310,0.000000,12.280611
1237,0,0.000000,7.967465,7.857470,0.002905,15.826862,0.000000,0.000000,15.919160,0.034047,7.743372,7.819787,0.000000,15.586288
1238,0,0.000000,12.454786,3.411272,0.002725,12.496313,0.000000,0.000000,19.946274,0.045169,12.268791,7.339061,0.000000,12.316149
1239,0,0.000000,8.007913,7.906403,0.003478,15.915863,0.000000,0.000000,16.006515,0.038518,7.704661,7.834398,0.000000,15.577577
1240,0,0.000000,12.013541,7.342136,0.004549,12.050557,0.000000,0.000000,19.966475,0.035431,12.286129,3.355304,0.000000,12.327686
1241,0,0.000000,8.026982,7.822888,0.001479,15.851184,0.000000,0.000000,15.989505,0.058340,7.841718,3.810346,0.000000,11.693637
1242,0,0.000000,12.897006,2.940686,0.003433,13.100046,0.000000,0.000000,19.944802,0.059079,12.739575,6.858167,0.000000,12.798465
1243,0,0.000000,8.086675,7.852032,0.002773,15.940011,0.000000,0.000000,16.032784,0.032960,7.964481,7.806887,0.000000,15.788774
1244,0,0.000000,12.017583,7.151038,0.003914,12.066914,0.000000,0.000000,19.956590,0.035470,11.802925,3.165045,0.000000,11.843097
1245,0,0.000000,8.072036,7.822763,0.002281,15.895957,0.000000,0.000000,16.017649,0.035565,7.890689,3.810959,0.000000,11.706472
1246,0,0.000000,12.771327,3.110268,0.003878,12.819255,0.000000,0.000000,19.958113,0.031106,12.358014,7.016161,0.000000,12.423127
1247,0,0.000000,4.186073,4.021433,0.002437,8.169473,0.000000,0.000000,15.970090,0.048681,7.704307,7.909039,0.000000,15.659007
1248,0,0.000000,4.195600,3.999796,0.002600,8.181775,0.000000,0.000000,15.950634,0.062607,7.653344,7.910940,0.000000,15.612446
1249,0,0.000000,4.102840,7.845445,0.003481,11.949589,0.000000,0.000000,15.894954,0.040684,7.665961,7.742953,0.000000,15.445905
1250,0,0.000000,8.588980,5.817016,0.004156,8.630647,0.000000,0.000000,27.473451,5.504652,9.864987,13.229908,0.000000,18.767620
1251,0,0.000000,12.581523,7.791526,0.002680,20.374160,0.000000,0.000000,20.521166,0.043306,12.396550,3.795074,0.000000,16.234930
1252,0,0.000000,13.470656,6.431857,0.016049,19.879375,0.000000,0.000000,20.041899,0.033675,13.321515,0.021233,0.000000,13.358093
1253,0,0.000000,11.855006,6.447063,0.003115,18.305184,0.000000,0.000000,25.531856,0.090953,11.845178,12.014224,0.000000,19.775475
1254,0,0.000000,10.992367,3.260102,0.002190,11.052417,0.000000,0.000000,18.363541,0.046873,10.860212,7.183204,0.000000,15.765429
1255,0,0.000000,7.995507,7.004535,0.003725,15.002114,0.000000,0.000000,16.029863,0.088976,7.853732,6.946942,0.000000,14.850563
1256,0,0.000000,8.829275,3.031536,0.002092,8.873238,0.000000,0.000000,15.946928,0.043396,8.744146,6.963226,0.000000,11.788410
1257,0,0.000000,4.186893,3.973160,0.002043,8.160327,0.000000,0.000000,15.989538,0.059142,7.805299,7.897091,0.000000,15.635749
1258,0,0.000000,4.219331,3.703569,0.003392,7.906661,0.000000,0.000000,15.977898,0.059007,8.072675,7.613301,0.000000,15.629880
1259,0,0.000000,4.167323,3.975712,0.003457,8.145917,0.000000,0.000000,15.991783,0.038888,7.838529,7.863206,0.000000,15.688472
1260,0,0.000000,4.171501,22.595832,0.005443,22.839377,0.000000,0.000000,32.774172,0.036014,7.883024,11.989348,0.000000,17.974589
1261,0,0.000000,12.357143,8.698396,0.005785,20.235749,0.000000,0.000000,25.731948,0.053185,11.206049,12.690129,0.000000,19.927079
1262,0,0.000000,11.089071,7.360751,0.005657,11.126524,0.000000,0.000000,18.576842,0.043459,10.851966,7.350997,0.000000,11.847593
1263,0,0.000000,8.021343,7.883438,0.003294,15.896020,0.000000,0.000000,16.013931,0.034055,7.905292,7.866209,0.000000,15.804332
1264,0,0.000000,13.564168,6.252946,0.003273,13.632145,0.000000,0.000000,26.255502,0.036420,13.395805,12.492352,0.000000,13.437132
1265,0,0.000000,13.298510,4.252069,0.002572,13.344206,0.000000,0.000000,25.620107,0.047938,13.162399,12.184407,0.000000,17.432760
1266,0,0.000000,8.099706,7.800753,0.002648,15.894405,0.000000,0.000000,15.995968,0.037024,7.931386,7.713891,0.000000,15.586240
1267,0,0.000000,13.249543,11.959965,0.002786,13.274774,0.000000,0.000000,26.879126,0.041274,13.740060,12.743808,0.000000,21.968929
1268,0,0.000000,9.110255,4.624636,0.002349,9.154567,0.000000,0.000000,25.066628,0.038642,12.146126,11.990712,0.000000,24.171348
1269,0,0.000000,7.960885,7.897159,0.002143,15.860187,0.000000,0.000000,15.962856,0.066519,7.710990,7.841597,0.000000,15.619076
1270,0,0.000000,12.566217,3.175574,0.003335,12.635806,0.000000,0.000000,19.964733,0.044146,12.412088,7.079318,0.000000,12.472778
1271,0,0.000000,4.178694,3.934983,0.003166,8.108588,0.000000,0.000000,15.980583,0.034019,7.764313,7.853293,0.000000,15.646390
1272,0,0.000000,8.022247,9.754375,0.003623,17.736727,0.000000,0.000000,17.898694,0.043231,7.851333,9.750704,0.000000,17.635719
1273,0,0.000000,9.017365,4.987690,0.003226,9.067767,0.000000,0.000000,22.073864,0.034539,8.836878,12.917867,0.000000,18.854745
1274,0,0.000000,8.078833,7.223261,0.004001,15.246241,0.000000,0.000000,16.043009,0.045749,8.470303,7.210995,0.000000,15.177479
1275,0,0.000000,8.879702,6.956873,0.003122,14.984542,0.000000,0.000000,15.964423,0.049645,7.815571,6.908719,0.000000,11.862403
1276,0,0.000000,13.836440,6.002712,0.004352,13.899890,0.000000,0.000000,19.988924,0.037730,13.705202,1.957737,0.000000,13.742333
1277,0,0.000000,12.699248,5.384414,0.003950,12.762501,0.000000,0.000000,21.452060,0.038015,12.597363,8.573264,0.000000,16.803550
1278,0,0.000000,12.189276,4.405319,0.002848,12.249832,0.000000,0.000000,21.005806,0.051072,12.092012,8.611381,0.000000,16.249860
1279,0,0.000000,7.741785,7.840832,0.003949,15.583699,0.000000,0.000000,15.736745,0.042578,7.622742,7.828706,0.000000,15.393349
1280,0,0.000000,10.763371,5.136803,0.003415,10.809232,0.000000,0.000000,16.047699,0.070871,10.596722,5.128982,0.000000,10.805081
1281,0,0.000000,11.784943,7.942717,0.004215,19.731864,0.000000,0.000000,19.848350,0.041782,11.584321,7.948944,0.000000,19.569797
1282,0,0.000000,7.984661,7.772567,0.004302,15.743572,0.000000,0.000000,15.977052,0.041202,7.880575,7.761070,0.000000,15.549247
1283,0,0.000000,12.048106,7.786958,0.002517,19.833658,0.000000,0.000000,19.958350,0.043689,11.904293,7.722726,0.000000,15.673763
1284,0,0.000000,8.005920,7.902506,0.004158,15.912584,0.000000,0.000000,16.053997,0.069781,7.866287,7.918084,0.000000,15.824984
1285,0,0.000000,11.962531,3.985854,0.004657,15.190175,0.000000,0.000000,16.094279,0.048318,11.755787,3.979410,0.000000,11.820694
1286,0,0.000000,11.818301,3.818201,0.003116,11.907245,0.000000,0.000000,15.834042,0.040980,11.725522,3.786517,0.000000,11.846762
1287,0,0.000000,11.961944,11.212721,0.006446,12.003051,0.000000,0.000000,29.157795,0.036156,12.084327,3.452265,0.000000,15.561581
1288,0,0.000000,10.741256,12.583711,0.005255,12.932224,0.000000,0.000000,25.460152,0.084197,12.498356,5.841080,0.000000,12.569350
1289,0,0.000000,9.281131,7.930608,0.002360,9.321103,0.000000,0.000000,21.262224,0.047381,12.934721,7.909521,0.000000,16.906793
1290,0,0.000000,8.059858,7.843823,0.004209,15.897375,0.000000,0.000000,16.032041,0.036432,7.896497,7.831245,0.000000,15.645202
1291,0,0.000000,12.091936,7.134440,0.004192,19.228489,0.000000,0.000000,19.976569,0.039404,11.972992,7.112088,0.000000,19.106789
1292,0,0.000000,11.997738,12.462609,0.003990,12.685111,0.000000,0.000000,27.940034,0.047176,11.813300,10.784893,0.000000,21.980204
1293,0,0.000000,8.050120,7.833886,0.004062,15.874279,0.000000,0.000000,16.045480,0.037705,7.962413,7.821854,0.000000,15.816471
1294,0,0.000000,12.003475,3.819505,0.003612,15.753065,0.000000,0.000000,15.984256,0.040442,11.879124,3.800048,0.000000,11.930989
1295,0,0.000000,11.984384,7.867995,0.002623,19.853567,0.000000,0.000000,19.972382,0.037945,11.747179,3.848976,0.000000,11.803071
1296,0,0.000000,9.196490,6.672422,0.004303,9.238854,0.000000,0.000000,15.989882,0.038040,9.027833,2.660285,0.000000,11.723126
1297,0,0.000000,7.810675,3.875077,0.005119,7.869935,0.000000,0.000000,11.820998,0.032367,7.615059,3.829147,0.000000,11.476573
1298,0,0.000000,11.106789,4.513078,0.002220,11.144735,0.000000,0.000000,15.804481,0.051619,10.748161,4.502198,0.000000,15.301095
1299,0,0.000000,11.961106,7.863661,0.002782,12.000574,0.000000,0.000000,19.970145,0.036889,11.841287,7.862694,0.000000,15.785682
1300,0,0.000000,11.989112,7.621324,0.003284,19.612523,0.000000,0.000000,20.010886,0.042718,12.056336,7.603450,0.000000,16.113286
1301,0,0.000000,15.619128,4.061760,0.003292,15.665082,0.000000,0.000000,20.232074,0.041711,15.455594,4.048236,0.000000,16.012725
1302,0,0.000000,12.667851,6.882218,0.003191,19.551804,0.000000,0.000000,19.723531,0.050723,12.550356,4.194185,0.000000,13.636657
1303,0,0.000000,4.183902,3.700806,0.004116,4.228311,0.000000,0.000000,8.001268,0.039254,3.998394,3.685376,0.000000,4.061031
1304,0,0.000000,4.094501,3.761031,0.003747,4.136560,0.000000,0.000000,7.988477,0.035089,3.982181,3.738453,0.000000,4.037559
1305,0,0.000000,4.185186,3.331820,0.004156,4.243076,0.000000,0.000000,8.005396,0.037934,4.072895,3.323862,0.000000,4.122301
1306,0,0.000000,4.082397,3.775475,0.004159,4.235767,0.000000,0.000000,7.962973,0.036701,3.936773,3.758437,0.000000,3.980430
1307,0,0.000000,4.194325,3.688392,0.004295,4.230613,0.000000,0.000000,8.005613,0.032214,4.012039,3.676106,0.000000,4.057357
1308,0,0.000000,4.091337,3.808977,0.003512,4.130969,0.000000,0.000000,7.984495,0.036376,3.896898,3.779959,0.000000,3.940375
1309,0,0.000000,4.177940,3.736456,0.002159,4.228535,0.000000,0.000000,8.004245,0.028216,4.005572,3.709005,0.000000,4.052809
1310,0,0.000000,4.109014,3.773270,0.004045,4.148300,0.000000,0.000000,7.984811,0.032744,4.006557,3.753622,0.000000,4.045749
1311,0,0.000000,4.135648,3.755949,0.003193,4.175169,0.000000,0.000000,7.978741,0.035584,3.970750,3.725393,0.000000,4.015079
1312,0,0.000000,4.079983,3.842934,0.002214,4.124460,0.000000,0.000000,7.987427,0.026959,3.935851,3.818254,0.000000,3.977155
1313,0,0.000000,7.962121,7.884937,0.002361,15.848054,0.000000,0.000000,19.905817,0.015771,7.827184,11.847311,0.000000,19.669878
1314,0,0.000000,12.032024,3.887295,0.003121,12.078647,0.000000,0.000000,19.974049,0.043246,11.886339,7.813310,0.000000,19.740245
1315,0,0.000000,4.227569,3.967972,0.002082,8.196690,0.000000,0.000000,15.988889,0.031678,7.804693,7.895580,0.000000,15.722813
1316,0,0.000000,4.212289,3.988801,0.001848,8.201955,0.000000,0.000000,16.002189,0.027005,7.832566,7.927877,0.000000,15.771623
1317,0,0.000000,8.061463,10.254417,0.002417,18.318007,0.000000,0.000000,18.438737,0.029521,7.921295,10.230276,0.000000,15.737128
1318,0,0.000000,5.624240,4.750563,0.004760,5.656824,0.000000,0.000000,25.206329,0.043225,12.541168,12.360266,0.000000,17.158887
1319,0,0.000000,8.336426,7.922089,0.003835,12.291789,0.000000,0.000000,20.332121,0.052211,12.071676,7.901905,0.000000,16.124709
1320,0,0.000000,7.970978,5.931372,0.003378,13.903877,0.000000,0.000000,15.999076,0.046257,7.899253,5.858193,0.000000,13.741575
1321,0,0.000000,8.645130,3.237077,0.003526,8.707411,0.000000,0.000000,15.957581,0.040473,8.534841,7.175453,0.000000,15.670992
1322,0,0.000000,8.100543,7.803335,0.003518,15.906856,0.000000,0.000000,16.054968,0.040618,7.974380,7.803404,0.000000,15.801163
1323,0,0.000000,12.065604,6.692243,0.002921,12.114069,0.000000,0.000000,19.963440,0.041447,11.915310,7.706020,0.000000,15.923886
1324,0,0.000000,8.015965,7.849326,0.002841,15.866399,0.000000,0.000000,15.970575,0.032858,7.826664,7.818751,0.000000,15.664834
1325,0,0.000000,11.961750,3.916020,0.002932,13.071290,0.000000,0.000000,16.005082,0.040225,8.933940,3.880288,0.000000,11.801374
1326,0,0.000000,11.965921,7.912571,0.002549,19.879542,0.000000,0.000000,19.972243,0.034506,11.711393,7.846986,0.000000,11.826502
1327,0,0.000000,8.703292,7.223191,0.002982,11.273137,0.000000,0.000000,16.011971,0.026613,8.546974,7.219295,0.000000,15.785278
1328,0,0.000000,11.951426,7.927804,0.002280,19.880331,0.000000,0.000000,19.965197,0.035760,11.760329,7.904684,0.000000,19.693710
1329,0,0.000000,11.909996,3.907828,0.002677,11.942516,0.000000,0.000000,15.903202,0.030600,11.787563,3.862655,0.000000,11.812788
1330,0,0.000000,11.990555,7.980027,0.003284,19.967628,0.000000,0.000000,20.059674,0.029079,11.877722,7.970275,0.000000,19.871095
1331,0,0.000000,11.925280,3.100451,0.003683,15.027105,0.000000,0.000000,19.876782,0.036670,12.502639,7.014300,0.000000,12.552552
1332,0,0.000000,8.036496,7.872671,0.003647,15.912318,0.000000,0.000000,16.070871,0.049097,7.893490,7.878578,0.000000,15.821165
1333,0,0.000000,11.964501,7.010523,0.002625,12.008040,0.000000,0.000000,19.917006,0.060147,12.696183,3.017102,0.000000,12.727200
1334,0,0.000000,8.083069,7.822457,0.002094,15.907620,0.000000,0.000000,16.031375,0.040164,7.913658,7.790297,0.000000,15.735103
1335,0,0.000000,12.097623,6.797716,0.002175,14.903013,0.000000,0.000000,25.776797,0.031514,12.918052,12.558369,0.000000,15.586591
1336,0,0.000000,6.363883,5.462415,0.003977,6.405949,0.000000,0.000000,21.778868,0.075409,6.400707,11.551505,0.000000,18.027621
1337,0,0.000000,4.676743,7.923197,0.002538,8.632932,0.000000,0.000000,20.367134,0.040987,12.195884,3.908067,0.000000,12.241248
1338,0,0.000000,8.036148,7.815678,0.002104,15.847161,0.000000,0.000000,15.987826,0.037828,7.881422,4.008154,0.000000,11.735018
1339,0,0.000000,12.038276,5.180537,0.004314,12.092706,0.000000,0.000000,27.954991,0.043349,11.847452,13.110819,0.000000,19.728871
1340,0,0.000000,7.999116,7.876202,0.002989,15.877540,0.000000,0.000000,16.026443,0.045972,7.828359,3.848269,0.000000,11.705969
1341,0,0.000000,8.690813,3.189863,0.002203,8.740763,0.000000,0.000000,15.945620,0.039708,8.506482,7.138024,0.000000,11.697528
1342,0,0.000000,4.127915,3.226292,0.002956,7.355328,0.000000,0.000000,16.001687,0.037087,7.742852,7.193937,0.000000,11.784674
1343,0,0.000000,8.071869,7.859931,0.005654,15.937454,0.000000,0.000000,16.024521,0.026757,7.895238,7.790996,0.000000,15.705239
1344,0,0.000000,11.887256,7.868295,0.002745,19.757315,0.000000,0.000000,19.967053,0.106370,11.647398,3.865515,0.000000,11.945401
1345,0,0.000000,11.872546,7.836143,0.003339,19.712028,0.000000,0.000000,19.854882,0.047921,11.725878,3.815765,0.000000,11.780404
1346,0,0.000000,12.000443,7.855011,0.002860,19.858314,0.000000,0.000000,19.987504,0.041604,11.859872,3.811566,0.000000,15.708090
1347,0,0.000000,11.979460,7.855516,0.003487,19.837941,0.000000,0.000000,19.974531,0.039091,11.907800,3.812768,0.000000,15.704775
1348,0,0.000000,12.002976,2.989879,0.002959,12.055280,0.000000,0.000000,19.950220,0.051379,12.604061,6.906302,0.000000,12.658769
1349,0,0.000000,7.929278,7.919676,0.002552,15.850190,0.000000,0.000000,16.020398,0.368541,7.293820,7.899068,0.000000,15.526021
1350,0,0.000000,11.966707,7.868426,0.003622,19.836261,0.000000,0.000000,19.964238,0.048988,11.864169,3.999564,0.000000,15.901906
1351,0,0.000000,12.028808,6.555174,0.002429,18.565701,0.000000,0.000000,21.936541,0.035809,11.889618,8.472866,0.000000,17.781012
1352,0,0.000000,10.054505,7.895689,0.003848,17.951577,0.000000,0.000000,18.063778,0.033516,9.921672,7.865187,0.000000,14.236172
1353,0,0.000000,11.933375,7.933159,0.003058,19.868960,0.000000,0.000000,20.007432,0.062599,11.732771,7.937178,0.000000,12.003989
1354,0,0.000000,11.973007,5.543969,0.002727,17.518291,0.000000,0.000000,24.663950,0.042101,14.112921,10.221500,0.000000,22.847776
1355,0,0.000000,7.336842,7.854669,0.004730,15.118062,0.000000,0.000000,15.317550,0.057018,7.117090,7.849499,0.000000,15.010399
1356,0,0.000000,13.568209,6.235607,0.003235,13.610316,0.000000,0.000000,26.950392,0.042123,13.367357,13.206445,0.000000,22.776349
1357,0,0.000000,12.986009,7.797914,0.003008,20.786084,0.000000,0.000000,21.022497,0.104108,12.837338,7.798390,0.000000,20.730759
1358,0,0.000000,13.720134,6.083809,0.002336,18.076104,0.000000,0.000000,19.960755,0.055730,11.801894,2.061167,0.000000,11.861929
1359,0,0.000000,12.551657,7.816217,0.002021,20.369895,0.000000,0.000000,20.507230,0.039383,12.358773,7.796429,0.000000,16.423687
1360,0,0.000000,10.495726,5.307576,0.002129,13.262158,0.000000,0.000000,15.942409,0.054304,10.244652,5.281470,0.000000,15.575535
1361,0,0.000000,8.723104,2.850392,0.002718,8.775789,0.000000,0.000000,11.670333,0.033288,8.526980,2.810752,0.000000,10.319487
1362,0,0.000000,4.134899,3.748559,0.001633,4.170601,0.000000,0.000000,7.980277,0.032064,3.979403,3.724582,0.000000,4.007920
1363,0,0.000000,4.129222,3.810845,0.002277,4.166944,0.000000,0.000000,7.996302,0.028112,4.000516,3.792092,0.000000,4.026127
1364,0,0.000000,4.174814,7.671444,0.003378,7.852245,0.000000,0.000000,11.945600,0.032672,4.080940,3.696700,0.000000,4.110032
1365,0,0.000000,8.024977,7.927557,0.002627,15.955161,0.000000,0.000000,16.048002,0.038662,7.884014,3.891623,0.000000,11.811470
1366,0,0.000000,13.350592,8.693661,0.004733,13.387699,0.000000,0.000000,22.164193,0.039455,13.185769,8.465296,0.000000,15.922971
1367,0,0.000000,11.465273,5.913756,0.002249,13.387351,0.000000,0.000000,22.224225,0.346027,11.596710,8.474526,0.000000,15.511744
1368,0,0.000000,7.562152,7.843021,0.002136,15.406547,0.000000,0.000000,15.525128,0.047693,7.400169,3.793948,0.000000,11.241421
1369,0,0.000000,12.717097,7.106246,0.003029,12.758463,0.000000,0.000000,19.955462,0.033319,12.558940,7.093332,0.000000,16.567497
1370,0,0.000000,7.983415,7.939705,0.002071,15.924748,0.000000,0.000000,16.013133,0.042738,7.766459,7.924360,0.000000,15.721368
1371,0,0.000000,12.015595,3.871134,0.002744,12.069600,0.000000,0.000000,16.008927,0.036284,7.927820,3.839867,0.000000,11.799907
1372,0,0.000000,4.107973,3.790664,0.001984,4.150588,0.000000,0.000000,7.995922,0.038014,3.934404,3.771218,0.000000,3.995823
1373,0,0.000000,4.145031,3.772514,0.003991,4.189178,0.000000,0.000000,8.003287,0.024783,3.954784,3.758602,0.000000,4.012955
1374,0,0.000000,4.066720,3.815356,0.001659,4.111379,0.000000,0.000000,7.964772,0.036272,3.888169,3.787458,0.000000,3.945814
1375,0,0.000000,4.123547,3.802241,0.004695,4.160785,0.000000,0.000000,8.013405,0.022552,3.925947,3.788066,0.000000,3.972197
1376,0,0.000000,4.128247,3.763653,0.002392,4.172048,0.000000,0.000000,7.979385,0.027998,3.910553,3.733857,0.000000,3.963096
1377,0,0.000000,4.082489,3.743200,0.001969,4.128369,0.000000,0.000000,7.909725,0.059519,3.833734,3.721507,0.000000,3.921211
1378,0,0.000000,4.124554,7.774076,0.003920,8.137766,0.000000,0.000000,11.996873,0.027793,3.951430,7.755030,0.000000,8.000002
1379,0,0.000000,8.898460,2.993689,0.001927,8.939493,0.000000,0.000000,11.989886,0.033230,8.743510,2.978391,0.000000,8.785627
1380,0,0.000000,7.994151,7.870164,0.002425,15.866740,0.000000,0.000000,16.004730,0.031090,7.916917,7.861962,0.000000,15.800616
1381,0,0.000000,11.982361,3.882232,0.002624,12.015734,0.000000,0.000000,15.967815,0.039309,11.866234,3.845213,0.000000,11.917822
1382,0,0.000000,4.172331,3.718188,0.001995,4.208588,0.000000,0.000000,7.979775,0.036931,4.064378,3.677286,0.000000,4.102988
1383,0,0.000000,13.063578,2.895278,0.004426,13.108030,0.000000,0.000000,19.971075,0.037408,12.953917,6.792575,0.000000,13.008049
1384,0,0.000000,7.964622,7.951076,0.004536,15.920234,0.000000,0.000000,16.014894,0.045451,7.756318,7.889806,0.000000,15.690022
1385,0,0.000000,8.054210,3.835941,0.003102,8.104406,0.000000,0.000000,15.945340,0.089836,7.749953,7.757099,0.000000,15.577657
1386,0,0.000000,8.015415,6.502106,0.002685,10.571699,0.000000,0.000000,15.994811,0.046063,9.172827,2.507408,0.000000,11.630115
1387,0,0.000000,8.097723,7.789650,0.001623,8.137490,0.000000,0.000000,15.971529,0.031382,7.992542,3.793817,0.000000,11.687055
1388,0,0.000000,8.035285,7.885299,0.002465,15.921497,0.000000,0.000000,16.026684,0.026938,7.870241,3.875165,0.000000,11.762705
1389,0,0.000000,11.991934,7.855487,0.001771,13.517362,0.000000,0.000000,19.971461,3.971754,11.802113,7.841900,0.000000,19.653264
1390,0,0.000000,8.055381,7.859137,0.002006,15.893961,0.000000,0.000000,15.993681,0.031364,7.901920,7.796376,0.000000,15.728258
1391,0,0.000000,8.718619,3.169822,0.003368,8.759532,0.000000,0.000000,15.965907,0.030376,8.481867,7.099402,0.000000,11.051120
1392,0,0.000000,4.220008,3.972687,0.003476,8.185845,0.000000,0.000000,15.973751,0.109454,7.709640,7.899374,0.000000,15.630853
1393,0,0.000000,7.905033,7.934159,0.002940,15.842132,0.000000,0.000000,15.935399,0.040785,7.747424,7.884128,0.000000,15.476284
1394,0,0.000000,9.638127,6.217161,0.005407,9.683886,0.000000,0.000000,15.968782,0.039246,9.494467,2.223766,0.000000,11.755123
1395,0,0.000000,8.013596,7.852002,0.003853,15.867631,0.000000,0.000000,16.011344,0.045118,7.811633,7.846261,0.000000,15.699435
1396,0,0.000000,12.006633,7.776962,0.004103,19.784909,0.000000,0.000000,25.249147,0.098801,11.849666,12.161678,0.000000,20.047668
1397,0,0.000000,6.714841,11.226381,0.003547,11.515206,0.000000,0.000000,24.851439,0.043722,13.258926,2.273188,0.000000,13.308023
1398,0,0.000000,5.786205,11.224122,0.003863,11.411239,0.000000,0.000000,25.728439,0.384356,13.373953,12.063574,0.000000,13.417365
1399,0,0.000000,7.374056,7.802871,0.003268,15.179576,0.000000,0.000000,15.315605,0.051707,7.169901,7.802061,0.000000,15.021838
1400,0,0.000000,11.975746,6.943078,0.002363,12.018160,0.000000,0.000000,19.918541,0.039463,11.778049,2.951191,0.000000,11.831011
1401,0,0.000000,8.025053,7.885645,0.004369,15.912684,0.000000,0.000000,16.007174,0.036120,7.791255,3.895307,0.000000,11.722455
1402,0,0.000000,13.785182,6.063121,0.004008,13.827757,0.000000,0.000000,20.016089,0.043692,13.511946,5.990643,0.000000,13.561931
1403,0,0.000000,11.956035,12.419329,0.002835,14.745186,0.000000,0.000000,25.900412,0.077405,13.003949,2.462544,0.000000,15.504476
1404,0,0.000000,12.154681,10.437355,0.004087,22.595082,0.000000,0.000000,33.990682,0.055468,13.776877,12.002464,0.000000,25.825362
1405,0,0.000000,10.900463,3.220227,0.004470,10.991010,0.000000,0.000000,14.315490,0.907642,10.731854,2.982734,0.000000,13.734294
1406,0,0.000000,11.800776,6.210735,0.002674,12.286058,0.000000,0.000000,19.839158,0.058558,12.800889,6.209789,0.000000,18.675540
1407,0,0.000000,13.010273,6.830360,0.002406,13.052613,0.000000,0.000000,19.983020,0.157278,12.743393,6.816182,0.000000,15.989245
1408,0,0.000000,15.811672,7.880233,0.002935,15.847319,0.000000,0.000000,25.205703,0.066098,11.182607,9.060745,0.000000,15.302087
1409,0,0.000000,14.986542,5.276996,0.004142,15.292346,0.000000,0.000000,22.672420,0.043926,14.036775,5.257231,0.000000,15.045964
1410,0,0.000000,15.082606,5.591434,0.005056,15.128719,0.000000,0.000000,31.877988,0.063110,15.836437,13.463122,0.000000,15.925277
1411,0,0.000000,8.119189,7.404239,0.002593,15.519341,0.000000,0.000000,19.839078,0.207490,8.174785,11.350922,0.000000,19.412826
1412,0,0.000000,11.286372,12.739062,0.004078,13.093899,0.000000,0.000000,24.150127,2.276403,11.634908,10.309669,0.000000,14.265811
1413,0,0.000000,9.370747,7.886932,0.135669,9.416704,0.000000,0.000000,21.497372,1.051264,13.214170,7.868414,0.000000,15.738171
1414,0,0.000000,8.406904,13.576368,0.003028,13.937152,0.000000,0.000000,27.513875,0.072088,13.362186,1.739724,0.000000,15.165693
1415,0,0.000000,8.027191,7.869246,0.003303,15.885994,0.000000,0.000000,15.999580,0.041620,7.848070,7.855449,0.000000,15.734689
1416,0,0.000000,12.083189,12.114228,0.004257,16.381951,0.000000,0.000000,27.997680,0.040100,15.522199,12.133709,0.000000,19.999706
1417,0,0.000000,8.042047,7.817993,0.002239,15.861918,0.000000,0.000000,15.980883,0.052527,7.899050,7.800206,0.000000,15.736508
1418,0,0.000000,13.271683,6.606318,0.002093,13.318627,0.000000,0.000000,19.984842,0.037040,13.167670,2.583604,0.000000,13.209775
1419,0,0.000000,12.222654,7.756236,0.002176,19.979670,0.000000,0.000000,23.976230,3.823072,14.005383,7.724995,0.000000,19.845137
1420,0,0.000000,8.918744,6.937131,0.002607,8.959470,0.000000,0.000000,15.952007,0.035278,7.835433,0.003398,0.000000,7.872625
1421,0,0.000000,8.120350,7.795472,0.002480,15.907429,0.000000,0.000000,16.029271,0.030578,7.952821,0.021817,0.000000,8.003593
1422,0,0.000000,12.052500,7.819851,0.002082,19.850438,0.000000,0.000000,19.987399,0.039222,11.754513,3.795939,0.000000,11.864304
1423,0,0.000000,12.079700,3.789482,0.002197,12.156490,0.000000,0.000000,15.993802,0.035869,12.005088,3.727022,0.000000,12.063160
1424,0,0.000000,4.216791,3.970320,0.004298,8.188329,0.000000,0.000000,15.981421,4.017780,7.711946,3.937533,0.000000,11.926522
1425,0,0.000000,3.066202,3.956083,0.002251,7.019475,0.000000,0.000000,15.193775,0.330937,6.979858,7.920692,0.000000,14.973513
1426,0,0.000000,4.160954,4.061698,0.002713,8.198475,0.000000,0.000000,18.288826,0.038792,7.791809,10.178663,0.000000,17.993331
1427,0,0.000000,5.823711,4.630589,0.002736,5.859023,0.000000,0.000000,17.590554,0.046677,8.751336,8.499470,0.000000,15.116290
1428,0,0.000000,9.751408,6.961502,0.002645,12.830290,0.000000,0.000000,20.072521,3.247757,12.670758,6.938154,0.000000,15.041681
1429,0,0.000000,7.981918,11.843830,0.002646,18.993828,0.000000,0.000000,19.934341,0.080660,7.749408,7.847076,0.000000,15.615070
1430,0,0.000000,3.444215,3.976233,0.003030,7.408643,0.000000,0.000000,15.210164,0.039402,6.995029,7.908224,0.000000,14.940540
1431,0,0.000000,4.185733,3.980124,0.002360,8.155712,0.000000,0.000000,16.001327,0.037241,7.805783,7.913557,0.000000,15.740489
1432,0,0.000000,4.171562,3.967507,0.002856,8.140398,0.000000,0.000000,15.983916,0.049827,7.673014,7.913336,0.000000,15.628179
1433,0,0.000000,4.281139,3.954400,0.002395,8.236884,0.000000,0.000000,15.994681,0.025291,7.803070,7.872801,0.000000,15.689863
1434,0,0.000000,4.181353,3.978619,0.002123,8.160732,0.000000,0.000000,15.995526,0.174556,7.675693,7.907370,0.000000,15.609924
1435,0,0.000000,7.980065,7.938190,0.002349,15.919016,0.000000,0.000000,16.017715,0.046014,7.806139,7.876564,0.000000,15.628444
1436,0,0.000000,12.723467,7.137091,0.002872,12.779767,0.000000,0.000000,19.981779,0.039700,12.507573,7.122277,0.000000,19.198475
1437,0,0.000000,8.152266,5.612498,0.002186,9.786143,0.000000,0.000000,27.572194,0.028406,14.226381,11.586984,0.000000,25.839315
1438,0,0.000000,4.566637,7.578201,0.002805,7.762923,0.000000,0.000000,16.385933,0.043908,8.543216,3.598061,0.000000,8.590639
1439,0,0.000000,8.020050,7.935274,0.001640,15.956231,0.000000,0.000000,16.032185,0.034447,7.891703,7.913972,0.000000,15.837893
1440,0,0.000000,13.526389,6.348384,0.003919,14.330523,0.000000,0.000000,19.968067,0.032213,13.426149,2.345821,0.000000,15.735878
1441,0,0.000000,7.351343,7.835709,0.002530,15.179655,0.000000,0.000000,15.293417,0.039203,7.220728,7.819836,0.000000,15.074065
1442,0,0.000000,12.020078,6.560902,0.002733,12.067598,0.000000,0.000000,19.960420,0.040505,13.018328,6.532854,0.000000,18.456723
1443,0,0.000000,8.026958,7.864751,0.002800,15.894509,0.000000,0.000000,16.051554,0.034263,7.780713,7.855872,0.000000,15.661115
1444,0,0.000000,11.953445,3.839514,0.001945,11.995472,0.000000,0.000000,15.944665,0.057378,11.705610,3.810208,0.000000,11.771226
1445,0,0.000000,4.121453,3.793254,0.003340,4.164077,0.000000,0.000000,8.013966,0.033472,4.011320,3.783723,0.000000,4.085661
1446,0,0.000000,4.092188,3.802645,0.004538,4.126655,0.000000,0.000000,8.003096,0.032592,3.948530,3.790656,0.000000,4.009168
1447,0,0.000000,4.092867,3.918006,0.003273,8.009320,0.000000,0.000000,15.940815,0.040919,7.562869,7.862615,0.000000,15.464925
1448,0,0.000000,4.145132,3.963042,0.002508,8.109431,0.000000,0.000000,15.977091,0.054670,7.663435,7.911010,0.000000,15.624755
1449,0,0.000000,4.223273,3.949406,0.004804,8.172041,0.000000,0.000000,15.971537,0.068850,7.688586,7.860851,0.000000,15.576236
1450,0,0.000000,4.199367,3.992562,0.002751,8.184810,0.000000,0.000000,15.994308,0.033180,7.830803,7.915475,0.000000,15.777403
1451,0,0.000000,4.077848,3.994576,0.001771,8.074195,0.000000,0.000000,15.953693,0.027370,7.781976,7.937222,0.000000,15.743419
1452,0,0.000000,4.115445,4.008245,0.001887,8.124780,0.000000,0.000000,15.984399,0.035843,7.835468,7.919501,0.000000,15.780694
1453,0,0.000000,4.160554,4.002469,0.001832,8.164206,0.000000,0.000000,15.990867,0.033485,7.825310,7.929488,0.000000,15.788283
1454,0,0.000000,4.124195,3.986607,0.003063,8.111785,0.000000,0.000000,15.999061,0.026737,7.801045,7.913013,0.000000,15.740696
1455,0,0.000000,4.128765,3.997269,0.001581,8.126253,0.000000,0.000000,15.986577,0.028542,7.765485,7.934244,0.000000,15.722291
1456,0,0.000000,4.110884,3.974159,0.001563,8.086190,0.000000,0.000000,15.982185,0.025622,7.797774,7.908066,0.000000,15.730778
1457,0,0.000000,4.093868,3.956601,0.002835,8.051746,0.000000,0.000000,15.919981,0.021719,7.743193,7.889756,0.000000,15.654364
1458,0,0.000000,4.154653,3.952444,0.002200,8.108295,0.000000,0.000000,15.993933,0.024303,7.862683,7.881278,0.000000,15.765839
1459,0,0.000000,8.053347,7.868171,0.003162,15.923729,0.000000,0.000000,16.037223,0.033489,7.883228,7.833959,0.000000,15.746176
1460,0,0.000000,8.822707,3.094466,0.002252,8.861066,0.000000,0.000000,15.949405,0.029755,8.646437,7.005842,0.000000,14.788271
1461,0,0.000000,8.100868,7.832753,0.002291,15.934803,0.000000,0.000000,16.026513,0.033174,7.955302,7.796098,0.000000,15.544139
1462,0,0.000000,8.716066,3.199041,0.001575,8.749376,0.000000,0.000000,15.955248,0.027909,8.555263,7.110367,0.000000,14.841883
1463,0,0.000000,4.016457,3.952332,0.003144,7.957187,0.000000,0.000000,15.923651,0.114634,7.701450,7.876201,0.000000,15.591162
1464,0,0.000000,7.984965,7.931872,0.001733,15.918117,0.000000,0.000000,16.011433,0.042490,7.768613,3.933076,0.000000,7.892550
1465,0,0.000000,10.665128,5.121804,0.003722,10.706650,0.000000,0.000000,19.966187,0.037438,10.588969,9.004928,0.000000,19.624853
1466,0,0.000000,8.105528,4.456478,0.003914,8.688169,0.000000,0.000000,16.082135,0.048778,7.880933,7.798328,0.000000,11.602232
1467,0,0.000000,7.244672,9.488436,0.006277,9.718994,0.000000,0.000000,17.979571,6.480456,8.939863,5.578713,0.000000,12.229010
1468,0,0.000000,16.011027,7.296320,0.003128,22.452553,0.000000,0.000000,27.773819,4.029532,18.761491,7.529926,0.000000,22.341694
1469,0,0.000000,18.489587,12.131232,0.009739,18.541499,0.000000,0.000000,36.192209,0.057473,18.597971,16.084738,0.000000,26.679718
1470,0,0.000000,7.960372,7.848656,0.010405,15.812242,0.000000,0.000000,16.072660,0.092682,6.153394,7.818040,0.000000,13.937420
1471,0,0.000000,7.137857,5.177384,0.003010,9.606731,0.000000,0.000000,12.470190,0.059243,6.889423,5.116853,0.000000,9.230064
1472,0,0.000000,16.023993,7.643366,0.004547,23.417183,0.000000,0.000000,23.915701,3.219144,15.202918,3.596268,0.000000,18.808856
1473,0,0.000000,5.999884,6.894119,0.005521,12.831868,0.000000,0.000000,25.108695,0.063073,14.607063,10.086710,0.000000,24.756846
1474,0,0.000000,8.100786,5.093982,0.003158,9.598240,0.000000,0.000000,27.016051,6.982747,13.618742,13.062976,0.000000,21.129344
1475,0,0.000000,15.073303,10.852545,0.003953,15.397482,0.000000,0.000000,31.315101,0.047616,16.495051,10.815741,0.000000,23.472968
1476,0,0.000000,10.970382,4.551677,0.003246,11.026553,0.000000,0.000000,22.429726,0.053079,15.659634,6.108983,0.000000,15.726720
1477,0,0.000000,6.034407,3.932142,0.002161,6.972417,0.000000,0.000000,20.696014,2.493517,10.564456,7.859920,0.000000,13.753436
1478,0,0.000000,10.146895,11.896721,0.006249,19.442094,0.000000,0.000000,32.717593,0.279829,17.117798,11.893378,0.000000,27.127996
1479,0,0.000000,13.639614,6.231667,0.004017,18.878975,0.000000,0.000000,23.976975,0.338568,15.755773,7.664804,0.000000,21.178681
1480,0,0.000000,12.179915,4.207105,0.012434,12.279068,0.000000,0.000000,32.133177,0.956946,16.444109,14.445199,0.000000,23.466976
1481,0,0.000000,9.044051,7.557592,0.020645,12.632382,0.000000,0.000000,19.703088,0.119538,11.524460,7.518307,0.000000,14.489069
1482,0,0.000000,9.080192,8.073924,0.004271,9.366200,0.000000,0.000000,25.422086,0.052199,11.539380,11.668634,0.000000,17.237616
1483,0,0.000000,12.338996,7.267948,0.002345,19.609289,0.000000,0.000000,23.015864,0.230940,12.485949,9.768955,0.000000,19.787773
1484,0,0.000000,9.510761,3.521987,0.004959,13.019860,0.000000,0.000000,23.273648,0.047293,13.096041,9.291587,0.000000,16.515956
1485,0,0.000000,8.930380,5.990035,0.004776,9.015100,0.000000,0.000000,22.033913,5.218055,10.168045,5.933815,0.000000,15.829446
1486,0,0.000000,8.001584,7.866165,0.004327,15.869150,0.000000,0.000000,19.994935,0.053792,7.890168,7.857556,0.000000,15.776681
1487,0,0.000000,11.887111,5.031938,0.002125,11.935982,0.000000,0.000000,19.818666,2.764297,11.654344,4.992213,0.000000,19.410854
1488,0,0.000000,8.172964,7.691211,0.002007,15.727493,0.000000,0.000000,16.019668,0.043979,8.025508,7.702148,0.000000,15.754522
1489,0,0.000000,8.833073,6.559207,0.002335,8.892705,0.000000,0.000000,15.507641,0.058192,8.688394,6.526022,0.000000,15.228893
1490,0,0.000000,8.729379,3.140477,0.003118,8.776284,0.000000,0.000000,15.964465,0.032849,8.552265,7.084931,0.000000,15.670045
1491,0,0.000000,4.138328,3.983110,0.002351,8.113125,0.000000,0.000000,15.979104,0.036336,7.763858,7.926288,0.000000,15.722996
1492,0,0.000000,6.526454,7.929129,0.004709,10.405791,0.000000,0.000000,22.786046,0.040115,8.295691,8.176948,0.000000,14.082314
1493,0,0.000000,8.992380,5.820243,0.002710,13.302368,0.000000,0.000000,15.721157,0.161623,9.179182,5.801294,0.000000,14.395744
1494,0,0.000000,10.353323,5.333445,0.003009,10.406903,0.000000,0.000000,15.960725,0.045095,10.231939,5.412260,0.000000,15.571025
1495,0,0.000000,8.089481,7.726370,0.004163,15.535116,0.000000,0.000000,18.194653,0.044726,7.202124,9.120307,0.000000,16.333385
1496,0,0.000000,6.104573,7.415787,0.007426,13.069515,0.000000,0.000000,14.240650,0.084723,5.830200,7.937588,0.000000,12.473129
1497,0,0.000000,15.323767,11.805941,0.006344,23.123875,0.000000,0.000000,28.543849,0.102809,15.188748,11.815494,0.000000,27.015247
1498,0,0.000000,6.897032,7.773305,0.002651,14.651849,0.000000,0.000000,14.843310,0.055252,6.697326,7.730334,0.000000,14.472067
1499,0,0.000000,12.416575,6.351221,0.002314,14.648148,0.000000,0.000000,20.136184,0.038775,13.390356,6.361937,0.000000,17.582941
1500,0,0.000000,11.120593,4.577711,0.002506,11.184814,0.000000,0.000000,19.816532,0.041016,10.887104,8.500452,0.000000,10.937476
1501,0,0.000000,8.066913,5.570192,0.008626,9.518091,0.000000,0.000000,27.936881,0.167376,10.292572,13.361803,0.000000,15.377344
1502,0,0.000000,7.946229,7.800317,0.004122,15.748207,0.000000,0.000000,15.980941,0.071432,7.669281,7.769473,0.000000,15.510186
1503,0,0.000000,11.965747,6.948986,0.003118,12.017211,0.000000,0.000000,19.932188,0.041901,12.678333,0.067303,0.000000,12.783481
1504,0,0.000000,8.019355,7.894844,0.002105,15.915357,0.000000,0.000000,16.007671,0.039318,7.844511,0.011361,0.000000,7.889951
1505,0,0.000000,10.556910,5.225613,0.004246,10.610172,0.000000,0.000000,15.933233,0.034365,10.379600,5.215992,0.000000,14.449153
1506,0,0.000000,8.056363,9.492187,0.004247,17.493382,0.000000,0.000000,17.688895,0.039417,7.875792,7.746508,0.000000,15.659045
1507,0,0.000000,10.338216,7.753374,0.003206,18.094057,0.000000,0.000000,18.231208,0.033199,10.180193,3.731713,0.000000,11.883130
1508,0,0.000000,9.047811,3.990071,0.002776,13.026131,0.000000,0.000000,19.969977,0.053824,8.769343,7.945378,0.000000,13.020069
1509,0,0.000000,8.037343,7.852970,0.004079,15.894392,0.000000,0.000000,16.020984,0.039431,7.883397,7.810165,0.000000,15.726773
1510,0,0.000000,9.264109,6.569913,0.002694,9.307791,0.000000,0.000000,15.964696,0.047335,9.023676,6.541724,0.000000,15.607019
1511,0,0.000000,8.097172,7.729466,0.004388,15.778355,0.000000,0.000000,16.006479,0.041092,7.885732,7.697638,0.000000,15.614899
1512,0,0.000000,9.170737,6.669726,0.004022,9.218866,0.000000,0.000000,15.993161,0.042206,8.984447,2.661214,0.000000,11.676404
1513,0,0.000000,8.103354,7.733750,0.002308,15.697826,0.000000,0.000000,15.965177,0.046116,7.952965,3.715115,0.000000,11.688037
1514,0,0.000000,11.993794,3.869326,0.002148,12.034177,0.000000,0.000000,16.080717,0.058709,11.835858,3.884336,0.000000,11.891228
1515,0,0.000000,4.202241,2.986139,0.002542,4.236234,0.000000,0.000000,7.888699,0.045660,4.026148,2.962791,0.000000,4.082136
1516,0,0.000000,7.992652,7.803139,0.003535,15.797030,0.000000,0.000000,15.975086,0.042793,7.876292,4.358259,0.000000,12.271743
1517,0,0.000000,13.768244,6.047698,0.002404,13.812855,0.000000,0.000000,22.638227,0.061035,13.590839,8.689161,0.000000,19.813787
1518,0,0.000000,13.326462,7.795689,0.006749,21.124712,0.000000,0.000000,21.316054,0.045633,13.144963,3.825288,0.000000,16.987677
1519,0,0.000000,13.313687,6.148425,0.003792,13.353282,0.000000,0.000000,22.511252,0.057611,13.214206,8.684174,0.000000,17.980098
1520,0,0.000000,13.526900,5.723437,0.003686,13.572723,0.000000,0.000000,21.446428,0.058711,14.007595,5.712448,0.000000,18.084201
1521,0,0.000000,15.439597,4.536253,0.002702,15.490827,0.000000,0.000000,24.210474,0.040844,10.816819,8.533307,0.000000,15.948121
1522,0,0.000000,7.706970,4.199175,0.002624,7.899017,0.000000,0.000000,15.671187,0.043892,7.627848,4.176646,0.000000,11.801418
1523,0,0.000000,8.621423,7.276071,0.004188,8.671983,0.000000,0.000000,17.291716,3.386826,8.068927,7.246202,0.000000,15.366163
1524,0,0.000000,12.040882,7.465118,0.002154,19.503873,0.000000,0.000000,23.983114,4.018839,16.239259,7.454448,0.000000,20.273183
1525,0,0.000000,8.023072,7.884072,0.002773,15.909917,0.000000,0.000000,16.016444,0.037484,7.790130,7.877598,0.000000,15.697382
1526,0,0.000000,12.579791,3.267925,0.003097,12.644085,0.000000,0.000000,19.929576,0.034405,12.461195,7.160440,0.000000,12.501440
1527,0,0.000000,4.232150,7.922963,0.002925,12.156349,0.000000,0.000000,16.000165,0.034778,7.770585,7.877184,0.000000,15.680788
1528,0,0.000000,8.031158,7.826833,0.002326,15.859425,0.000000,0.000000,15.997016,0.045732,7.955234,7.759248,0.000000,15.677168
1529,0,0.000000,13.146544,6.749854,0.002910,13.180393,0.000000,0.000000,23.864696,0.028726,13.022736,10.601722,0.000000,17.068638
1530,0,0.000000,12.186037,7.738336,0.003955,19.918063,0.000000,0.000000,20.126748,0.060219,11.986213,7.730449,0.000000,16.041034
1531,0,0.000000,8.008072,7.876518,0.004605,15.853914,0.000000,0.000000,16.023332,0.081927,7.721948,7.839836,0.000000,15.622179
1532,0,0.000000,11.956631,3.845816,0.004196,15.180222,0.000000,0.000000,15.958414,0.070932,11.732098,3.832580,0.000000,11.907392
1533,0,0.000000,11.934035,7.750368,0.004376,19.686003,0.000000,0.000000,19.938398,0.059121,11.644569,3.752422,0.000000,15.444805
1534,0,0.000000,7.965590,7.883487,0.003830,15.850347,0.000000,0.000000,15.967572,0.043482,7.798132,3.885712,0.000000,11.694589
1535,0,0.000000,8.084599,3.820432,0.004538,8.127565,0.000000,0.000000,12.074560,0.034362,7.935053,3.804271,0.000000,11.771359
1536,0,0.000000,11.865577,7.877794,0.005181,19.744902,0.000000,0.000000,19.869630,0.114463,11.605740,3.935320,0.000000,15.567539
1537,0,0.000000,7.940374,7.873450,0.002377,8.032417,0.000000,0.000000,15.917273,0.038301,7.810809,3.887951,0.000000,11.674323
1538,0,0.000000,8.084042,7.831511,0.002108,15.916868,0.000000,0.000000,16.032581,0.718892,7.918411,7.814453,0.000000,15.771530
1539,0,0.000000,11.997929,8.680931,0.004549,12.040421,0.000000,0.000000,22.187625,0.028484,13.236857,2.466600,0.000000,13.276911
1540,0,0.000000,12.280925,7.779026,0.005015,20.062688,0.000000,0.000000,20.219073,0.060821,11.967415,7.725752,0.000000,15.961286
1541,0,0.000000,13.209220,7.939688,0.004759,16.003453,0.000000,0.000000,23.967127,0.071417,7.856524,7.917613,0.000000,13.270472
1542,0,0.000000,8.101661,7.784589,0.002686,15.888936,0.000000,0.000000,16.021550,0.048377,7.908268,7.768364,0.000000,15.724683
1543,0,0.000000,13.267728,12.064372,0.002817,13.315809,0.000000,0.000000,25.449325,0.046043,11.748269,8.498062,0.000000,17.723629
1544,0,0.000000,9.592279,7.790497,0.003250,10.347792,0.000000,0.000000,18.500939,0.058873,10.189190,7.800004,0.000000,14.236475
1545,0,0.000000,7.971121,7.911885,0.003147,15.877242,0.000000,0.000000,15.995802,0.045263,7.742461,7.852207,0.000000,15.630318
1546,0,0.000000,10.176481,5.690440,0.004125,10.204086,0.000000,0.000000,16.002357,0.031815,9.966726,5.692391,0.000000,14.272074
1547,0,0.000000,8.123452,7.588775,0.005419,8.169750,0.000000,0.000000,15.979726,0.044847,4.108985,7.589420,0.000000,11.644110
1548,0,0.000000,8.010515,7.853790,0.003230,15.867535,0.000000,0.000000,18.553399,0.039581,7.821465,10.389656,0.000000,18.234623
1549,0,0.000000,13.420106,7.824855,0.003691,21.247482,0.000000,0.000000,21.394108,0.046261,13.047236,7.787703,0.000000,15.840109
1550,0,0.000000,8.049911,7.877529,0.002170,15.924833,0.000000,0.000000,16.031421,0.034837,7.886263,7.869820,0.000000,15.781182
1551,0,0.000000,8.722924,7.142864,0.002302,8.880241,0.000000,0.000000,15.982100,0.038788,8.562485,7.113234,0.000000,15.427345
1552,0,0.000000,8.177343,7.625975,0.003146,15.613307,0.000000,0.000000,15.950898,0.058778,8.047229,3.613288,0.000000,11.683178
1553,0,0.000000,12.989830,6.539074,0.002763,13.042618,0.000000,0.000000,26.259159,0.056139,9.272444,13.107041,0.000000,15.810106
1554,0,0.000000,10.393813,2.863961,0.003526,10.451595,0.000000,0.000000,17.306986,0.046367,10.122298,6.715215,0.000000,10.169926
1555,0,0.000000,7.970058,7.891866,0.002745,15.864669,0.000000,0.000000,15.976336,0.051322,7.650222,7.865254,0.000000,15.540398
1556,0,0.000000,11.964453,7.138098,0.003138,15.139290,0.000000,0.000000,19.944694,0.052903,8.705620,3.145535,0.000000,11.167399
1557,0,0.000000,8.116807,5.971018,0.003096,13.999031,0.000000,0.000000,16.021256,0.033424,9.672821,5.939843,0.000000,15.610387
1558,0,0.000000,12.009965,7.838767,0.003447,19.851310,0.000000,0.000000,22.050061,0.047006,11.879699,9.884642,0.000000,17.921084
1559,0,0.000000,9.916279,7.871608,0.003150,17.790989,0.000000,0.000000,17.936414,0.050506,9.728571,7.849597,0.000000,15.859071
1560,0,0.000000,10.686025,4.970497,0.004648,10.726367,0.000000,0.000000,16.001391,0.041328,10.615909,4.032714,0.000000,10.759940
1561,0,0.000000,8.176369,7.657805,0.003532,8.212290,0.000000,0.000000,15.951474,0.042268,7.952008,7.637181,0.000000,15.582155
1562,0,0.000000,7.997010,7.850180,0.003296,15.849319,0.000000,0.000000,16.013905,0.061640,7.830891,7.849392,0.000000,15.729289
1563,0,0.000000,12.010790,3.746354,0.004301,12.070343,0.000000,0.000000,16.000248,0.030685,11.851286,3.711174,0.000000,11.906782
1564,0,0.000000,4.150056,3.723609,0.002952,4.192534,0.000000,0.000000,7.975256,0.039157,3.985371,3.707901,0.000000,4.035141
1565,0,0.000000,4.143904,3.731209,0.002332,4.181316,0.000000,0.000000,7.983450,0.056940,4.030713,3.710033,0.000000,4.061595
1566,0,0.000000,4.281641,3.468556,0.003996,4.334047,0.000000,0.000000,7.997732,0.029219,4.254576,3.458090,0.000000,4.302809
1567,0,0.000000,11.986272,7.874125,0.002568,12.019646,0.000000,0.000000,19.964068,0.037458,11.845024,7.854332,0.000000,15.827495
1568,0,0.000000,4.127948,7.724216,0.003766,7.968077,0.000000,0.000000,11.961289,0.044510,3.944857,0.020062,0.000000,4.003551
1569,0,0.000000,7.858796,7.891751,0.003626,15.752506,0.000000,0.000000,15.854146,0.039745,7.656839,0.013282,0.000000,7.700876
1570,0,0.000000,8.772825,3.110375,0.003541,8.815675,0.000000,0.000000,15.955117,0.049875,8.505812,7.039057,0.000000,11.604658
1571,0,0.000000,8.061640,7.832576,0.004263,15.896814,0.000000,0.000000,16.024239,0.038764,7.837736,7.798627,0.000000,15.669996
1572,0,0.000000,12.032953,10.527799,0.004423,14.575704,0.000000,0.000000,23.993658,0.050619,12.537982,6.456108,0.000000,16.555973
1573,0,0.000000,13.096310,6.729689,0.002460,13.152990,0.000000,0.000000,19.967925,0.048566,12.884174,2.674680,0.000000,12.935023
1574,0,0.000000,8.207134,3.691452,0.002746,8.257125,0.000000,0.000000,15.959078,0.037024,8.086158,7.604722,0.000000,15.608163
1575,0,0.000000,8.072417,7.831520,0.003180,15.906652,0.000000,0.000000,16.049407,0.038639,7.938114,7.813378,0.000000,15.772588
1576,0,0.000000,12.057692,6.168948,0.002958,14.211585,0.000000,0.000000,19.997102,0.034542,13.470678,6.123795,0.000000,14.201815
1577,0,0.000000,12.609958,3.274235,0.003882,12.636862,0.000000,0.000000,19.922994,0.034152,12.475873,7.194604,0.000000,16.444438
1578,0,0.000000,8.110539,7.813107,0.004144,15.922495,0.000000,0.000000,16.047723,0.041486,7.934933,7.794412,0.000000,15.758500
1579,0,0.000000,11.973560,7.553017,0.003684,19.530261,0.000000,0.000000,19.982512,0.048839,12.083679,7.541323,0.000000,19.659622
1580,0,0.000000,11.978120,7.847203,0.002092,12.013247,0.000000,0.000000,19.925221,0.045732,11.792625,3.868478,0.000000,15.159313
1581,0,0.000000,7.977781,7.937557,0.001730,15.916276,0.000000,0.000000,16.014621,0.047799,7.731095,3.922734,0.000000,11.700478
1582,0,0.000000,12.798051,3.077284,0.004567,12.849447,0.000000,0.000000,19.959643,0.036697,12.648815,7.000135,0.000000,15.718957
1583,0,0.000000,4.178739,3.962238,0.001997,8.129305,0.000000,0.000000,15.981419,0.045625,7.703720,7.875210,0.000000,15.624555
1584,0,0.000000,8.017423,7.874159,0.003193,15.894775,0.000000,0.000000,15.995383,0.037876,7.848903,7.795882,0.000000,15.584430
1585,0,0.000000,11.986268,3.840886,0.002073,12.032713,0.000000,0.000000,15.932676,0.036114,11.753875,3.798676,0.000000,11.877972
1586,0,0.000000,4.279059,3.621116,0.002787,4.319014,0.000000,0.000000,7.997331,0.034429,4.088003,3.589983,0.000000,4.129436
1587,0,0.000000,4.137970,3.784894,0.003088,4.201691,0.000000,0.000000,7.992137,0.030364,3.944339,3.727731,0.000000,3.967956
1588,0,0.000000,4.153687,3.768872,0.002634,4.192127,0.000000,0.000000,7.992774,0.024557,4.029920,3.741078,0.000000,4.061069
1589,0,0.000000,4.137084,3.792785,0.002891,4.168784,0.000000,0.000000,7.999693,0.029748,4.005736,3.774055,0.000000,4.044393
1590,0,0.000000,4.117975,7.563450,0.001943,7.701343,0.000000,0.000000,11.947243,0.024663,4.003979,7.540623,0.000000,7.995378
1591,0,0.000000,8.022447,7.894792,0.002629,15.918422,0.000000,0.000000,16.005228,0.030452,7.914824,7.866899,0.000000,15.790525
1592,0,0.000000,12.002700,7.880623,0.003395,12.040757,0.000000,0.000000,19.981660,0.027414,11.865292,7.858791,0.000000,15.854957
1593,0,0.000000,8.004455,7.928566,0.001912,15.933985,0.000000,0.000000,16.014331,0.033232,7.837409,7.916410,0.000000,15.774776
1594,0,0.000000,7.969111,7.943278,0.001762,15.913436,0.000000,0.000000,15.974839,0.021535,7.827542,3.935656,0.000000,11.769541
1595,0,0.000000,12.026351,7.908952,0.002825,19.936526,0.000000,0.000000,20.026073,0.020768,11.916741,3.859709,0.000000,11.953913
1596,0,0.000000,8.723592,3.161135,0.001950,8.762161,0.000000,0.000000,11.982536,0.029767,8.555605,3.133665,0.000000,8.586588
1597,0,0.000000,9.736080,6.164945,0.003160,14.807232,0.000000,0.000000,15.995632,0.025670,9.619943,6.148093,0.000000,15.741979
1598,0,0.000000,10.650497,8.514055,0.003706,19.168258,0.000000,0.000000,19.291897,0.027633,10.499852,8.502257,0.000000,15.158395
1599,0,0.000000,10.729725,7.258335,0.002296,17.989722,0.000000,0.000000,20.687475,0.036070,13.121342,7.229975,0.000000,14.052456
1600,0,0.000000,7.981766,8.210075,0.002414,16.180653,0.000000,0.000000,16.303858,0.049597,7.839047,8.196395,0.000000,15.892948
1601,0,0.000000,11.706604,7.743591,0.002333,19.434878,0.000000,0.000000,19.574497,0.044306,11.594685,3.714116,0.000000,15.340115
1602,0,0.000000,8.840625,3.020473,0.003904,8.892441,0.000000,0.000000,12.005915,0.035734,8.748989,2.979816,0.000000,11.749765
1603,0,0.000000,12.056827,7.806539,0.002969,19.865012,0.000000,0.000000,19.971308,0.041331,11.919217,3.785871,0.000000,11.967226
1604,0,0.000000,12.048651,7.866113,0.003218,19.917626,0.000000,0.000000,20.011565,0.034813,8.019163,3.830019,0.000000,11.868962
1605,0,0.000000,7.989364,11.837209,0.003432,19.829576,0.000000,0.000000,19.987147,0.044709,7.856859,11.852829,0.000000,19.630241
1606,0,0.000000,11.985225,3.866954,0.003069,12.023404,0.000000,0.000000,15.971639,0.064519,11.776361,3.836621,0.000000,11.860783
1607,0,0.000000,8.788574,7.023460,0.002329,11.148082,0.000000,0.000000,15.984127,0.035275,8.670145,7.020138,0.000000,15.643313
1608,0,0.000000,8.000255,7.156437,0.004825,11.227614,0.000000,0.000000,15.985778,0.046019,8.476222,7.145830,0.000000,11.045376
1609,0,0.000000,8.028347,7.850049,0.002470,15.877820,0.000000,0.000000,15.997785,0.044870,7.911011,7.838103,0.000000,15.584004
1610,0,0.000000,11.999583,3.844840,0.003359,12.041963,0.000000,0.000000,15.998987,0.050002,11.814796,3.822435,0.000000,11.862577
1611,0,0.000000,4.136992,3.944275,0.002368,8.078703,0.000000,0.000000,11.965741,0.037203,7.770253,3.841396,0.000000,7.848076
1612,0,0.000000,4.272993,3.875733,0.003388,8.147754,0.000000,0.000000,16.007229,4.048570,7.678469,3.835411,0.000000,11.966878
1613,0,0.000000,8.022031,7.859664,0.003074,15.884237,0.000000,0.000000,20.017667,4.006830,7.922824,7.860270,0.000000,19.700330
1614,0,0.000000,13.198312,6.301910,0.003438,18.277294,0.000000,0.000000,19.927864,0.039757,13.264120,6.269765,0.000000,13.314566
1615,0,0.000000,12.010584,6.907729,0.003447,12.042673,0.000000,0.000000,19.989151,4.005106,8.928732,6.892535,0.000000,15.648051
1616,0,0.000000,7.977743,7.799645,0.004078,15.778809,0.000000,0.000000,16.029338,0.137172,7.839543,7.797926,0.000000,15.754457
1617,0,0.000000,10.158352,4.808633,0.003537,10.195532,0.000000,0.000000,15.669394,0.048646,10.003760,4.784941,0.000000,11.466573
1618,0,0.000000,8.151574,3.680670,0.003644,8.216663,0.000000,0.000000,11.984881,0.074583,8.043770,3.635024,0.000000,8.091363
1619,0,0.000000,12.031459,11.797679,0.005203,23.831792,0.000000,0.000000,23.979513,0.040762,11.935019,7.788054,0.000000,19.668262
1620,0,0.000000,7.994133,7.896708,0.002689,15.892720,0.000000,0.000000,16.053744,0.059947,7.760365,7.909751,0.000000,15.722607
1621,0,0.000000,15.952490,3.868107,0.003506,16.386209,0.000000,0.000000,23.937916,0.051937,15.842856,7.742343,0.000000,15.976670
1622,0,0.000000,7.953647,7.759669,0.005634,15.704174,0.000000,0.000000,15.986893,0.125720,7.631095,7.815792,0.000000,15.498120
1623,0,0.000000,13.204599,9.871196,0.004125,23.079920,0.000000,0.000000,23.232317,0.038610,11.791551,9.872669,0.000000,19.153363
1624,0,0.000000,12.674206,3.956243,0.003095,12.713804,0.000000,0.000000,20.638386,0.044657,12.468911,7.798661,0.000000,16.441443
1625,0,0.000000,8.047875,7.843742,0.003254,15.894327,0.000000,0.000000,16.011048,0.041630,7.771302,7.796742,0.000000,15.604956
1626,0,0.000000,12.024563,7.932654,0.004422,15.919385,0.000000,0.000000,23.988679,0.036748,9.697921,7.931350,0.000000,17.665246
1627,0,0.000000,8.021115,7.788832,0.005871,15.805657,0.000000,0.000000,16.067717,0.044161,7.893413,7.802842,0.000000,15.738645
1628,0,0.000000,12.890318,6.974899,0.003747,12.937817,0.000000,0.000000,20.079008,0.094539,12.694464,6.993995,0.000000,16.001678
1629,0,0.000000,10.124710,5.564380,0.003346,10.169350,0.000000,0.000000,19.068992,0.037627,7.594359,8.794897,0.000000,10.116204
1630,0,0.000000,11.850919,3.954850,0.003229,11.886777,0.000000,0.000000,20.706749,0.039505,11.663874,7.902927,0.000000,15.685536
1631,0,0.000000,8.026526,3.995348,0.003027,11.941868,0.000000,0.000000,19.988154,0.091626,7.897599,7.915989,0.000000,15.857118
1632,0,0.000000,8.018407,7.900792,0.003068,15.922267,0.000000,0.000000,16.038677,0.035553,7.800149,7.904473,0.000000,15.732483
1633,0,0.000000,11.838119,7.381787,0.002644,19.221704,0.000000,0.000000,19.854880,0.051035,11.969713,7.364616,0.000000,19.337891
1634,0,0.000000,12.025227,7.853429,0.004512,19.880442,0.000000,0.000000,20.008958,0.039224,11.821330,7.844457,0.000000,15.824706
1635,0,0.000000,7.965271,7.914238,0.003297,15.882271,0.000000,0.000000,16.006712,0.039382,7.796195,3.884784,0.000000,11.718825
1636,0,0.000000,11.991091,9.252429,0.004421,12.033679,0.000000,0.000000,22.506844,0.061872,12.683664,2.711486,0.000000,15.359601
1637,0,0.000000,5.576914,4.184094,0.003446,5.691083,0.000000,0.000000,23.766589,0.045047,12.930804,10.457787,0.000000,21.968119
1638,0,0.000000,10.247837,7.235202,0.001834,16.851181,0.000000,0.000000,18.909907,0.048277,10.093384,7.218378,0.000000,17.341467
1639,0,0.000000,6.755995,5.881359,0.003483,12.576905,0.000000,0.000000,21.145616,0.037528,6.587086,12.303502,0.000000,18.318922
1640,0,0.000000,8.875931,4.525058,0.003396,8.914185,0.000000,0.000000,13.515936,0.043173,8.694737,0.479301,0.000000,8.725707
1641,0,0.000000,11.339976,7.830160,0.004037,19.174173,0.000000,0.000000,20.006525,4.751700,11.043347,3.834765,0.000000,16.394274
1642,0,0.000000,8.038140,7.508112,0.003476,15.546519,0.000000,0.000000,16.001004,3.404601,7.823973,7.497673,0.000000,15.357003
1643,0,0.000000,13.357662,5.715415,0.002179,13.406030,0.000000,0.000000,24.743353,0.033480,13.971310,10.456163,0.000000,14.998374
1644,0,0.000000,7.258036,7.745982,0.002532,15.005024,0.000000,0.000000,15.221837,3.213233,7.183920,3.730156,0.000000,10.933052
1645,0,0.000000,12.036419,3.525315,0.002650,12.079519,0.000000,0.000000,16.002755,0.042430,11.884562,3.516704,0.000000,15.429329
1646,0,0.000000,4.192595,5.801386,0.015103,6.107761,0.000000,0.000000,15.930144,0.029743,5.865219,9.721607,0.000000,11.712296
1647,0,0.000000,8.040779,7.631263,0.003848,15.672699,0.000000,0.000000,16.013923,0.035140,7.959891,7.620103,0.000000,15.599580
1648,0,0.000000,11.982427,7.357703,0.003318,12.012682,0.000000,0.000000,19.956023,0.034787,9.534468,7.335496,0.000000,15.469204
1649,0,0.000000,8.009550,7.830327,0.003858,15.827105,0.000000,0.000000,15.960323,0.034829,7.907766,7.817786,0.000000,15.745427
1650,0,0.000000,12.039985,3.788212,0.003216,12.792362,0.000000,0.000000,15.997867,0.041959,11.995789,3.753255,0.000000,12.040074
1651,0,0.000000,11.986572,7.845878,0.002909,19.833605,0.000000,0.000000,19.988827,0.034650,11.839017,7.865214,0.000000,19.724830
1652,0,0.000000,12.014741,7.836270,0.002256,19.852159,0.000000,0.000000,23.957253,0.030608,11.891227,11.778289,0.000000,19.743163
1653,0,0.000000,8.087846,7.788554,0.004793,15.862527,0.000000,0.000000,16.018675,0.048587,7.722622,7.763120,0.000000,15.366300
1654,0,0.000000,13.474363,6.395670,0.006396,14.398857,0.000000,0.000000,24.209133,0.038696,13.266669,10.598114,0.000000,17.306950
1655,0,0.000000,7.798904,7.784507,0.004029,15.585640,0.000000,0.000000,15.754214,0.048392,7.660927,3.768108,0.000000,11.472430
1656,0,0.000000,11.946757,3.915298,0.003967,12.004770,0.000000,0.000000,15.971307,0.045229,11.735935,3.866927,0.000000,11.789064
1657,0,0.000000,4.181958,3.719566,0.004102,4.222181,0.000000,0.000000,7.995885,0.037429,4.058673,3.696284,0.000000,4.108785
1658,0,0.000000,4.153602,3.636050,0.003680,4.186478,0.000000,0.000000,7.986111,0.043939,4.118620,3.623349,0.000000,4.164104
1659,0,0.000000,4.132171,3.748630,0.003036,4.174536,0.000000,0.000000,7.999668,0.032898,3.959215,3.732282,0.000000,4.010055
1660,0,0.000000,4.080618,3.816811,0.003484,4.121318,0.000000,0.000000,7.989672,0.034269,3.851634,3.809323,0.000000,3.902539
1661,0,0.000000,4.105347,3.796005,0.003275,4.141092,0.000000,0.000000,8.002829,0.083574,3.953036,3.786123,0.000000,3.995983
1662,0,0.000000,4.126189,7.699871,0.003273,7.847776,0.000000,0.000000,11.969849,0.042774,3.938550,7.701520,0.000000,7.957858
1663,0,0.000000,8.018763,7.873625,0.003378,15.894471,0.000000,0.000000,15.997916,0.034343,3.964073,7.859596,0.000000,11.856152
1664,0,0.000000,12.005474,7.052675,0.003397,12.054616,0.000000,0.000000,19.957705,0.051344,8.787841,3.982285,0.000000,11.893143
1665,0,0.000000,7.960664,7.847517,0.003167,15.809203,0.000000,0.000000,15.938675,0.057553,7.806099,3.999831,0.000000,11.676047
1666,0,0.000000,12.013898,7.890670,0.003189,19.906188,0.000000,0.000000,19.999075,0.035563,11.832521,7.843834,0.000000,15.904631
1667,0,0.000000,12.399508,7.264276,0.003023,19.665006,0.000000,0.000000,19.964221,0.053543,12.325387,7.219372,0.000000,12.377820
1668,0,0.000000,12.054151,6.986032,0.002041,12.098111,0.000000,0.000000,19.992509,0.032415,12.693858,6.959191,0.000000,15.768338
1669,0,0.000000,8.026374,7.896120,0.001683,15.923214,0.000000,0.000000,16.032955,0.031365,7.837023,7.873553,0.000000,15.730805
1670,0,0.000000,12.033569,3.872273,0.002137,12.065640,0.000000,0.000000,15.989296,0.023836,11.909843,3.845382,0.000000,11.955230
1671,0,0.000000,4.150777,3.715693,0.001960,4.188920,0.000000,0.000000,7.972020,0.027966,4.061301,3.681655,0.000000,4.089806
1672,0,0.000000,4.139955,3.790921,0.001555,4.176950,0.000000,0.000000,7.994735,0.026918,4.006023,3.758896,0.000000,4.033728
1673,0,0.000000,4.143938,3.800920,0.001573,4.176616,0.000000,0.000000,8.000390,0.018095,4.001121,3.764047,0.000000,4.040743
1674,0,0.000000,4.103023,3.874772,0.002974,7.957777,0.000000,0.000000,15.970417,0.018342,7.869744,7.757663,0.000000,15.639305
1675,0,0.000000,8.023014,8.493245,0.003934,15.900952,0.000000,0.000000,19.987714,4.015666,7.860016,3.855623,0.000000,9.040948
1676,0,0.000000,11.393399,6.367365,0.003596,11.433916,0.000000,0.000000,21.974322,0.037873,11.298885,8.920950,0.000000,14.508835
1677,0,0.000000,9.416882,11.924849,0.003085,12.147351,0.000000,0.000000,24.472637,0.067410,12.203887,4.011650,0.000000,12.279519
1678,0,0.000000,8.878932,8.704933,0.003035,8.904873,0.000000,0.000000,21.403478,0.042569,12.372318,0.014520,0.000000,12.425420
1679,0,0.000000,10.880378,14.024552,0.004387,14.238241,0.000000,0.000000,26.827264,0.065364,12.491035,6.498336,0.000000,16.762838
1680,0,0.000000,4.221827,3.938483,0.003811,8.155358,0.000000,0.000000,15.972026,0.047242,7.718744,7.856184,0.000000,15.606979
1681,0,0.000000,3.759254,3.979850,0.002973,7.738073,0.000000,0.000000,15.558589,0.038462,7.388380,7.867362,0.000000,15.250415
1682,0,0.000000,7.999788,7.882770,0.002000,15.883433,0.000000,0.000000,16.007400,0.042954,7.798581,7.823094,0.000000,15.662279
1683,0,0.000000,15.946173,7.906539,0.003987,15.986775,0.000000,0.000000,24.000778,0.053034,15.820398,7.894977,0.000000,19.758664
1684,0,0.000000,8.002829,7.887783,0.033704,15.843066,0.000000,0.000000,20.876412,0.055074,7.758668,12.741389,0.000000,20.540190
1685,0,0.000000,5.830362,6.647005,0.004098,7.070262,0.000000,0.000000,25.690487,7.076000,12.232448,13.172313,0.000000,20.275732
1686,0,0.000000,12.555024,4.707287,0.003778,12.601467,0.000000,0.000000,25.370665,0.038193,12.368795,12.629524,0.000000,16.529985
1687,0,0.000000,8.073651,7.837182,0.002535,15.913368,0.000000,0.000000,16.024024,0.047933,7.854798,7.778411,0.000000,15.681142
1688,0,0.000000,12.594716,9.266590,0.002816,12.632437,0.000000,0.000000,22.473517,0.036428,12.921953,6.757648,0.000000,15.340881
1689,0,0.000000,5.622668,12.555942,0.003156,12.778002,0.000000,0.000000,25.483676,0.032536,11.181688,12.532420,0.000000,23.735905
1690,0,0.000000,7.985947,7.902228,0.003079,15.881574,0.000000,0.000000,16.001164,0.050970,7.807006,7.889488,0.000000,15.727070
1691,0,0.000000,13.404037,6.455644,0.001901,13.451780,0.000000,0.000000,22.149170,0.035626,13.322000,8.590460,0.000000,15.834895
1692,0,0.000000,10.376486,3.329965,0.001583,10.415062,0.000000,0.000000,17.784792,0.043322,10.236640,7.260167,0.000000,10.274279
1693,0,0.000000,8.026599,7.899822,0.001865,15.920650,0.000000,0.000000,16.018163,0.038731,7.728691,7.878986,0.000000,15.594524
1694,0,0.000000,11.981069,7.308642,0.002457,12.020695,0.000000,0.000000,19.972771,0.030674,12.339584,7.296049,0.000000,12.383021
1695,0,0.000000,8.044897,7.885003,0.004094,15.930759,0.000000,0.000000,16.033812,0.028647,7.915520,7.884462,0.000000,15.810823
1696,0,0.000000,11.312656,11.428097,0.003993,11.710882,0.000000,0.000000,23.793397,0.035209,11.158009,12.298313,0.000000,18.370248
1697,0,0.000000,12.156620,11.799043,0.003159,22.698753,0.000000,0.000000,25.102957,0.042753,11.861993,12.804182,0.000000,19.884226
1698,0,0.000000,6.970988,7.886352,0.001823,14.859163,0.000000,0.000000,14.983211,0.047097,6.742643,7.868108,0.000000,14.653074
1699,0,0.000000,13.198216,6.710198,0.001747,13.243039,0.000000,0.000000,22.704986,0.034190,12.981094,9.389094,0.000000,19.720564
1700,0,0.000000,12.871984,4.296885,0.003234,12.919516,0.000000,0.000000,21.786172,0.040218,12.641924,8.753327,0.000000,21.186201
1701,0,0.000000,7.541553,7.844368,0.003670,15.382033,0.000000,0.000000,15.502092,0.038567,7.435820,7.775185,0.000000,15.051553
1702,0,0.000000,12.696191,7.189882,0.003775,19.889088,0.000000,0.000000,19.988738,0.042784,12.497174,3.165911,0.000000,12.543100
1703,0,0.000000,13.499650,6.309753,0.003060,13.537661,0.000000,0.000000,19.948079,0.036941,13.325123,2.287792,0.000000,13.362790
1704,0,0.000000,7.949445,7.896563,0.002098,15.817738,0.000000,0.000000,24.003832,8.099857,12.001363,7.832809,0.000000,15.782498
1705,0,0.000000,11.973752,7.324749,0.003991,12.012614,0.000000,0.000000,19.961882,0.032172,12.345020,3.343273,0.000000,12.377631
1706,0,0.000000,8.034535,14.237254,0.003358,22.274204,0.000000,0.000000,22.355545,0.038200,7.860979,3.897020,0.000000,11.789987
1707,0,0.000000,5.693971,7.849391,0.001927,13.542734,0.000000,0.000000,13.662574,0.034526,5.547759,7.828318,0.000000,13.398247
1708,0,0.000000,12.017955,3.850589,0.003716,14.415560,0.000000,0.000000,15.988595,0.031479,11.891611,0.026884,0.000000,11.927979
1709,0,0.000000,12.020820,7.825899,0.002608,19.849327,0.000000,0.000000,19.980542,0.029564,11.912835,3.796077,0.000000,11.959552
1710,0,0.000000,12.003015,7.850070,0.009099,19.854310,0.000000,0.000000,19.974848,0.041265,11.815140,3.838718,0.000000,11.887024
1711,0,0.000000,12.030092,7.819963,0.003269,12.062490,0.000000,0.000000,19.976814,0.049092,11.787752,7.804565,0.000000,15.811529
1712,0,0.000000,8.012880,7.888038,0.004102,15.889044,0.000000,0.000000,16.234085,0.059112,7.867013,8.006474,0.000000,15.910770
1713,0,0.000000,11.625868,7.841991,0.004451,14.902379,0.000000,0.000000,19.648452,0.074897,11.461254,7.841007,0.000000,19.357742
1714,0,0.000000,7.981933,7.884857,0.002087,15.868877,0.000000,0.000000,15.994202,0.057509,7.862892,7.869207,0.000000,15.769838
1715,0,0.000000,12.713023,3.161642,0.003168,15.137485,0.000000,0.000000,19.935985,0.033497,12.527359,7.082171,0.000000,12.561321
1716,0,0.000000,9.209728,3.925350,0.005753,9.248693,0.000000,0.000000,20.008341,2.871432,11.878759,7.830396,0.000000,15.720129
1717,0,0.000000,8.044282,7.851483,0.003576,15.898891,0.000000,0.000000,16.038525,0.041716,7.855736,7.856049,0.000000,15.744462
1718,0,0.000000,12.044868,7.226392,0.002663,12.109998,0.000000,0.000000,19.928546,0.050456,12.366885,3.223949,0.000000,12.422805
1719,0,0.000000,5.515124,4.083385,0.009908,9.552246,0.000000,0.000000,13.407103,0.164744,4.992145,0.039358,0.000000,5.167422
1720,0,0.000000,8.016968,7.894949,0.003018,15.914935,0.000000,0.000000,16.055966,0.044077,7.727156,7.886231,0.000000,15.655040
1721,0,0.000000,9.729481,6.114770,0.003389,9.776922,0.000000,0.000000,16.061729,0.039897,7.645278,6.178672,0.000000,13.863847
1722,0,0.000000,7.957344,3.831866,0.002966,7.999676,0.000000,0.000000,15.882163,0.049104,7.600114,7.760584,0.000000,15.396592
1723,0,0.000000,4.157111,3.947837,0.002845,8.097959,0.000000,0.000000,15.972221,0.074318,7.813344,7.882004,0.000000,15.724625
1724,0,0.000000,4.508006,6.821607,0.002252,10.878093,0.000000,0.000000,24.352574,0.038323,8.594846,8.344596,0.000000,16.233818
1725,0,0.000000,3.807347,3.988869,0.003155,7.788450,0.000000,0.000000,15.611547,0.106313,7.290642,7.905484,0.000000,15.240364
1726,0,0.000000,4.229648,3.968875,0.003577,8.194743,0.000000,0.000000,15.983036,0.072973,7.784515,7.899232,0.000000,15.731035
1727,0,0.000000,4.359868,3.946561,0.003294,8.293448,0.000000,0.000000,15.986900,0.077246,7.729681,7.850425,0.000000,15.629780
1728,0,0.000000,7.985181,7.883770,0.003141,15.871856,0.000000,0.000000,16.017334,0.058093,7.763185,7.875619,0.000000,15.696897
1729,0,0.000000,8.675201,3.113185,0.002527,8.710486,0.000000,0.000000,15.865440,0.041608,8.495439,7.052301,0.000000,15.587263
1730,0,0.000000,8.065366,11.746622,0.005719,13.269725,0.000000,0.000000,27.228593,7.663754,13.829707,11.741513,0.000000,22.930704
1731,0,0.000000,12.762589,7.876974,0.003190,20.640387,0.000000,0.000000,20.769861,0.043460,12.441649,7.793779,0.000000,20.277253
1732,0,0.000000,9.056191,6.798740,0.002724,14.775512,0.000000,0.000000,16.054638,0.046290,7.754798,6.830881,0.000000,14.630423
1733,0,0.000000,12.628685,3.567083,0.002474,12.681455,0.000000,0.000000,23.914227,0.037820,12.854717,10.421911,0.000000,16.858208
1734,0,0.000000,10.431942,3.720558,0.003650,10.486273,0.000000,0.000000,18.239105,0.037328,10.269100,7.632020,0.000000,17.909052
1735,0,0.000000,4.206600,3.979277,0.002692,8.183199,0.000000,0.000000,16.001920,0.041458,7.868268,7.917212,0.000000,15.804529
1736,0,0.000000,4.148323,3.986037,0.002077,8.135518,0.000000,0.000000,15.980885,0.028487,7.806340,7.914778,0.000000,15.714858
1737,0,0.000000,4.194321,3.992621,0.003166,8.188205,0.000000,0.000000,15.998331,0.031079,7.829614,7.934228,0.000000,15.783671
1738,0,0.000000,4.135777,3.982879,0.002198,8.119861,0.000000,0.000000,16.009438,0.036098,7.759299,7.948415,0.000000,15.711205
1739,0,0.000000,7.982106,7.906924,0.003137,15.891459,0.000000,0.000000,15.997504,0.036404,7.819069,7.843415,0.000000,15.691793
1740,0,0.000000,12.037592,6.934235,0.003118,12.082436,0.000000,0.000000,19.990389,0.036219,11.996979,6.937942,0.000000,15.987113
1741,0,0.000000,7.956883,5.851036,0.003402,9.844717,0.000000,0.000000,15.961637,0.046483,9.817989,1.844006,0.000000,11.654473
1742,0,0.000000,7.991375,7.877130,0.003188,15.867951,0.000000,0.000000,16.011440,0.080636,7.803932,3.852400,0.000000,11.715510
1743,0,0.000000,14.307296,5.590266,0.018630,18.669605,0.000000,0.000000,26.223423,0.041080,14.248132,11.772256,0.000000,15.788465
1744,0,0.000000,8.833043,4.809293,0.003290,10.605862,0.000000,0.000000,17.447655,0.038809,8.652590,8.487609,0.000000,11.022621
1745,0,0.000000,7.882449,7.878765,0.002681,15.762676,0.000000,0.000000,15.868449,0.061131,7.756898,7.846183,0.000000,15.642694
1746,0,0.000000,12.044333,7.826645,0.002592,19.871866,0.000000,0.000000,19.997414,0.041968,11.942677,7.820776,0.000000,15.996247
1747,0,0.000000,12.010134,7.936308,0.004189,12.053623,0.000000,0.000000,23.958645,0.053893,11.798414,7.637430,0.000000,15.749988
1748,0,0.000000,10.958427,8.905160,0.003062,16.953435,0.000000,0.000000,19.993690,0.038549,10.836270,4.035231,0.000000,11.757416
1749,0,0.000000,8.055453,7.842773,0.028769,15.900651,0.000000,0.000000,22.186744,0.058252,7.847787,7.954105,0.000000,15.714077
1750,0,0.000000,9.758664,7.826681,0.004792,9.789293,0.000000,0.000000,17.773222,0.087149,9.627816,4.420087,0.000000,10.253754
1751,0,0.000000,8.040491,7.817701,0.002959,15.861151,0.000000,0.000000,15.989768,0.037536,7.869963,5.115972,0.000000,13.012896
1752,0,0.000000,10.303134,5.538893,0.002354,10.797390,0.000000,0.000000,15.976523,0.034320,10.140183,1.539987,0.000000,11.677053
1753,0,0.000000,8.077001,7.050290,0.003390,11.132860,0.000000,0.000000,19.998151,0.037797,12.593121,7.042156,0.000000,16.640568
1754,0,0.000000,11.972068,3.756781,0.003459,12.029793,0.000000,0.000000,15.992124,0.159194,11.891658,3.712365,0.000000,12.054918
1755,0,0.000000,12.054493,9.812840,0.002402,21.868635,0.000000,0.000000,23.935163,0.038410,11.915196,9.804592,0.000000,19.919635
1756,0,0.000000,4.250535,12.881335,0.002744,17.093437,0.000000,0.000000,28.003142,0.044935,10.786434,12.855662,0.000000,18.430201
1757,0,0.000000,6.059166,6.393454,0.004485,10.549753,0.000000,0.000000,19.984119,2.158938,9.350573,6.332280,0.000000,17.785781
1758,0,0.000000,8.034373,7.862406,0.002362,15.899141,0.000000,0.000000,16.006073,0.042366,7.851820,7.837916,0.000000,15.729969
1759,0,0.000000,12.680640,3.188423,0.003108,12.718733,0.000000,0.000000,19.953488,0.034833,12.552104,7.107488,0.000000,16.547757
1760,0,0.000000,4.282722,3.961060,0.003921,8.227641,0.000000,0.000000,16.011487,0.034995,7.818201,7.896341,0.000000,15.734124
1761,0,0.000000,4.084998,7.968596,0.004524,10.568741,0.000000,0.000000,15.968601,0.086180,7.610838,7.960769,0.000000,15.601319
1762,0,0.000000,11.881541,8.567172,0.004285,13.839716,0.000000,0.000000,20.689761,0.106143,11.823182,8.560799,0.000000,20.316960
1763,0,0.000000,7.279706,7.839782,0.003052,15.122540,0.000000,0.000000,15.865331,0.038876,7.103779,8.437275,0.000000,15.541192
1764,0,0.000000,13.427602,5.792583,0.004035,13.502566,0.000000,0.000000,25.637487,0.039260,13.227719,11.995050,0.000000,15.823004
1765,0,0.000000,13.114622,7.825490,0.004130,20.941711,0.000000,0.000000,21.729681,0.039903,13.139585,7.815173,0.000000,19.555865
1766,0,0.000000,8.014719,7.810018,0.003845,15.823572,0.000000,0.000000,15.965249,0.040537,7.792572,7.796669,0.000000,15.629778
1767,0,0.000000,13.367137,6.504202,0.003939,13.396547,0.000000,0.000000,27.149350,0.036515,13.200035,13.645972,0.000000,18.826103
1768,0,0.000000,9.323677,7.886174,0.003778,12.795572,0.000000,0.000000,20.782398,0.037210,12.611740,3.905253,0.000000,16.531298
1769,0,0.000000,7.992576,7.903935,0.002206,15.897693,0.000000,0.000000,16.015178,0.058698,7.681746,3.866962,0.000000,11.586699
1770,0,0.000000,12.596138,3.277976,0.002241,12.647212,0.000000,0.000000,19.958459,0.051080,12.426254,7.201894,0.000000,12.487510
1771,0,0.000000,7.966930,7.930402,0.003633,15.900528,0.000000,0.000000,16.020913,0.063907,7.790309,7.923526,0.000000,15.752278
1772,0,0.000000,8.812650,3.061519,0.002837,11.035981,0.000000,0.000000,11.985369,0.035415,8.703071,3.040377,0.000000,11.762656
1773,0,0.000000,12.078196,7.773585,0.002679,19.854460,0.000000,0.000000,20.011013,0.037624,11.940417,7.781016,0.000000,15.998932
1774,0,0.000000,12.057020,7.742147,0.004107,19.801382,0.000000,0.000000,19.985618,0.039719,11.844459,7.753235,0.000000,15.905742
1775,0,0.000000,11.954363,7.894383,0.003888,19.850300,0.000000,0.000000,19.996975,0.038230,11.862246,7.894771,0.000000,15.912262
1776,0,0.000000,11.942593,7.893414,0.002980,19.837066,0.000000,0.000000,20.826046,0.045985,11.500750,8.749523,0.000000,16.723055
1777,0,0.000000,11.016940,3.902340,0.003331,11.046560,0.000000,0.000000,15.048913,0.030686,10.890719,3.868460,0.000000,11.771163
1778,0,0.000000,7.953808,7.952679,0.002549,15.909036,0.000000,0.000000,15.991616,0.032003,7.741700,3.908804,0.000000,11.673887
1779,0,0.000000,8.742396,3.121710,0.002387,8.798656,0.000000,0.000000,15.931023,0.028473,8.563313,7.035306,0.000000,8.591553
1780,0,0.000000,8.045479,7.878087,0.003166,15.924758,0.000000,0.000000,16.024357,0.035862,7.862812,7.805796,0.000000,15.697074
1781,0,0.000000,8.767330,7.103164,0.003918,8.805813,0.000000,0.000000,15.961141,0.035684,8.531647,3.093852,0.000000,8.567270
1782,0,0.000000,8.087987,7.813213,0.002317,15.902978,0.000000,0.000000,16.001781,0.031788,7.936568,3.794672,0.000000,11.763028
1783,0,0.000000,11.993256,3.940582,0.001879,12.022758,0.000000,0.000000,16.018176,0.032314,11.827987,3.926964,0.000000,11.885591
1784,0,0.000000,4.170465,3.728685,0.002903,4.207886,0.000000,0.000000,7.973092,0.028872,4.025891,3.698030,0.000000,4.054573
1785,0,0.000000,4.284455,3.599438,0.003681,4.322776,0.000000,0.000000,8.049694,0.055941,4.155420,3.625174,0.000000,4.256364
1786,0,0.000000,4.066338,3.782881,0.001956,4.101082,0.000000,0.000000,7.930441,0.042429,3.866679,3.756774,0.000000,3.943105
1787,0,0.000000,4.091253,3.838462,0.003177,4.114918,0.000000,0.000000,7.999590,0.018749,3.945540,3.825753,0.000000,3.972022
1788,0,0.000000,4.125739,3.780108,0.002666,4.159997,0.000000,0.000000,7.983888,0.025594,3.996269,3.760470,0.000000,4.030918
1789,0,0.000000,4.096362,3.825431,0.002342,4.134656,0.000000,0.000000,8.006175,0.026509,4.000145,3.809689,0.000000,7.751223
1790,0,0.000000,4.095500,3.817952,0.001965,4.131427,0.000000,0.000000,7.974237,0.022953,3.938917,3.798324,0.000000,7.706141
1791,0,0.000000,4.140541,3.777527,0.001684,4.178021,0.000000,0.000000,7.998472,0.017765,4.029252,3.759130,0.000000,7.750583
1792,0,0.000000,4.146210,3.776430,0.001718,4.179167,0.000000,0.000000,7.987792,0.026494,4.003195,3.758199,0.000000,7.776864
1793,0,0.000000,4.058794,3.777403,0.001616,4.099273,0.000000,0.000000,7.912418,0.017908,3.915528,3.759804,0.000000,7.682993
1794,0,0.000000,4.097345,3.828228,0.001456,4.128769,0.000000,0.000000,7.999008,0.021901,4.002752,3.809259,0.000000,7.801294
1795,0,0.000000,4.116087,3.807379,0.001457,4.148577,0.000000,0.000000,7.985276,0.018467,4.008997,3.787088,0.000000,7.798339
1796,0,0.000000,4.120908,3.823155,0.001636,4.165740,0.000000,0.000000,8.017349,0.018848,4.006484,3.790371,0.000000,7.764251
1797,0,0.000000,4.109698,3.790387,0.001704,4.141611,0.000000,0.000000,7.973046,0.027447,3.978875,3.765643,0.000000,7.731159
1798,0,0.000000,7.990241,7.925827,0.002182,15.916943,0.000000,0.000000,16.001566,0.020655,7.881866,7.890292,0.000000,11.874556
1799,0,0.000000,11.973780,3.912190,0.002934,12.011186,0.000000,0.000000,19.946468,0.033938,11.888161,7.852240,0.000000,11.930144
1800,0,0.000000,8.007059,7.898674,0.002855,15.908588,0.000000,0.000000,16.026988,0.030065,7.927634,7.878075,0.000000,15.835584
1801,0,0.000000,11.985580,9.316135,0.003485,12.019563,0.000000,0.000000,22.584367,0.037611,13.073172,6.691103,0.000000,17.113838
1802,0,0.000000,5.516151,6.429207,0.004056,7.928173,0.000000,0.000000,25.356464,0.048568,9.273672,11.974962,0.000000,21.287600
1803,0,0.000000,8.099247,7.807684,0.003126,15.882538,0.000000,0.000000,16.040283,0.033946,7.912382,7.787296,0.000000,15.728581
1804,0,0.000000,12.793011,3.083566,0.002320,15.004001,0.000000,0.000000,19.918742,0.031023,12.624590,7.004750,0.000000,12.681585
1805,0,0.000000,4.135918,3.976459,0.002696,8.113665,0.000000,0.000000,15.988857,0.024457,7.699683,7.893896,0.000000,15.618036
1806,0,0.000000,4.132487,3.968342,0.003278,8.095715,0.000000,0.000000,15.990478,0.038396,7.793838,7.879099,0.000000,15.693596
1807,0,0.000000,4.140401,3.959937,0.002548,8.101456,0.000000,0.000000,15.993339,0.027222,7.737873,7.882910,0.000000,15.644001
1808,0,0.000000,4.146586,3.959315,0.002580,8.107052,0.000000,0.000000,15.983435,0.026640,7.740286,7.897612,0.000000,15.660196
1809,0,0.000000,3.834186,3.939911,0.002079,7.775543,0.000000,0.000000,15.509969,0.199639,7.287772,7.873675,0.000000,15.189558
1810,0,0.000000,8.071420,7.872120,0.002160,15.945061,0.000000,0.000000,16.039881,0.025862,7.950510,7.777163,0.000000,15.572636
1811,0,0.000000,8.102968,7.747286,0.001970,8.140460,0.000000,0.000000,15.928258,0.044412,7.964029,3.751258,0.000000,11.741364
1812,0,0.000000,8.010594,7.916502,0.001853,15.928716,0.000000,0.000000,16.009104,0.035333,7.876961,3.910440,0.000000,11.813406
1813,0,0.000000,8.731821,7.178979,0.003400,15.150070,0.000000,0.000000,16.034782,0.033113,8.498169,7.172246,0.000000,12.553874
1814,0,0.000000,11.919968,5.947868,0.002124,11.963202,0.000000,0.000000,25.331399,0.079196,11.778871,11.299566,0.000000,17.309300
1815,0,0.000000,12.614937,5.169586,0.002493,12.662704,0.000000,0.000000,21.958992,0.055653,12.434205,8.493394,0.000000,15.786350
1816,0,0.000000,11.330810,7.934539,0.002206,19.267386,0.000000,0.000000,20.578668,0.035997,12.346709,7.895525,0.000000,20.249704
1817,0,0.000000,8.069543,7.862785,0.001735,15.933527,0.000000,0.000000,16.026805,0.035590,7.849766,7.828892,0.000000,15.710027
1818,0,0.000000,11.965116,3.273395,0.002858,12.002127,0.000000,0.000000,23.956096,0.028501,12.536136,7.203687,0.000000,16.526681
1819,0,0.000000,8.084820,7.828857,0.003345,15.916598,0.000000,0.000000,16.014822,0.029947,7.861345,7.775327,0.000000,15.659935
1820,0,0.000000,12.088150,14.413701,0.003556,14.564864,0.000000,0.000000,28.007839,0.036716,12.186686,14.387708,0.000000,20.302242
1821,0,0.000000,7.989683,7.856207,0.002723,15.847156,0.000000,0.000000,15.970802,0.041734,7.829119,7.826069,0.000000,15.694980
1822,0,0.000000,12.010801,7.316843,0.006872,12.038792,0.000000,0.000000,20.005034,0.035423,12.356436,3.322048,0.000000,12.413615
1823,0,0.000000,7.978259,7.909628,0.002006,15.876970,0.000000,0.000000,16.006837,0.059817,7.720409,3.849821,0.000000,11.621759
1824,0,0.000000,11.945200,3.694687,0.003233,12.034371,0.000000,0.000000,15.986416,0.031704,12.013862,3.673123,0.000000,12.087209
1825,0,0.000000,11.634106,7.322879,0.003545,18.958589,0.000000,0.000000,19.488179,0.037847,11.538914,7.308066,0.000000,15.573569
1826,0,0.000000,12.024813,7.804840,0.003357,19.830778,0.000000,0.000000,19.982842,0.043939,11.877727,7.785805,0.000000,15.916721
1827,0,0.000000,11.958692,8.886176,0.003996,11.994878,0.000000,0.000000,22.453275,0.038085,13.277626,8.884253,0.000000,16.800978
1828,0,0.000000,5.816783,8.635786,0.004793,9.956694,0.000000,0.000000,21.455367,0.063690,8.555915,8.606645,0.000000,8.852744
1829,0,0.000000,8.002434,8.192745,0.003273,16.198254,0.000000,0.000000,17.632670,0.047438,7.743501,9.462857,0.000000,17.145001
1830,0,0.000000,13.254691,7.935708,0.004176,14.611367,0.000000,0.000000,22.350150,0.526722,13.019078,7.931339,0.000000,17.523007
1831,0,0.000000,8.040708,7.856575,0.005314,15.890070,0.000000,0.000000,16.009141,0.038521,7.899346,7.830896,0.000000,15.686360
1832,0,0.000000,9.702987,7.870292,0.003774,12.073214,0.000000,0.000000,19.932761,0.054953,11.607094,3.874472,0.000000,11.662896
1833,0,0.000000,8.018336,7.977046,0.002833,15.996449,0.000000,0.000000,16.113684,0.047323,7.849358,3.839432,0.000000,11.726748
1834,0,0.000000,7.821294,4.051381,0.002138,11.760183,0.000000,0.000000,19.509878,4.395180,6.806745,7.877579,0.000000,18.884350
1835,0,0.000000,7.982244,7.879263,0.002273,15.863555,0.000000,0.000000,16.002056,0.040653,7.868499,7.858658,0.000000,15.751556
1836,0,0.000000,12.079317,8.650868,0.003281,12.125823,0.000000,0.000000,22.026310,0.076101,13.021688,2.584758,0.000000,13.075379
1837,0,0.000000,6.088307,3.404215,0.002706,6.129938,0.000000,0.000000,17.898108,0.041910,10.228223,7.325944,0.000000,10.280655
1838,0,0.000000,8.026303,7.897546,0.001942,15.924985,0.000000,0.000000,16.030165,0.035353,7.852236,7.871352,0.000000,15.757309
1839,0,0.000000,8.677720,3.649748,0.003580,8.719050,0.000000,0.000000,12.413157,0.033559,8.468168,3.243128,0.000000,8.507471
1840,0,0.000000,11.584204,7.850197,0.003427,19.435633,0.000000,0.000000,19.550945,0.041020,11.483635,3.830417,0.000000,11.721587
1841,0,0.000000,11.943967,7.820877,0.004499,19.765785,0.000000,0.000000,19.910625,0.032732,11.790589,3.803466,0.000000,11.842193
1842,0,0.000000,9.274801,6.596817,0.004722,9.331625,0.000000,0.000000,16.018629,0.046786,8.986220,2.546225,0.000000,11.543450
1843,0,0.000000,8.072184,7.745581,0.002256,15.670504,0.000000,0.000000,15.958001,0.041459,7.767791,7.718712,0.000000,11.793821
1844,0,0.000000,11.992565,7.896980,0.002617,19.890669,0.000000,0.000000,20.011178,0.029497,11.836322,7.871078,0.000000,15.889157
1845,0,0.000000,11.956743,10.120949,0.003864,14.216057,0.000000,0.000000,23.458014,0.033334,13.128630,10.073779,0.000000,17.976090
1846,0,0.000000,4.669563,7.490816,0.003126,8.112824,0.000000,0.000000,16.468812,0.057392,8.583155,3.980414,0.000000,11.861807
1847,0,0.000000,8.127443,7.759412,0.003781,15.878984,0.000000,0.000000,16.034470,0.032122,7.992228,7.725618,0.000000,15.743080
1848,0,0.000000,11.954304,7.898678,0.003268,19.843561,0.000000,0.000000,19.963610,0.044266,11.781464,7.878206,0.000000,15.834810
1849,0,0.000000,11.987734,7.827068,0.002846,19.816031,0.000000,0.000000,19.953132,0.034473,11.827814,0.021337,0.000000,11.879621
1850,0,0.000000,8.112069,7.806733,0.002577,15.891964,0.000000,0.000000,20.004720,4.033046,11.913703,7.793021,0.000000,19.654036
1851,0,0.000000,13.470412,6.412288,0.002097,14.430214,0.000000,0.000000,19.997167,0.038138,13.371582,0.013231,0.000000,13.403650
1852,0,0.000000,8.066715,7.807403,0.002888,8.124621,0.000000,0.000000,23.942983,7.994988,15.826292,7.783571,0.000000,19.839984
1853,0,0.000000,8.062511,7.843626,0.001690,15.907031,0.000000,0.000000,16.022150,0.044124,7.998497,7.826347,0.000000,15.833033
1854,0,0.000000,12.503474,3.391636,0.003657,12.549951,0.000000,0.000000,22.393520,0.117509,10.072949,9.736013,0.000000,18.299403
1855,0,0.000000,5.734985,4.393365,0.003234,9.942877,0.000000,0.000000,13.595620,0.049956,8.738686,4.379767,0.000000,9.807912
1856,0,0.000000,8.701379,6.929876,0.002651,14.893678,0.000000,0.000000,15.992518,0.034095,8.718128,6.905325,0.000000,15.650588
1857,0,0.000000,7.935082,7.841130,0.002069,15.777747,0.000000,0.000000,15.908244,0.037614,7.707659,7.826125,0.000000,15.564673
1858,0,0.000000,11.979010,3.879789,0.002465,12.013474,0.000000,0.000000,16.011980,0.047071,11.773558,3.862411,0.000000,11.902635
1859,0,0.000000,4.104090,3.778641,0.002279,4.136559,0.000000,0.000000,7.983925,0.054139,3.877772,3.731017,0.000000,3.933587
1860,0,0.000000,4.129936,3.791511,0.001710,4.167712,0.000000,0.000000,8.001482,0.025379,3.958104,3.770791,0.000000,7.711204
1861,0,0.000000,4.212286,3.655312,0.003462,4.243464,0.000000,0.000000,7.979351,0.032748,4.056464,3.649364,0.000000,7.733792
1862,0,0.000000,4.155115,3.950542,0.003488,8.109145,0.000000,0.000000,15.936828,0.032474,7.759678,7.860431,0.000000,15.548633
1863,0,0.000000,4.163639,3.990620,0.002680,8.153969,0.000000,0.000000,15.985859,0.038127,7.730956,7.922434,0.000000,15.580987
1864,0,0.000000,4.254626,3.993761,0.001961,8.250004,0.000000,0.000000,15.998168,0.033889,7.751633,7.917542,0.000000,15.532105
1865,0,0.000000,4.197885,3.962921,0.002243,8.163049,0.000000,0.000000,15.972542,0.041902,7.754206,7.883976,0.000000,15.514116
1866,0,0.000000,4.250569,3.965446,0.003086,8.217807,0.000000,0.000000,15.989429,0.033947,7.729289,7.911766,0.000000,15.652041
1867,0,0.000000,4.254594,3.942942,0.003322,8.199444,0.000000,0.000000,15.995168,0.029877,7.835805,7.860846,0.000000,15.724905
1868,0,0.000000,8.027711,7.864914,0.003801,15.894126,0.000000,0.000000,16.021582,0.041472,7.893968,7.853065,0.000000,15.772512
1869,0,0.000000,11.955690,6.476565,0.004177,12.016678,0.000000,0.000000,19.980919,0.040409,13.070443,4.908043,0.000000,18.016540
1870,0,0.000000,7.993027,6.713097,0.003607,12.864562,0.000000,0.000000,29.142781,2.090620,13.075094,11.227487,0.000000,24.030402
1871,0,0.000000,8.770764,7.885754,0.002806,15.911356,0.000000,0.000000,16.782978,0.767199,7.823437,7.868998,0.000000,16.453601
1872,0,0.000000,12.922595,6.867328,0.002688,12.962410,0.000000,0.000000,19.907772,0.051130,12.811860,2.903159,0.000000,15.739591
1873,0,0.000000,7.709751,7.851926,0.003252,15.564242,0.000000,0.000000,15.668475,0.046473,7.575195,3.823937,0.000000,11.423190
1874,0,0.000000,12.007306,3.854734,0.002333,12.578384,0.000000,0.000000,16.021878,0.044526,11.874559,3.870576,0.000000,11.908691
1875,0,0.000000,8.846647,2.976562,0.003080,8.884554,0.000000,0.000000,11.952625,0.057336,8.645251,2.931075,0.000000,8.682484
1876,0,0.000000,11.980262,7.899808,0.001803,19.881873,0.000000,0.000000,19.990804,0.036253,11.840572,3.874942,0.000000,11.886113
1877,0,0.000000,4.128403,3.738886,0.001847,4.181729,0.000000,0.000000,7.973422,0.055578,3.919064,3.703988,0.000000,3.971515
1878,0,0.000000,4.156408,3.771461,0.003873,4.196858,0.000000,0.000000,8.077918,0.022551,4.021632,3.755833,0.000000,4.070663
1879,0,0.000000,4.064656,3.706965,0.003174,4.117177,0.000000,0.000000,7.901277,0.075561,3.774747,3.673624,0.000000,3.830601
1880,0,0.000000,4.131227,3.811543,0.003286,4.176068,0.000000,0.000000,8.020753,0.028436,3.948813,3.799462,0.000000,3.991633
1881,0,0.000000,4.150848,7.699320,0.002777,7.878400,0.000000,0.000000,11.953725,0.032116,3.990024,7.699857,0.000000,8.019080
1882,0,0.000000,8.086392,7.741692,0.003371,15.831455,0.000000,0.000000,16.009594,0.036205,8.084115,7.738976,0.000000,15.834947
1883,0,0.000000,11.971710,6.733867,0.004164,12.004406,0.000000,0.000000,19.966291,0.035284,12.974060,6.708428,0.000000,14.324121
1884,0,0.000000,6.163267,2.903337,0.002859,6.207101,0.000000,0.000000,15.994246,5.906100,11.851477,6.858521,0.000000,15.712302
1885,0,0.000000,4.948469,6.638831,0.002458,6.814412,0.000000,0.000000,19.982354,0.032407,8.519461,2.615120,0.000000,10.243018
1886,0,0.000000,7.014311,5.204998,0.002930,8.079089,0.000000,0.000000,18.753712,6.847206,13.194555,8.535880,0.000000,14.651398
1887,0,0.000000,12.676886,7.798625,0.003303,20.447243,0.000000,0.000000,20.632314,0.044311,12.435471,7.773883,0.000000,16.868101
1888,0,0.000000,8.059781,7.837563,0.003381,15.899419,0.000000,0.000000,16.009992,0.035521,7.844744,7.796133,0.000000,15.668025
1889,0,0.000000,14.988940,8.843036,0.004698,19.690106,0.000000,0.000000,25.043956,0.033016,15.818161,8.838520,0.000000,20.733138
1890,0,0.000000,10.837718,7.344563,0.003287,14.270701,0.000000,0.000000,21.869910,0.038064,11.207921,7.325906,0.000000,15.270264
1891,0,0.000000,9.018722,6.606574,0.002270,15.627566,0.000000,0.000000,17.011384,0.036858,8.842393,6.606625,0.000000,15.483595
1892,0,0.000000,11.942564,7.953122,0.003288,19.897415,0.000000,0.000000,20.425430,0.036935,11.793216,7.919270,0.000000,15.985297
1893,0,0.000000,11.499491,7.974188,0.002676,19.475348,0.000000,0.000000,19.570782,0.038638,11.276501,7.945945,0.000000,15.647095
1894,0,0.000000,11.929140,7.915671,0.002948,19.846612,0.000000,0.000000,19.941543,0.024607,11.772865,7.886383,0.000000,15.773650
1895,0,0.000000,11.968565,7.919708,0.003312,19.889764,0.000000,0.000000,19.992658,0.036181,11.682571,7.905899,0.000000,15.820643
1896,0,0.000000,11.982109,3.896989,0.002933,15.875471,0.000000,0.000000,16.002293,0.037688,11.796403,3.869956,0.000000,15.686430
1897,0,0.000000,4.170419,3.738369,0.003928,4.219176,0.000000,0.000000,11.927350,0.053859,4.057966,7.644768,0.000000,7.765968
1898,0,0.000000,4.173902,4.351357,0.003084,8.374173,0.000000,0.000000,15.976131,0.051076,7.839568,7.937478,0.000000,15.800667
1899,0,0.000000,11.448658,12.656580,0.003754,12.802435,0.000000,0.000000,25.859109,0.033672,12.989850,6.158610,0.000000,14.105324
1900,0,0.000000,9.557243,7.248893,0.002967,9.612714,0.000000,0.000000,17.482451,0.059829,9.887799,3.294158,0.000000,9.944039
1901,0,0.000000,8.072369,7.858624,0.002817,15.932227,0.000000,0.000000,16.063937,0.039415,7.928399,7.851299,0.000000,15.797895
1902,0,0.000000,11.827578,4.002648,0.003723,14.554286,0.000000,0.000000,19.921475,0.041009,11.570654,7.920743,0.000000,18.365742
1903,0,0.000000,8.093816,11.812702,0.003971,19.908340,0.000000,0.000000,20.023767,0.042282,7.933133,11.792676,0.000000,19.732198
1904,0,0.000000,4.116102,3.979804,0.003359,4.457087,0.000000,0.000000,19.943252,0.040597,7.812484,7.909946,0.000000,15.759250
1905,0,0.000000,4.098267,3.974551,0.001868,8.067416,0.000000,0.000000,15.921882,0.039205,7.435217,7.814121,0.000000,15.285270
1906,0,0.000000,4.185444,3.984558,0.002673,8.171177,0.000000,0.000000,15.993606,0.047212,7.763230,7.935358,0.000000,15.733571
1907,0,0.000000,7.986873,7.909211,0.004199,15.897104,0.000000,0.000000,16.012323,0.089554,7.767528,7.898060,0.000000,15.698390
1908,0,0.000000,11.999031,3.863550,0.002214,12.040488,0.000000,0.000000,16.009290,0.068693,11.792065,3.842525,0.000000,11.896474
1909,0,0.000000,4.149198,3.719994,0.002237,4.186649,0.000000,0.000000,7.988332,0.048842,3.976186,3.705925,0.000000,4.037104
1910,0,0.000000,4.155403,3.742558,0.003710,4.196964,0.000000,0.000000,7.986678,0.036475,3.995145,3.735123,0.000000,4.048677
1911,0,0.000000,4.422578,7.469996,0.003659,7.687722,0.000000,0.000000,11.986626,0.029885,4.272283,7.453555,0.000000,8.300516
1912,0,0.000000,8.039688,7.937015,0.003885,15.980148,0.000000,0.000000,19.965985,0.027334,11.761126,7.888134,0.000000,15.771882
1913,0,0.000000,8.066592,7.827663,0.003953,15.895569,0.000000,0.000000,16.001582,0.045400,7.912171,7.749298,0.000000,15.687883
1914,0,0.000000,12.011396,7.601835,0.004756,19.617987,0.000000,0.000000,20.004552,0.045379,12.087028,7.575942,0.000000,15.857767
1915,0,0.000000,7.934419,7.884387,0.006627,15.819556,0.000000,0.000000,15.965109,0.050826,7.694185,7.868548,0.000000,15.578020
1916,0,0.000000,12.629255,3.254149,0.002290,12.694915,0.000000,0.000000,19.957301,0.035933,12.490447,7.150376,0.000000,12.527994
1917,0,0.000000,8.136882,7.766684,0.002970,15.905529,0.000000,0.000000,20.006563,0.036791,7.976097,11.720041,0.000000,19.728885
1918,0,0.000000,8.019942,7.864945,0.002812,15.885950,0.000000,0.000000,16.011527,0.044411,7.926232,7.836474,0.000000,15.786250
1919,0,0.000000,11.194721,4.704607,0.002645,11.235739,0.000000,0.000000,16.016807,0.040644,11.001444,4.697564,0.000000,14.899631
1920,0,0.000000,7.941240,3.787690,0.002661,11.250573,0.000000,0.000000,15.941791,0.122750,7.852525,7.750054,0.000000,15.588649
1921,0,0.000000,4.024692,3.975246,0.002499,7.996080,0.000000,0.000000,15.886401,0.086381,7.617617,7.929596,0.000000,15.598777
1922,0,0.000000,8.024915,7.906720,0.001954,15.933260,0.000000,0.000000,16.023208,0.033144,7.901297,7.818644,0.000000,15.665642
1923,0,0.000000,12.073767,7.770120,0.003000,19.845573,0.000000,0.000000,19.978381,0.040196,11.890682,3.743543,0.000000,11.942232
1924,0,0.000000,11.974486,7.867875,0.002185,19.844451,0.000000,0.000000,19.982293,0.052569,11.746215,3.841866,0.000000,11.827461
1925,0,0.000000,11.992017,7.904534,0.002137,19.898543,0.000000,0.000000,19.993550,0.038470,11.737891,3.921211,0.000000,11.824390
1926,0,0.000000,12.000996,7.852161,0.002592,19.855725,0.000000,0.000000,19.992619,0.048828,11.798426,3.831459,0.000000,11.851768
1927,0,0.000000,11.968513,7.886465,0.002370,19.856858,0.000000,0.000000,19.962328,0.045881,11.753293,3.860140,0.000000,11.796530
1928,0,0.000000,11.972905,7.947221,0.001728,19.921593,0.000000,0.000000,19.989924,0.035306,11.669879,7.882128,0.000000,11.820614
1929,0,0.000000,12.010089,7.867386,0.003018,12.051560,0.000000,0.000000,20.009521,0.035939,11.844199,7.854741,0.000000,15.872340
1930,0,0.000000,7.974826,4.338515,0.003129,12.314059,0.000000,0.000000,12.450934,0.029651,7.842700,4.341721,0.000000,12.193748
1931,0,0.000000,10.255160,4.797104,0.003250,10.302251,0.000000,0.000000,15.543085,0.033532,10.350366,4.775272,0.000000,10.995874
1932,0,0.000000,11.969883,3.891532,0.004090,15.841073,0.000000,0.000000,15.996091,0.040548,11.704247,3.860017,0.000000,11.844724
1933,0,0.000000,10.354843,7.916115,0.003663,14.287789,0.000000,0.000000,19.960499,0.036464,11.760984,7.905598,0.000000,15.807109
1934,0,0.000000,8.042936,8.135337,0.004413,16.182686,0.000000,0.000000,16.362254,0.043891,7.814743,8.164326,0.000000,16.022960
1935,0,0.000000,11.659164,7.819231,0.003385,11.700108,0.000000,0.000000,19.596659,0.041536,11.408707,3.961158,0.000000,11.457803
1936,0,0.000000,8.352861,7.510525,0.002249,15.864844,0.000000,0.000000,16.025266,0.060993,8.186308,3.522084,0.000000,11.745551
1937,0,0.000000,11.857673,3.873234,0.003031,11.896899,0.000000,0.000000,15.876661,0.058108,11.670334,3.848813,0.000000,11.870271
1938,0,0.000000,11.956722,7.836430,0.003353,19.794785,0.000000,0.000000,19.945381,0.052729,11.815141,3.812251,0.000000,11.879829
1939,0,0.000000,9.365120,6.496911,0.002127,9.407713,0.000000,0.000000,19.962872,0.040411,9.119624,10.430675,0.000000,10.511767
1940,0,0.000000,8.011170,7.879576,0.002249,15.891976,0.000000,0.000000,16.035948,0.037427,7.832473,7.864607,0.000000,15.726947
1941,0,0.000000,12.002086,7.855034,0.003493,19.858031,0.000000,0.000000,23.970366,0.046069,11.822528,11.810241,0.000000,19.882978
1942,0,0.000000,8.146796,7.716805,0.003448,15.867049,0.000000,0.000000,16.444939,0.035044,7.999972,7.679187,0.000000,11.792231
1943,0,0.000000,7.723634,7.636917,0.005338,15.178815,0.000000,0.000000,15.547489,1.256229,7.261260,7.654558,0.000000,13.100610
1944,0,0.000000,9.611025,6.204313,0.003305,9.671028,0.000000,0.000000,15.948534,0.040529,9.338948,6.168455,0.000000,10.084364
1945,0,0.000000,8.108791,7.788249,0.001834,15.772773,0.000000,0.000000,15.982666,0.035094,7.927795,7.739369,0.000000,15.440521
1946,0,0.000000,8.117802,6.620494,0.004226,8.173208,0.000000,0.000000,19.995655,0.035673,13.169035,2.576388,0.000000,13.201495
1947,0,0.000000,12.177391,7.923057,0.002635,20.102544,0.000000,0.000000,23.956021,3.774390,11.739084,7.892969,0.000000,16.861351
1948,0,0.000000,8.796815,8.543543,0.003194,11.279840,0.000000,0.000000,17.483650,0.033674,8.683627,8.522696,0.000000,17.232577
1949,0,0.000000,12.630229,7.832113,0.003988,20.463818,0.000000,0.000000,20.585882,0.027288,12.446591,7.814050,0.000000,20.274690
1950,0,0.000000,8.005453,7.910724,0.002133,15.913246,0.000000,0.000000,16.021848,0.038145,7.792134,7.889718,0.000000,15.718048
1951,0,0.000000,12.010067,6.732936,0.003006,12.053230,0.000000,0.000000,25.826174,0.028238,11.848942,12.550762,0.000000,13.247863
1952,0,0.000000,11.372527,6.067987,0.003144,16.282143,0.000000,0.000000,18.151728,0.031582,11.258873,5.999771,0.000000,11.292984
1953,0,0.000000,8.018978,7.853325,0.003237,8.099733,0.000000,0.000000,18.895173,2.923940,10.523415,7.830151,0.000000,11.995420
1954,0,0.000000,8.004864,7.880857,0.002900,15.886567,0.000000,0.000000,15.983989,0.038663,7.845660,7.836406,0.000000,15.719552
1955,0,0.000000,11.996191,3.240639,0.001988,12.027712,0.000000,0.000000,19.966254,0.050019,12.520831,7.164065,0.000000,15.835889
1956,0,0.000000,4.138194,3.994053,0.002311,8.133129,0.000000,0.000000,15.997058,0.029559,7.813280,7.943448,0.000000,15.782056
1957,0,0.000000,4.101755,7.961175,0.003104,8.181721,0.000000,0.000000,16.012956,0.029923,7.805104,7.962919,0.000000,15.797293
1958,0,0.000000,8.093354,7.794919,0.002238,15.890511,0.000000,0.000000,16.016691,0.028211,7.963964,7.789144,0.000000,15.779804
1959,0,0.000000,12.001581,7.260242,0.003199,19.247105,0.000000,0.000000,19.929922,0.046155,12.310654,3.255183,0.000000,12.364387
1960,0,0.000000,12.010118,8.146491,0.002642,20.137959,0.000000,0.000000,20.237368,0.040106,11.857229,7.853344,0.000000,15.846325
1961,0,0.000000,8.707271,6.980445,0.001965,14.725454,0.000000,0.000000,15.760682,0.030682,8.508503,6.952744,0.000000,15.489494
1962,0,0.000000,8.167187,7.971669,0.002970,12.167521,0.000000,0.000000,20.006491,0.025331,7.913225,3.960076,0.000000,11.896049
1963,0,0.000000,11.987976,3.903135,0.002069,12.026105,0.000000,0.000000,19.931465,0.035790,11.836291,7.828871,0.000000,11.865873
1964,0,0.000000,8.028709,7.935812,0.001990,15.966065,0.000000,0.000000,16.029914,0.020783,7.868049,7.865468,0.000000,15.718643
1965,0,0.000000,11.977474,3.401554,0.001923,15.364868,0.000000,0.000000,20.060674,0.028327,12.371513,7.327180,0.000000,15.780435
1966,0,0.000000,10.989434,4.780563,0.002117,11.783335,0.000000,0.000000,19.628701,0.030479,10.820857,8.518513,0.000000,12.402047
1967,0,0.000000,4.384162,7.941552,0.002993,12.168870,0.000000,0.000000,20.203800,0.038938,11.859138,7.918810,0.000000,19.465794
1968,0,0.000000,8.106291,7.815620,0.002238,15.918557,0.000000,0.000000,16.022876,0.029239,7.969524,7.777128,0.000000,15.773529
1969,0,0.000000,8.791829,3.037597,0.002194,8.828559,0.000000,0.000000,15.858835,0.027636,8.646551,6.955532,0.000000,11.830783
1970,0,0.000000,4.179151,3.982149,0.002403,8.156795,0.000000,0.000000,15.983540,0.027529,7.849766,7.903816,0.000000,15.628516
1971,0,0.000000,4.177254,3.976443,0.002540,8.153939,0.000000,0.000000,16.002409,0.027888,7.827339,7.917972,0.000000,15.748405
1972,0,0.000000,10.748480,7.876175,0.010899,10.779971,0.000000,0.000000,24.071639,5.318207,10.607612,7.906366,0.000000,19.907132
1973,0,0.000000,7.860868,6.452222,0.002238,7.901435,0.000000,0.000000,19.916020,0.100296,11.469409,0.021665,0.000000,11.575452
1974,0,0.000000,7.434071,7.948498,0.004047,11.416928,0.000000,0.000000,23.989001,4.642480,15.771029,7.937301,0.000000,15.881495
1975,0,0.000000,8.012863,11.896055,0.002694,19.889014,0.000000,0.000000,19.983455,0.027988,7.854469,7.911526,0.000000,15.788606
1976,0,0.000000,8.713633,4.990572,0.002038,8.758578,0.000000,0.000000,21.994149,0.033921,13.236710,8.502027,0.000000,13.265711
1977,0,0.000000,12.437696,7.838878,0.002004,20.233907,0.000000,0.000000,20.371314,0.034846,12.283136,7.814337,0.000000,20.124501
1978,0,0.000000,8.018534,7.914813,0.002659,15.935101,0.000000,0.000000,16.010669,0.025413,7.798674,7.892800,0.000000,15.708618
1979,0,0.000000,13.339183,12.678052,0.002366,13.376403,0.000000,0.000000,26.194547,0.030476,13.242444,12.655083,0.000000,19.423449
1980,0,0.000000,8.307312,11.492973,0.003214,11.673651,0.000000,0.000000,25.775705,0.038011,12.724510,12.762704,0.000000,24.744171
1981,0,0.000000,8.032646,11.853284,0.003420,17.271145,0.000000,0.000000,20.012150,0.043898,7.921229,11.842792,0.000000,19.798391
1982,0,0.000000,8.014211,7.894691,0.003292,15.911633,0.000000,0.000000,16.007494,0.033838,7.845591,7.844679,0.000000,15.710433
1983,0,0.000000,12.015751,3.880614,0.002461,12.067640,0.000000,0.000000,16.009338,0.053448,11.751051,3.832410,0.000000,11.869828
1984,0,0.000000,4.166753,3.720492,0.001761,4.210892,0.000000,0.000000,7.970509,0.028486,4.017141,3.691363,0.000000,4.039172
1985,0,0.000000,4.061158,3.795697,0.001833,4.097155,0.000000,0.000000,7.917745,0.023246,3.921329,3.767301,0.000000,7.667762
1986,0,0.000000,4.194830,7.697840,0.001636,7.854626,0.000000,0.000000,11.982392,0.018941,4.078302,7.681545,0.000000,11.746146
1987,0,0.000000,8.101872,7.934663,0.004263,12.061071,0.000000,0.000000,20.010986,0.032207,11.750939,7.943271,0.000000,15.870828
1988,0,0.000000,7.893000,3.100856,0.003241,10.978379,0.000000,0.000000,15.964352,0.114287,8.581009,7.059501,0.000000,15.697225
1989,0,0.000000,8.015295,7.867502,0.003832,15.886629,0.000000,0.000000,16.003484,0.042788,7.674248,7.808635,0.000000,15.524956
1990,0,0.000000,12.023417,7.231060,0.002208,15.284505,0.000000,0.000000,19.931125,0.042335,8.512161,7.205505,0.000000,15.610142
1991,0,0.000000,8.061136,7.938113,0.002478,12.031499,0.000000,0.000000,19.994661,0.032899,11.844245,7.898468,0.000000,15.699522
1992,0,0.000000,8.022872,7.905212,0.001901,15.928539,0.000000,0.000000,16.023127,0.032968,7.828529,7.898938,0.000000,15.754445
1993,0,0.000000,12.346411,7.557810,0.004464,12.388733,0.000000,0.000000,20.028076,0.057251,12.119444,7.567300,0.000000,16.193560
1994,0,0.000000,7.988916,7.860881,0.002579,15.852376,0.000000,0.000000,15.977422,0.057409,7.816283,7.859467,0.000000,15.730822
1995,0,0.000000,12.084016,12.575978,0.002716,12.752416,0.000000,0.000000,26.320049,0.038621,12.906153,12.550083,0.000000,22.401750
1996,0,0.000000,8.858036,5.777332,0.003064,8.911912,0.000000,0.000000,23.824909,0.035077,11.599475,11.928985,0.000000,21.850844
1997,0,0.000000,12.970427,8.591753,0.007894,13.006399,0.000000,0.000000,21.650352,0.031660,12.788506,8.563607,0.000000,16.677742
1998,0,0.000000,8.301883,7.151782,0.002015,8.336633,0.000000,0.000000,20.098142,0.040542,11.833985,7.120971,0.000000,14.930828
1999,0,0.000000,8.015301,7.172681,0.002085,15.188847,0.000000,0.000000,16.007174,0.042691,8.569554,7.110048,0.000000,15.709379
2000,0,0.000000,12.677860,7.196341,0.003256,12.714791,0.000000,0.000000,19.982598,0.026410,12.517777,7.173729,0.000000,16.521855
2001,0,0.000000,7.960778,3.504604,0.004297,11.410371,0.000000,0.000000,19.888684,0.033239,8.365307,7.403951,0.000000,11.848394
2002,0,0.000000,7.098693,3.986888,0.003278,11.072860,0.000000,0.000000,15.990679,0.030083,7.809837,7.917098,0.000000,15.750416
2003,0,0.000000,7.548023,7.901937,0.002155,15.451220,0.000000,0.000000,15.537096,1.896679,7.357302,7.875248,0.000000,15.311740
2004,0,0.000000,11.997663,11.965948,0.005205,12.186089,0.000000,0.000000,28.867149,0.593168,15.723433,12.277638,0.000000,28.027634
2005,0,0.000000,7.141879,7.863904,0.001940,14.960031,0.000000,0.000000,18.402941,0.042069,6.851859,11.151307,0.000000,18.039634
2006,0,0.000000,8.770075,12.111995,0.002346,12.345464,0.000000,0.000000,24.656946,0.036278,12.324209,12.086793,0.000000,23.743893
2007,0,0.000000,8.069811,7.880851,0.003002,15.929812,0.000000,0.000000,16.041618,0.035049,7.832392,7.863260,0.000000,15.727278
2008,0,0.000000,16.005372,7.537051,0.004523,23.546946,0.000000,0.000000,23.943065,0.029397,16.119361,7.504862,0.000000,20.130875
2009,0,0.000000,8.076732,7.878711,0.002039,15.957482,0.000000,0.000000,16.039906,0.030069,7.986879,7.816381,0.000000,15.827366
2010,0,0.000000,11.997713,6.786928,0.003361,14.801549,0.000000,0.000000,19.968167,0.039350,12.934449,2.785237,0.000000,12.965917
2011,0,0.000000,8.108496,7.823728,0.003015,15.934134,0.000000,0.000000,23.979571,7.971130,15.873669,7.798999,0.000000,23.716348
2012,0,0.000000,13.035836,6.829686,0.002396,14.945860,0.000000,0.000000,20.008846,0.034988,12.887707,6.816932,0.000000,16.961956
2013,0,0.000000,11.991951,3.871054,0.002142,12.028201,0.000000,0.000000,19.920522,0.034860,11.906144,7.798186,0.000000,15.839440
2014,0,0.000000,4.193029,3.984424,0.001957,8.167809,0.000000,0.000000,15.991784,0.022704,7.801418,7.917713,0.000000,15.741466
2015,0,0.000000,4.140607,7.951180,0.001922,12.003991,0.000000,0.000000,15.998177,0.019046,7.823336,7.925790,0.000000,15.767092
2016,0,0.000000,8.011094,7.926270,0.001957,15.937928,0.000000,0.000000,16.014162,0.026042,7.861517,7.897288,0.000000,15.777366
2017,0,0.000000,12.854163,7.925925,0.003348,12.886977,0.000000,0.000000,24.016548,0.031841,15.147196,8.533851,0.000000,16.521480
2018,0,0.000000,7.474746,7.680819,0.002002,15.091869,0.000000,0.000000,15.392599,0.055380,7.313955,7.666120,0.000000,14.998309
2019,0,0.000000,11.349180,4.509364,0.003628,11.384797,0.000000,0.000000,16.002991,0.029578,11.206575,4.484553,0.000000,15.660122
2020,0,0.000000,8.071404,3.790393,0.003630,8.096441,0.000000,0.000000,15.923737,0.039840,7.951222,7.723504,0.000000,15.664969
2021,0,0.000000,4.462603,3.993857,0.002410,8.458870,0.000000,0.000000,15.989663,0.030420,7.809849,7.868793,0.000000,15.702852
2022,0,0.000000,8.025650,7.873609,0.002784,15.901224,0.000000,0.000000,16.019495,0.063397,7.888050,7.856400,0.000000,15.797163
2023,0,0.000000,12.018241,10.601610,0.002891,12.058193,0.000000,0.000000,24.468433,0.040225,13.139720,10.594033,0.000000,21.171647
2024,0,0.000000,7.545226,7.897321,0.003050,15.445597,0.000000,0.000000,15.517052,0.030350,7.326774,7.863254,0.000000,15.200694
2025,0,0.000000,12.024366,6.688241,0.003895,12.069641,0.000000,0.000000,22.996507,0.030241,9.228609,6.995416,0.000000,15.918283
2026,0,0.000000,5.032636,4.185942,0.002268,9.086507,0.000000,0.000000,17.737648,0.083354,7.640107,8.808722,0.000000,16.491668
2027,0,0.000000,7.264410,7.852041,0.001814,15.117561,0.000000,0.000000,15.203127,0.034767,7.095260,7.788031,0.000000,14.839902
2028,0,0.000000,8.633533,3.285700,0.001997,8.671083,0.000000,0.000000,12.002138,0.024412,8.487111,3.261895,0.000000,11.738674
2029,0,0.000000,8.713949,3.206788,0.001716,8.751971,0.000000,0.000000,11.981986,0.027343,8.490984,3.187322,0.000000,8.515823
2030,0,0.000000,4.168767,3.969580,0.003143,8.139718,0.000000,0.000000,15.953797,0.019988,7.860763,7.901972,0.000000,15.778156
2031,0,0.000000,4.195439,3.987637,0.003661,8.186737,0.000000,0.000000,15.993631,0.028210,7.865512,7.920760,0.000000,15.809459
2032,0,0.000000,8.976791,3.500690,0.003564,9.028423,0.000000,0.000000,20.002270,3.208906,12.286019,7.431968,0.000000,13.567912
2033,0,0.000000,4.133426,3.951553,0.003830,8.077297,0.000000,0.000000,15.921744,0.036119,7.764228,7.843484,0.000000,15.395860
2034,0,0.000000,4.279746,3.943032,0.003087,8.221626,0.000000,0.000000,15.989835,0.041953,7.839069,7.860031,0.000000,15.505866
2035,0,0.000000,7.486762,7.784191,0.003427,15.273087,0.000000,0.000000,15.403488,0.043182,7.372726,7.747831,0.000000,15.155784
2036,0,0.000000,12.044162,3.800112,0.002226,12.085485,0.000000,0.000000,19.917790,0.044209,11.921493,7.709793,0.000000,15.723750
2037,0,0.000000,12.016740,7.883437,0.004232,19.904223,0.000000,0.000000,20.045025,0.039413,11.847782,7.875372,0.000000,15.889813
2038,0,0.000000,12.002450,6.212435,0.002786,18.216766,0.000000,0.000000,22.346305,0.037837,9.672752,8.562547,0.000000,15.899520
2039,0,0.000000,9.587844,11.922115,0.004836,17.572519,0.000000,0.000000,29.571553,0.051464,13.288709,11.994670,0.000000,17.341989
2040,0,0.000000,8.026534,7.842480,0.003029,15.869961,0.000000,0.000000,15.993390,0.039963,7.841443,7.814822,0.000000,15.687154
2041,0,0.000000,8.635828,6.123158,0.002151,8.697623,0.000000,0.000000,24.726384,0.030766,11.790676,10.813818,0.000000,15.967720
2042,0,0.000000,7.234596,7.917432,0.003288,15.154505,0.000000,0.000000,15.288282,0.053106,7.003256,7.911264,0.000000,14.958140
2043,0,0.000000,10.102703,5.767796,0.002953,10.165906,0.000000,0.000000,15.969965,0.034678,9.952747,5.687915,0.000000,13.447379
2044,0,0.000000,8.948942,5.592720,0.004145,9.646645,0.000000,0.000000,19.979094,0.036904,12.758999,1.567017,0.000000,12.806453
2045,0,0.000000,8.026830,7.936883,0.004035,15.315287,0.000000,0.000000,24.404522,3.442285,12.254276,8.915450,0.000000,17.409664
2046,0,0.000000,9.284601,5.711395,0.002025,12.567364,0.000000,0.000000,18.961083,0.038812,9.114428,9.545576,0.000000,13.516443
2047,0,0.000000,8.019961,7.899537,0.004404,15.920286,0.000000,0.000000,16.012358,0.037152,7.849395,7.871970,0.000000,15.728922
2048,0,0.000000,14.624270,13.243281,0.002275,27.869232,0.000000,0.000000,27.979947,0.028632,14.473770,13.219934,0.000000,26.486991
2049,0,0.000000,7.896176,7.915399,0.002102,15.812584,0.000000,0.000000,15.933356,0.055145,7.642564,7.895264,0.000000,15.579899
2050,0,0.000000,11.991792,2.613829,0.002172,12.042367,0.000000,0.000000,19.946764,0.042036,13.151193,6.525455,0.000000,14.408408
2051,0,0.000000,8.039756,7.877581,0.003666,15.909426,0.000000,0.000000,16.022340,0.040633,7.940926,7.846973,0.000000,15.814937
2052,0,0.000000,12.001353,7.319451,0.002515,19.322412,0.000000,0.000000,19.970261,0.030727,12.393490,7.295932,0.000000,19.713630
2053,0,0.000000,11.985366,7.455339,0.002270,19.441980,0.000000,0.000000,23.957231,0.033862,12.348334,9.571760,0.000000,20.354568
2054,0,0.000000,8.113670,7.033669,0.003299,8.158274,0.000000,0.000000,20.020127,0.039413,11.786646,7.017905,0.000000,15.806296
2055,0,0.000000,8.031528,7.970951,0.003097,15.998668,0.000000,0.000000,16.157471,0.035180,7.863392,8.002263,0.000000,15.899394
2056,0,0.000000,11.822046,3.893786,0.004738,12.980385,0.000000,0.000000,15.863719,0.063541,11.634607,3.879286,0.000000,11.913397
2057,0,0.000000,11.974818,7.863971,0.002565,19.841238,0.000000,0.000000,19.953405,0.038863,11.867605,3.835247,0.000000,11.928118
2058,0,0.000000,13.465218,6.368025,0.003901,13.507519,0.000000,0.000000,23.628667,0.039228,9.474959,10.013787,0.000000,15.846006
2059,0,0.000000,4.522384,7.976097,0.004613,12.276762,0.000000,0.000000,20.327904,0.040003,8.502107,7.952327,0.000000,15.759253
2060,0,0.000000,7.993503,7.911494,0.003958,15.908955,0.000000,0.000000,16.012085,0.064490,7.840246,7.892691,0.000000,15.765456
2061,0,0.000000,14.778086,5.073659,0.003634,14.812292,0.000000,0.000000,27.843533,0.040238,14.676996,12.919801,0.000000,15.784037
2062,0,0.000000,12.103355,11.864636,0.003149,23.970026,0.000000,0.000000,24.104157,0.063972,11.795260,3.851149,0.000000,11.860438
2063,0,0.000000,12.884794,3.027016,0.002904,12.923316,0.000000,0.000000,19.955673,0.030772,12.717868,6.935230,0.000000,12.779385
2064,0,0.000000,8.012567,7.922814,0.001823,15.936693,0.000000,0.000000,16.020585,0.029347,7.902716,7.852541,0.000000,15.623277
2065,0,0.000000,11.954945,7.895180,0.002283,19.819263,0.000000,0.000000,19.912774,0.019855,11.852630,3.870077,0.000000,15.730926
2066,0,0.000000,12.025321,7.866838,0.002762,19.893500,0.000000,0.000000,19.998896,0.024229,11.901405,3.826623,0.000000,11.929197
2067,0,0.000000,11.964914,7.929834,0.004376,19.895728,0.000000,0.000000,19.980653,0.035486,11.744146,7.871833,0.000000,15.849327
2068,0,0.000000,8.690028,3.243154,0.001851,8.723634,0.000000,0.000000,12.016311,0.029139,8.544098,3.221910,0.000000,11.790167
2069,0,0.000000,8.701666,3.198207,0.001895,8.744884,0.000000,0.000000,11.995995,0.019718,8.556271,3.147422,0.000000,11.691517
2070,0,0.000000,11.971621,7.933977,0.001918,19.907206,0.000000,0.000000,19.979048,0.027122,7.956642,7.888097,0.000000,15.870258
2071,0,0.000000,11.994413,7.852477,0.002970,19.849860,0.000000,0.000000,20.003066,0.067588,11.774294,3.839781,0.000000,11.817194
2072,0,0.000000,11.945310,3.826757,0.002821,12.003793,0.000000,0.000000,15.991601,0.103474,8.057575,3.791117,0.000000,11.940592
2073,0,0.000000,4.177317,3.678465,0.003093,4.220938,0.000000,0.000000,7.970407,0.032680,4.101591,3.666399,0.000000,7.793713
2074,0,0.000000,4.089264,3.826831,0.002869,4.127250,0.000000,0.000000,7.994967,0.028168,3.974467,3.806086,0.000000,7.801009
2075,0,0.000000,4.147794,3.752445,0.002049,4.185694,0.000000,0.000000,7.981956,0.026212,4.077606,3.718403,0.000000,7.818505
2076,0,0.000000,8.021588,7.909595,0.002116,15.933128,0.000000,0.000000,16.005577,0.026484,4.033016,7.848567,0.000000,8.012857
2077,0,0.000000,8.670073,3.247912,0.003141,8.703118,0.000000,0.000000,15.950897,0.027972,7.672035,7.178167,0.000000,14.878174
2078,0,0.000000,4.201603,3.969484,0.002778,8.169891,0.000000,0.000000,15.989646,0.029982,7.840383,7.902017,0.000000,15.688048
2079,0,0.000000,4.138820,12.577264,0.003120,12.869038,0.000000,0.000000,26.504447,4.016236,13.682578,12.546399,0.000000,19.718706
2080,0,0.000000,9.536301,7.911373,0.004442,9.584284,0.000000,0.000000,21.479797,0.035619,13.246796,7.882040,0.000000,21.156514
2081,0,0.000000,7.425456,7.854574,0.002533,15.282114,0.000000,0.000000,15.405646,0.056569,7.344862,4.024763,0.000000,8.033627
2082,0,0.000000,15.802840,12.011386,0.003918,15.846730,0.000000,0.000000,27.954824,0.027680,15.730744,11.990341,0.000000,23.748520
2083,0,0.000000,8.032865,7.825224,0.002179,15.853630,0.000000,0.000000,16.007393,0.030472,7.947389,7.807581,0.000000,15.777268
2084,0,0.000000,12.489279,7.383445,0.002997,19.873950,0.000000,0.000000,20.001585,0.037799,12.306154,7.370803,0.000000,16.345648
2085,0,0.000000,8.042975,7.841459,0.003120,15.885974,0.000000,0.000000,15.991493,0.040440,7.788354,7.795484,0.000000,15.616761
2086,0,0.000000,12.083841,3.965930,0.002133,16.033488,0.000000,0.000000,23.950333,0.038984,15.720662,7.895372,0.000000,15.825498
2087,0,0.000000,8.020299,7.868845,0.001891,15.884363,0.000000,0.000000,16.019055,0.066417,7.813815,7.842509,0.000000,15.699785
2088,0,0.000000,12.005800,7.038276,0.003170,12.053628,0.000000,0.000000,19.988549,0.045336,9.859779,7.014192,0.000000,15.865971
2089,0,0.000000,7.994173,7.869291,0.001942,15.864351,0.000000,0.000000,15.994973,0.038689,7.849016,7.857006,0.000000,15.726189
2090,0,0.000000,12.061463,3.805222,0.002504,12.107765,0.000000,0.000000,15.994245,0.043844,11.824670,3.771884,0.000000,11.881280
2091,0,0.000000,4.257551,3.631112,0.002160,4.292616,0.000000,0.000000,7.994139,0.034910,4.107530,3.610649,0.000000,4.156220
2092,0,0.000000,4.153940,3.750229,0.003204,4.188912,0.000000,0.000000,7.993972,0.025942,4.006341,3.734821,0.000000,4.058567
2093,0,0.000000,4.147241,3.763644,0.001770,4.185099,0.000000,0.000000,7.996940,0.029582,4.044441,3.748034,0.000000,4.099449
2094,0,0.000000,4.155156,3.739573,0.003171,4.192729,0.000000,0.000000,7.972654,0.033134,4.058689,3.709839,0.000000,4.091871
2095,0,0.000000,4.160632,3.808629,0.002181,4.199599,0.000000,0.000000,8.049678,0.023373,4.039940,3.793007,0.000000,4.105147
2096,0,0.000000,4.098521,3.985296,0.003134,8.084980,0.000000,0.000000,15.896631,0.037012,7.716036,7.925030,0.000000,15.669896
2097,0,0.000000,4.133949,4.176875,0.002443,8.266983,0.000000,0.000000,15.913621,0.037193,7.713876,7.927481,0.000000,15.671021
2098,0,0.000000,7.983977,7.927366,0.002457,15.911621,0.000000,0.000000,16.083386,0.042913,7.776615,7.972931,0.000000,15.789811
2099,0,0.000000,11.963558,13.036411,0.002284,13.210092,0.000000,0.000000,26.319784,0.037493,13.027618,2.619886,0.000000,13.067524
2100,0,0.000000,5.898751,6.121875,0.002897,11.665844,0.000000,0.000000,25.557467,0.063740,11.728225,11.676604,0.000000,23.353006
2101,0,0.000000,11.645160,4.208037,0.003620,12.167090,0.000000,0.000000,23.969900,0.054274,11.536377,11.982668,0.000000,15.746128
2102,0,0.000000,10.590293,5.275391,0.003200,13.585315,0.000000,0.000000,16.005774,0.039571,8.052104,5.271188,0.000000,13.081656
2103,0,0.000000,15.968635,7.785669,0.005853,23.750565,0.000000,0.000000,23.955381,0.042396,15.831787,3.795790,0.000000,15.911539
2104,0,0.000000,7.991508,7.878698,0.005303,15.855530,0.000000,0.000000,15.969216,0.041536,7.721739,3.855371,0.000000,11.603210
2105,0,0.000000,14.522203,5.342278,0.006317,14.549916,0.000000,0.000000,20.049054,0.041735,14.313097,5.337442,0.000000,15.656492
2106,0,0.000000,8.144135,7.669627,0.002875,15.641837,0.000000,0.000000,15.944037,0.034623,8.002648,7.658508,0.000000,15.690938
2107,0,0.000000,12.847409,2.993628,0.003594,12.905818,0.000000,0.000000,15.984863,0.033294,12.709594,0.028753,0.000000,12.741497
2108,0,0.000000,4.198070,3.961695,0.002840,8.161397,0.000000,0.000000,15.977913,3.990787,7.787631,0.021066,0.000000,11.660723
2109,0,0.000000,4.284198,3.978705,0.003464,8.141316,0.000000,0.000000,15.987774,3.990072,7.815066,0.006493,0.000000,11.728136
2110,0,0.000000,8.247811,3.730454,0.003318,8.302419,0.000000,0.000000,16.038569,4.024460,8.012181,7.602042,0.000000,15.447055
2111,0,0.000000,4.204326,7.193536,0.003614,7.445132,0.000000,0.000000,15.997131,0.037565,8.539607,7.169205,0.000000,15.682524
2112,0,0.000000,7.990710,7.933859,0.002112,15.925409,0.000000,0.000000,16.891900,0.030020,7.836796,7.920294,0.000000,15.772343
2113,0,0.000000,7.056141,3.895620,0.003440,7.168456,0.000000,0.000000,14.991290,0.032634,6.888060,7.805521,0.000000,10.780303
2114,0,0.000000,8.052794,7.842472,0.004258,15.897905,0.000000,0.000000,16.019130,0.030023,7.937865,7.836880,0.000000,15.801250
2115,0,0.000000,8.137069,7.660180,0.001960,8.289485,0.000000,0.000000,15.915464,0.034227,8.029917,3.656488,0.000000,11.677740
2116,0,0.000000,12.046853,7.408790,0.003395,15.437358,0.000000,0.000000,20.019679,0.046219,12.364778,7.390969,0.000000,16.263837
2117,0,0.000000,8.032183,7.801296,0.003263,15.832573,0.000000,0.000000,16.385269,0.074739,7.929706,8.077759,0.000000,16.069592
2118,0,0.000000,12.872671,13.133008,0.004613,13.338151,0.000000,0.000000,26.628564,0.397880,13.155017,13.158390,0.000000,22.769244
2119,0,0.000000,12.916442,3.769320,0.004200,12.956491,0.000000,0.000000,20.831602,0.040872,12.734360,7.686739,0.000000,19.114673
2120,0,0.000000,4.194910,3.915182,0.003581,8.100112,0.000000,0.000000,15.952223,0.036989,7.701889,7.860927,0.000000,15.581319
2121,0,0.000000,4.188471,4.463902,0.003693,8.600449,0.000000,0.000000,17.367742,0.049352,7.736691,9.284279,0.000000,15.668135
2122,0,0.000000,6.700205,7.748842,0.002800,14.435457,0.000000,0.000000,14.644202,0.033779,6.581463,7.746107,0.000000,14.358405
2123,0,0.000000,11.984070,12.447279,0.005094,16.606022,0.000000,0.000000,27.996255,0.086407,15.189898,12.440975,0.000000,18.256342
2124,0,0.000000,8.070091,7.873130,0.004501,15.838764,0.000000,0.000000,16.067835,0.046912,7.883399,7.778680,0.000000,15.704889
2125,0,0.000000,12.521739,7.060779,0.003111,12.558307,0.000000,0.000000,19.856266,0.067455,12.382080,3.034747,0.000000,12.455406
2126,0,0.000000,8.007208,7.860515,0.002671,15.841894,0.000000,0.000000,15.967837,0.034928,7.858901,4.942198,0.000000,11.731380
2127,0,0.000000,11.270936,8.572580,0.003440,11.315955,0.000000,0.000000,19.988155,0.030063,11.157741,4.602446,0.000000,15.193840
2128,0,0.000000,8.067008,7.810990,0.003067,15.869562,0.000000,0.000000,16.078777,0.040929,7.870587,7.808054,0.000000,15.719570
2129,0,0.000000,11.929244,6.777366,0.002846,12.005626,0.000000,0.000000,19.876391,0.035791,11.770785,2.690977,0.000000,11.817806
2130,0,0.000000,4.712674,4.917448,0.003546,5.145914,0.000000,0.000000,15.943719,6.217918,6.846662,4.893687,0.000000,15.629347
2131,0,0.000000,4.276404,3.977789,0.003132,8.249165,0.000000,0.000000,16.011871,3.975110,7.812767,7.912872,0.000000,15.750430
2132,0,0.000000,4.305356,3.880553,0.003299,8.170451,0.000000,0.000000,15.991704,0.075327,7.803832,7.812522,0.000000,15.691681
2133,0,0.000000,7.899102,7.862562,0.002149,15.763124,0.000000,0.000000,15.963542,0.091246,7.738227,7.804152,0.000000,15.617268
2134,0,0.000000,11.995743,7.000027,0.003999,12.057782,0.000000,0.000000,19.967116,0.078359,12.551104,6.980831,0.000000,16.565118
2135,0,0.000000,8.064606,7.837991,0.005195,15.874761,0.000000,0.000000,16.053455,0.057671,7.790068,7.838345,0.000000,15.484920
2136,0,0.000000,12.831007,2.978304,0.004525,12.860711,0.000000,0.000000,19.908515,0.051761,12.669620,6.898540,0.000000,12.731416
2137,0,0.000000,7.997428,6.753188,0.004093,13.867467,0.000000,0.000000,21.205237,0.050685,7.874529,9.191968,0.000000,15.144674
2138,0,0.000000,12.293291,7.729151,0.003586,15.991662,0.000000,0.000000,22.788985,2.623172,12.156911,7.724614,0.000000,19.924481
2139,0,0.000000,7.981429,7.845798,0.002754,15.828045,0.000000,0.000000,16.000236,0.042795,7.818785,7.839000,0.000000,15.688937
2140,0,0.000000,12.016587,3.784164,0.002326,12.062061,0.000000,0.000000,16.004275,0.040755,11.856440,3.771804,0.000000,11.914371
2141,0,0.000000,4.143540,3.702908,0.003145,4.188663,0.000000,0.000000,7.976805,0.038237,4.010227,3.680149,0.000000,4.056434
2142,0,0.000000,4.299158,3.974347,0.005683,4.347484,0.000000,0.000000,8.407064,0.038722,4.174666,3.952337,0.000000,4.377770
2143,0,0.000000,3.796580,3.640913,0.005866,4.029218,0.000000,0.000000,7.566923,0.037119,3.658485,3.627508,0.000000,3.855414
2144,0,0.000000,4.317404,7.466500,0.002951,11.785151,0.000000,0.000000,11.994964,0.033606,4.222116,3.469827,0.000000,4.276827
2145,0,0.000000,11.067213,3.861250,0.003871,14.919851,0.000000,0.000000,23.052608,0.035378,14.915836,7.768474,0.000000,22.717550
2146,0,0.000000,8.170930,6.920218,0.003525,11.104157,0.000000,0.000000,23.978747,0.072031,12.725467,10.886100,0.000000,16.777399
2147,0,0.000000,7.994958,7.874904,0.002287,15.867816,0.000000,0.000000,16.005453,0.045302,7.846286,7.855147,0.000000,15.741211
2148,0,0.000000,12.656467,3.197046,0.004187,12.700032,0.000000,0.000000,20.297422,0.034158,12.500229,7.181690,0.000000,19.597251
2149,0,0.000000,7.659666,7.874224,0.004820,15.537740,0.000000,0.000000,15.738516,0.051813,7.457048,7.862928,0.000000,15.356508
2150,0,0.000000,11.943423,9.483299,0.006326,11.989235,0.000000,0.000000,27.964569,0.039382,7.957008,12.844254,0.000000,19.902791
2151,0,0.000000,7.431537,7.782348,0.003294,15.216709,0.000000,0.000000,15.419420,0.109766,7.245972,7.790679,0.000000,15.076194
2152,0,0.000000,13.824418,5.738192,0.005690,13.885770,0.000000,0.000000,24.374170,0.071234,13.848570,10.137681,0.000000,17.931363
2153,0,0.000000,7.546583,7.814793,0.003317,15.360450,0.000000,0.000000,15.527059,0.083748,7.349634,7.798365,0.000000,15.231703
2154,0,0.000000,12.036587,7.891009,0.040768,15.945629,0.000000,0.000000,24.044069,0.039079,11.866417,7.889566,0.000000,19.779546
2155,0,0.000000,8.208128,7.033786,0.003297,15.244277,0.000000,0.000000,15.964746,0.047056,8.124864,7.034208,0.000000,15.206128
2156,0,0.000000,12.003912,12.528468,0.004149,13.118317,0.000000,0.000000,27.971124,0.043826,15.098715,12.512419,0.000000,23.973546
2157,0,0.000000,7.935622,7.877987,0.003598,15.816137,0.000000,0.000000,15.960247,0.038145,7.759201,7.872653,0.000000,15.659851
2158,0,0.000000,13.283788,6.550069,0.003907,15.819303,0.000000,0.000000,25.776380,0.031967,13.132234,12.310023,0.000000,21.512243
2159,0,0.000000,12.765815,5.307576,0.003606,12.815325,0.000000,0.000000,25.795206,0.035230,12.615222,12.874717,0.000000,21.647722
2160,0,0.000000,12.411879,3.871668,0.002364,12.449766,0.000000,0.000000,22.089326,0.033584,12.183185,7.813257,0.000000,19.917157
2161,0,0.000000,6.324955,7.791758,0.003265,7.996139,0.000000,0.000000,14.193729,0.030038,5.940522,7.729148,0.000000,13.699372
2162,0,0.000000,8.012902,7.880370,0.001690,15.894903,0.000000,0.000000,15.988762,0.036680,7.803714,7.866945,0.000000,15.694810
2163,0,0.000000,12.028047,8.579863,0.003637,12.067680,0.000000,0.000000,22.919155,0.024213,10.179155,0.011217,0.000000,10.205349
2164,0,0.000000,13.159425,7.805841,0.001995,20.893603,0.000000,0.000000,21.058544,0.028134,13.003186,7.785979,0.000000,19.485183
2165,0,0.000000,12.041929,6.565826,0.003251,12.088621,0.000000,0.000000,23.966975,0.024810,9.271896,10.479994,0.000000,18.496376
2166,0,0.000000,8.001778,7.934890,0.002279,15.927450,0.000000,0.000000,16.031398,0.043771,7.883668,7.911278,0.000000,15.832117
2167,0,0.000000,12.007831,3.846966,0.003340,12.055028,0.000000,0.000000,15.976243,0.033025,11.920786,3.814349,0.000000,11.959846
2168,0,0.000000,4.271804,3.636689,0.003648,4.311463,0.000000,0.000000,7.993985,0.030125,4.127089,3.610004,0.000000,4.164579
2169,0,0.000000,12.097058,3.758379,0.002361,12.162374,0.000000,0.000000,16.000978,0.027508,12.037714,3.709448,0.000000,12.069650
2170,0,0.000000,4.305605,3.553632,0.003733,4.361461,0.000000,0.000000,7.975840,0.044206,4.186880,3.520223,0.000000,4.239830
2171,0,0.000000,8.025940,7.888497,0.002630,15.915679,0.000000,0.000000,16.003359,0.029345,7.876618,7.878564,0.000000,15.779176
2172,0,0.000000,8.721717,7.147611,0.002767,8.759866,0.000000,0.000000,15.960724,0.029082,8.610588,7.132672,0.000000,15.708995
2173,0,0.000000,8.029174,7.395479,0.002129,15.425698,0.000000,0.000000,15.991786,0.032265,7.859346,7.322512,0.000000,15.205533
2174,0,0.000000,12.004308,3.907204,0.004027,12.043682,0.000000,0.000000,16.009601,0.024319,11.853515,3.883491,0.000000,15.733809
2175,0,0.000000,4.130595,3.778536,0.003710,4.168510,0.000000,0.000000,7.999827,0.031475,3.941701,3.769033,0.000000,7.727735
2176,0,0.000000,4.090786,3.807671,0.001974,4.125497,0.000000,0.000000,7.976457,0.025810,3.993131,3.789327,0.000000,7.801880
2177,0,0.000000,4.060283,3.784659,0.001703,4.091955,0.000000,0.000000,7.913609,0.018840,3.992513,3.767101,0.000000,7.774529
2178,0,0.000000,4.081978,3.846302,0.001664,4.115729,0.000000,0.000000,7.989601,0.020290,4.000650,3.827513,0.000000,7.844324
2179,0,0.000000,4.099660,3.839342,0.001815,4.129139,0.000000,0.000000,7.994034,0.018168,4.022156,3.807725,0.000000,7.841873
2180,0,0.000000,7.973699,7.942655,0.001399,15.917627,0.000000,0.000000,19.891162,0.018750,7.900520,11.832309,0.000000,15.843622
2181,0,0.000000,12.124344,7.940498,0.042634,20.107476,0.000000,0.000000,20.241377,0.030854,12.057477,7.967253,0.000000,20.041019
2182,0,0.000000,7.902612,7.878740,0.003762,15.720871,0.000000,0.000000,15.886707,0.045186,7.692823,7.873573,0.000000,15.528079
2183,0,0.000000,13.184164,6.650482,0.003155,13.216725,0.000000,0.000000,19.935388,0.034180,12.955778,2.663827,0.000000,13.026715
2184,0,0.000000,8.120837,7.752948,0.002801,15.763859,0.000000,0.000000,16.004948,0.044318,8.015412,4.001822,0.000000,11.803510
2185,0,0.000000,11.887249,4.048972,0.003594,15.874153,0.000000,0.000000,19.965421,0.034266,11.770452,7.912232,0.000000,15.773554
2186,0,0.000000,8.003228,7.796455,0.004529,15.804212,0.000000,0.000000,15.981071,0.066196,7.814742,7.594034,0.000000,15.166016
2187,0,0.000000,11.666623,4.133514,0.003814,11.746507,0.000000,0.000000,16.001824,0.041519,11.577008,4.073118,0.000000,11.630918
2188,0,0.000000,8.115217,3.957728,0.003632,12.073967,0.000000,0.000000,15.996579,0.073530,11.795338,0.031298,0.000000,11.866266
2189,0,0.000000,7.996405,7.872022,0.004534,15.869530,0.000000,0.000000,19.948086,4.024047,7.760989,0.048361,0.000000,8.029104
2190,0,0.000000,4.158981,3.895349,0.003440,8.055824,0.000000,0.000000,12.013149,0.059514,7.704967,0.025868,0.000000,7.752769
2191,0,0.000000,4.282131,3.976481,0.002396,8.243356,0.000000,0.000000,15.971918,3.993426,7.794859,0.014436,0.000000,7.849069
2192,0,0.000000,4.131203,3.916542,0.003217,8.044005,0.000000,0.000000,15.993463,4.018596,7.755993,0.030071,0.000000,7.957711
2193,0,0.000000,4.241544,3.964197,0.002332,8.203070,0.000000,0.000000,15.910467,3.973024,7.723519,0.013163,0.000000,7.835629
2194,0,0.000000,4.695587,7.827812,0.004143,12.525209,0.000000,0.000000,20.004254,3.999372,7.961534,4.012698,0.000000,8.391203
2195,0,0.000000,7.986136,7.873796,0.003717,15.862291,0.000000,0.000000,16.043566,0.044126,7.835352,7.897088,0.000000,15.776339
2196,0,0.000000,15.913569,7.767692,0.003923,15.957518,0.000000,0.000000,23.891865,0.062512,15.708342,7.736109,0.000000,15.807116
2197,0,0.000000,8.147883,7.723298,0.004030,15.875211,0.000000,0.000000,16.049296,0.040914,8.048200,7.730255,0.000000,15.819369
2198,0,0.000000,12.069403,7.590839,0.002902,19.649882,0.000000,0.000000,19.970792,0.042018,11.980597,7.583671,0.000000,16.022266
2199,0,0.000000,15.680026,4.431966,0.002668,16.438586,0.000000,0.000000,20.263263,0.042742,15.553796,0.030094,0.000000,15.602327
2200,0,0.000000,12.831301,6.825495,0.003896,12.884167,0.000000,0.000000,31.457662,5.678461,18.261774,12.897543,0.000000,30.247587
2201,0,0.000000,8.062198,6.053798,0.004883,14.118168,0.000000,0.000000,17.859417,0.044967,7.908052,6.959659,0.000000,14.588451
2202,0,0.000000,13.258645,12.604067,0.007507,13.292724,0.000000,0.000000,26.227410,0.055519,13.130727,12.788257,0.000000,25.389835
2203,0,0.000000,8.439945,6.315815,0.003457,14.758479,0.000000,0.000000,19.734865,0.052178,7.872488,10.251584,0.000000,18.173393
2204,0,0.000000,13.589794,7.494209,0.005054,21.086611,0.000000,0.000000,21.963061,2.141151,13.479962,7.497802,0.000000,17.933982
2205,0,0.000000,8.009846,11.836060,0.003796,19.849702,0.000000,0.000000,20.038232,0.059547,7.782287,11.844911,0.000000,19.668355
2206,0,0.000000,10.049695,5.767186,0.002480,10.092631,0.000000,0.000000,16.002944,0.057535,9.746043,5.767749,0.000000,15.567311
2207,0,0.000000,8.052159,3.748788,0.002115,8.095999,0.000000,0.000000,19.907266,0.042871,7.896605,7.999660,0.000000,15.474665
2208,0,0.000000,6.190763,7.433772,0.006568,13.629659,0.000000,0.000000,14.535455,0.051861,6.547967,7.670100,0.000000,14.267829
2209,0,0.000000,9.459268,4.215003,0.003997,9.509311,0.000000,0.000000,22.128326,0.045193,9.749678,8.009415,0.000000,13.670763
2210,0,0.000000,8.022801,4.893736,0.004848,8.985802,0.000000,0.000000,13.169782,0.047945,7.871891,0.922951,0.000000,8.240081
2211,0,0.000000,11.208650,7.563064,0.003897,11.685298,0.000000,0.000000,24.035194,0.931255,12.343403,7.546620,0.000000,16.856541
2212,0,0.000000,8.130294,7.905834,0.004256,16.037806,0.000000,0.000000,17.130416,0.041781,7.741042,8.850320,0.000000,15.669993
2213,0,0.000000,10.917535,7.617971,0.004449,18.537287,0.000000,0.000000,18.838979,0.193240,10.838905,7.595473,0.000000,15.980706
2214,0,0.000000,12.156350,7.685239,0.003700,19.843470,0.000000,0.000000,19.997780,0.039895,11.891363,7.669896,0.000000,15.937274
2215,0,0.000000,12.021944,3.857572,0.003281,13.315265,0.000000,0.000000,15.994576,0.038773,11.766115,3.807887,0.000000,11.814812
2216,0,0.000000,12.585363,7.155719,0.001966,19.743048,0.000000,0.000000,19.966018,0.041607,12.408325,3.147234,0.000000,12.459248
2217,0,0.000000,11.974452,7.472878,0.003599,19.449118,0.000000,0.000000,19.992611,0.033857,12.130385,5.538360,0.000000,14.256023
2218,0,0.000000,11.964031,7.847595,0.005516,19.815573,0.000000,0.000000,19.985292,0.040609,11.564638,4.506068,0.000000,12.110883
2219,0,0.000000,11.978928,7.771635,0.004879,19.755442,0.000000,0.000000,19.971900,0.078031,10.850249,3.739714,0.000000,10.930492
2220,0,0.000000,10.206351,5.602156,0.002973,10.317035,0.000000,0.000000,19.959842,0.232001,8.573858,9.544638,0.000000,14.458945
2221,0,0.000000,8.089240,7.770566,0.003381,15.850649,0.000000,0.000000,16.051216,0.045008,7.911367,7.770137,0.000000,15.715015
2222,0,0.000000,12.019828,7.757200,0.003318,19.779312,0.000000,0.000000,19.945689,0.095382,11.780560,7.740016,0.000000,16.407734
2223,0,0.000000,7.986681,7.897338,0.003591,15.885209,0.000000,0.000000,15.964209,0.035441,7.622000,7.830714,0.000000,15.488142
2224,0,0.000000,12.068745,2.990581,0.003162,15.061508,0.000000,0.000000,16.063444,0.032472,12.816947,0.069952,0.000000,12.915000
2225,0,0.000000,7.998092,7.886110,0.004064,15.885461,0.000000,0.000000,19.808699,3.850367,11.608502,3.874454,0.000000,11.662158
2226,0,0.000000,11.126066,7.893589,0.003437,19.021476,0.000000,0.000000,19.985694,0.882479,10.883341,3.880362,0.000000,12.660877
2227,0,0.000000,7.990083,7.895323,0.002640,15.888046,0.000000,0.000000,16.027807,0.107488,4.627031,7.895100,0.000000,11.933138
2228,0,0.000000,12.553425,3.314569,0.002483,12.617525,0.000000,0.000000,19.950251,0.039199,8.489952,7.217215,0.000000,15.746366
2229,0,0.000000,8.026634,7.899087,0.003054,11.960576,0.000000,0.000000,19.984247,0.037123,7.718943,7.865092,0.000000,11.926096
2230,0,0.000000,8.028238,7.900564,0.001982,15.921519,0.000000,0.000000,16.015321,0.032009,7.922918,7.876898,0.000000,15.822896
2231,0,0.000000,12.856238,3.055008,0.004294,15.038271,0.000000,0.000000,19.963902,0.031654,12.656475,6.949374,0.000000,15.838004
2232,0,0.000000,8.060432,7.825696,0.003555,15.805819,0.000000,0.000000,15.990700,0.044423,7.854094,7.820077,0.000000,15.711870
2233,0,0.000000,11.970963,8.514099,0.002969,12.028139,0.000000,0.000000,22.974437,0.033422,13.868040,8.475299,0.000000,18.417114
2234,0,0.000000,12.507630,7.978362,0.004318,12.545018,0.000000,0.000000,21.009243,0.035337,12.714253,7.966652,0.000000,15.816342
2235,0,0.000000,12.004216,7.884538,0.003022,15.914345,0.000000,0.000000,23.950684,0.039783,14.441521,7.872083,0.000000,18.440007
2236,0,0.000000,7.960577,7.804333,0.003217,15.766730,0.000000,0.000000,20.245555,0.062702,7.829367,8.265561,0.000000,15.605699
2237,0,0.000000,8.846272,5.479699,0.004448,12.416200,0.000000,0.000000,20.525798,0.563754,8.602300,11.541913,0.000000,20.175572
2238,0,0.000000,13.103544,8.580980,0.003892,13.296640,0.000000,0.000000,24.550687,0.046642,12.916194,11.129117,0.000000,21.480004
2239,0,0.000000,11.259584,8.591867,0.004037,11.317964,0.000000,0.000000,24.649516,0.040838,10.973862,11.560965,0.000000,16.998137
2240,0,0.000000,12.447573,7.871942,0.003600,20.323115,0.000000,0.000000,20.457843,0.044281,12.228932,7.832429,0.000000,20.104439
2241,0,0.000000,12.141634,5.013349,0.003777,12.191052,0.000000,0.000000,19.954190,0.044572,13.991311,5.000514,0.000000,15.132754
2242,0,0.000000,11.975143,7.924915,0.004064,13.695906,0.000000,0.000000,27.934663,0.043692,18.804059,6.503467,0.000000,18.866427
2243,0,0.000000,13.578377,5.909111,0.004355,13.992772,0.000000,0.000000,23.957412,0.886873,15.344375,7.309629,0.000000,16.322921
2244,0,0.000000,12.651314,12.519987,0.004068,12.696000,0.000000,0.000000,27.983794,3.989599,12.530304,12.499986,0.000000,21.310015
2245,0,0.000000,11.991700,7.915903,0.006140,15.963430,0.000000,0.000000,24.064454,0.367998,11.881580,7.909243,0.000000,16.214763
2246,0,0.000000,8.281008,7.458723,0.002116,15.737386,0.000000,0.000000,15.910957,0.048959,4.334306,7.462435,0.000000,11.368314
2247,0,0.000000,16.009885,7.774795,0.004161,23.778198,0.000000,0.000000,27.923261,0.040705,15.872772,7.985649,0.000000,19.906864
2248,0,0.000000,12.038278,13.102226,0.005054,21.081940,0.000000,0.000000,36.025615,0.098846,14.701577,13.097655,0.000000,26.813943
2249,0,0.000000,8.029497,7.828202,0.006328,15.845441,0.000000,0.000000,16.005155,0.041210,7.901287,7.819799,0.000000,15.751355
2250,0,0.000000,16.008014,7.815216,0.005624,23.821230,0.000000,0.000000,24.049067,0.037460,15.844925,7.798283,0.000000,19.884396
2251,0,0.000000,11.924019,12.047590,0.003794,20.094463,0.000000,0.000000,35.887486,0.090122,8.407733,12.014093,0.000000,20.468497
2252,0,0.000000,7.280460,7.837824,0.003734,15.044099,0.000000,0.000000,15.256100,0.046343,7.164191,7.832428,0.000000,15.037018
2253,0,0.000000,16.171974,7.571321,0.003964,23.737079,0.000000,0.000000,23.880976,0.042339,14.375499,7.561487,0.000000,16.214056
2254,0,0.000000,10.126367,5.763920,0.003901,13.949497,0.000000,0.000000,16.011702,0.041257,9.817514,5.727973,0.000000,15.586744
2255,0,0.000000,16.032856,12.056708,0.007251,28.086255,0.000000,0.000000,39.788631,0.037766,16.427464,12.003965,0.000000,24.232918
2256,0,0.000000,12.245089,7.778313,0.002453,20.025547,0.000000,0.000000,20.195964,0.047887,12.091928,7.777035,0.000000,19.655124
2257,0,0.000000,12.619380,7.089871,0.003431,12.670990,0.000000,0.000000,19.865954,0.050574,12.466749,3.982107,0.000000,16.493597
2258,0,0.000000,7.891620,7.975515,0.001736,15.868362,0.000000,0.000000,15.994664,0.150081,7.624428,4.065158,0.000000,8.113421
2259,0,0.000000,12.749267,7.887894,0.003448,20.640609,0.000000,0.000000,23.917825,0.054606,15.620263,7.849780,0.000000,23.510077
2260,0,0.000000,8.041350,7.849271,0.003079,15.888859,0.000000,0.000000,16.025489,0.035479,7.895691,7.830065,0.000000,15.753563
2261,0,0.000000,15.973505,7.843186,0.003561,23.810527,0.000000,0.000000,23.968101,0.033197,15.811168,7.837037,0.000000,23.661366
2262,0,0.000000,8.059275,7.809777,0.002782,15.862250,0.000000,0.000000,16.007773,0.038180,7.969693,7.804801,0.000000,15.804766
2263,0,0.000000,13.478098,8.524650,0.004123,13.512811,0.000000,0.000000,24.158253,0.047162,14.357378,9.498407,0.000000,14.395935
2264,0,0.000000,7.825715,7.845332,0.002695,15.663476,0.000000,0.000000,15.799412,0.050922,7.664664,7.817765,0.000000,15.503459
2265,0,0.000000,11.946522,10.690040,0.003620,11.977193,0.000000,0.000000,23.992003,0.035092,11.734092,2.680129,0.000000,11.934703
2266,0,0.000000,15.965227,12.987239,0.003807,28.954511,0.000000,0.000000,29.098361,0.031695,11.993049,7.815183,0.000000,19.834808
2267,0,0.000000,10.864699,5.778784,0.002952,10.909890,0.000000,0.000000,25.581091,0.047740,12.785441,10.758998,0.000000,15.707684
2268,0,0.000000,9.270598,5.367978,0.003161,9.314114,0.000000,0.000000,20.432716,0.058278,11.524388,7.201141,0.000000,18.776326
2269,0,0.000000,12.773035,7.917739,0.003367,20.692337,0.000000,0.000000,20.813439,0.043423,12.496129,7.912276,0.000000,19.900922
2270,0,0.000000,12.028966,7.934625,0.003637,19.964525,0.000000,0.000000,23.939272,0.042882,12.147099,7.912907,0.000000,16.153070
2271,0,0.000000,8.096772,7.837651,0.002368,15.918606,0.000000,0.000000,16.034293,0.026002,7.860410,7.814010,0.000000,15.699195
2272,0,0.000000,9.030191,2.849089,0.002023,10.863621,0.000000,0.000000,11.986197,0.033953,7.935669,2.803627,0.000000,7.964603
2273,0,0.000000,4.055388,3.703812,0.003225,4.123935,0.000000,0.000000,7.846852,0.141120,3.811438,3.674955,0.000000,3.956328
2274,0,0.000000,4.140287,3.759241,0.003205,4.173593,0.000000,0.000000,7.993213,0.030204,4.016249,3.721743,0.000000,4.046367
2275,0,0.000000,4.102425,3.840412,0.004095,4.142933,0.000000,0.000000,8.003830,0.030749,3.966959,3.800386,0.000000,3.997318
2276,0,0.000000,4.122220,3.782125,0.001828,4.153328,0.000000,0.000000,7.966347,0.029199,4.012163,3.751436,0.000000,4.053856
2277,0,0.000000,4.119068,3.819496,0.001405,4.158779,0.000000,0.000000,8.010097,0.027003,4.049634,3.762257,0.000000,4.075365
2278,0,0.000000,4.087678,3.836918,0.003066,4.133165,0.000000,0.000000,8.008931,0.022181,4.000405,3.827107,0.000000,4.063096
2279,0,0.000000,3.978062,4.085683,0.001802,4.288864,0.000000,0.000000,8.105152,0.061073,3.797699,3.805090,0.000000,3.883496
2280,0,0.000000,3.831599,3.861942,0.003140,4.044881,0.000000,0.000000,7.773340,0.026785,3.715113,3.840162,0.000000,3.887022
2281,0,0.000000,4.160419,3.978804,0.002038,8.128664,0.000000,0.000000,15.946562,0.032734,7.751745,7.891685,0.000000,15.673744
2282,0,0.000000,11.328527,4.536745,0.002839,11.370024,0.000000,0.000000,15.987089,0.038546,11.223959,0.726508,0.000000,11.260253
2283,0,0.000000,8.230119,3.675281,0.002588,8.282608,0.000000,0.000000,12.026258,0.040490,8.124524,3.642530,0.000000,11.770429
2284,0,0.000000,11.963725,7.893466,0.018447,19.875638,0.000000,0.000000,19.982980,0.058162,11.861687,3.956356,0.000000,11.961735
2285,0,0.000000,11.929886,7.703292,0.004770,19.635268,0.000000,0.000000,19.955136,0.103080,11.789734,3.724645,0.000000,11.897995
2286,0,0.000000,11.991959,7.886157,0.002183,19.879441,0.000000,0.000000,19.996006,0.041735,11.836051,3.867058,0.000000,15.703407
2287,0,0.000000,12.761599,3.106577,0.001932,12.809469,0.000000,0.000000,19.948865,0.041499,12.539765,7.024103,0.000000,15.570891
2288,0,0.000000,4.138783,3.990364,0.004404,8.131005,0.000000,0.000000,15.982418,0.042552,7.740748,7.920595,0.000000,15.699649
2289,0,0.000000,4.093873,3.965837,0.002283,8.043943,0.000000,0.000000,15.928519,0.038142,7.719458,7.875761,0.000000,15.628787
2290,0,0.000000,4.139140,3.932681,0.001940,8.073630,0.000000,0.000000,15.992135,0.042578,7.817847,7.842649,0.000000,15.703074
2291,0,0.000000,8.173475,7.674512,0.003961,15.848965,0.000000,0.000000,16.041933,0.041327,8.086338,7.671308,0.000000,15.793811
2292,0,0.000000,9.722985,6.117646,0.003778,9.787952,0.000000,0.000000,15.971195,0.041980,9.588271,6.070692,0.000000,15.695125
2293,0,0.000000,8.890625,6.949427,0.003659,8.931104,0.000000,0.000000,15.973916,0.041431,8.719983,0.019119,0.000000,8.779807
2294,0,0.000000,8.020045,7.856990,0.004374,15.879697,0.000000,0.000000,16.009963,0.042170,7.911647,0.019525,0.000000,7.963796
2295,0,0.000000,13.662107,6.140411,0.002471,13.702435,0.000000,0.000000,27.029035,0.039781,13.554354,13.182380,0.000000,15.856701
2296,0,0.000000,12.936109,7.845552,0.003143,20.784804,0.000000,0.000000,20.927637,0.046204,12.791573,3.822773,0.000000,16.657111
2297,0,0.000000,13.187071,6.601243,0.002869,13.234333,0.000000,0.000000,21.922366,0.044375,13.065830,8.537342,0.000000,17.130936
2298,0,0.000000,8.947356,12.572926,0.004045,12.827782,0.000000,0.000000,25.841670,0.040665,12.908397,10.774527,0.000000,12.960978
2299,0,0.000000,12.186594,7.875630,0.002713,20.032584,0.000000,0.000000,20.198314,0.051964,12.026157,7.864365,0.000000,16.109707
2300,0,0.000000,12.000156,7.902704,0.003303,15.927387,0.000000,0.000000,23.914351,0.064372,15.630208,4.467174,0.000000,15.704010
2301,0,0.000000,7.899037,7.844409,0.004770,15.736509,0.000000,0.000000,15.890531,0.042498,7.721825,7.832767,0.000000,15.594611
2302,0,0.000000,12.906101,6.925871,0.001992,19.833322,0.000000,0.000000,19.973291,0.047800,12.745917,6.896793,0.000000,16.819601
2303,0,0.000000,14.079668,5.775145,0.003852,15.854741,0.000000,0.000000,24.810512,0.037934,13.926510,8.830579,0.000000,14.151462
2304,0,0.000000,7.143976,7.878464,0.003645,15.024373,0.000000,0.000000,15.160829,0.040778,6.993177,7.809813,0.000000,14.843768
2305,0,0.000000,11.784999,3.972147,0.002636,11.830402,0.000000,0.000000,15.974092,0.046382,11.634915,3.888198,0.000000,11.682876
2306,0,0.000000,4.305893,3.946486,0.002951,8.253903,0.000000,0.000000,15.884825,0.039903,7.654275,7.593365,0.000000,15.280942
2307,0,0.000000,10.234524,4.081043,0.002890,10.292600,0.000000,0.000000,21.159780,0.878865,11.016618,10.547498,0.000000,14.910719
2308,0,0.000000,8.038662,7.858158,0.002465,15.897681,0.000000,0.000000,17.533776,1.539724,7.901110,7.858430,0.000000,17.077232
2309,0,0.000000,12.781688,3.047037,0.005368,12.810325,0.000000,0.000000,19.864814,0.066088,12.536529,6.924449,0.000000,12.604414
2310,0,0.000000,11.622737,7.666038,0.003177,11.669380,0.000000,0.000000,20.058127,0.092305,11.984521,7.711017,0.000000,16.104759
2311,0,0.000000,7.969074,7.739115,0.002822,15.709451,0.000000,0.000000,15.955368,0.040208,7.861367,7.749085,0.000000,15.648491
2312,0,0.000000,13.942304,10.917070,0.003454,14.978409,0.000000,0.000000,26.696877,0.042056,15.112811,10.892734,0.000000,25.882550
2313,0,0.000000,9.450845,7.812700,0.004002,13.148993,0.000000,0.000000,21.241941,0.042008,13.028272,0.736748,0.000000,13.077651
2314,0,0.000000,7.984961,7.858594,0.003798,15.845814,0.000000,0.000000,16.006427,0.048594,7.842246,7.790662,0.000000,15.676732
2315,0,0.000000,13.444304,12.034891,0.003485,25.481963,0.000000,0.000000,28.338371,0.064556,15.581364,12.269259,0.000000,27.770959
2316,0,0.000000,7.385312,7.884816,0.004143,15.271045,0.000000,0.000000,16.989925,0.041315,7.198320,9.443446,0.000000,16.680495
2317,0,0.000000,14.054464,8.884335,0.004987,14.307231,0.000000,0.000000,26.382524,0.057789,13.740126,11.903141,0.000000,15.818176
2318,0,0.000000,8.010396,7.905334,0.002141,15.861234,0.000000,0.000000,16.063866,0.075323,7.774384,7.900363,0.000000,15.750070
2319,0,0.000000,13.159234,6.623827,0.003411,13.191048,0.000000,0.000000,25.711553,0.048631,13.059902,12.385172,0.000000,17.149141
2320,0,0.000000,6.370115,10.270191,0.005055,12.836413,0.000000,0.000000,17.830212,0.054917,6.058743,10.285882,0.000000,16.383367
2321,0,0.000000,12.285296,7.600644,0.003225,19.887736,0.000000,0.000000,20.201468,0.069298,11.922639,7.560530,0.000000,15.951421
2322,0,0.000000,8.015774,7.795864,0.003911,15.808220,0.000000,0.000000,16.053856,0.058789,7.849234,7.755348,0.000000,15.575043
2323,0,0.000000,15.812855,9.100110,0.005089,22.386944,0.000000,0.000000,26.283073,7.769280,15.878578,6.581888,0.000000,20.224414
2324,0,0.000000,17.364426,6.815334,0.002373,17.410468,0.000000,0.000000,28.321398,0.151679,16.928420,9.678353,0.000000,23.246267
2325,0,0.000000,4.996581,7.227396,0.003260,12.224894,0.000000,0.000000,13.421930,0.130453,5.040738,7.624545,0.000000,12.437124
2326,0,0.000000,15.585324,6.931767,0.005083,15.619736,0.000000,0.000000,23.591793,0.040054,15.690287,6.911867,0.000000,15.999012
2327,0,0.000000,8.919227,10.912751,0.004602,19.835043,0.000000,0.000000,19.991853,1.008017,8.813134,10.912230,0.000000,15.856245
2328,0,0.000000,13.934468,7.733957,0.004262,21.670943,0.000000,0.000000,23.861658,1.854537,13.739295,7.710154,0.000000,19.582422
2329,0,0.000000,7.884718,7.810791,0.002627,15.698136,0.000000,0.000000,15.833757,0.042073,7.768950,7.760216,0.000000,15.568068
2330,0,0.000000,16.006460,6.483151,0.003957,16.057367,0.000000,0.000000,31.939235,0.046170,17.119516,12.001574,0.000000,29.167260
2331,0,0.000000,7.884846,7.070443,0.003548,14.958441,0.000000,0.000000,16.008675,0.197224,8.640300,7.067457,0.000000,15.773437
2332,0,0.000000,11.977975,13.779232,0.002540,13.992161,0.000000,0.000000,27.157046,0.045633,13.050001,13.782088,0.000000,23.043434
2333,0,0.000000,13.620353,7.000845,0.003131,20.622533,0.000000,0.000000,20.787121,0.061680,13.403563,6.968771,0.000000,16.725107
2334,0,0.000000,12.050667,7.797625,0.004192,19.850246,0.000000,0.000000,20.002795,0.039218,11.913530,7.753032,0.000000,15.965331
2335,0,0.000000,9.524825,6.311542,0.002853,10.638990,0.000000,0.000000,16.027637,0.044758,9.051622,6.274706,0.000000,11.837940
2336,0,0.000000,8.140006,7.659640,0.002265,15.595019,0.000000,0.000000,15.952688,0.037480,7.960606,7.654623,0.000000,15.632393
2337,0,0.000000,12.909784,6.424913,0.005545,15.343928,0.000000,0.000000,22.136677,0.037756,12.703995,6.655492,0.000000,15.895296
2338,0,0.000000,5.452689,6.784736,0.016771,8.269778,0.000000,0.000000,21.300305,0.039070,10.154677,10.689682,0.000000,15.748276
2339,0,0.000000,5.656640,10.100653,0.003279,11.650692,0.000000,0.000000,28.065560,2.556695,13.522314,10.164965,0.000000,24.170375
2340,0,0.000000,8.049463,7.726095,0.002626,15.776571,0.000000,0.000000,15.944558,0.041692,7.825957,7.742877,0.000000,15.594921
2341,0,0.000000,11.943552,3.880697,0.003482,11.973657,0.000000,0.000000,24.614057,0.032975,11.682362,12.531374,0.000000,15.540586
2342,0,0.000000,7.093558,7.303550,0.002036,14.398496,0.000000,0.000000,15.213232,0.044164,6.853237,7.264739,0.000000,10.584393
2343,0,0.000000,8.055897,7.800452,0.003710,15.857912,0.000000,0.000000,16.008589,3.894221,7.817666,3.779862,0.000000,11.633176
2344,0,0.000000,13.341467,12.312920,0.005449,13.378220,0.000000,0.000000,25.825558,0.042751,13.093802,12.250025,0.000000,19.191836
2345,0,0.000000,11.325269,6.682098,0.002960,11.363694,0.000000,0.000000,24.143077,0.037349,11.211987,12.666877,0.000000,16.034413
2346,0,0.000000,8.756637,3.125225,0.002603,8.799028,0.000000,0.000000,17.675236,0.048712,10.286490,7.061053,0.000000,11.760114
2347,0,0.000000,4.222776,3.591100,0.002995,7.801367,0.000000,0.000000,16.000278,0.548526,8.106002,7.510143,0.000000,15.645131
2348,0,0.000000,4.150784,7.510007,0.003333,8.953500,0.000000,0.000000,16.007630,0.238235,8.063312,7.503243,0.000000,15.591380
2349,0,0.000000,7.988218,7.861014,0.002150,15.851024,0.000000,0.000000,15.963088,0.036432,7.806697,7.791535,0.000000,15.593274
2350,0,0.000000,9.516845,6.361091,0.002802,9.555732,0.000000,0.000000,16.005718,0.045340,9.274568,6.342297,0.000000,11.644855
2351,0,0.000000,8.052232,7.772299,0.003297,8.092228,0.000000,0.000000,15.943932,0.053627,7.753527,7.744390,0.000000,11.708261
2352,0,0.000000,8.034286,7.890468,0.002693,15.927200,0.000000,0.000000,16.047560,0.033926,7.827212,7.896821,0.000000,15.743525
2353,0,0.000000,14.063195,5.627460,0.002065,14.113234,0.000000,0.000000,22.781347,0.039132,13.881786,8.548322,0.000000,20.874414
2354,0,0.000000,12.780320,4.151023,0.003762,12.812466,0.000000,0.000000,24.986648,0.042464,12.627460,12.077615,0.000000,16.341924
2355,0,0.000000,8.101284,7.815487,0.003112,15.911053,0.000000,0.000000,16.028284,0.043447,7.838992,7.777465,0.000000,15.654946
2356,0,0.000000,11.972684,3.985446,0.003575,12.010352,0.000000,0.000000,23.943826,0.032299,15.758632,7.906540,0.000000,15.809077
2357,0,0.000000,8.027876,7.884367,0.002250,15.913077,0.000000,0.000000,16.023566,0.039903,7.920892,7.866632,0.000000,15.826256
2358,0,0.000000,9.647380,6.256176,0.002075,9.680923,0.000000,0.000000,15.994643,0.037911,9.467280,6.230841,0.000000,15.730034
2359,0,0.000000,8.147140,7.763477,0.004898,15.785701,0.000000,0.000000,16.023308,0.036271,8.006908,7.765993,0.000000,15.800733
2360,0,0.000000,11.975903,7.820467,0.002435,12.022888,0.000000,0.000000,19.917563,0.040652,7.919292,3.840580,0.000000,11.782758
2361,0,0.000000,8.060304,7.869865,0.002076,15.931964,0.000000,0.000000,16.028549,0.031882,7.916145,7.845059,0.000000,15.793086
2362,0,0.000000,12.036487,7.812953,0.004122,12.088986,0.000000,0.000000,19.965652,0.032171,8.039828,7.789242,0.000000,11.870954
2363,0,0.000000,8.071651,7.833903,0.002812,15.907415,0.000000,0.000000,16.016285,0.036971,7.935740,7.810275,0.000000,15.774627
2364,0,0.000000,8.917831,2.993209,0.001689,10.930595,0.000000,0.000000,15.989127,0.033827,8.824094,6.947688,0.000000,15.782029
2365,0,0.000000,8.009491,7.837712,0.002731,15.848164,0.000000,0.000000,15.980237,0.033058,7.899079,7.804246,0.000000,15.736319
2366,0,0.000000,7.999798,7.869259,0.002216,15.870629,0.000000,0.000000,15.993167,0.037615,7.819725,7.838821,0.000000,15.690049
2367,0,0.000000,10.644543,5.216400,0.004097,10.691126,0.000000,0.000000,16.007079,0.038429,10.410727,5.188300,0.000000,15.625539
2368,0,0.000000,12.174950,3.670511,0.003336,12.239984,0.000000,0.000000,15.993171,0.073945,12.035973,3.654373,0.000000,12.093756
2369,0,0.000000,12.042398,8.599465,0.003198,20.644815,0.000000,0.000000,20.803347,0.032562,12.006228,8.581697,0.000000,16.724735
2370,0,0.000000,11.241339,7.700227,0.003980,18.945546,0.000000,0.000000,19.107605,0.039048,11.095700,4.014396,0.000000,11.199570
2371,0,0.000000,11.888627,7.428107,0.004122,19.317652,0.000000,0.000000,19.943065,0.068452,11.706781,7.375211,0.000000,11.956977
2372,0,0.000000,12.010945,13.009078,0.003100,18.414199,0.000000,0.000000,26.620831,0.033927,13.339945,6.346255,0.000000,13.382046
2373,0,0.000000,9.399601,7.821625,0.002930,9.450162,0.000000,0.000000,17.338512,0.037099,9.142857,7.781829,0.000000,11.812115
2374,0,0.000000,7.992565,7.914614,0.003153,15.908467,0.000000,0.000000,15.992484,0.031755,7.848578,7.870339,0.000000,15.706901
2375,0,0.000000,12.017807,7.141132,0.003039,12.064738,0.000000,0.000000,19.995439,0.033330,12.544523,3.144184,0.000000,12.581406
2376,0,0.000000,8.043347,7.839973,0.003200,15.885255,0.000000,0.000000,16.004186,0.038489,7.861592,3.805105,0.000000,11.704875
2377,0,0.000000,12.033311,3.216044,0.003164,12.087791,0.000000,0.000000,19.944109,0.035975,11.901224,7.118582,0.000000,15.662160
2378,0,0.000000,7.965549,7.939658,0.002705,15.906090,0.000000,0.000000,15.996152,0.041071,7.835316,7.905409,0.000000,15.621483
2379,0,0.000000,11.988222,7.905381,0.003396,19.894936,0.000000,0.000000,23.958036,0.030149,11.838922,11.831521,0.000000,19.722772
2380,0,0.000000,10.489106,6.863176,0.004055,10.534845,0.000000,0.000000,20.032621,1.591651,11.348517,2.834893,0.000000,12.945703
2381,0,0.000000,4.826911,2.906319,0.021771,7.675694,0.000000,0.000000,16.588863,3.385717,8.873775,6.838574,0.000000,15.746366
2382,0,0.000000,8.104377,7.818641,0.003946,15.909734,0.000000,0.000000,19.982908,0.033167,7.936796,11.743330,0.000000,19.675305
2383,0,0.000000,8.879547,8.594384,0.003997,8.920658,0.000000,0.000000,23.318809,1.502955,12.986940,8.590563,0.000000,17.035957
2384,0,0.000000,4.980674,3.916567,0.002859,8.895273,0.000000,0.000000,16.666259,0.037983,8.506743,7.831390,0.000000,16.374069
2385,0,0.000000,7.964134,7.794289,0.003731,12.137921,0.000000,0.000000,19.879020,0.052013,7.757746,11.752577,0.000000,19.407916
2386,0,0.000000,11.482646,6.204667,0.002218,11.541986,0.000000,0.000000,19.582487,1.791381,13.026031,6.213440,0.000000,13.734483
2387,0,0.000000,11.942431,7.371959,0.003631,15.553814,0.000000,0.000000,19.926069,0.084741,12.210372,7.362420,0.000000,19.063646
2388,0,0.000000,8.084239,7.671265,0.002693,15.756756,0.000000,0.000000,16.032551,0.055260,7.948166,7.699258,0.000000,15.667834
2389,0,0.000000,12.016507,3.858562,0.003715,14.002236,0.000000,0.000000,16.003049,0.037383,11.837865,3.814500,0.000000,11.879802
2390,0,0.000000,8.042026,3.592188,0.003714,8.087261,0.000000,0.000000,11.950782,0.047826,7.792583,3.552487,0.000000,7.850268
2391,0,0.000000,8.985059,6.813340,0.003149,10.862848,0.000000,0.000000,15.940015,0.035607,8.850187,6.804582,0.000000,15.690376
2392,0,0.000000,8.037873,7.827614,0.002897,15.863949,0.000000,0.000000,16.016090,0.039074,7.917066,7.817718,0.000000,15.772244
2393,0,0.000000,11.997208,6.812021,0.001998,13.687550,0.000000,0.000000,22.071565,0.037646,11.840506,8.885450,0.000000,17.982242
2394,0,0.000000,8.961025,4.793345,0.003243,10.652251,0.000000,0.000000,18.481309,0.046138,8.789172,9.353231,0.000000,16.466459
2395,0,0.000000,7.441743,7.832566,0.004121,15.276525,0.000000,0.000000,15.439473,0.045556,7.325266,7.852840,0.000000,15.221438
2396,0,0.000000,13.966921,5.782660,0.003400,13.995185,0.000000,0.000000,19.936168,0.048408,13.856508,5.787441,0.000000,15.973051
2397,0,0.000000,8.042823,7.796575,0.003059,15.841725,0.000000,0.000000,15.998147,0.054995,7.867325,7.771450,0.000000,15.691017
2398,0,0.000000,13.927256,5.917918,0.003786,13.972541,0.000000,0.000000,26.896424,0.036235,13.787508,12.820292,0.000000,24.742017
2399,0,0.000000,10.158131,7.901938,0.003194,16.738832,0.000000,0.000000,21.054916,0.047911,11.883971,7.886606,0.000000,19.767352
2400,0,0.000000,7.983548,7.900275,0.002764,15.884917,0.000000,0.000000,16.008590,0.038564,7.782033,7.892723,0.000000,15.702672
2401,0,0.000000,13.239542,6.468733,0.003798,13.281121,0.000000,0.000000,22.201294,0.033565,13.012079,8.793706,0.000000,15.748481
2402,0,0.000000,13.662211,7.801090,0.003309,21.466610,0.000000,0.000000,22.394967,0.057497,13.293002,8.518907,0.000000,17.314808
2403,0,0.000000,11.226762,10.273441,0.004466,21.504669,0.000000,0.000000,21.647182,0.050080,7.852127,3.818423,0.000000,11.708172
2404,0,0.000000,11.893067,5.497516,0.003839,17.394004,0.000000,0.000000,20.607381,0.066249,11.762717,8.501953,0.000000,15.670310
2405,0,0.000000,12.554851,8.540711,0.003675,12.592699,0.000000,0.000000,21.240611,0.038500,12.383519,4.176647,0.000000,15.783719
2406,0,0.000000,7.706479,11.789063,0.004494,19.498511,0.000000,0.000000,20.553726,0.037280,7.580821,12.686100,0.000000,20.219523
2407,0,0.000000,7.023571,7.861929,0.003224,14.887439,0.000000,0.000000,15.006435,0.102454,6.921378,3.841458,0.000000,10.797683
2408,0,0.000000,12.881442,2.994434,0.004301,12.931336,0.000000,0.000000,19.941900,0.031873,12.763259,6.903919,0.000000,12.816255
2409,0,0.000000,8.034354,7.872338,0.001943,15.908635,0.000000,0.000000,16.018892,0.062666,7.849240,7.805773,0.000000,15.717679
2410,0,0.000000,9.886862,5.998546,0.002178,9.926247,0.000000,0.000000,15.988977,0.037643,9.725378,5.964094,0.000000,13.757976
2411,0,0.000000,8.047137,7.898535,0.002596,15.899795,0.000000,0.000000,16.168850,0.084331,7.916445,7.892365,0.000000,15.825339
2412,0,0.000000,11.794121,3.881882,0.003231,11.830390,0.000000,0.000000,15.799803,0.080465,9.222996,0.013550,0.000000,9.298874
2413,0,0.000000,4.123091,7.711481,0.003058,7.887650,0.000000,0.000000,11.958847,0.058049,3.942441,0.011570,0.000000,3.984057
2414,0,0.000000,8.026638,7.910425,0.003386,15.938718,0.000000,0.000000,16.036888,0.032044,7.810013,0.013430,0.000000,7.837689
2415,0,0.000000,11.902261,7.341840,0.004816,11.931191,0.000000,0.000000,19.938200,0.045058,11.734597,7.339869,0.000000,15.762428
2416,0,0.000000,7.995951,7.900267,0.003260,15.897339,0.000000,0.000000,15.988297,0.029114,7.880313,7.884622,0.000000,15.792253
2417,0,0.000000,9.343004,6.500017,0.002598,9.385866,0.000000,0.000000,15.935268,0.043926,9.163923,6.468929,0.000000,14.205649
2418,0,0.000000,8.215235,3.696752,0.003245,8.257592,0.000000,0.000000,15.965795,0.034730,8.033986,7.613175,0.000000,15.325725
2419,0,0.000000,4.256925,3.963594,0.003024,8.222589,0.000000,0.000000,15.983478,0.038724,7.797574,7.880475,0.000000,15.684021
2420,0,0.000000,4.244819,3.978165,0.002032,8.221435,0.000000,0.000000,16.007578,0.042132,7.795549,7.926357,0.000000,15.745658
2421,0,0.000000,7.511727,5.274848,0.001983,9.099143,0.000000,0.000000,27.126918,0.556037,13.874177,12.380482,0.000000,26.799033
2422,0,0.000000,5.119149,6.533553,0.004301,6.679828,0.000000,0.000000,16.870121,0.040138,9.259595,2.499391,0.000000,9.304565
2423,0,0.000000,7.932854,7.881913,0.002063,15.816326,0.000000,0.000000,15.928165,0.059591,4.021910,7.857438,0.000000,11.752413
2424,0,0.000000,10.237629,7.048812,0.002159,10.289210,0.000000,0.000000,18.222674,1.872798,9.980066,6.978137,0.000000,13.593301
2425,0,0.000000,12.019840,7.865498,0.002894,19.886541,0.000000,0.000000,19.994775,0.036174,11.815599,0.014123,0.000000,11.856710
2426,0,0.000000,0.249448,3.777774,0.003133,4.027118,0.000000,0.000000,8.013616,3.970764,3.958642,7.724782,0.000000,7.764969
2427,0,0.000000,8.028885,7.888960,0.002626,15.919135,0.000000,0.000000,16.032730,0.027708,7.798936,7.876670,0.000000,15.690616
2428,0,0.000000,12.579197,7.243159,0.002531,12.609846,0.000000,0.000000,19.936244,0.042267,12.474266,0.021614,0.000000,12.530447
2429,0,0.000000,8.046733,7.866908,0.002632,15.906010,0.000000,0.000000,16.026805,0.052145,7.925313,4.003284,0.000000,7.996280
2430,0,0.000000,11.988725,7.315466,0.001632,12.029595,0.000000,0.000000,19.946938,0.033479,12.420563,7.285972,0.000000,15.783636
2431,0,0.000000,8.103127,7.807653,0.002897,15.912221,0.000000,0.000000,16.027724,0.032686,7.973496,7.766581,0.000000,15.772763
2432,0,0.000000,11.993832,3.912177,0.002887,14.211186,0.000000,0.000000,16.006722,0.060796,11.835350,0.012885,0.000000,11.905457
2433,0,0.000000,11.640691,7.832126,0.004414,19.474436,0.000000,0.000000,19.933773,0.326841,11.721029,0.047779,0.000000,11.821598
2434,0,0.000000,12.321121,7.497084,0.004448,19.819438,0.000000,0.000000,19.943234,0.039295,12.207468,3.498590,0.000000,12.254824
2435,0,0.000000,12.113934,7.717251,0.003010,19.832888,0.000000,0.000000,19.946585,0.349884,11.766846,0.027679,0.000000,12.017548
2436,0,0.000000,11.671952,7.854575,0.004185,19.529043,0.000000,0.000000,19.701804,0.083952,11.479463,3.858817,0.000000,11.904308
2437,0,0.000000,8.010341,7.336048,0.007061,12.102921,0.000000,0.000000,19.979351,4.026411,11.785840,7.295110,0.000000,15.803659
2438,0,0.000000,7.902877,7.857975,0.003601,15.764271,0.000000,0.000000,15.950227,0.114085,7.714945,7.788411,0.000000,15.554857
2439,0,0.000000,11.963377,7.022795,0.003431,15.031462,0.000000,0.000000,19.949851,0.044203,12.492871,6.999354,0.000000,15.039478
2440,0,0.000000,8.054147,7.834914,0.003290,15.891270,0.000000,0.000000,16.029749,0.057020,7.912513,7.765055,0.000000,15.565909
2441,0,0.000000,12.861181,2.984585,0.004964,12.914825,0.000000,0.000000,19.952261,0.039272,12.754085,6.885707,0.000000,12.834628
2442,0,0.000000,8.068756,7.812060,0.003215,15.880366,0.000000,0.000000,16.032715,0.057909,7.854913,7.811522,0.000000,15.712923
2443,0,0.000000,11.925633,7.876496,0.002731,19.803392,0.000000,0.000000,19.979681,0.072718,11.810415,7.866676,0.000000,15.891618
2444,0,0.000000,11.918836,7.883813,0.003171,19.803671,0.000000,0.000000,19.967106,0.058453,11.686953,7.871234,0.000000,15.841228
2445,0,0.000000,8.057285,7.839227,0.003820,15.824495,0.000000,0.000000,15.988829,0.045133,7.886268,3.804251,0.000000,11.720124
2446,0,0.000000,12.018737,7.811564,0.003668,19.832544,0.000000,0.000000,19.964030,0.035183,11.939910,3.799199,0.000000,11.988362
2447,0,0.000000,8.104915,7.734988,0.003416,15.796358,0.000000,0.000000,16.009142,0.052132,7.997515,7.732824,0.000000,15.767042
2448,0,0.000000,8.153344,7.903883,0.002315,15.998128,0.000000,0.000000,19.978880,0.038418,11.791093,7.876296,0.000000,12.075154
2449,0,0.000000,7.897005,7.851092,0.003346,15.749765,0.000000,0.000000,15.896132,0.157899,3.962859,7.774983,0.000000,11.707170
2450,0,0.000000,10.642740,13.028530,0.005375,13.243633,0.000000,0.000000,26.611917,1.443211,13.265637,9.675396,0.000000,20.514848
2451,0,0.000000,8.082227,7.776517,0.003916,15.861876,0.000000,0.000000,16.026879,0.041579,7.960516,7.784405,0.000000,15.782347
2452,0,0.000000,11.932754,7.801041,0.003542,19.731587,0.000000,0.000000,20.655507,0.045179,11.643149,7.991698,0.000000,15.806317
2453,0,0.000000,8.912791,6.529561,0.002133,9.950618,0.000000,0.000000,15.562897,0.041187,8.767920,6.239767,0.000000,15.038495
2454,0,0.000000,7.817859,9.873447,0.004466,16.938883,0.000000,0.000000,19.075374,0.036493,8.837632,6.488710,0.000000,15.359529
2455,0,0.000000,10.003777,6.345264,0.003721,10.047551,0.000000,0.000000,21.193722,0.042864,9.869381,10.917350,0.000000,14.807490
2456,0,0.000000,7.360168,7.891196,0.002972,15.252290,0.000000,0.000000,15.495503,0.036891,7.188966,7.990636,0.000000,15.205253
2457,0,0.000000,13.186424,6.566528,0.002691,13.245135,0.000000,0.000000,19.882779,0.051200,12.989592,6.515563,0.000000,15.762330
2458,0,0.000000,8.755445,10.514818,0.003508,10.758216,0.000000,0.000000,24.594549,2.101186,11.681210,10.513961,0.000000,22.395793
2459,0,0.000000,7.328762,7.927006,0.003855,15.257046,0.000000,0.000000,15.343576,0.035888,7.126043,7.850029,0.000000,15.003118
2460,0,0.000000,11.092510,4.803442,0.002948,11.136403,0.000000,0.000000,16.011008,0.034900,10.866759,4.788111,0.000000,15.683364
2461,0,0.000000,12.028124,7.833256,0.004288,12.067358,0.000000,0.000000,19.981124,0.032901,11.915995,7.823081,0.000000,15.940135
2462,0,0.000000,8.031525,7.858946,0.004417,15.892906,0.000000,0.000000,16.000703,0.038698,7.811893,7.847053,0.000000,15.697644
2463,0,0.000000,13.301533,6.561974,0.002343,13.335051,0.000000,0.000000,22.379112,0.026184,13.218345,8.945428,0.000000,13.270350
2464,0,0.000000,11.614102,5.848544,0.003512,11.670175,0.000000,0.000000,17.571280,0.036400,11.437068,1.824024,0.000000,11.809030
2465,0,0.000000,9.322158,4.011259,0.001974,9.363567,0.000000,0.000000,19.554246,6.136437,11.751695,3.985465,0.000000,17.965327
2466,0,0.000000,4.301993,3.977867,0.002427,8.281149,0.000000,0.000000,15.940492,0.036783,7.812672,7.891118,0.000000,15.730068
2467,0,0.000000,4.196081,7.961609,0.003214,12.125073,0.000000,0.000000,19.789769,0.028816,7.828544,11.700856,0.000000,19.487418
2468,0,0.000000,12.254437,7.850110,0.002989,20.107359,0.000000,0.000000,20.222074,0.035118,12.116035,3.826270,0.000000,15.973688
2469,0,0.000000,12.414777,2.960533,0.003215,12.450635,0.000000,0.000000,19.477009,0.491422,12.290991,6.895313,0.000000,12.344921
2470,0,0.000000,8.105714,7.815152,0.002376,15.916554,0.000000,0.000000,16.040977,0.035847,7.998130,7.798281,0.000000,15.825829
2471,0,0.000000,12.590539,7.263483,0.003750,12.639281,0.000000,0.000000,19.961874,0.032617,12.475321,7.202526,0.000000,12.505817
2472,0,0.000000,7.821894,7.905267,0.003424,15.730511,0.000000,0.000000,15.868010,0.046569,7.632240,7.849671,0.000000,15.506564
2473,0,0.000000,12.547340,3.275115,0.002739,12.605081,0.000000,0.000000,19.927109,0.054490,12.380112,7.186800,0.000000,12.447908
2474,0,0.000000,7.982661,7.914224,0.001852,15.897582,0.000000,0.000000,16.041208,0.051333,7.803265,7.900686,0.000000,15.753532
2475,0,0.000000,11.965680,3.900802,0.002262,14.227733,0.000000,0.000000,15.989405,0.044040,11.843843,3.874668,0.000000,11.891838
2476,0,0.000000,11.972826,7.885849,0.003734,19.859534,0.000000,0.000000,19.963586,0.036981,11.798661,3.880192,0.000000,11.860074
2477,0,0.000000,12.010181,3.866168,0.003531,12.062148,0.000000,0.000000,16.016149,0.031259,11.847825,3.837252,0.000000,11.896160
2478,0,0.000000,4.087240,3.793637,0.002047,4.121035,0.000000,0.000000,7.975010,0.044501,3.910771,3.771265,0.000000,3.959898
2479,0,0.000000,4.121415,3.804521,0.002387,4.158354,0.000000,0.000000,7.995934,0.022634,3.980708,3.783391,0.000000,4.011955
2480,0,0.000000,4.093980,3.812285,0.002840,4.131090,0.000000,0.000000,8.009665,0.028380,3.953068,3.804700,0.000000,3.993548
2481,0,0.000000,4.005157,3.790662,0.002021,4.056013,0.000000,0.000000,7.890155,0.030756,3.869519,3.765503,0.000000,3.908291
2482,0,0.000000,8.692682,7.173289,0.002192,15.255820,0.000000,0.000000,15.992704,0.022326,8.595226,7.109610,0.000000,12.622486
2483,0,0.000000,12.830072,3.027187,0.004910,12.873226,0.000000,0.000000,19.945902,0.043948,12.707989,6.936173,0.000000,12.749441
2484,0,0.000000,8.014295,7.865726,0.002433,15.882103,0.000000,0.000000,16.009187,0.040990,7.846168,7.852877,0.000000,15.736913
2485,0,0.000000,11.988720,6.066095,0.003944,12.046922,0.000000,0.000000,27.634180,0.050647,13.572735,11.691265,0.000000,25.314474
2486,0,0.000000,11.740637,7.944185,0.003726,11.795995,0.000000,0.000000,20.246539,0.060900,11.918748,3.958541,0.000000,11.986799
2487,0,0.000000,8.046042,7.859475,0.003408,15.904840,0.000000,0.000000,16.011753,0.035765,7.808859,7.836444,0.000000,15.679598
2488,0,0.000000,8.101224,12.138008,0.002580,12.309849,0.000000,0.000000,23.965746,0.028594,11.578694,12.106199,0.000000,16.007696
2489,0,0.000000,8.018594,7.874347,0.002978,15.894158,0.000000,0.000000,16.016212,0.051897,7.804834,7.868882,0.000000,15.725613
2490,0,0.000000,13.040797,6.847131,0.002299,13.066087,0.000000,0.000000,19.971721,0.047003,12.899280,6.804676,0.000000,19.682212
2491,0,0.000000,10.887402,5.010814,0.002185,12.996867,0.000000,0.000000,16.003924,0.031876,10.758046,4.984484,0.000000,14.694486
2492,0,0.000000,10.889561,11.580369,0.003618,11.768105,0.000000,0.000000,22.607635,0.038519,10.759589,11.562555,0.000000,11.622339
2493,0,0.000000,9.365960,12.300289,0.003502,12.545543,0.000000,0.000000,25.248308,0.035295,12.610625,12.258823,0.000000,14.234977
2494,0,0.000000,12.103467,7.867185,0.004225,19.963484,0.000000,0.000000,20.113757,0.038849,11.902546,7.850686,0.000000,15.857677
2495,0,0.000000,9.376481,6.408019,0.003617,14.536083,0.000000,0.000000,16.035180,0.038097,9.330375,6.410207,0.000000,15.777274
2496,0,0.000000,12.907507,5.121714,0.005048,13.203052,0.000000,0.000000,23.432482,0.055986,14.614573,8.587199,0.000000,22.064085
2497,0,0.000000,10.575191,5.716945,0.003335,12.304482,0.000000,0.000000,16.402572,0.038237,10.355811,1.693066,0.000000,11.912741
2498,0,0.000000,7.046286,7.766354,0.003429,10.603208,0.000000,0.000000,18.769666,0.068253,10.572420,7.745671,0.000000,12.061282
2499,0,0.000000,8.024476,7.791470,0.002689,15.811612,0.000000,0.000000,17.385224,0.056847,7.935968,7.808023,0.000000,15.788185
2500,0,0.000000,10.670504,7.993056,0.003599,18.665005,0.000000,0.000000,19.066593,0.038197,8.105334,7.997506,0.000000,16.128197
2501,0,0.000000,7.507640,7.902617,0.003328,15.412584,0.000000,0.000000,15.540819,0.059943,7.306717,7.892936,0.000000,15.201586
2502,0,0.000000,12.637689,5.931694,0.004784,12.690979,0.000000,0.000000,20.023400,0.050589,12.276259,5.924579,0.000000,14.042679
2503,0,0.000000,7.933397,7.881766,0.003314,15.816068,0.000000,0.000000,15.945201,0.042581,7.755881,7.871433,0.000000,15.652181
2504,0,0.000000,12.016193,7.668917,0.004526,12.053275,0.000000,0.000000,19.964129,0.035004,11.987832,7.652603,0.000000,12.037306
2505,0,0.000000,7.965100,7.840556,0.004051,15.806584,0.000000,0.000000,15.979821,0.039615,7.812466,7.507012,0.000000,15.354900
2506,0,0.000000,13.661627,12.675432,0.003179,13.715631,0.000000,0.000000,26.473693,0.041980,13.493230,9.701609,0.000000,13.544618
2507,0,0.000000,12.927933,7.905596,0.003782,20.835078,0.000000,0.000000,21.474712,0.044538,13.263457,0.023056,0.000000,13.316671
2508,0,0.000000,8.046202,7.842600,0.002005,15.890024,0.000000,0.000000,16.010559,0.044602,7.921210,0.025580,0.000000,7.961117
2509,0,0.000000,11.810066,4.060458,0.003692,15.874216,0.000000,0.000000,16.129822,0.033258,11.729331,4.059077,0.000000,11.812042
2510,0,0.000000,7.967572,7.660113,0.028453,10.159201,0.000000,0.000000,15.916644,0.053659,7.628768,7.697783,0.000000,14.353434
2511,0,0.000000,7.878721,7.887565,0.004300,15.767634,0.000000,0.000000,15.909644,0.117753,7.614066,3.922452,0.000000,11.584521
2512,0,0.000000,11.955201,7.865362,0.003837,19.821841,0.000000,0.000000,19.960421,0.060615,11.741340,3.839384,0.000000,15.438881
2513,0,0.000000,11.918111,7.861338,0.020224,19.780699,0.000000,0.000000,19.910158,0.044912,11.777777,3.845652,0.000000,11.841178
2514,0,0.000000,7.968690,7.865422,0.003704,15.836028,0.000000,0.000000,15.964108,0.055695,7.757648,7.804918,0.000000,15.610489
2515,0,0.000000,8.763618,3.077394,0.004042,8.824176,0.000000,0.000000,15.962033,0.043529,8.558224,6.982002,0.000000,11.622090
2516,0,0.000000,8.048992,7.854785,0.002817,15.905282,0.000000,0.000000,16.028821,0.038177,7.830910,7.856412,0.000000,15.699419
2517,0,0.000000,12.005086,7.854047,0.004259,19.863392,0.000000,0.000000,19.989046,0.039119,11.812957,7.816086,0.000000,15.891202
2518,0,0.000000,10.255811,5.618598,0.002878,10.289194,0.000000,0.000000,16.002910,0.065636,10.066529,5.608661,0.000000,10.235399
2519,0,0.000000,8.214265,3.652301,0.002599,8.270991,0.000000,0.000000,11.986055,0.028833,8.020437,3.617136,0.000000,8.065056
2520,0,0.000000,12.694427,3.164013,0.003211,12.738198,0.000000,0.000000,16.104175,0.034146,12.524751,3.252013,0.000000,12.580718
2521,0,0.000000,11.898183,3.164665,0.003107,11.935086,0.000000,0.000000,19.828892,0.037116,12.507709,7.083985,0.000000,19.619641
2522,0,0.000000,8.101615,7.808550,0.002777,15.911116,0.000000,0.000000,16.013308,0.043650,7.909968,7.742366,0.000000,15.569063
2523,0,0.000000,10.820537,3.906909,0.003368,10.860004,0.000000,0.000000,18.774713,1.256977,11.360173,7.790691,0.000000,11.426980
2524,0,0.000000,4.157341,3.239394,0.001955,7.381892,0.000000,0.000000,15.969806,0.060509,8.510300,7.173634,0.000000,11.767837
2525,0,0.000000,4.197271,3.898561,0.003056,8.091962,0.000000,0.000000,15.986659,0.040477,7.857538,7.801049,0.000000,15.638069
2526,0,0.000000,7.385107,7.871002,0.003574,15.259648,0.000000,0.000000,15.385039,0.057229,7.168518,7.814151,0.000000,15.000820
2527,0,0.000000,12.051681,12.784395,0.004452,12.920375,0.000000,0.000000,25.960998,0.038419,11.817795,2.790502,0.000000,11.896838
2528,0,0.000000,10.080834,4.829675,0.003348,10.122594,0.000000,0.000000,25.958927,0.039276,10.981916,12.757997,0.000000,14.785309
2529,0,0.000000,7.591684,7.826571,0.004353,15.422608,0.000000,0.000000,15.548411,0.065619,7.278104,7.815787,0.000000,15.128333
2530,0,0.000000,15.961186,7.795182,0.003953,19.781309,0.000000,0.000000,23.981826,0.046241,15.869394,4.035530,0.000000,19.643352
2531,0,0.000000,7.995704,8.092838,0.003120,16.038208,0.000000,0.000000,16.198361,0.041871,7.785813,8.074851,0.000000,15.880006
2532,0,0.000000,11.788091,10.957113,0.002164,14.795145,0.000000,0.000000,24.397161,0.043557,11.532255,2.297006,0.000000,11.583909
2533,0,0.000000,7.370391,7.856974,0.002943,15.223707,0.000000,0.000000,15.354847,0.032969,7.217569,7.840237,0.000000,15.086323
2534,0,0.000000,11.974498,3.889451,0.002903,12.754516,0.000000,0.000000,15.997586,0.038534,11.809249,3.872389,0.000000,11.862753
2535,0,0.000000,12.010790,7.844265,0.002486,19.857232,0.000000,0.000000,19.971534,0.036807,11.829170,3.831092,0.000000,11.897900
2536,0,0.000000,11.948361,3.888830,0.003584,11.979684,0.000000,0.000000,15.991834,0.046108,9.403736,3.875877,0.000000,9.466314
2537,0,0.000000,11.938049,7.932108,0.002686,19.871429,0.000000,0.000000,19.969162,0.040576,11.740581,3.930638,0.000000,11.923755
2538,0,0.000000,9.142076,6.714632,0.002386,9.185013,0.000000,0.000000,15.992235,0.046694,8.918697,6.690872,0.000000,15.651973
2539,0,0.000000,8.167387,3.698214,0.003700,8.225588,0.000000,0.000000,11.991343,0.036706,8.032691,3.655938,0.000000,11.700372
2540,0,0.000000,4.086318,3.817744,0.002096,4.120297,0.000000,0.000000,8.000511,0.043701,3.947268,3.803337,0.000000,7.709528
2541,0,0.000000,4.148463,3.962242,0.004030,8.101831,0.000000,0.000000,15.955277,0.034517,7.778845,7.916267,0.000000,15.727507
2542,0,0.000000,4.166158,3.914433,0.003462,8.068065,0.000000,0.000000,15.989967,0.033601,7.890656,7.854667,0.000000,15.778183
2543,0,0.000000,7.233978,7.840664,0.001910,15.076182,0.000000,0.000000,16.016015,0.847657,7.789585,7.831141,0.000000,15.689942
2544,0,0.000000,13.460511,6.366707,0.003367,13.494844,0.000000,0.000000,19.961529,0.040926,13.292943,6.352518,0.000000,17.306781
2545,0,0.000000,7.940295,7.876115,0.003217,15.801813,0.000000,0.000000,15.948580,0.043253,7.728486,7.874404,0.000000,15.646143
2546,0,0.000000,11.828138,3.995499,0.002870,15.426862,0.000000,0.000000,15.965067,0.043186,11.618209,3.969693,0.000000,11.674298
2547,0,0.000000,10.241497,5.600670,0.002054,10.286881,0.000000,0.000000,16.019548,0.058190,9.915089,5.599786,0.000000,10.346411
2548,0,0.000000,8.629834,3.191456,0.002270,8.667617,0.000000,0.000000,11.970991,0.040473,8.404859,3.171397,0.000000,8.471307
2549,0,0.000000,4.113433,7.662531,0.003928,7.807158,0.000000,0.000000,11.975925,0.039617,4.090234,3.646941,0.000000,4.134011
2550,0,0.000000,11.986569,7.427666,0.003796,12.018251,0.000000,0.000000,19.973929,0.058126,12.222314,7.432717,0.000000,16.282735
2551,0,0.000000,8.032094,7.837812,0.004644,15.868418,0.000000,0.000000,16.023922,0.043564,7.914531,7.830228,0.000000,15.770276
2552,0,0.000000,11.948715,6.778322,0.002452,18.707074,0.000000,0.000000,23.063353,0.046466,7.927868,9.845841,0.000000,12.247633
2553,0,0.000000,8.927300,7.918438,0.004018,12.847422,0.000000,0.000000,20.861594,0.040088,11.853148,7.849911,0.000000,12.750468
2554,0,0.000000,7.995820,7.886219,0.003148,15.882400,0.000000,0.000000,16.019155,0.043806,7.796282,7.873801,0.000000,15.708628
2555,0,0.000000,12.056689,3.706061,0.003253,13.998900,0.000000,0.000000,15.988918,0.040719,11.966943,3.661523,0.000000,12.022432
2556,0,0.000000,12.051693,7.807883,0.003546,19.863097,0.000000,0.000000,20.013329,0.036656,11.947663,7.812271,0.000000,16.019133
2557,0,0.000000,11.302055,4.509102,0.002396,11.346099,0.000000,0.000000,15.970772,0.044054,11.173600,4.490045,0.000000,15.697520
2558,0,0.000000,9.532736,6.341895,0.002429,9.572860,0.000000,0.000000,16.002011,0.040160,9.398744,6.322107,0.000000,13.462950
2559,0,0.000000,8.010092,3.791312,0.004071,8.054728,0.000000,0.000000,11.964755,0.043427,7.885050,3.769146,0.000000,11.693470
2560,0,0.000000,4.119758,3.801040,0.004698,4.153907,0.000000,0.000000,8.082111,0.035503,4.020014,3.834131,0.000000,4.134486
2561,0,0.000000,3.979342,3.701154,0.004173,4.020118,0.000000,0.000000,7.825450,0.073973,3.774180,3.697022,0.000000,3.916752
2562,1,0.000000,4.149103,3.723033,0.003204,4.189270,0.000000,0.000000,7.980346,0.038647,4.044997,3.709820,0.000000,4.094930
2563,1,0.000000,3.956368,3.013018,0.004348,3.994040,0.000000,0.000000,7.861715,0.095182,4.156000,2.996781,0.000000,4.240111
2564,1,0.000000,4.230634,3.970256,0.003210,8.176938,0.000000,0.000000,19.960271,0.027067,7.818880,11.907226,0.000000,19.740359
2565,1,0.000000,7.041110,7.848493,0.001903,14.828332,0.000000,0.000000,14.998275,0.042632,6.815982,7.805920,0.000000,14.660466
2566,1,0.000000,4.660761,4.003886,0.002726,8.512984,0.000000,0.000000,20.326243,0.048747,12.010517,7.930958,0.000000,19.984277
2567,1,0.000000,7.992206,2.907909,0.002687,10.901034,0.000000,0.000000,15.972128,0.040905,8.782720,6.842658,0.000000,11.694202
2568,1,0.000000,4.216352,3.956229,0.003778,8.171221,0.000000,0.000000,15.988490,0.034378,7.874376,7.851441,0.000000,15.752557
2569,1,0.000000,4.120313,3.990823,0.002699,8.093254,0.000000,0.000000,15.993770,0.042128,7.821555,7.930899,0.000000,15.785662
2570,1,0.000000,4.144379,7.958496,0.004450,8.134923,0.000000,0.000000,16.012531,0.039852,7.802009,3.975613,0.000000,7.954869
2571,1,0.000000,8.025236,7.829100,0.003014,15.856080,0.000000,0.000000,19.175568,0.038028,7.800781,11.004435,0.000000,15.600743
2572,1,0.000000,8.779087,14.056398,0.005479,14.257664,0.000000,0.000000,24.805449,0.052851,9.773423,14.048153,0.000000,23.855224
