iteration,food_quantity,event_poll_ms,ants_advance_ms,evaporation_ms,update_ms,advance_total_ms,render_ms,blit_ms,iteration_total_ms,mpi_halo_exchange_ms,mpi_migration_ms,mpi_food_allreduce_ms,mpi_render_comm_ms,mpi_total_comm_ms
1,0,0.000000,51.209213,17.057171,0.003045,64.296469,0.000000,0.000000,86.544044,0.032202,43.222631,14.517821,0.000000,54.735676
2,0,0.000000,32.598137,19.011520,0.013600,39.608162,0.000000,0.000000,53.900660,1.797752,24.473886,16.001313,0.000000,30.468056
3,0,0.000000,22.655964,15.485215,0.005283,38.146462,0.000000,0.000000,42.379184,0.050494,15.863490,12.007498,0.000000,27.909152
4,0,0.000000,16.220171,18.338584,0.019007,34.566217,0.000000,0.000000,59.989541,4.146418,20.923102,12.552554,0.000000,37.617324
5,0,0.000000,14.303830,22.347297,0.008297,30.682302,0.000000,0.000000,58.075118,13.781777,25.215761,18.047584,0.000000,39.868593
6,0,0.000000,15.710082,12.004420,0.007820,24.350297,0.000000,0.000000,31.352452,3.160237,13.669094,7.968136,0.000000,15.509616
7,0,0.000000,20.479500,17.372015,0.005850,29.662595,0.000000,0.000000,54.610360,0.042784,23.288169,23.916200,0.000000,35.314278
8,0,0.000000,21.965544,11.753725,0.015056,33.721092,0.000000,0.000000,54.447372,0.178455,16.030516,13.083823,0.000000,24.094358
9,0,0.000000,19.033690,14.136773,0.009856,29.176241,0.000000,0.000000,52.341189,7.989830,24.745523,11.966263,0.000000,37.287810
10,0,0.000000,24.329313,15.442176,0.010038,27.844022,0.000000,0.000000,54.020479,7.996228,22.924103,18.952170,0.000000,38.095203
11,0,0.000000,15.883578,20.214918,0.012473,28.638135,0.000000,0.000000,51.828372,8.008621,26.480081,20.209927,0.000000,33.781020
12,0,0.000000,29.825147,11.313912,0.010226,41.139916,0.000000,0.000000,46.110894,0.250715,27.320861,11.219579,0.000000,35.402817
13,0,0.000000,24.378668,20.963180,0.008964,35.785517,0.000000,0.000000,47.986830,8.011094,16.228988,17.568670,0.000000,33.818388
14,0,0.000000,24.266389,16.020440,0.012556,34.030021,0.000000,0.000000,53.165613,0.806409,23.138919,16.045209,0.000000,32.024351
15,0,0.000000,19.341503,16.532519,0.010738,23.896533,0.000000,0.000000,47.689896,7.668222,25.496587,17.388320,0.000000,34.408843
16,0,0.000000,23.507194,11.289513,0.010248,34.805099,0.000000,0.000000,44.164823,0.052013,16.516216,9.052577,0.000000,24.554593
17,0,0.000000,16.407365,21.179538,0.013712,33.456469,0.000000,0.000000,51.926004,4.612658,17.965512,13.145955,0.000000,24.182202
18,0,0.000000,24.268334,11.424911,0.004431,31.697594,0.000000,0.000000,47.767049,0.067680,16.318965,15.791325,0.000000,24.909231
19,0,0.000000,24.390278,11.086987,0.011894,31.503961,0.000000,0.000000,55.987664,0.051340,20.398490,16.737195,0.000000,33.094852
20,0,0.000000,24.180657,17.018583,0.015650,30.078361,0.000000,0.000000,55.994207,0.873579,20.493749,17.025423,0.000000,35.914197
21,0,0.000000,16.243454,7.387794,0.006347,23.611893,0.000000,0.000000,28.027987,5.456460,15.320550,4.038734,0.000000,15.390453
22,0,0.000000,24.195493,15.416585,0.038852,39.632712,0.000000,0.000000,39.983929,0.034158,23.512683,10.730567,0.000000,34.275832
23,0,0.000000,24.348688,12.883949,0.013260,29.264691,0.000000,0.000000,43.966547,0.056367,18.576254,16.009326,0.000000,26.643069
24,0,0.000000,17.946032,15.647601,0.007883,26.492009,0.000000,0.000000,55.996590,2.260567,23.857836,17.364387,0.000000,34.115791
25,0,0.000000,20.605065,20.906557,0.013458,33.467467,0.000000,0.000000,52.000571,0.063702,18.051893,16.015084,0.000000,29.896044
26,0,0.000000,21.630777,13.812919,0.006971,31.274304,0.000000,0.000000,53.014042,0.044301,21.792496,15.694993,0.000000,29.827822
27,0,0.000000,23.955115,10.717719,0.008539,31.446107,0.000000,0.000000,49.737700,0.044394,15.917409,15.977311,0.000000,23.947127
28,0,0.000000,16.327574,21.371756,0.014244,25.190840,0.000000,0.000000,48.026924,12.017402,19.926768,9.380415,0.000000,24.237996
29,0,0.000000,21.332981,21.002262,0.008817,33.793581,0.000000,0.000000,53.048862,0.052344,24.654299,23.999985,0.000000,40.704476
30,0,0.000000,23.301932,15.092310,0.014423,35.818391,0.000000,0.000000,58.811277,0.063681,15.801656,19.922936,0.000000,34.899220
31,0,0.000000,23.897805,14.857729,0.041520,38.797054,0.000000,0.000000,46.872849,0.044818,16.806024,15.983616,0.000000,26.896590
32,0,0.000000,16.256975,15.728348,0.009833,22.761097,0.000000,0.000000,55.974470,10.976506,25.953910,15.997756,0.000000,38.484987
33,0,0.000000,20.349977,16.555209,0.011587,31.368276,0.000000,0.000000,51.702606,0.056794,15.612430,11.781490,0.000000,21.523996
34,0,0.000000,16.239636,20.283716,0.013042,32.629589,0.000000,0.000000,55.989587,8.017421,17.507456,16.007314,0.000000,27.816673
35,0,0.000000,16.400559,12.344986,0.012426,28.757971,0.000000,0.000000,51.451320,3.503596,24.459183,11.987795,0.000000,36.473279
36,0,0.000000,22.731950,19.819528,0.011443,34.553990,0.000000,0.000000,59.031115,1.839192,21.722128,19.992199,0.000000,34.103817
37,0,0.000000,21.399140,16.258415,0.012732,29.190039,0.000000,0.000000,52.925730,0.053521,27.628782,16.239105,0.000000,31.710206
38,0,0.000000,24.439289,10.819279,0.006628,35.093406,0.000000,0.000000,40.260994,0.074789,23.428815,10.627588,0.000000,31.473091
39,0,0.000000,16.443030,19.841159,0.017832,31.408906,0.000000,0.000000,66.213134,8.298041,20.722460,23.825540,0.000000,42.517114
40,0,0.000000,21.347750,14.743073,0.012640,35.513496,0.000000,0.000000,56.872767,0.044714,19.910977,11.982910,0.000000,31.932689
41,0,0.000000,24.518333,14.296204,0.012163,32.364004,0.000000,0.000000,47.990970,7.359530,22.787367,14.285986,0.000000,33.309386
42,0,0.000000,19.934531,11.206509,0.013211,27.152431,0.000000,0.000000,47.493837,2.160332,19.326894,15.481281,0.000000,27.362384
43,0,0.000000,28.948890,16.108421,0.007457,28.986134,0.000000,0.000000,56.510397,0.047482,19.582858,19.957291,0.000000,39.580435
44,0,0.000000,24.256534,11.541761,0.011127,35.809422,0.000000,0.000000,47.959446,0.052425,23.598601,11.980317,0.000000,31.650537
45,0,0.000000,16.192244,21.089886,0.004355,29.283285,0.000000,0.000000,52.014639,0.042585,19.930200,15.999445,0.000000,31.637984
46,0,0.000000,24.234945,7.451965,0.012591,31.656015,0.000000,0.000000,32.058094,0.046976,16.305629,0.056249,0.000000,16.393074
47,0,0.000000,16.430711,15.323870,0.006458,31.675801,0.000000,0.000000,31.978166,0.041303,8.442717,8.046341,0.000000,16.521196
48,0,0.000000,16.372914,9.177409,0.009069,25.535756,0.000000,0.000000,45.095513,0.045720,18.283517,13.148819,0.000000,26.320154
49,0,0.000000,21.680468,11.360718,0.009109,32.978141,0.000000,0.000000,37.251701,0.056580,20.763008,8.060422,0.000000,28.813656
50,0,0.000000,17.140209,12.925468,0.026820,24.956761,0.000000,0.000000,55.975229,7.901638,23.787464,15.981539,0.000000,31.824606
51,0,0.000000,23.341532,11.803037,0.013962,31.176101,0.000000,0.000000,52.123371,1.306712,15.753184,8.006091,0.000000,23.763425
52,0,0.000000,21.378336,10.963089,0.013405,32.102832,0.000000,0.000000,52.926344,0.053287,25.105115,15.988867,0.000000,41.142537
53,0,0.000000,16.488044,13.735206,0.002901,22.249358,0.000000,0.000000,50.254603,8.003860,26.087241,11.987009,0.000000,36.367036
54,0,0.000000,16.224552,14.121254,0.014638,26.249987,0.000000,0.000000,55.983261,8.034474,30.758359,17.778960,0.000000,46.794114
55,0,0.000000,21.226408,15.557268,0.010436,36.768428,0.000000,0.000000,45.053878,0.051539,15.954090,15.990828,0.000000,29.375143
56,0,0.000000,21.562646,16.788765,0.016023,31.826538,0.000000,0.000000,54.845262,7.990894,23.248933,16.819446,0.000000,31.501952
57,0,0.000000,16.577527,11.765004,0.008513,23.997877,0.000000,0.000000,55.987710,8.065710,20.331970,15.974405,0.000000,35.980997
58,0,0.000000,14.513022,17.032108,0.018263,26.048299,0.000000,0.000000,50.313531,0.060513,23.668674,9.309948,0.000000,28.391959
59,0,0.000000,24.341315,11.417676,0.005814,35.760287,0.000000,0.000000,45.880354,3.471583,16.218487,9.888377,0.000000,24.340028
60,0,0.000000,20.640935,20.606237,0.012891,36.849379,0.000000,0.000000,56.043241,0.055460,15.899583,16.009164,0.000000,31.960390
61,0,0.000000,24.425729,11.290218,0.010906,35.726853,0.000000,0.000000,47.847585,0.046863,16.362192,11.991066,0.000000,28.391539
62,0,0.000000,16.564574,25.272684,0.020615,34.062436,0.000000,0.000000,57.374363,0.062257,16.020862,24.018656,0.000000,40.096127
63,0,0.000000,22.908391,11.388775,0.006360,34.303526,0.000000,0.000000,34.697242,0.068953,16.060392,4.025558,0.000000,16.154251
64,0,0.000000,16.416524,19.799235,0.017588,28.398163,0.000000,0.000000,55.520120,8.061514,19.610752,12.798959,0.000000,28.637992
65,0,0.000000,19.477401,16.602257,0.010985,31.324534,0.000000,0.000000,55.968729,1.159500,23.519229,16.006869,0.000000,40.671046
66,0,0.000000,24.546617,11.160172,0.007679,31.722174,0.000000,0.000000,45.453431,0.050321,16.564854,13.462493,0.000000,24.609858
67,0,0.000000,16.463115,7.333782,0.004653,23.793163,0.000000,0.000000,29.519453,4.002797,19.084735,7.295955,0.000000,24.185089
68,0,0.000000,28.549594,17.328239,0.017331,32.913966,0.000000,0.000000,54.642995,0.034091,30.947137,16.019001,0.000000,45.626535
69,0,0.000000,13.780306,10.858647,0.012444,24.446570,0.000000,0.000000,53.340330,0.051187,28.340072,15.994533,0.000000,44.384458
70,0,0.000000,20.803386,18.805520,0.017976,31.622750,0.000000,0.000000,60.132893,11.976993,28.915439,20.178096,0.000000,47.938230
71,0,0.000000,22.378375,20.067198,0.015113,38.449711,0.000000,0.000000,54.081060,0.119808,22.103101,12.845361,0.000000,34.137631
72,0,0.000000,21.990463,19.368426,0.010364,29.371993,0.000000,0.000000,55.990710,2.597281,16.950549,16.004162,0.000000,32.416064
73,0,0.000000,21.588290,10.185286,0.010714,28.073567,0.000000,0.000000,45.380484,0.072483,28.437053,13.544333,0.000000,32.627657
74,0,0.000000,16.545707,20.629448,0.012469,33.178293,0.000000,0.000000,52.355985,8.015816,18.941172,8.630608,0.000000,31.325247
75,0,0.000000,20.130912,11.681818,0.006281,27.814108,0.000000,0.000000,53.953438,9.957575,27.505728,12.006815,0.000000,39.576473
76,0,0.000000,24.330141,20.323756,0.017305,36.829895,0.000000,0.000000,52.014199,0.053152,21.552579,16.010584,0.000000,29.392453
77,0,0.000000,24.062263,7.169732,0.013332,31.227025,0.000000,0.000000,32.019415,0.053663,20.264912,0.074605,0.000000,20.346506
78,0,0.000000,16.252142,9.795819,0.013217,23.164772,0.000000,0.000000,31.923189,0.048652,9.746362,8.004221,0.000000,17.780971
79,0,0.000000,27.729263,7.150139,0.009638,34.796773,0.000000,0.000000,40.106990,3.084043,23.825556,0.229063,0.000000,27.021300
80,0,0.000000,16.182064,7.375277,0.014227,23.563981,0.000000,0.000000,23.838295,0.034567,8.206780,0.078892,0.000000,8.300572
81,0,0.000000,20.326006,22.303671,0.011996,38.465392,0.000000,0.000000,55.845381,0.033411,22.324814,22.291881,0.000000,35.463997
82,0,0.000000,24.368602,14.603630,0.012695,36.754268,0.000000,0.000000,54.471907,4.026777,27.140548,14.616588,0.000000,33.577222
83,0,0.000000,23.784052,19.510087,0.018932,35.995132,0.000000,0.000000,45.478214,1.814237,14.321391,11.997795,0.000000,26.344850
84,0,0.000000,20.334085,15.646685,0.014113,35.874154,0.000000,0.000000,44.055796,8.069426,19.560067,11.598645,0.000000,24.231563
85,0,0.000000,19.491623,10.717976,0.020281,30.211248,0.000000,0.000000,58.777580,8.002623,24.980937,22.666607,0.000000,43.796873
86,0,0.000000,21.641812,18.998256,0.017515,35.031683,0.000000,0.000000,54.337096,0.053100,27.314234,13.105242,0.000000,31.238388
87,0,0.000000,24.368832,11.325032,0.006031,35.695439,0.000000,0.000000,47.988374,4.034918,16.297187,8.641485,0.000000,27.961607
88,0,0.000000,17.802972,13.721208,0.015728,29.983045,0.000000,0.000000,55.986357,4.039657,18.500152,13.724039,0.000000,28.901604
89,0,0.000000,16.306195,10.737383,0.007665,25.042969,0.000000,0.000000,59.981170,8.052433,27.197276,12.002161,0.000000,39.255103
90,0,0.000000,25.933008,17.043185,0.016646,35.542728,0.000000,0.000000,53.763102,2.559756,21.870300,11.457211,0.000000,26.498509
91,0,0.000000,24.276811,18.349344,0.009330,30.653342,0.000000,0.000000,48.472194,0.054836,16.639174,20.540474,0.000000,37.229117
92,0,0.000000,15.830302,18.190663,0.009867,26.029960,0.000000,0.000000,45.609342,0.045919,17.538990,18.168446,0.000000,33.294548
93,0,0.000000,30.095051,13.897193,0.010931,39.992656,0.000000,0.000000,45.834889,0.074172,25.387012,8.016649,0.000000,29.453458
94,0,0.000000,24.324116,11.466230,0.016689,35.807035,0.000000,0.000000,43.985811,7.054378,16.114877,7.987141,0.000000,25.005410
95,0,0.000000,12.253554,20.463725,0.014705,28.795662,0.000000,0.000000,52.929665,5.991700,19.960875,20.010942,0.000000,36.175827
96,0,0.000000,25.185676,22.165934,0.025286,39.387274,0.000000,0.000000,54.198314,0.048207,23.961647,17.231861,0.000000,40.051730
97,0,0.000000,23.038378,20.350525,0.012992,36.957067,0.000000,0.000000,54.655219,0.059370,24.876859,16.076821,0.000000,31.934693
98,0,0.000000,24.218714,19.235987,0.020110,28.993639,0.000000,0.000000,52.019847,0.051249,22.997692,16.002841,0.000000,31.070492
99,0,0.000000,16.338326,15.409845,0.011499,31.755134,0.000000,0.000000,31.989430,0.052003,15.225596,9.398911,0.000000,17.770034
100,0,0.000000,10.173262,21.607809,0.010881,31.787126,0.000000,0.000000,32.011427,0.052904,2.251119,16.047243,0.000000,18.343128
101,0,0.000000,24.237838,10.631529,0.009228,24.266772,0.000000,0.000000,43.671969,0.050033,16.997479,14.612325,0.000000,25.028173
102,0,0.000000,20.795672,13.683348,0.003657,30.386873,0.000000,0.000000,48.241343,0.062859,15.443158,12.006596,0.000000,24.449248
103,0,0.000000,18.116432,14.147030,0.009024,20.707304,0.000000,0.000000,48.547547,8.034800,27.789332,14.678314,0.000000,30.537783
104,0,0.000000,15.953792,19.374858,0.015936,35.283487,0.000000,0.000000,55.799484,0.051256,23.446103,23.266607,0.000000,39.478253
105,0,0.000000,18.512353,14.673338,0.012884,30.480797,0.000000,0.000000,51.525717,0.053512,19.391197,14.086373,0.000000,27.408520
106,0,0.000000,16.878361,11.823561,0.007580,24.696835,0.000000,0.000000,39.959772,0.071952,15.915243,7.998084,0.000000,15.992287
107,0,0.000000,16.527959,10.705259,0.005129,26.942065,0.000000,0.000000,54.470872,8.057431,23.371033,11.977856,0.000000,31.891346
108,0,0.000000,13.797165,18.568968,0.024830,31.024910,0.000000,0.000000,51.255012,5.528826,18.896084,12.836238,0.000000,32.419780
109,0,0.000000,25.978040,5.728836,0.011107,27.711073,0.000000,0.000000,39.997405,0.057999,17.980620,11.970925,0.000000,26.021475
110,0,0.000000,16.613301,7.793196,0.005554,24.412051,0.000000,0.000000,32.017761,0.038976,16.033141,4.004013,0.000000,20.074974
111,0,0.000000,24.197514,15.602995,0.013460,39.813969,0.000000,0.000000,47.920932,0.040257,16.166212,11.978532,0.000000,24.276694
112,0,0.000000,20.885545,14.677482,0.010610,23.497778,0.000000,0.000000,56.014614,12.649660,24.673258,18.893877,0.000000,35.351167
113,0,0.000000,22.077395,17.598504,0.010255,27.140032,0.000000,0.000000,54.459578,0.046037,19.801449,20.570914,0.000000,40.414913
114,0,0.000000,15.808196,15.359567,0.015304,27.396434,0.000000,0.000000,56.025944,0.051227,17.679017,19.973063,0.000000,29.712670
115,0,0.000000,19.857184,20.034838,0.014971,31.919330,0.000000,0.000000,55.256312,0.048025,20.616556,19.980383,0.000000,36.630794
116,0,0.000000,16.494119,20.097332,0.016749,28.188489,0.000000,0.000000,50.122875,0.050578,16.455916,22.446896,0.000000,38.269272
117,0,0.000000,22.382347,14.951121,0.007327,33.343464,0.000000,0.000000,49.540335,0.080617,20.749323,14.926315,0.000000,25.472148
118,0,0.000000,16.340451,20.152694,0.008608,36.495970,0.000000,0.000000,50.062367,4.076353,26.592308,12.410340,0.000000,33.575557
119,0,0.000000,15.414400,11.864654,0.012043,24.363089,0.000000,0.000000,48.164145,0.181173,19.853671,8.002495,0.000000,28.026791
120,0,0.000000,22.266741,11.152333,0.012035,29.408036,0.000000,0.000000,42.023037,2.056603,21.541370,3.993416,0.000000,21.592241
121,0,0.000000,19.853644,10.852337,0.007926,19.880770,0.000000,0.000000,48.037568,12.020472,23.806567,14.835767,0.000000,31.785832
122,0,0.000000,24.350534,11.111896,0.016366,31.487141,0.000000,0.000000,48.187712,1.765749,31.967816,8.007781,0.000000,40.023103
123,0,0.000000,22.025916,10.109357,0.007175,28.133453,0.000000,0.000000,54.382387,8.073384,26.494648,8.005036,0.000000,36.967982
124,0,0.000000,20.322068,11.357127,0.028445,31.681153,0.000000,0.000000,41.225215,7.986790,20.202773,8.001420,0.000000,24.122303
125,0,0.000000,21.485303,18.985912,0.017326,33.905619,0.000000,0.000000,60.511425,2.834417,26.356748,16.455665,0.000000,42.854753
126,0,0.000000,21.898468,10.959643,0.016459,32.272852,0.000000,0.000000,43.398446,0.064323,20.169220,11.972757,0.000000,31.851835
127,0,0.000000,16.299864,15.695442,0.012994,28.010269,0.000000,0.000000,52.374234,0.065059,19.697029,15.695495,0.000000,27.803478
128,0,0.000000,16.673185,11.858576,0.011261,28.294131,0.000000,0.000000,47.979973,0.064355,16.067883,8.003802,0.000000,24.130239
129,0,0.000000,21.209092,23.047453,0.017457,44.264380,0.000000,0.000000,48.663491,0.069810,8.620802,19.988545,0.000000,24.728321
130,0,0.000000,22.041002,14.055455,0.011540,36.098120,0.000000,0.000000,45.452492,0.058289,11.947710,11.986664,0.000000,23.623760
131,0,0.000000,16.470652,18.442125,0.018312,29.331481,0.000000,0.000000,59.980626,5.362848,22.031687,15.988596,0.000000,31.965381
132,0,0.000000,20.442081,7.853879,0.020757,28.315431,0.000000,0.000000,40.070056,4.040656,19.471899,7.864178,0.000000,23.928307
133,0,0.000000,26.138676,13.517820,0.024662,26.160722,0.000000,0.000000,39.922508,0.057824,25.298639,11.964066,0.000000,26.101379
134,0,0.000000,20.137911,7.793496,0.006739,27.885053,0.000000,0.000000,32.010030,0.039252,15.915657,4.001775,0.000000,16.065400
135,0,0.000000,16.347208,11.121997,0.015317,23.606369,0.000000,0.000000,47.935996,0.052530,8.978199,16.018551,0.000000,24.905206
136,0,0.000000,18.894731,12.177736,0.008552,25.307620,0.000000,0.000000,52.006848,8.015820,28.615929,12.002106,0.000000,36.674827
137,0,0.000000,21.635871,7.844349,0.013518,29.403670,0.000000,0.000000,36.027169,8.016270,23.124984,0.068318,0.000000,23.508635
138,0,0.000000,16.452015,11.392665,0.023604,27.865431,0.000000,0.000000,55.280975,0.062320,18.204619,15.350697,0.000000,30.125089
139,0,0.000000,16.277239,7.898465,0.008715,24.171053,0.000000,0.000000,47.995950,2.313346,24.237127,15.857848,0.000000,33.975811
140,0,0.000000,21.416968,14.558896,0.012017,35.979028,0.000000,0.000000,57.522933,8.004176,29.605502,19.122986,0.000000,37.647693
141,0,0.000000,12.573286,21.212305,0.015072,33.540148,0.000000,0.000000,56.063561,8.097561,19.613401,16.030302,0.000000,31.834495
142,0,0.000000,16.601579,18.414601,0.009675,30.378856,0.000000,0.000000,55.918693,0.051890,20.770526,16.002880,0.000000,36.824823
143,0,0.000000,22.922289,13.135124,0.010975,35.697744,0.000000,0.000000,50.712673,0.055674,24.590069,12.697998,0.000000,24.659066
144,0,0.000000,23.879918,21.991268,0.015635,33.690554,0.000000,0.000000,55.601945,0.052091,23.377200,20.005999,0.000000,35.878082
145,0,0.000000,23.285574,7.540845,0.013201,30.828082,0.000000,0.000000,46.861275,0.063097,18.857610,7.998073,0.000000,26.906853
146,0,0.000000,20.134641,14.646770,0.013996,26.829677,0.000000,0.000000,55.984165,8.039017,26.201853,16.015654,0.000000,34.248256
147,0,0.000000,21.704753,12.011951,0.012491,29.545392,0.000000,0.000000,59.631919,4.033505,23.897730,16.003228,0.000000,31.462844
148,0,0.000000,20.328898,21.696919,0.010281,33.911097,0.000000,0.000000,60.001005,0.046574,25.761520,9.328651,0.000000,31.277309
149,0,0.000000,24.237807,11.719510,0.012182,32.049184,0.000000,0.000000,55.989952,7.985159,15.976352,16.010659,0.000000,31.788982
150,0,0.000000,16.123680,13.977996,0.012454,22.359963,0.000000,0.000000,51.941698,0.055503,20.026656,17.810776,0.000000,29.590422
151,0,0.000000,14.927602,21.524523,0.011168,30.053713,0.000000,0.000000,55.998415,8.017305,20.639051,21.486257,0.000000,39.697210
152,0,0.000000,23.998312,15.118996,0.011493,38.816122,0.000000,0.000000,43.450362,0.069438,16.422055,12.011831,0.000000,28.486697
153,0,0.000000,20.549755,11.109131,0.005973,27.722858,0.000000,0.000000,47.996203,4.021901,24.454058,7.999344,0.000000,24.633170
154,0,0.000000,24.463388,18.599998,0.006765,33.842904,0.000000,0.000000,58.308158,4.026409,25.867189,15.986847,0.000000,43.734873
155,0,0.000000,16.240727,19.851848,0.013084,28.034176,0.000000,0.000000,52.009254,4.018804,21.857845,11.986556,0.000000,23.919230
156,0,0.000000,22.840586,17.365758,0.013589,36.253204,0.000000,0.000000,52.918753,5.593489,22.833910,16.246170,0.000000,27.981925
157,0,0.000000,18.664371,18.250033,0.032321,36.927917,0.000000,0.000000,51.962476,1.554651,22.395506,14.255921,0.000000,33.202089
158,0,0.000000,16.306958,11.397517,0.014706,26.555962,0.000000,0.000000,60.721094,8.007281,24.130754,17.170057,0.000000,35.958277
159,0,0.000000,20.359947,11.795547,0.017857,28.151348,0.000000,0.000000,58.782325,2.837310,19.910109,15.999478,0.000000,30.754077
160,0,0.000000,24.126049,11.720602,0.016810,24.356393,0.000000,0.000000,49.547905,0.054165,23.911498,15.674697,0.000000,35.635288
161,0,0.000000,21.824547,15.525637,0.009240,37.348321,0.000000,0.000000,37.590517,0.056117,11.966879,15.510347,0.000000,27.532022
162,0,0.000000,20.551118,10.967749,0.004468,27.520459,0.000000,0.000000,56.444548,1.922227,24.568925,10.580467,0.000000,32.585716
163,0,0.000000,21.274998,18.039734,0.006538,27.339765,0.000000,0.000000,56.064644,4.888187,20.548473,19.989026,0.000000,33.106159
164,0,0.000000,28.977752,11.822962,0.013581,36.794955,0.000000,0.000000,60.784388,0.044897,31.006473,15.981137,0.000000,47.025454
165,0,0.000000,31.150154,19.200122,0.017288,42.342005,0.000000,0.000000,55.995029,4.231135,22.935190,17.244898,0.000000,36.391313
166,0,0.000000,16.216670,13.181779,0.008712,25.657118,0.000000,0.000000,49.105264,1.588666,19.746169,13.159291,0.000000,29.297057
167,0,0.000000,24.415677,13.556756,0.010087,30.002764,0.000000,0.000000,57.092179,0.069577,19.796248,13.137111,0.000000,30.008107
168,0,0.000000,21.461691,14.462076,0.013036,27.958075,0.000000,0.000000,44.959920,3.014365,28.741697,0.029460,0.000000,28.851940
169,0,0.000000,16.386097,14.025565,0.012680,30.398733,0.000000,0.000000,63.994653,9.807912,23.955392,13.977033,0.000000,36.842288
170,0,0.000000,16.275340,20.907987,0.017298,29.239181,0.000000,0.000000,59.958699,6.400644,21.742004,16.003226,0.000000,33.322248
171,0,0.000000,21.761115,9.363184,0.012278,31.121467,0.000000,0.000000,56.009174,8.002113,23.811577,13.329516,0.000000,33.203312
172,0,0.000000,25.859157,14.770753,0.011533,32.588325,0.000000,0.000000,55.978460,8.028115,31.101577,19.968242,0.000000,40.313597
173,0,0.000000,20.300057,10.210420,0.016147,26.480982,0.000000,0.000000,40.026279,4.014524,17.302369,11.991789,0.000000,24.184957
174,0,0.000000,16.340729,7.306891,0.016632,23.627924,0.000000,0.000000,24.001759,0.054148,8.200720,4.030659,0.000000,8.495766
175,0,0.000000,16.383125,15.131733,0.018683,31.523913,0.000000,0.000000,32.016805,0.041075,8.545609,8.287335,0.000000,16.662124
176,0,0.000000,24.293079,7.399138,0.016033,31.708250,0.000000,0.000000,39.886275,0.044923,16.341725,8.005685,0.000000,24.077883
177,0,0.000000,19.133633,10.928239,0.011982,26.064507,0.000000,0.000000,54.846393,0.074699,24.308102,11.984868,0.000000,34.778197
178,0,0.000000,20.428804,18.576922,0.019002,26.175172,0.000000,0.000000,55.948650,8.032065,24.685990,21.961711,0.000000,36.193005
179,0,0.000000,17.631377,19.761524,0.012028,25.394219,0.000000,0.000000,57.070041,9.084213,23.554119,16.049684,0.000000,40.661707
180,0,0.000000,16.761335,22.203949,0.011180,38.968845,0.000000,0.000000,39.935604,0.055604,16.017810,15.976968,0.000000,24.652789
181,0,0.000000,16.363857,9.992584,0.006772,22.272969,0.000000,0.000000,51.986005,0.047544,21.664912,15.985985,0.000000,29.695164
182,0,0.000000,20.325681,7.290014,0.013311,27.602356,0.000000,0.000000,32.022216,4.012826,16.326027,3.986115,0.000000,20.077352
183,0,0.000000,24.207438,7.387720,0.005208,31.597086,0.000000,0.000000,31.963592,0.041913,16.254954,0.023767,0.000000,16.312346
184,0,0.000000,8.281760,15.475479,0.018721,23.775960,0.000000,0.000000,24.037578,0.044825,0.306320,8.038297,0.000000,8.238048
185,0,0.000000,21.561140,11.088109,0.007914,32.656094,0.000000,0.000000,39.995307,2.958516,16.437893,8.010241,0.000000,27.349638
186,0,0.000000,20.504866,12.797464,0.016796,29.455688,0.000000,0.000000,50.812110,8.010384,16.324272,12.878371,0.000000,26.350026
187,0,0.000000,24.167204,11.281957,0.008038,31.468793,0.000000,0.000000,39.946523,0.045351,16.396660,15.275934,0.000000,28.409019
188,0,0.000000,16.497801,14.698635,0.012408,27.197336,0.000000,0.000000,58.349179,8.012915,24.654779,20.015216,0.000000,36.979920
189,0,0.000000,21.944509,13.864360,0.012022,35.803119,0.000000,0.000000,53.654927,0.060211,19.858667,20.004179,0.000000,27.938923
190,0,0.000000,16.241248,14.928422,0.024422,23.379020,0.000000,0.000000,55.996992,2.234974,19.210832,18.854521,0.000000,27.211664
191,0,0.000000,21.267908,20.700990,0.016131,41.982924,0.000000,0.000000,46.512371,4.097543,24.365238,14.507566,0.000000,24.427315
192,0,0.000000,16.149168,15.117166,0.017042,27.229681,0.000000,0.000000,48.510279,8.194159,17.484645,8.023098,0.000000,21.424451
193,0,0.000000,20.294813,18.215591,0.009640,30.545354,0.000000,0.000000,55.463183,7.466696,19.296422,20.860678,0.000000,37.066543
194,0,0.000000,23.972338,19.747506,0.009399,31.854163,0.000000,0.000000,55.430593,0.055883,19.662457,15.988163,0.000000,35.226824
195,0,0.000000,20.393661,15.776323,0.004574,21.827176,0.000000,0.000000,52.002623,12.039920,29.151266,15.773907,0.000000,37.132157
196,0,0.000000,12.993778,16.324159,0.021231,24.530859,0.000000,0.000000,58.657286,7.253323,15.853909,18.672113,0.000000,38.607152
197,0,0.000000,24.300069,19.917935,0.007507,36.388439,0.000000,0.000000,53.262730,1.331158,27.441934,19.899752,0.000000,37.309819
198,0,0.000000,16.933680,13.379050,0.010759,24.792862,0.000000,0.000000,51.510273,3.059648,19.638471,12.305706,0.000000,28.055310
199,0,0.000000,23.976590,15.394042,0.009568,39.376110,0.000000,0.000000,39.692386,0.054581,16.361981,8.026547,0.000000,16.472389
200,0,0.000000,24.287820,11.401232,0.012688,31.813555,0.000000,0.000000,39.954582,0.035801,16.151448,7.994406,0.000000,24.163609
201,0,0.000000,20.421182,7.867121,0.008852,24.288171,0.000000,0.000000,47.989689,8.447469,16.695076,8.004323,0.000000,32.600387
202,0,0.000000,16.754955,11.794390,0.008651,28.550479,0.000000,0.000000,43.991568,7.469052,15.949130,7.968483,0.000000,23.838557
203,0,0.000000,25.220286,19.745849,0.011148,25.256336,0.000000,0.000000,52.030354,6.985194,27.534190,11.736060,0.000000,37.139553
204,0,0.000000,12.397927,14.184133,0.007729,22.623280,0.000000,0.000000,47.976794,7.998691,19.472455,11.967529,0.000000,28.260800
205,0,0.000000,20.586014,11.274093,0.006771,23.383946,0.000000,0.000000,43.994407,7.006883,23.978596,7.985849,0.000000,24.705356
206,0,0.000000,20.583323,11.867554,0.011364,32.452319,0.000000,0.000000,59.312549,7.983553,23.426631,11.905413,0.000000,37.376594
207,0,0.000000,13.803624,11.683057,0.012015,19.975734,0.000000,0.000000,52.026850,8.013219,23.695138,19.666401,0.000000,35.559389
208,0,0.000000,14.681263,7.220030,0.004421,21.884920,0.000000,0.000000,46.437221,4.307099,17.092714,11.774906,0.000000,28.636911
209,0,0.000000,19.970561,12.014843,0.012055,23.913094,0.000000,0.000000,53.253655,0.064834,22.143255,15.974047,0.000000,28.522916
210,0,0.000000,21.212104,13.213678,0.008591,33.883250,0.000000,0.000000,52.335664,1.901606,22.391054,15.990433,0.000000,33.499694
211,0,0.000000,24.033912,18.209198,0.014944,34.876755,0.000000,0.000000,48.757024,8.047326,23.899869,18.293541,0.000000,35.426677
212,0,0.000000,18.735860,14.695136,0.014451,25.438891,0.000000,0.000000,57.062804,8.004031,17.074732,14.625679,0.000000,30.554243
213,0,0.000000,24.436272,12.190270,0.012696,36.575599,0.000000,0.000000,55.999397,7.465504,23.040458,11.997105,0.000000,31.988699
214,0,0.000000,21.904224,12.904886,0.011842,34.808418,0.000000,0.000000,51.998380,4.022977,22.706503,15.971724,0.000000,34.710372
215,0,0.000000,21.532538,11.195034,0.007096,28.736812,0.000000,0.000000,49.225452,0.049903,16.897105,11.964568,0.000000,28.488393
216,0,0.000000,24.538717,18.379875,0.032366,30.747997,0.000000,0.000000,55.919025,3.414533,23.570956,22.348998,0.000000,41.880844
217,0,0.000000,11.724044,7.232963,0.005266,14.980682,0.000000,0.000000,39.419389,0.056801,15.944188,7.988831,0.000000,16.025102
218,0,0.000000,15.001411,15.592280,0.033230,23.799453,0.000000,0.000000,52.013262,7.995532,16.108817,15.950564,0.000000,31.692720
219,0,0.000000,16.249703,5.677378,0.004294,21.908144,0.000000,0.000000,35.486723,3.499790,16.023257,0.042443,0.000000,19.437240
220,0,0.000000,20.478865,16.503720,0.011029,28.393562,0.000000,0.000000,51.960012,0.037498,22.943047,8.013782,0.000000,22.981716
221,0,0.000000,12.418196,14.728164,0.009560,22.874405,0.000000,0.000000,47.984445,0.056215,15.765535,13.497224,0.000000,23.841701
222,0,0.000000,16.376518,6.435263,0.008463,22.730627,0.000000,0.000000,32.006133,0.070890,16.797718,0.032056,0.000000,16.876668
223,0,0.000000,20.308092,20.987394,0.012291,39.976451,0.000000,0.000000,55.991389,0.039163,22.950959,15.999496,0.000000,35.394152
224,0,0.000000,16.162273,11.674736,0.008959,23.878793,0.000000,0.000000,39.951745,0.052223,16.079834,8.012375,0.000000,24.144432
225,0,0.000000,28.304773,20.022392,0.011115,40.329015,0.000000,0.000000,51.965142,0.066108,23.616093,11.143225,0.000000,30.885645
226,0,0.000000,19.573456,11.437131,0.016599,31.006673,0.000000,0.000000,51.382521,0.047499,18.360680,15.995820,0.000000,28.086333
227,0,0.000000,20.437063,16.979296,0.008655,26.689080,0.000000,0.000000,49.048804,5.047276,26.577536,16.952226,0.000000,33.768677
228,0,0.000000,20.409241,9.379917,0.018745,29.035308,0.000000,0.000000,53.429853,7.998022,20.497226,15.779743,0.000000,32.867547
229,0,0.000000,24.203495,20.830907,0.014827,37.264826,0.000000,0.000000,59.948805,5.742276,23.805797,15.998310,0.000000,39.853783
230,0,0.000000,12.535590,11.569287,0.019029,23.933117,0.000000,0.000000,48.008179,7.994803,16.091630,8.019208,0.000000,26.640653
231,0,0.000000,22.698963,11.673814,0.014878,34.387655,0.000000,0.000000,65.719462,11.971869,28.307997,21.709271,0.000000,49.696990
232,0,0.000000,20.399833,6.912145,0.015145,27.287412,0.000000,0.000000,48.013620,4.072015,17.824235,10.857894,0.000000,27.780705
233,0,0.000000,18.300801,20.484031,0.008324,28.687717,0.000000,0.000000,51.999260,8.001273,23.907098,16.019113,0.000000,32.511428
234,0,0.000000,24.230397,15.539249,0.015750,34.121445,0.000000,0.000000,52.090763,0.500655,20.144813,16.004024,0.000000,29.389604
235,0,0.000000,15.968870,11.838218,0.012632,23.947615,0.000000,0.000000,35.906200,0.048495,15.924582,7.954075,0.000000,15.993833
236,0,0.000000,12.520476,12.240926,0.008981,20.548668,0.000000,0.000000,52.017198,8.034519,23.996900,8.094599,0.000000,32.029100
237,0,0.000000,13.581762,16.509181,0.009115,26.421043,0.000000,0.000000,56.009105,7.533035,25.591736,19.996622,0.000000,33.654808
238,0,0.000000,24.245725,15.263374,0.005665,39.514764,0.000000,0.000000,40.052687,0.039749,16.409169,12.037426,0.000000,24.525264
239,0,0.000000,30.774063,13.031803,0.011929,35.073425,0.000000,0.000000,56.836205,0.049733,23.384977,20.898419,0.000000,43.688609
240,0,0.000000,22.859851,11.174513,0.010540,30.047926,0.000000,0.000000,42.383262,0.040297,22.287679,8.025698,0.000000,30.313525
241,0,0.000000,20.296733,19.133915,0.013271,27.438762,0.000000,0.000000,56.002377,8.006277,20.541136,23.098097,0.000000,39.555895
242,0,0.000000,15.634210,13.743611,0.011477,25.516814,0.000000,0.000000,51.794329,0.310488,15.980985,13.740484,0.000000,28.319997
243,0,0.000000,28.139123,16.966521,0.010747,29.266387,0.000000,0.000000,48.571550,0.237107,22.642489,16.624299,0.000000,30.389271
244,0,0.000000,16.461773,7.220634,0.008583,23.688551,0.000000,0.000000,32.026820,0.056933,16.201822,0.039910,0.000000,16.283701
245,0,0.000000,27.979471,11.951565,0.011005,34.326696,0.000000,0.000000,52.665577,0.042693,21.303578,16.683154,0.000000,37.066701
246,0,0.000000,21.114780,10.890854,0.011815,31.398557,0.000000,0.000000,54.310226,0.072599,22.062552,14.845875,0.000000,28.180432
247,0,0.000000,16.462108,16.616634,0.011672,31.089758,0.000000,0.000000,48.489015,1.994506,23.936811,12.505567,0.000000,25.546141
248,0,0.000000,20.417018,20.325690,0.021954,40.723729,0.000000,0.000000,58.781574,9.463707,23.808381,20.287907,0.000000,49.305805
249,0,0.000000,23.033213,11.229576,0.006823,34.236169,0.000000,0.000000,45.960169,0.070061,16.555399,15.671767,0.000000,31.930567
250,0,0.000000,20.717487,19.786086,0.027564,33.481401,0.000000,0.000000,56.494927,3.950196,16.066620,16.024546,0.000000,32.560678
251,0,0.000000,20.347238,21.895978,0.017307,33.987084,0.000000,0.000000,52.889455,0.041423,18.625232,15.985126,0.000000,31.498288
252,0,0.000000,23.206125,13.793281,0.009116,33.005053,0.000000,0.000000,47.077428,0.071986,21.043995,19.986368,0.000000,34.577932
253,0,0.000000,18.305811,14.370044,0.012613,29.523287,0.000000,0.000000,51.974750,7.034828,20.369568,15.969465,0.000000,35.864407
254,0,0.000000,16.382094,18.239154,0.011855,30.082057,0.000000,0.000000,52.032251,4.072164,21.851457,19.811431,0.000000,41.625504
255,0,0.000000,21.088453,12.052646,0.008115,27.045055,0.000000,0.000000,39.981106,2.872675,19.591256,8.028680,0.000000,27.663184
256,0,0.000000,24.192929,15.528491,0.010877,39.723524,0.000000,0.000000,43.974454,0.033568,16.244864,11.993576,0.000000,28.266187
257,0,0.000000,16.138092,11.786261,0.012122,23.678960,0.000000,0.000000,54.719758,0.159275,15.792844,15.972882,0.000000,29.006543
258,0,0.000000,27.885035,21.048074,0.016820,37.375872,0.000000,0.000000,56.000066,0.061920,23.967467,11.969106,0.000000,31.994224
259,0,0.000000,22.848729,7.621502,0.012279,30.461791,0.000000,0.000000,51.984033,4.263331,20.289984,15.949751,0.000000,32.280125
260,0,0.000000,20.302160,11.768623,0.014037,31.302424,0.000000,0.000000,40.030709,8.006770,13.902246,7.990646,0.000000,20.720155
261,0,0.000000,13.266883,13.337263,0.007873,21.512298,0.000000,0.000000,47.993079,8.009145,22.400251,16.131084,0.000000,39.615625
262,0,0.000000,20.624713,11.060153,0.010462,27.515101,0.000000,0.000000,51.508728,7.516157,24.024306,8.009525,0.000000,32.046446
263,0,0.000000,16.742802,11.846409,0.010779,24.594972,0.000000,0.000000,51.015805,2.871381,20.817113,11.958748,0.000000,35.258013
264,0,0.000000,20.481770,14.884367,0.009991,31.410385,0.000000,0.000000,44.055580,7.992295,20.577842,8.010569,0.000000,28.643540
265,0,0.000000,24.540918,11.916133,0.010351,31.990388,0.000000,0.000000,55.060548,0.271959,19.771777,10.749621,0.000000,24.989131
266,0,0.000000,20.160435,11.752386,0.031343,23.948998,0.000000,0.000000,48.197631,0.636351,15.954304,10.185587,0.000000,24.565216
267,0,0.000000,16.213322,18.918005,0.119282,27.300459,0.000000,0.000000,58.471951,3.476658,16.808640,16.780090,0.000000,34.461639
268,0,0.000000,15.723700,9.252420,0.030815,20.987893,0.000000,0.000000,43.234516,0.048118,20.517380,11.979449,0.000000,32.544810
269,0,0.000000,13.895239,11.880377,0.010028,25.648214,0.000000,0.000000,51.969617,10.479620,31.567261,11.860986,0.000000,34.092172
270,0,0.000000,21.607066,11.847448,0.010413,33.464927,0.000000,0.000000,47.985220,4.888681,22.988861,15.985889,0.000000,42.992888
271,0,0.000000,20.202741,16.554837,0.015423,28.929381,0.000000,0.000000,63.983015,11.904782,23.690141,12.001602,0.000000,39.117102
272,0,0.000000,12.314076,11.544267,0.012394,20.191717,0.000000,0.000000,43.193740,7.236730,19.293285,7.541905,0.000000,22.434442
273,0,0.000000,24.141285,19.832356,0.010904,36.311684,0.000000,0.000000,52.129341,4.285558,29.385064,15.908538,0.000000,39.600239
274,0,0.000000,31.006182,11.448878,0.023908,38.449556,0.000000,0.000000,54.017479,1.327247,24.271375,12.003596,0.000000,34.175451
275,0,0.000000,20.459666,15.810019,0.016343,28.275124,0.000000,0.000000,48.124084,0.054940,19.877133,15.780304,0.000000,23.794683
276,0,0.000000,23.697626,20.359004,0.020344,34.044799,0.000000,0.000000,55.775345,7.753969,27.131558,19.989232,0.000000,35.768642
277,0,0.000000,16.255636,18.531562,0.012859,34.775536,0.000000,0.000000,51.968459,0.049478,19.257762,18.193056,0.000000,34.829879
278,0,0.000000,16.273574,19.257552,0.018770,27.596231,0.000000,0.000000,52.184067,4.059623,18.132563,11.117358,0.000000,33.281121
279,0,0.000000,17.541202,19.698260,0.008912,33.569135,0.000000,0.000000,49.316683,0.048181,20.143534,15.974802,0.000000,35.804981
280,0,0.000000,22.763036,19.448611,0.011052,32.628353,0.000000,0.000000,54.393658,4.898438,25.519761,15.969778,0.000000,30.635886
281,0,0.000000,16.191426,11.813161,0.009292,24.096325,0.000000,0.000000,44.225861,0.050720,15.957012,11.982861,0.000000,24.009210
282,0,0.000000,13.441719,11.764285,0.007708,25.208521,0.000000,0.000000,52.122550,8.019009,20.753046,15.987626,0.000000,32.289789
283,0,0.000000,20.438265,16.902111,0.007582,37.347958,0.000000,0.000000,44.917380,0.959919,20.520604,12.867295,0.000000,28.543714
284,0,0.000000,20.857642,7.573087,0.010399,28.423820,0.000000,0.000000,44.461250,0.126610,15.918974,8.003500,0.000000,20.330830
285,0,0.000000,9.826965,20.572441,0.018145,29.175544,0.000000,0.000000,52.013855,8.013938,22.106044,15.980191,0.000000,36.021353
286,0,0.000000,20.341103,12.822691,0.016913,25.127103,0.000000,0.000000,42.671657,0.049503,18.616001,14.710893,0.000000,26.676879
287,0,0.000000,17.614001,11.869618,0.011692,25.483952,0.000000,0.000000,53.085228,0.052494,23.874602,16.018198,0.000000,39.943390
288,0,0.000000,20.520298,15.553968,0.017158,35.977232,0.000000,0.000000,44.200049,0.058411,27.735257,8.060877,0.000000,27.799476
289,0,0.000000,22.813132,11.518804,0.009494,32.219612,0.000000,0.000000,38.857326,2.592572,16.043279,8.028960,0.000000,24.090931
290,0,0.000000,16.292157,11.500123,0.011513,23.830494,0.000000,0.000000,36.017236,0.054529,8.127208,8.280341,0.000000,16.459543
291,0,0.000000,20.468514,17.346601,0.010897,32.610312,0.000000,0.000000,49.228433,3.977289,16.014684,13.166321,0.000000,29.123902
292,0,0.000000,16.199623,7.640835,0.010392,23.840114,0.000000,0.000000,24.020424,0.054768,8.149372,0.024995,0.000000,8.219994
293,0,0.000000,8.589405,7.308221,0.004388,15.884165,0.000000,0.000000,16.012939,0.036784,0.495950,0.027259,0.000000,0.550590
294,0,0.000000,16.356500,18.074577,0.016152,34.420191,0.000000,0.000000,44.146525,0.024745,21.180496,8.018758,0.000000,28.544869
295,0,0.000000,20.480069,18.925524,0.016463,32.087420,0.000000,0.000000,49.600244,0.287698,16.304274,15.819532,0.000000,28.230607
296,0,0.000000,16.192444,12.021597,0.006868,28.140404,0.000000,0.000000,55.996306,8.018219,21.438959,15.994908,0.000000,37.450271
297,0,0.000000,16.516619,7.701267,0.008594,24.048708,0.000000,0.000000,36.198209,0.125737,16.146525,0.200793,0.000000,16.458071
298,0,0.000000,16.260060,15.265830,0.009902,31.529669,0.000000,0.000000,31.817898,0.047834,8.422842,8.028970,0.000000,16.480130
299,0,0.000000,16.224559,15.558645,0.006161,31.775203,0.000000,0.000000,31.986347,0.043581,8.180252,8.031255,0.000000,16.235509
300,0,0.000000,16.261713,15.537860,0.002804,31.712021,0.000000,0.000000,31.975858,0.034912,8.161928,0.047369,0.000000,8.239283
301,0,0.000000,16.160185,17.708065,0.008265,30.235664,0.000000,0.000000,55.646498,0.043017,17.199563,19.644052,0.000000,36.061619
302,0,0.000000,28.850721,11.271579,0.014937,36.128178,0.000000,0.000000,40.322836,0.062863,20.411173,7.970923,0.000000,28.338442
303,0,0.000000,12.304765,12.205693,0.007652,24.518110,0.000000,0.000000,47.991157,8.001105,17.206820,8.051584,0.000000,25.317367
304,0,0.000000,18.393522,16.050945,0.015466,32.763136,0.000000,0.000000,49.984329,2.742006,22.946991,16.037812,0.000000,31.532319
305,0,0.000000,21.294790,8.679155,0.006074,29.975511,0.000000,0.000000,32.951058,0.060904,11.025020,0.033919,0.000000,11.102194
306,0,0.000000,23.615760,11.765827,0.005957,35.385401,0.000000,0.000000,52.184394,8.005306,23.938261,16.178571,0.000000,32.008344
307,0,0.000000,25.148879,19.837494,0.018368,35.674284,0.000000,0.000000,56.012137,3.314402,16.157173,20.007770,0.000000,34.781872
308,0,0.000000,22.203630,7.145900,0.005128,29.333608,0.000000,0.000000,37.926024,0.045405,24.449643,4.007442,0.000000,24.500576
309,0,0.000000,27.996272,7.665508,0.018114,31.654154,0.000000,0.000000,39.986398,0.036378,20.032155,8.011224,0.000000,28.072849
310,0,0.000000,18.161999,10.721248,0.012548,25.061408,0.000000,0.000000,55.974894,11.995352,30.621928,14.649334,0.000000,43.511209
311,0,0.000000,15.872175,12.745570,0.007954,28.521591,0.000000,0.000000,48.001138,3.692303,17.273217,12.831023,0.000000,26.015060
312,0,0.000000,13.643994,15.181736,0.012948,28.831840,0.000000,0.000000,31.997941,2.664197,13.228130,8.028538,0.000000,21.266522
313,0,0.000000,16.193584,15.464282,0.011007,31.660374,0.000000,0.000000,31.963716,0.032240,8.140102,0.039424,0.000000,8.208117
314,0,0.000000,16.218798,11.597064,0.006920,27.750697,0.000000,0.000000,32.002669,0.048574,8.156663,8.024031,0.000000,16.210870
315,0,0.000000,16.116144,11.372107,0.010679,23.497463,0.000000,0.000000,35.994614,0.049111,16.077550,0.040412,0.000000,16.164775
316,0,0.000000,21.287939,11.243971,0.011204,28.568846,0.000000,0.000000,51.998726,7.997555,27.085154,19.169404,0.000000,35.119637
317,0,0.000000,19.396727,11.741959,0.008684,26.946147,0.000000,0.000000,51.868592,0.958725,16.185537,15.515940,0.000000,32.283730
318,0,0.000000,16.259014,20.631847,0.008894,28.838641,0.000000,0.000000,52.003709,0.063472,27.339956,16.757452,0.000000,27.408101
319,0,0.000000,24.430484,11.419225,0.007183,31.683231,0.000000,0.000000,46.345909,0.046573,16.545291,15.206465,0.000000,28.711375
320,0,0.000000,28.493554,20.113694,0.016656,34.055170,0.000000,0.000000,49.601130,0.053668,23.647088,20.160546,0.000000,39.733791
321,0,0.000000,23.693456,12.448584,0.006815,24.144585,0.000000,0.000000,54.785449,0.054196,23.352992,23.362455,0.000000,30.887908
322,0,0.000000,16.457303,16.955725,0.011825,33.288309,0.000000,0.000000,51.684440,0.644916,19.632121,11.697578,0.000000,20.596600
323,0,0.000000,24.217905,15.576567,0.007226,28.255322,0.000000,0.000000,48.308733,0.348797,16.158580,4.004666,0.000000,20.205694
324,0,0.000000,16.448239,21.178197,0.012112,33.418242,0.000000,0.000000,56.005209,7.997784,18.527225,12.972402,0.000000,31.496522
325,0,0.000000,24.098359,11.542796,0.015040,35.642719,0.000000,0.000000,39.953250,0.051604,16.169565,7.986572,0.000000,23.890691
326,0,0.000000,18.391598,12.562460,0.016018,30.955393,0.000000,0.000000,51.984024,7.978682,23.177742,12.663598,0.000000,34.508136
327,0,0.000000,17.169493,20.932765,0.015972,30.096762,0.000000,0.000000,57.954514,2.009203,20.995202,16.061412,0.000000,38.987223
328,0,0.000000,24.556993,11.605553,0.008673,35.839202,0.000000,0.000000,43.978676,0.061456,20.325008,7.615793,0.000000,20.418831
329,0,0.000000,16.434614,16.104027,0.009252,24.686372,0.000000,0.000000,51.997655,4.368021,16.111486,19.812050,0.000000,32.134542
330,0,0.000000,15.917555,11.744203,0.020968,23.572478,0.000000,0.000000,43.667781,0.317153,15.717367,11.973343,0.000000,23.724854
331,0,0.000000,20.683071,15.512088,0.005396,36.145779,0.000000,0.000000,44.456878,0.059789,16.243311,16.314388,0.000000,32.297553
332,0,0.000000,25.357135,20.363078,0.012796,41.288923,0.000000,0.000000,56.716431,0.057356,23.169755,12.432737,0.000000,31.215993
333,0,0.000000,16.346602,16.779371,0.010871,28.614803,0.000000,0.000000,51.994791,4.047987,15.992888,15.897971,0.000000,27.836525
334,0,0.000000,12.186645,18.862036,0.018529,27.130809,0.000000,0.000000,51.968272,4.038274,15.930936,13.448566,0.000000,24.998303
335,0,0.000000,20.529436,15.934555,0.016332,36.449617,0.000000,0.000000,52.358710,0.383882,15.894002,16.010761,0.000000,31.945867
336,0,0.000000,21.539168,16.188442,0.007471,33.196498,0.000000,0.000000,49.388965,0.057505,20.580957,20.328916,0.000000,26.301240
337,0,0.000000,13.604632,12.569671,0.006805,24.857586,0.000000,0.000000,47.857215,0.048756,18.678759,16.835670,0.000000,31.605292
338,0,0.000000,16.304585,17.318719,0.014788,33.638092,0.000000,0.000000,55.587293,0.044230,17.537701,19.282611,0.000000,36.857246
339,0,0.000000,20.405097,21.248196,0.009080,41.662373,0.000000,0.000000,53.588644,0.065369,19.577454,19.995430,0.000000,35.635013
340,0,0.000000,14.947352,7.877295,0.009834,22.815356,0.000000,0.000000,34.573140,0.049491,19.391734,7.965434,0.000000,19.453963
341,0,0.000000,12.727260,12.081747,0.010758,21.342178,0.000000,0.000000,44.379987,8.356143,19.532601,16.055020,0.000000,30.747903
342,0,0.000000,16.243769,15.874433,0.008136,31.552674,0.000000,0.000000,55.690533,11.400214,20.626660,15.967550,0.000000,34.980079
343,0,0.000000,20.456216,7.750808,0.019666,28.205650,0.000000,0.000000,48.276254,0.041760,19.478674,15.955294,0.000000,27.531406
344,0,0.000000,16.452202,19.036951,0.017547,31.686619,0.000000,0.000000,56.119054,6.656472,24.556717,20.092458,0.000000,32.609042
345,0,0.000000,22.728170,16.398949,0.021884,31.974920,0.000000,0.000000,44.378537,0.069681,18.257069,11.188798,0.000000,29.475856
346,0,0.000000,20.675714,18.027840,0.025400,26.728139,0.000000,0.000000,54.576535,8.532177,23.830606,20.241014,0.000000,41.538617
347,0,0.000000,28.067258,11.756205,0.019357,28.084881,0.000000,0.000000,48.058970,4.142950,21.984543,11.793314,0.000000,25.533618
348,0,0.000000,22.537422,11.905749,0.020096,34.417334,0.000000,0.000000,58.754032,5.755082,24.165142,18.172029,0.000000,42.026408
349,0,0.000000,24.228505,12.624866,0.009271,28.173949,0.000000,0.000000,47.835239,1.024308,23.251185,15.833488,0.000000,31.394024
350,0,0.000000,12.794970,15.183078,0.006737,27.984785,0.000000,0.000000,28.174026,0.033910,4.573715,12.000297,0.000000,16.605855
351,0,0.000000,16.252217,15.546881,0.009847,31.804695,0.000000,0.000000,31.986086,0.040382,11.471314,11.980694,0.000000,23.491844
352,0,0.000000,23.411054,16.579234,0.008100,34.985421,0.000000,0.000000,49.255914,1.307110,25.762561,17.450518,0.000000,26.864315
353,0,0.000000,20.822150,10.572270,0.010552,27.359697,0.000000,0.000000,52.446033,0.045361,23.846656,17.819136,0.000000,35.616318
354,0,0.000000,25.568124,13.707460,0.010282,33.689762,0.000000,0.000000,52.887993,0.063984,23.539756,17.696535,0.000000,31.584008
355,0,0.000000,15.047122,9.379251,0.008494,17.671887,0.000000,0.000000,40.003582,8.010101,23.137393,8.010097,0.000000,25.093804
356,0,0.000000,12.440398,11.941822,0.013076,20.268554,0.000000,0.000000,56.142299,7.995785,19.872743,14.919452,0.000000,34.839674
357,0,0.000000,21.535654,15.145515,0.010437,28.752109,0.000000,0.000000,37.082555,0.058522,20.321793,11.989887,0.000000,28.392223
358,0,0.000000,24.203482,11.526630,0.013413,31.746343,0.000000,0.000000,39.967776,0.045994,19.596960,7.998870,0.000000,24.206590
359,0,0.000000,20.668550,13.685430,0.008512,22.359564,0.000000,0.000000,52.013397,8.002822,22.810115,20.007919,0.000000,30.893628
360,0,0.000000,22.317222,11.387928,0.010229,33.707308,0.000000,0.000000,38.167115,0.045924,20.075937,8.166434,0.000000,20.157703
361,0,0.000000,16.353129,14.269449,0.006850,30.629428,0.000000,0.000000,51.811028,7.753577,23.236451,15.965429,0.000000,32.010647
362,0,0.000000,8.372502,13.413682,0.006595,21.792779,0.000000,0.000000,56.011183,7.997968,26.586007,12.100176,0.000000,39.568042
363,0,0.000000,16.488884,19.423826,0.019402,28.720243,0.000000,0.000000,50.793226,4.637411,19.511772,14.140960,0.000000,29.923703
364,0,0.000000,14.448942,11.734110,0.011471,22.204742,0.000000,0.000000,37.840809,0.048699,12.040774,8.005832,0.000000,16.565421
365,0,0.000000,24.445098,12.469306,0.011803,28.939599,0.000000,0.000000,40.386713,0.416944,19.329184,11.990537,0.000000,24.717449
366,0,0.000000,16.162732,16.272648,0.013445,24.371952,0.000000,0.000000,50.369546,0.045875,18.927943,23.205149,0.000000,34.958053
367,0,0.000000,22.050524,11.328684,0.009184,33.184615,0.000000,0.000000,45.594535,0.049738,21.432763,15.986460,0.000000,29.489769
368,0,0.000000,24.321459,20.201074,0.003222,36.396412,0.000000,0.000000,55.985587,0.059250,23.001576,20.190084,0.000000,42.694029
369,0,0.000000,21.378447,12.020697,0.007077,29.324936,0.000000,0.000000,47.698469,0.055830,23.030363,11.984604,0.000000,31.779953
370,0,0.000000,24.338577,11.393179,0.011417,35.742542,0.000000,0.000000,40.018485,0.174383,19.838387,8.020585,0.000000,28.011110
371,0,0.000000,16.086136,16.868804,0.012483,29.125908,0.000000,0.000000,53.910823,5.156960,23.149531,17.900993,0.000000,33.001546
372,0,0.000000,21.074873,11.858163,0.012021,32.945057,0.000000,0.000000,46.069612,0.035427,15.620673,12.000503,0.000000,27.597194
373,0,0.000000,27.091994,11.502512,0.010953,34.575660,0.000000,0.000000,38.801330,1.269498,20.246578,7.980843,0.000000,28.120968
374,0,0.000000,16.164409,10.144124,0.005607,22.302826,0.000000,0.000000,47.995523,9.578785,25.007924,7.999546,0.000000,34.936054
375,0,0.000000,16.225729,18.294348,0.013262,30.749616,0.000000,0.000000,56.427411,8.000888,28.196376,16.398767,0.000000,44.628032
376,0,0.000000,16.035850,11.789457,0.013961,23.786818,0.000000,0.000000,35.568046,0.060145,15.875888,0.033248,0.000000,15.952844
377,0,0.000000,24.244282,19.436764,0.012230,41.405060,0.000000,0.000000,62.010274,8.012868,23.021468,18.460120,0.000000,44.124780
378,0,0.000000,18.170792,20.854655,0.015768,38.571974,0.000000,0.000000,57.981776,0.044572,18.568052,16.024583,0.000000,34.585446
379,0,0.000000,20.205345,12.934472,0.008177,29.415834,0.000000,0.000000,43.962300,0.063843,15.854814,11.824431,0.000000,23.920740
380,0,0.000000,16.457209,18.903223,0.016575,32.339632,0.000000,0.000000,53.090823,8.000985,16.336146,22.734777,0.000000,40.173556
381,0,0.000000,20.630195,21.843880,0.007048,34.493186,0.000000,0.000000,60.018442,3.742996,20.865371,16.048924,0.000000,36.942893
382,0,0.000000,16.154452,7.846122,0.023645,24.002657,0.000000,0.000000,39.931986,0.052812,15.647683,11.440672,0.000000,23.380928
383,0,0.000000,16.209370,15.558607,0.006337,31.752951,0.000000,0.000000,39.994810,8.051658,17.604163,8.007706,0.000000,31.538727
384,0,0.000000,20.918425,19.436444,0.031760,29.817651,0.000000,0.000000,51.781297,3.437626,23.225504,19.738243,0.000000,30.107361
385,0,0.000000,17.474780,19.335596,0.011568,34.057391,0.000000,0.000000,51.560993,0.043189,24.800924,11.991107,0.000000,30.321997
386,0,0.000000,16.626196,14.303660,0.012488,26.690232,0.000000,0.000000,48.229012,0.054767,17.323971,7.957545,0.000000,17.387251
387,0,0.000000,12.257097,13.319059,0.008262,21.734546,0.000000,0.000000,55.993416,8.005282,18.707900,20.596019,0.000000,42.327124
388,0,0.000000,16.438953,8.000347,0.017706,23.606646,0.000000,0.000000,43.965746,0.060595,19.619181,11.466455,0.000000,27.669067
389,0,0.000000,16.508279,15.280495,0.004897,31.557092,0.000000,0.000000,51.631495,8.006214,23.263044,12.008800,0.000000,32.175827
390,0,0.000000,20.377943,7.420501,0.005665,27.511540,0.000000,0.000000,40.157881,0.059577,15.699065,7.986180,0.000000,23.741193
391,0,0.000000,19.091035,12.663118,0.007842,25.032774,0.000000,0.000000,47.997915,7.943058,16.316175,11.989766,0.000000,31.688171
392,0,0.000000,24.403951,19.814135,0.017554,44.000448,0.000000,0.000000,47.993292,0.039154,23.694455,19.993908,0.000000,43.710019
393,0,0.000000,16.437177,21.151244,0.013477,33.598968,0.000000,0.000000,52.292582,0.059198,22.494686,16.297324,0.000000,38.845018
394,0,0.000000,23.250175,14.021156,0.013306,33.161491,0.000000,0.000000,57.046142,5.464404,19.690508,19.974605,0.000000,35.237763
395,0,0.000000,26.822304,12.221309,0.008791,35.041943,0.000000,0.000000,50.097016,0.063373,31.270362,15.673679,0.000000,38.781927
396,0,0.000000,16.828778,16.146802,0.011467,29.023715,0.000000,0.000000,44.490065,0.053316,22.508720,7.998252,0.000000,22.567052
397,0,0.000000,16.317643,15.436008,0.003854,31.755776,0.000000,0.000000,40.029942,8.066459,16.283000,15.982128,0.000000,24.314645
398,0,0.000000,20.413262,12.719081,0.013659,29.181311,0.000000,0.000000,51.986529,3.999608,30.227721,11.996916,0.000000,30.305023
399,0,0.000000,16.498734,12.315798,0.011820,23.997481,0.000000,0.000000,43.983088,0.041366,16.087565,15.798955,0.000000,31.706064
400,0,0.000000,24.178352,18.614373,0.018734,26.790371,0.000000,0.000000,51.987925,0.052162,21.036082,22.579934,0.000000,37.055936
401,0,0.000000,21.483640,17.360029,0.011813,34.704715,0.000000,0.000000,55.944381,1.231155,18.126434,20.161720,0.000000,35.370876
402,0,0.000000,21.362346,14.444035,0.006189,27.900808,0.000000,0.000000,49.139057,0.059005,16.016916,8.019716,0.000000,24.041643
403,0,0.000000,24.272141,21.084573,0.008683,33.511451,0.000000,0.000000,51.560107,0.048182,18.499047,19.996829,0.000000,28.227227
404,0,0.000000,16.750405,12.240437,0.015051,25.009748,0.000000,0.000000,52.221352,0.056988,15.904283,11.791717,0.000000,27.337441
405,0,0.000000,13.600563,18.122703,0.008236,27.741730,0.000000,0.000000,56.024461,4.058254,21.642464,16.012295,0.000000,41.664273
406,0,0.000000,16.140552,12.693707,0.006064,28.828010,0.000000,0.000000,47.669153,2.686434,18.775847,12.007069,0.000000,27.945667
407,0,0.000000,24.230493,11.525270,0.020768,32.044475,0.000000,0.000000,40.017263,0.043957,16.172211,8.006865,0.000000,24.013246
408,0,0.000000,16.285366,17.677989,0.008845,25.980442,0.000000,0.000000,55.974040,7.982945,21.712557,15.997489,0.000000,39.469035
409,0,0.000000,21.480339,7.580014,0.007098,29.051923,0.000000,0.000000,39.986446,2.831825,19.961118,7.999802,0.000000,24.133931
410,0,0.000000,16.288526,14.182740,0.014946,26.382733,0.000000,0.000000,55.997247,12.011951,23.740958,15.995108,0.000000,35.784770
411,0,0.000000,20.206192,19.147976,0.009181,31.459599,0.000000,0.000000,47.969710,0.050602,19.389051,17.023259,0.000000,27.715904
412,0,0.000000,16.316989,22.278143,0.021584,26.275112,0.000000,0.000000,53.297892,7.008863,23.214644,22.290599,0.000000,32.673918
413,0,0.000000,24.001997,21.363392,0.010775,37.365960,0.000000,0.000000,55.484189,0.060256,20.400156,19.984580,0.000000,36.185481
414,0,0.000000,22.447910,11.297671,0.021946,33.642100,0.000000,0.000000,46.078450,0.053711,22.069275,8.006447,0.000000,24.436569
415,0,0.000000,13.693265,11.817245,0.014707,20.145479,0.000000,0.000000,39.994953,8.047443,24.894191,7.994161,0.000000,24.962790
416,0,0.000000,12.453972,9.617132,0.010872,21.970614,0.000000,0.000000,51.991680,8.004945,18.450322,15.982812,0.000000,41.122344
417,0,0.000000,18.896201,14.438930,0.007916,25.389810,0.000000,0.000000,39.384123,0.078923,22.593079,8.021015,0.000000,22.698860
418,0,0.000000,12.497732,6.507224,0.043998,18.861266,0.000000,0.000000,45.694293,1.883445,16.001232,11.998128,0.000000,25.859436
419,0,0.000000,26.571347,12.151441,0.011575,34.614099,0.000000,0.000000,45.442065,0.065152,27.270168,8.139883,0.000000,35.323422
420,0,0.000000,20.652513,13.350921,0.010930,30.030917,0.000000,0.000000,40.144766,3.742485,16.258567,8.055369,0.000000,27.271529
421,0,0.000000,12.881600,8.010516,0.009111,19.737108,0.000000,0.000000,43.829078,0.043592,15.983519,8.007802,0.000000,24.023689
422,0,0.000000,20.808065,10.603935,0.014236,27.339582,0.000000,0.000000,44.265785,2.314379,15.899000,14.651999,0.000000,19.909545
423,0,0.000000,19.296586,15.689061,0.011398,26.997416,0.000000,0.000000,55.637740,7.997870,20.274491,23.295635,0.000000,43.138501
424,0,0.000000,16.227515,11.710800,0.012732,23.976018,0.000000,0.000000,40.003302,0.050672,16.084256,7.999303,0.000000,23.786124
425,0,0.000000,16.259374,13.710089,0.010534,26.140458,0.000000,0.000000,54.728154,8.019682,21.976231,14.045823,0.000000,34.040325
426,0,0.000000,17.516685,16.029699,0.008135,25.602742,0.000000,0.000000,54.920648,4.087960,30.787554,14.909814,0.000000,37.858412
427,0,0.000000,21.422274,7.865137,0.009627,29.241924,0.000000,0.000000,45.070403,0.058651,15.963911,7.994149,0.000000,20.011462
428,0,0.000000,16.386174,20.436189,0.006994,28.639406,0.000000,0.000000,50.855851,8.017494,19.228729,20.033109,0.000000,38.812601
429,0,0.000000,21.543509,19.273398,0.009786,40.650548,0.000000,0.000000,45.108891,0.045634,11.981509,14.625493,0.000000,24.081934
430,0,0.000000,16.446298,19.588125,0.012029,27.916425,0.000000,0.000000,52.462232,8.018820,16.455486,16.011553,0.000000,32.498737
431,0,0.000000,21.330133,17.389778,0.015696,37.643132,0.000000,0.000000,52.007505,3.059002,22.735851,19.984710,0.000000,31.792610
432,0,0.000000,24.218374,15.481699,0.013240,39.701603,0.000000,0.000000,43.978764,0.054090,16.094477,12.013020,0.000000,28.153296
433,0,0.000000,20.560631,11.287207,0.005101,27.846425,0.000000,0.000000,56.344202,0.051936,22.663755,16.005678,0.000000,31.784536
434,0,0.000000,23.106416,16.861835,0.019455,35.463737,0.000000,0.000000,47.455191,0.113802,22.220458,15.992778,0.000000,38.241654
435,0,0.000000,21.179868,12.444766,0.009518,33.634152,0.000000,0.000000,36.519183,0.042515,11.213140,12.409344,0.000000,19.757437
436,0,0.000000,16.316864,11.889621,0.017503,28.209756,0.000000,0.000000,53.475379,0.056869,23.582341,21.337722,0.000000,40.894352
437,0,0.000000,25.856144,13.550058,0.014725,38.981461,0.000000,0.000000,49.538643,0.057474,24.989224,15.414207,0.000000,37.047931
438,0,0.000000,16.359267,14.633053,0.011314,22.784008,0.000000,0.000000,39.979456,0.060441,15.954922,10.106219,0.000000,24.021726
439,0,0.000000,16.406247,18.213025,0.013943,26.701190,0.000000,0.000000,52.010432,4.018511,21.476794,19.998729,0.000000,31.769055
440,0,0.000000,27.270636,11.295727,0.012820,34.565744,0.000000,0.000000,51.979560,1.192236,24.372547,8.020525,0.000000,32.415962
441,0,0.000000,23.647741,12.402957,0.006823,36.051905,0.000000,0.000000,43.996774,8.145171,22.394931,15.975260,0.000000,35.952063
442,0,0.000000,13.982465,7.263107,0.027661,19.607196,0.000000,0.000000,39.999081,6.534480,15.828308,11.220618,0.000000,23.592351
443,0,0.000000,20.212924,11.026915,0.006453,31.241921,0.000000,0.000000,40.013285,4.402995,16.194496,15.958614,0.000000,28.056217
444,0,0.000000,16.303839,6.035870,0.013465,22.300598,0.000000,0.000000,35.880370,3.878681,15.930411,2.842697,0.000000,21.373791
445,0,0.000000,20.225456,16.059476,0.013835,28.190900,0.000000,0.000000,51.958785,0.050200,23.644976,15.997676,0.000000,28.393233
446,0,0.000000,20.670216,21.971906,0.011336,38.855570,0.000000,0.000000,59.212024,0.052441,17.480745,20.004972,0.000000,37.521369
447,0,0.000000,17.643013,19.365279,0.013232,27.306564,0.000000,0.000000,53.597030,0.057258,21.531813,19.356729,0.000000,32.467690
448,0,0.000000,15.400553,18.816099,0.014034,34.230686,0.000000,0.000000,49.397566,0.508223,23.119205,10.298651,0.000000,33.457979
449,0,0.000000,21.249253,15.625567,0.013341,36.875775,0.000000,0.000000,37.082481,0.052714,16.026262,8.007240,0.000000,19.914717
450,0,0.000000,16.487913,14.257772,0.017956,24.403836,0.000000,0.000000,47.963754,8.132508,23.868294,15.855551,0.000000,32.287128
451,0,0.000000,17.161036,16.675655,0.013966,33.152182,0.000000,0.000000,49.150627,3.047164,23.525716,9.138453,0.000000,35.711333
452,0,0.000000,16.355032,15.812733,0.016717,24.213391,0.000000,0.000000,52.178882,8.031574,16.368477,12.000223,0.000000,27.137513
453,0,0.000000,23.829440,12.901028,0.018549,28.760366,0.000000,0.000000,50.145062,0.049186,22.804585,19.591143,0.000000,27.590853
454,0,0.000000,12.438366,21.279333,0.014146,33.716568,0.000000,0.000000,53.885014,8.001038,16.065212,23.146282,0.000000,40.716641
455,0,0.000000,22.665763,11.235962,0.012743,33.914468,0.000000,0.000000,34.252011,0.057700,16.539533,4.016874,0.000000,16.624394
456,0,0.000000,20.666934,19.463327,0.030813,32.762078,0.000000,0.000000,55.998973,8.089259,23.874264,15.985379,0.000000,39.252122
457,0,0.000000,16.158730,12.310794,0.010525,28.472742,0.000000,0.000000,51.962312,7.987294,23.390574,16.440483,0.000000,32.289706
458,0,0.000000,16.744524,7.958136,0.012737,24.697834,0.000000,0.000000,48.001556,20.017944,27.411525,7.997461,0.000000,27.529109
459,0,0.000000,20.611753,19.368720,0.009556,39.920601,0.000000,0.000000,43.938941,0.070978,8.437607,19.807053,0.000000,23.924702
460,0,0.000000,18.962000,18.864838,0.006661,26.005321,0.000000,0.000000,49.473816,0.042104,22.142135,18.716014,0.000000,34.574858
461,0,0.000000,16.486196,12.006345,0.008052,24.483235,0.000000,0.000000,45.245738,8.000271,15.998077,7.989616,0.000000,23.607679
462,0,0.000000,18.787478,18.937843,0.012139,30.807555,0.000000,0.000000,53.076259,6.407179,19.515559,15.972542,0.000000,31.567190
463,0,0.000000,20.344369,20.281102,0.010433,32.710940,0.000000,0.000000,55.011476,0.039181,16.860863,15.996892,0.000000,30.085471
464,0,0.000000,15.670101,11.907654,0.012485,27.529228,0.000000,0.000000,51.376030,7.360285,23.777430,15.970970,0.000000,35.786499
465,0,0.000000,24.269701,11.214239,0.006545,35.484931,0.000000,0.000000,35.980572,0.457635,16.369414,7.975242,0.000000,20.106765
466,0,0.000000,16.418922,13.058818,0.009084,22.438808,0.000000,0.000000,51.977649,7.991326,24.648738,13.949864,0.000000,38.679808
467,0,0.000000,20.926917,15.266485,0.011434,36.198420,0.000000,0.000000,39.990341,3.603885,20.920611,7.999196,0.000000,20.966025
468,0,0.000000,21.955424,17.102968,0.010394,24.142260,0.000000,0.000000,51.996239,8.014028,23.635478,15.997808,0.000000,42.340964
469,0,0.000000,16.400258,6.865042,0.008288,23.197195,0.000000,0.000000,36.034160,4.408366,23.201797,0.046982,0.000000,23.281259
470,0,0.000000,20.123933,16.126009,0.006755,24.248938,0.000000,0.000000,51.945788,0.048134,22.981729,16.120230,0.000000,31.727374
471,0,0.000000,25.166401,21.112566,0.007460,37.910950,0.000000,0.000000,59.403056,0.055673,31.653966,14.805850,0.000000,43.445910
472,0,0.000000,28.371833,11.958333,0.011902,36.326042,0.000000,0.000000,53.158794,0.051746,25.158216,15.977460,0.000000,36.538663
473,0,0.000000,16.594334,11.420787,0.008434,24.085277,0.000000,0.000000,44.943654,8.020651,20.706459,4.253141,0.000000,20.827867
474,0,0.000000,16.190324,15.340563,0.010372,23.940938,0.000000,0.000000,51.565256,7.616465,16.002636,11.976687,0.000000,30.765159
475,0,0.000000,20.391295,20.191336,0.010135,40.042265,0.000000,0.000000,56.017788,8.021403,24.209354,19.992134,0.000000,45.559515
476,0,0.000000,17.139962,20.068847,0.021259,31.415296,0.000000,0.000000,55.136911,6.631654,25.594035,20.077693,0.000000,35.978271
477,0,0.000000,22.738470,22.143930,0.019597,44.901997,0.000000,0.000000,60.852920,0.057630,25.531503,19.973570,0.000000,41.594288
478,0,0.000000,22.871265,11.078241,0.010423,33.950366,0.000000,0.000000,42.496628,0.082828,16.578331,8.009151,0.000000,24.660652
479,0,0.000000,20.240589,16.528603,0.010225,32.773997,0.000000,0.000000,55.149646,0.071145,23.111655,11.996302,0.000000,30.322472
480,0,0.000000,21.341035,11.279287,0.009248,32.622466,0.000000,0.000000,40.801259,0.051387,16.366688,10.000081,0.000000,26.414500
481,0,0.000000,23.151434,12.990513,0.007215,29.893009,0.000000,0.000000,53.993042,0.065559,22.077511,15.978912,0.000000,38.111773
482,0,0.000000,16.542814,17.147037,0.013457,31.994330,0.000000,0.000000,51.975776,1.689607,18.842837,20.185006,0.000000,35.895477
483,0,0.000000,16.248229,11.729313,0.011901,24.050228,0.000000,0.000000,47.274107,0.045176,15.912234,15.266952,0.000000,27.230244
484,0,0.000000,17.114648,17.018499,0.012577,29.572111,0.000000,0.000000,48.002611,0.447152,23.386766,16.941360,0.000000,35.017593
485,0,0.000000,18.984338,11.317785,0.006550,26.253294,0.000000,0.000000,49.261714,3.723493,24.390596,14.572453,0.000000,32.872905
486,0,0.000000,16.183867,12.164759,0.007966,24.280139,0.000000,0.000000,56.011547,4.405947,19.151744,12.141844,0.000000,27.839768
487,0,0.000000,16.166641,14.837529,0.012141,30.972665,0.000000,0.000000,39.774994,0.249061,20.233244,0.047202,0.000000,20.501763
488,0,0.000000,16.380391,11.712067,0.013313,24.110277,0.000000,0.000000,35.960584,0.072677,15.944992,0.024975,0.000000,16.017582
489,0,0.000000,19.223385,14.625284,0.019590,28.708202,0.000000,0.000000,46.100254,8.011799,23.123565,14.609650,0.000000,29.614054
490,0,0.000000,23.406084,14.163634,0.013302,37.488328,0.000000,0.000000,37.931050,0.038516,22.277743,12.004942,0.000000,30.332356
491,0,0.000000,24.150503,14.130117,0.010013,31.974745,0.000000,0.000000,51.936759,0.045401,29.324313,14.128407,0.000000,37.392652
492,0,0.000000,16.208367,15.772760,0.007685,23.978150,0.000000,0.000000,56.009316,4.049272,24.407577,23.732155,0.000000,39.566758
493,0,0.000000,16.282921,18.029198,0.015067,26.374766,0.000000,0.000000,51.982807,7.984264,16.788537,17.751849,0.000000,31.381430
494,0,0.000000,16.367169,14.825125,0.011463,23.194022,0.000000,0.000000,53.942597,8.022308,17.765045,13.481486,0.000000,38.059544
495,0,0.000000,24.370155,18.341669,0.018607,29.221461,0.000000,0.000000,45.506942,0.063761,16.330571,11.962263,0.000000,24.247900
496,0,0.000000,20.281846,16.446797,0.013309,32.899801,0.000000,0.000000,50.038484,7.971212,23.259078,16.421277,0.000000,33.451820
497,0,0.000000,12.282185,11.219006,0.013724,23.514915,0.000000,0.000000,48.010212,7.657421,16.519463,15.968966,0.000000,32.177067
498,0,0.000000,16.800538,18.684616,0.012291,31.791841,0.000000,0.000000,52.405670,4.004791,16.682478,12.424483,0.000000,32.573394
499,0,0.000000,23.933331,11.380096,0.004278,35.315109,0.000000,0.000000,35.572727,0.041957,16.231117,4.008441,0.000000,19.890261
500,0,0.000000,19.633026,17.553108,0.011564,33.856561,0.000000,0.000000,56.836408,7.395461,26.564565,16.819989,0.000000,42.556207
501,0,0.000000,15.282037,20.487045,0.012569,27.501604,0.000000,0.000000,46.879457,0.051964,19.163466,16.056611,0.000000,32.052983
502,0,0.000000,18.657909,11.776031,0.008984,26.381769,0.000000,0.000000,43.931047,0.049047,15.977379,8.011382,0.000000,24.035962
503,0,0.000000,14.928247,16.940643,0.008568,27.726751,0.000000,0.000000,54.549521,0.061508,22.666556,15.976015,0.000000,35.727899
504,0,0.000000,24.256471,20.260284,0.020841,41.130012,0.000000,0.000000,56.258662,4.445021,23.578450,11.959857,0.000000,33.547049
505,0,0.000000,24.191917,11.408247,0.007205,31.602811,0.000000,0.000000,51.711557,0.043288,20.078004,15.304977,0.000000,28.106244
506,0,0.000000,24.225550,11.746658,0.013151,27.970537,0.000000,0.000000,52.002627,3.407105,31.161640,15.662572,0.000000,31.333401
507,0,0.000000,21.056250,17.472987,0.019495,28.880667,0.000000,0.000000,55.201029,2.603531,22.299900,17.457318,0.000000,35.375209
508,0,0.000000,12.237061,7.568454,0.008865,19.804060,0.000000,0.000000,30.522550,10.521312,21.112044,0.039262,0.000000,21.188927
509,0,0.000000,16.351995,11.397770,0.004705,23.686084,0.000000,0.000000,31.969188,0.031612,8.179321,8.008430,0.000000,16.214176
510,0,0.000000,9.541695,16.148658,0.015661,21.762725,0.000000,0.000000,49.382750,0.041742,18.513513,15.966241,0.000000,28.562440
511,0,0.000000,15.359898,18.582452,0.008608,26.603435,0.000000,0.000000,52.903960,0.044736,17.851343,17.894858,0.000000,35.406358
512,0,0.000000,14.594818,7.299161,0.015794,21.810401,0.000000,0.000000,22.145696,0.077509,8.398480,4.798789,0.000000,8.499701
513,0,0.000000,15.936147,7.318981,0.013577,23.268705,0.000000,0.000000,23.585680,0.042347,8.354709,0.054546,0.000000,8.425691
514,0,0.000000,8.503442,7.320591,0.007560,15.828705,0.000000,0.000000,16.012707,0.038081,0.409135,0.041157,0.000000,0.470064
515,0,0.000000,16.794440,7.128129,0.010993,23.705722,0.000000,0.000000,24.189147,0.035786,0.623531,0.279638,0.000000,0.902666
516,0,0.000000,8.123151,8.164911,0.002725,16.074228,0.000000,0.000000,16.465239,0.039992,0.278072,0.734471,0.000000,1.030500
517,0,0.000000,23.663393,15.818818,0.013590,31.478890,0.000000,0.000000,47.290604,0.029097,15.620875,8.117130,0.000000,23.619274
518,0,0.000000,16.609404,11.641402,0.015775,24.186022,0.000000,0.000000,47.988966,10.980131,30.698403,7.993212,0.000000,36.021628
519,0,0.000000,24.325539,18.401422,0.026559,36.641662,0.000000,0.000000,60.451533,4.032428,21.032096,16.027728,0.000000,37.096492
520,0,0.000000,19.715837,14.915008,0.011314,30.649670,0.000000,0.000000,51.476142,0.064396,24.849377,7.997558,0.000000,32.902880
521,0,0.000000,23.347134,16.524383,0.012380,30.563038,0.000000,0.000000,57.323479,8.064153,16.076616,13.307367,0.000000,31.639864
522,0,0.000000,24.186465,15.006985,0.009286,31.193780,0.000000,0.000000,39.992460,0.056104,23.828821,6.999707,0.000000,23.918666
523,0,0.000000,16.594616,17.314989,0.010539,29.592005,0.000000,0.000000,48.420769,0.032195,22.402008,12.426474,0.000000,30.431470
524,0,0.000000,17.063364,11.831025,0.010210,28.897734,0.000000,0.000000,56.387208,0.049685,23.672110,19.769792,0.000000,36.066096
525,0,0.000000,20.474082,17.122148,0.005072,29.510360,0.000000,0.000000,56.192208,0.054616,16.672591,17.649227,0.000000,32.577466
526,0,0.000000,8.828120,18.703125,0.010751,27.154888,0.000000,0.000000,52.752766,7.984469,20.966587,15.999576,0.000000,33.066759
527,0,0.000000,19.755075,11.087709,0.010917,26.850217,0.000000,0.000000,47.325742,0.053886,15.907234,15.986661,0.000000,31.777932
528,0,0.000000,21.760600,22.743877,0.013763,28.516473,0.000000,0.000000,54.912610,5.847682,19.001140,19.631709,0.000000,38.851175
529,0,0.000000,20.676644,23.321456,0.006142,43.999179,0.000000,0.000000,44.233291,0.063134,12.219503,19.992849,0.000000,32.254694
530,0,0.000000,24.129628,11.460228,0.003982,35.592379,0.000000,0.000000,47.274968,0.076460,16.192168,15.310689,0.000000,24.250196
531,0,0.000000,21.107738,11.319505,0.009443,32.430492,0.000000,0.000000,32.697183,0.073512,16.342119,4.031689,0.000000,20.443382
532,0,0.000000,17.643549,11.935880,0.003141,21.614747,0.000000,0.000000,47.993171,8.000130,19.833067,11.971516,0.000000,31.866342
533,0,0.000000,25.113878,18.403135,0.017418,43.534431,0.000000,0.000000,54.087358,1.876986,25.803867,15.545510,0.000000,37.358402
534,0,0.000000,20.704884,11.868294,0.003839,28.579015,0.000000,0.000000,50.996117,0.055938,15.913267,15.962555,0.000000,31.931760
535,0,0.000000,24.136387,16.512216,0.010196,32.818404,0.000000,0.000000,51.980924,0.058878,27.304315,20.484731,0.000000,35.340201
536,0,0.000000,23.797555,11.440387,0.011516,31.197916,0.000000,0.000000,36.011699,0.471965,16.345782,0.021232,0.000000,16.692664
537,0,0.000000,16.089023,11.773396,0.007534,20.185793,0.000000,0.000000,54.010715,7.978541,16.007786,15.985493,0.000000,31.892950
538,0,0.000000,22.491216,11.011159,0.012510,33.504385,0.000000,0.000000,45.958083,0.052289,16.649844,12.027879,0.000000,28.679191
539,0,0.000000,16.759288,12.528622,0.006467,20.731764,0.000000,0.000000,51.941516,0.070786,19.955584,19.989591,0.000000,36.012150
540,0,0.000000,18.099468,16.556089,0.009939,30.710606,0.000000,0.000000,57.658435,0.044525,25.438334,15.985769,0.000000,37.475438
541,0,0.000000,20.843037,17.263917,0.010170,35.198451,0.000000,0.000000,49.744612,0.060880,15.796241,17.136071,0.000000,27.315219
542,0,0.000000,20.408346,19.706826,0.005718,40.120890,0.000000,0.000000,55.942818,0.039396,23.976712,20.447440,0.000000,36.160354
543,0,0.000000,24.260168,21.866931,0.015755,46.128878,0.000000,0.000000,52.032526,4.047556,23.509737,9.905671,0.000000,31.540686
544,0,0.000000,23.824448,17.499536,0.010207,33.346792,0.000000,0.000000,48.088904,0.447368,21.906439,16.000764,0.000000,27.808317
545,0,0.000000,20.381680,18.578534,0.009273,30.961672,0.000000,0.000000,51.987876,0.057220,21.105354,22.550372,0.000000,39.282188
546,0,0.000000,16.285763,11.652404,0.007195,27.944458,0.000000,0.000000,52.832653,4.157062,27.055642,15.979057,0.000000,39.115282
547,0,0.000000,24.280495,10.790296,0.013519,35.073470,0.000000,0.000000,40.020254,0.050509,16.776172,8.015497,0.000000,24.826004
548,0,0.000000,24.255543,15.249163,0.018475,35.502968,0.000000,0.000000,51.217417,2.273734,25.920918,10.541793,0.000000,36.126035
549,0,0.000000,24.274530,17.251724,0.009912,29.310133,0.000000,0.000000,52.284060,3.608162,18.949233,16.816006,0.000000,34.725498
550,0,0.000000,16.214398,10.823293,0.013215,23.041655,0.000000,0.000000,39.995899,0.126035,16.843534,7.999384,0.000000,24.405293
551,0,0.000000,12.305239,11.166562,0.013111,23.484912,0.000000,0.000000,47.984064,8.070188,16.448636,7.979237,0.000000,28.503488
552,0,0.000000,16.580504,12.658869,0.008301,25.732334,0.000000,0.000000,56.022284,4.028437,22.968870,15.986520,0.000000,42.557236
553,0,0.000000,24.881928,14.955189,0.022199,39.859316,0.000000,0.000000,48.536464,0.077729,23.778255,8.477301,0.000000,24.391572
554,0,0.000000,17.437346,21.292252,0.016874,33.813273,0.000000,0.000000,58.468438,6.940894,30.501891,16.051622,0.000000,38.547962
555,0,0.000000,21.353094,18.095538,0.011347,35.092292,0.000000,0.000000,54.260093,1.304382,25.487554,16.014933,0.000000,37.545014
556,0,0.000000,19.974585,15.458681,0.016044,26.476356,0.000000,0.000000,52.009830,0.819841,19.879291,15.987234,0.000000,32.312791
557,0,0.000000,16.195854,17.089472,0.013551,29.279529,0.000000,0.000000,51.967851,0.072989,19.671263,20.915920,0.000000,30.113449
558,0,0.000000,12.141750,18.085777,0.008095,30.231080,0.000000,0.000000,43.995798,0.060734,17.663990,12.009961,0.000000,27.247672
559,0,0.000000,16.257795,14.670714,0.009178,26.942392,0.000000,0.000000,58.299099,4.034414,30.109265,15.987430,0.000000,39.801975
560,0,0.000000,21.914414,11.511898,0.015187,30.592883,0.000000,0.000000,37.684862,0.058125,16.220856,7.999353,0.000000,24.240283
561,0,0.000000,20.216796,21.217050,0.012153,33.454528,0.000000,0.000000,56.013997,0.052757,18.590912,15.984847,0.000000,34.125776
562,0,0.000000,20.167407,12.954806,0.002719,25.225146,0.000000,0.000000,47.950653,8.046181,18.771895,15.975802,0.000000,34.625019
563,0,0.000000,12.373765,7.909801,0.010242,20.260436,0.000000,0.000000,47.994482,4.642242,16.213842,11.780268,0.000000,28.041515
564,0,0.000000,23.456124,11.387636,0.010857,34.854617,0.000000,0.000000,40.025403,3.945255,23.692183,8.012935,0.000000,26.643602
565,0,0.000000,15.300554,18.800202,0.013023,31.340448,0.000000,0.000000,51.511119,7.704194,22.717024,20.477042,0.000000,34.908572
566,0,0.000000,15.401343,13.673409,0.013024,25.080887,0.000000,0.000000,39.996018,0.965343,15.916288,11.968330,0.000000,23.782505
567,0,0.000000,16.154486,7.591884,0.008371,23.754741,0.000000,0.000000,23.980325,0.050710,8.142734,3.974258,0.000000,8.204741
568,0,0.000000,16.676618,15.111382,0.014356,31.284434,0.000000,0.000000,31.991038,0.037163,8.622221,11.988950,0.000000,16.674082
569,0,0.000000,16.435094,12.966966,0.009473,25.107694,0.000000,0.000000,51.958802,0.057044,18.804660,11.982389,0.000000,26.786038
570,0,0.000000,20.580621,13.736311,0.004869,24.576368,0.000000,0.000000,47.982075,7.998316,23.133322,15.986818,0.000000,27.868047
571,0,0.000000,24.405899,13.647152,0.008627,30.046164,0.000000,0.000000,48.010911,7.103847,21.850220,13.567282,0.000000,34.510895
572,0,0.000000,20.250608,16.374263,0.016503,28.174995,0.000000,0.000000,49.632491,0.263914,15.922303,9.404709,0.000000,24.250200
573,0,0.000000,12.323996,8.211013,0.007876,16.480440,0.000000,0.000000,48.015074,4.030109,16.011171,16.148444,0.000000,32.015981
574,0,0.000000,16.460647,14.860384,0.003776,24.859678,0.000000,0.000000,56.003605,3.530974,23.302535,19.988415,0.000000,32.169272
575,0,0.000000,24.319926,11.386006,0.014732,35.702312,0.000000,0.000000,43.034362,0.057639,16.208457,7.994927,0.000000,24.260898
576,0,0.000000,16.393343,10.058808,0.005945,18.472426,0.000000,0.000000,52.856789,4.909081,23.946750,17.157429,0.000000,39.981928
577,0,0.000000,28.993430,13.278524,0.009159,42.281113,0.000000,0.000000,62.207162,3.002413,30.785732,19.986957,0.000000,43.261767
578,0,0.000000,19.727822,15.587388,0.012646,25.647295,0.000000,0.000000,50.566330,0.045611,21.559006,19.003850,0.000000,35.471512
579,0,0.000000,22.707786,17.195666,0.006724,26.840522,0.000000,0.000000,54.571671,4.035270,22.117576,22.566414,0.000000,43.245924
580,0,0.000000,20.784374,13.579971,0.018788,26.569017,0.000000,0.000000,55.548548,0.052257,33.699591,18.902370,0.000000,33.762098
581,0,0.000000,21.256139,17.658946,0.013794,34.888350,0.000000,0.000000,49.097671,1.086364,22.230706,17.616026,0.000000,35.140166
582,0,0.000000,20.121337,11.766984,0.008599,27.929310,0.000000,0.000000,39.937384,0.061955,15.876689,7.998903,0.000000,23.921798
583,0,0.000000,15.384699,18.219941,0.025024,26.549222,0.000000,0.000000,56.024934,7.267633,17.294350,16.006554,0.000000,40.554880
584,0,0.000000,23.752515,10.957927,0.011852,34.660500,0.000000,0.000000,51.990522,3.867271,20.442190,12.001452,0.000000,28.577365
585,0,0.000000,22.791283,11.265892,0.010506,30.093428,0.000000,0.000000,58.146396,5.860491,24.308821,15.604605,0.000000,38.461314
586,0,0.000000,16.388957,15.963727,0.031934,32.077672,0.000000,0.000000,52.363296,8.009353,19.065712,19.951147,0.000000,31.908875
587,0,0.000000,19.106451,19.471223,0.016308,27.895698,0.000000,0.000000,51.991719,8.001671,22.481848,19.478303,0.000000,34.665145
588,0,0.000000,23.200371,19.912474,0.022525,31.422750,0.000000,0.000000,55.062530,0.075617,22.728657,19.874584,0.000000,38.838092
589,0,0.000000,20.226587,16.018028,0.013526,28.261950,0.000000,0.000000,55.997978,4.427443,19.168737,16.022589,0.000000,31.244039
590,0,0.000000,18.509165,9.382222,0.012745,26.835604,0.000000,0.000000,51.982472,4.171527,19.449402,11.988473,0.000000,31.887592
591,0,0.000000,23.439533,19.861827,0.009494,32.959388,0.000000,0.000000,54.852968,1.760355,21.304632,15.826891,0.000000,32.721355
592,0,0.000000,15.860753,17.967429,0.007519,29.707853,0.000000,0.000000,49.823093,0.474501,17.743192,15.986269,0.000000,31.881631
593,0,0.000000,22.650369,11.121327,0.013165,33.784861,0.000000,0.000000,45.405571,0.048049,16.354119,11.971350,0.000000,28.370220
594,0,0.000000,27.966987,10.981753,0.010155,30.992864,0.000000,0.000000,52.180142,0.220182,27.230329,16.015107,0.000000,36.031266
595,0,0.000000,24.251250,17.771007,0.016942,32.872645,0.000000,0.000000,52.593662,2.965349,25.227823,17.649574,0.000000,37.095256
596,0,0.000000,26.347289,11.730473,0.009755,32.510113,0.000000,0.000000,58.338391,0.058358,29.261821,15.996737,0.000000,37.306756
597,0,0.000000,12.415189,7.922683,0.011826,20.279360,0.000000,0.000000,55.725096,7.986573,21.228671,15.963805,0.000000,32.866624
598,0,0.000000,16.302474,20.150171,0.012636,36.402576,0.000000,0.000000,52.008949,4.217320,23.397416,11.921122,0.000000,36.208927
599,0,0.000000,24.303497,20.438727,0.009915,28.747873,0.000000,0.000000,47.972314,0.051739,25.613310,16.004523,0.000000,41.641290
600,0,0.000000,22.535035,16.305803,0.009271,28.474268,0.000000,0.000000,47.984875,0.050558,21.774743,16.427096,0.000000,32.071497
601,0,0.000000,19.745680,11.164977,0.316149,26.906273,0.000000,0.000000,54.154906,4.482615,23.199104,19.970901,0.000000,36.348965
602,0,0.000000,22.092635,20.220415,0.014555,26.228341,0.000000,0.000000,56.865947,0.063009,27.507411,23.203189,0.000000,34.241871
603,0,0.000000,21.196642,11.669854,0.008672,32.869140,0.000000,0.000000,48.934617,0.054097,19.924189,15.624033,0.000000,27.925637
604,0,0.000000,14.802522,15.679551,0.005657,28.761452,0.000000,0.000000,51.188329,2.873216,23.667244,8.651218,0.000000,33.111675
605,0,0.000000,16.280641,14.869926,0.011139,26.703929,0.000000,0.000000,52.007622,12.010067,27.713129,14.921918,0.000000,28.353818
606,0,0.000000,13.112724,18.656897,0.018913,30.341934,0.000000,0.000000,53.503771,8.021824,20.813453,11.999899,0.000000,30.355215
607,0,0.000000,24.174865,11.617540,0.007444,29.347838,0.000000,0.000000,51.983171,7.999440,24.599828,13.206876,0.000000,35.711025
608,0,0.000000,24.309411,7.249494,0.010863,31.557567,0.000000,0.000000,36.061379,0.080681,16.163366,7.958665,0.000000,20.321021
609,0,0.000000,16.424551,20.296030,0.011760,36.607367,0.000000,0.000000,56.567128,4.058313,17.240111,15.977217,0.000000,29.114602
610,0,0.000000,15.784539,20.368467,0.012667,36.164603,0.000000,0.000000,39.413973,0.054790,8.523592,19.968603,0.000000,24.447091
611,0,0.000000,24.366888,21.660866,0.011760,30.052625,0.000000,0.000000,53.154448,0.052825,20.824458,16.018556,0.000000,36.887729
612,0,0.000000,23.169814,11.668122,0.009237,34.844494,0.000000,0.000000,54.424128,0.057611,23.929495,15.978311,0.000000,35.610430
613,0,0.000000,23.845448,11.330450,0.013698,35.189596,0.000000,0.000000,36.403645,0.955818,16.453664,4.024456,0.000000,21.061434
614,0,0.000000,23.486023,14.746294,0.012194,38.244511,0.000000,0.000000,59.978924,12.021978,23.329377,19.994733,0.000000,39.112160
615,0,0.000000,20.831817,18.546783,0.009863,31.404838,0.000000,0.000000,47.462455,4.019817,22.565972,16.002920,0.000000,37.306062
616,0,0.000000,16.921298,12.076188,0.010823,24.024761,0.000000,0.000000,51.873319,3.485843,19.534094,20.053271,0.000000,34.996339
617,0,0.000000,15.627304,11.727135,0.008384,23.446040,0.000000,0.000000,47.552138,0.433419,15.999109,15.978667,0.000000,31.958957
618,0,0.000000,20.591573,17.146347,0.010004,25.747877,0.000000,0.000000,47.972262,7.991115,29.992749,8.020850,0.000000,38.055692
619,0,0.000000,24.254542,11.273187,0.007185,31.530251,0.000000,0.000000,48.013504,4.080528,32.072585,15.981923,0.000000,40.087165
620,0,0.000000,20.244382,11.156690,0.008424,23.590389,0.000000,0.000000,56.092603,0.113184,24.598093,12.012480,0.000000,36.656319
621,0,0.000000,24.143897,12.629958,0.014302,28.770814,0.000000,0.000000,44.015631,0.056231,16.456302,12.017228,0.000000,28.336070
622,0,0.000000,16.228865,11.575915,0.004876,27.808237,0.000000,0.000000,32.003628,0.086637,8.190102,8.030784,0.000000,16.298802
623,0,0.000000,21.531609,12.358631,0.019435,33.271801,0.000000,0.000000,59.958616,8.089482,27.319766,16.008250,0.000000,35.395444
624,0,0.000000,22.526537,11.833798,0.017169,34.281897,0.000000,0.000000,57.668897,4.018084,23.796801,15.786581,0.000000,39.695389
625,0,0.000000,21.274261,18.935989,0.013388,40.181808,0.000000,0.000000,46.060934,0.061993,16.551694,12.011621,0.000000,28.376482
626,0,0.000000,31.188659,7.401607,0.035864,38.556049,0.000000,0.000000,38.947507,0.075150,24.268782,4.044007,0.000000,24.394676
627,0,0.000000,16.755658,14.938572,0.016852,31.499917,0.000000,0.000000,31.969310,0.038264,8.762125,4.008301,0.000000,12.778964
628,0,0.000000,16.353650,15.150310,0.006464,31.340774,0.000000,0.000000,37.460770,0.067957,8.507628,11.991534,0.000000,20.300756
629,0,0.000000,20.333015,21.724087,0.034848,34.647533,0.000000,0.000000,53.120562,0.157857,21.209067,21.092005,0.000000,37.010216
630,0,0.000000,15.122799,15.815558,0.009773,30.942097,0.000000,0.000000,38.879581,0.052013,15.714078,8.013638,0.000000,15.800518
631,0,0.000000,16.338596,20.415432,0.010927,36.637040,0.000000,0.000000,62.646556,6.636515,23.878582,15.981111,0.000000,33.683203
632,0,0.000000,20.970059,11.713346,0.016545,32.671090,0.000000,0.000000,61.964129,1.359355,35.747748,19.652057,0.000000,45.058988
633,0,0.000000,23.462384,20.356529,0.003731,28.335956,0.000000,0.000000,51.918769,0.722916,20.290257,20.351476,0.000000,28.060539
634,0,0.000000,19.048487,20.441094,0.014682,31.458100,0.000000,0.000000,50.845792,0.040375,21.902618,16.017918,0.000000,29.976290
635,0,0.000000,16.482263,11.598253,0.010161,24.263961,0.000000,0.000000,47.797164,0.045972,16.155606,15.865829,0.000000,32.065765
636,0,0.000000,20.865305,12.372555,0.009030,33.246890,0.000000,0.000000,47.374826,2.992008,22.353568,16.000411,0.000000,30.939132
637,0,0.000000,24.266290,11.244652,0.012529,35.523471,0.000000,0.000000,48.021977,0.048135,16.135685,16.024804,0.000000,28.494506
638,0,0.000000,12.357471,18.086640,0.028146,26.592416,0.000000,0.000000,55.102909,3.995844,15.859355,19.990094,0.000000,32.941680
639,0,0.000000,21.447247,18.584114,0.005042,28.039230,0.000000,0.000000,52.272937,0.060263,28.775204,15.434556,0.000000,28.830946
640,0,0.000000,21.074993,11.362311,0.009591,27.639766,0.000000,0.000000,48.858423,0.061814,24.554652,15.313343,0.000000,30.024953
641,0,0.000000,14.327305,7.369554,0.002982,21.698526,0.000000,0.000000,21.929865,5.901225,8.334611,0.051967,0.000000,8.598420
642,0,0.000000,24.195117,11.423443,0.009797,31.693462,0.000000,0.000000,44.605631,0.040102,16.241822,8.678022,0.000000,24.270507
643,0,0.000000,17.047986,14.014117,0.011073,26.200081,0.000000,0.000000,37.918143,0.056270,16.747646,12.002602,0.000000,24.800287
644,0,0.000000,12.303760,7.958736,0.004403,16.242093,0.000000,0.000000,45.219331,3.994253,23.621539,15.985737,0.000000,38.792193
645,0,0.000000,19.829516,11.693319,0.009906,31.532741,0.000000,0.000000,39.278217,0.362629,22.228376,11.969999,0.000000,30.255469
646,0,0.000000,20.316207,10.770892,0.010165,31.088117,0.000000,0.000000,51.976220,0.058024,20.448996,16.011205,0.000000,31.707410
647,0,0.000000,16.293930,19.883686,0.015770,34.424888,0.000000,0.000000,59.534366,4.018920,27.471775,15.515428,0.000000,41.958204
648,0,0.000000,24.437970,9.320110,0.010410,32.624193,0.000000,0.000000,39.994700,0.632334,19.557238,7.963434,0.000000,27.953760
649,0,0.000000,14.653777,13.929468,0.012322,22.206167,0.000000,0.000000,55.971612,11.983769,23.809678,12.007824,0.000000,37.331161
650,0,0.000000,21.377988,21.693486,0.022345,38.907185,0.000000,0.000000,61.460241,0.074882,15.849067,14.815045,0.000000,24.156262
651,0,0.000000,15.792297,21.458849,0.012006,37.263152,0.000000,0.000000,55.547837,0.135858,20.746490,16.050493,0.000000,34.377021
652,0,0.000000,20.441925,19.062028,0.013353,27.529018,0.000000,0.000000,47.985777,4.031341,23.507881,18.077723,0.000000,35.005748
653,0,0.000000,19.669784,14.945904,0.008126,30.448770,0.000000,0.000000,51.682416,3.218091,16.843887,10.912641,0.000000,27.974863
654,0,0.000000,19.747482,11.572452,0.008148,27.410820,0.000000,0.000000,55.441849,7.471127,19.586229,15.986085,0.000000,35.614771
655,0,0.000000,24.401033,10.686020,0.007048,31.073087,0.000000,0.000000,47.984219,3.124153,19.709920,14.618675,0.000000,30.839660
656,0,0.000000,16.333490,16.705350,0.006617,32.998018,0.000000,0.000000,33.325259,8.030685,15.521099,7.362469,0.000000,23.552642
657,0,0.000000,20.913331,7.840750,0.007506,28.761587,0.000000,0.000000,38.547916,0.040018,18.974356,7.999907,0.000000,26.985290
658,0,0.000000,12.244552,17.610248,0.013691,29.686220,0.000000,0.000000,60.540382,8.040185,25.718374,21.527246,0.000000,38.891264
659,0,0.000000,27.535200,14.671956,0.009710,34.201754,0.000000,0.000000,51.440815,3.024717,20.740846,16.019878,0.000000,38.719600
660,0,0.000000,22.639170,10.806742,0.015256,32.622418,0.000000,0.000000,33.653376,0.059521,17.001965,4.030155,0.000000,20.910089
661,0,0.000000,19.510926,10.945114,0.012277,26.458431,0.000000,0.000000,51.583035,8.060327,18.759393,15.998813,0.000000,35.290765
662,0,0.000000,24.170889,12.364596,0.015291,28.532823,0.000000,0.000000,40.042790,0.053915,23.637990,12.373403,0.000000,27.369035
663,0,0.000000,16.071429,7.600671,0.005509,23.670420,0.000000,0.000000,23.943116,0.042132,8.143898,7.582638,0.000000,15.455240
664,0,0.000000,24.116195,11.665795,0.017753,31.779977,0.000000,0.000000,43.978370,0.034417,23.187874,9.346282,0.000000,28.549693
665,0,0.000000,16.559782,11.842399,0.003086,28.188760,0.000000,0.000000,47.990661,4.014529,18.899865,7.996751,0.000000,18.953798
666,0,0.000000,17.832012,17.926757,0.015465,35.364862,0.000000,0.000000,59.990587,7.999301,21.765329,15.972968,0.000000,44.684501
667,0,0.000000,16.259007,11.391105,0.009201,23.642022,0.000000,0.000000,31.996418,0.066390,8.115549,8.012897,0.000000,16.175672
668,0,0.000000,16.297238,10.485035,0.008066,26.780055,0.000000,0.000000,47.013354,8.002608,16.930637,18.455875,0.000000,29.310016
669,0,0.000000,24.242169,18.249905,0.016055,33.320517,0.000000,0.000000,45.655011,0.521552,18.568892,17.161414,0.000000,28.279616
670,0,0.000000,24.841813,11.320042,0.012716,32.165757,0.000000,0.000000,55.999820,8.070023,23.613645,18.972450,0.000000,36.653861
671,0,0.000000,24.466653,16.192669,0.009261,24.872689,0.000000,0.000000,51.565909,0.055043,22.701955,19.804844,0.000000,27.792631
672,0,0.000000,26.045307,11.274274,0.014625,30.546144,0.000000,0.000000,51.870693,0.047257,24.059674,12.010501,0.000000,28.878158
673,0,0.000000,20.302002,10.506388,0.007846,30.811681,0.000000,0.000000,51.364150,3.372626,20.990730,15.977836,0.000000,33.026294
674,0,0.000000,21.121542,20.894418,0.013105,38.030126,0.000000,0.000000,52.684533,0.050798,18.065613,8.042573,0.000000,26.130086
675,0,0.000000,24.349720,14.497792,0.017627,31.680813,0.000000,0.000000,55.977790,7.977556,27.787731,15.719678,0.000000,29.822603
676,0,0.000000,23.784769,11.175889,0.012890,34.964704,0.000000,0.000000,52.113060,4.580510,22.609279,8.684120,0.000000,31.682077
677,0,0.000000,29.052862,14.298290,0.014310,39.885469,0.000000,0.000000,58.820020,1.473774,25.269024,16.008118,0.000000,42.641551
678,0,0.000000,24.293946,18.111955,0.012190,34.260843,0.000000,0.000000,71.978268,8.006769,29.725173,14.128359,0.000000,42.687098
679,0,0.000000,20.290313,18.207818,0.012595,34.718342,0.000000,0.000000,68.013151,8.006628,33.367025,11.994699,0.000000,50.166652
680,0,0.000000,21.236195,16.773179,0.017930,32.082736,0.000000,0.000000,59.865418,7.093802,23.705239,18.887349,0.000000,35.711776
681,0,0.000000,24.851732,10.922621,0.012440,35.771771,0.000000,0.000000,43.932502,7.990305,22.744912,8.003909,0.000000,30.779948
682,0,0.000000,16.429358,15.758461,0.010330,24.006629,0.000000,0.000000,56.793602,11.990745,23.938515,24.555952,0.000000,43.485999
683,0,0.000000,15.481596,8.843799,0.007007,24.327930,0.000000,0.000000,40.165736,0.081041,11.709029,9.005735,0.000000,19.786192
684,0,0.000000,23.015561,14.984879,0.017279,34.000783,0.000000,0.000000,59.579456,8.042463,19.869307,15.565578,0.000000,39.108137
685,0,0.000000,18.309925,11.924811,0.015613,30.233959,0.000000,0.000000,52.781771,2.342437,24.586582,10.811282,0.000000,34.939432
686,0,0.000000,22.706228,19.539273,0.008582,26.123340,0.000000,0.000000,49.562424,0.052751,22.956593,16.359622,0.000000,34.475292
687,0,0.000000,18.959590,16.182624,0.012627,28.527667,0.000000,0.000000,58.977710,5.990008,20.379268,19.977980,0.000000,35.993198
688,0,0.000000,21.464113,16.641245,0.008762,30.590909,0.000000,0.000000,48.562809,1.043759,23.937063,16.613367,0.000000,27.206417
689,0,0.000000,20.557142,11.611483,0.017473,32.169851,0.000000,0.000000,32.348017,0.043013,8.210823,0.061013,0.000000,8.309297
690,0,0.000000,16.288913,16.542810,0.006684,24.904865,0.000000,0.000000,51.307059,8.000703,28.236921,17.073984,0.000000,38.804548
691,0,0.000000,24.435661,20.454831,0.025650,43.862559,0.000000,0.000000,56.330120,0.368879,22.931602,11.904180,0.000000,28.250389
692,0,0.000000,16.577132,7.193673,0.008938,23.740150,0.000000,0.000000,24.023752,0.055505,8.371875,3.264099,0.000000,8.434115
693,0,0.000000,16.356701,15.352202,0.005668,31.709648,0.000000,0.000000,31.955643,0.046204,8.362646,11.981572,0.000000,16.422420
694,0,0.000000,16.226677,15.529493,0.006643,31.668390,0.000000,0.000000,31.986938,0.037640,8.152984,11.982724,0.000000,16.197202
695,0,0.000000,16.288914,15.486576,0.015219,31.737412,0.000000,0.000000,32.017970,0.043359,8.203715,8.040225,0.000000,16.277661
696,0,0.000000,16.339760,11.268862,0.006894,23.708049,0.000000,0.000000,27.936317,0.043882,8.372119,4.004323,0.000000,12.361320
697,0,0.000000,21.454745,19.242113,0.008454,27.569511,0.000000,0.000000,55.937287,8.006380,22.193842,22.493185,0.000000,39.796727
698,0,0.000000,17.530481,11.259774,0.010490,24.787527,0.000000,0.000000,56.051004,4.074744,20.244903,16.006857,0.000000,36.588843
699,0,0.000000,19.600072,18.750062,0.013074,35.140346,0.000000,0.000000,52.008923,0.800519,20.349198,7.996872,0.000000,25.835549
700,0,0.000000,20.307599,12.666620,0.011150,24.924293,0.000000,0.000000,52.852218,4.103529,26.584643,15.987583,0.000000,38.827595
701,0,0.000000,24.125067,11.711430,0.005807,35.842304,0.000000,0.000000,47.963852,0.041247,16.120511,15.999009,0.000000,32.087331
702,0,0.000000,23.639345,11.767298,0.007640,35.414283,0.000000,0.000000,51.995774,4.042126,29.715327,15.965493,0.000000,37.333999
703,0,0.000000,20.168340,18.961220,0.013982,31.493822,0.000000,0.000000,58.289337,8.331922,21.927329,19.993731,0.000000,42.295606
704,0,0.000000,22.439852,10.721583,0.011120,29.513185,0.000000,0.000000,46.739737,0.068078,26.003120,12.693300,0.000000,34.768046
705,0,0.000000,22.159978,11.233499,0.010227,30.060486,0.000000,0.000000,49.658007,0.057136,19.218276,10.769813,0.000000,27.056626
706,0,0.000000,22.284221,19.157864,0.019389,29.441220,0.000000,0.000000,54.389692,2.268759,20.945038,15.993159,0.000000,38.817577
707,0,0.000000,23.351065,18.921204,0.022655,24.785258,0.000000,0.000000,49.681766,0.837493,26.335489,13.310385,0.000000,28.340162
708,0,0.000000,22.208179,11.760069,0.017136,33.972322,0.000000,0.000000,38.899288,0.057683,15.799441,7.998934,0.000000,23.855056
709,0,0.000000,20.283261,14.705374,0.013510,34.993084,0.000000,0.000000,50.590546,6.387142,17.092488,12.687832,0.000000,34.278990
710,0,0.000000,16.280717,18.820470,0.009851,27.709970,0.000000,0.000000,56.044274,8.005892,24.718966,18.772544,0.000000,38.141551
711,0,0.000000,19.837064,20.308506,0.008943,32.570844,0.000000,0.000000,54.635983,0.403989,24.225329,22.920486,0.000000,35.008442
712,0,0.000000,24.474831,19.838643,0.005084,36.310042,0.000000,0.000000,56.012063,0.047540,19.152385,16.015418,0.000000,35.175286
713,0,0.000000,20.251037,11.764664,0.011361,31.999099,0.000000,0.000000,51.972409,0.053434,19.755194,15.957849,0.000000,34.568734
714,0,0.000000,13.445195,5.342503,0.003176,17.193826,0.000000,0.000000,43.996363,4.559627,15.860092,9.319008,0.000000,24.433180
715,0,0.000000,12.478248,11.904316,0.012865,20.608269,0.000000,0.000000,52.001159,8.017253,22.667908,11.985605,0.000000,35.954813
716,0,0.000000,20.816789,11.327901,0.021703,28.160390,0.000000,0.000000,52.283839,0.058640,16.389115,19.973361,0.000000,32.451970
717,0,0.000000,22.764448,7.768069,0.006807,30.539324,0.000000,0.000000,54.061127,0.055369,24.409475,16.010562,0.000000,40.395517
718,0,0.000000,20.469173,22.188496,0.015884,34.663162,0.000000,0.000000,55.506620,3.398276,23.793279,16.053379,0.000000,35.855593
719,0,0.000000,20.316264,18.047641,0.008363,32.852902,0.000000,0.000000,52.017326,0.070645,22.987844,16.012208,0.000000,39.045500
720,0,0.000000,20.511840,15.363008,0.015555,31.889712,0.000000,0.000000,59.414946,4.317864,24.690284,23.327287,0.000000,36.644862
721,0,0.000000,20.772685,11.688732,0.013098,28.457067,0.000000,0.000000,44.557481,0.052691,20.254347,7.964334,0.000000,27.906323
722,0,0.000000,16.452089,13.999899,0.022445,26.332633,0.000000,0.000000,54.438889,7.994709,17.593281,18.455409,0.000000,32.787558
723,0,0.000000,17.967382,20.581799,0.013189,34.368675,0.000000,0.000000,55.902059,6.322054,25.264004,14.136245,0.000000,35.262842
724,0,0.000000,21.190727,11.737481,0.009800,28.950989,0.000000,0.000000,52.747459,0.040750,27.791770,8.003021,0.000000,27.835155
725,0,0.000000,16.423416,16.024823,0.012362,32.460601,0.000000,0.000000,61.296533,12.071080,31.325300,13.278945,0.000000,40.248004
726,0,0.000000,15.229185,7.295832,0.005483,22.005257,0.000000,0.000000,44.808768,0.209846,15.939890,10.138160,0.000000,23.979696
727,0,0.000000,21.374122,12.892937,0.006415,34.264035,0.000000,0.000000,56.005152,7.988461,23.703164,12.008725,0.000000,31.732586
728,0,0.000000,22.272379,19.517077,0.007467,29.194151,0.000000,0.000000,54.300946,6.298960,26.431803,20.827362,0.000000,41.115514
729,0,0.000000,16.378000,11.133398,0.004656,23.516649,0.000000,0.000000,43.998537,4.050478,16.050129,15.098276,0.000000,29.144701
730,0,0.000000,17.775991,16.371158,0.007070,28.785827,0.000000,0.000000,57.193856,8.956245,26.810399,22.612838,0.000000,44.005179
731,0,0.000000,18.428888,11.214365,0.010462,25.647217,0.000000,0.000000,45.340388,0.037073,20.420052,7.997769,0.000000,28.432697
732,0,0.000000,19.351727,13.867151,0.006579,26.267556,0.000000,0.000000,56.278919,8.893151,18.613933,18.374779,0.000000,41.841062
733,0,0.000000,16.503965,22.187377,0.011722,33.085197,0.000000,0.000000,56.229329,5.902742,21.047898,21.301597,0.000000,39.448159
734,0,0.000000,23.287719,11.890159,0.012680,31.549175,0.000000,0.000000,47.099656,0.060980,19.785483,8.010726,0.000000,27.820367
735,0,0.000000,21.474116,11.032755,0.010847,32.509123,0.000000,0.000000,53.646335,8.007394,16.575350,17.633410,0.000000,33.846205
736,0,0.000000,23.352715,11.773926,0.007290,31.155063,0.000000,0.000000,43.973753,5.256368,23.925766,7.981933,0.000000,31.972032
737,0,0.000000,22.331369,17.438228,0.016689,35.758660,0.000000,0.000000,50.064411,0.045928,22.507646,11.995554,0.000000,30.555250
738,0,0.000000,16.231770,21.208479,0.009747,25.432678,0.000000,0.000000,55.968776,8.029065,22.457942,13.115344,0.000000,33.996140
739,0,0.000000,16.573375,20.222351,0.010547,28.371985,0.000000,0.000000,59.242308,7.952488,28.351342,23.520690,0.000000,35.186163
740,0,0.000000,20.923020,11.113177,0.005818,28.253082,0.000000,0.000000,52.651222,0.065219,19.674492,15.999636,0.000000,30.958855
741,0,0.000000,16.503525,13.064538,0.005868,29.252880,0.000000,0.000000,48.586859,0.109150,23.298192,20.573654,0.000000,39.340203
742,0,0.000000,17.766825,13.485379,0.006441,31.258645,0.000000,0.000000,31.449796,0.044326,10.285939,8.061752,0.000000,18.390037
743,0,0.000000,16.126278,7.631876,0.007570,23.752577,0.000000,0.000000,23.959809,0.040031,8.144806,0.019116,0.000000,8.193879
744,0,0.000000,8.469064,7.262894,0.003781,15.723983,0.000000,0.000000,16.029024,0.029750,0.523686,0.034179,0.000000,0.566603
745,0,0.000000,16.385288,7.381801,0.004631,23.769331,0.000000,0.000000,23.949209,0.036866,0.472973,0.017577,0.000000,0.518803
746,0,0.000000,16.335932,7.430096,0.009768,23.764186,0.000000,0.000000,23.990548,0.033870,8.343390,0.035819,0.000000,8.390482
747,0,0.000000,8.295143,7.597659,0.003441,15.862352,0.000000,0.000000,16.026352,0.033071,0.262831,0.051107,0.000000,0.331478
748,0,0.000000,16.365807,7.337788,0.016778,23.707820,0.000000,0.000000,23.974676,0.031351,0.471112,0.031331,0.000000,0.517857
749,0,0.000000,8.397310,7.365924,0.006159,15.748672,0.000000,0.000000,15.998684,0.051963,0.522260,0.043387,0.000000,0.581650
750,0,0.000000,16.398064,7.405155,0.011408,23.797071,0.000000,0.000000,23.963670,0.032843,0.336903,0.027822,0.000000,0.371278
751,0,0.000000,8.289965,7.593474,0.005044,15.818040,0.000000,0.000000,16.078700,0.038131,0.320977,0.091740,0.000000,0.446360
752,0,0.000000,16.359041,16.275210,0.009536,32.406873,0.000000,0.000000,55.103048,0.030948,17.577108,20.644578,0.000000,33.609416
753,0,0.000000,21.065180,13.878516,0.007381,26.986773,0.000000,0.000000,52.665561,0.051458,21.710031,16.013649,0.000000,35.764422
754,0,0.000000,16.184244,11.787161,0.012146,20.192963,0.000000,0.000000,48.585023,0.050086,16.043632,17.447531,0.000000,33.532230
755,0,0.000000,16.417807,18.195162,0.012398,30.614904,0.000000,0.000000,48.717887,0.052626,15.997680,14.919563,0.000000,26.304774
756,0,0.000000,24.205789,14.876564,0.014779,31.048332,0.000000,0.000000,55.980445,11.990778,28.611196,15.993693,0.000000,42.406606
757,0,0.000000,20.521890,20.734628,0.009561,37.253790,0.000000,0.000000,58.808700,0.050815,18.952846,20.026027,0.000000,27.018356
758,0,0.000000,25.235853,13.384868,0.026436,38.647157,0.000000,0.000000,52.917308,0.046519,20.420759,16.019307,0.000000,36.370206
759,0,0.000000,12.391429,22.287734,0.014202,30.651432,0.000000,0.000000,53.031662,0.045891,20.859681,17.216665,0.000000,38.121558
760,0,0.000000,27.045845,18.707375,0.012027,33.771705,0.000000,0.000000,58.750568,0.047267,24.860592,19.812881,0.000000,40.894520
761,0,0.000000,16.553298,14.509601,0.015406,26.922579,0.000000,0.000000,57.564808,0.054953,27.217206,22.425499,0.000000,39.263513
762,0,0.000000,16.339428,17.702928,0.022265,25.998699,0.000000,0.000000,55.694483,3.921926,25.906836,17.690244,0.000000,33.328200
763,0,0.000000,16.239409,18.305128,0.010037,30.597887,0.000000,0.000000,55.975434,7.997750,19.946391,18.292257,0.000000,41.881213
764,0,0.000000,16.477126,20.457849,0.009748,32.678572,0.000000,0.000000,62.261351,4.044031,23.200366,20.462956,0.000000,34.466655
765,0,0.000000,22.248956,10.160491,0.010936,32.420383,0.000000,0.000000,32.683168,0.068441,16.472665,6.927236,0.000000,19.503077
766,0,0.000000,21.238570,14.455138,0.017176,27.913135,0.000000,0.000000,53.023949,0.052086,23.976050,12.044776,0.000000,35.979572
767,0,0.000000,16.220569,11.662300,0.009215,27.868493,0.000000,0.000000,52.739860,0.040956,18.496231,15.575107,0.000000,32.149180
768,0,0.000000,20.886664,11.759842,0.011281,32.650358,0.000000,0.000000,53.714186,5.721026,24.974786,15.395958,0.000000,40.442839
769,0,0.000000,21.795912,11.495227,0.011108,29.322094,0.000000,0.000000,41.540249,0.061012,16.229129,8.007074,0.000000,24.246798
770,0,0.000000,16.444802,13.706439,0.011084,22.134794,0.000000,0.000000,48.761064,4.892817,15.979237,16.011570,0.000000,31.999821
771,0,0.000000,24.238391,19.756797,0.009144,35.983700,0.000000,0.000000,59.499246,0.046981,23.536769,21.161963,0.000000,41.897050
772,0,0.000000,20.884060,13.068639,0.016054,33.956170,0.000000,0.000000,56.450455,0.091039,19.469966,15.968569,0.000000,31.636869
773,0,0.000000,15.708654,5.639504,0.007160,21.332260,0.000000,0.000000,35.531640,4.737810,21.982866,4.010343,0.000000,22.042533
774,0,0.000000,20.417092,15.801594,0.004396,28.192482,0.000000,0.000000,62.251732,0.036664,23.726533,18.305772,0.000000,34.146738
775,0,0.000000,21.951313,12.748694,0.010949,30.836792,0.000000,0.000000,53.690889,0.056198,25.957839,15.977445,0.000000,33.985603
776,0,0.000000,16.534770,11.492165,0.010733,27.661201,0.000000,0.000000,48.003206,7.992442,24.160808,7.972063,0.000000,32.184155
777,0,0.000000,24.372298,21.376261,0.018580,45.754170,0.000000,0.000000,63.284033,8.029985,28.095190,19.248731,0.000000,43.432360
778,0,0.000000,16.681953,18.935985,0.019089,31.420050,0.000000,0.000000,58.025864,8.281217,24.049089,17.649763,0.000000,36.839380
779,0,0.000000,16.160924,20.171264,0.015241,32.537975,0.000000,0.000000,56.011509,8.061509,19.958964,20.119955,0.000000,40.160830
780,0,0.000000,21.999420,17.375227,0.015721,35.190090,0.000000,0.000000,56.023865,1.614242,23.926163,16.004592,0.000000,39.997989
781,0,0.000000,16.209744,7.150154,0.012011,23.353343,0.000000,0.000000,24.029150,0.065088,8.501622,0.038739,0.000000,8.598888
782,0,0.000000,16.374998,19.275093,0.020551,27.448003,0.000000,0.000000,55.933719,0.035703,24.434930,15.967403,0.000000,39.795679
783,0,0.000000,13.840019,11.761733,0.012009,21.557952,0.000000,0.000000,55.987330,4.798028,16.757571,15.704220,0.000000,31.075689
784,0,0.000000,20.269861,9.288512,0.009601,25.815404,0.000000,0.000000,53.147595,7.970117,16.980299,15.946494,0.000000,36.557333
785,0,0.000000,18.948896,11.877514,0.006719,20.778430,0.000000,0.000000,52.003017,5.595070,23.452487,15.837941,0.000000,35.491312
786,0,0.000000,16.249951,16.935694,0.017533,29.313274,0.000000,0.000000,61.365233,4.008486,18.908687,19.980652,0.000000,41.192659
787,0,0.000000,23.154137,17.792169,0.010536,37.012591,0.000000,0.000000,58.250140,0.060820,18.296493,15.993149,0.000000,26.808210
788,0,0.000000,20.884024,18.612066,0.012743,35.492026,0.000000,0.000000,60.330677,8.001240,19.686520,16.007166,0.000000,37.359922
789,0,0.000000,16.353183,18.695598,0.008988,34.950011,0.000000,0.000000,51.966692,0.055543,15.803699,16.196116,0.000000,31.850274
790,0,0.000000,16.144885,21.007610,0.012084,28.395250,0.000000,0.000000,56.319837,4.575857,24.425032,17.131563,0.000000,37.625982
791,0,0.000000,23.014172,11.290762,0.010572,34.306400,0.000000,0.000000,46.839776,0.057609,16.362078,16.005212,0.000000,24.419964
792,0,0.000000,24.123327,13.470656,0.011520,36.130013,0.000000,0.000000,46.271677,0.055606,19.643774,14.308771,0.000000,32.822122
793,0,0.000000,26.956633,14.815433,0.011382,33.678584,0.000000,0.000000,54.854430,1.481130,23.530787,19.406851,0.000000,34.828724
794,0,0.000000,15.953291,20.943311,0.013917,28.834469,0.000000,0.000000,51.509934,0.057408,22.747575,8.044624,0.000000,27.254363
795,0,0.000000,16.497598,11.676187,0.009403,24.184500,0.000000,0.000000,45.873923,0.051597,16.038777,13.905864,0.000000,24.078812
796,0,0.000000,20.608614,14.472886,0.017411,32.065039,0.000000,0.000000,54.951597,0.046029,21.089727,21.331880,0.000000,36.031377
797,0,0.000000,21.522524,18.433782,0.017072,27.875166,0.000000,0.000000,57.065910,0.050327,25.700195,15.979017,0.000000,33.748652
798,0,0.000000,16.306322,17.149689,0.020255,28.149126,0.000000,0.000000,51.983999,4.366688,23.284550,11.996513,0.000000,27.682401
799,0,0.000000,21.818960,13.097487,0.012898,34.917499,0.000000,0.000000,56.012999,10.583234,24.909418,12.002631,0.000000,36.983145
800,0,0.000000,16.424873,14.345250,0.012909,26.721060,0.000000,0.000000,55.985624,12.019888,28.702953,12.010667,0.000000,40.743006
801,0,0.000000,18.861715,5.419878,0.007648,24.276954,0.000000,0.000000,46.452538,0.111212,23.496257,15.993029,0.000000,38.220411
802,0,0.000000,24.439287,14.969766,0.008959,31.431172,0.000000,0.000000,54.584261,0.084454,27.084038,14.927595,0.000000,35.670920
803,0,0.000000,16.200999,13.470910,0.009841,21.806387,0.000000,0.000000,44.016963,0.047362,16.034475,13.241613,0.000000,29.221076
804,0,0.000000,16.183232,7.649388,0.003751,23.834039,0.000000,0.000000,24.021039,0.062154,8.214008,4.001733,0.000000,12.187452
805,0,0.000000,20.248946,18.052064,0.015246,38.304493,0.000000,0.000000,47.963518,0.037545,18.505637,15.980622,0.000000,32.256397
806,0,0.000000,16.395599,18.637251,0.013249,34.872975,0.000000,0.000000,49.764832,0.048639,15.824556,21.761766,0.000000,31.930642
807,0,0.000000,20.133131,11.848140,0.009304,25.510429,0.000000,0.000000,48.055761,0.046335,23.325572,11.768801,0.000000,29.331956
808,0,0.000000,24.247268,9.032563,0.012598,33.292429,0.000000,0.000000,48.034469,0.051715,19.893684,20.006958,0.000000,39.942131
809,0,0.000000,20.320657,10.535890,0.007835,27.148298,0.000000,0.000000,55.975987,3.828047,23.944851,18.478801,0.000000,32.822145
810,0,0.000000,17.277713,21.574854,0.013348,30.716761,0.000000,0.000000,51.439309,2.483947,23.477732,15.995967,0.000000,31.892093
811,0,0.000000,22.038187,20.533538,0.011289,42.574140,0.000000,0.000000,51.980152,2.370344,24.773928,11.290824,0.000000,36.116133
812,0,0.000000,16.360375,15.767688,0.012617,32.129280,0.000000,0.000000,45.149747,0.054824,15.950645,11.987103,0.000000,23.983599
813,0,0.000000,12.264901,18.076425,0.005481,30.247230,0.000000,0.000000,59.527496,0.058623,18.203610,16.016419,0.000000,33.805928
814,0,0.000000,23.021673,19.781240,0.007789,40.582365,0.000000,0.000000,48.263347,0.054502,18.521908,23.782465,0.000000,34.565562
815,0,0.000000,20.467863,11.697570,0.011883,32.169150,0.000000,0.000000,56.613433,0.061433,20.910441,12.449236,0.000000,33.405706
816,0,0.000000,16.262534,14.868092,0.017972,31.124475,0.000000,0.000000,53.668309,1.586272,16.716435,14.841389,0.000000,31.597493
817,0,0.000000,16.396758,16.843206,0.019412,33.256033,0.000000,0.000000,59.913403,7.927204,31.631279,20.821201,0.000000,42.276697
818,0,0.000000,16.146571,18.184618,0.014751,26.504759,0.000000,0.000000,55.974947,4.025854,27.021009,15.995138,0.000000,36.901761
819,0,0.000000,20.278069,19.824051,0.015645,35.152115,0.000000,0.000000,59.992066,7.403351,27.522730,11.995795,0.000000,35.602629
820,0,0.000000,24.404240,11.342083,0.005949,31.759036,0.000000,0.000000,44.082281,8.073988,27.427000,8.000140,0.000000,31.356071
821,0,0.000000,16.530654,12.049772,0.009380,24.472928,0.000000,0.000000,52.003603,8.017614,26.662096,15.992372,0.000000,35.738067
822,0,0.000000,27.054286,12.755523,0.011546,39.819881,0.000000,0.000000,46.131291,1.803559,22.746841,11.949423,0.000000,30.701601
823,0,0.000000,16.146514,18.544993,0.006419,26.699065,0.000000,0.000000,59.102802,4.043980,18.183137,19.082018,0.000000,35.492915
824,0,0.000000,17.149224,10.586206,0.004147,23.752230,0.000000,0.000000,56.819293,0.048364,19.863671,16.006572,0.000000,31.882801
825,0,0.000000,22.167826,13.172964,0.013756,32.338419,0.000000,0.000000,51.511593,0.058255,16.949586,9.737884,0.000000,26.741637
826,0,0.000000,16.317537,13.287594,0.007296,23.267058,0.000000,0.000000,54.046347,2.278600,17.813662,19.628485,0.000000,33.654847
827,0,0.000000,16.348986,11.743461,0.004411,28.093809,0.000000,0.000000,47.982928,8.010356,23.987509,11.979592,0.000000,32.067723
828,0,0.000000,16.499340,12.288955,0.010353,28.773723,0.000000,0.000000,52.374557,8.012991,23.351542,8.366838,0.000000,34.872565
829,0,0.000000,15.909087,17.704540,0.012056,33.614020,0.000000,0.000000,55.417078,0.048889,21.572447,16.006110,0.000000,37.627446
830,0,0.000000,24.260823,19.393557,0.015825,31.860916,0.000000,0.000000,54.805897,4.055980,23.307417,16.037641,0.000000,36.162233
831,0,0.000000,21.490912,9.818101,0.013781,27.272358,0.000000,0.000000,41.203002,0.053220,19.893761,0.043362,0.000000,19.974391
832,0,0.000000,8.717749,14.236602,0.012787,22.449399,0.000000,0.000000,52.009023,8.019218,18.015378,15.997409,0.000000,34.570431
833,0,0.000000,16.456620,11.230881,0.004541,27.535534,0.000000,0.000000,51.782516,4.043387,26.488538,19.970639,0.000000,46.314422
834,0,0.000000,27.353551,11.807035,0.004832,35.164159,0.000000,0.000000,46.707194,0.060017,23.915510,3.999362,0.000000,23.982084
835,0,0.000000,20.323353,11.502618,0.012400,27.845263,0.000000,0.000000,52.013788,8.045183,15.869410,8.530993,0.000000,24.797269
836,0,0.000000,16.842904,7.743113,0.006386,24.585170,0.000000,0.000000,47.997613,7.996057,27.546763,8.009910,0.000000,35.585308
837,0,0.000000,18.003321,12.680512,0.014528,21.001872,0.000000,0.000000,49.548325,1.620947,18.664666,18.379886,0.000000,33.312515
838,0,0.000000,24.501359,12.862026,0.009539,37.369847,0.000000,0.000000,59.949322,7.998019,28.055489,20.791781,0.000000,42.560255
839,0,0.000000,24.570858,11.253989,0.011198,35.807220,0.000000,0.000000,40.048791,4.252768,20.428731,8.008496,0.000000,25.150851
840,0,0.000000,14.750797,21.847752,0.015979,27.581844,0.000000,0.000000,49.614210,5.569992,21.809750,20.027805,0.000000,37.649513
841,0,0.000000,16.367221,11.843355,0.007756,28.218332,0.000000,0.000000,47.930069,0.049213,15.501024,16.002013,0.000000,24.378985
842,0,0.000000,29.937633,11.848230,0.013675,41.799538,0.000000,0.000000,46.194559,0.046749,19.937805,8.010063,0.000000,20.163588
843,0,0.000000,16.203167,21.888562,0.012643,30.158805,0.000000,0.000000,59.500784,8.024258,17.025545,20.015734,0.000000,39.756938
844,0,0.000000,20.894764,14.739059,0.009820,31.341381,0.000000,0.000000,52.455494,0.045760,24.834961,16.001490,0.000000,35.893750
845,0,0.000000,19.467923,15.831632,0.009983,35.302676,0.000000,0.000000,54.953358,0.063604,18.176443,15.985756,0.000000,31.878287
846,0,0.000000,17.799721,10.208416,0.008641,27.983999,0.000000,0.000000,47.988764,7.661616,20.390026,14.152340,0.000000,30.781862
847,0,0.000000,16.284387,23.140502,0.014585,33.200219,0.000000,0.000000,58.450045,8.018239,18.686357,18.469834,0.000000,41.589748
848,0,0.000000,17.843995,19.204239,0.018393,33.061012,0.000000,0.000000,50.012202,0.052237,15.886169,20.943204,0.000000,31.977036
849,0,0.000000,15.712471,14.783363,0.006948,22.521321,0.000000,0.000000,39.404012,0.046148,15.957033,14.735209,0.000000,27.548285
850,1,0.000000,16.339236,11.249715,0.005562,23.666282,0.000000,0.000000,35.965623,0.054708,8.497958,15.942540,0.000000,24.448658
851,1,0.000000,16.161152,12.246648,0.013282,20.610726,0.000000,0.000000,40.039809,4.010853,23.251857,12.047541,0.000000,30.748963
852,1,0.000000,13.353499,20.534159,0.009370,28.826566,0.000000,0.000000,49.155086,2.617174,15.955789,12.017236,0.000000,29.038513
853,1,0.000000,16.280631,11.810545,0.011234,24.166410,0.000000,0.000000,47.948148,0.045914,15.840765,12.002198,0.000000,23.931411
854,1,0.000000,12.337195,13.296495,0.015622,25.504810,0.000000,0.000000,43.995398,0.098886,17.531055,7.938204,0.000000,17.649117
855,2,0.000000,9.148024,14.836207,0.010071,23.227877,0.000000,0.000000,55.964311,7.997196,15.844837,18.813690,0.000000,38.000681
856,2,0.000000,24.210826,11.041090,0.011417,35.254079,0.000000,0.000000,39.998513,0.070376,16.590032,8.003753,0.000000,20.352136
857,2,0.000000,12.144357,11.951992,0.014311,22.902829,0.000000,0.000000,51.977365,7.999713,15.979008,15.995497,0.000000,32.812241
858,2,0.000000,17.690640,20.289972,0.031680,38.012292,0.000000,0.000000,57.348323,5.412933,24.529341,24.016322,0.000000,38.372133
859,2,0.000000,22.999404,11.793087,0.008368,34.792702,0.000000,0.000000,52.416511,0.062707,23.855402,11.960429,0.000000,31.890000
860,2,0.000000,21.085856,18.673873,0.014611,28.910775,0.000000,0.000000,55.599107,1.242659,15.937570,15.967784,0.000000,31.710817
