iteration,food_quantity,event_poll_ms,ants_advance_ms,evaporation_ms,update_ms,advance_total_ms,render_ms,blit_ms,iteration_total_ms,mpi_halo_exchange_ms,mpi_migration_ms,mpi_food_allreduce_ms,mpi_render_comm_ms,mpi_total_comm_ms
1,0,0.000000,42.019760,20.153611,0.003686,54.097072,0.000000,0.000000,77.883700,0.030059,41.401322,15.998807,0.000000,50.959034
2,0,0.000000,34.859842,11.683209,0.020739,42.514796,0.000000,0.000000,75.989767,17.704427,42.067008,12.005091,0.000000,54.548538
3,0,0.000000,16.388001,13.851443,0.021779,28.626753,0.000000,0.000000,52.149116,3.883972,29.362965,18.562164,0.000000,45.432619
4,0,0.000000,23.012112,15.359209,0.024069,34.437146,0.000000,0.000000,38.978584,0.057627,22.670704,7.553939,0.000000,26.683116
5,0,0.000000,21.209567,7.827048,0.031052,29.038182,0.000000,0.000000,39.910921,0.067729,19.254560,8.003039,0.000000,27.279944
6,0,0.000000,8.321694,14.527162,0.030908,17.943401,0.000000,0.000000,38.564990,2.571432,22.477942,14.504606,0.000000,25.111665
7,0,0.000000,16.379200,11.443525,0.015709,27.538769,0.000000,0.000000,32.024018,4.091599,15.415062,4.043027,0.000000,23.520886
8,0,0.000000,12.142539,7.758745,0.009340,19.903437,0.000000,0.000000,27.958930,4.023518,7.795487,3.984370,0.000000,15.660323
9,0,0.000000,20.097189,6.868739,0.048779,26.803926,0.000000,0.000000,32.215369,0.043169,15.965049,4.022825,0.000000,16.053623
10,0,0.000000,16.079310,7.193982,0.014276,23.268583,0.000000,0.000000,23.740496,0.049989,8.190321,3.996140,0.000000,12.160674
11,0,0.000000,12.208762,7.866390,0.015093,16.221159,0.000000,0.000000,32.260490,0.049614,7.882882,8.315904,0.000000,15.941311
12,0,0.000000,7.851305,7.418654,0.008478,15.273323,0.000000,0.000000,15.497842,0.176644,0.344700,0.048702,0.000000,0.453600
13,0,0.000000,16.489365,7.211152,0.009751,23.700850,0.000000,0.000000,23.947260,0.040960,4.464888,4.012028,0.000000,8.505163
14,0,0.000000,8.631803,7.236029,0.011788,15.841579,0.000000,0.000000,16.051241,0.056819,0.549830,0.058562,0.000000,0.631389
15,0,0.000000,20.099181,14.102936,0.015985,30.071708,0.000000,0.000000,47.854323,0.082551,12.856368,12.032238,0.000000,24.971157
16,0,0.000000,12.356227,15.513232,0.012945,23.857867,0.000000,0.000000,24.000146,7.062592,14.627748,4.009524,0.000000,14.708131
17,0,0.000000,12.088793,4.540612,0.008898,12.674490,0.000000,0.000000,23.855599,0.064420,11.088374,4.016273,0.000000,11.155323
18,0,0.000000,16.159536,7.667459,0.015686,23.820827,0.000000,0.000000,27.011206,3.023409,11.591496,4.034725,0.000000,18.642461
19,0,0.000000,12.140268,6.915667,0.009844,19.060480,0.000000,0.000000,23.939605,0.045145,8.817788,4.008141,0.000000,8.885186
20,0,0.000000,8.301868,7.604187,0.006500,15.872501,0.000000,0.000000,16.060448,0.034967,0.286581,0.066034,0.000000,0.365255
21,0,0.000000,24.269859,7.530632,0.012024,31.803460,0.000000,0.000000,31.934473,0.037983,12.171737,3.993038,0.000000,12.214535
22,0,0.000000,16.162879,11.301288,0.025083,22.846007,0.000000,0.000000,39.937360,0.067975,11.770805,11.302673,0.000000,19.806842
23,0,0.000000,11.781514,12.155209,0.327015,20.432604,0.000000,0.000000,48.018037,6.190027,21.539677,12.175806,0.000000,29.273168
24,0,0.000000,15.191401,12.842112,0.014613,24.990438,0.000000,0.000000,42.167778,2.238548,16.952671,9.210119,0.000000,27.181890
25,0,0.000000,14.264446,7.550011,0.018847,21.811787,0.000000,0.000000,28.003595,6.051135,8.080438,4.006193,0.000000,13.626016
26,0,0.000000,8.234286,7.638061,0.004982,15.822720,0.000000,0.000000,15.985220,0.044668,0.176351,0.017203,0.000000,0.234645
27,0,0.000000,16.342087,7.438611,0.017040,23.767478,0.000000,0.000000,23.989060,0.039479,8.197914,4.000901,0.000000,12.232445
28,0,0.000000,8.220931,7.681178,0.002164,15.889240,0.000000,0.000000,16.096550,0.041461,0.206113,0.080078,0.000000,0.283855
29,0,0.000000,16.123570,7.568730,0.015824,23.694224,0.000000,0.000000,23.836921,0.064176,4.127836,4.007738,0.000000,8.192560
30,0,0.000000,8.240260,7.592811,0.002432,15.834493,0.000000,0.000000,15.988020,0.077168,0.152302,0.030151,0.000000,0.227533
31,0,0.000000,16.268100,7.574215,0.014082,23.809879,0.000000,0.000000,24.029835,0.026244,4.126858,4.037297,0.000000,8.189270
32,0,0.000000,16.136053,7.633581,0.012058,23.768621,0.000000,0.000000,23.938841,0.044011,8.163900,3.986592,0.000000,12.189615
33,0,0.000000,8.268775,11.455853,0.008132,19.567348,0.000000,0.000000,19.898890,0.038094,0.294390,0.051112,0.000000,0.377305
34,0,0.000000,16.284533,5.845326,0.013251,18.086155,0.000000,0.000000,43.999548,8.001857,15.707197,12.005949,0.000000,26.857570
35,0,0.000000,14.670185,7.507514,0.006565,22.182020,0.000000,0.000000,23.955714,1.659171,8.292250,3.986416,0.000000,9.868158
36,0,0.000000,8.772102,7.085923,0.005079,15.853066,0.000000,0.000000,16.022565,0.056945,0.659343,0.034014,0.000000,0.704774
37,0,0.000000,16.371933,7.427978,0.011558,23.799206,0.000000,0.000000,23.965045,0.036133,4.343419,4.000303,0.000000,8.355260
38,0,0.000000,8.330024,7.522448,0.011731,15.849827,0.000000,0.000000,15.998647,0.037650,0.289423,0.021185,0.000000,0.344869
39,0,0.000000,16.268725,7.570308,0.003702,23.840418,0.000000,0.000000,23.968432,0.036831,4.307202,3.999794,0.000000,8.342077
40,0,0.000000,8.209191,7.706642,0.009952,15.909487,0.000000,0.000000,16.047875,0.038056,0.187301,0.057115,0.000000,0.282472
41,0,0.000000,16.058303,7.916705,0.009260,23.969350,0.000000,0.000000,31.947804,0.040594,19.157053,4.019606,0.000000,19.213750
42,0,0.000000,8.386175,7.430842,0.008223,15.814790,0.000000,0.000000,16.019554,0.047081,4.019952,4.037673,0.000000,8.100061
43,0,0.000000,16.164312,7.652603,0.002604,23.819519,0.000000,0.000000,23.958471,0.034489,12.058470,3.983691,0.000000,16.074765
44,0,0.000000,8.263642,7.654537,0.002545,15.920724,0.000000,0.000000,16.001880,0.028940,4.097783,4.001083,0.000000,8.126724
45,0,0.000000,16.291574,7.485651,0.010121,23.787346,0.000000,0.000000,23.972293,0.029241,12.200012,3.935210,0.000000,16.161084
46,0,0.000000,12.115269,13.986306,0.009534,22.032159,0.000000,0.000000,39.984686,0.058649,15.544534,13.939061,0.000000,21.824785
47,0,0.000000,16.059651,6.691583,0.009080,22.753014,0.000000,0.000000,39.961317,0.050342,16.975965,11.957884,0.000000,28.973743
48,0,0.000000,8.251677,15.621378,0.011132,23.752498,0.000000,0.000000,24.053687,0.058539,0.227344,8.053728,0.000000,8.312210
49,0,0.000000,16.174989,7.424115,0.011074,23.601102,0.000000,0.000000,23.815799,0.074093,8.380710,3.974836,0.000000,12.368432
50,0,0.000000,8.820912,6.891766,0.006716,15.683197,0.000000,0.000000,16.026770,0.042812,0.806611,0.045843,0.000000,0.864011
51,0,0.000000,16.181036,7.639396,0.018446,23.823390,0.000000,0.000000,24.004562,0.032577,14.924582,4.040988,0.000000,15.013621
52,0,0.000000,8.243744,7.544948,0.003814,15.769209,0.000000,0.000000,15.981561,0.061610,0.263586,0.031515,0.000000,0.337389
53,0,0.000000,16.263130,6.744308,0.009493,22.974139,0.000000,0.000000,31.964259,0.044244,9.113520,3.988629,0.000000,11.841055
54,0,0.000000,12.293421,7.827271,0.009876,16.159541,0.000000,0.000000,27.951588,0.050553,7.880946,7.955995,0.000000,11.891729
55,0,0.000000,15.159533,6.939988,0.008440,22.064691,0.000000,0.000000,28.027920,5.250593,8.306647,4.017043,0.000000,12.403472
56,0,0.000000,16.139320,17.220234,0.013924,25.464821,0.000000,0.000000,47.118036,0.044132,19.874565,11.965630,0.000000,27.897196
57,0,0.000000,12.419480,7.886499,0.012592,20.287973,0.000000,0.000000,32.002594,8.005405,15.888949,3.962078,0.000000,16.500480
58,0,0.000000,8.314551,7.448650,0.008561,15.758635,0.000000,0.000000,15.923934,0.045999,0.435661,0.033266,0.000000,0.513458
59,0,0.000000,16.143303,7.680535,0.012558,23.826050,0.000000,0.000000,23.966618,0.033155,4.047263,3.991429,0.000000,8.061894
60,0,0.000000,12.236547,11.869146,0.012623,20.118271,0.000000,0.000000,39.958883,0.041064,15.788110,15.810462,0.000000,23.824852
61,0,0.000000,18.416486,12.241593,0.018771,20.393044,0.000000,0.000000,40.042398,1.980621,15.878281,12.242667,0.000000,21.549415
62,0,0.000000,8.331748,7.499441,0.008689,15.810179,0.000000,0.000000,16.019317,0.050586,0.336704,0.054460,0.000000,0.419296
63,0,0.000000,16.196491,7.551068,0.012772,23.756964,0.000000,0.000000,23.931663,0.038970,1.647515,0.026557,0.000000,1.709083
64,0,0.000000,16.211920,7.684157,0.004478,23.897774,0.000000,0.000000,24.021080,0.033663,15.411611,0.062812,0.000000,15.504172
65,0,0.000000,15.849129,14.903925,0.015534,22.795630,0.000000,0.000000,39.710460,0.088261,17.888301,3.992416,0.000000,17.987628
66,0,0.000000,16.045426,7.755147,0.014332,23.811719,0.000000,0.000000,23.987524,0.068925,15.362255,3.963958,0.000000,19.391796
67,0,0.000000,16.087253,13.408523,0.009044,25.711463,0.000000,0.000000,37.279756,0.044779,15.636515,13.381546,0.000000,22.559468
68,0,0.000000,10.916937,7.898678,0.004753,14.937194,0.000000,0.000000,30.718789,0.047114,15.890416,7.910547,0.000000,15.988706
69,0,0.000000,16.112380,15.601280,0.014249,31.699190,0.000000,0.000000,31.943028,0.057314,8.188860,15.584815,0.000000,23.763144
70,0,0.000000,16.087166,7.778249,0.016233,23.859950,0.000000,0.000000,24.004159,0.042526,8.089094,3.975489,0.000000,8.140558
71,0,0.000000,8.194321,15.640590,0.006070,23.725018,0.000000,0.000000,23.973698,0.040537,0.168138,7.974546,0.000000,8.169477
72,0,0.000000,8.208028,7.679393,0.002697,15.886800,0.000000,0.000000,16.017212,0.046688,3.760005,4.000029,0.000000,7.779987
73,0,0.000000,16.346314,7.880544,0.006073,24.228903,0.000000,0.000000,31.989826,0.031437,19.536082,3.996324,0.000000,23.549026
74,0,0.000000,12.066511,11.829958,0.018758,20.125969,0.000000,0.000000,35.997422,0.060480,15.683568,8.013654,0.000000,15.758664
75,0,0.000000,16.194141,7.626936,0.015490,23.786896,0.000000,0.000000,32.059181,8.016142,22.508555,4.036715,0.000000,26.585908
76,0,0.000000,16.086124,7.648014,0.003373,23.675504,0.000000,0.000000,23.943282,0.052109,11.692027,4.001739,0.000000,15.725257
77,0,0.000000,8.295617,7.612665,0.008284,15.901592,0.000000,0.000000,16.044587,0.035213,3.763271,4.012877,0.000000,7.811042
78,0,0.000000,16.411240,11.359204,0.015397,27.462533,0.000000,0.000000,31.933156,0.047331,12.089937,11.973123,0.000000,20.104543
79,0,0.000000,18.607363,18.106545,0.022490,30.877604,0.000000,0.000000,47.685940,4.100153,21.821415,18.148697,0.000000,31.461953
80,0,0.000000,12.651042,7.900318,0.026113,20.538386,0.000000,0.000000,32.374810,0.055164,15.798543,4.043016,0.000000,16.011763
81,0,0.000000,8.275349,7.383748,0.017325,15.668018,0.000000,0.000000,15.905647,0.070363,3.722566,4.036536,0.000000,7.828283
82,0,0.000000,16.233348,7.571320,0.010132,23.802761,0.000000,0.000000,23.924251,0.038228,11.710848,3.999211,0.000000,11.745639
83,0,0.000000,8.472163,7.383062,0.002511,15.849713,0.000000,0.000000,16.006341,0.034927,0.327858,0.021468,0.000000,0.380775
84,0,0.000000,16.306498,7.559486,0.018660,23.869573,0.000000,0.000000,24.020657,0.024662,4.226485,4.042491,0.000000,8.292247
85,0,0.000000,8.295320,7.539912,0.014160,15.814492,0.000000,0.000000,15.993691,0.047559,0.259664,0.050549,0.000000,0.344866
86,0,0.000000,20.310139,6.408335,0.014476,26.718829,0.000000,0.000000,39.935555,0.031621,9.334169,11.964238,0.000000,17.359413
87,0,0.000000,8.254595,7.656290,0.002605,15.912846,0.000000,0.000000,16.029223,0.044479,0.186448,0.010842,0.000000,0.229480
88,0,0.000000,16.374605,7.273013,0.009306,23.645691,0.000000,0.000000,31.942463,0.029053,12.312689,3.974090,0.000000,12.345058
89,0,0.000000,8.336933,7.576791,0.002223,15.869622,0.000000,0.000000,16.039410,0.041374,0.306159,0.026428,0.000000,0.352118
90,0,0.000000,16.244752,7.593562,0.017910,23.844955,0.000000,0.000000,23.974834,0.031341,4.078550,4.005174,0.000000,8.089672
91,0,0.000000,8.172609,7.706457,0.013001,15.837639,0.000000,0.000000,16.016138,0.035271,0.213272,0.023045,0.000000,0.252585
92,0,0.000000,16.353068,7.365524,0.006337,23.721214,0.000000,0.000000,27.926464,0.033812,4.237269,7.974456,0.000000,12.229953
93,0,0.000000,15.381479,19.869274,0.011957,28.006726,0.000000,0.000000,44.009752,3.841318,11.952018,3.988039,0.000000,18.925446
94,0,0.000000,10.258613,6.477947,0.010147,14.644366,0.000000,0.000000,34.070789,2.074045,21.188772,6.454474,0.000000,21.264287
95,0,0.000000,12.758640,13.462693,0.008156,25.680233,0.000000,0.000000,39.947827,0.046443,22.200136,12.885715,0.000000,30.241130
96,0,0.000000,12.224138,11.833978,0.023303,19.977651,0.000000,0.000000,44.014797,12.054421,11.729896,11.816998,0.000000,31.077687
97,0,0.000000,18.427654,13.373188,0.021326,23.670966,0.000000,0.000000,40.962346,1.809118,18.409974,14.310437,0.000000,33.167842
98,0,0.000000,15.186389,7.632800,0.008160,22.776696,0.000000,0.000000,23.023469,0.068667,8.161876,3.981636,0.000000,12.208979
99,0,0.000000,16.140303,12.687234,0.015221,28.829579,0.000000,0.000000,31.962785,0.056225,11.095576,4.684873,0.000000,12.234217
100,0,0.000000,16.093902,7.618994,0.016710,23.634127,0.000000,0.000000,24.088567,0.046032,8.075679,2.729950,0.000000,8.370207
101,0,0.000000,16.130354,7.632817,0.015596,23.759020,0.000000,0.000000,23.949179,0.045397,8.145835,4.011330,0.000000,11.928971
102,0,0.000000,8.246703,7.565589,0.011069,15.813880,0.000000,0.000000,16.000972,0.034173,0.318782,0.065923,0.000000,0.391073
103,0,0.000000,16.204210,7.516855,0.011039,23.676040,0.000000,0.000000,23.957534,0.035827,4.242111,4.007146,0.000000,8.284103
104,0,0.000000,16.388006,7.346881,0.016575,23.732083,0.000000,0.000000,23.989249,0.037857,8.436590,7.346351,0.000000,15.614491
105,0,0.000000,8.202616,13.525574,0.010460,14.361222,0.000000,0.000000,31.937047,0.066910,17.427384,5.554012,0.000000,17.499635
106,0,0.000000,8.237595,7.614557,0.016727,15.851403,0.000000,0.000000,16.043358,0.065707,7.542535,7.604544,0.000000,15.210320
107,0,0.000000,16.134426,7.669860,0.002372,23.805947,0.000000,0.000000,23.912158,0.052591,15.387811,7.576626,0.000000,23.017028
108,0,0.000000,8.299732,7.586600,0.010476,15.874931,0.000000,0.000000,16.051006,0.035043,7.647218,7.551332,0.000000,15.231206
109,0,0.000000,16.263677,7.816279,0.432948,24.100915,0.000000,0.000000,24.399109,0.040502,15.705528,7.959372,0.000000,23.702613
110,0,0.000000,15.848479,7.927359,0.023125,23.779045,0.000000,0.000000,39.527553,0.049342,15.778438,11.905940,0.000000,27.729895
111,0,0.000000,8.224790,7.569486,0.006246,15.790608,0.000000,0.000000,16.018730,0.047149,7.513499,7.561664,0.000000,15.119340
112,0,0.000000,16.270403,7.565046,0.013578,23.820048,0.000000,0.000000,23.977253,0.037310,15.468695,4.024189,0.000000,15.555653
113,0,0.000000,16.010011,14.655884,0.010170,22.744926,0.000000,0.000000,39.868086,0.041734,16.955967,8.012011,0.000000,17.003139
114,0,0.000000,8.263944,7.624051,0.002313,15.890308,0.000000,0.000000,16.027154,0.057788,7.574213,7.606951,0.000000,15.218872
115,0,0.000000,16.408049,7.370720,0.011804,23.769086,0.000000,0.000000,23.971742,0.031021,15.769501,7.355821,0.000000,19.773598
116,0,0.000000,8.297994,7.584063,0.006894,15.871957,0.000000,0.000000,16.020660,0.038007,7.648762,7.586951,0.000000,15.269771
117,0,0.000000,16.211995,7.578504,0.014025,23.793234,0.000000,0.000000,23.963288,0.040114,15.606397,3.990403,0.000000,15.660803
118,0,0.000000,8.253047,7.626531,0.002532,15.858131,0.000000,0.000000,23.979642,0.042087,0.180272,7.995773,0.000000,8.176468
119,0,0.000000,16.070636,7.638199,0.004797,23.709591,0.000000,0.000000,23.962188,0.073859,8.106711,3.994008,0.000000,12.152733
120,0,0.000000,12.247643,5.869266,0.009803,14.140260,0.000000,0.000000,31.994894,0.055335,9.912917,11.981577,0.000000,17.802446
121,0,0.000000,8.371125,7.423386,0.009732,15.774058,0.000000,0.000000,16.022123,0.094976,0.316999,0.055230,0.000000,0.460327
122,0,0.000000,16.313382,7.506498,0.014110,23.832715,0.000000,0.000000,24.029018,0.041300,4.366885,4.070444,0.000000,8.475659
123,0,0.000000,8.406741,7.217734,0.007125,15.624685,0.000000,0.000000,15.928458,0.046386,0.575209,0.038296,0.000000,0.639243
124,0,0.000000,20.429726,11.802427,0.019368,28.135862,0.000000,0.000000,43.954183,0.032912,7.901360,15.818271,0.000000,23.673447
125,0,0.000000,18.673304,6.031563,0.022166,24.645768,0.000000,0.000000,30.477260,0.054283,17.706650,6.030364,0.000000,17.799743
126,0,0.000000,8.152751,7.635796,0.006074,15.790305,0.000000,0.000000,15.977332,0.059862,7.256848,7.627708,0.000000,14.944418
127,0,0.000000,16.321062,7.464456,0.014764,23.781606,0.000000,0.000000,23.965831,0.031895,15.749076,0.016376,0.000000,15.784020
128,0,0.000000,8.500811,7.310774,0.006466,15.817415,0.000000,0.000000,16.003974,0.041589,2.130660,0.027570,0.000000,2.172343
129,0,0.000000,20.361489,9.188733,0.021232,25.118021,0.000000,0.000000,43.778376,0.048902,13.946332,9.121317,0.000000,21.941416
130,0,0.000000,8.297267,17.928981,0.016420,22.505865,0.000000,0.000000,48.030516,4.061387,21.830436,13.852793,0.000000,35.716013
131,0,0.000000,12.243381,11.886792,0.014900,20.002962,0.000000,0.000000,42.537211,2.611936,19.318261,11.858955,0.000000,29.901152
132,0,0.000000,16.254360,6.686751,0.011297,22.942352,0.000000,0.000000,24.032162,1.003240,9.166604,4.008522,0.000000,14.158367
133,0,0.000000,16.227587,11.618107,0.014132,27.849304,0.000000,0.000000,31.965402,0.038139,8.266593,11.993698,0.000000,20.233157
134,0,0.000000,12.044298,7.860010,0.005911,16.042001,0.000000,0.000000,23.980753,0.075532,15.420574,4.006753,0.000000,19.496318
135,0,0.000000,16.292134,12.988574,0.047093,21.285903,0.000000,0.000000,40.039367,0.062570,18.786098,12.920109,0.000000,22.082837
136,0,0.000000,19.019829,10.910791,0.012479,29.066783,0.000000,0.000000,38.904645,1.486193,23.189084,11.981770,0.000000,23.262793
137,0,0.000000,8.362555,7.808428,0.010852,16.171832,0.000000,0.000000,24.013072,1.903679,11.629781,0.032198,0.000000,11.702971
138,0,0.000000,8.503723,7.412854,0.006889,15.824733,0.000000,0.000000,16.076527,0.038245,0.494412,0.103570,0.000000,0.611414
139,0,0.000000,16.243116,7.536329,0.014018,23.793463,0.000000,0.000000,23.939543,0.031969,0.252972,0.063491,0.000000,0.319364
140,0,0.000000,8.434516,7.406321,0.008216,15.844083,0.000000,0.000000,16.017243,0.039306,0.349784,0.059557,0.000000,0.435024
141,0,0.000000,20.148829,13.545968,0.011021,33.699642,0.000000,0.000000,44.576482,0.046200,10.985587,9.043547,0.000000,19.695663
142,0,0.000000,17.426715,13.632641,0.011187,26.854849,0.000000,0.000000,49.016956,0.059122,15.858764,16.025129,0.000000,31.936209
143,0,0.000000,12.191563,7.856720,0.013064,20.043107,0.000000,0.000000,32.019146,0.063268,15.935781,4.023157,0.000000,16.044549
144,0,0.000000,16.425165,15.284488,0.018022,31.433292,0.000000,0.000000,31.974335,0.049163,8.426669,4.026829,0.000000,12.491352
145,0,0.000000,16.112439,7.593787,0.003722,23.696547,0.000000,0.000000,23.881023,0.045901,8.122154,3.993240,0.000000,12.139038
146,0,0.000000,16.102899,7.684055,0.028958,23.772326,0.000000,0.000000,24.028986,0.035944,8.057249,4.006059,0.000000,11.999066
147,0,0.000000,8.310813,7.513882,0.007617,15.776639,0.000000,0.000000,15.979539,0.037588,3.924221,4.015774,0.000000,7.974833
148,0,0.000000,16.230300,7.888389,0.017826,24.114365,0.000000,0.000000,31.982050,0.040781,19.578817,4.003014,0.000000,23.607996
149,0,0.000000,12.109588,11.887606,0.013838,20.137980,0.000000,0.000000,43.947695,0.039262,15.860277,15.983487,0.000000,23.915721
150,0,0.000000,19.650706,7.828400,0.009666,19.676957,0.000000,0.000000,31.540943,0.068734,21.414685,7.784302,0.000000,21.519028
151,0,0.000000,8.276465,7.600448,0.009006,15.872277,0.000000,0.000000,16.007332,0.042858,7.672459,7.536637,0.000000,15.250542
152,0,0.000000,16.269525,11.463838,0.022497,27.613902,0.000000,0.000000,31.951294,0.033861,15.899558,11.483240,0.000000,27.415876
153,0,0.000000,8.417713,7.332598,0.008738,15.652057,0.000000,0.000000,16.022353,0.060184,7.871438,7.331961,0.000000,11.964378
154,0,0.000000,16.266755,7.914783,0.014524,24.155180,0.000000,0.000000,31.985194,0.042537,15.457403,3.997518,0.000000,15.795697
155,0,0.000000,16.406472,7.311881,0.011190,23.714497,0.000000,0.000000,23.961168,0.047578,12.090648,0.036770,0.000000,12.138202
156,0,0.000000,24.195712,11.415540,0.011838,31.616954,0.000000,0.000000,35.957304,0.044415,19.893814,4.021485,0.000000,20.203788
157,0,0.000000,11.584677,7.115024,0.013375,18.690563,0.000000,0.000000,36.033815,4.578998,15.737168,4.014128,0.000000,20.351324
158,0,0.000000,16.379701,15.446837,0.007593,31.578530,0.000000,0.000000,31.959335,0.036369,8.196441,11.977877,0.000000,20.209524
159,0,0.000000,8.303068,7.524039,0.007874,15.815449,0.000000,0.000000,16.039639,0.060212,0.294213,0.031925,0.000000,0.345400
160,0,0.000000,16.187541,7.618739,0.012197,23.818477,0.000000,0.000000,23.983326,0.035345,4.117185,4.020563,0.000000,8.121472
161,0,0.000000,8.278334,7.457782,0.005646,15.737746,0.000000,0.000000,15.898464,0.057586,0.361994,0.019410,0.000000,0.421352
162,0,0.000000,16.188940,7.656520,0.007360,23.847368,0.000000,0.000000,23.968908,0.031814,4.057601,3.995387,0.000000,8.084802
163,0,0.000000,8.293579,7.601749,0.002381,15.892512,0.000000,0.000000,16.026211,0.039314,0.247280,0.032676,0.000000,0.315883
164,0,0.000000,16.310101,7.453183,0.004037,23.765190,0.000000,0.000000,23.955412,0.032330,4.140775,3.991074,0.000000,8.157045
165,0,0.000000,8.282795,7.589124,0.007481,15.879400,0.000000,0.000000,16.027198,0.044138,0.265423,0.035723,0.000000,0.336871
166,0,0.000000,16.226382,7.577520,0.008540,23.774317,0.000000,0.000000,23.949122,0.039901,4.145450,3.979252,0.000000,8.164593
167,0,0.000000,8.338113,7.442739,0.002046,15.782540,0.000000,0.000000,16.009339,0.027799,0.326387,0.021075,0.000000,0.353745
168,0,0.000000,16.156672,7.688984,0.019450,23.789530,0.000000,0.000000,24.003077,0.038426,3.983886,4.012238,0.000000,8.017542
169,0,0.000000,8.170044,7.693479,0.007146,15.862887,0.000000,0.000000,15.997574,0.046518,4.021171,5.189427,0.000000,8.079251
170,0,0.000000,16.212548,6.588086,0.008137,22.808096,0.000000,0.000000,23.985593,0.056570,12.074284,3.989979,0.000000,12.133294
171,0,0.000000,16.361610,7.331757,0.013166,19.750329,0.000000,0.000000,23.962935,0.055240,8.381557,3.978088,0.000000,8.430518
172,0,0.000000,8.332986,6.951463,0.009228,15.287383,0.000000,0.000000,15.991646,0.061011,0.801092,0.020872,0.000000,0.868325
173,0,0.000000,16.265443,7.543926,0.009265,23.810193,0.000000,0.000000,24.113988,0.030698,4.206204,4.132218,0.000000,8.369120
174,0,0.000000,12.037627,7.875124,0.010291,19.914253,0.000000,0.000000,24.062145,0.046601,7.941913,4.204668,0.000000,11.832776
175,0,0.000000,12.098582,5.449936,0.005610,13.537910,0.000000,0.000000,31.747990,0.045384,17.616292,7.999526,0.000000,17.658622
176,0,0.000000,16.148074,7.683870,0.009215,23.835328,0.000000,0.000000,24.022603,0.047456,11.554144,3.995373,0.000000,15.585949
177,0,0.000000,8.244718,7.490710,0.006179,15.729386,0.000000,0.000000,15.942122,0.042590,3.837676,4.013773,0.000000,7.885777
178,0,0.000000,16.171934,7.464410,0.012847,23.631606,0.000000,0.000000,26.823530,0.029928,11.750724,6.843524,0.000000,16.142574
179,0,0.000000,13.265871,6.192898,0.013163,19.417110,0.000000,0.000000,21.123573,0.042712,9.616902,3.970708,0.000000,9.677341
180,0,0.000000,8.203771,11.519804,0.005277,19.557146,0.000000,0.000000,19.895696,0.040489,0.184706,3.874635,0.000000,4.063509
181,0,0.000000,12.355512,7.370828,0.013534,19.701627,0.000000,0.000000,20.131385,0.046232,3.996268,4.035437,0.000000,8.034247
182,0,0.000000,16.359741,7.365702,0.007186,23.726820,0.000000,0.000000,31.918336,0.034744,8.412921,8.001356,0.000000,16.419776
183,0,0.000000,15.704235,9.438806,0.015500,21.139504,0.000000,0.000000,40.014529,4.014747,15.819141,13.400751,0.000000,31.756036
184,0,0.000000,14.351260,10.863759,0.021330,21.206578,0.000000,0.000000,33.333701,0.093540,13.654307,11.183521,0.000000,21.709037
185,0,0.000000,20.862586,7.653402,0.017715,28.472938,0.000000,0.000000,28.777414,0.060391,12.083126,4.025445,0.000000,16.159348
186,0,0.000000,8.320982,7.429407,0.010617,15.761006,0.000000,0.000000,16.015954,0.039788,0.191927,0.052272,0.000000,0.283201
187,0,0.000000,20.077521,7.828871,0.010418,27.898420,0.000000,0.000000,31.958103,0.042406,8.182962,4.016593,0.000000,12.179561
188,0,0.000000,16.197254,7.505125,0.012794,23.715173,0.000000,0.000000,30.812885,0.037459,8.227240,14.344930,0.000000,18.528728
189,0,0.000000,11.200012,8.854630,0.018500,17.117162,0.000000,0.000000,20.217931,0.062115,7.503053,0.021477,0.000000,7.581743
190,0,0.000000,10.527805,7.859110,0.009980,16.231986,0.000000,0.000000,24.026921,3.047087,7.897706,4.020072,0.000000,11.713824
191,0,0.000000,12.391704,7.856770,0.005345,16.280416,0.000000,0.000000,23.987785,0.054982,7.827662,4.003323,0.000000,8.381447
192,0,0.000000,8.319026,7.539185,0.004708,15.856386,0.000000,0.000000,15.995231,0.048916,0.254206,0.019400,0.000000,0.308503
193,0,0.000000,16.170505,7.168571,0.012686,23.343126,0.000000,0.000000,23.880121,0.036766,8.331984,3.976055,0.000000,12.311367
194,0,0.000000,8.256690,7.631827,0.009532,15.850440,0.000000,0.000000,16.014114,0.040720,0.153471,0.036313,0.000000,0.199276
195,0,0.000000,16.180917,7.691955,0.005381,23.865788,0.000000,0.000000,27.962639,0.035442,4.174564,7.969102,0.000000,12.169980
196,0,0.000000,8.260929,8.323692,0.002390,16.435447,0.000000,0.000000,16.780221,0.079320,0.211953,0.023970,0.000000,0.289789
197,0,0.000000,15.561598,7.561999,0.012665,23.104982,0.000000,0.000000,23.241822,0.035731,4.178700,4.013690,0.000000,8.202021
198,0,0.000000,16.172431,7.603812,0.013112,23.789355,0.000000,0.000000,23.986525,0.061045,8.209009,3.987594,0.000000,8.300145
199,0,0.000000,8.209762,7.653769,0.015202,15.845594,0.000000,0.000000,16.042845,0.039300,0.228680,0.054848,0.000000,0.294580
200,0,0.000000,23.201359,7.902785,0.031518,31.098197,0.000000,0.000000,31.936005,0.052845,7.923899,7.846401,0.000000,15.748153
201,0,0.000000,12.318975,7.889562,0.012153,20.220690,0.000000,0.000000,31.987567,0.037686,15.856889,3.997243,0.000000,15.919205
202,0,0.000000,8.344835,7.460250,0.014032,15.798864,0.000000,0.000000,15.989188,0.061148,5.920404,0.023671,0.000000,6.003457
203,0,0.000000,16.154748,7.663678,0.020250,23.820326,0.000000,0.000000,24.004358,0.035869,7.828424,4.028629,0.000000,8.272944
204,0,0.000000,8.166248,11.641672,0.010313,19.655971,0.000000,0.000000,19.960658,0.055253,0.200278,0.034345,0.000000,0.256480
205,0,0.000000,8.241459,15.558796,0.006391,23.630518,0.000000,0.000000,23.979325,0.069346,7.426432,7.958339,0.000000,15.074437
206,0,0.000000,8.202136,15.655340,0.003048,23.716017,0.000000,0.000000,23.989488,0.034203,7.550036,15.634997,0.000000,23.218880
207,0,0.000000,8.232661,11.553770,0.004487,19.670399,0.000000,0.000000,19.988503,0.049097,0.226069,0.026835,0.000000,0.280080
208,0,0.000000,12.706103,7.756360,0.016445,20.464134,0.000000,0.000000,24.043769,3.472695,8.009477,3.996221,0.000000,15.456023
209,0,0.000000,15.918146,7.702481,0.002839,23.596965,0.000000,0.000000,23.785573,0.041280,8.070802,3.970232,0.000000,12.063086
210,0,0.000000,16.130661,7.721038,0.014235,23.846880,0.000000,0.000000,24.028570,0.028824,8.107641,4.002541,0.000000,8.180868
211,0,0.000000,8.142477,7.706964,0.005551,15.825119,0.000000,0.000000,16.025473,0.062647,0.199900,0.062027,0.000000,0.309621
212,0,0.000000,16.326731,7.442245,0.012020,23.769360,0.000000,0.000000,23.939772,0.039481,0.314277,2.689024,0.000000,2.790371
213,0,0.000000,12.338014,7.840550,0.003519,16.188345,0.000000,0.000000,31.966916,0.034967,15.684158,7.806766,0.000000,23.484291
214,0,0.000000,16.424794,7.397365,0.011077,23.793237,0.000000,0.000000,24.451173,0.046044,15.552325,4.438133,0.000000,20.036502
215,0,0.000000,15.889528,14.351237,0.027809,22.429399,0.000000,0.000000,35.570811,0.053338,15.636268,12.037677,0.000000,23.744917
216,0,0.000000,24.077746,7.636935,0.014066,31.675636,0.000000,0.000000,31.990773,0.062244,23.432325,4.019321,0.000000,23.509246
217,0,0.000000,24.160078,15.525935,0.011767,39.697780,0.000000,0.000000,39.958709,0.047935,16.301804,12.009130,0.000000,28.282789
218,0,0.000000,8.187656,7.722283,0.008488,15.884943,0.000000,0.000000,16.026480,0.037792,0.198059,0.029726,0.000000,0.241191
219,0,0.000000,16.201404,7.483984,0.007976,23.680300,0.000000,0.000000,23.942072,0.048995,4.246975,4.007456,0.000000,8.290576
220,0,0.000000,8.256718,11.559026,0.002693,19.658444,0.000000,0.000000,27.959632,0.037695,0.233131,7.992509,0.000000,8.258663
221,0,0.000000,17.561122,7.920264,0.005997,21.467527,0.000000,0.000000,30.325141,0.899476,15.906560,7.903903,0.000000,19.925256
222,0,0.000000,18.332751,5.513407,0.002589,18.363909,0.000000,0.000000,23.984015,0.040809,13.846862,5.477528,0.000000,13.895884
223,0,0.000000,12.617508,12.037187,0.016836,20.168716,0.000000,0.000000,28.073352,0.038539,7.915712,8.084875,0.000000,15.939415
224,0,0.000000,10.124546,11.387270,0.016418,21.496455,0.000000,0.000000,33.839508,2.224725,11.991397,7.362549,0.000000,15.867721
225,0,0.000000,18.985009,12.735193,0.005108,20.888310,0.000000,0.000000,39.741298,0.063560,15.192146,12.005358,0.000000,20.659459
226,0,0.000000,12.509646,15.555983,0.002722,27.935343,0.000000,0.000000,28.246326,0.067705,11.788414,15.527216,0.000000,23.446224
227,0,0.000000,16.162794,7.875798,0.009732,24.039603,0.000000,0.000000,35.977655,0.034160,15.935127,7.973768,0.000000,23.936743
228,0,0.000000,19.333344,14.145608,0.015932,24.967422,0.000000,0.000000,48.569451,8.003366,20.186227,8.573126,0.000000,34.805565
229,0,0.000000,11.612597,7.881886,0.009232,15.668292,0.000000,0.000000,23.429087,0.043722,7.930961,7.855017,0.000000,11.951763
230,0,0.000000,8.177209,7.724001,0.006096,15.892421,0.000000,0.000000,16.015391,0.060093,7.344338,7.678210,0.000000,15.066086
231,0,0.000000,16.024699,7.783599,0.008312,23.809707,0.000000,0.000000,23.949538,0.035288,15.410505,4.002548,0.000000,19.430983
232,0,0.000000,16.343042,7.485484,0.007210,23.835736,0.000000,0.000000,24.020851,0.042103,12.089870,3.981031,0.000000,12.144568
233,0,0.000000,12.320947,7.887249,0.012045,16.262150,0.000000,0.000000,23.978460,0.036171,7.874233,3.988078,0.000000,7.943066
234,0,0.000000,8.200344,7.684812,0.009112,15.888640,0.000000,0.000000,16.008369,0.034220,0.214753,0.033465,0.000000,0.274914
235,0,0.000000,16.173714,7.905089,0.010541,24.089344,0.000000,0.000000,31.969519,0.039030,11.792593,3.996332,0.000000,15.820636
236,0,0.000000,8.309004,7.519060,0.001963,15.825089,0.000000,0.000000,15.986439,0.048590,0.278544,0.023281,0.000000,0.339442
237,0,0.000000,16.196963,7.673488,0.010371,23.860476,0.000000,0.000000,23.986966,0.025240,4.172836,3.991220,0.000000,8.189296
238,0,0.000000,8.215700,7.704030,0.011230,15.902103,0.000000,0.000000,16.025570,0.034314,0.207339,0.030400,0.000000,0.268139
239,0,0.000000,16.398107,7.388682,0.009848,23.781118,0.000000,0.000000,23.947784,0.039377,4.135601,3.987135,0.000000,8.161325
240,0,0.000000,16.279551,7.594690,0.015467,23.864331,0.000000,0.000000,24.017492,0.031725,8.241277,0.042978,0.000000,8.312383
241,0,0.000000,12.009778,7.926534,0.012590,15.972810,0.000000,0.000000,23.861389,0.042129,11.508435,4.019079,0.000000,15.544538
242,0,0.000000,8.247444,7.597530,0.012637,15.855435,0.000000,0.000000,16.035975,0.036989,0.268416,2.128106,0.000000,2.242314
243,0,0.000000,16.162465,7.497580,0.011129,23.630560,0.000000,0.000000,39.927979,0.047180,16.322439,7.954173,0.000000,16.382730
244,0,0.000000,16.229818,16.999731,0.014942,29.066344,0.000000,0.000000,47.992479,0.063441,15.226602,19.967377,0.000000,27.912875
245,0,0.000000,16.184610,11.063452,0.018206,19.142151,0.000000,0.000000,35.981257,0.058939,19.295361,11.968981,0.000000,27.347583
246,0,0.000000,17.375812,10.370502,0.013412,22.777848,0.000000,0.000000,40.673464,0.047349,21.731809,11.981913,0.000000,27.962868
247,0,0.000000,15.248039,7.926297,0.005089,23.171440,0.000000,0.000000,31.147237,7.139458,18.612619,7.925297,0.000000,18.994465
248,0,0.000000,16.264912,7.544084,0.011930,23.811362,0.000000,0.000000,23.998675,0.043891,15.633436,7.546310,0.000000,23.214974
249,0,0.000000,8.260863,11.585773,0.005102,19.673571,0.000000,0.000000,19.975795,0.034887,7.720136,7.590597,0.000000,15.342217
250,0,0.000000,14.970047,15.415352,0.011687,23.582423,0.000000,0.000000,30.674427,6.646304,8.067630,11.993211,0.000000,18.543048
251,0,0.000000,8.395581,7.462604,0.009010,15.844457,0.000000,0.000000,16.030555,0.041355,0.323223,0.040702,0.000000,0.379359
252,0,0.000000,16.098977,7.765521,0.012589,23.862651,0.000000,0.000000,23.964977,0.032667,3.955246,4.009751,0.000000,7.997664
253,0,0.000000,16.087202,7.670119,0.007447,23.752120,0.000000,0.000000,23.964962,0.035906,8.123307,3.985380,0.000000,8.169471
254,0,0.000000,8.290946,7.497222,0.006113,15.785294,0.000000,0.000000,15.995281,0.043564,0.289829,0.020783,0.000000,0.338152
255,0,0.000000,16.453901,7.344178,0.026350,23.796461,0.000000,0.000000,23.979746,0.032626,0.240432,0.019037,0.000000,0.277099
256,0,0.000000,20.278143,11.853495,0.015062,28.139013,0.000000,0.000000,39.976566,0.037277,15.764211,8.012262,0.000000,23.809725
257,0,0.000000,21.017177,10.465875,0.011228,23.264404,0.000000,0.000000,44.483331,0.075487,17.158588,14.405537,0.000000,31.611384
258,0,0.000000,12.114020,7.886596,0.015845,20.010156,0.000000,0.000000,32.021100,0.056712,13.896821,0.042050,0.000000,13.986819
259,0,0.000000,8.236058,7.637545,0.008102,15.845807,0.000000,0.000000,19.948671,0.035243,0.486435,7.963369,0.000000,8.483316
260,0,0.000000,8.159440,11.970753,0.019934,20.054926,0.000000,0.000000,39.991225,4.065389,15.752217,11.991897,0.000000,23.935591
261,0,0.000000,25.309784,7.695909,0.009725,25.341180,0.000000,0.000000,40.000514,8.037859,27.896638,7.695655,0.000000,27.971808
262,0,0.000000,18.061094,5.754395,0.021603,23.785774,0.000000,0.000000,24.006874,0.054854,17.636773,5.721633,0.000000,17.711461
263,0,0.000000,16.215843,7.553392,0.017152,23.769351,0.000000,0.000000,23.999327,0.054530,15.589025,0.057152,0.000000,15.691498
264,0,0.000000,8.284768,15.490341,0.017359,23.767183,0.000000,0.000000,23.999242,0.039987,0.248685,8.043788,0.000000,8.319481
265,0,0.000000,8.259046,7.559595,0.014627,15.820261,0.000000,0.000000,16.027496,0.051107,7.636976,7.570898,0.000000,15.251639
266,0,0.000000,16.308444,7.408530,0.015662,23.712450,0.000000,0.000000,23.918733,0.060400,15.530377,0.038121,0.000000,15.626706
267,0,0.000000,8.148645,7.639904,0.005650,15.793361,0.000000,0.000000,15.992139,0.056065,0.247680,0.040746,0.000000,0.338619
268,0,0.000000,16.409317,7.398794,0.012746,23.801938,0.000000,0.000000,23.975291,0.033119,0.365103,0.036736,0.000000,0.432837
269,0,0.000000,8.313633,7.559913,0.008392,15.858821,0.000000,0.000000,16.004882,0.034185,0.322951,0.013188,0.000000,0.363183
270,0,0.000000,16.192477,7.655001,0.008603,23.853746,0.000000,0.000000,23.968324,0.032379,0.209240,0.026180,0.000000,0.263614
271,0,0.000000,16.149671,7.743245,0.002319,23.895036,0.000000,0.000000,23.975086,0.031044,8.036061,3.975712,0.000000,12.006050
272,0,0.000000,8.244922,7.687663,0.006076,15.922294,0.000000,0.000000,16.035373,0.036338,0.200215,0.019508,0.000000,0.242727
273,0,0.000000,15.701891,7.935969,0.011854,19.666514,0.000000,0.000000,47.891202,8.001682,14.651406,16.185466,0.000000,38.454305
274,0,0.000000,18.946363,8.315124,0.009195,27.265038,0.000000,0.000000,31.991299,0.636744,11.443195,8.004797,0.000000,20.070135
275,0,0.000000,17.394286,11.077188,0.008404,28.476531,0.000000,0.000000,33.002260,3.023791,16.749934,4.027895,0.000000,20.113850
276,0,0.000000,12.365419,5.819570,0.002920,18.171129,0.000000,0.000000,32.006809,4.025183,15.865718,7.980861,0.000000,15.916258
277,0,0.000000,16.017164,7.970392,0.016079,23.976088,0.000000,0.000000,31.992656,3.984833,15.430047,4.006007,0.000000,15.925503
278,0,0.000000,16.320072,12.142158,0.009361,28.393853,0.000000,0.000000,31.952390,0.043459,11.757284,11.993077,0.000000,23.793820
279,0,0.000000,16.340339,15.482018,0.006396,31.763749,0.000000,0.000000,32.003424,0.056685,11.941961,3.998986,0.000000,15.913827
280,0,0.000000,16.179641,7.691062,0.008076,23.878779,0.000000,0.000000,24.007816,0.036742,11.794380,7.120345,0.000000,15.809043
281,0,0.000000,16.281860,7.476133,0.012457,23.726390,0.000000,0.000000,23.962172,0.046060,15.735292,3.993867,0.000000,15.797574
282,0,0.000000,8.208113,7.649165,0.005858,15.823938,0.000000,0.000000,16.003476,0.049926,3.726633,4.018757,0.000000,7.781619
283,0,0.000000,16.184989,7.586152,0.012905,23.781412,0.000000,0.000000,23.984880,0.036214,11.857664,3.993739,0.000000,15.875466
284,0,0.000000,12.079735,6.965267,0.008251,19.053016,0.000000,0.000000,23.982419,0.041144,11.733805,3.993394,0.000000,15.765370
285,0,0.000000,8.159616,7.696911,0.011993,15.865752,0.000000,0.000000,16.028984,0.063552,3.955132,4.024769,0.000000,8.023718
286,0,0.000000,20.263658,13.863530,0.006763,34.127199,0.000000,0.000000,39.939916,0.030232,15.989916,13.760364,0.000000,23.183000
287,0,0.000000,16.215301,7.624754,0.012773,23.845642,0.000000,0.000000,24.027712,0.038353,8.189997,3.994829,0.000000,12.081307
288,0,0.000000,16.259655,15.521132,0.002312,31.782062,0.000000,0.000000,31.938195,0.048408,12.017245,3.993391,0.000000,16.039933
289,0,0.000000,8.305410,15.458236,0.005368,23.522166,0.000000,0.000000,23.925035,0.050774,8.058460,7.472949,0.000000,15.582183
290,0,0.000000,8.140897,7.553994,0.007193,15.674413,0.000000,0.000000,16.042291,0.251429,3.910493,4.029258,0.000000,7.980320
291,0,0.000000,16.238389,7.552739,0.011209,23.802337,0.000000,0.000000,23.949721,0.033383,8.150634,3.995015,0.000000,12.162241
292,0,0.000000,8.160986,7.760622,0.011036,15.923421,0.000000,0.000000,16.026617,0.031292,0.174206,0.045289,0.000000,0.229517
293,0,0.000000,20.139813,12.745661,0.008716,29.076598,0.000000,0.000000,39.957302,0.036835,10.782373,12.734875,0.000000,20.482963
294,0,0.000000,8.261884,7.599620,0.005797,15.859424,0.000000,0.000000,16.001852,0.045335,7.838694,7.566501,0.000000,15.440884
295,0,0.000000,16.272753,7.476117,0.010546,23.646115,0.000000,0.000000,23.968994,0.034018,15.829763,7.408148,0.000000,15.873283
296,0,0.000000,8.314799,7.557633,0.007704,15.865972,0.000000,0.000000,16.022327,0.029394,7.990029,7.551502,0.000000,15.568778
297,0,0.000000,16.226196,7.557216,0.010447,23.775121,0.000000,0.000000,23.970417,0.036158,15.906340,4.001545,0.000000,15.961104
298,0,0.000000,8.312141,11.552893,0.008483,19.642360,0.000000,0.000000,27.695071,0.034102,0.270783,15.715121,0.000000,16.011693
299,0,0.000000,14.028209,11.872354,0.002129,21.906634,0.000000,0.000000,43.996352,4.281471,19.812902,8.023493,0.000000,27.624564
300,0,0.000000,12.574101,7.692421,0.009539,20.262767,0.000000,0.000000,20.392963,0.054015,12.098676,7.677781,0.000000,12.152707
301,0,0.000000,20.206373,11.511325,0.012281,23.756965,0.000000,0.000000,42.986607,0.028459,23.718020,14.986278,0.000000,31.699429
302,0,0.000000,21.113934,7.719996,0.005300,28.834300,0.000000,0.000000,28.975901,0.038667,16.060292,3.967664,0.000000,16.455186
303,0,0.000000,8.291740,7.547945,0.005350,15.835313,0.000000,0.000000,16.023740,0.042500,3.277316,4.007442,0.000000,7.316693
304,0,0.000000,16.275967,7.511373,0.011879,23.794943,0.000000,0.000000,23.982828,0.036216,11.975275,4.003116,0.000000,16.004079
305,0,0.000000,11.975230,8.056281,0.012233,16.296440,0.000000,0.000000,24.083193,0.040453,7.754296,4.009587,0.000000,7.980318
306,0,0.000000,7.973018,7.711459,0.011954,15.683053,0.000000,0.000000,15.861860,0.045922,0.162459,0.059365,0.000000,0.262169
307,0,0.000000,16.248821,7.537120,0.012924,23.776998,0.000000,0.000000,23.936352,0.036970,4.321884,3.983368,0.000000,8.330014
308,0,0.000000,8.393875,11.412367,0.005836,19.569179,0.000000,0.000000,19.970347,0.038110,0.301155,0.033389,0.000000,0.328168
309,0,0.000000,8.250088,7.649260,0.004900,15.900992,0.000000,0.000000,24.012492,8.009237,8.191285,0.025809,0.000000,8.257512
310,0,0.000000,16.315297,7.500107,0.002520,23.816816,0.000000,0.000000,23.965063,0.044876,8.373138,3.984770,0.000000,8.421713
311,0,0.000000,8.355158,7.502805,0.002506,15.854083,0.000000,0.000000,16.014284,0.035433,0.375269,0.018583,0.000000,0.419848
312,0,0.000000,16.237116,7.619719,0.011823,23.853454,0.000000,0.000000,23.986734,0.032187,4.256744,4.016159,0.000000,8.292096
313,0,0.000000,8.237112,11.567020,0.006821,19.610906,0.000000,0.000000,19.949655,0.053423,0.241020,0.030222,0.000000,0.273408
314,0,0.000000,12.570628,7.653948,0.003875,20.228451,0.000000,0.000000,24.005337,3.676270,8.128682,3.971700,0.000000,8.446617
315,0,0.000000,16.142104,7.676753,0.021459,23.726416,0.000000,0.000000,24.016347,0.043073,8.096358,7.656765,0.000000,8.184309
316,0,0.000000,8.267363,11.547682,0.006322,17.958664,0.000000,0.000000,27.927658,0.055199,1.901490,11.974698,0.000000,12.078315
317,0,0.000000,12.093825,7.924114,0.003490,16.222251,0.000000,0.000000,24.004884,0.043063,7.902435,3.999138,0.000000,7.951020
318,0,0.000000,12.240785,11.607278,0.018572,19.688958,0.000000,0.000000,39.988853,0.029952,16.184629,15.582516,0.000000,23.276951
319,0,0.000000,19.785637,7.881337,0.012202,27.670535,0.000000,0.000000,28.324838,0.065070,11.755870,7.871891,0.000000,15.698149
320,0,0.000000,12.172031,11.948951,0.020070,20.143489,0.000000,0.000000,38.194867,0.046079,23.465865,10.193011,0.000000,25.710777
321,0,0.000000,21.915299,11.455526,0.002461,33.371767,0.000000,0.000000,37.680613,0.054728,16.156479,11.326355,0.000000,24.209592
322,0,0.000000,16.288316,7.860995,0.011472,20.177526,0.000000,0.000000,36.017504,8.046275,16.332856,7.854482,0.000000,27.837101
323,0,0.000000,8.193099,8.004315,0.005541,16.018001,0.000000,0.000000,16.352491,0.054678,7.964784,7.632879,0.000000,15.632707
324,0,0.000000,15.937354,7.429014,0.018377,23.384745,0.000000,0.000000,23.645103,0.053220,15.570451,7.445547,0.000000,23.066558
325,0,0.000000,16.217161,7.525381,0.017033,23.720713,0.000000,0.000000,23.985505,0.038653,15.787194,7.507002,0.000000,23.332849
326,0,0.000000,8.372279,7.671543,0.011092,15.899268,0.000000,0.000000,16.216538,0.046045,8.044267,7.427605,0.000000,15.517917
327,0,0.000000,16.174220,7.317425,0.015371,23.507016,0.000000,0.000000,23.758189,0.045630,15.705067,7.336669,0.000000,23.087366
328,0,0.000000,12.269783,6.966698,0.020767,19.239175,0.000000,0.000000,24.000581,0.051517,15.381374,4.029692,0.000000,15.486534
329,0,0.000000,8.418173,11.422422,0.014102,19.754391,0.000000,0.000000,23.923962,0.042042,0.405160,7.935682,0.000000,8.351103
330,0,0.000000,13.039781,11.799492,0.015595,19.952366,0.000000,0.000000,40.006427,8.016987,23.957337,7.612576,0.000000,24.013027
331,0,0.000000,8.306924,13.293418,0.019315,21.389118,0.000000,0.000000,43.484133,4.054355,15.848821,11.805552,0.000000,27.391382
332,0,0.000000,12.802223,7.834363,0.021852,20.638163,0.000000,0.000000,38.851743,0.061176,19.688326,14.327157,0.000000,34.062273
333,0,0.000000,18.574077,14.058725,0.022248,32.185238,0.000000,0.000000,49.614839,0.099873,16.001923,15.984439,0.000000,27.149925
334,0,0.000000,14.282720,6.702345,0.012678,20.952405,0.000000,0.000000,32.018716,2.010260,23.443258,3.989817,0.000000,27.469420
335,0,0.000000,20.114023,10.045043,0.014019,30.172375,0.000000,0.000000,39.967779,0.039381,17.700932,8.022142,0.000000,24.642361
336,0,0.000000,12.530521,12.743140,0.016585,23.741461,0.000000,0.000000,44.024958,7.999079,14.873968,15.995488,0.000000,23.787122
337,0,0.000000,15.728993,7.817415,0.017237,23.510525,0.000000,0.000000,31.820219,0.053637,8.020942,8.011028,0.000000,16.041336
338,0,0.000000,8.301911,7.727345,0.010336,15.896060,0.000000,0.000000,24.039958,8.013206,11.154783,7.742334,0.000000,18.958510
339,0,0.000000,16.170376,7.640214,0.003459,23.809888,0.000000,0.000000,23.944461,0.033655,15.799355,7.627762,0.000000,23.458118
340,0,0.000000,8.329695,7.513574,0.008702,15.851971,0.000000,0.000000,16.008634,0.041940,3.779168,3.993597,0.000000,7.808409
341,0,0.000000,16.344441,7.413793,0.014618,23.697276,0.000000,0.000000,23.975855,0.036044,12.125876,4.016669,0.000000,12.170730
342,0,0.000000,8.201680,7.619799,0.011921,15.822629,0.000000,0.000000,16.030522,0.055975,0.252159,0.054278,0.000000,0.356008
343,0,0.000000,16.261974,7.527800,0.008551,23.788150,0.000000,0.000000,23.924081,0.049732,5.517075,3.982979,0.000000,8.163820
344,0,0.000000,8.246468,7.612266,0.008079,15.845439,0.000000,0.000000,16.021842,0.036238,0.255166,0.029459,0.000000,0.312562
345,0,0.000000,20.172463,12.613960,0.017513,28.718560,0.000000,0.000000,44.149628,0.029208,18.808433,16.177287,0.000000,23.294651
346,0,0.000000,20.942037,11.618871,0.009246,28.584007,0.000000,0.000000,32.753830,0.048799,16.089931,7.569017,0.000000,23.707747
347,0,0.000000,12.846856,12.498944,0.015248,25.349595,0.000000,0.000000,32.010875,3.317202,8.026960,11.973381,0.000000,18.984366
348,0,0.000000,18.330202,7.916225,0.007033,22.020698,0.000000,0.000000,31.986551,1.999815,21.447216,7.904469,0.000000,21.504317
349,0,0.000000,9.672001,7.919896,0.006950,17.582654,0.000000,0.000000,27.959125,0.041726,15.348272,7.967786,0.000000,15.775681
350,0,0.000000,8.275116,7.898550,0.015085,16.176640,0.000000,0.000000,32.017056,4.005542,15.913726,7.900771,0.000000,23.787171
351,0,0.000000,8.337288,7.480986,0.006589,15.809520,0.000000,0.000000,16.046598,0.041717,7.711475,7.498533,0.000000,15.246626
352,0,0.000000,16.168647,7.613382,0.018542,23.800571,0.000000,0.000000,23.980891,0.036939,15.449286,7.646961,0.000000,23.129373
353,0,0.000000,16.105661,7.477463,0.007073,23.585074,0.000000,0.000000,23.840867,0.057555,15.272358,3.988500,0.000000,15.904767
354,0,0.000000,8.237966,7.664534,0.007465,15.891848,0.000000,0.000000,16.028401,0.036990,3.831042,4.037908,0.000000,7.897015
355,0,0.000000,20.237603,7.879751,0.014621,24.169119,0.000000,0.000000,31.971242,0.030745,19.564716,7.852724,0.000000,19.596019
356,0,0.000000,8.203271,13.388846,0.011108,21.396700,0.000000,0.000000,39.973763,0.056504,19.433590,4.034805,0.000000,23.522417
357,0,0.000000,11.429323,11.126343,0.013882,22.565244,0.000000,0.000000,35.163479,3.135176,16.656369,7.086502,0.000000,16.723339
358,0,0.000000,8.330561,13.433224,0.011943,21.775728,0.000000,0.000000,39.997013,4.026257,18.226574,7.979538,0.000000,22.678679
359,0,0.000000,16.135167,15.649963,0.010044,31.795174,0.000000,0.000000,32.001640,0.034038,8.150252,12.013266,0.000000,20.188094
360,0,0.000000,12.239982,11.804196,0.009030,19.947743,0.000000,0.000000,35.946156,0.050872,16.000641,3.982000,0.000000,16.046721
361,0,0.000000,8.262276,7.998136,0.010928,16.227440,0.000000,0.000000,43.996823,4.314115,19.750374,8.004548,0.000000,27.776162
362,0,0.000000,16.166529,15.488999,0.010960,25.371243,0.000000,0.000000,46.939926,7.993475,15.765475,15.356980,0.000000,29.919948
363,0,0.000000,13.258336,15.660255,0.088792,28.933877,0.000000,0.000000,29.096106,0.056087,11.757155,12.022090,0.000000,19.877500
364,0,0.000000,8.346674,15.424681,0.003818,23.683205,0.000000,0.000000,23.954963,0.050477,0.336693,8.007257,0.000000,8.376392
365,0,0.000000,12.121828,11.896607,0.010546,20.259479,0.000000,0.000000,39.957769,0.053782,11.883848,11.891836,0.000000,23.795456
366,0,0.000000,20.312528,7.690395,0.016864,28.013382,0.000000,0.000000,28.198396,0.058573,19.760786,4.032764,0.000000,19.837411
367,0,0.000000,16.335038,15.413601,0.005841,31.724115,0.000000,0.000000,31.979808,0.050372,8.388397,12.023121,0.000000,20.458843
368,0,0.000000,20.073080,11.859780,0.012872,23.886244,0.000000,0.000000,35.942647,0.057784,15.858646,7.925776,0.000000,23.293629
369,0,0.000000,12.085417,7.568875,0.011515,19.621002,0.000000,0.000000,39.549720,7.478060,15.799849,8.088666,0.000000,27.341893
370,0,0.000000,12.114012,12.043952,0.009333,20.257755,0.000000,0.000000,39.994885,4.013015,15.900947,4.170182,0.000000,20.136417
371,0,0.000000,16.132849,11.635532,0.008431,23.764669,0.000000,0.000000,44.020356,12.024077,24.154749,14.910124,0.000000,31.558211
372,0,0.000000,12.242042,7.804638,0.028803,16.123965,0.000000,0.000000,28.710103,4.737167,11.571727,4.032671,0.000000,20.341565
373,0,0.000000,24.056376,7.681820,0.006494,31.738266,0.000000,0.000000,31.965176,0.048462,15.919204,3.988977,0.000000,15.978796
374,0,0.000000,16.334798,14.333480,0.009546,22.678483,0.000000,0.000000,40.684275,0.058143,21.065304,8.025744,0.000000,24.337035
375,0,0.000000,19.425571,7.981807,0.014133,27.286544,0.000000,0.000000,31.459691,0.213405,15.744742,0.223541,0.000000,16.138301
376,0,0.000000,8.165554,15.408326,0.009870,23.379535,0.000000,0.000000,23.791347,0.071539,0.377048,0.058303,0.000000,0.465851
377,0,0.000000,8.260714,7.585204,0.006731,15.852649,0.000000,0.000000,15.990339,0.047622,0.263665,0.009413,0.000000,0.306403
378,0,0.000000,16.270176,7.549255,0.008637,23.777908,0.000000,0.000000,23.966597,0.040945,0.308049,0.026008,0.000000,0.360991
379,0,0.000000,8.285581,7.566174,0.010104,15.842208,0.000000,0.000000,16.013337,0.040348,0.295202,0.033101,0.000000,0.364228
380,0,0.000000,16.308144,7.528920,0.013512,23.843438,0.000000,0.000000,23.995814,0.035203,0.306564,0.041841,0.000000,0.374227
381,0,0.000000,8.380061,7.446276,0.011342,15.807840,0.000000,0.000000,16.005643,0.037094,0.428715,0.023253,0.000000,0.481649
382,0,0.000000,16.194316,7.495576,0.013366,23.678016,0.000000,0.000000,23.935310,0.042929,11.742225,3.958595,0.000000,15.741680
383,0,0.000000,8.182812,7.673335,0.007023,15.863170,0.000000,0.000000,16.005378,0.058643,4.043262,4.019474,0.000000,8.118171
384,0,0.000000,20.066938,7.813357,0.009880,27.866852,0.000000,0.000000,44.321623,0.044635,12.205956,15.011192,0.000000,27.259021
385,0,0.000000,20.660858,11.645546,0.007098,32.308286,0.000000,0.000000,36.496887,0.057297,19.648103,15.580024,0.000000,27.698290
386,0,0.000000,20.692596,8.477813,0.018049,20.724626,0.000000,0.000000,36.445271,0.045949,22.879774,8.466765,0.000000,26.918824
387,0,0.000000,12.159052,15.812898,0.018124,20.101449,0.000000,0.000000,40.005632,4.037251,17.484582,8.012655,0.000000,23.786383
388,0,0.000000,16.240926,7.574796,0.019478,23.823234,0.000000,0.000000,24.027248,0.051191,8.261923,0.046356,0.000000,8.348595
389,0,0.000000,16.142227,7.793422,0.016575,23.939749,0.000000,0.000000,24.124556,0.042082,8.174787,0.044655,0.000000,8.219256
390,0,0.000000,15.974139,11.875278,0.004140,23.851921,0.000000,0.000000,35.804653,0.036053,15.774511,7.858377,0.000000,15.972585
391,0,0.000000,12.276605,5.914139,0.004594,14.341783,0.000000,0.000000,39.988806,0.063043,17.661635,13.849272,0.000000,21.634125
392,0,0.000000,8.570152,7.317839,0.012702,15.858481,0.000000,0.000000,16.052747,0.054095,0.414070,0.030385,0.000000,0.469536
393,0,0.000000,16.135793,13.114820,0.019828,29.235638,0.000000,0.000000,51.949960,0.047726,19.693967,16.006158,0.000000,35.743236
394,0,0.000000,8.293833,7.550883,0.008138,15.842844,0.000000,0.000000,16.001854,0.054091,7.689918,7.541562,0.000000,15.273811
395,0,0.000000,16.278823,7.534492,0.016125,23.786480,0.000000,0.000000,27.948063,0.041764,15.594459,7.907746,0.000000,23.537382
396,0,0.000000,8.420384,7.159270,0.007650,15.555368,0.000000,0.000000,36.011569,4.035500,15.827432,7.990778,0.000000,23.598027
397,0,0.000000,12.817488,7.643680,0.009841,20.466905,0.000000,0.000000,24.048462,3.435847,8.053019,7.634016,0.000000,19.116116
398,0,0.000000,16.199649,7.623148,0.002370,23.824813,0.000000,0.000000,23.944795,0.033265,15.477751,3.991143,0.000000,15.524101
399,0,0.000000,8.346467,7.491365,0.003322,15.839636,0.000000,0.000000,16.024373,0.037346,0.340806,0.033401,0.000000,0.402852
400,0,0.000000,16.275606,7.550405,0.017808,23.827057,0.000000,0.000000,23.961907,0.034416,4.125768,3.961032,0.000000,7.952741
401,0,0.000000,7.905332,7.722362,0.006328,15.633547,0.000000,0.000000,15.839786,0.124949,0.199411,0.046604,0.000000,0.316603
402,0,0.000000,16.166533,7.681994,0.014082,23.814343,0.000000,0.000000,24.005204,0.047080,3.948136,0.088867,0.000000,4.009331
403,0,0.000000,14.523497,11.827446,0.013898,20.117269,0.000000,0.000000,35.898298,0.034682,15.707480,3.981023,0.000000,15.757119
404,0,0.000000,12.184780,12.622936,0.020841,20.974712,0.000000,0.000000,44.424553,0.077202,17.921727,12.530250,0.000000,30.187867
405,0,0.000000,18.081057,5.574083,0.018424,23.613918,0.000000,0.000000,44.936276,0.050571,20.328861,12.000432,0.000000,28.369562
406,0,0.000000,12.276262,11.152112,0.010223,23.271017,0.000000,0.000000,45.810121,1.867878,20.419613,8.002650,0.000000,24.054115
407,0,0.000000,19.915068,7.857386,0.018385,23.824221,0.000000,0.000000,29.309912,0.046356,14.603850,4.010415,0.000000,18.656069
408,0,0.000000,16.249200,7.524738,0.007026,23.780964,0.000000,0.000000,23.968240,0.036379,15.796271,7.524357,0.000000,19.826314
409,0,0.000000,8.232194,15.541137,0.006733,23.776179,0.000000,0.000000,24.112630,0.057246,7.796244,15.516865,0.000000,23.359393
410,0,0.000000,16.163126,9.416109,0.015386,21.572547,0.000000,0.000000,27.872439,0.046242,10.332044,5.406798,0.000000,13.739959
411,0,0.000000,8.266567,6.171984,0.006662,14.284180,0.000000,0.000000,38.547234,4.029866,15.873427,11.978877,0.000000,21.944820
412,0,0.000000,15.188006,12.817431,0.010558,16.623714,0.000000,0.000000,34.951785,0.079973,21.221725,12.802083,0.000000,22.886122
413,0,0.000000,16.103132,12.088005,0.003050,20.339531,0.000000,0.000000,31.957577,0.040355,15.269465,12.049838,0.000000,19.935480
414,0,0.000000,20.279056,7.918003,0.012003,24.213461,0.000000,0.000000,32.023951,0.039544,11.883115,3.983888,0.000000,11.925995
415,0,0.000000,16.297113,15.492739,0.011928,31.793720,0.000000,0.000000,31.983110,0.039933,8.322709,11.968642,0.000000,19.865778
416,0,0.000000,16.133969,7.670095,0.013927,23.747273,0.000000,0.000000,23.986902,0.054302,8.121942,3.986943,0.000000,12.125900
417,0,0.000000,8.173278,7.717819,0.011627,15.871053,0.000000,0.000000,16.160517,0.066313,0.276001,0.245950,0.000000,0.574291
418,0,0.000000,16.053766,7.513043,0.003781,23.567763,0.000000,0.000000,23.748517,0.041606,12.061721,3.998177,0.000000,16.091952
419,0,0.000000,8.348539,11.496551,0.003774,19.624495,0.000000,0.000000,23.981168,0.041062,4.091773,7.991755,0.000000,12.097782
420,0,0.000000,7.403333,7.585582,0.011811,14.985415,0.000000,0.000000,23.185855,0.082902,3.784517,11.967772,0.000000,15.820747
421,0,0.000000,16.351110,11.521049,0.010290,27.880481,0.000000,0.000000,39.989961,8.005315,16.218430,16.993438,0.000000,26.717944
422,0,0.000000,13.412811,7.410537,0.026550,14.342282,0.000000,0.000000,30.507385,5.744889,22.041080,7.433457,0.000000,22.200130
423,0,0.000000,16.135322,15.563597,0.027548,31.716472,0.000000,0.000000,32.242199,0.055922,8.235264,15.875976,0.000000,24.167162
424,0,0.000000,7.914122,7.625754,0.003846,15.523194,0.000000,0.000000,15.703008,0.058865,0.246915,5.200950,0.000000,5.460140
425,0,0.000000,16.194558,7.562506,0.013311,23.770375,0.000000,0.000000,23.938984,0.052969,8.222430,4.011419,0.000000,8.294291
426,0,0.000000,8.254752,7.626366,0.010560,15.884066,0.000000,0.000000,16.010860,0.049304,0.229279,0.042202,0.000000,0.314426
427,0,0.000000,16.323802,7.417017,0.002905,23.741042,0.000000,0.000000,23.934740,0.035743,4.268043,3.987135,0.000000,8.290921
428,0,0.000000,8.236714,15.608408,0.009484,23.683135,0.000000,0.000000,24.015261,0.046091,0.217980,8.035269,0.000000,8.257830
429,0,0.000000,8.251110,7.579523,0.002708,15.827007,0.000000,0.000000,16.001136,0.045943,0.296580,0.033206,0.000000,0.372888
430,0,0.000000,16.266455,7.592236,0.007740,23.866431,0.000000,0.000000,24.012536,0.031913,4.282428,7.602848,0.000000,11.745417
431,0,0.000000,16.258477,7.495030,0.004874,19.785124,0.000000,0.000000,23.924817,0.040347,8.349012,3.994093,0.000000,12.361230
432,0,0.000000,8.267492,7.613561,0.008380,15.884331,0.000000,0.000000,16.023742,0.038104,0.256955,0.033399,0.000000,0.314310
433,0,0.000000,16.224417,7.216275,0.007218,23.438937,0.000000,0.000000,23.926031,0.028428,14.903143,4.014299,0.000000,18.945500
434,0,0.000000,8.335916,7.511096,0.010456,15.772118,0.000000,0.000000,16.019092,0.046351,0.320168,0.045677,0.000000,0.412196
435,0,0.000000,16.416052,7.376634,0.009268,23.801954,0.000000,0.000000,23.936882,0.046023,4.226355,3.961992,0.000000,8.228460
436,0,0.000000,8.273590,7.597383,0.010491,15.861037,0.000000,0.000000,16.087478,0.035906,0.292387,0.091828,0.000000,0.403310
437,0,0.000000,16.083831,7.647523,0.011115,23.727827,0.000000,0.000000,23.905243,0.034676,4.045676,4.002397,0.000000,8.082749
438,0,0.000000,8.450517,7.391178,0.007028,15.836160,0.000000,0.000000,16.007141,0.038234,0.430143,0.042280,0.000000,0.509696
439,0,0.000000,16.198784,11.903605,0.010937,27.983324,0.000000,0.000000,39.944143,0.027796,11.689687,8.000364,0.000000,19.616557
440,0,0.000000,8.169934,7.715157,0.002277,15.873246,0.000000,0.000000,16.027644,0.059333,0.159431,0.028775,0.000000,0.239497
441,0,0.000000,16.296745,7.526192,0.004956,23.814885,0.000000,0.000000,23.984647,0.023928,4.285791,3.999750,0.000000,8.308143
442,0,0.000000,8.189398,7.699569,0.006924,15.889794,0.000000,0.000000,16.024580,0.037935,0.162653,0.046236,0.000000,0.220481
443,0,0.000000,16.152131,7.704210,0.003238,23.836234,0.000000,0.000000,23.953266,0.035819,7.656514,7.681228,0.000000,15.373561
444,0,0.000000,16.125986,11.498608,0.002304,23.504960,0.000000,0.000000,43.971139,0.030207,15.758856,12.001957,0.000000,23.784042
445,0,0.000000,19.185277,7.841337,0.012536,27.039150,0.000000,0.000000,30.151913,0.044476,15.917491,4.008768,0.000000,19.966150
446,0,0.000000,8.407896,7.452544,0.002054,15.861502,0.000000,0.000000,15.983683,0.045463,0.403553,0.016753,0.000000,0.459223
447,0,0.000000,24.299806,7.506567,0.015112,31.808905,0.000000,0.000000,32.020330,0.033766,12.372816,4.048682,0.000000,16.450384
448,0,0.000000,16.060346,12.631225,0.006497,24.588946,0.000000,0.000000,31.923539,0.053301,11.188757,8.003245,0.000000,15.929430
449,0,0.000000,12.027892,7.591660,0.020702,15.825828,0.000000,0.000000,31.983832,0.051215,16.139651,7.538729,0.000000,16.262768
450,0,0.000000,8.280574,7.496352,0.007365,15.769569,0.000000,0.000000,15.962900,0.057796,7.482755,7.484677,0.000000,15.024286
451,0,0.000000,16.199644,7.564224,0.002391,23.765966,0.000000,0.000000,23.954550,0.039919,15.445345,7.534184,0.000000,23.019448
452,0,0.000000,8.285592,7.597751,0.008632,15.865220,0.000000,0.000000,16.035388,0.031698,7.725336,7.590338,0.000000,15.345984
453,0,0.000000,16.233927,11.562220,0.007577,27.797607,0.000000,0.000000,35.939710,0.038780,15.617364,15.956905,0.000000,31.607237
454,0,0.000000,14.913969,14.594992,0.012453,21.509842,0.000000,0.000000,39.205123,4.422632,18.990533,11.986996,0.000000,27.108676
455,0,0.000000,8.289108,7.535553,0.002966,15.791286,0.000000,0.000000,16.003739,0.057730,7.807416,7.518438,0.000000,15.377433
456,0,0.000000,16.551099,7.258688,0.013958,23.800780,0.000000,0.000000,23.972738,0.043092,15.920384,3.992327,0.000000,19.948207
457,0,0.000000,16.210203,11.310314,0.019317,23.546418,0.000000,0.000000,42.151177,0.037496,14.014686,11.343323,0.000000,22.074032
458,0,0.000000,11.812480,13.379347,0.012829,21.603101,0.000000,0.000000,36.651949,0.442816,11.667913,12.653431,0.000000,17.275713
459,0,0.000000,7.672036,7.539607,0.008568,15.211231,0.000000,0.000000,15.373124,0.052343,0.324997,0.048030,0.000000,0.416672
460,0,0.000000,20.197798,7.359875,0.014799,27.572472,0.000000,0.000000,31.975910,0.061615,11.958687,7.379666,0.000000,16.039491
461,0,0.000000,8.227832,7.600525,0.008146,15.829572,0.000000,0.000000,16.009566,0.038706,7.887691,7.591666,0.000000,15.515265
462,0,0.000000,16.262163,7.491536,0.019138,23.753729,0.000000,0.000000,23.978699,0.035231,15.986505,7.496332,0.000000,23.517110
463,0,0.000000,12.581852,12.408744,0.015992,20.562598,0.000000,0.000000,39.925095,0.050598,22.802033,12.054981,0.000000,22.913863
464,0,0.000000,16.898625,18.769795,0.011668,30.845326,0.000000,0.000000,44.814859,0.069787,19.393441,16.807296,0.000000,36.251029
465,0,0.000000,15.147003,12.523240,0.018469,19.505368,0.000000,0.000000,39.157492,0.070158,19.534577,12.122413,0.000000,26.988500
466,0,0.000000,7.970219,15.415895,0.004500,23.169392,0.000000,0.000000,23.583576,0.063417,7.407071,7.975968,0.000000,14.855741
467,0,0.000000,8.250316,7.966781,0.007472,16.007870,0.000000,0.000000,16.309876,0.046472,7.800981,7.655631,0.000000,15.488411
468,0,0.000000,15.960574,7.503044,0.012501,23.444449,0.000000,0.000000,23.725325,0.034579,15.642363,7.465009,0.000000,23.138215
469,0,0.000000,16.077168,7.644417,0.005089,23.719995,0.000000,0.000000,23.941425,0.055175,15.508476,7.607615,0.000000,19.550278
470,0,0.000000,16.080031,7.770854,0.007228,23.852873,0.000000,0.000000,23.989286,0.033830,15.739874,7.757903,0.000000,23.530451
471,0,0.000000,16.096241,4.512672,0.023964,20.600694,0.000000,0.000000,31.983370,0.048875,14.758532,11.989139,0.000000,26.793697
472,0,0.000000,15.106774,7.827543,0.007723,18.962631,0.000000,0.000000,26.864484,2.869524,7.928436,7.809794,0.000000,15.613700
473,0,0.000000,8.233758,7.568926,0.007488,15.804057,0.000000,0.000000,15.997735,0.044035,7.764530,7.547895,0.000000,15.350170
474,0,0.000000,16.215223,7.622389,0.014054,23.851666,0.000000,0.000000,24.020560,0.035860,15.670706,7.615552,0.000000,23.317171
475,0,0.000000,8.223407,15.468568,0.008278,23.585012,0.000000,0.000000,23.936087,0.045407,7.556745,8.000504,0.000000,15.105582
476,0,0.000000,12.248770,11.766818,0.015033,20.067826,0.000000,0.000000,39.980330,0.044552,15.390554,8.712160,0.000000,19.895088
477,0,0.000000,20.932603,12.785928,0.024265,26.225924,0.000000,0.000000,51.995726,2.785865,14.766810,12.021341,0.000000,23.179424
478,0,0.000000,16.253468,15.477677,0.029916,31.620110,0.000000,0.000000,32.004739,0.055500,8.170493,8.034296,0.000000,16.253513
479,0,0.000000,16.128065,8.793395,0.021074,20.465299,0.000000,0.000000,35.939386,0.055673,8.117335,11.973238,0.000000,19.983771
480,0,0.000000,12.174680,13.516576,0.028299,25.719555,0.000000,0.000000,36.031125,6.935864,13.295340,4.029959,0.000000,14.736058
481,0,0.000000,8.172982,7.611988,0.007928,15.753436,0.000000,0.000000,15.940676,0.060514,0.318736,0.103302,0.000000,0.480811
482,0,0.000000,20.343783,7.797777,0.010702,28.152262,0.000000,0.000000,39.862191,0.034341,12.037081,8.041938,0.000000,19.955708
483,0,0.000000,22.948641,7.591138,0.011540,30.503003,0.000000,0.000000,30.761417,0.059563,16.279506,3.985055,0.000000,20.289114
484,0,0.000000,16.038694,11.733690,0.002039,23.790487,0.000000,0.000000,27.940532,0.049701,8.072473,3.995680,0.000000,8.124981
485,0,0.000000,12.190469,7.968252,0.003020,16.233123,0.000000,0.000000,32.031084,0.054325,15.786625,7.897531,0.000000,19.798121
486,0,0.000000,16.241376,7.400398,0.012769,23.636299,0.000000,0.000000,23.985009,0.036639,15.777598,3.994485,0.000000,15.895324
487,0,0.000000,16.210091,7.554031,0.021018,23.785140,0.000000,0.000000,24.034670,0.043548,8.218584,4.043395,0.000000,12.304474
488,0,0.000000,12.140106,7.875491,0.015916,16.247922,0.000000,0.000000,23.978586,0.050706,7.783609,4.000955,0.000000,11.718434
489,0,0.000000,8.476212,11.333913,0.008107,19.811776,0.000000,0.000000,19.958224,0.038197,0.349512,0.057639,0.000000,0.444542
490,0,0.000000,8.275909,7.804984,0.008122,16.037658,0.000000,0.000000,32.030617,4.033623,15.907469,4.018498,0.000000,19.944181
491,0,0.000000,16.169755,15.652764,0.020357,31.833600,0.000000,0.000000,32.024699,0.045252,8.130946,12.046609,0.000000,20.137057
492,0,0.000000,16.142711,15.582095,0.039901,31.764707,0.000000,0.000000,32.000173,0.060246,8.064057,15.625114,0.000000,23.739149
493,0,0.000000,16.148351,7.876203,0.014727,20.204340,0.000000,0.000000,31.925660,0.051156,15.807789,4.007063,0.000000,15.866052
494,0,0.000000,16.029049,7.749838,0.011819,23.775277,0.000000,0.000000,23.977879,0.053925,8.012801,3.979540,0.000000,12.031941
495,0,0.000000,16.150417,11.688927,0.020426,23.849804,0.000000,0.000000,31.968525,0.035943,8.147063,11.954182,0.000000,19.987310
496,0,0.000000,15.859993,7.516919,0.010273,23.378597,0.000000,0.000000,23.595735,0.051675,12.168490,7.503298,0.000000,16.204519
497,0,0.000000,8.232432,11.543903,0.009601,19.602288,0.000000,0.000000,19.916323,0.035072,7.587172,7.582156,0.000000,15.201881
498,0,0.000000,8.228760,7.371091,0.014583,15.602315,0.000000,0.000000,16.086404,0.402825,7.653528,7.403100,0.000000,15.115665
499,0,0.000000,16.248430,7.525051,0.010614,23.764250,0.000000,0.000000,23.926581,0.051352,15.332739,7.519140,0.000000,22.894590
500,0,0.000000,16.141139,7.656141,0.015737,23.787107,0.000000,0.000000,23.998530,0.037283,8.140587,4.026208,0.000000,11.838396
501,0,0.000000,16.115285,7.639231,0.008877,23.754833,0.000000,0.000000,23.979471,0.038950,8.043307,3.996563,0.000000,8.100921
502,0,0.000000,16.102570,7.205173,0.024513,23.332256,0.000000,0.000000,24.010544,0.078042,8.595893,4.018729,0.000000,12.002901
503,0,0.000000,8.270676,7.569733,0.007120,15.817194,0.000000,0.000000,15.995523,0.035537,0.197611,0.045301,0.000000,0.277832
504,0,0.000000,16.399889,7.878533,0.014835,24.270523,0.000000,0.000000,31.975636,0.039097,11.850568,4.013973,0.000000,15.892255
505,0,0.000000,12.171317,5.981346,0.013022,14.181823,0.000000,0.000000,31.947033,0.041317,9.793209,11.973731,0.000000,17.629552
506,0,0.000000,16.294824,13.829217,0.015578,26.024091,0.000000,0.000000,40.109428,0.049877,15.790663,13.843684,0.000000,23.931467
507,0,0.000000,16.179731,7.425618,0.016347,23.616061,0.000000,0.000000,23.900773,0.076375,8.193085,4.029311,0.000000,12.298186
508,0,0.000000,8.264642,7.545070,0.009482,15.793373,0.000000,0.000000,16.012997,0.057337,0.322847,0.049099,0.000000,0.419773
509,0,0.000000,16.121528,7.672560,0.017094,23.809723,0.000000,0.000000,23.982865,0.042409,4.142619,4.031615,0.000000,8.187637
510,0,0.000000,8.448391,7.355850,0.005479,15.795090,0.000000,0.000000,15.972516,0.098117,0.282977,0.034942,0.000000,0.339411
511,0,0.000000,16.159652,7.599455,0.014099,23.772980,0.000000,0.000000,23.982153,0.038780,4.160380,4.024177,0.000000,8.221968
512,0,0.000000,8.153494,7.722957,0.009978,15.878588,0.000000,0.000000,16.011332,0.058865,0.192695,0.040482,0.000000,0.264634
513,0,0.000000,16.146778,7.546360,0.005359,23.694965,0.000000,0.000000,23.847072,0.033383,4.231720,4.000366,0.000000,8.237737
514,0,0.000000,12.105603,10.541928,0.008079,19.311078,0.000000,0.000000,35.351548,0.032523,16.055589,10.545271,0.000000,23.135455
515,0,0.000000,13.025567,7.466833,0.003020,20.493587,0.000000,0.000000,20.657943,0.041968,8.393541,4.013744,0.000000,12.432738
516,0,0.000000,16.143065,7.666857,0.012471,23.819916,0.000000,0.000000,23.992732,0.046156,8.201464,4.018484,0.000000,12.263372
517,0,0.000000,8.274649,7.588870,0.002310,15.852031,0.000000,0.000000,15.972249,0.038199,0.166533,0.021048,0.000000,0.205662
518,0,0.000000,16.264717,7.597249,0.003395,23.858650,0.000000,0.000000,23.986332,0.023941,4.233295,3.988937,0.000000,8.245304
519,0,0.000000,8.206216,11.658451,0.002128,19.853641,0.000000,0.000000,23.973647,0.033559,0.173221,7.986721,0.000000,8.181613
520,0,0.000000,13.638319,7.491659,0.007862,21.115681,0.000000,0.000000,24.015474,2.802099,15.738979,3.991704,0.000000,19.767069
521,0,0.000000,16.278948,7.555919,0.010249,23.831034,0.000000,0.000000,23.997078,0.031885,8.224747,3.984993,0.000000,12.175327
522,0,0.000000,12.316758,7.880803,0.010149,20.185713,0.000000,0.000000,23.996179,0.034665,7.932050,3.991840,0.000000,11.956016
523,0,0.000000,8.150559,7.730308,0.007589,15.876723,0.000000,0.000000,16.007998,0.040173,0.191807,0.048415,0.000000,0.274375
524,0,0.000000,16.638746,7.163722,0.016922,23.818897,0.000000,0.000000,23.974287,0.046097,8.563729,4.007729,0.000000,12.606502
525,0,0.000000,16.159742,7.551276,0.003291,23.714125,0.000000,0.000000,23.961123,0.050858,8.193547,3.963312,0.000000,12.057823
526,0,0.000000,12.125321,7.876288,0.019571,16.272224,0.000000,0.000000,24.030562,0.034177,7.682788,4.035433,0.000000,11.725506
527,0,0.000000,8.195483,7.612361,0.008351,15.804940,0.000000,0.000000,15.979431,0.086848,0.235479,0.036508,0.000000,0.334029
528,0,0.000000,16.282565,7.530345,0.008339,23.806669,0.000000,0.000000,23.960061,0.032592,4.193156,3.986584,0.000000,8.194739
529,0,0.000000,7.750824,11.403422,0.009395,19.022075,0.000000,0.000000,23.554292,0.268481,0.399832,7.994382,0.000000,8.623825
530,0,0.000000,16.136552,7.616373,0.009898,23.754082,0.000000,0.000000,32.001779,8.071761,8.152876,4.002385,0.000000,16.096228
531,0,0.000000,16.112498,7.549988,0.012903,23.656480,0.000000,0.000000,24.017178,0.036514,8.275218,3.988778,0.000000,12.218345
532,0,0.000000,16.213539,5.636535,0.016667,21.857298,0.000000,0.000000,31.931098,0.037606,15.376136,11.972019,0.000000,25.787763
533,0,0.000000,8.252235,11.574311,0.013198,19.653997,0.000000,0.000000,20.028538,0.042357,0.245839,0.062722,0.000000,0.335699
534,0,0.000000,8.298250,7.857862,0.008744,16.131022,0.000000,0.000000,31.981214,8.003338,15.874305,3.995486,0.000000,19.701028
535,0,0.000000,8.355937,7.531929,0.018143,15.883903,0.000000,0.000000,16.033783,0.038043,0.380632,0.035196,0.000000,0.425388
536,0,0.000000,16.279828,7.487680,0.008259,23.763646,0.000000,0.000000,23.949226,0.036652,4.164805,3.982513,0.000000,8.183970
537,0,0.000000,8.417967,7.459179,0.006794,15.835416,0.000000,0.000000,16.052291,0.056493,0.285821,0.057796,0.000000,0.379647
538,0,0.000000,16.268830,7.541947,0.003143,23.802954,0.000000,0.000000,23.940989,0.030883,4.288030,4.011803,0.000000,8.298374
539,0,0.000000,8.291549,7.538650,0.008067,15.821509,0.000000,0.000000,16.004959,0.044388,0.326097,0.034317,0.000000,0.400158
540,0,0.000000,16.288016,7.579084,0.007333,23.868789,0.000000,0.000000,24.002095,0.027819,4.261146,4.026245,0.000000,8.293568
541,0,0.000000,16.144963,7.643451,0.008438,23.774477,0.000000,0.000000,23.966371,0.047418,8.182647,4.014463,0.000000,12.239869
542,0,0.000000,8.229136,7.607274,0.004141,15.827807,0.000000,0.000000,16.001918,0.031830,0.253895,0.021787,0.000000,0.298634
543,0,0.000000,16.232866,15.545828,0.005814,31.674500,0.000000,0.000000,31.997991,0.029175,6.063653,12.029204,0.000000,16.242594
544,0,0.000000,16.159627,7.641758,0.008864,23.794854,0.000000,0.000000,23.961389,0.050992,15.759332,3.976589,0.000000,19.779457
545,0,0.000000,8.263275,7.556487,0.012707,15.813008,0.000000,0.000000,15.987681,0.037893,3.664275,4.039044,0.000000,7.736125
546,0,0.000000,16.301941,7.428518,0.010735,23.732421,0.000000,0.000000,31.915566,0.088612,11.844250,11.985383,0.000000,16.453403
547,0,0.000000,8.333101,7.523503,0.006989,15.855964,0.000000,0.000000,16.014062,0.055109,3.738208,3.999006,0.000000,7.790684
548,0,0.000000,16.265577,7.554320,0.019453,23.839350,0.000000,0.000000,23.983282,0.034762,11.903176,4.031153,0.000000,11.938126
549,0,0.000000,8.308786,11.537709,0.007423,19.752024,0.000000,0.000000,27.961499,0.039092,0.196137,11.991379,0.000000,12.067138
550,0,0.000000,8.375480,7.475197,0.003059,15.839877,0.000000,0.000000,16.030271,0.045347,7.877801,7.454755,0.000000,15.376298
551,0,0.000000,16.218822,14.163371,0.010403,30.217442,0.000000,0.000000,46.529048,0.035429,22.252997,12.103164,0.000000,26.223039
552,0,0.000000,16.336287,10.723281,0.009037,22.833348,0.000000,0.000000,41.403123,1.461617,12.877143,10.664777,0.000000,25.003537
553,0,0.000000,12.132928,11.691398,0.012250,23.827571,0.000000,0.000000,40.001502,3.866675,18.016455,11.690924,0.000000,26.220301
554,0,0.000000,13.339647,7.626434,0.008899,20.960405,0.000000,0.000000,24.009851,2.932558,7.853810,4.002533,0.000000,14.487240
555,0,0.000000,16.183324,7.676828,0.007960,23.857716,0.000000,0.000000,23.980279,0.028539,11.806169,3.997384,0.000000,15.799380
556,0,0.000000,16.374549,7.495727,0.013610,23.880299,0.000000,0.000000,24.071788,0.040472,8.301375,4.058925,0.000000,12.213678
557,0,0.000000,19.140982,12.562527,0.008129,20.756039,0.000000,0.000000,31.906265,0.037204,18.754399,4.560419,0.000000,18.814232
558,0,0.000000,8.423834,7.398795,0.006395,15.820412,0.000000,0.000000,16.024444,0.053721,7.765205,7.344701,0.000000,15.163627
559,0,0.000000,16.434506,7.346384,0.015034,23.795924,0.000000,0.000000,23.972877,0.044075,8.070058,1.022257,0.000000,9.136390
560,0,0.000000,16.147422,7.654639,0.011892,23.792614,0.000000,0.000000,23.991829,0.035837,8.187482,4.010851,0.000000,11.983561
561,0,0.000000,9.392987,6.485692,0.010620,15.792647,0.000000,0.000000,16.037896,0.035303,1.354483,0.125826,0.000000,1.510133
562,0,0.000000,16.462218,7.185184,0.003640,23.644249,0.000000,0.000000,23.863205,0.032875,4.470669,3.988159,0.000000,8.487478
563,0,0.000000,12.283161,7.857833,0.015920,20.143132,0.000000,0.000000,24.044520,0.036797,7.848985,7.862868,0.000000,8.126600
564,0,0.000000,16.061767,7.738380,0.018773,23.803562,0.000000,0.000000,23.968471,0.036610,10.388662,7.727835,0.000000,18.150429
565,0,0.000000,8.248155,7.567632,0.012002,15.812083,0.000000,0.000000,16.006854,0.039275,7.785928,7.579829,0.000000,15.403136
566,0,0.000000,20.094748,7.866892,0.013276,24.211531,0.000000,0.000000,31.971889,0.042876,23.367270,7.887376,0.000000,23.448564
567,0,0.000000,8.336316,7.467141,0.002105,15.796447,0.000000,0.000000,15.971292,0.044048,0.274541,0.019047,0.000000,0.337636
568,0,0.000000,16.279559,7.585984,0.015038,23.867247,0.000000,0.000000,24.004076,0.034450,4.229887,4.019042,0.000000,8.279602
569,0,0.000000,16.321130,11.427030,0.010827,23.742920,0.000000,0.000000,31.747784,0.050223,8.328570,7.996554,0.000000,16.204748
570,0,0.000000,12.443868,7.089261,0.017610,15.544242,0.000000,0.000000,39.983172,3.930524,13.876092,9.078319,0.000000,22.051906
571,0,0.000000,16.351585,15.502179,0.015434,27.816739,0.000000,0.000000,32.017389,3.790279,12.084764,11.991226,0.000000,24.122623
572,0,0.000000,16.217037,8.879739,0.017245,25.100935,0.000000,0.000000,31.976224,0.047075,10.841066,11.998344,0.000000,22.186669
573,0,0.000000,16.324891,7.493606,0.003486,23.792797,0.000000,0.000000,24.002894,0.061149,8.355922,7.466468,0.000000,15.464412
574,0,0.000000,16.162179,7.643071,0.005425,23.783189,0.000000,0.000000,23.994497,0.034745,8.193742,4.010024,0.000000,12.195622
575,0,0.000000,20.118252,7.893205,0.006117,24.192177,0.000000,0.000000,31.955371,0.033586,15.960910,3.993053,0.000000,19.879769
576,0,0.000000,8.231365,7.671090,0.001986,15.901825,0.000000,0.000000,16.017550,0.038895,0.220400,0.022090,0.000000,0.276590
577,0,0.000000,16.099936,7.572505,0.009452,23.675954,0.000000,0.000000,23.942737,0.026844,4.167385,3.993039,0.000000,8.185986
578,0,0.000000,8.393561,7.491618,0.007876,15.809097,0.000000,0.000000,16.019431,0.031792,0.325785,0.039515,0.000000,0.392966
579,0,0.000000,16.197032,7.646258,0.015543,23.809947,0.000000,0.000000,23.992398,0.036599,0.211479,0.062379,0.000000,0.310427
580,0,0.000000,16.090051,7.664020,0.012321,23.755063,0.000000,0.000000,23.933123,0.048388,15.216661,7.637668,0.000000,22.902717
581,0,0.000000,8.287418,7.621486,0.009348,15.918252,0.000000,0.000000,16.037753,0.034929,7.637079,7.624110,0.000000,15.293650
582,0,0.000000,16.181242,7.635618,0.005959,23.818882,0.000000,0.000000,23.969608,0.046544,15.557400,7.618000,0.000000,23.221944
583,0,0.000000,12.240061,7.911702,0.006153,16.180274,0.000000,0.000000,23.972049,0.034514,7.861508,7.885135,0.000000,15.439316
584,0,0.000000,16.294348,6.657803,0.010191,22.946475,0.000000,0.000000,24.000529,0.044213,15.629779,3.997259,0.000000,15.680568
585,0,0.000000,8.198859,7.612197,0.008290,15.819346,0.000000,0.000000,16.026462,0.075645,0.287008,0.050248,0.000000,0.379762
586,0,0.000000,16.257915,7.863886,0.006815,24.107191,0.000000,0.000000,31.931712,0.043172,11.754390,7.836647,0.000000,15.788556
587,0,0.000000,8.227058,7.675949,0.005935,15.905661,0.000000,0.000000,16.008679,0.037957,7.424397,7.629932,0.000000,15.092286
588,0,0.000000,16.259298,7.600440,0.004598,23.849803,0.000000,0.000000,31.953154,0.034553,15.525083,8.002001,0.000000,23.130452
589,0,0.000000,8.236723,7.669263,0.006538,15.899286,0.000000,0.000000,16.022792,0.039743,0.252203,0.018213,0.000000,0.307046
590,0,0.000000,16.161283,7.631591,0.006373,23.793821,0.000000,0.000000,23.951809,0.039096,4.133156,3.978355,0.000000,8.145757
591,0,0.000000,12.115358,8.003788,0.012451,20.066068,0.000000,0.000000,32.054709,0.026953,11.855986,7.991180,0.000000,15.924326
592,0,0.000000,16.138246,15.611976,0.016241,31.766463,0.000000,0.000000,31.970171,0.049878,8.051954,12.032663,0.000000,20.134153
593,0,0.000000,7.867609,11.451318,0.003810,19.015077,0.000000,0.000000,19.457544,0.053343,0.352304,0.021478,0.000000,0.425442
594,0,0.000000,8.252163,7.656472,0.002237,15.900185,0.000000,0.000000,16.019800,0.030029,0.129457,0.027450,0.000000,0.185992
595,0,0.000000,16.339454,7.390701,0.008611,23.730935,0.000000,0.000000,27.955213,0.088155,4.310097,7.962324,0.000000,11.968242
596,0,0.000000,12.060778,7.249636,0.008581,15.595425,0.000000,0.000000,23.927707,0.061933,11.557004,4.000517,0.000000,15.581210
597,0,0.000000,8.400788,11.366856,0.003795,19.488960,0.000000,0.000000,19.976979,0.029733,3.767587,4.010935,0.000000,7.805587
598,0,0.000000,13.874341,11.846119,0.010284,20.105454,0.000000,0.000000,36.024566,8.011526,15.832464,11.826049,0.000000,27.462149
599,0,0.000000,20.295358,12.847445,0.010261,29.155021,0.000000,0.000000,40.030790,0.032114,22.523613,12.038104,0.000000,22.574762
600,0,0.000000,12.288970,15.634593,0.015726,27.897520,0.000000,0.000000,39.554011,0.060208,15.579954,15.542734,0.000000,26.161944
601,0,0.000000,20.609512,7.623018,0.012081,24.248931,0.000000,0.000000,28.421224,0.046866,8.166455,3.960852,0.000000,12.064720
602,0,0.000000,12.395899,7.889564,0.008850,16.306594,0.000000,0.000000,24.009568,0.027368,7.964197,4.008485,0.000000,11.918924
603,0,0.000000,8.307428,7.681576,0.033310,15.995373,0.000000,0.000000,16.136784,0.028424,0.284328,0.147327,0.000000,0.459473
604,0,0.000000,16.129247,7.610168,0.003640,23.715041,0.000000,0.000000,23.897363,0.035315,4.275419,4.046661,0.000000,8.351159
605,0,0.000000,16.225741,7.524017,0.008657,23.748329,0.000000,0.000000,23.939943,0.059290,8.308479,3.996716,0.000000,12.339135
606,0,0.000000,8.214275,7.642101,0.006650,15.840931,0.000000,0.000000,19.964218,0.033548,0.215620,9.830910,0.000000,10.076326
607,0,0.000000,13.689126,11.936774,0.012474,20.065634,0.000000,0.000000,37.587005,2.466639,17.249894,12.081694,0.000000,29.357406
608,0,0.000000,11.061711,15.720517,0.016024,24.024979,0.000000,0.000000,42.830476,2.891195,17.180067,12.022300,0.000000,17.237133
609,0,0.000000,13.461604,11.698030,0.017301,21.346559,0.000000,0.000000,41.288557,1.311207,15.952309,8.007028,0.000000,23.976537
610,0,0.000000,20.845682,7.389150,0.016165,28.237636,0.000000,0.000000,28.535634,0.050890,11.832643,7.282985,0.000000,14.958076
611,0,0.000000,16.140635,7.664646,0.017361,23.806002,0.000000,0.000000,23.984779,0.049712,15.759105,4.002449,0.000000,15.820657
612,0,0.000000,16.103430,7.695257,0.005492,23.798959,0.000000,0.000000,23.983523,0.031413,8.046812,3.992041,0.000000,12.060614
613,0,0.000000,8.247463,7.603691,0.001788,15.835617,0.000000,0.000000,16.006457,0.046648,0.194316,0.032668,0.000000,0.272417
614,0,0.000000,16.199755,7.618939,0.002689,23.819814,0.000000,0.000000,23.955344,0.033484,4.182776,3.988922,0.000000,8.190757
615,0,0.000000,8.347164,7.550920,0.001943,15.897988,0.000000,0.000000,16.018993,0.030298,0.230625,0.019113,0.000000,0.263113
616,0,0.000000,16.302829,7.552901,0.020741,23.876471,0.000000,0.000000,24.010061,0.025287,4.258511,4.022857,0.000000,8.305219
617,0,0.000000,8.253157,11.569523,0.009620,19.499558,0.000000,0.000000,19.991685,0.040916,1.761503,0.027172,0.000000,1.806404
618,0,0.000000,8.202349,8.367707,0.014423,16.531366,0.000000,0.000000,36.410624,8.031788,15.967608,4.037463,0.000000,16.108958
619,0,0.000000,7.743142,11.682134,0.007150,19.427558,0.000000,0.000000,27.561567,0.057478,7.258456,15.974815,0.000000,23.272370
620,0,0.000000,8.300775,7.610922,0.002645,15.901892,0.000000,0.000000,16.037013,0.048660,0.191419,0.018829,0.000000,0.258908
621,0,0.000000,16.258422,7.596030,0.002153,23.839624,0.000000,0.000000,23.971004,0.034746,4.185401,4.002951,0.000000,8.208873
622,0,0.000000,16.093477,11.944785,0.014181,23.997009,0.000000,0.000000,39.985322,0.032523,15.763750,8.002649,0.000000,19.825895
623,0,0.000000,16.453591,12.196158,0.009016,24.508996,0.000000,0.000000,28.852195,0.061337,16.098959,12.180772,0.000000,20.040783
624,0,0.000000,16.324019,7.513471,0.009079,23.833097,0.000000,0.000000,23.996177,0.043650,15.780587,3.995150,0.000000,19.799020
625,0,0.000000,8.183837,7.650464,0.007851,15.802378,0.000000,0.000000,15.964122,0.030288,0.211161,0.021036,0.000000,0.240020
626,0,0.000000,16.122789,7.706045,0.014174,23.829997,0.000000,0.000000,23.974395,0.029332,4.150495,3.985564,0.000000,8.160159
627,0,0.000000,12.245573,7.847855,0.011418,17.484444,0.000000,0.000000,24.004895,0.039948,7.966761,4.016846,0.000000,11.854787
628,0,0.000000,12.863934,7.784968,0.006717,20.650374,0.000000,0.000000,23.975449,0.037337,7.951256,3.985885,0.000000,11.967978
629,0,0.000000,16.088144,11.901389,0.009240,20.005477,0.000000,0.000000,43.933828,0.035016,15.895853,15.821429,0.000000,23.926565
630,0,0.000000,12.303849,7.834919,0.013381,20.143669,0.000000,0.000000,32.062211,4.074157,15.903310,7.819347,0.000000,19.871939
631,0,0.000000,16.204125,7.552712,0.011066,23.758752,0.000000,0.000000,23.968245,0.075965,15.674470,3.983781,0.000000,19.712748
632,0,0.000000,8.365008,7.532059,0.014422,15.887014,0.000000,0.000000,16.038646,0.037559,3.863306,4.021612,0.000000,7.915690
633,0,0.000000,16.135622,7.671945,0.011675,23.807312,0.000000,0.000000,23.945597,0.034700,11.796381,3.987067,0.000000,15.804713
634,0,0.000000,8.197810,7.711019,0.009208,15.894666,0.000000,0.000000,16.017532,0.041001,3.589603,4.011775,0.000000,7.635653
635,0,0.000000,16.451491,7.384750,0.009104,23.844848,0.000000,0.000000,23.981498,0.041963,12.014512,4.012986,0.000000,16.056221
636,0,0.000000,8.399211,7.413231,0.009582,15.814557,0.000000,0.000000,19.957987,0.046991,4.042211,7.976109,0.000000,12.045021
637,0,0.000000,12.948497,7.615032,0.004441,20.563844,0.000000,0.000000,23.994990,3.235863,11.713687,3.985765,0.000000,15.420118
638,0,0.000000,8.238296,7.658746,0.008781,15.885721,0.000000,0.000000,19.972114,0.037488,3.734829,7.991331,0.000000,8.108639
639,0,0.000000,8.270177,11.939089,0.019996,20.147421,0.000000,0.000000,36.137102,8.015363,15.808822,8.047272,0.000000,20.086684
640,0,0.000000,16.900840,19.195601,0.014886,24.721961,0.000000,0.000000,47.510954,3.387394,19.851241,15.472164,0.000000,27.722766
641,0,0.000000,20.849233,15.700413,0.015462,29.939107,0.000000,0.000000,36.745806,0.068157,16.230990,8.372107,0.000000,24.656009
642,0,0.000000,15.787120,7.681656,0.017281,23.470331,0.000000,0.000000,23.661590,1.869385,11.632116,4.013001,0.000000,15.691942
643,0,0.000000,20.200040,7.897160,0.015700,24.103858,0.000000,0.000000,31.967196,0.033521,15.941860,3.997296,0.000000,19.958936
644,0,0.000000,8.359842,7.416914,0.012703,15.704862,0.000000,0.000000,16.062190,0.040485,0.405413,0.066545,0.000000,0.484848
645,0,0.000000,16.106375,7.605914,0.009132,23.710458,0.000000,0.000000,23.885922,0.067135,4.162316,3.990133,0.000000,8.200578
646,0,0.000000,8.303322,11.592973,0.002987,19.774277,0.000000,0.000000,23.984475,0.035692,0.214365,7.995408,0.000000,8.240199
647,0,0.000000,8.279342,7.590537,0.007713,15.874691,0.000000,0.000000,16.022711,0.041930,0.225541,0.034043,0.000000,0.287058
648,0,0.000000,20.320456,7.680896,0.013209,28.007692,0.000000,0.000000,31.990911,0.030862,8.555552,4.005810,0.000000,12.585668
649,0,0.000000,12.016444,5.742243,0.009422,13.860049,0.000000,0.000000,30.735767,0.046504,10.118053,10.764833,0.000000,16.941837
650,0,0.000000,11.649085,11.822484,0.009667,19.478141,0.000000,0.000000,39.771296,0.327553,15.687391,11.764877,0.000000,23.744619
651,0,0.000000,14.756100,10.936660,0.008404,25.694524,0.000000,0.000000,29.828901,0.046667,13.604642,8.008646,0.000000,17.650742
652,0,0.000000,12.233823,7.883709,0.007619,16.141677,0.000000,0.000000,23.985436,0.048572,7.930802,3.990608,0.000000,11.939511
653,0,0.000000,8.241467,15.639949,0.006765,23.727602,0.000000,0.000000,24.012565,0.037416,0.204694,8.013309,0.000000,8.254055
654,0,0.000000,12.067580,7.863472,0.004608,16.165809,0.000000,0.000000,23.993353,0.033873,7.956933,4.011725,0.000000,8.005429
655,0,0.000000,12.023602,7.861624,0.003298,16.094616,0.000000,0.000000,23.987749,0.032798,7.950171,4.006821,0.000000,11.975979
656,0,0.000000,16.177710,7.623113,0.002802,23.803169,0.000000,0.000000,31.961161,0.042618,8.207149,11.974602,0.000000,20.183903
657,0,0.000000,11.736661,7.872388,0.010263,15.648113,0.000000,0.000000,23.474715,0.042878,7.858519,3.972887,0.000000,11.748085
658,0,0.000000,16.109792,7.683496,0.011276,23.700871,0.000000,0.000000,23.973621,0.043796,8.141856,3.984234,0.000000,12.048941
659,0,0.000000,8.293497,15.571824,0.004066,23.653082,0.000000,0.000000,27.232844,0.035636,0.263281,11.246505,0.000000,11.491102
660,0,0.000000,12.979950,11.590228,0.017558,24.587736,0.000000,0.000000,28.743612,0.065606,8.213661,8.002803,0.000000,16.199485
661,0,0.000000,8.330251,7.437031,0.010129,15.767528,0.000000,0.000000,16.012322,0.057253,7.683238,7.422932,0.000000,15.159919
662,0,0.000000,16.126777,7.678535,0.007469,23.770603,0.000000,0.000000,23.958176,0.034582,11.848061,3.981334,0.000000,15.851345
663,0,0.000000,8.303113,7.603339,0.001949,15.907489,0.000000,0.000000,16.011944,0.035675,3.498573,3.999251,0.000000,7.533499
664,0,0.000000,16.144252,7.731178,0.012295,23.876975,0.000000,0.000000,24.005657,0.029099,11.612116,4.014710,0.000000,11.649382
665,0,0.000000,16.075920,7.649053,0.011314,23.729734,0.000000,0.000000,23.975574,0.058277,8.140150,4.015419,0.000000,12.122574
666,0,0.000000,8.222775,7.600396,0.016971,15.806845,0.000000,0.000000,16.051742,0.058651,0.234162,0.061692,0.000000,0.318632
667,0,0.000000,16.267414,7.441432,0.015117,23.681463,0.000000,0.000000,23.923225,0.106641,11.809383,4.000771,0.000000,15.850522
668,0,0.000000,8.165678,7.904296,0.013717,16.062205,0.000000,0.000000,23.966572,0.079843,11.448775,3.989735,0.000000,15.468183
669,0,0.000000,16.124301,7.671408,0.018381,23.802246,0.000000,0.000000,24.015085,0.035039,8.078864,4.027096,0.000000,12.122601
670,0,0.000000,8.147212,11.650179,0.016662,19.647882,0.000000,0.000000,23.944935,0.064329,0.180523,7.987614,0.000000,8.170841
671,0,0.000000,8.108573,7.999754,0.013087,15.975157,0.000000,0.000000,16.285914,0.135376,0.164124,2.178311,0.000000,2.450188
672,0,0.000000,15.846855,7.624848,0.015149,23.452469,0.000000,0.000000,23.625475,0.033773,11.802695,3.982778,0.000000,15.810736
673,0,0.000000,16.176308,7.502263,0.007256,23.680305,0.000000,0.000000,23.903251,0.036382,11.615459,3.976759,0.000000,15.625563
674,0,0.000000,8.362291,7.527022,0.007868,15.883413,0.000000,0.000000,16.030556,0.039545,3.945441,4.007099,0.000000,7.990155
675,0,0.000000,16.195297,7.622444,0.009022,23.814782,0.000000,0.000000,23.965588,0.039557,8.050286,0.033101,0.000000,8.121506
676,0,0.000000,8.227488,7.597324,0.006525,15.828622,0.000000,0.000000,15.993080,0.054821,0.226401,0.034237,0.000000,0.294781
677,0,0.000000,16.181302,7.647677,0.002447,23.831343,0.000000,0.000000,23.953502,0.030263,0.171910,0.006058,0.000000,0.204158
678,0,0.000000,16.166749,7.690205,0.011507,23.856529,0.000000,0.000000,24.022342,0.023203,8.138821,3.999077,0.000000,8.176483
679,0,0.000000,8.228395,7.633324,0.002893,15.860651,0.000000,0.000000,15.994218,0.049292,0.245639,0.027638,0.000000,0.322569
680,0,0.000000,16.259958,7.586004,0.009967,23.853756,0.000000,0.000000,23.981684,0.030250,4.154129,3.999278,0.000000,8.183002
681,0,0.000000,8.252330,7.525726,0.008725,15.769231,0.000000,0.000000,16.107923,0.029073,0.333434,0.130254,0.000000,0.416945
682,0,0.000000,16.136312,7.866084,0.012056,23.961888,0.000000,0.000000,31.912650,0.051082,17.638060,7.879066,0.000000,21.687394
683,0,0.000000,8.242239,7.621521,0.005882,15.869642,0.000000,0.000000,15.993003,0.034471,7.829750,7.630062,0.000000,15.490355
684,0,0.000000,16.214243,7.583133,0.011551,23.739831,0.000000,0.000000,23.962599,0.039718,15.805928,4.015138,0.000000,16.030994
685,0,0.000000,8.239044,7.638476,0.008040,15.881022,0.000000,0.000000,16.018740,0.244867,3.647815,4.033518,0.000000,7.719047
686,0,0.000000,16.288391,7.459308,0.010896,23.717400,0.000000,0.000000,39.931162,0.034145,12.354802,11.410008,0.000000,19.740830
687,0,0.000000,19.255908,7.905592,0.017385,23.199066,0.000000,0.000000,30.980451,0.050268,18.780600,3.988362,0.000000,22.819230
688,0,0.000000,8.198609,7.751368,0.007069,15.877925,0.000000,0.000000,16.083344,0.041707,7.846704,7.734541,0.000000,15.616786
689,0,0.000000,16.134727,7.575964,0.018045,23.728627,0.000000,0.000000,23.832762,0.032789,15.781226,4.017345,0.000000,19.386029
690,0,0.000000,8.165895,7.719499,0.007790,15.862564,0.000000,0.000000,16.012703,0.039205,7.840401,7.684121,0.000000,15.558926
691,0,0.000000,16.240303,7.465086,0.012430,23.707359,0.000000,0.000000,23.953961,0.043928,15.916939,7.447196,0.000000,23.405543
692,0,0.000000,12.072940,7.831935,0.011249,19.902680,0.000000,0.000000,23.967385,0.059085,15.738240,7.806078,0.000000,23.572792
693,0,0.000000,8.241601,11.535567,0.002096,19.571324,0.000000,0.000000,27.876058,0.048211,7.768627,19.481146,0.000000,27.280592
694,0,0.000000,12.448387,7.320804,0.014104,19.783295,0.000000,0.000000,36.083917,0.045037,12.538138,11.278428,0.000000,23.554481
695,0,0.000000,11.362550,7.154215,0.011832,14.718456,0.000000,0.000000,39.270838,0.119909,15.294966,7.995847,0.000000,23.340976
696,0,0.000000,14.661052,7.661095,0.002467,22.323579,0.000000,0.000000,22.499173,0.045313,8.180901,0.032479,0.000000,8.254956
697,0,0.000000,16.315480,7.468291,0.003215,16.347213,0.000000,0.000000,23.967024,0.035568,8.336742,7.446627,0.000000,8.377627
698,0,0.000000,8.239877,7.650605,0.006918,15.883811,0.000000,0.000000,16.022261,0.047149,7.383552,7.638195,0.000000,15.068896
699,0,0.000000,16.180597,7.606399,0.005215,23.785748,0.000000,0.000000,23.940774,0.030881,15.622399,3.974631,0.000000,19.617173
700,0,0.000000,8.234591,7.654661,0.003077,15.889326,0.000000,0.000000,16.031963,0.027986,0.259448,0.035098,0.000000,0.293362
701,0,0.000000,16.213004,7.652174,0.006516,23.851359,0.000000,0.000000,23.966356,0.031957,4.194358,3.991930,0.000000,8.218245
702,0,0.000000,16.107032,7.720967,0.005847,23.829050,0.000000,0.000000,23.993338,0.053438,7.960945,3.992921,0.000000,8.027905
703,0,0.000000,8.432578,11.420697,0.011834,19.762539,0.000000,0.000000,23.971315,0.040178,0.344368,7.975671,0.000000,8.343193
704,0,0.000000,8.208292,15.345889,0.015133,23.340747,0.000000,0.000000,31.766374,0.043414,0.305574,15.997937,0.000000,16.292081
705,0,0.000000,12.135826,10.133925,0.016747,18.411614,0.000000,0.000000,27.697651,0.076654,15.319164,10.151018,0.000000,19.147122
706,0,0.000000,12.548368,7.508239,0.011047,20.047486,0.000000,0.000000,20.209681,0.037970,0.270537,0.038755,0.000000,0.343523
707,0,0.000000,16.208064,7.627495,0.012028,16.235308,0.000000,0.000000,24.000203,0.032130,8.189973,7.612266,0.000000,8.242908
708,0,0.000000,8.168102,7.655055,0.002233,15.809360,0.000000,0.000000,15.979936,0.051376,7.588499,7.634369,0.000000,15.273363
709,0,0.000000,16.365326,11.423822,0.017245,27.659665,0.000000,0.000000,27.996925,0.029823,15.678089,4.031121,0.000000,19.722289
710,0,0.000000,11.769236,17.004616,0.023683,21.718665,0.000000,0.000000,47.733693,7.964686,15.866087,8.014597,0.000000,28.953740
711,0,0.000000,14.042804,15.494146,0.023032,29.523925,0.000000,0.000000,35.766720,6.128504,9.206757,0.037448,0.000000,10.325829
712,0,0.000000,15.693932,7.557937,0.033325,23.036461,0.000000,0.000000,24.047824,0.660360,8.220820,7.563654,0.000000,12.037197
713,0,0.000000,8.218310,7.566630,0.008938,15.787352,0.000000,0.000000,15.987891,0.050689,7.556178,7.573028,0.000000,15.179895
714,0,0.000000,16.258235,7.570351,0.018903,23.823464,0.000000,0.000000,23.992929,0.049612,15.568147,7.579821,0.000000,23.197580
715,0,0.000000,8.217647,7.589475,0.011485,15.816388,0.000000,0.000000,15.998566,0.047260,7.740455,7.602136,0.000000,15.383683
716,0,0.000000,16.214631,16.818470,0.014759,32.881337,0.000000,0.000000,39.958541,0.045063,22.538344,16.292144,0.000000,22.591849
717,0,0.000000,16.349972,7.414966,0.007556,23.738026,0.000000,0.000000,31.941485,0.047707,10.181339,7.999833,0.000000,18.214756
718,0,0.000000,12.230586,6.178546,0.007278,18.403301,0.000000,0.000000,32.058112,4.017688,15.699607,6.159217,0.000000,20.979300
719,0,0.000000,13.959450,11.054368,0.014379,25.026333,0.000000,0.000000,37.531164,0.059479,18.462367,8.006857,0.000000,26.498896
720,0,0.000000,18.724989,15.497402,0.024126,25.220454,0.000000,0.000000,37.064933,1.828516,19.147240,15.513166,0.000000,31.852288
721,0,0.000000,12.980570,11.870656,0.012790,20.853812,0.000000,0.000000,36.729572,4.181289,15.928213,11.829286,0.000000,20.791606
722,0,0.000000,18.429622,11.228217,0.009814,29.660446,0.000000,0.000000,42.286713,0.043293,19.257867,11.995038,0.000000,25.273819
723,0,0.000000,14.555434,7.827479,0.007169,18.409096,0.000000,0.000000,36.010245,5.693811,18.397246,7.972559,0.000000,26.369090
724,0,0.000000,15.815441,11.305266,0.015656,27.136363,0.000000,0.000000,40.024908,7.427298,23.367211,11.987768,0.000000,33.298814
725,0,0.000000,16.700017,16.034577,0.020508,28.839540,0.000000,0.000000,44.128990,0.069124,15.979704,15.994276,0.000000,27.533645
726,0,0.000000,16.787082,6.659765,0.013079,19.303496,0.000000,0.000000,28.485095,0.054510,19.490549,6.647941,0.000000,19.573318
727,0,0.000000,8.400956,7.424335,0.006872,15.829951,0.000000,0.000000,16.014026,0.046364,7.763585,7.426964,0.000000,15.235179
728,0,0.000000,16.295989,7.514531,0.009717,23.811926,0.000000,0.000000,23.955062,0.067663,15.644622,4.020215,0.000000,19.723428
729,0,0.000000,12.031899,6.849575,0.015289,18.857679,0.000000,0.000000,32.015018,0.051438,17.001025,0.060721,0.000000,17.102187
730,0,0.000000,16.171088,12.294659,0.014575,21.187429,0.000000,0.000000,31.828063,0.046975,11.384611,0.720707,0.000000,12.089582
731,0,0.000000,8.231920,7.667309,0.009384,15.907117,0.000000,0.000000,16.076759,0.060738,0.231151,0.060728,0.000000,0.336483
732,0,0.000000,19.978347,11.550820,0.012613,27.732942,0.000000,0.000000,40.578834,0.051583,13.683709,6.879658,0.000000,20.611672
733,0,0.000000,16.194531,7.576753,0.008223,23.779507,0.000000,0.000000,24.033328,0.057417,11.824252,7.569248,0.000000,15.891208
734,0,0.000000,18.209623,5.648208,0.005177,23.845792,0.000000,0.000000,23.985042,0.041162,13.883546,4.005128,0.000000,14.215461
735,0,0.000000,24.107782,15.619870,0.013166,39.739190,0.000000,0.000000,39.993013,0.035363,16.152061,12.027822,0.000000,28.211069
736,0,0.000000,16.235688,7.581569,0.015993,23.822938,0.000000,0.000000,24.005946,0.043393,8.230720,4.037606,0.000000,12.306053
737,0,0.000000,23.953501,10.260862,0.011373,25.727747,0.000000,0.000000,39.836671,0.043078,17.971344,12.240006,0.000000,25.980197
738,0,0.000000,24.164175,7.656400,0.009266,31.827241,0.000000,0.000000,32.012435,0.035831,16.476405,3.994204,0.000000,20.489714
739,0,0.000000,8.325782,7.493698,0.008654,15.820626,0.000000,0.000000,15.997048,0.041104,4.062810,4.012697,0.000000,8.112045
740,0,0.000000,16.280827,7.494789,0.009317,23.777220,0.000000,0.000000,23.952674,0.031147,12.070896,3.980443,0.000000,16.079513
741,0,0.000000,8.193777,15.664027,0.009786,23.767796,0.000000,0.000000,23.994356,0.031237,3.913342,11.988006,0.000000,15.930509
742,0,0.000000,12.235935,7.462893,0.011525,19.708004,0.000000,0.000000,24.011688,0.037644,8.381971,3.980001,0.000000,12.397881
743,0,0.000000,8.295247,7.551946,0.002076,15.842129,0.000000,0.000000,15.985500,0.042295,4.043150,3.991842,0.000000,8.073991
744,0,0.000000,16.199731,11.614647,0.023986,27.700001,0.000000,0.000000,27.967514,0.027788,12.087495,4.035621,0.000000,16.149644
745,0,0.000000,12.079168,7.912934,0.034386,16.281809,0.000000,0.000000,24.056185,0.052917,7.878130,7.932367,0.000000,11.882450
746,0,0.000000,8.155966,11.675860,0.009137,19.766393,0.000000,0.000000,19.960465,0.054018,7.608781,7.694995,0.000000,15.353151
747,0,0.000000,13.503817,14.487257,0.021607,20.014298,0.000000,0.000000,44.067944,8.077424,23.458630,14.516937,0.000000,33.009017
748,0,0.000000,22.985093,15.734462,0.009210,38.723016,0.000000,0.000000,39.951866,0.059466,16.097567,15.717223,0.000000,24.173254
749,0,0.000000,8.626328,8.189986,0.002943,16.669218,0.000000,0.000000,16.972919,0.045654,0.494890,0.028835,0.000000,0.563079
750,0,0.000000,15.369343,7.464661,0.003100,22.831997,0.000000,0.000000,22.993724,0.034384,0.294936,0.022754,0.000000,0.349434
751,0,0.000000,16.103891,7.714752,0.010113,21.987166,0.000000,0.000000,23.988178,0.032222,8.116454,1.856234,0.000000,8.165708
752,0,0.000000,8.395951,7.440373,0.013441,15.847518,0.000000,0.000000,16.115570,0.031677,0.211726,0.106330,0.000000,0.326319
753,0,0.000000,16.126412,11.523691,0.004129,27.047531,0.000000,0.000000,31.782396,0.079272,4.004711,11.985679,0.000000,16.041822
754,0,0.000000,8.186023,7.609065,0.003634,15.792187,0.000000,0.000000,15.998251,0.886830,0.226610,0.031343,0.000000,1.095522
755,0,0.000000,16.176603,7.669121,0.002435,23.845063,0.000000,0.000000,23.935524,0.034656,4.189905,3.972945,0.000000,8.196994
756,0,0.000000,8.304889,7.591518,0.002005,15.897580,0.000000,0.000000,16.023968,0.030602,0.228019,0.009484,0.000000,0.260962
757,0,0.000000,16.221468,7.839596,0.008309,24.067240,0.000000,0.000000,31.978655,0.032258,11.827106,3.981799,0.000000,15.841163
758,0,0.000000,16.228890,7.619159,0.018469,23.850425,0.000000,0.000000,24.023782,0.036715,8.223773,4.001078,0.000000,11.978581
759,0,0.000000,16.145368,10.509054,0.010637,22.660719,0.000000,0.000000,31.943186,0.051270,9.260636,11.979051,0.000000,21.290372
760,0,0.000000,12.257871,11.437537,0.017878,23.389859,0.000000,0.000000,47.990902,8.055695,15.816824,8.000250,0.000000,29.620766
761,0,0.000000,12.260617,11.435419,0.010723,19.692816,0.000000,0.000000,32.024640,4.060881,11.084262,7.421540,0.000000,19.109665
762,0,0.000000,12.127176,7.033220,0.008273,15.310542,0.000000,0.000000,32.052268,4.097212,16.725005,7.955603,0.000000,16.823386
763,0,0.000000,8.497317,12.379137,0.021950,20.898404,0.000000,0.000000,43.986076,4.022971,15.526142,12.048238,0.000000,23.618992
764,0,0.000000,13.518461,10.372896,0.006592,19.890708,0.000000,0.000000,35.292314,11.285648,17.168241,3.990187,0.000000,21.247923
765,0,0.000000,16.272343,12.310268,0.017131,24.586083,0.000000,0.000000,28.063242,7.291226,11.922413,3.984421,0.000000,15.503670
766,0,0.000000,8.279910,15.505962,0.013735,23.077577,0.000000,0.000000,23.977987,0.636116,0.326999,0.048177,0.000000,0.889950
767,0,0.000000,12.283360,11.357248,0.019160,19.521096,0.000000,0.000000,45.729562,7.945899,11.304472,17.130403,0.000000,36.203570
768,0,0.000000,12.170777,6.719319,0.021927,16.797017,0.000000,0.000000,32.053503,0.050045,24.373453,6.728366,0.000000,24.439092
769,0,0.000000,20.057100,7.887917,0.014643,24.023989,0.000000,0.000000,31.896020,0.036912,15.863518,3.988609,0.000000,15.910696
770,0,0.000000,12.055942,7.855627,0.014158,19.922846,0.000000,0.000000,23.973535,0.051166,7.818572,4.016902,0.000000,7.880228
771,0,0.000000,16.049171,7.694755,0.015476,23.741604,0.000000,0.000000,23.960353,0.038958,7.979167,4.000783,0.000000,8.034756
772,0,0.000000,8.321071,7.524407,0.005333,15.843890,0.000000,0.000000,15.988152,0.041421,0.269186,0.020580,0.000000,0.327517
773,0,0.000000,16.272675,7.554743,0.022814,23.829845,0.000000,0.000000,23.999031,0.045664,4.226636,3.998788,0.000000,8.256733
774,0,0.000000,12.104726,6.111494,0.014999,18.226358,0.000000,0.000000,23.984178,0.040790,9.628087,6.104874,0.000000,13.989592
775,0,0.000000,8.388616,7.456532,0.004359,15.842639,0.000000,0.000000,16.018282,0.041933,7.857147,7.452621,0.000000,15.351512
776,0,0.000000,16.277693,7.483566,0.016770,23.758082,0.000000,0.000000,23.955351,0.038163,15.752010,3.994284,0.000000,15.809291
777,0,0.000000,8.725634,10.134416,0.015613,18.402861,0.000000,0.000000,23.953822,0.045804,5.297388,8.008894,0.000000,13.346677
778,0,0.000000,8.360634,7.890635,0.009882,16.234244,0.000000,0.000000,35.998786,3.123941,19.617266,3.988272,0.000000,22.758072
779,0,0.000000,8.293122,7.487178,0.008037,15.779177,0.000000,0.000000,15.993668,0.053185,3.950076,3.999954,0.000000,7.996890
780,0,0.000000,16.344880,7.477851,0.011510,23.822968,0.000000,0.000000,23.970749,0.038963,12.068122,3.973881,0.000000,16.079282
781,0,0.000000,12.190511,11.058400,0.014930,19.508406,0.000000,0.000000,42.557794,0.037053,16.619162,12.002965,0.000000,19.937436
782,0,0.000000,16.371515,7.332667,0.011678,23.707164,0.000000,0.000000,24.037343,0.068756,8.489844,4.009774,0.000000,12.398463
783,0,0.000000,24.098919,7.609617,0.016843,31.710498,0.000000,0.000000,31.975603,0.051267,16.276234,7.595253,0.000000,16.334362
784,0,0.000000,8.223522,7.650316,0.008161,15.857627,0.000000,0.000000,16.004882,0.047989,7.791724,7.646149,0.000000,15.484021
785,0,0.000000,15.853859,7.728173,0.010283,23.592315,0.000000,0.000000,23.701267,0.032475,15.220326,7.598482,0.000000,22.851283
786,0,0.000000,8.108788,7.648892,0.002222,15.743846,0.000000,0.000000,15.899693,0.031303,7.748077,7.625302,0.000000,15.396999
787,0,0.000000,16.233644,7.594320,0.011578,23.825520,0.000000,0.000000,23.993792,0.029471,15.751584,7.581514,0.000000,23.360707
788,0,0.000000,12.123676,7.832626,0.008868,16.066422,0.000000,0.000000,31.994784,0.038889,15.846026,7.790745,0.000000,15.918341
789,0,0.000000,16.271960,15.460974,0.005311,31.738245,0.000000,0.000000,31.967440,0.035357,15.932486,7.555318,0.000000,19.989531
790,0,0.000000,16.252700,15.545656,0.002682,31.801038,0.000000,0.000000,31.989377,0.038094,15.859732,3.994729,0.000000,15.902611
791,0,0.000000,16.125628,12.577690,0.012847,20.760632,0.000000,0.000000,35.989356,0.043536,15.649241,12.543155,0.000000,19.765825
792,0,0.000000,16.111426,13.358918,0.011746,21.549002,0.000000,0.000000,40.019548,0.060832,18.376977,12.036721,0.000000,26.201148
793,0,0.000000,16.060744,7.678361,0.007683,23.746773,0.000000,0.000000,23.985488,0.054996,15.576483,7.656758,0.000000,15.647015
794,0,0.000000,24.241743,7.532535,0.007425,31.773828,0.000000,0.000000,31.956535,0.045119,23.942289,3.992678,0.000000,23.989938
795,0,0.000000,16.286327,7.560139,0.005462,23.847571,0.000000,0.000000,23.992081,0.035196,8.211510,3.993993,0.000000,12.203544
796,0,0.000000,12.237984,6.874906,0.008156,17.017661,0.000000,0.000000,35.969500,0.033346,14.395152,7.979192,0.000000,14.630476
797,0,0.000000,14.004877,11.241619,0.012726,21.270790,0.000000,0.000000,46.033120,8.000229,20.207559,11.973045,0.000000,28.235645
798,0,0.000000,13.400160,15.490027,0.007803,28.896899,0.000000,0.000000,29.056722,0.061514,12.929451,8.028489,0.000000,20.474351
799,0,0.000000,8.259898,7.548579,0.009915,15.817141,0.000000,0.000000,16.012503,0.049182,7.869507,7.561375,0.000000,15.468817
800,0,0.000000,16.249221,7.531430,0.002401,23.782834,0.000000,0.000000,23.925905,0.040512,15.762360,7.506428,0.000000,23.308736
801,0,0.000000,12.152791,7.915622,0.007355,20.070422,0.000000,0.000000,35.891809,0.030484,17.969462,7.975313,0.000000,18.013288
802,0,0.000000,12.131376,11.914623,0.009325,20.303610,0.000000,0.000000,45.797001,4.016022,15.730110,17.786306,0.000000,27.600967
803,0,0.000000,23.622693,12.181594,0.012585,24.557316,0.000000,0.000000,36.021798,0.055258,15.588508,12.167138,0.000000,19.609480
804,0,0.000000,16.361333,7.488908,0.009529,19.520780,0.000000,0.000000,23.994130,0.052030,8.396133,7.374229,0.000000,8.469061
805,0,0.000000,12.034731,7.882126,0.005946,16.055890,0.000000,0.000000,23.975750,0.049529,15.153185,7.871155,0.000000,15.219593
806,0,0.000000,8.298629,7.616349,0.005413,15.897854,0.000000,0.000000,16.029741,0.038911,7.944555,7.603845,0.000000,15.587311
807,0,0.000000,16.240640,7.788733,0.005961,24.033752,0.000000,0.000000,31.947078,0.038402,19.603931,3.978279,0.000000,19.654352
808,0,0.000000,8.315541,7.575413,0.009268,15.892085,0.000000,0.000000,16.025904,0.034935,3.990978,4.017759,0.000000,8.031314
809,0,0.000000,16.198870,7.623626,0.013702,23.836198,0.000000,0.000000,23.986735,0.033401,11.688179,4.011778,0.000000,15.711651
810,0,0.000000,8.265393,7.479353,0.004690,15.746686,0.000000,0.000000,15.993156,0.034333,3.969947,3.995255,0.000000,7.992269
811,0,0.000000,16.271368,7.497245,0.002588,23.768707,0.000000,0.000000,23.929741,0.031111,12.016651,3.972705,0.000000,16.016831
812,0,0.000000,16.210381,7.877809,0.014449,16.245625,0.000000,0.000000,35.995334,0.031081,12.039427,7.973736,0.000000,20.042533
813,0,0.000000,12.089755,7.925088,0.010983,20.017332,0.000000,0.000000,24.015498,0.061008,7.851954,3.981903,0.000000,8.479174
814,0,0.000000,24.098723,7.749114,0.007843,24.122923,0.000000,0.000000,39.962405,0.038264,16.125755,7.991566,0.000000,24.131341
815,0,0.000000,12.349040,7.786704,0.021550,20.130225,0.000000,0.000000,32.027216,0.050056,15.951702,4.007226,0.000000,16.042925
816,0,0.000000,8.263363,7.730226,0.012085,15.937379,0.000000,0.000000,16.213005,0.057122,0.311967,0.254501,0.000000,0.619166
817,0,0.000000,16.061028,7.442279,0.010672,23.501908,0.000000,0.000000,23.655073,0.052617,4.385674,3.978045,0.000000,8.413947
818,0,0.000000,8.276844,11.591267,0.010045,19.877393,0.000000,0.000000,28.490727,0.032006,0.199441,12.497294,0.000000,12.558204
819,0,0.000000,24.227973,12.487315,0.009565,28.758031,0.000000,0.000000,40.024089,0.046391,19.284598,7.980138,0.000000,19.357114
820,0,0.000000,22.584583,7.766102,0.006804,26.374490,0.000000,0.000000,35.983553,0.052748,15.966370,4.000729,0.000000,16.040127
821,0,0.000000,8.254671,7.656434,0.004377,15.910655,0.000000,0.000000,16.023631,0.032348,3.738854,4.010049,0.000000,7.773598
822,0,0.000000,24.320907,14.864770,0.015726,31.230574,0.000000,0.000000,43.978098,0.036880,20.947999,12.010857,0.000000,29.012238
823,0,0.000000,8.377534,7.489941,0.006584,15.855564,0.000000,0.000000,15.997672,0.052794,0.363249,0.027984,0.000000,0.443313
824,0,0.000000,16.220225,7.580437,0.011274,23.783617,0.000000,0.000000,23.981999,0.033455,4.257862,4.013192,0.000000,8.300011
825,0,0.000000,15.209058,11.927834,0.014345,27.147444,0.000000,0.000000,31.959905,0.038111,7.932297,11.973496,0.000000,19.901627
826,0,0.000000,14.673238,11.776995,0.009077,22.448336,0.000000,0.000000,38.443302,0.048036,13.737921,12.287344,0.000000,23.882383
827,0,0.000000,14.623590,7.814278,0.009154,22.441374,0.000000,0.000000,38.319746,0.068118,14.082819,8.010862,0.000000,22.123714
828,0,0.000000,7.962103,7.635220,0.006329,15.585729,0.000000,0.000000,15.721931,0.047639,7.356190,7.624670,0.000000,15.016067
829,0,0.000000,16.361064,7.467051,0.006227,23.824052,0.000000,0.000000,23.964954,0.038765,15.959906,0.016350,0.000000,15.994242
830,0,0.000000,8.255277,7.600208,0.002249,15.857734,0.000000,0.000000,16.021403,0.035283,0.239053,0.028564,0.000000,0.288492
831,0,0.000000,16.168675,7.719948,0.012904,23.876406,0.000000,0.000000,23.993984,0.029340,11.647664,4.007274,0.000000,15.684226
832,0,0.000000,16.078613,7.386414,0.006670,23.458808,0.000000,0.000000,23.964769,0.039123,8.319103,3.983111,0.000000,8.372486
833,0,0.000000,8.219063,7.563492,0.002476,15.780114,0.000000,0.000000,15.913613,0.034240,4.037424,4.010870,0.000000,8.079397
834,0,0.000000,16.314294,7.542969,0.018397,23.840783,0.000000,0.000000,24.010851,0.027995,12.047681,4.015314,0.000000,16.087482
835,0,0.000000,16.301714,7.497081,0.019734,23.816076,0.000000,0.000000,31.942543,0.041729,8.271527,7.994325,0.000000,16.283254
836,0,0.000000,8.266437,7.579733,0.003920,15.848579,0.000000,0.000000,16.032788,0.044899,0.174208,0.034415,0.000000,0.234049
837,0,0.000000,16.244375,7.592364,0.018425,23.845089,0.000000,0.000000,23.985592,0.040689,4.049316,4.013557,0.000000,8.103073
838,0,0.000000,16.215922,7.485550,0.016372,23.645721,0.000000,0.000000,23.976539,0.043140,8.302768,3.979191,0.000000,8.370056
839,0,0.000000,16.257559,7.477683,0.020413,23.750942,0.000000,0.000000,23.989991,0.043269,8.336832,4.006815,0.000000,12.233010
840,0,0.000000,16.243580,11.722244,0.011301,24.022752,0.000000,0.000000,35.962574,0.040911,15.916532,7.721748,0.000000,22.359063
841,0,0.000000,16.105489,7.457548,0.016571,23.575439,0.000000,0.000000,24.058478,0.273885,8.285373,4.042777,0.000000,12.407430
842,0,0.000000,16.125467,15.580810,0.019255,31.719422,0.000000,0.000000,31.937653,0.069605,8.182042,4.092634,0.000000,12.342127
843,0,0.000000,16.077966,15.661112,0.023466,31.762544,0.000000,0.000000,32.038720,0.050938,8.079461,4.024015,0.000000,12.141681
844,0,0.000000,8.274346,7.466128,0.004705,15.728018,0.000000,0.000000,15.940892,0.056455,0.264011,0.050915,0.000000,0.357382
845,0,0.000000,16.296921,7.474818,0.011835,23.759496,0.000000,0.000000,27.949537,0.037246,7.955308,7.999418,0.000000,15.446792
846,0,0.000000,8.327060,7.892564,0.012269,16.096083,0.000000,0.000000,31.997716,4.007956,15.608746,4.009599,0.000000,19.447342
847,0,0.000000,8.303319,6.894679,0.008556,15.187059,0.000000,0.000000,16.001279,0.040279,0.834612,0.030304,0.000000,0.886961
848,0,0.000000,16.333703,7.455025,0.016320,23.805048,0.000000,0.000000,23.997986,0.037114,4.219203,4.031458,0.000000,8.278360
849,0,0.000000,7.993127,7.659489,0.006141,15.649349,0.000000,0.000000,15.807799,0.047891,0.240945,0.037175,0.000000,0.320853
850,0,0.000000,16.336698,7.423874,0.002438,23.762280,0.000000,0.000000,23.954981,0.034350,4.204665,4.001457,0.000000,8.232812
851,0,0.000000,8.334607,7.511102,0.007395,15.849495,0.000000,0.000000,16.025271,0.030733,0.302765,0.034195,0.000000,0.365934
852,0,0.000000,16.314754,7.717313,0.015675,24.046106,0.000000,0.000000,31.980145,0.037701,12.071485,4.007871,0.000000,16.094101
853,0,0.000000,8.201607,15.597342,0.003182,23.672249,0.000000,0.000000,23.968241,0.042508,0.179049,8.003819,0.000000,8.223126
854,0,0.000000,8.218462,11.637929,0.002407,19.858798,0.000000,0.000000,20.002453,0.049952,0.142263,0.042904,0.000000,0.225852
855,0,0.000000,8.288495,10.917589,0.012962,19.115213,0.000000,0.000000,44.012763,4.061649,15.963838,8.015826,0.000000,24.013457
856,0,0.000000,18.094934,14.180327,0.014221,31.898940,0.000000,0.000000,47.965723,8.018359,18.568474,17.663273,0.000000,35.740788
857,0,0.000000,16.106149,7.709212,0.011078,23.817004,0.000000,0.000000,27.976018,0.061148,8.131604,7.982171,0.000000,16.122729
858,0,0.000000,8.149442,7.680355,0.006432,15.817302,0.000000,0.000000,16.019958,0.054597,7.715603,7.633966,0.000000,15.398352
859,0,0.000000,16.249301,7.591308,0.010873,23.842516,0.000000,0.000000,23.980551,0.037446,15.790335,3.970192,0.000000,19.797973
860,0,0.000000,8.260052,7.795761,0.008140,15.997500,0.000000,0.000000,16.226661,0.042403,0.243213,0.233662,0.000000,0.501906
861,0,0.000000,15.979079,7.646603,0.012319,23.638001,0.000000,0.000000,23.774658,0.035276,4.045447,3.993326,0.000000,8.063007
862,0,0.000000,8.180428,7.700424,0.010923,15.888525,0.000000,0.000000,16.034914,0.036894,0.188108,0.021255,0.000000,0.227054
863,0,0.000000,16.097081,7.703140,0.008667,23.801969,0.000000,0.000000,23.939907,0.041509,4.152587,3.998849,0.000000,8.167306
864,0,0.000000,8.266300,11.183171,0.004046,19.271509,0.000000,0.000000,19.595957,0.033971,0.273530,0.016278,0.000000,0.322424
865,0,0.000000,12.633197,7.842266,0.009825,20.474129,0.000000,0.000000,28.315591,0.042538,11.869823,3.997837,0.000000,15.887907
866,0,0.000000,8.303539,7.546336,0.004739,15.849511,0.000000,0.000000,16.016225,0.046474,0.287221,0.018453,0.000000,0.349563
867,0,0.000000,20.261806,11.788187,0.012726,32.062719,0.000000,0.000000,40.482668,0.030453,11.984458,11.997751,0.000000,24.011296
868,0,0.000000,8.144357,11.144056,0.002048,18.805477,0.000000,0.000000,19.466257,0.066265,0.581404,0.025546,0.000000,0.671785
869,0,0.000000,8.217560,7.712035,0.010412,15.917538,0.000000,0.000000,16.067713,0.063086,0.218643,0.059600,0.000000,0.315539
870,0,0.000000,16.269857,7.850395,0.010190,24.129595,0.000000,0.000000,35.900602,0.031637,11.814531,7.968314,0.000000,15.836829
871,0,0.000000,12.230807,7.427387,0.015970,19.651366,0.000000,0.000000,24.060776,0.041627,8.217898,4.019407,0.000000,8.291527
872,0,0.000000,8.386685,15.405686,0.004866,23.445299,0.000000,0.000000,23.944195,0.054410,0.408442,0.044694,0.000000,0.468907
873,0,0.000000,8.340493,8.351653,0.011011,16.502048,0.000000,0.000000,24.821605,8.003686,8.271746,8.353445,0.000000,16.380548
874,0,0.000000,15.515615,7.891805,0.013857,23.378948,0.000000,0.000000,31.179640,0.055416,16.719351,4.006770,0.000000,19.170025
875,0,0.000000,16.730043,7.112780,0.010115,23.852938,0.000000,0.000000,23.986816,0.052320,8.698679,3.989743,0.000000,12.669931
876,0,0.000000,16.182584,7.613118,0.016576,23.795899,0.000000,0.000000,23.961280,0.047278,8.207657,3.959615,0.000000,8.260286
877,0,0.000000,16.234109,7.598911,0.003052,23.797772,0.000000,0.000000,24.092432,0.053236,8.181261,4.111062,0.000000,8.225276
878,0,0.000000,8.165011,7.480628,0.010111,15.635151,0.000000,0.000000,15.903810,0.042991,0.327107,0.036954,0.000000,0.378525
879,0,0.000000,16.304174,7.508696,0.011928,23.792116,0.000000,0.000000,23.974453,0.035619,4.003909,3.995621,0.000000,8.031212
880,0,0.000000,16.222209,7.558086,0.010000,23.783182,0.000000,0.000000,23.987566,0.045255,8.127980,0.034680,0.000000,8.194818
881,0,0.000000,16.012961,7.742611,0.012014,23.757931,0.000000,0.000000,23.931463,0.036400,8.096905,3.992910,0.000000,8.167011
882,0,0.000000,16.366447,7.430338,0.011823,23.789888,0.000000,0.000000,23.963399,0.042929,8.449741,3.993635,0.000000,12.156448
883,0,0.000000,16.239409,7.553453,0.012796,23.805658,0.000000,0.000000,23.982611,0.035926,15.871704,0.013980,0.000000,15.907230
884,0,0.000000,8.281062,7.597235,0.002011,15.880308,0.000000,0.000000,15.999852,0.034998,0.254423,0.024614,0.000000,0.297573
885,0,0.000000,16.248288,7.591701,0.012683,23.834909,0.000000,0.000000,23.992059,0.032025,0.266834,0.035045,0.000000,0.330107
886,0,0.000000,8.274499,7.605261,0.005759,15.825012,0.000000,0.000000,16.003335,0.032688,0.262344,0.716784,0.000000,0.782774
887,0,0.000000,20.313529,7.439502,0.018191,27.761797,0.000000,0.000000,31.984652,0.032904,8.419709,3.964194,0.000000,12.101521
888,0,0.000000,8.253571,15.490537,0.017402,23.690441,0.000000,0.000000,23.980677,0.044105,3.861151,4.010856,0.000000,7.913584
889,0,0.000000,8.255298,7.615599,0.008979,15.879876,0.000000,0.000000,16.007746,0.047933,3.863479,4.004428,0.000000,7.910853
890,0,0.000000,16.109843,7.660167,0.008245,23.749615,0.000000,0.000000,23.952710,0.039923,11.703668,3.943318,0.000000,15.686909
891,0,0.000000,8.201491,7.681190,0.008836,15.889166,0.000000,0.000000,16.006287,0.037112,7.655445,7.656208,0.000000,15.340301
892,0,0.000000,16.122339,7.692268,0.012611,23.800798,0.000000,0.000000,23.971810,0.034639,15.713305,4.016147,0.000000,15.774903
893,0,0.000000,8.141846,15.719770,0.009195,23.837148,0.000000,0.000000,23.983510,0.037888,3.905652,12.008740,0.000000,15.952280
894,0,0.000000,8.150115,11.677145,0.010668,19.765956,0.000000,0.000000,20.006267,0.041031,7.643228,7.683682,0.000000,15.359298
895,0,0.000000,8.419658,7.411935,0.009602,15.630530,0.000000,0.000000,48.000136,8.023955,24.094713,11.979860,0.000000,32.088010
896,0,0.000000,15.039899,11.967183,0.008576,22.933776,0.000000,0.000000,34.773227,0.046712,15.854843,7.923538,0.000000,19.745377
897,0,0.000000,20.247655,7.165158,0.008011,27.420824,0.000000,0.000000,47.862070,11.899651,16.257820,11.112606,0.000000,30.998884
898,0,0.000000,20.139771,12.136421,0.002582,24.275063,0.000000,0.000000,36.020127,8.021081,15.695632,12.115393,0.000000,27.648835
899,0,0.000000,8.185672,7.684090,0.014162,15.871446,0.000000,0.000000,16.020817,0.050375,7.503136,7.678861,0.000000,15.223171
900,0,0.000000,16.082148,7.715435,0.006579,23.798769,0.000000,0.000000,23.944272,0.043150,15.533848,7.686050,0.000000,23.262562
901,0,0.000000,8.320048,11.552427,0.015652,19.888127,0.000000,0.000000,23.991419,0.028922,7.974195,15.518780,0.000000,23.519183
902,0,0.000000,19.146478,7.815543,0.032711,22.954708,0.000000,0.000000,31.052755,0.045227,15.992690,4.029087,0.000000,16.054415
903,0,0.000000,8.298927,7.482182,0.009169,15.763308,0.000000,0.000000,15.968439,0.047309,0.321119,0.059965,0.000000,0.417089
904,0,0.000000,16.238188,7.541683,0.018232,23.766155,0.000000,0.000000,23.986275,0.035680,4.091858,4.014203,0.000000,8.141540
905,0,0.000000,8.260041,7.509784,0.007322,15.772142,0.000000,0.000000,15.991494,0.055812,0.259425,0.039778,0.000000,0.346204
906,0,0.000000,16.278987,7.565168,0.017679,23.857632,0.000000,0.000000,23.999298,0.042101,4.070250,4.064847,0.000000,8.176864
907,0,0.000000,16.258011,7.257921,0.010780,23.515518,0.000000,0.000000,23.946854,0.043346,8.536025,4.017116,0.000000,12.275985
908,0,0.000000,8.422131,7.403254,0.007491,15.827168,0.000000,0.000000,15.985533,0.046716,0.386210,0.027960,0.000000,0.447846
909,0,0.000000,16.410071,7.833075,0.011112,24.241124,0.000000,0.000000,31.972861,0.036435,11.873981,4.014137,0.000000,15.921183
910,0,0.000000,8.362472,11.479380,0.009629,19.665267,0.000000,0.000000,20.001279,0.042166,0.228651,0.043311,0.000000,0.292603
911,0,0.000000,11.604897,7.872926,0.018789,19.495986,0.000000,0.000000,27.986774,4.698962,7.847720,3.976878,0.000000,12.352808
912,0,0.000000,8.397317,7.425277,0.008033,15.828891,0.000000,0.000000,19.939479,0.043026,0.329860,7.969607,0.000000,8.165294
913,0,0.000000,8.297096,7.463518,0.016073,15.761046,0.000000,0.000000,15.932173,0.380616,0.358037,0.057566,0.000000,0.795526
914,0,0.000000,16.297867,7.476569,0.013965,23.784156,0.000000,0.000000,23.935873,0.039431,4.074470,3.979815,0.000000,8.090674
915,0,0.000000,8.385759,7.432505,0.009995,15.817729,0.000000,0.000000,16.022833,0.058296,0.304955,0.039288,0.000000,0.383050
916,0,0.000000,16.244507,7.552410,0.013704,23.794463,0.000000,0.000000,23.989577,0.066343,4.152855,4.027669,0.000000,8.133819
917,0,0.000000,8.397332,6.925684,0.010233,15.310564,0.000000,0.000000,15.971630,0.062298,0.812880,0.052117,0.000000,0.877315
918,0,0.000000,16.250427,7.539029,0.022201,23.800781,0.000000,0.000000,23.970288,0.038358,4.153584,4.009225,0.000000,8.193428
919,0,0.000000,12.209550,12.892475,0.020215,21.139624,0.000000,0.000000,35.978648,0.042761,14.789484,3.995940,0.000000,18.826091
920,0,0.000000,12.671674,7.340996,0.020293,20.032963,0.000000,0.000000,36.038271,4.068248,16.381321,7.322626,0.000000,24.135716
921,0,0.000000,16.215124,15.572548,0.007982,31.648839,0.000000,0.000000,31.970879,0.057652,15.867431,8.014341,0.000000,23.626322
922,0,0.000000,19.799364,7.983484,0.016163,24.016662,0.000000,0.000000,32.003089,0.059708,23.295881,7.960512,0.000000,23.352703
923,0,0.000000,16.376959,7.366034,0.010780,23.682873,0.000000,0.000000,24.000317,0.064850,15.745354,4.005515,0.000000,15.861191
924,0,0.000000,16.298157,7.475080,0.008307,23.770797,0.000000,0.000000,23.931610,0.050846,8.362655,3.978531,0.000000,8.417307
925,0,0.000000,8.305939,7.561762,0.007223,15.872141,0.000000,0.000000,16.024437,0.036531,0.307568,0.036999,0.000000,0.378514
926,0,0.000000,24.269668,7.173317,0.013573,27.492578,0.000000,0.000000,43.946048,0.035688,15.640761,7.984266,0.000000,21.491189
927,0,0.000000,16.024195,14.365868,0.013800,22.490776,0.000000,0.000000,47.992050,8.295608,19.374857,12.513326,0.000000,27.881931
928,0,0.000000,16.235000,12.544942,0.021610,28.792535,0.000000,0.000000,40.039427,4.510396,15.530442,12.558120,0.000000,28.233542
929,0,0.000000,16.105650,7.575628,0.008135,23.682554,0.000000,0.000000,23.850067,0.066073,12.134601,7.557145,0.000000,16.160676
930,0,0.000000,8.172401,7.764776,0.010284,15.909769,0.000000,0.000000,16.089774,0.054211,7.676762,0.040026,0.000000,7.759890
931,0,0.000000,16.059657,7.673713,0.006805,23.699885,0.000000,0.000000,23.891197,0.037349,11.876695,3.981621,0.000000,15.874023
932,0,0.000000,16.102644,7.745508,0.012290,23.841443,0.000000,0.000000,24.008481,0.029005,11.691140,5.782561,0.000000,15.706769
933,0,0.000000,8.215547,7.673766,0.007450,15.887736,0.000000,0.000000,16.009282,0.034367,3.887744,0.052094,0.000000,3.972662
934,0,0.000000,16.295229,7.290152,0.007092,23.583574,0.000000,0.000000,23.946714,0.040339,8.569945,3.990380,0.000000,8.615122
935,0,0.000000,8.266477,7.626351,0.010129,15.892050,0.000000,0.000000,16.039103,0.121814,0.260041,7.637631,0.000000,7.922443
936,0,0.000000,16.228045,7.580877,0.006209,23.810411,0.000000,0.000000,23.938413,0.036460,15.902872,7.456194,0.000000,15.942503
937,0,0.000000,8.443427,7.358569,0.012043,15.799357,0.000000,0.000000,16.032695,0.037105,7.846894,7.336485,0.000000,15.220484
938,0,0.000000,16.294692,7.448812,0.014772,23.757196,0.000000,0.000000,23.983077,0.037156,15.871206,4.015900,0.000000,19.923116
939,0,0.000000,8.252323,7.539849,0.007607,15.771463,0.000000,0.000000,16.033603,0.056933,0.316667,0.065023,0.000000,0.415260
940,0,0.000000,24.154431,7.577496,0.011696,31.704649,0.000000,0.000000,31.943517,0.063803,8.247851,7.565135,0.000000,11.837618
941,0,0.000000,16.207079,7.586281,0.008850,23.796035,0.000000,0.000000,23.968254,0.037758,15.885402,6.552812,0.000000,22.469416
942,0,0.000000,16.065965,7.638099,0.010694,23.702392,0.000000,0.000000,23.980970,0.035047,15.570299,3.976558,0.000000,19.579963
943,0,0.000000,16.095745,7.715096,0.013785,23.813397,0.000000,0.000000,24.008932,0.033410,8.049683,3.996896,0.000000,11.849107
944,0,0.000000,8.337853,6.478430,0.013756,14.818521,0.000000,0.000000,16.027833,0.032081,7.220401,3.982004,0.000000,11.233741
945,0,0.000000,16.119174,7.475901,0.007795,23.597266,0.000000,0.000000,23.824956,0.051744,11.996059,3.997428,0.000000,12.063761
946,0,0.000000,8.353130,7.514349,0.009381,15.816944,0.000000,0.000000,16.052528,0.036316,0.335808,0.056500,0.000000,0.394928
947,0,0.000000,16.139579,7.772517,0.011521,23.906695,0.000000,0.000000,31.942647,0.058969,11.869520,3.992299,0.000000,11.924323
948,0,0.000000,8.194932,7.662442,0.007651,15.864637,0.000000,0.000000,16.026218,0.043195,4.002961,4.043789,0.000000,8.080424
949,0,0.000000,20.208581,7.368616,0.019004,27.582164,0.000000,0.000000,31.987210,0.031572,12.319314,7.368260,0.000000,15.760689
950,0,0.000000,12.170485,7.927135,0.038920,20.032418,0.000000,0.000000,31.999142,0.037469,23.523089,4.030133,0.000000,23.566777
951,0,0.000000,16.178269,11.196029,0.011803,19.411664,0.000000,0.000000,39.958901,0.039845,15.932330,8.005512,0.000000,16.007145
952,0,0.000000,24.297765,11.532000,0.004843,35.832584,0.000000,0.000000,35.976690,0.052441,19.886005,3.976776,0.000000,23.890084
953,0,0.000000,20.030959,17.592040,0.017934,29.651134,0.000000,0.000000,48.049826,8.082066,22.092083,17.614256,0.000000,39.902140
954,0,0.000000,16.146823,11.931687,0.011379,24.099452,0.000000,0.000000,39.924438,0.062697,15.865651,11.970141,0.000000,23.933487
955,0,0.000000,16.091398,7.598914,0.016455,23.692851,0.000000,0.000000,24.008161,0.037563,8.258986,3.998105,0.000000,12.273212
956,0,0.000000,16.383223,15.428177,0.015050,31.813588,0.000000,0.000000,32.022709,0.035980,13.890089,12.022054,0.000000,21.897031
957,0,0.000000,16.219226,8.463248,0.009116,20.679242,0.000000,0.000000,39.962417,0.048127,18.994547,12.024549,0.000000,27.954581
958,0,0.000000,15.952638,7.728357,0.007986,23.688867,0.000000,0.000000,36.015651,8.006053,19.805487,7.897360,0.000000,21.809043
959,0,0.000000,16.292737,14.289396,0.018962,18.677637,0.000000,0.000000,47.493711,4.118995,15.170906,13.237021,0.000000,23.819853
960,0,0.000000,20.677199,11.419140,0.013644,20.837987,0.000000,0.000000,32.471335,0.055576,16.096754,7.388468,0.000000,16.167008
961,0,0.000000,15.491080,7.522004,0.006778,22.993548,0.000000,0.000000,24.041086,0.890682,14.915874,7.526632,0.000000,15.850280
962,0,0.000000,16.473865,7.250516,0.016199,16.530326,0.000000,0.000000,23.961227,0.055828,8.522275,7.183709,0.000000,12.444043
963,0,0.000000,12.284841,7.258076,0.005877,19.546754,0.000000,0.000000,31.970561,0.050910,15.886670,4.005002,0.000000,15.962070
964,0,0.000000,16.825545,6.979433,0.014173,23.727811,0.000000,0.000000,24.016261,0.060664,8.839548,4.043987,0.000000,12.942994
965,0,0.000000,16.219829,7.557451,0.004168,23.774294,0.000000,0.000000,23.938500,0.046079,8.267689,3.990585,0.000000,12.247819
966,0,0.000000,8.256748,7.918620,0.015074,16.177923,0.000000,0.000000,31.995134,0.036990,11.592473,8.014207,0.000000,15.912658
967,0,0.000000,8.265451,7.508996,0.015163,15.760971,0.000000,0.000000,16.028911,0.080896,0.302645,0.024902,0.000000,0.392048
968,0,0.000000,16.180476,7.908445,0.008658,24.011101,0.000000,0.000000,31.925686,0.047506,11.833383,3.997348,0.000000,15.634080
969,0,0.000000,8.316971,7.582058,0.008801,15.896051,0.000000,0.000000,16.034282,0.047839,0.269940,0.041017,0.000000,0.338210
970,0,0.000000,16.267949,7.547570,0.003231,23.794005,0.000000,0.000000,31.930627,0.033948,4.269718,11.950288,0.000000,16.248752
971,0,0.000000,8.280039,7.579285,0.010364,15.865598,0.000000,0.000000,16.033791,0.055917,3.813919,4.006957,0.000000,7.876793
972,0,0.000000,16.219306,7.583595,0.014007,23.801335,0.000000,0.000000,23.961075,0.036657,11.974396,3.996619,0.000000,16.001055
973,0,0.000000,8.398130,12.483601,0.019922,20.700166,0.000000,0.000000,36.003502,0.039007,11.388478,12.441297,0.000000,20.121450
974,0,0.000000,8.330938,7.400602,0.007101,15.723510,0.000000,0.000000,16.002651,0.103339,0.271372,0.022140,0.000000,0.353602
975,0,0.000000,16.314492,14.766125,0.017556,31.084378,0.000000,0.000000,31.938605,0.040840,0.354761,8.011466,0.000000,8.392665
976,0,0.000000,8.305221,7.563284,0.005819,15.848086,0.000000,0.000000,16.022366,0.042403,7.886279,7.548332,0.000000,15.476477
977,0,0.000000,16.211986,7.446186,0.015190,23.637425,0.000000,0.000000,23.864199,0.039350,15.847202,0.044023,0.000000,15.912362
978,0,0.000000,16.100827,7.520654,0.008224,23.623325,0.000000,0.000000,27.955116,0.040807,8.078036,8.004870,0.000000,8.356440
979,0,0.000000,16.177222,6.562735,0.014498,20.643916,0.000000,0.000000,32.024230,7.999835,16.224656,5.194933,0.000000,17.126713
980,0,0.000000,16.140649,10.463421,0.015050,22.706613,0.000000,0.000000,42.946348,0.046940,17.283362,10.986838,0.000000,25.075647
981,0,0.000000,13.201873,14.750550,0.007170,23.849867,0.000000,0.000000,36.977961,0.058733,20.260511,8.013668,0.000000,28.332912
982,0,0.000000,20.149095,7.553530,0.003288,27.700822,0.000000,0.000000,39.959566,7.978954,19.604033,7.998251,0.000000,27.650789
983,0,0.000000,20.153424,11.894273,0.012310,20.192452,0.000000,0.000000,36.072016,1.066099,15.948518,11.911886,0.000000,23.977107
984,0,0.000000,23.117703,11.601270,0.006260,34.721450,0.000000,0.000000,38.907654,0.058672,16.189194,8.017274,0.000000,24.249317
985,0,0.000000,12.092370,13.859964,0.010861,22.258664,0.000000,0.000000,45.957032,4.036450,15.726245,7.763117,0.000000,19.776345
986,0,0.000000,16.180127,7.699075,0.007840,23.880902,0.000000,0.000000,24.023314,0.039737,11.877241,3.998629,0.000000,15.904041
987,0,0.000000,8.248953,7.641560,0.008872,15.887369,0.000000,0.000000,16.048604,0.030587,3.955161,4.044965,0.000000,8.029377
988,0,0.000000,16.283044,11.863878,0.014950,27.982551,0.000000,0.000000,43.935297,0.047677,12.067140,15.967177,0.000000,27.924021
989,0,0.000000,11.129430,18.837009,0.006298,22.360965,0.000000,0.000000,43.042406,0.068039,16.955628,15.986844,0.000000,29.021579
990,0,0.000000,8.175289,7.595517,0.007603,15.778409,0.000000,0.000000,16.022022,0.049992,0.248735,0.041775,0.000000,0.336166
991,0,0.000000,16.266990,7.535813,0.003770,23.796635,0.000000,0.000000,23.960884,0.031555,4.261340,3.981761,0.000000,8.249899
992,0,0.000000,16.088919,7.755482,0.005085,23.774546,0.000000,0.000000,23.997015,0.037723,8.035436,3.989654,0.000000,12.014282
993,0,0.000000,8.029491,7.787595,0.010883,15.799300,0.000000,0.000000,15.943866,0.041975,0.091287,0.038174,0.000000,0.171152
994,0,0.000000,16.273441,7.591099,0.014288,23.837468,0.000000,0.000000,23.986234,0.033794,3.684282,0.055935,0.000000,3.725563
995,0,0.000000,12.161922,7.676816,0.032352,15.857824,0.000000,0.000000,23.982696,0.036085,8.137287,4.002696,0.000000,8.209313
996,0,0.000000,16.180269,11.528958,0.014868,23.760986,0.000000,0.000000,27.945633,0.058877,8.202693,3.845676,0.000000,8.312127
997,0,0.000000,19.159387,6.674132,0.018716,25.821608,0.000000,0.000000,36.089408,5.188872,17.135858,4.055561,0.000000,20.167604
998,0,0.000000,16.121458,7.633078,0.012433,23.728108,0.000000,0.000000,23.926172,0.065255,15.249139,7.504506,0.000000,18.942603
999,0,0.000000,16.169191,7.559271,0.011687,23.740149,0.000000,0.000000,23.972844,0.042222,15.747758,3.988932,0.000000,19.209480
1000,0,0.000000,8.312382,7.550770,0.008668,15.865565,0.000000,0.000000,16.032181,0.069639,7.892470,7.546102,0.000000,15.478029
1001,0,0.000000,16.229270,7.521494,0.015008,23.748428,0.000000,0.000000,23.954798,0.076496,15.832190,4.006407,0.000000,15.887600
1002,0,0.000000,12.108024,7.748109,0.011860,16.005467,0.000000,0.000000,23.977602,0.041246,8.024543,3.983887,0.000000,11.947536
1003,0,0.000000,12.162666,7.832523,0.005187,19.995770,0.000000,0.000000,31.983958,0.042260,15.696243,7.759641,0.000000,23.493427
1004,0,0.000000,8.215351,7.647973,0.010468,15.862511,0.000000,0.000000,16.044662,0.038346,7.883025,7.653648,0.000000,15.573265
1005,0,0.000000,16.099778,7.527571,0.008986,23.626163,0.000000,0.000000,27.914206,0.038747,15.821659,7.961809,0.000000,19.822644
1006,0,0.000000,8.079072,7.823912,0.006468,15.898033,0.000000,0.000000,16.030521,0.067515,7.565610,7.724718,0.000000,15.348525
1007,0,0.000000,16.117692,7.657120,0.002193,23.773797,0.000000,0.000000,23.937796,0.051168,15.710999,3.974035,0.000000,15.766575
1008,0,0.000000,12.108821,7.920746,0.008777,20.031861,0.000000,0.000000,24.018489,0.031508,14.714790,4.009023,0.000000,15.725420
1009,0,0.000000,16.108977,11.656882,0.003026,27.743212,0.000000,0.000000,27.939214,0.029023,15.647392,3.980792,0.000000,15.680699
1010,0,0.000000,11.774656,7.894566,0.008164,19.672148,0.000000,0.000000,24.041114,0.601711,11.610025,4.003222,0.000000,16.189634
1011,0,0.000000,18.878421,12.911715,0.004771,23.727252,0.000000,0.000000,31.970464,0.041721,14.425314,12.012294,0.000000,18.877114
1012,0,0.000000,8.228006,7.636291,0.008494,15.858419,0.000000,0.000000,16.022925,0.036271,0.165256,0.048446,0.000000,0.236311
1013,0,0.000000,16.298547,7.505923,0.002562,23.804506,0.000000,0.000000,23.938075,0.040862,4.147608,4.000320,0.000000,8.181478
1014,0,0.000000,8.317935,7.638287,0.002739,15.874129,0.000000,0.000000,16.214761,0.030322,0.192762,0.214430,0.000000,0.312608
1015,0,0.000000,15.957543,7.547042,0.013929,23.480314,0.000000,0.000000,23.671213,0.049260,0.237902,0.043352,0.000000,0.294402
1016,0,0.000000,16.264407,7.526440,0.020268,23.792990,0.000000,0.000000,24.028666,0.035580,8.244571,0.041006,0.000000,8.318828
1017,0,0.000000,12.110922,7.825413,0.016450,16.152118,0.000000,0.000000,31.967280,0.040227,15.789911,7.830308,0.000000,15.856839
1018,0,0.000000,12.059265,11.864651,0.017578,16.115517,0.000000,0.000000,43.951461,0.050178,15.727334,15.970288,0.000000,23.901785
1019,0,0.000000,15.404584,7.655494,0.012384,23.039707,0.000000,0.000000,23.309474,0.052311,14.910320,7.641996,0.000000,22.604627
1020,0,0.000000,24.105174,7.304884,0.024925,31.413136,0.000000,0.000000,31.999490,0.041258,16.490884,7.296112,0.000000,16.565304
1021,0,0.000000,16.394552,6.986802,0.022425,23.380855,0.000000,0.000000,24.015607,0.044437,8.580752,4.033242,0.000000,12.221726
1022,0,0.000000,16.044263,7.631305,0.031331,23.599093,0.000000,0.000000,23.980487,0.065955,8.089553,4.033903,0.000000,8.180988
1023,0,0.000000,8.351274,15.449103,0.015171,23.773067,0.000000,0.000000,23.965805,0.071524,0.241489,8.010014,0.000000,8.253095
1024,0,0.000000,8.586957,7.159633,0.013142,15.733819,0.000000,0.000000,15.983910,0.083228,0.528621,0.033544,0.000000,0.643695
1025,0,0.000000,16.703284,6.995618,0.150468,23.698245,0.000000,0.000000,24.057606,0.043431,4.759456,4.160381,0.000000,8.960429
1026,0,0.000000,8.143070,7.837315,0.013345,15.940449,0.000000,0.000000,16.159025,0.053122,0.237207,0.074990,0.000000,0.330489
1027,0,0.000000,15.925271,7.677727,0.025517,23.517025,0.000000,0.000000,23.746609,0.041972,3.930745,3.952506,0.000000,7.921010
1028,0,0.000000,15.798297,7.688716,0.019016,23.480308,0.000000,0.000000,23.920136,0.247257,8.077727,4.021526,0.000000,12.129614
1029,0,0.000000,16.332988,7.459820,0.019325,23.800927,0.000000,0.000000,23.995786,0.040531,8.281239,4.027449,0.000000,12.094731
1030,0,0.000000,16.098561,7.315895,0.010451,23.417074,0.000000,0.000000,23.961380,0.081786,8.229780,3.993930,0.000000,11.908411
1031,0,0.000000,10.112854,5.678262,0.012234,15.799231,0.000000,0.000000,15.988110,0.041017,2.134846,0.043603,0.000000,2.206311
1032,0,0.000000,16.324202,7.453592,0.016270,23.769626,0.000000,0.000000,23.951892,0.060796,3.802652,4.013113,0.000000,7.849387
1033,0,0.000000,16.206002,12.658223,0.020748,24.139860,0.000000,0.000000,47.936375,0.034037,19.844102,15.886244,0.000000,35.764383
1034,0,0.000000,19.312709,6.916312,0.026184,26.232436,0.000000,0.000000,31.994657,0.931099,15.664057,3.989297,0.000000,15.742855
1035,0,0.000000,16.388038,11.336041,0.020161,27.730552,0.000000,0.000000,31.961616,0.041201,8.128452,11.334225,0.000000,16.147714
1036,0,0.000000,12.102006,7.278433,0.014238,15.507302,0.000000,0.000000,32.005782,0.096417,20.119093,7.209606,0.000000,24.152502
1037,0,0.000000,16.318243,15.303833,0.013654,31.635730,0.000000,0.000000,39.952177,0.059534,12.249103,19.362835,0.000000,28.279783
1038,0,0.000000,20.198242,5.843883,0.009167,21.962530,0.000000,0.000000,32.043213,0.067537,17.960017,5.817912,0.000000,18.070531
1039,0,0.000000,18.190102,5.583070,0.007811,23.776694,0.000000,0.000000,23.964629,0.057982,17.564040,4.007171,0.000000,21.618433
1040,0,0.000000,8.264484,7.557553,0.010968,15.827095,0.000000,0.000000,16.012791,0.056142,3.904409,4.002207,0.000000,7.958445
1041,0,0.000000,15.906199,7.554226,0.008122,23.458090,0.000000,0.000000,23.599408,0.035540,11.791774,4.005792,0.000000,15.823642
1042,0,0.000000,8.326110,7.463233,0.011449,15.779299,0.000000,0.000000,16.030919,0.039178,3.811300,4.037680,0.000000,7.885083
1043,0,0.000000,16.259993,7.533348,0.009800,23.797256,0.000000,0.000000,23.942038,0.038359,11.765559,3.995826,0.000000,15.796261
1044,0,0.000000,8.268227,7.555697,0.011593,15.823221,0.000000,0.000000,16.031728,0.039126,3.526917,4.029146,0.000000,7.592933
1045,0,0.000000,20.102160,13.118204,0.016975,29.345637,0.000000,0.000000,41.074739,0.038557,19.697108,12.027117,0.000000,24.876400
1046,1,0.000000,7.422794,7.217031,0.008977,14.630271,0.000000,0.000000,14.899620,0.050891,4.300479,4.028548,0.000000,8.377662
1047,1,0.000000,24.327985,7.401772,0.013753,31.728220,0.000000,0.000000,31.954704,0.038652,11.917054,4.011793,0.000000,11.964858
1048,1,0.000000,16.022413,11.697679,0.019529,27.723394,0.000000,0.000000,27.910134,0.073772,11.652115,7.718428,0.000000,15.640729
1049,1,0.000000,8.319275,13.024887,0.020478,21.330960,0.000000,0.000000,42.765953,4.044906,14.748867,13.007791,0.000000,25.537962
1050,1,0.000000,14.367825,6.684686,0.013653,21.059679,0.000000,0.000000,21.261010,0.048782,12.780148,0.046296,0.000000,12.848641
1051,1,0.000000,16.375125,7.434113,0.011362,23.780420,0.000000,0.000000,23.980636,0.056453,8.430172,0.044297,0.000000,8.521077
1052,1,0.000000,16.295171,13.234284,0.018896,24.160557,0.000000,0.000000,38.057719,0.060095,15.877624,6.124599,0.000000,19.916386
1053,1,0.000000,22.530335,7.790301,0.011512,25.465773,0.000000,0.000000,32.071199,0.055889,22.224446,7.716600,0.000000,22.281412
1054,1,0.000000,16.070518,7.676474,0.023158,23.741045,0.000000,0.000000,24.000920,0.050644,8.107471,4.060194,0.000000,12.076422
1055,1,0.000000,8.213272,7.612648,0.008130,15.804033,0.000000,0.000000,15.989739,0.061685,7.304043,7.592181,0.000000,14.957909
1056,1,0.000000,20.362992,12.175254,0.013338,28.498436,0.000000,0.000000,39.964124,0.044358,23.450072,8.010885,0.000000,23.527323
