iteration,food_quantity,event_poll_ms,ants_advance_ms,evaporation_ms,update_ms,advance_total_ms,render_ms,blit_ms,iteration_total_ms,mpi_halo_exchange_ms,mpi_migration_ms,mpi_food_allreduce_ms,mpi_render_comm_ms,mpi_total_comm_ms
1,0,0.000000,0.871597,0.046969,0.001136,0.917163,0.000000,0.000000,1.155296,0.031243,0.380408,0.011816,0.000000,0.413397
2,0,0.000000,0.663900,0.157326,0.000927,0.722185,0.000000,0.000000,1.015936,0.017708,0.440121,0.021968,0.000000,0.459830
3,0,0.000000,0.688019,0.037607,0.000878,0.713812,0.000000,0.000000,0.903538,0.017006,0.486609,0.042865,0.000000,0.538881
4,0,0.000000,0.592947,0.038367,0.001132,0.620849,0.000000,0.000000,0.845502,0.017550,0.353479,0.022302,0.000000,0.382440
5,0,0.000000,0.601728,0.040536,0.000884,0.643148,0.000000,0.000000,0.749508,0.016958,0.334176,0.019423,0.000000,0.367197
6,0,0.000000,0.679054,0.065647,0.000874,0.745496,0.000000,0.000000,0.794427,0.013600,0.448788,0.019207,0.000000,0.480754
7,0,0.000000,0.487144,0.080453,0.001124,0.541808,0.000000,0.000000,0.610598,0.016989,0.248739,0.045231,0.000000,0.309961
8,0,0.000000,0.572198,0.034948,0.001001,0.606619,0.000000,0.000000,0.761136,0.014690,0.365822,0.012246,0.000000,0.388660
9,0,0.000000,0.572549,0.038402,0.000957,0.610358,0.000000,0.000000,0.656801,0.015363,0.279896,0.013658,0.000000,0.306930
10,0,0.000000,0.689532,0.043389,0.001080,0.731393,0.000000,0.000000,0.795961,0.013284,0.412245,0.012552,0.000000,0.426593
11,0,0.000000,0.633995,0.049033,0.000936,0.675903,0.000000,0.000000,0.725055,0.015095,0.367035,0.028978,0.000000,0.408406
12,0,0.000000,0.645747,0.046131,0.000971,0.691531,0.000000,0.000000,0.746635,0.013036,0.414588,0.031668,0.000000,0.457780
13,0,0.000000,0.657885,0.043623,0.001247,0.702163,0.000000,0.000000,0.837386,0.013880,0.373850,0.036098,0.000000,0.419473
14,0,0.000000,0.665614,0.045307,0.001335,0.712211,0.000000,0.000000,0.784913,0.017679,0.370362,0.010441,0.000000,0.389334
15,0,0.000000,0.785127,0.041701,0.001183,0.821903,0.000000,0.000000,0.891033,0.015745,0.494442,0.015074,0.000000,0.511703
16,0,0.000000,0.521052,0.043675,0.000905,0.559455,0.000000,0.000000,0.607403,0.016054,0.225687,0.019552,0.000000,0.255667
17,0,0.000000,0.556607,0.045514,0.000937,0.579122,0.000000,0.000000,0.681102,0.013887,0.292124,0.023147,0.000000,0.308780
18,0,0.000000,0.547223,0.038865,0.000802,0.584708,0.000000,0.000000,0.645925,0.016041,0.290709,0.011117,0.000000,0.307802
19,0,0.000000,0.548561,0.033245,0.000863,0.581448,0.000000,0.000000,0.674876,0.014544,0.308037,0.013188,0.000000,0.323022
20,0,0.000000,0.515563,0.033664,0.001065,0.547564,0.000000,0.000000,0.655816,0.013439,0.255710,0.035533,0.000000,0.292582
21,0,0.000000,0.535475,0.044440,0.001009,0.579799,0.000000,0.000000,0.680321,0.016499,0.363172,0.024932,0.000000,0.402792
22,0,0.000000,0.506376,0.045804,0.000889,0.553069,0.000000,0.000000,0.597822,0.014051,0.299178,0.027327,0.000000,0.336903
23,0,0.000000,0.521322,0.033260,0.000860,0.550150,0.000000,0.000000,0.638931,0.014159,0.311408,0.052930,0.000000,0.362654
24,0,0.000000,0.530581,0.046626,0.001183,0.577633,0.000000,0.000000,0.623821,0.015600,0.291604,0.018998,0.000000,0.321252
25,0,0.000000,0.544331,0.042118,0.000840,0.577532,0.000000,0.000000,0.626682,0.015688,0.319039,0.020132,0.000000,0.350970
26,0,0.000000,0.530162,0.042650,0.001045,0.573857,0.000000,0.000000,0.615765,0.013896,0.305756,0.024463,0.000000,0.342469
27,0,0.000000,0.503391,0.042684,0.000885,0.546960,0.000000,0.000000,0.596833,0.016128,0.292628,0.022184,0.000000,0.326489
28,0,0.000000,0.522299,0.047414,0.001201,0.569697,0.000000,0.000000,0.606122,0.013731,0.288109,0.027043,0.000000,0.322624
29,0,0.000000,0.509113,0.048791,0.001099,0.555948,0.000000,0.000000,0.608657,0.013397,0.299661,0.025953,0.000000,0.336081
30,0,0.000000,0.557912,0.064567,0.000958,0.612611,0.000000,0.000000,0.672840,0.014725,0.345347,0.032949,0.000000,0.387125
31,0,0.000000,0.535394,0.041688,0.000818,0.567892,0.000000,0.000000,0.618698,0.017718,0.308056,0.021418,0.000000,0.343192
32,0,0.000000,0.538661,0.058157,0.000989,0.577983,0.000000,0.000000,0.636617,0.013359,0.265440,0.041996,0.000000,0.317739
33,0,0.000000,0.502188,0.035712,0.000855,0.538641,0.000000,0.000000,0.597713,0.015641,0.276591,0.041372,0.000000,0.330327
34,0,0.000000,0.500017,0.040397,0.000884,0.541020,0.000000,0.000000,0.612077,0.013858,0.309611,0.028669,0.000000,0.348413
35,0,0.000000,0.515101,0.044910,0.001000,0.560427,0.000000,0.000000,0.610052,0.013577,0.297743,0.025846,0.000000,0.333649
36,0,0.000000,0.481398,0.034382,0.001007,0.510744,0.000000,0.000000,0.570647,0.014478,0.260810,0.041061,0.000000,0.312936
37,0,0.000000,0.536376,0.044349,0.000888,0.581345,0.000000,0.000000,0.621750,0.013576,0.268820,0.021366,0.000000,0.299837
38,0,0.000000,0.595791,0.043335,0.000964,0.634352,0.000000,0.000000,1.079861,0.016290,0.754707,0.010223,0.000000,0.774662
39,0,0.000000,0.642865,0.042368,0.000777,0.672049,0.000000,0.000000,0.748070,0.025825,0.285126,0.015372,0.000000,0.320242
40,0,0.000000,0.810050,0.043355,0.000978,0.843472,0.000000,0.000000,0.932535,0.039689,0.481775,0.017349,0.000000,0.538295
41,0,0.000000,0.490300,0.053925,0.000877,0.532232,0.000000,0.000000,0.603610,0.016898,0.260837,0.033811,0.000000,0.310891
42,0,0.000000,0.555838,0.041026,0.000886,0.591574,0.000000,0.000000,0.688223,0.013462,0.211399,0.009306,0.000000,0.226709
43,0,0.000000,0.565382,0.040880,0.001083,0.597982,0.000000,0.000000,0.647596,0.016288,0.207178,0.011244,0.000000,0.230742
44,0,0.000000,0.523713,0.040661,0.001040,0.559200,0.000000,0.000000,0.651932,0.016348,0.184012,0.043195,0.000000,0.224476
45,0,0.000000,0.598778,0.054810,0.000905,0.635321,0.000000,0.000000,0.693883,0.013322,0.258638,0.020704,0.000000,0.276244
46,0,0.000000,0.561915,0.045231,0.000989,0.601018,0.000000,0.000000,0.668583,0.026463,0.233516,0.011324,0.000000,0.250089
47,0,0.000000,0.508915,0.042656,0.000920,0.545628,0.000000,0.000000,0.600607,0.014504,0.188498,0.008173,0.000000,0.204317
48,0,0.000000,0.986050,0.040683,0.001009,1.022061,0.000000,0.000000,1.086493,0.012266,0.658896,0.007724,0.000000,0.672697
49,0,0.000000,0.519721,0.055205,0.000967,0.560672,0.000000,0.000000,0.624067,0.019203,0.167923,0.009714,0.000000,0.189861
50,0,0.000000,0.528678,0.054993,0.000949,0.565754,0.000000,0.000000,0.639465,0.014517,0.196838,0.022078,0.000000,0.214041
51,0,0.000000,0.563257,0.044902,0.000948,0.603260,0.000000,0.000000,0.657063,0.018120,0.245914,0.010325,0.000000,0.261192
52,0,0.000000,0.525379,0.044678,0.000906,0.564991,0.000000,0.000000,0.608923,0.013781,0.195749,0.007821,0.000000,0.210759
53,0,0.000000,0.507812,0.055335,0.000872,0.545329,0.000000,0.000000,0.645306,0.012796,0.213629,0.026733,0.000000,0.229130
54,0,0.000000,0.553847,0.035191,0.000995,0.589769,0.000000,0.000000,0.667110,0.030898,0.261505,0.013199,0.000000,0.299986
55,0,0.000000,0.522517,0.035408,0.000905,0.558260,0.000000,0.000000,0.593152,0.015750,0.305784,0.015461,0.000000,0.333070
56,0,0.000000,0.461113,0.040510,0.000858,0.496638,0.000000,0.000000,0.538358,0.011384,0.216770,0.023253,0.000000,0.228897
57,0,0.000000,0.488459,0.038074,0.000883,0.520641,0.000000,0.000000,0.563735,0.015829,0.146034,0.022387,0.000000,0.181933
58,0,0.000000,0.485990,0.041330,0.000833,0.520583,0.000000,0.000000,0.570807,0.014676,0.170114,0.023633,0.000000,0.198580
59,0,0.000000,0.475892,0.041892,0.000912,0.512011,0.000000,0.000000,0.557784,0.013254,0.170150,0.022100,0.000000,0.194837
60,0,0.000000,0.478388,0.045386,0.000752,0.516861,0.000000,0.000000,0.575153,0.013502,0.150678,0.020470,0.000000,0.174568
61,0,0.000000,1.173045,0.037145,0.000915,1.209112,0.000000,0.000000,1.275683,0.014340,0.853404,0.008731,0.000000,0.866512
62,0,0.000000,0.471344,0.034723,0.000812,0.504434,0.000000,0.000000,0.573187,0.021850,0.198354,0.030330,0.000000,0.231539
63,0,0.000000,0.481508,0.035605,0.000855,0.516346,0.000000,0.000000,0.555223,0.014515,0.275416,0.015390,0.000000,0.304634
64,0,0.000000,0.460580,0.037849,0.000765,0.495720,0.000000,0.000000,0.526530,0.010776,0.265669,0.015863,0.000000,0.288557
65,0,0.000000,0.487431,0.037750,0.000788,0.524260,0.000000,0.000000,0.557917,0.010003,0.299588,0.019069,0.000000,0.321461
66,0,0.000000,0.509408,0.037340,0.000729,0.544351,0.000000,0.000000,0.610738,0.011545,0.273293,0.019852,0.000000,0.285155
67,0,0.000000,0.485344,0.035646,0.000790,0.519663,0.000000,0.000000,0.562310,0.015844,0.190832,0.016247,0.000000,0.222523
68,0,0.000000,0.472901,0.039060,0.000944,0.511336,0.000000,0.000000,0.544837,0.015927,0.276004,0.015767,0.000000,0.301534
69,0,0.000000,0.505919,0.038743,0.000786,0.544302,0.000000,0.000000,0.596327,0.012489,0.308406,0.017915,0.000000,0.332845
70,0,0.000000,0.470649,0.037228,0.000768,0.508567,0.000000,0.000000,0.550481,0.012879,0.254623,0.028791,0.000000,0.293480
71,0,0.000000,0.471104,0.040010,0.000785,0.510808,0.000000,0.000000,0.561965,0.025698,0.298607,0.020293,0.000000,0.324861
72,0,0.000000,0.466257,0.036929,0.000888,0.501184,0.000000,0.000000,0.541028,0.010600,0.283294,0.022375,0.000000,0.309753
73,0,0.000000,0.505926,0.043787,0.000806,0.545526,0.000000,0.000000,0.592355,0.009379,0.312525,0.022428,0.000000,0.334320
74,0,0.000000,0.483346,0.039720,0.000948,0.522792,0.000000,0.000000,0.562087,0.011804,0.287656,0.011707,0.000000,0.309528
75,0,0.000000,0.485276,0.036604,0.000938,0.520952,0.000000,0.000000,0.571565,0.021483,0.289295,0.015541,0.000000,0.313556
76,0,0.000000,0.466137,0.039507,0.000759,0.505662,0.000000,0.000000,0.537245,0.015901,0.254402,0.016545,0.000000,0.280646
77,0,0.000000,0.469734,0.039846,0.000759,0.507384,0.000000,0.000000,0.554649,0.010206,0.269489,0.028239,0.000000,0.293628
78,0,0.000000,0.477240,0.041075,0.000892,0.517522,0.000000,0.000000,0.547794,0.009692,0.247991,0.021051,0.000000,0.267064
79,0,0.000000,0.462887,0.043765,0.000804,0.502460,0.000000,0.000000,0.535563,0.010183,0.257689,0.022454,0.000000,0.280976
80,0,0.000000,0.505104,0.041756,0.000804,0.544787,0.000000,0.000000,0.578814,0.008892,0.282666,0.019519,0.000000,0.301524
81,0,0.000000,0.473127,0.040816,0.000744,0.512289,0.000000,0.000000,0.552520,0.014019,0.221033,0.011064,0.000000,0.245224
82,0,0.000000,0.466314,0.036440,0.000841,0.502456,0.000000,0.000000,0.544713,0.014381,0.262378,0.018894,0.000000,0.277429
83,0,0.000000,0.484422,0.040990,0.000890,0.526221,0.000000,0.000000,0.556617,0.015398,0.275790,0.020839,0.000000,0.304516
84,0,0.000000,0.549473,0.043970,0.000806,0.591267,0.000000,0.000000,0.629098,0.011214,0.333635,0.024167,0.000000,0.361814
85,0,0.000000,0.474674,0.036676,0.000875,0.510562,0.000000,0.000000,0.543453,0.011595,0.274312,0.016821,0.000000,0.299777
86,0,0.000000,0.453364,0.039272,0.000826,0.490493,0.000000,0.000000,0.529462,0.010558,0.247753,0.016756,0.000000,0.270532
87,0,0.000000,0.549041,0.052862,0.000901,0.602804,0.000000,0.000000,0.639955,0.010034,0.182177,0.012749,0.000000,0.203770
88,0,0.000000,0.519215,0.037825,0.000981,0.557934,0.000000,0.000000,0.599916,0.017821,0.324760,0.009313,0.000000,0.351290
89,0,0.000000,0.570778,0.037568,0.000953,0.607727,0.000000,0.000000,0.656448,0.015676,0.355967,0.010676,0.000000,0.372035
90,0,0.000000,0.513128,0.039679,0.000855,0.550459,0.000000,0.000000,0.602591,0.016776,0.255268,0.017874,0.000000,0.284108
91,0,0.000000,0.395119,0.042628,0.000823,0.419244,0.000000,0.000000,0.476512,0.013727,0.122599,0.022540,0.000000,0.151370
92,0,0.000000,0.400229,0.041600,0.000715,0.442388,0.000000,0.000000,0.489695,0.015688,0.132988,0.019933,0.000000,0.163420
93,0,0.000000,0.402019,0.039772,0.000843,0.442380,0.000000,0.000000,0.503193,0.014419,0.135716,0.022556,0.000000,0.166911
94,0,0.000000,0.425516,0.041745,0.000769,0.467940,0.000000,0.000000,0.504202,0.013058,0.096975,0.019772,0.000000,0.123818
95,0,0.000000,0.409429,0.034294,0.000739,0.435820,0.000000,0.000000,0.512252,0.014717,0.140682,0.022675,0.000000,0.161567
96,0,0.000000,0.601950,0.041341,0.001131,0.642547,0.000000,0.000000,0.692036,0.014920,0.336994,0.006800,0.000000,0.358714
97,0,0.000000,0.586187,0.039641,0.001013,0.626457,0.000000,0.000000,0.666790,0.016820,0.405505,0.007242,0.000000,0.428495
98,0,0.000000,0.607344,0.043953,0.001030,0.650455,0.000000,0.000000,0.685420,0.014099,0.414725,0.009692,0.000000,0.437003
99,0,0.000000,0.589090,0.044012,0.000953,0.631101,0.000000,0.000000,0.668141,0.012932,0.406315,0.012619,0.000000,0.430946
100,0,0.000000,0.629576,0.046759,0.001037,0.675749,0.000000,0.000000,0.712514,0.013323,0.453315,0.009089,0.000000,0.474551
101,0,0.000000,0.627830,0.061994,0.001028,0.672889,0.000000,0.000000,0.772928,0.013546,0.488887,0.009044,0.000000,0.507045
102,0,0.000000,0.619857,0.059925,0.000924,0.663772,0.000000,0.000000,0.728250,0.014458,0.440694,0.038691,0.000000,0.492933
103,0,0.000000,0.648219,0.046374,0.001094,0.694142,0.000000,0.000000,0.738605,0.024643,0.465795,0.008109,0.000000,0.496693
104,0,0.000000,0.655460,0.045025,0.001135,0.700941,0.000000,0.000000,0.747869,0.014350,0.475592,0.018317,0.000000,0.507380
105,0,0.000000,0.652459,0.048208,0.001129,0.699400,0.000000,0.000000,0.780818,0.015754,0.439044,0.006990,0.000000,0.460428
106,0,0.000000,0.665105,0.044657,0.001120,0.710753,0.000000,0.000000,0.751425,0.020648,0.476716,0.008415,0.000000,0.495257
107,0,0.000000,0.639885,0.051028,0.001053,0.688612,0.000000,0.000000,0.752191,0.042367,0.444555,0.017195,0.000000,0.500730
108,0,0.000000,0.645875,0.048089,0.001045,0.693253,0.000000,0.000000,0.729254,0.014758,0.460455,0.014951,0.000000,0.488798
109,0,0.000000,0.739632,0.036960,0.001038,0.774176,0.000000,0.000000,0.958714,0.012622,0.578519,0.011458,0.000000,0.601516
110,0,0.000000,0.509899,0.046804,0.001131,0.553479,0.000000,0.000000,0.595516,0.016977,0.255528,0.014774,0.000000,0.286657
111,0,0.000000,0.541275,0.039746,0.001018,0.578171,0.000000,0.000000,0.623348,0.011945,0.278055,0.018071,0.000000,0.302329
112,0,0.000000,0.503244,0.039491,0.001026,0.537773,0.000000,0.000000,0.593982,0.014739,0.274432,0.015805,0.000000,0.304976
113,0,0.000000,0.518785,0.038991,0.001063,0.553403,0.000000,0.000000,0.607642,0.019119,0.281699,0.011105,0.000000,0.311628
114,0,0.000000,0.573412,0.040336,0.001105,0.596820,0.000000,0.000000,0.665480,0.018871,0.306909,0.020698,0.000000,0.341215
115,0,0.000000,0.490467,0.034615,0.000829,0.525793,0.000000,0.000000,0.571172,0.016429,0.271353,0.014873,0.000000,0.296734
116,0,0.000000,0.457791,0.034816,0.000855,0.493314,0.000000,0.000000,0.551065,0.016088,0.255193,0.011525,0.000000,0.275279
117,0,0.000000,0.662630,0.037231,0.000996,0.700739,0.000000,0.000000,0.748169,0.016489,0.401112,0.012462,0.000000,0.419642
118,0,0.000000,0.455458,0.033804,0.001056,0.483532,0.000000,0.000000,0.589407,0.019050,0.173281,0.023861,0.000000,0.195020
119,0,0.000000,0.525931,0.035747,0.000918,0.554817,0.000000,0.000000,0.693410,0.018097,0.256295,0.053311,0.000000,0.274978
120,0,0.000000,0.557577,0.035332,0.000922,0.583474,0.000000,0.000000,0.649841,0.019208,0.221372,0.013072,0.000000,0.243086
121,0,0.000000,0.600405,0.036902,0.000965,0.638140,0.000000,0.000000,0.757900,0.100569,0.265751,0.005851,0.000000,0.348652
122,0,0.000000,0.524549,0.050466,0.000853,0.559864,0.000000,0.000000,0.623314,0.014373,0.178347,0.025624,0.000000,0.218344
123,0,0.000000,0.597473,0.046489,0.000811,0.631702,0.000000,0.000000,0.715633,0.024896,0.251533,0.020938,0.000000,0.281621
124,0,0.000000,0.685119,0.056521,0.011175,0.733148,0.000000,0.000000,0.808715,0.019878,0.411135,0.028835,0.000000,0.442705
125,0,0.000000,0.522673,0.042401,0.001027,0.564626,0.000000,0.000000,0.844381,0.018747,0.394662,0.010932,0.000000,0.414571
126,0,0.000000,0.515290,0.039771,0.001035,0.547235,0.000000,0.000000,0.682243,0.045111,0.174510,0.009676,0.000000,0.218148
127,0,0.000000,0.550067,0.038783,0.000795,0.584247,0.000000,0.000000,0.691164,0.060256,0.254219,0.017289,0.000000,0.281100
128,0,0.000000,0.497392,0.031908,0.000879,0.525856,0.000000,0.000000,0.741022,0.100402,0.191899,0.006739,0.000000,0.250344
129,0,0.000000,0.514415,0.033790,0.000841,0.545809,0.000000,0.000000,0.662089,0.019127,0.264204,0.007851,0.000000,0.284678
130,0,0.000000,0.433014,0.066568,0.002204,0.457850,0.000000,0.000000,0.571189,0.018438,0.188439,0.062062,0.000000,0.257704
131,0,0.000000,0.457634,0.035440,0.000940,0.490272,0.000000,0.000000,0.739735,0.052343,0.302046,0.006549,0.000000,0.316458
132,0,0.000000,0.558936,0.057620,0.001145,0.611369,0.000000,0.000000,1.068014,0.021761,0.439558,0.031703,0.000000,0.460896
133,0,0.000000,0.609498,0.076058,0.001443,0.639082,0.000000,0.000000,0.777789,0.039227,0.307197,0.055557,0.000000,0.374972
134,0,0.000000,0.495751,0.035684,0.000870,0.524040,0.000000,0.000000,0.748897,0.018454,0.254467,0.010833,0.000000,0.276948
135,0,0.000000,0.503696,0.034886,0.000946,0.532234,0.000000,0.000000,0.672118,0.020957,0.247316,0.013052,0.000000,0.281325
136,0,0.000000,1.380574,0.062675,0.002020,1.430773,0.000000,0.000000,1.533689,0.015112,1.159091,0.047034,0.000000,1.219387
137,0,0.000000,1.429744,0.045948,0.001237,1.465812,0.000000,0.000000,1.544414,0.045903,1.227605,0.027577,0.000000,1.257082
138,0,0.000000,0.540215,0.020204,0.000654,0.560095,0.000000,0.000000,0.623526,0.017398,0.340669,0.003903,0.000000,0.360298
139,0,0.000000,0.449779,0.048139,0.001149,0.499067,0.000000,0.000000,0.548362,0.012881,0.275329,0.033215,0.000000,0.283814
140,0,0.000000,0.641027,0.023660,0.000698,0.665385,0.000000,0.000000,0.715875,0.022531,0.469117,0.006759,0.000000,0.480437
141,0,0.000000,0.512909,0.030916,0.000585,0.544410,0.000000,0.000000,0.571637,0.007606,0.321339,0.011426,0.000000,0.329553
142,0,0.000000,0.513576,0.020968,0.000702,0.535013,0.000000,0.000000,0.607024,0.009860,0.338554,0.029237,0.000000,0.353994
143,0,0.000000,0.550014,0.034897,0.000642,0.585553,0.000000,0.000000,0.616155,0.012870,0.364506,0.015152,0.000000,0.373835
144,0,0.000000,0.515705,0.028966,0.000652,0.533596,0.000000,0.000000,0.579537,0.008529,0.332370,0.003046,0.000000,0.341345
145,0,0.000000,0.397188,0.021380,0.000588,0.419156,0.000000,0.000000,0.442022,0.011302,0.185864,0.005017,0.000000,0.196407
146,0,0.000000,0.409547,0.021005,0.000619,0.431171,0.000000,0.000000,0.454000,0.008243,0.207162,0.003807,0.000000,0.217189
147,0,0.000000,0.447443,0.027520,0.000654,0.475617,0.000000,0.000000,0.506598,0.007354,0.245746,0.006708,0.000000,0.254415
148,0,0.000000,0.455418,0.027235,0.000663,0.483316,0.000000,0.000000,0.511893,0.008672,0.246405,0.004992,0.000000,0.256670
149,0,0.000000,0.412664,0.024311,0.000631,0.437606,0.000000,0.000000,0.462488,0.008910,0.201200,0.005887,0.000000,0.210605
150,0,0.000000,0.438607,0.025425,0.000735,0.464767,0.000000,0.000000,0.492440,0.008651,0.232887,0.003452,0.000000,0.242633
151,0,0.000000,0.456890,0.023740,0.000780,0.481410,0.000000,0.000000,0.505052,0.007681,0.241520,0.005460,0.000000,0.250174
152,0,0.000000,0.481109,0.123574,0.000907,0.506655,0.000000,0.000000,0.679560,0.007856,0.265899,0.146734,0.000000,0.412604
153,0,0.000000,0.663167,0.036460,0.000914,0.690059,0.000000,0.000000,0.754657,0.023752,0.348456,0.015512,0.000000,0.382069
154,0,0.000000,0.495797,0.038589,0.000904,0.531377,0.000000,0.000000,0.588640,0.017637,0.194643,0.014329,0.000000,0.214685
155,0,0.000000,0.544214,0.036553,0.000882,0.564794,0.000000,0.000000,0.622900,0.013503,0.220879,0.016872,0.000000,0.247518
156,0,0.000000,0.439903,0.022215,0.000669,0.462787,0.000000,0.000000,0.487879,0.015409,0.234535,0.005477,0.000000,0.253739
157,0,0.000000,0.465739,0.025505,0.000621,0.491865,0.000000,0.000000,0.521087,0.012631,0.266390,0.006259,0.000000,0.280143
158,0,0.000000,0.428463,0.022797,0.000747,0.452007,0.000000,0.000000,0.477066,0.008948,0.229792,0.001850,0.000000,0.240256
159,0,0.000000,0.489090,0.027698,0.000812,0.517600,0.000000,0.000000,0.557757,0.008137,0.280261,0.005001,0.000000,0.291508
160,0,0.000000,0.523009,0.025436,0.000728,0.549173,0.000000,0.000000,0.583931,0.013416,0.325598,0.004203,0.000000,0.342577
161,0,0.000000,0.517745,0.025712,0.000718,0.544175,0.000000,0.000000,0.585372,0.020475,0.323082,0.004294,0.000000,0.335588
162,0,0.000000,0.506541,0.027227,0.000733,0.534501,0.000000,0.000000,0.575654,0.017466,0.316720,0.004074,0.000000,0.328278
163,0,0.000000,0.422912,0.021611,0.000692,0.445215,0.000000,0.000000,0.488386,0.010907,0.221823,0.004757,0.000000,0.233700
164,0,0.000000,0.523745,0.043430,0.000970,0.568145,0.000000,0.000000,0.647900,0.007285,0.370475,0.028747,0.000000,0.406265
165,0,0.000000,0.758840,0.032173,0.000755,0.776832,0.000000,0.000000,0.857392,0.021792,0.573052,0.014974,0.000000,0.597254
166,0,0.000000,0.423850,0.024660,0.000656,0.449166,0.000000,0.000000,0.482008,0.012881,0.230442,0.004632,0.000000,0.246771
167,0,0.000000,0.413612,0.022942,0.000655,0.437128,0.000000,0.000000,0.464647,0.007518,0.224955,0.005850,0.000000,0.236926
168,0,0.000000,0.409056,0.024491,0.000631,0.433639,0.000000,0.000000,0.456854,0.008178,0.218656,0.003110,0.000000,0.229728
169,0,0.000000,0.411950,0.040015,0.000795,0.448645,0.000000,0.000000,0.475466,0.007052,0.206848,0.026062,0.000000,0.237934
170,0,0.000000,0.784564,0.037104,0.000855,0.822523,0.000000,0.000000,0.868534,0.008283,0.602495,0.021835,0.000000,0.632101
171,0,0.000000,0.556461,0.042548,0.000722,0.599731,0.000000,0.000000,0.639105,0.021411,0.361145,0.023739,0.000000,0.401328
172,0,0.000000,0.560495,0.036896,0.001095,0.598486,0.000000,0.000000,0.645023,0.009382,0.362403,0.023441,0.000000,0.393256
173,0,0.000000,0.554900,0.035607,0.000774,0.591281,0.000000,0.000000,0.625511,0.022500,0.359445,0.020927,0.000000,0.394650
174,0,0.000000,0.541677,0.058674,0.000724,0.601075,0.000000,0.000000,0.633559,0.010184,0.354034,0.039608,0.000000,0.402032
175,0,0.000000,0.558053,0.046004,0.001443,0.603919,0.000000,0.000000,0.658502,0.009329,0.377093,0.030790,0.000000,0.415527
176,0,0.000000,0.551517,0.089126,0.001393,0.638466,0.000000,0.000000,0.896621,0.025964,0.365558,0.272027,0.000000,0.554016
177,0,0.000000,0.629169,0.033927,0.000997,0.662212,0.000000,0.000000,0.715430,0.015592,0.420459,0.015144,0.000000,0.447606
178,0,0.000000,0.533426,0.049352,0.001102,0.583880,0.000000,0.000000,0.641355,0.017574,0.280718,0.031420,0.000000,0.325584
179,0,0.000000,0.453235,0.035678,0.000884,0.486945,0.000000,0.000000,0.561080,0.045356,0.222370,0.018904,0.000000,0.272889
180,0,0.000000,0.537373,0.034375,0.001134,0.572882,0.000000,0.000000,0.663884,0.014757,0.341769,0.021262,0.000000,0.367902
181,0,0.000000,0.623494,0.082109,0.000976,0.706579,0.000000,0.000000,0.772101,0.021850,0.415192,0.059746,0.000000,0.484988
182,0,0.000000,0.627649,0.078886,0.001385,0.707920,0.000000,0.000000,0.759115,0.015015,0.422333,0.064609,0.000000,0.489596
183,0,0.000000,0.605969,0.071215,0.001435,0.678619,0.000000,0.000000,0.770962,0.014708,0.396247,0.060873,0.000000,0.460662
184,0,0.000000,0.628485,0.041213,0.000947,0.670645,0.000000,0.000000,0.719060,0.017086,0.419526,0.024664,0.000000,0.451458
185,0,0.000000,0.676577,0.051544,0.001269,0.729390,0.000000,0.000000,0.798521,0.016185,0.456698,0.035182,0.000000,0.503789
186,0,0.000000,0.781283,0.083847,0.001393,0.840117,0.000000,0.000000,0.966804,0.027825,0.596075,0.068699,0.000000,0.685325
187,0,0.000000,0.869008,0.048173,0.000960,0.911346,0.000000,0.000000,1.018812,0.018874,0.695339,0.029306,0.000000,0.738551
188,0,0.000000,0.782879,0.049393,0.000785,0.822615,0.000000,0.000000,0.884520,0.018997,0.563566,0.031811,0.000000,0.605588
189,0,0.000000,0.770508,0.064931,0.001889,0.796004,0.000000,0.000000,0.997912,0.017990,0.565246,0.044298,0.000000,0.610624
190,0,0.000000,0.805070,0.072993,0.000955,0.845045,0.000000,0.000000,0.938428,0.025571,0.560366,0.056133,0.000000,0.624786
191,0,0.000000,0.754956,0.128257,0.001115,0.884328,0.000000,0.000000,1.011402,0.021335,0.596674,0.106892,0.000000,0.720845
192,0,0.000000,0.738795,0.063054,0.000933,0.797416,0.000000,0.000000,0.877352,0.042403,0.548638,0.044568,0.000000,0.608647
193,0,0.000000,0.752440,0.087747,0.000969,0.834512,0.000000,0.000000,0.883918,0.018255,0.525834,0.067742,0.000000,0.606810
194,0,0.000000,0.776403,0.045282,0.001044,0.816139,0.000000,0.000000,0.889504,0.012487,0.560941,0.032699,0.000000,0.578124
195,0,0.000000,0.751610,0.051165,0.001558,0.802938,0.000000,0.000000,0.873674,0.019781,0.548177,0.032651,0.000000,0.583666
196,0,0.000000,0.902452,0.055098,0.001597,0.959147,0.000000,0.000000,1.003688,0.020521,0.669373,0.038500,0.000000,0.719711
197,0,0.000000,0.794790,0.031045,0.000910,0.826745,0.000000,0.000000,0.867949,0.014669,0.610969,0.017692,0.000000,0.639847
198,0,0.000000,0.816565,0.049283,0.000944,0.866792,0.000000,0.000000,0.919369,0.014746,0.638053,0.033297,0.000000,0.682862
199,0,0.000000,0.713735,0.084697,0.000772,0.799204,0.000000,0.000000,0.836312,0.013623,0.518184,0.062821,0.000000,0.592140
200,0,0.000000,0.691175,0.071956,0.000793,0.763924,0.000000,0.000000,0.797717,0.010838,0.493886,0.048758,0.000000,0.548540
201,0,0.000000,0.686722,0.043768,0.000792,0.731282,0.000000,0.000000,0.778403,0.012385,0.488356,0.035144,0.000000,0.524786
202,0,0.000000,0.753521,0.075368,0.001019,0.829908,0.000000,0.000000,0.912569,0.052619,0.567393,0.057002,0.000000,0.667884
203,0,0.000000,0.751466,0.064972,0.000826,0.817264,0.000000,0.000000,0.861568,0.014510,0.556027,0.044063,0.000000,0.609650
204,0,0.000000,0.722284,0.062011,0.000826,0.785121,0.000000,0.000000,0.818000,0.010968,0.519027,0.040687,0.000000,0.567636
205,0,0.000000,0.763248,0.071253,0.000972,0.835473,0.000000,0.000000,0.888583,0.013814,0.561740,0.048162,0.000000,0.622262
206,0,0.000000,0.754532,0.054983,0.000947,0.810462,0.000000,0.000000,0.850745,0.013470,0.542687,0.032784,0.000000,0.586825
207,0,0.000000,0.773988,0.076930,0.000824,0.851742,0.000000,0.000000,0.902137,0.011320,0.567599,0.059872,0.000000,0.637972
208,0,0.000000,0.721908,0.082886,0.000875,0.805669,0.000000,0.000000,0.841239,0.012995,0.511349,0.058336,0.000000,0.579930
209,0,0.000000,0.760029,0.057019,0.000932,0.817980,0.000000,0.000000,0.858940,0.009773,0.554907,0.036687,0.000000,0.584191
210,0,0.000000,0.702586,0.057852,0.001007,0.761445,0.000000,0.000000,0.803461,0.012805,0.502232,0.036472,0.000000,0.548546
211,0,0.000000,0.763737,0.085539,0.001020,0.850296,0.000000,0.000000,0.890800,0.015379,0.555568,0.064668,0.000000,0.630084
212,0,0.000000,0.752543,0.164342,0.000891,0.917776,0.000000,0.000000,0.951265,0.013493,0.542496,0.142366,0.000000,0.693134
213,0,0.000000,0.747278,0.065283,0.000875,0.813404,0.000000,0.000000,0.865548,0.010632,0.539433,0.048245,0.000000,0.577226
214,0,0.000000,0.797641,0.075267,0.000828,0.873736,0.000000,0.000000,0.958181,0.021678,0.599403,0.069455,0.000000,0.660662
215,0,0.000000,0.743719,0.031774,0.000865,0.776358,0.000000,0.000000,0.840725,0.019922,0.589700,0.016486,0.000000,0.617531
216,0,0.000000,0.772509,0.069730,0.000948,0.843187,0.000000,0.000000,0.881666,0.010374,0.591474,0.048499,0.000000,0.649581
217,0,0.000000,0.730240,0.067570,0.001600,0.777695,0.000000,0.000000,0.856123,0.013230,0.561578,0.039288,0.000000,0.604541
218,0,0.000000,0.795664,0.050560,0.001530,0.846781,0.000000,0.000000,0.959926,0.044761,0.500081,0.033791,0.000000,0.566971
219,0,0.000000,0.770016,0.055110,0.001448,0.823331,0.000000,0.000000,0.867112,0.015851,0.536347,0.036470,0.000000,0.583439
220,0,0.000000,0.796488,0.069678,0.001651,0.863744,0.000000,0.000000,0.908289,0.018286,0.557600,0.048673,0.000000,0.611132
221,0,0.000000,0.768050,0.073875,0.000878,0.842803,0.000000,0.000000,0.894732,0.014375,0.535745,0.056683,0.000000,0.598787
222,0,0.000000,0.781810,0.065545,0.001575,0.845728,0.000000,0.000000,0.889160,0.018285,0.550704,0.045673,0.000000,0.602258
223,0,0.000000,0.774952,0.068873,0.001607,0.839808,0.000000,0.000000,0.896677,0.013833,0.547004,0.044358,0.000000,0.597976
224,0,0.000000,0.802810,0.037050,0.000964,0.840824,0.000000,0.000000,0.881889,0.016812,0.562525,0.020023,0.000000,0.595852
225,0,0.000000,0.762584,0.037189,0.000823,0.800596,0.000000,0.000000,0.835880,0.017868,0.538482,0.018712,0.000000,0.572419
226,0,0.000000,0.765486,0.028038,0.000855,0.794379,0.000000,0.000000,0.858371,0.010988,0.571911,0.012553,0.000000,0.594443
227,0,0.000000,0.746976,0.032451,0.000926,0.780353,0.000000,0.000000,0.859109,0.016793,0.570533,0.017220,0.000000,0.601391
228,0,0.000000,0.742258,0.035799,0.001002,0.779059,0.000000,0.000000,0.822115,0.013346,0.564296,0.021644,0.000000,0.598213
229,0,0.000000,0.795758,0.041031,0.000918,0.837707,0.000000,0.000000,0.894559,0.013480,0.641935,0.023751,0.000000,0.677748
230,0,0.000000,0.799317,0.038252,0.001065,0.838634,0.000000,0.000000,0.907101,0.014061,0.639610,0.018849,0.000000,0.671151
231,0,0.000000,0.742999,0.042603,0.000874,0.786476,0.000000,0.000000,0.855530,0.016978,0.582645,0.022933,0.000000,0.622145
232,0,0.000000,0.718402,0.040092,0.000815,0.759309,0.000000,0.000000,0.799514,0.013271,0.542522,0.021815,0.000000,0.576362
233,0,0.000000,0.709141,0.037726,0.000816,0.747683,0.000000,0.000000,0.785789,0.009546,0.516701,0.020552,0.000000,0.546455
234,0,0.000000,0.766326,0.042811,0.000972,0.810109,0.000000,0.000000,0.849671,0.012348,0.582279,0.026713,0.000000,0.620308
235,0,0.000000,0.777750,0.058016,0.000716,0.836482,0.000000,0.000000,0.879071,0.013625,0.608506,0.042611,0.000000,0.661767
236,0,0.000000,0.748984,0.048876,0.000890,0.798750,0.000000,0.000000,0.837287,0.013499,0.572843,0.028417,0.000000,0.613377
237,0,0.000000,0.756055,0.029588,0.000861,0.786504,0.000000,0.000000,0.841212,0.030165,0.571706,0.013523,0.000000,0.614072
238,0,0.000000,0.772796,0.035544,0.000933,0.809273,0.000000,0.000000,0.848311,0.009917,0.598329,0.020026,0.000000,0.627437
239,0,0.000000,0.774152,0.065701,0.000881,0.840734,0.000000,0.000000,0.881572,0.013345,0.600033,0.041979,0.000000,0.651173
240,0,0.000000,0.762062,0.038250,0.000886,0.801198,0.000000,0.000000,0.844333,0.013186,0.584964,0.020557,0.000000,0.617446
241,0,0.000000,0.869726,0.035511,0.000971,0.906208,0.000000,0.000000,0.957458,0.012510,0.688615,0.017660,0.000000,0.717885
242,0,0.000000,0.789646,0.045447,0.001046,0.836139,0.000000,0.000000,0.877160,0.013472,0.611633,0.029156,0.000000,0.652887
243,0,0.000000,0.771387,0.051800,0.000819,0.824006,0.000000,0.000000,0.866096,0.015390,0.599655,0.033834,0.000000,0.646848
244,0,0.000000,0.798263,0.046148,0.000874,0.845285,0.000000,0.000000,0.883752,0.010796,0.605953,0.027184,0.000000,0.642702
245,0,0.000000,0.720728,0.043172,0.000814,0.764714,0.000000,0.000000,0.806382,0.013931,0.541417,0.028418,0.000000,0.580970
246,0,0.000000,0.777396,0.051415,0.000889,0.829700,0.000000,0.000000,0.864962,0.009803,0.581826,0.029275,0.000000,0.613681
247,0,0.000000,0.766256,0.054525,0.000876,0.821657,0.000000,0.000000,0.864643,0.013554,0.590387,0.034075,0.000000,0.636313
248,0,0.000000,0.757450,0.043393,0.001001,0.799523,0.000000,0.000000,0.878164,0.013405,0.597664,0.020451,0.000000,0.628087
249,0,0.000000,0.909507,0.039037,0.001039,0.947912,0.000000,0.000000,1.003685,0.024176,0.701695,0.025280,0.000000,0.739556
250,0,0.000000,0.934344,0.035400,0.000974,0.968699,0.000000,0.000000,1.011072,0.014627,0.721479,0.018025,0.000000,0.751136
251,0,0.000000,0.835150,0.036210,0.000952,0.870958,0.000000,0.000000,0.912946,0.016068,0.650959,0.022044,0.000000,0.688553
252,0,0.000000,0.874957,0.045155,0.001233,0.921345,0.000000,0.000000,0.973625,0.013928,0.702774,0.022589,0.000000,0.733744
253,0,0.000000,0.886904,0.049830,0.000950,0.926791,0.000000,0.000000,0.994909,0.015148,0.702132,0.033888,0.000000,0.716857
254,0,0.000000,0.858481,0.043867,0.000945,0.897578,0.000000,0.000000,0.942472,0.013890,0.656178,0.025107,0.000000,0.691084
255,0,0.000000,0.809153,0.035115,0.000892,0.845160,0.000000,0.000000,0.885861,0.013585,0.608177,0.020708,0.000000,0.635861
256,0,0.000000,0.870023,0.045590,0.000926,0.916539,0.000000,0.000000,0.953123,0.014775,0.661186,0.024121,0.000000,0.695358
257,0,0.000000,0.811294,0.057032,0.000881,0.863686,0.000000,0.000000,0.910982,0.013899,0.607306,0.037716,0.000000,0.654377
258,0,0.000000,0.823510,0.045361,0.000965,0.864087,0.000000,0.000000,0.912004,0.012797,0.626508,0.026204,0.000000,0.662664
259,0,0.000000,0.826185,0.057447,0.000891,0.873009,0.000000,0.000000,0.933759,0.023378,0.609906,0.037219,0.000000,0.667897
260,0,0.000000,0.864815,0.038382,0.000954,0.898458,0.000000,0.000000,0.945146,0.014297,0.661985,0.020953,0.000000,0.694728
261,0,0.000000,0.880628,0.043886,0.001122,0.925636,0.000000,0.000000,0.965272,0.013657,0.676874,0.025219,0.000000,0.712304
262,0,0.000000,0.968308,0.041844,0.000944,1.008494,0.000000,0.000000,1.055622,0.013870,0.760189,0.023239,0.000000,0.794904
263,0,0.000000,0.945494,0.052341,0.001231,0.992162,0.000000,0.000000,1.149355,0.019639,0.810150,0.028949,0.000000,0.843571
264,0,0.000000,0.971417,0.069573,0.001006,1.015787,0.000000,0.000000,1.095313,0.023106,0.731007,0.048787,0.000000,0.785527
265,0,0.000000,0.947448,0.041369,0.001099,0.985372,0.000000,0.000000,1.039032,0.017563,0.719952,0.024489,0.000000,0.758061
266,0,0.000000,0.867886,0.052114,0.002772,0.918315,0.000000,0.000000,0.971656,0.014703,0.646844,0.038261,0.000000,0.695697
267,0,0.000000,0.863691,0.041754,0.001169,0.906614,0.000000,0.000000,0.948167,0.015482,0.643636,0.023001,0.000000,0.676585
268,0,0.000000,0.925679,0.038381,0.000976,0.963095,0.000000,0.000000,1.011637,0.014373,0.700268,0.022429,0.000000,0.732201
269,0,0.000000,0.905835,0.065427,0.001054,0.964462,0.000000,0.000000,1.033216,0.024977,0.707764,0.046940,0.000000,0.772270
270,0,0.000000,0.844354,0.064489,0.000973,0.909786,0.000000,0.000000,0.987728,0.029042,0.680347,0.057194,0.000000,0.744107
271,0,0.000000,0.906757,0.038752,0.001395,0.946904,0.000000,0.000000,1.021445,0.014079,0.723040,0.019586,0.000000,0.751682
272,0,0.000000,0.871548,0.037213,0.000932,0.908460,0.000000,0.000000,0.958668,0.020653,0.687897,0.020787,0.000000,0.719291
273,0,0.000000,0.895800,0.044708,0.001086,0.941594,0.000000,0.000000,0.991030,0.014085,0.705631,0.022647,0.000000,0.737602
274,0,0.000000,0.902381,0.046977,0.001059,0.950417,0.000000,0.000000,1.007173,0.013550,0.713666,0.027473,0.000000,0.749491
275,0,0.000000,0.903307,0.043299,0.000899,0.947505,0.000000,0.000000,1.157390,0.014529,0.747340,0.016300,0.000000,0.762809
276,0,0.000000,0.886524,0.038942,0.000950,0.926416,0.000000,0.000000,0.978198,0.022241,0.684678,0.003111,0.000000,0.708095
277,0,0.000000,1.061734,0.038135,0.000948,1.091945,0.000000,0.000000,1.270108,0.017592,0.945949,0.009801,0.000000,0.956296
278,0,0.000000,0.615183,0.043144,0.001006,0.641579,0.000000,0.000000,0.719097,0.024112,0.271229,0.020287,0.000000,0.299019
279,0,0.000000,0.710543,0.100143,0.004021,0.750139,0.000000,0.000000,0.939787,0.019816,0.473382,0.020620,0.000000,0.506109
280,0,0.000000,0.874946,0.046948,0.001378,0.923272,0.000000,0.000000,0.980445,0.022281,0.624751,0.026744,0.000000,0.670991
281,0,0.000000,0.802181,0.050846,0.001099,0.850832,0.000000,0.000000,0.893560,0.016806,0.549015,0.029807,0.000000,0.591818
282,0,0.000000,0.818698,0.067969,0.001478,0.885586,0.000000,0.000000,1.061669,0.014456,0.611105,0.164180,0.000000,0.745886
283,0,0.000000,0.784756,0.044572,0.001398,0.829529,0.000000,0.000000,0.879341,0.014592,0.593255,0.025696,0.000000,0.604313
284,0,0.000000,0.809644,0.052689,0.001232,0.862579,0.000000,0.000000,0.899483,0.012997,0.602215,0.030927,0.000000,0.620006
285,0,0.000000,0.823475,0.034770,0.000864,0.858039,0.000000,0.000000,0.902508,0.014045,0.639335,0.014960,0.000000,0.650447
286,0,0.000000,0.810080,0.047889,0.000838,0.844620,0.000000,0.000000,0.913937,0.017733,0.558522,0.032100,0.000000,0.599515
287,0,0.000000,0.885918,0.040578,0.001008,0.927504,0.000000,0.000000,0.989560,0.018435,0.568724,0.016155,0.000000,0.586511
288,0,0.000000,0.955193,0.041630,0.000962,0.997785,0.000000,0.000000,1.092837,0.064306,0.700599,0.005666,0.000000,0.723332
289,0,0.000000,0.899782,0.052869,0.000949,0.953600,0.000000,0.000000,1.005294,0.027054,0.695480,0.002309,0.000000,0.723601
290,0,0.000000,0.892825,0.042029,0.000992,0.935846,0.000000,0.000000,1.012361,0.012207,0.726144,0.004589,0.000000,0.738724
291,0,0.000000,0.853117,0.042662,0.001026,0.891437,0.000000,0.000000,0.940402,0.017668,0.664009,0.005934,0.000000,0.685212
292,0,0.000000,1.123632,0.061233,0.002007,1.186025,0.000000,0.000000,1.261815,0.019127,0.957697,0.017660,0.000000,0.992710
293,0,0.000000,0.920942,0.061065,0.001730,0.978419,0.000000,0.000000,1.042320,0.029794,0.748710,0.015932,0.000000,0.792531
294,0,0.000000,1.026900,0.050761,0.001162,1.076360,0.000000,0.000000,1.124116,0.024599,0.792437,0.003844,0.000000,0.812967
295,0,0.000000,0.804469,0.048482,0.001162,0.847416,0.000000,0.000000,0.935005,0.018446,0.620416,0.003481,0.000000,0.637942
296,0,0.000000,0.807835,0.084573,0.001072,0.885698,0.000000,0.000000,0.932790,0.013962,0.609907,0.003120,0.000000,0.623373
297,0,0.000000,0.779736,0.052110,0.001242,0.829401,0.000000,0.000000,0.879131,0.016789,0.581052,0.007365,0.000000,0.598463
298,0,0.000000,0.822543,0.067001,0.001056,0.888138,0.000000,0.000000,0.935907,0.015935,0.639496,0.002626,0.000000,0.657454
299,0,0.000000,0.776271,0.048320,0.001370,0.822925,0.000000,0.000000,0.866538,0.016239,0.607812,0.002204,0.000000,0.625231
300,0,0.000000,0.814482,0.100903,0.001522,0.900500,0.000000,0.000000,0.958073,0.013501,0.640184,0.018118,0.000000,0.653785
301,0,0.000000,0.796034,0.090253,0.000984,0.880876,0.000000,0.000000,0.934329,0.016619,0.624118,0.019047,0.000000,0.657610
302,0,0.000000,0.783774,0.098538,0.000902,0.858250,0.000000,0.000000,0.930763,0.016613,0.599779,0.008619,0.000000,0.617103
303,0,0.000000,0.783581,0.098006,0.001017,0.876171,0.000000,0.000000,0.969427,0.016433,0.642050,0.002819,0.000000,0.658441
304,0,0.000000,0.821767,0.081867,0.000958,0.887501,0.000000,0.000000,0.956323,0.023743,0.643983,0.002248,0.000000,0.667373
305,0,0.000000,0.863843,0.071838,0.001407,0.932257,0.000000,0.000000,0.977182,0.016102,0.677420,0.008039,0.000000,0.699678
306,0,0.000000,0.802813,0.087480,0.001579,0.872224,0.000000,0.000000,0.968349,0.016502,0.642098,0.021130,0.000000,0.659643
307,0,0.000000,0.789566,0.057117,0.002202,0.847204,0.000000,0.000000,0.938091,0.017781,0.575334,0.007570,0.000000,0.592795
308,0,0.000000,0.927657,0.053468,0.001479,0.982350,0.000000,0.000000,1.035382,0.015314,0.739930,0.011427,0.000000,0.754832
309,0,0.000000,0.891851,0.047289,0.001421,0.937242,0.000000,0.000000,0.988824,0.034142,0.645914,0.006153,0.000000,0.665329
310,0,0.000000,0.887914,0.054075,0.001792,0.938324,0.000000,0.000000,0.986840,0.013386,0.686868,0.024048,0.000000,0.701155
311,0,0.000000,0.910164,0.054653,0.001381,0.965359,0.000000,0.000000,1.010116,0.019550,0.706818,0.002856,0.000000,0.726327
312,0,0.000000,0.619806,0.036041,0.000649,0.656452,0.000000,0.000000,0.717506,0.013968,0.423534,0.022203,0.000000,0.437402
313,0,0.000000,0.575543,0.040583,0.000765,0.616891,0.000000,0.000000,0.694020,0.017334,0.386402,0.003169,0.000000,0.400706
314,0,0.000000,0.599365,0.038406,0.000573,0.638344,0.000000,0.000000,0.673484,0.013103,0.387659,0.003264,0.000000,0.400834
315,0,0.000000,0.562534,0.035950,0.000689,0.599173,0.000000,0.000000,0.642986,0.011048,0.369284,0.002375,0.000000,0.380636
316,0,0.000000,0.590381,0.034038,0.000657,0.625076,0.000000,0.000000,0.669331,0.015917,0.388696,0.002869,0.000000,0.405193
317,0,0.000000,0.518822,0.036276,0.000624,0.555722,0.000000,0.000000,0.589089,0.017159,0.322238,0.001410,0.000000,0.339864
318,0,0.000000,0.583715,0.037883,0.000762,0.622360,0.000000,0.000000,0.661068,0.010601,0.398405,0.001741,0.000000,0.409677
319,0,0.000000,0.541799,0.031163,0.000650,0.573612,0.000000,0.000000,0.611609,0.016709,0.348771,0.001684,0.000000,0.365339
320,0,0.000000,0.563573,0.033575,0.000568,0.597692,0.000000,0.000000,0.629676,0.011609,0.369104,0.002007,0.000000,0.382017
321,0,0.000000,0.567878,0.037143,0.000596,0.605617,0.000000,0.000000,0.644256,0.011708,0.375674,0.002373,0.000000,0.387546
322,0,0.000000,0.528026,0.030650,0.000663,0.559339,0.000000,0.000000,0.594859,0.015224,0.335869,0.002691,0.000000,0.351298
323,0,0.000000,0.592409,0.030369,0.000645,0.619927,0.000000,0.000000,0.664398,0.011787,0.395267,0.015788,0.000000,0.421788
324,0,0.000000,0.622035,0.039242,0.001021,0.662298,0.000000,0.000000,0.734945,0.015320,0.461172,0.001949,0.000000,0.476917
325,0,0.000000,0.554251,0.039681,0.000782,0.594714,0.000000,0.000000,0.646136,0.028465,0.363407,0.002556,0.000000,0.392942
326,0,0.000000,0.559100,0.062759,0.000682,0.622541,0.000000,0.000000,0.798225,0.011379,0.405842,0.004496,0.000000,0.414198
327,0,0.000000,0.580039,0.031756,0.000705,0.612500,0.000000,0.000000,0.669244,0.017364,0.389386,0.002255,0.000000,0.407121
328,0,0.000000,0.693226,0.047565,0.001418,0.742209,0.000000,0.000000,0.809982,0.032973,0.474133,0.030324,0.000000,0.526406
329,0,0.000000,0.725769,0.066336,0.002305,0.753139,0.000000,0.000000,0.874141,0.017923,0.488604,0.051976,0.000000,0.506119
330,0,0.000000,0.775465,0.067802,0.001080,0.803555,0.000000,0.000000,0.931613,0.033390,0.499581,0.050144,0.000000,0.574645
331,0,0.000000,0.637176,0.050668,0.000992,0.688836,0.000000,0.000000,0.751460,0.019576,0.411594,0.036360,0.000000,0.460170
332,0,0.000000,0.553211,0.039144,0.000862,0.593217,0.000000,0.000000,0.634937,0.019781,0.332714,0.024271,0.000000,0.370825
333,0,0.000000,0.582626,0.036602,0.000762,0.619990,0.000000,0.000000,0.665716,0.013470,0.353366,0.022339,0.000000,0.385052
334,0,0.000000,0.520082,0.040566,0.000697,0.561345,0.000000,0.000000,0.612851,0.018001,0.316277,0.023631,0.000000,0.351829
335,0,0.000000,0.489468,0.057311,0.002058,0.547566,0.000000,0.000000,0.608030,0.063733,0.285544,0.043130,0.000000,0.339884
336,0,0.000000,0.721103,0.057496,0.001523,0.780122,0.000000,0.000000,0.828106,0.022996,0.503092,0.042312,0.000000,0.554360
337,0,0.000000,0.844172,0.065386,0.001975,0.910461,0.000000,0.000000,0.964541,0.015738,0.632011,0.049347,0.000000,0.690495
338,0,0.000000,0.794585,0.061693,0.001666,0.856529,0.000000,0.000000,0.918220,0.025276,0.587429,0.044778,0.000000,0.647916
339,0,0.000000,0.744532,0.065020,0.001873,0.806898,0.000000,0.000000,0.858486,0.015498,0.531141,0.051143,0.000000,0.593773
340,0,0.000000,0.728766,0.062237,0.001998,0.789537,0.000000,0.000000,0.836679,0.020739,0.506310,0.047619,0.000000,0.569533
341,0,0.000000,0.740229,0.067580,0.001938,0.808114,0.000000,0.000000,0.849834,0.015828,0.503325,0.051965,0.000000,0.564497
342,0,0.000000,0.721626,0.051772,0.001325,0.774487,0.000000,0.000000,0.823417,0.019078,0.499959,0.036987,0.000000,0.551029
343,0,0.000000,0.761586,0.057585,0.001647,0.819162,0.000000,0.000000,0.863641,0.018295,0.527892,0.041662,0.000000,0.583427
344,0,0.000000,0.598394,0.041852,0.000911,0.619979,0.000000,0.000000,0.691912,0.017846,0.381728,0.027537,0.000000,0.422113
345,0,0.000000,0.538737,0.047831,0.000878,0.587446,0.000000,0.000000,0.648038,0.029898,0.352718,0.033363,0.000000,0.407865
346,0,0.000000,0.555880,0.034697,0.000791,0.590566,0.000000,0.000000,0.636095,0.014582,0.319249,0.018957,0.000000,0.344552
347,0,0.000000,0.439399,0.038671,0.000910,0.478980,0.000000,0.000000,0.517695,0.018619,0.198411,0.017708,0.000000,0.229539
348,0,0.000000,0.407330,0.020960,0.000593,0.427468,0.000000,0.000000,0.463109,0.015426,0.195077,0.001526,0.000000,0.207025
349,0,0.000000,0.426865,0.022924,0.000616,0.450393,0.000000,0.000000,0.481322,0.012867,0.236465,0.003029,0.000000,0.248305
350,0,0.000000,0.396436,0.027064,0.000579,0.421237,0.000000,0.000000,0.447559,0.009151,0.190230,0.006068,0.000000,0.201850
351,0,0.000000,0.405445,0.021212,0.000612,0.427161,0.000000,0.000000,0.517219,0.008779,0.224871,0.002547,0.000000,0.236197
352,0,0.000000,0.393565,0.022871,0.000586,0.415835,0.000000,0.000000,0.476388,0.008644,0.236707,0.004002,0.000000,0.249086
353,0,0.000000,0.387687,0.021228,0.000594,0.409509,0.000000,0.000000,0.433636,0.009087,0.203925,0.003065,0.000000,0.216077
354,0,0.000000,0.396258,0.023036,0.000601,0.417682,0.000000,0.000000,0.449449,0.008162,0.204370,0.002690,0.000000,0.213206
355,0,0.000000,0.404908,0.024211,0.000669,0.429788,0.000000,0.000000,0.456001,0.008253,0.222827,0.003937,0.000000,0.235017
356,0,0.000000,0.768980,0.043124,0.001253,0.813357,0.000000,0.000000,0.855258,0.007155,0.595833,0.024558,0.000000,0.604043
357,0,0.000000,0.448436,0.044682,0.001008,0.469944,0.000000,0.000000,0.553482,0.022276,0.265560,0.030108,0.000000,0.278624
358,0,0.000000,0.506152,0.033751,0.000722,0.540625,0.000000,0.000000,0.646584,0.029140,0.285518,0.062150,0.000000,0.370091
359,0,0.000000,0.679129,0.048069,0.001040,0.714788,0.000000,0.000000,0.797607,0.014896,0.453375,0.031582,0.000000,0.492587
360,0,0.000000,0.625008,0.041126,0.000993,0.667033,0.000000,0.000000,0.740415,0.019473,0.440622,0.024944,0.000000,0.470290
361,0,0.000000,0.786967,0.060030,0.001758,0.847812,0.000000,0.000000,0.902869,0.021704,0.567057,0.043797,0.000000,0.621694
362,0,0.000000,0.750007,0.067555,0.001856,0.815404,0.000000,0.000000,0.860129,0.021227,0.513797,0.050062,0.000000,0.582043
363,0,0.000000,0.768284,0.062668,0.001575,0.832252,0.000000,0.000000,0.884991,0.019265,0.540351,0.047004,0.000000,0.602115
364,0,0.000000,0.748872,0.056563,0.001660,0.806424,0.000000,0.000000,0.857294,0.019838,0.517760,0.040776,0.000000,0.568844
365,0,0.000000,0.766555,0.063367,0.001378,0.831008,0.000000,0.000000,0.885205,0.019089,0.547456,0.044030,0.000000,0.605944
366,0,0.000000,0.665258,0.064730,0.001642,0.728972,0.000000,0.000000,0.778864,0.014868,0.434064,0.044877,0.000000,0.486045
367,0,0.000000,0.688332,0.075782,0.001171,0.745850,0.000000,0.000000,0.808824,0.024996,0.434667,0.059098,0.000000,0.504702
368,0,0.000000,0.654428,0.064984,0.001748,0.718835,0.000000,0.000000,0.763985,0.017294,0.416949,0.048105,0.000000,0.477494
369,0,0.000000,0.714577,0.068368,0.002240,0.784557,0.000000,0.000000,0.857881,0.088664,0.474576,0.051111,0.000000,0.559338
370,0,0.000000,0.727296,0.063017,0.002217,0.791986,0.000000,0.000000,0.849963,0.021412,0.552111,0.048642,0.000000,0.589378
371,0,0.000000,0.732390,0.045390,0.001032,0.778812,0.000000,0.000000,0.897572,0.020682,0.605889,0.028034,0.000000,0.629576
372,0,0.000000,0.811525,0.081497,0.001279,0.853912,0.000000,0.000000,0.968601,0.028961,0.632901,0.063969,0.000000,0.661788
373,0,0.000000,0.791061,0.043771,0.001024,0.835119,0.000000,0.000000,0.883511,0.015290,0.600168,0.026735,0.000000,0.636093
374,0,0.000000,0.750094,0.037501,0.000984,0.788579,0.000000,0.000000,0.834561,0.014909,0.554406,0.022398,0.000000,0.584164
375,0,0.000000,0.725677,0.037635,0.000998,0.763716,0.000000,0.000000,0.815233,0.013896,0.530248,0.022089,0.000000,0.559974
376,0,0.000000,0.791972,0.039181,0.001023,0.832155,0.000000,0.000000,0.887537,0.020045,0.606350,0.023932,0.000000,0.648130
377,0,0.000000,0.714484,0.037695,0.000986,0.753072,0.000000,0.000000,0.802256,0.014881,0.535207,0.028299,0.000000,0.565535
378,0,0.000000,0.704655,0.036907,0.015910,0.742465,0.000000,0.000000,0.817644,0.012126,0.514082,0.049917,0.000000,0.562870
379,0,0.000000,0.707746,0.043838,0.001078,0.752662,0.000000,0.000000,0.794746,0.014218,0.516895,0.027144,0.000000,0.551583
380,0,0.000000,0.732949,0.052718,0.000970,0.786637,0.000000,0.000000,0.832409,0.012570,0.523176,0.033427,0.000000,0.566596
381,0,0.000000,0.731044,0.055528,0.000953,0.787525,0.000000,0.000000,0.829408,0.014709,0.525380,0.036418,0.000000,0.567965
382,0,0.000000,0.717928,0.038126,0.000982,0.756516,0.000000,0.000000,0.802178,0.013770,0.505741,0.023127,0.000000,0.537053
383,0,0.000000,0.755813,0.041627,0.001187,0.798627,0.000000,0.000000,0.870916,0.014452,0.574842,0.025705,0.000000,0.607091
384,0,0.000000,0.724037,0.036834,0.001142,0.760610,0.000000,0.000000,0.821087,0.023175,0.519102,0.021619,0.000000,0.558622
385,0,0.000000,0.790274,0.056676,0.001569,0.848191,0.000000,0.000000,0.938240,0.015170,0.609969,0.039795,0.000000,0.644742
386,0,0.000000,0.734094,0.058819,0.001750,0.760582,0.000000,0.000000,0.859581,0.024100,0.521930,0.042809,0.000000,0.576712
387,0,0.000000,0.809919,0.062483,0.001654,0.869975,0.000000,0.000000,0.925448,0.079165,0.599419,0.045926,0.000000,0.668080
388,0,0.000000,0.802487,0.064651,0.001763,0.865024,0.000000,0.000000,0.911308,0.014928,0.593177,0.048095,0.000000,0.654221
389,0,0.000000,0.821753,0.090495,0.001883,0.905894,0.000000,0.000000,0.954485,0.016316,0.613834,0.072284,0.000000,0.699166
390,0,0.000000,0.832065,0.067024,0.001134,0.897343,0.000000,0.000000,0.957710,0.014452,0.593650,0.051459,0.000000,0.657542
391,0,0.000000,0.907105,0.058250,0.001833,0.947302,0.000000,0.000000,1.016825,0.019081,0.703430,0.042493,0.000000,0.758016
392,0,0.000000,0.905759,0.062598,0.002158,0.948769,0.000000,0.000000,1.017208,0.016692,0.693364,0.046072,0.000000,0.753793
393,0,0.000000,0.957092,0.089057,0.001140,1.001735,0.000000,0.000000,1.097326,0.020378,0.750858,0.075317,0.000000,0.845979
394,0,0.000000,0.916149,0.063805,0.001533,0.961186,0.000000,0.000000,1.022250,0.016501,0.710002,0.045528,0.000000,0.766940
395,0,0.000000,0.933458,0.059641,0.001906,0.973173,0.000000,0.000000,1.043294,0.013971,0.733622,0.044627,0.000000,0.790540
396,0,0.000000,0.892438,0.063622,0.001577,0.936576,0.000000,0.000000,0.999057,0.017532,0.677293,0.045922,0.000000,0.735798
397,0,0.000000,0.912730,0.065501,0.001904,0.958971,0.000000,0.000000,1.025789,0.012902,0.723504,0.049761,0.000000,0.784705
398,0,0.000000,0.894290,0.073070,0.001762,0.935595,0.000000,0.000000,1.010607,0.015675,0.682967,0.057114,0.000000,0.751763
399,0,0.000000,0.935331,0.060488,0.001632,0.977193,0.000000,0.000000,1.074111,0.014437,0.747846,0.068303,0.000000,0.794479
400,0,0.000000,0.894536,0.062754,0.001719,0.936095,0.000000,0.000000,1.011790,0.016315,0.704686,0.045320,0.000000,0.763408
401,0,0.000000,0.942149,0.064210,0.001929,0.985355,0.000000,0.000000,1.049092,0.018495,0.738628,0.049079,0.000000,0.803262
402,0,0.000000,0.924198,0.059651,0.001735,0.963709,0.000000,0.000000,1.032253,0.017356,0.725575,0.043418,0.000000,0.782509
403,0,0.000000,0.913217,0.064692,0.001665,0.956355,0.000000,0.000000,1.025280,0.016266,0.719919,0.049208,0.000000,0.783139
404,0,0.000000,0.907375,0.069864,0.001802,0.958387,0.000000,0.000000,1.019763,0.015338,0.708954,0.052310,0.000000,0.774349
405,0,0.000000,0.919836,0.070147,0.001637,0.971164,0.000000,0.000000,1.037029,0.014171,0.724663,0.051669,0.000000,0.787843
406,0,0.000000,0.894695,0.059187,0.001775,0.933170,0.000000,0.000000,1.035527,0.018224,0.719927,0.052537,0.000000,0.790688
407,0,0.000000,0.874822,0.062058,0.001830,0.916651,0.000000,0.000000,0.994616,0.016068,0.692620,0.047703,0.000000,0.754436
408,0,0.000000,0.881690,0.065460,0.001790,0.926445,0.000000,0.000000,1.054575,0.015893,0.751763,0.050541,0.000000,0.816072
409,0,0.000000,0.886791,0.070873,0.001661,0.937990,0.000000,0.000000,0.998747,0.024825,0.687988,0.053162,0.000000,0.760424
410,0,0.000000,0.893015,0.031499,0.000810,0.925265,0.000000,0.000000,0.984355,0.036627,0.689247,0.005753,0.000000,0.729565
411,0,0.000000,0.656015,0.031195,0.000727,0.687937,0.000000,0.000000,0.732598,0.022574,0.469107,0.001106,0.000000,0.486701
412,0,0.000000,0.771634,0.031314,0.000947,0.803895,0.000000,0.000000,0.852941,0.011024,0.596323,0.016954,0.000000,0.620306
413,0,0.000000,0.797133,0.031642,0.000966,0.829741,0.000000,0.000000,0.867178,0.017378,0.593605,0.016604,0.000000,0.625107
414,0,0.000000,0.808290,0.055515,0.000890,0.864695,0.000000,0.000000,0.921284,0.012599,0.604523,0.027706,0.000000,0.642645
415,0,0.000000,0.800273,0.089578,0.001118,0.885892,0.000000,0.000000,0.929855,0.013597,0.601717,0.069532,0.000000,0.678629
416,0,0.000000,0.761789,0.027568,0.000894,0.790096,0.000000,0.000000,0.878168,0.010442,0.624746,0.011520,0.000000,0.638400
417,0,0.000000,0.714838,0.071967,0.000716,0.787521,0.000000,0.000000,0.825902,0.019039,0.516064,0.038179,0.000000,0.527847
418,0,0.000000,0.760412,0.087426,0.000921,0.848759,0.000000,0.000000,1.006530,0.069659,0.598840,0.056833,0.000000,0.639710
419,0,0.000000,0.644218,0.066643,0.000849,0.711710,0.000000,0.000000,0.760896,0.031518,0.404178,0.040991,0.000000,0.446730
420,0,0.000000,0.637408,0.058205,0.000882,0.696495,0.000000,0.000000,0.733235,0.013041,0.466618,0.035489,0.000000,0.477638
421,0,0.000000,0.618770,0.092356,0.000726,0.711852,0.000000,0.000000,0.743602,0.013737,0.443350,0.070010,0.000000,0.452612
422,0,0.000000,0.622165,0.115321,0.000808,0.738294,0.000000,0.000000,0.771016,0.009482,0.454968,0.090086,0.000000,0.474450
423,0,0.000000,0.615648,0.106058,0.000732,0.722438,0.000000,0.000000,0.754149,0.012459,0.444955,0.080369,0.000000,0.455987
424,0,0.000000,0.593158,0.065354,0.001022,0.659534,0.000000,0.000000,0.708309,0.009551,0.440891,0.046924,0.000000,0.450001
425,0,0.000000,0.627527,0.093694,0.000808,0.722029,0.000000,0.000000,0.757210,0.013733,0.462150,0.071252,0.000000,0.471991
426,0,0.000000,0.626745,0.083968,0.000849,0.711562,0.000000,0.000000,0.742378,0.010955,0.449453,0.062462,0.000000,0.460450
427,0,0.000000,0.685052,0.176678,0.000906,0.862636,0.000000,0.000000,0.904738,0.009085,0.516725,0.153547,0.000000,0.605684
428,0,0.000000,0.652520,0.063100,0.001108,0.716728,0.000000,0.000000,0.778719,0.019691,0.508098,0.045073,0.000000,0.518946
429,0,0.000000,0.626898,0.057273,0.000901,0.685072,0.000000,0.000000,0.720967,0.015633,0.452652,0.033855,0.000000,0.462976
430,0,0.000000,0.532025,0.041889,0.000919,0.574208,0.000000,0.000000,0.603440,0.010887,0.347012,0.013675,0.000000,0.358242
431,0,0.000000,0.562008,0.043115,0.000857,0.604563,0.000000,0.000000,0.635399,0.014637,0.384305,0.017836,0.000000,0.394881
432,0,0.000000,0.748009,0.049815,0.000951,0.798775,0.000000,0.000000,0.837643,0.010801,0.571970,0.005045,0.000000,0.583588
433,0,0.000000,0.812228,0.061859,0.000787,0.874874,0.000000,0.000000,0.921056,0.018251,0.645081,0.002649,0.000000,0.655439
434,0,0.000000,0.783938,0.085606,0.000792,0.870336,0.000000,0.000000,0.921736,0.014551,0.594893,0.004623,0.000000,0.611366
435,0,0.000000,0.792382,0.107782,0.000912,0.901076,0.000000,0.000000,0.954344,0.025667,0.601909,0.007906,0.000000,0.611439
436,0,0.000000,0.845958,0.050883,0.001073,0.897914,0.000000,0.000000,0.960415,0.010048,0.675881,0.017306,0.000000,0.690758
437,0,0.000000,0.842087,0.091867,0.000829,0.934783,0.000000,0.000000,0.999652,0.023587,0.630463,0.008871,0.000000,0.655795
438,0,0.000000,0.814144,0.056206,0.000822,0.871172,0.000000,0.000000,0.944052,0.046626,0.606213,0.005722,0.000000,0.652625
439,0,0.000000,0.910572,0.061820,0.001499,0.973712,0.000000,0.000000,1.029219,0.012613,0.695942,0.034855,0.000000,0.741386
440,0,0.000000,3.227996,0.072404,0.001957,3.263805,0.000000,0.000000,3.427213,0.021834,3.083586,0.036398,0.000000,3.104195
441,0,0.000000,0.991754,0.066813,0.001596,1.050415,0.000000,0.000000,1.132921,0.038131,0.746218,0.042999,0.000000,0.808031
442,0,0.000000,0.789433,0.052565,0.001198,0.839055,0.000000,0.000000,0.911980,0.020767,0.554868,0.054447,0.000000,0.606024
443,0,0.000000,0.758942,0.056951,0.001435,0.809286,0.000000,0.000000,0.856978,0.016657,0.544653,0.043837,0.000000,0.596926
444,0,0.000000,0.677514,0.067253,0.001552,0.741638,0.000000,0.000000,0.799893,0.015787,0.477148,0.047708,0.000000,0.534321
445,0,0.000000,0.730270,0.073081,0.002349,0.801620,0.000000,0.000000,0.854992,0.018024,0.513843,0.056492,0.000000,0.579678
446,0,0.000000,0.767451,0.094217,0.001805,0.862655,0.000000,0.000000,0.940348,0.023457,0.559919,0.075043,0.000000,0.650162
447,0,0.000000,0.826078,0.109035,0.002398,0.930926,0.000000,0.000000,0.984453,0.020171,0.591161,0.090538,0.000000,0.695918
448,0,0.000000,0.618883,0.038607,0.001029,0.658194,0.000000,0.000000,0.723214,0.017758,0.359221,0.016378,0.000000,0.387919
449,0,0.000000,0.494662,0.067575,0.000912,0.530350,0.000000,0.000000,0.619820,0.016810,0.339775,0.050943,0.000000,0.375591
450,0,0.000000,0.543209,0.100546,0.001874,0.580964,0.000000,0.000000,0.726824,0.015093,0.379049,0.086330,0.000000,0.422009
451,0,0.000000,0.603865,0.042805,0.000942,0.637544,0.000000,0.000000,0.768627,0.019464,0.339827,0.043458,0.000000,0.368457
452,0,0.000000,0.666960,0.069066,0.001423,0.694555,0.000000,0.000000,0.824996,0.021064,0.273776,0.047629,0.000000,0.324893
453,0,0.000000,0.773166,0.058754,0.001062,0.828281,0.000000,0.000000,0.897077,0.049876,0.507534,0.037978,0.000000,0.568833
454,0,0.000000,0.773373,0.074238,0.001191,0.833879,0.000000,0.000000,0.940413,0.017443,0.452695,0.043537,0.000000,0.502000
455,0,0.000000,0.792679,0.053239,0.000913,0.835689,0.000000,0.000000,0.936020,0.026555,0.522240,0.029536,0.000000,0.571463
456,0,0.000000,0.671316,0.058192,0.001368,0.730342,0.000000,0.000000,0.789240,0.022101,0.433201,0.040227,0.000000,0.487999
457,0,0.000000,0.783594,0.080733,0.002295,0.863009,0.000000,0.000000,0.975916,0.021674,0.589239,0.057479,0.000000,0.612160
458,0,0.000000,1.065454,0.065905,0.001477,1.117818,0.000000,0.000000,1.202397,0.024826,0.817235,0.025322,0.000000,0.854721
459,0,0.000000,1.006161,0.052865,0.001020,1.060046,0.000000,0.000000,1.113348,0.024329,0.734129,0.017246,0.000000,0.766455
460,0,0.000000,0.914110,0.043990,0.001042,0.959142,0.000000,0.000000,1.008264,0.016890,0.697678,0.004799,0.000000,0.711694
461,0,0.000000,1.029416,0.058668,0.001341,1.089425,0.000000,0.000000,1.135745,0.013193,0.816917,0.005675,0.000000,0.832047
462,0,0.000000,1.126303,0.049468,0.001443,1.171009,0.000000,0.000000,1.359257,0.020904,1.025428,0.033055,0.000000,1.049043
463,0,0.000000,0.849481,0.051701,0.001218,0.893639,0.000000,0.000000,0.985231,0.024223,0.633246,0.036388,0.000000,0.685448
464,0,0.000000,0.878927,0.090216,0.002232,0.971375,0.000000,0.000000,1.060326,0.019290,0.702306,0.032387,0.000000,0.749769
465,0,0.000000,0.754671,0.072681,0.001506,0.791533,0.000000,0.000000,1.193387,0.022499,0.658057,0.049184,0.000000,0.713680
466,0,0.000000,0.978711,0.067149,0.002202,1.038217,0.000000,0.000000,1.131340,0.025606,0.769666,0.043374,0.000000,0.837563
467,0,0.000000,1.042640,0.090896,0.002030,1.097440,0.000000,0.000000,1.254229,0.042331,0.889453,0.069355,0.000000,0.997956
468,0,0.000000,1.140350,0.069807,0.001230,1.194445,0.000000,0.000000,1.331911,0.044550,0.969081,0.050339,0.000000,1.052384
469,0,0.000000,1.192295,0.068284,0.001403,1.242697,0.000000,0.000000,1.390008,0.029859,1.025812,0.044936,0.000000,1.099181
470,0,0.000000,1.123389,0.068387,0.001436,1.181616,0.000000,0.000000,1.275241,0.027805,0.939510,0.046269,0.000000,1.009978
471,0,0.000000,1.130285,0.066381,0.001083,1.178790,0.000000,0.000000,1.262682,0.042565,0.900660,0.045495,0.000000,0.972052
472,0,0.000000,1.093961,0.060282,0.001698,1.152222,0.000000,0.000000,1.224105,0.022498,0.887182,0.038576,0.000000,0.908326
473,0,0.000000,1.081005,0.064211,0.001477,1.140681,0.000000,0.000000,1.207647,0.031001,0.760781,0.042461,0.000000,0.832473
474,0,0.000000,1.021463,0.059094,0.001287,1.072888,0.000000,0.000000,1.135038,0.020937,0.722946,0.036744,0.000000,0.773475
475,0,0.000000,0.966870,0.062508,0.001502,1.019121,0.000000,0.000000,1.089491,0.017315,0.696051,0.045051,0.000000,0.751340
476,0,0.000000,1.018136,0.068623,0.001689,1.081166,0.000000,0.000000,1.137635,0.019868,0.753468,0.050161,0.000000,0.815443
477,0,0.000000,0.904373,0.077233,0.001820,0.930652,0.000000,0.000000,1.128203,0.021296,0.687293,0.044158,0.000000,0.702142
478,0,0.000000,0.753030,0.056932,0.000786,0.810590,0.000000,0.000000,0.906325,0.031017,0.529370,0.022878,0.000000,0.562600
479,0,0.000000,0.705890,0.039517,0.000894,0.741069,0.000000,0.000000,0.795814,0.016678,0.487342,0.015022,0.000000,0.504393
480,0,0.000000,0.694754,0.042265,0.000901,0.730905,0.000000,0.000000,0.780162,0.014982,0.506621,0.017884,0.000000,0.520983
481,0,0.000000,0.734521,0.041239,0.001034,0.776794,0.000000,0.000000,0.831680,0.017726,0.514121,0.023364,0.000000,0.534726
482,0,0.000000,0.743021,0.055483,0.001067,0.796544,0.000000,0.000000,0.842433,0.016856,0.558961,0.028805,0.000000,0.586887
483,0,0.000000,0.706804,0.048545,0.000828,0.756177,0.000000,0.000000,0.809553,0.017926,0.533562,0.027691,0.000000,0.551920
484,0,0.000000,0.708003,0.054650,0.000943,0.761844,0.000000,0.000000,0.803657,0.018422,0.508769,0.034419,0.000000,0.527493
485,0,0.000000,0.668414,0.037220,0.000842,0.704828,0.000000,0.000000,0.775119,0.023893,0.492969,0.019569,0.000000,0.511868
486,0,0.000000,0.686382,0.097971,0.000880,0.779486,0.000000,0.000000,0.868252,0.016665,0.523639,0.069480,0.000000,0.540510
487,0,0.000000,0.676596,0.081449,0.000809,0.742300,0.000000,0.000000,0.807051,0.018062,0.485732,0.039423,0.000000,0.504344
488,0,0.000000,0.660971,0.049090,0.000890,0.706625,0.000000,0.000000,0.749010,0.013569,0.483303,0.024363,0.000000,0.499354
489,0,0.000000,0.682981,0.049409,0.000874,0.730245,0.000000,0.000000,0.772757,0.017911,0.493804,0.027773,0.000000,0.511960
490,0,0.000000,0.677256,0.049165,0.001374,0.727438,0.000000,0.000000,0.792261,0.016961,0.513069,0.028491,0.000000,0.531050
491,0,0.000000,0.718237,0.060150,0.001387,0.778846,0.000000,0.000000,0.837164,0.024741,0.491788,0.040955,0.000000,0.533373
492,0,0.000000,0.667461,0.082202,0.001331,0.750397,0.000000,0.000000,0.795200,0.017510,0.440008,0.057314,0.000000,0.492387
493,0,0.000000,0.689467,0.059374,0.001544,0.750240,0.000000,0.000000,0.788572,0.016323,0.458425,0.040989,0.000000,0.492319
494,0,0.000000,0.706788,0.060995,0.001438,0.768944,0.000000,0.000000,0.812974,0.014503,0.487437,0.040548,0.000000,0.523814
495,0,0.000000,0.694536,0.056927,0.001150,0.752588,0.000000,0.000000,0.811899,0.017624,0.471926,0.054527,0.000000,0.505342
496,0,0.000000,0.664209,0.086477,0.001268,0.751530,0.000000,0.000000,0.859967,0.019030,0.507237,0.065330,0.000000,0.567416
497,0,0.000000,0.755093,0.103531,0.000940,0.857567,0.000000,0.000000,0.928231,0.022010,0.527125,0.080768,0.000000,0.585801
498,0,0.000000,0.653801,0.051336,0.001728,0.704270,0.000000,0.000000,0.746556,0.021074,0.432282,0.033045,0.000000,0.455683
499,0,0.000000,0.657572,0.081696,0.001074,0.740264,0.000000,0.000000,0.784612,0.013172,0.426337,0.059746,0.000000,0.483667
500,0,0.000000,0.660939,0.180966,0.001101,0.841649,0.000000,0.000000,0.891829,0.015981,0.445550,0.160566,0.000000,0.618042
501,0,0.000000,0.647756,0.104031,0.001592,0.742980,0.000000,0.000000,0.802626,0.018425,0.386530,0.068607,0.000000,0.457562
502,0,0.000000,0.645951,0.106571,0.000934,0.753336,0.000000,0.000000,0.794955,0.016989,0.402178,0.085379,0.000000,0.467870
503,0,0.000000,0.628933,0.053164,0.001271,0.682612,0.000000,0.000000,0.724419,0.016170,0.415675,0.034467,0.000000,0.449962
504,0,0.000000,0.636455,0.107345,0.001333,0.741037,0.000000,0.000000,0.781770,0.012400,0.419085,0.080474,0.000000,0.505538
505,0,0.000000,0.639679,0.097026,0.001490,0.736640,0.000000,0.000000,0.780375,0.015799,0.422701,0.083531,0.000000,0.518009
506,0,0.000000,0.660209,0.103798,0.000789,0.764796,0.000000,0.000000,0.828875,0.012730,0.459435,0.079083,0.000000,0.545867
507,0,0.000000,0.636209,0.046606,0.001099,0.674346,0.000000,0.000000,0.727696,0.016471,0.387605,0.041724,0.000000,0.420059
508,0,0.000000,0.644760,0.054240,0.002025,0.700232,0.000000,0.000000,0.739077,0.016224,0.428908,0.037261,0.000000,0.454183
509,0,0.000000,0.635617,0.045192,0.001119,0.681618,0.000000,0.000000,0.732722,0.018580,0.380137,0.007004,0.000000,0.396212
510,0,0.000000,0.598929,0.053391,0.000723,0.652809,0.000000,0.000000,0.695746,0.022081,0.350323,0.012033,0.000000,0.382675
511,0,0.000000,0.460489,0.030904,0.000718,0.486070,0.000000,0.000000,0.559605,0.011346,0.273963,0.014807,0.000000,0.299625
512,0,0.000000,0.514258,0.102424,0.000875,0.617557,0.000000,0.000000,0.685388,0.013575,0.325203,0.016797,0.000000,0.354277
513,0,0.000000,0.480805,0.048451,0.000799,0.515583,0.000000,0.000000,0.596125,0.022306,0.312923,0.027515,0.000000,0.345917
514,0,0.000000,0.430842,0.066985,0.000883,0.462326,0.000000,0.000000,0.535624,0.013418,0.251223,0.050833,0.000000,0.314972
515,0,0.000000,0.512793,0.036697,0.000841,0.544896,0.000000,0.000000,0.588757,0.013241,0.324879,0.021824,0.000000,0.354303
516,0,0.000000,0.455509,0.038780,0.000866,0.489352,0.000000,0.000000,0.532162,0.013944,0.166887,0.016269,0.000000,0.181779
517,0,0.000000,0.464041,0.040567,0.000923,0.498097,0.000000,0.000000,0.736639,0.016116,0.358032,0.014142,0.000000,0.385118
518,0,0.000000,0.770284,0.073923,0.000796,0.844329,0.000000,0.000000,0.899577,0.022553,0.585645,0.016674,0.000000,0.623830
519,0,0.000000,0.799359,0.048406,0.000905,0.848621,0.000000,0.000000,0.896135,0.016218,0.617630,0.018108,0.000000,0.651026
520,0,0.000000,0.791878,0.051011,0.000874,0.843083,0.000000,0.000000,0.885502,0.015271,0.608602,0.023473,0.000000,0.646541
521,0,0.000000,0.753624,0.066022,0.000853,0.817533,0.000000,0.000000,0.872211,0.013529,0.586355,0.020106,0.000000,0.618354
522,0,0.000000,0.744678,0.054709,0.000885,0.795241,0.000000,0.000000,0.840023,0.014841,0.562734,0.020035,0.000000,0.596657
523,0,0.000000,0.778466,0.075689,0.000871,0.849138,0.000000,0.000000,0.917418,0.014333,0.599959,0.020507,0.000000,0.632253
524,0,0.000000,0.798561,0.048450,0.001082,0.830123,0.000000,0.000000,0.895292,0.014797,0.625179,0.034382,0.000000,0.673747
525,0,0.000000,0.780139,0.072812,0.000989,0.831037,0.000000,0.000000,0.899202,0.015843,0.605568,0.022488,0.000000,0.643124
526,0,0.000000,0.769925,0.051736,0.000882,0.822353,0.000000,0.000000,0.868127,0.015451,0.601644,0.027526,0.000000,0.643421
527,0,0.000000,0.758653,0.062899,0.001011,0.817804,0.000000,0.000000,0.869050,0.012183,0.589801,0.038819,0.000000,0.639230
528,0,0.000000,0.771451,0.051140,0.000897,0.822176,0.000000,0.000000,0.869751,0.014204,0.602528,0.020649,0.000000,0.636941
529,0,0.000000,0.810699,0.085993,0.000921,0.897515,0.000000,0.000000,0.942180,0.014222,0.641935,0.024237,0.000000,0.679455
530,0,0.000000,0.789056,0.063333,0.001005,0.851099,0.000000,0.000000,0.896692,0.015409,0.615832,0.022104,0.000000,0.652379
531,0,0.000000,0.736104,0.056706,0.000983,0.789159,0.000000,0.000000,0.832926,0.014511,0.559122,0.024932,0.000000,0.597506
532,0,0.000000,0.787893,0.059613,0.000932,0.848344,0.000000,0.000000,0.884251,0.012099,0.608567,0.020511,0.000000,0.639427
533,0,0.000000,0.818120,0.049090,0.001048,0.868178,0.000000,0.000000,0.962562,0.014328,0.687852,0.020548,0.000000,0.721785
534,0,0.000000,0.816878,0.034805,0.000989,0.838209,0.000000,0.000000,0.928711,0.027506,0.637916,0.036488,0.000000,0.678980
535,0,0.000000,0.550468,0.054981,0.001155,0.605956,0.000000,0.000000,0.647962,0.012923,0.366362,0.036992,0.000000,0.401814
536,0,0.000000,0.534121,0.042704,0.001117,0.577770,0.000000,0.000000,0.629996,0.013535,0.361754,0.037072,0.000000,0.398657
537,0,0.000000,0.640248,0.055441,0.001131,0.689799,0.000000,0.000000,0.742888,0.011740,0.433379,0.038459,0.000000,0.445077
538,0,0.000000,0.582261,0.054023,0.001282,0.634404,0.000000,0.000000,0.682823,0.027165,0.341660,0.035622,0.000000,0.391701
539,0,0.000000,0.578396,0.042891,0.001159,0.622155,0.000000,0.000000,0.686677,0.015828,0.343786,0.046401,0.000000,0.397305
540,0,0.000000,0.605447,0.061117,0.001335,0.652508,0.000000,0.000000,0.718629,0.017430,0.355300,0.048913,0.000000,0.413512
541,0,0.000000,0.649389,0.053182,0.001127,0.703698,0.000000,0.000000,0.747452,0.016546,0.413895,0.037272,0.000000,0.462345
542,0,0.000000,0.630210,0.040320,0.001306,0.667830,0.000000,0.000000,0.771941,0.014502,0.377049,0.068481,0.000000,0.456529
543,0,0.000000,0.639777,0.058124,0.001339,0.697818,0.000000,0.000000,0.752292,0.015429,0.401922,0.045780,0.000000,0.460155
544,0,0.000000,0.680401,0.084727,0.001285,0.740042,0.000000,0.000000,0.817013,0.014563,0.447994,0.063030,0.000000,0.519751
545,0,0.000000,0.661138,0.072185,0.001305,0.720795,0.000000,0.000000,0.800043,0.016600,0.437272,0.052614,0.000000,0.499936
546,0,0.000000,0.644803,0.057275,0.001245,0.703198,0.000000,0.000000,0.761729,0.015746,0.417521,0.039624,0.000000,0.435675
547,0,0.000000,0.698858,0.069261,0.001143,0.757299,0.000000,0.000000,0.824513,0.021924,0.361045,0.037886,0.000000,0.379904
548,0,0.000000,0.661329,0.058334,0.001283,0.720921,0.000000,0.000000,0.774234,0.016099,0.336535,0.041365,0.000000,0.387382
549,0,0.000000,0.640997,0.056176,0.001241,0.698414,0.000000,0.000000,0.764470,0.015650,0.346126,0.036990,0.000000,0.389219
550,0,0.000000,0.655587,0.066373,0.001412,0.714872,0.000000,0.000000,0.768301,0.015750,0.334041,0.047111,0.000000,0.390951
551,0,0.000000,0.668777,0.079766,0.001177,0.728989,0.000000,0.000000,0.797662,0.015599,0.335932,0.057967,0.000000,0.400098
552,0,0.000000,0.665051,0.083142,0.002009,0.721423,0.000000,0.000000,0.826786,0.015192,0.335779,0.078854,0.000000,0.412460
553,0,0.000000,0.655578,0.071413,0.001478,0.713757,0.000000,0.000000,0.776240,0.031759,0.435474,0.035602,0.000000,0.501494
554,0,0.000000,0.639259,0.054412,0.001279,0.694950,0.000000,0.000000,0.744457,0.014601,0.466303,0.037647,0.000000,0.514370
555,0,0.000000,0.656305,0.055207,0.001330,0.712577,0.000000,0.000000,0.754644,0.017170,0.471368,0.041673,0.000000,0.528975
556,0,0.000000,0.646970,0.052861,0.001269,0.700775,0.000000,0.000000,0.740351,0.015786,0.457507,0.034642,0.000000,0.500924
557,0,0.000000,0.639950,0.052798,0.001208,0.693895,0.000000,0.000000,0.741974,0.016506,0.468541,0.034495,0.000000,0.515119
558,0,0.000000,0.659688,0.067347,0.001291,0.716930,0.000000,0.000000,0.779044,0.015130,0.456121,0.036486,0.000000,0.501627
559,0,0.000000,0.610280,0.053668,0.001216,0.663859,0.000000,0.000000,0.712259,0.017313,0.432271,0.037543,0.000000,0.482474
560,0,0.000000,0.612099,0.064271,0.001323,0.677389,0.000000,0.000000,0.715849,0.015927,0.431280,0.048790,0.000000,0.474597
561,0,0.000000,0.615641,0.052321,0.001126,0.668999,0.000000,0.000000,0.718254,0.014737,0.429587,0.035143,0.000000,0.476687
562,0,0.000000,0.592316,0.051908,0.001165,0.645341,0.000000,0.000000,0.681213,0.012485,0.416404,0.034688,0.000000,0.458707
563,0,0.000000,0.627291,0.052125,0.001211,0.680417,0.000000,0.000000,0.724022,0.015219,0.448011,0.032949,0.000000,0.492124
564,0,0.000000,0.617684,0.051655,0.001218,0.670497,0.000000,0.000000,0.713266,0.015647,0.445425,0.033412,0.000000,0.491730
565,0,0.000000,0.596842,0.050798,0.001106,0.648698,0.000000,0.000000,0.690564,0.013428,0.427444,0.034889,0.000000,0.472850
566,0,0.000000,0.609222,0.038061,0.000964,0.648247,0.000000,0.000000,0.730521,0.032572,0.421896,0.061471,0.000000,0.459861
567,0,0.000000,0.596592,0.092701,0.001306,0.666435,0.000000,0.000000,0.736444,0.017806,0.425484,0.045307,0.000000,0.483741
568,0,0.000000,0.632308,0.066559,0.001190,0.699906,0.000000,0.000000,0.753427,0.026175,0.457656,0.039234,0.000000,0.495536
569,0,0.000000,0.598866,0.050337,0.001077,0.647320,0.000000,0.000000,0.691264,0.015257,0.420387,0.034045,0.000000,0.466785
570,0,0.000000,0.712760,0.048976,0.001175,0.755037,0.000000,0.000000,0.818763,0.012827,0.551877,0.031302,0.000000,0.589313
571,0,0.000000,0.645867,0.048837,0.001130,0.685583,0.000000,0.000000,0.781617,0.029346,0.433924,0.030436,0.000000,0.472690
572,0,0.000000,0.624752,0.048757,0.001354,0.667834,0.000000,0.000000,0.727586,0.025119,0.161328,0.024475,0.000000,0.182774
573,0,0.000000,0.619625,0.048741,0.001171,0.657729,0.000000,0.000000,0.712489,0.015730,0.197608,0.026790,0.000000,0.239141
574,0,0.000000,0.730388,0.049881,0.001170,0.775759,0.000000,0.000000,0.864272,0.016803,0.339851,0.029848,0.000000,0.385580
575,0,0.000000,0.583178,0.058569,0.001089,0.634317,0.000000,0.000000,0.699422,0.019175,0.286826,0.038349,0.000000,0.342961
576,0,0.000000,0.685154,0.052726,0.001100,0.737715,0.000000,0.000000,0.819744,0.017510,0.391758,0.034611,0.000000,0.442419
577,0,0.000000,0.618763,0.063287,0.001128,0.678463,0.000000,0.000000,0.728994,0.017844,0.315857,0.044752,0.000000,0.377133
578,0,0.000000,0.612062,0.051669,0.001213,0.664385,0.000000,0.000000,0.706574,0.013269,0.313978,0.032993,0.000000,0.358181
579,0,0.000000,0.620991,0.058992,0.001238,0.674518,0.000000,0.000000,0.725607,0.016352,0.278949,0.038634,0.000000,0.332693
580,0,0.000000,0.576913,0.055881,0.001085,0.628310,0.000000,0.000000,0.686854,0.015329,0.236932,0.036047,0.000000,0.284255
581,0,0.000000,0.596951,0.048634,0.001073,0.646570,0.000000,0.000000,0.704146,0.016013,0.285161,0.033365,0.000000,0.333401
582,0,0.000000,0.605660,0.061469,0.001082,0.662366,0.000000,0.000000,0.755184,0.018361,0.339750,0.045928,0.000000,0.394146
583,0,0.000000,0.582314,0.063238,0.001006,0.642830,0.000000,0.000000,0.698984,0.014185,0.274027,0.052847,0.000000,0.331501
584,0,0.000000,0.568376,0.052086,0.001185,0.619159,0.000000,0.000000,0.666191,0.015419,0.252619,0.033249,0.000000,0.300473
585,0,0.000000,0.568623,0.073359,0.001207,0.622670,0.000000,0.000000,0.701126,0.034039,0.194364,0.050244,0.000000,0.278647
586,0,0.000000,0.589564,0.051315,0.001334,0.642213,0.000000,0.000000,0.702363,0.015754,0.259547,0.030861,0.000000,0.287005
587,0,0.000000,0.574708,0.074530,0.001233,0.629310,0.000000,0.000000,0.717692,0.013878,0.289910,0.051191,0.000000,0.335155
588,0,0.000000,0.566726,0.054160,0.001108,0.619852,0.000000,0.000000,0.668672,0.014905,0.243271,0.034065,0.000000,0.270139
589,0,0.000000,0.595252,0.052150,0.001387,0.648789,0.000000,0.000000,0.685718,0.011724,0.256139,0.033242,0.000000,0.274198
590,0,0.000000,0.597267,0.061254,0.001207,0.651729,0.000000,0.000000,0.704096,0.013687,0.272211,0.038047,0.000000,0.289085
591,0,0.000000,0.594916,0.053535,0.001201,0.649566,0.000000,0.000000,0.700605,0.014298,0.288951,0.037036,0.000000,0.308074
592,0,0.000000,0.610068,0.062368,0.001113,0.663886,0.000000,0.000000,0.715513,0.013217,0.291665,0.045801,0.000000,0.305602
593,0,0.000000,0.602462,0.071037,0.001288,0.660131,0.000000,0.000000,0.731785,0.015977,0.274666,0.052300,0.000000,0.324479
594,0,0.000000,0.630380,0.054222,0.001253,0.676537,0.000000,0.000000,0.742636,0.020993,0.400846,0.036266,0.000000,0.457150
595,0,0.000000,0.595590,0.050232,0.001287,0.641249,0.000000,0.000000,0.925020,0.023379,0.594365,0.034867,0.000000,0.628481
596,0,0.000000,0.593178,0.051492,0.001237,0.645775,0.000000,0.000000,0.687266,0.022337,0.248329,0.035129,0.000000,0.304319
597,0,0.000000,0.613883,0.049926,0.001177,0.664695,0.000000,0.000000,0.707016,0.014478,0.284124,0.035339,0.000000,0.326621
598,0,0.000000,0.594195,0.073073,0.001112,0.652247,0.000000,0.000000,0.702347,0.014101,0.245635,0.048838,0.000000,0.301938
599,0,0.000000,0.598570,0.064935,0.001136,0.664496,0.000000,0.000000,0.711255,0.013741,0.274981,0.049196,0.000000,0.333373
600,0,0.000000,0.592209,0.057483,0.001236,0.648700,0.000000,0.000000,0.726408,0.027238,0.300382,0.033461,0.000000,0.338500
601,0,0.000000,0.634054,0.061956,0.001095,0.688774,0.000000,0.000000,0.742897,0.013520,0.303095,0.036400,0.000000,0.330404
602,0,0.000000,0.626945,0.068979,0.001511,0.697435,0.000000,0.000000,0.740261,0.013752,0.297946,0.050617,0.000000,0.348895
603,0,0.000000,0.625648,0.054029,0.001214,0.680719,0.000000,0.000000,0.731047,0.015255,0.313636,0.037927,0.000000,0.360031
604,0,0.000000,0.608652,0.073806,0.001252,0.666999,0.000000,0.000000,0.724304,0.014127,0.283686,0.053168,0.000000,0.345856
605,0,0.000000,0.621907,0.055509,0.001221,0.678615,0.000000,0.000000,0.728912,0.013643,0.302064,0.036159,0.000000,0.328214
606,0,0.000000,0.617336,0.055629,0.001207,0.674088,0.000000,0.000000,0.750951,0.014307,0.322924,0.036850,0.000000,0.362628
607,0,0.000000,0.627883,0.058436,0.001401,0.686431,0.000000,0.000000,0.736429,0.013577,0.297419,0.039431,0.000000,0.338585
608,0,0.000000,0.610469,0.052192,0.001262,0.663663,0.000000,0.000000,0.708839,0.014122,0.295328,0.036754,0.000000,0.334887
609,0,0.000000,0.627500,0.078371,0.001226,0.683675,0.000000,0.000000,0.761009,0.015491,0.305029,0.055666,0.000000,0.369871
610,0,0.000000,0.630152,0.068736,0.001092,0.687693,0.000000,0.000000,0.738798,0.014530,0.300214,0.044401,0.000000,0.341505
611,0,0.000000,0.640507,0.083381,0.022221,0.720583,0.000000,0.000000,0.767315,0.014275,0.304972,0.060912,0.000000,0.372182
612,0,0.000000,0.630243,0.065237,0.001308,0.689422,0.000000,0.000000,0.742773,0.015143,0.310166,0.042271,0.000000,0.361428
613,0,0.000000,0.611400,0.115136,0.001250,0.664604,0.000000,0.000000,0.766029,0.014668,0.290638,0.060208,0.000000,0.334203
614,0,0.000000,0.630466,0.066684,0.001413,0.688017,0.000000,0.000000,0.811911,0.065394,0.286143,0.034314,0.000000,0.377733
615,0,0.000000,0.646050,0.054084,0.001266,0.701201,0.000000,0.000000,0.746014,0.016522,0.413966,0.035780,0.000000,0.463445
616,0,0.000000,0.623849,0.056095,0.001421,0.681203,0.000000,0.000000,0.722188,0.014495,0.301620,0.036740,0.000000,0.351577
617,0,0.000000,0.663705,0.055606,0.001105,0.719698,0.000000,0.000000,0.781074,0.026014,0.411418,0.038347,0.000000,0.469087
618,0,0.000000,0.589943,0.053130,0.001122,0.644086,0.000000,0.000000,0.715086,0.014071,0.356408,0.060064,0.000000,0.400459
619,0,0.000000,0.586805,0.050241,0.001225,0.638271,0.000000,0.000000,0.692266,0.013312,0.351511,0.036791,0.000000,0.396149
620,0,0.000000,0.604367,0.061936,0.001115,0.660145,0.000000,0.000000,0.707994,0.013551,0.365218,0.043193,0.000000,0.419368
621,0,0.000000,0.598923,0.052637,0.001206,0.652766,0.000000,0.000000,0.689709,0.013766,0.359201,0.034689,0.000000,0.400977
622,0,0.000000,0.605594,0.051549,0.001067,0.658079,0.000000,0.000000,0.701485,0.012726,0.359861,0.036513,0.000000,0.406275
623,0,0.000000,0.619874,0.064362,0.001152,0.674945,0.000000,0.000000,0.728825,0.013875,0.374869,0.043207,0.000000,0.427724
624,0,0.000000,0.588525,0.051635,0.001171,0.641263,0.000000,0.000000,0.676586,0.016472,0.346734,0.034570,0.000000,0.393908
625,0,0.000000,0.608936,0.051934,0.001111,0.661879,0.000000,0.000000,0.702388,0.013159,0.376722,0.034687,0.000000,0.421606
626,0,0.000000,0.586289,0.057770,0.001038,0.643209,0.000000,0.000000,0.680552,0.013863,0.338464,0.037385,0.000000,0.384821
627,0,0.000000,0.581867,0.063464,0.001233,0.646202,0.000000,0.000000,0.682514,0.012102,0.342238,0.042377,0.000000,0.393948
628,0,0.000000,0.614697,0.053845,0.001211,0.669659,0.000000,0.000000,0.717731,0.013701,0.379489,0.034945,0.000000,0.422854
629,0,0.000000,0.582283,0.054425,0.001231,0.637939,0.000000,0.000000,0.672753,0.014155,0.331494,0.035876,0.000000,0.376283
630,0,0.000000,0.581624,0.070056,0.001175,0.635994,0.000000,0.000000,0.693033,0.012124,0.339652,0.050304,0.000000,0.396267
631,0,0.000000,0.597833,0.062780,0.001348,0.653788,0.000000,0.000000,0.699703,0.014653,0.342915,0.041485,0.000000,0.392461
632,0,0.000000,0.583482,0.069707,0.001049,0.639296,0.000000,0.000000,0.693052,0.013400,0.342750,0.049054,0.000000,0.402611
633,0,0.000000,0.895740,0.051685,0.001397,0.944742,0.000000,0.000000,0.997131,0.011613,0.638294,0.031704,0.000000,0.678522
634,0,0.000000,1.003777,0.072190,0.001210,1.068382,0.000000,0.000000,1.139530,0.024373,0.725613,0.053613,0.000000,0.800760
635,0,0.000000,0.681274,0.092886,0.001377,0.764713,0.000000,0.000000,0.829386,0.013337,0.414733,0.068257,0.000000,0.493561
636,0,0.000000,0.683323,0.068923,0.001254,0.740626,0.000000,0.000000,0.792792,0.014961,0.408551,0.050169,0.000000,0.470029
637,0,0.000000,0.626151,0.056321,0.001118,0.671262,0.000000,0.000000,0.768509,0.014347,0.407082,0.036699,0.000000,0.453203
638,0,0.000000,0.659228,0.058737,0.001126,0.705713,0.000000,0.000000,0.757943,0.014759,0.381951,0.034032,0.000000,0.426688
639,0,0.000000,0.635518,0.053232,0.001179,0.689847,0.000000,0.000000,0.728498,0.013979,0.387961,0.034041,0.000000,0.426257
640,0,0.000000,0.631809,0.069584,0.001211,0.694995,0.000000,0.000000,0.738719,0.013086,0.386034,0.049038,0.000000,0.445283
641,0,0.000000,0.606252,0.075190,0.001177,0.662988,0.000000,0.000000,0.726422,0.014853,0.355740,0.056161,0.000000,0.423250
642,0,0.000000,0.622206,0.074152,0.001243,0.679054,0.000000,0.000000,0.740197,0.012848,0.372575,0.063020,0.000000,0.445677
643,0,0.000000,0.638420,0.054224,0.001289,0.693816,0.000000,0.000000,0.738542,0.014654,0.394820,0.035383,0.000000,0.440472
644,0,0.000000,0.612818,0.080856,0.001153,0.672698,0.000000,0.000000,0.749616,0.014090,0.366931,0.055814,0.000000,0.433568
645,0,0.000000,0.659687,0.054450,0.001234,0.712799,0.000000,0.000000,0.761353,0.019567,0.417585,0.038124,0.000000,0.475276
646,0,0.000000,0.689129,0.106803,0.001365,0.776083,0.000000,0.000000,0.843334,0.015732,0.426907,0.086891,0.000000,0.525348
647,0,0.000000,0.709469,0.068049,0.001374,0.768515,0.000000,0.000000,0.836247,0.022884,0.476781,0.048130,0.000000,0.542213
648,0,0.000000,0.706233,0.072512,0.001231,0.760665,0.000000,0.000000,0.839813,0.014485,0.485723,0.050681,0.000000,0.548200
649,0,0.000000,0.657263,0.067202,0.001119,0.688441,0.000000,0.000000,0.766216,0.018819,0.401646,0.052157,0.000000,0.468116
650,0,0.000000,0.814503,0.073191,0.001393,0.888639,0.000000,0.000000,1.300838,0.016195,0.589221,0.048055,0.000000,0.650453
651,0,0.000000,0.736695,0.105124,0.001132,0.820442,0.000000,0.000000,0.889006,0.018556,0.490116,0.082543,0.000000,0.587235
652,0,0.000000,0.819808,0.057458,0.001238,0.878236,0.000000,0.000000,0.946921,0.017220,0.517052,0.036247,0.000000,0.565105
653,0,0.000000,0.615979,0.067005,0.001273,0.669195,0.000000,0.000000,0.733620,0.028196,0.359027,0.046576,0.000000,0.420604
654,0,0.000000,0.616251,0.052705,0.001196,0.667925,0.000000,0.000000,0.831653,0.020028,0.498605,0.023802,0.000000,0.516968
655,0,0.000000,0.892771,0.050456,0.001197,0.938555,0.000000,0.000000,1.004144,0.017693,0.580257,0.031400,0.000000,0.620721
656,0,0.000000,0.731305,0.106074,0.001066,0.838386,0.000000,0.000000,0.888625,0.018954,0.510164,0.089765,0.000000,0.609858
657,0,0.000000,0.838093,0.048952,0.001182,0.882492,0.000000,0.000000,0.951458,0.024148,0.603026,0.031093,0.000000,0.653691
658,0,0.000000,0.750550,0.072171,0.001283,0.823603,0.000000,0.000000,0.870347,0.015108,0.549473,0.057910,0.000000,0.615299
659,0,0.000000,0.703487,0.050707,0.001318,0.751580,0.000000,0.000000,0.798470,0.014207,0.500911,0.031159,0.000000,0.543090
660,0,0.000000,0.712454,0.086360,0.001001,0.799585,0.000000,0.000000,0.856789,0.027029,0.513717,0.066702,0.000000,0.583209
661,0,0.000000,0.700781,0.084204,0.000950,0.785754,0.000000,0.000000,0.859260,0.013032,0.523304,0.059273,0.000000,0.592350
662,0,0.000000,0.646588,0.049601,0.001158,0.690509,0.000000,0.000000,0.734669,0.013452,0.452145,0.031089,0.000000,0.495605
663,0,0.000000,0.738317,0.067857,0.001116,0.807096,0.000000,0.000000,0.850387,0.029822,0.526795,0.048374,0.000000,0.596687
664,0,0.000000,0.735801,0.047439,0.001137,0.779790,0.000000,0.000000,0.829986,0.013928,0.545216,0.030159,0.000000,0.585974
665,0,0.000000,0.752943,0.064243,0.001159,0.818021,0.000000,0.000000,0.869211,0.019516,0.549784,0.046059,0.000000,0.609306
666,0,0.000000,0.796495,0.046028,0.001328,0.843851,0.000000,0.000000,0.892997,0.015612,0.604109,0.030447,0.000000,0.646571
667,0,0.000000,0.707919,0.051971,0.000989,0.760655,0.000000,0.000000,0.813233,0.017820,0.518395,0.035311,0.000000,0.567135
668,0,0.000000,0.761335,0.045671,0.001156,0.794897,0.000000,0.000000,0.855129,0.012983,0.561960,0.028370,0.000000,0.599238
669,0,0.000000,0.757953,0.062915,0.001153,0.821400,0.000000,0.000000,0.876980,0.026099,0.549942,0.055091,0.000000,0.617581
670,0,0.000000,0.725179,0.046332,0.001292,0.770060,0.000000,0.000000,0.987397,0.014168,0.537339,0.026680,0.000000,0.551897
671,0,0.000000,0.753515,0.055271,0.001118,0.796472,0.000000,0.000000,0.878174,0.028975,0.422773,0.046460,0.000000,0.473678
672,0,0.000000,0.703548,0.051014,0.001136,0.755238,0.000000,0.000000,0.909377,0.024625,0.402602,0.033885,0.000000,0.446628
673,0,0.000000,0.622439,0.073057,0.000981,0.696124,0.000000,0.000000,0.739403,0.016854,0.333196,0.049546,0.000000,0.394194
674,0,0.000000,0.599091,0.124658,0.001005,0.716024,0.000000,0.000000,0.768453,0.016487,0.290115,0.086974,0.000000,0.387096
675,0,0.000000,0.599064,0.107062,0.000977,0.694497,0.000000,0.000000,0.750261,0.016225,0.300933,0.073500,0.000000,0.386460
676,0,0.000000,0.590761,0.157698,0.001073,0.717987,0.000000,0.000000,0.788865,0.020891,0.267999,0.091035,0.000000,0.367735
677,0,0.000000,0.582148,0.059760,0.001011,0.642623,0.000000,0.000000,0.688923,0.013486,0.305832,0.041069,0.000000,0.353726
678,0,0.000000,0.630420,0.089946,0.001109,0.721019,0.000000,0.000000,0.768901,0.017272,0.349615,0.067714,0.000000,0.424834
679,0,0.000000,0.585042,0.111864,0.001096,0.691665,0.000000,0.000000,0.741899,0.013504,0.288725,0.079645,0.000000,0.375228
680,0,0.000000,0.576412,0.223568,0.001013,0.796830,0.000000,0.000000,0.839105,0.012727,0.292541,0.073240,0.000000,0.375557
681,0,0.000000,0.587033,0.133603,0.000961,0.698366,0.000000,0.000000,0.769411,0.016041,0.288092,0.056881,0.000000,0.355919
682,0,0.000000,0.713855,0.046921,0.001249,0.761782,0.000000,0.000000,0.843113,0.014315,0.392310,0.033290,0.000000,0.436016
683,0,0.000000,0.644315,0.167121,0.000974,0.812230,0.000000,0.000000,0.885195,0.021302,0.462328,0.147797,0.000000,0.506436
684,0,0.000000,0.614068,0.221337,0.001388,0.836248,0.000000,0.000000,0.930524,0.015485,0.420157,0.233100,0.000000,0.528709
685,0,0.000000,0.647359,0.173916,0.001384,0.820297,0.000000,0.000000,0.865113,0.059687,0.409099,0.149063,0.000000,0.491169
686,0,0.000000,0.615628,0.185236,0.000936,0.796948,0.000000,0.000000,0.894757,0.033803,0.466239,0.157890,0.000000,0.499880
687,0,0.000000,0.652992,0.080044,0.001664,0.734079,0.000000,0.000000,0.768959,0.016925,0.406677,0.059970,0.000000,0.425972
688,0,0.000000,0.716176,0.048246,0.001076,0.765443,0.000000,0.000000,0.820261,0.013136,0.530193,0.033245,0.000000,0.544194
689,0,0.000000,0.637315,0.044074,0.000824,0.675348,0.000000,0.000000,0.730072,0.024746,0.366811,0.028614,0.000000,0.411987
690,0,0.000000,0.648471,0.116377,0.000827,0.749800,0.000000,0.000000,0.821701,0.027444,0.404221,0.094843,0.000000,0.517032
691,0,0.000000,0.595623,0.031540,0.000763,0.624105,0.000000,0.000000,0.668904,0.016432,0.312847,0.021060,0.000000,0.337880
692,0,0.000000,0.606202,0.124256,0.000822,0.709992,0.000000,0.000000,0.774590,0.014554,0.359119,0.110817,0.000000,0.484338
693,0,0.000000,0.608618,0.172381,0.000828,0.772821,0.000000,0.000000,0.821725,0.016994,0.369458,0.151494,0.000000,0.531444
694,0,0.000000,0.598445,0.175317,0.000835,0.774597,0.000000,0.000000,0.807575,0.011584,0.357751,0.153487,0.000000,0.517986
695,0,0.000000,0.504899,0.103616,0.000695,0.552781,0.000000,0.000000,0.654727,0.010500,0.274498,0.079775,0.000000,0.362421
696,0,0.000000,0.400761,0.063678,0.000643,0.465034,0.000000,0.000000,0.500228,0.014361,0.147661,0.043296,0.000000,0.204334
697,0,0.000000,0.395233,0.049140,0.000657,0.444921,0.000000,0.000000,0.474587,0.010456,0.156064,0.028667,0.000000,0.192037
698,0,0.000000,0.439062,0.072202,0.020240,0.531504,0.000000,0.000000,0.571680,0.009492,0.195151,0.071899,0.000000,0.267661
699,0,0.000000,0.527084,0.060487,0.000631,0.557149,0.000000,0.000000,0.629399,0.017396,0.287147,0.041435,0.000000,0.338334
700,0,0.000000,0.437226,0.085381,0.000616,0.523208,0.000000,0.000000,0.561893,0.011519,0.196815,0.067587,0.000000,0.265003
701,0,0.000000,0.415239,0.085092,0.001027,0.501150,0.000000,0.000000,0.558739,0.011293,0.179950,0.059433,0.000000,0.245759
702,0,0.000000,0.477633,0.059241,0.000769,0.537516,0.000000,0.000000,0.583696,0.017935,0.230329,0.034116,0.000000,0.276777
703,0,0.000000,0.464850,0.050993,0.000632,0.496102,0.000000,0.000000,0.548521,0.014025,0.218525,0.028983,0.000000,0.253685
704,0,0.000000,0.359566,0.039436,0.000626,0.384018,0.000000,0.000000,0.431992,0.009241,0.113447,0.016782,0.000000,0.136281
705,0,0.000000,0.379208,0.064210,0.000659,0.412632,0.000000,0.000000,0.504387,0.008602,0.136105,0.046551,0.000000,0.185649
706,0,0.000000,0.404931,0.050817,0.000643,0.456303,0.000000,0.000000,0.495721,0.015928,0.157479,0.029554,0.000000,0.194448
707,0,0.000000,0.354582,0.035316,0.000587,0.390398,0.000000,0.000000,0.419638,0.011265,0.107499,0.017675,0.000000,0.131123
708,0,0.000000,0.359584,0.071162,0.000653,0.417042,0.000000,0.000000,0.455188,0.010043,0.112630,0.047633,0.000000,0.167683
709,0,0.000000,0.365958,0.044298,0.000651,0.410857,0.000000,0.000000,0.452107,0.009526,0.124230,0.023466,0.000000,0.152976
710,0,0.000000,0.429587,0.043082,0.000637,0.473306,0.000000,0.000000,0.579548,0.017593,0.196207,0.020476,0.000000,0.233687
711,0,0.000000,0.472622,0.055112,0.000639,0.528325,0.000000,0.000000,0.565111,0.015308,0.226724,0.033234,0.000000,0.269591
712,0,0.000000,0.631351,0.066984,0.001064,0.699050,0.000000,0.000000,0.796971,0.011760,0.303059,0.039798,0.000000,0.330828
713,0,0.000000,0.574414,0.057795,0.001061,0.618580,0.000000,0.000000,0.689439,0.030748,0.311111,0.038467,0.000000,0.369786
714,0,0.000000,0.569891,0.039933,0.013282,0.622384,0.000000,0.000000,0.666605,0.013175,0.329882,0.037670,0.000000,0.376726
715,0,0.000000,0.542027,0.040824,0.001104,0.583333,0.000000,0.000000,0.627607,0.015701,0.281987,0.025816,0.000000,0.322444
716,0,0.000000,0.559586,0.054967,0.001008,0.604969,0.000000,0.000000,0.655419,0.012198,0.314439,0.033399,0.000000,0.354680
717,0,0.000000,0.560863,0.042663,0.001023,0.602561,0.000000,0.000000,0.641117,0.012263,0.297200,0.024622,0.000000,0.329959
718,0,0.000000,0.538363,0.064538,0.001111,0.580374,0.000000,0.000000,0.653436,0.014431,0.291315,0.024194,0.000000,0.325311
719,0,0.000000,0.560736,0.042732,0.001186,0.604014,0.000000,0.000000,0.646521,0.014482,0.307966,0.024376,0.000000,0.343600
720,0,0.000000,0.566486,0.041705,0.001048,0.608645,0.000000,0.000000,0.661097,0.023623,0.398737,0.027199,0.000000,0.448785
721,0,0.000000,0.552553,0.041218,0.001126,0.594740,0.000000,0.000000,0.638164,0.012609,0.382279,0.025844,0.000000,0.418934
722,0,0.000000,0.601135,0.042376,0.001199,0.641164,0.000000,0.000000,0.699863,0.022195,0.403389,0.032728,0.000000,0.457402
723,0,0.000000,0.628705,0.053340,0.001216,0.682761,0.000000,0.000000,0.735324,0.013224,0.462257,0.025052,0.000000,0.498440
724,0,0.000000,0.569837,0.044293,0.001187,0.613935,0.000000,0.000000,0.649247,0.016996,0.385946,0.026483,0.000000,0.428213
725,0,0.000000,0.666949,0.044357,0.001175,0.712428,0.000000,0.000000,0.754301,0.013807,0.487902,0.026231,0.000000,0.525605
726,0,0.000000,0.576186,0.047061,0.001135,0.622441,0.000000,0.000000,0.666718,0.015081,0.394879,0.030351,0.000000,0.439436
727,0,0.000000,0.577992,0.044199,0.001159,0.623342,0.000000,0.000000,0.670643,0.014464,0.389605,0.036138,0.000000,0.429851
728,0,0.000000,0.657819,0.046254,0.001195,0.704202,0.000000,0.000000,0.746703,0.011209,0.465635,0.027518,0.000000,0.502700
729,0,0.000000,0.591640,0.045336,0.001242,0.636730,0.000000,0.000000,0.684334,0.015752,0.418963,0.028542,0.000000,0.462464
730,0,0.000000,0.590824,0.045066,0.001174,0.636424,0.000000,0.000000,0.672807,0.014592,0.410103,0.029988,0.000000,0.453764
731,0,0.000000,0.622639,0.044810,0.001140,0.668243,0.000000,0.000000,0.706883,0.011210,0.438123,0.028351,0.000000,0.476863
732,0,0.000000,0.599951,0.053949,0.001146,0.647659,0.000000,0.000000,0.695994,0.012305,0.426075,0.028615,0.000000,0.464905
733,0,0.000000,0.589863,0.054558,0.001241,0.645662,0.000000,0.000000,0.684876,0.016295,0.401204,0.033831,0.000000,0.450429
734,0,0.000000,0.624502,0.047063,0.001246,0.671533,0.000000,0.000000,0.785303,0.060689,0.414085,0.025638,0.000000,0.500137
735,0,0.000000,0.599362,0.045862,0.001159,0.646032,0.000000,0.000000,0.686579,0.015793,0.409022,0.027240,0.000000,0.449644
736,0,0.000000,0.631841,0.051340,0.001354,0.681503,0.000000,0.000000,0.723210,0.011988,0.445122,0.030506,0.000000,0.485190
737,0,0.000000,0.630287,0.076656,0.001087,0.683912,0.000000,0.000000,0.755232,0.015493,0.440754,0.032369,0.000000,0.484254
738,0,0.000000,0.623830,0.062192,0.001169,0.675930,0.000000,0.000000,0.726932,0.013980,0.440150,0.029429,0.000000,0.482823
739,0,0.000000,0.646674,0.065240,0.001194,0.698908,0.000000,0.000000,0.853290,0.011654,0.464327,0.033085,0.000000,0.505015
740,0,0.000000,0.618530,0.052462,0.001203,0.670380,0.000000,0.000000,0.721902,0.023761,0.420008,0.038286,0.000000,0.474097
741,0,0.000000,0.641119,0.051317,0.001055,0.689143,0.000000,0.000000,0.747469,0.028757,0.479090,0.030961,0.000000,0.521049
742,0,0.000000,0.635380,0.086576,0.001070,0.701574,0.000000,0.000000,0.749981,0.032422,0.440654,0.033081,0.000000,0.503831
743,0,0.000000,0.622094,0.058719,0.000997,0.673036,0.000000,0.000000,0.713664,0.013631,0.435338,0.033243,0.000000,0.481484
744,0,0.000000,0.669197,0.065026,0.001112,0.716475,0.000000,0.000000,0.784825,0.011843,0.485633,0.048284,0.000000,0.543712
745,0,0.000000,0.624828,0.053392,0.001131,0.676520,0.000000,0.000000,0.731756,0.014948,0.443772,0.044928,0.000000,0.501580
746,0,0.000000,0.630412,0.054980,0.001279,0.686248,0.000000,0.000000,0.725907,0.011605,0.451136,0.040373,0.000000,0.501425
747,0,0.000000,0.602363,0.055050,0.001076,0.652634,0.000000,0.000000,0.704819,0.014147,0.431008,0.033296,0.000000,0.475067
748,0,0.000000,0.620222,0.086196,0.001150,0.673124,0.000000,0.000000,0.764890,0.026201,0.443981,0.029153,0.000000,0.481417
749,0,0.000000,0.635310,0.067791,0.001103,0.689323,0.000000,0.000000,0.796083,0.016800,0.470388,0.033818,0.000000,0.518738
750,0,0.000000,0.603837,0.054594,0.001283,0.655439,0.000000,0.000000,0.701082,0.016870,0.418972,0.034988,0.000000,0.467294
751,0,0.000000,0.603365,0.047739,0.001210,0.650515,0.000000,0.000000,0.726393,0.013657,0.416608,0.030767,0.000000,0.458942
752,0,0.000000,0.725078,0.061517,0.001128,0.775110,0.000000,0.000000,0.828259,0.029063,0.543597,0.032158,0.000000,0.589830
753,0,0.000000,0.596762,0.040096,0.001102,0.635297,0.000000,0.000000,0.690086,0.017108,0.419662,0.018977,0.000000,0.442827
754,0,0.000000,0.558311,0.045018,0.000935,0.598288,0.000000,0.000000,0.655130,0.019851,0.291870,0.019482,0.000000,0.327345
755,0,0.000000,0.515955,0.050254,0.001014,0.566785,0.000000,0.000000,0.640956,0.014855,0.230796,0.032041,0.000000,0.274241
756,0,0.000000,0.462152,0.046170,0.001043,0.504714,0.000000,0.000000,0.556819,0.020797,0.204545,0.023009,0.000000,0.238891
757,0,0.000000,0.445843,0.046436,0.001038,0.486991,0.000000,0.000000,0.570857,0.014300,0.187730,0.030897,0.000000,0.229169
758,0,0.000000,0.443870,0.047360,0.000931,0.491862,0.000000,0.000000,0.533832,0.015746,0.188967,0.030304,0.000000,0.229912
759,0,0.000000,0.466569,0.038111,0.000889,0.500515,0.000000,0.000000,0.557271,0.012151,0.211637,0.032140,0.000000,0.252939
760,0,0.000000,0.440513,0.046215,0.000856,0.483846,0.000000,0.000000,0.526840,0.014035,0.183394,0.025541,0.000000,0.219835
761,0,0.000000,0.451300,0.039927,0.000959,0.491979,0.000000,0.000000,0.529039,0.012752,0.189943,0.022672,0.000000,0.221766
762,0,0.000000,0.475793,0.040686,0.000946,0.517134,0.000000,0.000000,0.555969,0.013031,0.205273,0.022516,0.000000,0.236477
763,0,0.000000,0.466493,0.044349,0.000955,0.511548,0.000000,0.000000,0.551829,0.013674,0.197053,0.024570,0.000000,0.231759
764,0,0.000000,0.464783,0.086539,0.000730,0.510809,0.000000,0.000000,0.594751,0.014136,0.197736,0.063243,0.000000,0.269988
765,0,0.000000,0.461577,0.040373,0.001049,0.502665,0.000000,0.000000,0.541115,0.064233,0.148699,0.023733,0.000000,0.235534
766,0,0.000000,0.500439,0.036779,0.000658,0.530721,0.000000,0.000000,0.586384,0.013897,0.250673,0.016354,0.000000,0.274685
767,0,0.000000,0.385304,0.037225,0.000767,0.412909,0.000000,0.000000,0.473200,0.015133,0.146881,0.016717,0.000000,0.168555
768,0,0.000000,0.406831,0.042996,0.000724,0.433403,0.000000,0.000000,0.484923,0.013116,0.163394,0.026018,0.000000,0.184392
769,0,0.000000,0.423740,0.039786,0.000655,0.450946,0.000000,0.000000,0.494401,0.012406,0.163106,0.018157,0.000000,0.183381
770,0,0.000000,0.380576,0.034484,0.000654,0.407802,0.000000,0.000000,0.444377,0.009469,0.124956,0.014829,0.000000,0.143943
771,0,0.000000,0.393799,0.033353,0.000696,0.421345,0.000000,0.000000,0.454288,0.008896,0.149435,0.013755,0.000000,0.171369
772,0,0.000000,0.387108,0.039651,0.000672,0.416378,0.000000,0.000000,0.492034,0.008650,0.118378,0.050570,0.000000,0.173895
773,0,0.000000,0.401429,0.030801,0.000656,0.432763,0.000000,0.000000,0.463257,0.012411,0.159504,0.013934,0.000000,0.183134
774,0,0.000000,0.384198,0.064823,0.000786,0.446355,0.000000,0.000000,0.496041,0.010113,0.142670,0.040817,0.000000,0.187912
775,0,0.000000,0.383949,0.041168,0.000663,0.412991,0.000000,0.000000,0.456381,0.013007,0.141298,0.019325,0.000000,0.170140
776,0,0.000000,0.373943,0.046801,0.000620,0.403599,0.000000,0.000000,0.453062,0.009344,0.133037,0.026810,0.000000,0.164203
777,0,0.000000,0.382388,0.043665,0.000620,0.408806,0.000000,0.000000,0.455964,0.011991,0.137979,0.023692,0.000000,0.168997
778,0,0.000000,0.384414,0.042768,0.000631,0.414051,0.000000,0.000000,0.458798,0.009101,0.125663,0.019102,0.000000,0.152109
779,0,0.000000,0.369785,0.035610,0.000651,0.395517,0.000000,0.000000,0.430621,0.009595,0.123967,0.013871,0.000000,0.145724
780,0,0.000000,0.376599,0.040874,0.000639,0.404832,0.000000,0.000000,0.466637,0.008779,0.139059,0.021423,0.000000,0.167273
781,0,0.000000,0.372172,0.028305,0.000808,0.391967,0.000000,0.000000,0.438076,0.012215,0.137774,0.012643,0.000000,0.160038
782,0,0.000000,0.416267,0.040568,0.001177,0.457655,0.000000,0.000000,0.510737,0.016771,0.159202,0.026149,0.000000,0.190488
783,0,0.000000,0.565208,0.052515,0.001095,0.609908,0.000000,0.000000,0.657489,0.026283,0.242525,0.033478,0.000000,0.295314
784,0,0.000000,0.549293,0.052705,0.001024,0.595179,0.000000,0.000000,0.642723,0.012277,0.264516,0.032649,0.000000,0.308076
785,0,0.000000,0.578960,0.062706,0.000930,0.625909,0.000000,0.000000,0.726125,0.056394,0.261537,0.039104,0.000000,0.320005
786,0,0.000000,0.507951,0.058226,0.001018,0.558989,0.000000,0.000000,0.817998,0.258754,0.455689,0.039214,0.000000,0.500620
787,0,0.000000,0.546423,0.041661,0.001090,0.589169,0.000000,0.000000,0.633232,0.015238,0.280890,0.026490,0.000000,0.305621
788,0,0.000000,0.619015,0.046188,0.001217,0.664102,0.000000,0.000000,0.713367,0.016315,0.360398,0.028687,0.000000,0.399139
789,0,0.000000,0.601576,0.050569,0.001173,0.649457,0.000000,0.000000,0.706730,0.015672,0.336084,0.032825,0.000000,0.361513
790,0,0.000000,0.580607,0.044369,0.001287,0.626205,0.000000,0.000000,0.686862,0.016087,0.321419,0.033173,0.000000,0.368567
791,0,0.000000,0.633182,0.101855,0.001139,0.679350,0.000000,0.000000,0.784781,0.016400,0.353631,0.084157,0.000000,0.448426
792,0,0.000000,0.612716,0.076619,0.001221,0.665645,0.000000,0.000000,0.743793,0.016472,0.352026,0.051610,0.000000,0.414117
793,0,0.000000,0.596134,0.049150,0.001197,0.643975,0.000000,0.000000,0.688009,0.016115,0.330849,0.032270,0.000000,0.358959
794,0,0.000000,0.625599,0.073463,0.001253,0.676930,0.000000,0.000000,0.743919,0.012601,0.365155,0.054119,0.000000,0.423681
795,0,0.000000,0.597524,0.066468,0.000973,0.648009,0.000000,0.000000,0.707838,0.016198,0.335192,0.047921,0.000000,0.382229
796,0,0.000000,0.617371,0.047613,0.001069,0.663710,0.000000,0.000000,0.711981,0.013354,0.360054,0.029500,0.000000,0.377066
797,0,0.000000,0.616204,0.054829,0.001192,0.666224,0.000000,0.000000,0.717309,0.013420,0.340071,0.034385,0.000000,0.382475
798,0,0.000000,0.598683,0.043952,0.001342,0.643798,0.000000,0.000000,0.688217,0.016346,0.346333,0.029371,0.000000,0.388139
799,0,0.000000,0.615199,0.059716,0.001191,0.666291,0.000000,0.000000,0.717155,0.013251,0.350431,0.039788,0.000000,0.397409
800,0,0.000000,0.608039,0.064968,0.001047,0.659800,0.000000,0.000000,0.716037,0.015254,0.346421,0.044044,0.000000,0.400597
801,0,0.000000,0.600248,0.055616,0.001207,0.648945,0.000000,0.000000,0.699161,0.016057,0.335952,0.033197,0.000000,0.376889
802,0,0.000000,0.594742,0.075885,0.001157,0.646449,0.000000,0.000000,0.738095,0.031724,0.336166,0.052078,0.000000,0.411398
803,0,0.000000,0.571144,0.058432,0.001022,0.621658,0.000000,0.000000,0.680823,0.014275,0.322896,0.036231,0.000000,0.369705
804,0,0.000000,0.602948,0.039427,0.001153,0.643528,0.000000,0.000000,0.688622,0.013353,0.357239,0.012419,0.000000,0.368198
805,0,0.000000,0.935738,0.044200,0.001039,0.979783,0.000000,0.000000,1.046061,0.028265,0.693059,0.024443,0.000000,0.732747
806,0,0.000000,0.847171,0.039049,0.000987,0.881985,0.000000,0.000000,0.962479,0.017658,0.598390,0.019311,0.000000,0.619272
807,0,0.000000,0.819592,0.062174,0.000983,0.876389,0.000000,0.000000,0.929644,0.015059,0.530811,0.045035,0.000000,0.589839
808,0,0.000000,0.822041,0.049981,0.000884,0.870080,0.000000,0.000000,0.936428,0.015648,0.573131,0.030975,0.000000,0.611218
809,0,0.000000,0.814643,0.082622,0.001032,0.886595,0.000000,0.000000,0.941100,0.016645,0.539586,0.061435,0.000000,0.610949
810,0,0.000000,0.791482,0.088537,0.000843,0.878638,0.000000,0.000000,0.927794,0.016447,0.503252,0.065824,0.000000,0.578200
811,0,0.000000,0.824144,0.088235,0.000888,0.907399,0.000000,0.000000,0.969074,0.013468,0.516828,0.064665,0.000000,0.591364
812,0,0.000000,0.813970,0.053749,0.001098,0.868817,0.000000,0.000000,0.914821,0.016883,0.522404,0.028860,0.000000,0.558263
813,0,0.000000,0.876975,0.046313,0.000867,0.924155,0.000000,0.000000,1.006680,0.015392,0.640131,0.003749,0.000000,0.657781
814,0,0.000000,0.811045,0.052201,0.000971,0.864217,0.000000,0.000000,0.915334,0.018208,0.619318,0.026902,0.000000,0.663407
815,0,0.000000,0.840184,0.029660,0.000959,0.870683,0.000000,0.000000,0.967750,0.039135,0.656900,0.017573,0.000000,0.707130
816,0,0.000000,0.732678,0.025614,0.000680,0.758972,0.000000,0.000000,0.793446,0.015753,0.515925,0.009228,0.000000,0.539260
817,0,0.000000,0.788945,0.048423,0.000801,0.833107,0.000000,0.000000,0.874328,0.010610,0.608280,0.030469,0.000000,0.646124
818,0,0.000000,0.709147,0.057750,0.000647,0.756988,0.000000,0.000000,0.802481,0.012616,0.528883,0.037241,0.000000,0.574022
819,0,0.000000,0.614820,0.048032,0.000639,0.663434,0.000000,0.000000,0.695682,0.010849,0.421622,0.018645,0.000000,0.448717
820,0,0.000000,0.677198,0.070646,0.000685,0.748492,0.000000,0.000000,0.782281,0.010556,0.482918,0.040930,0.000000,0.529636
821,0,0.000000,0.702686,0.044342,0.001278,0.736824,0.000000,0.000000,0.982400,0.010130,0.666992,0.021582,0.000000,0.696929
822,0,0.000000,0.697971,0.045976,0.001177,0.728802,0.000000,0.000000,0.784790,0.025506,0.496797,0.028138,0.000000,0.541646
823,0,0.000000,0.625082,0.053652,0.001244,0.679342,0.000000,0.000000,0.735906,0.011909,0.463546,0.029421,0.000000,0.500130
824,0,0.000000,0.640413,0.048899,0.001139,0.678848,0.000000,0.000000,0.723439,0.012177,0.451364,0.029280,0.000000,0.487295
825,0,0.000000,0.637649,0.052241,0.001144,0.689256,0.000000,0.000000,0.733383,0.013583,0.435775,0.030608,0.000000,0.476344
826,0,0.000000,0.621159,0.051157,0.001192,0.671678,0.000000,0.000000,0.712506,0.012851,0.440579,0.035884,0.000000,0.487476
827,0,0.000000,0.692173,0.050879,0.001272,0.731678,0.000000,0.000000,0.780237,0.014790,0.498977,0.036658,0.000000,0.543337
828,0,0.000000,0.665122,0.050035,0.001233,0.689565,0.000000,0.000000,0.772949,0.013461,0.495218,0.032598,0.000000,0.532728
829,0,0.000000,0.703664,0.085187,0.001036,0.788180,0.000000,0.000000,0.832825,0.021837,0.438980,0.058943,0.000000,0.515543
830,0,0.000000,0.652039,0.066879,0.001158,0.706663,0.000000,0.000000,0.759172,0.014055,0.379472,0.042716,0.000000,0.432340
831,0,0.000000,0.653513,0.066057,0.001253,0.720598,0.000000,0.000000,0.769438,0.014328,0.414301,0.047051,0.000000,0.467315
832,0,0.000000,0.671086,0.052221,0.001231,0.708758,0.000000,0.000000,0.763165,0.013928,0.398873,0.033685,0.000000,0.443024
833,0,0.000000,0.921697,0.064547,0.001242,0.978775,0.000000,0.000000,1.029082,0.013795,0.678801,0.044960,0.000000,0.732568
834,0,0.000000,0.684177,0.057407,0.001222,0.740131,0.000000,0.000000,0.787356,0.016782,0.447286,0.035741,0.000000,0.493120
835,0,0.000000,0.674227,0.088537,0.001296,0.733045,0.000000,0.000000,0.822209,0.013955,0.426736,0.063680,0.000000,0.493690
836,0,0.000000,0.684045,0.070236,0.001374,0.727981,0.000000,0.000000,0.843757,0.021810,0.484763,0.050740,0.000000,0.526506
837,0,0.000000,0.677299,0.060038,0.001358,0.735016,0.000000,0.000000,0.776478,0.014681,0.431282,0.037334,0.000000,0.474273
838,0,0.000000,0.682038,0.056162,0.001247,0.736823,0.000000,0.000000,0.783117,0.013875,0.429750,0.032624,0.000000,0.472665
839,0,0.000000,0.666702,0.057089,0.001207,0.724908,0.000000,0.000000,0.768469,0.014126,0.433030,0.036094,0.000000,0.476316
840,0,0.000000,0.723247,0.089348,0.001397,0.810344,0.000000,0.000000,0.869718,0.061788,0.387806,0.065959,0.000000,0.506477
841,0,0.000000,0.672693,0.054281,0.001267,0.725174,0.000000,0.000000,0.796208,0.022759,0.450286,0.037587,0.000000,0.500777
842,0,0.000000,0.684985,0.084909,0.001030,0.758222,0.000000,0.000000,0.812106,0.014378,0.428123,0.061212,0.000000,0.495859
843,0,0.000000,0.691819,0.080687,0.001343,0.750859,0.000000,0.000000,0.848137,0.015763,0.455234,0.055804,0.000000,0.521437
844,0,0.000000,0.704523,0.074929,0.001164,0.760948,0.000000,0.000000,0.820316,0.013521,0.468473,0.049085,0.000000,0.524440
845,0,0.000000,0.648739,0.066010,0.000934,0.715683,0.000000,0.000000,0.757089,0.014267,0.394785,0.047181,0.000000,0.450815
846,0,0.000000,0.648944,0.052780,0.001215,0.700228,0.000000,0.000000,0.756861,0.014425,0.425386,0.035142,0.000000,0.466470
847,0,0.000000,0.688101,0.082209,0.001224,0.760842,0.000000,0.000000,0.814470,0.015426,0.418499,0.060251,0.000000,0.490341
848,0,0.000000,0.670219,0.071207,0.001157,0.725433,0.000000,0.000000,0.782677,0.013840,0.424940,0.049494,0.000000,0.484057
849,0,0.000000,0.702910,0.055978,0.001367,0.757562,0.000000,0.000000,0.804261,0.014412,0.447052,0.035212,0.000000,0.486722
850,0,0.000000,0.712390,0.067565,0.001150,0.766836,0.000000,0.000000,0.828366,0.015494,0.458352,0.048051,0.000000,0.514759
851,0,0.000000,0.653821,0.055414,0.001280,0.704884,0.000000,0.000000,0.758884,0.014877,0.417430,0.040184,0.000000,0.465214
852,0,0.000000,0.653575,0.066072,0.001207,0.709648,0.000000,0.000000,0.765216,0.016554,0.416297,0.045633,0.000000,0.470564
853,0,0.000000,0.672501,0.055144,0.001248,0.727036,0.000000,0.000000,0.769252,0.013913,0.427848,0.035088,0.000000,0.473302
854,0,0.000000,0.664139,0.066911,0.001266,0.730307,0.000000,0.000000,0.773413,0.013484,0.431897,0.040617,0.000000,0.461906
855,0,0.000000,0.670687,0.056209,0.001220,0.727343,0.000000,0.000000,0.780153,0.013970,0.426490,0.034853,0.000000,0.468824
856,0,0.000000,0.667241,0.054317,0.001190,0.719591,0.000000,0.000000,0.767062,0.013840,0.435211,0.036688,0.000000,0.461198
857,0,0.000000,0.870682,0.069371,0.001169,0.918032,0.000000,0.000000,0.982770,0.013316,0.624620,0.053451,0.000000,0.685132
858,0,0.000000,0.660729,0.070299,0.001255,0.717071,0.000000,0.000000,0.776864,0.017258,0.427970,0.048475,0.000000,0.485107
859,0,0.000000,0.985753,0.047435,0.000910,1.028948,0.000000,0.000000,1.096256,0.013105,0.688686,0.004985,0.000000,0.700035
860,0,0.000000,0.669421,0.042991,0.000955,0.707696,0.000000,0.000000,0.757524,0.022049,0.462960,0.001795,0.000000,0.486350
861,0,0.000000,0.715582,0.066815,0.001977,0.782311,0.000000,0.000000,0.831031,0.013747,0.400273,0.050624,0.000000,0.454502
862,0,0.000000,0.893440,0.042824,0.000787,0.926262,0.000000,0.000000,0.990219,0.024578,0.608827,0.023004,0.000000,0.653880
863,0,0.000000,0.624060,0.053211,0.000843,0.661082,0.000000,0.000000,0.715933,0.015311,0.336957,0.035642,0.000000,0.383699
864,0,0.000000,0.679575,0.064359,0.000927,0.726726,0.000000,0.000000,0.837323,0.013215,0.442151,0.043659,0.000000,0.498092
865,0,0.000000,0.613405,0.032969,0.000742,0.642021,0.000000,0.000000,0.731638,0.018576,0.337156,0.016846,0.000000,0.368058
866,0,0.000000,0.755151,0.040393,0.000975,0.788347,0.000000,0.000000,0.849735,0.016357,0.501298,0.022515,0.000000,0.536190
867,0,0.000000,0.511921,0.064485,0.000749,0.576390,0.000000,0.000000,0.617168,0.016865,0.271642,0.042768,0.000000,0.320612
868,0,0.000000,0.617026,0.105809,0.002326,0.650254,0.000000,0.000000,0.776936,0.013028,0.380677,0.019106,0.000000,0.407450
869,0,0.000000,0.617454,0.056589,0.000792,0.649388,0.000000,0.000000,0.723750,0.021370,0.369067,0.039802,0.000000,0.427337
870,0,0.000000,0.561980,0.093222,0.000709,0.627399,0.000000,0.000000,0.691857,0.012663,0.318365,0.073635,0.000000,0.397388
871,0,0.000000,0.543920,0.061542,0.001374,0.583979,0.000000,0.000000,0.644914,0.011356,0.304216,0.043575,0.000000,0.351740
872,0,0.000000,0.574870,0.093377,0.000802,0.644148,0.000000,0.000000,0.713623,0.017068,0.342754,0.072641,0.000000,0.425698
873,0,0.000000,0.550395,0.117150,0.001022,0.623464,0.000000,0.000000,0.711814,0.012857,0.315955,0.092491,0.000000,0.417005
874,0,0.000000,0.526280,0.093205,0.000827,0.595549,0.000000,0.000000,0.663295,0.018730,0.285952,0.072541,0.000000,0.368892
875,0,0.000000,0.532111,0.085088,0.000634,0.600679,0.000000,0.000000,0.652518,0.010975,0.260501,0.066070,0.000000,0.330485
876,0,0.000000,0.528002,0.093273,0.000668,0.588688,0.000000,0.000000,0.676075,0.012768,0.304630,0.069934,0.000000,0.383004
877,0,0.000000,0.509492,0.035339,0.000901,0.533556,0.000000,0.000000,0.579863,0.013097,0.268275,0.018503,0.000000,0.295999
878,0,0.000000,0.570811,0.076082,0.000879,0.631757,0.000000,0.000000,0.683788,0.011515,0.334325,0.057042,0.000000,0.398058
879,0,0.000000,0.498934,0.045438,0.000779,0.545151,0.000000,0.000000,0.596952,0.113229,0.275981,0.025659,0.000000,0.311994
880,0,0.000000,0.368588,0.043941,0.000702,0.412960,0.000000,0.000000,0.456825,0.023165,0.134958,0.022652,0.000000,0.175057
881,0,0.000000,0.399128,0.047936,0.000699,0.447532,0.000000,0.000000,0.490965,0.010475,0.150231,0.026886,0.000000,0.181668
882,0,0.000000,0.367091,0.040358,0.000690,0.407961,0.000000,0.000000,0.443733,0.010401,0.134639,0.017538,0.000000,0.159165
883,0,0.000000,0.381682,0.035383,0.000735,0.409066,0.000000,0.000000,0.446265,0.012182,0.147909,0.015823,0.000000,0.170963
884,0,0.000000,0.381408,0.035019,0.000647,0.409265,0.000000,0.000000,0.445167,0.009782,0.117530,0.016581,0.000000,0.138586
885,0,0.000000,0.366643,0.062295,0.001462,0.430400,0.000000,0.000000,0.676896,0.008311,0.322314,0.059004,0.000000,0.387638
886,0,0.000000,0.365377,0.027589,0.000690,0.389966,0.000000,0.000000,0.420229,0.027404,0.096974,0.005030,0.000000,0.119634
887,0,0.000000,0.643522,0.027298,0.000928,0.671562,0.000000,0.000000,0.706743,0.007883,0.451035,0.006161,0.000000,0.462401
888,0,0.000000,0.691762,0.049004,0.000705,0.725177,0.000000,0.000000,0.784782,0.016739,0.522822,0.025409,0.000000,0.548295
889,0,0.000000,0.624956,0.031852,0.000685,0.646083,0.000000,0.000000,0.688324,0.012184,0.421762,0.016782,0.000000,0.435887
890,0,0.000000,0.600562,0.037217,0.000655,0.638432,0.000000,0.000000,0.665667,0.009929,0.434432,0.005458,0.000000,0.444728
891,0,0.000000,0.671266,0.026210,0.000688,0.694392,0.000000,0.000000,0.741774,0.007998,0.503574,0.003464,0.000000,0.514650
892,0,0.000000,0.651088,0.029398,0.000705,0.673847,0.000000,0.000000,0.725818,0.020455,0.474409,0.013464,0.000000,0.508121
893,0,0.000000,0.628330,0.039566,0.000670,0.668566,0.000000,0.000000,0.704304,0.012581,0.442208,0.005316,0.000000,0.457714
894,0,0.000000,0.631990,0.060511,0.000705,0.689986,0.000000,0.000000,0.725432,0.010073,0.427055,0.002907,0.000000,0.437441
895,0,0.000000,0.624673,0.061620,0.000946,0.674193,0.000000,0.000000,0.843270,0.013287,0.547929,0.003990,0.000000,0.562458
896,0,0.000000,0.602292,0.041085,0.000828,0.639255,0.000000,0.000000,0.716167,0.018577,0.442235,0.001791,0.000000,0.461484
897,0,0.000000,0.738250,0.034452,0.000932,0.773634,0.000000,0.000000,0.860663,0.122013,0.548404,0.006566,0.000000,0.570528
898,0,0.000000,0.626456,0.036816,0.000643,0.659296,0.000000,0.000000,0.713131,0.013043,0.421647,0.002546,0.000000,0.435806
899,0,0.000000,0.621059,0.046453,0.000756,0.656222,0.000000,0.000000,0.706456,0.014373,0.431866,0.002543,0.000000,0.446811
900,0,0.000000,0.618320,0.029923,0.000672,0.646261,0.000000,0.000000,0.706768,0.013551,0.403077,0.002520,0.000000,0.418051
901,0,0.000000,0.617016,0.059501,0.000663,0.651920,0.000000,0.000000,0.714145,0.013803,0.424120,0.042092,0.000000,0.477250
902,0,0.000000,0.559587,0.052894,0.001720,0.584842,0.000000,0.000000,0.673071,0.012731,0.375076,0.042198,0.000000,0.426609
903,0,0.000000,0.728732,0.045034,0.001189,0.766521,0.000000,0.000000,0.840018,0.030285,0.531666,0.026593,0.000000,0.583562
904,0,0.000000,0.613812,0.066140,0.001592,0.641854,0.000000,0.000000,0.755019,0.015923,0.428068,0.028124,0.000000,0.469909
905,0,0.000000,1.354610,0.091316,0.001892,1.447818,0.000000,0.000000,1.512229,0.025693,1.140732,0.029844,0.000000,1.181571
906,0,0.000000,1.131609,0.044232,0.001229,1.156964,0.000000,0.000000,1.237629,0.021467,0.951434,0.026487,0.000000,0.980682
907,0,0.000000,0.634210,0.044209,0.000998,0.657686,0.000000,0.000000,0.739564,0.023531,0.385377,0.027829,0.000000,0.431699
908,0,0.000000,0.669088,0.057977,0.000927,0.701125,0.000000,0.000000,0.766277,0.012445,0.412616,0.041854,0.000000,0.444659
909,0,0.000000,0.740068,0.055301,0.001212,0.788747,0.000000,0.000000,0.836960,0.013819,0.476929,0.034203,0.000000,0.521879
910,0,0.000000,0.629566,0.044586,0.001003,0.658399,0.000000,0.000000,0.710005,0.013160,0.344426,0.029294,0.000000,0.382788
911,0,0.000000,0.681516,0.045457,0.001038,0.710951,0.000000,0.000000,0.763228,0.012421,0.407481,0.029582,0.000000,0.447651
912,0,0.000000,0.726023,0.049882,0.000964,0.774146,0.000000,0.000000,0.817435,0.016102,0.443830,0.030121,0.000000,0.484071
913,0,0.000000,0.744950,0.113184,0.001034,0.857588,0.000000,0.000000,0.916199,0.014462,0.459258,0.086805,0.000000,0.558206
914,0,0.000000,0.802493,0.066670,0.001045,0.867629,0.000000,0.000000,0.910335,0.015961,0.513651,0.040892,0.000000,0.566863
915,0,0.000000,0.776839,0.044256,0.000975,0.809576,0.000000,0.000000,0.871000,0.030495,0.502784,0.026473,0.000000,0.541262
916,0,0.000000,0.742815,0.070487,0.001047,0.786925,0.000000,0.000000,0.889165,0.019885,0.480953,0.053293,0.000000,0.546427
917,0,0.000000,0.748689,0.053239,0.000939,0.788410,0.000000,0.000000,0.857216,0.030884,0.458678,0.034896,0.000000,0.510396
918,0,0.000000,0.749673,0.058149,0.000864,0.799968,0.000000,0.000000,0.840049,0.014643,0.451099,0.037056,0.000000,0.496383
919,0,0.000000,0.799495,0.040735,0.001134,0.825815,0.000000,0.000000,0.953035,0.012748,0.570706,0.021187,0.000000,0.596573
920,0,0.000000,0.591456,0.046018,0.000708,0.638141,0.000000,0.000000,0.680001,0.020607,0.307806,0.025366,0.000000,0.343390
921,0,0.000000,0.516953,0.055835,0.000664,0.573452,0.000000,0.000000,0.603235,0.010912,0.242513,0.031413,0.000000,0.283234
922,0,0.000000,0.532564,0.073033,0.000654,0.606251,0.000000,0.000000,0.640878,0.009360,0.331599,0.048667,0.000000,0.379137
923,0,0.000000,0.619448,0.137050,0.000680,0.757178,0.000000,0.000000,0.791056,0.012668,0.398725,0.108137,0.000000,0.498890
924,0,0.000000,0.519612,0.096490,0.000700,0.616802,0.000000,0.000000,0.649416,0.012811,0.318839,0.070626,0.000000,0.375815
925,0,0.000000,0.516377,0.029128,0.000654,0.546149,0.000000,0.000000,0.625137,0.011035,0.307076,0.012376,0.000000,0.325324
926,0,0.000000,0.506396,0.052131,0.000622,0.559122,0.000000,0.000000,0.587889,0.047407,0.299212,0.026373,0.000000,0.313623
927,0,0.000000,0.489480,0.082274,0.000660,0.572414,0.000000,0.000000,0.621386,0.011343,0.323777,0.058302,0.000000,0.335566
928,0,0.000000,0.484742,0.082538,0.000662,0.567847,0.000000,0.000000,0.595978,0.010362,0.303812,0.059085,0.000000,0.311876
929,0,0.000000,0.502241,0.129012,0.000716,0.631844,0.000000,0.000000,0.667688,0.008147,0.312016,0.099966,0.000000,0.333304
930,0,0.000000,0.505968,0.127866,0.000682,0.634496,0.000000,0.000000,0.665533,0.008581,0.324882,0.102061,0.000000,0.352326
931,0,0.000000,0.489786,0.070191,0.000715,0.560558,0.000000,0.000000,0.591036,0.010386,0.316692,0.046180,0.000000,0.326254
932,0,0.000000,0.497505,0.065617,0.000709,0.563721,0.000000,0.000000,0.591104,0.008108,0.311876,0.037151,0.000000,0.322729
933,0,0.000000,0.491991,0.023374,0.000697,0.512971,0.000000,0.000000,0.554314,0.011324,0.314724,0.010715,0.000000,0.336403
934,0,0.000000,0.527175,0.056728,0.000699,0.584526,0.000000,0.000000,0.646141,0.017372,0.346427,0.054581,0.000000,0.417775
935,0,0.000000,0.701997,0.176069,0.000778,0.737597,0.000000,0.000000,0.983640,0.025969,0.545634,0.155258,0.000000,0.726679
936,0,0.000000,0.532718,0.081406,0.000695,0.614766,0.000000,0.000000,0.650880,0.012275,0.351406,0.059141,0.000000,0.421087
937,0,0.000000,0.520724,0.100899,0.000680,0.622283,0.000000,0.000000,0.651458,0.020457,0.319215,0.078818,0.000000,0.418490
938,0,0.000000,0.550771,0.024188,0.000680,0.574168,0.000000,0.000000,0.611164,0.009162,0.375195,0.007644,0.000000,0.390339
939,0,0.000000,0.527937,0.056439,0.000667,0.584988,0.000000,0.000000,0.627584,0.018885,0.331235,0.043978,0.000000,0.393589
940,0,0.000000,0.510793,0.058723,0.000675,0.570142,0.000000,0.000000,0.632835,0.009213,0.288398,0.058691,0.000000,0.334900
941,0,0.000000,0.562563,0.155430,0.000709,0.718675,0.000000,0.000000,0.774796,0.013592,0.403077,0.133881,0.000000,0.546174
942,0,0.000000,0.521888,0.060964,0.001864,0.572466,0.000000,0.000000,0.744391,0.012645,0.443420,0.046383,0.000000,0.501643
943,0,0.000000,0.739459,0.049165,0.000863,0.781223,0.000000,0.000000,0.857334,0.021768,0.552132,0.016729,0.000000,0.585326
944,0,0.000000,0.613582,0.073200,0.000710,0.687492,0.000000,0.000000,0.750669,0.025120,0.418842,0.050943,0.000000,0.482841
945,0,0.000000,0.548894,0.027328,0.000739,0.575468,0.000000,0.000000,0.617202,0.011942,0.358256,0.010592,0.000000,0.378878
946,0,0.000000,0.525463,0.056443,0.000750,0.582589,0.000000,0.000000,0.607000,0.036154,0.319073,0.038905,0.000000,0.366483
947,0,0.000000,0.539694,0.098319,0.000756,0.638730,0.000000,0.000000,0.676134,0.012551,0.330186,0.077698,0.000000,0.411066
948,0,0.000000,0.504747,0.095687,0.000686,0.601005,0.000000,0.000000,0.636695,0.009375,0.314828,0.071011,0.000000,0.394643
949,0,0.000000,0.513965,0.029719,0.000771,0.531621,0.000000,0.000000,0.583317,0.008836,0.327437,0.003171,0.000000,0.337128
950,0,0.000000,0.466712,0.052475,0.000703,0.519651,0.000000,0.000000,0.551508,0.013478,0.266659,0.003056,0.000000,0.281044
951,0,0.000000,0.482292,0.044771,0.000760,0.527549,0.000000,0.000000,0.569754,0.008837,0.286744,0.006706,0.000000,0.297425
952,0,0.000000,0.578754,0.022542,0.000750,0.601162,0.000000,0.000000,0.659888,0.018219,0.397672,0.019079,0.000000,0.408217
953,0,0.000000,0.550997,0.090928,0.000728,0.642579,0.000000,0.000000,0.673764,0.012408,0.348202,0.061974,0.000000,0.361527
954,0,0.000000,0.515213,0.120794,0.000733,0.636670,0.000000,0.000000,0.673770,0.011542,0.311411,0.090572,0.000000,0.322137
955,0,0.000000,0.503447,0.088736,0.000730,0.590108,0.000000,0.000000,0.629398,0.009754,0.312687,0.058173,0.000000,0.322698
956,0,0.000000,0.530516,0.068876,0.000769,0.600066,0.000000,0.000000,0.647350,0.012567,0.346969,0.043693,0.000000,0.361597
957,0,0.000000,0.601336,0.026408,0.000714,0.624301,0.000000,0.000000,0.748118,0.015994,0.447743,0.011786,0.000000,0.465167
958,0,0.000000,0.497685,0.079897,0.000684,0.574736,0.000000,0.000000,0.616520,0.020350,0.241774,0.058898,0.000000,0.315419
959,0,0.000000,0.517661,0.101427,0.000824,0.619912,0.000000,0.000000,0.650632,0.009014,0.271090,0.077672,0.000000,0.345851
960,0,0.000000,0.526954,0.185777,0.000672,0.662320,0.000000,0.000000,0.754466,0.012767,0.273523,0.163464,0.000000,0.448698
961,0,0.000000,0.489696,0.024256,0.000849,0.513392,0.000000,0.000000,0.573249,0.012878,0.256586,0.006066,0.000000,0.270077
962,0,0.000000,0.528746,0.067183,0.000797,0.596617,0.000000,0.000000,0.636609,0.013653,0.277982,0.046992,0.000000,0.328659
963,0,0.000000,0.520323,0.188319,0.001985,0.709421,0.000000,0.000000,0.738337,0.019442,0.262217,0.167138,0.000000,0.442298
964,0,0.000000,0.530267,0.286148,0.003699,0.653347,0.000000,0.000000,0.957960,0.011441,0.279946,0.370676,0.000000,0.596502
965,0,0.000000,0.698759,0.072462,0.001163,0.747479,0.000000,0.000000,0.836736,0.026878,0.404717,0.049911,0.000000,0.475440
966,0,0.000000,0.839762,0.045065,0.001171,0.877833,0.000000,0.000000,0.953591,0.017091,0.539481,0.025925,0.000000,0.576852
967,0,0.000000,0.684597,0.131990,0.001157,0.802894,0.000000,0.000000,0.896200,0.023679,0.395762,0.111072,0.000000,0.523944
968,0,0.000000,0.682717,0.102023,0.001366,0.769236,0.000000,0.000000,0.831025,0.017130,0.404768,0.080880,0.000000,0.499019
969,0,0.000000,0.690347,0.058947,0.001171,0.738837,0.000000,0.000000,0.802970,0.016802,0.414034,0.041126,0.000000,0.466451
970,0,0.000000,0.685982,0.046765,0.001459,0.733848,0.000000,0.000000,0.780230,0.017614,0.409675,0.029324,0.000000,0.452232
971,0,0.000000,0.696322,0.045271,0.001220,0.742518,0.000000,0.000000,0.792240,0.016895,0.421151,0.028510,0.000000,0.464039
972,0,0.000000,0.684446,0.169305,0.001089,0.752469,0.000000,0.000000,0.929551,0.036445,0.406506,0.151826,0.000000,0.594396
973,0,0.000000,0.701536,0.092410,0.001029,0.752257,0.000000,0.000000,0.835831,0.014993,0.413952,0.072100,0.000000,0.496603
974,0,0.000000,0.699234,0.072694,0.001259,0.747948,0.000000,0.000000,0.819829,0.015691,0.391324,0.048978,0.000000,0.451340
975,0,0.000000,0.680230,0.115685,0.001180,0.728721,0.000000,0.000000,0.851757,0.017676,0.411239,0.100117,0.000000,0.523016
976,0,0.000000,0.694344,0.058104,0.001196,0.742771,0.000000,0.000000,0.798659,0.022214,0.427959,0.039662,0.000000,0.478793
977,0,0.000000,0.681965,0.080897,0.001373,0.732850,0.000000,0.000000,0.807930,0.014855,0.393458,0.059558,0.000000,0.465227
978,0,0.000000,0.703449,0.107806,0.001275,0.767636,0.000000,0.000000,0.894420,0.014311,0.426346,0.113645,0.000000,0.551476
979,0,0.000000,0.696371,0.074043,0.001227,0.746639,0.000000,0.000000,0.822902,0.017121,0.406924,0.053260,0.000000,0.472649
980,0,0.000000,0.705903,0.058579,0.001196,0.754618,0.000000,0.000000,0.846483,0.014519,0.440057,0.075373,0.000000,0.490865
981,0,0.000000,0.684445,0.055817,0.001141,0.733180,0.000000,0.000000,0.780940,0.016563,0.410435,0.030456,0.000000,0.451764
982,0,0.000000,0.683872,0.055996,0.001528,0.731663,0.000000,0.000000,0.807940,0.018412,0.430866,0.037906,0.000000,0.451150
983,0,0.000000,0.760389,0.058918,0.001442,0.820240,0.000000,0.000000,0.887361,0.026558,0.501644,0.040502,0.000000,0.563940
984,0,0.000000,0.718438,0.046526,0.001231,0.757474,0.000000,0.000000,0.808549,0.018615,0.439538,0.030405,0.000000,0.487693
985,0,0.000000,0.727998,0.046237,0.001151,0.775226,0.000000,0.000000,0.819907,0.017924,0.511499,0.027870,0.000000,0.554301
986,0,0.000000,0.665740,0.049608,0.001353,0.716664,0.000000,0.000000,0.846659,0.014845,0.556967,0.029523,0.000000,0.597986
987,0,0.000000,0.721887,0.046892,0.001318,0.769919,0.000000,0.000000,0.814138,0.014937,0.533024,0.032441,0.000000,0.576356
988,0,0.000000,0.718487,0.048735,0.001351,0.768021,0.000000,0.000000,0.833241,0.025769,0.540689,0.028330,0.000000,0.580123
989,0,0.000000,0.702811,0.048264,0.001088,0.752104,0.000000,0.000000,0.796191,0.013400,0.494409,0.033155,0.000000,0.535742
990,0,0.000000,0.706580,0.072249,0.001010,0.769584,0.000000,0.000000,0.830832,0.013677,0.496509,0.044185,0.000000,0.541552
991,0,0.000000,0.729355,0.048709,0.001154,0.779113,0.000000,0.000000,0.819879,0.016278,0.521847,0.032020,0.000000,0.563275
992,0,0.000000,0.731136,0.048421,0.001170,0.780662,0.000000,0.000000,0.840302,0.013111,0.538803,0.032280,0.000000,0.566166
993,0,0.000000,0.991897,0.049604,0.001304,1.020714,0.000000,0.000000,1.116866,0.033314,0.764466,0.032347,0.000000,0.828244
994,0,0.000000,0.741959,0.048965,0.001370,0.791980,0.000000,0.000000,0.884091,0.014736,0.534665,0.066508,0.000000,0.614808
995,0,0.000000,0.599160,0.057003,0.000818,0.645395,0.000000,0.000000,0.705058,0.017643,0.375842,0.005758,0.000000,0.393937
996,0,0.000000,0.535787,0.040187,0.000818,0.564553,0.000000,0.000000,0.644510,0.015002,0.348033,0.007251,0.000000,0.363518
997,0,0.000000,0.525708,0.040101,0.000785,0.554109,0.000000,0.000000,0.606963,0.013603,0.311062,0.014571,0.000000,0.325702
998,0,0.000000,0.557107,0.087875,0.000845,0.645619,0.000000,0.000000,0.684730,0.010031,0.348084,0.055628,0.000000,0.358097
999,0,0.000000,0.546997,0.065261,0.000782,0.607204,0.000000,0.000000,0.657013,0.010554,0.316570,0.032843,0.000000,0.327078
1000,0,0.000000,0.506694,0.046117,0.000773,0.536357,0.000000,0.000000,0.583247,0.013183,0.285119,0.015987,0.000000,0.298827
1001,0,0.000000,0.785212,0.056994,0.001162,0.831347,0.000000,0.000000,0.897581,0.102830,0.555842,0.034710,0.000000,0.596321
1002,0,0.000000,0.767711,0.050093,0.001001,0.818805,0.000000,0.000000,0.971276,0.030755,0.449816,0.030195,0.000000,0.501057
1003,0,0.000000,0.779626,0.052293,0.001250,0.833169,0.000000,0.000000,0.886844,0.018441,0.506726,0.037945,0.000000,0.558578
1004,0,0.000000,0.756637,0.075969,0.001192,0.811121,0.000000,0.000000,0.877855,0.017005,0.489331,0.050628,0.000000,0.552767
1005,0,0.000000,0.742179,0.050918,0.001053,0.794150,0.000000,0.000000,0.835340,0.036153,0.456622,0.032621,0.000000,0.521471
1006,0,0.000000,0.787010,0.082577,0.001358,0.841712,0.000000,0.000000,0.949069,0.015208,0.542769,0.058228,0.000000,0.613088
1007,0,0.000000,0.748503,0.053454,0.001121,0.803078,0.000000,0.000000,0.850763,0.016488,0.478515,0.034007,0.000000,0.525606
1008,0,0.000000,0.799460,0.059201,0.001261,0.855349,0.000000,0.000000,0.899653,0.015747,0.519322,0.037314,0.000000,0.569061
1009,0,0.000000,0.796055,0.056777,0.001186,0.850060,0.000000,0.000000,1.108765,0.017961,0.694973,0.036329,0.000000,0.742412
1010,0,0.000000,0.776478,0.086840,0.001301,0.833058,0.000000,0.000000,0.910134,0.020568,0.491851,0.063715,0.000000,0.572090
1011,0,0.000000,0.758068,0.067042,0.001252,0.821616,0.000000,0.000000,0.864869,0.016061,0.478033,0.040693,0.000000,0.531115
1012,0,0.000000,0.789381,0.073968,0.001295,0.846177,0.000000,0.000000,0.912039,0.016195,0.505169,0.050931,0.000000,0.568808
1013,0,0.000000,0.775602,0.088630,0.001329,0.832402,0.000000,0.000000,0.907840,0.017676,0.504089,0.066616,0.000000,0.584205
1014,0,0.000000,0.780497,0.075277,0.001293,0.838211,0.000000,0.000000,0.942354,0.049348,0.553881,0.052630,0.000000,0.619911
1015,0,0.000000,0.781863,0.075612,0.001325,0.840166,0.000000,0.000000,0.898119,0.016658,0.514578,0.054356,0.000000,0.581883
1016,0,0.000000,0.839373,0.072547,0.001289,0.894967,0.000000,0.000000,0.992606,0.015708,0.558928,0.048197,0.000000,0.618793
1017,0,0.000000,0.777190,0.068282,0.001461,0.834963,0.000000,0.000000,0.899357,0.017817,0.515247,0.047901,0.000000,0.576198
1018,0,0.000000,0.803863,0.051608,0.001309,0.856767,0.000000,0.000000,0.954039,0.024187,0.559683,0.033370,0.000000,0.607633
1019,0,0.000000,0.781723,0.052154,0.001334,0.835211,0.000000,0.000000,0.874217,0.041269,0.509253,0.038475,0.000000,0.564255
1020,0,0.000000,0.811336,0.062086,0.001324,0.866354,0.000000,0.000000,0.921778,0.014286,0.556541,0.038428,0.000000,0.606227
1021,0,0.000000,0.780937,0.096557,0.001192,0.840188,0.000000,0.000000,0.927823,0.014488,0.523128,0.072140,0.000000,0.607717
1022,0,0.000000,0.766189,0.066841,0.001111,0.834141,0.000000,0.000000,0.874789,0.014514,0.506099,0.031734,0.000000,0.549880
1023,0,0.000000,0.767402,0.069067,0.001042,0.819283,0.000000,0.000000,0.910294,0.013379,0.531740,0.052873,0.000000,0.595894
1024,0,0.000000,0.780366,0.053217,0.001260,0.834703,0.000000,0.000000,0.878086,0.014754,0.511462,0.035705,0.000000,0.558312
1025,0,0.000000,0.784619,0.061473,0.001443,0.839232,0.000000,0.000000,0.906674,0.029329,0.518218,0.042314,0.000000,0.588337
1026,0,0.000000,0.765940,0.054417,0.001452,0.821553,0.000000,0.000000,0.860139,0.015122,0.499318,0.034890,0.000000,0.546069
1027,0,0.000000,0.792348,0.078506,0.001326,0.856219,0.000000,0.000000,0.914290,0.013085,0.516273,0.061022,0.000000,0.588182
1028,0,0.000000,0.762334,0.076476,0.001387,0.819807,0.000000,0.000000,0.881804,0.013854,0.495530,0.053143,0.000000,0.559985
1029,0,0.000000,0.800592,0.064070,0.001214,0.855941,0.000000,0.000000,0.913536,0.025438,0.537889,0.040304,0.000000,0.589126
1030,0,0.000000,0.753772,0.054687,0.001318,0.808525,0.000000,0.000000,0.875410,0.014580,0.502927,0.032350,0.000000,0.545513
1031,0,0.000000,0.755981,0.050166,0.001246,0.807120,0.000000,0.000000,0.853198,0.015204,0.497578,0.033988,0.000000,0.544197
1032,0,0.000000,0.729552,0.053864,0.001117,0.781781,0.000000,0.000000,0.828341,0.014576,0.464516,0.033904,0.000000,0.509692
1033,0,0.000000,0.795086,0.050432,0.000923,0.830364,0.000000,0.000000,0.920205,0.013010,0.555318,0.029273,0.000000,0.595644
1034,0,0.000000,0.548690,0.071831,0.002030,0.578452,0.000000,0.000000,0.696652,0.015893,0.244801,0.074820,0.000000,0.285425
1035,0,0.000000,0.592804,0.061653,0.001271,0.637003,0.000000,0.000000,0.719196,0.023282,0.384051,0.040644,0.000000,0.438447
1036,0,0.000000,0.582010,0.043061,0.001082,0.620293,0.000000,0.000000,0.664593,0.010271,0.350657,0.027573,0.000000,0.382329
1037,0,0.000000,0.579805,0.047186,0.000737,0.600624,0.000000,0.000000,0.660259,0.015756,0.348184,0.030084,0.000000,0.387065
1038,0,0.000000,0.488773,0.056020,0.000748,0.519213,0.000000,0.000000,0.583156,0.018516,0.234846,0.033003,0.000000,0.274601
1039,0,0.000000,0.471475,0.047845,0.000763,0.499264,0.000000,0.000000,0.547210,0.017605,0.199651,0.027254,0.000000,0.243657
1040,0,0.000000,0.513865,0.042129,0.000669,0.544447,0.000000,0.000000,0.585987,0.027506,0.243060,0.020393,0.000000,0.266083
1041,0,0.000000,0.474936,0.038520,0.000709,0.505032,0.000000,0.000000,0.549440,0.010539,0.223387,0.016682,0.000000,0.247036
1042,0,0.000000,0.472662,0.035870,0.000710,0.501828,0.000000,0.000000,0.542101,0.015255,0.218892,0.013381,0.000000,0.237919
1043,0,0.000000,0.475508,0.035329,0.000680,0.500843,0.000000,0.000000,0.547984,0.008307,0.221702,0.020571,0.000000,0.247206
1044,0,0.000000,0.490405,0.086586,0.001580,0.515372,0.000000,0.000000,0.616607,0.013830,0.226779,0.078651,0.000000,0.311104
1045,0,0.000000,0.483500,0.038763,0.000682,0.505250,0.000000,0.000000,0.581212,0.017155,0.232096,0.024453,0.000000,0.272725
1046,0,0.000000,0.464125,0.049604,0.000638,0.488988,0.000000,0.000000,0.550840,0.013923,0.200918,0.035682,0.000000,0.245892
1047,0,0.000000,0.522220,0.066035,0.000786,0.553350,0.000000,0.000000,0.627130,0.013527,0.239134,0.050548,0.000000,0.289370
1048,0,0.000000,0.459711,0.056927,0.000704,0.487642,0.000000,0.000000,0.546339,0.010825,0.202231,0.035790,0.000000,0.247261
1049,0,0.000000,0.458696,0.052413,0.000699,0.485563,0.000000,0.000000,0.540046,0.009832,0.204380,0.035459,0.000000,0.245595
1050,0,0.000000,0.476617,0.042729,0.000837,0.502418,0.000000,0.000000,0.552526,0.009781,0.222193,0.025239,0.000000,0.252285
1051,0,0.000000,0.446594,0.043419,0.000652,0.481905,0.000000,0.000000,0.528842,0.015345,0.193427,0.025741,0.000000,0.225396
1052,0,0.000000,0.444539,0.045161,0.000649,0.469260,0.000000,0.000000,0.530591,0.011038,0.189987,0.026091,0.000000,0.225760
1053,0,0.000000,0.445326,0.065519,0.000649,0.472363,0.000000,0.000000,0.543366,0.013433,0.180757,0.045842,0.000000,0.231691
1054,0,0.000000,0.499653,0.081629,0.000709,0.573966,0.000000,0.000000,0.627759,0.027265,0.203710,0.059315,0.000000,0.271895
1055,0,0.000000,0.446667,0.025765,0.000658,0.473090,0.000000,0.000000,0.517158,0.013013,0.171129,0.002212,0.000000,0.184820
1056,0,0.000000,0.451108,0.037172,0.000672,0.477798,0.000000,0.000000,0.514889,0.009111,0.182839,0.014747,0.000000,0.205085
1057,0,0.000000,0.455958,0.035669,0.000591,0.481862,0.000000,0.000000,0.524922,0.008544,0.181722,0.017421,0.000000,0.205592
1058,0,0.000000,0.459908,0.041078,0.000839,0.485792,0.000000,0.000000,0.581647,0.013485,0.190745,0.070562,0.000000,0.266715
1059,0,0.000000,0.456370,0.045703,0.001032,0.494998,0.000000,0.000000,0.570473,0.044657,0.144188,0.024064,0.000000,0.189331
1060,0,0.000000,0.815124,0.056706,0.001367,0.873197,0.000000,0.000000,0.976254,0.011336,0.577772,0.037230,0.000000,0.619437
1061,0,0.000000,0.889892,0.097072,0.000882,0.986542,0.000000,0.000000,1.042615,0.024044,0.592464,0.075851,0.000000,0.676398
1062,0,0.000000,0.539280,0.062466,0.000663,0.568440,0.000000,0.000000,0.639765,0.015140,0.254834,0.013248,0.000000,0.274499
1063,0,0.000000,0.569390,0.055303,0.000694,0.616968,0.000000,0.000000,0.660041,0.015675,0.285266,0.035272,0.000000,0.324521
1064,0,0.000000,0.493936,0.061805,0.000639,0.541843,0.000000,0.000000,0.583670,0.011385,0.212026,0.040844,0.000000,0.257590
1065,0,0.000000,0.512820,0.049757,0.000670,0.556020,0.000000,0.000000,0.599606,0.010614,0.227297,0.031406,0.000000,0.262106
1066,0,0.000000,0.504642,0.050009,0.000704,0.552136,0.000000,0.000000,0.591927,0.012436,0.211489,0.027936,0.000000,0.244015
1067,0,0.000000,0.496362,0.044366,0.000639,0.536621,0.000000,0.000000,0.570780,0.013237,0.211027,0.025281,0.000000,0.240602
1068,0,0.000000,0.508768,0.042966,0.000620,0.552350,0.000000,0.000000,0.585466,0.012706,0.226336,0.024031,0.000000,0.255264
1069,0,0.000000,0.505150,0.056912,0.000775,0.555894,0.000000,0.000000,0.609790,0.012057,0.230717,0.037747,0.000000,0.275760
1070,0,0.000000,0.573332,0.063848,0.000654,0.627061,0.000000,0.000000,0.678271,0.012925,0.276217,0.041531,0.000000,0.323161
1071,0,0.000000,0.513532,0.058882,0.000673,0.561385,0.000000,0.000000,0.614217,0.013829,0.230349,0.039334,0.000000,0.277990
1072,0,0.000000,0.512276,0.033391,0.000649,0.545697,0.000000,0.000000,0.581938,0.013394,0.232128,0.011800,0.000000,0.252052
1073,0,0.000000,0.520066,0.058947,0.000839,0.576151,0.000000,0.000000,0.616599,0.012551,0.233036,0.036006,0.000000,0.274990
1074,0,0.000000,0.500391,0.054758,0.000676,0.552715,0.000000,0.000000,0.601055,0.009497,0.221829,0.033067,0.000000,0.258749
1075,0,0.000000,0.487161,0.037099,0.000653,0.519893,0.000000,0.000000,0.560770,0.012548,0.204917,0.017518,0.000000,0.229165
1076,0,0.000000,0.557436,0.049941,0.000697,0.602090,0.000000,0.000000,0.640854,0.011736,0.257520,0.029319,0.000000,0.292300
1077,0,0.000000,0.503847,0.097028,0.000664,0.569862,0.000000,0.000000,0.638251,0.010036,0.217079,0.074293,0.000000,0.297781
1078,0,0.000000,0.530528,0.087813,0.000849,0.614542,0.000000,0.000000,0.686268,0.013624,0.225532,0.081820,0.000000,0.316764
1079,0,0.000000,0.503436,0.056366,0.000688,0.557507,0.000000,0.000000,0.595489,0.013510,0.200117,0.033154,0.000000,0.238207
1080,0,0.000000,0.501775,0.052518,0.000791,0.554927,0.000000,0.000000,0.607946,0.013107,0.213504,0.030842,0.000000,0.248602
1081,0,0.000000,0.485149,0.045393,0.000697,0.529493,0.000000,0.000000,0.564839,0.012069,0.191358,0.022093,0.000000,0.219331
1082,0,0.000000,0.744630,0.042944,0.000982,0.777312,0.000000,0.000000,0.914830,0.009110,0.390751,0.086980,0.000000,0.480732
1083,0,0.000000,0.954742,0.055049,0.001329,0.994993,0.000000,0.000000,1.082979,0.024105,0.588951,0.030826,0.000000,0.634225
1084,0,0.000000,0.558762,0.047778,0.001469,0.604263,0.000000,0.000000,0.697659,0.025423,0.246723,0.028885,0.000000,0.282296
1085,0,0.000000,0.582225,0.038670,0.000921,0.605072,0.000000,0.000000,0.678030,0.023260,0.281704,0.019795,0.000000,0.311437
1086,0,0.000000,0.650526,0.084906,0.001140,0.696903,0.000000,0.000000,0.794259,0.016195,0.359723,0.028676,0.000000,0.400183
1087,0,0.000000,0.643477,0.067621,0.001530,0.709996,0.000000,0.000000,0.757834,0.016611,0.386965,0.040769,0.000000,0.439326
1088,0,0.000000,0.573623,0.037338,0.001024,0.596642,0.000000,0.000000,0.686251,0.018774,0.354659,0.018585,0.000000,0.370508
1089,0,0.000000,0.588105,0.038692,0.001079,0.627609,0.000000,0.000000,0.700785,0.014398,0.328071,0.018302,0.000000,0.359119
1090,0,0.000000,0.401726,0.036182,0.000647,0.438427,0.000000,0.000000,0.474448,0.036597,0.142651,0.017266,0.000000,0.168854
1091,0,0.000000,0.390637,0.029187,0.000618,0.420345,0.000000,0.000000,0.453498,0.011443,0.141709,0.011787,0.000000,0.160333
1092,0,0.000000,0.365384,0.032532,0.000655,0.398521,0.000000,0.000000,0.432719,0.012726,0.128150,0.016885,0.000000,0.153240
1093,0,0.000000,0.430711,0.029048,0.000656,0.460401,0.000000,0.000000,0.494069,0.011291,0.189199,0.012971,0.000000,0.209558
1094,0,0.000000,0.441114,0.026771,0.000662,0.468389,0.000000,0.000000,0.520518,0.018170,0.188339,0.010418,0.000000,0.211006
1095,0,0.000000,0.419374,0.021142,0.000643,0.438135,0.000000,0.000000,0.481494,0.010229,0.175875,0.006134,0.000000,0.189253
1096,0,0.000000,0.683214,0.042804,0.000886,0.726904,0.000000,0.000000,0.972910,0.211874,0.676512,0.005433,0.000000,0.695822
1097,0,0.000000,0.674307,0.043260,0.000690,0.718244,0.000000,0.000000,0.748213,0.013130,0.468108,0.005220,0.000000,0.485921
1098,0,0.000000,0.646996,0.041310,0.000686,0.688992,0.000000,0.000000,0.717859,0.009064,0.448579,0.005578,0.000000,0.461929
1099,0,0.000000,0.693997,0.038923,0.000705,0.733593,0.000000,0.000000,0.771594,0.011044,0.493387,0.004836,0.000000,0.504542
1100,0,0.000000,0.660909,0.029666,0.000693,0.691268,0.000000,0.000000,0.725861,0.010868,0.441393,0.004251,0.000000,0.453899
1101,0,0.000000,0.627527,0.037184,0.000670,0.665350,0.000000,0.000000,0.693555,0.011096,0.411371,0.005912,0.000000,0.425073
1102,0,0.000000,0.623684,0.036827,0.000631,0.661107,0.000000,0.000000,0.685547,0.008953,0.392581,0.006760,0.000000,0.405209
1103,0,0.000000,0.640685,0.034994,0.001080,0.672619,0.000000,0.000000,0.734767,0.008652,0.421147,0.019275,0.000000,0.441535
1104,0,0.000000,0.758528,0.055435,0.001325,0.790260,0.000000,0.000000,0.906203,0.017049,0.527897,0.044112,0.000000,0.552010
1105,0,0.000000,0.800748,0.038892,0.000851,0.840491,0.000000,0.000000,0.886958,0.017090,0.553518,0.008812,0.000000,0.577279
1106,0,0.000000,0.786100,0.039054,0.013566,0.823787,0.000000,0.000000,0.885801,0.030691,0.555993,0.030920,0.000000,0.615193
1107,0,0.000000,0.870555,0.063239,0.001685,0.893459,0.000000,0.000000,0.992316,0.019333,0.619835,0.044245,0.000000,0.680692
1108,0,0.000000,0.580889,0.067553,0.000903,0.641158,0.000000,0.000000,0.694179,0.019222,0.373618,0.051275,0.000000,0.415096
1109,0,0.000000,0.563479,0.041346,0.000797,0.605622,0.000000,0.000000,0.657474,0.012494,0.346458,0.023141,0.000000,0.381044
1110,0,0.000000,0.564530,0.042478,0.000659,0.607623,0.000000,0.000000,0.637930,0.012290,0.358230,0.023429,0.000000,0.387761
1111,0,0.000000,0.589758,0.042100,0.000698,0.632556,0.000000,0.000000,0.662782,0.009224,0.379127,0.024422,0.000000,0.410655
1112,0,0.000000,0.674139,0.032025,0.000823,0.705920,0.000000,0.000000,0.754331,0.010963,0.473534,0.013237,0.000000,0.497100
1113,0,0.000000,0.594179,0.048198,0.000664,0.642880,0.000000,0.000000,0.688797,0.015163,0.399802,0.026883,0.000000,0.435715
1114,0,0.000000,0.535681,0.048968,0.000702,0.585308,0.000000,0.000000,0.619195,0.008502,0.329397,0.030299,0.000000,0.367780
1115,0,0.000000,0.608228,0.041564,0.001115,0.645332,0.000000,0.000000,0.682953,0.010908,0.402478,0.024991,0.000000,0.434805
1116,0,0.000000,0.732412,0.046497,0.001155,0.780064,0.000000,0.000000,0.860447,0.013052,0.512030,0.027804,0.000000,0.550750
1117,0,0.000000,0.711221,0.059680,0.089376,0.772128,0.000000,0.000000,0.996187,0.016712,0.514100,0.039228,0.000000,0.568835
1118,0,0.000000,0.958055,0.057569,0.001517,1.016476,0.000000,0.000000,1.089993,0.027523,0.764309,0.032818,0.000000,0.823548
1119,0,0.000000,0.783684,0.051966,0.001026,0.836676,0.000000,0.000000,0.901670,0.047969,0.544194,0.032882,0.000000,0.625045
1120,0,0.000000,0.896820,0.054374,0.001091,0.952285,0.000000,0.000000,1.003187,0.016098,0.663004,0.030209,0.000000,0.705922
1121,0,0.000000,0.959522,0.067641,0.001551,1.028714,0.000000,0.000000,1.145017,0.063639,0.671102,0.044134,0.000000,0.777819
1122,0,0.000000,0.963760,0.064219,0.001854,1.026038,0.000000,0.000000,1.100995,0.031834,0.722798,0.039493,0.000000,0.756997
1123,0,0.000000,0.928523,0.060257,0.001705,0.990485,0.000000,0.000000,1.090826,0.028110,0.643982,0.059804,0.000000,0.715731
1124,0,0.000000,0.867845,0.059417,0.001675,0.921534,0.000000,0.000000,0.999360,0.016765,0.601512,0.035365,0.000000,0.642879
1125,0,0.000000,0.918185,0.089785,0.001263,0.991627,0.000000,0.000000,1.065816,0.019219,0.594368,0.061698,0.000000,0.671727
1126,0,0.000000,0.781551,0.050654,0.001314,0.823436,0.000000,0.000000,0.893195,0.020932,0.519519,0.031129,0.000000,0.565903
1127,0,0.000000,0.762085,0.055725,0.001593,0.815091,0.000000,0.000000,0.894973,0.014747,0.510260,0.032930,0.000000,0.548975
1128,0,0.000000,0.865894,0.065097,0.001486,0.923287,0.000000,0.000000,1.076614,0.017032,0.657001,0.043897,0.000000,0.714170
1129,0,0.000000,0.920508,0.077168,0.001521,0.981636,0.000000,0.000000,1.087390,0.020389,0.671677,0.058663,0.000000,0.742707
1130,0,0.000000,0.860901,0.067925,0.001530,0.912685,0.000000,0.000000,1.061229,0.022004,0.650078,0.047747,0.000000,0.714872
1131,0,0.000000,0.881726,0.077039,0.001816,0.959115,0.000000,0.000000,1.229332,0.019242,0.656620,0.054210,0.000000,0.702304
1132,0,0.000000,0.983199,0.126148,0.003681,1.103907,0.000000,0.000000,1.199933,0.032977,0.724082,0.104636,0.000000,0.760232
1133,0,0.000000,1.023591,0.085907,0.001521,1.091666,0.000000,0.000000,1.297151,0.033267,0.624797,0.086174,0.000000,0.742006
1134,0,0.000000,0.978019,0.086288,0.002028,1.050141,0.000000,0.000000,1.155657,0.031492,0.739073,0.062408,0.000000,0.764920
1135,0,0.000000,0.866005,0.082250,0.001843,0.927010,0.000000,0.000000,1.040998,0.024922,0.477432,0.062867,0.000000,0.562544
1136,0,0.000000,0.977964,0.056351,0.001413,1.035587,0.000000,0.000000,1.126634,0.023715,0.663867,0.042317,0.000000,0.729135
1137,0,0.000000,0.861720,0.085729,0.001609,0.910191,0.000000,0.000000,1.014086,0.022345,0.643264,0.065174,0.000000,0.727922
1138,0,0.000000,0.895504,0.062609,0.001784,0.956928,0.000000,0.000000,1.015846,0.018496,0.697422,0.040998,0.000000,0.756037
1139,0,0.000000,0.807815,0.098621,0.001428,0.877250,0.000000,0.000000,0.990067,0.118891,0.587695,0.081631,0.000000,0.688902
1140,0,0.000000,0.869077,0.060275,0.001433,0.923998,0.000000,0.000000,0.985768,0.018350,0.624418,0.043248,0.000000,0.684605
1141,0,0.000000,0.764038,0.062982,0.001760,0.828287,0.000000,0.000000,0.902429,0.019107,0.565452,0.048018,0.000000,0.631337
1142,0,0.000000,0.814893,0.057508,0.001503,0.859942,0.000000,0.000000,0.934977,0.016251,0.630259,0.037679,0.000000,0.670134
1143,0,0.000000,0.754633,0.052530,0.001556,0.805731,0.000000,0.000000,0.893229,0.022770,0.519276,0.052420,0.000000,0.578387
1144,0,0.000000,0.948472,0.118712,0.001444,1.068628,0.000000,0.000000,1.130075,0.017719,0.756123,0.030293,0.000000,0.802307
1145,0,0.000000,1.021631,0.055326,0.001538,1.078495,0.000000,0.000000,1.134226,0.020602,0.823972,0.034394,0.000000,0.877378
1146,0,0.000000,0.910637,0.054249,0.001621,0.966507,0.000000,0.000000,1.022702,0.021806,0.712289,0.031710,0.000000,0.764134
1147,0,0.000000,0.900594,0.060831,0.001434,0.955662,0.000000,0.000000,1.022395,0.018783,0.704170,0.047829,0.000000,0.765171
1148,0,0.000000,0.788436,0.063524,0.001476,0.844633,0.000000,0.000000,0.933096,0.036242,0.597315,0.046451,0.000000,0.678599
1149,0,0.000000,0.767679,0.085363,0.001106,0.843526,0.000000,0.000000,0.905223,0.017233,0.576981,0.064830,0.000000,0.657546
1150,0,0.000000,0.810989,0.052792,0.001412,0.864822,0.000000,0.000000,0.914170,0.016907,0.621461,0.028147,0.000000,0.664903
1151,0,0.000000,0.772996,0.053429,0.001206,0.827177,0.000000,0.000000,0.876002,0.016960,0.575145,0.030615,0.000000,0.620940
1152,0,0.000000,0.831963,0.099405,0.001508,0.884522,0.000000,0.000000,0.999789,0.017582,0.625240,0.037104,0.000000,0.676189
1153,0,0.000000,0.768386,0.082133,0.001865,0.845153,0.000000,0.000000,0.912562,0.024957,0.516253,0.073694,0.000000,0.569569
1154,0,0.000000,0.792706,0.051662,0.001525,0.844682,0.000000,0.000000,0.974448,0.018989,0.494811,0.104005,0.000000,0.531893
1155,0,0.000000,0.772890,0.055879,0.001553,0.828011,0.000000,0.000000,0.874958,0.016040,0.522494,0.038330,0.000000,0.574502
1156,0,0.000000,0.802943,0.047815,0.001324,0.851513,0.000000,0.000000,0.904457,0.014161,0.566670,0.032145,0.000000,0.606736
1157,0,0.000000,0.662136,0.049460,0.001237,0.709963,0.000000,0.000000,0.749823,0.015224,0.425498,0.033616,0.000000,0.470214
1158,0,0.000000,0.677309,0.053414,0.001392,0.731547,0.000000,0.000000,0.805624,0.011979,0.446115,0.066822,0.000000,0.522844
1159,0,0.000000,0.754007,0.044403,0.001185,0.799595,0.000000,0.000000,0.847250,0.015629,0.528922,0.022290,0.000000,0.560887
1160,0,0.000000,0.780690,0.068615,0.001162,0.845045,0.000000,0.000000,0.916223,0.021503,0.572786,0.046616,0.000000,0.629000
1161,0,0.000000,0.792514,0.046571,0.001013,0.836500,0.000000,0.000000,0.900083,0.022549,0.551430,0.026106,0.000000,0.595475
1162,0,0.000000,0.759591,0.056593,0.001186,0.817214,0.000000,0.000000,0.888831,0.014861,0.552781,0.056377,0.000000,0.595131
1163,0,0.000000,0.805764,0.059550,0.001471,0.866651,0.000000,0.000000,0.941310,0.014140,0.613395,0.043375,0.000000,0.663691
1164,0,0.000000,0.778193,0.063522,0.002114,0.822046,0.000000,0.000000,0.960708,0.021685,0.570504,0.107957,0.000000,0.627812
1165,0,0.000000,0.826978,0.078021,0.001494,0.906066,0.000000,0.000000,0.950344,0.015085,0.598422,0.051380,0.000000,0.661073
1166,0,0.000000,0.720486,0.069303,0.001921,0.790955,0.000000,0.000000,0.832635,0.013880,0.487490,0.048484,0.000000,0.539625
1167,0,0.000000,0.829078,0.042336,0.001366,0.872780,0.000000,0.000000,0.978333,0.029005,0.621131,0.073379,0.000000,0.655184
1168,0,0.000000,0.810873,0.081524,0.001985,0.894223,0.000000,0.000000,0.972462,0.075972,0.574051,0.045864,0.000000,0.623694
1169,0,0.000000,1.089658,0.073589,0.001657,1.152814,0.000000,0.000000,1.317491,0.066002,0.870806,0.043821,0.000000,0.923484
1170,0,0.000000,0.955135,0.066687,0.001396,1.007389,0.000000,0.000000,1.115635,0.022959,0.669352,0.042830,0.000000,0.732271
1171,0,0.000000,0.866887,0.056149,0.001117,0.924153,0.000000,0.000000,1.018694,0.017874,0.617768,0.036692,0.000000,0.667719
1172,0,0.000000,0.837702,0.055718,0.001162,0.894413,0.000000,0.000000,0.954278,0.020389,0.596262,0.035319,0.000000,0.647131
1173,0,0.000000,0.791567,0.078034,0.001001,0.870175,0.000000,0.000000,0.935979,0.017032,0.527093,0.054960,0.000000,0.595921
1174,0,0.000000,0.734001,0.079904,0.000984,0.814801,0.000000,0.000000,0.858614,0.018002,0.479050,0.059476,0.000000,0.540790
1175,0,0.000000,0.744260,0.045090,0.001225,0.785264,0.000000,0.000000,0.850223,0.013412,0.491110,0.028806,0.000000,0.532017
1176,0,0.000000,0.715394,0.056540,0.001085,0.772836,0.000000,0.000000,0.826547,0.016250,0.461016,0.034567,0.000000,0.508222
1177,0,0.000000,0.729150,0.064918,0.001119,0.785762,0.000000,0.000000,0.845916,0.015765,0.444422,0.037476,0.000000,0.492246
1178,0,0.000000,0.737934,0.062022,0.001174,0.800935,0.000000,0.000000,0.848466,0.018046,0.499546,0.041128,0.000000,0.555925
1179,0,0.000000,0.702772,0.046842,0.001202,0.743835,0.000000,0.000000,0.795172,0.016850,0.447822,0.031113,0.000000,0.490016
1180,0,0.000000,0.736087,0.133153,0.001804,0.796077,0.000000,0.000000,0.960638,0.013747,0.496781,0.116889,0.000000,0.622878
1181,0,0.000000,0.877816,0.058481,0.001646,0.937081,0.000000,0.000000,1.057558,0.022419,0.614471,0.037433,0.000000,0.665426
1182,0,0.000000,0.892893,0.225472,0.001129,1.119276,0.000000,0.000000,1.166279,0.018848,0.584436,0.196488,0.000000,0.795433
1183,0,0.000000,0.823180,0.083903,0.001829,0.908912,0.000000,0.000000,0.957648,0.018058,0.549477,0.038437,0.000000,0.601698
1184,0,0.000000,0.744863,0.050292,0.001410,0.796565,0.000000,0.000000,0.865797,0.022210,0.428949,0.030714,0.000000,0.474255
1185,0,0.000000,0.818405,0.048263,0.001151,0.864035,0.000000,0.000000,0.931432,0.051219,0.502818,0.029093,0.000000,0.581246
1186,0,0.000000,0.813679,0.047865,0.001198,0.856482,0.000000,0.000000,0.912124,0.019347,0.511205,0.032878,0.000000,0.550747
1187,0,0.000000,0.748243,0.048473,0.001230,0.792235,0.000000,0.000000,0.860181,0.024978,0.491485,0.032591,0.000000,0.540982
1188,0,0.000000,0.715191,0.052401,0.001311,0.765867,0.000000,0.000000,0.818249,0.015176,0.473577,0.034357,0.000000,0.515810
1189,0,0.000000,0.711059,0.082491,0.001061,0.786390,0.000000,0.000000,0.878736,0.017453,0.483998,0.053951,0.000000,0.498851
1190,0,0.000000,0.791965,0.056727,0.001370,0.849402,0.000000,0.000000,0.917282,0.066039,0.481323,0.032587,0.000000,0.577970
1191,0,0.000000,0.709657,0.145468,0.001061,0.855810,0.000000,0.000000,0.905144,0.019488,0.432923,0.104807,0.000000,0.552543
1192,0,0.000000,0.657124,0.090280,0.001227,0.734745,0.000000,0.000000,0.790202,0.017219,0.362502,0.044535,0.000000,0.419273
1193,0,0.000000,0.723748,0.051151,0.001210,0.768330,0.000000,0.000000,0.825236,0.015544,0.397397,0.033947,0.000000,0.443315
1194,0,0.000000,0.700825,0.050752,0.001332,0.749101,0.000000,0.000000,0.830606,0.038480,0.399948,0.034977,0.000000,0.447868
1195,0,0.000000,0.722391,0.082477,0.001224,0.805584,0.000000,0.000000,0.859101,0.024313,0.431508,0.046293,0.000000,0.500640
1196,0,0.000000,0.690291,0.084546,0.001112,0.772328,0.000000,0.000000,0.830476,0.018443,0.388671,0.059797,0.000000,0.462126
1197,0,0.000000,0.773952,0.052812,0.001306,0.825496,0.000000,0.000000,0.884411,0.015477,0.489133,0.045693,0.000000,0.546102
1198,0,0.000000,0.745306,0.143090,0.001006,0.889402,0.000000,0.000000,0.952372,0.019095,0.480762,0.123670,0.000000,0.607040
1199,0,0.000000,0.660407,0.066600,0.001231,0.722858,0.000000,0.000000,0.788717,0.019545,0.371660,0.038931,0.000000,0.425483
1200,0,0.000000,0.738759,0.048746,0.001075,0.769571,0.000000,0.000000,0.846249,0.016580,0.447099,0.027368,0.000000,0.485795
1201,0,0.000000,0.740884,0.071874,0.001401,0.813867,0.000000,0.000000,0.963939,0.100229,0.478196,0.049771,0.000000,0.622496
1202,0,0.000000,0.772381,0.047718,0.001200,0.818285,0.000000,0.000000,0.911238,0.017463,0.535594,0.030130,0.000000,0.575050
1203,0,0.000000,1.668950,0.073504,0.001337,1.717147,0.000000,0.000000,1.799318,0.017621,1.413120,0.054840,0.000000,1.480197
1204,0,0.000000,0.765982,0.052783,0.001155,0.819562,0.000000,0.000000,0.892659,0.019484,0.528333,0.032421,0.000000,0.575289
1205,0,0.000000,0.729588,0.061203,0.000890,0.769679,0.000000,0.000000,0.833672,0.016577,0.479798,0.046218,0.000000,0.538687
1206,0,0.000000,0.743506,0.096514,0.001080,0.841057,0.000000,0.000000,0.892688,0.013897,0.495565,0.074441,0.000000,0.580664
1207,0,0.000000,0.661767,0.059617,0.001110,0.717073,0.000000,0.000000,0.781805,0.020816,0.425702,0.034740,0.000000,0.476234
1208,0,0.000000,0.688318,0.044863,0.001099,0.721221,0.000000,0.000000,0.821117,0.015581,0.446128,0.030692,0.000000,0.488871
1209,0,0.000000,0.665548,0.047577,0.001110,0.698884,0.000000,0.000000,0.807702,0.014506,0.430495,0.033917,0.000000,0.477086
1210,0,0.000000,0.664520,0.045048,0.001159,0.702827,0.000000,0.000000,0.798913,0.015893,0.356259,0.040636,0.000000,0.399941
1211,0,0.000000,0.718282,0.048193,0.001117,0.767385,0.000000,0.000000,0.883205,0.016192,0.514251,0.030143,0.000000,0.556302
1212,0,0.000000,0.742428,0.045216,0.001060,0.785475,0.000000,0.000000,0.843367,0.015811,0.414399,0.029436,0.000000,0.456115
1213,0,0.000000,0.720763,0.062789,0.001310,0.766077,0.000000,0.000000,0.838109,0.016454,0.463169,0.047109,0.000000,0.523866
1214,0,0.000000,0.700105,0.044828,0.001038,0.737789,0.000000,0.000000,0.793962,0.015586,0.430637,0.026585,0.000000,0.468265
1215,0,0.000000,0.767369,0.052946,0.001197,0.821354,0.000000,0.000000,1.124825,0.013479,0.628503,0.028464,0.000000,0.657157
1216,0,0.000000,0.570862,0.046112,0.001040,0.596990,0.000000,0.000000,0.807798,0.142071,0.399226,0.027433,0.000000,0.444695
1217,0,0.000000,0.562796,0.056647,0.001139,0.620582,0.000000,0.000000,0.669068,0.019435,0.233648,0.039484,0.000000,0.287024
1218,0,0.000000,0.519009,0.046424,0.001000,0.566349,0.000000,0.000000,0.655237,0.017571,0.231327,0.031893,0.000000,0.276471
1219,0,0.000000,0.516302,0.046846,0.001191,0.564339,0.000000,0.000000,0.618949,0.016859,0.241398,0.031758,0.000000,0.286989
1220,0,0.000000,0.501706,0.046849,0.001256,0.549097,0.000000,0.000000,0.593096,0.016338,0.249064,0.029741,0.000000,0.287823
1221,0,0.000000,0.517512,0.046522,0.001040,0.565074,0.000000,0.000000,0.618299,0.015078,0.229980,0.030110,0.000000,0.272052
1222,0,0.000000,0.508942,0.046404,0.001125,0.556316,0.000000,0.000000,0.602773,0.015891,0.208176,0.030342,0.000000,0.249560
1223,0,0.000000,0.517831,0.046233,0.001042,0.565079,0.000000,0.000000,0.611193,0.016628,0.198754,0.028721,0.000000,0.241124
1224,0,0.000000,0.542012,0.046753,0.001159,0.589924,0.000000,0.000000,0.652781,0.016445,0.263671,0.031756,0.000000,0.307744
1225,0,0.000000,0.498268,0.047503,0.001082,0.546853,0.000000,0.000000,0.585934,0.015667,0.232754,0.032961,0.000000,0.279814
1226,0,0.000000,0.525747,0.046188,0.001237,0.573131,0.000000,0.000000,0.682319,0.013786,0.299878,0.031873,0.000000,0.344079
1227,0,0.000000,0.607223,0.046905,0.001249,0.655084,0.000000,0.000000,0.702760,0.016208,0.337270,0.034902,0.000000,0.386776
1228,0,0.000000,0.551485,0.046573,0.001035,0.598918,0.000000,0.000000,0.647881,0.018430,0.303812,0.029334,0.000000,0.349385
1229,0,0.000000,0.862952,0.048546,0.001252,0.908733,0.000000,0.000000,0.966961,0.017441,0.586964,0.031868,0.000000,0.634958
1230,0,0.000000,0.834665,0.047963,0.001044,0.882309,0.000000,0.000000,0.938298,0.019815,0.581906,0.030730,0.000000,0.631707
1231,0,0.000000,0.838841,0.038978,0.000880,0.878699,0.000000,0.000000,0.921450,0.016579,0.577426,0.009512,0.000000,0.601642
1232,0,0.000000,0.895624,0.064544,0.001670,0.961821,0.000000,0.000000,1.026113,0.014818,0.653207,0.008477,0.000000,0.675288
1233,0,0.000000,0.925027,0.046079,0.001049,0.972155,0.000000,0.000000,1.031241,0.030554,0.718330,0.022581,0.000000,0.765433
1234,0,0.000000,0.899741,0.057179,0.001534,0.958153,0.000000,0.000000,1.025006,0.016953,0.703174,0.010813,0.000000,0.730049
1235,0,0.000000,0.903843,0.045848,0.000890,0.950581,0.000000,0.000000,1.019796,0.025271,0.707023,0.027667,0.000000,0.732780
1236,0,0.000000,0.845385,0.058235,0.000879,0.900501,0.000000,0.000000,0.957751,0.029059,0.563198,0.036456,0.000000,0.623336
1237,0,0.000000,0.817355,0.041448,0.000889,0.859449,0.000000,0.000000,0.924399,0.013236,0.545812,0.026286,0.000000,0.583712
1238,0,0.000000,0.801141,0.060567,0.000887,0.854613,0.000000,0.000000,0.929197,0.017126,0.558455,0.045262,0.000000,0.615432
1239,0,0.000000,0.809647,0.044580,0.000931,0.854589,0.000000,0.000000,0.900600,0.017297,0.558679,0.027568,0.000000,0.600122
1240,0,0.000000,0.846976,0.043215,0.000928,0.886776,0.000000,0.000000,0.944236,0.018046,0.600931,0.033400,0.000000,0.648593
1241,0,0.000000,0.873947,0.043774,0.000900,0.914240,0.000000,0.000000,0.968703,0.013155,0.591816,0.025871,0.000000,0.627356
1242,0,0.000000,0.836347,0.044434,0.000919,0.881364,0.000000,0.000000,0.923297,0.018816,0.566998,0.026534,0.000000,0.605759
1243,0,0.000000,0.823058,0.044247,0.000998,0.858189,0.000000,0.000000,0.953813,0.014022,0.587655,0.028621,0.000000,0.628772
1244,0,0.000000,0.841454,0.058068,0.000905,0.899974,0.000000,0.000000,0.942767,0.027973,0.566958,0.038132,0.000000,0.623839
1245,0,0.000000,0.812044,0.124076,0.001048,0.937168,0.000000,0.000000,0.981158,0.014153,0.549712,0.074418,0.000000,0.635133
1246,0,0.000000,0.830714,0.062143,0.000970,0.893827,0.000000,0.000000,0.943063,0.017457,0.573114,0.040696,0.000000,0.625164
1247,0,0.000000,0.819101,0.031411,0.000932,0.851444,0.000000,0.000000,0.916479,0.012913,0.572751,0.015515,0.000000,0.599508
1248,0,0.000000,0.846728,0.038921,0.001055,0.886704,0.000000,0.000000,0.928177,0.018492,0.601832,0.021664,0.000000,0.639840
1249,0,0.000000,0.823962,0.047878,0.001023,0.872863,0.000000,0.000000,0.914864,0.013692,0.587339,0.028047,0.000000,0.625284
1250,0,0.000000,0.844708,0.059061,0.000855,0.900201,0.000000,0.000000,0.969102,0.018540,0.573477,0.038060,0.000000,0.622226
1251,0,0.000000,0.808588,0.080389,0.002536,0.884135,0.000000,0.000000,1.016719,0.014289,0.535287,0.133030,0.000000,0.681288
1252,0,0.000000,0.888528,0.066982,0.002034,0.955193,0.000000,0.000000,1.032416,0.025603,0.662138,0.076998,0.000000,0.761363
1253,0,0.000000,0.851002,0.087179,0.002162,0.938043,0.000000,0.000000,0.984328,0.021159,0.598060,0.069930,0.000000,0.689149
1254,0,0.000000,0.921982,0.082597,0.002491,1.003815,0.000000,0.000000,1.063486,0.025595,0.718765,0.070420,0.000000,0.810959
1255,0,0.000000,0.816634,0.080924,0.001751,0.897566,0.000000,0.000000,0.944390,0.020245,0.630618,0.066611,0.000000,0.707999
1256,0,0.000000,0.842661,0.077871,0.002188,0.920086,0.000000,0.000000,0.969431,0.015638,0.645337,0.060998,0.000000,0.718097
1257,0,0.000000,0.821653,0.087211,0.001970,0.905988,0.000000,0.000000,0.987296,0.016394,0.617889,0.069681,0.000000,0.699623
1258,0,0.000000,0.876319,0.101904,0.002208,0.975312,0.000000,0.000000,1.023881,0.017575,0.651986,0.080586,0.000000,0.744960
1259,0,0.000000,0.849239,0.099723,0.001642,0.943622,0.000000,0.000000,1.004716,0.016860,0.645251,0.083560,0.000000,0.741682
1260,0,0.000000,0.814568,0.075517,0.002273,0.887126,0.000000,0.000000,0.976444,0.016931,0.610307,0.095662,0.000000,0.681294
1261,0,0.000000,0.751794,0.099491,0.001910,0.848472,0.000000,0.000000,0.891814,0.016742,0.541457,0.078601,0.000000,0.633806
1262,0,0.000000,0.774799,0.112513,0.001946,0.884791,0.000000,0.000000,0.930719,0.014180,0.567318,0.088427,0.000000,0.666593
1263,0,0.000000,0.725334,0.124008,0.002060,0.849172,0.000000,0.000000,0.913126,0.014741,0.542111,0.111857,0.000000,0.665312
1264,0,0.000000,0.811781,0.073117,0.002135,0.885793,0.000000,0.000000,0.938856,0.014266,0.619915,0.058611,0.000000,0.684619
1265,0,0.000000,0.830254,0.073603,0.002087,0.905140,0.000000,0.000000,0.976980,0.018265,0.611356,0.061762,0.000000,0.684210
1266,0,0.000000,0.948342,0.056136,0.001306,1.005558,0.000000,0.000000,1.076225,0.025179,0.746582,0.014133,0.000000,0.773412
1267,0,0.000000,0.861064,0.049055,0.001340,0.911307,0.000000,0.000000,1.060022,0.020260,0.680693,0.026889,0.000000,0.700684
1268,0,0.000000,0.845149,0.055484,0.001704,0.901889,0.000000,0.000000,0.997487,0.014819,0.697599,0.040353,0.000000,0.713630
1269,0,0.000000,0.805230,0.076208,0.001246,0.881380,0.000000,0.000000,0.920794,0.016076,0.621273,0.053848,0.000000,0.635607
1270,0,0.000000,0.820795,0.088052,0.001461,0.907585,0.000000,0.000000,0.949518,0.012822,0.635141,0.063995,0.000000,0.649926
1271,0,0.000000,0.803738,0.089617,0.001401,0.894043,0.000000,0.000000,0.938741,0.014279,0.606578,0.063626,0.000000,0.618196
1272,0,0.000000,0.752638,0.044107,0.000957,0.797702,0.000000,0.000000,0.843404,0.015470,0.575123,0.024547,0.000000,0.587151
1273,0,0.000000,0.752171,0.043812,0.000964,0.796947,0.000000,0.000000,0.838267,0.014599,0.558908,0.023504,0.000000,0.571135
1274,0,0.000000,0.748785,0.053741,0.001103,0.803436,0.000000,0.000000,0.843422,0.013696,0.566590,0.031689,0.000000,0.579195
1275,0,0.000000,0.827013,0.044006,0.001086,0.872105,0.000000,0.000000,0.927309,0.013510,0.642904,0.028083,0.000000,0.654283
1276,0,0.000000,0.745921,0.044935,0.000949,0.791805,0.000000,0.000000,0.834511,0.022584,0.560582,0.027288,0.000000,0.571525
1277,0,0.000000,0.806652,0.040541,0.001242,0.848435,0.000000,0.000000,0.922630,0.010880,0.608086,0.024265,0.000000,0.620264
1278,0,0.000000,0.802990,0.043418,0.000851,0.842073,0.000000,0.000000,0.892602,0.023248,0.613192,0.023075,0.000000,0.628680
1279,0,0.000000,0.858348,0.046837,0.000952,0.902184,0.000000,0.000000,0.956579,0.010650,0.594302,0.025797,0.000000,0.605174
1280,0,0.000000,0.871130,0.077841,0.001579,0.950376,0.000000,0.000000,1.006665,0.015717,0.674249,0.037866,0.000000,0.689873
1281,0,0.000000,0.759864,0.048499,0.000960,0.809323,0.000000,0.000000,0.852918,0.020262,0.549520,0.028628,0.000000,0.560724
1282,0,0.000000,0.769413,0.092217,0.024920,0.886550,0.000000,0.000000,0.990942,0.014641,0.597428,0.120335,0.000000,0.699582
1283,0,0.000000,0.828104,0.055357,0.001537,0.884998,0.000000,0.000000,0.945750,0.024261,0.476470,0.037808,0.000000,0.532510
1284,0,0.000000,0.768141,0.052432,0.001413,0.821843,0.000000,0.000000,0.873589,0.021554,0.571265,0.035386,0.000000,0.625143
1285,0,0.000000,0.771795,0.057988,0.002210,0.831568,0.000000,0.000000,0.894939,0.012029,0.602709,0.044587,0.000000,0.654212
1286,0,0.000000,0.760954,0.056915,0.001701,0.819209,0.000000,0.000000,0.992857,0.017817,0.635570,0.060764,0.000000,0.672010
1287,0,0.000000,0.797468,0.071668,0.001422,0.869411,0.000000,0.000000,0.915710,0.026281,0.504838,0.053093,0.000000,0.566367
1288,0,0.000000,0.749406,0.149593,0.001350,0.899976,0.000000,0.000000,0.954055,0.015937,0.453688,0.129099,0.000000,0.588874
1289,0,0.000000,0.716735,0.088017,0.001405,0.803908,0.000000,0.000000,0.846593,0.017635,0.407401,0.067848,0.000000,0.483222
1290,0,0.000000,0.766305,0.057689,0.001392,0.825324,0.000000,0.000000,0.881473,0.013707,0.515463,0.041392,0.000000,0.564450
1291,0,0.000000,0.796444,0.055183,0.001313,0.850899,0.000000,0.000000,0.931623,0.026609,0.483933,0.037555,0.000000,0.540937
1292,0,0.000000,0.771960,0.069026,0.001324,0.841082,0.000000,0.000000,0.887994,0.015579,0.452930,0.052251,0.000000,0.517474
1293,0,0.000000,0.771970,0.084296,0.001329,0.856577,0.000000,0.000000,0.903292,0.017637,0.459331,0.062854,0.000000,0.532306
1294,0,0.000000,0.728986,0.073393,0.001304,0.803683,0.000000,0.000000,0.863614,0.014365,0.435789,0.049772,0.000000,0.493577
1295,0,0.000000,0.751301,0.088032,0.001052,0.836795,0.000000,0.000000,0.894081,0.018582,0.431592,0.067883,0.000000,0.505997
1296,0,0.000000,0.736207,0.093899,0.001328,0.829788,0.000000,0.000000,0.874519,0.017943,0.438134,0.073452,0.000000,0.521761
1297,0,0.000000,0.738715,0.072212,0.001698,0.809679,0.000000,0.000000,0.854890,0.016916,0.445343,0.050602,0.000000,0.506885
1298,0,0.000000,0.729465,0.076534,0.001290,0.806840,0.000000,0.000000,0.852968,0.018030,0.438911,0.054971,0.000000,0.506871
1299,0,0.000000,0.788310,0.064117,0.001597,0.848262,0.000000,0.000000,0.919582,0.016850,0.497925,0.044944,0.000000,0.555389
1300,0,0.000000,0.834235,0.064818,0.001550,0.890030,0.000000,0.000000,0.997250,0.042033,0.540270,0.044898,0.000000,0.606129
1301,0,0.000000,0.823138,0.075746,0.000950,0.899834,0.000000,0.000000,0.972385,0.063025,0.530234,0.059119,0.000000,0.620385
1302,0,0.000000,0.794590,0.086649,0.001531,0.851974,0.000000,0.000000,0.932755,0.018930,0.481852,0.041557,0.000000,0.514506
1303,0,0.000000,0.772241,0.078526,0.001858,0.850308,0.000000,0.000000,0.942992,0.018657,0.500983,0.064404,0.000000,0.572539
1304,0,0.000000,0.682926,0.082371,0.000967,0.765942,0.000000,0.000000,0.838703,0.066761,0.409699,0.051983,0.000000,0.467644
1305,0,0.000000,0.728236,0.059894,0.001171,0.787835,0.000000,0.000000,0.849757,0.017284,0.444789,0.045555,0.000000,0.505343
1306,0,0.000000,0.690752,0.067154,0.001217,0.758315,0.000000,0.000000,0.818396,0.017838,0.410823,0.051483,0.000000,0.472178
1307,0,0.000000,0.677383,0.064765,0.001360,0.743508,0.000000,0.000000,0.798023,0.019169,0.405684,0.033875,0.000000,0.453451
1308,0,0.000000,0.617019,0.036556,0.001094,0.654669,0.000000,0.000000,0.719931,0.018024,0.363762,0.022710,0.000000,0.384140
1309,0,0.000000,0.618942,0.049187,0.000982,0.669111,0.000000,0.000000,0.718519,0.017850,0.374419,0.031144,0.000000,0.417801
1310,0,0.000000,0.601043,0.039267,0.000913,0.635718,0.000000,0.000000,0.680146,0.017677,0.311206,0.023996,0.000000,0.346767
1311,0,0.000000,0.561160,0.031175,0.000750,0.587905,0.000000,0.000000,0.631113,0.015578,0.304090,0.016869,0.000000,0.336207
1312,0,0.000000,0.576870,0.051443,0.000871,0.615859,0.000000,0.000000,0.671284,0.012160,0.329752,0.034828,0.000000,0.374812
1313,0,0.000000,0.562947,0.037269,0.000842,0.597316,0.000000,0.000000,0.644653,0.016564,0.320626,0.022234,0.000000,0.355614
1314,0,0.000000,0.577263,0.072359,0.000776,0.641916,0.000000,0.000000,0.685510,0.017288,0.319315,0.052978,0.000000,0.386030
1315,0,0.000000,0.589853,0.065235,0.000918,0.643804,0.000000,0.000000,0.703510,0.013032,0.343667,0.044848,0.000000,0.397228
1316,0,0.000000,0.586814,0.066276,0.000851,0.645360,0.000000,0.000000,0.697670,0.016648,0.317356,0.043933,0.000000,0.373834
1317,0,0.000000,0.556244,0.051637,0.000790,0.598952,0.000000,0.000000,0.641810,0.013226,0.293308,0.031790,0.000000,0.334824
1318,0,0.000000,0.754203,0.044847,0.001239,0.800289,0.000000,0.000000,0.862097,0.012332,0.480147,0.025888,0.000000,0.514685
1319,0,0.000000,0.554464,0.046330,0.001008,0.593994,0.000000,0.000000,0.644610,0.022877,0.281708,0.029321,0.000000,0.322743
1320,0,0.000000,0.561637,0.040092,0.001054,0.602523,0.000000,0.000000,0.639882,0.016308,0.283649,0.022606,0.000000,0.315671
1321,0,0.000000,0.584775,0.058070,0.000999,0.628538,0.000000,0.000000,0.827320,0.016676,0.431756,0.041195,0.000000,0.485076
1322,0,0.000000,0.564522,0.055679,0.000975,0.609383,0.000000,0.000000,0.670851,0.014836,0.350738,0.033943,0.000000,0.393601
1323,0,0.000000,0.575198,0.039699,0.000995,0.615892,0.000000,0.000000,0.673791,0.012858,0.310910,0.024154,0.000000,0.334523
1324,0,0.000000,0.633975,0.040838,0.001064,0.663066,0.000000,0.000000,0.727430,0.025498,0.359185,0.022847,0.000000,0.391878
1325,0,0.000000,0.614658,0.040972,0.001096,0.649629,0.000000,0.000000,0.713311,0.013475,0.336477,0.022073,0.000000,0.368835
1326,0,0.000000,0.654996,0.061906,0.000990,0.689366,0.000000,0.000000,0.762210,0.013333,0.414314,0.021701,0.000000,0.442505
1327,0,0.000000,0.671964,0.109921,0.001005,0.774297,0.000000,0.000000,0.830617,0.016537,0.432181,0.087537,0.000000,0.528348
1328,0,0.000000,0.655521,0.088539,0.000947,0.700382,0.000000,0.000000,0.799212,0.016275,0.426343,0.067576,0.000000,0.505998
1329,0,0.000000,0.587492,0.068678,0.001223,0.632632,0.000000,0.000000,0.700361,0.015644,0.329502,0.047092,0.000000,0.388892
1330,0,0.000000,0.606881,0.041017,0.001069,0.636343,0.000000,0.000000,0.682084,0.012168,0.349616,0.021190,0.000000,0.379416
1331,0,0.000000,0.622844,0.047386,0.001030,0.668467,0.000000,0.000000,0.723802,0.012868,0.379694,0.030087,0.000000,0.416040
1332,0,0.000000,0.629843,0.065833,0.001071,0.694912,0.000000,0.000000,0.753469,0.032838,0.373767,0.044614,0.000000,0.429595
1333,0,0.000000,0.592864,0.060681,0.000943,0.654136,0.000000,0.000000,0.698599,0.015713,0.351142,0.038988,0.000000,0.399782
1334,0,0.000000,0.591244,0.054883,0.001109,0.638279,0.000000,0.000000,0.690090,0.014694,0.315657,0.031095,0.000000,0.357838
1335,0,0.000000,0.575876,0.041062,0.001008,0.617706,0.000000,0.000000,0.657154,0.011564,0.319568,0.019861,0.000000,0.346770
1336,0,0.000000,0.625974,0.074686,0.001148,0.698455,0.000000,0.000000,0.757922,0.011637,0.394735,0.044035,0.000000,0.446324
1337,0,0.000000,0.614944,0.053667,0.001000,0.665556,0.000000,0.000000,0.718892,0.019426,0.379473,0.033594,0.000000,0.425504
1338,0,0.000000,0.784692,0.060425,0.001390,0.824532,0.000000,0.000000,0.944753,0.013555,0.518410,0.041090,0.000000,0.568255
1339,0,0.000000,0.837018,0.059028,0.001117,0.893212,0.000000,0.000000,0.949951,0.023634,0.533349,0.038497,0.000000,0.593944
1340,0,0.000000,1.010816,0.061067,0.001468,1.067225,0.000000,0.000000,1.173095,0.016579,0.721163,0.044533,0.000000,0.776190
1341,0,0.000000,1.161829,0.062831,0.001761,1.214702,0.000000,0.000000,1.388480,0.020733,0.905747,0.037667,0.000000,0.960734
1342,0,0.000000,0.790532,0.047560,0.000935,0.838952,0.000000,0.000000,0.890921,0.019729,0.491539,0.022922,0.000000,0.530203
1343,0,0.000000,0.712876,0.042619,0.000910,0.756340,0.000000,0.000000,0.800531,0.035698,0.441184,0.022192,0.000000,0.491739
1344,0,0.000000,0.787882,0.042981,0.001343,0.831581,0.000000,0.000000,1.000343,0.014828,0.627113,0.024036,0.000000,0.662878
1345,0,0.000000,0.783488,0.046864,0.001056,0.831408,0.000000,0.000000,0.937571,0.023014,0.572824,0.024891,0.000000,0.613182
1346,0,0.000000,0.731580,0.041240,0.000807,0.754034,0.000000,0.000000,0.824925,0.017927,0.463746,0.022464,0.000000,0.503016
1347,0,0.000000,0.544368,0.042016,0.000816,0.574432,0.000000,0.000000,0.626197,0.016328,0.282456,0.025860,0.000000,0.321294
1348,0,0.000000,0.557396,0.042473,0.000915,0.600784,0.000000,0.000000,0.654883,0.014754,0.315464,0.026781,0.000000,0.353324
1349,0,0.000000,0.591984,0.040121,0.000861,0.627206,0.000000,0.000000,0.677532,0.014620,0.345714,0.022251,0.000000,0.377187
1350,0,0.000000,0.623299,0.053663,0.003296,0.662185,0.000000,0.000000,0.731500,0.019093,0.355453,0.053172,0.000000,0.426967
1351,0,0.000000,0.812540,0.048817,0.001056,0.862361,0.000000,0.000000,0.928985,0.023588,0.535378,0.028196,0.000000,0.574388
1352,0,0.000000,0.709190,0.054767,0.001051,0.765008,0.000000,0.000000,0.812276,0.017446,0.426051,0.035510,0.000000,0.474419
1353,0,0.000000,0.746236,0.044692,0.001331,0.792259,0.000000,0.000000,1.131626,0.015306,0.469773,0.317945,0.000000,0.798938
1354,0,0.000000,0.715996,0.050223,0.001185,0.767404,0.000000,0.000000,0.977473,0.026220,0.512931,0.039703,0.000000,0.565166
1355,0,0.000000,0.858907,0.067470,0.001519,0.927621,0.000000,0.000000,0.998251,0.025364,0.510255,0.033871,0.000000,0.567537
1356,0,0.000000,0.709510,0.066538,0.001364,0.776669,0.000000,0.000000,0.830329,0.026186,0.371828,0.041294,0.000000,0.437104
1357,0,0.000000,0.710823,0.068717,0.001809,0.780469,0.000000,0.000000,0.829311,0.015007,0.354291,0.051775,0.000000,0.416987
1358,0,0.000000,0.725948,0.061469,0.001725,0.788257,0.000000,0.000000,0.840298,0.019269,0.438937,0.041650,0.000000,0.497787
1359,0,0.000000,0.748624,0.072723,0.001394,0.821855,0.000000,0.000000,0.872218,0.015437,0.481609,0.056212,0.000000,0.550006
1360,0,0.000000,0.766111,0.052201,0.001298,0.819167,0.000000,0.000000,0.875733,0.019477,0.430216,0.033541,0.000000,0.465511
1361,0,0.000000,0.741710,0.052211,0.001454,0.794975,0.000000,0.000000,0.856754,0.019217,0.391424,0.036900,0.000000,0.441541
1362,0,0.000000,0.743588,0.058275,0.001380,0.801793,0.000000,0.000000,0.878994,0.019016,0.435569,0.037681,0.000000,0.490028
1363,0,0.000000,0.737334,0.092907,0.001558,0.828444,0.000000,0.000000,1.040561,0.053866,0.458892,0.074909,0.000000,0.550889
1364,0,0.000000,0.713533,0.089154,0.001437,0.802735,0.000000,0.000000,0.851609,0.018905,0.389460,0.066313,0.000000,0.472624
1365,0,0.000000,0.714670,0.083701,0.001580,0.796062,0.000000,0.000000,0.860823,0.027665,0.406886,0.061206,0.000000,0.475708
1366,0,0.000000,0.663983,0.053932,0.001327,0.718939,0.000000,0.000000,0.762405,0.017508,0.352853,0.036756,0.000000,0.405140
1367,0,0.000000,0.672447,0.054787,0.001414,0.727851,0.000000,0.000000,0.772938,0.014604,0.342345,0.037273,0.000000,0.391467
1368,0,0.000000,0.723910,0.067533,0.001579,0.792162,0.000000,0.000000,0.839164,0.014980,0.415586,0.046983,0.000000,0.474962
1369,0,0.000000,0.735119,0.075941,0.001525,0.812031,0.000000,0.000000,0.861263,0.019328,0.387817,0.054862,0.000000,0.460008
1370,0,0.000000,0.715223,0.064453,0.001407,0.780583,0.000000,0.000000,0.835579,0.018687,0.421610,0.047793,0.000000,0.482289
1371,0,0.000000,0.705758,0.072750,0.001702,0.776636,0.000000,0.000000,0.828553,0.018665,0.390206,0.047346,0.000000,0.454458
1372,0,0.000000,0.863953,0.053629,0.001658,0.904332,0.000000,0.000000,1.008990,0.018025,0.532640,0.037993,0.000000,0.565092
1373,0,0.000000,0.921539,0.070788,0.001242,0.965817,0.000000,0.000000,1.071511,0.027390,0.607755,0.051142,0.000000,0.684675
1374,0,0.000000,0.682041,0.091211,0.001583,0.757602,0.000000,0.000000,0.833023,0.017393,0.387049,0.071351,0.000000,0.472006
1375,0,0.000000,0.660486,0.087918,0.001038,0.746165,0.000000,0.000000,0.788995,0.016087,0.350794,0.067486,0.000000,0.432625
1376,0,0.000000,0.691674,0.054709,0.001632,0.747899,0.000000,0.000000,0.799841,0.014250,0.401416,0.040025,0.000000,0.448759
1377,0,0.000000,0.711413,0.054575,0.001526,0.765936,0.000000,0.000000,0.817396,0.018017,0.384072,0.039929,0.000000,0.441206
1378,0,0.000000,0.724825,0.096305,0.001066,0.813413,0.000000,0.000000,0.867494,0.015239,0.387686,0.075919,0.000000,0.475073
1379,0,0.000000,0.724011,0.070427,0.001598,0.786721,0.000000,0.000000,0.847595,0.016845,0.418108,0.048928,0.000000,0.478596
1380,0,0.000000,0.681191,0.099484,0.001159,0.779718,0.000000,0.000000,0.825698,0.018721,0.364283,0.075985,0.000000,0.456794
1381,0,0.000000,0.738841,0.060272,0.001368,0.789076,0.000000,0.000000,0.861711,0.014004,0.443614,0.044177,0.000000,0.497977
1382,0,0.000000,0.697923,0.095026,0.001325,0.769810,0.000000,0.000000,0.848716,0.023549,0.399508,0.077629,0.000000,0.498660
1383,0,0.000000,0.696979,0.071664,0.001567,0.766911,0.000000,0.000000,0.822781,0.016166,0.388479,0.050342,0.000000,0.446616
1384,0,0.000000,0.685596,0.076300,0.001467,0.763288,0.000000,0.000000,0.812988,0.016206,0.389261,0.058451,0.000000,0.462356
1385,0,0.000000,0.692978,0.042302,0.001134,0.716031,0.000000,0.000000,0.788632,0.016319,0.375088,0.027084,0.000000,0.413383
1386,0,0.000000,0.647143,0.048052,0.001115,0.696158,0.000000,0.000000,0.743315,0.017902,0.392281,0.030354,0.000000,0.434385
1387,0,0.000000,0.587054,0.041716,0.000848,0.622364,0.000000,0.000000,0.667497,0.014338,0.344360,0.024197,0.000000,0.381547
1388,0,0.000000,0.616898,0.061738,0.001102,0.679506,0.000000,0.000000,0.732905,0.012728,0.345265,0.040088,0.000000,0.395166
1389,0,0.000000,0.612618,0.046969,0.000934,0.660521,0.000000,0.000000,0.738921,0.015714,0.362836,0.064147,0.000000,0.408799
1390,0,0.000000,0.634707,0.057073,0.000985,0.692688,0.000000,0.000000,0.738607,0.021907,0.377487,0.035273,0.000000,0.424110
1391,0,0.000000,0.624057,0.049931,0.001093,0.675081,0.000000,0.000000,0.742148,0.015790,0.378310,0.048045,0.000000,0.429088
1392,0,0.000000,0.641816,0.111711,0.001044,0.679426,0.000000,0.000000,0.913731,0.119410,0.487148,0.096681,0.000000,0.597183
1393,0,0.000000,0.820111,0.065196,0.001449,0.886398,0.000000,0.000000,0.969313,0.020581,0.557315,0.051614,0.000000,0.626558
1394,0,0.000000,0.755931,0.080954,0.000931,0.837791,0.000000,0.000000,0.891686,0.016675,0.505426,0.064269,0.000000,0.585403
1395,0,0.000000,0.721399,0.042341,0.001021,0.764761,0.000000,0.000000,0.804395,0.014998,0.490150,0.024501,0.000000,0.525318
1396,0,0.000000,0.794297,0.054563,0.001444,0.849564,0.000000,0.000000,0.970446,0.013711,0.604851,0.033592,0.000000,0.651168
1397,0,0.000000,0.909361,0.064825,0.001275,0.956169,0.000000,0.000000,1.058613,0.018574,0.668107,0.045783,0.000000,0.728707
1398,0,0.000000,0.867934,0.046584,0.001207,0.911490,0.000000,0.000000,0.968788,0.020790,0.589823,0.028221,0.000000,0.637785
1399,0,0.000000,0.810449,0.051551,0.000958,0.855951,0.000000,0.000000,0.943157,0.016443,0.552526,0.056540,0.000000,0.623360
1400,0,0.000000,0.916035,0.045041,0.001247,0.957357,0.000000,0.000000,1.032105,0.025767,0.637295,0.028096,0.000000,0.678712
1401,0,0.000000,0.871413,0.087365,0.001105,0.914843,0.000000,0.000000,1.184662,0.171079,0.693787,0.049335,0.000000,0.811463
1402,0,0.000000,0.767750,0.107680,0.001089,0.876353,0.000000,0.000000,1.074330,0.029379,0.635469,0.058784,0.000000,0.719935
1403,0,0.000000,0.734211,0.060676,0.001095,0.795874,0.000000,0.000000,0.837380,0.017223,0.471839,0.033416,0.000000,0.511029
1404,0,0.000000,0.763701,0.101183,0.001064,0.865824,0.000000,0.000000,0.910094,0.015482,0.499629,0.076469,0.000000,0.588551
1405,0,0.000000,0.719503,0.068182,0.001569,0.748203,0.000000,0.000000,0.908528,0.016007,0.463491,0.048340,0.000000,0.487953
1406,0,0.000000,0.842256,0.054856,0.001503,0.898128,0.000000,0.000000,0.974159,0.033883,0.566968,0.034363,0.000000,0.625155
1407,0,0.000000,0.801771,0.047331,0.001418,0.849862,0.000000,0.000000,0.917746,0.026271,0.574888,0.031766,0.000000,0.627358
1408,0,0.000000,0.696416,0.058321,0.001625,0.756105,0.000000,0.000000,0.859385,0.029247,0.488739,0.036198,0.000000,0.533739
1409,0,0.000000,0.834023,0.057324,0.001609,0.892316,0.000000,0.000000,1.084627,0.042361,0.761615,0.036347,0.000000,0.818468
1410,0,0.000000,0.782339,0.117258,0.001660,0.900575,0.000000,0.000000,0.945944,0.014949,0.584934,0.055471,0.000000,0.651909
1411,0,0.000000,0.757035,0.089772,0.001603,0.847725,0.000000,0.000000,0.892335,0.015507,0.571367,0.069919,0.000000,0.652966
1412,0,0.000000,0.759157,0.046819,0.001115,0.806965,0.000000,0.000000,0.858928,0.014522,0.565341,0.028088,0.000000,0.603799
1413,0,0.000000,0.821560,0.048100,0.000980,0.870640,0.000000,0.000000,0.933286,0.018345,0.576308,0.026233,0.000000,0.616828
1414,0,0.000000,0.773940,0.067414,0.001061,0.842414,0.000000,0.000000,0.885978,0.014479,0.571998,0.045498,0.000000,0.626441
1415,0,0.000000,0.769463,0.144799,0.001018,0.862830,0.000000,0.000000,0.964902,0.013845,0.574166,0.125923,0.000000,0.709614
1416,0,0.000000,0.720038,0.062146,0.000988,0.780827,0.000000,0.000000,0.822238,0.014462,0.522918,0.044507,0.000000,0.577874
1417,0,0.000000,0.745362,0.055234,0.001011,0.796281,0.000000,0.000000,0.840424,0.011665,0.547164,0.035597,0.000000,0.592025
1418,0,0.000000,0.721943,0.082023,0.001025,0.800950,0.000000,0.000000,0.845659,0.013353,0.522431,0.059795,0.000000,0.593201
1419,0,0.000000,0.709124,0.070754,0.000894,0.780742,0.000000,0.000000,0.859223,0.013078,0.545570,0.034113,0.000000,0.590463
1420,0,0.000000,0.700730,0.148108,0.001048,0.835194,0.000000,0.000000,0.900865,0.013245,0.514862,0.125251,0.000000,0.649830
1421,0,0.000000,0.787940,0.073928,0.044231,0.831434,0.000000,0.000000,1.486358,0.012531,0.986020,0.079780,0.000000,1.005087
1422,0,0.000000,0.596897,0.041088,0.000754,0.627779,0.000000,0.000000,0.728113,0.057692,0.276988,0.019250,0.000000,0.323217
1423,0,0.000000,0.460213,0.040467,0.000921,0.501511,0.000000,0.000000,0.549126,0.016979,0.241670,0.018909,0.000000,0.276126
1424,0,0.000000,0.498542,0.044421,0.001661,0.544624,0.000000,0.000000,0.595404,0.014249,0.298658,0.031440,0.000000,0.341495
1425,0,0.000000,0.628052,0.101937,0.002142,0.677012,0.000000,0.000000,0.800460,0.128939,0.424658,0.089032,0.000000,0.532751
1426,0,0.000000,0.649496,0.049710,0.001070,0.700276,0.000000,0.000000,0.748715,0.012699,0.442779,0.030212,0.000000,0.484417
1427,0,0.000000,0.609203,0.050750,0.001106,0.661059,0.000000,0.000000,0.718321,0.017568,0.418037,0.032144,0.000000,0.465859
1428,0,0.000000,0.656701,0.036043,0.000957,0.693701,0.000000,0.000000,0.750019,0.012693,0.413260,0.020909,0.000000,0.445542
1429,0,0.000000,0.671909,0.093983,0.000997,0.766163,0.000000,0.000000,0.840179,0.027050,0.472283,0.091682,0.000000,0.572742
1430,0,0.000000,0.631334,0.090285,0.001125,0.722512,0.000000,0.000000,0.764467,0.016106,0.430912,0.045788,0.000000,0.487751
1431,0,0.000000,0.754143,0.058998,0.001678,0.814304,0.000000,0.000000,0.883221,0.019418,0.510621,0.017526,0.000000,0.533988
1432,0,0.000000,0.657973,0.084433,0.002056,0.744131,0.000000,0.000000,0.803472,0.026361,0.441492,0.068151,0.000000,0.530051
1433,0,0.000000,0.703839,0.073303,0.026740,0.777992,0.000000,0.000000,0.858359,0.027291,0.465213,0.079936,0.000000,0.567628
1434,0,0.000000,0.705036,0.087675,0.000988,0.783517,0.000000,0.000000,0.843905,0.015396,0.489456,0.072312,0.000000,0.575069
1435,0,0.000000,0.707801,0.036574,0.000809,0.745184,0.000000,0.000000,0.801918,0.017614,0.451430,0.005599,0.000000,0.472539
1436,0,0.000000,0.683230,0.051464,0.000702,0.735396,0.000000,0.000000,0.785170,0.025374,0.460534,0.004646,0.000000,0.486030
1437,0,0.000000,0.700765,0.083865,0.003316,0.787946,0.000000,0.000000,0.848433,0.013508,0.464548,0.033015,0.000000,0.505778
1438,0,0.000000,0.730676,0.062379,0.001104,0.794159,0.000000,0.000000,0.865479,0.040759,0.503952,0.038448,0.000000,0.559119
1439,0,0.000000,0.768002,0.045939,0.001022,0.814963,0.000000,0.000000,0.869366,0.015066,0.539817,0.026034,0.000000,0.577448
1440,0,0.000000,0.715531,0.031291,0.000642,0.747464,0.000000,0.000000,0.827970,0.019938,0.509083,0.007914,0.000000,0.531192
1441,0,0.000000,0.327523,0.023938,0.000558,0.350127,0.000000,0.000000,0.390278,0.015526,0.075073,0.002863,0.000000,0.090168
1442,0,0.000000,0.310002,0.022066,0.000656,0.330206,0.000000,0.000000,0.432767,0.008487,0.140236,0.006367,0.000000,0.150346
1443,0,0.000000,0.329523,0.023233,0.000537,0.353256,0.000000,0.000000,0.422073,0.010373,0.085004,0.005739,0.000000,0.098339
1444,0,0.000000,0.325177,0.025085,0.000557,0.349070,0.000000,0.000000,0.378945,0.010230,0.088085,0.006037,0.000000,0.099266
1445,0,0.000000,0.306382,0.032065,0.000544,0.329040,0.000000,0.000000,0.360724,0.007575,0.071935,0.012672,0.000000,0.090160
1446,0,0.000000,0.315895,0.020592,0.000546,0.335726,0.000000,0.000000,0.367855,0.007403,0.063775,0.011528,0.000000,0.080890
1447,0,0.000000,0.317924,0.022666,0.000535,0.339304,0.000000,0.000000,0.368771,0.008245,0.086450,0.005609,0.000000,0.096196
1448,0,0.000000,0.312066,0.021912,0.000538,0.332474,0.000000,0.000000,0.357334,0.007462,0.072269,0.004038,0.000000,0.080636
1449,0,0.000000,0.328554,0.022453,0.000578,0.351585,0.000000,0.000000,0.375774,0.007575,0.089286,0.004542,0.000000,0.097834
1450,0,0.000000,0.791959,0.046956,0.001288,0.840203,0.000000,0.000000,0.891675,0.008113,0.568654,0.030207,0.000000,0.577469
1451,0,0.000000,0.776009,0.070908,0.001051,0.847968,0.000000,0.000000,0.928029,0.026033,0.578356,0.051636,0.000000,0.593548
1452,0,0.000000,0.743636,0.055749,0.001089,0.800474,0.000000,0.000000,0.847168,0.016322,0.512056,0.037344,0.000000,0.525255
1453,0,0.000000,0.765184,0.051155,0.001108,0.817352,0.000000,0.000000,0.873071,0.012864,0.542823,0.032386,0.000000,0.579644
1454,0,0.000000,0.775210,0.043437,0.001582,0.814448,0.000000,0.000000,0.875377,0.023658,0.540688,0.027642,0.000000,0.588613
1455,0,0.000000,0.792908,0.044901,0.001078,0.838887,0.000000,0.000000,0.952446,0.015900,0.609856,0.025393,0.000000,0.646091
1456,0,0.000000,0.840919,0.043723,0.001262,0.885613,0.000000,0.000000,0.957036,0.020795,0.581590,0.027155,0.000000,0.628377
1457,0,0.000000,0.771956,0.036046,0.000916,0.808918,0.000000,0.000000,0.856180,0.030003,0.522331,0.017912,0.000000,0.559771
1458,0,0.000000,0.758346,0.043764,0.001341,0.803190,0.000000,0.000000,0.848640,0.015448,0.520415,0.028355,0.000000,0.560675
1459,0,0.000000,0.792760,0.042617,0.001002,0.834943,0.000000,0.000000,0.893050,0.016357,0.536954,0.032265,0.000000,0.571188
1460,0,0.000000,0.808007,0.071922,0.001396,0.872859,0.000000,0.000000,0.930659,0.014259,0.544052,0.053259,0.000000,0.610055
1461,0,0.000000,0.758468,0.050749,0.001563,0.793630,0.000000,0.000000,0.857350,0.025543,0.518579,0.033411,0.000000,0.570309
1462,0,0.000000,0.818786,0.048203,0.001066,0.863691,0.000000,0.000000,0.977228,0.015091,0.565104,0.026371,0.000000,0.597848
1463,0,0.000000,0.749273,0.060535,0.001342,0.811104,0.000000,0.000000,0.880070,0.022730,0.475653,0.032449,0.000000,0.526900
1464,0,0.000000,0.762581,0.053277,0.001440,0.814826,0.000000,0.000000,0.882909,0.018620,0.510772,0.022070,0.000000,0.549138
1465,0,0.000000,0.787120,0.039568,0.000977,0.825566,0.000000,0.000000,0.876906,0.020428,0.500056,0.023200,0.000000,0.541488
1466,0,0.000000,0.755751,0.073117,0.000958,0.810395,0.000000,0.000000,0.873339,0.013707,0.511230,0.059314,0.000000,0.582397
1467,0,0.000000,0.704883,0.043818,0.001254,0.749750,0.000000,0.000000,0.794094,0.017406,0.494772,0.028890,0.000000,0.540533
1468,0,0.000000,0.749109,0.069505,0.001048,0.819662,0.000000,0.000000,0.861767,0.014342,0.566166,0.026776,0.000000,0.602517
1469,0,0.000000,0.759935,0.049369,0.001158,0.810462,0.000000,0.000000,0.858566,0.015417,0.573807,0.020456,0.000000,0.603200
1470,0,0.000000,0.717451,0.043887,0.000927,0.762265,0.000000,0.000000,0.799814,0.014092,0.517442,0.025266,0.000000,0.550215
1471,0,0.000000,0.724167,0.052773,0.001041,0.776363,0.000000,0.000000,0.825093,0.011419,0.515759,0.034624,0.000000,0.557534
1472,0,0.000000,0.767934,0.051049,0.002664,0.821549,0.000000,0.000000,0.891249,0.015453,0.581877,0.038610,0.000000,0.627238
1473,0,0.000000,0.777843,0.042695,0.001572,0.822110,0.000000,0.000000,0.904091,0.029550,0.567585,0.022367,0.000000,0.611896
1474,0,0.000000,0.766399,0.050214,0.001241,0.817854,0.000000,0.000000,0.866748,0.014600,0.541266,0.026564,0.000000,0.578418
1475,0,0.000000,0.779965,0.076217,0.001031,0.857213,0.000000,0.000000,0.939124,0.012429,0.573931,0.044767,0.000000,0.629937
1476,0,0.000000,0.707355,0.051713,0.001184,0.760185,0.000000,0.000000,0.807376,0.014259,0.507860,0.024940,0.000000,0.543577
1477,0,0.000000,0.747164,0.057336,0.001073,0.803619,0.000000,0.000000,0.849144,0.015024,0.535609,0.038040,0.000000,0.586592
1478,0,0.000000,0.730722,0.047673,0.001467,0.779862,0.000000,0.000000,0.848005,0.014409,0.548143,0.025487,0.000000,0.583735
1479,0,0.000000,0.712250,0.072397,0.000842,0.785456,0.000000,0.000000,0.818914,0.015225,0.493618,0.049961,0.000000,0.555745
1480,0,0.000000,0.729823,0.040245,0.001175,0.771135,0.000000,0.000000,0.920394,0.010769,0.626084,0.024026,0.000000,0.637982
1481,0,0.000000,0.732442,0.083477,0.002576,0.817660,0.000000,0.000000,0.884318,0.029788,0.486275,0.061135,0.000000,0.575292
1482,0,0.000000,0.807062,0.080606,0.002568,0.888210,0.000000,0.000000,1.030367,0.032943,0.643459,0.063620,0.000000,0.737024
1483,0,0.000000,0.848719,0.086314,0.001664,0.928386,0.000000,0.000000,0.981190,0.018590,0.559428,0.067266,0.000000,0.641835
1484,0,0.000000,0.759636,0.098031,0.001179,0.858295,0.000000,0.000000,0.948157,0.019858,0.513038,0.097468,0.000000,0.583765
1485,0,0.000000,0.767607,0.036166,0.000769,0.790488,0.000000,0.000000,0.903237,0.022913,0.551429,0.020488,0.000000,0.584198
1486,0,0.000000,0.541182,0.050727,0.000660,0.592569,0.000000,0.000000,0.635395,0.017600,0.312532,0.030592,0.000000,0.356476
1487,0,0.000000,0.520698,0.053042,0.002187,0.569720,0.000000,0.000000,0.664028,0.012456,0.347898,0.035704,0.000000,0.385598
1488,0,0.000000,0.787285,0.064777,0.000978,0.853040,0.000000,0.000000,0.906224,0.020989,0.564549,0.039662,0.000000,0.607137
1489,0,0.000000,0.766205,0.260983,0.000884,1.028072,0.000000,0.000000,1.076296,0.017505,0.542904,0.236832,0.000000,0.784319
1490,0,0.000000,0.722548,0.041307,0.000970,0.761805,0.000000,0.000000,0.809221,0.026981,0.437380,0.024649,0.000000,0.488011
1491,0,0.000000,0.762807,0.044414,0.000937,0.808158,0.000000,0.000000,0.851101,0.015135,0.525432,0.027030,0.000000,0.565410
1492,0,0.000000,0.813210,0.070226,0.001029,0.884465,0.000000,0.000000,0.957592,0.042156,0.593089,0.049056,0.000000,0.647610
1493,0,0.000000,0.758030,0.166317,0.000892,0.925239,0.000000,0.000000,0.988837,0.017221,0.525722,0.166525,0.000000,0.672134
1494,0,0.000000,0.712829,0.041656,0.001099,0.755584,0.000000,0.000000,0.802713,0.022047,0.468155,0.023078,0.000000,0.497749
1495,0,0.000000,0.755423,0.075219,0.000983,0.831625,0.000000,0.000000,0.886598,0.018623,0.518287,0.058544,0.000000,0.566662
1496,0,0.000000,0.771864,0.057658,0.001450,0.830658,0.000000,0.000000,0.893197,0.018824,0.535265,0.037388,0.000000,0.585646
1497,0,0.000000,0.801840,0.060981,0.054488,0.903484,0.000000,0.000000,0.996866,0.040195,0.551025,0.105671,0.000000,0.665697
1498,0,0.000000,0.928861,0.055904,0.001122,0.972137,0.000000,0.000000,1.069433,0.030010,0.652546,0.026940,0.000000,0.709496
1499,0,0.000000,0.895805,0.066694,0.000924,0.963423,0.000000,0.000000,1.043321,0.020285,0.644190,0.043674,0.000000,0.704304
1500,0,0.000000,0.828885,0.057781,0.000966,0.884832,0.000000,0.000000,0.969389,0.027592,0.599118,0.036236,0.000000,0.647483
1501,0,0.000000,0.812963,0.053452,0.001043,0.866951,0.000000,0.000000,0.923283,0.017133,0.555692,0.034698,0.000000,0.596019
1502,0,0.000000,0.784775,0.057174,0.001259,0.843208,0.000000,0.000000,0.889194,0.019126,0.530542,0.036799,0.000000,0.574228
1503,0,0.000000,0.800054,0.064117,0.000896,0.865067,0.000000,0.000000,0.917742,0.016834,0.546475,0.042966,0.000000,0.585162
1504,0,0.000000,0.748142,0.052307,0.000919,0.791149,0.000000,0.000000,0.860235,0.020538,0.523678,0.034867,0.000000,0.576574
1505,0,0.000000,0.766692,0.046201,0.000912,0.810179,0.000000,0.000000,0.859092,0.019760,0.519926,0.029395,0.000000,0.564768
1506,0,0.000000,0.761403,0.241381,0.000951,0.939343,0.000000,0.000000,1.066989,0.029181,0.539865,0.219388,0.000000,0.780464
1507,0,0.000000,0.718875,0.074514,0.001119,0.766734,0.000000,0.000000,0.832116,0.016682,0.461767,0.028871,0.000000,0.502997
1508,0,0.000000,0.770075,0.054774,0.001406,0.826255,0.000000,0.000000,0.874894,0.097068,0.446724,0.035994,0.000000,0.576115
1509,0,0.000000,0.762585,0.067735,0.000865,0.831185,0.000000,0.000000,0.880128,0.021946,0.518703,0.047192,0.000000,0.577328
1510,0,0.000000,0.743672,0.107120,0.001029,0.851821,0.000000,0.000000,0.900898,0.013066,0.493751,0.084967,0.000000,0.579008
1511,0,0.000000,0.730281,0.130149,0.000956,0.861321,0.000000,0.000000,0.904780,0.016040,0.483295,0.104637,0.000000,0.581442
1512,0,0.000000,0.748359,0.040527,0.000952,0.789838,0.000000,0.000000,0.835111,0.014282,0.496873,0.022587,0.000000,0.525703
1513,0,0.000000,0.729142,0.068168,0.000904,0.790370,0.000000,0.000000,0.867303,0.013672,0.487190,0.047262,0.000000,0.541578
1514,0,0.000000,0.762052,0.052697,0.001084,0.813999,0.000000,0.000000,0.866189,0.017331,0.499325,0.034413,0.000000,0.546357
1515,0,0.000000,0.746854,0.060880,0.000865,0.807213,0.000000,0.000000,0.856860,0.021042,0.491548,0.041518,0.000000,0.543523
1516,0,0.000000,0.724560,0.070563,0.001262,0.796385,0.000000,0.000000,0.842176,0.021543,0.455946,0.051832,0.000000,0.520766
1517,0,0.000000,0.774130,0.064906,0.000881,0.838238,0.000000,0.000000,0.888970,0.014710,0.525370,0.045819,0.000000,0.580845
1518,0,0.000000,0.772444,0.081639,0.001669,0.855008,0.000000,0.000000,0.909817,0.018582,0.495757,0.063820,0.000000,0.572802
1519,0,0.000000,0.772609,0.187138,0.001140,0.941007,0.000000,0.000000,1.017581,0.022359,0.512171,0.166829,0.000000,0.689540
1520,0,0.000000,0.741764,0.055273,0.001119,0.798040,0.000000,0.000000,0.843666,0.017651,0.469808,0.037295,0.000000,0.520005
1521,0,0.000000,0.785615,0.085239,0.001815,0.872669,0.000000,0.000000,0.932952,0.015898,0.485542,0.069148,0.000000,0.559734
1522,0,0.000000,0.786788,0.083140,0.001110,0.869556,0.000000,0.000000,0.924990,0.018603,0.523062,0.062337,0.000000,0.598546
1523,0,0.000000,0.767858,0.069482,0.001430,0.838653,0.000000,0.000000,0.885069,0.015462,0.506530,0.051742,0.000000,0.570194
1524,0,0.000000,0.732494,0.179470,0.001078,0.912929,0.000000,0.000000,0.957253,0.016864,0.468176,0.155425,0.000000,0.636121
1525,0,0.000000,0.761563,0.135777,0.001304,0.892736,0.000000,0.000000,0.962786,0.013903,0.499006,0.114608,0.000000,0.614434
1526,0,0.000000,0.741953,0.120260,0.002077,0.863681,0.000000,0.000000,0.922877,0.017411,0.475393,0.097146,0.000000,0.587200
1527,0,0.000000,0.767108,0.195048,0.001043,0.961086,0.000000,0.000000,1.013809,0.015501,0.490523,0.171301,0.000000,0.673337
1528,0,0.000000,0.727520,0.291009,0.001036,1.019374,0.000000,0.000000,1.067353,0.017588,0.469270,0.265211,0.000000,0.747946
1529,0,0.000000,0.760898,0.088281,0.001377,0.849982,0.000000,0.000000,0.899692,0.014567,0.508463,0.069630,0.000000,0.585883
1530,0,0.000000,0.733441,0.086003,0.001495,0.820756,0.000000,0.000000,0.867621,0.018066,0.459031,0.065175,0.000000,0.538157
1531,0,0.000000,0.805459,0.049927,0.001144,0.854590,0.000000,0.000000,0.946354,0.013953,0.551107,0.023833,0.000000,0.573952
1532,0,0.000000,0.737115,0.052877,0.000928,0.785321,0.000000,0.000000,0.838472,0.028087,0.525956,0.028552,0.000000,0.555157
1533,0,0.000000,0.724515,0.035490,0.001207,0.760614,0.000000,0.000000,0.820254,0.013135,0.557420,0.018715,0.000000,0.577187
1534,0,0.000000,0.713811,0.035121,0.000853,0.744854,0.000000,0.000000,0.806756,0.017482,0.540900,0.011360,0.000000,0.558053
1535,0,0.000000,0.754769,0.220230,0.000883,0.938008,0.000000,0.000000,1.016414,0.017446,0.569823,0.157753,0.000000,0.651357
1536,0,0.000000,0.703464,0.197428,0.000825,0.884919,0.000000,0.000000,0.946221,0.013845,0.525646,0.128621,0.000000,0.588999
1537,0,0.000000,0.715406,0.198452,0.000837,0.858383,0.000000,0.000000,0.982173,0.016841,0.534025,0.104923,0.000000,0.556872
1538,0,0.000000,0.710533,0.113319,0.000814,0.810806,0.000000,0.000000,0.882712,0.043333,0.504463,0.055410,0.000000,0.516329
1539,0,0.000000,0.814114,0.271097,0.001024,1.085874,0.000000,0.000000,1.135563,0.017539,0.625586,0.200394,0.000000,0.749347
1540,0,0.000000,0.703398,0.163238,0.000849,0.816653,0.000000,0.000000,0.905828,0.017988,0.496471,0.081753,0.000000,0.516622
1541,0,0.000000,0.726410,0.247392,0.000870,0.950001,0.000000,0.000000,1.015133,0.012147,0.518875,0.198968,0.000000,0.646881
1542,0,0.000000,0.759949,0.294374,0.000942,1.055265,0.000000,0.000000,1.116614,0.017562,0.522995,0.269885,0.000000,0.759711
1543,0,0.000000,0.746824,0.076996,0.000904,0.807097,0.000000,0.000000,0.903498,0.018024,0.572444,0.052863,0.000000,0.586217
1544,0,0.000000,0.696976,0.190294,0.000778,0.851065,0.000000,0.000000,0.931099,0.016346,0.482828,0.127538,0.000000,0.558570
1545,0,0.000000,0.710429,0.153092,0.000861,0.830502,0.000000,0.000000,0.910541,0.016181,0.489043,0.094084,0.000000,0.545280
1546,0,0.000000,0.710451,0.078476,0.000838,0.789765,0.000000,0.000000,0.831388,0.016397,0.467781,0.055498,0.000000,0.506254
1547,0,0.000000,0.729995,0.101822,0.001487,0.832978,0.000000,0.000000,1.011916,0.016593,0.633628,0.086965,0.000000,0.649965
1548,0,0.000000,0.687883,0.134765,0.000857,0.823408,0.000000,0.000000,0.895547,0.023679,0.440192,0.119077,0.000000,0.579550
1549,0,0.000000,0.679631,0.155205,0.000992,0.835828,0.000000,0.000000,0.872666,0.013303,0.432283,0.137670,0.000000,0.578709
1550,0,0.000000,0.644891,0.046146,0.001388,0.692121,0.000000,0.000000,0.734718,0.016754,0.401322,0.031247,0.000000,0.441642
1551,0,0.000000,0.644958,0.264582,0.001319,0.910482,0.000000,0.000000,0.947766,0.012492,0.407335,0.242205,0.000000,0.660865
1552,0,0.000000,0.672905,0.285929,0.000950,0.959784,0.000000,0.000000,1.006688,0.013810,0.437127,0.258265,0.000000,0.696031
1553,0,0.000000,0.668132,0.338568,0.000923,1.007623,0.000000,0.000000,1.056500,0.013132,0.435662,0.312235,0.000000,0.742770
1554,0,0.000000,0.654629,0.078183,0.001522,0.734155,0.000000,0.000000,0.771343,0.014133,0.415554,0.054722,0.000000,0.480651
1555,0,0.000000,0.693387,0.102829,0.001264,0.796884,0.000000,0.000000,0.839311,0.012933,0.449434,0.073233,0.000000,0.532034
1556,0,0.000000,0.595236,0.076454,0.000914,0.670171,0.000000,0.000000,0.714990,0.060868,0.329661,0.052197,0.000000,0.408819
1557,0,0.000000,0.561845,0.180337,0.000919,0.738624,0.000000,0.000000,0.800740,0.012781,0.344419,0.159599,0.000000,0.510373
1558,0,0.000000,0.550430,0.058286,0.000928,0.609430,0.000000,0.000000,0.662804,0.014360,0.302973,0.047177,0.000000,0.354634
1559,0,0.000000,0.576239,0.082433,0.000750,0.659422,0.000000,0.000000,0.696551,0.012722,0.335237,0.061960,0.000000,0.402512
1560,0,0.000000,0.555525,0.038626,0.000864,0.595015,0.000000,0.000000,0.632137,0.010962,0.314897,0.024087,0.000000,0.343951
1561,0,0.000000,0.554914,0.173320,0.000889,0.709266,0.000000,0.000000,0.771619,0.012393,0.319731,0.152611,0.000000,0.476477
1562,0,0.000000,0.586344,0.023016,0.000761,0.610121,0.000000,0.000000,0.648812,0.011539,0.334009,0.008998,0.000000,0.348211
1563,0,0.000000,0.541384,0.040345,0.000757,0.582486,0.000000,0.000000,0.617518,0.011737,0.273596,0.024108,0.000000,0.302647
1564,0,0.000000,0.616508,0.150093,0.002602,0.769203,0.000000,0.000000,0.813971,0.009208,0.365647,0.133989,0.000000,0.504239
1565,0,0.000000,0.604739,0.036379,0.000742,0.633425,0.000000,0.000000,0.681685,0.018301,0.360842,0.019578,0.000000,0.379770
1566,0,0.000000,0.631217,0.076204,0.001211,0.695088,0.000000,0.000000,0.790362,0.020361,0.412577,0.054500,0.000000,0.474664
1567,0,0.000000,0.622269,0.064835,0.000834,0.687763,0.000000,0.000000,0.761818,0.021868,0.386049,0.043619,0.000000,0.449166
1568,0,0.000000,0.681864,0.161872,0.000944,0.825636,0.000000,0.000000,0.888089,0.017020,0.431109,0.132807,0.000000,0.575903
1569,0,0.000000,0.649632,0.310740,0.000844,0.922018,0.000000,0.000000,1.006234,0.016340,0.325692,0.254199,0.000000,0.593622
1570,0,0.000000,0.628820,0.065942,0.001318,0.695573,0.000000,0.000000,0.737832,0.013182,0.382010,0.043449,0.000000,0.436704
1571,0,0.000000,0.633079,0.284897,0.000874,0.893586,0.000000,0.000000,0.957967,0.015016,0.391598,0.231465,0.000000,0.637449
1572,0,0.000000,0.677516,0.258480,0.001082,0.904122,0.000000,0.000000,0.980186,0.013561,0.438077,0.221928,0.000000,0.671734
1573,0,0.000000,0.621451,0.270953,0.000922,0.873245,0.000000,0.000000,0.929758,0.016609,0.378090,0.237630,0.000000,0.631845
1574,0,0.000000,0.629072,0.107355,0.000979,0.712235,0.000000,0.000000,0.783208,0.013227,0.398286,0.059640,0.000000,0.468445
1575,0,0.000000,0.646274,0.289459,0.000861,0.899080,0.000000,0.000000,0.976586,0.015171,0.410794,0.240644,0.000000,0.665989
1576,0,0.000000,0.632172,0.257559,0.000849,0.881548,0.000000,0.000000,0.935987,0.013281,0.404687,0.147467,0.000000,0.541422
1577,0,0.000000,0.629743,0.302731,0.000899,0.904786,0.000000,0.000000,0.974582,0.016103,0.386966,0.251411,0.000000,0.651708
1578,0,0.000000,0.624668,0.280609,0.000850,0.882326,0.000000,0.000000,0.946745,0.012729,0.394202,0.208390,0.000000,0.609463
1579,0,0.000000,0.629747,0.260227,0.000887,0.867931,0.000000,0.000000,0.934102,0.015760,0.395614,0.195254,0.000000,0.602919
1580,0,0.000000,0.652959,0.221994,0.001071,0.875605,0.000000,0.000000,0.969583,0.012992,0.472371,0.175724,0.000000,0.658311
1581,0,0.000000,0.625739,0.284239,0.000871,0.899938,0.000000,0.000000,0.993257,0.020996,0.390538,0.235965,0.000000,0.646032
1582,0,0.000000,0.628375,0.107683,0.001128,0.717809,0.000000,0.000000,0.777835,0.015991,0.397237,0.079838,0.000000,0.492724
1583,0,0.000000,0.871018,0.092532,0.001016,0.964566,0.000000,0.000000,1.036336,0.013053,0.664983,0.061467,0.000000,0.732183
1584,0,0.000000,0.743587,0.139346,0.000874,0.881866,0.000000,0.000000,0.933359,0.020232,0.516805,0.112159,0.000000,0.638171
1585,0,0.000000,0.600348,0.181676,0.000733,0.775705,0.000000,0.000000,0.826694,0.011711,0.337012,0.155387,0.000000,0.499286
1586,0,0.000000,0.519486,0.085018,0.000621,0.605117,0.000000,0.000000,0.632719,0.013742,0.279128,0.063709,0.000000,0.353035
1587,0,0.000000,0.511325,0.083431,0.000691,0.595447,0.000000,0.000000,0.621811,0.022103,0.261883,0.061430,0.000000,0.339922
1588,0,0.000000,0.529654,0.042340,0.000831,0.572780,0.000000,0.000000,0.622112,0.007869,0.299494,0.025542,0.000000,0.330903
1589,0,0.000000,0.600483,0.140142,0.000647,0.741240,0.000000,0.000000,0.783115,0.012318,0.373176,0.116901,0.000000,0.478486
1590,0,0.000000,0.519336,0.060447,0.000755,0.580310,0.000000,0.000000,0.620773,0.008898,0.293512,0.036925,0.000000,0.337384
1591,0,0.000000,0.512120,0.118829,0.000679,0.631534,0.000000,0.000000,0.675704,0.010685,0.279803,0.105090,0.000000,0.393205
1592,0,0.000000,0.514631,0.054158,0.000851,0.566567,0.000000,0.000000,0.614081,0.010784,0.278796,0.032940,0.000000,0.317983
1593,0,0.000000,0.625541,0.106817,0.000964,0.733322,0.000000,0.000000,0.769629,0.011460,0.386868,0.087438,0.000000,0.479681
1594,0,0.000000,0.598588,0.068455,0.000690,0.667676,0.000000,0.000000,0.705192,0.013145,0.361184,0.044281,0.000000,0.413250
1595,0,0.000000,0.514268,0.148818,0.000643,0.663665,0.000000,0.000000,0.692843,0.011052,0.263510,0.126347,0.000000,0.390596
1596,0,0.000000,0.534702,0.125459,0.000711,0.626799,0.000000,0.000000,0.704633,0.009051,0.296731,0.096801,0.000000,0.402583
1597,0,0.000000,0.505065,0.123820,0.000657,0.629539,0.000000,0.000000,0.658656,0.010567,0.256956,0.098540,0.000000,0.359127
1598,0,0.000000,0.500304,0.073918,0.000687,0.574809,0.000000,0.000000,0.601386,0.008886,0.242048,0.052934,0.000000,0.301523
1599,0,0.000000,0.520152,0.116432,0.000676,0.592539,0.000000,0.000000,0.673049,0.008620,0.274079,0.093216,0.000000,0.372703
1600,0,0.000000,0.528652,0.072298,0.000740,0.601588,0.000000,0.000000,0.638346,0.010806,0.288590,0.047517,0.000000,0.345605
1601,0,0.000000,0.514794,0.114584,0.000675,0.625287,0.000000,0.000000,0.662841,0.011933,0.257714,0.091822,0.000000,0.355067
1602,0,0.000000,0.537003,0.023516,0.000753,0.558345,0.000000,0.000000,0.602174,0.008961,0.287172,0.007999,0.000000,0.303870
1603,0,0.000000,0.507073,0.030681,0.000866,0.528302,0.000000,0.000000,0.578048,0.017216,0.322259,0.006593,0.000000,0.346068
1604,1,0.000000,0.499077,0.037113,0.000727,0.531582,0.000000,0.000000,0.578451,0.015864,0.325547,0.007631,0.000000,0.338566
1605,1,0.000000,0.763148,0.053315,0.001532,0.817995,0.000000,0.000000,0.875940,0.009499,0.610637,0.025085,0.000000,0.632223
1606,1,0.000000,0.707072,0.082819,0.000922,0.790557,0.000000,0.000000,0.834610,0.023649,0.521214,0.048283,0.000000,0.550197
1607,1,0.000000,0.567571,0.068168,0.001498,0.625612,0.000000,0.000000,0.694249,0.011157,0.404888,0.033913,0.000000,0.417643
1608,1,0.000000,0.871843,0.234056,0.000775,1.106674,0.000000,0.000000,1.330321,0.023458,0.731124,0.197252,0.000000,0.939870
1609,1,0.000000,0.523677,0.178216,0.000816,0.687430,0.000000,0.000000,0.740949,0.013042,0.346760,0.134144,0.000000,0.364224
1610,1,0.000000,0.533809,0.030433,0.000889,0.565131,0.000000,0.000000,0.600784,0.013420,0.359144,0.009810,0.000000,0.375225
1611,1,0.000000,0.592356,0.093347,0.000703,0.682921,0.000000,0.000000,0.716404,0.010237,0.400491,0.063600,0.000000,0.414449
1612,1,0.000000,0.592255,0.107953,0.000677,0.697434,0.000000,0.000000,0.735441,0.011645,0.408699,0.075554,0.000000,0.426183
1613,1,0.000000,0.551760,0.079165,0.000992,0.631917,0.000000,0.000000,0.716099,0.066438,0.390990,0.054521,0.000000,0.411676
1614,1,0.000000,0.639952,0.066892,0.000895,0.707624,0.000000,0.000000,0.744056,0.012670,0.457460,0.043437,0.000000,0.473668
