iteration,food_quantity,event_poll_ms,ants_advance_ms,evaporation_ms,update_ms,advance_total_ms,render_ms,blit_ms,iteration_total_ms,mpi_halo_exchange_ms,mpi_migration_ms,mpi_food_allreduce_ms,mpi_render_comm_ms,mpi_total_comm_ms
1,0,0.000000,5.368203,0.209392,0.004036,5.581631,0.000000,0.000000,5.632272,0.019903,0.000000,0.001635,0.000000,0.021538
2,0,0.000000,3.660533,0.230324,0.004019,3.894876,0.000000,0.000000,3.914132,0.008745,0.000000,0.001390,0.000000,0.010135
3,0,0.000000,3.456776,0.100460,0.004587,3.561823,0.000000,0.000000,3.580317,0.008107,0.000000,0.001602,0.000000,0.009709
4,0,0.000000,3.568932,0.205641,0.003984,3.778557,0.000000,0.000000,3.797724,0.009764,0.000000,0.000984,0.000000,0.010748
5,0,0.000000,3.573226,0.220353,0.004066,3.797645,0.000000,0.000000,3.815023,0.009762,0.000000,0.000909,0.000000,0.010671
6,0,0.000000,3.358739,0.100330,0.003935,3.463004,0.000000,0.000000,3.478126,0.008372,0.000000,0.000679,0.000000,0.009051
7,0,0.000000,3.529302,0.103931,0.003846,3.637079,0.000000,0.000000,3.650126,0.008192,0.000000,0.000708,0.000000,0.008900
8,0,0.000000,3.909334,0.153952,0.004147,4.067433,0.000000,0.000000,4.084274,0.007789,0.000000,0.000729,0.000000,0.008518
9,0,0.000000,3.571315,0.109505,0.004050,3.684870,0.000000,0.000000,3.702312,0.009692,0.000000,0.000575,0.000000,0.010267
10,0,0.000000,3.495171,0.098268,0.004286,3.597725,0.000000,0.000000,3.611997,0.008578,0.000000,0.000519,0.000000,0.009097
11,0,0.000000,3.545136,0.102233,0.003912,3.651281,0.000000,0.000000,3.663691,0.007527,0.000000,0.000412,0.000000,0.007939
12,0,0.000000,3.733660,0.107230,0.004164,3.845054,0.000000,0.000000,3.859538,0.007318,0.000000,0.000688,0.000000,0.008006
13,0,0.000000,3.546347,0.101445,0.004253,3.652045,0.000000,0.000000,3.666996,0.009005,0.000000,0.000589,0.000000,0.009594
14,0,0.000000,3.612362,0.099468,0.004098,3.715928,0.000000,0.000000,3.729779,0.008002,0.000000,0.000493,0.000000,0.008495
15,0,0.000000,3.560044,0.096537,0.004091,3.660672,0.000000,0.000000,3.698570,0.008358,0.000000,0.000422,0.000000,0.008780
16,0,0.000000,5.020013,0.160469,0.004114,5.184596,0.000000,0.000000,5.203819,0.007749,0.000000,0.001415,0.000000,0.009164
17,0,0.000000,3.672698,0.097073,0.004101,3.773872,0.000000,0.000000,3.791453,0.009801,0.000000,0.000678,0.000000,0.010479
18,0,0.000000,3.395322,0.093724,0.003752,3.492798,0.000000,0.000000,3.507173,0.007944,0.000000,0.000631,0.000000,0.008575
19,0,0.000000,3.508378,0.101586,0.003901,3.613865,0.000000,0.000000,3.626770,0.007554,0.000000,0.000349,0.000000,0.007903
20,0,0.000000,4.000306,0.121311,0.004262,4.125879,0.000000,0.000000,4.142020,0.008102,0.000000,0.000495,0.000000,0.008597
21,0,0.000000,3.676947,0.101094,0.003793,3.781834,0.000000,0.000000,3.797461,0.008909,0.000000,0.000437,0.000000,0.009346
22,0,0.000000,3.642140,0.102923,0.003838,3.748901,0.000000,0.000000,3.762318,0.007897,0.000000,0.000405,0.000000,0.008302
23,0,0.000000,3.998120,0.132171,0.003649,4.133940,0.000000,0.000000,4.151794,0.008097,0.000000,0.000769,0.000000,0.008866
24,0,0.000000,3.452286,0.096571,0.004133,3.552990,0.000000,0.000000,3.567490,0.007971,0.000000,0.000415,0.000000,0.008386
25,0,0.000000,3.388556,0.101403,0.003850,3.493809,0.000000,0.000000,3.507405,0.007534,0.000000,0.000444,0.000000,0.007978
26,0,0.000000,3.368579,0.108519,0.003901,3.480999,0.000000,0.000000,3.494115,0.007700,0.000000,0.000603,0.000000,0.008303
27,0,0.000000,3.944187,0.237635,0.005755,4.187577,0.000000,0.000000,4.206251,0.008029,0.000000,0.001117,0.000000,0.009146
28,0,0.000000,6.428477,0.149046,0.003979,6.581502,0.000000,0.000000,6.605443,0.010058,0.000000,0.001557,0.000000,0.011615
29,0,0.000000,3.744184,0.139810,0.003914,3.887908,0.000000,0.000000,3.909107,0.011215,0.000000,0.001081,0.000000,0.012296
30,0,0.000000,3.626508,0.203328,0.005297,3.835133,0.000000,0.000000,3.855501,0.008578,0.000000,0.001108,0.000000,0.009686
31,0,0.000000,4.807773,0.137418,0.003950,4.949141,0.000000,0.000000,4.975627,0.011287,0.000000,0.001290,0.000000,0.012577
32,0,0.000000,5.096112,0.187777,0.004355,5.288244,0.000000,0.000000,5.312919,0.010067,0.000000,0.001252,0.000000,0.011319
33,0,0.000000,6.626362,0.241521,0.007064,6.874947,0.000000,0.000000,6.901719,0.011271,0.000000,0.001836,0.000000,0.013107
34,0,0.000000,4.682635,0.157568,0.004107,4.844310,0.000000,0.000000,4.870876,0.012995,0.000000,0.001476,0.000000,0.014471
35,0,0.000000,3.812543,0.143561,0.004042,3.960146,0.000000,0.000000,3.981615,0.009949,0.000000,0.000737,0.000000,0.010686
36,0,0.000000,3.873580,0.119733,0.003891,3.997204,0.000000,0.000000,4.018009,0.009336,0.000000,0.000880,0.000000,0.010216
37,0,0.000000,3.613821,0.146854,0.003837,3.764512,0.000000,0.000000,3.783585,0.008753,0.000000,0.000884,0.000000,0.009637
38,0,0.000000,3.402501,0.174811,0.019252,3.596564,0.000000,0.000000,3.615081,0.009630,0.000000,0.000546,0.000000,0.010176
39,0,0.000000,3.385775,0.153149,0.003880,3.542804,0.000000,0.000000,3.560194,0.008448,0.000000,0.000585,0.000000,0.009033
40,0,0.000000,3.404052,0.110980,0.003950,3.518982,0.000000,0.000000,3.537135,0.008937,0.000000,0.000684,0.000000,0.009621
41,0,0.000000,3.735436,0.124064,0.004072,3.863572,0.000000,0.000000,3.885469,0.009348,0.000000,0.001317,0.000000,0.010665
42,0,0.000000,3.474151,0.146195,0.003911,3.624257,0.000000,0.000000,3.644681,0.009699,0.000000,0.001087,0.000000,0.010786
43,0,0.000000,3.471827,0.148407,0.003658,3.623892,0.000000,0.000000,3.642796,0.008933,0.000000,0.001090,0.000000,0.010023
44,0,0.000000,3.491088,0.126014,0.003959,3.621061,0.000000,0.000000,3.639037,0.009085,0.000000,0.000901,0.000000,0.009986
45,0,0.000000,4.642727,0.175297,0.004137,4.822161,0.000000,0.000000,4.845660,0.009206,0.000000,0.001728,0.000000,0.010934
46,0,0.000000,3.693726,0.142409,0.004008,3.840143,0.000000,0.000000,3.862570,0.010795,0.000000,0.001409,0.000000,0.012204
47,0,0.000000,3.611852,0.170873,0.003820,3.786545,0.000000,0.000000,3.806188,0.009486,0.000000,0.001383,0.000000,0.010869
48,0,0.000000,3.557102,0.132803,0.004387,3.694292,0.000000,0.000000,3.714629,0.009276,0.000000,0.001468,0.000000,0.010744
49,0,0.000000,3.823087,0.141703,0.003998,3.968788,0.000000,0.000000,3.991072,0.009778,0.000000,0.001710,0.000000,0.011488
50,0,0.000000,3.609019,0.148229,0.004031,3.761279,0.000000,0.000000,3.782308,0.010241,0.000000,0.001432,0.000000,0.011673
51,0,0.000000,3.576343,0.144861,0.003865,3.725069,0.000000,0.000000,3.745215,0.010197,0.000000,0.001286,0.000000,0.011483
52,0,0.000000,3.625064,0.135924,0.003874,3.764862,0.000000,0.000000,3.785475,0.009531,0.000000,0.001274,0.000000,0.010805
53,0,0.000000,3.880402,0.146593,0.004451,4.031446,0.000000,0.000000,4.053353,0.009882,0.000000,0.001304,0.000000,0.011186
54,0,0.000000,4.384937,0.151722,0.004208,4.540867,0.000000,0.000000,4.567918,0.009990,0.000000,0.001835,0.000000,0.011825
55,0,0.000000,4.016332,0.158807,0.004772,4.179911,0.000000,0.000000,4.204618,0.010906,0.000000,0.001272,0.000000,0.012178
56,0,0.000000,5.357072,0.158651,0.004336,5.520059,0.000000,0.000000,5.549189,0.010746,0.000000,0.001637,0.000000,0.012383
57,0,0.000000,4.960874,0.176118,0.004292,5.141284,0.000000,0.000000,5.169796,0.010848,0.000000,0.002176,0.000000,0.013024
58,0,0.000000,4.378566,0.156360,0.004044,4.538970,0.000000,0.000000,4.567486,0.011734,0.000000,0.001256,0.000000,0.012990
59,0,0.000000,4.755797,0.143083,0.004103,4.902983,0.000000,0.000000,4.929590,0.010006,0.000000,0.001906,0.000000,0.011912
60,0,0.000000,3.804142,0.204767,0.004083,4.012992,0.000000,0.000000,4.036037,0.010622,0.000000,0.001454,0.000000,0.012076
61,0,0.000000,4.078951,0.129998,0.004180,4.213129,0.000000,0.000000,4.238621,0.010479,0.000000,0.001305,0.000000,0.011784
62,0,0.000000,3.745895,0.162816,0.004843,3.913554,0.000000,0.000000,3.936703,0.009907,0.000000,0.001160,0.000000,0.011067
63,0,0.000000,4.070976,0.139460,0.004080,4.214516,0.000000,0.000000,4.239225,0.010753,0.000000,0.001126,0.000000,0.011879
64,0,0.000000,4.201001,0.177924,0.005090,4.384015,0.000000,0.000000,4.411001,0.011313,0.000000,0.001512,0.000000,0.012825
65,0,0.000000,4.272028,0.174122,0.006529,4.452679,0.000000,0.000000,4.481697,0.013661,0.000000,0.000996,0.000000,0.014657
66,0,0.000000,4.790154,0.168517,0.004563,4.963234,0.000000,0.000000,4.991293,0.012183,0.000000,0.001568,0.000000,0.013751
67,0,0.000000,4.038227,0.215730,0.004819,4.258776,0.000000,0.000000,4.283020,0.011202,0.000000,0.001165,0.000000,0.012367
68,0,0.000000,4.495436,0.156741,0.004263,4.656440,0.000000,0.000000,4.681463,0.010334,0.000000,0.001340,0.000000,0.011674
69,0,0.000000,4.279349,0.165086,0.004165,4.448600,0.000000,0.000000,4.472587,0.010390,0.000000,0.001198,0.000000,0.011588
70,0,0.000000,4.291323,0.149617,0.004153,4.445093,0.000000,0.000000,4.470282,0.009559,0.000000,0.001276,0.000000,0.010835
71,0,0.000000,4.081859,0.163235,0.004148,4.249242,0.000000,0.000000,4.275422,0.010922,0.000000,0.001828,0.000000,0.012750
72,0,0.000000,3.970114,0.139670,0.003952,4.113736,0.000000,0.000000,4.140450,0.011437,0.000000,0.001106,0.000000,0.012543
73,0,0.000000,3.793610,0.183353,0.005228,3.982191,0.000000,0.000000,4.009162,0.011753,0.000000,0.001389,0.000000,0.013142
74,0,0.000000,4.210495,0.208010,0.005768,4.424273,0.000000,0.000000,4.451674,0.014013,0.000000,0.001338,0.000000,0.015351
75,0,0.000000,5.064167,0.282453,0.004893,5.351513,0.000000,0.000000,5.382812,0.012305,0.000000,0.001535,0.000000,0.013840
76,0,0.000000,4.484865,0.143346,0.004457,4.632668,0.000000,0.000000,4.660862,0.014222,0.000000,0.001391,0.000000,0.015613
77,0,0.000000,4.887148,0.225435,0.007052,5.119635,0.000000,0.000000,5.171885,0.010331,0.000000,0.001560,0.000000,0.011891
78,0,0.000000,6.157723,0.188595,0.005791,6.352109,0.000000,0.000000,6.384999,0.016081,0.000000,0.002281,0.000000,0.018362
79,0,0.000000,5.425339,0.188360,0.005444,5.619143,0.000000,0.000000,5.647904,0.013441,0.000000,0.001816,0.000000,0.015257
80,0,0.000000,4.688501,0.145921,0.004320,4.838742,0.000000,0.000000,4.866496,0.013527,0.000000,0.001427,0.000000,0.014954
81,0,0.000000,4.893061,0.163488,0.004715,5.061264,0.000000,0.000000,5.088285,0.012822,0.000000,0.001446,0.000000,0.014268
82,0,0.000000,4.534190,0.151571,0.004472,4.690233,0.000000,0.000000,4.714253,0.011160,0.000000,0.001248,0.000000,0.012408
83,0,0.000000,4.926409,0.170643,0.004666,5.101718,0.000000,0.000000,5.130923,0.011348,0.000000,0.001892,0.000000,0.013240
84,0,0.000000,5.181583,0.173196,0.004578,5.359357,0.000000,0.000000,5.389823,0.013942,0.000000,0.001759,0.000000,0.015701
85,0,0.000000,5.044125,0.143069,0.004287,5.191481,0.000000,0.000000,5.218035,0.011744,0.000000,0.001589,0.000000,0.013333
86,0,0.000000,4.637087,0.188336,0.004861,4.830284,0.000000,0.000000,4.854907,0.011154,0.000000,0.001265,0.000000,0.012419
87,0,0.000000,5.065786,0.282706,0.008044,5.356536,0.000000,0.000000,5.390236,0.012653,0.000000,0.002454,0.000000,0.015107
88,0,0.000000,11.383994,0.296578,0.007640,11.688212,0.000000,0.000000,11.728031,0.017474,0.000000,0.002456,0.000000,0.019930
89,0,0.000000,12.897761,0.258308,0.008404,13.164473,0.000000,0.000000,13.200983,0.014850,0.000000,0.002320,0.000000,0.017170
90,0,0.000000,9.789205,0.191321,0.017141,9.997667,0.000000,0.000000,10.035796,0.015405,0.000000,0.002595,0.000000,0.018000
91,0,0.000000,7.975100,0.296944,0.005262,8.277306,0.000000,0.000000,8.314474,0.013885,0.000000,0.002866,0.000000,0.016751
92,0,0.000000,9.355928,0.215588,0.004922,9.576438,0.000000,0.000000,9.610027,0.013899,0.000000,0.001935,0.000000,0.015834
93,0,0.000000,6.039206,0.218722,0.005845,6.263773,0.000000,0.000000,6.296076,0.012126,0.000000,0.001992,0.000000,0.014118
94,0,0.000000,4.714125,0.187404,0.005641,4.907170,0.000000,0.000000,4.940134,0.013488,0.000000,0.001892,0.000000,0.015380
95,0,0.000000,4.301624,0.146618,0.004257,4.452499,0.000000,0.000000,4.482802,0.013037,0.000000,0.001854,0.000000,0.014891
96,0,0.000000,4.380359,0.145746,0.004236,4.530341,0.000000,0.000000,4.556686,0.010089,0.000000,0.001453,0.000000,0.011542
97,0,0.000000,4.355223,0.177437,0.004076,4.536736,0.000000,0.000000,4.561450,0.010417,0.000000,0.001504,0.000000,0.011921
98,0,0.000000,4.036619,0.186047,0.004194,4.226860,0.000000,0.000000,4.250286,0.009781,0.000000,0.001223,0.000000,0.011004
99,0,0.000000,4.166294,0.218092,0.003937,4.388323,0.000000,0.000000,4.412540,0.009807,0.000000,0.001425,0.000000,0.011232
100,0,0.000000,3.620668,0.172088,0.004311,3.797067,0.000000,0.000000,3.817972,0.009042,0.000000,0.001528,0.000000,0.010570
101,0,0.000000,3.924532,0.152347,0.004364,4.081243,0.000000,0.000000,4.104338,0.010666,0.000000,0.001807,0.000000,0.012473
102,0,0.000000,5.264200,0.183189,0.004090,5.451479,0.000000,0.000000,5.492335,0.025936,0.000000,0.001925,0.000000,0.027861
103,0,0.000000,4.798133,0.157045,0.004264,4.959442,0.000000,0.000000,4.987086,0.013151,0.000000,0.001544,0.000000,0.014695
104,0,0.000000,3.984188,0.187078,0.003775,4.175041,0.000000,0.000000,4.195726,0.009541,0.000000,0.000976,0.000000,0.010517
105,0,0.000000,3.643128,0.153721,0.003843,3.800692,0.000000,0.000000,3.820844,0.009162,0.000000,0.000914,0.000000,0.010076
106,0,0.000000,4.013748,0.183897,0.004264,4.201909,0.000000,0.000000,4.223749,0.008639,0.000000,0.001543,0.000000,0.010182
107,0,0.000000,3.651886,0.213219,0.004051,3.869156,0.000000,0.000000,3.891029,0.010000,0.000000,0.001310,0.000000,0.011310
108,0,0.000000,3.549224,0.221852,0.004019,3.775095,0.000000,0.000000,3.794834,0.009467,0.000000,0.001132,0.000000,0.010599
109,0,0.000000,3.561462,0.224571,0.003666,3.789699,0.000000,0.000000,3.809093,0.009086,0.000000,0.001277,0.000000,0.010363
110,0,0.000000,3.660981,0.112750,0.003925,3.777656,0.000000,0.000000,3.797632,0.008890,0.000000,0.001203,0.000000,0.010093
111,0,0.000000,3.689068,0.114895,0.004009,3.807972,0.000000,0.000000,3.826424,0.009187,0.000000,0.000754,0.000000,0.009941
112,0,0.000000,3.491781,0.111722,0.003981,3.607484,0.000000,0.000000,3.624283,0.008739,0.000000,0.000494,0.000000,0.009233
113,0,0.000000,3.588486,0.125991,0.004162,3.718639,0.000000,0.000000,3.735324,0.008450,0.000000,0.000765,0.000000,0.009215
114,0,0.000000,3.817938,0.119872,0.004283,3.942093,0.000000,0.000000,3.965569,0.013658,0.000000,0.000607,0.000000,0.014265
115,0,0.000000,3.691321,0.124799,0.004169,3.820289,0.000000,0.000000,3.839135,0.009621,0.000000,0.000706,0.000000,0.010327
116,0,0.000000,3.546196,0.105850,0.003982,3.656028,0.000000,0.000000,3.672399,0.009951,0.000000,0.000548,0.000000,0.010499
117,0,0.000000,3.570438,0.106769,0.003764,3.680971,0.000000,0.000000,3.695831,0.008284,0.000000,0.000590,0.000000,0.008874
118,0,0.000000,4.199026,0.116535,0.004009,4.319570,0.000000,0.000000,4.337943,0.008830,0.000000,0.000811,0.000000,0.009641
119,0,0.000000,3.534635,0.156805,0.003874,3.695314,0.000000,0.000000,3.711701,0.009049,0.000000,0.000622,0.000000,0.009671
120,0,0.000000,3.506247,0.099643,0.003822,3.609712,0.000000,0.000000,3.624465,0.008121,0.000000,0.000711,0.000000,0.008832
121,0,0.000000,3.579180,0.115846,0.004387,3.699413,0.000000,0.000000,3.715475,0.008051,0.000000,0.001004,0.000000,0.009055
122,0,0.000000,3.515640,0.106628,0.004234,3.626502,0.000000,0.000000,3.650076,0.015850,0.000000,0.000732,0.000000,0.016582
123,0,0.000000,3.442890,0.170434,0.003888,3.617212,0.000000,0.000000,3.632922,0.008412,0.000000,0.000720,0.000000,0.009132
124,0,0.000000,3.645187,0.222555,0.004189,3.871931,0.000000,0.000000,3.888026,0.008767,0.000000,0.000899,0.000000,0.009666
125,0,0.000000,3.633747,0.114614,0.003792,3.752153,0.000000,0.000000,3.769987,0.008946,0.000000,0.000803,0.000000,0.009749
126,0,0.000000,4.487472,0.164278,0.004250,4.656000,0.000000,0.000000,4.675923,0.007988,0.000000,0.000942,0.000000,0.008930
127,0,0.000000,3.942725,0.209240,0.004004,4.155969,0.000000,0.000000,4.176437,0.009373,0.000000,0.000824,0.000000,0.010197
128,0,0.000000,3.501520,0.195678,0.003972,3.701170,0.000000,0.000000,3.719152,0.008335,0.000000,0.000692,0.000000,0.009027
129,0,0.000000,3.668425,0.178465,0.004123,3.851013,0.000000,0.000000,3.871817,0.009473,0.000000,0.000804,0.000000,0.010277
130,0,0.000000,3.578770,0.192369,0.003922,3.775061,0.000000,0.000000,3.797062,0.010314,0.000000,0.000659,0.000000,0.010973
131,0,0.000000,4.054944,0.127737,0.003657,4.186338,0.000000,0.000000,4.205522,0.008948,0.000000,0.000917,0.000000,0.009865
132,0,0.000000,6.150943,0.142797,0.003989,6.297729,0.000000,0.000000,6.321572,0.009495,0.000000,0.001118,0.000000,0.010613
133,0,0.000000,3.780662,0.214983,0.003849,3.999494,0.000000,0.000000,4.022060,0.010198,0.000000,0.001368,0.000000,0.011566
134,0,0.000000,3.656007,0.167439,0.004011,3.827457,0.000000,0.000000,3.848458,0.009392,0.000000,0.000942,0.000000,0.010334
135,0,0.000000,3.652007,0.214300,0.003876,3.870183,0.000000,0.000000,3.889434,0.009071,0.000000,0.000696,0.000000,0.009767
136,0,0.000000,3.795336,0.134980,0.003798,3.934114,0.000000,0.000000,3.955540,0.008925,0.000000,0.000973,0.000000,0.009898
137,0,0.000000,3.534015,0.122153,0.003859,3.660027,0.000000,0.000000,3.680419,0.009382,0.000000,0.000772,0.000000,0.010154
138,0,0.000000,3.392575,0.146198,0.004040,3.542813,0.000000,0.000000,3.562750,0.010160,0.000000,0.000686,0.000000,0.010846
139,0,0.000000,4.625080,0.237789,0.006022,4.868891,0.000000,0.000000,4.894626,0.008546,0.000000,0.001963,0.000000,0.010509
140,0,0.000000,9.018073,0.232901,0.006999,9.257973,0.000000,0.000000,9.298910,0.012924,0.000000,0.001802,0.000000,0.014726
141,0,0.000000,7.288037,0.219957,0.005263,7.513257,0.000000,0.000000,7.543839,0.011770,0.000000,0.002528,0.000000,0.014298
142,0,0.000000,6.750288,0.204404,0.007560,6.962252,0.000000,0.000000,6.998702,0.014531,0.000000,0.001773,0.000000,0.016304
143,0,0.000000,4.793127,0.182828,0.004083,4.980038,0.000000,0.000000,5.015142,0.018971,0.000000,0.001359,0.000000,0.020330
144,0,0.000000,4.418771,0.144038,0.004157,4.566966,0.000000,0.000000,4.593263,0.009864,0.000000,0.001698,0.000000,0.011562
145,0,0.000000,4.180791,0.145796,0.004241,4.330828,0.000000,0.000000,4.359422,0.012598,0.000000,0.001608,0.000000,0.014206
146,0,0.000000,4.093914,0.153523,0.004126,4.251563,0.000000,0.000000,4.276540,0.009805,0.000000,0.001414,0.000000,0.011219
147,0,0.000000,3.923860,0.168184,0.007056,4.099100,0.000000,0.000000,4.123557,0.010352,0.000000,0.001595,0.000000,0.011947
148,0,0.000000,4.423552,0.159625,0.004461,4.587638,0.000000,0.000000,4.615854,0.012173,0.000000,0.001411,0.000000,0.013584
149,0,0.000000,3.857036,0.209188,0.004022,4.070246,0.000000,0.000000,4.094631,0.010709,0.000000,0.001463,0.000000,0.012172
150,0,0.000000,4.245862,0.145101,0.004453,4.395416,0.000000,0.000000,4.421319,0.010230,0.000000,0.001145,0.000000,0.011375
151,0,0.000000,4.550276,0.186062,0.004194,4.740532,0.000000,0.000000,4.769697,0.010791,0.000000,0.001581,0.000000,0.012372
152,0,0.000000,5.174160,0.150632,0.004231,5.329023,0.000000,0.000000,5.356395,0.010694,0.000000,0.001277,0.000000,0.011971
153,0,0.000000,4.758096,0.167440,0.004213,4.929749,0.000000,0.000000,4.957242,0.010597,0.000000,0.001359,0.000000,0.011956
154,0,0.000000,4.388440,0.183275,0.005244,4.576959,0.000000,0.000000,4.604516,0.010322,0.000000,0.001430,0.000000,0.011752
155,0,0.000000,4.232209,0.143107,0.004122,4.379438,0.000000,0.000000,4.407547,0.012173,0.000000,0.001589,0.000000,0.013762
156,0,0.000000,4.623527,0.145785,0.004282,4.773594,0.000000,0.000000,4.798549,0.010745,0.000000,0.001461,0.000000,0.012206
157,0,0.000000,4.043389,0.203519,0.005654,4.252562,0.000000,0.000000,4.280323,0.012061,0.000000,0.001766,0.000000,0.013827
158,0,0.000000,4.559603,0.150175,0.004210,4.713988,0.000000,0.000000,4.742288,0.012868,0.000000,0.001554,0.000000,0.014422
159,0,0.000000,3.984712,0.222051,0.004004,4.210767,0.000000,0.000000,4.233464,0.011588,0.000000,0.001440,0.000000,0.013028
160,0,0.000000,3.773038,0.241319,0.005326,4.019683,0.000000,0.000000,4.041808,0.009887,0.000000,0.002521,0.000000,0.012408
161,0,0.000000,3.798183,0.131022,0.004357,3.933562,0.000000,0.000000,3.956883,0.010624,0.000000,0.001436,0.000000,0.012060
162,0,0.000000,3.874992,0.231890,0.004374,4.111256,0.000000,0.000000,4.132865,0.009949,0.000000,0.000635,0.000000,0.010584
163,0,0.000000,3.719808,0.130114,0.003751,3.853673,0.000000,0.000000,3.873890,0.008921,0.000000,0.001030,0.000000,0.009951
164,0,0.000000,3.572095,0.199578,0.004009,3.775682,0.000000,0.000000,3.794087,0.008413,0.000000,0.000687,0.000000,0.009100
165,0,0.000000,3.860522,0.133340,0.004377,3.998239,0.000000,0.000000,4.018305,0.009101,0.000000,0.000983,0.000000,0.010084
166,0,0.000000,3.737064,0.212003,0.004366,3.953433,0.000000,0.000000,3.974565,0.010012,0.000000,0.001055,0.000000,0.011067
167,0,0.000000,3.462821,0.112754,0.004429,3.580004,0.000000,0.000000,3.601288,0.010011,0.000000,0.001117,0.000000,0.011128
168,0,0.000000,3.410967,0.223616,0.003718,3.638301,0.000000,0.000000,3.657226,0.009805,0.000000,0.000802,0.000000,0.010607
169,0,0.000000,3.803632,0.128958,0.004273,3.936863,0.000000,0.000000,3.956693,0.008614,0.000000,0.001063,0.000000,0.009677
170,0,0.000000,3.577477,0.221915,0.004259,3.803651,0.000000,0.000000,3.824225,0.009893,0.000000,0.001067,0.000000,0.010960
171,0,0.000000,3.488091,0.123267,0.004269,3.615627,0.000000,0.000000,3.635395,0.008944,0.000000,0.001183,0.000000,0.010127
172,0,0.000000,3.891013,0.148651,0.004208,4.043872,0.000000,0.000000,4.065732,0.009563,0.000000,0.001136,0.000000,0.010699
173,0,0.000000,4.307081,0.164183,0.004272,4.475536,0.000000,0.000000,4.497666,0.009267,0.000000,0.001376,0.000000,0.010643
174,0,0.000000,3.700605,0.139847,0.004020,3.844472,0.000000,0.000000,3.865220,0.009861,0.000000,0.001128,0.000000,0.010989
175,0,0.000000,3.781376,0.165071,0.004283,3.950730,0.000000,0.000000,3.972884,0.009583,0.000000,0.001042,0.000000,0.010625
176,0,0.000000,3.974838,0.152799,0.004227,4.131864,0.000000,0.000000,4.153145,0.010655,0.000000,0.000994,0.000000,0.011649
177,0,0.000000,3.782986,0.196498,0.003756,3.983240,0.000000,0.000000,4.004496,0.010341,0.000000,0.000900,0.000000,0.011241
178,0,0.000000,3.374009,0.104047,0.003798,3.481854,0.000000,0.000000,3.496192,0.008713,0.000000,0.000597,0.000000,0.009310
179,0,0.000000,3.463065,0.134154,0.003906,3.601125,0.000000,0.000000,3.615703,0.007765,0.000000,0.000623,0.000000,0.008388
180,0,0.000000,3.612137,0.134576,0.003762,3.750475,0.000000,0.000000,3.766427,0.009340,0.000000,0.000522,0.000000,0.009862
181,0,0.000000,3.371462,0.126240,0.004677,3.502379,0.000000,0.000000,3.516531,0.008687,0.000000,0.000654,0.000000,0.009341
182,0,0.000000,3.461786,0.102516,0.004049,3.568351,0.000000,0.000000,3.582292,0.008634,0.000000,0.000485,0.000000,0.009119
183,0,0.000000,3.370151,0.113480,0.004049,3.487680,0.000000,0.000000,3.501288,0.008092,0.000000,0.000530,0.000000,0.008622
184,0,0.000000,3.753355,0.171905,0.003928,3.929188,0.000000,0.000000,3.949398,0.008237,0.000000,0.000879,0.000000,0.009116
185,0,0.000000,3.651796,0.163114,0.003767,3.818677,0.000000,0.000000,3.852357,0.022437,0.000000,0.000859,0.000000,0.023296
186,0,0.000000,3.270234,0.225336,0.003681,3.499251,0.000000,0.000000,3.514664,0.008667,0.000000,0.000698,0.000000,0.009365
187,0,0.000000,3.324572,0.225586,0.003695,3.553853,0.000000,0.000000,3.567186,0.008391,0.000000,0.000400,0.000000,0.008791
188,0,0.000000,4.089663,0.166914,0.003909,4.260486,0.000000,0.000000,4.305354,0.007946,0.000000,0.027300,0.000000,0.035246
189,0,0.000000,3.455006,0.137242,0.003758,3.596006,0.000000,0.000000,3.611570,0.009858,0.000000,0.000576,0.000000,0.010434
190,0,0.000000,5.482756,0.203208,0.007108,5.693072,0.000000,0.000000,5.718171,0.008663,0.000000,0.001383,0.000000,0.010046
191,0,0.000000,6.953149,0.185359,0.004199,7.142707,0.000000,0.000000,7.174381,0.012628,0.000000,0.001588,0.000000,0.014216
192,0,0.000000,4.626764,0.145785,0.004149,4.776698,0.000000,0.000000,4.803881,0.011470,0.000000,0.001307,0.000000,0.012777
193,0,0.000000,4.089216,0.173903,0.004483,4.267602,0.000000,0.000000,4.293008,0.010395,0.000000,0.001336,0.000000,0.011731
194,0,0.000000,4.713707,0.182990,0.004403,4.901100,0.000000,0.000000,4.930362,0.010601,0.000000,0.001490,0.000000,0.012091
195,0,0.000000,4.892714,0.157466,0.004430,5.054610,0.000000,0.000000,5.099124,0.011871,0.000000,0.001889,0.000000,0.013760
196,0,0.000000,4.823771,0.165767,0.004054,4.993592,0.000000,0.000000,5.019541,0.010517,0.000000,0.001443,0.000000,0.011960
197,0,0.000000,5.125964,0.176340,0.005674,5.307978,0.000000,0.000000,5.336484,0.010974,0.000000,0.002130,0.000000,0.013104
198,0,0.000000,5.670382,0.157157,0.004605,5.832144,0.000000,0.000000,5.862588,0.012774,0.000000,0.001778,0.000000,0.014552
199,0,0.000000,4.590735,0.156068,0.004117,4.750920,0.000000,0.000000,4.777162,0.010785,0.000000,0.001458,0.000000,0.012243
200,0,0.000000,4.966471,0.169276,0.004409,5.140156,0.000000,0.000000,5.167637,0.010365,0.000000,0.001486,0.000000,0.011851
201,0,0.000000,4.756071,0.175413,0.004319,4.935803,0.000000,0.000000,4.966811,0.012151,0.000000,0.001522,0.000000,0.013673
202,0,0.000000,4.523714,0.172256,0.004238,4.700208,0.000000,0.000000,4.728364,0.011299,0.000000,0.001891,0.000000,0.013190
203,0,0.000000,4.526158,0.152369,0.004219,4.682746,0.000000,0.000000,4.710173,0.010590,0.000000,0.001511,0.000000,0.012101
204,0,0.000000,4.392305,0.178918,0.004360,4.575583,0.000000,0.000000,4.600693,0.009909,0.000000,0.001907,0.000000,0.011816
205,0,0.000000,4.334107,0.184869,0.004132,4.523108,0.000000,0.000000,4.570121,0.031868,0.000000,0.001646,0.000000,0.033514
206,0,0.000000,4.469971,0.207181,0.006689,4.683841,0.000000,0.000000,4.712060,0.010057,0.000000,0.001952,0.000000,0.012009
207,0,0.000000,4.322296,0.166771,0.004474,4.493541,0.000000,0.000000,4.527039,0.014151,0.000000,0.001694,0.000000,0.015845
208,0,0.000000,4.328847,0.160910,0.005035,4.494792,0.000000,0.000000,4.522994,0.012069,0.000000,0.001675,0.000000,0.013744
209,0,0.000000,3.801284,0.197338,0.003773,4.002395,0.000000,0.000000,4.024392,0.012333,0.000000,0.000704,0.000000,0.013037
210,0,0.000000,3.536228,0.221815,0.003971,3.762014,0.000000,0.000000,3.780048,0.008381,0.000000,0.000765,0.000000,0.009146
211,0,0.000000,3.347657,0.106269,0.004116,3.458042,0.000000,0.000000,3.474431,0.009456,0.000000,0.000672,0.000000,0.010128
212,0,0.000000,3.402792,0.109026,0.003947,3.515765,0.000000,0.000000,3.530719,0.009734,0.000000,0.000447,0.000000,0.010181
213,0,0.000000,3.384171,0.101641,0.003750,3.489562,0.000000,0.000000,3.502029,0.008164,0.000000,0.000437,0.000000,0.008601
214,0,0.000000,4.110682,0.138817,0.004130,4.253629,0.000000,0.000000,4.274410,0.007710,0.000000,0.001362,0.000000,0.009072
215,0,0.000000,3.613075,0.146592,0.004268,3.763935,0.000000,0.000000,3.785783,0.010416,0.000000,0.001373,0.000000,0.011789
216,0,0.000000,3.437206,0.142078,0.003928,3.583212,0.000000,0.000000,3.602618,0.009770,0.000000,0.001157,0.000000,0.010927
217,0,0.000000,3.367398,0.226729,0.003844,3.597971,0.000000,0.000000,3.615171,0.008596,0.000000,0.000996,0.000000,0.009592
218,0,0.000000,3.989175,0.183287,0.003766,4.176228,0.000000,0.000000,4.196387,0.008208,0.000000,0.001188,0.000000,0.009396
219,0,0.000000,3.492369,0.226147,0.004185,3.722701,0.000000,0.000000,3.741646,0.009048,0.000000,0.000801,0.000000,0.009849
220,0,0.000000,3.484909,0.185259,0.004430,3.674598,0.000000,0.000000,3.693777,0.009019,0.000000,0.000768,0.000000,0.009787
221,0,0.000000,3.506447,0.104361,0.004042,3.614850,0.000000,0.000000,3.634277,0.010302,0.000000,0.001007,0.000000,0.011309
222,0,0.000000,3.930717,0.179653,0.004106,4.114476,0.000000,0.000000,4.134118,0.008114,0.000000,0.000784,0.000000,0.008898
223,0,0.000000,3.410506,0.098405,0.004078,3.512989,0.000000,0.000000,3.528797,0.009411,0.000000,0.000384,0.000000,0.009795
224,0,0.000000,3.517807,0.196878,0.004043,3.718728,0.000000,0.000000,3.735966,0.008138,0.000000,0.000802,0.000000,0.008940
225,0,0.000000,3.448935,0.223436,0.004031,3.676402,0.000000,0.000000,3.694486,0.011195,0.000000,0.000563,0.000000,0.011758
226,0,0.000000,4.458505,0.144145,0.004249,4.606899,0.000000,0.000000,4.628605,0.008435,0.000000,0.001011,0.000000,0.009446
227,0,0.000000,3.917810,0.154806,0.004095,4.076711,0.000000,0.000000,4.100053,0.010424,0.000000,0.001352,0.000000,0.011776
228,0,0.000000,3.883509,0.202240,0.004418,4.090167,0.000000,0.000000,4.113171,0.011102,0.000000,0.000995,0.000000,0.012097
229,0,0.000000,4.278357,0.149905,0.004086,4.432348,0.000000,0.000000,4.458682,0.012236,0.000000,0.001387,0.000000,0.013623
230,0,0.000000,3.868766,0.198663,0.004122,4.071551,0.000000,0.000000,4.094048,0.010122,0.000000,0.001324,0.000000,0.011446
231,0,0.000000,3.360053,0.138570,0.003837,3.502460,0.000000,0.000000,3.519713,0.010030,0.000000,0.000590,0.000000,0.010620
232,0,0.000000,3.438064,0.224812,0.003836,3.666712,0.000000,0.000000,3.681223,0.008577,0.000000,0.000612,0.000000,0.009189
233,0,0.000000,3.485913,0.114078,0.004226,3.604217,0.000000,0.000000,3.619792,0.008549,0.000000,0.000671,0.000000,0.009220
234,0,0.000000,3.470893,0.145467,0.003932,3.620292,0.000000,0.000000,3.635953,0.009283,0.000000,0.000652,0.000000,0.009935
235,0,0.000000,3.974701,0.138663,0.003977,4.117341,0.000000,0.000000,4.136101,0.008688,0.000000,0.001010,0.000000,0.009698
236,0,0.000000,3.621954,0.221761,0.003961,3.847676,0.000000,0.000000,3.866067,0.009433,0.000000,0.000629,0.000000,0.010062
237,0,0.000000,3.601398,0.148124,0.004007,3.753529,0.000000,0.000000,3.771802,0.008741,0.000000,0.001067,0.000000,0.009808
238,0,0.000000,3.853589,0.177404,0.008382,4.039375,0.000000,0.000000,4.065020,0.009534,0.000000,0.002037,0.000000,0.011571
239,0,0.000000,5.504349,0.164867,0.004389,5.673605,0.000000,0.000000,5.705986,0.014491,0.000000,0.001866,0.000000,0.016357
240,0,0.000000,4.712448,0.141834,0.004519,4.858801,0.000000,0.000000,4.884171,0.010340,0.000000,0.001868,0.000000,0.012208
241,0,0.000000,5.292930,0.180472,0.004133,5.477535,0.000000,0.000000,5.505930,0.011739,0.000000,0.002081,0.000000,0.013820
242,0,0.000000,5.216744,0.157506,0.004203,5.378453,0.000000,0.000000,5.405317,0.011709,0.000000,0.001645,0.000000,0.013354
243,0,0.000000,5.284623,0.170406,0.005173,5.460202,0.000000,0.000000,5.489056,0.011081,0.000000,0.002064,0.000000,0.013145
244,0,0.000000,5.761957,0.177616,0.004180,5.943753,0.000000,0.000000,5.974175,0.012922,0.000000,0.001490,0.000000,0.014412
245,0,0.000000,4.238196,0.142307,0.003889,4.384392,0.000000,0.000000,4.409323,0.011119,0.000000,0.001307,0.000000,0.012426
246,0,0.000000,5.186380,0.203007,0.005552,5.394939,0.000000,0.000000,5.441102,0.010537,0.000000,0.001772,0.000000,0.012309
247,0,0.000000,5.285060,0.172616,0.004468,5.462144,0.000000,0.000000,5.492796,0.012966,0.000000,0.002132,0.000000,0.015098
248,0,0.000000,4.422033,0.153193,0.004448,4.579674,0.000000,0.000000,4.607333,0.011540,0.000000,0.001434,0.000000,0.012974
249,0,0.000000,4.952312,0.152443,0.004450,5.109205,0.000000,0.000000,5.137891,0.011399,0.000000,0.001706,0.000000,0.013105
250,0,0.000000,4.702400,0.179398,0.006367,4.888165,0.000000,0.000000,4.917655,0.011059,0.000000,0.001835,0.000000,0.012894
251,0,0.000000,4.901579,0.247375,0.007482,5.156436,0.000000,0.000000,5.189893,0.012955,0.000000,0.002183,0.000000,0.015138
252,0,0.000000,4.706659,0.149054,0.004378,4.860091,0.000000,0.000000,4.893034,0.014238,0.000000,0.001836,0.000000,0.016074
253,0,0.000000,4.551447,0.183997,0.005046,4.740490,0.000000,0.000000,4.769165,0.011118,0.000000,0.001498,0.000000,0.012616
254,0,0.000000,4.892952,0.190719,0.005962,5.089633,0.000000,0.000000,5.117629,0.011993,0.000000,0.001548,0.000000,0.013541
255,0,0.000000,4.133515,0.128459,0.004142,4.266116,0.000000,0.000000,4.294009,0.013079,0.000000,0.001590,0.000000,0.014669
256,0,0.000000,3.654846,0.117256,0.003819,3.775921,0.000000,0.000000,3.798531,0.010369,0.000000,0.001352,0.000000,0.011721
257,0,0.000000,3.419340,0.119089,0.003683,3.542112,0.000000,0.000000,3.564153,0.010838,0.000000,0.001114,0.000000,0.011952
258,0,0.000000,3.678372,0.168706,0.004959,3.852037,0.000000,0.000000,3.875263,0.008659,0.000000,0.001383,0.000000,0.010042
259,0,0.000000,4.065484,0.139934,0.004037,4.209455,0.000000,0.000000,4.236360,0.011108,0.000000,0.001535,0.000000,0.012643
260,0,0.000000,3.637420,0.138737,0.004171,3.780328,0.000000,0.000000,3.801849,0.009720,0.000000,0.001297,0.000000,0.011017
261,0,0.000000,3.494059,0.156040,0.004239,3.654338,0.000000,0.000000,3.676961,0.010767,0.000000,0.001284,0.000000,0.012051
262,0,0.000000,3.616474,0.159596,0.004333,3.780403,0.000000,0.000000,3.802364,0.009571,0.000000,0.001462,0.000000,0.011033
263,0,0.000000,3.626319,0.135908,0.003937,3.766164,0.000000,0.000000,3.787742,0.010372,0.000000,0.001353,0.000000,0.011725
264,0,0.000000,3.498653,0.135459,0.011106,3.645218,0.000000,0.000000,3.666839,0.009800,0.000000,0.001117,0.000000,0.010917
265,0,0.000000,3.498945,0.154212,0.004865,3.658022,0.000000,0.000000,3.687061,0.018596,0.000000,0.001329,0.000000,0.019925
266,0,0.000000,4.078573,0.148131,0.004221,4.230925,0.000000,0.000000,4.253925,0.009114,0.000000,0.001155,0.000000,0.010269
267,0,0.000000,3.728645,0.171806,0.004161,3.904612,0.000000,0.000000,3.926950,0.010107,0.000000,0.001746,0.000000,0.011853
268,0,0.000000,3.425520,0.118553,0.003972,3.548045,0.000000,0.000000,3.570645,0.010432,0.000000,0.001268,0.000000,0.011700
269,0,0.000000,3.464646,0.128773,0.004089,3.597508,0.000000,0.000000,3.618149,0.009953,0.000000,0.001167,0.000000,0.011120
270,0,0.000000,5.457798,0.173529,0.005288,5.636615,0.000000,0.000000,5.661749,0.009660,0.000000,0.001620,0.000000,0.011280
271,0,0.000000,4.832246,0.146669,0.003967,4.982882,0.000000,0.000000,5.009534,0.011853,0.000000,0.001310,0.000000,0.013163
272,0,0.000000,3.467055,0.108385,0.004008,3.579448,0.000000,0.000000,3.600245,0.009810,0.000000,0.001293,0.000000,0.011103
273,0,0.000000,3.764496,0.149098,0.004228,3.917822,0.000000,0.000000,3.941867,0.010160,0.000000,0.001651,0.000000,0.011811
274,0,0.000000,4.123123,0.142112,0.003985,4.269220,0.000000,0.000000,4.293985,0.010055,0.000000,0.001396,0.000000,0.011451
275,0,0.000000,3.707175,0.121760,0.003938,3.832873,0.000000,0.000000,3.856860,0.010650,0.000000,0.001621,0.000000,0.012271
276,0,0.000000,3.450716,0.119798,0.003886,3.574400,0.000000,0.000000,3.596430,0.010128,0.000000,0.001560,0.000000,0.011688
277,0,0.000000,3.556869,0.127679,0.003903,3.688451,0.000000,0.000000,3.710175,0.008607,0.000000,0.001363,0.000000,0.009970
278,0,0.000000,3.786589,0.190511,0.003826,3.980926,0.000000,0.000000,4.001689,0.008773,0.000000,0.001194,0.000000,0.009967
279,0,0.000000,3.619603,0.190886,0.003938,3.814427,0.000000,0.000000,3.835735,0.009260,0.000000,0.001199,0.000000,0.010459
280,0,0.000000,3.653883,0.208450,0.004172,3.866505,0.000000,0.000000,3.886674,0.009436,0.000000,0.000971,0.000000,0.010407
281,0,0.000000,4.335874,0.156736,0.004209,4.496819,0.000000,0.000000,4.520623,0.009518,0.000000,0.001446,0.000000,0.010964
282,0,0.000000,3.494478,0.184628,0.004029,3.683135,0.000000,0.000000,3.705076,0.010103,0.000000,0.001223,0.000000,0.011326
283,0,0.000000,3.453586,0.209177,0.003575,3.666338,0.000000,0.000000,3.686588,0.009711,0.000000,0.000893,0.000000,0.010604
284,0,0.000000,3.852565,0.187493,0.005529,4.045587,0.000000,0.000000,4.065877,0.008724,0.000000,0.000726,0.000000,0.009450
285,0,0.000000,4.802635,0.136552,0.004128,4.943315,0.000000,0.000000,4.963687,0.008765,0.000000,0.000906,0.000000,0.009671
286,0,0.000000,3.404390,0.149774,0.004332,3.558496,0.000000,0.000000,3.575198,0.009506,0.000000,0.000756,0.000000,0.010262
287,0,0.000000,4.005684,0.160231,0.004398,4.170313,0.000000,0.000000,4.192264,0.009375,0.000000,0.001032,0.000000,0.010407
288,0,0.000000,3.719028,0.150520,0.004321,3.873869,0.000000,0.000000,3.896668,0.010560,0.000000,0.001072,0.000000,0.011632
289,0,0.000000,3.483261,0.171134,0.003942,3.658337,0.000000,0.000000,3.678518,0.011268,0.000000,0.000725,0.000000,0.011993
290,0,0.000000,3.452297,0.171669,0.004428,3.628394,0.000000,0.000000,3.646470,0.010215,0.000000,0.000717,0.000000,0.010932
291,0,0.000000,3.685633,0.150706,0.004056,3.840395,0.000000,0.000000,3.859742,0.009211,0.000000,0.000878,0.000000,0.010089
292,0,0.000000,3.688788,0.140208,0.004026,3.833022,0.000000,0.000000,3.854995,0.010426,0.000000,0.000855,0.000000,0.011281
293,0,0.000000,4.018903,0.149047,0.004856,4.172806,0.000000,0.000000,4.199366,0.011022,0.000000,0.001140,0.000000,0.012162
294,0,0.000000,5.898346,0.166030,0.004357,6.068733,0.000000,0.000000,6.098250,0.011616,0.000000,0.001606,0.000000,0.013222
295,0,0.000000,4.305905,0.178903,0.004424,4.489232,0.000000,0.000000,4.517091,0.011398,0.000000,0.001774,0.000000,0.013172
296,0,0.000000,3.858990,0.146161,0.004722,4.009873,0.000000,0.000000,4.034386,0.011056,0.000000,0.001303,0.000000,0.012359
297,0,0.000000,3.682765,0.142404,0.004733,3.829902,0.000000,0.000000,3.854100,0.012038,0.000000,0.001318,0.000000,0.013356
298,0,0.000000,3.726381,0.142562,0.004412,3.873355,0.000000,0.000000,3.897051,0.011597,0.000000,0.001397,0.000000,0.012994
299,0,0.000000,4.540815,0.159759,0.004669,4.705243,0.000000,0.000000,4.732430,0.011517,0.000000,0.001638,0.000000,0.013155
300,0,0.000000,4.952600,0.161207,0.004396,5.118203,0.000000,0.000000,5.145686,0.010844,0.000000,0.001478,0.000000,0.012322
301,0,0.000000,4.245250,0.167370,0.004981,4.417601,0.000000,0.000000,4.445556,0.011318,0.000000,0.001641,0.000000,0.012959
302,0,0.000000,4.585150,0.184219,0.003948,4.773317,0.000000,0.000000,4.804574,0.011944,0.000000,0.001998,0.000000,0.013942
303,0,0.000000,6.696617,0.170132,0.004283,6.871032,0.000000,0.000000,6.898859,0.011810,0.000000,0.001609,0.000000,0.013419
304,0,0.000000,7.665172,0.180349,0.004250,7.849771,0.000000,0.000000,7.875856,0.010960,0.000000,0.001950,0.000000,0.012910
305,0,0.000000,6.672582,0.168595,0.004552,6.845729,0.000000,0.000000,6.873216,0.011157,0.000000,0.001922,0.000000,0.013079
306,0,0.000000,5.704587,0.184349,0.004444,5.893380,0.000000,0.000000,5.922202,0.011348,0.000000,0.001502,0.000000,0.012850
307,0,0.000000,5.017624,0.199363,0.005242,5.222229,0.000000,0.000000,5.252027,0.011674,0.000000,0.001767,0.000000,0.013441
308,0,0.000000,4.606668,0.146229,0.004089,4.756986,0.000000,0.000000,4.784895,0.011567,0.000000,0.001737,0.000000,0.013304
309,0,0.000000,4.437589,0.146485,0.004082,4.588156,0.000000,0.000000,4.613940,0.010528,0.000000,0.001685,0.000000,0.012213
310,0,0.000000,3.882533,0.139769,0.004139,4.026441,0.000000,0.000000,4.050650,0.010637,0.000000,0.001111,0.000000,0.011748
311,0,0.000000,3.823632,0.148700,0.003683,3.976015,0.000000,0.000000,3.998853,0.010241,0.000000,0.001232,0.000000,0.011473
312,0,0.000000,3.502503,0.137855,0.004056,3.644414,0.000000,0.000000,3.665677,0.009745,0.000000,0.001293,0.000000,0.011038
313,0,0.000000,3.740011,0.225334,0.004928,3.970273,0.000000,0.000000,4.075760,0.091063,0.000000,0.001069,0.000000,0.092132
314,0,0.000000,4.216595,0.144550,0.004717,4.365862,0.000000,0.000000,4.391877,0.010106,0.000000,0.001528,0.000000,0.011634
315,0,0.000000,4.370631,0.148006,0.004669,4.523306,0.000000,0.000000,4.550245,0.011743,0.000000,0.001608,0.000000,0.013351
316,0,0.000000,4.024709,0.154740,0.004616,4.184065,0.000000,0.000000,4.211697,0.012721,0.000000,0.001351,0.000000,0.014072
317,0,0.000000,3.950833,0.120366,0.003953,4.075152,0.000000,0.000000,4.100736,0.013046,0.000000,0.001014,0.000000,0.014060
318,0,0.000000,3.473361,0.149322,0.003913,3.626596,0.000000,0.000000,3.645667,0.009018,0.000000,0.000858,0.000000,0.009876
319,0,0.000000,3.510495,0.206327,0.004009,3.720831,0.000000,0.000000,3.740039,0.010762,0.000000,0.000816,0.000000,0.011578
320,0,0.000000,3.364362,0.212700,0.003968,3.581030,0.000000,0.000000,3.598081,0.008318,0.000000,0.000762,0.000000,0.009080
321,0,0.000000,3.609545,0.187727,0.003947,3.801219,0.000000,0.000000,3.837672,0.008361,0.000000,0.000944,0.000000,0.009305
322,0,0.000000,3.352048,0.210412,0.004176,3.566636,0.000000,0.000000,3.583557,0.008867,0.000000,0.000736,0.000000,0.009603
323,0,0.000000,3.431499,0.194073,0.003985,3.629557,0.000000,0.000000,3.646108,0.008344,0.000000,0.000803,0.000000,0.009147
324,0,0.000000,3.307825,0.194385,0.004199,3.506409,0.000000,0.000000,3.522029,0.008457,0.000000,0.000682,0.000000,0.009139
325,0,0.000000,3.676055,0.192890,0.003675,3.872620,0.000000,0.000000,3.892250,0.008584,0.000000,0.001161,0.000000,0.009745
326,0,0.000000,3.375871,0.202265,0.003861,3.581997,0.000000,0.000000,3.599427,0.009072,0.000000,0.000736,0.000000,0.009808
327,0,0.000000,3.420243,0.201006,0.003917,3.625166,0.000000,0.000000,3.640896,0.008517,0.000000,0.000915,0.000000,0.009432
328,0,0.000000,3.594234,0.132984,0.004542,3.731760,0.000000,0.000000,3.748918,0.008497,0.000000,0.000933,0.000000,0.009430
329,0,0.000000,4.337175,0.143147,0.004361,4.484683,0.000000,0.000000,4.506794,0.008903,0.000000,0.001317,0.000000,0.010220
330,0,0.000000,3.755790,0.232029,0.003940,3.991759,0.000000,0.000000,4.012220,0.010484,0.000000,0.001016,0.000000,0.011500
331,0,0.000000,3.723205,0.196539,0.004221,3.923965,0.000000,0.000000,3.942961,0.009861,0.000000,0.001103,0.000000,0.010964
332,0,0.000000,3.963633,0.141079,0.004102,4.108814,0.000000,0.000000,4.128956,0.009009,0.000000,0.001240,0.000000,0.010249
333,0,0.000000,3.744445,0.111544,0.004219,3.860208,0.000000,0.000000,3.881926,0.013275,0.000000,0.000882,0.000000,0.014157
334,0,0.000000,3.337345,0.105218,0.004031,3.446594,0.000000,0.000000,3.461798,0.008343,0.000000,0.000626,0.000000,0.008969
335,0,0.000000,3.242874,0.093654,0.003536,3.340064,0.000000,0.000000,3.352082,0.008002,0.000000,0.000412,0.000000,0.008414
336,0,0.000000,3.157515,0.093165,0.003593,3.254273,0.000000,0.000000,3.265250,0.006956,0.000000,0.000389,0.000000,0.007345
337,0,0.000000,3.500264,0.116332,0.004115,3.620711,0.000000,0.000000,3.636519,0.008404,0.000000,0.000530,0.000000,0.008934
338,0,0.000000,3.251412,0.095583,0.003760,3.350755,0.000000,0.000000,3.363935,0.008614,0.000000,0.000384,0.000000,0.008998
339,0,0.000000,3.405672,0.227694,0.003689,3.637055,0.000000,0.000000,3.649927,0.007294,0.000000,0.000695,0.000000,0.007989
340,0,0.000000,3.330215,0.100924,0.004053,3.435192,0.000000,0.000000,3.451485,0.007891,0.000000,0.001296,0.000000,0.009187
341,0,0.000000,3.970755,0.130095,0.004069,4.104919,0.000000,0.000000,4.126534,0.009337,0.000000,0.001543,0.000000,0.010880
342,0,0.000000,3.676952,0.201187,0.005099,3.883238,0.000000,0.000000,3.903227,0.009270,0.000000,0.000783,0.000000,0.010053
343,0,0.000000,4.018011,0.196266,0.004006,4.218283,0.000000,0.000000,4.238570,0.010257,0.000000,0.000668,0.000000,0.010925
344,0,0.000000,4.016937,0.153778,0.004513,4.175228,0.000000,0.000000,4.199458,0.010868,0.000000,0.000901,0.000000,0.011769
345,0,0.000000,4.068001,0.203869,0.004344,4.276214,0.000000,0.000000,4.299283,0.010215,0.000000,0.000730,0.000000,0.010945
346,0,0.000000,4.177821,0.228310,0.004671,4.410802,0.000000,0.000000,4.432072,0.009890,0.000000,0.000768,0.000000,0.010658
347,0,0.000000,4.358011,0.204796,0.004539,4.567346,0.000000,0.000000,4.588955,0.010092,0.000000,0.001166,0.000000,0.011258
348,0,0.000000,4.918413,0.133896,0.004434,5.056743,0.000000,0.000000,5.081230,0.010039,0.000000,0.001027,0.000000,0.011066
349,0,0.000000,3.990216,0.132889,0.004421,4.127526,0.000000,0.000000,4.150294,0.009938,0.000000,0.000981,0.000000,0.010919
350,0,0.000000,3.794312,0.113281,0.004299,3.911892,0.000000,0.000000,3.929616,0.009566,0.000000,0.000841,0.000000,0.010407
351,0,0.000000,3.977121,0.163933,0.005529,4.146583,0.000000,0.000000,4.170168,0.010135,0.000000,0.000877,0.000000,0.011012
352,0,0.000000,4.850866,0.212737,0.005608,5.069211,0.000000,0.000000,5.099653,0.011142,0.000000,0.001751,0.000000,0.012893
353,0,0.000000,7.197324,0.190892,0.004253,7.392469,0.000000,0.000000,7.424434,0.013744,0.000000,0.001335,0.000000,0.015079
354,0,0.000000,4.325606,0.154704,0.004197,4.484507,0.000000,0.000000,4.509569,0.010992,0.000000,0.001206,0.000000,0.012198
355,0,0.000000,3.708405,0.141482,0.004437,3.854324,0.000000,0.000000,3.877460,0.010439,0.000000,0.001155,0.000000,0.011594
356,0,0.000000,3.766518,0.143297,0.004395,3.914210,0.000000,0.000000,3.937482,0.011318,0.000000,0.001201,0.000000,0.012519
357,0,0.000000,3.974186,0.218955,0.007123,4.200264,0.000000,0.000000,4.229710,0.011717,0.000000,0.001931,0.000000,0.013648
358,0,0.000000,4.685290,0.147305,0.004308,4.836903,0.000000,0.000000,4.883213,0.015067,0.000000,0.001365,0.000000,0.016432
359,0,0.000000,4.432817,0.177243,0.004499,4.614559,0.000000,0.000000,4.639107,0.010852,0.000000,0.001115,0.000000,0.011967
360,0,0.000000,4.303304,0.197566,0.004583,4.505453,0.000000,0.000000,4.530188,0.011285,0.000000,0.001405,0.000000,0.012690
361,0,0.000000,5.451878,0.165244,0.004425,5.621547,0.000000,0.000000,5.648472,0.011076,0.000000,0.001446,0.000000,0.012522
362,0,0.000000,4.491391,0.146084,0.004639,4.642114,0.000000,0.000000,4.667465,0.010921,0.000000,0.001429,0.000000,0.012350
363,0,0.000000,4.548301,0.193464,0.004700,4.746465,0.000000,0.000000,4.779103,0.017061,0.000000,0.001505,0.000000,0.018566
364,0,0.000000,5.166592,0.161673,0.004975,5.333240,0.000000,0.000000,5.359589,0.010795,0.000000,0.001696,0.000000,0.012491
365,0,0.000000,4.980962,0.170405,0.004835,5.156202,0.000000,0.000000,5.183579,0.011367,0.000000,0.001430,0.000000,0.012797
366,0,0.000000,5.547047,0.215696,0.004826,5.767569,0.000000,0.000000,5.794897,0.011789,0.000000,0.002109,0.000000,0.013898
367,0,0.000000,4.791130,0.149335,0.004052,4.944517,0.000000,0.000000,4.969492,0.010683,0.000000,0.001839,0.000000,0.012522
368,0,0.000000,4.477235,0.145430,0.004683,4.627348,0.000000,0.000000,4.655235,0.011380,0.000000,0.001474,0.000000,0.012854
369,0,0.000000,4.806735,0.141486,0.003911,4.952132,0.000000,0.000000,4.978737,0.011757,0.000000,0.001607,0.000000,0.013364
370,0,0.000000,4.379843,0.152070,0.004981,4.536894,0.000000,0.000000,4.562755,0.010453,0.000000,0.001274,0.000000,0.011727
371,0,0.000000,4.449973,0.136933,0.004289,4.591195,0.000000,0.000000,4.617358,0.010999,0.000000,0.001375,0.000000,0.012374
372,0,0.000000,4.084483,0.164028,0.004074,4.252585,0.000000,0.000000,4.278482,0.010152,0.000000,0.001344,0.000000,0.011496
373,0,0.000000,5.127154,0.183543,0.005978,5.316675,0.000000,0.000000,5.344666,0.010013,0.000000,0.002373,0.000000,0.012386
374,0,0.000000,5.585505,0.148460,0.004285,5.738250,0.000000,0.000000,5.769261,0.013124,0.000000,0.001474,0.000000,0.014598
375,0,0.000000,4.513497,0.177957,0.004853,4.696307,0.000000,0.000000,4.724871,0.010839,0.000000,0.001975,0.000000,0.012814
376,0,0.000000,5.793935,0.231234,0.006003,6.031172,0.000000,0.000000,6.062612,0.011637,0.000000,0.001572,0.000000,0.013209
377,0,0.000000,6.449575,0.153489,0.004472,6.607536,0.000000,0.000000,6.639019,0.013452,0.000000,0.001843,0.000000,0.015295
378,0,0.000000,4.972254,0.175789,0.004439,5.152482,0.000000,0.000000,5.182745,0.011040,0.000000,0.001935,0.000000,0.012975
379,0,0.000000,4.525225,0.162586,0.004245,4.692056,0.000000,0.000000,4.721762,0.011204,0.000000,0.001738,0.000000,0.012942
380,0,0.000000,4.239211,0.145017,0.004346,4.388574,0.000000,0.000000,4.415467,0.011410,0.000000,0.001243,0.000000,0.012653
381,0,0.000000,4.554424,0.157552,0.004362,4.716338,0.000000,0.000000,4.742270,0.010727,0.000000,0.001263,0.000000,0.011990
382,0,0.000000,4.409773,0.162686,0.004150,4.576609,0.000000,0.000000,4.600823,0.010347,0.000000,0.001221,0.000000,0.011568
383,0,0.000000,4.152119,0.174729,0.004310,4.331158,0.000000,0.000000,4.358697,0.010325,0.000000,0.001195,0.000000,0.011520
384,0,0.000000,4.247102,0.162552,0.004915,4.414569,0.000000,0.000000,4.441368,0.010584,0.000000,0.001255,0.000000,0.011839
385,0,0.000000,5.763409,0.157323,0.004337,5.925069,0.000000,0.000000,5.956963,0.013360,0.000000,0.001755,0.000000,0.015115
386,0,0.000000,4.829845,0.158487,0.004296,4.992628,0.000000,0.000000,5.019163,0.011103,0.000000,0.001678,0.000000,0.012781
387,0,0.000000,4.347713,0.185503,0.004348,4.537564,0.000000,0.000000,4.565025,0.011369,0.000000,0.001723,0.000000,0.013092
388,0,0.000000,4.716959,0.148781,0.004566,4.870306,0.000000,0.000000,4.898438,0.012263,0.000000,0.001454,0.000000,0.013717
389,0,0.000000,4.112121,0.150678,0.004257,4.267056,0.000000,0.000000,4.291049,0.010838,0.000000,0.001022,0.000000,0.011860
390,0,0.000000,4.149205,0.135758,0.004549,4.289512,0.000000,0.000000,4.313232,0.011832,0.000000,0.000944,0.000000,0.012776
391,0,0.000000,4.082501,0.171180,0.004362,4.258043,0.000000,0.000000,4.283458,0.011420,0.000000,0.001986,0.000000,0.013406
392,0,0.000000,4.407884,0.174744,0.004881,4.587509,0.000000,0.000000,4.614894,0.010984,0.000000,0.001998,0.000000,0.012982
393,0,0.000000,4.592187,0.189044,0.004055,4.785286,0.000000,0.000000,4.814038,0.013356,0.000000,0.001253,0.000000,0.014609
394,0,0.000000,3.848320,0.146212,0.004721,3.999253,0.000000,0.000000,4.023239,0.009719,0.000000,0.001331,0.000000,0.011050
395,0,0.000000,5.006323,0.191477,0.006632,5.204432,0.000000,0.000000,5.231587,0.011161,0.000000,0.001688,0.000000,0.012849
396,0,0.000000,4.700933,0.151136,0.004541,4.856610,0.000000,0.000000,4.890336,0.017631,0.000000,0.001695,0.000000,0.019326
397,0,0.000000,4.151838,0.166709,0.004115,4.322662,0.000000,0.000000,4.348183,0.010744,0.000000,0.001439,0.000000,0.012183
398,0,0.000000,3.652490,0.143378,0.004251,3.800119,0.000000,0.000000,3.821518,0.010859,0.000000,0.000991,0.000000,0.011850
399,0,0.000000,3.457204,0.134344,0.004412,3.595960,0.000000,0.000000,3.616179,0.011274,0.000000,0.000834,0.000000,0.012108
400,0,0.000000,3.876879,0.153071,0.004279,4.034229,0.000000,0.000000,4.057698,0.010787,0.000000,0.000794,0.000000,0.011581
401,0,0.000000,4.304447,0.170641,0.005029,4.480117,0.000000,0.000000,4.507377,0.011839,0.000000,0.001686,0.000000,0.013525
402,0,0.000000,4.062518,0.202194,0.004584,4.269296,0.000000,0.000000,4.292267,0.011074,0.000000,0.001091,0.000000,0.012165
403,0,0.000000,4.106314,0.197708,0.004102,4.308124,0.000000,0.000000,4.332617,0.011451,0.000000,0.001029,0.000000,0.012480
404,0,0.000000,3.789192,0.210628,0.003822,4.003642,0.000000,0.000000,4.024279,0.009619,0.000000,0.000937,0.000000,0.010556
405,0,0.000000,4.649060,0.177215,0.004099,4.830374,0.000000,0.000000,4.855885,0.010330,0.000000,0.001334,0.000000,0.011664
406,0,0.000000,3.772207,0.214501,0.004134,3.990842,0.000000,0.000000,4.013325,0.010578,0.000000,0.000943,0.000000,0.011521
407,0,0.000000,3.719434,0.221185,0.004137,3.944756,0.000000,0.000000,3.981957,0.009539,0.000000,0.001109,0.000000,0.010648
408,0,0.000000,3.875742,0.159490,0.003968,4.039200,0.000000,0.000000,4.061974,0.010298,0.000000,0.000922,0.000000,0.011220
409,0,0.000000,4.080324,0.178457,0.004144,4.262925,0.000000,0.000000,4.284792,0.009584,0.000000,0.001004,0.000000,0.010588
410,0,0.000000,3.577227,0.212797,0.004284,3.794308,0.000000,0.000000,3.813886,0.009934,0.000000,0.000982,0.000000,0.010916
411,0,0.000000,3.609354,0.217185,0.004182,3.830721,0.000000,0.000000,3.850072,0.010163,0.000000,0.001153,0.000000,0.011316
412,0,0.000000,4.302576,0.142321,0.004231,4.449128,0.000000,0.000000,4.472157,0.010143,0.000000,0.001232,0.000000,0.011375
413,0,0.000000,3.928873,0.177827,0.004025,4.110725,0.000000,0.000000,4.132969,0.010484,0.000000,0.001165,0.000000,0.011649
414,0,0.000000,4.012285,0.124854,0.004127,4.141266,0.000000,0.000000,4.169014,0.015486,0.000000,0.001083,0.000000,0.016569
415,0,0.000000,3.967521,0.151318,0.004444,4.123283,0.000000,0.000000,4.162367,0.022989,0.000000,0.001658,0.000000,0.024647
416,0,0.000000,4.116261,0.135212,0.004108,4.255581,0.000000,0.000000,4.296588,0.011515,0.000000,0.001679,0.000000,0.013194
417,0,0.000000,4.052671,0.160752,0.005145,4.218568,0.000000,0.000000,4.245634,0.010475,0.000000,0.001386,0.000000,0.011861
418,0,0.000000,6.294702,0.176921,0.004731,6.476354,0.000000,0.000000,6.506596,0.012251,0.000000,0.001896,0.000000,0.014147
419,0,0.000000,5.132655,0.166857,0.004362,5.303874,0.000000,0.000000,5.329806,0.010938,0.000000,0.001891,0.000000,0.012829
420,0,0.000000,4.978480,0.162076,0.004417,5.144973,0.000000,0.000000,5.173197,0.011234,0.000000,0.001575,0.000000,0.012809
421,0,0.000000,4.969571,0.232877,0.009480,5.211928,0.000000,0.000000,5.241620,0.011167,0.000000,0.001934,0.000000,0.013101
422,0,0.000000,4.874897,0.205362,0.006026,5.086285,0.000000,0.000000,5.127211,0.020325,0.000000,0.002056,0.000000,0.022381
423,0,0.000000,5.472444,0.206539,0.005380,5.684363,0.000000,0.000000,5.717405,0.013386,0.000000,0.001692,0.000000,0.015078
424,0,0.000000,10.015191,0.156039,0.004134,10.175364,0.000000,0.000000,10.207360,0.013431,0.000000,0.001560,0.000000,0.014991
425,0,0.000000,4.037193,0.137713,0.004353,4.179259,0.000000,0.000000,4.203862,0.010557,0.000000,0.001412,0.000000,0.011969
426,0,0.000000,3.607640,0.124690,0.004101,3.736431,0.000000,0.000000,3.759724,0.011744,0.000000,0.000922,0.000000,0.012666
427,0,0.000000,3.560599,0.113934,0.004228,3.678761,0.000000,0.000000,3.698453,0.010830,0.000000,0.000580,0.000000,0.011410
428,0,0.000000,4.125513,0.149014,0.004369,4.278896,0.000000,0.000000,4.301801,0.010270,0.000000,0.001292,0.000000,0.011562
429,0,0.000000,3.968406,0.140989,0.004127,4.113522,0.000000,0.000000,4.136844,0.010932,0.000000,0.001304,0.000000,0.012236
430,0,0.000000,3.747140,0.135774,0.004261,3.887175,0.000000,0.000000,3.909792,0.010572,0.000000,0.001212,0.000000,0.011784
431,0,0.000000,3.593998,0.133509,0.004125,3.731632,0.000000,0.000000,3.751741,0.011097,0.000000,0.000991,0.000000,0.012088
432,0,0.000000,3.653321,0.216426,0.004203,3.873950,0.000000,0.000000,3.893194,0.009857,0.000000,0.000813,0.000000,0.010670
433,0,0.000000,3.962137,0.131332,0.004364,4.097833,0.000000,0.000000,4.123070,0.011750,0.000000,0.001453,0.000000,0.013203
434,0,0.000000,4.464280,0.146750,0.004405,4.615435,0.000000,0.000000,4.644193,0.009457,0.000000,0.001371,0.000000,0.010828
435,0,0.000000,3.695309,0.129804,0.004141,3.829254,0.000000,0.000000,3.849819,0.010502,0.000000,0.000984,0.000000,0.011486
436,0,0.000000,3.700576,0.121602,0.004543,3.826721,0.000000,0.000000,3.846954,0.010729,0.000000,0.000843,0.000000,0.011572
437,0,0.000000,4.014521,0.216510,0.005906,4.236937,0.000000,0.000000,4.263758,0.011003,0.000000,0.001730,0.000000,0.012733
438,0,0.000000,5.213934,0.177120,0.004361,5.395415,0.000000,0.000000,5.424128,0.012474,0.000000,0.001264,0.000000,0.013738
439,0,0.000000,4.645929,0.170052,0.004413,4.820394,0.000000,0.000000,4.848196,0.011026,0.000000,0.001286,0.000000,0.012312
440,0,0.000000,3.898099,0.162340,0.004166,4.064605,0.000000,0.000000,4.089844,0.011322,0.000000,0.001311,0.000000,0.012633
441,0,0.000000,3.978312,0.183191,0.003941,4.165444,0.000000,0.000000,4.200356,0.010011,0.000000,0.001189,0.000000,0.011200
442,0,0.000000,3.563928,0.218539,0.004015,3.786482,0.000000,0.000000,3.805945,0.010695,0.000000,0.000752,0.000000,0.011447
443,0,0.000000,3.704386,0.217998,0.004221,3.926605,0.000000,0.000000,3.946628,0.010426,0.000000,0.001135,0.000000,0.011561
444,0,0.000000,3.922566,0.145402,0.004439,4.072407,0.000000,0.000000,4.094408,0.010466,0.000000,0.001075,0.000000,0.011541
445,0,0.000000,4.409952,0.151750,0.004538,4.566240,0.000000,0.000000,4.594668,0.011806,0.000000,0.001576,0.000000,0.013382
446,0,0.000000,4.686074,0.160711,0.004529,4.851314,0.000000,0.000000,4.879203,0.011342,0.000000,0.001777,0.000000,0.013119
447,0,0.000000,4.731823,0.170477,0.004866,4.907166,0.000000,0.000000,4.935032,0.011020,0.000000,0.001980,0.000000,0.013000
448,0,0.000000,6.315741,0.266505,0.007048,6.589294,0.000000,0.000000,6.621816,0.013025,0.000000,0.002405,0.000000,0.015430
449,0,0.000000,6.143429,0.184760,0.005592,6.333781,0.000000,0.000000,6.390197,0.013210,0.000000,0.026463,0.000000,0.039673
450,0,0.000000,5.397752,0.187690,0.006835,5.592277,0.000000,0.000000,5.622987,0.012149,0.000000,0.002085,0.000000,0.014234
451,0,0.000000,5.902015,0.181189,0.004865,6.088069,0.000000,0.000000,6.122427,0.014327,0.000000,0.002081,0.000000,0.016408
452,0,0.000000,5.183715,0.144894,0.004041,5.332650,0.000000,0.000000,5.360570,0.012199,0.000000,0.001389,0.000000,0.013588
453,0,0.000000,4.819660,0.183851,0.006150,5.009661,0.000000,0.000000,5.038292,0.010622,0.000000,0.001636,0.000000,0.012258
454,0,0.000000,4.604593,0.163364,0.004332,4.772289,0.000000,0.000000,4.804226,0.014187,0.000000,0.001557,0.000000,0.015744
455,0,0.000000,4.499034,0.151620,0.004104,4.654758,0.000000,0.000000,4.680444,0.010342,0.000000,0.001867,0.000000,0.012209
456,0,0.000000,4.739681,0.155857,0.004097,4.899635,0.000000,0.000000,4.925517,0.010774,0.000000,0.001357,0.000000,0.012131
457,0,0.000000,4.588670,0.184386,0.005044,4.778100,0.000000,0.000000,4.804167,0.010286,0.000000,0.002037,0.000000,0.012323
458,0,0.000000,5.046329,0.269747,0.006211,5.322287,0.000000,0.000000,5.361069,0.013613,0.000000,0.002231,0.000000,0.015844
459,0,0.000000,5.653594,0.158770,0.004210,5.816574,0.000000,0.000000,5.849473,0.013769,0.000000,0.001785,0.000000,0.015554
460,0,0.000000,4.697827,0.178424,0.004485,4.880736,0.000000,0.000000,4.907663,0.011030,0.000000,0.001653,0.000000,0.012683
461,0,0.000000,5.943146,0.166988,0.004131,6.114265,0.000000,0.000000,6.141645,0.011390,0.000000,0.001568,0.000000,0.012958
462,0,0.000000,4.881465,0.154602,0.004308,5.040375,0.000000,0.000000,5.067125,0.011122,0.000000,0.001180,0.000000,0.012302
463,0,0.000000,4.672380,0.179459,0.004974,4.856813,0.000000,0.000000,4.884618,0.010845,0.000000,0.001567,0.000000,0.012412
464,0,0.000000,5.122002,0.178958,0.004281,5.305241,0.000000,0.000000,5.337727,0.014394,0.000000,0.001664,0.000000,0.016058
465,0,0.000000,4.418453,0.158384,0.004202,4.581039,0.000000,0.000000,4.607161,0.011381,0.000000,0.001239,0.000000,0.012620
466,0,0.000000,4.214323,0.170232,0.004138,4.388693,0.000000,0.000000,4.413762,0.010365,0.000000,0.000954,0.000000,0.011319
467,0,0.000000,4.752336,0.151093,0.004073,4.907502,0.000000,0.000000,4.933966,0.010637,0.000000,0.001586,0.000000,0.012223
468,0,0.000000,4.675825,0.178644,0.004647,4.859116,0.000000,0.000000,4.887427,0.010208,0.000000,0.001821,0.000000,0.012029
469,0,0.000000,5.108215,0.165645,0.004259,5.278119,0.000000,0.000000,5.308267,0.012113,0.000000,0.001859,0.000000,0.013972
470,0,0.000000,4.811300,0.155327,0.004194,4.970821,0.000000,0.000000,4.997217,0.010816,0.000000,0.001566,0.000000,0.012382
471,0,0.000000,4.800974,0.163187,0.004063,4.968224,0.000000,0.000000,4.995304,0.010689,0.000000,0.001535,0.000000,0.012224
472,0,0.000000,4.760707,0.163961,0.004337,4.929005,0.000000,0.000000,4.957088,0.010475,0.000000,0.001694,0.000000,0.012169
473,0,0.000000,5.602666,0.163943,0.004502,5.771111,0.000000,0.000000,5.800300,0.011910,0.000000,0.001691,0.000000,0.013601
474,0,0.000000,5.073357,0.155088,0.004371,5.232816,0.000000,0.000000,5.261873,0.010870,0.000000,0.001912,0.000000,0.012782
475,0,0.000000,4.457539,0.166054,0.005891,4.629484,0.000000,0.000000,4.659019,0.011764,0.000000,0.001840,0.000000,0.013604
476,0,0.000000,6.619676,0.151087,0.004280,6.775043,0.000000,0.000000,6.804083,0.011454,0.000000,0.001591,0.000000,0.013045
477,0,0.000000,5.374248,0.216143,0.004355,5.594746,0.000000,0.000000,5.625749,0.010895,0.000000,0.001913,0.000000,0.012808
478,0,0.000000,4.704954,0.161306,0.004348,4.870608,0.000000,0.000000,4.899128,0.012139,0.000000,0.001423,0.000000,0.013562
479,0,0.000000,4.859437,0.135137,0.004138,4.998712,0.000000,0.000000,5.022009,0.011490,0.000000,0.001000,0.000000,0.012490
480,0,0.000000,4.206006,0.151892,0.004218,4.362116,0.000000,0.000000,4.385296,0.010650,0.000000,0.001570,0.000000,0.012220
481,0,0.000000,3.608367,0.150999,0.003931,3.763297,0.000000,0.000000,3.783484,0.011995,0.000000,0.000714,0.000000,0.012709
482,0,0.000000,4.352813,0.143321,0.003956,4.500090,0.000000,0.000000,4.524061,0.009153,0.000000,0.001422,0.000000,0.010575
483,0,0.000000,3.766278,0.139887,0.004025,3.910190,0.000000,0.000000,3.933105,0.010451,0.000000,0.001418,0.000000,0.011869
484,0,0.000000,4.443358,0.168582,0.020641,4.632581,0.000000,0.000000,4.660525,0.010509,0.000000,0.001852,0.000000,0.012361
485,0,0.000000,4.064061,0.265635,0.032007,4.361703,0.000000,0.000000,4.390325,0.010759,0.000000,0.001755,0.000000,0.012514
486,0,0.000000,5.671240,0.152932,0.003937,5.828109,0.000000,0.000000,5.908297,0.062779,0.000000,0.001449,0.000000,0.064228
487,0,0.000000,4.536088,0.148190,0.004366,4.688644,0.000000,0.000000,4.715799,0.010827,0.000000,0.001315,0.000000,0.012142
488,0,0.000000,4.567579,0.165379,0.005181,4.738139,0.000000,0.000000,4.765243,0.010909,0.000000,0.001656,0.000000,0.012565
489,0,0.000000,5.313663,0.147418,0.004222,5.465303,0.000000,0.000000,5.493828,0.011179,0.000000,0.001561,0.000000,0.012740
490,0,0.000000,4.439940,0.157867,0.004468,4.602275,0.000000,0.000000,4.629284,0.010352,0.000000,0.001402,0.000000,0.011754
491,0,0.000000,4.032799,0.167722,0.004220,4.204741,0.000000,0.000000,4.228333,0.010507,0.000000,0.001438,0.000000,0.011945
492,0,0.000000,3.906991,0.161264,0.004091,4.072346,0.000000,0.000000,4.094710,0.009544,0.000000,0.001108,0.000000,0.010652
493,0,0.000000,3.573902,0.208786,0.003802,3.786490,0.000000,0.000000,3.826524,0.031256,0.000000,0.000553,0.000000,0.031809
494,0,0.000000,4.295445,0.151359,0.004093,4.450897,0.000000,0.000000,4.472740,0.009135,0.000000,0.001167,0.000000,0.010302
495,0,0.000000,4.015030,0.175567,0.004080,4.194677,0.000000,0.000000,4.216140,0.010162,0.000000,0.000773,0.000000,0.010935
496,0,0.000000,4.658108,0.151460,0.004168,4.813736,0.000000,0.000000,4.839847,0.009385,0.000000,0.002074,0.000000,0.011459
497,0,0.000000,4.111066,0.169204,0.004376,4.284646,0.000000,0.000000,4.311298,0.010460,0.000000,0.001613,0.000000,0.012073
498,0,0.000000,5.551380,0.146094,0.004404,5.701878,0.000000,0.000000,5.732027,0.012704,0.000000,0.001461,0.000000,0.014165
499,0,0.000000,4.643358,0.149524,0.004538,4.797420,0.000000,0.000000,4.824381,0.011206,0.000000,0.001470,0.000000,0.012676
500,0,0.000000,4.239520,0.142674,0.004082,4.386276,0.000000,0.000000,4.410886,0.010625,0.000000,0.001308,0.000000,0.011933
501,0,0.000000,5.170686,0.224025,0.005077,5.399788,0.000000,0.000000,5.426971,0.010437,0.000000,0.001385,0.000000,0.011822
502,0,0.000000,4.106425,0.172827,0.004385,4.283637,0.000000,0.000000,4.312629,0.010620,0.000000,0.001729,0.000000,0.012349
503,0,0.000000,4.223150,0.132787,0.004084,4.360021,0.000000,0.000000,4.385569,0.011136,0.000000,0.001410,0.000000,0.012546
504,0,0.000000,3.919444,0.205420,0.007318,4.132182,0.000000,0.000000,4.160279,0.009658,0.000000,0.001549,0.000000,0.011207
505,0,0.000000,4.543163,0.132278,0.003976,4.679417,0.000000,0.000000,4.706400,0.011596,0.000000,0.001424,0.000000,0.013020
506,0,0.000000,4.116880,0.172358,0.004294,4.293532,0.000000,0.000000,4.334507,0.010339,0.000000,0.001589,0.000000,0.011928
507,0,0.000000,4.172732,0.142280,0.003916,4.318928,0.000000,0.000000,4.345958,0.010795,0.000000,0.001442,0.000000,0.012237
508,0,0.000000,4.732142,0.153744,0.004347,4.890233,0.000000,0.000000,4.916535,0.010766,0.000000,0.002041,0.000000,0.012807
509,0,0.000000,5.039011,0.185905,0.005922,5.230838,0.000000,0.000000,5.260307,0.011520,0.000000,0.002069,0.000000,0.013589
510,0,0.000000,5.898079,0.153792,0.004232,6.056103,0.000000,0.000000,6.085766,0.013857,0.000000,0.001815,0.000000,0.015672
511,0,0.000000,4.773994,0.171304,0.004523,4.949821,0.000000,0.000000,4.977544,0.011108,0.000000,0.002069,0.000000,0.013177
512,0,0.000000,4.015090,0.184142,0.005958,4.205190,0.000000,0.000000,4.233822,0.010754,0.000000,0.001572,0.000000,0.012326
513,0,0.000000,3.850626,0.161339,0.004535,4.016500,0.000000,0.000000,4.046027,0.014172,0.000000,0.001564,0.000000,0.015736
514,0,0.000000,5.213621,0.148896,0.004222,5.366739,0.000000,0.000000,5.394396,0.011000,0.000000,0.001452,0.000000,0.012452
515,0,0.000000,4.232308,0.138057,0.003789,4.374154,0.000000,0.000000,4.399728,0.010718,0.000000,0.001189,0.000000,0.011907
516,0,0.000000,3.752797,0.135972,0.003880,3.892649,0.000000,0.000000,3.914710,0.009302,0.000000,0.001245,0.000000,0.010547
517,0,0.000000,4.746712,0.156641,0.004177,4.907530,0.000000,0.000000,4.943382,0.011599,0.000000,0.001574,0.000000,0.013173
518,0,0.000000,4.027913,0.139903,0.004195,4.172011,0.000000,0.000000,4.195832,0.010440,0.000000,0.001391,0.000000,0.011831
519,0,0.000000,3.663601,0.163876,0.003917,3.831394,0.000000,0.000000,3.852501,0.010486,0.000000,0.000771,0.000000,0.011257
520,0,0.000000,3.513320,0.136058,0.004037,3.653415,0.000000,0.000000,3.671284,0.010201,0.000000,0.000799,0.000000,0.011000
521,0,0.000000,3.753059,0.142532,0.003882,3.899473,0.000000,0.000000,3.920549,0.010045,0.000000,0.000744,0.000000,0.010789
522,0,0.000000,3.635188,0.156514,0.003959,3.795661,0.000000,0.000000,3.816119,0.010396,0.000000,0.000802,0.000000,0.011198
523,0,0.000000,4.001532,0.142155,0.003984,4.147671,0.000000,0.000000,4.169243,0.009462,0.000000,0.001371,0.000000,0.010833
524,0,0.000000,5.107111,0.183182,0.004654,5.294947,0.000000,0.000000,5.320618,0.010144,0.000000,0.002363,0.000000,0.012507
525,0,0.000000,4.613439,0.149932,0.003916,4.767287,0.000000,0.000000,4.839566,0.029471,0.000000,0.001204,0.000000,0.030675
526,0,0.000000,3.614856,0.124807,0.003862,3.743525,0.000000,0.000000,3.763427,0.010576,0.000000,0.000789,0.000000,0.011365
527,0,0.000000,3.680107,0.138556,0.004358,3.823021,0.000000,0.000000,3.843806,0.010510,0.000000,0.000732,0.000000,0.011242
528,0,0.000000,4.718630,0.165237,0.004543,4.888410,0.000000,0.000000,4.913744,0.009872,0.000000,0.001996,0.000000,0.011868
529,0,0.000000,4.854596,0.207869,0.005399,5.067864,0.000000,0.000000,5.096451,0.011933,0.000000,0.001618,0.000000,0.013551
530,0,0.000000,4.451843,0.142796,0.004101,4.598740,0.000000,0.000000,4.623410,0.011129,0.000000,0.001483,0.000000,0.012612
531,0,0.000000,6.335821,0.170112,0.005352,6.511285,0.000000,0.000000,6.537719,0.011979,0.000000,0.001726,0.000000,0.013705
532,0,0.000000,5.299824,0.135031,0.004049,5.438904,0.000000,0.000000,5.465463,0.013025,0.000000,0.001469,0.000000,0.014494
533,0,0.000000,4.319663,0.139616,0.004031,4.463310,0.000000,0.000000,4.487527,0.010672,0.000000,0.001304,0.000000,0.011976
534,0,0.000000,4.357060,0.156863,0.005952,4.519875,0.000000,0.000000,4.544019,0.010559,0.000000,0.001387,0.000000,0.011946
535,0,0.000000,4.123893,0.133698,0.004005,4.261596,0.000000,0.000000,4.285956,0.012746,0.000000,0.001278,0.000000,0.014024
536,0,0.000000,4.125324,0.173682,0.004531,4.303537,0.000000,0.000000,4.328856,0.010709,0.000000,0.001916,0.000000,0.012625
537,0,0.000000,5.225164,0.173492,0.005240,5.403896,0.000000,0.000000,5.430754,0.010569,0.000000,0.001889,0.000000,0.012458
538,0,0.000000,4.771711,0.145241,0.004496,4.921448,0.000000,0.000000,4.948007,0.012969,0.000000,0.001533,0.000000,0.014502
539,0,0.000000,4.359567,0.155945,0.004308,4.519820,0.000000,0.000000,4.545964,0.011618,0.000000,0.001751,0.000000,0.013369
540,0,0.000000,5.187511,0.164439,0.004521,5.356471,0.000000,0.000000,5.383431,0.011055,0.000000,0.002191,0.000000,0.013246
541,0,0.000000,4.318353,0.147417,0.004210,4.469980,0.000000,0.000000,4.496104,0.011181,0.000000,0.001577,0.000000,0.012758
542,0,0.000000,4.004607,0.179136,0.005578,4.189321,0.000000,0.000000,4.213923,0.011971,0.000000,0.001086,0.000000,0.013057
543,0,0.000000,3.941064,0.162263,0.005688,4.109015,0.000000,0.000000,4.134400,0.011011,0.000000,0.002049,0.000000,0.013060
544,0,0.000000,6.902579,0.194673,0.006047,7.103299,0.000000,0.000000,7.134127,0.014198,0.000000,0.001471,0.000000,0.015669
545,0,0.000000,6.939514,0.200826,0.006431,7.146771,0.000000,0.000000,7.180830,0.017224,0.000000,0.001938,0.000000,0.019162
546,0,0.000000,6.510806,0.129657,0.004448,6.644911,0.000000,0.000000,6.672108,0.014144,0.000000,0.001113,0.000000,0.015257
547,0,0.000000,4.137530,0.195788,0.004148,4.337466,0.000000,0.000000,4.356609,0.009939,0.000000,0.000432,0.000000,0.010371
548,0,0.000000,4.717453,0.232592,0.006047,4.956092,0.000000,0.000000,4.981546,0.009909,0.000000,0.001630,0.000000,0.011539
549,0,0.000000,6.187009,0.196812,0.006965,6.390786,0.000000,0.000000,6.419842,0.013343,0.000000,0.001412,0.000000,0.014755
550,0,0.000000,5.424857,0.120125,0.004328,5.549310,0.000000,0.000000,5.574975,0.011461,0.000000,0.001102,0.000000,0.012563
551,0,0.000000,3.847080,0.123290,0.003930,3.974300,0.000000,0.000000,3.997272,0.010253,0.000000,0.000971,0.000000,0.011224
552,0,0.000000,3.791646,0.125377,0.004491,3.921514,0.000000,0.000000,3.943230,0.011125,0.000000,0.000791,0.000000,0.011916
553,0,0.000000,4.768623,0.158043,0.004615,4.931281,0.000000,0.000000,4.957246,0.011518,0.000000,0.001305,0.000000,0.012823
554,0,0.000000,4.703649,0.179359,0.004563,4.887571,0.000000,0.000000,4.925180,0.012061,0.000000,0.001653,0.000000,0.013714
555,0,0.000000,4.228144,0.114527,0.004191,4.346862,0.000000,0.000000,4.370273,0.012092,0.000000,0.001337,0.000000,0.013429
556,0,0.000000,3.743305,0.212069,0.004365,3.959739,0.000000,0.000000,3.977084,0.010183,0.000000,0.000509,0.000000,0.010692
557,0,0.000000,4.370143,0.175266,0.006274,4.551683,0.000000,0.000000,4.577364,0.008992,0.000000,0.001594,0.000000,0.010586
558,0,0.000000,4.587159,0.223704,0.007828,4.818691,0.000000,0.000000,4.847312,0.010705,0.000000,0.002116,0.000000,0.012821
559,0,0.000000,6.256673,0.178773,0.005170,6.440616,0.000000,0.000000,6.473842,0.013370,0.000000,0.001981,0.000000,0.015351
560,0,0.000000,5.428256,0.188036,0.004838,5.621130,0.000000,0.000000,5.653870,0.011154,0.000000,0.001944,0.000000,0.013098
561,0,0.000000,5.901157,0.223156,0.005023,6.129336,0.000000,0.000000,6.159433,0.012163,0.000000,0.001622,0.000000,0.013785
562,0,0.000000,4.670075,0.147881,0.003960,4.821916,0.000000,0.000000,4.847694,0.010865,0.000000,0.001500,0.000000,0.012365
563,0,0.000000,5.750922,0.218812,0.005555,5.975289,0.000000,0.000000,6.005071,0.011672,0.000000,0.001348,0.000000,0.013020
564,0,0.000000,5.094983,0.149456,0.004190,5.248629,0.000000,0.000000,5.277958,0.011111,0.000000,0.001960,0.000000,0.013071
565,0,0.000000,4.924069,0.146778,0.004245,5.075092,0.000000,0.000000,5.101924,0.010295,0.000000,0.001484,0.000000,0.011779
566,0,0.000000,6.451406,0.213273,0.005206,6.669885,0.000000,0.000000,6.700106,0.011232,0.000000,0.001736,0.000000,0.012968
567,0,0.000000,4.970060,0.148304,0.004318,5.122682,0.000000,0.000000,5.148245,0.011441,0.000000,0.001513,0.000000,0.012954
568,0,0.000000,4.606192,0.166977,0.004696,4.777865,0.000000,0.000000,4.805346,0.011844,0.000000,0.001619,0.000000,0.013463
569,0,0.000000,6.430493,0.172089,0.004122,6.606704,0.000000,0.000000,6.650985,0.012537,0.000000,0.018226,0.000000,0.030763
570,0,0.000000,5.582284,0.251935,0.006185,5.840404,0.000000,0.000000,5.871341,0.011574,0.000000,0.001643,0.000000,0.013217
571,0,0.000000,4.835840,0.139550,0.004041,4.979431,0.000000,0.000000,5.009681,0.013119,0.000000,0.001620,0.000000,0.014739
572,0,0.000000,3.982372,0.174880,0.004277,4.161529,0.000000,0.000000,4.184851,0.010323,0.000000,0.001365,0.000000,0.011688
573,0,0.000000,3.834167,0.209372,0.004032,4.047571,0.000000,0.000000,4.068947,0.010465,0.000000,0.001458,0.000000,0.011923
574,0,0.000000,3.747231,0.148804,0.004311,3.900346,0.000000,0.000000,3.928136,0.008684,0.000000,0.001616,0.000000,0.010300
575,0,0.000000,5.004150,0.165050,0.004297,5.173497,0.000000,0.000000,5.201860,0.010839,0.000000,0.002249,0.000000,0.013088
576,0,0.000000,5.485021,0.207218,0.008054,5.700293,0.000000,0.000000,5.731467,0.011116,0.000000,0.002647,0.000000,0.013763
577,0,0.000000,9.754963,0.211399,0.008484,9.974846,0.000000,0.000000,10.008125,0.013283,0.000000,0.002445,0.000000,0.015728
578,0,0.000000,13.939674,0.229121,0.007030,14.175825,0.000000,0.000000,14.212868,0.015367,0.000000,0.002162,0.000000,0.017529
579,0,0.000000,8.276989,0.172811,0.005697,8.455497,0.000000,0.000000,8.489558,0.013807,0.000000,0.002339,0.000000,0.016146
580,0,0.000000,7.508995,0.193199,0.005218,7.707412,0.000000,0.000000,7.743378,0.014873,0.000000,0.001838,0.000000,0.016711
581,0,0.000000,12.188436,0.251065,0.006978,12.446479,0.000000,0.000000,12.479749,0.012403,0.000000,0.001864,0.000000,0.014267
582,0,0.000000,8.443585,0.232556,0.006956,8.683097,0.000000,0.000000,8.715072,0.012660,0.000000,0.001789,0.000000,0.014449
583,0,0.000000,6.993777,0.169085,0.004876,7.167738,0.000000,0.000000,7.199856,0.012699,0.000000,0.001924,0.000000,0.014623
584,0,0.000000,6.188968,0.189703,0.005271,6.383942,0.000000,0.000000,6.416987,0.012245,0.000000,0.002367,0.000000,0.014612
585,0,0.000000,7.171471,0.159847,0.004239,7.335557,0.000000,0.000000,7.366837,0.012560,0.000000,0.001944,0.000000,0.014504
586,0,0.000000,5.434570,0.162697,0.004095,5.601362,0.000000,0.000000,5.630190,0.010944,0.000000,0.001543,0.000000,0.012487
587,0,0.000000,6.885652,0.297614,0.010423,7.193689,0.000000,0.000000,7.228611,0.011753,0.000000,0.002296,0.000000,0.014049
588,0,0.000000,7.414589,0.197495,0.004537,7.616621,0.000000,0.000000,7.658232,0.020700,0.000000,0.001963,0.000000,0.022663
589,0,0.000000,6.487434,0.183478,0.004793,6.675705,0.000000,0.000000,6.708188,0.012658,0.000000,0.002146,0.000000,0.014804
590,0,0.000000,6.216686,0.225013,0.004603,6.446302,0.000000,0.000000,6.507757,0.040804,0.000000,0.001854,0.000000,0.042658
591,0,0.000000,4.399286,0.199762,0.004596,4.603644,0.000000,0.000000,4.627404,0.011283,0.000000,0.001240,0.000000,0.012523
592,0,0.000000,6.430041,0.204557,0.004568,6.639166,0.000000,0.000000,6.668407,0.010120,0.000000,0.001899,0.000000,0.012019
593,0,0.000000,5.159236,0.157898,0.004537,5.321671,0.000000,0.000000,5.353099,0.013238,0.000000,0.001488,0.000000,0.014726
594,0,0.000000,4.107109,0.159908,0.004149,4.271166,0.000000,0.000000,4.295662,0.010515,0.000000,0.001419,0.000000,0.011934
595,0,0.000000,3.870059,0.214191,0.004018,4.088268,0.000000,0.000000,4.111535,0.011414,0.000000,0.001254,0.000000,0.012668
596,0,0.000000,3.653329,0.228576,0.004192,3.886097,0.000000,0.000000,3.905957,0.008751,0.000000,0.001239,0.000000,0.009990
597,0,0.000000,3.855966,0.145621,0.004152,4.005739,0.000000,0.000000,4.027707,0.008636,0.000000,0.001262,0.000000,0.009898
598,0,0.000000,6.586632,0.191703,0.006775,6.785110,0.000000,0.000000,6.813092,0.009957,0.000000,0.002102,0.000000,0.012059
599,0,0.000000,6.287089,0.153487,0.004482,6.445058,0.000000,0.000000,6.475246,0.013905,0.000000,0.001864,0.000000,0.015769
600,0,0.000000,5.680694,0.211686,0.005690,5.898070,0.000000,0.000000,5.926806,0.011148,0.000000,0.001784,0.000000,0.012932
601,0,0.000000,6.816030,0.227440,0.006801,7.050271,0.000000,0.000000,7.083884,0.013716,0.000000,0.001911,0.000000,0.015627
602,0,0.000000,7.891600,0.259365,0.007058,8.158023,0.000000,0.000000,8.192798,0.013014,0.000000,0.002208,0.000000,0.015222
603,0,0.000000,7.718499,0.195087,0.006855,7.920441,0.000000,0.000000,7.986316,0.015094,0.000000,0.032632,0.000000,0.047726
604,0,0.000000,10.241024,0.223118,0.005133,10.469275,0.000000,0.000000,10.513861,0.022420,0.000000,0.001847,0.000000,0.024267
605,0,0.000000,5.880102,0.191207,0.005595,6.076904,0.000000,0.000000,6.110841,0.013135,0.000000,0.002320,0.000000,0.015455
606,0,0.000000,7.182138,0.232983,0.007393,7.422514,0.000000,0.000000,7.454801,0.012867,0.000000,0.002807,0.000000,0.015674
607,0,0.000000,7.886499,0.277960,0.007155,8.171614,0.000000,0.000000,8.206947,0.015247,0.000000,0.001841,0.000000,0.017088
608,0,0.000000,6.191835,0.167244,0.004300,6.363379,0.000000,0.000000,6.392491,0.011047,0.000000,0.001503,0.000000,0.012550
609,0,0.000000,6.891291,0.227571,0.005602,7.124464,0.000000,0.000000,7.156103,0.012252,0.000000,0.002057,0.000000,0.014309
610,0,0.000000,7.663088,0.182250,0.004761,7.850099,0.000000,0.000000,7.941885,0.013545,0.000000,0.002250,0.000000,0.015795
611,0,0.000000,5.509371,0.177251,0.004423,5.691045,0.000000,0.000000,5.723069,0.011876,0.000000,0.001616,0.000000,0.013492
612,0,0.000000,6.713021,0.162542,0.004203,6.879766,0.000000,0.000000,6.908150,0.011787,0.000000,0.001687,0.000000,0.013474
613,0,0.000000,5.362303,0.176141,0.004515,5.542959,0.000000,0.000000,5.571427,0.010903,0.000000,0.002138,0.000000,0.013041
614,0,0.000000,5.560894,0.166467,0.004588,5.731949,0.000000,0.000000,5.761561,0.011914,0.000000,0.001810,0.000000,0.013724
615,0,0.000000,5.003641,0.161085,0.004293,5.169019,0.000000,0.000000,5.199473,0.013077,0.000000,0.001663,0.000000,0.014740
616,0,0.000000,5.613255,0.247417,0.006181,5.866853,0.000000,0.000000,5.899864,0.011929,0.000000,0.002247,0.000000,0.014176
617,0,0.000000,5.840675,0.159375,0.004501,6.004551,0.000000,0.000000,6.036426,0.013712,0.000000,0.001934,0.000000,0.015646
618,0,0.000000,7.845605,0.175897,0.004416,8.025918,0.000000,0.000000,8.055730,0.010882,0.000000,0.002007,0.000000,0.012889
619,0,0.000000,7.176421,0.173375,0.004163,7.353959,0.000000,0.000000,7.384240,0.011950,0.000000,0.001967,0.000000,0.013917
620,0,0.000000,8.114982,0.171691,0.004964,8.291637,0.000000,0.000000,8.322459,0.012410,0.000000,0.001910,0.000000,0.014320
621,0,0.000000,7.818910,0.159647,0.004700,7.983257,0.000000,0.000000,8.013026,0.011443,0.000000,0.001914,0.000000,0.013357
622,0,0.000000,6.735178,0.160179,0.004374,6.899731,0.000000,0.000000,6.929248,0.011674,0.000000,0.001679,0.000000,0.013353
623,0,0.000000,5.950764,0.188895,0.004615,6.144274,0.000000,0.000000,6.174037,0.010585,0.000000,0.002147,0.000000,0.012732
624,0,0.000000,5.409261,0.163216,0.004375,5.576852,0.000000,0.000000,5.606681,0.011627,0.000000,0.001838,0.000000,0.013465
625,0,0.000000,5.139700,0.152247,0.004089,5.296036,0.000000,0.000000,5.324276,0.011245,0.000000,0.001485,0.000000,0.012730
626,0,0.000000,5.931792,0.226944,0.005974,6.164710,0.000000,0.000000,6.193675,0.010369,0.000000,0.002083,0.000000,0.012452
627,0,0.000000,5.322823,0.151084,0.004095,5.478002,0.000000,0.000000,5.507331,0.012822,0.000000,0.001514,0.000000,0.014336
628,0,0.000000,5.998775,0.203505,0.005043,6.207323,0.000000,0.000000,6.235065,0.010358,0.000000,0.001670,0.000000,0.012028
629,0,0.000000,7.081465,0.188985,0.005180,7.275630,0.000000,0.000000,7.306768,0.011659,0.000000,0.002222,0.000000,0.013881
630,0,0.000000,5.889427,0.166292,0.004960,6.060679,0.000000,0.000000,6.089763,0.012123,0.000000,0.002143,0.000000,0.014266
631,0,0.000000,5.162229,0.162421,0.004366,5.329016,0.000000,0.000000,5.359801,0.012232,0.000000,0.001950,0.000000,0.014182
632,0,0.000000,4.642689,0.153997,0.004426,4.801112,0.000000,0.000000,4.830573,0.011594,0.000000,0.001794,0.000000,0.013388
633,0,0.000000,4.836707,0.272293,0.005388,5.114388,0.000000,0.000000,5.144755,0.010615,0.000000,0.001574,0.000000,0.012189
634,0,0.000000,5.290937,0.183568,0.005497,5.480002,0.000000,0.000000,5.510162,0.010925,0.000000,0.001962,0.000000,0.012887
635,0,0.000000,6.779558,0.170228,0.004071,6.953857,0.000000,0.000000,6.988694,0.015037,0.000000,0.001549,0.000000,0.016586
636,0,0.000000,6.401558,0.204538,0.004990,6.611086,0.000000,0.000000,6.640078,0.010777,0.000000,0.001815,0.000000,0.012592
637,0,0.000000,6.056782,0.172723,0.004901,6.234406,0.000000,0.000000,6.265036,0.012458,0.000000,0.001780,0.000000,0.014238
638,0,0.000000,7.049191,0.162847,0.004636,7.216674,0.000000,0.000000,7.246967,0.012068,0.000000,0.001663,0.000000,0.013731
639,0,0.000000,5.572307,0.220047,0.006652,5.799006,0.000000,0.000000,5.830252,0.011550,0.000000,0.002369,0.000000,0.013919
640,0,0.000000,5.966653,0.179178,0.005155,6.150986,0.000000,0.000000,6.185403,0.014769,0.000000,0.001928,0.000000,0.016697
641,0,0.000000,6.207911,0.186762,0.004873,6.399546,0.000000,0.000000,6.429502,0.012879,0.000000,0.001726,0.000000,0.014605
642,0,0.000000,5.722466,0.154688,0.004629,5.881783,0.000000,0.000000,5.910779,0.012011,0.000000,0.002099,0.000000,0.014110
643,0,0.000000,6.243939,0.175911,0.004902,6.424752,0.000000,0.000000,6.452432,0.011177,0.000000,0.002038,0.000000,0.013215
644,0,0.000000,5.311207,0.151563,0.004692,5.467462,0.000000,0.000000,5.495078,0.011507,0.000000,0.001550,0.000000,0.013057
645,0,0.000000,6.654017,0.171090,0.005091,6.830198,0.000000,0.000000,6.858904,0.011447,0.000000,0.002294,0.000000,0.013741
646,0,0.000000,6.041980,0.222668,0.006408,6.271056,0.000000,0.000000,6.302907,0.012146,0.000000,0.002121,0.000000,0.014267
647,0,0.000000,5.678093,0.158568,0.004725,5.841386,0.000000,0.000000,5.875392,0.016375,0.000000,0.001722,0.000000,0.018097
648,0,0.000000,7.421670,0.192159,0.004581,7.618410,0.000000,0.000000,7.648391,0.011838,0.000000,0.002227,0.000000,0.014065
649,0,0.000000,5.539896,0.156196,0.005071,5.701163,0.000000,0.000000,5.732446,0.013045,0.000000,0.002244,0.000000,0.015289
650,0,0.000000,6.202049,0.185577,0.004590,6.392216,0.000000,0.000000,6.421686,0.011585,0.000000,0.001996,0.000000,0.013581
651,0,0.000000,6.305125,0.295236,0.007061,6.607422,0.000000,0.000000,6.641757,0.011551,0.000000,0.002523,0.000000,0.014074
652,0,0.000000,6.387393,0.158431,0.004434,6.550258,0.000000,0.000000,6.586529,0.016220,0.000000,0.001976,0.000000,0.018196
653,0,0.000000,4.828671,0.136509,0.004613,4.969793,0.000000,0.000000,4.996197,0.011776,0.000000,0.001392,0.000000,0.013168
654,0,0.000000,4.360604,0.141264,0.004221,4.506089,0.000000,0.000000,4.533343,0.012199,0.000000,0.001364,0.000000,0.013563
655,0,0.000000,6.403517,0.181865,0.005247,6.590629,0.000000,0.000000,6.622438,0.012579,0.000000,0.001790,0.000000,0.014369
656,0,0.000000,5.131166,0.164954,0.004757,5.300877,0.000000,0.000000,5.331169,0.012739,0.000000,0.001855,0.000000,0.014594
657,0,0.000000,4.541768,0.199398,0.004871,4.746037,0.000000,0.000000,4.774320,0.011787,0.000000,0.001999,0.000000,0.013786
658,0,0.000000,6.517010,0.194593,0.005538,6.717141,0.000000,0.000000,6.753792,0.014109,0.000000,0.002196,0.000000,0.016305
659,0,0.000000,5.565545,0.155231,0.004746,5.725522,0.000000,0.000000,5.755025,0.012687,0.000000,0.001577,0.000000,0.014264
660,0,0.000000,5.267762,0.154028,0.004510,5.426300,0.000000,0.000000,5.470369,0.011637,0.000000,0.002316,0.000000,0.013953
661,0,0.000000,5.980983,0.185924,0.004373,6.171280,0.000000,0.000000,6.199527,0.010707,0.000000,0.001864,0.000000,0.012571
662,0,0.000000,4.693188,0.165499,0.004211,4.862898,0.000000,0.000000,4.890163,0.010384,0.000000,0.001745,0.000000,0.012129
663,0,0.000000,5.009589,0.254478,0.031992,5.296059,0.000000,0.000000,5.326228,0.010480,0.000000,0.001953,0.000000,0.012433
664,0,0.000000,5.353032,0.168281,0.004540,5.525853,0.000000,0.000000,5.556134,0.012895,0.000000,0.001493,0.000000,0.014388
665,0,0.000000,5.472311,0.184656,0.004174,5.661141,0.000000,0.000000,5.705120,0.010951,0.000000,0.002239,0.000000,0.013190
666,0,0.000000,8.063397,0.194405,0.004229,8.262031,0.000000,0.000000,8.305766,0.024588,0.000000,0.001666,0.000000,0.026254
667,0,0.000000,6.133740,0.163018,0.004730,6.301488,0.000000,0.000000,6.330999,0.011187,0.000000,0.002070,0.000000,0.013257
668,0,0.000000,6.121834,0.229899,0.005421,6.357154,0.000000,0.000000,6.388949,0.011336,0.000000,0.002276,0.000000,0.013612
669,0,0.000000,5.535880,0.179164,0.004473,5.719517,0.000000,0.000000,5.749685,0.012731,0.000000,0.001574,0.000000,0.014305
670,0,0.000000,5.566207,0.203818,0.005449,5.775474,0.000000,0.000000,5.804803,0.011475,0.000000,0.001929,0.000000,0.013404
671,0,0.000000,5.719868,0.183247,0.004678,5.907793,0.000000,0.000000,5.937664,0.013061,0.000000,0.001912,0.000000,0.014973
672,0,0.000000,5.630801,0.162613,0.004654,5.798068,0.000000,0.000000,5.826603,0.011213,0.000000,0.002161,0.000000,0.013374
673,0,0.000000,5.559846,0.170589,0.004485,5.734920,0.000000,0.000000,5.772190,0.018889,0.000000,0.002056,0.000000,0.020945
674,0,0.000000,4.603381,0.148352,0.004274,4.756007,0.000000,0.000000,4.783199,0.010961,0.000000,0.001528,0.000000,0.012489
675,0,0.000000,4.627717,0.147389,0.004351,4.779457,0.000000,0.000000,4.806837,0.010625,0.000000,0.001820,0.000000,0.012445
676,0,0.000000,4.650961,0.161710,0.004598,4.817269,0.000000,0.000000,4.846023,0.010151,0.000000,0.002255,0.000000,0.012406
677,0,0.000000,4.325716,0.163469,0.004316,4.493501,0.000000,0.000000,4.527134,0.014832,0.000000,0.001636,0.000000,0.016468
678,0,0.000000,4.424122,0.191516,0.004519,4.620157,0.000000,0.000000,4.650692,0.011699,0.000000,0.001511,0.000000,0.013210
679,0,0.000000,6.310834,0.253565,0.005585,6.569984,0.000000,0.000000,6.599406,0.011151,0.000000,0.002220,0.000000,0.013371
680,0,0.000000,6.808527,0.198711,0.005977,7.013215,0.000000,0.000000,7.047381,0.015098,0.000000,0.002119,0.000000,0.017217
681,0,0.000000,7.402182,0.220248,0.005544,7.627974,0.000000,0.000000,7.658088,0.012496,0.000000,0.002193,0.000000,0.014689
682,0,0.000000,5.670811,0.175161,0.005438,5.851410,0.000000,0.000000,5.882040,0.014105,0.000000,0.001774,0.000000,0.015879
683,0,0.000000,5.335939,0.151707,0.004228,5.491874,0.000000,0.000000,5.519755,0.012466,0.000000,0.001710,0.000000,0.014176
684,0,0.000000,4.191857,0.137731,0.004272,4.333860,0.000000,0.000000,4.357476,0.010928,0.000000,0.001431,0.000000,0.012359
685,0,0.000000,4.137535,0.140331,0.004029,4.281895,0.000000,0.000000,4.307868,0.011592,0.000000,0.001559,0.000000,0.013151
686,0,0.000000,4.197210,0.137784,0.004398,4.339392,0.000000,0.000000,4.364080,0.010060,0.000000,0.001799,0.000000,0.011859
687,0,0.000000,6.315470,0.298496,0.007676,6.621642,0.000000,0.000000,6.650364,0.010729,0.000000,0.002322,0.000000,0.013051
688,0,0.000000,7.774307,0.283388,0.007255,8.064950,0.000000,0.000000,8.099206,0.015147,0.000000,0.001689,0.000000,0.016836
689,0,0.000000,8.062247,0.168437,0.004573,8.235257,0.000000,0.000000,8.269633,0.015940,0.000000,0.001822,0.000000,0.017762
690,0,0.000000,6.148364,0.253391,0.006390,6.408145,0.000000,0.000000,6.437761,0.012004,0.000000,0.001568,0.000000,0.013572
691,0,0.000000,10.221558,0.202277,0.006938,10.430773,0.000000,0.000000,10.460262,0.011961,0.000000,0.002077,0.000000,0.014038
692,0,0.000000,8.762969,0.225268,0.005769,8.994006,0.000000,0.000000,9.026345,0.012994,0.000000,0.001945,0.000000,0.014939
693,0,0.000000,7.384346,0.170678,0.004351,7.559375,0.000000,0.000000,7.590537,0.014194,0.000000,0.001744,0.000000,0.015938
694,0,0.000000,7.048289,0.176662,0.004316,7.229267,0.000000,0.000000,7.257438,0.010895,0.000000,0.001693,0.000000,0.012588
695,0,0.000000,5.199446,0.177348,0.005179,5.381973,0.000000,0.000000,5.412140,0.010985,0.000000,0.002427,0.000000,0.013412
696,0,0.000000,4.498378,0.190997,0.007018,4.696393,0.000000,0.000000,4.730011,0.015041,0.000000,0.001763,0.000000,0.016804
697,0,0.000000,5.685889,0.162855,0.004853,5.853597,0.000000,0.000000,5.883464,0.010865,0.000000,0.002137,0.000000,0.013002
698,0,0.000000,6.738181,0.224884,0.004836,6.967901,0.000000,0.000000,6.998366,0.011256,0.000000,0.002062,0.000000,0.013318
699,0,0.000000,5.090866,0.154475,0.004629,5.249970,0.000000,0.000000,5.278913,0.011243,0.000000,0.001734,0.000000,0.012977
700,0,0.000000,4.558047,0.172302,0.006123,4.736472,0.000000,0.000000,4.765496,0.010711,0.000000,0.001796,0.000000,0.012507
701,0,0.000000,5.050563,0.186045,0.004578,5.241186,0.000000,0.000000,5.275268,0.013372,0.000000,0.001644,0.000000,0.015016
702,0,0.000000,4.686113,0.159059,0.004648,4.849820,0.000000,0.000000,4.878067,0.011032,0.000000,0.002011,0.000000,0.013043
703,0,0.000000,4.344149,0.199346,0.004061,4.547556,0.000000,0.000000,4.573141,0.011305,0.000000,0.001191,0.000000,0.012496
704,0,0.000000,4.211082,0.189488,0.004482,4.405052,0.000000,0.000000,4.428421,0.010865,0.000000,0.001446,0.000000,0.012311
705,0,0.000000,4.455881,0.191936,0.004861,4.652678,0.000000,0.000000,4.678647,0.011256,0.000000,0.001664,0.000000,0.012920
706,0,0.000000,4.377887,0.180376,0.005250,4.563513,0.000000,0.000000,4.592605,0.012621,0.000000,0.001880,0.000000,0.014501
707,0,0.000000,4.287257,0.155843,0.004825,4.447925,0.000000,0.000000,4.479535,0.013573,0.000000,0.002077,0.000000,0.015650
708,0,0.000000,4.357825,0.148385,0.004411,4.510621,0.000000,0.000000,4.538074,0.010827,0.000000,0.001753,0.000000,0.012580
709,0,0.000000,4.643905,0.154144,0.004403,4.802452,0.000000,0.000000,4.829442,0.011292,0.000000,0.001165,0.000000,0.012457
710,0,0.000000,4.160110,0.202740,0.004051,4.366901,0.000000,0.000000,4.389924,0.010427,0.000000,0.001341,0.000000,0.011768
711,0,0.000000,4.530312,0.197908,0.005210,4.733430,0.000000,0.000000,4.760565,0.010902,0.000000,0.001365,0.000000,0.012267
712,0,0.000000,4.959671,0.192871,0.006691,5.159233,0.000000,0.000000,5.190092,0.011963,0.000000,0.001676,0.000000,0.013639
713,0,0.000000,4.479587,0.188224,0.004386,4.672197,0.000000,0.000000,4.699761,0.011789,0.000000,0.001473,0.000000,0.013262
714,0,0.000000,4.503999,0.186345,0.004666,4.695010,0.000000,0.000000,4.720952,0.011756,0.000000,0.000976,0.000000,0.012732
715,0,0.000000,4.718121,0.222357,0.004448,4.944926,0.000000,0.000000,4.970762,0.010905,0.000000,0.001383,0.000000,0.012288
716,0,0.000000,4.744417,0.160201,0.004842,4.909460,0.000000,0.000000,4.938059,0.011092,0.000000,0.001613,0.000000,0.012705
717,0,0.000000,4.702533,0.196861,0.004793,4.904187,0.000000,0.000000,4.933978,0.012172,0.000000,0.001459,0.000000,0.013631
718,0,0.000000,4.771616,0.140290,0.003899,4.915805,0.000000,0.000000,4.943019,0.011375,0.000000,0.001483,0.000000,0.012858
719,0,0.000000,4.160143,0.150911,0.004318,4.315372,0.000000,0.000000,4.340180,0.010218,0.000000,0.001388,0.000000,0.011606
720,0,0.000000,4.168558,0.150893,0.004329,4.323780,0.000000,0.000000,4.349422,0.009528,0.000000,0.001453,0.000000,0.010981
721,0,0.000000,4.985465,0.144264,0.004564,5.134293,0.000000,0.000000,5.166370,0.015102,0.000000,0.001962,0.000000,0.017064
722,0,0.000000,4.392314,0.295702,0.005990,4.694006,0.000000,0.000000,4.724630,0.011077,0.000000,0.001627,0.000000,0.012704
723,0,0.000000,4.206956,0.176541,0.004530,4.388027,0.000000,0.000000,4.415744,0.011358,0.000000,0.001593,0.000000,0.012951
724,0,0.000000,4.281599,0.149858,0.004031,4.435488,0.000000,0.000000,4.462441,0.011845,0.000000,0.001316,0.000000,0.013161
725,0,0.000000,4.329562,0.151292,0.004260,4.485114,0.000000,0.000000,4.510051,0.010415,0.000000,0.001550,0.000000,0.011965
726,0,0.000000,4.752575,0.143074,0.004275,4.899924,0.000000,0.000000,4.925121,0.010298,0.000000,0.001701,0.000000,0.011999
727,0,0.000000,5.478172,0.236792,0.005381,5.720345,0.000000,0.000000,5.747996,0.010215,0.000000,0.001548,0.000000,0.011763
728,0,0.000000,5.170390,0.162843,0.005157,5.338390,0.000000,0.000000,5.367368,0.012601,0.000000,0.001512,0.000000,0.014113
729,0,0.000000,4.662612,0.173687,0.004018,4.840317,0.000000,0.000000,4.865836,0.011687,0.000000,0.001396,0.000000,0.013083
730,0,0.000000,4.490830,0.155349,0.004103,4.650282,0.000000,0.000000,4.673282,0.010215,0.000000,0.001154,0.000000,0.011369
731,0,0.000000,4.176924,0.163192,0.004547,4.344663,0.000000,0.000000,4.367831,0.010070,0.000000,0.001607,0.000000,0.011677
732,0,0.000000,3.872578,0.152981,0.004181,4.029740,0.000000,0.000000,4.050423,0.009711,0.000000,0.001190,0.000000,0.010901
733,0,0.000000,3.751344,0.122179,0.003741,3.877264,0.000000,0.000000,3.897554,0.009891,0.000000,0.001083,0.000000,0.010974
734,0,0.000000,3.954278,0.139287,0.004294,4.097859,0.000000,0.000000,4.118833,0.009587,0.000000,0.000882,0.000000,0.010469
735,0,0.000000,3.765066,0.130499,0.029322,3.924887,0.000000,0.000000,3.944853,0.009165,0.000000,0.001066,0.000000,0.010231
736,0,0.000000,3.785905,0.170003,0.003867,3.959775,0.000000,0.000000,3.980101,0.009991,0.000000,0.001297,0.000000,0.011288
737,0,0.000000,3.722296,0.160459,0.005431,3.888186,0.000000,0.000000,3.909961,0.010596,0.000000,0.001207,0.000000,0.011803
738,0,0.000000,4.216944,0.137242,0.004250,4.358436,0.000000,0.000000,4.383350,0.012816,0.000000,0.001154,0.000000,0.013970
739,0,0.000000,3.720007,0.120969,0.003963,3.844939,0.000000,0.000000,3.867803,0.011770,0.000000,0.001261,0.000000,0.013031
740,0,0.000000,3.680212,0.115242,0.004115,3.799569,0.000000,0.000000,3.819639,0.010158,0.000000,0.001166,0.000000,0.011324
741,0,0.000000,4.116617,0.162079,0.005198,4.283894,0.000000,0.000000,4.306654,0.008745,0.000000,0.001520,0.000000,0.010265
742,0,0.000000,4.570306,0.144839,0.003953,4.719098,0.000000,0.000000,4.748011,0.013641,0.000000,0.001496,0.000000,0.015137
743,0,0.000000,3.692714,0.176679,0.004196,3.873589,0.000000,0.000000,3.895191,0.010394,0.000000,0.001203,0.000000,0.011597
744,0,0.000000,3.581580,0.190927,0.004181,3.776688,0.000000,0.000000,3.796160,0.009564,0.000000,0.000871,0.000000,0.010435
745,0,0.000000,4.030033,0.198379,0.004342,4.232754,0.000000,0.000000,4.253684,0.008573,0.000000,0.001017,0.000000,0.009590
746,0,0.000000,3.934206,0.112316,0.004048,4.050570,0.000000,0.000000,4.069874,0.009500,0.000000,0.000741,0.000000,0.010241
747,0,0.000000,4.403115,0.188757,0.004403,4.596275,0.000000,0.000000,4.624230,0.009153,0.000000,0.001236,0.000000,0.010389
748,0,0.000000,3.773671,0.135779,0.007975,3.917425,0.000000,0.000000,3.971730,0.009350,0.000000,0.000783,0.000000,0.010133
749,0,0.000000,3.689400,0.178723,0.004232,3.872355,0.000000,0.000000,3.891372,0.010384,0.000000,0.000606,0.000000,0.010990
750,0,0.000000,3.636972,0.113717,0.004145,3.754834,0.000000,0.000000,3.773068,0.009337,0.000000,0.000428,0.000000,0.009765
751,0,0.000000,3.705562,0.117804,0.003949,3.827315,0.000000,0.000000,3.843566,0.008756,0.000000,0.000448,0.000000,0.009204
752,0,0.000000,3.824529,0.155677,0.004145,3.984351,0.000000,0.000000,4.004677,0.009015,0.000000,0.000835,0.000000,0.009850
753,0,0.000000,3.690660,0.110700,0.004154,3.805514,0.000000,0.000000,3.824975,0.010563,0.000000,0.000745,0.000000,0.011308
754,0,0.000000,3.464831,0.115146,0.004077,3.584054,0.000000,0.000000,3.612015,0.008429,0.000000,0.000689,0.000000,0.009118
755,0,0.000000,3.586221,0.120825,0.004308,3.711354,0.000000,0.000000,3.726562,0.008256,0.000000,0.000412,0.000000,0.008668
756,0,0.000000,4.084583,0.201529,0.006957,4.293069,0.000000,0.000000,4.315343,0.008725,0.000000,0.001302,0.000000,0.010027
757,0,0.000000,4.235396,0.160832,0.004152,4.400380,0.000000,0.000000,4.425485,0.011732,0.000000,0.000681,0.000000,0.012413
758,0,0.000000,3.914872,0.199353,0.004015,4.118240,0.000000,0.000000,4.138893,0.009597,0.000000,0.000725,0.000000,0.010322
759,0,0.000000,3.625618,0.110690,0.004106,3.740414,0.000000,0.000000,3.759279,0.010166,0.000000,0.000763,0.000000,0.010929
760,0,0.000000,3.755226,0.200042,0.004036,3.959304,0.000000,0.000000,3.978015,0.009044,0.000000,0.000414,0.000000,0.009458
761,0,0.000000,3.618165,0.111533,0.004041,3.733739,0.000000,0.000000,3.754545,0.011421,0.000000,0.000738,0.000000,0.012159
762,0,0.000000,3.639772,0.150720,0.004517,3.795009,0.000000,0.000000,3.813538,0.009200,0.000000,0.000580,0.000000,0.009780
763,0,0.000000,3.900849,0.184776,0.004505,4.090130,0.000000,0.000000,4.109635,0.009887,0.000000,0.001243,0.000000,0.011130
764,0,0.000000,3.778941,0.189868,0.004052,3.972861,0.000000,0.000000,3.993599,0.010144,0.000000,0.000999,0.000000,0.011143
765,0,0.000000,3.631751,0.116902,0.003881,3.752534,0.000000,0.000000,3.770088,0.009779,0.000000,0.000438,0.000000,0.010217
766,0,0.000000,3.536921,0.113817,0.004061,3.654799,0.000000,0.000000,3.671227,0.009144,0.000000,0.000602,0.000000,0.009746
767,0,0.000000,4.264765,0.152936,0.004146,4.421847,0.000000,0.000000,4.452542,0.008827,0.000000,0.001455,0.000000,0.010282
768,0,0.000000,3.730737,0.199018,0.006847,3.936602,0.000000,0.000000,3.959534,0.010188,0.000000,0.001222,0.000000,0.011410
769,0,0.000000,4.246277,0.136060,0.004214,4.386551,0.000000,0.000000,4.413529,0.013391,0.000000,0.001347,0.000000,0.014738
770,0,0.000000,3.877806,0.199364,0.003827,4.080997,0.000000,0.000000,4.100789,0.009498,0.000000,0.000984,0.000000,0.010482
771,0,0.000000,4.016966,0.133645,0.004143,4.154754,0.000000,0.000000,4.176351,0.009493,0.000000,0.001331,0.000000,0.010824
772,0,0.000000,3.620831,0.114942,0.004209,3.739982,0.000000,0.000000,3.759607,0.009598,0.000000,0.000862,0.000000,0.010460
773,0,0.000000,3.613161,0.119236,0.004332,3.736729,0.000000,0.000000,3.753954,0.009036,0.000000,0.000946,0.000000,0.009982
774,0,0.000000,3.605762,0.123803,0.004193,3.733758,0.000000,0.000000,3.750965,0.008492,0.000000,0.000788,0.000000,0.009280
775,0,0.000000,4.140279,0.130594,0.004155,4.275028,0.000000,0.000000,4.296050,0.008815,0.000000,0.000859,0.000000,0.009674
776,0,0.000000,3.439065,0.115364,0.004067,3.558496,0.000000,0.000000,3.576612,0.009496,0.000000,0.000518,0.000000,0.010014
777,0,0.000000,3.372879,0.108340,0.004555,3.485774,0.000000,0.000000,3.499926,0.009072,0.000000,0.000475,0.000000,0.009547
778,0,0.000000,3.600477,0.153751,0.008636,3.762864,0.000000,0.000000,3.777431,0.007912,0.000000,0.000693,0.000000,0.008605
779,0,0.000000,3.770718,0.110479,0.003754,3.884951,0.000000,0.000000,3.903391,0.008103,0.000000,0.000588,0.000000,0.008691
780,0,0.000000,3.602587,0.215626,0.004228,3.822441,0.000000,0.000000,3.840994,0.008946,0.000000,0.000517,0.000000,0.009463
781,0,0.000000,3.489990,0.106518,0.003944,3.600452,0.000000,0.000000,3.615992,0.008939,0.000000,0.000498,0.000000,0.009437
782,0,0.000000,3.728357,0.127651,0.004308,3.860316,0.000000,0.000000,3.878114,0.008588,0.000000,0.000722,0.000000,0.009310
783,0,0.000000,3.649046,0.170445,0.003943,3.823434,0.000000,0.000000,3.843168,0.009798,0.000000,0.000766,0.000000,0.010564
784,0,0.000000,3.894464,0.128883,0.003931,4.027278,0.000000,0.000000,4.047894,0.009296,0.000000,0.000631,0.000000,0.009927
785,0,0.000000,3.510710,0.210982,0.003895,3.725587,0.000000,0.000000,3.742843,0.009171,0.000000,0.000689,0.000000,0.009860
786,0,0.000000,3.636219,0.154563,0.004341,3.795123,0.000000,0.000000,3.816123,0.009622,0.000000,0.001307,0.000000,0.010929
787,0,0.000000,3.839801,0.197769,0.004222,4.041792,0.000000,0.000000,4.064171,0.011674,0.000000,0.000799,0.000000,0.012473
788,0,0.000000,3.514687,0.212901,0.004534,3.732122,0.000000,0.000000,3.751147,0.010156,0.000000,0.000817,0.000000,0.010973
789,0,0.000000,3.474230,0.222024,0.003969,3.700223,0.000000,0.000000,3.714323,0.009071,0.000000,0.000433,0.000000,0.009504
790,0,0.000000,3.909377,0.165155,0.004135,4.078667,0.000000,0.000000,4.097218,0.008041,0.000000,0.000727,0.000000,0.008768
791,0,0.000000,3.525594,0.227157,0.003927,3.756678,0.000000,0.000000,3.774061,0.010447,0.000000,0.000596,0.000000,0.011043
792,0,0.000000,3.633838,0.221285,0.004163,3.859286,0.000000,0.000000,3.875347,0.008891,0.000000,0.000595,0.000000,0.009486
793,0,0.000000,3.511761,0.226212,0.003882,3.741855,0.000000,0.000000,3.756538,0.008990,0.000000,0.000529,0.000000,0.009519
794,0,0.000000,4.036195,0.163901,0.003956,4.204052,0.000000,0.000000,4.224845,0.007956,0.000000,0.001088,0.000000,0.009044
795,0,0.000000,3.537435,0.139915,0.003931,3.681281,0.000000,0.000000,3.698345,0.009909,0.000000,0.000468,0.000000,0.010377
796,0,0.000000,3.490360,0.174146,0.003899,3.668405,0.000000,0.000000,3.689835,0.015282,0.000000,0.000423,0.000000,0.015705
797,0,0.000000,3.496790,0.106186,0.003854,3.606830,0.000000,0.000000,3.620168,0.008631,0.000000,0.000448,0.000000,0.009079
798,0,0.000000,4.175235,0.198993,0.005266,4.379494,0.000000,0.000000,4.401734,0.008499,0.000000,0.000994,0.000000,0.009493
799,0,0.000000,4.456634,0.176220,0.003849,4.636703,0.000000,0.000000,4.659647,0.010691,0.000000,0.000777,0.000000,0.011468
800,0,0.000000,3.540963,0.186656,0.004067,3.731686,0.000000,0.000000,3.748274,0.009480,0.000000,0.000537,0.000000,0.010017
801,0,0.000000,3.498486,0.117411,0.003851,3.619748,0.000000,0.000000,3.638371,0.010201,0.000000,0.001115,0.000000,0.011316
802,0,0.000000,3.959719,0.174245,0.004136,4.138100,0.000000,0.000000,4.155338,0.009008,0.000000,0.000635,0.000000,0.009643
803,0,0.000000,3.496801,0.138064,0.003777,3.638642,0.000000,0.000000,3.654096,0.008509,0.000000,0.000471,0.000000,0.008980
804,0,0.000000,3.526339,0.123125,0.004025,3.653489,0.000000,0.000000,3.669380,0.008704,0.000000,0.000539,0.000000,0.009243
805,0,0.000000,3.649411,0.134848,0.003799,3.788058,0.000000,0.000000,3.804489,0.008826,0.000000,0.000777,0.000000,0.009603
806,0,0.000000,3.647942,0.127640,0.003855,3.779437,0.000000,0.000000,3.797972,0.009184,0.000000,0.000685,0.000000,0.009869
807,0,0.000000,3.631160,0.199600,0.006450,3.837210,0.000000,0.000000,3.857326,0.009501,0.000000,0.000781,0.000000,0.010282
808,0,0.000000,3.582088,0.114786,0.004179,3.701053,0.000000,0.000000,3.755875,0.008933,0.000000,0.000590,0.000000,0.009523
809,0,0.000000,3.496333,0.111359,0.004115,3.611807,0.000000,0.000000,3.627024,0.008290,0.000000,0.000469,0.000000,0.008759
810,0,0.000000,3.797582,0.161189,0.004043,3.962814,0.000000,0.000000,3.983019,0.009303,0.000000,0.001291,0.000000,0.010594
811,0,0.000000,3.425682,0.116730,0.004176,3.546588,0.000000,0.000000,3.565382,0.009927,0.000000,0.001056,0.000000,0.010983
812,0,0.000000,4.065976,0.111793,0.003938,4.181707,0.000000,0.000000,4.199918,0.008493,0.000000,0.000543,0.000000,0.009036
813,0,0.000000,3.531090,0.108986,0.003779,3.643855,0.000000,0.000000,3.659919,0.008219,0.000000,0.000434,0.000000,0.008653
814,0,0.000000,4.246560,0.164067,0.004027,4.414654,0.000000,0.000000,4.435118,0.008052,0.000000,0.001239,0.000000,0.009291
815,0,0.000000,4.616819,0.217561,0.005208,4.839588,0.000000,0.000000,4.868253,0.011513,0.000000,0.001850,0.000000,0.013363
816,0,0.000000,4.641278,0.156253,0.004278,4.801809,0.000000,0.000000,4.832927,0.014332,0.000000,0.001439,0.000000,0.015771
817,0,0.000000,5.693711,0.175956,0.004421,5.874088,0.000000,0.000000,5.902944,0.010427,0.000000,0.002235,0.000000,0.012662
818,0,0.000000,5.829099,0.206894,0.005287,6.041280,0.000000,0.000000,6.072095,0.010891,0.000000,0.001906,0.000000,0.012797
819,0,0.000000,6.431289,0.179470,0.004918,6.615677,0.000000,0.000000,6.645628,0.011338,0.000000,0.002286,0.000000,0.013624
820,0,0.000000,6.504369,0.182625,0.004108,6.691102,0.000000,0.000000,6.738046,0.012774,0.000000,0.002074,0.000000,0.014848
821,0,0.000000,5.455671,0.241015,0.006034,5.702720,0.000000,0.000000,5.733324,0.011024,0.000000,0.002005,0.000000,0.013029
822,0,0.000000,6.029458,0.209879,0.004631,6.243968,0.000000,0.000000,6.277808,0.014353,0.000000,0.001809,0.000000,0.016162
823,0,0.000000,5.812925,0.240357,0.005236,6.058518,0.000000,0.000000,6.090593,0.011253,0.000000,0.002817,0.000000,0.014070
824,0,0.000000,5.260617,0.174752,0.004371,5.439740,0.000000,0.000000,5.473440,0.013988,0.000000,0.001511,0.000000,0.015499
825,0,0.000000,4.713590,0.156393,0.004257,4.874240,0.000000,0.000000,4.903619,0.010943,0.000000,0.001862,0.000000,0.012805
826,0,0.000000,4.287556,0.141290,0.004380,4.433226,0.000000,0.000000,4.460213,0.010658,0.000000,0.001416,0.000000,0.012074
827,0,0.000000,4.968140,0.231606,0.008881,5.208627,0.000000,0.000000,5.236020,0.010614,0.000000,0.002034,0.000000,0.012648
828,0,0.000000,5.571666,0.182752,0.004209,5.758627,0.000000,0.000000,5.787320,0.012960,0.000000,0.001678,0.000000,0.014638
829,0,0.000000,5.307112,0.170356,0.004474,5.481942,0.000000,0.000000,5.509943,0.011325,0.000000,0.002077,0.000000,0.013402
830,0,0.000000,5.524438,0.173284,0.004521,5.702243,0.000000,0.000000,5.730737,0.011262,0.000000,0.001742,0.000000,0.013004
831,0,0.000000,4.933777,0.143641,0.004066,5.081484,0.000000,0.000000,5.109295,0.011309,0.000000,0.001434,0.000000,0.012743
832,0,0.000000,4.746820,0.226858,0.062943,5.036621,0.000000,0.000000,5.066133,0.010550,0.000000,0.002091,0.000000,0.012641
833,0,0.000000,5.768399,0.158475,0.004086,5.930960,0.000000,0.000000,5.963875,0.015084,0.000000,0.001983,0.000000,0.017067
834,0,0.000000,5.054903,0.154176,0.004759,5.213838,0.000000,0.000000,5.241539,0.010514,0.000000,0.001886,0.000000,0.012400
835,0,0.000000,5.575874,0.210924,0.005589,5.792387,0.000000,0.000000,5.823855,0.010957,0.000000,0.002213,0.000000,0.013170
836,0,0.000000,5.320180,0.157794,0.004497,5.482471,0.000000,0.000000,5.514918,0.014936,0.000000,0.001447,0.000000,0.016383
837,0,0.000000,4.965057,0.152298,0.004608,5.121963,0.000000,0.000000,5.150649,0.011844,0.000000,0.001273,0.000000,0.013117
838,0,0.000000,5.144193,0.160086,0.004381,5.308660,0.000000,0.000000,5.336422,0.011284,0.000000,0.001483,0.000000,0.012767
839,0,0.000000,4.850496,0.166290,0.004394,5.021180,0.000000,0.000000,5.051031,0.011553,0.000000,0.001871,0.000000,0.013424
840,0,0.000000,4.774730,0.143532,0.004542,4.922804,0.000000,0.000000,4.950854,0.012009,0.000000,0.001695,0.000000,0.013704
841,0,0.000000,4.659593,0.223813,0.006438,4.889844,0.000000,0.000000,4.920858,0.011099,0.000000,0.002424,0.000000,0.013523
842,0,0.000000,4.783496,0.154674,0.004764,4.942934,0.000000,0.000000,4.975680,0.013855,0.000000,0.001574,0.000000,0.015429
843,0,0.000000,4.417575,0.168749,0.004165,4.590489,0.000000,0.000000,4.616670,0.010801,0.000000,0.002163,0.000000,0.012964
844,0,0.000000,5.159669,0.197915,0.005300,5.362884,0.000000,0.000000,5.394270,0.012132,0.000000,0.001930,0.000000,0.014062
845,0,0.000000,5.651737,0.173164,0.004411,5.829312,0.000000,0.000000,5.859940,0.011696,0.000000,0.001784,0.000000,0.013480
846,0,0.000000,4.855732,0.139293,0.004186,4.999211,0.000000,0.000000,5.026337,0.011286,0.000000,0.001436,0.000000,0.012722
847,0,0.000000,4.157894,0.148917,0.003990,4.310801,0.000000,0.000000,4.337302,0.011048,0.000000,0.001830,0.000000,0.012878
848,0,0.000000,3.877343,0.137627,0.004106,4.019076,0.000000,0.000000,4.043770,0.011294,0.000000,0.001363,0.000000,0.012657
849,0,0.000000,3.833324,0.156813,0.004055,3.994192,0.000000,0.000000,4.020188,0.010416,0.000000,0.001736,0.000000,0.012152
850,0,0.000000,3.817413,0.137963,0.004690,3.960066,0.000000,0.000000,3.984219,0.010145,0.000000,0.001438,0.000000,0.011583
851,0,0.000000,4.002109,0.153672,0.004319,4.160100,0.000000,0.000000,4.187140,0.011527,0.000000,0.001394,0.000000,0.012921
852,0,0.000000,3.758842,0.149392,0.004409,3.912643,0.000000,0.000000,3.936812,0.010165,0.000000,0.001609,0.000000,0.011774
853,0,0.000000,4.118251,0.145352,0.004139,4.267742,0.000000,0.000000,4.294267,0.011090,0.000000,0.001415,0.000000,0.012505
854,0,0.000000,3.989802,0.139836,0.003943,4.133581,0.000000,0.000000,4.158848,0.010517,0.000000,0.001511,0.000000,0.012028
855,0,0.000000,3.871321,0.150488,0.004215,4.026024,0.000000,0.000000,4.049360,0.009849,0.000000,0.001541,0.000000,0.011390
856,0,0.000000,4.317401,0.142239,0.004266,4.463906,0.000000,0.000000,4.488852,0.011298,0.000000,0.001304,0.000000,0.012602
857,0,0.000000,4.155975,0.166882,0.004098,4.326955,0.000000,0.000000,4.355045,0.010374,0.000000,0.001876,0.000000,0.012250
858,0,0.000000,4.384997,0.165129,0.004294,4.554420,0.000000,0.000000,4.581849,0.010739,0.000000,0.001664,0.000000,0.012403
859,0,0.000000,4.295222,0.162729,0.004301,4.462252,0.000000,0.000000,4.490827,0.011207,0.000000,0.001653,0.000000,0.012860
860,0,0.000000,3.897372,0.140615,0.004064,4.042051,0.000000,0.000000,4.069086,0.011371,0.000000,0.001454,0.000000,0.012825
861,0,0.000000,3.814154,0.156587,0.004135,3.974876,0.000000,0.000000,3.998636,0.009642,0.000000,0.001567,0.000000,0.011209
862,0,0.000000,3.678820,0.137771,0.004117,3.820708,0.000000,0.000000,3.845814,0.011200,0.000000,0.001563,0.000000,0.012763
863,0,0.000000,3.955862,0.149955,0.004213,4.110030,0.000000,0.000000,4.133094,0.009800,0.000000,0.001504,0.000000,0.011304
864,0,0.000000,3.586112,0.133260,0.004057,3.723429,0.000000,0.000000,3.747186,0.009884,0.000000,0.001713,0.000000,0.011597
865,0,0.000000,4.054933,0.157438,0.004050,4.216421,0.000000,0.000000,4.241662,0.010960,0.000000,0.001623,0.000000,0.012583
866,0,0.000000,3.807315,0.140823,0.004123,3.952261,0.000000,0.000000,3.977848,0.011186,0.000000,0.001491,0.000000,0.012677
867,0,0.000000,3.780239,0.177446,0.004216,3.961901,0.000000,0.000000,3.983068,0.009297,0.000000,0.001057,0.000000,0.010354
868,0,0.000000,3.936913,0.276538,0.006250,4.219701,0.000000,0.000000,4.246845,0.010127,0.000000,0.001679,0.000000,0.011806
869,0,0.000000,5.736939,0.149888,0.004218,5.891045,0.000000,0.000000,5.924831,0.017078,0.000000,0.001214,0.000000,0.018292
870,0,0.000000,4.628757,0.155246,0.004267,4.788270,0.000000,0.000000,4.816532,0.011031,0.000000,0.001627,0.000000,0.012658
871,0,0.000000,4.050504,0.175957,0.004565,4.231026,0.000000,0.000000,4.258763,0.011155,0.000000,0.001356,0.000000,0.012511
872,0,0.000000,4.213740,0.146624,0.004305,4.364669,0.000000,0.000000,4.389765,0.011039,0.000000,0.001608,0.000000,0.012647
873,0,0.000000,3.774477,0.142793,0.004332,3.921602,0.000000,0.000000,3.946356,0.010759,0.000000,0.001272,0.000000,0.012031
874,0,0.000000,3.895749,0.151684,0.005688,4.053121,0.000000,0.000000,4.087733,0.009671,0.000000,0.001189,0.000000,0.010860
875,0,0.000000,3.820808,0.137581,0.004107,3.962496,0.000000,0.000000,3.988081,0.010735,0.000000,0.001205,0.000000,0.011940
876,0,0.000000,3.788311,0.133506,0.004443,3.926260,0.000000,0.000000,3.950300,0.009991,0.000000,0.001436,0.000000,0.011427
877,0,0.000000,3.626494,0.126196,0.003883,3.756573,0.000000,0.000000,3.781807,0.011348,0.000000,0.001617,0.000000,0.012965
878,0,0.000000,3.671207,0.123288,0.004072,3.798567,0.000000,0.000000,3.821575,0.010775,0.000000,0.001332,0.000000,0.012107
879,0,0.000000,3.899120,0.149796,0.004663,4.053579,0.000000,0.000000,4.079189,0.010672,0.000000,0.001653,0.000000,0.012325
880,0,0.000000,3.561951,0.221661,0.009138,3.792750,0.000000,0.000000,3.814477,0.010203,0.000000,0.001620,0.000000,0.011823
881,0,0.000000,3.874769,0.135787,0.004331,4.014887,0.000000,0.000000,4.037556,0.010678,0.000000,0.001368,0.000000,0.012046
882,0,0.000000,3.535733,0.122273,0.004340,3.662346,0.000000,0.000000,3.683520,0.010973,0.000000,0.001464,0.000000,0.012437
883,0,0.000000,3.456575,0.121879,0.003811,3.582265,0.000000,0.000000,3.601283,0.009611,0.000000,0.001366,0.000000,0.010977
884,0,0.000000,3.746711,0.138161,0.003962,3.888834,0.000000,0.000000,3.909455,0.009604,0.000000,0.001379,0.000000,0.010983
885,0,0.000000,3.456055,0.193884,0.004238,3.654177,0.000000,0.000000,3.673881,0.009838,0.000000,0.001358,0.000000,0.011196
886,0,0.000000,3.381330,0.132047,0.004136,3.517513,0.000000,0.000000,3.535898,0.008863,0.000000,0.001429,0.000000,0.010292
887,0,0.000000,3.524425,0.142437,0.004200,3.671062,0.000000,0.000000,3.729651,0.048023,0.000000,0.001145,0.000000,0.049168
888,0,0.000000,3.367917,0.172916,0.003970,3.544803,0.000000,0.000000,3.564523,0.009797,0.000000,0.001107,0.000000,0.010904
889,0,0.000000,3.324165,0.152419,0.003668,3.480252,0.000000,0.000000,3.498396,0.009040,0.000000,0.001246,0.000000,0.010286
890,0,0.000000,3.322656,0.141043,0.003674,3.467373,0.000000,0.000000,3.485241,0.008760,0.000000,0.001037,0.000000,0.009797
891,0,0.000000,6.461844,0.168459,0.004571,6.634874,0.000000,0.000000,6.656255,0.008656,0.000000,0.001439,0.000000,0.010095
892,0,0.000000,4.253041,0.124206,0.003852,4.381099,0.000000,0.000000,4.405321,0.011731,0.000000,0.001409,0.000000,0.013140
893,0,0.000000,3.376786,0.139513,0.003703,3.520002,0.000000,0.000000,3.539116,0.009209,0.000000,0.001190,0.000000,0.010399
894,0,0.000000,3.573853,0.142149,0.003835,3.719837,0.000000,0.000000,3.741744,0.009024,0.000000,0.001288,0.000000,0.010312
895,0,0.000000,3.449823,0.142755,0.003842,3.596420,0.000000,0.000000,3.616923,0.010747,0.000000,0.001215,0.000000,0.011962
896,0,0.000000,3.482557,0.136650,0.003983,3.623190,0.000000,0.000000,3.642857,0.008968,0.000000,0.000899,0.000000,0.009867
897,0,0.000000,3.405617,0.170915,0.003891,3.580423,0.000000,0.000000,3.599440,0.009006,0.000000,0.000844,0.000000,0.009850
898,0,0.000000,3.644026,0.151587,0.003771,3.799384,0.000000,0.000000,3.820351,0.008705,0.000000,0.001339,0.000000,0.010044
899,0,0.000000,3.382285,0.141018,0.003678,3.526981,0.000000,0.000000,3.545276,0.009144,0.000000,0.001177,0.000000,0.010321
900,0,0.000000,3.317436,0.141185,0.003757,3.462378,0.000000,0.000000,3.480120,0.009069,0.000000,0.001396,0.000000,0.010465
901,0,0.000000,3.359959,0.138405,0.003659,3.502023,0.000000,0.000000,3.518686,0.008448,0.000000,0.001067,0.000000,0.009515
902,0,0.000000,3.673818,0.123459,0.003766,3.801043,0.000000,0.000000,3.820868,0.008243,0.000000,0.001355,0.000000,0.009598
903,0,0.000000,3.569166,0.116740,0.003843,3.689749,0.000000,0.000000,3.708308,0.008808,0.000000,0.001066,0.000000,0.009874
904,0,0.000000,3.471159,0.145633,0.003944,3.620736,0.000000,0.000000,3.639577,0.009205,0.000000,0.000869,0.000000,0.010074
905,0,0.000000,3.587579,0.199243,0.003914,3.790736,0.000000,0.000000,3.808524,0.008828,0.000000,0.000945,0.000000,0.009773
906,0,0.000000,3.769857,0.165341,0.004402,3.939600,0.000000,0.000000,3.961114,0.009976,0.000000,0.001233,0.000000,0.011209
907,0,0.000000,3.865302,0.186076,0.003952,4.055330,0.000000,0.000000,4.074341,0.009658,0.000000,0.000805,0.000000,0.010463
908,0,0.000000,3.672503,0.206515,0.004096,3.883114,0.000000,0.000000,3.901949,0.009820,0.000000,0.000834,0.000000,0.010654
909,0,0.000000,3.669372,0.218664,0.004010,3.892046,0.000000,0.000000,3.908434,0.009260,0.000000,0.000438,0.000000,0.009698
910,0,0.000000,4.173813,0.158152,0.003994,4.335959,0.000000,0.000000,4.356162,0.009137,0.000000,0.000898,0.000000,0.010035
911,0,0.000000,3.342580,0.148018,0.004209,3.494807,0.000000,0.000000,3.513289,0.009053,0.000000,0.000643,0.000000,0.009696
912,0,0.000000,3.761147,0.148773,0.003837,3.913757,0.000000,0.000000,3.934754,0.009655,0.000000,0.000850,0.000000,0.010505
913,0,0.000000,3.402785,0.180569,0.003946,3.587300,0.000000,0.000000,3.605828,0.009636,0.000000,0.000727,0.000000,0.010363
914,0,0.000000,4.071953,0.148491,0.004010,4.224454,0.000000,0.000000,4.245491,0.009036,0.000000,0.001139,0.000000,0.010175
915,0,0.000000,4.036463,0.145151,0.003971,4.185585,0.000000,0.000000,4.208768,0.010410,0.000000,0.001369,0.000000,0.011779
916,0,0.000000,3.732582,0.146375,0.004307,3.883264,0.000000,0.000000,3.906676,0.011225,0.000000,0.001016,0.000000,0.012241
917,0,0.000000,3.367346,0.222273,0.003608,3.593227,0.000000,0.000000,3.612167,0.009957,0.000000,0.000783,0.000000,0.010740
918,0,0.000000,3.853614,0.183427,0.003966,4.041007,0.000000,0.000000,4.059064,0.007583,0.000000,0.000839,0.000000,0.008422
919,0,0.000000,3.546051,0.207333,0.003989,3.757373,0.000000,0.000000,3.775800,0.008664,0.000000,0.000734,0.000000,0.009398
920,0,0.000000,3.524453,0.106545,0.004410,3.635408,0.000000,0.000000,3.653098,0.008651,0.000000,0.000499,0.000000,0.009150
921,0,0.000000,3.557495,0.106626,0.004005,3.668126,0.000000,0.000000,3.684112,0.008987,0.000000,0.000542,0.000000,0.009529
922,0,0.000000,3.856592,0.186977,0.004022,4.047591,0.000000,0.000000,4.068246,0.008412,0.000000,0.001206,0.000000,0.009618
923,0,0.000000,3.252319,0.125958,0.003848,3.382125,0.000000,0.000000,3.399609,0.009675,0.000000,0.000653,0.000000,0.010328
924,0,0.000000,3.207105,0.150078,0.004000,3.361183,0.000000,0.000000,3.377507,0.009192,0.000000,0.000878,0.000000,0.010070
925,0,0.000000,3.193453,0.129463,0.004124,3.327040,0.000000,0.000000,3.346195,0.008574,0.000000,0.000658,0.000000,0.009232
926,0,0.000000,3.278208,0.207019,0.004047,3.489274,0.000000,0.000000,3.504484,0.008095,0.000000,0.000588,0.000000,0.008683
927,0,0.000000,3.722255,0.130133,0.003874,3.856262,0.000000,0.000000,3.873970,0.008714,0.000000,0.001282,0.000000,0.009996
928,0,0.000000,3.525188,0.105597,0.003804,3.634589,0.000000,0.000000,3.651458,0.009099,0.000000,0.000494,0.000000,0.009593
929,0,0.000000,3.500065,0.223760,0.003863,3.727688,0.000000,0.000000,3.745368,0.009602,0.000000,0.000814,0.000000,0.010416
930,0,0.000000,3.932028,0.195634,0.004426,4.132088,0.000000,0.000000,4.150592,0.008982,0.000000,0.000675,0.000000,0.009657
931,0,0.000000,3.722775,0.225697,0.004227,3.952699,0.000000,0.000000,3.971945,0.010039,0.000000,0.000862,0.000000,0.010901
932,0,0.000000,3.882941,0.156595,0.004462,4.043998,0.000000,0.000000,4.063522,0.009734,0.000000,0.001538,0.000000,0.011272
933,0,0.000000,3.731353,0.229521,0.003862,3.964736,0.000000,0.000000,3.985795,0.009688,0.000000,0.000716,0.000000,0.010404
934,0,0.000000,4.009266,0.122045,0.004191,4.135502,0.000000,0.000000,4.155773,0.009193,0.000000,0.000581,0.000000,0.009774
935,0,0.000000,3.825004,0.235102,0.004151,4.064257,0.000000,0.000000,4.083518,0.010027,0.000000,0.000815,0.000000,0.010842
936,0,0.000000,3.634730,0.112901,0.004752,3.752383,0.000000,0.000000,3.774468,0.009589,0.000000,0.001519,0.000000,0.011108
937,0,0.000000,3.963547,0.147258,0.004047,4.114852,0.000000,0.000000,4.139753,0.012103,0.000000,0.000954,0.000000,0.013057
938,0,0.000000,3.647306,0.137505,0.004292,3.789103,0.000000,0.000000,3.810110,0.009509,0.000000,0.001202,0.000000,0.010711
939,0,0.000000,3.748827,0.155571,0.004128,3.908526,0.000000,0.000000,3.932141,0.011249,0.000000,0.001384,0.000000,0.012633
940,0,0.000000,4.100987,0.151281,0.004155,4.256423,0.000000,0.000000,4.278963,0.011260,0.000000,0.000982,0.000000,0.012242
941,0,0.000000,3.676372,0.156035,0.004054,3.836461,0.000000,0.000000,3.856102,0.010272,0.000000,0.001106,0.000000,0.011378
942,0,0.000000,3.881527,0.130039,0.003945,4.015511,0.000000,0.000000,4.036709,0.010073,0.000000,0.001252,0.000000,0.011325
943,0,0.000000,4.181834,0.198296,0.007598,4.387728,0.000000,0.000000,4.410083,0.009884,0.000000,0.001326,0.000000,0.011210
944,0,0.000000,4.124393,0.179729,0.009988,4.314110,0.000000,0.000000,4.337895,0.012826,0.000000,0.000940,0.000000,0.013766
945,0,0.000000,3.987131,0.126489,0.004135,4.117755,0.000000,0.000000,4.158984,0.031395,0.000000,0.000633,0.000000,0.032028
946,0,0.000000,3.742980,0.130698,0.004097,3.877775,0.000000,0.000000,3.894992,0.009317,0.000000,0.000694,0.000000,0.010011
947,0,0.000000,3.994601,0.142064,0.004555,4.141220,0.000000,0.000000,4.164009,0.010633,0.000000,0.001312,0.000000,0.011945
948,0,0.000000,4.674022,0.245858,0.008042,4.927922,0.000000,0.000000,4.952953,0.011899,0.000000,0.001338,0.000000,0.013237
949,0,0.000000,4.091562,0.130028,0.003864,4.225454,0.000000,0.000000,4.247063,0.011209,0.000000,0.001158,0.000000,0.012367
950,0,0.000000,3.689330,0.132944,0.003961,3.826235,0.000000,0.000000,3.847356,0.009468,0.000000,0.001382,0.000000,0.010850
951,0,0.000000,3.392765,0.200854,0.004183,3.597802,0.000000,0.000000,3.616845,0.009914,0.000000,0.001216,0.000000,0.011130
952,0,0.000000,3.455688,0.128300,0.004205,3.588193,0.000000,0.000000,3.608379,0.008812,0.000000,0.001048,0.000000,0.009860
953,0,0.000000,3.473145,0.107377,0.004095,3.584617,0.000000,0.000000,3.599962,0.008926,0.000000,0.000468,0.000000,0.009394
954,0,0.000000,3.603326,0.164463,0.006747,3.774536,0.000000,0.000000,3.791891,0.008268,0.000000,0.000495,0.000000,0.008763
955,0,0.000000,3.457288,0.117688,0.003675,3.578651,0.000000,0.000000,3.594579,0.008003,0.000000,0.000481,0.000000,0.008484
956,0,0.000000,3.517695,0.182639,0.004279,3.704613,0.000000,0.000000,3.723189,0.008236,0.000000,0.001110,0.000000,0.009346
957,0,0.000000,3.393739,0.149086,0.003898,3.546723,0.000000,0.000000,3.566371,0.009986,0.000000,0.001285,0.000000,0.011271
958,0,0.000000,3.486618,0.190352,0.003809,3.680779,0.000000,0.000000,3.701758,0.008871,0.000000,0.000957,0.000000,0.009828
959,0,0.000000,3.510327,0.203427,0.003614,3.717368,0.000000,0.000000,3.735635,0.008491,0.000000,0.001004,0.000000,0.009495
960,0,0.000000,3.568594,0.183368,0.003820,3.755782,0.000000,0.000000,3.775952,0.009428,0.000000,0.000902,0.000000,0.010330
961,0,0.000000,3.462764,0.107826,0.003969,3.574559,0.000000,0.000000,3.593524,0.009905,0.000000,0.000853,0.000000,0.010758
962,0,0.000000,3.515069,0.141560,0.004626,3.661255,0.000000,0.000000,3.681294,0.008428,0.000000,0.000923,0.000000,0.009351
963,0,0.000000,3.974705,0.135817,0.003968,4.114490,0.000000,0.000000,4.134563,0.009184,0.000000,0.001201,0.000000,0.010385
964,0,0.000000,4.145008,0.142065,0.004061,4.291134,0.000000,0.000000,4.312596,0.008908,0.000000,0.001245,0.000000,0.010153
965,0,0.000000,3.571860,0.207852,0.003946,3.783658,0.000000,0.000000,3.803616,0.009640,0.000000,0.001003,0.000000,0.010643
966,0,0.000000,3.402577,0.209529,0.003866,3.615972,0.000000,0.000000,3.633649,0.008514,0.000000,0.000872,0.000000,0.009386
967,0,0.000000,3.391830,0.119009,0.004008,3.514847,0.000000,0.000000,3.531486,0.008663,0.000000,0.000958,0.000000,0.009621
968,0,0.000000,3.624688,0.142595,0.003768,3.771051,0.000000,0.000000,3.793303,0.009444,0.000000,0.001037,0.000000,0.010481
969,0,0.000000,3.584376,0.123129,0.004126,3.711631,0.000000,0.000000,3.731570,0.009599,0.000000,0.001228,0.000000,0.010827
970,0,0.000000,3.420395,0.165391,0.003829,3.589615,0.000000,0.000000,3.606698,0.008770,0.000000,0.000962,0.000000,0.009732
971,0,0.000000,3.509236,0.099261,0.003952,3.612449,0.000000,0.000000,3.627356,0.008218,0.000000,0.000670,0.000000,0.008888
972,0,0.000000,3.711788,0.143894,0.004291,3.859973,0.000000,0.000000,3.879955,0.007897,0.000000,0.001289,0.000000,0.009186
973,0,0.000000,3.594036,0.116301,0.003807,3.714144,0.000000,0.000000,3.731078,0.009241,0.000000,0.000591,0.000000,0.009832
974,0,0.000000,3.342599,0.113243,0.003982,3.459824,0.000000,0.000000,3.476705,0.009489,0.000000,0.000792,0.000000,0.010281
975,0,0.000000,3.486399,0.216952,0.003731,3.707082,0.000000,0.000000,3.723980,0.009119,0.000000,0.000487,0.000000,0.009606
976,0,0.000000,3.723657,0.148499,0.004200,3.876356,0.000000,0.000000,3.896648,0.007983,0.000000,0.000978,0.000000,0.008961
977,0,0.000000,3.835605,0.140375,0.004108,3.980088,0.000000,0.000000,4.001383,0.010339,0.000000,0.001509,0.000000,0.011848
978,0,0.000000,3.746624,0.140457,0.004283,3.891364,0.000000,0.000000,3.925689,0.023255,0.000000,0.001135,0.000000,0.024390
979,0,0.000000,3.919066,0.144010,0.003843,4.066919,0.000000,0.000000,4.089709,0.011237,0.000000,0.001286,0.000000,0.012523
980,0,0.000000,4.228080,0.167075,0.004319,4.399474,0.000000,0.000000,4.423359,0.010215,0.000000,0.001314,0.000000,0.011529
981,0,0.000000,3.532067,0.222615,0.004199,3.758881,0.000000,0.000000,3.781069,0.010442,0.000000,0.001189,0.000000,0.011631
982,0,0.000000,3.304356,0.209972,0.004061,3.518389,0.000000,0.000000,3.538394,0.007935,0.000000,0.001727,0.000000,0.009662
983,0,0.000000,3.400687,0.209724,0.004170,3.614581,0.000000,0.000000,3.633528,0.008970,0.000000,0.001385,0.000000,0.010355
984,0,0.000000,3.389934,0.126712,0.003994,3.520640,0.000000,0.000000,3.549281,0.008711,0.000000,0.001341,0.000000,0.010052
985,0,0.000000,3.398062,0.222653,0.004061,3.624776,0.000000,0.000000,3.644752,0.009647,0.000000,0.002040,0.000000,0.011687
986,0,0.000000,3.275938,0.113568,0.003981,3.393487,0.000000,0.000000,3.410234,0.008395,0.000000,0.000894,0.000000,0.009289
987,0,0.000000,3.426169,0.113819,0.004320,3.544308,0.000000,0.000000,3.559407,0.008674,0.000000,0.000582,0.000000,0.009256
988,0,0.000000,3.697705,0.133648,0.004186,3.835539,0.000000,0.000000,3.856948,0.008444,0.000000,0.001331,0.000000,0.009775
989,0,0.000000,3.561466,0.111386,0.004060,3.676912,0.000000,0.000000,3.696639,0.009454,0.000000,0.000726,0.000000,0.010180
990,0,0.000000,3.273839,0.102574,0.004185,3.380598,0.000000,0.000000,3.396958,0.009171,0.000000,0.000389,0.000000,0.009560
991,0,0.000000,3.641154,0.180287,0.003717,3.825158,0.000000,0.000000,3.843880,0.008094,0.000000,0.000804,0.000000,0.008898
992,0,0.000000,3.440968,0.132351,0.003908,3.577227,0.000000,0.000000,3.599538,0.008438,0.000000,0.000743,0.000000,0.009181
993,0,0.000000,3.751416,0.202083,0.004445,3.957944,0.000000,0.000000,3.976865,0.009964,0.000000,0.000722,0.000000,0.010686
994,0,0.000000,3.500445,0.229644,0.004111,3.734200,0.000000,0.000000,3.751679,0.009145,0.000000,0.000852,0.000000,0.009997
995,0,0.000000,3.593587,0.220547,0.004302,3.818436,0.000000,0.000000,3.838289,0.010185,0.000000,0.000836,0.000000,0.011021
996,0,0.000000,3.765529,0.137139,0.004015,3.906683,0.000000,0.000000,3.927652,0.009383,0.000000,0.001088,0.000000,0.010471
997,0,0.000000,4.080926,0.143886,0.004108,4.228920,0.000000,0.000000,4.250343,0.009354,0.000000,0.000972,0.000000,0.010326
998,0,0.000000,3.358631,0.195674,0.004250,3.558555,0.000000,0.000000,3.577273,0.009630,0.000000,0.000907,0.000000,0.010537
999,0,0.000000,3.326308,0.212914,0.004234,3.543456,0.000000,0.000000,3.560356,0.009406,0.000000,0.000671,0.000000,0.010077
1000,0,0.000000,3.483621,0.135197,0.004241,3.623059,0.000000,0.000000,3.641051,0.008856,0.000000,0.000935,0.000000,0.009791
1001,0,0.000000,3.618826,0.134844,0.003751,3.757421,0.000000,0.000000,3.775990,0.009231,0.000000,0.000673,0.000000,0.009904
1002,0,0.000000,3.256395,0.115204,0.004534,3.376133,0.000000,0.000000,3.397221,0.009244,0.000000,0.001632,0.000000,0.010876
1003,0,0.000000,3.281473,0.220260,0.003611,3.505344,0.000000,0.000000,3.523475,0.011037,0.000000,0.000499,0.000000,0.011536
1004,0,0.000000,3.386799,0.167975,0.004821,3.559595,0.000000,0.000000,3.573045,0.008400,0.000000,0.000547,0.000000,0.008947
1005,0,0.000000,4.477137,0.154987,0.004350,4.636474,0.000000,0.000000,4.661293,0.010166,0.000000,0.001277,0.000000,0.011443
1006,0,0.000000,3.473392,0.104749,0.004060,3.582201,0.000000,0.000000,3.599734,0.010049,0.000000,0.000602,0.000000,0.010651
1007,0,0.000000,3.373463,0.192576,0.003743,3.569782,0.000000,0.000000,3.586210,0.008719,0.000000,0.000549,0.000000,0.009268
1008,0,0.000000,3.238485,0.104501,0.003918,3.346904,0.000000,0.000000,3.361754,0.009072,0.000000,0.000534,0.000000,0.009606
1009,0,0.000000,3.400928,0.222923,0.003722,3.627573,0.000000,0.000000,3.649244,0.013851,0.000000,0.000575,0.000000,0.014426
1010,0,0.000000,3.361749,0.200176,0.003979,3.565904,0.000000,0.000000,3.581215,0.009060,0.000000,0.000626,0.000000,0.009686
1011,0,0.000000,3.373204,0.131130,0.003852,3.508186,0.000000,0.000000,3.523723,0.008873,0.000000,0.000564,0.000000,0.009437
1012,0,0.000000,3.328737,0.121370,0.003981,3.454088,0.000000,0.000000,3.469813,0.008487,0.000000,0.000533,0.000000,0.009020
1013,0,0.000000,3.571295,0.114904,0.003975,3.690174,0.000000,0.000000,3.707526,0.009048,0.000000,0.000697,0.000000,0.009745
1014,0,0.000000,3.285662,0.098953,0.003916,3.388531,0.000000,0.000000,3.402366,0.008899,0.000000,0.000325,0.000000,0.009224
1015,0,0.000000,3.293706,0.103789,0.003995,3.401490,0.000000,0.000000,3.414012,0.007228,0.000000,0.000547,0.000000,0.007775
1016,0,0.000000,3.596220,0.213223,0.004261,3.813704,0.000000,0.000000,3.829620,0.008068,0.000000,0.000682,0.000000,0.008750
1017,0,0.000000,4.075349,0.137451,0.003768,4.216568,0.000000,0.000000,4.239502,0.009557,0.000000,0.001494,0.000000,0.011051
1018,0,0.000000,3.496461,0.114391,0.004011,3.614863,0.000000,0.000000,3.633787,0.009231,0.000000,0.000803,0.000000,0.010034
1019,0,0.000000,3.414626,0.139166,0.004063,3.557855,0.000000,0.000000,3.576289,0.008869,0.000000,0.001020,0.000000,0.009889
1020,0,0.000000,3.365127,0.206803,0.003638,3.575568,0.000000,0.000000,3.597561,0.008401,0.000000,0.000758,0.000000,0.009159
1021,0,0.000000,3.297747,0.210475,0.003600,3.511822,0.000000,0.000000,3.527969,0.008267,0.000000,0.000567,0.000000,0.008834
1022,0,0.000000,3.282386,0.171442,0.003933,3.457761,0.000000,0.000000,3.473452,0.008531,0.000000,0.000607,0.000000,0.009138
1023,0,0.000000,3.244656,0.119744,0.003768,3.368168,0.000000,0.000000,3.384493,0.009146,0.000000,0.000513,0.000000,0.009659
1024,0,0.000000,3.252098,0.115625,0.003992,3.371715,0.000000,0.000000,3.385412,0.008468,0.000000,0.000457,0.000000,0.008925
1025,0,0.000000,3.443956,0.215436,0.003616,3.663008,0.000000,0.000000,3.681873,0.010703,0.000000,0.000673,0.000000,0.011376
1026,0,0.000000,3.318736,0.113557,0.004159,3.436452,0.000000,0.000000,3.451938,0.008414,0.000000,0.000584,0.000000,0.008998
1027,0,0.000000,3.348131,0.108096,0.003615,3.459842,0.000000,0.000000,3.475135,0.009517,0.000000,0.000433,0.000000,0.009950
1028,0,0.000000,3.293918,0.109928,0.003978,3.407824,0.000000,0.000000,3.421585,0.008003,0.000000,0.000396,0.000000,0.008399
1029,0,0.000000,3.533326,0.153543,0.003992,3.690861,0.000000,0.000000,3.708056,0.008337,0.000000,0.000834,0.000000,0.009171
1030,0,0.000000,3.317906,0.167863,0.004129,3.489898,0.000000,0.000000,3.505736,0.009136,0.000000,0.000682,0.000000,0.009818
1031,0,0.000000,3.293462,0.112227,0.003927,3.409616,0.000000,0.000000,3.425950,0.009315,0.000000,0.000588,0.000000,0.009903
1032,0,0.000000,3.274443,0.128997,0.004285,3.407725,0.000000,0.000000,3.421812,0.008933,0.000000,0.000579,0.000000,0.009512
1033,0,0.000000,3.367354,0.163226,0.003948,3.534528,0.000000,0.000000,3.547638,0.008027,0.000000,0.000439,0.000000,0.008466
1034,0,0.000000,3.959822,0.133129,0.004255,4.097206,0.000000,0.000000,4.115642,0.007995,0.000000,0.001020,0.000000,0.009015
1035,0,0.000000,3.332943,0.101885,0.003819,3.438647,0.000000,0.000000,3.454366,0.009189,0.000000,0.000431,0.000000,0.009620
1036,0,0.000000,3.342321,0.218196,0.003918,3.564435,0.000000,0.000000,3.578163,0.008122,0.000000,0.000445,0.000000,0.008567
1037,0,0.000000,3.251388,0.100541,0.004077,3.356006,0.000000,0.000000,3.369092,0.008309,0.000000,0.000344,0.000000,0.008653
1038,0,0.000000,3.487092,0.198244,0.003898,3.689234,0.000000,0.000000,3.705663,0.007936,0.000000,0.000774,0.000000,0.008710
1039,0,0.000000,3.345461,0.108004,0.003943,3.457408,0.000000,0.000000,3.473360,0.009673,0.000000,0.000506,0.000000,0.010179
1040,0,0.000000,3.254113,0.109561,0.003993,3.367667,0.000000,0.000000,3.381113,0.008173,0.000000,0.000377,0.000000,0.008550
1041,0,0.000000,3.375219,0.103943,0.003926,3.483088,0.000000,0.000000,3.495936,0.008451,0.000000,0.000431,0.000000,0.008882
1042,0,0.000000,3.629054,0.137463,0.003941,3.770458,0.000000,0.000000,3.786753,0.007380,0.000000,0.000787,0.000000,0.008167
1043,0,0.000000,3.424476,0.114880,0.004105,3.543461,0.000000,0.000000,3.559614,0.009768,0.000000,0.000616,0.000000,0.010384
1044,0,0.000000,3.359187,0.138866,0.003658,3.501711,0.000000,0.000000,3.515864,0.007848,0.000000,0.000770,0.000000,0.008618
1045,0,0.000000,3.629881,0.197918,0.003977,3.831776,0.000000,0.000000,3.850203,0.009206,0.000000,0.000834,0.000000,0.010040
1046,1,0.000000,4.009456,0.167946,0.004263,4.181665,0.000000,0.000000,4.202106,0.009100,0.000000,0.000902,0.000000,0.010002
1047,1,0.000000,3.505879,0.107826,0.004041,3.617746,0.000000,0.000000,3.635884,0.010866,0.000000,0.000715,0.000000,0.011581
1048,1,0.000000,3.418413,0.184924,0.004450,3.607787,0.000000,0.000000,3.624807,0.008735,0.000000,0.000630,0.000000,0.009365
1049,1,0.000000,3.903429,0.161598,0.007095,4.072122,0.000000,0.000000,4.093496,0.008793,0.000000,0.001017,0.000000,0.009810
1050,1,0.000000,4.661443,0.148234,0.004748,4.814425,0.000000,0.000000,4.865134,0.035711,0.000000,0.001300,0.000000,0.037011
1051,1,0.000000,4.407362,0.215259,0.006563,4.629184,0.000000,0.000000,4.656832,0.011011,0.000000,0.001504,0.000000,0.012515
1052,1,0.000000,4.214735,0.145566,0.004281,4.364582,0.000000,0.000000,4.411381,0.030906,0.000000,0.001333,0.000000,0.032239
1053,1,0.000000,3.793230,0.133324,0.003679,3.930233,0.000000,0.000000,3.953680,0.010707,0.000000,0.001140,0.000000,0.011847
1054,1,0.000000,3.520593,0.120643,0.004062,3.645298,0.000000,0.000000,3.665852,0.009742,0.000000,0.001139,0.000000,0.010881
1055,1,0.000000,3.490178,0.133417,0.004215,3.627810,0.000000,0.000000,3.648616,0.010278,0.000000,0.001027,0.000000,0.011305
1056,1,0.000000,3.756155,0.175732,0.004002,3.935889,0.000000,0.000000,3.958547,0.010361,0.000000,0.001203,0.000000,0.011564
