iteration,food_quantity,event_poll_ms,ants_advance_ms,evaporation_ms,update_ms,advance_total_ms,render_ms,blit_ms,iteration_total_ms,mpi_halo_exchange_ms,mpi_migration_ms,mpi_food_allreduce_ms,mpi_render_comm_ms,mpi_total_comm_ms
1,0,0.000000,11.528386,0.050431,0.001458,11.577300,0.000000,0.000000,12.446111,0.058998,3.676084,0.059114,0.000000,3.794196
2,0,0.000000,9.757346,1.409575,0.003760,9.799258,0.000000,0.000000,12.015429,0.028275,4.111121,1.784960,0.000000,4.525411
3,0,0.000000,15.629098,0.063576,0.001582,15.677556,0.000000,0.000000,16.808518,0.032047,9.637064,0.019227,0.000000,9.670731
4,0,0.000000,12.434885,0.066122,0.001721,12.467810,0.000000,0.000000,12.926475,0.038110,5.069593,0.033882,0.000000,5.115057
5,0,0.000000,10.133537,1.019206,0.001493,10.860988,0.000000,0.000000,11.494508,0.024624,1.979422,1.082363,0.000000,3.065651
6,0,0.000000,12.935510,0.073789,0.001690,12.997254,0.000000,0.000000,22.917869,0.033983,11.621657,0.104056,0.000000,11.719064
7,0,0.000000,12.931094,0.058737,0.002057,12.971363,0.000000,0.000000,13.446631,0.036159,6.771022,0.020473,0.000000,6.809839
8,0,0.000000,11.502041,0.057919,0.001604,11.541663,0.000000,0.000000,12.157310,0.052857,3.403536,0.023921,0.000000,3.443228
9,0,0.000000,10.227726,0.055111,0.001537,10.271031,0.000000,0.000000,10.638192,0.036104,2.629968,0.017698,0.000000,2.658099
10,0,0.000000,11.470106,0.062919,0.001685,11.496921,0.000000,0.000000,11.951651,0.023608,6.590587,0.042014,0.000000,6.612525
11,0,0.000000,11.428823,0.060786,0.001525,11.474598,0.000000,0.000000,11.824412,0.022409,4.600811,0.014681,0.000000,4.637901
12,0,0.000000,12.045693,0.058469,0.001633,12.092723,0.000000,0.000000,12.429712,0.021327,4.224304,0.022081,0.000000,4.247486
13,0,0.000000,11.866057,0.058918,0.001405,11.907230,0.000000,0.000000,12.158460,0.023513,3.696428,0.032973,0.000000,3.723715
14,0,0.000000,11.065989,0.055176,0.001191,11.111116,0.000000,0.000000,11.407426,0.022088,4.674808,0.021555,0.000000,4.699393
15,0,0.000000,12.533981,0.080521,0.002313,12.607228,0.000000,0.000000,16.960479,0.026591,8.959651,0.013622,0.000000,8.983413
16,0,0.000000,12.566174,0.174328,0.001967,12.654830,0.000000,0.000000,14.020773,0.034324,3.648191,0.898810,0.000000,4.580325
17,0,0.000000,13.312310,0.069050,0.001752,13.375162,0.000000,0.000000,15.911475,1.207441,5.158697,0.012269,0.000000,5.196282
18,0,0.000000,10.490262,0.048763,0.001426,10.539450,0.000000,0.000000,11.659314,0.024371,3.801020,0.012433,0.000000,3.832595
19,0,0.000000,12.125987,0.058197,0.001813,12.175514,0.000000,0.000000,12.431654,0.024121,5.500618,0.020498,0.000000,5.527988
20,0,0.000000,10.705763,0.054831,0.001229,10.736192,0.000000,0.000000,11.435881,0.023101,3.021194,0.119673,0.000000,3.047236
21,0,0.000000,11.177764,0.057871,0.001786,11.224823,0.000000,0.000000,12.283452,0.024944,5.837758,0.010975,0.000000,5.866695
22,0,0.000000,11.392003,0.097903,0.002041,11.469599,0.000000,0.000000,11.814516,0.025179,5.081287,0.028686,0.000000,5.108570
23,0,0.000000,8.926104,0.045205,0.001382,8.957620,0.000000,0.000000,9.560858,0.027987,1.716564,0.089906,0.000000,1.746455
24,0,0.000000,10.784773,0.055869,0.002287,10.834374,0.000000,0.000000,11.560575,0.023623,5.222051,0.013727,0.000000,5.248368
25,0,0.000000,10.839008,0.071120,0.001643,10.890764,0.000000,0.000000,11.467607,0.025344,4.880268,0.020372,0.000000,4.906282
26,0,0.000000,12.316058,0.061755,0.001539,12.359836,0.000000,0.000000,12.647418,0.025219,5.887736,0.089065,0.000000,5.915062
27,0,0.000000,9.739770,0.049372,0.001266,9.766433,0.000000,0.000000,10.137165,0.023626,4.695285,0.080170,0.000000,4.774887
28,0,0.000000,9.581089,0.110706,0.001548,9.628052,0.000000,0.000000,10.075526,0.021795,3.617278,0.076574,0.000000,3.642842
29,0,0.000000,11.765298,0.051640,0.001498,11.809351,0.000000,0.000000,12.436696,0.039689,5.378161,0.062872,0.000000,5.420535
30,0,0.000000,10.045287,0.051920,0.001125,10.070270,0.000000,0.000000,10.709670,0.022320,4.268156,0.005533,0.000000,4.294573
31,0,0.000000,10.531253,0.054926,0.001309,10.575363,0.000000,0.000000,10.956677,0.023879,4.517233,0.015731,0.000000,4.534352
32,0,0.000000,9.756217,0.042035,0.001174,9.790728,0.000000,0.000000,10.116937,0.024207,3.373317,0.121821,0.000000,3.400604
33,0,0.000000,9.954239,0.063840,0.001548,9.980692,0.000000,0.000000,10.395095,0.021859,3.954982,0.043673,0.000000,3.996401
34,0,0.000000,9.426822,0.060778,0.002001,9.468730,0.000000,0.000000,9.865819,0.022066,2.956218,0.021378,0.000000,2.979692
35,0,0.000000,10.828997,0.054641,0.001721,10.852575,0.000000,0.000000,11.307525,0.022405,5.080506,0.035591,0.000000,5.110360
36,0,0.000000,7.862364,0.051788,0.001142,7.906447,0.000000,0.000000,8.258038,0.021823,1.121270,0.073912,0.000000,1.200173
37,0,0.000000,9.952397,0.058687,0.001348,10.003837,0.000000,0.000000,10.507390,0.020029,5.752911,0.015763,0.000000,5.786698
38,0,0.000000,9.470750,0.064756,0.001104,9.501900,0.000000,0.000000,9.846402,0.026527,2.359646,0.013329,0.000000,2.391359
39,0,0.000000,6.625435,0.034263,0.000811,6.650290,0.000000,0.000000,6.957024,0.029639,2.995085,0.108073,0.000000,3.026458
40,0,0.000000,6.597934,0.051109,0.000954,6.647912,0.000000,0.000000,6.713915,0.016133,1.425512,0.016060,0.000000,1.450447
41,0,0.000000,6.998589,0.067817,0.002804,7.032146,0.000000,0.000000,7.342402,0.015261,2.002995,0.041693,0.000000,2.051333
42,0,0.000000,5.829233,0.043368,0.000912,5.867516,0.000000,0.000000,6.135421,0.019774,2.578968,0.005289,0.000000,2.599441
43,0,0.000000,5.833657,0.049491,0.000887,5.882645,0.000000,0.000000,6.055662,0.011318,2.432924,0.014363,0.000000,2.458192
44,0,0.000000,6.808036,0.040809,0.000976,6.849731,0.000000,0.000000,7.219945,0.010640,3.303626,0.148053,0.000000,3.421905
45,0,0.000000,9.171491,0.057548,0.000975,9.229993,0.000000,0.000000,9.653606,0.016572,5.905826,0.030192,0.000000,5.951573
46,0,0.000000,8.397252,0.048852,0.001246,8.443158,0.000000,0.000000,8.820055,0.017989,2.850063,0.162212,0.000000,2.930865
47,0,0.000000,7.797585,0.047547,0.001350,7.838440,0.000000,0.000000,8.178739,0.023749,3.235011,0.020320,0.000000,3.261834
48,0,0.000000,7.132877,0.049528,0.000917,7.182919,0.000000,0.000000,7.303761,0.020147,1.770477,0.016179,0.000000,1.794318
49,0,0.000000,7.049659,0.042463,0.000926,7.079549,0.000000,0.000000,7.470345,0.016505,2.264726,0.015156,0.000000,2.288092
50,0,0.000000,7.570522,0.044513,0.001309,7.609101,0.000000,0.000000,7.787671,0.020296,2.869558,0.014409,0.000000,2.899766
51,0,0.000000,8.541685,0.044611,0.001205,8.579224,0.000000,0.000000,8.875462,0.015211,5.073825,0.018579,0.000000,5.090550
52,0,0.000000,7.680955,0.051411,0.001112,7.732583,0.000000,0.000000,7.973989,0.019665,3.152778,0.013184,0.000000,3.183198
53,0,0.000000,7.241284,0.034696,0.000981,7.266129,0.000000,0.000000,7.518316,0.015875,2.825376,0.011229,0.000000,2.841231
54,0,0.000000,6.246518,0.033541,0.000977,6.275831,0.000000,0.000000,6.595848,0.012620,2.802529,0.074820,0.000000,2.818666
55,0,0.000000,6.424938,0.047522,0.000789,6.472022,0.000000,0.000000,6.673622,0.014483,2.922420,0.008257,0.000000,2.937382
56,0,0.000000,10.627404,0.042294,0.001285,10.669079,0.000000,0.000000,10.896842,0.011385,6.678137,0.010439,0.000000,6.699906
57,0,0.000000,7.764561,0.040897,0.001381,7.805965,0.000000,0.000000,8.103309,0.019669,3.664913,0.013851,0.000000,3.682059
58,0,0.000000,7.469839,0.039433,0.000808,7.510080,0.000000,0.000000,7.656643,0.014951,3.236825,0.032153,0.000000,3.283622
59,0,0.000000,6.996638,0.049697,0.001311,7.039528,0.000000,0.000000,7.304800,0.014081,3.193302,0.022558,0.000000,3.208132
60,0,0.000000,10.101153,0.063541,0.001620,10.162324,0.000000,0.000000,10.304768,0.018926,3.328736,0.021967,0.000000,3.349986
61,0,0.000000,9.099900,0.048903,0.001029,9.146448,0.000000,0.000000,9.313718,0.027395,3.933611,0.017432,0.000000,3.965773
62,0,0.000000,9.092675,0.042402,0.001137,9.133992,0.000000,0.000000,9.281493,0.015917,5.061610,0.012726,0.000000,5.086384
63,0,0.000000,9.034365,0.053085,0.001062,9.088242,0.000000,0.000000,9.168688,0.017742,5.076641,0.005638,0.000000,5.095638
64,0,0.000000,7.154621,0.055421,0.001755,7.209515,0.000000,0.000000,7.402532,0.012686,3.033035,0.017851,0.000000,3.063551
65,0,0.000000,10.469467,0.044594,0.002234,10.508983,0.000000,0.000000,10.847755,0.016051,7.143868,0.013173,0.000000,7.160191
66,0,0.000000,8.023360,0.055816,0.001029,8.063388,0.000000,0.000000,8.258564,0.024549,3.387439,0.021458,0.000000,3.414100
67,0,0.000000,7.904155,0.053335,0.001301,7.939690,0.000000,0.000000,8.429738,0.017607,2.933395,0.019363,0.000000,2.958080
68,0,0.000000,8.746982,0.050035,0.001191,8.792979,0.000000,0.000000,8.910270,0.023117,2.839169,0.012065,0.000000,2.863687
69,0,0.000000,7.823441,0.071943,0.001355,7.848764,0.000000,0.000000,8.154786,0.015345,2.895807,0.064170,0.000000,2.958667
70,0,0.000000,9.001455,0.046939,0.001497,9.045084,0.000000,0.000000,9.429563,0.019847,4.754994,0.074740,0.000000,4.774403
71,0,0.000000,9.035211,0.044776,0.001071,9.074320,0.000000,0.000000,9.253317,0.018639,4.688378,0.018021,0.000000,4.722480
72,0,0.000000,9.152310,0.062136,0.000996,9.187332,0.000000,0.000000,9.486883,0.018537,4.745835,0.032343,0.000000,4.781389
73,0,0.000000,7.630146,0.033435,0.001230,7.657835,0.000000,0.000000,7.995228,0.021090,3.599141,0.086915,0.000000,3.621901
74,0,0.000000,7.144340,0.036435,0.001087,7.175791,0.000000,0.000000,7.497497,0.015967,3.285889,0.010803,0.000000,3.303030
75,0,0.000000,7.974350,0.052825,0.001506,8.028209,0.000000,0.000000,8.144032,0.016982,3.861115,0.029713,0.000000,3.900189
76,0,0.000000,9.900810,0.059454,0.001470,9.961734,0.000000,0.000000,10.151171,0.017442,4.260213,0.020226,0.000000,4.291505
77,0,0.000000,8.452035,0.044323,0.001296,8.493055,0.000000,0.000000,8.810842,0.018560,4.497710,0.019418,0.000000,4.523789
78,0,0.000000,9.353871,0.041823,0.001477,9.396300,0.000000,0.000000,9.487253,0.020429,5.344880,0.015415,0.000000,5.375305
79,0,0.000000,9.435241,0.052751,0.001253,9.481389,0.000000,0.000000,9.749430,0.019677,5.801414,0.008715,0.000000,5.821897
80,0,0.000000,11.454225,0.049397,0.001757,11.504264,0.000000,0.000000,11.665940,0.020271,7.611253,0.003838,0.000000,7.631904
81,0,0.000000,7.222540,0.047856,0.000977,7.271024,0.000000,0.000000,7.371321,0.037677,2.126747,0.017623,0.000000,2.177397
82,0,0.000000,7.123501,0.052082,0.006608,7.164901,0.000000,0.000000,7.344712,0.019556,1.974933,0.022382,0.000000,1.995946
83,0,0.000000,6.275433,0.029943,0.000984,6.305845,0.000000,0.000000,6.592893,0.021106,1.523295,0.084512,0.000000,1.547126
84,0,0.000000,9.062186,0.053913,0.001362,9.106684,0.000000,0.000000,9.323451,0.017426,5.148608,0.014602,0.000000,5.170112
85,0,0.000000,8.663516,0.045129,0.000946,8.700159,0.000000,0.000000,8.951870,0.029493,5.106428,0.022509,0.000000,5.126831
86,0,0.000000,9.070091,0.077608,0.002083,9.113888,0.000000,0.000000,9.375700,0.016228,4.638604,0.017655,0.000000,4.665513
87,0,0.000000,12.172807,0.062336,0.001200,12.209423,0.000000,0.000000,12.689055,0.023214,6.124403,0.023311,0.000000,6.146853
88,0,0.000000,11.136210,0.042589,0.001383,11.179405,0.000000,0.000000,11.343306,0.026027,6.976512,0.012011,0.000000,7.003370
89,0,0.000000,8.599742,0.055378,0.000963,8.625091,0.000000,0.000000,8.808623,0.018935,2.372048,0.033256,0.000000,2.392214
90,0,0.000000,6.846304,0.150612,0.000829,6.989580,0.000000,0.000000,7.239901,0.021250,2.071338,0.114446,0.000000,2.202090
91,0,0.000000,8.841979,0.126270,0.001480,8.968865,0.000000,0.000000,9.179094,0.019966,4.317682,0.084438,0.000000,4.403910
92,0,0.000000,9.992045,0.050320,0.001254,10.042434,0.000000,0.000000,10.195583,0.037683,6.226383,0.015496,0.000000,6.275860
93,0,0.000000,9.590623,0.048952,0.001092,9.640109,0.000000,0.000000,9.774136,0.020111,5.648452,0.023614,0.000000,5.682637
94,0,0.000000,9.729975,0.050912,0.001341,9.782228,0.000000,0.000000,10.020231,0.015796,6.056037,0.016593,0.000000,6.084327
95,0,0.000000,9.602467,0.042184,0.001534,9.646185,0.000000,0.000000,9.774619,0.018001,5.792561,0.012880,0.000000,5.820612
96,0,0.000000,9.608104,0.042645,0.001128,9.651780,0.000000,0.000000,9.948930,0.020458,5.829876,0.016562,0.000000,5.862860
97,0,0.000000,11.003813,0.059893,0.001723,11.045888,0.000000,0.000000,11.309217,0.017258,7.245506,0.011752,0.000000,7.273398
98,0,0.000000,11.579179,0.048627,0.001142,11.628502,0.000000,0.000000,11.780878,0.025429,7.487207,0.010652,0.000000,7.513310
99,0,0.000000,10.955879,0.044438,0.001045,11.001037,0.000000,0.000000,11.221522,0.021232,7.103782,0.005476,0.000000,7.126238
100,0,0.000000,11.291587,0.047099,0.001834,11.339280,0.000000,0.000000,11.520233,0.016003,7.447463,0.098286,0.000000,7.466921
101,0,0.000000,8.203802,0.107554,0.001613,8.230633,0.000000,0.000000,8.631491,0.018620,4.194351,0.088784,0.000000,4.290666
102,0,0.000000,11.009405,0.040661,0.001099,11.051065,0.000000,0.000000,11.192172,0.026703,7.190174,0.016213,0.000000,7.217827
103,0,0.000000,9.374001,0.066168,0.000980,9.441008,0.000000,0.000000,9.572338,0.015450,5.563882,0.041259,0.000000,5.607167
104,0,0.000000,9.523925,0.051909,0.001550,9.565999,0.000000,0.000000,9.706659,0.012602,5.319880,0.031114,0.000000,5.334846
105,0,0.000000,9.284446,0.065608,0.001402,9.331964,0.000000,0.000000,9.748356,0.018698,4.654152,0.017162,0.000000,4.686284
106,0,0.000000,10.175433,0.054592,0.001943,10.222327,0.000000,0.000000,10.429134,0.047003,3.584561,0.011689,0.000000,3.633185
107,0,0.000000,9.755423,0.051461,0.001737,9.805836,0.000000,0.000000,10.004597,0.022920,3.419413,0.024188,0.000000,3.443950
108,0,0.000000,9.491130,0.051101,0.001691,9.543156,0.000000,0.000000,9.722670,0.033179,3.135255,0.025190,0.000000,3.171127
109,0,0.000000,9.434618,0.058663,0.001026,9.494190,0.000000,0.000000,9.626945,0.019883,5.245527,0.033634,0.000000,5.299032
110,0,0.000000,10.042188,0.062994,0.001272,10.084700,0.000000,0.000000,10.195146,0.018073,5.480148,0.039270,0.000000,5.528618
111,0,0.000000,9.538134,0.097920,0.001889,9.637732,0.000000,0.000000,9.888261,0.032266,5.475325,0.064299,0.000000,5.550553
112,0,0.000000,11.176750,0.258465,0.001241,11.412197,0.000000,0.000000,11.522422,0.026700,7.274926,0.222201,0.000000,7.514587
113,0,0.000000,11.059315,0.253441,0.001577,11.314229,0.000000,0.000000,11.791477,0.014872,7.446092,0.207388,0.000000,7.656757
114,0,0.000000,11.973563,0.053761,0.001429,12.012532,0.000000,0.000000,12.169798,0.019035,8.171651,0.029262,0.000000,8.189853
115,0,0.000000,9.522356,0.060175,0.000949,9.545620,0.000000,0.000000,9.908474,0.018739,3.797004,0.040211,0.000000,3.844349
116,0,0.000000,9.703886,0.129923,0.001528,9.793147,0.000000,0.000000,10.282619,0.020435,5.395265,0.076557,0.000000,5.490206
117,0,0.000000,11.321802,0.032715,0.000942,11.355140,0.000000,0.000000,11.575093,0.025266,7.250835,0.012557,0.000000,7.277883
118,0,0.000000,10.898816,0.082588,0.001470,10.981899,0.000000,0.000000,11.167891,0.014305,7.247813,0.013800,0.000000,7.263150
119,0,0.000000,10.833749,0.072037,0.000926,10.906322,0.000000,0.000000,11.023222,0.023592,6.881711,0.010226,0.000000,6.909696
120,0,0.000000,11.585513,0.037015,0.001262,11.622223,0.000000,0.000000,12.175507,0.245362,7.982952,0.006460,0.000000,8.125067
121,0,0.000000,10.818384,0.048286,0.000975,10.867146,0.000000,0.000000,11.154764,0.016276,6.768760,0.057378,0.000000,6.828305
122,0,0.000000,10.384093,0.063392,0.001220,10.413071,0.000000,0.000000,10.679050,0.017589,6.481061,0.013661,0.000000,6.499393
123,0,0.000000,10.595641,0.053046,0.001210,10.649897,0.000000,0.000000,11.031781,0.014788,6.762907,0.007412,0.000000,6.778737
124,0,0.000000,10.791442,0.099570,0.001101,10.892113,0.000000,0.000000,10.977034,0.024047,6.633117,0.005472,0.000000,6.652432
125,0,0.000000,7.808334,0.061484,0.001610,7.840521,0.000000,0.000000,8.117002,0.015236,2.616036,0.030751,0.000000,2.630764
126,0,0.000000,7.276066,0.058070,0.001259,7.332308,0.000000,0.000000,7.516383,0.039388,1.713060,0.017248,0.000000,1.744944
127,0,0.000000,8.105214,0.062332,0.001796,8.168493,0.000000,0.000000,8.267536,0.022394,3.386715,0.021062,0.000000,3.425202
128,0,0.000000,9.441520,0.063068,0.001468,9.486803,0.000000,0.000000,9.881589,0.025601,6.062967,0.019034,0.000000,6.089797
129,0,0.000000,7.962442,0.043749,0.001229,8.007322,0.000000,0.000000,8.354823,0.040666,2.928458,0.020964,0.000000,2.983435
130,0,0.000000,7.549698,0.106084,0.001810,7.574960,0.000000,0.000000,7.851250,0.024678,1.975191,0.040243,0.000000,2.000577
131,0,0.000000,6.946283,0.056731,0.001084,6.971401,0.000000,0.000000,7.271496,0.024016,2.939187,0.035701,0.000000,2.960037
132,0,0.000000,8.470549,0.073245,0.001222,8.524520,0.000000,0.000000,8.907291,0.017895,4.091181,0.041344,0.000000,4.143108
133,0,0.000000,7.851202,0.039651,0.000917,7.877281,0.000000,0.000000,8.120049,0.059287,4.116640,0.016751,0.000000,4.176268
134,0,0.000000,8.345973,0.065017,0.001274,8.380085,0.000000,0.000000,8.737802,0.015730,4.671214,0.027439,0.000000,4.695705
135,0,0.000000,12.374455,0.067721,0.001615,12.443791,0.000000,0.000000,12.565561,0.022277,6.414173,0.011150,0.000000,6.438750
136,0,0.000000,8.831503,0.056909,0.001227,8.889205,0.000000,0.000000,9.000214,0.021411,3.496605,0.028306,0.000000,3.543559
137,0,0.000000,9.309972,0.050933,0.001514,9.359186,0.000000,0.000000,9.509848,0.019899,4.983054,0.006102,0.000000,5.006491
138,0,0.000000,11.540850,0.059561,0.002112,11.595595,0.000000,0.000000,11.706783,0.018745,7.679532,0.028836,0.000000,7.698697
139,0,0.000000,13.059727,0.050579,0.001193,13.104556,0.000000,0.000000,13.406397,0.021062,8.677174,0.027496,0.000000,8.722020
140,0,0.000000,10.317133,0.104026,0.001329,10.422356,0.000000,0.000000,10.615126,0.022231,6.477138,0.094661,0.000000,6.575944
141,0,0.000000,10.262569,0.046313,0.001369,10.304379,0.000000,0.000000,10.642134,0.016960,6.360458,0.014491,0.000000,6.377722
142,0,0.000000,9.293821,0.039145,0.000969,9.333817,0.000000,0.000000,9.627543,0.015385,5.497796,0.012924,0.000000,5.521618
143,0,0.000000,8.149114,0.056972,0.001163,8.207249,0.000000,0.000000,8.518998,0.046294,4.196223,0.037046,0.000000,4.262336
144,0,0.000000,10.318725,0.034463,0.001230,10.354042,0.000000,0.000000,10.525456,0.011233,6.330029,0.054120,0.000000,6.361544
145,0,0.000000,7.757176,0.164474,0.000868,7.796418,0.000000,0.000000,8.271162,0.016065,3.683638,0.124971,0.000000,3.696992
146,0,0.000000,8.405038,0.105627,0.001244,8.511328,0.000000,0.000000,8.777753,0.017742,4.641505,0.056425,0.000000,4.661253
147,0,0.000000,8.546355,0.090152,0.001108,8.606683,0.000000,0.000000,8.968791,0.020688,5.086891,0.065115,0.000000,5.168606
148,0,0.000000,10.297238,0.147901,0.001138,10.446277,0.000000,0.000000,10.668799,0.042067,6.045742,0.104916,0.000000,6.185029
149,0,0.000000,9.207262,0.052332,0.001339,9.254033,0.000000,0.000000,9.538342,0.016135,4.441424,0.029126,0.000000,4.460268
150,0,0.000000,8.660340,0.065325,0.001016,8.726681,0.000000,0.000000,9.019964,0.019782,2.949657,0.148945,0.000000,3.113705
151,0,0.000000,8.614172,0.046148,0.001277,8.653956,0.000000,0.000000,8.874743,0.046516,3.079974,0.020927,0.000000,3.147417
152,0,0.000000,8.729652,0.046313,0.001177,8.768238,0.000000,0.000000,8.860351,0.020347,3.241251,0.021519,0.000000,3.279035
153,0,0.000000,8.372755,0.066472,0.002886,8.425870,0.000000,0.000000,8.966469,0.020918,3.157000,0.093798,0.000000,3.267371
154,0,0.000000,7.055395,0.061576,0.000996,7.086314,0.000000,0.000000,7.251818,0.025997,1.611993,0.034871,0.000000,1.663244
155,0,0.000000,6.832781,0.176936,0.000902,7.010363,0.000000,0.000000,7.359476,0.015497,1.743261,0.141375,0.000000,1.886761
156,0,0.000000,7.212907,0.145511,0.000965,7.358984,0.000000,0.000000,7.674921,0.014296,2.174286,0.106759,0.000000,2.291453
157,0,0.000000,6.893588,0.236790,0.000801,7.130923,0.000000,0.000000,7.493223,0.016406,1.902468,0.201769,0.000000,2.115146
158,0,0.000000,6.822268,0.167152,0.001820,6.990356,0.000000,0.000000,7.183185,0.016594,1.518077,0.125319,0.000000,1.654901
159,0,0.000000,8.459101,0.143107,0.001036,8.602747,0.000000,0.000000,8.898799,0.032224,4.624799,0.217301,0.000000,4.722890
160,0,0.000000,8.765992,0.061526,0.001220,8.828260,0.000000,0.000000,8.961432,0.020349,3.985178,0.037400,0.000000,4.021233
161,0,0.000000,9.507493,0.097146,0.001189,9.568480,0.000000,0.000000,9.731013,0.020078,5.896100,0.072081,0.000000,5.917368
162,0,0.000000,9.777978,0.129424,0.001531,9.842213,0.000000,0.000000,10.104079,0.021042,3.081161,0.086232,0.000000,3.180856
163,0,0.000000,9.866242,0.056253,0.001107,9.923602,0.000000,0.000000,10.155153,0.024119,4.190266,0.033150,0.000000,4.246091
164,0,0.000000,10.571393,0.088666,0.001270,10.617474,0.000000,0.000000,11.244087,0.019200,7.432412,0.033975,0.000000,7.453366
165,0,0.000000,9.186220,0.049062,0.001075,9.235912,0.000000,0.000000,9.507416,0.030338,4.384944,0.111520,0.000000,4.469060
166,0,0.000000,8.937589,0.049898,0.001702,8.984659,0.000000,0.000000,9.326573,0.019394,4.129564,0.168123,0.000000,4.308887
167,0,0.000000,8.979285,0.067677,0.001016,9.047609,0.000000,0.000000,9.279954,0.027062,4.139086,0.023338,0.000000,4.162294
168,0,0.000000,10.033300,0.046001,0.001545,10.076198,0.000000,0.000000,10.650448,0.213803,6.712542,0.003443,0.000000,6.736121
169,0,0.000000,12.090073,0.087728,0.001060,12.163725,0.000000,0.000000,12.301287,0.020983,8.527825,0.054039,0.000000,8.550294
170,0,0.000000,10.752807,0.101159,0.001871,10.811261,0.000000,0.000000,11.087885,0.014629,6.516130,0.059345,0.000000,6.582257
171,0,0.000000,10.351163,0.157719,0.001094,10.509362,0.000000,0.000000,10.650081,0.025083,5.948893,0.114382,0.000000,6.088046
172,0,0.000000,8.316768,0.056294,0.001429,8.359404,0.000000,0.000000,8.548996,0.014248,2.550732,0.019193,0.000000,2.575744
173,0,0.000000,11.748423,0.057201,0.001658,11.801810,0.000000,0.000000,12.052942,0.020826,8.218454,0.020730,0.000000,8.240527
174,0,0.000000,11.940924,0.071286,0.001620,11.985536,0.000000,0.000000,12.340791,0.033852,6.021462,0.029683,0.000000,6.057326
175,0,0.000000,8.082309,0.049556,0.001549,8.128682,0.000000,0.000000,8.313056,0.025082,3.853010,0.021061,0.000000,3.889558
176,0,0.000000,8.563051,0.059482,0.001462,8.607529,0.000000,0.000000,8.971147,0.021661,4.518284,0.012993,0.000000,4.542404
177,0,0.000000,9.856737,0.055433,0.001500,9.908408,0.000000,0.000000,10.272071,0.025564,6.050159,0.021471,0.000000,6.092492
178,0,0.000000,9.037942,0.072716,0.001794,9.069673,0.000000,0.000000,9.273616,0.023155,4.141462,0.041680,0.000000,4.204984
179,0,0.000000,10.384827,0.053259,0.001122,10.410435,0.000000,0.000000,10.703167,0.020339,6.708570,0.035821,0.000000,6.759425
180,0,0.000000,7.891583,0.064219,0.001376,7.946223,0.000000,0.000000,8.278836,0.024778,3.998570,0.035494,0.000000,4.025652
181,0,0.000000,10.282975,0.052718,0.001182,10.319419,0.000000,0.000000,10.532703,0.020970,6.203857,0.049128,0.000000,6.225803
182,0,0.000000,10.902951,0.046540,0.001292,10.942068,0.000000,0.000000,11.135613,0.020386,6.653589,0.015032,0.000000,6.683265
183,0,0.000000,11.005703,0.244880,0.003725,11.065771,0.000000,0.000000,11.545778,0.016174,6.806338,0.254076,0.000000,7.071635
184,0,0.000000,10.666449,0.052376,0.001239,10.719951,0.000000,0.000000,10.911009,0.044971,6.385578,0.025227,0.000000,6.445054
185,0,0.000000,9.966554,0.052874,0.001225,10.020653,0.000000,0.000000,10.157008,0.013921,5.710293,0.029181,0.000000,5.750075
186,0,0.000000,9.864285,0.053169,0.000945,9.895794,0.000000,0.000000,10.107911,0.023258,5.971999,0.026844,0.000000,5.995816
187,0,0.000000,9.303993,0.070662,0.001005,9.357423,0.000000,0.000000,9.634974,0.019047,4.967884,0.038803,0.000000,5.018138
188,0,0.000000,11.266499,0.058132,0.001334,11.325771,0.000000,0.000000,12.029839,0.017919,6.851805,0.209018,0.000000,6.889754
189,0,0.000000,10.588194,0.044902,0.001109,10.619771,0.000000,0.000000,10.930741,0.031307,5.174295,0.019480,0.000000,5.205344
190,0,0.000000,9.438423,0.059739,0.000960,9.484943,0.000000,0.000000,9.710150,0.022923,5.245269,0.028375,0.000000,5.291379
191,0,0.000000,9.894281,0.070434,0.001281,9.950790,0.000000,0.000000,10.259817,0.017625,5.122236,0.063593,0.000000,5.202199
192,0,0.000000,10.326992,0.088385,0.001063,10.410852,0.000000,0.000000,10.565379,0.017583,4.131331,0.060868,0.000000,4.149626
193,0,0.000000,9.570942,0.069170,0.001426,9.612777,0.000000,0.000000,10.232482,0.017693,4.188285,0.034302,0.000000,4.218718
194,0,0.000000,11.605785,0.058378,0.001695,11.652937,0.000000,0.000000,11.885770,0.031648,7.406953,0.027806,0.000000,7.463412
195,0,0.000000,12.372870,0.059296,0.001452,12.419571,0.000000,0.000000,12.633442,0.016585,7.756701,0.024580,0.000000,7.794848
196,0,0.000000,7.483748,0.033246,0.000949,7.517398,0.000000,0.000000,7.628905,0.022038,2.577624,0.006175,0.000000,2.593831
197,0,0.000000,8.299279,0.060729,0.001093,8.326513,0.000000,0.000000,8.527102,0.013721,2.701486,0.037266,0.000000,2.749631
198,0,0.000000,7.844024,0.056549,0.001150,7.901155,0.000000,0.000000,8.008885,0.019853,3.006847,0.001728,0.000000,3.028428
199,0,0.000000,11.876052,0.076765,0.001554,11.945456,0.000000,0.000000,12.349819,0.024277,7.496061,0.040691,0.000000,7.521589
200,0,0.000000,8.709790,0.044094,0.001491,8.740297,0.000000,0.000000,8.884094,0.027298,3.215591,0.015575,0.000000,3.244594
201,0,0.000000,7.068658,0.042600,0.001250,7.102791,0.000000,0.000000,7.288206,0.016342,3.334572,0.010395,0.000000,3.352334
202,0,0.000000,5.845822,0.065018,0.001405,5.879068,0.000000,0.000000,6.109333,0.015818,2.084903,0.040241,0.000000,2.134772
203,0,0.000000,8.459818,0.051761,0.001131,8.492071,0.000000,0.000000,8.780108,0.027572,4.763032,0.010736,0.000000,4.779788
204,0,0.000000,9.275747,0.062101,0.001403,9.338897,0.000000,0.000000,9.502970,0.023013,5.034953,0.030358,0.000000,5.077757
205,0,0.000000,9.994068,0.062868,0.001480,10.027107,0.000000,0.000000,10.217781,0.019508,5.322504,0.039148,0.000000,5.371036
206,0,0.000000,8.717435,0.046889,0.001446,8.765130,0.000000,0.000000,9.060723,0.021869,4.203701,0.017921,0.000000,4.236308
207,0,0.000000,10.986450,0.044740,0.001235,11.032425,0.000000,0.000000,11.340095,0.014914,7.291077,0.146211,0.000000,7.333303
208,0,0.000000,12.557383,0.065709,0.001731,12.613292,0.000000,0.000000,13.130232,0.016827,8.573265,0.023837,0.000000,8.597425
209,0,0.000000,13.360708,0.078804,0.001855,13.435434,0.000000,0.000000,13.910743,0.024644,9.235359,0.028676,0.000000,9.275397
210,0,0.000000,10.431964,0.094594,0.001090,10.500226,0.000000,0.000000,10.839800,0.021489,5.812186,0.018407,0.000000,5.834236
211,0,0.000000,9.748101,0.076206,0.001905,9.784044,0.000000,0.000000,10.304685,0.046043,4.914472,0.030942,0.000000,4.962165
212,0,0.000000,9.636576,0.061720,0.001403,9.695057,0.000000,0.000000,10.385954,0.027610,4.203386,0.021631,0.000000,4.227595
213,0,0.000000,8.648362,0.055431,0.001144,8.680097,0.000000,0.000000,9.226505,0.018288,3.782233,0.056306,0.000000,3.831872
214,0,0.000000,10.391702,0.069718,0.001514,10.448244,0.000000,0.000000,10.726866,0.024736,5.876238,0.010568,0.000000,5.909802
215,0,0.000000,9.528246,0.053404,0.001129,9.581148,0.000000,0.000000,9.737718,0.026898,5.458121,0.033872,0.000000,5.493504
216,0,0.000000,9.606731,0.071426,0.001414,9.670047,0.000000,0.000000,10.077171,0.021764,5.497550,0.076719,0.000000,5.515786
217,0,0.000000,10.815015,0.076695,0.001527,10.890939,0.000000,0.000000,11.118454,0.030057,5.970476,0.035097,0.000000,6.030904
218,0,0.000000,11.438876,0.059749,0.001206,11.483433,0.000000,0.000000,12.851501,0.027292,7.331000,0.901192,0.000000,8.249911
219,0,0.000000,12.354681,0.064197,0.001328,12.414095,0.000000,0.000000,12.716330,0.155767,7.292685,0.030173,0.000000,7.325580
220,0,0.000000,14.689654,0.075738,0.001333,14.764524,0.000000,0.000000,15.038804,0.023029,7.650825,0.013440,0.000000,7.675571
221,0,0.000000,14.143329,0.066318,0.001272,14.210464,0.000000,0.000000,14.447193,0.028476,8.864463,0.002230,0.000000,8.894709
222,0,0.000000,14.149062,0.073032,0.001545,14.215007,0.000000,0.000000,14.482405,0.021847,9.911118,0.008944,0.000000,9.933770
223,0,0.000000,13.651499,0.063034,0.001254,13.705680,0.000000,0.000000,13.897281,0.023694,8.867550,0.010660,0.000000,8.892870
224,0,0.000000,14.681332,0.065906,0.001238,14.746466,0.000000,0.000000,15.004435,0.025751,10.260366,0.005932,0.000000,10.287127
225,0,0.000000,15.127658,0.127124,0.001353,15.195904,0.000000,0.000000,15.409778,0.029154,10.306530,0.082437,0.000000,10.416746
226,0,0.000000,13.664525,0.067760,0.001245,13.732899,0.000000,0.000000,14.054851,0.027696,9.302809,0.092888,0.000000,9.411999
227,0,0.000000,12.960086,0.064039,0.001813,13.017426,0.000000,0.000000,13.247298,0.023719,8.775351,0.030176,0.000000,8.818099
228,0,0.000000,10.558134,0.063145,0.001322,10.611780,0.000000,0.000000,10.873119,0.024953,2.684325,0.033958,0.000000,2.739190
229,0,0.000000,10.473526,0.149302,0.001769,10.621802,0.000000,0.000000,10.867000,0.019049,5.801891,0.140779,0.000000,5.959672
230,0,0.000000,9.691006,0.067277,0.001118,9.736301,0.000000,0.000000,9.896339,0.028813,5.141380,0.010580,0.000000,5.174929
231,0,0.000000,9.633755,0.210262,0.001159,9.842836,0.000000,0.000000,10.102705,0.018283,5.451515,0.174361,0.000000,5.632889
232,0,0.000000,9.714111,0.171740,0.001582,9.832251,0.000000,0.000000,10.039975,0.013854,5.323323,0.136424,0.000000,5.453971
233,0,0.000000,9.636296,0.171173,0.001396,9.746667,0.000000,0.000000,10.058619,0.019587,5.460382,0.010977,0.000000,5.483634
234,0,0.000000,11.089840,0.057113,0.000966,11.134707,0.000000,0.000000,11.281524,0.019403,6.682220,0.014807,0.000000,6.702872
235,0,0.000000,10.301137,0.042855,0.000972,10.327613,0.000000,0.000000,10.641605,0.019441,6.576712,0.011399,0.000000,6.597595
236,0,0.000000,9.876781,0.236942,0.001029,10.114752,0.000000,0.000000,10.391979,0.016787,5.376082,0.193034,0.000000,5.585179
237,0,0.000000,10.718969,0.038199,0.001062,10.757981,0.000000,0.000000,10.837809,0.016491,6.695433,0.011377,0.000000,6.722136
238,0,0.000000,9.906739,0.072271,0.001129,9.935966,0.000000,0.000000,10.362551,0.014055,5.644107,0.049800,0.000000,5.700325
239,0,0.000000,10.850033,0.232002,0.001075,11.082536,0.000000,0.000000,11.383557,0.021916,6.770377,0.195218,0.000000,6.834685
240,0,0.000000,10.553172,0.168559,0.001104,10.722174,0.000000,0.000000,10.799865,0.019789,6.619516,0.007034,0.000000,6.646339
241,0,0.000000,10.574047,0.091474,0.001101,10.666198,0.000000,0.000000,10.854027,0.015123,7.124379,0.023079,0.000000,7.141357
242,0,0.000000,8.930976,0.063839,0.000904,8.963775,0.000000,0.000000,9.457035,0.045714,3.981886,0.039128,0.000000,4.002692
243,0,0.000000,11.231819,0.079049,0.001565,11.303901,0.000000,0.000000,11.643400,0.033203,7.269162,0.032385,0.000000,7.303860
244,0,0.000000,7.613418,0.057245,0.001168,7.671249,0.000000,0.000000,8.051397,0.025252,2.207943,0.074923,0.000000,2.289397
245,0,0.000000,9.003291,0.058948,0.001032,9.032026,0.000000,0.000000,9.381287,0.029570,4.254604,0.035068,0.000000,4.301474
246,0,0.000000,10.660308,0.060482,0.001933,10.717008,0.000000,0.000000,10.902009,0.019298,5.671500,0.025110,0.000000,5.712643
247,0,0.000000,9.178170,0.072137,0.001538,9.251845,0.000000,0.000000,9.529409,0.021669,3.799181,0.009219,0.000000,3.820898
248,0,0.000000,10.712278,0.094779,0.001839,10.792532,0.000000,0.000000,11.390210,0.019394,7.440022,0.045356,0.000000,7.477423
249,0,0.000000,11.299014,0.142154,0.001454,11.348037,0.000000,0.000000,11.732380,0.027999,5.119980,0.205686,0.000000,5.213801
250,0,0.000000,10.630093,0.184407,0.001771,10.815116,0.000000,0.000000,11.353313,0.022891,6.337005,0.003550,0.000000,6.361725
251,0,0.000000,11.036241,0.056122,0.001190,11.087448,0.000000,0.000000,11.245386,0.032703,6.356229,0.010707,0.000000,6.390316
252,0,0.000000,10.927704,0.213820,0.001051,11.118839,0.000000,0.000000,11.381507,0.020536,5.540372,0.027335,0.000000,5.560284
253,0,0.000000,10.967163,0.238172,0.001648,11.170560,0.000000,0.000000,11.644165,0.021660,6.919250,0.040463,0.000000,6.942038
254,0,0.000000,10.828306,0.105887,0.001265,10.934713,0.000000,0.000000,11.501259,0.029588,6.532853,0.101390,0.000000,6.663804
255,0,0.000000,11.166580,0.199014,0.001436,11.361565,0.000000,0.000000,12.076593,0.023044,7.193614,0.003614,0.000000,7.218909
256,0,0.000000,9.532994,0.058770,0.001616,9.569789,0.000000,0.000000,9.802064,0.025688,4.979384,0.025943,0.000000,5.006523
257,0,0.000000,8.485720,0.093789,0.000899,8.580149,0.000000,0.000000,8.968266,0.020099,5.098771,0.162450,0.000000,5.180395
258,0,0.000000,8.455033,0.091116,0.001446,8.546752,0.000000,0.000000,8.813259,0.019302,5.214191,0.043727,0.000000,5.234641
259,0,0.000000,8.404773,0.219468,0.000851,8.624789,0.000000,0.000000,8.711032,0.019617,4.863377,0.186707,0.000000,4.884256
260,0,0.000000,8.606295,0.088925,0.001263,8.695787,0.000000,0.000000,8.898870,0.020876,5.063471,0.038122,0.000000,5.119919
261,0,0.000000,7.968195,0.238412,0.001022,8.207101,0.000000,0.000000,8.365191,0.019173,4.372946,0.195085,0.000000,4.393324
262,0,0.000000,8.204798,0.083447,0.001026,8.289271,0.000000,0.000000,8.549515,0.016546,3.498286,0.005133,0.000000,3.516355
263,0,0.000000,9.596685,0.062795,0.001409,9.660889,0.000000,0.000000,9.929488,0.013443,5.885680,0.016032,0.000000,5.901264
264,0,0.000000,7.181140,0.054373,0.000996,7.236125,0.000000,0.000000,7.351361,0.025078,2.145860,0.022746,0.000000,2.188586
265,0,0.000000,7.505777,0.043381,0.000979,7.549803,0.000000,0.000000,7.691510,0.017085,2.552491,0.012564,0.000000,2.577920
266,0,0.000000,8.347686,0.086804,0.000983,8.435210,0.000000,0.000000,8.605796,0.017037,3.552238,0.040821,0.000000,3.570670
267,0,0.000000,6.420717,0.076022,0.001507,6.462489,0.000000,0.000000,6.654118,0.019814,1.976459,0.043037,0.000000,2.004311
268,0,0.000000,7.036147,0.037889,0.000957,7.062241,0.000000,0.000000,7.249308,0.026525,2.891479,0.009835,0.000000,2.917603
269,0,0.000000,8.474064,0.153063,0.002204,8.524991,0.000000,0.000000,8.836691,0.014265,4.395034,0.030496,0.000000,4.430553
270,0,0.000000,12.864247,0.077385,0.001435,12.903469,0.000000,0.000000,13.196347,0.034174,7.563160,0.044196,0.000000,7.589277
271,0,0.000000,7.534837,0.050155,0.001093,7.563335,0.000000,0.000000,7.694274,0.017602,3.534227,0.027296,0.000000,3.552230
272,0,0.000000,8.357924,0.049845,0.000925,8.399413,0.000000,0.000000,8.630563,0.019947,4.443456,0.011487,0.000000,4.463964
273,0,0.000000,5.634035,0.065203,0.001020,5.664079,0.000000,0.000000,5.894544,0.018029,1.581629,0.038988,0.000000,1.601064
274,0,0.000000,6.023493,0.094309,0.002584,6.120386,0.000000,0.000000,6.236750,0.017579,1.201201,0.067418,0.000000,1.286198
275,0,0.000000,11.298190,0.062523,0.001438,11.361374,0.000000,0.000000,11.470212,0.025014,7.358298,0.013222,0.000000,7.385847
276,0,0.000000,10.209425,0.048054,0.001471,10.256307,0.000000,0.000000,10.572380,0.020134,6.536596,0.011570,0.000000,6.557097
277,0,0.000000,9.022992,0.065652,0.001173,9.058796,0.000000,0.000000,9.585222,0.015030,5.328491,0.035891,0.000000,5.357082
278,0,0.000000,7.158964,0.050749,0.001154,7.210236,0.000000,0.000000,7.478254,0.023315,1.550811,0.015954,0.000000,1.587067
279,0,0.000000,6.806036,0.045229,0.001077,6.831702,0.000000,0.000000,7.064595,0.017890,1.853847,0.070600,0.000000,1.915246
280,0,0.000000,9.411276,0.146833,0.000853,9.558930,0.000000,0.000000,9.958104,0.016610,5.881168,0.116389,0.000000,6.000276
281,0,0.000000,9.948271,0.043400,0.001075,9.992746,0.000000,0.000000,10.123377,0.014367,6.147125,0.074230,0.000000,6.201010
282,0,0.000000,10.587585,0.088352,0.001272,10.626882,0.000000,0.000000,10.809925,0.016336,6.533038,0.060336,0.000000,6.555709
283,0,0.000000,9.447895,0.037285,0.000944,9.486124,0.000000,0.000000,9.649575,0.019630,5.687365,0.041544,0.000000,5.746029
284,0,0.000000,10.600999,0.060665,0.001497,10.639689,0.000000,0.000000,10.871259,0.021228,6.940988,0.022708,0.000000,6.963679
285,0,0.000000,9.926722,0.055765,0.001283,9.957126,0.000000,0.000000,10.383479,0.024099,6.251558,0.029387,0.000000,6.270699
286,0,0.000000,6.977641,0.069270,0.001083,7.040956,0.000000,0.000000,7.308158,0.017473,2.711347,0.041789,0.000000,2.760042
287,0,0.000000,10.720389,0.038293,0.000904,10.759486,0.000000,0.000000,11.129117,0.062195,6.588143,0.008016,0.000000,6.621024
288,0,0.000000,10.337930,0.061770,0.000853,10.370308,0.000000,0.000000,10.572032,0.015885,6.401749,0.033157,0.000000,6.417923
289,0,0.000000,8.942223,0.146111,0.001715,9.090049,0.000000,0.000000,9.258840,0.019983,4.144351,0.115839,0.000000,4.164957
290,0,0.000000,7.566080,0.052064,0.000992,7.602677,0.000000,0.000000,7.886484,0.025922,3.790106,0.092170,0.000000,3.867074
291,0,0.000000,8.241230,0.047111,0.001440,8.287367,0.000000,0.000000,8.541981,0.018788,4.166157,0.011029,0.000000,4.188865
292,0,0.000000,8.396695,0.059959,0.001579,8.447693,0.000000,0.000000,8.931649,0.017838,4.617378,0.167074,0.000000,4.641225
293,0,0.000000,8.121718,0.045773,0.001689,8.163552,0.000000,0.000000,8.551553,0.028851,4.186351,0.067535,0.000000,4.260343
294,0,0.000000,8.276796,0.058204,0.001054,8.336054,0.000000,0.000000,8.720540,0.037859,3.821789,0.014150,0.000000,3.866108
295,0,0.000000,8.154385,0.050865,0.001649,8.202324,0.000000,0.000000,8.370389,0.015032,4.463608,0.007964,0.000000,4.479058
296,0,0.000000,8.372143,0.049316,0.001603,8.417199,0.000000,0.000000,8.675459,0.018101,4.621516,0.015507,0.000000,4.647872
297,0,0.000000,11.327999,0.051279,0.001691,11.380969,0.000000,0.000000,11.499336,0.014905,7.238089,0.004884,0.000000,7.252710
298,0,0.000000,9.298013,0.066392,0.001031,9.334045,0.000000,0.000000,9.549979,0.018249,5.250349,0.037898,0.000000,5.295562
299,0,0.000000,10.577067,0.069089,0.001771,10.644737,0.000000,0.000000,11.071251,0.032884,7.058642,0.026868,0.000000,7.101317
300,0,0.000000,12.476980,0.058929,0.001462,12.537049,0.000000,0.000000,13.024357,0.021596,6.945698,0.085825,0.000000,7.035097
301,0,0.000000,10.949442,0.044695,0.001370,10.994698,0.000000,0.000000,11.225211,0.022812,6.785154,0.061945,0.000000,6.841206
302,0,0.000000,10.307194,0.067286,0.001098,10.346925,0.000000,0.000000,10.579693,0.029000,6.110789,0.032493,0.000000,6.141177
303,0,0.000000,8.584251,0.063328,0.001896,8.646852,0.000000,0.000000,8.904797,0.019824,3.812486,0.031503,0.000000,3.859659
304,0,0.000000,8.220683,0.055383,0.001079,8.275069,0.000000,0.000000,8.409323,0.024023,2.726296,0.006163,0.000000,2.753510
305,0,0.000000,10.301280,0.046058,0.001347,10.341167,0.000000,0.000000,10.925076,0.022758,6.824591,0.071649,0.000000,6.871296
306,0,0.000000,8.620925,0.044530,0.001356,8.666246,0.000000,0.000000,8.876318,0.021688,4.692278,0.037492,0.000000,4.749764
307,0,0.000000,8.569332,0.036079,0.001039,8.597282,0.000000,0.000000,8.791773,0.024907,3.581493,0.009798,0.000000,3.607667
308,0,0.000000,5.780819,0.151394,0.001121,5.825111,0.000000,0.000000,6.024933,0.014554,1.116546,0.119065,0.000000,1.239849
309,0,0.000000,8.038489,0.052718,0.000835,8.091762,0.000000,0.000000,8.274577,0.014935,3.407162,0.026111,0.000000,3.448130
310,0,0.000000,7.043059,0.225915,0.000926,7.269452,0.000000,0.000000,7.445224,0.016307,2.247271,0.187503,0.000000,2.443463
311,0,0.000000,7.115275,0.051553,0.001210,7.167349,0.000000,0.000000,7.487992,0.013346,2.306419,0.023440,0.000000,2.338804
312,0,0.000000,8.224626,0.061197,0.001352,8.269617,0.000000,0.000000,8.438280,0.024662,3.389760,0.055992,0.000000,3.415589
313,0,0.000000,8.297937,0.049236,0.001171,8.344042,0.000000,0.000000,8.693169,0.016449,4.138438,0.020868,0.000000,4.169624
314,0,0.000000,8.189023,0.048262,0.001309,8.237678,0.000000,0.000000,8.457051,0.013985,4.562037,0.067405,0.000000,4.578946
315,0,0.000000,8.368285,0.054364,0.001750,8.424271,0.000000,0.000000,8.623521,0.013111,3.971604,0.012201,0.000000,3.987580
316,0,0.000000,8.112366,0.053106,0.001334,8.165948,0.000000,0.000000,8.471504,0.020461,4.418961,0.008631,0.000000,4.441498
317,0,0.000000,7.091440,0.054188,0.000882,7.145981,0.000000,0.000000,7.471326,0.016210,1.872474,0.027785,0.000000,1.913784
318,0,0.000000,7.693366,0.053911,0.000963,7.747307,0.000000,0.000000,7.988855,0.018212,2.800459,0.020815,0.000000,2.834945
319,0,0.000000,7.789430,0.055799,0.000931,7.845366,0.000000,0.000000,8.158459,0.183990,2.943196,0.020158,0.000000,2.972223
320,0,0.000000,7.633837,0.084689,0.004239,7.677126,0.000000,0.000000,8.378360,0.017360,2.753716,0.042792,0.000000,2.790288
321,0,0.000000,9.099913,0.045694,0.000960,9.142929,0.000000,0.000000,9.330661,0.038887,5.004050,0.021262,0.000000,5.053307
322,0,0.000000,10.141366,0.049384,0.000794,10.191252,0.000000,0.000000,10.325758,0.016279,6.286202,0.071664,0.000000,6.305137
323,0,0.000000,12.430180,0.072878,0.001050,12.503900,0.000000,0.000000,12.734965,0.016677,8.662678,0.002755,0.000000,8.681646
324,0,0.000000,10.482054,0.097399,0.000937,10.579988,0.000000,0.000000,10.948419,0.028287,6.547256,0.064247,0.000000,6.634706
325,0,0.000000,11.069490,0.173624,0.001439,11.243666,0.000000,0.000000,11.618250,0.014976,7.379576,0.006038,0.000000,7.396315
326,0,0.000000,7.818334,0.079472,0.000910,7.855181,0.000000,0.000000,8.163118,0.026856,4.084420,0.047070,0.000000,4.152201
327,0,0.000000,9.153024,0.185411,0.001188,9.339623,0.000000,0.000000,9.698088,0.012932,5.769559,0.138087,0.000000,5.916140
328,0,0.000000,9.010029,0.046703,0.001048,9.038001,0.000000,0.000000,9.240933,0.014801,4.107615,0.064625,0.000000,4.138183
329,0,0.000000,8.312211,0.060128,0.001186,8.345490,0.000000,0.000000,8.906058,0.034663,3.829014,0.007329,0.000000,3.848281
330,0,0.000000,9.529833,0.057837,0.001040,9.559280,0.000000,0.000000,9.993398,0.025720,5.246667,0.029382,0.000000,5.273249
331,0,0.000000,6.292587,0.061934,0.001523,6.333885,0.000000,0.000000,6.701467,0.021939,1.934255,0.013980,0.000000,1.958300
332,0,0.000000,11.180620,0.079640,0.001031,11.260826,0.000000,0.000000,11.444247,0.018828,7.593260,0.074976,0.000000,7.612520
333,0,0.000000,10.848165,0.202320,0.001072,11.051001,0.000000,0.000000,11.177704,0.016376,7.093166,0.004495,0.000000,7.111911
334,0,0.000000,9.032606,0.070103,0.001415,9.062496,0.000000,0.000000,9.253963,0.024764,5.427230,0.047465,0.000000,5.453376
335,0,0.000000,9.146293,0.058263,0.001145,9.205067,0.000000,0.000000,9.562652,0.021198,5.416965,0.026510,0.000000,5.459803
336,0,0.000000,9.196905,0.252845,0.001481,9.450849,0.000000,0.000000,9.886178,0.016649,5.588944,0.209796,0.000000,5.810654
337,0,0.000000,8.383423,0.056366,0.001757,8.428454,0.000000,0.000000,8.758571,0.027955,4.804956,0.009756,0.000000,4.820260
338,0,0.000000,10.100018,0.089887,0.001038,10.190943,0.000000,0.000000,10.293331,0.027096,6.164767,0.077319,0.000000,6.184725
339,0,0.000000,7.380835,0.059656,0.001715,7.438695,0.000000,0.000000,7.826703,0.011563,3.429994,0.029377,0.000000,3.445874
340,0,0.000000,9.820329,0.046346,0.001181,9.867533,0.000000,0.000000,10.210222,0.023870,6.090878,0.019785,0.000000,6.131274
341,0,0.000000,8.596685,0.045729,0.001096,8.628740,0.000000,0.000000,8.952459,0.017241,3.866974,0.018150,0.000000,3.896885
342,0,0.000000,10.410961,0.066676,0.001240,10.454511,0.000000,0.000000,10.744858,0.015693,5.434621,0.032733,0.000000,5.451850
343,0,0.000000,8.855333,0.039449,0.001116,8.895429,0.000000,0.000000,9.222147,0.021790,5.102288,0.087822,0.000000,5.126875
344,0,0.000000,9.088789,0.047440,0.001182,9.131296,0.000000,0.000000,9.597878,0.020270,5.212412,0.024062,0.000000,5.234368
345,0,0.000000,7.865356,0.057125,0.001240,7.894347,0.000000,0.000000,8.426159,0.020946,4.012018,0.038485,0.000000,4.038921
346,0,0.000000,7.964428,0.059716,0.001423,7.999090,0.000000,0.000000,8.271208,0.020599,3.714440,0.034692,0.000000,3.736158
347,0,0.000000,8.853266,0.061683,0.001393,8.904174,0.000000,0.000000,9.156540,0.020322,4.665700,0.006862,0.000000,4.687793
348,0,0.000000,7.417894,0.042828,0.000971,7.451446,0.000000,0.000000,7.624775,0.019154,3.513538,0.093482,0.000000,3.536520
349,0,0.000000,6.733274,0.038164,0.000771,6.769464,0.000000,0.000000,6.861397,0.017406,2.814120,0.005492,0.000000,2.832581
350,0,0.000000,7.199484,0.111037,0.001052,7.311395,0.000000,0.000000,7.668942,0.012757,3.462679,0.060672,0.000000,3.478927
351,0,0.000000,6.651546,0.142467,0.001047,6.695774,0.000000,0.000000,7.130843,0.016246,3.072158,0.240382,0.000000,3.093493
352,0,0.000000,7.657931,0.268691,0.001109,7.927318,0.000000,0.000000,8.093253,0.018104,3.404346,0.228611,0.000000,3.642766
353,0,0.000000,6.850731,0.048991,0.001406,6.885661,0.000000,0.000000,7.050955,0.017026,2.574034,0.017998,0.000000,2.606763
354,0,0.000000,8.236323,0.050775,0.001229,8.286370,0.000000,0.000000,8.424035,0.013980,4.501747,0.013484,0.000000,4.520814
355,0,0.000000,8.120709,0.053997,0.001731,8.174097,0.000000,0.000000,8.390677,0.012622,4.413022,0.007002,0.000000,4.425581
356,0,0.000000,8.293489,0.052674,0.001264,8.347182,0.000000,0.000000,8.425756,0.018785,4.250071,0.016398,0.000000,4.275584
357,0,0.000000,8.239013,0.057137,0.001272,8.291991,0.000000,0.000000,8.540281,0.013576,4.280471,0.012018,0.000000,4.293818
358,0,0.000000,8.344745,0.054552,0.001405,8.399384,0.000000,0.000000,8.624119,0.017420,4.309854,0.008807,0.000000,4.328062
359,0,0.000000,9.021827,0.046703,0.001217,9.061631,0.000000,0.000000,9.443526,0.015537,2.817516,0.129440,0.000000,2.961831
360,0,0.000000,8.601975,0.042725,0.000983,8.632252,0.000000,0.000000,8.923876,0.018266,3.559654,0.060726,0.000000,3.585762
361,0,0.000000,7.639026,0.044890,0.001203,7.684815,0.000000,0.000000,8.188786,0.021265,1.557631,0.018732,0.000000,1.585964
362,0,0.000000,8.750877,0.062512,0.006335,8.783918,0.000000,0.000000,9.113879,0.017471,5.150623,0.166771,0.000000,5.265198
363,0,0.000000,5.986787,0.037205,0.001186,6.017038,0.000000,0.000000,6.337591,0.024950,1.936110,0.008722,0.000000,1.962003
364,0,0.000000,7.546977,0.073456,0.001691,7.590260,0.000000,0.000000,8.064602,0.015816,3.816731,0.061496,0.000000,3.875859
365,0,0.000000,8.151816,0.050504,0.001442,8.203762,0.000000,0.000000,8.341296,0.039269,3.450751,0.020942,0.000000,3.491507
366,0,0.000000,7.097815,0.065483,0.001435,7.152161,0.000000,0.000000,7.488067,0.020977,3.199769,0.036015,0.000000,3.226740
367,0,0.000000,6.471760,0.059647,0.001089,6.502353,0.000000,0.000000,6.906172,0.026370,2.446003,0.032628,0.000000,2.494738
368,0,0.000000,6.283267,0.037899,0.000956,6.322122,0.000000,0.000000,6.753650,0.023984,1.175181,0.006791,0.000000,1.199155
369,0,0.000000,10.632869,0.061609,0.001439,10.695917,0.000000,0.000000,10.786061,0.015606,6.591373,0.007409,0.000000,6.607862
370,0,0.000000,6.637896,0.074576,0.001216,6.667659,0.000000,0.000000,6.911845,0.016216,1.155416,0.055261,0.000000,1.219811
371,0,0.000000,6.003393,0.087439,0.001193,6.035355,0.000000,0.000000,6.287771,0.025397,1.492389,0.059350,0.000000,1.570759
372,0,0.000000,11.017164,0.076343,0.001349,11.084298,0.000000,0.000000,11.389419,0.025869,7.090162,0.031623,0.000000,7.117586
373,0,0.000000,11.953705,0.081946,0.001322,12.036303,0.000000,0.000000,12.652617,0.030711,7.190509,0.030997,0.000000,7.232284
374,0,0.000000,11.250518,0.068728,0.001036,11.316479,0.000000,0.000000,11.812368,0.030866,5.968685,0.006156,0.000000,5.989828
375,0,0.000000,13.804953,0.071334,0.001157,13.877358,0.000000,0.000000,14.181354,0.023771,9.964186,0.008192,0.000000,9.995754
376,0,0.000000,13.911035,0.090158,0.002004,14.001010,0.000000,0.000000,14.386088,0.022605,9.897177,0.006718,0.000000,9.925967
377,0,0.000000,14.248421,0.074746,0.001840,14.319891,0.000000,0.000000,14.543151,0.025701,10.439981,0.105674,0.000000,10.464044
378,0,0.000000,14.031071,0.061031,0.001349,14.092724,0.000000,0.000000,14.311389,0.032994,10.162598,0.005381,0.000000,10.195035
379,0,0.000000,9.961846,0.069130,0.001035,9.995620,0.000000,0.000000,10.514486,0.054152,4.968385,0.038288,0.000000,5.031284
380,0,0.000000,6.642532,0.232777,0.001087,6.686737,0.000000,0.000000,7.613286,0.028851,2.927588,0.190620,0.000000,3.092687
381,0,0.000000,8.403801,0.040850,0.001236,8.440916,0.000000,0.000000,8.623610,0.032034,3.672719,0.005343,0.000000,3.702044
382,0,0.000000,6.235797,0.038402,0.001052,6.266361,0.000000,0.000000,6.552898,0.020346,1.769850,0.008899,0.000000,1.790927
383,0,0.000000,5.971496,0.033001,0.000962,6.000854,0.000000,0.000000,6.280069,0.013549,2.177589,0.059588,0.000000,2.246208
384,0,0.000000,7.270803,0.051009,0.000998,7.302601,0.000000,0.000000,7.590353,0.014515,3.471678,0.017525,0.000000,3.487787
385,0,0.000000,5.855696,0.031809,0.001164,5.886872,0.000000,0.000000,6.085295,0.021650,2.090513,0.006747,0.000000,2.105881
386,0,0.000000,5.809745,0.037260,0.001040,5.840923,0.000000,0.000000,6.119824,0.012641,2.181907,0.008974,0.000000,2.195982
387,0,0.000000,6.360669,0.084394,0.001399,6.435548,0.000000,0.000000,6.810503,0.014457,2.590893,0.143264,0.000000,2.609776
388,0,0.000000,11.747544,0.075139,0.001721,11.805824,0.000000,0.000000,12.182538,0.034356,7.397626,0.021733,0.000000,7.444447
389,0,0.000000,7.502086,0.059809,0.001295,7.535372,0.000000,0.000000,7.711281,0.021569,3.395570,0.010622,0.000000,3.416003
390,0,0.000000,9.208307,0.064801,0.001950,9.275058,0.000000,0.000000,9.522670,0.021152,5.401478,0.011367,0.000000,5.424395
391,0,0.000000,7.705348,0.076792,0.001829,7.783969,0.000000,0.000000,8.325505,0.018654,2.318173,0.031367,0.000000,2.367043
392,0,0.000000,13.927877,0.106131,0.001675,13.995252,0.000000,0.000000,14.490594,0.029826,9.099915,0.051303,0.000000,9.177004
393,0,0.000000,13.708282,0.076169,0.001350,13.782454,0.000000,0.000000,14.058888,0.036627,9.113433,0.011186,0.000000,9.144420
394,0,0.000000,8.002706,0.041032,0.000986,8.034373,0.000000,0.000000,8.358156,0.025094,2.786959,0.011445,0.000000,2.814172
395,0,0.000000,9.878762,0.071268,0.001178,9.921829,0.000000,0.000000,10.398089,0.015513,4.312321,0.069546,0.000000,4.367340
396,0,0.000000,7.468997,0.057407,0.001404,7.527150,0.000000,0.000000,7.859117,0.027892,3.601495,0.013004,0.000000,3.639229
397,0,0.000000,9.046883,0.080848,0.001464,9.089052,0.000000,0.000000,9.510915,0.022634,5.525855,0.043794,0.000000,5.550395
398,0,0.000000,11.300378,0.076657,0.001675,11.378122,0.000000,0.000000,11.573832,0.024973,6.838114,0.031329,0.000000,6.893711
399,0,0.000000,14.552662,0.078139,0.001458,14.600913,0.000000,0.000000,15.261955,0.028780,10.364654,0.033231,0.000000,10.417803
400,0,0.000000,11.067947,0.101606,0.001762,11.149447,0.000000,0.000000,11.391569,0.026450,6.589537,0.062818,0.000000,6.618682
401,0,0.000000,11.353843,0.048922,0.001279,11.403434,0.000000,0.000000,11.634493,0.028560,5.454510,0.118960,0.000000,5.594811
402,0,0.000000,7.560511,0.076226,0.001750,7.605593,0.000000,0.000000,7.859183,0.021467,2.364631,0.038235,0.000000,2.403648
403,0,0.000000,11.799250,0.069040,0.002011,11.868615,0.000000,0.000000,12.517338,0.049665,6.660394,0.028161,0.000000,6.687877
404,0,0.000000,8.161275,0.038247,0.001248,8.194331,0.000000,0.000000,8.918801,0.027001,2.836445,0.067236,0.000000,2.893249
405,0,0.000000,8.162872,0.078086,0.001547,8.200899,0.000000,0.000000,8.551941,0.015861,4.085931,0.019278,0.000000,4.102222
406,0,0.000000,10.093545,0.045283,0.001405,10.127222,0.000000,0.000000,10.538408,0.020914,6.070896,0.012051,0.000000,6.091846
407,0,0.000000,9.970289,0.045457,0.001171,10.009666,0.000000,0.000000,10.311948,0.017376,5.601891,0.058923,0.000000,5.641619
408,0,0.000000,6.435366,0.035518,0.001327,6.471405,0.000000,0.000000,6.646312,0.061679,2.032330,0.007518,0.000000,2.051051
409,0,0.000000,10.365470,0.079830,0.001672,10.446415,0.000000,0.000000,10.745224,0.013219,5.980328,0.040935,0.000000,6.033917
410,0,0.000000,10.394466,0.077664,0.001213,10.464963,0.000000,0.000000,10.668597,0.026219,5.772690,0.037657,0.000000,5.800361
411,0,0.000000,10.630870,0.067030,0.000925,10.664109,0.000000,0.000000,11.068120,0.027985,4.883576,0.037328,0.000000,4.934830
412,0,0.000000,9.210649,0.097202,0.003445,9.248006,0.000000,0.000000,9.793349,0.027112,5.360745,0.056648,0.000000,5.395589
413,0,0.000000,8.954081,0.063617,0.001352,8.986837,0.000000,0.000000,9.224996,0.035169,4.108731,0.036492,0.000000,4.166789
414,0,0.000000,12.284890,0.071980,0.001408,12.347583,0.000000,0.000000,12.572731,0.023575,8.453356,0.027159,0.000000,8.477044
415,0,0.000000,7.476991,0.051819,0.001281,7.517361,0.000000,0.000000,7.715213,0.021130,3.539315,0.011076,0.000000,3.567035
416,0,0.000000,11.906612,0.153200,0.001143,12.024706,0.000000,0.000000,12.242529,0.017591,8.353217,0.036167,0.000000,8.371386
417,0,0.000000,8.107969,0.176685,0.000957,8.258530,0.000000,0.000000,8.527923,0.016921,4.474663,0.140125,0.000000,4.492605
418,0,0.000000,7.941590,0.126623,0.000808,7.997092,0.000000,0.000000,8.314788,0.015017,2.936649,0.232612,0.000000,3.180866
419,0,0.000000,6.887360,0.047493,0.001222,6.913462,0.000000,0.000000,7.166964,0.014836,1.957386,0.025974,0.000000,1.968208
420,0,0.000000,9.481262,0.046621,0.001405,9.524129,0.000000,0.000000,9.647867,0.015482,5.915513,0.015274,0.000000,5.945375
421,0,0.000000,9.358617,0.071966,0.001213,9.407334,0.000000,0.000000,9.577225,0.017264,5.075256,0.038033,0.000000,5.093056
422,0,0.000000,9.009825,0.083042,0.002017,9.052689,0.000000,0.000000,9.391927,0.018009,4.675219,0.016568,0.000000,4.697049
423,0,0.000000,7.480504,0.036164,0.001155,7.517823,0.000000,0.000000,7.769331,0.024979,3.747325,0.013624,0.000000,3.773921
424,0,0.000000,7.520549,0.056744,0.000972,7.544586,0.000000,0.000000,8.272484,0.013149,4.301091,0.035419,0.000000,4.315289
425,0,0.000000,7.373030,0.061900,0.001292,7.403451,0.000000,0.000000,7.860162,0.024414,2.761480,0.009856,0.000000,2.787491
426,0,0.000000,7.904944,0.056581,0.001398,7.937559,0.000000,0.000000,8.063082,0.026958,4.007194,0.027674,0.000000,4.035411
427,0,0.000000,8.608549,0.049029,0.001274,8.649391,0.000000,0.000000,8.929311,0.025657,3.330081,0.131214,0.000000,3.443758
428,0,0.000000,10.679230,0.046172,0.001394,10.726796,0.000000,0.000000,10.920243,0.019168,7.007086,0.003754,0.000000,7.027000
429,0,0.000000,9.345948,0.065448,0.001157,9.391095,0.000000,0.000000,9.697075,0.018413,5.648898,0.039392,0.000000,5.667461
430,0,0.000000,9.721127,0.049987,0.001040,9.765336,0.000000,0.000000,9.849412,0.016850,3.665473,0.020246,0.000000,3.700065
431,0,0.000000,8.017209,0.060310,0.001358,8.046961,0.000000,0.000000,8.282519,0.015437,2.813692,0.034530,0.000000,2.828877
432,0,0.000000,8.153500,0.105591,0.000890,8.226408,0.000000,0.000000,8.611081,0.017171,3.416450,0.079867,0.000000,3.509369
433,0,0.000000,9.060536,0.051376,0.001018,9.107645,0.000000,0.000000,9.267635,0.019367,3.347994,0.025388,0.000000,3.387789
434,0,0.000000,8.427215,0.065618,0.001553,8.459314,0.000000,0.000000,8.610617,0.016486,2.806662,0.037872,0.000000,2.851119
435,0,0.000000,10.068954,0.154612,0.001195,10.224722,0.000000,0.000000,10.367268,0.021554,5.462890,0.121940,0.000000,5.605964
436,0,0.000000,10.393292,0.254852,0.001120,10.649166,0.000000,0.000000,10.836538,0.016754,5.807562,0.222226,0.000000,6.042891
437,0,0.000000,8.402939,0.077432,0.001364,8.436439,0.000000,0.000000,8.992920,0.017489,3.958936,0.044651,0.000000,3.989758
438,0,0.000000,10.744894,0.283506,0.001175,11.018249,0.000000,0.000000,11.213450,0.026815,5.777953,0.242420,0.000000,6.034872
439,0,0.000000,10.528582,0.300571,0.001073,10.829656,0.000000,0.000000,11.185138,0.016996,5.923191,0.261576,0.000000,6.196535
440,0,0.000000,10.583329,0.052138,0.001150,10.634271,0.000000,0.000000,10.835851,0.033789,6.147287,0.003945,0.000000,6.164239
441,0,0.000000,11.291636,0.066932,0.001443,11.359712,0.000000,0.000000,11.567284,0.018017,7.698002,0.075284,0.000000,7.747135
442,0,0.000000,10.678581,0.050225,0.000979,10.724206,0.000000,0.000000,10.963758,0.030258,5.961739,0.018848,0.000000,5.995357
443,0,0.000000,8.243022,0.054065,0.001329,8.298177,0.000000,0.000000,8.427361,0.036033,3.267754,0.025499,0.000000,3.325452
444,0,0.000000,10.734624,0.122358,0.001730,10.852672,0.000000,0.000000,11.188195,0.019798,7.156988,0.079068,0.000000,7.248742
445,0,0.000000,9.374397,0.044823,0.001640,9.416211,0.000000,0.000000,9.598418,0.023190,5.593346,0.014220,0.000000,5.622068
446,0,0.000000,10.283661,0.040732,0.001142,10.322089,0.000000,0.000000,10.511628,0.017300,6.478333,0.010461,0.000000,6.502348
447,0,0.000000,7.071813,0.043133,0.000926,7.098686,0.000000,0.000000,7.374894,0.016654,3.377579,0.020273,0.000000,3.396373
448,0,0.000000,8.374393,0.063738,0.001434,8.431149,0.000000,0.000000,8.551752,0.022474,4.289099,0.038229,0.000000,4.312922
449,0,0.000000,8.593815,0.060215,0.001108,8.625649,0.000000,0.000000,9.047646,0.018655,3.382126,0.023678,0.000000,3.401778
450,0,0.000000,6.782335,0.134847,0.000942,6.914977,0.000000,0.000000,7.003801,0.017555,1.611259,0.101151,0.000000,1.721211
451,0,0.000000,6.941932,0.040021,0.000882,6.969532,0.000000,0.000000,7.177896,0.017346,1.706929,0.012884,0.000000,1.732349
452,0,0.000000,7.009041,0.043518,0.000984,7.053170,0.000000,0.000000,7.275783,0.016544,2.726529,0.020152,0.000000,2.757223
453,0,0.000000,7.403066,0.068952,0.001333,7.462948,0.000000,0.000000,7.707742,0.014764,2.948188,0.026504,0.000000,2.989369
454,0,0.000000,11.169723,0.153018,0.001455,11.323345,0.000000,0.000000,11.451486,0.023661,6.785934,0.003464,0.000000,6.810148
455,0,0.000000,7.830871,0.238146,0.002105,8.064225,0.000000,0.000000,8.249424,0.014865,4.047695,0.200148,0.000000,4.073701
456,0,0.000000,9.635760,0.225296,0.001431,9.848118,0.000000,0.000000,10.114831,0.022888,5.991646,0.177636,0.000000,6.016509
457,0,0.000000,9.638036,0.227225,0.001438,9.813242,0.000000,0.000000,9.920851,0.020517,5.938984,0.191815,0.000000,5.959794
458,0,0.000000,9.458373,0.072064,0.001998,9.530240,0.000000,0.000000,9.715458,0.016903,5.839490,0.031738,0.000000,5.858173
459,0,0.000000,9.340038,0.258262,0.003191,9.584208,0.000000,0.000000,9.776022,0.021226,5.053868,0.111427,0.000000,5.119747
460,0,0.000000,9.898842,0.264851,0.001315,10.102075,0.000000,0.000000,10.309242,0.036818,5.574049,0.216593,0.000000,5.612195
461,0,0.000000,8.447591,0.065269,0.001425,8.488106,0.000000,0.000000,8.657036,0.017076,4.847497,0.039955,0.000000,4.865770
462,0,0.000000,7.967383,0.095230,0.001008,8.063195,0.000000,0.000000,8.127794,0.016256,2.920309,0.063712,0.000000,2.994891
463,0,0.000000,9.897991,0.113645,0.001483,9.940128,0.000000,0.000000,10.262577,0.013534,5.060201,0.080227,0.000000,5.140933
464,0,0.000000,9.857108,0.079904,0.001500,9.928736,0.000000,0.000000,10.143948,0.024647,6.171443,0.050547,0.000000,6.233435
465,0,0.000000,10.541355,0.104518,0.001115,10.583868,0.000000,0.000000,10.741066,0.018028,6.851887,0.059015,0.000000,6.870436
466,0,0.000000,8.355175,0.051366,0.001493,8.393075,0.000000,0.000000,8.725876,0.022018,4.452629,0.114443,0.000000,4.560524
467,0,0.000000,8.711993,0.105193,0.001214,8.817916,0.000000,0.000000,9.324861,0.017787,5.270010,0.056872,0.000000,5.290969
468,0,0.000000,8.737597,0.132336,0.001507,8.791447,0.000000,0.000000,8.960858,0.054195,4.701754,0.079816,0.000000,4.757460
469,0,0.000000,8.772742,0.055362,0.001242,8.818976,0.000000,0.000000,8.952426,0.015704,4.922395,0.030573,0.000000,4.957504
470,0,0.000000,9.352246,0.118257,0.001391,9.471294,0.000000,0.000000,9.611315,0.020881,5.434418,0.080914,0.000000,5.530433
471,0,0.000000,9.311878,0.101386,0.000966,9.413903,0.000000,0.000000,9.561631,0.016689,5.351434,0.053705,0.000000,5.369882
472,0,0.000000,8.809902,0.078439,0.001770,8.872750,0.000000,0.000000,9.425560,0.019519,5.024174,0.122700,0.000000,5.087936
473,0,0.000000,9.699349,0.053277,0.001396,9.752094,0.000000,0.000000,10.050863,0.027940,2.597471,0.017494,0.000000,2.627868
474,0,0.000000,9.538606,0.054350,0.001431,9.592046,0.000000,0.000000,9.959149,0.022889,2.517745,0.021548,0.000000,2.545998
475,0,0.000000,9.606037,0.053112,0.001293,9.642964,0.000000,0.000000,10.106298,0.023667,3.073207,0.153128,0.000000,3.119395
476,0,0.000000,9.711020,0.090745,0.001240,9.773692,0.000000,0.000000,10.429959,0.018022,5.790755,0.021550,0.000000,5.824382
477,0,0.000000,9.979086,0.163627,0.001600,10.082212,0.000000,0.000000,10.563742,0.024214,3.401932,0.124285,0.000000,3.541517
478,0,0.000000,7.735901,0.056929,0.001294,7.766651,0.000000,0.000000,8.135427,0.025563,4.145057,0.082077,0.000000,4.174353
479,0,0.000000,8.423472,0.054223,0.001429,8.466353,0.000000,0.000000,8.925612,0.021682,4.204011,0.020891,0.000000,4.226638
480,0,0.000000,6.774368,0.083772,0.001388,6.819259,0.000000,0.000000,7.061754,0.021264,1.351374,0.009298,0.000000,1.381660
481,0,0.000000,8.003592,0.246947,0.000932,8.251471,0.000000,0.000000,8.446172,0.013971,4.276054,0.281557,0.000000,4.506750
482,0,0.000000,10.974166,0.058023,0.001008,11.023248,0.000000,0.000000,11.289418,0.022471,6.272022,0.021596,0.000000,6.296094
483,0,0.000000,8.254755,0.077502,0.001211,8.279568,0.000000,0.000000,8.698298,0.022729,3.729193,0.068318,0.000000,3.818971
484,0,0.000000,7.341640,0.271598,0.001275,7.606557,0.000000,0.000000,7.738415,0.036636,2.317113,0.230311,0.000000,2.564419
485,0,0.000000,7.803518,0.056669,0.000863,7.833537,0.000000,0.000000,8.222296,0.015967,2.768424,0.054162,0.000000,2.834442
486,0,0.000000,8.243701,0.223856,0.001163,8.421777,0.000000,0.000000,8.754331,0.015815,3.398953,0.181355,0.000000,3.589367
487,0,0.000000,10.004703,0.222129,0.000871,10.224958,0.000000,0.000000,10.306891,0.014499,5.146450,0.189509,0.000000,5.347371
488,0,0.000000,11.118159,0.077145,0.001243,11.195899,0.000000,0.000000,11.434906,0.014392,6.276206,0.005525,0.000000,6.291425
489,0,0.000000,9.969672,0.224090,0.000946,10.194244,0.000000,0.000000,10.398465,0.019333,5.107658,0.178195,0.000000,5.304356
490,0,0.000000,8.785076,0.166745,0.001029,8.952648,0.000000,0.000000,9.304634,0.015859,4.657471,0.128339,0.000000,4.687182
491,0,0.000000,7.622049,0.065594,0.001851,7.651938,0.000000,0.000000,7.938726,0.019309,2.290352,0.039823,0.000000,2.307914
492,0,0.000000,11.307242,0.065332,0.001368,11.362732,0.000000,0.000000,11.874028,0.020097,7.559848,0.018194,0.000000,7.582804
493,0,0.000000,8.170051,0.057964,0.001142,8.228552,0.000000,0.000000,8.418114,0.025810,2.186551,0.027771,0.000000,2.234555
494,0,0.000000,7.464505,0.053149,0.001383,7.518037,0.000000,0.000000,7.747752,0.022827,2.911022,0.012425,0.000000,2.925801
495,0,0.000000,6.624624,0.048381,0.001303,6.664108,0.000000,0.000000,6.912660,0.020740,1.578770,0.149176,0.000000,1.604296
496,0,0.000000,11.487405,0.056023,0.000988,11.533423,0.000000,0.000000,11.970310,0.018989,6.995443,0.017411,0.000000,7.016089
497,0,0.000000,9.690025,0.050056,0.001271,9.741352,0.000000,0.000000,9.867609,0.022731,4.648744,0.018543,0.000000,4.685586
498,0,0.000000,11.481232,0.078970,0.001114,11.530358,0.000000,0.000000,11.988516,0.017702,7.615431,0.034122,0.000000,7.654895
499,0,0.000000,7.297086,0.106728,0.001121,7.348780,0.000000,0.000000,7.552865,0.038591,3.757257,0.061607,0.000000,3.796030
500,0,0.000000,8.032722,0.100522,0.001663,8.111284,0.000000,0.000000,8.659482,0.015027,4.224147,0.055540,0.000000,4.242440
501,0,0.000000,10.897967,0.075407,0.001098,10.969606,0.000000,0.000000,11.711402,0.031006,6.653051,0.036231,0.000000,6.685768
502,0,0.000000,11.757203,0.071140,0.001411,11.822269,0.000000,0.000000,12.045119,0.033968,6.890007,0.070600,0.000000,6.949637
503,0,0.000000,13.857362,0.170726,0.003195,14.030080,0.000000,0.000000,14.178370,0.021889,9.703163,0.030375,0.000000,9.728992
504,0,0.000000,14.379558,0.094627,0.001900,14.476085,0.000000,0.000000,14.820669,0.021061,9.478940,0.038423,0.000000,9.537109
505,0,0.000000,12.708559,0.078188,0.018130,12.788035,0.000000,0.000000,13.032873,0.089889,6.913353,0.044822,0.000000,7.013614
506,0,0.000000,9.664517,0.076023,0.001361,9.741342,0.000000,0.000000,9.969237,0.027596,4.084208,0.029674,0.000000,4.135129
507,0,0.000000,12.047098,0.113502,0.017026,12.155907,0.000000,0.000000,12.708669,0.027923,7.102418,0.036403,0.000000,7.158700
508,0,0.000000,11.617908,0.061894,0.001215,11.651576,0.000000,0.000000,12.014030,0.036766,6.466208,0.186939,0.000000,6.668879
509,0,0.000000,12.144148,0.064057,0.001926,12.207981,0.000000,0.000000,12.691105,0.020279,7.854011,0.030154,0.000000,7.901019
510,0,0.000000,10.076966,0.049800,0.001003,10.118963,0.000000,0.000000,10.542189,0.026186,6.115636,0.009144,0.000000,6.139099
511,0,0.000000,10.384622,0.061229,0.001308,10.438252,0.000000,0.000000,10.859272,0.017038,6.071703,0.092931,0.000000,6.091099
512,0,0.000000,9.847765,0.091566,0.001425,9.940756,0.000000,0.000000,10.656733,0.026842,4.773208,0.055589,0.000000,4.852231
513,0,0.000000,7.838878,0.072983,0.001705,7.905459,0.000000,0.000000,8.481154,0.064830,3.476029,0.031850,0.000000,3.564303
514,0,0.000000,8.733464,0.045894,0.001270,8.780628,0.000000,0.000000,9.182086,0.027015,3.937315,0.181758,0.000000,3.966516
515,0,0.000000,6.713051,0.053597,0.001117,6.759143,0.000000,0.000000,6.973959,0.030114,2.435565,0.014349,0.000000,2.476867
516,0,0.000000,8.337103,0.085556,0.002134,8.418019,0.000000,0.000000,8.935189,0.021847,3.085104,0.064092,0.000000,3.131828
517,0,0.000000,11.264249,0.063294,0.001270,11.304916,0.000000,0.000000,12.116387,0.060056,7.570677,0.018718,0.000000,7.641825
518,0,0.000000,8.843653,0.066971,0.001045,8.911140,0.000000,0.000000,9.150939,0.025966,3.600543,0.031812,0.000000,3.641389
519,0,0.000000,10.429329,0.067090,0.001122,10.488077,0.000000,0.000000,10.889942,0.023183,4.883421,0.034348,0.000000,4.933542
520,0,0.000000,10.174756,0.057755,0.001234,10.232875,0.000000,0.000000,10.582681,0.021778,4.878111,0.171667,0.000000,5.058863
521,0,0.000000,10.428153,0.089526,0.001620,10.489940,0.000000,0.000000,11.200488,0.031012,6.769000,0.007853,0.000000,6.806225
522,0,0.000000,12.713149,0.055880,0.001977,12.768990,0.000000,0.000000,13.076488,0.025976,8.954951,0.021668,0.000000,8.976671
523,0,0.000000,12.483430,0.064185,0.001597,12.540194,0.000000,0.000000,12.731752,0.022921,7.139065,0.036974,0.000000,7.192558
524,0,0.000000,10.481367,0.066203,0.001707,10.544688,0.000000,0.000000,11.214635,0.021611,3.811459,0.028828,0.000000,3.851451
525,0,0.000000,11.674061,0.054274,0.001167,11.729417,0.000000,0.000000,12.059360,0.023026,5.669538,0.155971,0.000000,5.828667
526,0,0.000000,9.415585,0.068262,0.001982,9.477268,0.000000,0.000000,9.633111,0.022043,4.204980,0.035636,0.000000,4.254729
527,0,0.000000,10.680578,0.068920,0.001451,10.718299,0.000000,0.000000,11.289708,0.023448,5.740469,0.037725,0.000000,5.787052
528,0,0.000000,7.483986,0.059224,0.001082,7.537148,0.000000,0.000000,7.770891,0.023076,2.375335,0.027983,0.000000,2.415119
529,0,0.000000,11.771785,0.067738,0.001092,11.807213,0.000000,0.000000,12.203175,0.023039,7.534296,0.034285,0.000000,7.556355
530,0,0.000000,10.847261,0.080624,0.009362,10.897289,0.000000,0.000000,11.154639,0.028341,5.748453,0.061183,0.000000,5.831302
531,0,0.000000,9.050317,0.083438,0.001104,9.104839,0.000000,0.000000,9.401768,0.026334,3.927236,0.032052,0.000000,3.968193
532,0,0.000000,9.816459,0.067062,0.001686,9.860940,0.000000,0.000000,10.252410,0.024840,5.565415,0.039304,0.000000,5.620960
533,0,0.000000,11.838375,0.058933,0.001138,11.894723,0.000000,0.000000,12.207681,0.024012,6.396348,0.173178,0.000000,6.588301
534,0,0.000000,13.392948,0.070495,0.001672,13.458800,0.000000,0.000000,13.673773,0.019671,8.758623,0.042997,0.000000,8.816987
535,0,0.000000,12.125912,0.135423,0.003252,12.235232,0.000000,0.000000,12.898883,0.024432,6.257708,0.107688,0.000000,6.284348
536,0,0.000000,11.811831,0.088890,0.001673,11.891008,0.000000,0.000000,12.485680,0.032693,5.859152,0.062675,0.000000,5.887289
537,0,0.000000,11.048301,0.049788,0.001010,11.099099,0.000000,0.000000,11.240649,0.028458,5.050872,0.019732,0.000000,5.073261
538,0,0.000000,10.668695,0.151990,0.005491,10.726459,0.000000,0.000000,11.118571,0.018364,7.013753,0.021828,0.000000,7.051076
539,0,0.000000,10.577351,0.086117,0.002316,10.662973,0.000000,0.000000,10.949499,0.075989,6.502456,0.058778,0.000000,6.637223
540,0,0.000000,11.053002,0.068196,0.001313,11.084201,0.000000,0.000000,11.395171,0.050110,7.134805,0.087769,0.000000,7.243919
541,0,0.000000,10.845570,0.077088,0.001619,10.916973,0.000000,0.000000,11.025075,0.021168,5.437863,0.037051,0.000000,5.495936
542,0,0.000000,11.497694,0.063873,0.001877,11.548579,0.000000,0.000000,11.896089,0.027151,6.209436,0.037094,0.000000,6.265079
543,0,0.000000,11.499646,0.060876,0.001507,11.541547,0.000000,0.000000,11.918893,0.026626,7.796663,0.161991,0.000000,7.827724
544,0,0.000000,10.853690,0.057841,0.001183,10.895257,0.000000,0.000000,11.254254,0.020857,5.050132,0.021990,0.000000,5.070488
545,0,0.000000,10.389643,0.068163,0.001393,10.420881,0.000000,0.000000,11.282641,0.019636,6.873660,0.007506,0.000000,6.894198
546,0,0.000000,11.173964,0.074591,0.001546,11.222911,0.000000,0.000000,11.799343,0.040991,7.692499,0.028231,0.000000,7.720376
547,0,0.000000,10.206800,0.072398,0.001759,10.276379,0.000000,0.000000,10.761217,0.035409,5.323915,0.135442,0.000000,5.365429
548,0,0.000000,9.736261,0.056918,0.001131,9.777568,0.000000,0.000000,9.942033,0.026478,3.957799,0.031864,0.000000,3.985431
549,0,0.000000,9.553579,0.060651,0.001905,9.614738,0.000000,0.000000,9.769520,0.019057,4.725528,0.008209,0.000000,4.744284
550,0,0.000000,10.002806,0.067976,0.001264,10.058988,0.000000,0.000000,10.489713,0.021167,6.275021,0.038697,0.000000,6.328024
551,0,0.000000,11.644897,0.101617,0.001841,11.701207,0.000000,0.000000,11.944209,0.019212,7.798833,0.070289,0.000000,7.825973
552,0,0.000000,10.585494,0.071568,0.001503,10.622417,0.000000,0.000000,10.834153,0.028098,6.319508,0.026595,0.000000,6.354110
553,0,0.000000,12.130466,0.066064,0.001262,12.182724,0.000000,0.000000,12.467756,0.020996,6.222323,0.002636,0.000000,6.244715
554,0,0.000000,12.270978,0.077042,0.001317,12.318107,0.000000,0.000000,12.709081,0.029253,8.415314,0.042785,0.000000,8.486260
555,0,0.000000,11.637060,0.065203,0.001311,11.698157,0.000000,0.000000,12.064357,0.018728,7.499860,0.092304,0.000000,7.601278
556,0,0.000000,9.907724,0.061858,0.001320,9.970902,0.000000,0.000000,10.355620,0.029616,4.290346,0.025752,0.000000,4.321251
557,0,0.000000,10.619866,0.091608,0.001100,10.661881,0.000000,0.000000,11.266927,0.024683,5.871756,0.055610,0.000000,5.940144
558,0,0.000000,9.483775,0.076469,0.001801,9.554215,0.000000,0.000000,9.909639,0.029244,4.445470,0.035473,0.000000,4.478262
559,0,0.000000,13.965880,0.092405,0.002901,14.046057,0.000000,0.000000,14.766646,0.035917,9.647574,0.058483,0.000000,9.738887
560,0,0.000000,13.930227,0.070456,0.001547,13.994331,0.000000,0.000000,14.586981,0.030826,10.593267,0.166853,0.000000,10.641591
561,0,0.000000,14.780517,0.061864,0.001272,14.836898,0.000000,0.000000,15.116460,0.029529,9.228446,0.010527,0.000000,9.267069
562,0,0.000000,9.232318,0.085079,0.001187,9.273786,0.000000,0.000000,10.053702,0.022366,5.551911,0.098951,0.000000,5.672580
563,0,0.000000,9.540472,0.077103,0.001596,9.603363,0.000000,0.000000,10.102473,0.029353,5.670180,0.019619,0.000000,5.718317
564,0,0.000000,9.667156,0.060335,0.001351,9.722448,0.000000,0.000000,10.147752,0.027377,5.126155,0.018670,0.000000,5.153955
565,0,0.000000,10.214753,0.111964,0.002394,10.315184,0.000000,0.000000,10.639132,0.021334,6.394854,0.076508,0.000000,6.417355
566,0,0.000000,13.822097,0.082593,0.001524,13.905974,0.000000,0.000000,14.423190,0.033565,10.316039,0.010315,0.000000,10.349493
567,0,0.000000,13.622098,0.071202,0.001364,13.676898,0.000000,0.000000,13.976492,0.024578,9.426532,0.042432,0.000000,9.476294
568,0,0.000000,13.972885,0.047369,0.001237,14.021331,0.000000,0.000000,14.638356,0.026954,10.484104,0.071514,0.000000,10.509950
569,0,0.000000,13.139287,0.076658,0.001476,13.198575,0.000000,0.000000,13.909803,0.018776,9.703740,0.008811,0.000000,9.725589
570,0,0.000000,13.639490,0.059554,0.001658,13.687370,0.000000,0.000000,14.049589,0.064617,9.789178,0.012686,0.000000,9.851845
571,0,0.000000,9.789144,0.060667,0.001347,9.815260,0.000000,0.000000,10.098296,0.020189,6.126612,0.072068,0.000000,6.144437
572,0,0.000000,9.923703,0.054019,0.001237,9.978309,0.000000,0.000000,10.083931,0.020845,6.483851,0.025656,0.000000,6.512959
573,0,0.000000,10.143306,0.064495,0.001435,10.188269,0.000000,0.000000,10.406928,0.016563,6.739159,0.018485,0.000000,6.769515
574,0,0.000000,10.209728,0.050314,0.001075,10.258073,0.000000,0.000000,10.769747,0.020126,6.732241,0.020543,0.000000,6.753270
575,0,0.000000,10.929136,0.067141,0.001824,10.996732,0.000000,0.000000,11.251497,0.021002,6.753403,0.041342,0.000000,6.813499
576,0,0.000000,11.852546,0.064238,0.001664,11.910166,0.000000,0.000000,12.056256,0.020385,8.325668,0.027964,0.000000,8.356016
577,0,0.000000,6.104706,0.080915,0.000981,6.186312,0.000000,0.000000,6.378276,0.026865,0.843452,0.043971,0.000000,0.912869
578,0,0.000000,8.333222,0.093290,0.001189,8.399687,0.000000,0.000000,8.830204,0.021676,4.199934,0.024514,0.000000,4.222514
579,0,0.000000,12.994918,0.055669,0.001238,13.051240,0.000000,0.000000,13.273494,0.026727,7.326677,0.006743,0.000000,7.354634
580,0,0.000000,7.428600,0.084688,0.001758,7.463091,0.000000,0.000000,7.746975,0.021037,3.917246,0.054880,0.000000,3.943539
581,0,0.000000,8.464138,0.052564,0.001641,8.515245,0.000000,0.000000,8.677324,0.022949,3.434008,0.020926,0.000000,3.474003
582,0,0.000000,8.988862,0.054839,0.001388,9.039951,0.000000,0.000000,9.417460,0.022018,3.793048,0.021480,0.000000,3.832481
583,0,0.000000,9.018909,0.058289,0.001474,9.068070,0.000000,0.000000,9.284788,0.023039,3.679910,0.117806,0.000000,3.815965
584,0,0.000000,8.772267,0.056520,0.001804,8.824729,0.000000,0.000000,9.282162,0.021545,3.489090,0.019403,0.000000,3.514422
585,0,0.000000,8.345393,0.077883,0.001450,8.405627,0.000000,0.000000,8.900571,0.022552,3.159526,0.013356,0.000000,3.181546
586,0,0.000000,9.813173,0.084005,0.001064,9.898172,0.000000,0.000000,10.255408,0.028257,4.078505,0.013419,0.000000,4.107728
587,0,0.000000,10.758782,0.057852,0.001151,10.803206,0.000000,0.000000,11.102252,0.033599,6.140044,0.148128,0.000000,6.308942
588,0,0.000000,8.538826,0.060736,0.001399,8.583967,0.000000,0.000000,9.062178,0.022368,4.044597,0.035946,0.000000,4.079717
589,0,0.000000,10.462996,0.053086,0.001760,10.514704,0.000000,0.000000,10.619773,0.022792,4.778108,0.015261,0.000000,4.804681
590,0,0.000000,10.468760,0.060138,0.001678,10.523573,0.000000,0.000000,10.731239,0.043577,4.819079,0.017063,0.000000,4.864891
591,0,0.000000,8.779931,0.065970,0.001277,8.822001,0.000000,0.000000,9.351991,0.022410,2.980265,0.023096,0.000000,3.005144
592,0,0.000000,9.088192,0.052238,0.001522,9.138532,0.000000,0.000000,9.476346,0.025410,3.312394,0.114333,0.000000,3.339667
593,0,0.000000,8.936136,0.063555,0.001680,8.998357,0.000000,0.000000,9.357902,0.023086,2.944041,0.023906,0.000000,2.968970
594,0,0.000000,8.352684,0.075067,0.001577,8.391704,0.000000,0.000000,8.640443,0.025049,2.554105,0.041974,0.000000,2.595921
595,0,0.000000,13.010920,0.084957,0.001774,13.097472,0.000000,0.000000,13.246700,0.021968,8.635910,0.020289,0.000000,8.669689
596,0,0.000000,10.840086,0.068594,0.001871,10.910164,0.000000,0.000000,11.222405,0.025621,4.881436,0.025049,0.000000,4.917138
597,0,0.000000,7.019572,0.049401,0.001217,7.049859,0.000000,0.000000,7.425818,0.027857,1.242557,0.017928,0.000000,1.281788
598,0,0.000000,9.284550,0.045641,0.001244,9.326998,0.000000,0.000000,9.615707,0.019880,4.569300,0.015700,0.000000,4.595414
599,0,0.000000,8.529043,0.054934,0.000975,8.555479,0.000000,0.000000,8.860483,0.019834,3.359430,0.076779,0.000000,3.422326
600,0,0.000000,10.683725,0.094108,0.001451,10.779284,0.000000,0.000000,10.934774,0.028027,6.971696,0.014637,0.000000,6.994381
601,0,0.000000,7.821181,0.032898,0.000979,7.851344,0.000000,0.000000,7.998605,0.026430,4.205022,0.003054,0.000000,4.231254
602,0,0.000000,10.132028,0.051263,0.001532,10.184823,0.000000,0.000000,10.533847,0.012817,6.685085,0.004331,0.000000,6.699279
603,0,0.000000,7.536569,0.055897,0.001151,7.565869,0.000000,0.000000,7.814070,0.018080,4.063498,0.020562,0.000000,4.081439
604,0,0.000000,8.124302,0.170522,0.000901,8.295305,0.000000,0.000000,8.418866,0.025614,4.302795,0.133651,0.000000,4.329427
605,0,0.000000,7.918124,0.072164,0.001612,7.991682,0.000000,0.000000,8.267404,0.019243,4.252957,0.025605,0.000000,4.288984
606,0,0.000000,7.919804,0.085445,0.000901,8.005742,0.000000,0.000000,8.132339,0.023581,4.002167,0.049187,0.000000,4.026219
607,0,0.000000,7.213221,0.090736,0.001188,7.305145,0.000000,0.000000,7.429833,0.015762,3.388596,0.064238,0.000000,3.464433
608,0,0.000000,9.790934,0.259894,0.001089,10.048828,0.000000,0.000000,10.174802,0.013401,6.113016,0.222397,0.000000,6.341376
609,0,0.000000,8.882020,0.268501,0.001470,9.151991,0.000000,0.000000,9.426821,0.017592,5.280301,0.227693,0.000000,5.514405
610,0,0.000000,9.643198,0.257635,0.001187,9.862110,0.000000,0.000000,10.138312,0.020991,6.047633,0.208795,0.000000,6.229153
611,0,0.000000,9.894617,0.275125,0.001350,10.171092,0.000000,0.000000,10.502674,0.018340,6.180535,0.229505,0.000000,6.423465
612,0,0.000000,9.937710,0.172161,0.001435,10.041530,0.000000,0.000000,10.398547,0.026958,6.111954,0.300446,0.000000,6.144599
613,0,0.000000,10.638437,0.062177,0.001144,10.686080,0.000000,0.000000,11.114492,0.022333,6.951103,0.008653,0.000000,6.973998
614,0,0.000000,9.793947,0.047466,0.000919,9.837945,0.000000,0.000000,10.341571,0.017517,6.654386,0.015192,0.000000,6.682208
615,0,0.000000,9.415737,0.250144,0.001247,9.667128,0.000000,0.000000,10.069749,0.021979,6.122718,0.217713,0.000000,6.360619
616,0,0.000000,8.388747,0.052336,0.001155,8.421587,0.000000,0.000000,8.954131,0.019761,4.924662,0.021407,0.000000,4.946037
617,0,0.000000,10.103223,0.037497,0.001077,10.138527,0.000000,0.000000,10.427460,0.021531,6.239181,0.003184,0.000000,6.260872
618,0,0.000000,7.854340,0.054327,0.001074,7.909502,0.000000,0.000000,8.067733,0.020177,4.359655,0.070952,0.000000,4.381817
619,0,0.000000,8.471605,0.055956,0.000896,8.504367,0.000000,0.000000,8.856887,0.015841,5.119891,0.021772,0.000000,5.138405
620,0,0.000000,8.008846,0.053285,0.001159,8.056967,0.000000,0.000000,8.351981,0.021428,4.474764,0.005918,0.000000,4.497256
621,0,0.000000,9.213772,0.045949,0.001377,9.252617,0.000000,0.000000,9.448255,0.022765,5.687468,0.033765,0.000000,5.712022
622,0,0.000000,9.103711,0.138517,0.001247,9.242730,0.000000,0.000000,9.348817,0.019997,5.040294,0.015329,0.000000,5.075330
623,0,0.000000,10.524748,0.074336,0.001370,10.600454,0.000000,0.000000,10.881782,0.017515,6.555251,0.033052,0.000000,6.605818
624,0,0.000000,10.960077,0.055968,0.001380,11.016801,0.000000,0.000000,11.210084,0.014925,7.614890,0.004132,0.000000,7.633396
625,0,0.000000,8.513306,0.231681,0.002515,8.539678,0.000000,0.000000,8.911470,0.020419,4.937475,0.216174,0.000000,4.966072
626,0,0.000000,6.580290,0.122611,0.000992,6.614444,0.000000,0.000000,6.976988,0.064847,2.956851,0.029393,0.000000,3.021218
627,0,0.000000,7.887710,0.048925,0.001324,7.937107,0.000000,0.000000,8.235459,0.021484,4.246387,0.017761,0.000000,4.282818
628,0,0.000000,9.256557,0.084203,0.001252,9.309864,0.000000,0.000000,9.422600,0.025444,5.438461,0.020029,0.000000,5.474984
629,0,0.000000,9.163555,0.073544,0.001498,9.238543,0.000000,0.000000,9.388346,0.017875,5.546370,0.019124,0.000000,5.564996
630,0,0.000000,8.925489,0.146937,0.000929,9.034569,0.000000,0.000000,9.195217,0.020025,5.661573,0.111476,0.000000,5.682315
631,0,0.000000,9.099367,0.063539,0.001748,9.162191,0.000000,0.000000,9.327084,0.015845,4.066859,0.026729,0.000000,4.103454
632,0,0.000000,9.092556,0.084205,0.001666,9.178427,0.000000,0.000000,9.351240,0.019966,4.215703,0.046577,0.000000,4.275665
633,0,0.000000,9.466275,0.266247,0.001917,9.716437,0.000000,0.000000,10.015160,0.022395,4.643127,0.219209,0.000000,4.877692
634,0,0.000000,9.449335,0.063850,0.001363,9.505125,0.000000,0.000000,9.714080,0.019724,4.559202,0.029004,0.000000,4.584755
635,0,0.000000,9.197408,0.107686,0.001575,9.258032,0.000000,0.000000,9.484902,0.019140,5.894449,0.017459,0.000000,5.930420
636,0,0.000000,10.297487,0.151580,0.001658,10.445974,0.000000,0.000000,10.599333,0.020390,6.766393,0.113939,0.000000,6.897221
637,0,0.000000,10.295921,0.094331,0.001377,10.391629,0.000000,0.000000,10.541784,0.018493,6.813537,0.050986,0.000000,6.876216
638,0,0.000000,9.818722,0.237829,0.001836,10.057636,0.000000,0.000000,10.144932,0.015785,6.328037,0.192725,0.000000,6.533780
639,0,0.000000,9.646868,0.115270,0.001219,9.749508,0.000000,0.000000,10.155220,0.015960,6.152353,0.066746,0.000000,6.229693
640,0,0.000000,9.907904,0.065163,0.001768,9.969128,0.000000,0.000000,10.385859,0.014666,6.475804,0.013550,0.000000,6.501404
641,0,0.000000,8.631656,0.064839,0.001198,8.663177,0.000000,0.000000,9.107040,0.023735,5.177861,0.180081,0.000000,5.204998
642,0,0.000000,9.332076,0.073101,0.001250,9.406427,0.000000,0.000000,9.533203,0.021829,3.209757,0.028170,0.000000,3.253737
643,0,0.000000,8.312025,0.087294,0.001300,8.362691,0.000000,0.000000,8.709369,0.020831,4.135023,0.060538,0.000000,4.213099
644,0,0.000000,9.897448,0.046364,0.000873,9.928684,0.000000,0.000000,10.258792,0.018684,5.741306,0.018530,0.000000,5.774641
645,0,0.000000,8.833479,0.119530,0.001052,8.954061,0.000000,0.000000,9.175636,0.027424,4.701393,0.089831,0.000000,4.816359
646,0,0.000000,9.038230,0.060520,0.000950,9.066694,0.000000,0.000000,9.241081,0.016201,5.006385,0.034816,0.000000,5.031503
647,0,0.000000,8.982543,0.071762,0.000891,9.054808,0.000000,0.000000,9.125210,0.024351,4.138466,0.020832,0.000000,4.175302
648,0,0.000000,9.021872,0.110750,0.001047,9.133065,0.000000,0.000000,9.265637,0.017725,3.658505,0.043919,0.000000,3.705661
649,0,0.000000,10.203820,0.141817,0.001367,10.346296,0.000000,0.000000,10.581940,0.023084,5.405089,0.018023,0.000000,5.435287
650,0,0.000000,9.172081,0.090159,0.001422,9.262772,0.000000,0.000000,9.439475,0.024438,4.249648,0.040486,0.000000,4.296636
651,0,0.000000,9.416245,0.154610,0.000994,9.561285,0.000000,0.000000,9.751321,0.033282,4.241370,0.003953,0.000000,4.275680
652,0,0.000000,8.890800,0.095768,0.001365,8.933682,0.000000,0.000000,9.196768,0.014790,5.487203,0.060046,0.000000,5.553883
653,0,0.000000,9.397389,0.213842,0.000862,9.435184,0.000000,0.000000,10.011131,0.021857,5.587217,0.178789,0.000000,5.786525
654,0,0.000000,6.695472,0.107725,0.000958,6.760953,0.000000,0.000000,6.988614,0.019637,1.991690,0.068404,0.000000,2.074852
655,0,0.000000,7.714140,0.193267,0.000983,7.907872,0.000000,0.000000,8.075131,0.017905,3.042314,0.153938,0.000000,3.207191
656,0,0.000000,7.962175,0.052766,0.001431,8.007994,0.000000,0.000000,8.244197,0.015178,3.010327,0.018800,0.000000,3.043970
657,0,0.000000,9.115926,0.141404,0.001349,9.169940,0.000000,0.000000,9.462742,0.021689,5.608894,0.088150,0.000000,5.648934
658,0,0.000000,9.045071,0.048415,0.001401,9.090348,0.000000,0.000000,9.317394,0.017802,5.257752,0.088774,0.000000,5.277907
659,0,0.000000,7.934544,0.043574,0.001078,7.963385,0.000000,0.000000,8.433030,0.019951,4.262545,0.071186,0.000000,4.340889
660,0,0.000000,7.797050,0.235611,0.000821,8.024681,0.000000,0.000000,8.236382,0.015731,2.978959,0.202483,0.000000,3.187624
661,0,0.000000,7.804618,0.140462,0.001216,7.901296,0.000000,0.000000,8.368075,0.020270,3.168198,0.098932,0.000000,3.277558
662,0,0.000000,7.663112,0.308683,0.000910,7.961015,0.000000,0.000000,8.381372,0.023692,3.091121,0.273649,0.000000,3.375863
663,0,0.000000,7.182911,0.183189,0.009488,7.240185,0.000000,0.000000,7.728251,0.017777,2.369485,0.336347,0.000000,2.718504
664,0,0.000000,8.257738,0.158824,0.001348,8.318240,0.000000,0.000000,8.978123,0.025471,3.865038,0.145336,0.000000,4.019518
665,0,0.000000,8.438000,0.273204,0.001479,8.497066,0.000000,0.000000,9.221489,0.028267,3.985664,0.225135,0.000000,4.222905
666,0,0.000000,8.284304,0.060745,0.001481,8.335711,0.000000,0.000000,8.642531,0.024290,3.672219,0.025555,0.000000,3.713813
667,0,0.000000,9.589624,0.051617,0.001673,9.630681,0.000000,0.000000,9.951036,0.038111,6.205290,0.081377,0.000000,6.242615
668,0,0.000000,8.016002,0.044967,0.001026,8.061995,0.000000,0.000000,8.380945,0.021090,3.686749,0.007651,0.000000,3.708165
669,0,0.000000,9.348158,0.092983,0.001579,9.396870,0.000000,0.000000,10.245658,0.014296,6.014234,0.053020,0.000000,6.043481
670,0,0.000000,8.943911,0.039878,0.000856,8.984477,0.000000,0.000000,9.183208,0.045675,3.825995,0.003882,0.000000,3.869643
671,0,0.000000,10.177460,0.044134,0.001052,10.222223,0.000000,0.000000,10.402292,0.015188,6.767329,0.082195,0.000000,6.783980
672,0,0.000000,8.693635,0.115115,0.000841,8.809375,0.000000,0.000000,9.083322,0.018113,5.258225,0.001788,0.000000,5.277375
673,0,0.000000,8.932705,0.051286,0.001264,8.984471,0.000000,0.000000,9.374318,0.136661,4.938952,0.015145,0.000000,5.085308
674,0,0.000000,8.189367,0.047075,0.001013,8.222917,0.000000,0.000000,8.401273,0.014443,4.518253,0.016235,0.000000,4.534260
675,0,0.000000,8.068357,0.046358,0.001224,8.111673,0.000000,0.000000,8.327110,0.017066,4.794008,0.017876,0.000000,4.812384
676,0,0.000000,7.453147,0.074941,0.001346,7.514086,0.000000,0.000000,7.956354,0.018102,3.035608,0.006860,0.000000,3.052231
677,0,0.000000,9.042184,0.063723,0.001596,9.107253,0.000000,0.000000,9.194101,0.025424,5.727668,0.002588,0.000000,5.755161
678,0,0.000000,8.969132,0.061809,0.001185,9.032126,0.000000,0.000000,9.203072,0.016396,5.830239,0.002179,0.000000,5.847732
679,0,0.000000,8.787153,0.077116,0.001993,8.845792,0.000000,0.000000,9.077342,0.020418,5.519006,0.026312,0.000000,5.546177
680,0,0.000000,8.010470,0.062426,0.001105,8.057389,0.000000,0.000000,8.297878,0.080401,3.312015,0.022144,0.000000,3.414560
681,0,0.000000,6.964622,0.062458,0.000964,6.990831,0.000000,0.000000,7.273674,0.015735,2.439727,0.038118,0.000000,2.482818
682,0,0.000000,6.920140,0.044407,0.001136,6.947153,0.000000,0.000000,7.336724,0.018950,2.757561,0.022183,0.000000,2.786052
683,0,0.000000,6.720604,0.058568,0.001322,6.773619,0.000000,0.000000,7.147051,0.061384,2.104359,0.149381,0.000000,2.274666
684,0,0.000000,6.053504,0.038543,0.000973,6.092881,0.000000,0.000000,6.257222,0.019465,1.468745,0.015031,0.000000,1.501769
685,0,0.000000,8.445309,0.082538,0.001815,8.473172,0.000000,0.000000,8.969593,0.057151,4.784836,0.020200,0.000000,4.798184
686,0,0.000000,9.069267,0.092382,0.000936,9.162585,0.000000,0.000000,9.272645,0.021754,5.641751,0.004988,0.000000,5.660657
687,0,0.000000,11.643302,0.053685,0.001391,11.694072,0.000000,0.000000,12.141943,0.012977,7.728105,0.006016,0.000000,7.742695
688,0,0.000000,7.464558,0.055837,0.001748,7.521363,0.000000,0.000000,9.016176,0.020769,3.971322,0.018506,0.000000,4.003765
689,0,0.000000,10.244647,0.055530,0.001467,10.301644,0.000000,0.000000,10.578661,0.023030,6.697583,0.030482,0.000000,6.745915
690,0,0.000000,6.718920,0.041284,0.001177,6.759849,0.000000,0.000000,7.049290,0.014243,2.670563,0.063149,0.000000,2.742230
691,0,0.000000,7.632900,0.134792,0.000973,7.768182,0.000000,0.000000,7.909753,0.037696,3.659064,0.098568,0.000000,3.698301
692,0,0.000000,9.352062,0.224240,0.001127,9.576895,0.000000,0.000000,9.803674,0.017217,5.378927,0.178006,0.000000,5.424532
693,0,0.000000,7.773209,0.099007,0.001576,7.866857,0.000000,0.000000,8.307628,0.020088,3.868265,0.122116,0.000000,3.890592
694,0,0.000000,9.285761,0.044678,0.001172,9.331448,0.000000,0.000000,9.631786,0.030115,5.238734,0.012446,0.000000,5.271042
695,0,0.000000,9.163218,0.049059,0.001104,9.213381,0.000000,0.000000,9.515474,0.023155,5.165978,0.003721,0.000000,5.190332
696,0,0.000000,8.853357,0.084415,0.001685,8.939457,0.000000,0.000000,9.186879,0.015369,4.881260,0.098465,0.000000,4.899963
697,0,0.000000,9.864169,0.073688,0.001360,9.938802,0.000000,0.000000,10.012289,0.016669,5.523703,0.004555,0.000000,5.537693
698,0,0.000000,8.266090,0.065452,0.001617,8.301342,0.000000,0.000000,8.476505,0.015478,4.466517,0.033703,0.000000,4.513892
699,0,0.000000,7.814894,0.130914,0.001022,7.946380,0.000000,0.000000,8.070779,0.021036,3.889750,0.096301,0.000000,3.912270
700,0,0.000000,8.672227,0.047912,0.000994,8.700724,0.000000,0.000000,8.804257,0.014624,4.578901,0.023672,0.000000,4.601723
701,0,0.000000,9.696829,0.061340,0.000939,9.759039,0.000000,0.000000,9.822791,0.012869,5.709120,0.032929,0.000000,5.749435
702,0,0.000000,9.360408,0.170590,0.008945,9.505655,0.000000,0.000000,9.735398,0.012857,5.250600,0.134069,0.000000,5.392775
703,0,0.000000,10.297841,0.074697,0.001724,10.365141,0.000000,0.000000,10.511678,0.015162,6.261621,0.031921,0.000000,6.292703
704,0,0.000000,10.614639,0.062800,0.001213,10.653936,0.000000,0.000000,10.921183,0.021117,6.532704,0.024490,0.000000,6.555335
705,0,0.000000,6.282036,0.049413,0.000961,6.310410,0.000000,0.000000,6.497968,0.093929,1.807095,0.002398,0.000000,1.873068
706,0,0.000000,6.436546,0.235603,0.001026,6.672748,0.000000,0.000000,6.834504,0.014943,2.536822,0.197178,0.000000,2.741246
707,0,0.000000,8.503077,0.062951,0.001121,8.566607,0.000000,0.000000,8.682019,0.013085,4.179917,0.019378,0.000000,4.210902
708,0,0.000000,7.791481,0.041938,0.000916,7.833006,0.000000,0.000000,8.151621,0.013339,4.454323,0.011000,0.000000,4.471411
709,0,0.000000,7.696898,0.217978,0.001331,7.915669,0.000000,0.000000,8.101592,0.012229,3.518728,0.167232,0.000000,3.532257
710,0,0.000000,9.048579,0.064080,0.001072,9.113731,0.000000,0.000000,9.347899,0.017356,4.904226,0.014451,0.000000,4.923674
711,0,0.000000,7.714274,0.169984,0.000959,7.884903,0.000000,0.000000,8.050651,0.019213,3.620080,0.130880,0.000000,3.641280
712,0,0.000000,6.521964,0.044767,0.001328,6.550627,0.000000,0.000000,6.687016,0.016619,2.415150,0.008474,0.000000,2.432832
713,0,0.000000,8.778487,0.068647,0.001112,8.848093,0.000000,0.000000,8.990811,0.012504,4.790432,0.076449,0.000000,4.805121
714,0,0.000000,8.791722,0.072689,0.001391,8.865513,0.000000,0.000000,9.042703,0.012162,4.799392,0.008548,0.000000,4.812532
715,0,0.000000,8.732042,0.160876,0.015598,8.894202,0.000000,0.000000,9.149984,0.015120,4.690522,0.029678,0.000000,4.707550
716,0,0.000000,9.676479,0.166219,0.001293,9.843991,0.000000,0.000000,10.191926,0.014505,5.938448,0.003978,0.000000,5.955546
717,0,0.000000,8.819109,0.050121,0.001341,8.870571,0.000000,0.000000,8.984393,0.013949,5.081296,0.016199,0.000000,5.110575
718,0,0.000000,9.689279,0.186145,0.000968,9.876392,0.000000,0.000000,10.038913,0.014038,5.982540,0.143250,0.000000,6.138942
719,0,0.000000,10.895899,0.276108,0.001092,11.173099,0.000000,0.000000,11.328691,0.012085,7.039154,0.229207,0.000000,7.279816
720,0,0.000000,10.127780,0.046591,0.001137,10.174704,0.000000,0.000000,10.445040,0.015344,6.347334,0.008292,0.000000,6.369678
721,0,0.000000,9.608097,0.087685,0.001803,9.687995,0.000000,0.000000,10.040611,0.015300,6.025239,0.033203,0.000000,6.041804
722,0,0.000000,9.869374,0.155408,0.001036,10.025818,0.000000,0.000000,10.138609,0.046095,6.640654,0.122677,0.000000,6.807874
723,0,0.000000,10.492700,0.058520,0.001399,10.538531,0.000000,0.000000,10.764485,0.011851,7.280930,0.019705,0.000000,7.294851
724,0,0.000000,10.329029,0.077590,0.001280,10.386258,0.000000,0.000000,10.995148,0.023113,5.806182,0.020199,0.000000,5.841184
725,0,0.000000,10.211810,0.063980,0.001758,10.271851,0.000000,0.000000,10.450591,0.022497,5.839215,0.021627,0.000000,5.877479
726,0,0.000000,9.097885,0.050627,0.001189,9.148993,0.000000,0.000000,9.323539,0.026881,4.920390,0.008095,0.000000,4.950855
727,0,0.000000,8.924226,0.058821,0.001468,8.978448,0.000000,0.000000,9.076126,0.016978,4.780451,0.020929,0.000000,4.815144
728,0,0.000000,7.793536,0.058101,0.001667,7.820896,0.000000,0.000000,8.105381,0.025722,3.522023,0.030267,0.000000,3.547224
729,0,0.000000,11.174206,0.044828,0.001113,11.220031,0.000000,0.000000,11.301095,0.022552,7.298956,0.004140,0.000000,7.321851
730,0,0.000000,8.793014,0.052616,0.001697,8.847327,0.000000,0.000000,9.011510,0.020044,4.547144,0.020027,0.000000,4.580640
731,0,0.000000,8.836051,0.057724,0.001554,8.895329,0.000000,0.000000,9.459095,0.023725,4.967448,0.029490,0.000000,5.012622
732,0,0.000000,8.569518,0.050522,0.001356,8.608246,0.000000,0.000000,8.903710,0.021820,4.636815,0.110771,0.000000,4.661447
733,0,0.000000,7.692900,0.045048,0.001049,7.738559,0.000000,0.000000,7.925614,0.023446,3.498318,0.004419,0.000000,3.524468
734,0,0.000000,7.256484,0.046935,0.001399,7.304513,0.000000,0.000000,7.534319,0.017698,3.170431,0.009665,0.000000,3.189705
735,0,0.000000,7.183963,0.043055,0.001231,7.224642,0.000000,0.000000,7.478890,0.019258,3.267429,0.003846,0.000000,3.288166
736,0,0.000000,7.266842,0.044111,0.001114,7.310159,0.000000,0.000000,7.429465,0.015857,3.239502,0.006916,0.000000,3.256833
737,0,0.000000,7.215185,0.044112,0.001255,7.258650,0.000000,0.000000,7.413788,0.019088,3.418807,0.005915,0.000000,3.438811
738,0,0.000000,6.934224,0.043760,0.001507,6.976905,0.000000,0.000000,7.044579,0.016797,2.323570,0.017380,0.000000,2.341821
739,0,0.000000,6.874697,0.049227,0.001127,6.925051,0.000000,0.000000,7.107622,0.019554,2.057833,0.010695,0.000000,2.077376
740,0,0.000000,6.913140,0.055473,0.001447,6.965567,0.000000,0.000000,7.082279,0.031343,1.937260,0.013468,0.000000,1.966232
741,0,0.000000,6.890319,0.044931,0.001048,6.936298,0.000000,0.000000,7.046219,0.016602,1.851360,0.011979,0.000000,1.878508
742,0,0.000000,7.354864,0.065684,0.001569,7.408221,0.000000,0.000000,7.632552,0.017147,2.870681,0.027163,0.000000,2.888503
743,0,0.000000,7.298185,0.051687,0.001165,7.327439,0.000000,0.000000,7.487209,0.017962,3.638663,0.006244,0.000000,3.657557
744,0,0.000000,8.358907,0.084395,0.001741,8.419621,0.000000,0.000000,8.637369,0.014596,4.940120,0.047247,0.000000,4.956480
745,0,0.000000,8.171593,0.085759,0.001223,8.203172,0.000000,0.000000,9.609026,0.029757,5.048410,0.054698,0.000000,5.079007
746,0,0.000000,7.485524,0.057629,0.001034,7.518582,0.000000,0.000000,7.719666,0.023573,2.891428,0.059882,0.000000,2.947762
747,0,0.000000,6.722111,0.071301,0.001443,6.781907,0.000000,0.000000,7.072775,0.016924,2.689184,0.030740,0.000000,2.704620
748,0,0.000000,8.395441,0.037161,0.001174,8.427133,0.000000,0.000000,8.784469,0.058826,4.711161,0.005932,0.000000,4.767280
749,0,0.000000,8.293469,0.079152,0.001567,8.374188,0.000000,0.000000,8.811924,0.015189,4.560876,0.013405,0.000000,4.577246
750,0,0.000000,8.412717,0.054399,0.001283,8.457819,0.000000,0.000000,8.750346,0.022526,2.864956,0.118224,0.000000,2.964143
751,0,0.000000,7.606285,0.059990,0.001258,7.666789,0.000000,0.000000,7.827696,0.019348,3.730701,0.030608,0.000000,3.775482
752,0,0.000000,7.140647,0.085211,0.001038,7.226413,0.000000,0.000000,7.365703,0.021346,3.279930,0.054941,0.000000,3.354619
753,0,0.000000,6.960098,0.063188,0.001200,7.023996,0.000000,0.000000,7.201841,0.023480,3.125420,0.032358,0.000000,3.180022
754,0,0.000000,6.785568,0.047577,0.001019,6.833981,0.000000,0.000000,7.030123,0.015586,2.779425,0.024810,0.000000,2.811658
755,0,0.000000,7.655837,0.063089,0.001225,7.693883,0.000000,0.000000,7.985886,0.017194,1.927346,0.007827,0.000000,1.946068
756,0,0.000000,8.906215,0.054668,0.001339,8.961859,0.000000,0.000000,9.188940,0.022711,5.005458,0.008201,0.000000,5.025796
757,0,0.000000,6.491879,0.071027,0.000931,6.527132,0.000000,0.000000,6.897443,0.014243,2.869664,0.041023,0.000000,2.924326
758,0,0.000000,7.289327,0.100592,0.000978,7.369978,0.000000,0.000000,7.556296,0.018557,3.413841,0.037246,0.000000,3.465391
759,0,0.000000,8.756179,0.049592,0.001316,8.803497,0.000000,0.000000,8.943559,0.020632,4.976356,0.016555,0.000000,4.996993
760,0,0.000000,18.184492,0.070699,0.001773,18.215728,0.000000,0.000000,18.757275,0.020471,12.846104,0.224963,0.000000,12.872079
761,0,0.000000,6.341807,0.043601,0.001099,6.383856,0.000000,0.000000,6.508565,0.027433,1.182582,0.012984,0.000000,1.222525
762,0,0.000000,6.233784,0.049725,0.000939,6.284203,0.000000,0.000000,6.733130,0.015421,1.230833,0.013854,0.000000,1.249911
763,0,0.000000,6.189572,0.055185,0.001453,6.241257,0.000000,0.000000,6.390286,0.017396,0.813316,0.004418,0.000000,0.828815
764,0,0.000000,6.353217,0.054253,0.021215,6.406323,0.000000,0.000000,6.626270,0.018189,0.932746,0.030698,0.000000,0.976620
765,0,0.000000,6.191861,0.045605,0.001068,6.238153,0.000000,0.000000,6.343614,0.031074,0.809863,0.013038,0.000000,0.843114
766,0,0.000000,6.289667,0.050050,0.001238,6.328428,0.000000,0.000000,6.517035,0.016722,0.922763,0.014276,0.000000,0.939394
767,0,0.000000,6.291583,0.048614,0.000864,6.339310,0.000000,0.000000,6.470162,0.016335,1.090899,0.011324,0.000000,1.110864
768,0,0.000000,6.166341,0.057201,0.001090,6.219142,0.000000,0.000000,6.374653,0.014406,0.853203,0.019242,0.000000,0.869348
769,0,0.000000,6.637436,0.130214,0.001301,6.768951,0.000000,0.000000,6.982445,0.021376,1.178163,0.089170,0.000000,1.279552
770,0,0.000000,6.203010,0.070952,0.001059,6.263885,0.000000,0.000000,6.684106,0.019677,1.020368,0.268793,0.000000,1.037756
771,0,0.000000,7.168745,0.045907,0.001122,7.199371,0.000000,0.000000,7.425981,0.053421,1.700112,0.016522,0.000000,1.758434
772,0,0.000000,6.292185,0.046302,0.001047,6.338573,0.000000,0.000000,6.448069,0.018628,1.014060,0.016139,0.000000,1.040706
773,0,0.000000,6.203543,0.052548,0.001195,6.244096,0.000000,0.000000,6.407954,0.016734,0.778493,0.019479,0.000000,0.797745
774,0,0.000000,7.601520,0.043184,0.001295,7.640320,0.000000,0.000000,7.758794,0.016738,2.244101,0.013277,0.000000,2.268367
775,0,0.000000,9.275543,0.062905,0.001281,9.311624,0.000000,0.000000,9.704095,0.020174,5.429728,0.007168,0.000000,5.449058
776,0,0.000000,7.258076,0.037643,0.001076,7.285993,0.000000,0.000000,7.575118,0.019744,3.293821,0.066402,0.000000,3.312410
777,0,0.000000,7.661402,0.057683,0.001013,7.688863,0.000000,0.000000,7.878772,0.015454,3.620501,0.013024,0.000000,3.637324
778,0,0.000000,8.829043,0.080355,0.001090,8.910488,0.000000,0.000000,9.141706,0.019034,3.851845,0.021601,0.000000,3.865950
779,0,0.000000,8.958178,0.060401,0.001450,9.020029,0.000000,0.000000,9.445514,0.026626,5.359008,0.005327,0.000000,5.387132
780,0,0.000000,6.809568,0.057039,0.001334,6.865114,0.000000,0.000000,7.023303,0.018857,1.749258,0.032193,0.000000,1.770669
781,0,0.000000,8.966316,0.053077,0.000950,9.020137,0.000000,0.000000,9.153476,0.020585,4.079769,0.001913,0.000000,4.091224
782,0,0.000000,8.503160,0.062721,0.001792,8.540388,0.000000,0.000000,8.992670,0.029424,4.347132,0.032069,0.000000,4.377660
783,0,0.000000,7.060342,0.071200,0.001920,7.094173,0.000000,0.000000,7.314788,0.024811,3.015396,0.062593,0.000000,3.083975
784,0,0.000000,10.221965,0.064085,0.001676,10.260625,0.000000,0.000000,10.477965,0.021272,6.005293,0.010167,0.000000,6.027728
785,0,0.000000,10.951248,0.053172,0.001308,11.005285,0.000000,0.000000,11.321938,0.018958,7.274209,0.002978,0.000000,7.292865
786,0,0.000000,9.150923,0.047646,0.001552,9.200121,0.000000,0.000000,9.437804,0.019894,5.755130,0.009166,0.000000,5.775167
787,0,0.000000,7.282269,0.065795,0.001159,7.349139,0.000000,0.000000,7.629224,0.015779,4.002128,0.039059,0.000000,4.018597
788,0,0.000000,9.548181,0.042943,0.001239,9.582338,0.000000,0.000000,9.842116,0.021226,6.302237,0.114905,0.000000,6.326324
789,0,0.000000,7.942843,0.043368,0.001275,7.982522,0.000000,0.000000,8.241691,0.031193,3.716231,0.018540,0.000000,3.754983
790,0,0.000000,8.039880,0.045358,0.001244,8.079573,0.000000,0.000000,8.409711,0.016384,2.906045,0.015354,0.000000,2.935761
791,0,0.000000,7.960727,0.075248,0.001446,8.008645,0.000000,0.000000,8.443262,0.017539,3.752737,0.032061,0.000000,3.799926
792,0,0.000000,7.902123,0.065929,0.001457,7.945693,0.000000,0.000000,8.251217,0.050606,3.310430,0.031642,0.000000,3.362526
793,0,0.000000,7.794774,0.038051,0.000966,7.824867,0.000000,0.000000,8.366521,0.022277,3.166365,0.116775,0.000000,3.304290
794,0,0.000000,7.883686,0.047474,0.001331,7.924747,0.000000,0.000000,8.291800,0.018124,3.383763,0.015974,0.000000,3.415126
795,0,0.000000,7.955806,0.050077,0.001702,8.000108,0.000000,0.000000,8.208743,0.019496,3.205676,0.016732,0.000000,3.240588
796,0,0.000000,7.841431,0.045346,0.001123,7.878953,0.000000,0.000000,8.047029,0.025985,3.154734,0.016307,0.000000,3.188623
797,0,0.000000,7.862776,0.061202,0.001636,7.908706,0.000000,0.000000,8.426949,0.016824,3.135106,0.010434,0.000000,3.152859
798,0,0.000000,9.741491,0.052046,0.001531,9.794074,0.000000,0.000000,10.097242,0.024272,5.261228,0.016726,0.000000,5.297144
799,0,0.000000,7.961049,0.047347,0.001219,8.002740,0.000000,0.000000,8.244253,0.022967,2.394018,0.019872,0.000000,2.418563
800,0,0.000000,8.235174,0.046112,0.001263,8.274220,0.000000,0.000000,8.421008,0.019239,3.946692,0.016135,0.000000,3.980437
801,0,0.000000,8.647848,0.067815,0.003344,8.719007,0.000000,0.000000,9.139854,0.020516,3.114540,0.095019,0.000000,3.208135
802,0,0.000000,10.040757,0.064210,0.001294,10.096988,0.000000,0.000000,10.293556,0.026041,6.674987,0.095991,0.000000,6.706705
803,0,0.000000,10.598449,0.060002,0.001297,10.659337,0.000000,0.000000,10.986338,0.021756,6.749961,0.020455,0.000000,6.789415
804,0,0.000000,10.431781,0.051136,0.001200,10.482352,0.000000,0.000000,10.788289,0.018738,6.685476,0.005428,0.000000,6.704500
805,0,0.000000,8.868673,0.047856,0.001020,8.917291,0.000000,0.000000,9.073991,0.022317,5.141418,0.080883,0.000000,5.165843
806,0,0.000000,5.840863,0.058872,0.000873,5.872972,0.000000,0.000000,5.997206,0.017355,2.488120,0.036764,0.000000,2.507058
807,0,0.000000,6.283608,0.053391,0.000904,6.316349,0.000000,0.000000,6.453368,0.012956,2.410857,0.024533,0.000000,2.418942
808,0,0.000000,8.005772,0.048520,0.000832,8.054944,0.000000,0.000000,8.138932,0.016297,4.468837,0.017186,0.000000,4.485780
809,0,0.000000,7.683844,0.061460,0.000963,7.717660,0.000000,0.000000,8.102568,0.021350,4.090112,0.030243,0.000000,4.112978
810,0,0.000000,7.535951,0.053036,0.001844,7.571875,0.000000,0.000000,7.767115,0.023882,3.382248,0.019510,0.000000,3.406763
811,0,0.000000,6.431061,0.043246,0.001029,6.459512,0.000000,0.000000,6.738695,0.021081,3.067470,0.017910,0.000000,3.089992
812,0,0.000000,6.931943,0.071111,0.001420,7.004474,0.000000,0.000000,7.237856,0.017441,3.416794,0.062456,0.000000,3.436475
813,0,0.000000,6.451334,0.091013,0.001143,6.502506,0.000000,0.000000,7.257736,0.012158,2.814874,0.051316,0.000000,2.865276
814,0,0.000000,8.379688,0.099672,0.001060,8.479996,0.000000,0.000000,8.649234,0.023738,4.740882,0.072539,0.000000,4.824519
815,0,0.000000,6.452307,0.066640,0.001297,6.489589,0.000000,0.000000,7.037170,0.021182,2.861345,0.067059,0.000000,2.884671
816,0,0.000000,10.164849,0.046294,0.001158,10.211813,0.000000,0.000000,10.510595,0.023710,6.725155,0.005677,0.000000,6.747092
817,0,0.000000,10.316554,0.054124,0.001097,10.369900,0.000000,0.000000,10.691704,0.014328,6.752179,0.025708,0.000000,6.784776
818,0,0.000000,9.303729,0.065214,0.001416,9.343134,0.000000,0.000000,9.663815,0.022130,5.689686,0.028373,0.000000,5.724524
819,0,0.000000,9.388829,0.055288,0.000876,9.416246,0.000000,0.000000,9.862133,0.062141,5.837735,0.031264,0.000000,5.880717
820,0,0.000000,6.017734,0.048251,0.001289,6.048902,0.000000,0.000000,6.210718,0.022083,1.005405,0.005555,0.000000,1.023781
821,0,0.000000,6.852858,0.074406,0.001341,6.928605,0.000000,0.000000,7.124935,0.013673,3.424790,0.007042,0.000000,3.444611
822,0,0.000000,6.380454,0.088580,0.001416,6.427743,0.000000,0.000000,6.741340,0.011919,2.843309,0.047611,0.000000,2.889110
823,0,0.000000,9.775024,0.088140,0.001037,9.864075,0.000000,0.000000,10.127807,0.022015,6.214137,0.069546,0.000000,6.236082
824,0,0.000000,8.255223,0.059018,0.000966,8.282617,0.000000,0.000000,8.554832,0.013136,4.626568,0.008022,0.000000,4.640947
825,0,0.000000,6.945822,0.055333,0.000923,7.002078,0.000000,0.000000,7.287538,0.013860,3.146048,0.061362,0.000000,3.182069
826,0,0.000000,7.090055,0.055222,0.001578,7.146342,0.000000,0.000000,7.725584,0.026241,3.729958,0.027150,0.000000,3.743851
827,0,0.000000,8.704946,0.059586,0.001191,8.762771,0.000000,0.000000,8.934689,0.023025,4.855669,0.027321,0.000000,4.878705
828,0,0.000000,7.412213,0.092508,0.001275,7.443303,0.000000,0.000000,7.775339,0.020252,3.519436,0.133443,0.000000,3.603467
829,0,0.000000,9.157082,0.063451,0.000997,9.196721,0.000000,0.000000,9.597004,0.033049,5.424771,0.027096,0.000000,5.445709
830,0,0.000000,8.514575,0.173375,0.007428,8.576355,0.000000,0.000000,9.081299,0.026738,4.514242,0.169969,0.000000,4.565638
831,0,0.000000,9.805270,0.069161,0.001562,9.860729,0.000000,0.000000,10.182757,0.080290,5.642322,0.017412,0.000000,5.724132
832,0,0.000000,9.029666,0.070668,0.001338,9.077426,0.000000,0.000000,9.574380,0.022227,5.272265,0.034733,0.000000,5.297359
833,0,0.000000,8.907572,0.055573,0.001506,8.964424,0.000000,0.000000,9.494072,0.023125,4.861655,0.025932,0.000000,4.910712
834,0,0.000000,8.028726,0.037902,0.000992,8.059549,0.000000,0.000000,8.459811,0.022496,4.093583,0.010439,0.000000,4.117568
835,0,0.000000,6.761502,0.047932,0.001372,6.793919,0.000000,0.000000,7.338286,0.016059,1.184302,0.121894,0.000000,1.202451
836,0,0.000000,6.706804,0.053492,0.001141,6.761273,0.000000,0.000000,7.000396,0.022599,0.876309,0.115871,0.000000,1.008359
837,0,0.000000,10.944402,0.064979,0.001066,10.981089,0.000000,0.000000,11.503346,0.025824,7.792666,0.033345,0.000000,7.830404
838,0,0.000000,8.815027,0.057620,0.001052,8.873393,0.000000,0.000000,9.193830,0.023725,4.466247,0.032945,0.000000,4.502058
839,0,0.000000,7.115692,0.036454,0.000981,7.151250,0.000000,0.000000,7.429315,0.021247,3.355325,0.011390,0.000000,3.366186
840,0,0.000000,5.206834,0.046605,0.001178,5.238223,0.000000,0.000000,5.748794,0.015405,1.710403,0.018211,0.000000,1.725990
841,0,0.000000,8.823203,0.064443,0.001288,8.875546,0.000000,0.000000,9.266152,0.024886,4.637231,0.018934,0.000000,4.664241
842,0,0.000000,7.326541,0.058175,0.001186,7.384821,0.000000,0.000000,7.550333,0.020160,3.340421,0.057251,0.000000,3.361543
843,0,0.000000,8.125664,0.060572,0.001214,8.185722,0.000000,0.000000,8.358899,0.022684,3.801419,0.021644,0.000000,3.835814
844,0,0.000000,8.037806,0.055690,0.001332,8.093518,0.000000,0.000000,8.410868,0.028452,3.573799,0.030138,0.000000,3.626000
845,0,0.000000,6.085870,0.063157,0.001363,6.121275,0.000000,0.000000,6.562753,0.019261,1.277049,0.018873,0.000000,1.310957
846,0,0.000000,10.206377,0.071236,0.001469,10.278397,0.000000,0.000000,10.435510,0.028778,5.699237,0.022340,0.000000,5.744802
847,0,0.000000,6.126665,0.074906,0.001256,6.170637,0.000000,0.000000,6.501907,0.025227,1.757962,0.031399,0.000000,1.770150
848,0,0.000000,8.050812,0.077286,0.001227,8.091053,0.000000,0.000000,8.521269,0.023709,3.528291,0.041186,0.000000,3.565165
849,0,0.000000,10.806556,0.089428,0.001468,10.880257,0.000000,0.000000,11.231008,0.031179,7.200389,0.034810,0.000000,7.264227
850,5,0.000000,7.084114,0.081060,0.002182,7.122306,0.000000,0.000000,7.442914,0.050118,2.831445,0.046732,0.000000,2.883362
851,5,0.000000,6.370991,0.065863,0.001151,6.405692,0.000000,0.000000,6.676585,0.115446,2.695341,0.004154,0.000000,2.812442
852,5,0.000000,6.660480,0.110075,0.001329,6.732534,0.000000,0.000000,7.195967,0.030749,3.300174,0.012183,0.000000,3.315625
853,5,0.000000,8.092232,0.060229,0.001499,8.132807,0.000000,0.000000,8.459614,0.142109,4.297727,0.021900,0.000000,4.441751
854,5,0.000000,6.219572,0.065247,0.001308,6.256018,0.000000,0.000000,6.526218,0.022192,2.517217,0.004408,0.000000,2.529431
855,9,0.000000,9.475868,0.061504,0.001322,9.538694,0.000000,0.000000,9.757603,0.058955,5.663687,0.002855,0.000000,5.683092
856,9,0.000000,8.587707,0.068107,0.001309,8.656498,0.000000,0.000000,8.935133,0.019709,4.550434,0.009909,0.000000,4.571181
857,9,0.000000,10.230015,0.055813,0.001170,10.286321,0.000000,0.000000,10.529275,0.021050,6.576326,0.001931,0.000000,6.593894
858,9,0.000000,6.921183,0.052144,0.001111,6.955818,0.000000,0.000000,7.356355,0.019675,2.806187,0.073164,0.000000,2.856748
859,9,0.000000,7.283295,0.128194,0.001613,7.413102,0.000000,0.000000,7.666668,0.030856,2.768512,0.098077,0.000000,2.893032
860,9,0.000000,6.434295,0.036703,0.001106,6.464641,0.000000,0.000000,7.520201,0.020596,3.392841,0.006195,0.000000,3.410854
