iteration,food_quantity,event_poll_ms,ants_advance_ms,evaporation_ms,update_ms,advance_total_ms,render_ms,blit_ms,iteration_total_ms,mpi_halo_exchange_ms,mpi_migration_ms,mpi_food_allreduce_ms,mpi_render_comm_ms,mpi_total_comm_ms
1,0,0.000000,1.628508,0.023355,0.000766,1.651464,0.000000,0.000000,2.295657,0.348923,1.322005,0.014767,0.000000,1.630105
2,0,0.000000,0.590803,0.022450,0.000634,0.611892,0.000000,0.000000,0.865147,0.010025,0.360117,0.009837,0.000000,0.376108
3,0,0.000000,0.777812,0.023675,0.000768,0.798869,0.000000,0.000000,1.042732,0.059476,0.535769,0.014731,0.000000,0.558172
4,0,0.000000,1.455737,0.024363,0.000757,1.477904,0.000000,0.000000,1.563160,0.006853,1.135573,0.009166,0.000000,1.150532
5,0,0.000000,0.631332,0.021798,0.000625,0.646135,0.000000,0.000000,0.750941,0.014293,0.322844,0.007314,0.000000,0.335429
6,0,0.000000,1.303783,0.025121,0.000659,1.326051,0.000000,0.000000,2.036552,0.006666,1.558606,0.008642,0.000000,1.566745
7,0,0.000000,0.560339,0.022265,0.000849,0.580732,0.000000,0.000000,2.845969,0.801495,2.039655,0.009083,0.000000,2.151474
8,0,0.000000,0.596649,0.021154,0.000660,0.613946,0.000000,0.000000,0.763956,0.007583,0.325728,0.005089,0.000000,0.336079
9,0,0.000000,0.586424,0.024392,0.000670,0.605874,0.000000,0.000000,1.322233,0.011578,0.791849,0.023736,0.000000,0.799515
10,0,0.000000,0.585199,0.020283,0.000687,0.603975,0.000000,0.000000,0.705773,0.007236,0.276613,0.009308,0.000000,0.288355
11,0,0.000000,0.606124,0.027143,0.000672,0.625560,0.000000,0.000000,0.801883,0.006285,0.362496,0.013123,0.000000,0.378530
12,0,0.000000,2.700144,0.023582,0.000720,2.718800,0.000000,0.000000,2.948045,0.006362,2.482077,0.019328,0.000000,2.501719
13,0,0.000000,0.775608,0.023988,0.000728,0.795345,0.000000,0.000000,0.919728,0.007663,0.473145,0.017612,0.000000,0.495536
14,0,0.000000,0.612877,0.023218,0.000631,0.624656,0.000000,0.000000,0.711255,0.079350,0.269338,0.016423,0.000000,0.277972
15,0,0.000000,0.524215,0.028955,0.000607,0.538839,0.000000,0.000000,0.677592,0.054073,0.259460,0.026329,0.000000,0.291454
16,0,0.000000,1.047610,0.024399,0.000699,1.068650,0.000000,0.000000,1.235979,0.011861,0.813338,0.009491,0.000000,0.825981
17,0,0.000000,0.526098,0.024821,0.000618,0.544299,0.000000,0.000000,0.697016,0.071056,0.240519,0.011737,0.000000,0.276787
18,0,0.000000,0.525566,0.021222,0.000591,0.543599,0.000000,0.000000,0.615855,0.006325,0.253386,0.015265,0.000000,0.270649
19,0,0.000000,0.534623,0.024125,0.000699,0.556726,0.000000,0.000000,0.638558,0.006163,0.254059,0.012279,0.000000,0.269131
20,0,0.000000,0.512643,0.022045,0.000630,0.529143,0.000000,0.000000,0.656370,0.006711,0.287279,0.013475,0.000000,0.303291
21,0,0.000000,1.266240,0.025283,0.000642,1.287917,0.000000,0.000000,1.371278,0.006341,1.014671,0.011783,0.000000,1.030581
22,0,0.000000,0.515342,0.021077,0.000640,0.531218,0.000000,0.000000,0.633220,0.007058,0.259917,0.008513,0.000000,0.271503
23,0,0.000000,0.529236,0.023741,0.000598,0.546544,0.000000,0.000000,0.604011,0.006596,0.230413,0.010071,0.000000,0.243183
24,0,0.000000,0.573950,0.037265,0.001780,0.589952,0.000000,0.000000,0.967032,0.006518,0.444646,0.030199,0.000000,0.461382
25,0,0.000000,0.847419,0.090148,0.001681,0.885959,0.000000,0.000000,1.144506,0.013508,0.690735,0.049616,0.000000,0.751940
26,0,0.000000,1.077880,0.155638,0.001163,1.205646,0.000000,0.000000,1.416636,0.016260,0.842939,0.145775,0.000000,0.999325
27,0,0.000000,0.839759,0.154453,0.001094,0.948647,0.000000,0.000000,1.142111,0.011728,0.574377,0.150707,0.000000,0.723525
28,0,0.000000,0.791728,0.086105,0.000951,0.864467,0.000000,0.000000,0.980881,0.010859,0.531956,0.076314,0.000000,0.615772
29,0,0.000000,0.867258,0.122347,0.001232,0.957449,0.000000,0.000000,1.174953,0.011751,0.692709,0.153006,0.000000,0.844069
30,0,0.000000,0.846839,0.148736,0.000891,0.988232,0.000000,0.000000,1.069568,0.010753,0.676849,0.130660,0.000000,0.814438
31,0,0.000000,0.876729,0.100363,0.000861,0.960635,0.000000,0.000000,1.108425,0.032470,0.744959,0.090560,0.000000,0.843458
32,0,0.000000,0.891845,0.076250,0.002334,0.965227,0.000000,0.000000,1.041093,0.010957,0.635891,0.069980,0.000000,0.714253
33,0,0.000000,0.874350,0.165812,0.001167,1.002212,0.000000,0.000000,1.109409,0.012699,0.614833,0.156935,0.000000,0.772652
34,0,0.000000,0.881227,0.095066,0.001427,0.976984,0.000000,0.000000,1.084827,0.010880,0.633358,0.093987,0.000000,0.735159
35,0,0.000000,0.923774,0.093395,0.001134,1.010682,0.000000,0.000000,1.143781,0.010509,0.678726,0.081058,0.000000,0.768989
36,0,0.000000,0.881805,0.055855,0.001407,0.928714,0.000000,0.000000,1.062612,0.011861,0.664658,0.052111,0.000000,0.724539
37,0,0.000000,0.854157,0.060924,0.001387,0.899550,0.000000,0.000000,1.104438,0.011748,0.738956,0.058097,0.000000,0.805217
38,0,0.000000,0.868444,0.052727,0.001587,0.896269,0.000000,0.000000,0.995597,0.011470,0.657040,0.053872,0.000000,0.712680
39,0,0.000000,0.859898,0.046633,0.001463,0.897277,0.000000,0.000000,1.098752,0.029650,0.762620,0.041498,0.000000,0.812369
40,0,0.000000,0.836126,0.099618,0.001324,0.916341,0.000000,0.000000,1.031367,0.011015,0.626000,0.110319,0.000000,0.744321
41,0,0.000000,0.875739,0.162066,0.001130,0.975688,0.000000,0.000000,1.123211,0.010762,0.673235,0.158925,0.000000,0.839908
42,0,0.000000,0.856144,0.154343,0.001120,0.962426,0.000000,0.000000,1.093779,0.024603,0.643248,0.150685,0.000000,0.814728
43,0,0.000000,0.847153,0.044065,0.001461,0.879658,0.000000,0.000000,0.974462,0.011887,0.617934,0.053698,0.000000,0.678278
44,0,0.000000,0.831597,0.150405,0.001085,0.937933,0.000000,0.000000,1.074022,0.011293,0.628930,0.154325,0.000000,0.789747
45,0,0.000000,0.848859,0.147818,0.001175,0.917891,0.000000,0.000000,1.084144,0.010861,0.636680,0.146829,0.000000,0.791187
46,0,0.000000,0.837882,0.159760,0.001054,0.970412,0.000000,0.000000,1.079414,0.011705,0.606138,0.155317,0.000000,0.770864
47,0,0.000000,0.833748,0.179336,0.001148,0.960078,0.000000,0.000000,1.076882,0.010313,0.608577,0.176513,0.000000,0.791520
48,0,0.000000,0.838288,0.163586,0.001016,0.947503,0.000000,0.000000,1.126370,0.030298,0.658166,0.159188,0.000000,0.823879
49,0,0.000000,0.769315,0.133688,0.000687,0.897593,0.000000,0.000000,1.049872,0.011170,0.599431,0.128835,0.000000,0.734274
50,0,0.000000,0.618895,0.140820,0.000602,0.735787,0.000000,0.000000,0.826610,0.010446,0.418353,0.136309,0.000000,0.560440
51,0,0.000000,0.730364,0.112740,0.001167,0.833369,0.000000,0.000000,0.902663,0.010230,0.474540,0.110011,0.000000,0.584167
52,0,0.000000,0.678653,0.161576,0.000940,0.736736,0.000000,0.000000,0.900393,0.011179,0.442464,0.159074,0.000000,0.608948
53,0,0.000000,0.622036,0.160791,0.000637,0.768179,0.000000,0.000000,0.845739,0.010453,0.419199,0.159246,0.000000,0.583669
54,0,0.000000,0.657902,0.146742,0.000646,0.764093,0.000000,0.000000,0.859151,0.010510,0.403986,0.141875,0.000000,0.552806
55,0,0.000000,0.615621,0.098171,0.000930,0.684053,0.000000,0.000000,0.789377,0.010635,0.402925,0.085106,0.000000,0.492613
56,0,0.000000,0.721002,0.125945,0.000767,0.840935,0.000000,0.000000,0.956138,0.010971,0.526391,0.117542,0.000000,0.652082
57,0,0.000000,0.624172,0.152098,0.000601,0.773652,0.000000,0.000000,0.858695,0.011382,0.436698,0.148149,0.000000,0.591735
58,0,0.000000,0.666531,0.153080,0.000656,0.809335,0.000000,0.000000,0.932993,0.010284,0.477157,0.167840,0.000000,0.649118
59,0,0.000000,0.631682,0.145231,0.000591,0.741990,0.000000,0.000000,0.861212,0.010510,0.406925,0.163658,0.000000,0.577939
60,0,0.000000,0.678369,0.112952,0.000945,0.781968,0.000000,0.000000,0.870505,0.010235,0.472062,0.107024,0.000000,0.584289
61,0,0.000000,0.694249,0.150296,0.001348,0.816603,0.000000,0.000000,0.908609,0.010414,0.477976,0.146341,0.000000,0.630433
62,0,0.000000,0.694538,0.170479,0.000705,0.843902,0.000000,0.000000,0.928845,0.010991,0.502699,0.160601,0.000000,0.667731
63,0,0.000000,0.655769,0.152050,0.000650,0.785050,0.000000,0.000000,0.904757,0.012135,0.478619,0.147804,0.000000,0.632110
64,0,0.000000,0.611184,0.162721,0.000840,0.766390,0.000000,0.000000,0.900842,0.010282,0.445760,0.155182,0.000000,0.607607
65,0,0.000000,0.838997,0.042723,0.000916,0.881981,0.000000,0.000000,0.998833,0.010389,0.643923,0.032168,0.000000,0.678153
66,0,0.000000,0.656357,0.155583,0.000633,0.775434,0.000000,0.000000,0.893609,0.009459,0.436738,0.147651,0.000000,0.591299
67,0,0.000000,0.663808,0.111495,0.000569,0.756055,0.000000,0.000000,0.870847,0.009237,0.450107,0.118337,0.000000,0.575183
68,0,0.000000,0.607517,0.137657,0.000582,0.723754,0.000000,0.000000,0.801054,0.008664,0.388210,0.135464,0.000000,0.527731
69,0,0.000000,0.700987,0.112389,0.000675,0.805741,0.000000,0.000000,0.921466,0.008594,0.478943,0.106124,0.000000,0.590955
70,0,0.000000,0.653107,0.074422,0.000635,0.688960,0.000000,0.000000,0.798877,0.009300,0.422307,0.078742,0.000000,0.507330
71,0,0.000000,0.609245,0.110334,0.000612,0.716633,0.000000,0.000000,0.841123,0.009022,0.425111,0.111203,0.000000,0.542907
72,0,0.000000,0.706258,0.098074,0.000770,0.792363,0.000000,0.000000,0.871823,0.017670,0.490373,0.093870,0.000000,0.590458
73,0,0.000000,0.673948,0.147441,0.000630,0.821914,0.000000,0.000000,0.905853,0.010371,0.462677,0.146060,0.000000,0.616414
74,0,0.000000,0.696844,0.139113,0.000797,0.830376,0.000000,0.000000,0.893489,0.009230,0.471316,0.132551,0.000000,0.611185
75,0,0.000000,0.638360,0.083130,0.000846,0.718542,0.000000,0.000000,0.939027,0.008538,0.447482,0.079180,0.000000,0.532937
76,0,0.000000,0.744171,0.094703,0.000619,0.823316,0.000000,0.000000,0.883817,0.008932,0.518405,0.090789,0.000000,0.612534
77,0,0.000000,0.651319,0.125550,0.000685,0.746051,0.000000,0.000000,0.846323,0.009449,0.442126,0.120559,0.000000,0.570086
78,0,0.000000,0.774451,0.046976,0.001116,0.815837,0.000000,0.000000,0.919377,0.010902,0.526105,0.041837,0.000000,0.574502
79,0,0.000000,0.850680,0.056245,0.000788,0.901997,0.000000,0.000000,1.015841,0.010339,0.635293,0.062614,0.000000,0.706584
80,0,0.000000,0.923029,0.103894,0.001336,0.963818,0.000000,0.000000,1.096513,0.009829,0.695613,0.101372,0.000000,0.804003
81,0,0.000000,0.846852,0.042593,0.000637,0.864484,0.000000,0.000000,0.999593,0.010323,0.672216,0.038525,0.000000,0.712625
82,0,0.000000,0.639341,0.026855,0.000730,0.649555,0.000000,0.000000,0.770591,0.048920,0.454374,0.019496,0.000000,0.476092
83,0,0.000000,0.674822,0.042272,0.000570,0.715564,0.000000,0.000000,0.799882,0.008058,0.424381,0.036245,0.000000,0.466316
84,0,0.000000,0.649870,0.050399,0.000617,0.683269,0.000000,0.000000,0.768578,0.007697,0.383972,0.046527,0.000000,0.436064
85,0,0.000000,0.724875,0.051813,0.000598,0.774243,0.000000,0.000000,0.833142,0.008703,0.425126,0.046244,0.000000,0.473731
86,0,0.000000,0.710837,0.039112,0.000639,0.749658,0.000000,0.000000,0.828032,0.007660,0.465470,0.033510,0.000000,0.503939
87,0,0.000000,0.707748,0.036006,0.000646,0.741758,0.000000,0.000000,0.864884,0.007912,0.445938,0.029491,0.000000,0.480318
88,0,0.000000,0.695600,0.053141,0.000651,0.748909,0.000000,0.000000,0.813424,0.009053,0.436005,0.049240,0.000000,0.489660
89,0,0.000000,0.618873,0.036144,0.000708,0.652642,0.000000,0.000000,0.722856,0.007647,0.354428,0.033480,0.000000,0.393771
90,0,0.000000,0.659714,0.054548,0.000565,0.710309,0.000000,0.000000,0.772950,0.007244,0.389921,0.048760,0.000000,0.443572
91,0,0.000000,0.628007,0.027821,0.000715,0.654096,0.000000,0.000000,0.747356,0.006839,0.366559,0.021816,0.000000,0.392412
92,0,0.000000,0.674105,0.029843,0.000683,0.700213,0.000000,0.000000,0.754105,0.011207,0.400991,0.022563,0.000000,0.426630
93,0,0.000000,0.640218,0.029569,0.001051,0.666944,0.000000,0.000000,0.754009,0.008038,0.386015,0.021771,0.000000,0.412087
94,0,0.000000,0.729308,0.083892,0.000851,0.766986,0.000000,0.000000,0.872718,0.007309,0.503015,0.078733,0.000000,0.586654
95,0,0.000000,0.785393,0.111361,0.000936,0.849989,0.000000,0.000000,0.958650,0.007777,0.545102,0.105899,0.000000,0.657034
96,0,0.000000,0.732595,0.097230,0.001293,0.828740,0.000000,0.000000,0.911589,0.007636,0.538201,0.091813,0.000000,0.635655
97,0,0.000000,0.813419,0.087503,0.001025,0.893717,0.000000,0.000000,0.977854,0.008366,0.624057,0.087281,0.000000,0.717351
98,0,0.000000,0.712526,0.092813,0.000783,0.757043,0.000000,0.000000,0.879125,0.007266,0.521003,0.088406,0.000000,0.614606
99,0,0.000000,0.819965,0.078835,0.000779,0.890004,0.000000,0.000000,1.042398,0.007515,0.708624,0.080104,0.000000,0.794457
100,0,0.000000,0.828782,0.042772,0.001243,0.868511,0.000000,0.000000,1.039699,0.007523,0.665856,0.034782,0.000000,0.706202
101,0,0.000000,0.958611,0.046281,0.001209,0.999712,0.000000,0.000000,1.196000,0.068248,0.626317,0.027305,0.000000,0.720441
102,0,0.000000,0.882190,0.036068,0.001139,0.917080,0.000000,0.000000,1.157590,0.010280,0.720974,0.028084,0.000000,0.750050
103,0,0.000000,0.805485,0.040321,0.001027,0.833101,0.000000,0.000000,0.963581,0.010110,0.640496,0.033425,0.000000,0.679460
104,0,0.000000,0.780496,0.033777,0.001241,0.801517,0.000000,0.000000,0.884712,0.007594,0.578930,0.028002,0.000000,0.611190
105,0,0.000000,0.798961,0.127888,0.000875,0.898684,0.000000,0.000000,1.043206,0.009026,0.623348,0.120703,0.000000,0.748343
106,0,0.000000,0.722347,0.079399,0.001006,0.802352,0.000000,0.000000,0.859905,0.008258,0.515207,0.068305,0.000000,0.587131
107,0,0.000000,0.663800,0.067862,0.000757,0.701095,0.000000,0.000000,0.807653,0.007058,0.438240,0.059629,0.000000,0.501827
108,0,0.000000,0.585665,0.035479,0.000788,0.617627,0.000000,0.000000,0.716057,0.006682,0.397773,0.029786,0.000000,0.432436
109,0,0.000000,0.630802,0.065475,0.000908,0.681841,0.000000,0.000000,0.743176,0.006051,0.405384,0.048409,0.000000,0.457549
110,0,0.000000,0.582697,0.104397,0.000815,0.632043,0.000000,0.000000,0.771912,0.006330,0.385268,0.100355,0.000000,0.490385
111,0,0.000000,0.575730,0.069815,0.000694,0.607512,0.000000,0.000000,0.698540,0.006613,0.362099,0.065174,0.000000,0.431806
112,0,0.000000,0.611844,0.077785,0.000834,0.664906,0.000000,0.000000,0.740764,0.006120,0.393418,0.066390,0.000000,0.464433
113,0,0.000000,0.576400,0.063239,0.000671,0.616818,0.000000,0.000000,0.684603,0.007862,0.361603,0.059841,0.000000,0.425848
114,0,0.000000,0.617849,0.149716,0.000895,0.707640,0.000000,0.000000,0.832437,0.006248,0.404390,0.131956,0.000000,0.464319
115,0,0.000000,0.589128,0.094770,0.000855,0.655976,0.000000,0.000000,0.792140,0.021297,0.424729,0.086840,0.000000,0.516481
116,0,0.000000,0.593145,0.053261,0.000747,0.610816,0.000000,0.000000,0.718905,0.006854,0.379846,0.048287,0.000000,0.432672
117,0,0.000000,0.949880,0.078233,0.000981,1.004611,0.000000,0.000000,1.122083,0.006064,0.729528,0.065515,0.000000,0.792751
118,0,0.000000,0.750476,0.067709,0.000937,0.818830,0.000000,0.000000,0.930420,0.009978,0.482694,0.041177,0.000000,0.529695
119,0,0.000000,0.735252,0.144666,0.001049,0.856355,0.000000,0.000000,0.985030,0.019424,0.524188,0.140068,0.000000,0.661100
120,0,0.000000,0.784962,0.090417,0.001514,0.871332,0.000000,0.000000,0.954832,0.008887,0.506387,0.106172,0.000000,0.617174
121,0,0.000000,0.753850,0.079422,0.000956,0.827958,0.000000,0.000000,0.926454,0.007434,0.560423,0.075885,0.000000,0.639802
122,0,0.000000,0.789540,0.035543,0.001274,0.817019,0.000000,0.000000,0.935409,0.008134,0.590452,0.031388,0.000000,0.622381
123,0,0.000000,0.876758,0.033085,0.001483,0.910511,0.000000,0.000000,0.992927,0.008851,0.652184,0.034857,0.000000,0.685225
124,0,0.000000,0.816097,0.066379,0.000943,0.881508,0.000000,0.000000,0.981607,0.009070,0.541292,0.060888,0.000000,0.608810
125,0,0.000000,0.766490,0.109070,0.001361,0.872376,0.000000,0.000000,0.978625,0.007694,0.533092,0.108440,0.000000,0.647645
126,0,0.000000,0.721930,0.105106,0.000967,0.806463,0.000000,0.000000,0.926692,0.009263,0.486113,0.101250,0.000000,0.593900
127,0,0.000000,0.735786,0.123296,0.000934,0.836779,0.000000,0.000000,0.913673,0.008063,0.490859,0.118837,0.000000,0.613963
128,0,0.000000,0.717030,0.101234,0.001129,0.780872,0.000000,0.000000,0.882928,0.008173,0.484081,0.097165,0.000000,0.586718
129,0,0.000000,0.770560,0.065740,0.001251,0.813805,0.000000,0.000000,1.006825,0.019467,0.608893,0.061340,0.000000,0.673426
130,0,0.000000,0.722492,0.090755,0.000929,0.791047,0.000000,0.000000,0.858444,0.008188,0.489964,0.086352,0.000000,0.581382
131,0,0.000000,0.757720,0.063112,0.000939,0.816975,0.000000,0.000000,0.897719,0.007312,0.548424,0.056007,0.000000,0.606497
132,0,0.000000,0.896122,0.032913,0.001160,0.914822,0.000000,0.000000,1.192870,0.007956,0.791639,0.040707,0.000000,0.838321
133,0,0.000000,0.828999,0.045257,0.001287,0.867511,0.000000,0.000000,1.016721,0.013491,0.612100,0.030126,0.000000,0.647400
134,0,0.000000,0.814579,0.040461,0.001879,0.854005,0.000000,0.000000,1.027958,0.010033,0.554103,0.032317,0.000000,0.595471
135,0,0.000000,0.870948,0.048990,0.001927,0.917827,0.000000,0.000000,1.073145,0.010998,0.604157,0.083365,0.000000,0.647942
136,0,0.000000,0.808285,0.044236,0.001542,0.845358,0.000000,0.000000,0.942478,0.013531,0.513244,0.036647,0.000000,0.554468
137,0,0.000000,0.751834,0.049692,0.002196,0.802061,0.000000,0.000000,0.896131,0.009441,0.523407,0.044754,0.000000,0.572055
138,0,0.000000,0.815622,0.045278,0.001703,0.861268,0.000000,0.000000,0.978635,0.010796,0.636309,0.043054,0.000000,0.676715
139,0,0.000000,0.817637,0.035321,0.001545,0.852641,0.000000,0.000000,1.051318,0.009767,0.668050,0.030791,0.000000,0.698439
140,0,0.000000,0.782810,0.045128,0.001767,0.825224,0.000000,0.000000,1.017304,0.033348,0.613400,0.042424,0.000000,0.654611
141,0,0.000000,0.884765,0.049184,0.001742,0.931964,0.000000,0.000000,1.032732,0.009424,0.595735,0.045985,0.000000,0.642183
142,0,0.000000,0.795823,0.044677,0.001757,0.839077,0.000000,0.000000,0.942723,0.008863,0.500853,0.041083,0.000000,0.546618
143,0,0.000000,0.810477,0.057798,0.001805,0.866213,0.000000,0.000000,1.009977,0.008585,0.561587,0.053154,0.000000,0.616263
144,0,0.000000,0.808714,0.077976,0.001438,0.874460,0.000000,0.000000,0.978589,0.009427,0.555743,0.067248,0.000000,0.628537
145,0,0.000000,0.864324,0.106264,0.000971,0.953104,0.000000,0.000000,1.038205,0.009645,0.608963,0.100773,0.000000,0.714446
146,0,0.000000,0.759775,0.070049,0.001584,0.812583,0.000000,0.000000,0.930837,0.010524,0.548279,0.092686,0.000000,0.646955
147,0,0.000000,0.771100,0.083729,0.001004,0.855833,0.000000,0.000000,0.987243,0.017753,0.497827,0.078045,0.000000,0.573005
148,0,0.000000,0.723167,0.102607,0.001005,0.817762,0.000000,0.000000,0.902575,0.009232,0.415719,0.096554,0.000000,0.511486
149,0,0.000000,0.741063,0.087165,0.001230,0.829054,0.000000,0.000000,0.948388,0.007865,0.560080,0.083681,0.000000,0.643590
150,0,0.000000,0.764032,0.142288,0.001089,0.876709,0.000000,0.000000,0.985785,0.009547,0.463524,0.137605,0.000000,0.602061
151,0,0.000000,0.758298,0.084062,0.000869,0.833681,0.000000,0.000000,0.925750,0.009368,0.583449,0.077891,0.000000,0.668729
152,0,0.000000,0.716911,0.140158,0.000931,0.836071,0.000000,0.000000,0.953986,0.009431,0.589125,0.135487,0.000000,0.728742
153,0,0.000000,0.686721,0.114781,0.000800,0.802302,0.000000,0.000000,0.866368,0.007998,0.521454,0.107052,0.000000,0.634836
154,0,0.000000,0.699282,0.086152,0.001002,0.769448,0.000000,0.000000,0.838757,0.008675,0.524074,0.081415,0.000000,0.612588
155,0,0.000000,0.692325,0.035224,0.001448,0.727326,0.000000,0.000000,0.828874,0.015187,0.568160,0.031449,0.000000,0.605929
156,0,0.000000,0.723650,0.120845,0.000967,0.801445,0.000000,0.000000,0.959720,0.026704,0.586134,0.132549,0.000000,0.725642
157,0,0.000000,0.704259,0.133910,0.001027,0.814909,0.000000,0.000000,0.908235,0.008175,0.547655,0.129915,0.000000,0.683732
158,0,0.000000,0.740092,0.123936,0.000845,0.829871,0.000000,0.000000,0.921283,0.007857,0.571854,0.119620,0.000000,0.685964
159,0,0.000000,0.690482,0.142639,0.000984,0.808124,0.000000,0.000000,0.934607,0.007887,0.526422,0.157491,0.000000,0.689428
160,0,0.000000,0.713584,0.108451,0.001055,0.817002,0.000000,0.000000,0.918616,0.008918,0.568594,0.105794,0.000000,0.680554
161,0,0.000000,0.686198,0.093522,0.000803,0.744906,0.000000,0.000000,0.869749,0.008661,0.538389,0.090133,0.000000,0.633405
162,0,0.000000,0.865349,0.039511,0.001126,0.887497,0.000000,0.000000,1.004374,0.008796,0.724407,0.033012,0.000000,0.759892
163,0,0.000000,0.736639,0.042073,0.000676,0.779220,0.000000,0.000000,0.831518,0.019440,0.526249,0.035428,0.000000,0.568671
164,0,0.000000,0.678488,0.065454,0.000656,0.743799,0.000000,0.000000,0.807404,0.007674,0.471789,0.061726,0.000000,0.531677
165,0,0.000000,0.666251,0.127881,0.000709,0.786318,0.000000,0.000000,0.868594,0.006786,0.472852,0.123398,0.000000,0.602335
166,0,0.000000,0.648771,0.054218,0.001023,0.675786,0.000000,0.000000,0.753078,0.006889,0.437366,0.022189,0.000000,0.465681
167,0,0.000000,0.847913,0.131334,0.000916,0.925425,0.000000,0.000000,1.058875,0.012196,0.657838,0.126481,0.000000,0.790035
168,0,0.000000,0.725545,0.056092,0.000736,0.776832,0.000000,0.000000,0.853181,0.006895,0.530497,0.051035,0.000000,0.587917
169,0,0.000000,0.803062,0.097322,0.000975,0.871190,0.000000,0.000000,0.975761,0.006766,0.613861,0.094573,0.000000,0.714210
170,0,0.000000,0.734844,0.096979,0.000941,0.810643,0.000000,0.000000,0.924262,0.008157,0.550119,0.094949,0.000000,0.651798
171,0,0.000000,0.717608,0.125444,0.000948,0.809639,0.000000,0.000000,0.906216,0.019578,0.514859,0.124673,0.000000,0.642240
172,0,0.000000,0.702870,0.122288,0.001080,0.780536,0.000000,0.000000,0.919493,0.006802,0.528564,0.119262,0.000000,0.653821
173,0,0.000000,0.749799,0.075909,0.000884,0.798280,0.000000,0.000000,0.876131,0.006674,0.544138,0.072272,0.000000,0.622347
174,0,0.000000,0.744868,0.089580,0.001152,0.834680,0.000000,0.000000,0.927055,0.007871,0.560804,0.085748,0.000000,0.653642
175,0,0.000000,0.703180,0.081314,0.000870,0.753223,0.000000,0.000000,0.844825,0.006757,0.503371,0.078160,0.000000,0.587259
176,0,0.000000,0.787291,0.071944,0.001490,0.856865,0.000000,0.000000,0.936694,0.006793,0.572477,0.067779,0.000000,0.646081
177,0,0.000000,0.762657,0.139788,0.001000,0.865636,0.000000,0.000000,1.019257,0.026641,0.572579,0.143977,0.000000,0.723238
178,0,0.000000,0.795658,0.054373,0.001615,0.841826,0.000000,0.000000,1.003713,0.008272,0.607255,0.129951,0.000000,0.728786
179,0,0.000000,0.843653,0.084297,0.000846,0.904641,0.000000,0.000000,1.044443,0.029355,0.640547,0.113048,0.000000,0.762608
180,0,0.000000,0.854078,0.129027,0.001278,0.977131,0.000000,0.000000,1.057225,0.008517,0.615930,0.123167,0.000000,0.745887
181,0,0.000000,0.802823,0.165053,0.001053,0.914486,0.000000,0.000000,1.068826,0.008070,0.638392,0.162143,0.000000,0.807330
182,0,0.000000,0.826681,0.120033,0.001001,0.925627,0.000000,0.000000,1.022070,0.030572,0.629950,0.119584,0.000000,0.757610
183,0,0.000000,0.810427,0.106820,0.001809,0.908814,0.000000,0.000000,0.994324,0.008508,0.613086,0.105869,0.000000,0.725933
184,0,0.000000,0.820077,0.151298,0.001023,0.947260,0.000000,0.000000,1.098304,0.008673,0.659225,0.147762,0.000000,0.813661
185,0,0.000000,0.789200,0.100441,0.001651,0.878965,0.000000,0.000000,0.950312,0.008355,0.607730,0.097470,0.000000,0.710757
186,0,0.000000,0.825746,0.113709,0.001050,0.929011,0.000000,0.000000,1.021899,0.016376,0.638831,0.110274,0.000000,0.755643
187,0,0.000000,0.804026,0.092944,0.001012,0.879789,0.000000,0.000000,1.005878,0.008169,0.645561,0.092666,0.000000,0.740916
188,0,0.000000,0.830688,0.144813,0.001159,0.951121,0.000000,0.000000,1.046671,0.008618,0.633526,0.142409,0.000000,0.782349
189,0,0.000000,0.804107,0.173169,0.001146,0.934750,0.000000,0.000000,1.083846,0.008472,0.650114,0.170251,0.000000,0.826259
190,0,0.000000,0.818046,0.126997,0.000899,0.919683,0.000000,0.000000,1.015349,0.008978,0.617204,0.132078,0.000000,0.756093
191,0,0.000000,0.816349,0.165873,0.000864,0.960468,0.000000,0.000000,1.046886,0.008639,0.633512,0.163765,0.000000,0.803822
192,0,0.000000,0.815551,0.123920,0.000962,0.912150,0.000000,0.000000,0.999363,0.008547,0.613244,0.120615,0.000000,0.740456
193,0,0.000000,0.821336,0.030227,0.001148,0.847735,0.000000,0.000000,1.037253,0.007818,0.715456,0.018007,0.000000,0.725585
194,0,0.000000,0.870418,0.046632,0.001161,0.914703,0.000000,0.000000,1.010140,0.007839,0.609054,0.041219,0.000000,0.648796
195,0,0.000000,0.822673,0.028925,0.000840,0.850794,0.000000,0.000000,0.931491,0.009031,0.585509,0.016694,0.000000,0.601841
196,0,0.000000,0.810680,0.031552,0.001135,0.840467,0.000000,0.000000,0.981742,0.007762,0.650444,0.023250,0.000000,0.679023
197,0,0.000000,0.811773,0.127838,0.000951,0.905991,0.000000,0.000000,1.017013,0.007290,0.604067,0.113109,0.000000,0.717497
198,0,0.000000,0.808529,0.084475,0.000894,0.886125,0.000000,0.000000,1.007921,0.008580,0.634880,0.086540,0.000000,0.726319
199,0,0.000000,0.803731,0.094912,0.001074,0.867460,0.000000,0.000000,0.968870,0.007959,0.589110,0.082114,0.000000,0.676841
200,0,0.000000,0.809938,0.045770,0.001064,0.855299,0.000000,0.000000,0.926729,0.008419,0.587090,0.044356,0.000000,0.636657
201,0,0.000000,0.783112,0.086834,0.001050,0.831771,0.000000,0.000000,0.925868,0.025925,0.507968,0.080251,0.000000,0.595119
202,0,0.000000,0.804152,0.063738,0.000925,0.859651,0.000000,0.000000,0.924154,0.009189,0.562337,0.057124,0.000000,0.624847
203,0,0.000000,0.799277,0.105409,0.000817,0.868826,0.000000,0.000000,1.024437,0.007464,0.599813,0.095560,0.000000,0.700689
204,0,0.000000,0.796875,0.075283,0.000896,0.864209,0.000000,0.000000,0.947694,0.022063,0.549555,0.065334,0.000000,0.631321
205,0,0.000000,0.827428,0.050221,0.001288,0.871000,0.000000,0.000000,0.995562,0.027087,0.549441,0.037979,0.000000,0.608124
206,0,0.000000,0.806431,0.112062,0.000779,0.875190,0.000000,0.000000,0.989292,0.010561,0.575595,0.103668,0.000000,0.688886
207,0,0.000000,0.808970,0.166759,0.000919,0.975977,0.000000,0.000000,1.220018,0.008827,0.736387,0.160480,0.000000,0.885630
208,0,0.000000,0.811645,0.041316,0.000862,0.853823,0.000000,0.000000,0.987641,0.010399,0.618238,0.022049,0.000000,0.642801
209,0,0.000000,0.885960,0.036471,0.001467,0.919981,0.000000,0.000000,1.056264,0.132118,0.578625,0.022023,0.000000,0.622610
210,0,0.000000,0.855908,0.040470,0.001328,0.885120,0.000000,0.000000,0.995296,0.009523,0.608760,0.030271,0.000000,0.634293
211,0,0.000000,0.892796,0.131016,0.002245,0.945517,0.000000,0.000000,1.174596,0.013131,0.649119,0.158279,0.000000,0.818179
212,0,0.000000,1.179453,0.039182,0.001365,1.196775,0.000000,0.000000,1.295734,0.010962,0.943377,0.019894,0.000000,0.959563
213,0,0.000000,0.872842,0.051304,0.001690,0.910782,0.000000,0.000000,0.998000,0.011609,0.644364,0.047657,0.000000,0.695206
214,0,0.000000,0.857506,0.076772,0.001152,0.929528,0.000000,0.000000,1.128486,0.012865,0.707652,0.071239,0.000000,0.789828
215,0,0.000000,0.852889,0.030686,0.001702,0.875387,0.000000,0.000000,1.379432,0.010668,0.895144,0.036823,0.000000,0.937545
216,0,0.000000,0.922384,0.042361,0.001554,0.964897,0.000000,0.000000,1.069196,0.011996,0.686120,0.042751,0.000000,0.723030
217,0,0.000000,0.844925,0.031301,0.001103,0.877329,0.000000,0.000000,1.238216,0.010173,0.711818,0.017298,0.000000,0.724457
218,0,0.000000,0.894440,0.035735,0.001006,0.929055,0.000000,0.000000,1.116781,0.009100,0.726633,0.025721,0.000000,0.746815
219,0,0.000000,0.808660,0.030978,0.001092,0.838773,0.000000,0.000000,0.922145,0.011503,0.539855,0.024667,0.000000,0.573594
220,0,0.000000,0.836327,0.033051,0.001306,0.869120,0.000000,0.000000,0.932200,0.009286,0.559989,0.026458,0.000000,0.580206
221,0,0.000000,0.817225,0.056169,0.001163,0.865595,0.000000,0.000000,0.952208,0.008393,0.545736,0.065344,0.000000,0.609720
222,0,0.000000,1.168659,0.193796,0.001128,1.203062,0.000000,0.000000,1.465630,0.010064,0.827982,0.011133,0.000000,0.841583
223,0,0.000000,0.843759,0.035334,0.001115,0.879890,0.000000,0.000000,0.953262,0.009684,0.614112,0.015574,0.000000,0.637241
224,0,0.000000,0.795906,0.033426,0.000970,0.829691,0.000000,0.000000,0.905514,0.007592,0.600437,0.017177,0.000000,0.622966
225,0,0.000000,0.760270,0.033061,0.001063,0.793239,0.000000,0.000000,0.843506,0.008576,0.539141,0.017778,0.000000,0.562340
226,0,0.000000,0.713468,0.033929,0.001050,0.747564,0.000000,0.000000,0.855695,0.006480,0.559133,0.017436,0.000000,0.581851
227,0,0.000000,0.777825,0.038005,0.001098,0.816261,0.000000,0.000000,0.866270,0.007123,0.564085,0.018593,0.000000,0.587414
228,0,0.000000,0.790849,0.035249,0.000880,0.826978,0.000000,0.000000,0.897578,0.006853,0.597790,0.016725,0.000000,0.619588
229,0,0.000000,0.752360,0.041578,0.000827,0.792424,0.000000,0.000000,0.866730,0.006449,0.537870,0.020075,0.000000,0.562900
230,0,0.000000,0.771118,0.039063,0.000873,0.810010,0.000000,0.000000,0.873612,0.006839,0.574303,0.018307,0.000000,0.596204
231,0,0.000000,0.689776,0.031634,0.001295,0.721548,0.000000,0.000000,0.844408,0.007163,0.537336,0.018664,0.000000,0.546182
232,0,0.000000,0.836841,0.049355,0.001281,0.886381,0.000000,0.000000,0.969800,0.007223,0.646498,0.017841,0.000000,0.666811
233,0,0.000000,0.743162,0.041583,0.000962,0.784886,0.000000,0.000000,0.834859,0.007387,0.530233,0.021099,0.000000,0.556432
234,0,0.000000,0.722526,0.036231,0.001293,0.758657,0.000000,0.000000,0.895108,0.006814,0.586278,0.019791,0.000000,0.609892
235,0,0.000000,0.742625,0.042187,0.000942,0.780806,0.000000,0.000000,0.891928,0.016440,0.564349,0.019230,0.000000,0.588987
236,0,0.000000,0.776731,0.047834,0.001199,0.824609,0.000000,0.000000,0.884720,0.007412,0.571172,0.018416,0.000000,0.593519
237,0,0.000000,0.792825,0.036620,0.000893,0.830219,0.000000,0.000000,0.890565,0.006626,0.596498,0.017645,0.000000,0.618975
238,0,0.000000,1.282214,0.027946,0.000787,1.310936,0.000000,0.000000,1.395962,0.007116,1.078715,0.012557,0.000000,1.085441
239,0,0.000000,0.905335,0.036113,0.000821,0.925289,0.000000,0.000000,1.051928,0.038722,0.584078,0.031319,0.000000,0.623634
240,0,0.000000,0.847614,0.023392,0.000871,0.871877,0.000000,0.000000,0.928211,0.007051,0.493208,0.016759,0.000000,0.517018
241,0,0.000000,0.858219,0.022382,0.000915,0.875562,0.000000,0.000000,0.958238,0.013540,0.542117,0.028598,0.000000,0.567459
242,0,0.000000,0.806050,0.029948,0.001172,0.833248,0.000000,0.000000,0.913230,0.008010,0.548752,0.022989,0.000000,0.577359
243,0,0.000000,0.802307,0.036876,0.001197,0.830362,0.000000,0.000000,0.935972,0.025445,0.549928,0.045040,0.000000,0.589929
244,0,0.000000,0.827548,0.048174,0.001071,0.853743,0.000000,0.000000,0.944055,0.009007,0.576890,0.045515,0.000000,0.627005
245,0,0.000000,0.839089,0.035709,0.001196,0.863833,0.000000,0.000000,0.989341,0.009342,0.609288,0.072996,0.000000,0.646191
246,0,0.000000,0.852025,0.052451,0.001714,0.902045,0.000000,0.000000,0.980008,0.011035,0.624068,0.037678,0.000000,0.666448
247,0,0.000000,0.824534,0.036374,0.001616,0.861959,0.000000,0.000000,0.957761,0.008277,0.623556,0.031324,0.000000,0.659778
248,0,0.000000,0.835007,0.036203,0.001618,0.872421,0.000000,0.000000,0.941880,0.008366,0.607031,0.031863,0.000000,0.643069
249,0,0.000000,0.799937,0.055870,0.001531,0.857326,0.000000,0.000000,1.012893,0.008766,0.609321,0.055518,0.000000,0.669991
250,0,0.000000,0.805198,0.043214,0.001469,0.846032,0.000000,0.000000,0.932881,0.014571,0.610615,0.038423,0.000000,0.656265
251,0,0.000000,0.805304,0.042938,0.001476,0.844252,0.000000,0.000000,0.918305,0.009375,0.595333,0.039768,0.000000,0.640992
252,0,0.000000,0.858449,0.054805,0.001367,0.879174,0.000000,0.000000,1.297688,0.008755,0.735785,0.134774,0.000000,0.870953
253,0,0.000000,0.866035,0.028311,0.001082,0.893150,0.000000,0.000000,1.001183,0.031937,0.566627,0.016896,0.000000,0.607401
254,0,0.000000,0.872615,0.040064,0.001684,0.913770,0.000000,0.000000,1.026319,0.008274,0.544278,0.035181,0.000000,0.582673
255,0,0.000000,0.848559,0.041347,0.001717,0.878190,0.000000,0.000000,0.984410,0.010789,0.552848,0.036038,0.000000,0.586308
256,0,0.000000,0.816246,0.036106,0.001433,0.846919,0.000000,0.000000,0.996853,0.010076,0.551311,0.056649,0.000000,0.586561
257,0,0.000000,0.835005,0.039306,0.001422,0.874864,0.000000,0.000000,1.062520,0.024805,0.667853,0.028218,0.000000,0.682212
258,0,0.000000,0.840600,0.040566,0.001699,0.881269,0.000000,0.000000,0.964163,0.012758,0.629304,0.033221,0.000000,0.674195
259,0,0.000000,0.820481,0.037245,0.001401,0.858966,0.000000,0.000000,0.950859,0.009793,0.628858,0.032428,0.000000,0.669619
260,0,0.000000,0.795202,0.044636,0.001808,0.839484,0.000000,0.000000,0.931103,0.009382,0.511001,0.041279,0.000000,0.560221
261,0,0.000000,0.812730,0.050037,0.001416,0.863253,0.000000,0.000000,0.931322,0.009601,0.532127,0.047221,0.000000,0.588478
262,0,0.000000,0.927869,0.047962,0.001860,0.972975,0.000000,0.000000,1.056853,0.008642,0.617913,0.042943,0.000000,0.661625
263,0,0.000000,0.779237,0.070776,0.001689,0.846737,0.000000,0.000000,0.969667,0.011132,0.522831,0.069612,0.000000,0.595807
264,0,0.000000,0.778902,0.038700,0.001571,0.818044,0.000000,0.000000,0.904934,0.010314,0.483043,0.036206,0.000000,0.527159
265,0,0.000000,0.831264,0.044467,0.001953,0.873830,0.000000,0.000000,1.006501,0.009381,0.553454,0.050142,0.000000,0.597145
266,0,0.000000,0.804037,0.049308,0.001479,0.843801,0.000000,0.000000,1.043825,0.010156,0.604208,0.049525,0.000000,0.657697
267,0,0.000000,0.813524,0.079304,0.001096,0.887230,0.000000,0.000000,0.978520,0.010416,0.548047,0.081250,0.000000,0.637539
268,0,0.000000,1.004107,0.029687,0.000923,1.023534,0.000000,0.000000,1.139031,0.028183,0.759208,0.017943,0.000000,0.800242
269,0,0.000000,0.784685,0.035991,0.000935,0.821214,0.000000,0.000000,0.891949,0.009315,0.524871,0.026403,0.000000,0.557123
270,0,0.000000,0.765129,0.037076,0.001141,0.801290,0.000000,0.000000,0.935351,0.007904,0.605857,0.032045,0.000000,0.641490
271,0,0.000000,0.800316,0.039568,0.001049,0.840933,0.000000,0.000000,0.924926,0.007819,0.586729,0.033930,0.000000,0.627250
272,0,0.000000,0.788056,0.035715,0.001289,0.822403,0.000000,0.000000,0.886326,0.008204,0.567535,0.029679,0.000000,0.600671
273,0,0.000000,0.783729,0.048796,0.001260,0.829748,0.000000,0.000000,0.908861,0.009573,0.462804,0.041943,0.000000,0.504369
274,0,0.000000,0.784330,0.049945,0.000942,0.834376,0.000000,0.000000,0.943419,0.009760,0.532260,0.043901,0.000000,0.583090
275,0,0.000000,0.783500,0.037038,0.001309,0.810345,0.000000,0.000000,0.894777,0.008294,0.542468,0.032294,0.000000,0.565091
276,0,0.000000,0.819759,0.058348,0.001524,0.834851,0.000000,0.000000,0.999980,0.010199,0.582914,0.060464,0.000000,0.650579
277,0,0.000000,0.801820,0.033956,0.001101,0.823581,0.000000,0.000000,0.897665,0.048916,0.367916,0.012852,0.000000,0.388132
278,0,0.000000,0.812266,0.036011,0.001473,0.836868,0.000000,0.000000,0.939322,0.009123,0.460432,0.040888,0.000000,0.508531
279,0,0.000000,0.837015,0.042469,0.001180,0.861636,0.000000,0.000000,0.960386,0.010255,0.518439,0.035273,0.000000,0.558504
280,0,0.000000,0.801502,0.057703,0.000979,0.828986,0.000000,0.000000,0.946212,0.039783,0.521894,0.032168,0.000000,0.558396
281,0,0.000000,0.794286,0.051534,0.001037,0.827062,0.000000,0.000000,0.916408,0.010788,0.487699,0.042785,0.000000,0.540097
282,0,0.000000,0.808413,0.059654,0.001382,0.859901,0.000000,0.000000,0.944598,0.018994,0.505861,0.051578,0.000000,0.562178
283,0,0.000000,0.848707,0.053901,0.001325,0.878623,0.000000,0.000000,0.982501,0.009540,0.559297,0.048949,0.000000,0.616614
284,0,0.000000,0.858667,0.049573,0.001293,0.891914,0.000000,0.000000,1.024027,0.010702,0.421943,0.057886,0.000000,0.487739
285,0,0.000000,0.811194,0.041454,0.001371,0.843240,0.000000,0.000000,0.950613,0.014469,0.389083,0.035535,0.000000,0.425442
286,0,0.000000,0.837547,0.049340,0.001801,0.868146,0.000000,0.000000,1.045624,0.009306,0.600752,0.046751,0.000000,0.654544
287,0,0.000000,0.820880,0.059740,0.002378,0.877656,0.000000,0.000000,0.987620,0.011917,0.662283,0.054992,0.000000,0.724231
288,0,0.000000,0.804467,0.055557,0.002382,0.846636,0.000000,0.000000,0.960837,0.010632,0.589354,0.051630,0.000000,0.647546
289,0,0.000000,0.827448,0.046148,0.001862,0.857856,0.000000,0.000000,0.969828,0.010780,0.592057,0.042490,0.000000,0.640568
290,0,0.000000,0.818219,0.087868,0.001069,0.886244,0.000000,0.000000,0.988388,0.010506,0.572095,0.083662,0.000000,0.664231
291,0,0.000000,0.852066,0.058202,0.002498,0.899313,0.000000,0.000000,1.001263,0.011149,0.673424,0.052941,0.000000,0.734336
292,0,0.000000,0.829563,0.049103,0.001859,0.862411,0.000000,0.000000,1.055709,0.011060,0.620298,0.045588,0.000000,0.673789
293,0,0.000000,0.805617,0.054223,0.001502,0.854934,0.000000,0.000000,0.930187,0.012253,0.596858,0.049587,0.000000,0.647743
294,0,0.000000,0.831756,0.040668,0.001449,0.872526,0.000000,0.000000,0.969829,0.009835,0.569288,0.035707,0.000000,0.610361
295,0,0.000000,0.823091,0.072642,0.000953,0.880367,0.000000,0.000000,0.963579,0.010131,0.610361,0.070490,0.000000,0.688813
296,0,0.000000,0.811684,0.061230,0.001213,0.865353,0.000000,0.000000,0.940147,0.009563,0.597998,0.058312,0.000000,0.663722
297,0,0.000000,0.811447,0.050520,0.002100,0.860262,0.000000,0.000000,0.953819,0.009984,0.639382,0.048087,0.000000,0.695356
298,0,0.000000,0.835589,0.041624,0.001915,0.875195,0.000000,0.000000,0.978572,0.010170,0.610717,0.037360,0.000000,0.655809
299,0,0.000000,0.821143,0.064369,0.001113,0.880372,0.000000,0.000000,0.950286,0.010870,0.586126,0.055771,0.000000,0.647299
300,0,0.000000,0.822665,0.075446,0.001671,0.897491,0.000000,0.000000,0.979492,0.008926,0.612788,0.070175,0.000000,0.690517
301,0,0.000000,0.799042,0.047485,0.001401,0.844168,0.000000,0.000000,0.955186,0.053238,0.588487,0.043609,0.000000,0.649781
302,0,0.000000,0.812317,0.102398,0.001212,0.907285,0.000000,0.000000,0.984711,0.009902,0.551997,0.099490,0.000000,0.659870
303,0,0.000000,0.836963,0.054032,0.001746,0.890717,0.000000,0.000000,0.965583,0.010136,0.597403,0.046787,0.000000,0.646925
304,0,0.000000,0.808562,0.041789,0.001559,0.849222,0.000000,0.000000,0.917000,0.009304,0.528726,0.036548,0.000000,0.569758
305,0,0.000000,0.792539,0.057362,0.001628,0.851529,0.000000,0.000000,1.052698,0.009423,0.600891,0.030029,0.000000,0.636265
306,0,0.000000,0.769282,0.029880,0.001042,0.795180,0.000000,0.000000,0.895236,0.011783,0.464383,0.058736,0.000000,0.529884
307,0,0.000000,0.776494,0.056106,0.001230,0.822708,0.000000,0.000000,0.917760,0.010083,0.511054,0.053465,0.000000,0.542743
308,0,0.000000,0.771541,0.037744,0.001116,0.800271,0.000000,0.000000,0.874200,0.009484,0.453874,0.035315,0.000000,0.494558
309,0,0.000000,0.764775,0.036717,0.001330,0.796803,0.000000,0.000000,0.884783,0.008820,0.501242,0.030756,0.000000,0.537208
310,0,0.000000,0.771700,0.035438,0.001171,0.801193,0.000000,0.000000,0.887311,0.009574,0.498884,0.032967,0.000000,0.537514
311,0,0.000000,0.739039,0.042473,0.000955,0.782182,0.000000,0.000000,0.874134,0.008835,0.462139,0.036476,0.000000,0.504522
312,0,0.000000,0.762928,0.046800,0.001156,0.789845,0.000000,0.000000,0.875993,0.009048,0.455015,0.030962,0.000000,0.492168
313,0,0.000000,0.730191,0.037547,0.001615,0.768049,0.000000,0.000000,0.914159,0.009254,0.487095,0.031873,0.000000,0.502121
314,0,0.000000,0.738127,0.034882,0.001043,0.756507,0.000000,0.000000,0.879846,0.012277,0.473256,0.034348,0.000000,0.507918
315,0,0.000000,0.656768,0.041784,0.001146,0.699466,0.000000,0.000000,0.760412,0.010448,0.466176,0.034537,0.000000,0.508653
316,0,0.000000,0.675375,0.034043,0.001151,0.708414,0.000000,0.000000,0.775730,0.009163,0.512538,0.029766,0.000000,0.546434
317,0,0.000000,0.697325,0.070608,0.001217,0.752614,0.000000,0.000000,0.869504,0.020623,0.465867,0.077637,0.000000,0.560281
318,0,0.000000,0.668324,0.053545,0.001032,0.717813,0.000000,0.000000,0.809828,0.010246,0.496086,0.051572,0.000000,0.555059
319,0,0.000000,0.671160,0.044193,0.001545,0.713557,0.000000,0.000000,0.817407,0.009613,0.509191,0.039902,0.000000,0.557045
320,0,0.000000,0.656675,0.061383,0.001349,0.717230,0.000000,0.000000,0.832519,0.010927,0.504784,0.058456,0.000000,0.569084
321,0,0.000000,0.681240,0.080728,0.001034,0.760470,0.000000,0.000000,0.848557,0.009547,0.510888,0.080495,0.000000,0.599697
322,0,0.000000,0.695741,0.059518,0.001018,0.746725,0.000000,0.000000,0.866209,0.010725,0.522973,0.057010,0.000000,0.584105
323,0,0.000000,0.696390,0.037995,0.001406,0.735509,0.000000,0.000000,0.839169,0.010190,0.540209,0.035771,0.000000,0.581676
324,0,0.000000,0.675890,0.041586,0.001329,0.718396,0.000000,0.000000,0.790989,0.009704,0.481206,0.039162,0.000000,0.523856
325,0,0.000000,0.690870,0.041194,0.001512,0.732006,0.000000,0.000000,0.814225,0.010214,0.484937,0.037905,0.000000,0.528797
326,0,0.000000,0.692920,0.046005,0.001409,0.732403,0.000000,0.000000,0.804917,0.009813,0.489395,0.042685,0.000000,0.537116
327,0,0.000000,0.751357,0.047303,0.001928,0.798865,0.000000,0.000000,0.914870,0.011647,0.589846,0.044479,0.000000,0.641381
328,0,0.000000,0.788649,0.062734,0.002172,0.846149,0.000000,0.000000,0.952698,0.014593,0.566450,0.057857,0.000000,0.630505
329,0,0.000000,0.742862,0.071378,0.002032,0.812896,0.000000,0.000000,0.933867,0.011835,0.591704,0.067567,0.000000,0.668052
330,0,0.000000,0.784863,0.066794,0.002239,0.848094,0.000000,0.000000,0.951899,0.011083,0.600411,0.064234,0.000000,0.672406
331,0,0.000000,0.738774,0.037525,0.001569,0.776968,0.000000,0.000000,0.881505,0.011638,0.544689,0.033550,0.000000,0.575951
332,0,0.000000,0.757467,0.036242,0.001417,0.794041,0.000000,0.000000,0.853642,0.010834,0.419491,0.030971,0.000000,0.449811
333,0,0.000000,0.808532,0.047605,0.001411,0.846620,0.000000,0.000000,0.957278,0.009420,0.613414,0.044111,0.000000,0.664175
334,0,0.000000,0.757814,0.063033,0.001636,0.816542,0.000000,0.000000,0.901176,0.009820,0.540853,0.061012,0.000000,0.604409
335,0,0.000000,0.774993,0.057730,0.001337,0.832608,0.000000,0.000000,0.946327,0.010236,0.578208,0.053894,0.000000,0.638989
336,0,0.000000,0.739433,0.050842,0.001721,0.787830,0.000000,0.000000,0.854784,0.010112,0.529864,0.047550,0.000000,0.583099
337,0,0.000000,0.786736,0.044060,0.001851,0.825287,0.000000,0.000000,0.894688,0.009505,0.567622,0.041590,0.000000,0.616406
338,0,0.000000,0.764293,0.068703,0.001784,0.830906,0.000000,0.000000,0.988660,0.010139,0.616182,0.072064,0.000000,0.695558
339,0,0.000000,0.768340,0.077385,0.001036,0.845119,0.000000,0.000000,0.937166,0.009180,0.537505,0.073662,0.000000,0.617743
340,0,0.000000,0.763221,0.046550,0.001598,0.803584,0.000000,0.000000,0.918858,0.009489,0.544552,0.045209,0.000000,0.595437
341,0,0.000000,0.762631,0.060161,0.001598,0.823997,0.000000,0.000000,0.889411,0.029920,0.540721,0.057659,0.000000,0.605592
342,0,0.000000,0.797118,0.047634,0.001647,0.841579,0.000000,0.000000,1.067044,0.009795,0.581429,0.063465,0.000000,0.649773
343,0,0.000000,0.795583,0.056233,0.001574,0.845143,0.000000,0.000000,0.943361,0.010131,0.605158,0.052949,0.000000,0.665763
344,0,0.000000,0.766474,0.054133,0.001618,0.820533,0.000000,0.000000,0.923821,0.009741,0.578518,0.050665,0.000000,0.635978
345,0,0.000000,0.764835,0.073689,0.001587,0.832294,0.000000,0.000000,0.925686,0.009759,0.545279,0.072626,0.000000,0.625672
346,0,0.000000,0.783895,0.078406,0.001632,0.854578,0.000000,0.000000,0.934155,0.010131,0.578745,0.061803,0.000000,0.648408
347,0,0.000000,0.826710,0.046772,0.002032,0.854026,0.000000,0.000000,1.009291,0.051972,0.509277,0.041002,0.000000,0.602251
348,0,0.000000,0.782966,0.051207,0.002241,0.834411,0.000000,0.000000,0.909900,0.011428,0.597902,0.048178,0.000000,0.655965
349,0,0.000000,0.789602,0.046998,0.001884,0.815876,0.000000,0.000000,0.900777,0.010312,0.572801,0.045053,0.000000,0.626411
350,0,0.000000,0.772107,0.054952,0.001026,0.815839,0.000000,0.000000,0.967943,0.010484,0.647630,0.051984,0.000000,0.709179
351,0,0.000000,0.790273,0.068860,0.001649,0.840609,0.000000,0.000000,0.923221,0.010781,0.581514,0.065956,0.000000,0.655410
352,0,0.000000,0.785340,0.092770,0.001889,0.850664,0.000000,0.000000,0.975144,0.011051,0.596257,0.091487,0.000000,0.691511
353,0,0.000000,0.776326,0.141077,0.019311,0.830799,0.000000,0.000000,1.039015,0.019623,0.583834,0.141030,0.000000,0.731639
354,0,0.000000,0.766142,0.075397,0.001759,0.842377,0.000000,0.000000,0.901400,0.011880,0.562083,0.066736,0.000000,0.638879
355,0,0.000000,0.773207,0.098164,0.009536,0.853078,0.000000,0.000000,0.985997,0.010617,0.599648,0.095440,0.000000,0.703525
356,0,0.000000,0.791738,0.069136,0.001231,0.861822,0.000000,0.000000,0.938575,0.011670,0.590922,0.063713,0.000000,0.664138
357,0,0.000000,0.787362,0.046414,0.001849,0.825269,0.000000,0.000000,0.908818,0.010511,0.589910,0.044899,0.000000,0.643157
358,0,0.000000,0.813010,0.081945,0.001428,0.891027,0.000000,0.000000,0.991700,0.010794,0.614324,0.078849,0.000000,0.701604
359,0,0.000000,0.779019,0.093667,0.001266,0.862514,0.000000,0.000000,0.950449,0.010671,0.579953,0.090528,0.000000,0.679151
360,0,0.000000,0.794752,0.158752,0.001091,0.954227,0.000000,0.000000,1.043126,0.011052,0.620360,0.154140,0.000000,0.783538
361,0,0.000000,0.768091,0.065199,0.001289,0.821010,0.000000,0.000000,0.897577,0.027314,0.551646,0.061129,0.000000,0.621018
362,0,0.000000,0.781565,0.038545,0.001330,0.820484,0.000000,0.000000,0.938042,0.011233,0.627019,0.031443,0.000000,0.663092
363,0,0.000000,0.753186,0.077100,0.001741,0.827046,0.000000,0.000000,0.873571,0.018677,0.462671,0.071592,0.000000,0.527468
364,0,0.000000,0.765858,0.088787,0.001429,0.853577,0.000000,0.000000,0.922038,0.009392,0.491950,0.085522,0.000000,0.574800
365,0,0.000000,0.773877,0.053082,0.001264,0.828034,0.000000,0.000000,0.895511,0.009311,0.520637,0.050528,0.000000,0.578406
366,0,0.000000,0.752818,0.088486,0.001335,0.835435,0.000000,0.000000,0.895161,0.009445,0.497377,0.084848,0.000000,0.590221
367,0,0.000000,0.773030,0.156252,0.001205,0.924513,0.000000,0.000000,1.024874,0.008538,0.549040,0.152861,0.000000,0.709710
368,0,0.000000,0.756360,0.071498,0.001867,0.824178,0.000000,0.000000,0.919913,0.009522,0.500955,0.066756,0.000000,0.573928
369,0,0.000000,0.745332,0.140519,0.000847,0.886698,0.000000,0.000000,0.959363,0.009125,0.490872,0.133367,0.000000,0.629294
370,0,0.000000,0.735277,0.103401,0.001223,0.830571,0.000000,0.000000,0.921326,0.008434,0.472572,0.099448,0.000000,0.576970
371,0,0.000000,0.737126,0.066050,0.001711,0.802929,0.000000,0.000000,0.949175,0.025496,0.570534,0.063202,0.000000,0.637437
372,0,0.000000,0.739729,0.109412,0.001484,0.848417,0.000000,0.000000,0.921908,0.009558,0.515121,0.105453,0.000000,0.627372
373,0,0.000000,0.743865,0.036685,0.001843,0.781556,0.000000,0.000000,0.945680,0.027203,0.579251,0.033824,0.000000,0.623810
374,0,0.000000,0.738593,0.087948,0.001347,0.816102,0.000000,0.000000,0.904604,0.010816,0.497407,0.084914,0.000000,0.587637
375,0,0.000000,0.769217,0.166029,0.001097,0.900598,0.000000,0.000000,1.054446,0.008563,0.571042,0.157154,0.000000,0.735673
376,0,0.000000,0.748840,0.140702,0.001004,0.852728,0.000000,0.000000,0.993554,0.012166,0.485202,0.139527,0.000000,0.636670
377,0,0.000000,0.740567,0.059484,0.001509,0.757340,0.000000,0.000000,1.013926,0.009405,0.590107,0.091388,0.000000,0.673493
378,0,0.000000,0.753854,0.100700,0.001039,0.849607,0.000000,0.000000,0.961890,0.027974,0.548345,0.096681,0.000000,0.649205
379,0,0.000000,0.766842,0.103872,0.001136,0.857180,0.000000,0.000000,0.950012,0.010275,0.572051,0.100143,0.000000,0.675873
380,0,0.000000,0.735684,0.090668,0.001552,0.793628,0.000000,0.000000,0.882234,0.015572,0.516665,0.061860,0.000000,0.585232
381,0,0.000000,0.753001,0.151211,0.001010,0.871424,0.000000,0.000000,1.016214,0.026938,0.545710,0.154365,0.000000,0.716798
382,0,0.000000,0.719653,0.045606,0.001743,0.761894,0.000000,0.000000,0.823015,0.008880,0.491683,0.042713,0.000000,0.541855
383,0,0.000000,0.767210,0.100579,0.001864,0.856560,0.000000,0.000000,0.918647,0.008545,0.530775,0.095213,0.000000,0.630075
384,0,0.000000,0.739261,0.145793,0.000967,0.870955,0.000000,0.000000,0.994973,0.120105,0.555358,0.141909,0.000000,0.736189
385,0,0.000000,0.763172,0.163806,0.001291,0.906136,0.000000,0.000000,1.046691,0.038330,0.553508,0.160900,0.000000,0.718957
386,0,0.000000,0.744040,0.136432,0.001286,0.880584,0.000000,0.000000,0.958585,0.009900,0.495431,0.134274,0.000000,0.636317
387,0,0.000000,0.743925,0.156177,0.000890,0.900920,0.000000,0.000000,0.975783,0.009039,0.520664,0.152783,0.000000,0.680461
388,0,0.000000,0.731114,0.135450,0.000936,0.861659,0.000000,0.000000,0.921430,0.021947,0.485853,0.133017,0.000000,0.626812
389,0,0.000000,0.755279,0.114796,0.001034,0.849900,0.000000,0.000000,0.966194,0.009017,0.535997,0.109997,0.000000,0.652752
390,0,0.000000,0.738988,0.117774,0.000918,0.851580,0.000000,0.000000,0.963565,0.009360,0.513473,0.115281,0.000000,0.635765
391,0,0.000000,0.741089,0.135536,0.001022,0.859802,0.000000,0.000000,0.954219,0.009383,0.529192,0.131737,0.000000,0.667048
392,0,0.000000,0.755270,0.075672,0.001217,0.770612,0.000000,0.000000,0.926005,0.008988,0.517801,0.097128,0.000000,0.574936
393,0,0.000000,0.872922,0.079527,0.001333,0.951627,0.000000,0.000000,1.160724,0.059453,0.611125,0.071648,0.000000,0.736308
394,0,0.000000,0.811590,0.117996,0.001190,0.897144,0.000000,0.000000,1.004227,0.010965,0.502085,0.113821,0.000000,0.622299
395,0,0.000000,0.774263,0.076265,0.001202,0.830128,0.000000,0.000000,0.911764,0.009529,0.487468,0.072701,0.000000,0.568233
396,0,0.000000,0.794596,0.085764,0.001436,0.880499,0.000000,0.000000,0.952481,0.009522,0.499090,0.082128,0.000000,0.587392
397,0,0.000000,0.797659,0.124432,0.001621,0.909766,0.000000,0.000000,0.969873,0.008560,0.495051,0.122321,0.000000,0.623784
398,0,0.000000,0.785919,0.106825,0.001138,0.881749,0.000000,0.000000,0.990620,0.009535,0.533404,0.102919,0.000000,0.644023
399,0,0.000000,0.772486,0.162198,0.001185,0.918190,0.000000,0.000000,1.009447,0.033288,0.496877,0.153376,0.000000,0.677504
400,0,0.000000,0.785196,0.141263,0.001783,0.902651,0.000000,0.000000,0.998776,0.008781,0.510475,0.138409,0.000000,0.655978
401,0,0.000000,0.781396,0.131922,0.001480,0.864538,0.000000,0.000000,0.979244,0.013343,0.500583,0.131312,0.000000,0.633966
402,0,0.000000,0.791189,0.050666,0.001162,0.842635,0.000000,0.000000,0.941275,0.008959,0.549502,0.045142,0.000000,0.595158
403,0,0.000000,0.771375,0.077815,0.000853,0.843918,0.000000,0.000000,0.921189,0.009183,0.585955,0.070639,0.000000,0.659825
404,0,0.000000,0.773294,0.093167,0.000926,0.835621,0.000000,0.000000,0.939042,0.008724,0.573227,0.080357,0.000000,0.645913
405,0,0.000000,0.767921,0.109926,0.001304,0.869832,0.000000,0.000000,0.974641,0.010585,0.601690,0.085874,0.000000,0.690377
406,0,0.000000,0.778976,0.056327,0.001797,0.835114,0.000000,0.000000,0.976126,0.009074,0.621352,0.055281,0.000000,0.679901
407,0,0.000000,0.784943,0.067781,0.001523,0.849889,0.000000,0.000000,0.931929,0.010159,0.578881,0.065005,0.000000,0.644929
408,0,0.000000,0.781063,0.030023,0.000779,0.809146,0.000000,0.000000,0.904151,0.009849,0.549409,0.021487,0.000000,0.573562
409,0,0.000000,0.786218,0.028006,0.000737,0.814952,0.000000,0.000000,0.881886,0.009200,0.540245,0.017290,0.000000,0.564864
410,0,0.000000,0.779070,0.038470,0.000787,0.818327,0.000000,0.000000,0.902109,0.008656,0.544985,0.033448,0.000000,0.584613
411,0,0.000000,0.739226,0.039957,0.000744,0.767052,0.000000,0.000000,0.855868,0.007572,0.517742,0.036149,0.000000,0.554879
412,0,0.000000,0.792057,0.052122,0.000791,0.841082,0.000000,0.000000,0.953908,0.007812,0.619236,0.048593,0.000000,0.671146
413,0,0.000000,0.780557,0.044009,0.001060,0.823527,0.000000,0.000000,0.884202,0.007496,0.529410,0.035925,0.000000,0.566137
414,0,0.000000,0.863060,0.056829,0.000854,0.908616,0.000000,0.000000,1.016522,0.007605,0.631432,0.049558,0.000000,0.684960
415,0,0.000000,0.742799,0.071538,0.001040,0.802208,0.000000,0.000000,0.887440,0.008528,0.524419,0.066565,0.000000,0.593013
416,0,0.000000,0.761776,0.067610,0.000969,0.812218,0.000000,0.000000,0.938796,0.007805,0.570230,0.066043,0.000000,0.641214
417,0,0.000000,0.759238,0.083787,0.000989,0.844014,0.000000,0.000000,0.931838,0.007781,0.566045,0.083022,0.000000,0.655262
418,0,0.000000,0.802956,0.071560,0.001080,0.874506,0.000000,0.000000,0.936794,0.007778,0.574909,0.065170,0.000000,0.645067
419,0,0.000000,0.739825,0.067123,0.001178,0.797131,0.000000,0.000000,0.903547,0.007514,0.527652,0.065198,0.000000,0.593624
420,0,0.000000,0.758840,0.055031,0.001156,0.811640,0.000000,0.000000,0.905549,0.007934,0.560156,0.057440,0.000000,0.623496
421,0,0.000000,0.739911,0.064031,0.000899,0.804732,0.000000,0.000000,0.902133,0.008047,0.550985,0.057287,0.000000,0.613952
422,0,0.000000,0.775505,0.097318,0.001209,0.872320,0.000000,0.000000,0.977232,0.025673,0.568672,0.091457,0.000000,0.683664
423,0,0.000000,0.743925,0.056409,0.000936,0.781490,0.000000,0.000000,0.860372,0.007397,0.522068,0.049634,0.000000,0.576056
424,0,0.000000,0.764261,0.087954,0.001504,0.788329,0.000000,0.000000,0.947532,0.009770,0.546780,0.112921,0.000000,0.665272
425,0,0.000000,0.772558,0.057270,0.001198,0.828826,0.000000,0.000000,0.921752,0.012919,0.549829,0.052299,0.000000,0.611564
426,0,0.000000,0.775687,0.078569,0.000890,0.855146,0.000000,0.000000,0.989524,0.029831,0.616553,0.062934,0.000000,0.680948
427,0,0.000000,0.755672,0.070983,0.000894,0.821110,0.000000,0.000000,0.907726,0.013326,0.547387,0.067437,0.000000,0.621854
428,0,0.000000,0.747742,0.044838,0.001000,0.789256,0.000000,0.000000,0.851768,0.007083,0.530733,0.041320,0.000000,0.571388
429,0,0.000000,0.765570,0.076166,0.001069,0.831030,0.000000,0.000000,0.936851,0.007669,0.542452,0.072793,0.000000,0.622681
430,0,0.000000,0.768734,0.058495,0.000974,0.823185,0.000000,0.000000,0.930797,0.022034,0.578707,0.057226,0.000000,0.625694
431,0,0.000000,0.805539,0.077863,0.000882,0.873082,0.000000,0.000000,0.951982,0.007130,0.585767,0.073448,0.000000,0.661419
432,0,0.000000,0.756016,0.053254,0.000874,0.794544,0.000000,0.000000,0.883634,0.007106,0.546589,0.048273,0.000000,0.594384
433,0,0.000000,0.897127,0.026760,0.000947,0.923934,0.000000,0.000000,1.016464,0.007899,0.681817,0.019766,0.000000,0.708436
434,0,0.000000,0.760940,0.039929,0.001035,0.796436,0.000000,0.000000,0.879618,0.050996,0.459518,0.033993,0.000000,0.499571
435,0,0.000000,0.841900,0.037723,0.001318,0.877812,0.000000,0.000000,1.003786,0.009888,0.512243,0.031005,0.000000,0.541954
436,0,0.000000,0.784774,0.055480,0.001232,0.815782,0.000000,0.000000,0.957938,0.008114,0.538583,0.049440,0.000000,0.592117
437,0,0.000000,0.773768,0.075962,0.000989,0.832014,0.000000,0.000000,0.967434,0.009485,0.523066,0.070193,0.000000,0.600706
438,0,0.000000,0.784015,0.028536,0.001056,0.813264,0.000000,0.000000,0.977541,0.007813,0.583351,0.028830,0.000000,0.614783
439,0,0.000000,0.817874,0.040563,0.001204,0.851256,0.000000,0.000000,0.929615,0.008662,0.509275,0.034879,0.000000,0.549024
440,0,0.000000,0.853496,0.029222,0.001133,0.881933,0.000000,0.000000,1.007896,0.007971,0.530875,0.021954,0.000000,0.558763
441,0,0.000000,0.795644,0.033370,0.001213,0.828492,0.000000,0.000000,0.943860,0.011145,0.518992,0.028740,0.000000,0.557709
442,0,0.000000,0.786127,0.052051,0.001031,0.818117,0.000000,0.000000,0.925816,0.008683,0.537834,0.052251,0.000000,0.568824
443,0,0.000000,0.842293,0.053851,0.001035,0.896969,0.000000,0.000000,0.963744,0.010199,0.559312,0.052020,0.000000,0.617495
444,0,0.000000,0.799841,0.038145,0.001260,0.829327,0.000000,0.000000,0.896889,0.008128,0.551491,0.030692,0.000000,0.588263
445,0,0.000000,0.793197,0.039389,0.001259,0.833845,0.000000,0.000000,0.895785,0.009531,0.476024,0.034681,0.000000,0.517036
446,0,0.000000,0.806132,0.046188,0.000785,0.839644,0.000000,0.000000,0.908726,0.043758,0.540329,0.039668,0.000000,0.583192
447,0,0.000000,0.757483,0.047178,0.001072,0.802045,0.000000,0.000000,0.857556,0.008891,0.481954,0.041386,0.000000,0.529154
448,0,0.000000,0.786906,0.061058,0.001008,0.841110,0.000000,0.000000,0.931515,0.026382,0.500203,0.056302,0.000000,0.559717
449,0,0.000000,0.775272,0.037011,0.001480,0.813709,0.000000,0.000000,0.865548,0.008751,0.489396,0.032813,0.000000,0.527659
450,0,0.000000,0.882051,0.058702,0.001403,0.941664,0.000000,0.000000,1.032049,0.007755,0.560720,0.054722,0.000000,0.618910
451,0,0.000000,0.783591,0.058430,0.001004,0.827093,0.000000,0.000000,0.911526,0.009352,0.489462,0.061201,0.000000,0.556173
452,0,0.000000,0.791928,0.060473,0.000796,0.838247,0.000000,0.000000,0.917746,0.008132,0.509872,0.056016,0.000000,0.569446
453,0,0.000000,0.740863,0.043554,0.001064,0.773843,0.000000,0.000000,0.854976,0.008287,0.469457,0.044370,0.000000,0.517916
454,0,0.000000,0.807271,0.075736,0.001440,0.884447,0.000000,0.000000,0.983735,0.008382,0.520270,0.072288,0.000000,0.594071
455,0,0.000000,0.760588,0.037687,0.000683,0.796857,0.000000,0.000000,0.864727,0.008775,0.509917,0.030950,0.000000,0.547394
456,0,0.000000,0.816912,0.069763,0.000830,0.886088,0.000000,0.000000,0.934954,0.008530,0.507492,0.060381,0.000000,0.568940
457,0,0.000000,0.741783,0.054166,0.001178,0.787107,0.000000,0.000000,0.887108,0.008220,0.484048,0.039000,0.000000,0.527842
458,0,0.000000,0.778501,0.044632,0.000973,0.823874,0.000000,0.000000,0.902980,0.007906,0.599348,0.040367,0.000000,0.645990
459,0,0.000000,0.763942,0.036630,0.001250,0.799585,0.000000,0.000000,0.886308,0.007578,0.571072,0.032760,0.000000,0.609697
460,0,0.000000,0.773950,0.071380,0.000778,0.822609,0.000000,0.000000,0.929238,0.008053,0.590667,0.044441,0.000000,0.642006
461,0,0.000000,0.756602,0.034968,0.001052,0.787508,0.000000,0.000000,0.918402,0.007533,0.583635,0.072204,0.000000,0.661873
462,0,0.000000,0.743370,0.076128,0.000831,0.820245,0.000000,0.000000,1.049803,0.007568,0.662713,0.100809,0.000000,0.740773
463,0,0.000000,0.801654,0.069637,0.001016,0.871710,0.000000,0.000000,0.963253,0.008703,0.622180,0.064860,0.000000,0.693883
464,0,0.000000,0.779740,0.053631,0.001014,0.805639,0.000000,0.000000,0.919799,0.007790,0.587372,0.038056,0.000000,0.631572
465,0,0.000000,0.790473,0.083583,0.001206,0.873195,0.000000,0.000000,0.932035,0.008021,0.584546,0.077243,0.000000,0.668172
466,0,0.000000,0.774256,0.062202,0.001385,0.819373,0.000000,0.000000,0.901996,0.007534,0.597318,0.040831,0.000000,0.644210
467,0,0.000000,0.781701,0.075630,0.001000,0.853922,0.000000,0.000000,0.934378,0.015391,0.606834,0.067400,0.000000,0.682868
468,0,0.000000,0.770888,0.046631,0.001002,0.818238,0.000000,0.000000,0.890256,0.007776,0.584902,0.051513,0.000000,0.642986
469,0,0.000000,0.772585,0.042750,0.000965,0.813608,0.000000,0.000000,0.927187,0.007132,0.631018,0.035607,0.000000,0.672467
470,0,0.000000,0.768880,0.055296,0.001219,0.824885,0.000000,0.000000,0.890584,0.008617,0.585174,0.052805,0.000000,0.644601
471,0,0.000000,0.791594,0.049222,0.000880,0.809992,0.000000,0.000000,1.023918,0.007737,0.640302,0.011939,0.000000,0.657503
472,0,0.000000,0.686778,0.030157,0.000856,0.712798,0.000000,0.000000,0.812461,0.008704,0.497483,0.020760,0.000000,0.525452
473,0,0.000000,0.689715,0.025937,0.000913,0.716281,0.000000,0.000000,0.822512,0.008471,0.497385,0.028006,0.000000,0.515357
474,0,0.000000,0.831666,0.042815,0.001328,0.873521,0.000000,0.000000,0.971144,0.030373,0.634311,0.038032,0.000000,0.701966
475,0,0.000000,0.768297,0.046184,0.000761,0.796994,0.000000,0.000000,0.900763,0.010647,0.548057,0.040976,0.000000,0.587924
476,0,0.000000,0.706608,0.041845,0.000933,0.734799,0.000000,0.000000,0.796324,0.009637,0.470866,0.037736,0.000000,0.515879
477,0,0.000000,0.876892,0.036044,0.001195,0.913581,0.000000,0.000000,1.021826,0.008328,0.649108,0.031162,0.000000,0.684756
478,0,0.000000,0.851736,0.050020,0.000703,0.892630,0.000000,0.000000,0.962200,0.022170,0.602928,0.034082,0.000000,0.642966
479,0,0.000000,0.793686,0.039081,0.001176,0.833338,0.000000,0.000000,0.926580,0.008105,0.620809,0.036110,0.000000,0.662347
480,0,0.000000,0.781764,0.040546,0.001218,0.822746,0.000000,0.000000,0.957208,0.009268,0.583477,0.087825,0.000000,0.618509
481,0,0.000000,0.803054,0.065613,0.001217,0.869180,0.000000,0.000000,0.980793,0.015090,0.497673,0.090756,0.000000,0.601895
482,0,0.000000,0.801590,0.089724,0.000987,0.888870,0.000000,0.000000,0.956443,0.017005,0.483481,0.082910,0.000000,0.563447
483,0,0.000000,0.766425,0.046628,0.001618,0.813286,0.000000,0.000000,0.880514,0.017734,0.476771,0.040191,0.000000,0.517999
484,0,0.000000,0.735632,0.046453,0.001680,0.782055,0.000000,0.000000,0.844825,0.008669,0.443305,0.041404,0.000000,0.491661
485,0,0.000000,0.765711,0.063468,0.000896,0.828657,0.000000,0.000000,0.899928,0.008602,0.470989,0.058224,0.000000,0.534667
486,0,0.000000,0.761111,0.075307,0.001245,0.832215,0.000000,0.000000,0.893562,0.007864,0.478732,0.069177,0.000000,0.549585
487,0,0.000000,0.775617,0.031265,0.000777,0.807404,0.000000,0.000000,0.915552,0.008654,0.511052,0.036864,0.000000,0.524824
488,0,0.000000,0.917461,0.033713,0.001382,0.951848,0.000000,0.000000,1.074954,0.009021,0.626183,0.027251,0.000000,0.659386
489,0,0.000000,0.821605,0.035727,0.001340,0.852238,0.000000,0.000000,0.951958,0.010222,0.595230,0.030732,0.000000,0.634813
490,0,0.000000,0.788304,0.045952,0.001287,0.835349,0.000000,0.000000,0.928327,0.008003,0.546523,0.040543,0.000000,0.593451
491,0,0.000000,0.787102,0.041815,0.002024,0.825816,0.000000,0.000000,0.899014,0.008981,0.572325,0.037758,0.000000,0.616954
492,0,0.000000,0.772775,0.050951,0.001289,0.824146,0.000000,0.000000,0.925529,0.010693,0.513555,0.045168,0.000000,0.567132
493,0,0.000000,0.800899,0.073521,0.001220,0.875021,0.000000,0.000000,0.985511,0.010307,0.594666,0.069893,0.000000,0.671550
494,0,0.000000,0.780734,0.072026,0.001290,0.818891,0.000000,0.000000,1.026833,0.010277,0.584853,0.067797,0.000000,0.613357
495,0,0.000000,0.811137,0.085299,0.001533,0.886506,0.000000,0.000000,0.989942,0.052018,0.551143,0.077672,0.000000,0.656815
496,0,0.000000,0.763843,0.062865,0.001377,0.823214,0.000000,0.000000,0.900489,0.009432,0.595332,0.057430,0.000000,0.658306
497,0,0.000000,0.793879,0.078934,0.001181,0.859500,0.000000,0.000000,0.948337,0.008912,0.632991,0.073877,0.000000,0.714880
498,0,0.000000,0.764231,0.068106,0.001818,0.819313,0.000000,0.000000,0.915629,0.010514,0.599902,0.065292,0.000000,0.674000
499,0,0.000000,0.790631,0.082823,0.001399,0.864704,0.000000,0.000000,0.948952,0.009058,0.606047,0.087517,0.000000,0.701043
500,0,0.000000,0.755497,0.056233,0.001165,0.803179,0.000000,0.000000,0.872285,0.008327,0.584732,0.051358,0.000000,0.633969
501,0,0.000000,0.831748,0.076745,0.001142,0.896549,0.000000,0.000000,0.998986,0.009234,0.667416,0.072217,0.000000,0.740875
502,0,0.000000,0.783976,0.079374,0.001555,0.850247,0.000000,0.000000,0.976504,0.009875,0.602578,0.097761,0.000000,0.675940
503,0,0.000000,0.823144,0.091640,0.001041,0.909340,0.000000,0.000000,1.062311,0.062781,0.616771,0.084912,0.000000,0.745758
504,0,0.000000,0.763698,0.070990,0.001398,0.833596,0.000000,0.000000,1.148092,0.008403,0.706209,0.065996,0.000000,0.769891
505,0,0.000000,0.774287,0.043864,0.000884,0.813417,0.000000,0.000000,0.940857,0.016147,0.612977,0.038222,0.000000,0.652785
506,0,0.000000,0.831475,0.068199,0.001326,0.900302,0.000000,0.000000,0.996975,0.008761,0.573041,0.064782,0.000000,0.637081
507,0,0.000000,0.800111,0.036689,0.000882,0.828035,0.000000,0.000000,0.952002,0.008888,0.542619,0.048267,0.000000,0.596264
508,0,0.000000,0.751380,0.055384,0.001325,0.795682,0.000000,0.000000,0.893681,0.028461,0.521093,0.039005,0.000000,0.565054
509,0,0.000000,0.780721,0.051093,0.001778,0.825195,0.000000,0.000000,0.965189,0.008234,0.598940,0.047235,0.000000,0.651970
510,0,0.000000,0.771425,0.025796,0.000700,0.795000,0.000000,0.000000,0.937686,0.010951,0.536928,0.062000,0.000000,0.604548
511,0,0.000000,0.838476,0.050913,0.001190,0.885313,0.000000,0.000000,0.979841,0.008851,0.597249,0.062799,0.000000,0.665002
512,0,0.000000,0.777803,0.054572,0.001371,0.833481,0.000000,0.000000,0.890873,0.010062,0.546051,0.049101,0.000000,0.598842
513,0,0.000000,0.809713,0.054228,0.001630,0.861474,0.000000,0.000000,0.937389,0.009611,0.553303,0.048692,0.000000,0.609897
514,0,0.000000,0.769404,0.085544,0.000810,0.852279,0.000000,0.000000,0.910236,0.008178,0.515257,0.079644,0.000000,0.595663
515,0,0.000000,0.823603,0.075631,0.000841,0.894215,0.000000,0.000000,0.969794,0.008488,0.585042,0.069546,0.000000,0.656949
516,0,0.000000,0.759381,0.063842,0.001092,0.823617,0.000000,0.000000,0.890386,0.021581,0.535961,0.059193,0.000000,0.615923
517,0,0.000000,0.774872,0.050418,0.000958,0.825615,0.000000,0.000000,0.942976,0.045136,0.576604,0.045520,0.000000,0.626415
518,0,0.000000,0.802269,0.039776,0.001523,0.841431,0.000000,0.000000,0.957058,0.008638,0.597427,0.026435,0.000000,0.629900
519,0,0.000000,0.834748,0.042059,0.001149,0.877361,0.000000,0.000000,0.977012,0.010215,0.594432,0.035508,0.000000,0.638114
520,0,0.000000,0.771126,0.054794,0.001478,0.826648,0.000000,0.000000,0.909029,0.008309,0.533411,0.056970,0.000000,0.597815
521,0,0.000000,0.806744,0.052987,0.001931,0.860281,0.000000,0.000000,0.947519,0.008777,0.557232,0.047349,0.000000,0.610296
522,0,0.000000,0.793360,0.057263,0.001987,0.851762,0.000000,0.000000,0.919059,0.010667,0.554502,0.052771,0.000000,0.614882
523,0,0.000000,0.793733,0.072243,0.001799,0.852176,0.000000,0.000000,0.975467,0.009786,0.575882,0.071063,0.000000,0.652255
524,0,0.000000,0.796450,0.045708,0.001924,0.843991,0.000000,0.000000,0.917180,0.011646,0.538682,0.043074,0.000000,0.590901
525,0,0.000000,0.784746,0.051653,0.001787,0.835048,0.000000,0.000000,0.934342,0.010268,0.572507,0.046798,0.000000,0.624381
526,0,0.000000,0.773011,0.054179,0.002130,0.824190,0.000000,0.000000,0.977370,0.009996,0.572096,0.070328,0.000000,0.651300
527,0,0.000000,0.789909,0.077491,0.002090,0.864553,0.000000,0.000000,0.970130,0.010119,0.586365,0.072560,0.000000,0.667904
528,0,0.000000,0.807581,0.063923,0.001940,0.865518,0.000000,0.000000,0.961084,0.010595,0.589686,0.058442,0.000000,0.655952
529,0,0.000000,0.790035,0.056077,0.001514,0.844844,0.000000,0.000000,0.926704,0.010122,0.573566,0.050574,0.000000,0.631438
530,0,0.000000,0.792011,0.048546,0.001455,0.841858,0.000000,0.000000,0.934277,0.009993,0.576642,0.045275,0.000000,0.630691
531,0,0.000000,0.788399,0.064837,0.001969,0.840746,0.000000,0.000000,0.976696,0.015101,0.526726,0.092165,0.000000,0.594420
532,0,0.000000,0.797378,0.059165,0.002101,0.853087,0.000000,0.000000,0.944966,0.013830,0.539321,0.055823,0.000000,0.603681
533,0,0.000000,0.792352,0.057322,0.001408,0.842126,0.000000,0.000000,0.916526,0.010444,0.570877,0.054303,0.000000,0.632923
534,0,0.000000,0.812899,0.040634,0.001470,0.854480,0.000000,0.000000,0.938120,0.009713,0.538703,0.035232,0.000000,0.575991
535,0,0.000000,0.834316,0.057615,0.001474,0.879219,0.000000,0.000000,1.004597,0.009733,0.573838,0.056754,0.000000,0.639026
536,0,0.000000,0.807240,0.047826,0.001328,0.856012,0.000000,0.000000,0.928071,0.009347,0.564455,0.043122,0.000000,0.613176
537,0,0.000000,0.797151,0.038663,0.001604,0.832248,0.000000,0.000000,0.995540,0.008729,0.535691,0.061790,0.000000,0.603721
538,0,0.000000,0.772117,0.045610,0.001755,0.819482,0.000000,0.000000,0.896668,0.011159,0.551907,0.043108,0.000000,0.594986
539,0,0.000000,0.802218,0.057565,0.001740,0.858184,0.000000,0.000000,0.960740,0.010451,0.565179,0.053410,0.000000,0.626925
540,0,0.000000,0.804534,0.057520,0.002009,0.862319,0.000000,0.000000,0.960740,0.009989,0.580112,0.054054,0.000000,0.637180
541,0,0.000000,0.811442,0.082100,0.001421,0.887253,0.000000,0.000000,0.993210,0.010283,0.555640,0.077089,0.000000,0.639059
542,0,0.000000,0.773489,0.045453,0.001565,0.820507,0.000000,0.000000,0.983302,0.010456,0.548462,0.042672,0.000000,0.598032
543,0,0.000000,0.803931,0.053316,0.002223,0.854641,0.000000,0.000000,0.932176,0.011029,0.515443,0.048327,0.000000,0.573197
544,0,0.000000,0.797486,0.070749,0.001811,0.866967,0.000000,0.000000,0.975996,0.010178,0.542676,0.067435,0.000000,0.619074
545,0,0.000000,0.807602,0.059350,0.002350,0.861035,0.000000,0.000000,1.027450,0.010993,0.545999,0.087919,0.000000,0.632838
546,0,0.000000,0.811218,0.059105,0.001986,0.871858,0.000000,0.000000,0.986100,0.011789,0.554936,0.064757,0.000000,0.620458
547,0,0.000000,0.807432,0.055095,0.002295,0.851458,0.000000,0.000000,0.941455,0.011805,0.529417,0.052967,0.000000,0.590710
548,0,0.000000,0.808939,0.070982,0.002023,0.880381,0.000000,0.000000,0.942655,0.018909,0.520330,0.068331,0.000000,0.586611
549,0,0.000000,0.796899,0.040817,0.001705,0.833828,0.000000,0.000000,1.170894,0.010680,0.724647,0.044602,0.000000,0.738592
550,0,0.000000,0.791056,0.036940,0.001453,0.828240,0.000000,0.000000,0.892308,0.010116,0.526139,0.031132,0.000000,0.563373
551,0,0.000000,0.794640,0.065892,0.001608,0.847378,0.000000,0.000000,0.970045,0.008062,0.536809,0.072135,0.000000,0.604610
552,0,0.000000,0.806089,0.053717,0.001275,0.860684,0.000000,0.000000,0.944376,0.008921,0.552332,0.049991,0.000000,0.607571
553,0,0.000000,0.793113,0.043434,0.001448,0.837065,0.000000,0.000000,0.920430,0.008733,0.566017,0.039092,0.000000,0.612107
554,0,0.000000,0.799671,0.046643,0.001215,0.847529,0.000000,0.000000,0.911408,0.008614,0.568930,0.043720,0.000000,0.620008
555,0,0.000000,0.799108,0.049260,0.001567,0.846964,0.000000,0.000000,0.914520,0.008725,0.560938,0.046191,0.000000,0.613390
556,0,0.000000,0.767886,0.053093,0.001638,0.821471,0.000000,0.000000,0.926447,0.023037,0.570473,0.049814,0.000000,0.628165
557,0,0.000000,0.797009,0.059096,0.001758,0.852611,0.000000,0.000000,0.937970,0.009316,0.572928,0.055360,0.000000,0.635271
558,0,0.000000,0.762435,0.035971,0.001387,0.799793,0.000000,0.000000,0.911981,0.008510,0.548572,0.032777,0.000000,0.588003
559,0,0.000000,0.800028,0.039990,0.001271,0.837892,0.000000,0.000000,0.911727,0.009166,0.577885,0.036039,0.000000,0.620269
560,0,0.000000,0.769733,0.068701,0.001282,0.839688,0.000000,0.000000,0.951276,0.007996,0.562524,0.066560,0.000000,0.633337
561,0,0.000000,0.828791,0.051747,0.001920,0.877590,0.000000,0.000000,0.940017,0.009416,0.592259,0.050074,0.000000,0.649651
562,0,0.000000,0.765430,0.036375,0.001239,0.803044,0.000000,0.000000,0.870360,0.009463,0.537952,0.032348,0.000000,0.571880
563,0,0.000000,0.798045,0.051669,0.001921,0.846908,0.000000,0.000000,0.929229,0.009020,0.542909,0.055525,0.000000,0.604940
564,0,0.000000,0.788757,0.054423,0.001528,0.843359,0.000000,0.000000,0.919301,0.009284,0.565534,0.049226,0.000000,0.611274
565,0,0.000000,1.068899,0.058194,0.001329,1.105969,0.000000,0.000000,1.791186,0.008906,1.221439,0.036590,0.000000,1.259304
566,0,0.000000,0.926184,0.048385,0.001308,0.955649,0.000000,0.000000,1.077310,0.031920,0.498013,0.029498,0.000000,0.545369
567,0,0.000000,1.399640,0.041308,0.001150,1.418874,0.000000,0.000000,1.519387,0.011263,1.157756,0.033190,0.000000,1.199305
568,0,0.000000,0.877906,0.042946,0.000856,0.918435,0.000000,0.000000,0.981668,0.010689,0.592157,0.035157,0.000000,0.627037
569,0,0.000000,0.816184,0.040638,0.001153,0.857429,0.000000,0.000000,0.914075,0.009949,0.508502,0.034207,0.000000,0.545400
570,0,0.000000,0.778586,0.033391,0.001017,0.806384,0.000000,0.000000,0.970552,0.044092,0.566459,0.028726,0.000000,0.599412
571,0,0.000000,0.773987,0.042499,0.001091,0.817000,0.000000,0.000000,0.893710,0.010302,0.567475,0.037945,0.000000,0.612259
572,0,0.000000,0.795401,0.055597,0.000832,0.851542,0.000000,0.000000,0.915412,0.007526,0.574778,0.054526,0.000000,0.635213
573,0,0.000000,0.775973,0.035210,0.000998,0.811752,0.000000,0.000000,0.930595,0.025991,0.546064,0.034047,0.000000,0.601548
574,0,0.000000,0.774629,0.054473,0.000781,0.829741,0.000000,0.000000,0.990583,0.008004,0.559235,0.054304,0.000000,0.620353
575,0,0.000000,0.772763,0.038910,0.001133,0.812228,0.000000,0.000000,0.879074,0.028457,0.547723,0.035348,0.000000,0.609172
576,0,0.000000,0.791099,0.044269,0.001053,0.836332,0.000000,0.000000,0.912406,0.008244,0.583225,0.040748,0.000000,0.630473
577,0,0.000000,0.768574,0.069540,0.001455,0.838867,0.000000,0.000000,0.999566,0.032257,0.592889,0.087135,0.000000,0.691940
578,0,0.000000,0.791979,0.047554,0.001011,0.840544,0.000000,0.000000,0.979913,0.009780,0.621716,0.046565,0.000000,0.669823
579,0,0.000000,0.778559,0.047459,0.001483,0.826620,0.000000,0.000000,0.896591,0.010690,0.481981,0.044458,0.000000,0.529149
580,0,0.000000,0.956339,0.030289,0.001260,0.987551,0.000000,0.000000,1.092549,0.015892,0.657575,0.032495,0.000000,0.699865
581,0,0.000000,0.850161,0.026142,0.001068,0.875855,0.000000,0.000000,1.012831,0.010090,0.625428,0.070737,0.000000,0.700606
582,0,0.000000,0.816537,0.030616,0.001150,0.845155,0.000000,0.000000,0.921279,0.007712,0.591580,0.026832,0.000000,0.618906
583,0,0.000000,0.808195,0.040904,0.001394,0.846869,0.000000,0.000000,0.942947,0.008121,0.585561,0.034638,0.000000,0.625018
584,0,0.000000,0.807902,0.054695,0.001012,0.863609,0.000000,0.000000,0.952532,0.008485,0.566729,0.050013,0.000000,0.617574
585,0,0.000000,0.797665,0.049598,0.001210,0.841402,0.000000,0.000000,0.946823,0.008538,0.558401,0.045345,0.000000,0.603787
586,0,0.000000,0.801361,0.047441,0.001574,0.847601,0.000000,0.000000,0.962880,0.007910,0.549488,0.039792,0.000000,0.595426
587,0,0.000000,0.798777,0.051386,0.001487,0.851650,0.000000,0.000000,0.945462,0.008283,0.559145,0.048081,0.000000,0.613881
588,0,0.000000,0.796578,0.050284,0.001177,0.847135,0.000000,0.000000,0.939647,0.011762,0.593396,0.044152,0.000000,0.637953
589,0,0.000000,0.833807,0.109709,0.000939,0.936464,0.000000,0.000000,1.011983,0.009478,0.577816,0.098249,0.000000,0.682297
590,0,0.000000,0.802226,0.071775,0.001539,0.874592,0.000000,0.000000,0.972895,0.008510,0.600129,0.067238,0.000000,0.666259
591,0,0.000000,0.817210,0.100156,0.001198,0.894399,0.000000,0.000000,1.010470,0.009055,0.592989,0.091948,0.000000,0.689437
592,0,0.000000,0.847540,0.145392,0.001192,0.978118,0.000000,0.000000,1.084958,0.008901,0.639804,0.141318,0.000000,0.786004
593,0,0.000000,0.791875,0.119099,0.001200,0.902152,0.000000,0.000000,1.007568,0.018571,0.610373,0.115573,0.000000,0.729678
594,0,0.000000,0.791964,0.041708,0.001625,0.826635,0.000000,0.000000,0.904729,0.015536,0.570174,0.053987,0.000000,0.637703
595,0,0.000000,0.801174,0.051572,0.001236,0.853315,0.000000,0.000000,0.931976,0.009397,0.600727,0.047547,0.000000,0.644659
596,0,0.000000,0.794712,0.063446,0.001572,0.845638,0.000000,0.000000,0.927215,0.022693,0.476781,0.059313,0.000000,0.538598
597,0,0.000000,0.807233,0.069260,0.000894,0.874748,0.000000,0.000000,0.957788,0.008994,0.465222,0.081307,0.000000,0.553700
598,0,0.000000,0.765289,0.063081,0.001797,0.816229,0.000000,0.000000,0.936671,0.029095,0.591577,0.063880,0.000000,0.654910
599,0,0.000000,0.776494,0.057756,0.001378,0.834835,0.000000,0.000000,0.908335,0.008552,0.583730,0.051524,0.000000,0.640146
600,0,0.000000,0.809393,0.110495,0.001738,0.917631,0.000000,0.000000,1.027614,0.010308,0.609797,0.111062,0.000000,0.713716
601,0,0.000000,0.806889,0.104945,0.001076,0.892872,0.000000,0.000000,0.994314,0.065661,0.548366,0.101908,0.000000,0.654706
602,0,0.000000,0.805928,0.057415,0.001701,0.849768,0.000000,0.000000,0.943179,0.011388,0.598460,0.045995,0.000000,0.649389
603,0,0.000000,0.778729,0.103980,0.001870,0.863319,0.000000,0.000000,0.975493,0.010665,0.556451,0.102318,0.000000,0.661507
604,0,0.000000,0.788703,0.120926,0.001308,0.904800,0.000000,0.000000,0.976722,0.010177,0.559521,0.115508,0.000000,0.679855
605,0,0.000000,0.811290,0.139231,0.001133,0.951186,0.000000,0.000000,1.020376,0.010856,0.627626,0.136178,0.000000,0.767826
606,0,0.000000,0.784310,0.054537,0.001951,0.827673,0.000000,0.000000,0.918230,0.032389,0.620208,0.048341,0.000000,0.676288
607,0,0.000000,0.803093,0.088404,0.002199,0.890977,0.000000,0.000000,0.955168,0.010945,0.616213,0.088729,0.000000,0.701755
608,0,0.000000,0.796518,0.092295,0.001064,0.883313,0.000000,0.000000,0.941199,0.009777,0.565207,0.087084,0.000000,0.659312
609,0,0.000000,0.828041,0.098356,0.001656,0.927113,0.000000,0.000000,0.983760,0.011084,0.628228,0.094720,0.000000,0.727931
610,0,0.000000,0.788159,0.041648,0.001963,0.812681,0.000000,0.000000,1.140956,0.010929,0.775110,0.017415,0.000000,0.796553
611,0,0.000000,0.879228,0.049317,0.001811,0.909397,0.000000,0.000000,1.083555,0.080360,0.583137,0.044476,0.000000,0.647130
612,0,0.000000,0.820730,0.061445,0.010140,0.868755,0.000000,0.000000,0.959049,0.017675,0.612546,0.055730,0.000000,0.679267
613,0,0.000000,0.842573,0.046750,0.001290,0.874962,0.000000,0.000000,0.956455,0.011574,0.533584,0.042894,0.000000,0.579882
614,0,0.000000,0.801939,0.056056,0.001548,0.838995,0.000000,0.000000,0.928249,0.011186,0.507481,0.048510,0.000000,0.563761
615,0,0.000000,0.796873,0.047886,0.001335,0.842761,0.000000,0.000000,0.903025,0.011760,0.544661,0.045073,0.000000,0.598201
616,0,0.000000,0.764116,0.076154,0.001449,0.830181,0.000000,0.000000,0.909080,0.011037,0.513973,0.071927,0.000000,0.596226
617,0,0.000000,0.817942,0.068617,0.001046,0.866813,0.000000,0.000000,0.963020,0.013777,0.528200,0.062935,0.000000,0.604299
618,0,0.000000,0.771282,0.047216,0.001652,0.792560,0.000000,0.000000,0.971078,0.011150,0.565323,0.043617,0.000000,0.618312
619,0,0.000000,0.840956,0.049576,0.001536,0.881197,0.000000,0.000000,0.985112,0.011414,0.530772,0.044993,0.000000,0.578741
620,0,0.000000,0.832862,0.051099,0.001836,0.878341,0.000000,0.000000,1.002982,0.011392,0.559084,0.042775,0.000000,0.612403
621,0,0.000000,0.832246,0.081233,0.001232,0.912269,0.000000,0.000000,0.979855,0.011449,0.589503,0.072643,0.000000,0.669257
622,0,0.000000,0.810731,0.054436,0.001362,0.848467,0.000000,0.000000,0.944849,0.011485,0.581655,0.055074,0.000000,0.646924
623,0,0.000000,0.797812,0.101629,0.001447,0.900375,0.000000,0.000000,1.011455,0.011364,0.571785,0.093527,0.000000,0.674310
624,0,0.000000,0.780276,0.117235,0.001332,0.895242,0.000000,0.000000,0.965627,0.011142,0.541459,0.110885,0.000000,0.663266
625,0,0.000000,0.819142,0.074542,0.001068,0.894290,0.000000,0.000000,0.970994,0.012107,0.582376,0.067891,0.000000,0.654644
626,0,0.000000,0.811025,0.039560,0.000804,0.849125,0.000000,0.000000,0.955415,0.011382,0.582481,0.023471,0.000000,0.616053
627,0,0.000000,0.841698,0.033645,0.001025,0.876006,0.000000,0.000000,0.985153,0.009573,0.695526,0.028269,0.000000,0.731168
628,0,0.000000,0.788895,0.093176,0.000894,0.868520,0.000000,0.000000,1.036882,0.008535,0.673654,0.089881,0.000000,0.770479
629,0,0.000000,0.804830,0.090046,0.000611,0.895472,0.000000,0.000000,1.041122,0.008558,0.709059,0.084811,0.000000,0.787054
630,0,0.000000,0.749629,0.034813,0.000968,0.779174,0.000000,0.000000,0.869692,0.009019,0.576170,0.050585,0.000000,0.614352
631,0,0.000000,0.790601,0.066685,0.000818,0.857967,0.000000,0.000000,0.955891,0.008788,0.627868,0.071096,0.000000,0.696878
632,0,0.000000,0.769755,0.070778,0.001696,0.836064,0.000000,0.000000,0.905967,0.012382,0.600085,0.067929,0.000000,0.676049
633,0,0.000000,0.815421,0.123626,0.001822,0.939735,0.000000,0.000000,1.012458,0.008663,0.655490,0.119416,0.000000,0.781670
634,0,0.000000,0.770601,0.125635,0.001034,0.895389,0.000000,0.000000,0.989159,0.009416,0.607725,0.142230,0.000000,0.757352
635,0,0.000000,0.786399,0.089939,0.001192,0.862066,0.000000,0.000000,0.939529,0.009497,0.617567,0.082499,0.000000,0.707604
636,0,0.000000,0.761407,0.126928,0.001014,0.885559,0.000000,0.000000,0.983656,0.010057,0.621207,0.119826,0.000000,0.748780
637,0,0.000000,0.798992,0.124770,0.001176,0.924525,0.000000,0.000000,0.996397,0.009548,0.627097,0.123821,0.000000,0.755886
638,0,0.000000,0.760407,0.092056,0.000895,0.852462,0.000000,0.000000,0.922980,0.009137,0.586890,0.094959,0.000000,0.682049
639,0,0.000000,0.784936,0.077004,0.001232,0.851609,0.000000,0.000000,0.924155,0.009294,0.608037,0.069788,0.000000,0.685273
640,0,0.000000,0.753394,0.092426,0.001137,0.844735,0.000000,0.000000,0.912964,0.009879,0.580321,0.086305,0.000000,0.674573
641,0,0.000000,0.791792,0.108355,0.001509,0.898476,0.000000,0.000000,0.987395,0.008755,0.626730,0.103431,0.000000,0.734669
642,0,0.000000,0.769776,0.043911,0.001341,0.814261,0.000000,0.000000,0.898311,0.010574,0.593781,0.031237,0.000000,0.627954
643,0,0.000000,0.809886,0.047999,0.001329,0.858448,0.000000,0.000000,0.991850,0.023303,0.562896,0.037467,0.000000,0.598251
644,0,0.000000,0.802485,0.040866,0.001235,0.842912,0.000000,0.000000,0.920665,0.050626,0.558062,0.033965,0.000000,0.599997
645,0,0.000000,0.831177,0.093630,0.001521,0.925827,0.000000,0.000000,1.004501,0.009406,0.552338,0.090649,0.000000,0.652085
646,0,0.000000,0.792608,0.087175,0.001402,0.879852,0.000000,0.000000,0.942232,0.010473,0.545994,0.082275,0.000000,0.636839
647,0,0.000000,0.792232,0.057745,0.001559,0.850759,0.000000,0.000000,0.911015,0.009980,0.559059,0.052123,0.000000,0.612289
648,0,0.000000,0.804698,0.137842,0.001071,0.939489,0.000000,0.000000,0.996199,0.010004,0.500760,0.129496,0.000000,0.639362
649,0,0.000000,0.766075,0.130377,0.000981,0.897008,0.000000,0.000000,0.955694,0.008852,0.544590,0.127110,0.000000,0.679600
650,0,0.000000,0.768756,0.136385,0.000933,0.895404,0.000000,0.000000,0.981433,0.009275,0.544442,0.128049,0.000000,0.678109
651,0,0.000000,0.773218,0.096671,0.001068,0.870451,0.000000,0.000000,0.969854,0.009017,0.552825,0.092760,0.000000,0.653628
652,0,0.000000,0.751953,0.081986,0.001087,0.832980,0.000000,0.000000,0.891514,0.009879,0.558640,0.075680,0.000000,0.642181
653,0,0.000000,0.771962,0.094607,0.001075,0.867390,0.000000,0.000000,0.925540,0.009166,0.580293,0.091947,0.000000,0.678369
654,0,0.000000,0.788121,0.046771,0.001704,0.835415,0.000000,0.000000,0.950777,0.009685,0.601885,0.043251,0.000000,0.652225
655,0,0.000000,0.773213,0.089152,0.001268,0.861758,0.000000,0.000000,0.972073,0.011039,0.603988,0.084432,0.000000,0.696109
656,0,0.000000,0.747131,0.140519,0.001447,0.875842,0.000000,0.000000,0.953877,0.010349,0.575803,0.130724,0.000000,0.714812
657,0,0.000000,0.796775,0.056936,0.002075,0.843070,0.000000,0.000000,0.949066,0.009645,0.638942,0.057838,0.000000,0.699147
658,0,0.000000,0.821169,0.060469,0.000895,0.858578,0.000000,0.000000,0.981443,0.013912,0.573828,0.043913,0.000000,0.614647
659,0,0.000000,0.879084,0.032010,0.000867,0.911618,0.000000,0.000000,1.064527,0.009390,0.651990,0.047073,0.000000,0.705505
660,0,0.000000,0.931532,0.032908,0.001309,0.963520,0.000000,0.000000,1.044941,0.014696,0.612177,0.026215,0.000000,0.643494
661,0,0.000000,0.802512,0.034497,0.001158,0.837621,0.000000,0.000000,0.899876,0.008792,0.555592,0.029728,0.000000,0.591324
662,0,0.000000,0.874821,0.042975,0.000850,0.916194,0.000000,0.000000,1.014908,0.009248,0.608642,0.033910,0.000000,0.648549
663,0,0.000000,0.760834,0.058762,0.000906,0.802439,0.000000,0.000000,0.949977,0.007436,0.576938,0.035928,0.000000,0.616819
664,0,0.000000,0.791968,0.049193,0.000924,0.835632,0.000000,0.000000,0.921395,0.008241,0.560794,0.043370,0.000000,0.609872
665,0,0.000000,0.794632,0.076272,0.000890,0.871608,0.000000,0.000000,0.960964,0.008003,0.570445,0.073454,0.000000,0.648715
666,0,0.000000,0.820448,0.046003,0.001089,0.865948,0.000000,0.000000,1.002929,0.008822,0.593063,0.041525,0.000000,0.639289
667,0,0.000000,0.793169,0.045677,0.001281,0.832535,0.000000,0.000000,0.908801,0.007897,0.552751,0.040404,0.000000,0.600109
668,0,0.000000,0.827939,0.037609,0.001105,0.858168,0.000000,0.000000,0.976028,0.011905,0.609067,0.030669,0.000000,0.638038
669,0,0.000000,0.787152,0.092891,0.001074,0.878256,0.000000,0.000000,0.965095,0.009669,0.560224,0.087605,0.000000,0.655594
670,0,0.000000,0.817077,0.108170,0.001466,0.911102,0.000000,0.000000,1.060850,0.009410,0.569190,0.100300,0.000000,0.676987
671,0,0.000000,0.786513,0.047204,0.001310,0.832276,0.000000,0.000000,0.908422,0.018960,0.567953,0.052538,0.000000,0.628284
672,0,0.000000,0.808574,0.089789,0.001558,0.878033,0.000000,0.000000,1.165356,0.009270,0.680833,0.093650,0.000000,0.781832
673,0,0.000000,0.792752,0.032901,0.000764,0.823837,0.000000,0.000000,0.922323,0.014042,0.594914,0.026572,0.000000,0.632344
674,0,0.000000,0.804215,0.076667,0.000903,0.866190,0.000000,0.000000,0.947858,0.008249,0.613198,0.070453,0.000000,0.689779
675,0,0.000000,0.761906,0.080609,0.000923,0.839574,0.000000,0.000000,0.903467,0.008221,0.562336,0.081520,0.000000,0.651575
676,0,0.000000,0.763182,0.071243,0.001000,0.832846,0.000000,0.000000,0.894493,0.007651,0.548674,0.067603,0.000000,0.623496
677,0,0.000000,0.749264,0.091378,0.001250,0.806313,0.000000,0.000000,0.892792,0.007795,0.539750,0.087630,0.000000,0.634548
678,0,0.000000,0.748705,0.118513,0.001047,0.859636,0.000000,0.000000,0.956639,0.009622,0.544017,0.112583,0.000000,0.662912
679,0,0.000000,0.732038,0.101724,0.000743,0.815439,0.000000,0.000000,0.886008,0.007910,0.537642,0.093021,0.000000,0.637106
680,0,0.000000,0.759693,0.090054,0.000982,0.848936,0.000000,0.000000,0.938768,0.007308,0.555289,0.087749,0.000000,0.648326
681,0,0.000000,0.792872,0.103332,0.000751,0.874807,0.000000,0.000000,0.947546,0.007977,0.576544,0.093102,0.000000,0.677598
682,0,0.000000,0.726225,0.084223,0.000915,0.796912,0.000000,0.000000,0.872088,0.007381,0.536330,0.075295,0.000000,0.618074
683,0,0.000000,0.752491,0.118602,0.000965,0.854414,0.000000,0.000000,0.951364,0.011993,0.573826,0.113462,0.000000,0.690559
684,0,0.000000,0.730681,0.091053,0.000740,0.820287,0.000000,0.000000,0.880982,0.007085,0.531019,0.087844,0.000000,0.624853
685,0,0.000000,0.771976,0.077978,0.001230,0.840600,0.000000,0.000000,0.914010,0.008200,0.555838,0.072660,0.000000,0.635272
686,0,0.000000,0.749894,0.104252,0.000704,0.833826,0.000000,0.000000,0.955930,0.007570,0.583267,0.084136,0.000000,0.672307
687,0,0.000000,0.778409,0.083101,0.000895,0.848851,0.000000,0.000000,0.937739,0.008421,0.594877,0.094448,0.000000,0.696157
688,0,0.000000,0.725046,0.028939,0.000939,0.754551,0.000000,0.000000,0.823606,0.007768,0.564052,0.026719,0.000000,0.593328
689,0,0.000000,0.794323,0.037805,0.001030,0.832757,0.000000,0.000000,0.913995,0.009211,0.565228,0.044743,0.000000,0.603958
690,0,0.000000,0.755456,0.076594,0.000867,0.829187,0.000000,0.000000,0.892173,0.015941,0.529397,0.070271,0.000000,0.605804
691,0,0.000000,0.796401,0.079976,0.000897,0.877068,0.000000,0.000000,0.942359,0.007539,0.599134,0.072893,0.000000,0.674458
692,0,0.000000,0.790732,0.059159,0.001007,0.846797,0.000000,0.000000,0.923508,0.008889,0.602135,0.050100,0.000000,0.657074
693,0,0.000000,0.769577,0.071630,0.000920,0.841743,0.000000,0.000000,0.943603,0.010135,0.550761,0.081748,0.000000,0.639618
694,0,0.000000,0.778436,0.096927,0.001210,0.866943,0.000000,0.000000,1.002752,0.015841,0.636132,0.089500,0.000000,0.728070
695,0,0.000000,0.784518,0.077032,0.011304,0.851111,0.000000,0.000000,1.010090,0.009881,0.620673,0.086469,0.000000,0.682526
696,0,0.000000,0.746505,0.127324,0.000990,0.863727,0.000000,0.000000,0.935058,0.010132,0.549944,0.121091,0.000000,0.676272
697,0,0.000000,0.762595,0.107645,0.000775,0.862488,0.000000,0.000000,0.957405,0.008545,0.563150,0.100707,0.000000,0.671187
698,0,0.000000,0.766558,0.132072,0.000880,0.885163,0.000000,0.000000,0.957015,0.008629,0.559434,0.125133,0.000000,0.684667
699,0,0.000000,0.760564,0.085631,0.001380,0.843507,0.000000,0.000000,0.938896,0.008690,0.586746,0.083392,0.000000,0.669321
700,0,0.000000,0.753963,0.138037,0.000880,0.882987,0.000000,0.000000,0.970460,0.009403,0.556610,0.131149,0.000000,0.693119
701,0,0.000000,0.757538,0.086658,0.001077,0.842231,0.000000,0.000000,0.923713,0.008681,0.577848,0.085831,0.000000,0.658703
702,0,0.000000,0.726457,0.134707,0.000668,0.846384,0.000000,0.000000,0.928937,0.009302,0.529348,0.125296,0.000000,0.659926
703,0,0.000000,0.764893,0.107471,0.001009,0.872982,0.000000,0.000000,0.974370,0.008487,0.561922,0.101860,0.000000,0.668736
704,0,0.000000,0.818019,0.053052,0.000954,0.868789,0.000000,0.000000,0.947898,0.009937,0.609893,0.045354,0.000000,0.662829
705,0,0.000000,0.774125,0.105852,0.001454,0.880457,0.000000,0.000000,0.941377,0.009553,0.541870,0.100302,0.000000,0.643888
706,0,0.000000,0.740314,0.143609,0.000971,0.838036,0.000000,0.000000,0.974980,0.009660,0.541358,0.131704,0.000000,0.649888
707,0,0.000000,0.768076,0.125399,0.015083,0.893972,0.000000,0.000000,0.978489,0.009015,0.570963,0.123228,0.000000,0.700085
708,0,0.000000,0.769259,0.144517,0.001080,0.901357,0.000000,0.000000,0.984649,0.008900,0.562746,0.140278,0.000000,0.710248
709,0,0.000000,0.759621,0.045320,0.000946,0.805461,0.000000,0.000000,0.869325,0.008318,0.550520,0.041175,0.000000,0.596794
710,0,0.000000,0.733030,0.128704,0.000938,0.852677,0.000000,0.000000,0.935207,0.008674,0.545147,0.125350,0.000000,0.675835
711,0,0.000000,0.752273,0.119972,0.000913,0.856552,0.000000,0.000000,0.924786,0.008635,0.531513,0.114940,0.000000,0.642022
712,0,0.000000,0.786288,0.155242,0.001062,0.934328,0.000000,0.000000,1.027316,0.021158,0.569690,0.145575,0.000000,0.720263
713,0,0.000000,0.751919,0.110597,0.001605,0.822456,0.000000,0.000000,0.984574,0.009339,0.570523,0.109429,0.000000,0.684963
714,0,0.000000,0.730140,0.158616,0.000991,0.858306,0.000000,0.000000,0.941043,0.009582,0.517679,0.153275,0.000000,0.653080
715,0,0.000000,0.750262,0.165385,0.001078,0.887426,0.000000,0.000000,1.034633,0.009669,0.571068,0.163924,0.000000,0.741549
716,0,0.000000,0.750550,0.123821,0.001155,0.868517,0.000000,0.000000,0.932221,0.008925,0.549567,0.117843,0.000000,0.673867
717,0,0.000000,0.769285,0.126219,0.001309,0.888792,0.000000,0.000000,0.961761,0.008746,0.571679,0.124630,0.000000,0.703339
718,0,0.000000,0.737064,0.155766,0.001057,0.871201,0.000000,0.000000,0.963784,0.009367,0.548406,0.151453,0.000000,0.704778
719,0,0.000000,0.820170,0.047061,0.001248,0.860510,0.000000,0.000000,0.966183,0.009029,0.641953,0.040903,0.000000,0.683410
720,0,0.000000,0.796088,0.166802,0.000709,0.945677,0.000000,0.000000,1.020491,0.009070,0.587864,0.155976,0.000000,0.751030
721,0,0.000000,0.743302,0.125648,0.000902,0.843897,0.000000,0.000000,0.933309,0.009376,0.541209,0.121044,0.000000,0.669138
722,0,0.000000,0.750787,0.138827,0.000683,0.882889,0.000000,0.000000,1.096742,0.008825,0.681658,0.133877,0.000000,0.820545
723,0,0.000000,0.742753,0.134980,0.000732,0.821177,0.000000,0.000000,0.947309,0.008761,0.550998,0.130839,0.000000,0.682231
724,0,0.000000,0.730351,0.143801,0.000961,0.845677,0.000000,0.000000,0.942707,0.008476,0.526252,0.139844,0.000000,0.673053
725,0,0.000000,0.746039,0.164709,0.000897,0.876311,0.000000,0.000000,0.987131,0.008543,0.547536,0.163139,0.000000,0.717965
726,0,0.000000,0.744632,0.126542,0.000682,0.870885,0.000000,0.000000,0.933169,0.008129,0.537557,0.122366,0.000000,0.665792
727,0,0.000000,0.776361,0.155104,0.000807,0.927516,0.000000,0.000000,1.003273,0.008205,0.584721,0.149327,0.000000,0.735224
728,0,0.000000,0.722823,0.053044,0.001506,0.762502,0.000000,0.000000,0.855543,0.009393,0.528876,0.056316,0.000000,0.581161
729,0,0.000000,0.756659,0.095736,0.000909,0.806362,0.000000,0.000000,0.924901,0.009289,0.557625,0.099796,0.000000,0.647943
730,0,0.000000,0.724044,0.124344,0.000784,0.847765,0.000000,0.000000,0.914500,0.012049,0.492677,0.121441,0.000000,0.620816
731,0,0.000000,0.764116,0.139764,0.000734,0.853092,0.000000,0.000000,0.960206,0.009201,0.551830,0.133555,0.000000,0.687400
732,0,0.000000,0.717981,0.147994,0.000692,0.822219,0.000000,0.000000,0.926437,0.008571,0.525658,0.142794,0.000000,0.672232
733,0,0.000000,0.776091,0.159173,0.000721,0.904655,0.000000,0.000000,0.993569,0.008776,0.564950,0.151772,0.000000,0.717960
734,0,0.000000,0.713534,0.133361,0.000730,0.845995,0.000000,0.000000,0.904196,0.008616,0.510661,0.128136,0.000000,0.644050
735,0,0.000000,0.791381,0.078326,0.000891,0.862939,0.000000,0.000000,0.948697,0.008577,0.576538,0.068523,0.000000,0.644423
736,0,0.000000,0.759997,0.136102,0.000840,0.855485,0.000000,0.000000,0.970880,0.010127,0.540538,0.127741,0.000000,0.671887
737,0,0.000000,0.773896,0.121357,0.001033,0.876245,0.000000,0.000000,0.965261,0.009989,0.568157,0.116338,0.000000,0.689937
738,0,0.000000,0.720440,0.104635,0.000648,0.801549,0.000000,0.000000,0.874802,0.008544,0.517262,0.099226,0.000000,0.614683
739,0,0.000000,0.758758,0.156359,0.000719,0.897017,0.000000,0.000000,1.010252,0.009874,0.576582,0.151242,0.000000,0.734293
740,0,0.000000,0.722272,0.086273,0.001479,0.801511,0.000000,0.000000,0.884291,0.008346,0.527416,0.082382,0.000000,0.610542
741,0,0.000000,0.923439,0.119189,0.001054,1.010093,0.000000,0.000000,1.146000,0.008894,0.747265,0.116784,0.000000,0.864776
742,0,0.000000,0.796569,0.061038,0.001329,0.851397,0.000000,0.000000,0.927906,0.009789,0.597457,0.055924,0.000000,0.660542
743,0,0.000000,0.834142,0.064139,0.001131,0.884472,0.000000,0.000000,0.957073,0.008853,0.629685,0.059461,0.000000,0.692987
744,0,0.000000,0.804022,0.133953,0.001622,0.903616,0.000000,0.000000,1.072222,0.008348,0.649337,0.142771,0.000000,0.798008
745,0,0.000000,0.854391,0.131683,0.001234,0.960489,0.000000,0.000000,1.045981,0.010130,0.614267,0.128955,0.000000,0.749632
746,0,0.000000,0.789827,0.148659,0.000753,0.939200,0.000000,0.000000,1.054941,0.009199,0.640069,0.145745,0.000000,0.789998
747,0,0.000000,0.777416,0.125971,0.001538,0.894906,0.000000,0.000000,0.971817,0.009109,0.566295,0.128568,0.000000,0.699638
748,0,0.000000,0.810194,0.072758,0.001724,0.881130,0.000000,0.000000,0.952932,0.009436,0.589295,0.069682,0.000000,0.662061
749,0,0.000000,0.863231,0.053578,0.001428,0.908806,0.000000,0.000000,1.066956,0.009512,0.683382,0.044240,0.000000,0.728252
750,0,0.000000,0.837525,0.094458,0.001198,0.919032,0.000000,0.000000,1.027075,0.011004,0.632184,0.098165,0.000000,0.724322
751,0,0.000000,0.816719,0.158367,0.000879,0.920906,0.000000,0.000000,1.036727,0.009398,0.619284,0.154613,0.000000,0.775309
752,0,0.000000,0.793669,0.086449,0.001813,0.877932,0.000000,0.000000,0.936281,0.008473,0.595793,0.083786,0.000000,0.683702
753,0,0.000000,0.801020,0.114536,0.000900,0.898667,0.000000,0.000000,0.977980,0.008072,0.585159,0.110710,0.000000,0.699614
754,0,0.000000,0.797456,0.124366,0.001016,0.900142,0.000000,0.000000,0.986397,0.008723,0.599864,0.121240,0.000000,0.723290
755,0,0.000000,0.768145,0.126110,0.000762,0.870302,0.000000,0.000000,0.946096,0.008066,0.562359,0.123409,0.000000,0.688032
756,0,0.000000,0.783542,0.122578,0.000999,0.900363,0.000000,0.000000,0.989430,0.012614,0.598330,0.119593,0.000000,0.728286
757,0,0.000000,0.797193,0.107312,0.000866,0.896700,0.000000,0.000000,0.983094,0.008186,0.596179,0.104325,0.000000,0.703988
758,0,0.000000,0.793178,0.116574,0.001401,0.888448,0.000000,0.000000,1.015048,0.008243,0.629505,0.115367,0.000000,0.747600
759,0,0.000000,0.781128,0.142328,0.000762,0.880574,0.000000,0.000000,0.998686,0.012167,0.595242,0.139580,0.000000,0.737406
760,0,0.000000,0.791383,0.110729,0.002085,0.899274,0.000000,0.000000,0.992156,0.012098,0.616162,0.107516,0.000000,0.733976
761,0,0.000000,0.792830,0.109730,0.000949,0.872848,0.000000,0.000000,0.967051,0.008296,0.584478,0.112919,0.000000,0.700253
762,0,0.000000,0.796050,0.085383,0.001239,0.860780,0.000000,0.000000,1.010676,0.008228,0.613961,0.082819,0.000000,0.704024
763,0,0.000000,0.793896,0.132672,0.000883,0.888727,0.000000,0.000000,1.003461,0.022814,0.600386,0.130031,0.000000,0.727347
764,0,0.000000,0.795491,0.038733,0.001234,0.834284,0.000000,0.000000,1.258610,0.008439,0.870810,0.034991,0.000000,0.912323
765,0,0.000000,0.806014,0.077281,0.001032,0.873136,0.000000,0.000000,1.003417,0.011694,0.643979,0.071286,0.000000,0.706009
766,0,0.000000,0.800897,0.103489,0.000693,0.876943,0.000000,0.000000,0.976566,0.009268,0.587181,0.092617,0.000000,0.685040
767,0,0.000000,0.816657,0.148654,0.000995,0.939503,0.000000,0.000000,1.034821,0.009337,0.633216,0.147735,0.000000,0.786150
768,0,0.000000,0.804159,0.118430,0.000821,0.913345,0.000000,0.000000,1.033635,0.008960,0.672790,0.115831,0.000000,0.792941
769,0,0.000000,0.794580,0.108985,0.001030,0.895049,0.000000,0.000000,0.985967,0.009161,0.625957,0.105506,0.000000,0.738060
770,0,0.000000,0.913039,0.132593,0.000866,0.983909,0.000000,0.000000,1.116048,0.008666,0.727482,0.131007,0.000000,0.863270
771,0,0.000000,0.792408,0.140080,0.000902,0.899883,0.000000,0.000000,1.029283,0.008908,0.605336,0.137758,0.000000,0.747380
772,0,0.000000,0.808425,0.140915,0.000914,0.931967,0.000000,0.000000,1.031851,0.008801,0.620253,0.151501,0.000000,0.776941
773,0,0.000000,0.799293,0.149689,0.000865,0.899798,0.000000,0.000000,1.012346,0.008520,0.601188,0.147872,0.000000,0.752651
774,0,0.000000,0.767425,0.146935,0.000731,0.866525,0.000000,0.000000,0.973810,0.009071,0.569852,0.144321,0.000000,0.719177
775,0,0.000000,0.796249,0.135511,0.001199,0.903389,0.000000,0.000000,1.009585,0.023307,0.593354,0.133025,0.000000,0.729739
776,0,0.000000,0.795206,0.139783,0.000756,0.894652,0.000000,0.000000,1.022914,0.008561,0.605723,0.137695,0.000000,0.747864
777,0,0.000000,0.796640,0.119697,0.001118,0.905940,0.000000,0.000000,0.981975,0.008201,0.599358,0.114534,0.000000,0.719624
778,0,0.000000,0.778441,0.031779,0.001135,0.810996,0.000000,0.000000,1.133495,0.009528,0.648359,0.064896,0.000000,0.712814
779,0,0.000000,0.900490,0.071405,0.000947,0.972842,0.000000,0.000000,1.272202,0.117593,0.825771,0.066059,0.000000,0.917033
780,0,0.000000,0.814250,0.048581,0.000945,0.863117,0.000000,0.000000,0.991575,0.008719,0.598657,0.083566,0.000000,0.689300
781,0,0.000000,0.771870,0.125258,0.000755,0.865805,0.000000,0.000000,0.955757,0.008614,0.549566,0.122009,0.000000,0.677898
782,0,0.000000,0.817972,0.102075,0.000816,0.901218,0.000000,0.000000,0.981093,0.007535,0.592915,0.098218,0.000000,0.697574
783,0,0.000000,0.768811,0.055949,0.001140,0.817675,0.000000,0.000000,0.915528,0.007510,0.566522,0.052492,0.000000,0.624510
784,0,0.000000,0.819694,0.086288,0.000787,0.893363,0.000000,0.000000,0.978059,0.007735,0.572909,0.079862,0.000000,0.658237
785,0,0.000000,0.777100,0.122091,0.000772,0.856446,0.000000,0.000000,0.963774,0.007344,0.553776,0.124554,0.000000,0.683854
786,0,0.000000,0.801332,0.153269,0.000712,0.900505,0.000000,0.000000,1.010779,0.007354,0.574295,0.148550,0.000000,0.729398
787,0,0.000000,0.782936,0.078466,0.000704,0.839532,0.000000,0.000000,0.928324,0.007545,0.566276,0.075900,0.000000,0.648456
788,0,0.000000,0.812360,0.118870,0.000815,0.904758,0.000000,0.000000,1.009698,0.007136,0.595152,0.114361,0.000000,0.715576
789,0,0.000000,0.776208,0.134072,0.000943,0.854595,0.000000,0.000000,0.987393,0.026274,0.549352,0.130509,0.000000,0.704928
790,0,0.000000,0.795675,0.100340,0.000791,0.870453,0.000000,0.000000,0.984845,0.007434,0.585826,0.097034,0.000000,0.689575
791,0,0.000000,0.767515,0.089930,0.000734,0.834826,0.000000,0.000000,0.920247,0.018752,0.540081,0.085664,0.000000,0.633002
792,0,0.000000,0.875950,0.137829,0.000818,1.001985,0.000000,0.000000,1.092609,0.006812,0.661386,0.131012,0.000000,0.797306
793,0,0.000000,0.815607,0.028863,0.000703,0.845173,0.000000,0.000000,0.987037,0.007972,0.627632,0.048130,0.000000,0.682723
794,0,0.000000,0.824690,0.033967,0.001211,0.858618,0.000000,0.000000,0.944506,0.008160,0.653301,0.028251,0.000000,0.688041
795,0,0.000000,0.784759,0.054418,0.000669,0.836647,0.000000,0.000000,0.888684,0.007785,0.595630,0.048917,0.000000,0.649880
796,0,0.000000,0.826432,0.116693,0.000730,0.930908,0.000000,0.000000,1.015167,0.006852,0.656438,0.112075,0.000000,0.774274
797,0,0.000000,0.817961,0.145440,0.000794,0.907642,0.000000,0.000000,1.055498,0.007804,0.652366,0.142150,0.000000,0.797722
798,0,0.000000,0.812247,0.127040,0.000810,0.901866,0.000000,0.000000,0.994019,0.028871,0.635198,0.123016,0.000000,0.763885
799,0,0.000000,0.769341,0.063455,0.000825,0.831949,0.000000,0.000000,0.978965,0.007442,0.658853,0.073344,0.000000,0.738177
800,0,0.000000,0.826554,0.079492,0.000806,0.872048,0.000000,0.000000,0.991984,0.007917,0.662083,0.088341,0.000000,0.743888
801,0,0.000000,0.833748,0.128822,0.001313,0.919017,0.000000,0.000000,1.040585,0.008344,0.668566,0.125859,0.000000,0.800495
802,0,0.000000,0.795171,0.106026,0.000726,0.863822,0.000000,0.000000,1.014041,0.008577,0.673336,0.101871,0.000000,0.781782
803,0,0.000000,0.801807,0.075549,0.000971,0.875099,0.000000,0.000000,0.951540,0.007271,0.647287,0.070367,0.000000,0.723513
804,0,0.000000,0.736248,0.085042,0.000727,0.806828,0.000000,0.000000,0.916155,0.023123,0.586989,0.080707,0.000000,0.689335
805,0,0.000000,0.708540,0.121022,0.000788,0.775343,0.000000,0.000000,0.927807,0.007377,0.581075,0.118282,0.000000,0.705148
806,0,0.000000,0.723729,0.108028,0.000864,0.792474,0.000000,0.000000,0.952891,0.007766,0.599389,0.104516,0.000000,0.710146
807,0,0.000000,0.700188,0.066043,0.000744,0.762878,0.000000,0.000000,0.853081,0.007659,0.539516,0.066713,0.000000,0.608658
808,0,0.000000,0.855110,0.074155,0.001151,0.926311,0.000000,0.000000,1.050300,0.007555,0.717290,0.070639,0.000000,0.793594
809,0,0.000000,0.858634,0.112798,0.000745,0.943475,0.000000,0.000000,1.055495,0.008985,0.702348,0.109295,0.000000,0.817376
810,0,0.000000,0.724597,0.111375,0.000756,0.818551,0.000000,0.000000,0.946523,0.027381,0.572376,0.119705,0.000000,0.713022
811,0,0.000000,0.722962,0.105796,0.000683,0.791105,0.000000,0.000000,0.924357,0.007097,0.569429,0.116767,0.000000,0.691804
812,0,0.000000,0.751846,0.140270,0.000660,0.838666,0.000000,0.000000,1.027077,0.007364,0.636935,0.135196,0.000000,0.778270
813,0,0.000000,0.727039,0.101213,0.000779,0.824290,0.000000,0.000000,0.911737,0.007453,0.567964,0.102941,0.000000,0.673000
814,0,0.000000,0.729138,0.109945,0.000697,0.783555,0.000000,0.000000,0.900420,0.007547,0.548752,0.110734,0.000000,0.660721
815,0,0.000000,0.736786,0.054220,0.001103,0.790433,0.000000,0.000000,0.857596,0.009113,0.572657,0.050766,0.000000,0.630116
816,0,0.000000,0.761587,0.116859,0.000687,0.835178,0.000000,0.000000,0.957831,0.007626,0.608571,0.116031,0.000000,0.727472
817,0,0.000000,0.742240,0.075900,0.000760,0.800648,0.000000,0.000000,0.890500,0.007267,0.572038,0.077539,0.000000,0.655580
818,0,0.000000,0.730935,0.137183,0.000675,0.853417,0.000000,0.000000,0.957121,0.006961,0.581265,0.140235,0.000000,0.720532
819,0,0.000000,0.714326,0.086400,0.000673,0.794798,0.000000,0.000000,0.917477,0.007049,0.566476,0.083373,0.000000,0.655731
820,0,0.000000,0.709625,0.113634,0.000664,0.768331,0.000000,0.000000,0.921516,0.006972,0.568088,0.110181,0.000000,0.683780
821,0,0.000000,0.720865,0.104636,0.000734,0.795385,0.000000,0.000000,0.917665,0.033997,0.573875,0.102114,0.000000,0.687719
822,0,0.000000,0.743769,0.068020,0.000765,0.812543,0.000000,0.000000,0.912680,0.007689,0.616656,0.064036,0.000000,0.686568
823,0,0.000000,0.715377,0.085012,0.000733,0.768549,0.000000,0.000000,0.857088,0.007316,0.542668,0.082891,0.000000,0.631420
824,0,0.000000,0.826091,0.086280,0.001117,0.907691,0.000000,0.000000,1.006181,0.084542,0.544822,0.084068,0.000000,0.656769
825,0,0.000000,0.783551,0.105654,0.000669,0.868108,0.000000,0.000000,0.954388,0.012230,0.478498,0.100348,0.000000,0.579914
826,0,0.000000,0.711943,0.130940,0.000632,0.833394,0.000000,0.000000,0.920034,0.007425,0.450297,0.126058,0.000000,0.578532
827,0,0.000000,0.782051,0.145920,0.000701,0.880974,0.000000,0.000000,0.998081,0.007581,0.478440,0.142462,0.000000,0.621362
828,0,0.000000,0.725056,0.081432,0.000723,0.769729,0.000000,0.000000,0.853645,0.007158,0.430908,0.075875,0.000000,0.510901
829,0,0.000000,0.731805,0.111211,0.000672,0.828368,0.000000,0.000000,0.896125,0.006594,0.437184,0.106011,0.000000,0.548167
830,0,0.000000,0.717059,0.114501,0.000588,0.765803,0.000000,0.000000,0.899970,0.006986,0.430712,0.129640,0.000000,0.564060
831,0,0.000000,0.745506,0.155149,0.000669,0.873191,0.000000,0.000000,0.977368,0.011586,0.443093,0.163808,0.000000,0.591288
832,0,0.000000,0.742041,0.099266,0.000746,0.825030,0.000000,0.000000,0.909883,0.007062,0.441008,0.096382,0.000000,0.532712
833,0,0.000000,0.727551,0.048930,0.012366,0.766338,0.000000,0.000000,0.850316,0.006678,0.426237,0.054696,0.000000,0.474352
834,0,0.000000,0.741199,0.069078,0.000682,0.782504,0.000000,0.000000,0.886905,0.007209,0.458845,0.063467,0.000000,0.520730
835,0,0.000000,0.732044,0.060108,0.001125,0.791909,0.000000,0.000000,0.880724,0.007050,0.462801,0.055953,0.000000,0.512668
836,0,0.000000,0.749305,0.098896,0.000685,0.784655,0.000000,0.000000,0.971999,0.007664,0.459686,0.122340,0.000000,0.567049
837,0,0.000000,0.710938,0.087627,0.000634,0.759401,0.000000,0.000000,0.855840,0.012116,0.407720,0.083339,0.000000,0.485767
838,0,0.000000,0.751684,0.094732,0.000736,0.821139,0.000000,0.000000,0.922935,0.006552,0.443783,0.100365,0.000000,0.533926
839,0,0.000000,0.715028,0.138718,0.000768,0.838210,0.000000,0.000000,0.943304,0.007415,0.461030,0.134872,0.000000,0.600113
840,0,0.000000,0.763162,0.080616,0.000716,0.812587,0.000000,0.000000,0.910580,0.007264,0.457507,0.084286,0.000000,0.534534
841,0,0.000000,0.779213,0.053053,0.001036,0.829730,0.000000,0.000000,0.905745,0.007448,0.520044,0.046703,0.000000,0.571701
842,0,0.000000,0.810878,0.101915,0.000737,0.904170,0.000000,0.000000,0.981655,0.008359,0.624230,0.096593,0.000000,0.725735
843,0,0.000000,0.716996,0.081839,0.000745,0.772699,0.000000,0.000000,0.883202,0.007244,0.528290,0.102228,0.000000,0.610624
844,0,0.000000,0.752007,0.131889,0.000740,0.868653,0.000000,0.000000,0.961112,0.006654,0.582994,0.129790,0.000000,0.717991
845,0,0.000000,0.712892,0.100510,0.000792,0.770885,0.000000,0.000000,0.923606,0.006842,0.574953,0.095872,0.000000,0.674662
846,0,0.000000,0.746621,0.053909,0.000733,0.771778,0.000000,0.000000,0.876617,0.007146,0.581948,0.052410,0.000000,0.640187
847,0,0.000000,0.738932,0.089627,0.000730,0.796483,0.000000,0.000000,0.896914,0.007242,0.575981,0.088084,0.000000,0.670246
848,0,0.000000,0.745592,0.091738,0.000722,0.804483,0.000000,0.000000,0.949361,0.006725,0.639138,0.085814,0.000000,0.730496
849,0,0.000000,0.733800,0.091203,0.000911,0.787471,0.000000,0.000000,0.909192,0.008901,0.573830,0.106112,0.000000,0.669384
850,0,0.000000,0.776537,0.149343,0.007973,0.857571,0.000000,0.000000,1.016544,0.008355,0.639761,0.148470,0.000000,0.794503
851,0,0.000000,0.779735,0.097941,0.000694,0.857179,0.000000,0.000000,0.947086,0.007561,0.610684,0.095309,0.000000,0.711633
852,0,0.000000,0.742773,0.127327,0.000736,0.829700,0.000000,0.000000,0.950818,0.006809,0.597644,0.124889,0.000000,0.728221
853,0,0.000000,0.743123,0.124633,0.000680,0.836545,0.000000,0.000000,0.942195,0.007265,0.585257,0.121327,0.000000,0.711754
854,0,0.000000,0.768148,0.053875,0.000808,0.808080,0.000000,0.000000,0.931831,0.014289,0.638519,0.054451,0.000000,0.698240
855,0,0.000000,0.741048,0.105284,0.000698,0.814700,0.000000,0.000000,0.913595,0.023191,0.581111,0.102216,0.000000,0.688206
856,0,0.000000,0.714736,0.063423,0.000880,0.772579,0.000000,0.000000,0.869058,0.006685,0.556077,0.069608,0.000000,0.621795
857,0,0.000000,0.748331,0.113246,0.001117,0.804877,0.000000,0.000000,0.940407,0.008945,0.593749,0.108184,0.000000,0.706566
858,0,0.000000,0.952592,0.046903,0.001356,0.974451,0.000000,0.000000,1.190291,0.007829,0.762945,0.030342,0.000000,0.796191
859,0,0.000000,1.955937,0.029976,0.000959,1.975384,0.000000,0.000000,2.436774,0.012690,2.075284,0.026535,0.000000,2.111760
860,0,0.000000,0.824825,0.052379,0.001082,0.877840,0.000000,0.000000,0.941356,0.029065,0.605027,0.050692,0.000000,0.662190
861,0,0.000000,0.788323,0.086203,0.033804,0.861202,0.000000,0.000000,1.032303,0.028013,0.580706,0.125494,0.000000,0.711421
862,0,0.000000,0.801907,0.121614,0.001143,0.876095,0.000000,0.000000,1.012756,0.008174,0.609512,0.120142,0.000000,0.735599
863,0,0.000000,0.799425,0.060375,0.001072,0.847092,0.000000,0.000000,0.971338,0.007408,0.624725,0.057121,0.000000,0.687144
864,0,0.000000,0.822804,0.090956,0.001032,0.877091,0.000000,0.000000,1.000548,0.007811,0.625367,0.087215,0.000000,0.717723
865,0,0.000000,0.798869,0.060188,0.000890,0.829307,0.000000,0.000000,0.962979,0.007444,0.595867,0.037027,0.000000,0.630320
866,0,0.000000,0.830268,0.047318,0.001344,0.875611,0.000000,0.000000,0.947053,0.007613,0.611518,0.044491,0.000000,0.661291
867,0,0.000000,0.829576,0.050894,0.001267,0.880228,0.000000,0.000000,0.973918,0.008562,0.621098,0.048137,0.000000,0.674794
868,0,0.000000,0.860664,0.059885,0.001884,0.920506,0.000000,0.000000,1.064149,0.008796,0.719746,0.057279,0.000000,0.782560
869,0,0.000000,0.832336,0.124899,0.006891,0.957948,0.000000,0.000000,1.035529,0.010761,0.623688,0.122170,0.000000,0.753309
870,0,0.000000,0.845640,0.057701,0.001889,0.890402,0.000000,0.000000,1.181663,0.018898,0.790644,0.038074,0.000000,0.829758
871,0,0.000000,0.894379,0.058774,0.001334,0.952425,0.000000,0.000000,1.042449,0.035659,0.591088,0.048470,0.000000,0.641718
872,0,0.000000,0.878529,0.066939,0.000972,0.938913,0.000000,0.000000,1.033597,0.008928,0.627842,0.071262,0.000000,0.693398
873,0,0.000000,0.841757,0.131079,0.000865,0.955607,0.000000,0.000000,1.079745,0.008233,0.630536,0.114517,0.000000,0.748111
874,0,0.000000,0.826068,0.137666,0.001046,0.925466,0.000000,0.000000,1.147616,0.025800,0.693380,0.134297,0.000000,0.852053
875,0,0.000000,0.824859,0.068123,0.001361,0.877561,0.000000,0.000000,1.005959,0.009556,0.636510,0.067944,0.000000,0.708230
876,0,0.000000,0.808161,0.117967,0.001032,0.888096,0.000000,0.000000,1.010441,0.008669,0.590867,0.124830,0.000000,0.721685
877,0,0.000000,0.861006,0.135445,0.013054,0.971781,0.000000,0.000000,1.071037,0.010987,0.649273,0.131016,0.000000,0.782025
878,0,0.000000,0.803169,0.118851,0.001194,0.907452,0.000000,0.000000,1.030365,0.008270,0.627829,0.119008,0.000000,0.752877
879,0,0.000000,0.825800,0.151944,0.000882,0.944508,0.000000,0.000000,1.043499,0.007683,0.611266,0.145867,0.000000,0.761019
880,0,0.000000,0.818553,0.131305,0.000844,0.931756,0.000000,0.000000,1.039323,0.008520,0.630357,0.128084,0.000000,0.764422
881,0,0.000000,0.974406,0.108445,0.000991,1.068082,0.000000,0.000000,1.206082,0.009488,0.808073,0.106013,0.000000,0.918943
882,0,0.000000,0.833269,0.150315,0.001101,0.957544,0.000000,0.000000,1.045376,0.009376,0.627151,0.140019,0.000000,0.774860
883,0,0.000000,0.806482,0.113721,0.000993,0.914344,0.000000,0.000000,1.025087,0.007861,0.605355,0.133599,0.000000,0.744380
884,0,0.000000,0.881711,0.136080,0.000871,1.000397,0.000000,0.000000,1.133005,0.008335,0.666486,0.162041,0.000000,0.802807
885,0,0.000000,0.849017,0.054546,0.001585,0.902890,0.000000,0.000000,1.012974,0.014597,0.590409,0.047117,0.000000,0.638910
886,0,0.000000,0.840013,0.110981,0.001066,0.943927,0.000000,0.000000,1.067080,0.009901,0.549008,0.112525,0.000000,0.653408
887,0,0.000000,0.821618,0.174098,0.000993,0.927573,0.000000,0.000000,1.058363,0.010746,0.532415,0.170970,0.000000,0.711319
888,0,0.000000,0.872121,0.157087,0.001059,0.990479,0.000000,0.000000,1.110094,0.008530,0.565476,0.151998,0.000000,0.723266
889,0,0.000000,0.807711,0.047594,0.001609,0.854928,0.000000,0.000000,0.922311,0.008383,0.535222,0.042615,0.000000,0.580860
890,0,0.000000,0.820099,0.135552,0.001064,0.927361,0.000000,0.000000,1.018208,0.008052,0.527363,0.130989,0.000000,0.665210
891,0,0.000000,0.822615,0.128655,0.000889,0.951932,0.000000,0.000000,1.018594,0.008275,0.541652,0.125759,0.000000,0.669989
892,0,0.000000,0.824825,0.082451,0.001262,0.895067,0.000000,0.000000,0.978220,0.008355,0.529810,0.078740,0.000000,0.614623
893,0,0.000000,0.803950,0.144553,0.000937,0.949193,0.000000,0.000000,1.016139,0.008146,0.533118,0.143380,0.000000,0.677066
894,0,0.000000,0.802265,0.149327,0.000937,0.913941,0.000000,0.000000,1.011520,0.012071,0.521351,0.145529,0.000000,0.678951
895,0,0.000000,0.819337,0.113096,0.000863,0.909612,0.000000,0.000000,1.013368,0.008464,0.558320,0.111848,0.000000,0.671901
896,0,0.000000,0.829625,0.113263,0.000918,0.932630,0.000000,0.000000,1.017772,0.008544,0.549277,0.108898,0.000000,0.664542
897,0,0.000000,0.816884,0.150129,0.001117,0.954895,0.000000,0.000000,1.042782,0.007941,0.544907,0.144858,0.000000,0.692918
898,0,0.000000,0.793876,0.145503,0.001050,0.910453,0.000000,0.000000,1.072627,0.029209,0.553629,0.137679,0.000000,0.697302
899,0,0.000000,0.968206,0.041114,0.001307,1.009813,0.000000,0.000000,1.091719,0.009269,0.682940,0.031907,0.000000,0.712097
900,0,0.000000,0.801693,0.028141,0.000677,0.825874,0.000000,0.000000,0.966842,0.008613,0.549262,0.015523,0.000000,0.565811
901,0,0.000000,0.812249,0.040282,0.000988,0.850646,0.000000,0.000000,0.912237,0.059682,0.529131,0.032367,0.000000,0.605495
902,0,0.000000,0.785282,0.055474,0.000746,0.837935,0.000000,0.000000,0.976991,0.009562,0.593033,0.051442,0.000000,0.649154
903,0,0.000000,0.725284,0.086777,0.000811,0.804821,0.000000,0.000000,0.897714,0.008730,0.511957,0.073706,0.000000,0.591711
904,0,0.000000,0.742296,0.070291,0.000989,0.797394,0.000000,0.000000,0.871413,0.009779,0.462830,0.065600,0.000000,0.535058
905,0,0.000000,0.729927,0.098008,0.000777,0.823165,0.000000,0.000000,0.897502,0.008761,0.512683,0.088462,0.000000,0.605101
906,0,0.000000,0.738043,0.125971,0.000692,0.825997,0.000000,0.000000,0.936706,0.008064,0.534263,0.117113,0.000000,0.656014
907,0,0.000000,0.741489,0.082992,0.000802,0.815934,0.000000,0.000000,0.912944,0.008415,0.548875,0.071005,0.000000,0.623828
908,0,0.000000,0.817227,0.109234,0.000735,0.892622,0.000000,0.000000,0.991362,0.016484,0.593907,0.100685,0.000000,0.698539
909,0,0.000000,0.720141,0.079389,0.000718,0.796111,0.000000,0.000000,0.881141,0.007733,0.517869,0.072479,0.000000,0.594874
910,0,0.000000,0.746421,0.124415,0.000755,0.837934,0.000000,0.000000,0.947362,0.007795,0.530364,0.115386,0.000000,0.650356
911,0,0.000000,0.708750,0.080962,0.000907,0.773017,0.000000,0.000000,0.866302,0.011702,0.494200,0.070798,0.000000,0.575425
912,0,0.000000,0.765579,0.101028,0.000902,0.853033,0.000000,0.000000,0.975869,0.007786,0.582135,0.098690,0.000000,0.686132
913,0,0.000000,0.742487,0.122769,0.000799,0.862994,0.000000,0.000000,1.060336,0.011264,0.651464,0.116819,0.000000,0.776287
914,0,0.000000,0.740496,0.098727,0.000801,0.830175,0.000000,0.000000,0.915530,0.007770,0.539836,0.089853,0.000000,0.634856
915,0,0.000000,0.804619,0.157920,0.000845,0.951815,0.000000,0.000000,1.079915,0.006946,0.622863,0.147402,0.000000,0.771490
916,0,0.000000,0.741852,0.127112,0.000927,0.795060,0.000000,0.000000,0.969744,0.007749,0.547568,0.123893,0.000000,0.676557
917,0,0.000000,0.774367,0.102728,0.000864,0.864811,0.000000,0.000000,1.002423,0.009920,0.595772,0.100368,0.000000,0.702019
918,0,0.000000,0.769710,0.130171,0.000717,0.868730,0.000000,0.000000,0.974405,0.033053,0.570446,0.120216,0.000000,0.696147
919,0,0.000000,0.734415,0.104441,0.000783,0.775427,0.000000,0.000000,0.888810,0.030387,0.519795,0.101444,0.000000,0.625796
920,0,0.000000,0.792384,0.137843,0.000977,0.908286,0.000000,0.000000,1.012618,0.066969,0.604063,0.115321,0.000000,0.745494
921,0,0.000000,0.793643,0.067933,0.001430,0.850665,0.000000,0.000000,0.952628,0.035308,0.607940,0.069644,0.000000,0.683392
922,0,0.000000,0.831234,0.070144,0.001353,0.893037,0.000000,0.000000,1.013990,0.008783,0.603029,0.053663,0.000000,0.658035
923,0,0.000000,0.789506,0.109875,0.000911,0.855042,0.000000,0.000000,0.981482,0.009080,0.582063,0.103574,0.000000,0.692107
924,0,0.000000,0.719884,0.086159,0.008811,0.770771,0.000000,0.000000,0.892107,0.006860,0.523995,0.080410,0.000000,0.603031
925,0,0.000000,0.742881,0.098356,0.000768,0.814985,0.000000,0.000000,0.903025,0.011949,0.529638,0.089187,0.000000,0.625038
926,0,0.000000,0.730147,0.087493,0.000652,0.808581,0.000000,0.000000,0.871448,0.007035,0.518398,0.073928,0.000000,0.597461
927,0,0.000000,0.762325,0.071505,0.000663,0.825135,0.000000,0.000000,0.911880,0.007310,0.553265,0.064344,0.000000,0.618397
928,0,0.000000,0.704940,0.075857,0.000785,0.752974,0.000000,0.000000,0.866411,0.007202,0.506295,0.071094,0.000000,0.582820
929,0,0.000000,0.748984,0.095274,0.000714,0.818599,0.000000,0.000000,0.943476,0.007584,0.536190,0.084312,0.000000,0.626146
930,0,0.000000,0.708976,0.067982,0.002026,0.740696,0.000000,0.000000,0.860890,0.007673,0.496142,0.079713,0.000000,0.580930
931,0,0.000000,0.705516,0.051241,0.000756,0.739548,0.000000,0.000000,0.865987,0.013260,0.422173,0.041356,0.000000,0.468616
932,0,0.000000,0.607549,0.032896,0.000792,0.639330,0.000000,0.000000,0.704082,0.008592,0.351876,0.027676,0.000000,0.386354
933,0,0.000000,0.602863,0.023691,0.001005,0.624790,0.000000,0.000000,0.715362,0.006768,0.363571,0.035560,0.000000,0.404103
934,0,0.000000,0.623081,0.062880,0.000925,0.648367,0.000000,0.000000,0.736164,0.008366,0.396498,0.055538,0.000000,0.457664
935,0,0.000000,0.598350,0.057800,0.000814,0.618618,0.000000,0.000000,0.707736,0.006909,0.389081,0.049772,0.000000,0.422111
936,0,0.000000,0.590048,0.050523,0.000969,0.619275,0.000000,0.000000,0.716541,0.041036,0.401684,0.043286,0.000000,0.444360
937,0,0.000000,0.623663,0.073603,0.000736,0.645920,0.000000,0.000000,0.756635,0.008040,0.425381,0.065734,0.000000,0.495089
938,0,0.000000,0.610889,0.114849,0.000852,0.699912,0.000000,0.000000,0.782894,0.006841,0.402211,0.110321,0.000000,0.517379
939,0,0.000000,0.632722,0.057256,0.000786,0.668170,0.000000,0.000000,0.752206,0.024586,0.403403,0.052543,0.000000,0.476298
940,0,0.000000,0.616137,0.076860,0.000787,0.638386,0.000000,0.000000,0.767549,0.010635,0.402218,0.069065,0.000000,0.469472
941,0,0.000000,0.616540,0.071789,0.001238,0.650622,0.000000,0.000000,0.753655,0.007151,0.422222,0.064962,0.000000,0.476285
942,0,0.000000,0.636620,0.064429,0.000663,0.653341,0.000000,0.000000,0.778032,0.008331,0.441517,0.060064,0.000000,0.507129
943,0,0.000000,0.632909,0.078163,0.000967,0.674160,0.000000,0.000000,0.765330,0.007590,0.421269,0.073841,0.000000,0.499515
944,0,0.000000,0.638624,0.108845,0.000982,0.701337,0.000000,0.000000,0.824717,0.008051,0.443233,0.102283,0.000000,0.550311
945,0,0.000000,0.645581,0.109797,0.000925,0.691420,0.000000,0.000000,0.934809,0.008400,0.432008,0.102430,0.000000,0.524441
946,0,0.000000,0.617207,0.106179,0.000848,0.670500,0.000000,0.000000,0.769387,0.024179,0.396438,0.097347,0.000000,0.501590
947,0,0.000000,0.618946,0.087486,0.001021,0.638847,0.000000,0.000000,0.763485,0.007258,0.411932,0.080223,0.000000,0.469462
948,0,0.000000,0.623884,0.036101,0.000864,0.644931,0.000000,0.000000,0.715178,0.007419,0.419986,0.028920,0.000000,0.454064
949,0,0.000000,0.655333,0.128511,0.000991,0.738554,0.000000,0.000000,0.835598,0.008095,0.453956,0.121940,0.000000,0.572149
950,0,0.000000,0.823989,0.043391,0.000730,0.860294,0.000000,0.000000,0.993716,0.007296,0.631378,0.026269,0.000000,0.660435
951,0,0.000000,0.749803,0.045903,0.000711,0.789909,0.000000,0.000000,0.940975,0.011471,0.436985,0.072113,0.000000,0.515762
952,0,0.000000,0.798927,0.050599,0.001097,0.838078,0.000000,0.000000,0.951124,0.023384,0.531289,0.045572,0.000000,0.598760
953,0,0.000000,0.753518,0.064724,0.001287,0.805829,0.000000,0.000000,1.003703,0.027819,0.509903,0.136009,0.000000,0.637065
954,0,0.000000,0.778745,0.057076,0.001194,0.830929,0.000000,0.000000,0.907223,0.009653,0.494024,0.053453,0.000000,0.548399
955,0,0.000000,0.731536,0.075921,0.001185,0.800421,0.000000,0.000000,0.867577,0.010514,0.530544,0.071151,0.000000,0.606701
956,0,0.000000,0.768376,0.081152,0.000860,0.818916,0.000000,0.000000,0.927784,0.010973,0.490322,0.077412,0.000000,0.573413
957,0,0.000000,0.738065,0.068320,0.001233,0.795352,0.000000,0.000000,0.881103,0.010425,0.479891,0.066236,0.000000,0.538373
958,0,0.000000,0.736964,0.058433,0.000907,0.782785,0.000000,0.000000,0.867863,0.009417,0.491158,0.054666,0.000000,0.549338
959,0,0.000000,0.783014,0.054621,0.001113,0.828787,0.000000,0.000000,0.962962,0.009827,0.558651,0.049294,0.000000,0.614973
960,0,0.000000,0.752503,0.093835,0.001435,0.822176,0.000000,0.000000,0.910632,0.009935,0.525619,0.093708,0.000000,0.627041
961,0,0.000000,0.721734,0.045797,0.001587,0.756688,0.000000,0.000000,0.865993,0.009692,0.546532,0.043003,0.000000,0.596181
962,0,0.000000,0.741246,0.128240,0.000983,0.860483,0.000000,0.000000,0.998701,0.010231,0.536947,0.169896,0.000000,0.714531
963,0,0.000000,0.708691,0.090035,0.000867,0.796135,0.000000,0.000000,0.896623,0.011876,0.500147,0.092219,0.000000,0.596213
964,0,0.000000,0.748036,0.096359,0.001377,0.844667,0.000000,0.000000,0.928122,0.009610,0.542718,0.092147,0.000000,0.638802
965,0,0.000000,0.758952,0.103431,0.001184,0.854767,0.000000,0.000000,0.956582,0.010332,0.538311,0.099617,0.000000,0.642417
966,0,0.000000,0.791274,0.129279,0.000943,0.909748,0.000000,0.000000,1.016884,0.010173,0.558630,0.122423,0.000000,0.690540
967,0,0.000000,0.706679,0.078931,0.000855,0.762683,0.000000,0.000000,0.846933,0.010054,0.452277,0.075938,0.000000,0.535510
968,0,0.000000,0.743520,0.133947,0.000993,0.871429,0.000000,0.000000,1.022866,0.009149,0.539407,0.130543,0.000000,0.675273
969,0,0.000000,0.671471,0.145315,0.000646,0.784328,0.000000,0.000000,0.890099,0.008874,0.436804,0.142397,0.000000,0.584764
970,0,0.000000,0.735064,0.139186,0.000644,0.849460,0.000000,0.000000,0.974503,0.008477,0.508391,0.136696,0.000000,0.645244
971,0,0.000000,0.640597,0.142735,0.000664,0.739457,0.000000,0.000000,0.862001,0.010575,0.406486,0.137602,0.000000,0.550199
972,0,0.000000,0.727839,0.101916,0.000953,0.813120,0.000000,0.000000,0.931277,0.008353,0.507601,0.099245,0.000000,0.610982
973,0,0.000000,0.689018,0.150945,0.000687,0.796256,0.000000,0.000000,0.911078,0.008846,0.459567,0.146135,0.000000,0.608940
974,0,0.000000,0.728685,0.100390,0.000998,0.808900,0.000000,0.000000,0.891770,0.009337,0.485770,0.098154,0.000000,0.587550
975,0,0.000000,0.731105,0.135874,0.000867,0.843717,0.000000,0.000000,0.937146,0.008910,0.468615,0.131088,0.000000,0.602615
976,0,0.000000,0.748840,0.099916,0.000859,0.840120,0.000000,0.000000,0.916421,0.009141,0.505280,0.095170,0.000000,0.606092
977,0,0.000000,0.773654,0.159861,0.000832,0.916225,0.000000,0.000000,0.999386,0.009400,0.494612,0.156556,0.000000,0.654440
978,0,0.000000,0.736909,0.136674,0.001202,0.809171,0.000000,0.000000,0.950191,0.009162,0.498424,0.080368,0.000000,0.576100
979,0,0.000000,0.747918,0.071569,0.001218,0.816444,0.000000,0.000000,0.886177,0.008741,0.484967,0.084026,0.000000,0.569074
980,0,0.000000,0.742490,0.131565,0.000887,0.842125,0.000000,0.000000,0.949809,0.009942,0.484461,0.127814,0.000000,0.617524
981,0,0.000000,0.717042,0.045161,0.001315,0.755726,0.000000,0.000000,0.918032,0.028694,0.507025,0.037331,0.000000,0.544355
982,0,0.000000,0.793023,0.133732,0.001031,0.892071,0.000000,0.000000,1.014012,0.024038,0.561539,0.130653,0.000000,0.710699
983,0,0.000000,0.778648,0.150962,0.000635,0.895926,0.000000,0.000000,0.986763,0.011798,0.527091,0.145418,0.000000,0.682291
984,0,0.000000,0.722003,0.118933,0.000714,0.807960,0.000000,0.000000,0.893143,0.008948,0.480917,0.111129,0.000000,0.596539
985,0,0.000000,0.733442,0.078203,0.000704,0.810471,0.000000,0.000000,0.865367,0.008762,0.489632,0.073988,0.000000,0.569189
986,0,0.000000,0.714695,0.119876,0.000680,0.808518,0.000000,0.000000,0.895091,0.009615,0.470367,0.113130,0.000000,0.585688
987,0,0.000000,0.755084,0.157202,0.000634,0.912504,0.000000,0.000000,1.037367,0.008438,0.549134,0.151989,0.000000,0.704764
988,0,0.000000,0.705852,0.051324,0.001478,0.743902,0.000000,0.000000,0.935139,0.008887,0.498510,0.059011,0.000000,0.563947
989,0,0.000000,0.738476,0.057243,0.001398,0.796435,0.000000,0.000000,0.858901,0.008966,0.543001,0.053342,0.000000,0.603461
990,0,0.000000,0.726444,0.133225,0.000621,0.817374,0.000000,0.000000,0.924898,0.009784,0.515045,0.140409,0.000000,0.663006
991,0,0.000000,0.718287,0.138927,0.000715,0.842952,0.000000,0.000000,0.975266,0.010801,0.524225,0.159239,0.000000,0.690187
992,0,0.000000,0.718892,0.100279,0.001015,0.783403,0.000000,0.000000,0.881377,0.010162,0.523557,0.093491,0.000000,0.621692
993,0,0.000000,0.729792,0.157996,0.000681,0.837282,0.000000,0.000000,0.953555,0.009249,0.524611,0.156786,0.000000,0.687477
994,0,0.000000,0.773877,0.108211,0.000696,0.857268,0.000000,0.000000,0.967170,0.010350,0.579782,0.108226,0.000000,0.696037
995,0,0.000000,0.732134,0.136897,0.000703,0.842931,0.000000,0.000000,1.133026,0.009555,0.680118,0.169893,0.000000,0.856853
996,0,0.000000,0.719904,0.131208,0.000629,0.797279,0.000000,0.000000,0.941444,0.009540,0.516669,0.124781,0.000000,0.643770
997,0,0.000000,0.714864,0.031773,0.000872,0.742321,0.000000,0.000000,0.999241,0.008527,0.612932,0.048137,0.000000,0.662053
998,0,0.000000,0.769325,0.105868,0.000635,0.871699,0.000000,0.000000,0.962195,0.010744,0.512299,0.100329,0.000000,0.612056
999,0,0.000000,0.730644,0.105434,0.007792,0.802660,0.000000,0.000000,0.882212,0.007855,0.449945,0.101920,0.000000,0.556457
1000,0,0.000000,0.759138,0.115894,0.000639,0.845424,0.000000,0.000000,0.945955,0.008043,0.478938,0.112000,0.000000,0.587028
1001,0,0.000000,0.669370,0.050598,0.000654,0.694923,0.000000,0.000000,0.814342,0.007844,0.425716,0.057425,0.000000,0.486071
1002,0,0.000000,0.668926,0.155336,0.000606,0.764185,0.000000,0.000000,0.865721,0.007721,0.388846,0.148000,0.000000,0.541383
1003,0,0.000000,0.639973,0.087444,0.000612,0.684200,0.000000,0.000000,0.799530,0.013189,0.388373,0.081125,0.000000,0.474229
1004,0,0.000000,0.669658,0.107851,0.000574,0.760499,0.000000,0.000000,0.865814,0.006577,0.408480,0.103123,0.000000,0.515749
1005,0,0.000000,0.646802,0.079630,0.000615,0.702610,0.000000,0.000000,0.799760,0.007758,0.400749,0.074899,0.000000,0.479554
1006,0,0.000000,0.678518,0.125112,0.000647,0.747560,0.000000,0.000000,0.866701,0.007369,0.392201,0.118716,0.000000,0.506432
1007,0,0.000000,0.643172,0.084873,0.000638,0.686421,0.000000,0.000000,0.778435,0.007503,0.371606,0.077841,0.000000,0.453336
1008,0,0.000000,0.686318,0.119133,0.001178,0.772958,0.000000,0.000000,0.869486,0.006623,0.422710,0.118341,0.000000,0.539111
1009,0,0.000000,0.697573,0.136893,0.001050,0.780316,0.000000,0.000000,0.899142,0.008258,0.424252,0.127139,0.000000,0.555420
1010,0,0.000000,0.649610,0.130057,0.000824,0.768300,0.000000,0.000000,0.873492,0.008087,0.409137,0.123510,0.000000,0.537795
1011,0,0.000000,0.674578,0.149370,0.000909,0.788362,0.000000,0.000000,0.868254,0.008151,0.386944,0.143966,0.000000,0.535816
1012,0,0.000000,0.676706,0.140284,0.000850,0.775397,0.000000,0.000000,0.938446,0.007476,0.433669,0.133695,0.000000,0.566436
1013,0,0.000000,0.669098,0.098842,0.000970,0.744627,0.000000,0.000000,0.819402,0.008172,0.395533,0.094588,0.000000,0.494116
1014,0,0.000000,0.650629,0.140485,0.000865,0.710681,0.000000,0.000000,0.861915,0.008226,0.378999,0.133283,0.000000,0.518401
1015,0,0.000000,0.694713,0.061630,0.001116,0.756584,0.000000,0.000000,0.860960,0.008184,0.408247,0.098265,0.000000,0.489948
1016,0,0.000000,0.788915,0.113348,0.001023,0.855259,0.000000,0.000000,1.035928,0.089618,0.456139,0.104331,0.000000,0.603043
1017,0,0.000000,0.817868,0.116085,0.000989,0.870761,0.000000,0.000000,1.087363,0.010099,0.669747,0.052028,0.000000,0.727872
1018,0,0.000000,0.893867,0.137642,0.001024,0.979992,0.000000,0.000000,1.127658,0.009921,0.744411,0.129665,0.000000,0.877281
1019,0,0.000000,0.814884,0.050637,0.001034,0.857146,0.000000,0.000000,0.935046,0.012766,0.660150,0.036326,0.000000,0.704516
1020,0,0.000000,0.837928,0.071358,0.001004,0.909355,0.000000,0.000000,0.971412,0.011842,0.652673,0.070219,0.000000,0.697811
1021,0,0.000000,0.794353,0.063955,0.001032,0.854553,0.000000,0.000000,0.941465,0.021461,0.628504,0.055678,0.000000,0.700109
1022,0,0.000000,0.896346,0.116506,0.001303,1.012008,0.000000,0.000000,1.084820,0.009800,0.705733,0.110667,0.000000,0.822577
1023,0,0.000000,0.798769,0.089362,0.000882,0.875214,0.000000,0.000000,0.980307,0.008258,0.641801,0.087910,0.000000,0.734807
1024,0,0.000000,0.902856,0.111895,0.001231,1.010009,0.000000,0.000000,1.127047,0.009080,0.750383,0.102177,0.000000,0.858808
1025,0,0.000000,0.874481,0.042437,0.001144,0.912262,0.000000,0.000000,1.045836,0.009105,0.741196,0.040402,0.000000,0.782362
1026,0,0.000000,0.810112,0.052553,0.001607,0.852712,0.000000,0.000000,1.001972,0.010180,0.691784,0.058966,0.000000,0.734891
1027,0,0.000000,0.821286,0.050128,0.001530,0.859829,0.000000,0.000000,0.952660,0.012245,0.641098,0.059805,0.000000,0.683674
1028,0,0.000000,0.786616,0.135240,0.001339,0.884883,0.000000,0.000000,0.991302,0.034467,0.600033,0.126122,0.000000,0.655533
1029,0,0.000000,0.819450,0.162492,0.001168,0.939875,0.000000,0.000000,1.045743,0.011692,0.637732,0.124227,0.000000,0.762651
1030,0,0.000000,0.779383,0.116212,0.001483,0.884231,0.000000,0.000000,0.990503,0.012341,0.609634,0.099345,0.000000,0.667400
1031,0,0.000000,0.673403,0.029527,0.000984,0.694565,0.000000,0.000000,0.812231,0.011128,0.399813,0.031936,0.000000,0.415708
1032,0,0.000000,0.841027,0.060196,0.000852,0.895136,0.000000,0.000000,0.999893,0.008808,0.684894,0.059973,0.000000,0.739908
1033,0,0.000000,0.639219,0.062737,0.000798,0.696436,0.000000,0.000000,0.773940,0.007540,0.486165,0.051956,0.000000,0.542543
1034,0,0.000000,0.678705,0.079778,0.000678,0.729942,0.000000,0.000000,0.852755,0.008416,0.519128,0.046379,0.000000,0.571662
1035,0,0.000000,0.621208,0.102999,0.001040,0.724876,0.000000,0.000000,0.829999,0.009976,0.496953,0.099092,0.000000,0.602279
1036,0,0.000000,0.727143,0.058761,0.000726,0.783540,0.000000,0.000000,0.838863,0.008397,0.544671,0.053434,0.000000,0.605517
1037,0,0.000000,0.644683,0.091921,0.000667,0.731445,0.000000,0.000000,0.812354,0.008678,0.465310,0.081852,0.000000,0.551387
1038,0,0.000000,0.632893,0.083023,0.000814,0.714321,0.000000,0.000000,0.814232,0.007461,0.487778,0.080950,0.000000,0.574445
1039,0,0.000000,0.663977,0.063688,0.000714,0.721970,0.000000,0.000000,0.788308,0.007348,0.473640,0.053332,0.000000,0.530673
1040,0,0.000000,0.639812,0.105743,0.000696,0.739712,0.000000,0.000000,0.829523,0.007726,0.478881,0.096062,0.000000,0.580512
1041,0,0.000000,0.702309,0.115628,0.000628,0.796886,0.000000,0.000000,0.930783,0.007910,0.577491,0.098075,0.000000,0.669959
1042,0,0.000000,0.623006,0.091311,0.000721,0.698174,0.000000,0.000000,0.761629,0.007705,0.447260,0.072439,0.000000,0.523435
1043,0,0.000000,0.657585,0.109464,0.000702,0.759606,0.000000,0.000000,0.862319,0.006713,0.508832,0.097373,0.000000,0.609935
1044,0,0.000000,0.640154,0.065797,0.000731,0.700728,0.000000,0.000000,0.766905,0.007006,0.469963,0.055976,0.000000,0.532318
1045,0,0.000000,0.708170,0.070770,0.000767,0.779656,0.000000,0.000000,0.848637,0.024600,0.539666,0.068107,0.000000,0.610439
1046,1,0.000000,0.645880,0.072380,0.000783,0.708574,0.000000,0.000000,0.791144,0.008514,0.475021,0.057528,0.000000,0.539547
1047,1,0.000000,0.665663,0.113063,0.000756,0.758159,0.000000,0.000000,0.874786,0.007449,0.522504,0.089657,0.000000,0.616004
1048,1,0.000000,0.688623,0.085403,0.000823,0.766717,0.000000,0.000000,0.841084,0.008320,0.513112,0.073797,0.000000,0.594715
1049,1,0.000000,0.786548,0.054774,0.001735,0.842237,0.000000,0.000000,1.099542,0.007196,0.641189,0.040504,0.000000,0.678673
1050,1,0.000000,0.818889,0.064429,0.001689,0.879151,0.000000,0.000000,1.016380,0.035711,0.601436,0.054313,0.000000,0.658708
1051,1,0.000000,0.721131,0.094828,0.002758,0.816848,0.000000,0.000000,0.898628,0.011565,0.512624,0.089094,0.000000,0.612912
1052,1,0.000000,0.772411,0.094383,0.001340,0.863883,0.000000,0.000000,0.990888,0.046900,0.572035,0.089241,0.000000,0.671915
1053,1,0.000000,0.715616,0.063247,0.001935,0.766313,0.000000,0.000000,0.839654,0.010642,0.507380,0.045653,0.000000,0.556941
1054,1,0.000000,0.739379,0.076626,0.001599,0.811110,0.000000,0.000000,0.918583,0.011969,0.555593,0.071170,0.000000,0.635726
1055,1,0.000000,0.712395,0.050177,0.001607,0.763158,0.000000,0.000000,0.893114,0.010957,0.527713,0.046129,0.000000,0.581365
1056,1,0.000000,0.766746,0.058195,0.001146,0.806806,0.000000,0.000000,0.925748,0.010144,0.584087,0.034147,0.000000,0.627683
