iteration,food_quantity,event_poll_ms,ants_advance_ms,evaporation_ms,update_ms,advance_total_ms,render_ms,blit_ms,iteration_total_ms,mpi_halo_exchange_ms,mpi_migration_ms,mpi_food_allreduce_ms,mpi_render_comm_ms,mpi_total_comm_ms
1,0,1.193066,1.600322,0.140428,0.003799,1.743614,26.166672,15.662857,52.242686,0.071658,0.590110,0.001574,50.340228,50.994157
2,0,0.024661,1.584462,0.131726,0.003156,1.719344,8.024495,15.650538,30.984547,0.063330,0.394708,0.001538,29.130279,29.589678
3,0,0.023238,1.564863,0.137924,0.003746,1.705326,8.789775,15.508636,29.936485,0.081363,0.032981,0.002907,28.119984,28.213311
4,0,0.019887,1.399464,0.114128,0.002125,1.515623,10.472316,16.529322,31.696105,0.071673,0.388882,0.001866,30.087637,30.550058
5,0,0.020696,1.148183,0.127974,0.002152,1.278309,10.233627,15.525605,30.136957,0.055798,0.074821,0.001503,28.769366,28.840902
6,0,0.021409,2.618047,0.123690,0.002565,2.719668,8.778329,15.558436,30.181367,0.123251,1.473639,0.001566,27.279046,28.877502
7,0,0.019605,1.624561,0.178280,0.003366,1.802396,10.265297,15.610582,31.254300,0.062103,0.161770,0.001475,29.355565,29.580649
8,0,0.036476,1.665925,0.184682,0.004312,1.854919,10.190113,15.633592,30.698609,0.067335,0.216890,0.001210,28.789566,29.075001
9,0,0.025314,1.650940,0.135302,0.003257,1.784338,9.090240,15.720722,30.073545,0.083065,0.694596,0.001650,28.124805,28.903614
10,0,0.021213,1.220301,0.125845,0.002590,1.348736,9.787727,15.572353,30.491919,0.058337,0.207491,0.001887,29.059809,29.327524
11,0,0.017699,1.964629,0.199826,0.002187,2.166642,9.975195,15.615401,31.290867,0.059076,0.790824,0.001089,29.011552,29.103960
12,0,0.024551,1.517267,0.131639,0.001932,1.647531,9.270100,15.590959,30.066085,0.097083,0.506900,0.001910,28.283288,28.889181
13,0,0.021534,1.642247,0.143108,0.003779,1.787575,9.791683,15.621597,31.065322,0.063855,0.235660,0.002262,29.180437,29.481373
14,0,0.022880,1.063852,0.199290,0.002520,1.259720,10.720652,15.571421,30.661596,0.066072,0.103024,0.001556,29.301991,29.472643
15,0,0.025000,1.620760,0.129491,0.002304,1.752356,8.679606,15.597378,30.151010,0.063384,0.533710,0.001529,28.302294,28.900917
16,0,0.032550,1.702275,0.164263,0.003273,1.868994,9.265351,15.543234,31.020988,0.066538,0.118759,0.002574,29.039906,29.226871
17,0,0.022377,1.228507,0.122007,0.002612,1.353126,9.246661,15.491133,30.398919,0.057752,0.170802,0.001562,28.956374,29.028693
18,0,0.018688,1.298912,0.111259,0.002036,1.402168,10.901408,15.562249,30.482746,0.061378,0.183647,0.001107,28.979256,29.225388
19,0,0.026102,1.352445,0.125427,0.002502,1.480374,10.970804,15.622985,31.130970,0.056738,0.504298,0.001202,29.551741,30.113979
20,0,0.019881,1.060243,0.101810,0.001906,1.163777,10.513081,15.620959,30.571181,0.059032,0.114473,0.001604,29.322867,29.497976
21,0,0.024722,1.150270,0.119708,0.001984,1.271910,10.828179,15.807343,30.742312,0.056625,0.117370,0.000916,29.380245,29.454009
22,0,0.019018,1.375483,0.120489,0.002138,1.489854,9.639883,15.677704,29.912040,0.056022,0.301885,0.001366,28.295462,28.654735
23,0,0.022824,1.102644,0.108430,0.001985,1.212509,10.697195,15.562555,31.202666,0.063419,0.139117,0.002631,29.892673,30.097030
24,0,0.024786,1.140133,0.101239,0.001681,1.243012,10.820279,15.623031,30.461320,0.061382,0.100377,0.001155,29.122220,29.285134
25,0,0.020093,1.088918,0.102955,0.001867,1.193740,11.160068,15.492681,30.744548,0.057465,0.159257,0.001202,29.468044,29.685968
26,0,0.023990,1.318379,0.124906,0.001964,1.445190,10.595263,15.473837,30.289996,0.065887,0.175488,0.001472,28.764850,29.007697
27,0,0.019960,1.291847,0.186997,0.002522,1.481366,10.896251,15.521604,31.030159,0.060527,0.250908,0.001506,29.547460,29.860401
28,0,0.019090,1.147163,0.114395,0.002591,1.264149,10.166281,15.587793,30.050529,0.056041,0.148439,0.001091,28.698990,28.904561
29,0,0.019748,1.309014,0.100722,0.001912,1.411528,11.676614,15.588895,31.246001,0.055685,0.300499,0.001137,29.748239,30.105560
30,0,0.019132,1.030836,0.101667,0.001979,1.134482,11.445733,15.534045,30.818218,0.053948,0.102336,0.000963,29.603927,29.761174
31,0,0.025384,1.054280,0.111134,0.001809,1.167223,10.845860,15.615298,30.118971,0.060090,0.143254,0.001281,28.862707,29.067332
32,0,0.022517,1.199609,0.101880,0.002023,1.303152,11.488707,15.520040,31.026562,0.059159,0.139422,0.001845,29.641388,29.841814
33,0,0.021881,1.117586,0.100481,0.001946,1.219767,10.311123,15.566686,30.184803,0.059439,0.121942,0.001499,28.873518,29.056398
34,0,0.023399,1.222644,0.148014,0.002886,1.372889,10.679356,15.499862,30.491098,0.065467,0.259392,0.000883,29.042332,29.368074
35,0,0.020632,1.358187,0.112395,0.001855,1.467418,10.202996,15.462472,30.654834,0.061918,0.304840,0.001365,29.085303,29.453426
36,0,0.020165,1.358641,0.120741,0.001931,1.481313,9.854199,15.592029,30.624060,0.061037,0.146201,0.001431,29.049018,29.123535
37,0,0.028326,1.299692,0.127090,0.002151,1.428933,10.357848,16.615536,31.475419,0.062481,0.090493,0.001174,29.949422,30.029318
38,0,0.020181,1.085205,0.104140,0.001857,1.191202,10.927903,15.580954,30.600718,0.069305,0.107755,0.001420,29.290761,29.468776
39,0,0.021339,1.501922,0.111150,0.002129,1.610189,9.891906,15.582397,29.971914,0.056913,0.603911,0.001426,28.255554,28.917804
40,0,0.017905,1.064199,0.102379,0.001810,1.168388,11.852449,15.561512,31.283366,0.046232,0.148296,0.001303,30.041966,30.237797
41,0,0.017756,2.197543,0.140201,0.003269,2.340757,8.590784,15.531228,29.795990,0.073479,1.150127,0.001262,27.331412,28.556280
42,0,0.018331,1.060558,0.116785,0.001864,1.173241,11.483274,15.613255,30.865437,0.049822,0.029686,0.001328,29.609167,29.690003
43,0,0.018972,1.828248,0.166423,0.004227,1.996162,8.786088,15.589052,30.474572,0.059559,0.119075,0.002605,28.360617,28.541095
44,0,0.024490,1.341589,0.120082,0.001840,1.463376,10.195440,15.682694,30.953274,0.057451,0.045372,0.001272,29.393934,29.472889
45,0,0.026599,1.156326,0.105013,0.002049,1.257438,10.679696,15.532367,30.559555,0.060409,0.152599,0.001135,29.206311,29.420454
46,0,0.026099,1.802161,0.159296,0.003346,1.964803,8.875065,16.696762,31.392405,0.064116,0.764543,0.001372,29.306432,29.404960
47,0,0.022924,1.881915,0.126619,0.002835,2.011369,9.205573,15.437575,29.723230,0.080525,0.944410,0.001812,27.608128,28.634875
48,0,0.022652,1.046777,0.103021,0.002076,1.151701,11.265600,15.624662,30.880081,0.062787,0.059340,0.001321,29.634839,29.758287
49,0,0.022790,1.080216,0.102374,0.001992,1.181563,11.084211,15.491558,30.359223,0.061654,0.038398,0.001400,29.075193,29.176645
50,0,0.024766,1.044802,0.120115,0.001897,1.166774,11.315156,15.566988,30.797024,0.058365,0.052272,0.001452,29.545369,29.657458
51,0,0.020350,1.050442,0.110875,0.002034,1.148930,11.220340,15.510156,30.817398,0.057578,0.164421,0.000802,29.566685,29.789486
52,0,0.019019,1.098441,0.105083,0.001880,1.205177,10.785351,15.512445,30.144193,0.070017,0.148862,0.001265,28.849070,29.069214
53,0,0.018115,1.164826,0.102443,0.001859,1.265752,11.761562,15.560642,31.354065,0.054125,0.267355,0.001307,30.000637,30.323424
54,0,0.018806,1.084081,0.107052,0.002014,1.192809,10.804498,15.644941,30.214479,0.053407,0.195136,0.001048,28.936483,29.186074
55,0,0.020662,1.024024,0.099561,0.002155,1.125107,11.350986,15.775298,31.086740,0.059834,0.113715,0.000868,29.875825,30.050242
56,0,0.018017,1.071311,0.101157,0.002099,1.174064,10.763262,15.658769,30.033929,0.053933,0.179212,0.001109,28.778261,29.012515
57,0,0.019409,1.046937,0.101416,0.002152,1.150425,10.669876,16.534143,31.328028,0.053814,0.166861,0.001228,30.096666,30.318569
58,0,0.020740,1.044615,0.108259,0.001800,1.147694,11.209287,15.574719,30.459078,0.056716,0.119868,0.001166,29.220314,29.398064
59,0,0.019358,1.093102,0.101302,0.002179,1.196583,10.673858,15.453997,29.931515,0.051011,0.163361,0.001331,28.659160,28.874863
60,0,0.019554,0.971089,0.118733,0.001918,1.073311,12.372892,15.518302,31.464927,0.053101,0.128022,0.000931,30.288940,30.470994
61,0,0.025642,1.031565,0.122312,0.002072,1.155809,11.055957,15.594494,30.472190,0.070644,0.117739,0.001291,29.221455,29.411129
62,0,0.027435,1.025241,0.100791,0.002132,1.127501,10.770918,16.403712,30.867144,0.059925,0.069873,0.000672,29.647297,29.777767
63,0,0.223923,1.333209,0.132169,0.002041,1.467419,10.412840,15.533363,30.087149,0.063549,0.314588,0.001033,28.519802,28.600673
64,0,0.020285,1.008985,0.114313,0.002002,1.125300,11.385831,15.515376,30.778957,0.056129,0.103761,0.000974,29.588300,29.749164
65,0,0.020774,1.096675,0.098713,0.002053,1.197441,11.070692,15.734366,30.654249,0.056546,0.201836,0.000698,29.376509,29.635377
66,0,0.022475,1.098332,0.102512,0.001691,1.202517,9.692467,16.531711,30.605925,0.156343,0.168557,0.000875,29.221381,29.547156
67,0,0.025379,1.067648,0.106939,0.002007,1.168673,10.537557,15.623343,30.302397,0.063392,0.061853,0.001449,29.032039,29.158733
68,0,0.022266,1.143236,0.109362,0.002112,1.254454,9.113273,15.567998,30.603605,0.059744,0.165402,0.001738,29.253585,29.480469
69,0,0.021027,1.279477,0.153617,0.002169,1.431254,9.421586,15.536939,30.166128,0.055830,0.331661,0.001537,28.645202,29.034230
70,0,0.024912,1.170369,0.115439,0.001862,1.287594,11.503152,15.549423,31.444177,0.065669,0.016266,0.001947,30.062431,30.141033
71,0,0.020910,1.091619,0.128933,0.002214,1.218244,10.081918,14.648219,29.869727,0.056415,0.177637,0.001650,28.561440,28.797142
72,0,0.024878,1.937325,0.170000,0.004101,2.111426,9.472941,15.772022,31.032395,0.062338,0.845718,0.001763,28.817233,28.901144
73,0,0.035281,1.299968,0.125734,0.001923,1.427625,9.438096,15.619505,30.190927,0.108790,0.070701,0.001660,28.630214,28.811365
74,0,0.021754,2.560377,0.456221,0.017115,3.002828,6.363528,15.682445,30.647692,0.068253,0.057873,0.001882,27.490856,27.618864
75,0,0.021339,1.188630,0.121504,0.003248,1.311121,10.771113,15.704634,30.661049,0.066432,0.139695,0.001163,29.250948,29.458238
76,0,0.018412,1.075105,0.117207,0.001917,1.192774,11.535333,15.555659,31.355206,0.057658,0.158476,0.002101,30.073148,30.291383
77,0,0.018508,1.098334,0.110076,0.001878,1.206501,10.030471,15.679519,29.918349,0.057173,0.062033,0.001391,28.616022,28.736619
78,0,0.019567,1.220999,0.140449,0.002448,1.353840,10.886039,15.574354,30.558835,0.058097,0.131696,0.001491,29.100761,29.292045
79,0,0.017451,1.564107,0.104780,0.002036,1.670577,10.510549,15.748639,30.970724,0.063544,0.560924,0.002359,29.187180,29.282400
80,0,0.018954,0.987122,0.099945,0.001813,1.088447,11.230377,15.590522,30.382950,0.059494,0.033631,0.000846,29.210739,29.304710
81,0,0.025378,1.014609,0.104089,0.001855,1.120375,11.791133,15.621212,31.255089,0.057148,0.025269,0.001284,30.051261,30.134962
82,0,0.021199,0.949795,0.107553,0.001879,1.058982,10.567377,15.540548,30.542144,0.054284,0.065883,0.001775,29.395163,29.517105
83,0,0.027123,1.189135,0.115343,0.002125,1.306522,9.817002,15.599430,30.362870,0.071655,0.291271,0.001258,28.953740,29.317924
84,0,0.024733,1.057861,0.116005,0.002360,1.175962,10.143586,16.562429,31.059138,0.064295,0.104465,0.001360,29.800686,29.970806
85,0,0.019961,1.013877,0.152793,0.004229,1.115878,10.007687,15.546282,30.042188,0.056558,0.110534,0.001499,28.766925,28.935516
86,0,0.019051,1.075743,0.103176,0.001915,1.180553,11.939293,14.826727,30.437601,0.059878,0.212893,0.000761,29.169055,29.442576
87,0,0.020381,2.117284,0.124674,0.002115,2.244073,10.561271,14.651092,30.422878,0.084760,0.217321,0.000994,28.064565,28.162956
88,0,0.020240,1.004439,0.100841,0.001843,1.106904,11.983049,15.543174,31.451431,0.055356,0.139806,0.001261,30.261491,30.457914
89,0,0.018360,1.025186,0.097298,0.001910,1.124253,10.758043,15.644933,30.424687,0.052488,0.148245,0.001109,29.219835,29.421677
90,0,0.019044,0.990257,0.098375,0.001892,1.088666,10.726415,15.869940,30.652940,0.056565,0.060901,0.001388,29.476432,29.595286
91,0,0.021820,1.149199,0.097587,0.001944,1.248730,11.159323,14.659848,29.956762,0.055279,0.144413,0.001279,28.621620,28.822591
92,0,0.020879,1.132355,0.120807,0.002199,1.237719,10.041016,15.515358,30.789344,0.113104,0.040522,0.001982,29.407622,29.532776
93,0,0.021473,2.132824,0.116144,0.001946,2.249087,9.484011,16.630139,31.417032,0.058077,1.073481,0.001112,29.068422,30.201092
94,0,0.024236,1.059855,0.100458,0.001901,1.161915,10.761027,15.541346,30.340936,0.057591,0.020598,0.000932,29.092069,29.171190
95,0,0.019856,1.089233,0.110567,0.002321,1.199848,8.485932,15.515587,30.069804,0.056939,0.090173,0.001222,28.779258,28.927592
96,0,0.022918,1.106630,0.165444,0.001886,1.239777,8.891734,16.531633,31.427559,0.056916,0.050784,0.002178,30.113112,30.186847
97,0,0.025431,2.315654,0.168833,0.004450,2.488937,4.923748,15.432359,29.689446,0.063001,0.997575,0.003961,27.075892,27.165572
98,0,0.024684,1.490472,0.114983,0.002113,1.607568,9.331982,15.686966,30.952096,0.058920,0.265615,0.001837,29.224758,29.551130
99,0,0.024881,1.276143,0.119147,0.001975,1.397265,9.235351,15.608133,30.578600,0.060467,0.232881,0.002836,29.084158,29.380342
100,0,0.030708,1.083355,0.110176,0.001782,1.195313,9.798658,15.768628,30.441175,0.054369,0.138118,0.002545,29.165928,29.360960
101,0,0.021489,1.274161,0.190014,0.003807,1.467982,10.665454,15.562745,31.113341,0.056807,0.396993,0.001361,29.636709,30.091870
102,0,0.020587,1.039581,0.117354,0.001972,1.158907,10.765473,14.808219,30.001701,0.058831,0.136831,0.001419,28.762287,28.959368
103,0,0.024897,1.170240,0.111733,0.002009,1.278881,8.769891,16.641191,31.380750,0.059290,0.190956,0.001973,30.001989,30.254208
104,0,0.022170,1.278876,0.121001,0.002270,1.401856,9.044953,15.543211,30.007680,0.065562,0.248068,0.001339,28.522697,28.837666
105,0,0.020092,1.157300,0.184623,0.002596,1.343940,10.920811,15.623871,31.175337,0.060021,0.209525,0.000956,29.729758,30.000144
106,0,0.022570,1.055228,0.101782,0.001882,1.158412,10.774534,15.718322,30.366445,0.055343,0.079862,0.000997,29.127744,29.263946
107,0,0.029586,1.021936,0.190383,0.002958,1.215277,10.738083,15.783108,30.872443,0.051145,0.165332,0.001219,29.647473,29.865169
108,0,0.024075,1.589213,0.136167,0.003393,1.728528,6.955673,15.623660,29.855901,0.056027,0.144299,0.001494,28.040007,28.241827
109,0,0.021015,1.218174,0.106547,0.001960,1.326354,11.725136,15.550296,31.063953,0.055073,0.036309,0.001002,29.652273,29.721772
110,0,0.025841,1.035885,0.124669,0.002379,1.161534,11.068052,15.573881,30.534551,0.062882,0.037194,0.000993,29.280989,29.356647
111,0,0.019511,1.522123,0.138841,0.003590,1.661201,10.203324,15.535678,30.519085,0.059202,0.142721,0.001786,28.769783,28.972463
112,0,0.020483,1.082565,0.125300,0.001840,1.197818,10.926423,16.582094,31.180092,0.057496,0.185715,0.000956,29.885031,30.129198
113,0,0.020302,1.597720,0.142390,0.003674,1.741307,9.073285,15.481181,29.642685,0.079846,0.148371,0.002153,27.787954,28.017518
114,0,0.021707,1.077285,0.103407,0.001910,1.182362,12.090780,15.518722,31.379722,0.057871,0.146908,0.001045,30.112324,30.318148
115,0,0.023410,1.722605,0.105676,0.001890,1.830171,9.625293,16.556206,30.730745,0.089879,0.848330,0.001260,28.776795,29.716264
116,0,0.026866,1.069825,0.103790,0.001731,1.175340,10.082182,15.400819,29.790144,0.076591,0.105622,0.001449,28.473233,28.656895
117,0,0.019304,1.006235,0.103328,0.001886,1.109519,11.193898,15.573567,30.743610,0.053688,0.106643,0.000624,29.542246,29.703201
118,0,0.019145,1.062462,0.103276,0.001640,1.167049,11.704899,15.515674,30.912986,0.056266,0.174960,0.001197,29.661496,29.893919
119,0,0.016011,0.955716,0.099842,0.001899,1.053472,11.229321,15.704614,30.576468,0.052907,0.015874,0.000861,29.437981,29.507623
120,0,0.016566,0.969726,0.101740,0.001765,1.071620,11.164582,15.839470,30.685574,0.049693,0.076680,0.000836,29.540193,29.667402
121,0,0.022340,1.066142,0.103828,0.001891,1.167878,10.710166,15.506269,30.531562,0.060044,0.114287,0.001615,29.260591,29.436537
122,0,0.024819,0.980287,0.104900,0.002034,1.086465,8.714171,0.534943,14.099446,0.052744,0.040847,0.001433,12.927961,13.022985
123,0,0.006392,0.874820,0.100909,0.001747,0.976519,11.730646,15.733230,31.902708,0.044247,0.013656,0.000885,30.856329,30.910946
124,0,0.019338,0.996847,0.167412,0.003139,1.167398,10.776952,15.604726,30.446001,0.051441,0.051851,0.001155,29.172838,29.254548
125,0,0.026963,1.204781,0.121820,0.001785,1.328224,10.891587,15.433662,30.409029,0.057945,0.104837,0.001049,28.986761,29.063227
126,0,0.019899,1.096177,0.128984,0.001922,1.227083,11.083546,15.601529,30.510706,0.053283,0.153204,0.001392,29.193594,29.266557
127,0,0.020150,1.086690,0.116845,0.002052,1.192033,10.783701,15.511402,30.539999,0.055559,0.166419,0.001439,29.244227,29.467644
128,0,0.020414,1.089919,0.150154,0.004543,1.197530,10.587078,15.407536,31.227638,0.059271,0.245988,0.001296,29.825602,30.132157
129,0,0.021568,2.328608,0.156109,0.004069,2.488786,8.388835,15.967790,30.433812,0.082374,1.201554,0.001679,27.801887,29.086983
130,0,0.024679,1.042373,0.119028,0.002048,1.163320,9.781147,16.574483,31.010950,0.057179,0.182724,0.001226,29.772045,30.013174
131,0,0.026062,1.028325,0.112699,0.002007,1.137711,10.093915,15.456521,29.759939,0.056903,0.064281,0.001386,28.530226,28.652796
132,0,0.021846,1.092177,0.144487,0.002469,1.239133,11.616514,15.493697,31.051932,0.057425,0.176648,0.001323,29.744652,29.980048
133,0,0.043049,1.072602,0.103693,0.001811,1.175051,10.632373,15.570395,30.064885,0.066638,0.055141,0.001271,28.793209,28.916259
134,0,0.021654,1.039803,0.104803,0.002098,1.144734,11.699401,14.686817,30.519245,0.059052,0.097061,0.001026,29.285451,29.442590
135,0,0.018167,0.990335,0.114703,0.001933,1.098956,11.977900,15.396684,31.077389,0.059059,0.126382,0.001128,29.881733,30.068302
136,0,0.018400,1.108579,0.112551,0.001989,1.222928,10.971005,15.624922,30.348467,0.057205,0.140783,0.000919,29.031482,29.230389
137,0,0.019164,0.959026,0.102164,0.001795,1.058698,11.608121,15.659253,30.747626,0.056174,0.085636,0.000971,29.601560,29.744341
138,0,0.017443,1.013269,0.105560,0.001996,1.117638,11.840662,15.576489,31.045164,0.054226,0.073264,0.000970,29.842472,29.970932
139,0,0.013512,0.982679,0.102961,0.001779,1.087341,10.931219,15.680850,30.142255,0.063647,0.143314,0.000929,28.966669,29.174559
140,0,0.017280,1.230960,0.122469,0.001694,1.355073,11.249342,15.742365,31.142144,0.067494,0.396135,0.000890,29.704363,30.168882
141,0,0.019144,1.015916,0.103247,0.001746,1.120824,11.192823,15.608814,30.476221,0.058239,0.181776,0.001154,29.268205,29.509374
142,0,0.019137,1.031993,0.118644,0.001882,1.152351,10.866639,15.612684,30.198603,0.055146,0.122166,0.000723,28.958156,29.136191
143,0,0.023724,1.536043,0.174094,0.002041,1.712178,10.652227,16.575579,31.374112,0.099977,0.630683,0.000691,29.527882,29.643610
144,0,0.021105,1.019588,0.104637,0.001882,1.125830,10.501448,15.465977,29.919867,0.056488,0.087756,0.001185,28.705224,28.850653
145,0,0.038610,0.961471,0.098781,0.001865,1.058927,11.269473,15.661248,30.523746,0.059815,0.025162,0.000963,29.374634,29.460574
146,0,0.020775,1.021155,0.101748,0.001741,1.124644,11.761073,15.365303,30.920033,0.065491,0.126699,0.001217,29.702699,29.896106
147,0,0.019184,1.017890,0.100557,0.001915,1.120316,10.956853,15.749924,30.534702,0.054994,0.096786,0.000449,29.336096,29.488325
148,0,0.016931,1.025005,0.114434,0.001751,1.137674,11.077880,15.640206,30.518129,0.054277,0.113270,0.000681,29.297214,29.465442
149,0,0.019805,1.002701,0.100914,0.001883,1.105498,11.763506,15.737345,31.110280,0.054928,0.119981,0.001321,29.923566,30.099796
150,0,0.017961,0.924650,0.102345,0.001836,1.026524,10.136196,15.673830,30.089054,0.045254,0.051677,0.001321,28.988106,29.086358
151,0,0.014901,0.984679,0.112440,0.001929,1.094492,9.991351,15.487706,30.575135,0.052221,0.068136,0.001640,29.392312,29.514309
152,0,0.015698,1.045249,0.108921,0.002200,1.155445,10.737431,15.516404,30.864647,0.051384,0.150332,0.001084,29.632308,29.834994
153,0,0.024398,0.972049,0.116622,0.001907,1.083427,10.542434,16.466297,30.886778,0.053116,0.016909,0.001314,29.729224,29.794347
154,0,0.019879,1.003578,0.117746,0.002189,1.123513,9.701635,16.542809,30.662324,0.044058,0.075303,0.001726,29.464760,29.522558
155,0,0.021842,1.042234,0.111709,0.001807,1.154543,10.430237,15.534199,29.919824,0.058006,0.179967,0.001766,28.678409,28.918148
156,0,0.019372,1.004911,0.164012,0.017912,1.139820,11.594149,15.533747,30.824578,0.058580,0.164556,0.000947,29.564168,29.788193
157,0,0.019779,1.145375,0.125169,0.001813,1.266785,10.892745,15.749453,30.990348,0.055803,0.147992,0.001142,29.627904,29.832841
158,0,0.018873,0.977838,0.102181,0.001978,1.081725,9.839527,15.703056,30.518905,0.056576,0.069832,0.001149,29.351206,29.478763
159,0,0.020423,1.643689,0.104603,0.001988,1.749179,9.131259,15.873301,30.369645,0.078022,0.825106,0.000926,28.511558,29.415612
160,0,0.020892,1.034642,0.102924,0.001919,1.137940,10.917918,15.655236,30.313079,0.117572,0.032281,0.001420,29.031027,29.160411
161,0,0.023588,1.020314,0.098210,0.001832,1.120356,11.916079,15.539186,31.070711,0.056604,0.131502,0.001077,29.869628,30.058811
162,0,0.019841,0.974839,0.098320,0.001834,1.074993,11.581627,15.576583,30.849971,0.054385,0.082397,0.000955,29.694326,29.832063
163,0,0.019123,1.081923,0.103149,0.001933,1.186806,10.048395,15.628509,30.237115,0.058313,0.168383,0.001539,28.958189,29.186424
164,0,0.022119,1.000496,0.104879,0.001786,1.107118,10.862309,15.562743,30.523380,0.063263,0.114109,0.001165,29.324851,29.503388
165,0,0.019601,0.997391,0.108534,0.002213,1.107785,10.816864,15.821533,30.529045,0.059753,0.048880,0.000790,29.330092,29.439515
166,0,0.023010,0.989154,0.147099,0.002180,1.135521,11.561155,15.535381,30.966443,0.045216,0.020026,0.001126,29.760315,29.823944
167,0,0.022361,1.206315,0.205629,0.006430,1.418374,10.414725,15.511969,30.670683,0.069274,0.197714,0.000939,29.243954,29.511849
168,0,0.021166,0.959499,0.197918,0.002484,1.159480,10.675824,15.619152,30.209250,0.058536,0.086678,0.001391,28.960547,29.107152
169,0,0.018543,1.056408,0.147923,0.003326,1.207657,10.912725,15.658976,30.439939,0.054051,0.143394,0.001095,29.171599,29.370139
170,0,0.030676,1.037252,0.099660,0.001926,1.138419,10.225464,15.502773,30.587867,0.071515,0.108500,0.001492,29.331611,29.513118
171,0,0.034838,1.054301,0.106232,0.001894,1.161461,10.801601,15.627141,30.756468,0.056525,0.101240,0.001376,29.511599,29.670551
172,0,0.024326,1.126117,0.141409,0.002245,1.253252,11.518941,15.540389,30.943651,0.066492,0.157250,0.001069,29.573524,29.798335
173,0,0.022569,0.994505,0.142150,0.002081,1.101992,9.651039,15.530190,30.137262,0.056801,0.101770,0.001730,28.909430,29.069418
174,0,0.021646,1.029201,0.114354,0.001842,1.145332,10.694898,15.548719,30.581006,0.060551,0.175148,0.001481,29.347327,29.584507
175,0,0.021967,0.998582,0.127730,0.001952,1.126639,11.153604,15.697799,30.666240,0.061337,0.014512,0.001616,29.460922,29.537103
176,0,0.026475,1.114602,0.133094,0.001897,1.232649,10.656028,15.469008,30.532852,0.060347,0.097094,0.001838,29.195433,29.354712
177,0,0.018452,1.081556,0.115442,0.001990,1.197302,11.527985,15.519872,31.135207,0.051393,0.027790,0.001108,29.846212,29.925378
178,0,0.020040,1.072992,0.115422,0.002016,1.190161,10.796800,15.604080,30.269863,0.054150,0.139343,0.001100,28.982055,29.176648
179,0,0.020909,1.080921,0.125994,0.001971,1.206932,10.941842,15.481763,30.437777,0.057165,0.098609,0.000975,29.120801,29.277550
180,0,0.019263,0.999334,0.104459,0.001827,1.104107,10.875643,15.490258,30.940744,0.055336,0.106091,0.001502,29.749156,29.912085
181,0,0.018988,1.080061,0.133986,0.004031,1.218078,10.807906,15.571123,30.961063,0.058233,0.215897,0.001040,29.678879,29.954049
182,0,0.019670,1.434110,0.138413,0.003752,1.535797,10.110527,15.470821,30.256606,0.065294,0.551766,0.001429,28.567211,29.185700
183,0,0.023588,1.247318,0.142887,0.002081,1.374576,9.861216,15.552949,30.562456,0.062891,0.033757,0.001694,29.076792,29.175134
184,0,0.019960,1.222383,0.164930,0.002525,1.389463,10.960313,15.636776,30.846679,0.057616,0.182750,0.001232,29.385044,29.626642
185,0,0.019153,1.147109,0.119564,0.002421,1.268427,9.264646,0.646331,14.099228,0.055831,0.113760,0.001335,12.739048,12.909974
186,0,0.009281,1.015161,0.102066,0.001895,1.118814,12.297592,15.628923,31.946992,0.062336,0.036841,0.001631,30.735041,30.835849
187,0,0.021811,1.982578,0.114888,0.001934,2.097226,9.637840,15.643277,30.309238,0.085033,0.881269,0.001248,28.083739,29.051289
188,0,0.021152,1.941122,0.149529,0.002139,2.092543,9.753368,15.647850,30.316232,0.055922,1.019524,0.001170,28.151690,29.228306
189,0,0.024000,1.044612,0.110382,0.001781,1.156751,11.674931,15.541813,31.230758,0.062339,0.119231,0.001547,29.982931,30.166048
190,0,0.019407,1.003151,0.114115,0.001729,1.104177,10.696537,15.512085,29.982448,0.058004,0.107083,0.000978,28.780218,28.946283
191,0,0.018058,1.995695,0.174094,0.003334,2.173123,8.503282,16.576833,31.419283,0.076168,1.072782,0.001737,29.191700,30.342292
192,0,0.020534,1.855195,0.128563,0.002097,1.985855,9.432309,15.600556,29.869947,0.055708,0.982097,0.001461,27.805299,28.844204
193,0,0.020961,1.913042,0.197582,0.004813,2.040728,8.286585,15.720599,30.676693,0.091594,0.575977,0.001482,28.408239,29.077054
194,0,0.023771,1.151233,0.141138,0.001907,1.286226,9.900088,14.911105,30.242491,0.065104,0.139044,0.001789,28.848297,29.054234
195,0,0.021948,1.077572,0.154374,0.002262,1.189674,11.613639,15.577908,31.162909,0.074759,0.146604,0.001213,29.808747,30.031323
196,0,0.027246,1.388636,0.110863,0.002156,1.501149,9.499047,15.600922,30.302268,0.059251,0.093724,0.001545,28.711162,28.865682
197,0,0.028609,1.182668,0.108655,0.001958,1.293198,9.939525,15.719094,30.529347,0.060699,0.222500,0.001911,29.142225,29.427335
198,0,0.027885,1.942511,0.116777,0.001919,2.060361,10.460982,15.646938,31.294635,0.132655,0.929489,0.001829,29.057236,29.213415
199,0,0.025518,1.104712,0.140791,0.002221,1.247087,9.174650,15.892515,30.554218,0.065927,0.154037,0.001438,29.209227,29.430629
200,0,0.029976,1.124561,0.104752,0.002601,1.231069,10.713000,15.629752,30.299425,0.068703,0.206781,0.000814,28.967594,29.243892
201,0,0.020968,1.029005,0.127023,0.002029,1.153024,11.208039,14.755984,30.114143,0.059404,0.082975,0.001167,28.870269,29.013815
202,0,0.022118,0.958146,0.116907,0.002278,1.076913,11.184889,15.637984,31.196301,0.056821,0.055235,0.001402,30.033565,30.147023
203,0,0.029001,1.057690,0.105401,0.001917,1.165008,10.426531,15.609388,30.316919,0.061256,0.130149,0.001029,29.066564,29.258998
204,0,0.027750,1.105620,0.123708,0.001908,1.231147,9.762410,15.535707,30.360660,0.065613,0.122808,0.001318,29.031903,29.221642
205,0,0.022193,1.011203,0.101287,0.001876,1.114297,10.739744,15.679829,30.830988,0.064334,0.145755,0.001534,29.623822,29.835445
206,0,0.022489,1.092556,0.103321,0.001723,1.197600,9.827012,15.636101,30.519003,0.058457,0.216677,0.001473,29.232152,29.508759
207,0,0.021279,1.576271,0.193706,0.004285,1.774262,8.616419,15.525019,30.897828,0.063309,0.160630,0.001673,29.018831,29.244443
208,0,0.032425,0.984250,0.125194,0.001961,1.089502,10.485503,16.596420,31.098994,0.064934,0.069359,0.001301,29.895594,30.031188
209,0,0.023349,1.169935,0.105514,0.001797,1.275988,9.932932,15.580449,30.191851,0.056390,0.088603,0.001801,28.827190,28.973984
210,0,0.025026,1.030240,0.163790,0.001939,1.141000,10.437037,15.975398,30.672018,0.061426,0.091017,0.001158,29.385646,29.539247
211,0,0.022918,1.912263,0.139798,0.002492,2.054553,9.212406,15.565600,29.865074,0.083414,0.236018,0.001213,27.676143,27.787283
212,0,0.025872,1.072159,0.130068,0.001873,1.203952,10.846456,15.597482,30.816318,0.061960,0.053009,0.001031,29.518431,29.634431
213,0,0.020830,1.074346,0.108006,0.001881,1.180537,11.404897,15.497547,31.036953,0.053885,0.111778,0.000745,29.770000,29.936408
214,0,0.018925,1.577448,0.173618,0.005284,1.755813,9.801015,15.596108,30.371331,0.055023,0.749195,0.000933,28.526614,29.331591
215,0,0.018010,1.008032,0.109004,0.002150,1.117253,11.661218,15.651777,31.694716,0.055843,0.109135,0.001230,30.494602,30.660810
216,0,0.019997,1.000173,0.099492,0.001998,1.101663,10.746327,14.841620,29.220693,0.056282,0.054704,0.000885,28.038864,28.150735
217,0,0.020440,0.977915,0.105199,0.001772,1.083561,10.805997,15.677054,30.848176,0.056812,0.066793,0.001169,29.673369,29.798143
218,0,0.019795,0.991173,0.100035,0.001872,1.092882,11.120183,15.798220,31.021369,0.056498,0.128174,0.001044,29.842507,30.028223
219,0,0.019297,1.399631,0.098583,0.001952,1.499921,10.804929,15.740967,30.637770,0.062186,0.436266,0.001092,29.040898,29.121296
220,0,0.023416,1.130299,0.380354,0.001836,1.512489,10.256388,15.780214,30.507022,0.065197,0.020373,0.001196,28.890818,28.976204
221,0,0.021964,1.033553,0.115462,0.001884,1.150740,10.603213,15.748211,30.665890,0.061662,0.077781,0.001411,29.422654,29.563508
222,0,0.015508,1.053080,0.103253,0.001901,1.158050,9.871111,15.545123,30.339462,0.053502,0.131873,0.000953,29.103331,29.289659
223,0,0.026811,1.004515,0.098091,0.002038,1.104292,10.291189,15.486709,30.524134,0.054602,0.145493,0.000963,29.333930,29.534904
224,0,0.020291,1.124207,0.103590,0.001726,1.229523,10.902707,15.650961,30.545359,0.064317,0.201044,0.001313,29.225404,29.492078
225,0,0.024297,1.048363,0.115328,0.002036,1.165727,11.189762,15.554759,30.480153,0.059989,0.070094,0.001214,29.238614,29.369911
226,0,0.018974,1.022134,0.115149,0.002031,1.128625,11.822594,15.650899,31.198507,0.056955,0.180415,0.000917,29.976281,30.214568
227,0,0.020683,0.928219,0.112462,0.001818,1.042342,10.944714,15.555151,30.003320,0.054938,0.091792,0.000873,28.889481,29.037084
228,0,0.018951,0.943197,0.105531,0.001877,1.050372,12.288820,15.445613,31.186386,0.046576,0.055621,0.001207,30.063286,30.166690
229,0,0.021498,1.027288,0.131329,0.002047,1.160659,10.377423,16.497667,30.855416,0.059873,0.123791,0.001755,29.613872,29.799291
230,0,0.026340,1.003635,0.105916,0.002509,1.111269,10.998015,15.488968,30.265246,0.053409,0.145539,0.000881,29.075477,29.275306
231,0,0.022312,1.039621,0.101032,0.001867,1.142362,11.025056,15.316232,29.986025,0.057312,0.164495,0.001376,28.754858,28.978041
232,0,0.019619,1.040587,0.105574,0.001773,1.147934,12.135215,15.450350,31.294626,0.054595,0.229778,0.000688,30.067670,30.352731
233,0,0.018971,1.041502,0.112616,0.002175,1.155772,10.799806,15.371789,30.532410,0.052549,0.123878,0.000834,29.285637,29.462898
234,0,0.017895,1.092700,0.107353,0.001927,1.201738,10.335784,15.389811,30.554429,0.056348,0.175422,0.000665,29.264697,29.497132
235,0,0.019142,0.997092,0.106943,0.001944,1.102362,10.753134,14.751645,30.037077,0.055494,0.116746,0.000850,28.848740,29.021830
236,0,0.018369,0.972742,0.103443,0.001763,1.077709,11.942930,15.610214,31.150245,0.074429,0.075905,0.001020,29.971585,30.122939
237,0,0.019102,1.041663,0.105464,0.002047,1.145014,11.127662,15.655163,30.912157,0.057369,0.114939,0.001288,29.675879,29.849475
238,0,0.026711,0.950725,0.117473,0.002096,1.070234,11.085292,15.660956,30.713789,0.056641,0.033919,0.000888,29.568435,29.659883
239,0,0.018593,0.987700,0.103134,0.001984,1.088594,10.805672,15.683628,30.212058,0.053991,0.023606,0.000491,29.028840,29.106928
240,0,0.016069,1.025682,0.103684,0.002016,1.130544,11.099469,15.537388,30.553233,0.052497,0.124467,0.000811,29.341685,29.519460
241,0,0.019606,1.094964,0.104366,0.002160,1.201032,11.202867,15.547096,30.629289,0.060805,0.117322,0.001050,29.332487,29.511664
242,0,0.018258,1.051505,0.122835,0.001899,1.176232,10.658096,15.568020,30.545633,0.052607,0.089846,0.000952,29.309339,29.452744
243,0,0.019056,1.094784,0.115256,0.001883,1.196298,10.910706,15.579551,30.513695,0.055804,0.067877,0.001232,29.217892,29.342606
244,0,0.017464,1.072096,0.107981,0.002098,1.182138,9.825838,16.398723,31.266150,0.048578,0.120746,0.001517,30.009026,30.179867
245,0,0.017833,1.425214,0.122554,0.002258,1.550026,10.044767,15.492247,30.248976,0.052237,0.448093,0.001421,28.616219,29.117970
246,0,0.022352,1.750445,0.207263,0.003854,1.961562,10.058409,15.505243,30.518862,0.070390,0.542358,0.001175,28.437973,28.533560
247,0,0.021247,1.042978,0.114798,0.002464,1.160240,10.987042,15.431159,30.239806,0.058707,0.025469,0.000860,28.993483,29.062434
248,0,0.019049,1.794808,0.144339,0.002321,1.919869,9.585478,0.271092,14.714042,0.187949,0.072922,0.000849,12.575382,12.837102
249,0,0.007362,1.019601,0.108075,0.001875,1.124573,12.068222,15.543568,31.592252,0.048666,0.027854,0.001213,30.374679,30.452412
250,0,0.018646,1.472035,0.113702,0.002168,1.587615,10.848921,15.506373,30.476439,0.075661,0.584848,0.000644,28.775729,29.436882
251,0,0.014401,1.007929,0.103987,0.002192,1.113497,11.425280,15.444232,30.682540,0.054653,0.070848,0.000979,29.481215,29.607695
252,0,0.020319,1.012838,0.108189,0.001945,1.120786,11.206762,15.489458,30.596842,0.058746,0.040247,0.000495,29.388184,29.487629
253,0,0.024990,2.140038,0.137467,0.002676,2.280181,9.328272,15.419012,30.419884,0.094860,1.222206,0.000649,28.020742,29.338457
254,0,0.017359,2.094449,0.184262,0.005457,2.284168,10.339275,15.573432,31.071463,0.054421,1.222720,0.001079,28.768630,30.046850
255,0,0.022198,1.401196,0.138675,0.004181,1.528323,10.080010,15.482786,30.587702,0.057384,0.056810,0.001060,28.950538,29.038394
256,0,0.019000,0.969025,0.103621,0.001685,1.073529,11.038394,15.586171,30.489361,0.053248,0.122899,0.001333,29.337390,29.514870
257,0,0.021327,1.020200,0.104971,0.001936,1.124980,11.060955,14.696882,29.903706,0.053814,0.111287,0.001133,28.697054,28.863288
258,0,0.022834,1.014736,0.144443,0.005071,1.163217,11.268641,15.599668,30.693886,0.059089,0.051411,0.001010,29.427663,29.515500
259,0,0.020680,0.972994,0.134853,0.002580,1.093070,10.963363,15.724191,30.929529,0.054384,0.034931,0.001207,29.728382,29.818904
260,0,0.018231,1.016294,0.100510,0.001798,1.118602,11.716842,15.595678,30.999940,0.054988,0.117141,0.000987,29.794700,29.967816
261,0,0.019711,1.070417,0.102879,0.001928,1.175224,11.291601,15.681655,30.703084,0.057321,0.153181,0.001006,29.438644,29.650152
262,0,0.020591,1.006280,0.116592,0.001716,1.124501,9.659151,16.572329,30.700813,0.055970,0.136489,0.001461,29.507583,29.701503
263,0,0.018065,1.672698,0.177102,0.003106,1.852906,7.329945,16.652592,30.615503,0.060601,0.147361,0.002044,28.658501,28.867981
264,0,0.019658,1.062608,0.110094,0.001968,1.174569,9.469674,15.505015,29.937927,0.058827,0.124083,0.002214,28.678163,28.862290
265,0,0.029649,1.699375,0.166649,0.003633,1.865379,9.222975,16.494592,31.194697,0.074623,0.198276,0.002288,29.149905,29.424073
266,0,0.024049,1.146264,0.104627,0.001794,1.245978,10.167352,16.594704,30.791751,0.057360,0.075302,0.001198,29.457599,29.527673
267,0,0.027322,1.053442,0.110134,0.001932,1.163446,10.084784,15.583195,29.618636,0.058303,0.126935,0.001250,28.362641,28.549129
268,0,0.018770,1.023484,0.104632,0.001976,1.130092,11.791631,15.387938,31.065779,0.056582,0.105420,0.000988,29.850813,30.013803
269,0,0.019303,1.030619,0.104633,0.001938,1.134741,10.064838,15.449190,30.212468,0.064294,0.129148,0.001249,28.981018,29.175709
270,0,0.021869,1.069398,0.111947,0.001678,1.180663,10.474312,16.339151,31.352797,0.055338,0.155114,0.001243,30.085942,30.297637
271,0,0.018771,1.088714,0.109605,0.001926,1.199955,9.871132,16.309989,30.541419,0.050927,0.174958,0.001370,29.268525,29.495780
272,0,0.018640,1.465643,0.133542,0.002269,1.601454,10.173835,15.678880,30.401156,0.057718,0.446061,0.001173,28.699677,28.780856
273,0,0.017569,1.091283,0.110465,0.001980,1.203728,11.249157,15.622276,30.896161,0.055414,0.103244,0.000943,29.607117,29.766718
274,0,0.017616,0.963480,0.106067,0.001851,1.069709,11.045555,15.677827,30.372614,0.053136,0.056892,0.001064,29.220458,29.331550
275,0,0.018538,1.071813,0.105241,0.002211,1.177042,10.056751,15.523154,30.123273,0.056008,0.186098,0.001664,28.860619,29.104389
276,0,0.016431,1.009378,0.109119,0.002068,1.114079,11.079996,15.602089,30.780626,0.056794,0.090512,0.001966,29.570107,29.719379
277,0,0.020536,0.980265,0.149539,0.001803,1.088392,10.467230,15.629070,30.825392,0.058565,0.057221,0.001557,29.603776,29.721119
278,0,0.020003,0.942819,0.104507,0.001828,1.049070,11.119915,15.521620,30.312907,0.049652,0.067687,0.015320,29.174323,29.306982
279,0,0.018515,0.972541,0.128201,0.001953,1.100514,10.782014,16.514144,31.373901,0.057252,0.076689,0.000946,30.184104,30.318991
280,0,0.024326,1.161744,0.108918,0.002054,1.272525,10.860577,15.444984,30.327762,0.056181,0.257923,0.001517,28.954315,29.269936
281,0,0.021951,1.194795,0.127530,0.002123,1.324355,10.831586,15.452245,30.550469,0.065894,0.206755,0.001268,29.123191,29.397108
282,0,0.199992,1.036958,0.109884,0.001930,1.148582,9.838156,16.354522,30.538805,0.100537,0.140239,0.000783,29.262169,29.503728
283,0,0.018148,1.363111,0.129933,0.002046,1.495090,11.113897,15.661208,30.913451,0.058844,0.291705,0.001254,29.314605,29.400747
284,0,0.019577,0.975510,0.103821,0.001853,1.080561,10.257730,15.624479,29.709062,0.051522,0.142662,0.001186,28.547376,28.742746
285,0,0.018957,1.080317,0.102461,0.001848,1.184391,11.239781,15.641204,30.621678,0.056465,0.072737,0.001112,29.346133,29.420830
286,0,0.017596,1.076067,0.119497,0.002560,1.197615,11.357131,15.871275,31.008775,0.055615,0.213170,0.000879,29.728316,29.997980
287,0,0.019467,1.147486,0.101889,0.001799,1.246767,11.060723,15.658618,30.577667,0.077238,0.200313,0.001506,29.216649,29.495706
288,0,0.019951,0.997199,0.102976,0.001792,1.099439,10.095843,15.587724,30.280756,0.052758,0.039416,0.001310,29.094637,29.188121
289,0,0.024064,1.061839,0.111308,0.001891,1.170876,11.037483,15.567191,30.691129,0.063381,0.122509,0.000504,29.418088,29.604340
290,0,0.022678,1.192192,0.117370,0.002083,1.297137,11.168899,15.604804,30.803198,0.069645,0.181188,0.000816,29.393619,29.645268
291,0,0.021843,1.076647,0.171053,0.002183,1.189561,10.756518,15.582979,30.419898,0.058442,0.121657,0.001590,29.084585,29.266274
292,0,0.023955,1.105319,0.101472,0.001801,1.208587,11.336400,15.522800,30.808792,0.057936,0.212738,0.001989,29.504836,29.777499
293,0,0.025353,1.052494,0.100586,0.001931,1.151351,11.037292,15.493236,30.407758,0.054510,0.113670,0.001809,29.169245,29.339234
294,0,0.019374,1.016958,0.105068,0.001958,1.122544,11.211474,15.523288,31.156974,0.056335,0.159075,0.001468,29.944675,30.161553
295,0,0.019485,0.994709,0.101390,0.001696,1.097742,9.726494,15.601215,30.108353,0.052023,0.135000,0.001476,28.926505,29.115004
296,0,0.020569,1.334483,0.127540,0.003985,1.445348,9.985002,15.595545,30.687329,0.060382,0.359167,0.000777,29.141337,29.224080
297,0,0.022033,1.421394,0.328859,0.004389,1.754642,10.394373,15.793308,31.010307,0.057574,0.552936,0.001311,29.383878,29.995699
298,0,0.019874,1.007067,0.103524,0.001723,1.109384,10.492939,15.722547,30.382760,0.065323,0.108907,0.000965,29.179659,29.354854
299,0,0.017520,1.001619,0.118989,0.001985,1.109512,11.413513,15.636652,30.672727,0.051344,0.098236,0.000854,29.474097,29.624531
300,0,0.018875,0.983672,0.110682,0.001994,1.088072,9.976480,15.559577,30.534772,0.056134,0.135824,0.001116,29.344769,29.537843
301,0,0.020337,0.992392,0.097459,0.001845,1.091595,9.014336,15.477464,30.599083,0.052086,0.160639,0.002113,29.416300,29.631138
302,0,0.019057,1.595421,0.139614,0.002867,1.737535,9.308919,15.576541,30.704030,0.058098,0.244463,0.002029,28.874450,29.178109
303,0,0.016773,1.102453,0.123041,0.002675,1.228169,10.310101,15.609424,30.339894,0.058452,0.207756,0.001045,29.034073,29.301326
304,0,0.020645,1.036944,0.105537,0.001977,1.144139,10.427369,16.502290,31.268063,0.056202,0.211051,0.001269,30.034303,30.302825
305,0,0.019715,1.026171,0.100000,0.001779,1.124100,10.039812,15.541783,29.847782,0.057270,0.194609,0.000948,28.637893,28.890720
306,0,0.021446,1.014329,0.102254,0.001814,1.118124,11.206345,16.431692,31.423342,0.055162,0.077041,0.001027,30.218813,30.352043
307,0,0.023494,0.998805,0.104890,0.001742,1.105303,9.914788,15.517870,29.778387,0.059001,0.180095,0.001313,28.584101,28.824510
308,0,0.021624,1.097018,0.103640,0.001765,1.202245,11.044294,15.359168,30.471277,0.061097,0.232259,0.001190,29.174812,29.469358
309,0,0.018588,0.971009,0.100618,0.001885,1.072745,12.242503,15.567887,31.512778,0.053563,0.093900,0.001180,30.355113,30.503756
310,0,0.019281,0.999803,0.141925,0.002191,1.143846,9.747004,15.604380,29.849526,0.053549,0.150800,0.001681,28.647088,28.853118
311,0,0.019632,1.085376,0.152605,0.002453,1.239865,10.246463,0.494632,14.555511,0.052235,0.211522,0.001141,13.247657,13.512555
312,0,0.009302,1.882873,0.135778,0.002474,2.021125,10.355942,16.597920,32.166809,0.049003,1.021374,0.001282,30.085076,31.156735
313,0,0.021484,1.016691,0.110677,0.001855,1.128815,9.661314,15.587033,29.931158,0.047601,0.119757,0.000888,28.727270,28.895434
314,0,0.020426,1.117286,0.118591,0.001791,1.237563,11.916945,15.496937,31.196726,0.056048,0.236353,0.001015,29.892674,30.186090
315,0,0.021781,1.031419,0.138146,0.002143,1.171500,10.974685,15.534521,30.246361,0.052466,0.190390,0.000784,29.001343,29.244983
316,0,0.023964,1.050998,0.102021,0.001779,1.154702,10.698046,15.520041,30.321206,0.063576,0.182265,0.000560,29.061644,29.308045
317,0,0.022190,1.649125,0.122206,0.002804,1.774135,9.844950,16.476876,31.285824,0.056598,0.682389,0.001427,29.431025,30.171439
318,0,0.019386,1.015249,0.102424,0.001697,1.119249,10.363782,15.546467,29.942935,0.053211,0.097442,0.001041,28.738440,28.890134
319,0,0.023680,1.132689,0.134697,0.002093,1.269479,10.497629,15.593588,30.601398,0.067929,0.210373,0.001034,29.210926,29.490262
320,0,0.024700,1.290284,0.157813,0.005388,1.419213,9.718754,15.805615,31.153971,0.061742,0.288366,0.019493,29.592689,29.943865
321,0,0.022452,1.048422,0.126942,0.002101,1.177465,8.559042,15.534807,29.784899,0.065142,0.191440,0.001769,28.509547,28.767737
322,0,0.025259,2.057842,0.107893,0.001888,2.162789,9.286280,15.738928,31.336981,0.092044,1.254945,0.001674,29.028495,30.377158
323,0,0.020426,1.093823,0.106368,0.001850,1.202041,10.548767,15.559648,30.047636,0.060290,0.155442,0.000677,28.761229,28.977638
324,0,0.020532,1.015873,0.098095,0.001929,1.115540,10.584951,15.496247,30.615452,0.054612,0.189183,0.001492,29.412380,29.657667
325,0,0.019785,0.997713,0.098101,0.001907,1.095746,11.128604,15.543858,31.050495,0.053613,0.176884,0.001477,29.871952,30.103926
326,0,0.013123,1.019604,0.113374,0.002025,1.131843,11.176629,15.625407,30.821442,0.053485,0.081330,0.001364,29.600315,29.736494
327,0,0.023104,1.067244,0.108909,0.001851,1.176680,10.288484,15.762933,30.422150,0.057577,0.113235,0.001311,29.151432,29.323555
328,0,0.028867,1.019225,0.110706,0.001792,1.130612,9.969532,15.706682,30.590978,0.061739,0.084785,0.001567,29.362422,29.510513
329,0,0.020177,1.019663,0.102801,0.001927,1.120942,10.771459,16.624701,31.053416,0.060356,0.140770,0.000420,29.844779,30.046325
330,0,0.023030,1.069458,0.110543,0.002158,1.180723,8.702137,16.527275,30.515717,0.055464,0.153162,0.001503,29.233932,29.444061
331,0,0.019168,1.027536,0.100646,0.001796,1.128299,10.121635,15.517141,29.904355,0.055735,0.243071,0.001628,28.688123,28.988557
332,0,0.018318,1.082906,0.100900,0.002191,1.184164,10.886237,15.678185,30.489545,0.053732,0.185320,0.001390,29.222412,29.462854
333,0,0.020457,1.018330,0.108640,0.002039,1.127854,11.447102,15.576588,31.366245,0.055851,0.116602,0.001534,30.149074,30.323061
334,0,0.023770,0.994288,0.160597,0.002815,1.133418,10.337947,15.499616,30.248237,0.058535,0.172868,0.001100,29.006121,29.238624
335,0,0.022865,1.162544,0.147131,0.002744,1.312419,10.370624,14.790386,30.197667,0.066957,0.176890,0.001337,28.823043,29.068227
336,0,0.023647,1.342944,0.113043,0.002110,1.448610,9.954042,15.646871,30.568364,0.058816,0.281584,0.001359,29.017847,29.359606
337,0,0.020123,1.335483,0.113814,0.001751,1.450844,9.590328,15.647213,30.845096,0.061223,0.377647,0.001356,29.298125,29.378037
338,0,0.018145,1.021687,0.102226,0.001725,1.125218,10.385416,15.474532,30.677525,0.056761,0.171703,0.001081,29.463287,29.692832
339,0,0.018565,0.985174,0.105022,0.001895,1.086682,11.149693,15.493776,30.404033,0.057775,0.111136,0.001420,29.226012,29.396343
340,0,0.017697,1.605112,0.131458,0.003069,1.739639,9.881260,15.407974,30.678085,0.058573,0.570102,0.001142,28.851108,28.920840
341,0,0.020033,0.982695,0.113033,0.002013,1.097554,10.139339,15.781099,30.582764,0.054578,0.058297,0.000691,29.401762,29.515328
342,0,0.019009,1.521083,0.107073,0.001825,1.628672,9.832910,15.543823,30.925129,0.061655,0.465080,0.001657,29.203849,29.278203
343,0,0.022827,0.988738,0.105174,0.001894,1.093101,11.165137,15.527791,30.603793,0.076491,0.139806,0.000973,29.405808,29.623078
344,0,0.019998,0.987295,0.104253,0.001787,1.092174,10.608459,15.747856,30.216041,0.052910,0.146091,0.000690,29.039166,29.238857
345,0,0.017938,0.973404,0.101850,0.002224,1.073383,12.059795,15.716690,31.317341,0.051190,0.142749,0.000896,30.162125,30.356960
346,0,0.020528,0.962110,0.100648,0.002050,1.063599,10.976760,15.744182,30.267663,0.050058,0.112634,0.000663,29.122918,29.286273
347,0,0.016877,0.961049,0.109377,0.001912,1.066759,10.892050,15.733550,30.213734,0.060169,0.125143,0.001064,29.056896,29.243272
348,0,0.019789,0.977681,0.099381,0.001966,1.078651,11.268662,15.698523,30.743750,0.077810,0.099630,0.000826,29.568726,29.746992
349,0,0.019735,1.426995,0.119210,0.002347,1.525306,10.764361,14.768836,30.364154,0.055314,0.552175,0.000956,28.720473,29.328918
350,0,0.019999,1.038605,0.095896,0.001652,1.136079,11.883870,14.728959,30.659130,0.069400,0.202270,0.001197,29.421340,29.694207
351,0,0.020603,1.010758,0.098242,0.001778,1.107146,11.553239,15.635141,31.077977,0.054622,0.175626,0.000859,29.886876,30.117983
352,0,0.018678,1.031865,0.107389,0.001839,1.140716,10.457658,16.626075,31.048985,0.050925,0.160396,0.001308,29.829436,30.042065
353,0,0.026649,1.028585,0.109948,0.001994,1.133389,9.717965,15.634405,29.623088,0.059971,0.123674,0.000785,28.380491,28.564921
354,0,0.021858,1.068862,0.102672,0.001942,1.173246,10.750740,15.566860,30.678896,0.060403,0.110753,0.001484,29.420532,29.593172
355,0,0.019212,1.886824,0.130092,0.001822,2.018499,10.869153,15.540119,31.205177,0.093683,0.986256,0.001274,29.070532,30.151745
356,0,0.022977,1.021259,0.143535,0.002078,1.163418,10.385478,15.548505,29.866755,0.057348,0.187193,0.001698,28.615757,28.861996
357,0,0.020012,0.991408,0.114809,0.001892,1.104043,11.047424,16.585073,31.529269,0.054379,0.051753,0.001532,30.339982,30.447646
358,0,0.020833,1.704336,0.143580,0.002774,1.850690,8.914592,15.597630,29.791473,0.053379,0.840209,0.001082,27.882769,28.777185
359,0,0.023238,0.990247,0.098706,0.001801,1.089487,11.414721,15.643979,30.812240,0.058239,0.103129,0.001276,29.636596,29.799240
360,0,0.022419,0.978157,0.101860,0.002387,1.082404,11.737003,15.519841,30.928718,0.058548,0.135198,0.000788,29.754785,29.949319
361,0,0.026527,1.355799,0.192161,0.004834,1.548474,8.892570,16.563717,30.728756,0.057136,0.386653,0.001215,29.079534,29.524538
362,0,0.020421,1.612247,0.148657,0.005078,1.765982,9.106834,15.530930,30.090331,0.060658,0.167709,0.001431,28.230719,28.460517
363,0,0.023027,1.815720,0.134477,0.003063,1.953260,9.969429,15.424821,30.480300,0.083626,0.960176,0.001312,28.432362,29.477476
364,0,0.024364,1.043833,0.115498,0.001860,1.151561,11.134514,16.494265,31.238258,0.057386,0.067141,0.001302,29.993016,30.118845
365,0,0.017368,1.071996,0.104096,0.002039,1.176334,10.669421,15.617196,29.968028,0.057041,0.210518,0.001065,28.701706,28.970330
366,0,0.019188,1.014341,0.140091,0.001901,1.118243,11.343514,15.352691,30.867655,0.053289,0.152907,0.000940,29.606505,29.813641
367,0,0.018861,1.004070,0.100730,0.001679,1.104580,11.233209,15.552345,30.324129,0.055433,0.116012,0.000949,29.137743,29.310137
368,0,0.020221,1.047592,0.108010,0.001828,1.157430,11.034889,15.552759,30.645246,0.056306,0.191921,0.001027,29.407731,29.656985
369,0,0.020860,0.963200,0.101429,0.001810,1.064689,11.222970,15.742630,31.164212,0.051152,0.115784,0.001017,30.024220,30.192173
370,0,0.020100,1.044116,0.101486,0.001845,1.147332,10.509912,15.547606,29.885442,0.055823,0.170091,0.000763,28.647349,28.874026
371,0,0.020043,0.992027,0.099993,0.001738,1.092462,10.716890,15.585488,30.731451,0.053925,0.094547,0.000950,29.549437,29.698859
372,0,0.018847,1.042844,0.115093,0.002217,1.157481,10.340751,15.677190,30.883448,0.055501,0.124484,0.000933,29.638172,29.819090
373,0,0.021228,1.029378,0.121734,0.002058,1.129582,9.987312,15.473932,30.616279,0.056582,0.160477,0.001204,29.373865,29.592128
374,0,0.022655,1.173165,0.103688,0.001789,1.278642,9.751993,0.439724,14.349114,0.058397,0.259972,0.001222,12.983797,13.303388
375,0,0.006944,0.945184,0.095291,0.001702,1.041199,11.214318,15.693799,31.374801,0.051865,0.092756,0.001488,30.249181,30.395290
376,0,0.020440,1.001436,0.101087,0.001874,1.104279,10.463078,15.708338,30.495830,0.059841,0.149680,0.001023,29.305769,29.516313
377,0,0.020420,0.965556,0.100639,0.001957,1.066220,11.548082,15.633080,31.162101,0.054009,0.101042,0.000998,30.010668,30.166717
378,0,0.014631,1.110228,0.117414,0.001903,1.229315,10.525153,15.655384,30.324888,0.056856,0.224351,0.001267,29.006706,29.289180
379,0,0.020135,0.987529,0.099847,0.001841,1.087182,11.539768,15.538903,30.646096,0.053055,0.139284,0.000886,29.469680,29.662905
380,0,0.021601,1.026247,0.121352,0.002130,1.149588,10.314386,15.476145,30.275136,0.051163,0.123180,0.001827,29.062406,29.238576
381,0,0.019041,1.003325,0.121798,0.002002,1.124379,10.763828,15.507186,30.761537,0.048924,0.179450,0.068998,29.486715,29.784087
382,0,0.018740,2.339846,0.147602,0.002952,2.490400,9.136707,15.418563,30.419056,0.069835,1.475869,0.001757,27.852417,29.399878
383,0,0.018741,1.018012,0.103482,0.002017,1.123193,11.630185,15.453564,30.816265,0.056399,0.138416,0.001178,29.611589,29.807582
384,0,0.024225,1.040808,0.103899,0.002038,1.146745,10.696422,15.573187,30.093877,0.053551,0.184411,0.000927,28.862695,29.101584
385,0,0.020905,1.159377,0.156604,0.001790,1.313728,10.496819,15.658284,30.703379,0.060702,0.267282,0.001257,29.289733,29.618974
386,0,0.021807,0.985520,0.099902,0.002019,1.086481,10.641636,15.548767,30.578591,0.054339,0.131510,0.001263,29.407095,29.594207
387,0,0.020111,1.023500,0.102638,0.001921,1.123142,11.260865,15.574693,30.649337,0.056394,0.178738,0.001428,29.438017,29.674577
388,0,0.018983,1.015267,0.101930,0.001815,1.118727,11.351833,15.597937,30.695773,0.053308,0.181467,0.000719,29.497032,29.732526
389,0,0.027308,1.025249,0.099069,0.001825,1.125119,11.193481,15.595168,30.737389,0.054022,0.175965,0.001237,29.522140,29.753364
390,0,0.019711,1.409253,0.110748,0.001969,1.520390,10.258945,15.881096,30.315719,0.053547,0.555200,0.001103,28.710784,29.320634
391,0,0.026651,0.997923,0.215441,0.004073,1.217437,11.057212,15.648222,31.133050,0.054667,0.177757,0.001361,29.852957,30.086742
392,0,0.019255,1.073275,0.104397,0.001792,1.172667,10.448481,15.704685,30.115812,0.057034,0.151893,0.001258,28.843759,29.053944
393,0,0.019857,1.099554,0.112942,0.001858,1.212795,10.210752,15.535390,30.290430,0.054997,0.124049,0.001614,28.990453,29.171113
394,0,0.019972,1.043774,0.174747,0.002736,1.154199,9.845964,14.859238,30.654520,0.059415,0.205536,0.001785,29.332689,29.599425
395,0,0.026315,1.241865,0.136069,0.002513,1.379869,11.329226,15.693052,31.362223,0.068528,0.153821,0.001060,29.883047,30.106456
396,0,0.021571,1.586550,0.140174,0.005026,1.731750,9.003907,15.717774,29.877273,0.074309,0.221363,0.001078,28.038781,28.335531
397,0,0.022909,1.836684,0.103251,0.001787,1.937849,10.703318,15.497242,30.975236,0.087128,0.903663,0.001191,28.906907,29.898889
398,0,0.020826,1.060324,0.122056,0.002028,1.169971,10.496961,15.651390,30.274364,0.052650,0.192666,0.000901,29.008346,29.254563
399,0,0.025494,0.982151,0.105742,0.002134,1.089022,10.626365,15.495964,30.732722,0.085592,0.094739,0.001155,29.510785,29.675577
400,0,0.034463,1.115884,0.126731,0.002058,1.239991,11.293663,14.895296,30.268775,0.070460,0.104816,0.001561,28.923346,29.100183
401,0,0.021767,1.050382,0.099558,0.001820,1.149786,11.950230,14.658326,30.548316,0.058224,0.146213,0.001290,29.310921,29.516648
402,0,0.021781,1.077777,0.112874,0.001975,1.190763,11.250967,15.659160,30.867346,0.056074,0.178677,0.001477,29.588982,29.825210
403,0,0.026528,1.063629,0.117906,0.002080,1.181866,11.433860,15.537465,30.956314,0.061267,0.183292,0.001438,29.672488,29.918485
404,0,0.025111,1.321006,0.164515,0.004291,1.489812,9.741585,15.790114,30.223393,0.059114,0.438707,0.001474,28.694760,29.194055
405,0,0.026311,1.058432,0.135452,0.001970,1.193478,10.894116,15.435836,30.914707,0.059390,0.143149,0.001615,29.628102,29.832256
406,0,0.017791,1.635201,0.152358,0.003979,1.791538,10.401585,15.667459,30.954294,0.059551,0.242279,0.002044,29.065845,29.368381
407,0,0.024895,0.986130,0.118456,0.001877,1.106463,10.477782,15.569094,30.105143,0.058488,0.113559,0.001055,28.925782,29.098884
408,0,0.020812,1.357599,0.123700,0.002597,1.483896,10.364740,15.535446,30.447364,0.056617,0.453659,0.001222,28.895280,29.406778
409,0,0.021388,1.016990,0.105070,0.001844,1.123616,11.453655,15.630889,31.028466,0.060714,0.140382,0.000819,29.818436,30.020351
410,0,0.020233,0.978873,0.103305,0.001992,1.084170,11.094529,15.656930,30.379855,0.051462,0.162407,0.000945,29.218704,29.433518
411,0,0.018039,1.005623,0.097737,0.001862,1.104235,10.131229,16.600682,31.105849,0.057772,0.137954,0.001267,29.909930,30.106923
412,0,0.025803,0.961975,0.110299,0.002280,1.074387,10.568372,15.901543,30.282397,0.055650,0.110018,0.000976,29.125599,29.292243
413,0,0.018327,0.928408,0.097966,0.001898,1.027249,9.938003,15.617825,30.040147,0.049425,0.071478,0.001259,28.932991,29.055153
414,0,0.019397,1.034929,0.098014,0.001894,1.134595,10.140938,15.662898,30.602859,0.055586,0.135583,0.000684,29.382047,29.573900
415,0,0.019460,1.040318,0.115269,0.002068,1.155652,11.229347,15.551516,30.638792,0.052677,0.144081,0.001111,29.393925,29.591772
416,0,0.020322,0.975380,0.101571,0.001945,1.078587,11.303765,15.513661,31.135997,0.053231,0.126355,0.001401,29.974171,30.155158
417,0,0.021279,1.122638,0.102917,0.001709,1.226062,9.032424,15.384099,29.982103,0.053266,0.226635,0.001494,28.668153,28.949548
418,0,0.026548,1.125592,0.135060,0.002027,1.246083,10.905375,15.599554,31.321203,0.077781,0.174902,0.000899,29.947508,30.201090
419,0,0.023504,1.289319,0.104510,0.001934,1.394002,10.487947,15.552275,30.238995,0.078059,0.413919,0.001191,28.732355,29.225524
420,0,0.022306,1.079178,0.106702,0.001923,1.187679,9.873798,15.567211,30.433987,0.055583,0.173238,0.001385,29.159306,29.389512
421,0,0.023421,1.059175,0.108551,0.001728,1.167603,10.210270,15.389922,30.291694,0.057143,0.208639,0.001070,29.035454,29.302306
422,0,0.036574,1.056041,0.106367,0.001906,1.164117,10.807574,16.675268,31.565334,0.059815,0.226434,0.000952,30.304755,30.591956
423,0,0.028482,0.998157,0.109475,0.001863,1.091777,10.127667,15.616968,29.614967,0.054052,0.085810,0.000992,28.425424,28.566278
424,0,0.021888,1.078097,0.109994,0.001888,1.187665,10.684870,15.624759,30.669179,0.056651,0.219617,0.001783,29.395544,29.673595
425,0,0.028322,1.191249,0.106196,0.001967,1.295598,10.443112,15.542803,30.926104,0.089297,0.117277,0.001523,29.501905,29.710002
426,0,0.024868,1.561980,0.139397,0.003214,1.704121,9.530578,15.701897,30.721219,0.069778,0.175783,0.002057,28.912415,29.159761
427,0,0.024289,2.383829,0.168707,0.004760,2.557296,8.777135,15.606639,30.417422,0.093025,1.596251,0.001380,27.741426,29.432082
428,0,0.026550,1.069316,0.114675,0.001956,1.185696,9.838859,15.572058,30.515579,0.062837,0.111079,0.002677,29.232679,29.409272
429,0,0.021332,1.015890,0.341902,0.002355,1.359794,10.196835,15.629684,30.860579,0.061802,0.143634,0.001087,29.483830,29.690353
430,0,0.024152,0.980502,0.118426,0.001952,1.100500,10.204562,15.649304,30.254870,0.048388,0.129624,0.001402,29.074305,29.253719
431,0,0.021750,1.035451,0.111632,0.001743,1.146443,11.077278,15.545409,30.462711,0.055353,0.124879,0.001724,29.229586,29.411542
432,0,0.024261,0.940480,0.106439,0.002059,1.047443,11.534953,15.696435,30.998360,0.056015,0.050547,0.000807,29.862484,29.969853
433,0,0.025415,0.995160,0.100791,0.001960,1.097471,10.588928,15.586935,30.104087,0.062406,0.086610,0.000999,28.902871,29.052886
434,0,0.021580,1.159587,0.109490,0.001992,1.270014,10.406955,15.871314,31.217299,0.062027,0.079168,0.001651,29.849416,29.992262
435,0,0.025961,1.216236,0.116368,0.001764,1.334368,10.461682,15.589266,30.785192,0.061156,0.238997,0.001596,29.367342,29.669091
436,0,0.025391,1.051830,0.125738,0.002367,1.176012,10.275583,15.496245,30.306642,0.056331,0.098012,0.001556,29.043090,29.198989
437,0,0.025261,1.888282,0.148077,0.003567,2.039926,7.719972,1.411971,14.862795,0.079346,0.924938,0.001119,12.677346,12.793208
438,0,0.012883,0.924886,0.119121,0.001850,1.045650,10.884138,15.663960,30.690253,0.042409,0.080522,0.001387,29.592337,29.716655
439,0,0.022887,1.640806,0.108312,0.002111,1.749138,9.654770,15.578661,30.359878,0.087588,0.653920,0.001244,28.493673,29.236425
440,0,0.020330,1.508500,0.168357,0.004736,1.681593,10.290702,15.667695,31.026938,0.064268,0.187554,0.001176,29.269759,29.522252
441,0,0.017309,1.027203,0.119828,0.002060,1.144416,11.456570,15.625610,31.087017,0.054194,0.220104,0.001660,29.850862,30.126820
442,0,0.025939,1.463933,0.109048,0.002189,1.574458,10.391777,15.590411,30.473315,0.074781,0.586769,0.001208,28.788645,29.451403
443,0,0.021444,0.969047,0.101886,0.002097,1.072592,10.054969,15.681365,30.029080,0.057410,0.054078,0.000766,28.872111,28.984365
444,0,0.022241,1.093897,0.119368,0.002362,1.215073,10.588296,15.716389,30.745943,0.057550,0.300536,0.001078,29.439343,29.798507
445,0,0.025494,1.056541,0.103621,0.001922,1.157647,11.122379,15.777249,31.129044,0.060443,0.130546,0.001906,29.877648,30.070543
446,0,0.023439,1.120015,0.111332,0.001786,1.233133,10.143181,15.550456,30.353602,0.100524,0.189668,0.000636,29.010061,29.300889
447,0,0.018207,1.148211,0.121869,0.001989,1.271734,10.445816,16.565890,30.852334,0.055754,0.238382,0.001003,29.483800,29.778939
448,0,0.025494,1.055326,0.104788,0.001811,1.161920,10.375504,15.569508,30.268291,0.056660,0.189000,0.001825,29.006679,29.254164
449,0,0.027689,1.187866,0.103348,0.001836,1.288099,9.292155,16.583156,30.926455,0.050977,0.286637,0.000796,29.555666,29.893930
450,0,0.022444,1.282115,0.132096,0.002212,1.416423,10.079804,15.524610,29.942622,0.059787,0.314068,0.001137,28.435410,28.810402
451,0,0.023679,1.127359,0.108311,0.001951,1.237621,10.603417,15.621707,30.432691,0.059729,0.143140,0.001193,29.121459,29.325521
452,0,0.022141,1.181578,0.121458,0.002029,1.305033,10.636176,15.552477,30.573194,0.066012,0.122571,0.001432,29.173015,29.363030
453,0,0.024116,1.092035,0.137195,0.002025,1.202100,10.880582,15.515556,30.509030,0.074223,0.171450,0.001339,29.167057,29.414069
454,0,0.025089,1.005815,0.099895,0.001697,1.107400,10.500716,16.559777,31.497290,0.063526,0.132833,0.001647,30.294683,30.492689
455,0,0.018285,1.040077,0.104033,0.001903,1.143888,10.695135,14.751710,29.670996,0.056342,0.176019,0.001572,28.443186,28.677119
456,0,0.021100,1.055887,0.114976,0.001657,1.172520,11.831515,15.676809,31.354476,0.055551,0.203029,0.001082,30.097507,30.357169
457,0,0.020106,1.920139,0.190213,0.004287,2.114639,7.812213,15.669223,30.026216,0.070098,0.865140,0.001979,27.793013,27.888529
458,0,0.021384,1.884920,0.165100,0.003751,2.053771,8.408961,16.502291,31.377468,0.074697,0.882883,0.001638,29.202112,29.301075
459,0,0.021770,1.290769,0.112966,0.001754,1.405489,10.059876,15.617848,29.976011,0.086344,0.457531,0.000696,28.460484,29.005055
460,0,0.022445,1.000696,0.100043,0.001879,1.101016,10.957524,15.653635,30.978980,0.054700,0.161506,0.001269,29.793916,30.011391
461,0,0.021655,1.033786,0.104397,0.001926,1.133831,10.452710,15.606160,30.533010,0.058352,0.114914,0.001195,29.308408,29.482869
462,0,0.020014,1.134118,0.101269,0.001814,1.236961,10.083595,15.697111,30.292513,0.058098,0.286476,0.001270,28.966753,29.312597
463,0,0.022993,1.021064,0.103442,0.001835,1.126248,9.931958,15.757462,30.329843,0.058814,0.153124,0.001301,29.119957,29.333196
464,0,0.020424,1.027073,0.099246,0.001756,1.127934,11.563150,15.774725,31.455622,0.058818,0.159448,0.000667,30.231041,30.449974
465,0,0.020461,0.987810,0.186795,0.002965,1.088811,10.673315,15.787024,30.227728,0.053279,0.132691,0.000933,28.933127,29.120030
466,0,0.019551,1.071287,0.119654,0.002019,1.189441,11.334665,15.625152,30.773877,0.056471,0.091309,0.001337,29.494684,29.643801
467,0,0.022939,0.949009,0.118317,0.001901,1.044830,10.569886,16.130187,30.409427,0.057038,0.112845,0.000936,29.257758,29.428577
468,0,0.021887,0.980040,0.112383,0.001738,1.081784,10.129379,16.563510,30.826092,0.057950,0.167934,0.000881,29.643663,29.870428
469,0,0.023310,1.172714,0.106652,0.001990,1.274592,10.226122,15.684796,30.239008,0.055475,0.340502,0.000850,28.866339,29.263166
470,0,0.021554,1.029096,0.097647,0.002468,1.129211,9.641395,15.776562,30.567981,0.055463,0.156792,0.001607,29.354271,29.568133
471,0,0.021654,1.339682,0.115325,0.001779,1.456725,8.729068,15.760761,30.659653,0.059729,0.322914,0.001531,29.110342,29.494516
472,0,0.020392,1.086821,0.236798,0.004353,1.199445,9.281318,15.839003,30.304171,0.058021,0.225765,0.001261,28.875539,29.160586
473,0,0.024824,1.066782,0.117777,0.002032,1.180023,10.808614,15.736727,31.221375,0.059589,0.182705,0.001108,29.947137,30.190539
474,0,0.022078,1.328255,0.096720,0.001868,1.426613,9.582476,15.659463,30.117633,0.068318,0.359454,0.001717,28.583932,28.665973
475,0,0.017844,1.086648,0.116851,0.002984,1.186240,11.264218,14.839257,30.377181,0.052270,0.191660,0.001270,29.091113,29.336313
476,0,0.021021,0.938450,0.128059,0.002541,1.053548,11.215482,15.770711,31.217159,0.053368,0.056501,0.001104,30.069426,30.180399
477,0,0.024830,0.976734,0.093241,0.001635,1.071487,9.814745,15.715356,29.954358,0.139978,0.132982,0.001166,28.708252,28.982378
478,0,0.019642,1.017075,0.109336,0.002050,1.128461,10.797727,15.716550,30.774839,0.058998,0.161724,0.000836,29.563254,29.784562
479,0,0.021663,1.057396,0.105870,0.001994,1.165231,10.797307,15.665580,30.385306,0.057710,0.185517,0.001340,29.135000,29.379567
480,0,0.022272,1.043129,0.108739,0.001792,1.153526,10.181931,15.823325,30.686782,0.067465,0.132502,0.001198,29.435581,29.636746
481,0,0.022811,1.091506,0.100810,0.001807,1.193614,10.809443,15.797580,30.670857,0.059955,0.232496,0.000633,29.384875,29.677891
482,0,0.019536,0.991704,0.099680,0.001830,1.093214,11.298470,15.626232,30.709358,0.061189,0.189353,0.001043,29.534768,29.786353
483,0,0.019094,1.991020,0.107167,0.002036,2.100223,10.139321,15.581293,30.842876,0.077787,1.166307,0.001895,28.639753,29.885742
484,0,0.019411,1.052396,0.119442,0.001880,1.173718,10.605676,15.616251,30.305148,0.059660,0.098045,0.001007,29.046056,29.204768
485,0,0.026770,1.075451,0.101763,0.001832,1.179046,10.852854,15.567042,30.307733,0.064263,0.227087,0.001151,29.034669,29.327170
486,0,0.024432,1.049172,0.100502,0.001884,1.151385,11.243466,15.656388,30.602632,0.063440,0.149107,0.000868,29.362236,29.575651
487,0,0.016956,1.117529,0.117907,0.001997,1.235054,11.633664,15.668182,31.176664,0.055222,0.250034,0.000820,29.855879,30.161955
488,0,0.018436,1.102133,0.116985,0.001875,1.220993,10.490714,15.498862,30.374035,0.046810,0.196298,0.001684,29.084144,29.328936
489,0,0.023595,1.084001,0.102696,0.002000,1.188697,10.930331,15.656798,30.694201,0.064744,0.235792,0.001095,29.414089,29.715720
490,0,0.020194,1.007100,0.102469,0.001746,1.104776,11.301860,15.673197,30.883571,0.059933,0.100181,0.001173,29.681640,29.842927
491,0,0.024100,1.084227,0.123661,0.002135,1.209622,9.815181,16.596336,30.694824,0.062143,0.197934,0.001095,29.387300,29.648472
492,0,0.023898,0.987462,0.100384,0.001727,1.089408,9.489775,15.561194,29.916151,0.060499,0.153292,0.001657,28.737407,28.952855
493,0,0.022717,1.102174,0.140781,0.003279,1.217815,9.853096,15.609440,30.446630,0.059901,0.105637,0.001067,29.108315,29.274920
494,0,0.022711,0.986013,0.156003,0.003675,1.145691,11.359100,15.524607,31.251771,0.053954,0.188809,0.001237,30.075053,30.319053
495,0,0.025381,1.070466,0.102847,0.001878,1.175191,10.781659,15.600246,30.597732,0.063680,0.209200,0.001587,29.312959,29.587426
496,0,0.021939,1.095731,0.182730,0.004827,1.215474,9.202071,15.481605,30.019284,0.058581,0.227752,0.001652,28.625388,28.913373
497,0,0.022104,1.752858,0.130795,0.002292,1.885417,9.858019,15.723835,31.082735,0.056689,0.865225,0.001252,29.092632,30.015798
498,0,0.020138,1.062248,0.104932,0.001833,1.169013,9.263788,16.543307,30.856008,0.062763,0.221047,0.001181,29.598335,29.883326
499,0,0.021886,2.341761,0.129022,0.002631,2.473414,8.029090,16.440684,30.328470,0.091086,1.472907,0.001105,27.752356,29.317197
500,0,0.022604,1.145844,0.102670,0.001818,1.250332,9.908885,16.563692,30.557987,0.059018,0.270163,0.001435,29.218660,29.548927
501,0,0.022250,0.983181,0.098900,0.001705,1.082870,10.442470,15.654822,30.450076,0.055298,0.121936,0.001292,29.275770,29.454296
502,0,0.021375,1.014079,0.100995,0.001926,1.116765,10.522142,15.743101,30.536429,0.054568,0.084142,0.001608,29.337764,29.478082
503,0,0.020120,1.104968,0.110320,0.001968,1.217256,10.985164,15.649584,30.730788,0.056436,0.226427,0.000934,29.429732,29.713529
504,0,0.020034,0.991394,0.102052,0.001839,1.094377,10.468398,15.613824,30.110012,0.056786,0.086868,0.001016,28.930455,29.075125
505,0,0.024262,1.520736,0.119430,0.002489,1.642655,10.155068,15.630971,31.155517,0.055219,0.572780,0.001987,29.415512,29.494507
506,0,0.020888,1.096470,0.110314,0.001885,1.208669,10.174097,15.578640,30.116803,0.058627,0.217501,0.000867,28.828169,29.105164
507,0,0.019776,1.653709,0.121444,0.001883,1.773934,10.662085,14.684366,30.435961,0.083367,0.808925,0.002280,28.541748,29.436320
508,0,0.025667,1.137428,0.106703,0.002005,1.246136,10.656880,16.627243,31.600821,0.060378,0.225453,0.001025,30.271147,30.558003
509,0,0.027405,1.076914,0.100750,0.001935,1.176891,10.941240,15.542385,30.279528,0.068633,0.206204,0.000998,29.004335,29.280170
510,0,0.028834,1.063420,0.138446,0.002548,1.203967,10.352373,15.677394,30.169626,0.061071,0.111522,0.001588,28.877155,29.051336
511,0,0.028310,1.244609,0.226681,0.002434,1.416578,10.472083,15.584555,30.844283,0.066017,0.199853,0.001273,29.266485,29.533628
512,0,0.027453,1.042796,0.109566,0.001876,1.154238,10.239582,15.714144,30.214282,0.063650,0.135973,0.001146,28.967378,29.168147
513,0,0.025407,1.038443,0.102389,0.001775,1.139376,10.092365,15.674480,30.639412,0.060176,0.134048,0.001341,29.402885,29.598450
514,0,0.022759,1.104635,0.104974,0.001858,1.211467,10.895083,15.873594,31.032444,0.062255,0.201240,0.001030,29.736198,30.000723
515,0,0.021807,1.240632,0.103761,0.001915,1.346268,10.050080,15.614837,30.061205,0.061137,0.151837,0.000885,28.623215,28.837074
516,0,0.024976,1.081686,0.112587,0.001950,1.192460,10.840379,15.687756,31.237560,0.056880,0.160142,0.001275,29.956301,30.174598
517,0,0.021114,1.009744,0.130125,0.001900,1.141646,10.699826,15.908650,30.479960,0.053619,0.172623,0.001254,29.253400,29.480896
518,0,0.025037,1.151215,0.139255,0.002016,1.292486,10.535877,15.518698,30.239631,0.059259,0.211111,0.001342,28.878439,29.150151
519,0,0.019551,1.702740,0.171595,0.003235,1.877403,9.985398,15.564450,30.644536,0.059050,0.223243,0.001922,28.666685,28.949931
520,0,0.020511,1.020289,0.107764,0.001782,1.129835,11.655442,15.532727,31.007050,0.055908,0.147921,0.001012,29.802790,30.007631
521,0,0.021595,1.098205,0.101818,0.001719,1.199035,10.428925,15.619102,30.081691,0.062555,0.156094,0.001338,28.789983,29.009970
522,0,0.020121,1.052847,0.109948,0.002137,1.162660,10.411616,15.583470,30.756123,0.057094,0.119329,0.002750,29.502494,29.681667
523,0,0.023653,1.025413,0.099108,0.001856,1.125732,9.456996,16.500112,31.128654,0.055254,0.151491,0.001333,29.918159,30.126237
524,0,0.026624,0.997399,0.118133,0.002436,1.117968,10.849929,15.592782,30.266504,0.058168,0.130452,0.000990,29.061907,29.251517
525,0,0.028214,1.082327,0.114819,0.001937,1.198308,10.921115,15.534456,30.281903,0.044427,0.172205,0.000687,29.013102,29.230243
526,0,0.021365,1.576026,0.104425,0.002015,1.681588,9.051202,15.874461,30.618027,0.054370,0.643217,0.001957,28.841987,29.540929
527,0,0.020714,1.094941,0.144986,0.002094,1.239460,10.245703,15.793885,31.236716,0.056593,0.144658,0.001046,29.900392,30.102689
528,0,0.025390,1.943221,0.132802,0.002583,2.078606,9.433208,15.736182,30.237175,0.192343,0.589356,0.001384,27.918373,28.135192
529,0,0.020147,1.696903,0.203671,0.003383,1.903134,8.897732,15.577404,30.145946,0.116464,0.770182,0.001831,28.099295,28.987234
530,0,0.022910,2.223991,0.199308,0.005145,2.428444,6.539570,15.494875,30.358892,0.087471,1.033203,0.001192,27.775244,27.905831
531,0,0.020070,0.984337,0.132304,0.001927,1.102399,10.286866,14.640457,29.641743,0.052834,0.074818,0.001495,28.441651,28.570798
532,0,0.021705,1.187853,0.134323,0.003663,1.325839,4.528199,7.211221,16.192828,0.059484,0.308536,0.001631,14.800029,15.169680
533,0,0.019722,1.063778,0.117405,0.002151,1.183149,10.177001,15.777741,31.484213,0.056646,0.193442,0.001706,30.214268,30.466062
534,0,0.020305,1.007240,0.099913,0.001818,1.108922,10.881663,15.795540,30.394876,0.056860,0.168392,0.001108,29.204976,29.431336
535,0,0.017988,2.340317,0.114777,0.001903,2.451445,9.082170,15.556381,30.509356,0.051994,1.463555,0.001200,27.963193,29.479942
536,0,0.030226,1.992494,1.164525,0.018103,2.575626,7.314075,13.611712,30.685746,0.070394,0.624580,0.030233,27.359049,28.084256
537,0,0.026831,2.380737,0.158109,0.004659,2.543505,7.615434,14.575954,30.059996,0.116057,1.329980,0.001823,27.344378,28.792028
538,0,0.020698,1.052183,0.116983,0.002420,1.170990,11.622636,15.663240,31.232329,0.058675,0.200481,0.001705,29.957670,30.218531
539,0,0.020634,1.620236,0.148415,0.002607,1.757422,9.188907,15.829239,30.013409,0.087983,0.724765,0.001486,28.107218,28.921452
540,0,0.024948,1.117289,0.116419,0.002029,1.235737,9.468202,15.781548,30.833095,0.075574,0.230724,0.002234,29.493042,29.801574
541,0,0.019061,1.328010,0.131102,0.002346,1.461458,10.364757,15.648916,30.444592,0.090365,0.152550,0.001164,28.886589,29.130668
542,0,0.019517,1.066577,0.112583,0.001977,1.181137,9.461800,15.822151,30.507467,0.053766,0.124109,0.002304,29.245047,29.425226
543,0,0.023334,1.640008,0.139032,0.002165,1.781114,10.522390,15.625452,31.119074,0.066447,0.571625,0.001397,29.232717,29.872186
544,0,0.028832,2.526418,0.215679,0.006187,2.748284,7.268879,15.489944,30.396941,0.086352,1.552626,0.001979,27.615480,29.256437
545,0,0.020240,1.856193,0.155853,0.004187,2.016233,8.431130,16.602085,30.935005,0.069199,0.857235,0.001600,28.800509,28.897623
546,0,0.018865,0.947507,0.101200,0.001845,1.044880,10.266010,15.684059,29.924559,0.059919,0.113322,0.001037,28.785876,28.960154
547,0,0.027493,2.374211,0.147901,0.002985,2.525097,8.699877,15.508254,30.921865,0.086628,1.449683,0.001672,28.296996,29.834979
548,0,0.020681,1.897341,0.105736,0.002129,2.004790,9.806812,15.873675,30.443058,0.079330,1.019944,0.001092,28.326277,29.426643
549,0,0.022513,1.099949,0.107137,0.001861,1.208857,10.004748,15.646378,30.735623,0.060632,0.195227,0.023729,29.434535,29.691790
550,0,0.023348,1.508965,0.150008,0.004072,1.615237,7.794629,16.520610,30.998896,0.096370,0.115663,0.001609,29.197699,29.411341
551,0,0.018325,2.346822,0.228335,0.003807,2.578964,7.912524,15.508695,30.042086,0.077854,1.412235,0.001406,27.435425,28.926920
552,0,0.019490,1.055120,0.101141,0.001833,1.158094,11.656311,14.707893,30.161706,0.054774,0.227476,0.000416,28.920929,29.203574
553,0,0.017791,1.713183,0.323591,0.003106,2.039880,9.948319,15.606823,30.942761,0.063086,0.721152,0.002064,28.787201,28.883410
554,0,0.023918,2.703438,0.189773,0.005739,2.898950,6.349816,16.483524,30.964498,0.153351,0.406115,0.001799,27.902047,28.462879
555,0,0.022193,2.147392,0.192230,0.018149,2.345726,7.306323,15.574236,29.999877,0.074884,0.884997,0.001800,27.528061,27.628963
556,0,0.020050,1.601661,0.119723,0.001809,1.723176,10.167493,15.574391,30.890977,0.088949,0.370567,0.001157,29.038134,29.498807
557,0,0.025327,0.978669,0.110609,0.001987,1.087969,9.696215,15.755041,30.491116,0.051241,0.083682,0.001637,29.319959,29.456519
558,0,0.025619,1.258345,0.195763,0.002836,1.456944,9.692614,15.653749,30.637683,0.070371,0.336865,0.001695,29.159512,29.568443
559,0,0.025213,1.572560,0.108773,0.001964,1.676975,10.394066,14.791285,30.252684,0.059664,0.721350,0.001085,28.475246,29.257076
560,0,0.021113,1.389778,0.168544,0.005109,1.527668,10.223311,15.496639,31.252840,0.058966,0.422587,0.001688,29.628745,29.705422
561,0,0.020650,1.011377,0.098687,0.001780,1.107394,9.572183,16.659619,30.842449,0.056248,0.139744,0.001595,29.647996,29.845239
562,0,0.028420,2.168318,0.155448,0.003380,2.327146,7.077509,15.664332,29.669683,0.076449,1.166438,0.001700,27.247609,28.492196
563,0,0.020331,1.866869,0.142534,0.003317,2.012720,8.479129,0.569739,14.691318,0.067769,0.890184,0.001293,12.568320,12.656601
564,0,0.008933,1.328980,0.108329,0.001837,1.438481,10.087822,15.594895,31.267658,0.090548,0.173896,0.001473,29.688824,29.954617
565,0,0.021740,2.210726,0.145513,0.003343,2.359582,8.448403,16.705328,31.490822,0.086738,1.250109,0.001150,29.040503,30.378434
566,0,0.022912,2.089732,0.139327,0.002566,2.231625,8.797327,15.690294,30.388360,0.080591,1.197759,0.001442,28.067768,29.347560
567,0,0.026180,2.510409,0.145998,0.002978,2.659385,8.761772,15.655664,30.685861,0.095241,0.576350,0.001026,27.907196,28.579804
568,0,0.025874,2.002176,0.181804,0.003610,2.187590,8.144010,16.521398,30.678265,0.069543,0.926874,0.001698,28.372849,28.469733
569,0,0.032777,1.019828,0.110718,0.001808,1.112499,9.426943,16.499719,30.540340,0.059193,0.192619,0.000935,29.317617,29.570364
570,0,0.020229,1.982582,0.146881,0.003967,2.117166,7.212778,16.575497,30.718719,0.065600,0.563970,0.001778,28.483755,28.574466
571,0,0.035023,1.829805,0.182594,0.034584,2.046983,8.827685,15.622530,29.841911,0.096229,0.826837,0.001373,27.644647,27.769796
572,0,0.020907,2.008369,0.133224,0.003668,2.145261,8.975888,15.642794,30.521925,0.069979,0.980509,0.001559,28.263063,28.354935
573,0,0.019919,1.179248,0.146881,0.002135,1.328070,10.376971,16.495518,31.365025,0.059016,0.422979,0.001151,29.919902,30.403048
574,0,0.016923,1.861918,0.173743,0.005840,2.041501,7.743297,15.554767,30.032573,0.064483,0.847312,0.001226,27.839956,27.965590
575,0,0.019866,2.000444,0.134569,0.001995,2.131500,8.411624,16.480185,31.033159,0.081875,1.122333,0.002511,28.772745,29.979464
576,0,0.025258,1.949849,0.144567,0.004007,2.098423,7.171889,15.586279,29.834556,0.063574,0.058779,0.002003,27.639668,27.764024
577,0,0.026588,1.517061,0.104597,0.001992,1.621863,9.350134,15.691186,30.465515,0.067105,0.576633,0.001893,28.745263,28.826678
578,0,0.021371,1.319296,0.112909,0.001900,1.434105,9.968010,15.914681,30.864233,0.067553,0.145391,0.001157,29.335502,29.549603
579,0,0.023850,2.476464,0.156995,0.003959,2.637418,7.229302,15.540950,30.379360,0.085633,1.518837,0.002150,27.644774,29.251394
580,0,0.022556,0.977738,0.096001,0.001877,1.071241,10.456816,15.998247,30.832392,0.056326,0.095142,0.001305,29.663572,29.816345
581,0,0.025402,1.134118,0.172610,0.006189,1.230453,10.680910,15.614526,31.190039,0.063775,0.213807,0.001786,29.775781,30.055149
582,0,0.022705,1.200634,0.127236,0.002149,1.330019,9.668252,15.590477,30.194000,0.061355,0.127170,0.001558,28.780102,28.970185
583,0,0.034495,2.071967,0.156343,0.003841,2.232151,9.086041,15.608682,30.598376,0.054707,1.259657,0.001257,28.327112,29.642476
584,0,0.024469,1.030609,0.102270,0.001889,1.134406,10.020845,15.778072,30.794509,0.132900,0.155684,0.001585,29.497704,29.787873
585,0,0.022531,1.293070,0.104971,0.001826,1.390910,9.258301,15.597029,30.407554,0.065692,0.392573,0.001040,28.897910,29.357215
586,0,0.017864,1.881534,0.146390,0.002816,2.030740,9.711436,15.740826,30.380120,0.115853,0.691375,0.001001,28.180976,28.322140
587,0,0.025782,1.982940,0.149208,0.002939,2.135087,8.309483,15.527210,30.410536,0.106205,0.364993,0.002287,28.109241,28.237756
588,0,0.022199,1.810679,0.229333,0.006302,2.046314,9.424601,15.679218,31.191287,0.058126,0.891912,0.001688,29.164544,30.116270
589,0,0.038007,1.121652,0.184513,0.003863,1.310028,10.596223,15.618129,30.275782,0.080949,0.200542,0.001109,28.904822,29.187422
590,0,0.050603,2.120676,0.205325,0.005500,2.331501,8.142236,16.600024,31.184039,0.184190,0.949397,0.001832,28.621296,28.821654
591,0,0.024939,1.553901,0.108219,0.001822,1.663942,9.180548,15.771090,30.480607,0.079219,0.536317,0.001312,28.697934,28.795788
592,0,0.020738,1.960054,0.166599,0.004989,2.117860,7.637250,16.501899,30.539615,0.062153,0.581056,0.001863,28.294320,28.394220
593,0,0.028755,1.197795,0.104425,0.001931,1.300127,8.672396,16.604258,30.534191,0.061331,0.157600,0.001812,29.135463,29.356206
594,0,0.021603,1.705308,0.125613,0.002791,1.833712,7.859919,16.622757,30.527698,0.123648,0.702258,0.001464,28.523540,28.671854
595,0,0.019909,2.339481,0.143924,0.003304,2.486709,7.482496,16.533745,30.500647,0.079544,1.484806,0.001616,27.922749,29.488715
596,0,0.032126,1.547349,0.267198,0.005638,1.820185,8.934654,15.577369,30.229242,0.054664,0.554315,0.002456,28.454366,29.065801
597,0,0.022292,1.580020,0.297693,0.021245,1.861281,5.614818,16.365481,31.011751,0.061779,0.708747,0.002421,28.981942,29.754731
598,0,0.019534,2.240434,0.149320,0.003942,2.393696,6.565151,16.547644,30.555635,0.053707,0.882862,0.001654,28.081045,29.018831
599,0,0.021498,1.789022,0.297293,0.010274,1.985740,7.798893,15.543703,30.230901,0.069011,0.796421,0.001307,28.118946,28.222956
600,0,0.025538,2.010356,0.177275,0.004207,2.191838,8.527908,15.650150,30.518839,0.114903,0.527353,0.001802,28.146197,28.302379
601,0,0.019706,1.729072,0.104714,0.002006,1.835693,9.998482,15.717590,30.317098,0.067410,0.595617,0.001263,28.375567,28.462902
602,0,0.028936,2.062614,0.200418,0.004865,2.267897,8.984901,15.487385,30.852339,0.108288,1.242114,0.001361,28.505132,29.856895
603,0,0.021863,2.086495,0.148827,0.003386,2.238708,8.706645,15.557672,30.506793,0.099425,1.251964,0.001354,28.154776,29.507428
604,0,0.019422,1.899886,0.215745,0.005296,2.120927,8.682422,15.577259,30.879559,0.079407,0.859769,0.002512,28.615771,28.729506
605,0,0.021440,2.004012,0.198921,0.005207,2.208140,8.677533,15.847026,30.404045,0.073346,0.931143,0.001488,28.066261,28.169542
606,0,0.026666,1.462051,0.162572,0.004779,1.563498,9.079748,16.555041,31.176875,0.079789,0.396604,0.001761,29.410936,29.889090
607,0,0.025177,1.480215,0.109883,0.001968,1.591856,9.547707,15.531511,30.216773,0.091746,0.191442,0.001198,28.485468,28.602714
608,0,0.023009,1.024456,0.145215,0.002034,1.163449,10.047771,15.646119,30.547395,0.092953,0.189685,0.001203,29.270375,29.554216
609,0,0.026538,2.223585,0.188278,0.005508,2.417371,8.642173,16.790473,31.185542,0.142778,1.139086,0.001130,28.654272,29.937266
610,0,0.022912,2.222330,0.153393,0.003213,2.378936,8.421743,15.602288,30.413651,0.103639,1.397709,0.001538,27.931567,29.426689
611,0,0.021449,1.191410,0.139667,0.002256,1.322745,10.707261,15.538057,30.359102,0.058582,0.132541,0.001121,28.934969,29.127213
612,0,0.021563,1.015164,0.099862,0.001910,1.113690,10.196263,15.637876,30.502967,0.103274,0.119908,0.001082,29.247243,29.471507
613,0,0.082418,1.908884,0.142300,0.004140,2.055324,9.554298,15.585332,31.047745,0.103153,0.801649,0.001758,28.831668,28.966047
614,0,0.027361,2.031446,0.152885,0.005086,2.189417,9.257408,15.734143,30.729287,0.075541,0.806257,0.001257,28.417617,28.515514
615,0,0.027387,1.197798,0.150279,0.002194,1.350008,8.406313,16.496549,30.420513,0.060292,0.133034,0.002665,28.995100,29.190071
616,0,0.026054,2.191213,0.154050,0.003307,2.348570,6.725356,15.801622,30.712806,0.084239,1.389596,0.001518,28.269646,29.744820
617,0,0.019286,1.406841,0.136226,0.002597,1.520044,9.715957,15.479797,30.073799,0.055344,0.438644,0.001269,28.437424,28.932591
618,0,0.019452,2.133925,0.139453,0.002939,2.276317,8.868697,15.543401,30.688646,0.082470,1.273389,0.001346,28.320422,29.677415
619,0,0.019336,1.416842,0.117070,0.001864,1.535678,9.172109,16.363524,30.851795,0.087385,0.521040,0.001646,29.208198,29.818269
620,0,0.019187,2.111478,0.127896,0.002761,2.242135,9.081347,15.561492,30.335418,0.079363,1.244944,0.000865,27.997923,29.323095
621,0,0.021204,1.622717,0.102924,0.001849,1.727135,9.111369,16.424030,31.382570,0.066643,0.617264,0.001811,29.557373,29.637901
622,0,0.019340,1.813497,0.124757,0.003003,1.941257,9.197331,15.503520,30.386497,0.075510,0.941463,0.001233,28.361342,29.379471
623,0,0.020166,2.150989,0.141372,0.003090,2.295451,8.689369,15.868279,30.743886,0.080665,1.274477,0.001494,28.349675,29.706311
624,0,0.027983,1.708311,0.225171,0.004746,1.826470,9.022974,15.527988,30.188680,0.068191,0.679934,0.001667,28.228328,28.340917
625,0,0.019376,1.890423,0.148930,0.004299,2.043652,8.460021,16.616763,31.150792,0.071910,0.860215,0.001970,28.991770,29.079005
626,0,0.020746,1.780241,0.128422,0.002765,1.911428,8.356284,0.584458,13.947464,0.068557,0.717604,0.001686,11.928464,12.015813
627,0,0.010571,2.081476,0.198981,0.004415,2.284872,10.296695,15.551075,31.513256,0.076610,1.007367,0.001901,29.099010,29.202985
628,0,0.022377,2.281437,0.172106,0.004088,2.457631,9.706573,15.470414,30.764323,0.084528,1.339976,0.001471,28.243593,29.669568
629,0,0.019320,2.319121,0.141977,0.003277,2.464375,8.521386,16.505755,30.856192,0.085164,1.434709,0.001228,28.279932,29.801033
630,0,0.021715,2.349402,0.141526,0.003261,2.494189,7.863792,15.519107,30.100562,0.077320,1.501303,0.001667,27.501567,29.081857
631,0,0.020179,1.469308,0.123948,0.002560,1.595816,10.015438,15.600137,30.463169,0.065887,0.269234,0.001803,28.789693,29.126312
632,0,0.018889,1.996582,0.140140,0.003091,2.139813,9.590193,15.813073,30.680923,0.075387,0.943348,0.000783,28.463759,29.483277
633,0,0.019700,1.051826,0.115176,0.001757,1.168595,11.265600,15.730521,31.009356,0.060451,0.055110,0.001431,29.749365,29.823660
634,0,0.020723,2.107534,0.151031,0.003421,2.261986,8.930521,14.899213,30.220680,0.074786,1.250648,0.001182,27.893803,29.220419
635,0,0.022470,1.802123,0.132778,0.002437,1.937338,9.649338,15.933480,31.030329,0.078494,0.659347,0.001638,28.964393,29.068412
636,0,0.021390,2.193166,0.145893,0.002176,2.328607,8.334749,15.556004,30.512222,0.060625,1.244606,0.002296,28.063406,29.370933
637,0,0.021907,0.993013,0.105690,0.001889,1.094327,10.360090,16.084582,30.992915,0.059334,0.074438,0.001474,29.793542,29.928788
638,0,0.024195,0.988268,0.097649,0.001821,1.084395,8.722750,16.476943,30.862408,0.058163,0.101161,0.000959,29.682928,29.843211
639,0,0.021299,1.368253,0.123091,0.002080,1.492698,8.068745,15.586594,29.713908,0.105808,0.295749,0.001119,28.071630,28.199239
640,0,0.019776,0.969467,0.098933,0.001760,1.062872,11.048569,15.861600,30.946700,0.052577,0.084918,0.000978,29.784116,29.922474
641,0,0.019007,1.037130,0.093173,0.001822,1.132023,11.703074,15.607866,30.954699,0.057382,0.185297,0.000989,29.739175,29.982843
642,0,0.019408,1.085582,0.130621,0.002319,1.217975,10.551950,16.545160,30.881021,0.057206,0.180476,0.000712,29.571552,29.809841
643,0,0.019611,2.103963,0.177102,0.004267,2.285332,8.611308,15.698059,30.183518,0.074617,1.274722,0.001220,27.827188,29.177747
644,0,0.021556,1.028906,0.105101,0.001704,1.124894,11.258439,15.671371,30.664273,0.054951,0.215614,0.001087,29.432460,29.704112
645,0,0.020225,1.887145,0.148061,0.003893,2.039099,9.844146,15.548342,30.870479,0.070443,0.862725,0.001056,28.702352,28.803284
646,0,0.020217,1.041830,0.114034,0.002065,1.157644,10.941687,15.598390,30.409872,0.058152,0.226117,0.001107,29.164332,29.449708
647,0,0.022242,1.098487,0.106607,0.001920,1.206829,10.692776,15.538364,30.157997,0.058561,0.206756,0.001395,28.864300,29.131012
648,0,0.018924,1.006504,0.104210,0.035612,1.112514,12.117428,14.633410,30.509938,0.054052,0.196591,0.001304,29.278699,29.530646
649,0,0.019642,0.972928,0.097885,0.001886,1.072394,10.857455,16.513901,31.677765,0.052793,0.182892,0.002279,30.519707,30.757671
650,0,0.024048,2.293822,0.230670,0.007135,2.531627,8.367372,16.385159,30.508008,0.108888,1.270378,0.001178,27.923577,29.304021
651,0,0.015021,2.129641,0.184919,0.004886,2.319446,7.382445,16.416699,30.300204,0.080031,1.322562,0.001474,27.938495,29.342562
652,0,0.015903,1.877346,0.105168,0.001908,1.984320,10.129650,15.866858,30.617741,0.075984,1.063931,0.001142,28.523081,29.664138
653,0,0.023007,1.734185,0.154238,0.003540,1.891963,8.248244,15.750090,30.316718,0.086755,0.653087,0.001696,28.305354,28.405628
654,0,0.019028,1.086885,0.111040,0.001793,1.199687,10.951333,15.554380,30.959133,0.049518,0.117039,0.000944,29.679913,29.742087
655,0,0.019331,1.037466,0.182511,0.006690,1.140020,10.276820,15.683414,30.375324,0.048565,0.208178,0.000972,29.047955,29.305670
656,0,0.031531,1.657417,0.113953,0.001848,1.770526,10.913678,15.574487,31.038074,0.061171,0.522115,0.001387,29.163179,29.747852
657,0,0.017726,2.233232,0.178163,0.005055,2.416450,7.398382,16.424912,30.557328,0.082103,1.400726,0.001438,28.089379,29.573440
658,0,0.018900,1.075322,0.097651,0.001693,1.174189,11.079622,15.643685,30.535003,0.052163,0.207853,0.001226,29.274406,29.535648
659,0,0.017317,1.957793,0.167772,0.004719,2.130284,9.723856,15.570062,30.831557,0.075298,1.147919,0.001057,28.626896,29.850947
660,0,0.018631,1.008161,0.103584,0.001743,1.113429,11.168052,15.512679,30.409061,0.052935,0.195086,0.000723,29.223511,29.472255
661,0,0.019304,1.062131,0.117580,0.001916,1.166723,11.242923,15.622176,30.632068,0.061020,0.151110,0.001038,29.354142,29.567310
662,0,0.019704,2.345577,0.185513,0.004830,2.535920,8.513109,16.497637,31.031828,0.064693,1.441356,0.001115,28.464492,29.971656
663,0,0.021593,1.797766,0.106830,0.001777,1.902886,9.803355,14.753839,29.700346,0.241643,0.982320,0.001446,27.514912,28.740321
664,0,0.018221,1.345528,0.168599,0.003333,1.514659,8.693942,16.434127,31.360199,0.055985,0.051339,0.001271,29.746966,29.825491
665,0,0.026978,1.057927,0.097024,0.001783,1.154237,10.953779,15.493469,30.436308,0.061444,0.154474,0.001347,29.183575,29.400840
666,0,0.014788,0.997428,0.099929,0.001811,1.098975,10.451669,15.580262,30.178563,0.048987,0.185105,0.001005,29.007347,29.242444
667,0,0.021930,1.527508,0.104888,0.002215,1.634023,11.114704,15.671461,31.321284,0.054950,0.689412,0.000950,29.601856,30.347168
668,0,0.022737,1.010098,0.099194,0.001655,1.110867,10.959545,15.626772,30.378795,0.053978,0.194224,0.001385,29.182419,29.432006
669,0,0.019859,1.039819,0.102437,0.001725,1.140778,11.184035,15.822438,30.814838,0.059783,0.199750,0.000845,29.580225,29.840603
670,0,0.022842,1.029276,0.120343,0.001764,1.148471,10.127948,15.643953,30.502201,0.059040,0.177520,0.001846,29.255430,29.493836
671,0,0.018610,1.106696,0.116941,0.001880,1.225227,10.329340,15.549468,30.720510,0.058144,0.382193,0.001734,29.275366,29.717437
672,0,0.020190,0.930193,0.110959,0.001839,1.042807,10.472144,16.600082,30.899667,0.054550,0.099227,0.000907,29.795374,29.950058
673,0,0.020147,0.964227,0.094514,0.001673,1.057864,9.570047,15.875765,29.985400,0.353581,0.137078,0.001277,28.539561,29.031497
674,0,0.024595,1.045258,0.100230,0.001819,1.147175,10.965028,15.541268,30.966122,0.059998,0.219252,0.001021,29.731404,30.011675
675,0,0.022227,1.338427,0.109793,0.001883,1.445044,8.882371,15.619090,30.619767,0.301837,0.414755,0.001777,28.830877,29.549246
676,0,0.022329,1.064536,0.102587,0.001901,1.168619,10.729753,15.884679,30.757830,0.057244,0.140501,0.001183,29.501467,29.700395
677,0,0.022506,1.080514,0.111020,0.001840,1.187850,11.125257,15.560428,30.536292,0.064608,0.122955,0.001387,29.246068,29.435018
678,0,0.025969,1.016133,0.121489,0.001941,1.139563,10.329783,15.772286,30.811819,0.059944,0.128674,0.001557,29.592976,29.783151
679,0,0.018336,1.247845,0.116362,0.001751,1.361056,9.845223,15.502022,30.371432,0.060687,0.354979,0.002330,28.914293,29.331821
680,0,0.019466,1.058227,0.306013,0.005597,1.215659,10.763975,15.775753,30.568889,0.055204,0.210301,0.001046,29.006256,29.272807
681,0,0.020445,1.876468,0.123491,0.025720,2.001869,10.130565,15.665428,30.466837,0.157194,1.090680,0.001464,28.248484,29.497822
682,0,0.022642,1.121245,0.103325,0.002239,1.226164,10.026154,15.683728,30.394243,0.064779,0.033028,0.001421,29.061643,29.160871
683,0,0.024946,1.493577,0.145840,0.003055,1.642472,7.630388,16.505734,31.466629,0.071689,0.472923,0.002303,29.675011,29.803004
684,0,0.018038,1.018364,0.118115,0.001943,1.138009,9.366230,15.722471,29.757945,0.060714,0.129210,0.001388,28.530173,28.721485
685,0,0.019189,1.089188,0.105587,0.002025,1.196384,10.927036,16.548408,31.463255,0.075729,0.265961,0.000589,30.161173,30.489130
686,0,0.020455,1.423044,0.102921,0.001890,1.527526,9.291979,15.910517,30.005084,0.054447,0.476288,0.000979,28.315746,28.847460
687,0,0.018923,0.982878,0.094566,0.002039,1.079124,10.939156,15.591724,30.501267,0.054161,0.178316,0.001129,29.340292,29.573898
688,0,0.021143,1.049662,0.108620,0.001669,1.151275,12.079553,15.657394,31.385705,0.063125,0.233851,0.001164,30.117134,30.415274
689,0,0.018844,1.015783,0.100981,0.001757,1.114961,10.039586,16.522860,30.234205,0.086740,0.019076,0.000774,29.007565,29.114155
690,0,0.019348,0.985294,0.101561,0.001772,1.088416,10.877111,15.501950,30.132851,0.054795,0.181449,0.001028,28.957355,29.194627
691,0,0.019030,1.081127,0.102592,0.001898,1.184421,11.298848,16.513289,31.591656,0.099253,0.270329,0.001161,30.269174,30.639917
692,0,0.024567,1.025102,0.136317,0.001919,1.163212,10.361663,15.566283,30.235170,0.058603,0.132116,0.001063,28.999576,29.191358
693,0,0.033804,1.040212,0.103493,0.001914,1.141086,10.224470,15.530131,30.525396,0.064979,0.217137,0.001666,29.280827,29.564078
694,0,0.017169,1.460587,0.115537,0.001701,1.572889,9.859347,15.871443,31.060855,0.082626,0.039565,0.001746,29.374639,29.469352
695,0,0.056462,1.022675,0.094304,0.001805,1.117622,10.554092,15.555736,29.802949,0.056856,0.179848,0.001083,28.599773,28.837560
696,0,0.016841,1.127590,0.102455,0.001933,1.231648,11.058353,15.589999,30.591475,0.070529,0.282863,0.001189,29.259551,29.614132
697,0,0.020180,1.107253,0.105979,0.001933,1.212236,11.210001,15.489578,30.587771,0.059811,0.104018,0.001312,29.281612,29.446753
698,0,0.019055,1.047827,0.118695,0.002047,1.166493,11.074436,15.682268,30.678735,0.054209,0.210072,0.000724,29.427926,29.692931
699,0,0.021228,0.981063,0.108866,0.001921,1.075519,10.871409,15.604761,30.686520,0.057310,0.199973,0.001588,29.501258,29.760129
700,0,0.014209,1.037764,0.104936,0.001827,1.144448,11.519843,15.018897,30.653646,0.053024,0.213604,0.000540,29.431331,29.698499
701,0,0.020557,1.055300,0.138474,0.002083,1.195423,11.369570,15.509717,30.623316,0.055741,0.202239,0.000674,29.367895,29.626549
702,0,0.020809,0.985507,0.117670,0.001897,1.105074,11.810709,15.526912,31.322302,0.057073,0.188062,0.000946,30.137046,30.383127
703,0,0.020555,0.986637,0.098439,0.001730,1.082731,11.258744,15.599138,30.637813,0.052900,0.180311,0.000595,29.451423,29.685229
704,0,0.019761,0.997507,0.099976,0.001843,1.099053,11.142827,15.434881,30.233858,0.060927,0.142163,0.000977,29.043307,29.247374
705,0,0.022690,1.020833,0.107849,0.002089,1.125969,10.808044,15.640300,30.443113,0.061140,0.241134,0.001211,29.201460,29.504945
706,0,0.020610,1.011920,0.099391,0.001902,1.113213,11.682739,14.933678,30.344370,0.051744,0.215892,0.000859,29.156397,29.424892
707,0,0.020716,1.009452,0.100761,0.001643,1.110656,12.258537,15.486685,31.430775,0.059769,0.145830,0.000765,30.232528,30.438892
708,0,0.020665,1.111959,0.123395,0.002009,1.236800,10.156815,15.752055,30.379038,0.059515,0.244987,0.001506,29.048917,29.354925
709,0,0.022087,1.084391,0.192327,0.001980,1.278698,10.494499,15.583414,30.338042,0.059843,0.276885,0.001360,28.974696,29.312784
710,0,0.022648,1.089987,0.116603,0.001919,1.191811,10.943218,15.601544,30.430737,0.056429,0.293815,0.001391,29.130220,29.481855
711,0,0.021216,1.049583,0.203438,0.002218,1.255239,11.140099,15.594774,30.721177,0.056708,0.133060,0.001000,29.467424,29.658091
712,0,0.029158,1.658025,0.221056,0.015429,1.894510,10.837495,15.590188,31.061773,0.062851,0.584306,0.001549,29.059514,29.145002
713,0,0.021771,1.032762,0.093842,0.001750,1.128298,11.399697,14.815851,30.179718,0.057339,0.237291,0.001146,28.965458,29.261234
714,0,0.026689,1.037634,0.115882,0.002216,1.155732,11.060520,15.541676,30.590391,0.060359,0.176261,0.001071,29.346849,29.584540
715,0,0.025820,0.981565,0.113641,0.002009,1.096965,10.979421,15.608385,30.964829,0.063232,0.133364,0.001461,29.792038,29.990095
716,0,0.022362,1.027566,0.154480,0.001909,1.175193,9.669762,16.484450,31.150371,0.064095,0.199382,0.001161,29.869953,30.134591
717,0,0.029909,1.091516,0.125016,0.002067,1.216369,9.005423,15.550836,30.176842,0.102105,0.024353,0.001439,28.815321,28.943218
718,0,0.020619,0.986557,0.100435,0.001708,1.088700,11.313737,15.583108,30.689762,0.056510,0.189728,0.001154,29.521953,29.769345
719,0,0.026479,1.033537,0.102765,0.001956,1.134322,11.084362,15.804168,30.612883,0.064629,0.200241,0.000961,29.345476,29.611307
720,0,0.017990,1.021767,0.099802,0.001859,1.121383,11.028076,14.540576,29.728485,0.063385,0.158356,0.001286,28.514179,28.737206
721,0,0.020097,0.989659,0.111066,0.001761,1.084877,12.349712,15.760494,31.776962,0.052122,0.145231,0.001094,30.589857,30.788304
722,0,0.017055,0.995593,0.097502,0.001785,1.093220,11.100771,15.654346,30.497228,0.046872,0.113239,0.001373,29.326424,29.487908
723,0,0.020362,1.730861,0.101593,0.001840,1.832317,10.415954,15.538717,30.405486,0.078822,0.172364,0.000833,28.459857,28.711876
724,0,0.018799,0.986468,0.097793,0.001930,1.085390,10.785748,16.477700,31.095406,0.051515,0.146444,0.001198,29.928234,30.127391
725,0,0.018558,1.057140,0.104298,0.001771,1.158113,10.945184,15.720750,30.460675,0.053652,0.078648,0.000909,29.200327,29.333536
726,0,0.029736,0.978524,0.100633,0.002053,1.079618,10.554755,15.478356,29.948615,0.057081,0.136745,0.001382,28.772316,28.967524
727,0,0.019312,0.991409,0.094485,0.001791,1.084755,12.174932,15.519642,31.346775,0.053579,0.144531,0.001164,30.176712,30.375986
728,0,0.016843,1.009504,0.099887,0.001909,1.111082,10.457031,15.770829,29.939949,0.053521,0.150446,0.001344,28.743570,28.948881
729,0,0.018648,1.468498,0.136012,0.003681,1.608191,10.869956,15.403872,30.536906,0.056345,0.499099,0.001218,28.829633,28.908324
730,0,0.018503,1.046835,0.122324,0.002002,1.169582,10.046806,15.682785,30.806820,0.058348,0.208508,0.001608,29.544366,29.812830
731,0,0.023882,0.990633,0.103059,0.001896,1.094725,11.305737,15.506500,30.887399,0.058475,0.137587,0.000952,29.707671,29.904685
732,0,0.022071,1.111386,0.105439,0.001910,1.218409,11.627252,15.615787,31.053341,0.075841,0.213156,0.000829,29.735926,30.025752
733,0,0.025692,1.579363,0.118700,0.001637,1.690356,10.304596,15.700338,30.355292,0.063559,0.694325,0.001064,28.553296,29.312244
734,0,0.019713,1.307617,0.098263,0.001722,1.407464,10.417749,15.585519,30.197952,0.075893,0.522620,0.001323,28.679144,29.278980
735,0,0.022661,1.267833,0.117476,0.002004,1.387001,11.355839,15.630368,31.384638,0.059403,0.201637,0.001997,29.897178,29.979395
736,0,0.021626,1.024171,0.109064,0.002084,1.134872,9.456429,16.472668,30.503843,0.054931,0.221553,0.001241,29.279697,29.557422
737,0,0.020880,1.030497,0.121272,0.001981,1.135761,9.591591,16.607609,30.739839,0.056606,0.176934,0.001524,29.498219,29.733283
738,0,0.020192,0.979931,0.114319,0.002217,1.088463,11.004072,15.656183,30.380635,0.054328,0.157939,0.000858,29.204012,29.417137
739,0,0.020783,1.623709,0.149783,0.003399,1.776891,9.122865,15.487093,30.216715,0.050820,0.405064,0.001592,28.389379,28.846855
740,0,0.021098,1.136911,0.101186,0.001750,1.239847,10.324142,16.617315,31.407304,0.061327,0.210101,0.001424,30.077326,30.350178
741,0,0.021924,1.481362,0.131393,0.003295,1.614771,9.197964,16.571189,30.568953,0.061101,0.234595,0.001222,28.852489,29.149407
742,0,0.019365,1.026632,0.101319,0.001841,1.129792,10.378946,15.661938,29.754727,0.056190,0.122651,0.000754,28.536983,28.716578
743,0,0.022157,1.122442,0.097135,0.001872,1.221146,11.291586,15.571971,31.118781,0.062389,0.161103,0.001960,29.787894,30.013346
744,0,0.044869,1.024520,0.096224,0.001676,1.122420,10.765258,15.630334,30.460711,0.090536,0.211605,0.001254,29.217856,29.521251
745,0,0.021187,1.212383,0.113448,0.001913,1.327414,10.953104,15.715412,30.813842,0.066701,0.195354,0.001597,29.376595,29.468117
746,0,0.022401,1.113591,0.172012,0.001944,1.287375,10.206818,15.590861,30.261361,0.066787,0.038692,0.001269,28.874667,28.954555
747,0,0.021715,1.030273,0.148784,0.001948,1.179923,10.921623,15.676339,30.840240,0.062854,0.180925,0.001337,29.566456,29.811365
748,0,0.021127,1.431706,0.163198,0.004314,1.599218,10.965792,15.644588,31.104138,0.069424,0.334244,0.001076,29.393966,29.484910
749,0,0.020800,1.026662,0.125091,0.002356,1.154109,10.998651,15.804230,30.627689,0.057072,0.215537,0.000934,29.394568,29.668111
750,0,0.023594,1.122038,0.109588,0.001920,1.232651,10.189064,15.644395,30.607201,0.058057,0.194100,0.001992,29.280997,29.534877
751,0,0.025634,1.041322,0.092747,0.001894,1.135664,11.041452,15.791466,30.670072,0.060163,0.170551,0.000911,29.442347,29.673972
752,0,0.024192,1.168311,0.112581,0.001756,1.279395,9.595761,16.543019,30.688057,0.059537,0.333426,0.001361,29.310453,29.704777
753,0,0.026985,0.993425,0.094630,0.001973,1.089796,8.474936,16.500765,30.536345,0.065819,0.169530,0.002055,29.341433,29.578837
754,0,0.020788,1.058417,0.097803,0.001797,1.157426,10.058978,15.736929,30.107540,0.055369,0.169370,0.001160,28.863434,29.089333
755,0,0.026947,1.152211,0.114077,0.002110,1.268149,10.371426,15.817742,30.486768,0.054918,0.328342,0.001390,29.132575,29.517225
756,0,0.022664,1.091714,0.157606,0.002157,1.251460,10.105096,15.448961,30.404670,0.063973,0.189856,0.001133,29.085744,29.340706
757,0,0.018485,0.960752,0.096922,0.001786,1.057801,12.122015,14.921357,30.645152,0.045384,0.024060,0.001318,29.510952,29.581714
758,0,0.021368,1.008988,0.101222,0.002098,1.110679,11.564910,15.548342,31.071063,0.052764,0.214771,0.001238,29.876423,30.145196
759,0,0.018685,1.035591,0.108025,0.002016,1.144403,11.087039,15.409852,30.277907,0.057165,0.187847,0.001232,29.045874,29.292118
760,0,0.018587,1.066771,0.117876,0.001952,1.186253,11.730030,15.711269,31.279589,0.056363,0.235841,0.001442,30.008142,30.301788
761,0,0.019468,1.014748,0.104926,0.001947,1.120394,10.222279,16.569432,30.804624,0.053860,0.216090,0.001201,29.595835,29.866986
762,0,0.020873,1.005024,0.099831,0.001742,1.106451,10.219077,15.652849,30.600978,0.056976,0.188855,0.001323,29.404784,29.651938
763,0,0.019219,0.976484,0.103455,0.001710,1.078358,9.271045,15.489962,30.040776,0.058047,0.116556,0.001134,28.873417,29.049154
764,0,0.018915,1.019212,0.118253,0.002006,1.139289,10.619375,16.680302,31.344093,0.052839,0.228506,0.001495,30.122311,30.405151
765,0,0.019330,1.028472,0.095852,0.001922,1.122964,10.676127,15.605730,30.460752,0.051565,0.202147,0.001257,29.258158,29.513127
766,0,0.020441,1.009059,0.095620,0.001961,1.106359,10.930747,15.561301,30.585583,0.054183,0.184703,0.001870,29.395993,29.636749
767,0,0.016853,1.052680,0.134850,0.002032,1.167841,11.238507,15.477871,30.483731,0.059009,0.261971,0.001049,29.205301,29.527330
768,0,0.018467,0.993078,0.108570,0.002027,1.103309,10.059991,16.479611,30.865860,0.055038,0.199860,0.001243,29.679163,29.935304
769,0,0.024658,1.054462,0.102589,0.001883,1.158889,9.779120,16.680849,30.731104,0.062048,0.222831,0.001664,29.463539,29.750082
770,0,0.019785,1.625879,0.113405,0.001945,1.741148,9.791389,15.540509,29.915511,0.060254,0.645622,0.000833,28.083521,28.790230
771,0,0.019660,1.183761,0.097872,0.001716,1.283349,10.245589,15.636486,30.440021,0.056475,0.348881,0.001158,29.071565,29.478079
772,0,0.023693,1.175503,0.096448,0.001814,1.272352,10.404355,15.835904,30.980445,0.058547,0.250625,0.000827,29.618274,29.928273
773,0,0.018012,1.097099,0.201897,0.001884,1.300880,11.239343,15.727465,31.153868,0.089821,0.219092,0.000845,29.820025,30.129783
774,0,0.018788,0.984225,0.109855,0.002122,1.096202,10.171049,16.478118,30.544646,0.059447,0.126349,0.000940,29.360574,29.547310
775,0,0.022164,1.123176,0.100387,0.001929,1.221072,10.126539,16.533762,30.631506,0.060337,0.163633,0.001450,29.311097,29.536517
776,0,0.020721,1.174593,0.103507,0.001878,1.277692,9.882192,15.464755,29.815710,0.070948,0.259313,0.001186,28.427593,28.759040
777,0,0.018881,1.000065,0.114635,0.002066,1.110030,10.963936,15.544989,30.849112,0.049921,0.148980,0.001601,29.657181,29.857683
778,0,0.019854,1.008055,0.112249,0.002186,1.122157,11.571167,15.720849,31.088021,0.054184,0.101953,0.000357,29.895873,30.052266
779,0,0.018197,1.114485,0.102326,0.001884,1.213545,10.404320,15.748237,30.757254,0.057415,0.263701,0.000897,29.447287,29.769300
780,0,0.021483,1.052389,0.106745,0.002290,1.161424,9.559946,16.668959,30.809494,0.056917,0.149466,0.001392,29.563196,29.770971
781,0,0.018804,1.775959,0.177706,0.033399,1.918081,10.222637,15.647323,30.401648,0.073154,0.938182,0.001084,28.322017,29.334437
782,0,0.021754,0.981908,0.128746,0.004495,1.086171,10.608509,15.627192,30.609476,0.057783,0.110574,0.001108,29.400013,29.569478
783,0,0.019925,1.044602,0.102484,0.002070,1.148756,9.479457,16.576784,30.875722,0.052788,0.184383,0.001102,29.643241,29.881514
784,0,0.019970,0.996141,0.101577,0.001875,1.095963,9.902411,15.673442,30.319431,0.054856,0.189273,0.001292,29.137227,29.382648
785,0,0.020441,1.061133,0.096798,0.001739,1.159623,9.232876,15.456289,30.504295,0.053941,0.272621,0.002426,29.242204,29.571192
786,0,0.022069,1.026620,0.113689,0.001855,1.139899,10.267416,15.726759,30.703438,0.057529,0.169850,0.000970,29.472210,29.700559
787,0,0.021139,0.963194,0.101174,0.001720,1.061976,10.125167,15.757144,30.208103,0.064118,0.154646,0.000940,29.050444,29.270148
788,0,0.017951,0.999885,0.101900,0.001736,1.103500,11.273632,15.668887,30.602669,0.058365,0.118366,0.001009,29.406911,29.584651
789,0,0.017706,1.238914,0.116508,0.001804,1.351434,11.511183,15.597426,31.066231,0.054833,0.431502,0.001192,29.624803,30.112330
790,0,0.017575,1.023924,0.102275,0.001810,1.127904,11.334783,15.493817,30.665909,0.049386,0.209732,0.001481,29.464015,29.724614
791,0,0.020496,1.006319,0.100274,0.001881,1.107343,9.663537,16.422772,30.697661,0.057454,0.223590,0.001192,29.499876,29.781867
792,0,0.020054,0.963970,0.104964,0.001897,1.070557,9.029155,15.432419,29.951258,0.055060,0.095605,0.001256,28.789241,28.941162
793,0,0.023737,0.974958,0.096638,0.001784,1.069216,10.116668,15.663032,30.623687,0.066825,0.018519,0.000959,29.454294,29.540565
794,0,0.021007,0.964400,0.112604,0.001878,1.078853,11.706015,15.539964,30.976614,0.056829,0.107621,0.001032,29.820658,29.986140
795,0,0.019560,1.004420,0.107668,0.001798,1.108301,11.743622,15.588752,31.102036,0.054875,0.153706,0.001153,29.900135,30.109869
796,0,0.023305,1.142043,0.122681,0.002180,1.266636,9.365073,16.606130,30.795979,0.060630,0.192926,0.001002,29.439249,29.693807
797,0,0.022918,1.091785,0.120994,0.002218,1.213595,9.498565,15.653107,29.912297,0.061584,0.204910,0.001667,28.603216,28.871377
798,0,0.019531,1.062491,0.095614,0.001890,1.159774,10.168062,15.471524,30.637015,0.054990,0.237245,0.001107,29.396052,29.689147
799,0,0.019013,1.036165,0.102655,0.002020,1.140614,10.385355,15.519227,30.726816,0.056601,0.220669,0.001167,29.485945,29.764382
800,0,0.021065,1.067436,0.111206,0.001925,1.172319,11.055240,15.547755,30.686461,0.066603,0.112330,0.000937,29.404401,29.584271
801,0,0.019961,1.097672,0.115672,0.001961,1.214999,10.746319,15.605735,30.118171,0.055904,0.196208,0.001065,28.821324,29.074501
802,0,0.016809,1.006201,0.101997,0.002054,1.107126,11.079879,15.573778,30.905303,0.058191,0.173879,0.001389,29.705737,29.939196
803,0,0.019749,1.453620,0.100567,0.001947,1.555990,9.734237,15.689440,30.457352,0.084128,0.658666,0.001982,28.782766,29.527542
804,0,0.019104,1.117495,0.109661,0.001878,1.229034,10.868354,15.567910,30.867772,0.059046,0.175177,0.001009,29.550229,29.785461
805,0,0.023499,1.009509,0.114183,0.002010,1.122059,10.699589,15.506525,31.023955,0.053800,0.136065,0.001231,29.816688,30.007784
806,0,0.019155,0.958420,0.105435,0.001952,1.061099,11.347655,15.646590,30.716753,0.056215,0.160802,0.001242,29.567103,29.785362
807,0,0.017794,1.169578,0.096633,0.001775,1.267986,10.684806,15.663380,30.647824,0.061900,0.207617,0.000948,29.290770,29.561235
808,0,0.018997,1.069132,0.105154,0.001718,1.171291,9.641517,15.490029,29.944720,0.055916,0.210307,0.001022,28.677583,28.944828
809,0,0.021163,1.036261,0.120052,0.001965,1.139116,10.258614,15.439533,30.837045,0.060312,0.202642,0.001790,29.588451,29.853195
810,0,0.023424,1.050434,0.105528,0.001884,1.157567,9.706202,15.462483,30.361961,0.059568,0.206785,0.000979,29.109157,29.376489
811,0,0.022169,1.052840,0.164885,0.010401,1.227830,8.031156,15.659479,30.674074,0.059440,0.156185,0.001792,29.360526,29.577943
812,0,0.025837,1.021066,0.097901,0.001854,1.120264,10.454717,15.522069,30.625028,0.061294,0.189455,0.001261,29.414649,29.666659
813,0,0.021240,1.346967,0.122219,0.001862,1.450510,9.862943,15.591865,30.995277,0.094380,0.477848,0.001735,29.388193,29.962156
814,0,0.016593,1.078455,0.132244,0.002052,1.212525,9.388436,1.593587,15.206673,0.054901,0.074279,0.001678,13.865463,13.970428
815,0,0.011570,1.015231,0.118092,0.001925,1.135248,10.626671,16.501639,31.187094,0.057614,0.188629,0.001502,29.971960,30.219705
816,0,0.037293,1.089353,0.117666,0.001975,1.205983,9.953524,16.491180,30.645451,0.088743,0.136398,0.001309,29.310135,29.536585
817,0,0.020484,1.223728,0.185660,0.002925,1.412313,9.846685,15.734158,30.559234,0.055360,0.360417,0.001343,29.141613,29.558733
818,0,0.019269,1.060424,0.106558,0.001899,1.168881,10.867640,15.775134,30.686087,0.054179,0.185771,0.000756,29.435814,29.676439
819,0,0.024731,1.124088,0.112460,0.001746,1.238216,10.419258,15.432566,30.126240,0.072462,0.137267,0.001644,28.798506,29.009879
820,0,0.019536,1.069568,0.110644,0.001944,1.182081,10.772842,15.581200,30.310332,0.057027,0.220564,0.001017,29.046123,29.324731
821,0,0.019445,1.020589,0.122352,0.002369,1.145310,11.688796,15.725543,31.339207,0.052893,0.245671,0.001643,30.138150,30.438357
822,0,0.018941,0.950299,0.167839,0.004160,1.090516,10.207984,15.734378,30.522422,0.052507,0.069346,0.001330,29.290411,29.413594
823,0,0.023759,1.462117,0.100599,0.001935,1.560477,9.865034,15.738317,30.376421,0.079281,0.644419,0.000514,28.695949,29.420163
824,0,0.020872,1.557855,0.125461,0.002379,1.685695,10.336205,15.812173,30.707708,0.054990,0.660453,0.000976,28.952270,29.668689
825,0,0.023633,1.028315,0.108271,0.001870,1.131966,10.245010,16.540073,31.053363,0.060326,0.173838,0.001108,29.826050,30.061322
826,0,0.019788,1.518785,0.142796,0.003221,1.663878,9.502102,15.474414,29.893761,0.064174,0.236640,0.001365,28.121221,28.423266
827,0,0.023272,1.101366,0.131177,0.002761,1.234442,11.237212,15.549376,30.766244,0.058639,0.223568,0.015359,29.442685,29.726018
828,0,0.020154,1.723361,0.130037,0.003048,1.856446,9.451572,15.866490,30.565231,0.065478,0.725366,0.001607,28.604814,28.686376
829,0,0.023086,1.065692,0.101789,0.001819,1.167121,10.657616,15.650855,30.517033,0.093388,0.162223,0.001358,29.219330,29.476299
830,0,0.020897,0.991509,0.106212,0.001958,1.098537,11.246564,16.515296,31.414060,0.058235,0.139894,0.001406,30.229420,30.428955
831,0,0.018709,0.930601,0.102512,0.001884,1.032356,10.642066,15.865018,30.336163,0.048374,0.065967,0.001510,29.228232,29.344083
832,0,0.025913,1.091491,0.120204,0.002042,1.213341,10.654804,15.750979,30.299087,0.077085,0.215020,0.000640,28.991010,29.283755
833,0,0.018844,1.050403,0.109456,0.001863,1.161722,10.674466,15.664581,30.599035,0.054826,0.232189,0.001395,29.352721,29.641131
834,0,0.025467,1.127974,0.118673,0.004078,1.250725,10.429083,15.824200,30.654640,0.060842,0.298993,0.001124,29.324537,29.685496
835,0,0.020149,1.531061,0.140504,0.003034,1.670437,9.634429,15.870197,30.650931,0.074054,0.234612,0.001758,28.870550,29.180608
836,0,0.027081,1.381494,0.119613,0.002054,1.502112,8.272302,15.478758,30.857702,0.066480,0.175969,0.003095,29.253424,29.337264
837,0,0.022271,1.200534,0.158890,0.002403,1.344114,8.614344,15.622140,30.727967,0.059603,0.241369,0.001341,29.265523,29.567836
838,0,0.022475,1.158757,0.117751,0.002162,1.278462,9.573483,15.613950,29.960779,0.056784,0.240113,0.001684,28.593295,28.891876
839,0,0.017522,0.974389,0.101963,0.001785,1.074091,12.356618,14.691708,30.664967,0.053148,0.142057,0.000969,29.502540,29.698714
840,0,0.020051,0.956005,0.099012,0.002560,1.056689,11.830446,15.511268,31.117221,0.053944,0.124420,0.001914,29.975454,30.155732
841,0,0.018501,0.983186,0.100594,0.001744,1.083559,11.253152,15.667704,30.562077,0.056275,0.212002,0.001155,29.393192,29.662624
842,0,0.022255,0.960791,0.118233,0.002449,1.071451,11.242231,15.484926,30.508000,0.060730,0.124813,0.000936,29.331698,29.518177
843,0,0.019344,0.986695,0.127080,0.002108,1.107966,11.081000,15.503826,30.671526,0.053001,0.191437,0.001313,29.474251,29.720002
844,0,0.017887,0.997353,0.100799,0.001694,1.099830,9.845445,16.703078,31.263245,0.065252,0.236074,0.001309,30.065513,30.368148
845,0,0.020200,1.326788,0.095725,0.001895,1.424288,10.172879,15.470796,30.119588,0.077792,0.527327,0.001213,28.587693,29.194025
846,0,0.018749,1.017918,0.162695,0.003504,1.129809,9.561631,16.655538,31.176914,0.053544,0.139478,0.001700,29.856865,30.051587
847,0,0.025810,1.031414,0.097627,0.002051,1.130707,9.322546,15.706161,29.855693,0.070361,0.203249,0.001594,28.627634,28.902618
848,0,0.017665,1.017666,0.112648,0.002373,1.132227,11.093261,16.525171,31.377058,0.058993,0.125756,0.001349,30.159504,30.345602
849,0,0.023682,1.562847,0.101295,0.001896,1.665612,9.095062,15.773441,29.629760,0.097807,0.770288,0.001006,27.821411,28.690512
850,0,0.021628,1.014365,0.101860,0.001827,1.117945,10.414707,15.628531,30.747244,0.052561,0.186973,0.001521,29.551751,29.792806
851,0,0.020517,1.843712,0.116493,0.001901,1.961748,9.476380,15.626223,30.531833,0.056113,1.048019,0.000953,28.476705,29.581790
852,0,0.019917,0.952691,0.118729,0.002084,1.068744,11.467430,15.578284,31.077366,0.052318,0.130649,0.000887,29.922024,30.105878
853,0,0.026356,1.141497,0.131638,0.002168,1.255997,10.848957,15.470375,30.322339,0.062859,0.040229,0.001200,28.952341,29.056629
854,0,0.019983,1.086493,0.111627,0.001782,1.199872,10.757271,15.443747,30.490463,0.057535,0.255744,0.001309,29.205450,29.520038
855,0,0.020215,1.042127,0.122040,0.002328,1.165849,10.777436,15.487851,30.627677,0.053170,0.212944,0.001339,29.372845,29.640298
856,0,0.019359,0.967240,0.096437,0.001907,1.064663,10.959992,15.656835,31.159781,0.050886,0.149422,0.001448,29.996790,30.198546
857,0,0.022590,1.001337,0.102511,0.014755,1.099138,10.131375,15.664826,30.214647,0.060268,0.123027,0.001575,28.981211,29.166081
858,0,0.019210,1.586882,0.159891,0.004038,1.750811,9.671107,16.573048,31.362404,0.054523,0.573700,0.001460,29.512676,29.590071
859,0,0.041068,1.048457,0.115864,0.002056,1.162378,10.514007,15.550409,30.239492,0.068370,0.224310,0.001731,28.972376,29.266787
860,0,0.019309,1.129544,0.113464,0.002156,1.245164,11.579071,14.731783,30.143943,0.050363,0.228513,0.001364,28.815983,29.096223
861,0,0.017734,1.103391,0.164115,0.002438,1.269718,11.115277,15.586753,30.896228,0.049408,0.252287,0.001102,29.515225,29.817883
862,0,0.020710,3.684067,0.202124,0.006357,3.892548,7.801958,13.640070,30.339003,0.065765,1.633670,0.001964,26.336714,28.037996
863,0,0.022656,2.520902,0.180010,0.005399,2.706311,7.611784,15.753159,30.963920,0.094207,1.259660,0.001625,28.163846,29.519338
864,0,0.020818,1.084489,0.115241,0.002322,1.202052,11.173293,15.565980,30.727096,0.062198,0.086715,0.001188,29.420219,29.495179
865,0,0.020801,1.029226,0.129513,0.002192,1.151077,9.592995,15.822681,30.628484,0.067967,0.156542,0.000994,29.367485,29.592988
866,0,0.021600,1.023207,0.112545,0.001734,1.137445,10.214334,16.515857,31.206279,0.057816,0.185321,0.000849,29.976993,30.220979
867,0,0.029122,1.627245,0.289008,0.003986,1.916639,7.247186,15.584695,29.863128,0.064499,0.277593,0.002608,27.826147,28.170324
868,0,0.020233,1.124719,0.128409,0.002042,1.255161,9.992807,16.051865,31.018377,0.058252,0.297480,0.000980,29.686278,30.042853
869,0,0.020463,0.998152,0.097856,0.001970,1.094796,10.849150,15.782623,30.521334,0.054895,0.174171,0.000836,29.329694,29.559596
870,0,0.021413,1.213030,0.105213,0.001998,1.320241,11.198853,15.627777,31.005437,0.055955,0.335289,0.001127,29.598741,29.991112
871,0,0.020604,1.032960,0.118699,0.002052,1.153424,10.959814,15.674726,30.655746,0.056849,0.198198,0.001214,29.431364,29.687625
872,0,0.021285,1.035746,0.113621,0.001800,1.143045,10.720581,15.690199,30.413908,0.055651,0.236047,0.001483,29.157388,29.450569
873,0,0.020483,1.028158,0.120172,0.001937,1.136275,10.620203,15.675359,30.852475,0.059752,0.154113,0.001169,29.609579,29.824613
874,0,0.022983,1.082935,0.109701,0.001809,1.194445,10.181242,15.692968,30.834926,0.068085,0.248984,0.000937,29.545234,29.863240
875,0,0.022829,1.047527,0.100078,0.001943,1.144891,9.968575,15.587341,30.569476,0.056048,0.193020,0.001423,29.334007,29.584498
876,0,0.020264,1.644478,0.108100,0.001880,1.754300,10.945821,15.683495,31.108246,0.058258,0.722149,0.000815,29.194625,29.309203
877,0,0.020438,1.212584,0.110712,0.002001,1.325249,9.017962,1.400001,14.967809,0.055594,0.341885,0.001124,13.558366,13.956969
878,0,0.007651,1.015596,0.114977,0.001891,1.132464,11.462550,15.826632,31.426373,0.056635,0.164783,0.000808,30.212987,30.435213
879,0,0.019363,1.020181,0.099976,0.001892,1.119720,10.469727,15.570295,30.048428,0.056870,0.170166,0.001439,28.830203,29.058678
880,0,0.019634,1.085059,0.104027,0.001997,1.190758,11.745489,15.804469,31.545109,0.083343,0.202180,0.001505,30.235994,30.523022
881,0,0.023428,1.251167,0.147689,0.002514,1.401370,10.455572,15.705108,30.383638,0.058357,0.207273,0.001006,28.891688,29.158324
882,0,0.023241,2.200861,0.187970,0.002789,2.391620,9.246405,15.533306,30.676394,0.070463,0.888700,0.001681,28.237617,29.198461
883,0,0.019304,0.997714,0.093334,0.001905,1.092514,11.099824,15.716557,31.013337,0.057189,0.178314,0.001450,29.831752,30.068705
884,0,0.017821,1.019541,0.115249,0.001732,1.128821,9.729302,15.508497,29.944819,0.059049,0.152807,0.001419,28.710866,28.924141
885,0,0.019285,1.054601,0.116992,0.001900,1.155947,10.396100,15.601847,31.021890,0.056562,0.200014,0.001439,29.758223,30.016238
886,0,0.029153,1.058283,0.110716,0.001863,1.169396,10.047067,16.530912,31.300750,0.057648,0.179823,0.001330,30.039956,30.278757
887,0,0.026618,1.238528,0.128902,0.002235,1.364472,8.912041,16.553957,30.599749,0.061123,0.214952,0.001497,29.137300,29.414872
888,0,0.019299,1.212070,0.109445,0.002257,1.323146,9.940829,15.668576,30.346965,0.083998,0.397838,0.001810,28.898633,29.382279
889,0,0.024221,1.750623,0.125963,0.002882,1.879468,9.886944,15.662376,30.453634,0.058042,0.898914,0.001098,28.507008,29.465062
890,0,0.020880,1.366307,0.113954,0.001963,1.482017,11.236404,15.538652,31.131522,0.058294,0.576121,0.001470,29.550570,30.186455
891,0,0.020204,1.034497,0.100331,0.001893,1.135438,10.735683,15.631492,30.537376,0.058326,0.169328,0.001350,29.309402,29.538406
892,0,0.021696,1.188618,0.104155,0.001910,1.294400,11.690679,14.808401,30.499759,0.060677,0.289492,0.001386,29.108617,29.460172
893,0,0.020721,1.072929,0.122168,0.001847,1.196944,11.234484,15.577698,31.315021,0.059586,0.198797,0.001264,30.032143,30.291790
894,0,0.023984,1.091776,0.105335,0.001745,1.198799,10.284296,16.546906,31.183322,0.058086,0.235042,0.001269,29.895118,30.189515
895,0,0.021842,1.698863,0.125865,0.003320,1.828048,9.984325,15.687011,30.229201,0.068275,0.739013,0.000958,28.294472,28.380896
896,0,0.018231,0.990851,0.096069,0.001791,1.088441,11.363305,15.633425,31.037216,0.049700,0.191260,0.001222,29.872794,30.114976
897,0,0.017628,1.029282,0.109959,0.002063,1.136872,10.672616,15.436969,30.181735,0.056438,0.221675,0.001202,28.957293,29.236608
898,0,0.019602,1.555586,0.219181,0.003861,1.778101,9.589455,16.363942,31.212370,0.059847,0.236912,0.002231,29.337863,29.636038
899,0,0.018870,0.978429,0.099527,0.001850,1.078347,9.803757,15.446353,30.343783,0.055950,0.155177,0.002650,29.178225,29.392002
900,0,0.015323,1.005225,0.100792,0.001821,1.107689,11.034683,15.489669,30.625194,0.051549,0.174542,0.000696,29.441815,29.668602
901,0,0.017227,0.977255,0.101373,0.001908,1.077417,11.918679,15.569516,31.204021,0.054806,0.112693,0.000925,30.036740,30.205164
902,0,0.017831,1.010712,0.101191,0.001776,1.113055,11.643242,15.650576,30.985937,0.055274,0.151042,0.001260,29.787103,29.994679
903,0,0.019421,1.055370,0.099591,0.001819,1.152837,10.684241,15.666215,30.270571,0.048296,0.230885,0.001156,29.031982,29.312319
904,0,0.020348,0.965563,0.103855,0.001709,1.071019,10.697962,16.519930,31.253918,0.050977,0.189789,0.001098,30.113520,30.355384
905,0,0.020173,1.167169,0.107833,0.001726,1.267251,10.574900,15.609214,30.659653,0.052935,0.243345,0.000929,29.295524,29.592733
906,0,0.022267,2.081398,0.102865,0.001927,2.185935,9.507140,15.499135,30.048923,0.076265,1.175126,0.001199,27.750424,29.003014
907,0,0.022973,1.199306,0.108847,0.001842,1.309995,11.671719,15.523407,31.252196,0.058063,0.373186,0.001177,29.849514,30.281940
908,0,0.020882,1.019548,0.108166,0.001922,1.129443,10.604766,16.373953,31.040973,0.057857,0.087507,0.000426,29.826716,29.972440
909,0,0.022411,1.051819,0.123955,0.002246,1.176868,11.031842,15.398524,30.286943,0.057841,0.126604,0.000851,29.018220,29.203516
910,0,0.020569,0.965641,0.104688,0.001788,1.070504,10.951869,16.532937,31.253133,0.057172,0.155942,0.000730,30.080814,30.294658
911,0,0.019165,1.946830,0.127116,0.002723,2.076669,9.423912,15.428536,30.243720,0.075523,1.115255,0.001067,28.069610,29.261455
912,0,0.017393,1.544004,0.143861,0.003013,1.690552,8.362863,16.598763,31.280350,0.062627,0.231210,0.001134,29.493381,29.788180
913,0,0.020981,0.942615,0.103007,0.001816,1.041645,9.673751,15.541898,29.790286,0.056925,0.096496,0.000961,28.660908,28.815290
914,0,0.020016,0.944717,0.101839,0.001830,1.048178,11.631166,15.748784,30.916889,0.045886,0.074356,0.000787,29.795754,29.916783
915,0,0.017713,0.967346,0.121709,0.001911,1.070518,10.526807,16.565170,31.265051,0.049786,0.159179,0.000981,30.097600,30.307546
916,0,0.019789,0.952962,0.109093,0.001812,1.051814,10.158081,16.603657,30.744374,0.049803,0.172538,0.001324,29.591411,29.815076
917,0,0.020967,1.066538,0.108194,0.001957,1.174276,10.576175,15.567281,30.029147,0.054280,0.229152,0.001358,28.770884,29.055674
918,0,0.021884,0.959251,0.110755,0.002187,1.070083,11.969306,15.545085,31.224645,0.054591,0.142407,0.000734,30.067854,30.265586
919,0,0.020463,1.082028,0.115517,0.002511,1.199358,11.437831,15.569126,30.817817,0.060278,0.209872,0.000771,29.528161,29.799082
920,0,0.019993,1.073274,0.117234,0.001884,1.186773,10.901546,15.704283,30.475776,0.052239,0.190064,0.001000,29.203547,29.446850
921,0,0.018014,1.166477,0.113553,0.002045,1.281823,11.393645,15.682891,31.069196,0.058133,0.280654,0.000858,29.695837,30.035482
922,0,0.020309,1.051118,0.109124,0.001843,1.161426,10.189713,15.540001,30.576138,0.054940,0.215782,0.001273,29.331588,29.603583
923,0,0.021511,0.969305,0.094501,0.001883,1.065462,11.221514,15.623085,30.934762,0.057872,0.177183,0.001379,29.779471,30.015905
924,0,0.026068,1.035018,0.097467,0.001861,1.134181,10.129924,15.550582,30.107449,0.054780,0.214078,0.000600,28.881609,29.151028
925,0,0.017762,1.040735,0.097851,0.002035,1.140405,11.001835,15.440838,31.305534,0.047990,0.242728,0.001391,30.091928,30.384037
926,0,0.020129,1.051698,0.112770,0.001941,1.166093,10.948664,15.494324,30.373704,0.056788,0.161178,0.001502,29.120058,29.339526
927,0,0.019072,0.963563,0.110689,0.001912,1.054884,10.985146,15.832652,31.190201,0.053274,0.100828,0.001317,30.027693,30.183112
928,0,0.020264,1.047910,0.102762,0.001532,1.149077,10.610875,15.490249,30.179747,0.051847,0.163086,0.001017,28.948316,29.164019
929,0,0.019704,1.071941,0.137573,0.002768,1.212282,10.906961,15.668991,30.599132,0.104046,0.048542,0.001050,29.245345,29.368957
930,0,0.021276,1.810748,0.231217,0.007324,2.049289,10.135573,15.579442,31.008038,0.072839,0.965555,0.001419,28.934658,29.974471
931,0,0.022218,1.837866,0.145647,0.002935,1.983422,10.152644,15.392676,30.772857,0.065462,0.406184,0.001822,28.673960,29.146774
932,0,0.018046,1.137574,0.106348,0.002020,1.245489,10.221372,16.571048,31.372719,0.074236,0.147418,0.001205,30.009522,30.109444
933,0,0.011693,1.034453,0.100642,0.001830,1.136737,10.274699,15.742681,29.950021,0.061205,0.272192,0.001260,28.729590,29.064247
934,0,0.014594,1.554853,0.131368,0.002476,1.688697,11.151203,15.685796,31.525979,0.058192,0.457089,0.000437,29.729805,29.810112
935,0,0.013041,1.017854,0.119323,0.001997,1.138893,9.851498,15.693983,30.163968,0.047830,0.212838,0.001524,28.956294,29.218486
936,0,0.020240,1.097852,0.114998,0.002177,1.214590,11.102615,15.749934,31.069117,0.051998,0.276071,0.001087,29.778592,30.107616
937,0,0.022747,1.246011,0.140016,0.002753,1.388780,9.834137,15.802155,30.774092,0.051392,0.213050,0.001248,29.291480,29.369173
938,0,0.025956,1.084284,0.121825,0.001796,1.207905,11.231497,15.691926,30.887395,0.056041,0.320742,0.001246,29.612778,29.990807
939,0,0.019604,1.031393,0.098219,0.001792,1.131186,9.552640,15.562326,30.284152,0.066016,0.221846,0.002006,29.054977,29.344845
940,0,0.021865,1.702804,0.153782,0.003440,1.860026,9.125193,0.627499,14.622263,0.055346,0.867577,0.001142,12.718083,13.642148
941,0,0.008221,1.758721,0.353210,0.002861,2.114792,10.057377,15.550174,31.431986,0.084208,0.906483,0.001719,29.433862,30.426272
942,0,0.017705,1.173036,0.121456,0.001950,1.279213,9.996908,16.543398,31.356805,0.065854,0.054353,0.001334,29.984170,30.061642
943,0,0.088549,1.557255,0.124653,0.002072,1.683786,7.742048,16.362262,30.730332,0.106661,0.688314,0.001818,28.911826,29.708619
944,0,0.019341,1.041473,0.105853,0.001911,1.149237,8.652398,16.439778,30.582808,0.053770,0.193392,0.001847,29.348115,29.597124
945,0,0.029022,1.208531,0.111026,0.002013,1.321570,8.712858,15.781926,30.113254,0.056964,0.053941,0.001493,28.707016,28.776421
946,0,0.021615,1.104365,0.121892,0.002043,1.228300,9.901266,15.628567,30.785365,0.055134,0.299853,0.001353,29.492858,29.849198
947,0,0.023316,1.217406,0.110013,0.001852,1.329249,10.132011,15.693265,30.537836,0.099397,0.411842,0.000907,29.072141,29.584287
948,0,0.019574,1.076859,0.112783,0.002135,1.191458,11.227522,15.621291,30.908652,0.057633,0.239758,0.000944,29.645638,29.943973
949,0,0.020769,1.237259,0.113471,0.001775,1.352500,10.797373,15.630237,30.826071,0.134482,0.294956,0.001382,29.356684,29.787504
950,0,0.021828,1.367898,0.157684,0.003748,1.529330,10.075608,15.607390,30.988320,0.068367,0.220420,0.001267,29.312039,29.436092
951,0,0.028130,1.166020,0.103849,0.001861,1.268686,10.781830,15.972365,30.864802,0.066197,0.064194,0.001646,29.489443,29.621480
952,0,0.023070,1.034943,0.100035,0.002182,1.137160,10.599024,16.492982,30.975251,0.060268,0.202687,0.000722,29.752050,30.015727
953,0,0.020651,1.075303,0.101253,0.001826,1.178294,9.402658,16.516903,30.696072,0.055994,0.164086,0.001640,29.427561,29.649281
954,0,0.018347,1.623729,0.118085,0.001953,1.743697,9.995533,15.500158,30.439288,0.078808,0.610717,0.001298,28.578202,28.676833
955,0,0.023462,1.532733,0.144224,0.002974,1.650538,9.966370,15.527920,30.360056,0.058680,0.323378,0.001535,28.598230,28.693149
956,0,0.019358,1.046797,0.099826,0.002035,1.148375,11.011044,15.695691,31.229648,0.687392,0.190460,0.001163,29.364796,30.243811
957,0,0.021079,1.773630,0.184562,0.005451,1.963643,8.383537,15.630925,30.561035,0.054068,0.950607,0.001434,28.559871,29.565980
958,0,0.020681,1.626252,0.360924,0.005670,1.918695,9.090794,15.800082,31.042748,0.110515,0.079494,0.001355,28.906409,29.097773
959,0,0.030538,1.199005,0.187850,0.002396,1.385643,8.507255,16.495924,30.862840,0.069090,0.222661,0.001860,29.360167,29.653778
960,0,0.023019,2.281323,0.143442,0.003722,2.428487,9.414474,15.476811,30.438465,0.086460,1.376312,0.001114,27.925845,29.389731
961,0,0.032664,1.582259,0.290094,0.003525,1.875878,9.094647,15.672856,30.180726,0.122855,0.398640,0.001363,28.156579,28.679437
962,0,0.027992,1.107664,0.125083,0.002061,1.231756,10.989842,15.478622,31.183469,0.063000,0.151227,0.001614,29.854148,30.069989
963,0,0.018979,0.988809,0.103301,0.001833,1.093796,10.329327,15.793788,30.330552,0.054313,0.160581,0.001463,29.157200,29.373513
964,0,0.019964,1.102782,0.101117,0.001952,1.205636,11.680162,15.587759,31.161487,0.058410,0.156153,0.001194,29.868299,30.084056
965,0,0.020509,1.091986,0.132819,0.003382,1.221620,10.001312,16.430520,30.924991,0.057035,0.201357,0.001255,29.609630,29.869277
966,0,0.024007,1.136053,0.128377,0.002236,1.266295,10.153089,16.555162,30.820564,0.058018,0.297233,0.001343,29.468280,29.824874
967,0,0.023096,0.989205,0.100668,0.002064,1.091274,11.427074,15.686962,30.827499,0.052088,0.185650,0.001005,29.658219,29.896962
968,0,0.019546,1.586854,0.104647,0.001943,1.693160,11.351699,14.908038,30.570418,0.069862,0.739330,0.000693,28.774154,29.583892
969,0,0.019494,0.984719,0.140118,0.003375,1.112678,9.236272,15.565828,30.040733,0.060179,0.041482,0.001689,28.806224,28.909141
970,0,0.020779,1.000525,0.102124,0.001836,1.104274,10.915689,15.559709,31.426283,0.056408,0.178057,0.001436,30.233920,30.469821
971,0,0.027636,1.522230,0.104584,0.002229,1.625501,9.020522,16.543062,30.809216,0.072803,0.464514,0.000985,29.074479,29.164706
972,0,0.013803,1.023032,0.101718,0.001787,1.126528,10.355695,16.592903,30.854676,0.052115,0.189154,0.000897,29.645446,29.887612
973,0,0.020285,0.978483,0.097866,0.002025,1.074423,10.845674,15.831059,30.515127,0.055069,0.162573,0.001254,29.355022,29.573918
974,0,0.019747,0.986433,0.098423,0.001821,1.086640,11.442305,15.398881,30.552972,0.051704,0.123480,0.000623,29.389698,29.565505
975,0,0.021048,1.272306,0.115615,0.001812,1.386640,10.922484,15.466741,30.337785,0.057441,0.487375,0.000827,28.849599,29.395242
976,0,0.019118,0.964986,0.102627,0.002017,1.069317,11.616418,15.467831,30.823886,0.056514,0.130094,0.000735,29.669116,29.856459
977,0,0.020761,1.100903,0.096026,0.001809,1.197739,11.705905,15.590330,31.031254,0.055161,0.253167,0.000860,29.751340,30.060528
978,0,0.021805,1.260755,0.136041,0.003556,1.400352,11.185198,15.535929,30.923093,0.054576,0.279428,0.000982,29.419603,29.502709
979,0,0.020507,1.001727,0.096288,0.001815,1.099830,10.062460,15.544182,30.150785,0.055571,0.043619,0.001330,28.967752,29.035632
980,0,0.023764,1.877977,0.110881,0.001805,1.990568,10.548601,15.534894,31.182664,0.081916,1.027501,0.001011,29.074403,30.184831
981,0,0.017986,1.863477,0.130780,0.003106,1.997363,9.815392,16.464650,31.143938,0.055417,1.039232,0.000766,29.081931,30.177346
982,0,0.025760,1.125653,0.125878,0.001942,1.253390,10.261630,15.408125,30.208180,0.059931,0.163039,0.001221,28.863573,29.087764
983,0,0.020598,1.070298,0.135215,0.002030,1.203653,10.798333,15.413858,30.813858,0.068677,0.255313,0.001204,29.511383,29.836577
984,0,0.032595,1.020393,0.118937,0.002073,1.141033,11.020245,15.572615,30.654608,0.058820,0.157584,0.001958,29.418623,29.636985
985,0,0.020065,1.194230,0.112528,0.001815,1.308573,11.119935,15.548501,30.734957,0.057578,0.238640,0.000912,29.344144,29.641274
986,0,0.018686,0.994441,0.115276,0.001811,1.098007,10.860071,16.605089,31.374923,0.057732,0.161345,0.000815,30.176293,30.396185
987,0,0.018845,1.064177,0.114858,0.002136,1.165680,9.913534,16.351181,30.617242,0.069434,0.197373,0.001028,29.323337,29.582522
988,0,0.017291,1.272878,0.113849,0.001938,1.388665,7.119857,16.362526,30.569572,0.055724,0.183336,0.001277,29.095992,29.336329
989,0,0.022465,1.330266,0.109733,0.001861,1.441666,10.340372,15.438029,30.214195,0.056324,0.128564,0.002007,28.682313,28.754278
990,0,0.024466,1.139924,0.103496,0.001839,1.245042,10.830141,15.540922,31.297468,0.073658,0.162924,0.001306,29.942105,30.179993
991,0,0.017884,0.993213,0.105544,0.002029,1.100481,9.499508,15.488501,30.176026,0.052947,0.137464,0.001414,28.973552,29.165377
992,0,0.019755,1.454479,0.142706,0.006112,1.603297,9.428012,15.691282,30.966680,0.062876,0.175177,0.001683,29.287139,29.526040
993,0,0.017544,2.230542,0.170319,0.004567,2.405428,9.141829,15.585540,30.464460,0.049635,1.236189,0.000947,27.964389,28.038038
994,0,0.017509,1.259789,0.118190,0.001942,1.379648,10.609637,16.367611,31.259843,0.070886,0.401789,0.001308,29.774591,30.248574
995,0,0.018417,1.091189,0.116809,0.002055,1.208511,11.168278,15.480025,30.561953,0.058026,0.228595,0.001198,29.265783,29.553602
996,0,0.021005,1.055809,0.112095,0.001789,1.162612,10.011227,16.440628,31.001354,0.057402,0.208016,0.000978,29.728724,29.995120
997,0,0.020088,1.065692,0.129268,0.001952,1.196806,10.224949,16.453358,30.974072,0.052534,0.253325,0.001526,29.696155,30.003540
998,0,0.023723,1.115302,0.113918,0.001917,1.231064,10.188518,16.542951,30.792047,0.060227,0.196786,0.001396,29.469746,29.728155
999,0,0.022702,1.020787,0.109853,0.002116,1.128625,10.206750,15.621940,30.406806,0.051543,0.130776,0.001470,29.188469,29.372258
1000,0,0.019737,1.080685,0.101140,0.001976,1.183499,10.059161,15.536840,30.582944,0.054740,0.230980,0.001895,29.315261,29.602876
1001,0,0.019864,0.991911,0.096709,0.002240,1.090456,11.276672,15.694984,30.760349,0.054057,0.195326,0.001388,29.589588,29.840359
1002,0,0.019742,1.256402,0.100534,0.001818,1.358685,10.461812,16.604578,31.139910,0.060103,0.301640,0.000804,29.686223,29.763547
1003,0,0.019704,1.236986,0.098106,0.002042,1.335876,9.433762,0.325178,13.875616,0.069872,0.388205,0.000769,12.437318,12.896164
1004,0,0.007123,0.991613,0.100832,0.001892,1.094177,12.723134,15.515633,32.106259,0.053151,0.154711,0.000888,30.931681,31.140431
1005,0,0.013207,1.022130,0.102985,0.002042,1.125503,11.302482,15.708053,30.816576,0.052373,0.239824,0.000971,29.609733,29.902901
1006,0,0.015887,1.011614,0.104854,0.001938,1.118184,11.031027,15.338099,30.015897,0.053880,0.223430,0.000863,28.819389,29.097475
1007,0,0.016858,0.989080,0.115616,0.001930,1.102036,11.720666,15.346510,30.807575,0.053104,0.160115,0.001175,29.616989,29.831383
1008,0,0.020732,0.996388,0.187642,0.002779,1.185565,11.643478,15.421914,31.147226,0.057450,0.097221,0.000836,29.898414,30.053921
1009,0,0.018573,0.986903,0.118355,0.002121,1.106936,10.747295,16.448532,31.116416,0.057309,0.068560,0.000774,29.926808,30.053451
1010,0,0.027019,0.963590,0.103895,0.001798,1.065684,11.064262,15.411353,30.360774,0.055604,0.096671,0.001147,29.203765,29.357187
1011,0,0.014880,1.013848,0.102216,0.001760,1.116800,10.969779,15.522607,30.287974,0.057699,0.221359,0.000977,29.087160,29.367195
1012,0,0.026206,1.122763,0.126425,0.002006,1.240338,11.292335,15.516666,30.713184,0.056188,0.267013,0.001358,29.375072,29.699631
1013,0,0.025745,1.038452,0.117261,0.001955,1.157668,11.601194,15.412569,31.104993,0.061098,0.162695,0.001207,29.837485,30.062485
1014,0,0.020826,1.055396,0.119727,0.002097,1.177220,11.067170,16.432978,31.271032,0.055544,0.251673,0.001150,30.016029,30.324396
1015,0,0.020425,1.028766,0.104162,0.002080,1.133030,11.063012,15.408590,30.260790,0.057384,0.180226,0.000847,29.034114,29.272571
1016,0,0.020668,1.040556,0.127922,0.002255,1.170336,10.739161,15.565622,30.364317,0.057303,0.152659,0.001210,29.127958,29.339130
1017,0,0.024658,1.093571,0.127013,0.002169,1.210696,11.748373,15.498050,31.093345,0.060048,0.173363,0.000676,29.777620,30.011707
1018,0,0.019389,1.700320,0.150341,0.003678,1.854339,10.194024,15.648666,30.725925,0.083217,0.312021,0.001493,28.746743,28.850810
1019,0,0.021272,0.985692,0.302479,0.002014,1.168246,10.106322,15.580069,30.625438,0.050762,0.138644,0.001798,29.250342,29.441546
1020,0,0.022791,1.077748,0.116076,0.002143,1.180809,7.864764,16.560827,31.272659,0.055839,0.158403,0.001585,29.981675,30.197502
1021,0,0.022981,1.074874,0.131331,0.002065,1.187714,9.732686,15.529394,30.531135,0.055503,0.197986,0.001857,29.238135,29.493481
1022,0,0.018362,1.017361,0.099600,0.001921,1.118786,9.773403,15.561297,30.204540,0.054026,0.161064,0.001560,29.011148,29.227798
1023,0,0.018404,1.328141,0.147612,0.003595,1.478138,9.466368,16.666876,31.716949,0.054942,0.101920,0.001126,30.149381,30.219579
1024,0,0.023561,1.600207,0.105757,0.001876,1.707619,10.144536,15.536518,30.394095,0.067060,0.570739,0.001360,28.580133,28.665525
1025,0,0.019624,1.857047,0.151842,0.003701,2.012590,10.502109,15.583112,30.728266,0.056381,0.802674,0.001056,28.609570,28.697126
1026,0,0.017859,1.379026,0.132373,0.002420,1.490810,10.483866,15.633312,30.458168,0.061217,0.118516,0.001361,28.857125,29.038219
1027,0,0.017855,1.754042,0.158257,0.003913,1.916212,9.849289,16.440381,31.117698,0.052775,0.532889,0.001809,29.103577,29.179465
1028,0,0.032773,1.241941,0.132357,0.004172,1.378470,10.338374,16.384405,30.696742,0.058700,0.367798,0.000815,29.261907,29.689220
1029,0,0.024908,1.026693,0.106621,0.001912,1.135018,11.172638,15.581824,30.594513,0.058019,0.216739,0.001404,29.376435,29.652597
1030,0,0.017414,1.237751,0.129437,0.002383,1.369571,10.508873,16.571534,31.142171,0.048743,0.271668,0.001268,29.694166,29.755234
1031,0,0.017474,0.961151,0.099400,0.001926,1.058410,10.357806,16.597591,30.608992,0.053097,0.127840,0.001040,29.461306,29.643044
1032,0,0.021838,1.058730,0.106588,0.001824,1.166007,11.308113,15.548811,30.696517,0.051207,0.208822,0.000926,29.449450,29.710405
1033,0,0.019393,1.065339,0.105736,0.002037,1.172822,10.491653,16.378956,30.936170,0.053169,0.251082,0.001070,29.684236,29.989557
1034,0,0.022417,1.027255,0.126091,0.001983,1.155174,10.661423,15.614792,30.271194,0.060375,0.160737,0.001465,29.020541,29.243118
1035,0,0.022349,1.036128,0.109286,0.002022,1.144377,9.636254,16.481751,30.928500,0.055338,0.141581,0.001669,29.698737,29.897325
1036,0,0.029306,1.240116,0.112426,0.001884,1.354235,10.283965,15.389121,30.171827,0.058098,0.170469,0.001234,28.720980,28.950781
1037,0,0.022108,1.050140,0.128948,0.002136,1.180961,11.579525,15.496244,30.936562,0.057525,0.193779,0.001354,29.687201,29.939859
1038,0,0.019302,1.033105,0.124254,0.001935,1.159294,11.274130,15.642262,30.972519,0.053200,0.207442,0.001270,29.760229,30.022141
1039,0,0.020894,1.068567,0.121608,0.001854,1.185504,11.032750,15.600478,30.511345,0.056902,0.175421,0.001444,29.237942,29.471709
1040,0,0.018413,1.073135,0.124647,0.002261,1.186482,11.104814,15.339994,30.504283,0.053726,0.226035,0.002145,29.224009,29.505915
1041,0,0.021047,1.048447,0.120832,0.001910,1.152494,11.650805,15.696057,31.233011,0.055459,0.147595,0.001303,29.981432,30.185789
1042,0,0.020395,1.113511,0.111591,0.001991,1.224098,11.002257,15.421710,30.468378,0.068654,0.151520,0.001782,29.141865,29.363821
1043,0,0.020104,1.045778,0.104245,0.001916,1.151198,11.176716,15.679269,30.789445,0.055810,0.178653,0.001243,29.555533,29.791239
1044,0,0.021882,1.019946,0.095825,0.002107,1.117878,11.547909,15.503130,30.881273,0.052622,0.173063,0.001366,29.686729,29.913780
1045,0,0.014252,0.956666,0.105586,0.002208,1.059464,11.338992,15.753644,30.812994,0.051032,0.135426,0.000733,29.667838,29.855029
1046,0,0.015460,1.004485,0.104303,0.001961,1.108826,10.497759,15.685233,30.257932,0.051085,0.204277,0.001108,29.065358,29.321828
1047,0,0.026722,1.069505,0.124075,0.002038,1.195376,10.084556,15.418982,30.887770,0.070632,0.172813,0.001682,29.582367,29.827494
1048,0,0.022159,1.287225,0.110597,0.002094,1.399571,9.613497,16.347665,31.072626,0.065153,0.172638,0.001307,29.578107,29.817205
1049,0,0.022410,0.972846,0.102440,0.001814,1.072308,10.932685,16.429891,31.025401,0.058971,0.128745,0.001774,29.858809,30.048299
1050,0,0.018188,0.995683,0.102268,0.001909,1.099596,10.661741,15.475414,30.516747,0.054502,0.144351,0.001557,29.324597,29.525007
1051,0,0.017635,0.944851,0.112069,0.001886,1.051708,10.587389,15.612869,30.795307,0.053705,0.100410,0.001920,29.654676,29.810711
1052,0,0.017411,0.982626,0.095383,0.001876,1.079718,10.499245,15.752781,30.096661,0.050428,0.200342,0.001094,28.931262,29.183126
1053,0,0.019385,0.998816,0.102227,0.001949,1.101146,12.048526,15.486483,31.440277,0.056765,0.188994,0.001337,30.254408,30.501504
1054,0,0.017656,1.010504,0.115498,0.001903,1.127874,11.370536,15.472556,30.719323,0.057394,0.197502,0.000935,29.503818,29.759649
1055,0,0.020495,1.045924,0.107043,0.001955,1.151312,11.059231,15.348629,30.185802,0.056422,0.208443,0.001144,28.943051,29.209060
1056,0,0.018170,1.196760,0.110302,0.001784,1.303117,11.178574,16.327825,31.419135,0.056566,0.224792,0.001090,30.021159,30.303607
1057,0,0.017741,0.999734,0.115440,0.001954,1.116935,10.291561,15.362389,30.100779,0.054056,0.196014,0.001576,28.893906,29.145552
1058,0,0.023395,1.027140,0.107549,0.001691,1.133278,11.075783,15.658946,30.821014,0.064216,0.113662,0.000899,29.590790,29.769567
1059,0,0.019376,1.449642,0.130639,0.001986,1.582163,10.633564,15.620555,30.779196,0.064643,0.422422,0.001330,29.098475,29.176109
1060,0,0.018765,1.592924,0.122901,0.002014,1.717839,10.926810,15.605059,30.943373,0.092519,0.373475,0.001146,29.042372,29.196950
1061,0,0.034164,1.360753,0.122556,0.002495,1.485804,9.828017,16.637019,31.126513,0.047254,0.469132,0.001276,29.581472,30.099134
1062,0,0.017674,0.996004,0.108894,0.001911,1.106615,11.021633,15.482922,30.213207,0.052847,0.143410,0.000604,29.024085,29.220946
1063,0,0.022654,1.534721,0.173036,0.004115,1.711872,10.414622,15.497962,30.976929,0.058527,0.142007,0.001363,29.164529,29.366426
1064,0,0.022125,1.052608,0.100404,0.001963,1.154975,10.494305,16.561127,30.990326,0.060728,0.173551,0.001290,29.746567,29.982136
1065,0,0.021948,1.018827,0.109470,0.001926,1.129138,10.842703,15.536417,30.222802,0.060244,0.143344,0.001268,28.998321,29.203177
1066,0,0.019583,1.099417,0.116350,0.001832,1.217599,10.555129,0.552573,14.896330,0.054472,0.206535,0.000839,13.605280,13.867126
1067,0,0.007245,1.109279,0.162420,0.002250,1.271075,10.215917,16.401056,31.727017,0.208253,0.162186,0.001471,30.205129,30.577039
1068,0,0.019450,1.101667,0.119349,0.002139,1.222552,10.179464,15.350220,30.052556,0.056445,0.029325,0.001681,28.744415,28.831866
1069,0,0.018469,1.018652,0.118199,0.002068,1.133386,11.551752,15.403318,30.943135,0.053301,0.175509,0.000795,29.724640,29.954230
1070,0,0.023195,0.975025,0.106022,0.001914,1.081793,10.660696,15.690362,30.713457,0.059119,0.147658,0.001071,29.535195,29.743043
1071,0,0.022215,1.077963,0.114853,0.001810,1.184091,11.335112,15.329270,30.904721,0.066366,0.156784,0.001322,29.604589,29.829061
1072,0,0.020334,1.080352,0.104890,0.001745,1.186987,10.686766,15.503806,30.633085,0.061781,0.237640,0.001449,29.356985,29.657855
1073,0,0.019486,1.027941,0.120450,0.002069,1.150334,10.811060,15.416432,30.680010,0.055412,0.174986,0.001168,29.441262,29.672828
1074,0,0.020188,1.091496,0.102935,0.001817,1.195795,10.934173,15.448172,30.556557,0.058413,0.242751,0.000926,29.273541,29.575631
1075,0,0.019333,1.006703,0.136185,0.002128,1.122364,11.222798,16.432682,31.385227,0.056202,0.159001,0.000971,30.153661,30.369835
1076,0,0.021324,1.091691,0.127888,0.002173,1.216842,11.068207,15.378000,30.438539,0.058011,0.184342,0.001616,29.118566,29.362535
1077,0,0.020078,1.064238,0.105012,0.001986,1.166815,10.969339,16.411849,31.320633,0.057605,0.146845,0.001481,30.061699,30.267630
1078,0,0.021679,1.087706,0.114642,0.001953,1.204175,10.026604,15.536758,30.006686,0.053017,0.207582,0.001494,28.718776,28.980869
1079,0,0.025139,1.796823,0.121110,0.001831,1.914892,9.422614,15.433164,30.645036,0.089196,0.830386,0.001699,28.594508,29.515255
1080,0,0.021707,1.049936,0.099701,0.002015,1.151652,11.801791,15.509691,31.322073,0.051256,0.212561,0.001396,30.093616,30.358829
1081,0,0.020619,1.013859,0.095198,0.001886,1.109460,10.353219,15.666146,30.188668,0.052136,0.251456,0.001027,28.981858,29.286477
1082,0,0.022801,1.078103,0.136363,0.008503,1.222969,10.684243,16.513467,31.486969,0.064096,0.200104,0.001058,30.208995,30.474253
1083,0,0.019631,1.076136,0.112435,0.001812,1.184028,11.054635,15.721333,30.649397,0.058294,0.203212,0.001366,29.372078,29.634950
1084,0,0.018037,1.001203,0.104343,0.001878,1.101936,10.461449,16.340552,30.633332,0.053589,0.154623,0.001080,29.444890,29.654182
1085,0,0.022049,1.045265,0.112161,0.002030,1.155783,11.056981,15.611021,30.514779,0.059977,0.173870,0.001184,29.261750,29.496781
1086,0,0.020247,1.035702,0.125812,0.002286,1.163800,10.932245,15.608057,30.328124,0.054461,0.208096,0.000674,29.118853,29.382084
1087,0,0.021733,1.017961,0.123916,0.002027,1.122632,11.917904,15.664514,31.425038,0.056553,0.245877,0.001469,30.193131,30.497030
1088,0,0.023708,1.043455,0.108997,0.001883,1.153614,10.577738,16.568407,31.029516,0.054357,0.191246,0.001109,29.787623,30.034335
1089,0,0.025801,1.101079,0.111419,0.001857,1.210760,10.210715,15.786368,30.037414,0.058048,0.248556,0.002131,28.731132,29.039867
1090,0,0.018367,1.016108,0.262952,0.006058,1.285118,9.829724,15.772297,30.425215,0.050178,0.181459,0.001384,29.193224,29.426245
1091,0,0.018744,1.041548,0.111858,0.001916,1.155089,11.468156,16.505185,31.711464,0.052797,0.220192,0.000507,30.470454,30.743895
1092,0,0.021403,1.951736,0.119451,0.001949,2.072798,8.393292,16.314074,30.755476,0.057640,1.193578,0.001969,28.546404,29.799591
1093,0,0.017571,1.065559,0.103877,0.001819,1.166584,10.773217,15.559743,30.425266,0.058290,0.260226,0.001082,29.162868,29.482466
1094,0,0.011804,1.000899,0.100741,0.001894,1.103381,11.625361,14.805682,30.066598,0.048978,0.221298,0.000685,28.891988,29.162949
1095,0,0.029126,1.000705,0.099236,0.001923,1.097506,11.664651,15.375223,30.799461,0.053710,0.130710,0.001031,29.612894,29.798345
1096,0,0.018636,1.034267,0.105745,0.001859,1.141639,11.237313,16.428424,31.472767,0.059294,0.185176,0.000803,30.235662,30.480935
1097,0,0.022078,1.014520,0.101040,0.001763,1.115512,11.106513,15.371528,30.436708,0.050825,0.121037,0.001339,29.242533,29.415734
1098,0,0.018993,1.047193,0.127213,0.002722,1.176249,10.275898,16.411346,31.113258,0.057844,0.138114,0.001555,29.847538,30.045051
1099,0,0.020554,1.063767,0.108589,0.002067,1.166989,10.129361,16.470055,30.775413,0.055549,0.159218,0.001068,29.514047,29.729714
1100,0,0.018211,1.590670,0.147180,0.003481,1.741331,10.150383,15.507283,30.384343,0.082936,0.778149,0.001265,28.558710,29.421060
1101,0,0.020755,1.211362,0.103892,0.001877,1.316952,11.170176,15.459714,30.753448,0.081502,0.119660,0.001106,29.327386,29.419204
1102,0,0.017859,1.009368,0.101808,0.001830,1.112870,11.184629,15.441275,30.681598,0.061908,0.156994,0.001550,29.481885,29.702337
1103,0,0.018197,0.955996,0.102957,0.001676,1.058250,10.718856,16.425394,31.327403,0.057243,0.149850,0.001208,30.179834,30.388135
1104,0,0.020529,1.145497,0.143128,0.003050,1.251895,7.728291,15.375395,30.137079,0.065553,0.217595,0.001743,28.730766,29.015657
1105,0,0.022443,1.054648,0.100595,0.001836,1.154825,9.820829,16.603671,31.146770,0.057285,0.133585,0.001460,29.903989,30.096319
1106,0,0.026978,1.075516,0.105537,0.002342,1.178507,10.391864,15.535996,29.892048,0.064806,0.203376,0.000824,28.614578,28.883584
1107,0,0.019721,1.020925,0.107110,0.002277,1.125028,11.818358,15.858557,31.629584,0.054643,0.144858,0.000620,30.415573,30.615694
1108,0,0.018433,1.026649,0.097480,0.002066,1.125758,10.501988,15.555425,29.884903,0.053252,0.219228,0.001576,28.683268,28.957324
1109,0,0.019371,0.987787,0.099458,0.002006,1.088966,11.451316,15.535999,31.303058,0.058857,0.154015,0.001118,30.124419,30.338409
1110,0,0.021999,1.215001,0.099703,0.001825,1.316331,10.026635,16.525057,31.130045,0.057002,0.241662,0.001668,29.727740,30.028072
1111,0,0.023204,1.293106,0.154631,0.034847,1.482584,9.300468,15.696591,30.620768,0.061756,0.440967,0.001654,29.107328,29.611003
1112,0,0.022451,1.169167,0.100263,0.001969,1.271399,10.312098,15.629561,30.256765,0.073149,0.182516,0.000722,28.884169,29.140538
1113,0,0.023712,2.482716,0.419225,0.013915,2.915856,11.999920,11.898670,31.054178,0.384259,0.513089,0.001835,27.722957,28.622140
1114,0,0.033528,2.386960,0.171437,0.004204,2.562601,9.329701,15.674991,30.696978,0.086303,1.374100,0.001774,28.042457,29.504634
1115,0,0.020315,1.076864,0.095044,0.001972,1.172450,10.454527,15.884978,30.217207,0.076485,0.168221,0.001389,28.926211,29.172306
1116,0,0.018339,1.076490,0.105155,0.001981,1.183626,11.888677,15.463960,31.232168,0.056153,0.226464,0.000899,29.966183,30.249699
1117,0,0.019249,1.021262,0.110954,0.001908,1.132139,11.578889,15.611494,30.960677,0.054079,0.091641,0.001126,29.743259,29.890105
1118,0,0.021292,1.062033,0.109387,0.002006,1.173020,10.982496,15.622925,30.634388,0.060544,0.211307,0.000930,29.370919,29.643700
1119,0,0.022615,0.987062,0.096687,0.001920,1.082254,10.796849,15.616936,30.695606,0.054848,0.153116,0.000932,29.517931,29.726827
1120,0,0.019449,1.036513,0.143111,0.010632,1.189152,9.905191,15.591018,30.186521,0.053401,0.176200,0.001019,28.911747,29.142367
1121,0,0.020243,1.021255,0.127809,0.002005,1.150882,11.630450,15.631629,31.094374,0.058180,0.173971,0.000833,29.871122,30.104106
1122,0,0.023706,1.010467,0.127681,0.001893,1.129263,11.274804,15.434894,30.425819,0.063947,0.135268,0.001012,29.194514,29.394741
1123,0,0.023879,0.983155,0.104292,0.001972,1.086608,10.843568,15.530570,30.642662,0.060670,0.143977,0.001130,29.462164,29.667941
1124,0,0.027826,0.995024,0.100679,0.001976,1.097255,11.001409,16.555613,31.626259,0.055360,0.161048,0.001089,30.442674,30.660171
1125,0,0.021558,1.506686,0.098516,0.001715,1.606880,9.477484,15.498787,30.033937,0.082184,0.468206,0.001028,28.313569,28.408170
1126,0,0.020725,1.448066,0.123601,0.002832,1.574205,10.420473,15.570241,31.248186,0.059991,0.619328,0.001047,29.566163,30.246529
1127,0,0.018842,1.009396,0.110687,0.001794,1.121877,10.612478,15.651743,30.342099,0.053966,0.030243,0.001040,29.132574,29.205082
1128,0,0.018618,1.742311,0.103895,0.001907,1.847931,9.872098,15.423756,30.560421,0.073757,0.911639,0.001258,28.601848,29.588502
1129,0,0.023796,2.035496,0.147667,0.003211,2.152045,9.501463,16.441446,31.292340,0.078147,1.142825,0.000856,28.961858,30.183644
1130,0,0.016727,1.057388,0.269639,0.017732,1.207811,9.817220,15.423577,30.388744,0.053357,0.874618,0.001228,28.259743,29.188946
1131,0,0.019641,1.027557,0.360723,0.002045,1.219331,10.651053,15.552906,30.675059,0.051387,0.180320,0.000796,29.205645,29.438148
1132,0,0.021834,1.127733,0.097715,0.001878,1.227030,9.623739,15.595532,30.720242,0.057599,0.270535,0.001578,29.398295,29.728007
1133,0,0.029036,1.450798,0.164354,0.004031,1.619183,9.927766,15.402192,30.250122,0.107520,0.525064,0.001206,28.577093,29.210883
1134,0,0.020398,1.376699,0.190386,0.003580,1.570665,9.521581,15.588706,30.651745,0.054943,0.271214,0.001678,28.968580,29.296415
1135,0,0.022357,2.021423,0.138200,0.002723,2.133806,8.599423,15.386409,30.077750,0.061810,0.727490,0.001593,27.803312,28.594205
1136,0,0.017384,1.031507,0.101329,0.001808,1.134644,10.629853,16.427569,30.912670,0.055556,0.131217,0.001500,29.692857,29.881130
1137,0,0.016727,1.079177,0.118079,0.002157,1.185581,10.755408,15.501980,30.266463,0.055768,0.098155,0.000893,28.977872,29.132688
1138,0,0.017765,2.182056,0.121071,0.002024,2.304858,9.009886,15.532863,29.883674,0.063560,1.202074,0.000825,27.480364,28.746823
1139,0,0.014779,1.681167,0.172754,0.002870,1.856791,9.643695,15.759259,31.130642,0.105197,0.767885,0.001401,29.174547,30.048206
1140,0,0.021438,1.113068,0.119256,0.002148,1.234342,9.156621,16.412153,30.381671,0.061142,0.149105,0.001482,29.056413,29.128941
1141,0,0.013600,1.003316,0.101287,0.001928,1.104911,10.161192,15.601725,29.897137,0.053646,0.190649,0.001414,28.708814,28.954523
1142,0,0.019858,1.382646,0.107692,0.001986,1.483751,10.996757,15.526496,30.787510,0.215083,0.547819,0.001099,29.052320,29.816321
1143,0,0.022739,1.060770,0.110564,0.002000,1.173157,11.207425,15.574562,30.840976,0.053688,0.239377,0.000977,29.575380,29.869422
1144,0,0.020401,1.077038,0.116024,0.001916,1.183686,10.823520,15.491582,30.187804,0.055024,0.230853,0.000841,28.903585,29.190303
1145,0,0.023489,1.096601,0.139578,0.002253,1.222638,10.762573,15.406740,30.174001,0.049260,0.274777,0.000774,28.857444,29.182255
1146,0,0.020610,1.020124,0.151622,0.002461,1.174207,10.846222,15.674883,30.444104,0.058708,0.194043,0.001390,29.188257,29.442398
1147,0,0.018714,1.097006,0.131020,0.001960,1.229986,11.562087,15.637072,31.183072,0.066066,0.123528,0.001041,29.866408,30.057043
1148,0,0.016562,1.014121,0.103664,0.002035,1.116333,10.256333,16.593192,30.520191,0.054674,0.208005,0.000991,29.315119,29.578789
1149,0,0.019163,1.004253,0.101653,0.001968,1.105979,9.234256,16.628937,30.453190,0.051912,0.209409,0.001357,29.260190,29.522868
1150,0,0.019987,1.283525,0.096924,0.001861,1.382086,9.816391,15.519652,29.691857,0.062505,0.429337,0.001183,28.216775,28.709800
1151,0,0.020019,0.946104,0.107005,0.001916,1.048671,11.648654,15.524924,30.880352,0.053745,0.132155,0.001135,29.741841,29.928876
1152,0,0.021242,0.995063,0.103492,0.001885,1.100433,10.954475,15.506869,30.502507,0.057023,0.187955,0.000836,29.317299,29.563113
1153,0,0.020476,1.012251,0.151140,0.004439,1.167830,10.652960,15.370435,29.906283,0.056878,0.228486,0.001455,28.665733,28.952552
1154,0,0.019327,1.022224,0.104156,0.001835,1.127980,10.853677,16.440315,31.287156,0.056610,0.237259,0.001008,30.070345,30.365222
1155,0,0.023493,1.015145,0.111511,0.001981,1.127346,9.936883,16.333278,30.516443,0.059466,0.193900,0.001427,29.292559,29.547352
1156,0,0.018559,0.957800,0.096209,0.001822,1.055622,9.062079,15.882196,29.621817,0.052478,0.155442,0.001233,28.484638,28.693791
1157,0,0.019490,0.981729,0.102625,0.002061,1.082340,10.592786,15.829734,30.900297,0.054047,0.141030,0.001158,29.730872,29.927107
1158,0,0.016790,1.018720,0.103016,0.001771,1.123318,10.709693,16.378931,30.795502,0.055832,0.184354,0.000999,29.590090,29.831275
1159,0,0.021134,1.025068,0.131738,0.002073,1.156374,10.737477,15.414479,30.195604,0.059567,0.190283,0.001394,28.940532,29.191776
1160,0,0.016154,1.009571,0.114482,0.002300,1.104359,10.197408,15.516113,29.304569,0.055464,0.199185,0.000931,28.091867,28.347447
1161,0,0.017337,0.951851,0.099228,0.001885,1.050082,12.733842,15.610236,31.874088,0.052937,0.101804,0.001225,30.737928,30.893894
1162,0,0.018221,0.988687,0.102036,0.002042,1.092616,10.350563,16.525685,30.632797,0.052851,0.141887,0.001582,29.461061,29.657381
1163,0,0.020264,1.012937,0.104070,0.001724,1.115562,10.352397,16.453003,30.455459,0.054095,0.174160,0.000542,29.242399,29.471196
1164,0,0.017686,1.021085,0.108308,0.002018,1.129242,10.475917,15.316464,29.539846,0.053923,0.195421,0.001184,28.321845,28.572373
1165,0,0.018855,1.040855,0.104180,0.002646,1.146675,11.670816,15.340605,30.750034,0.060614,0.221690,0.000648,29.515105,29.798057
1166,0,0.018279,1.041197,0.106752,0.002061,1.149744,10.392506,15.487990,30.850908,0.054397,0.181834,0.014320,29.601982,29.852533
1167,0,0.019152,1.036679,0.106068,0.001802,1.140111,10.575043,15.485855,30.135246,0.054515,0.175164,0.000945,28.908682,29.139306
1168,0,0.019617,1.002131,0.097256,0.001902,1.101026,10.395823,15.579116,30.128709,0.062654,0.192156,0.001034,28.936489,29.192333
1169,0,0.018571,1.730099,0.328565,0.004878,1.868678,9.312480,15.294692,30.708009,0.090466,0.890798,0.000763,28.515308,29.497335
1170,0,0.018183,1.059682,0.123337,0.002263,1.185282,9.817122,15.540074,30.267019,0.058507,0.236434,0.001352,29.006573,29.302866
1171,0,0.018309,0.998558,0.100078,0.001985,1.096943,10.753286,15.493261,30.913957,0.050501,0.150580,0.001200,29.736210,29.938491
1172,0,0.018178,1.124239,0.101564,0.001765,1.227568,10.836041,15.566122,30.206799,0.051105,0.177763,0.000807,28.902875,29.132550
1173,0,0.021207,1.220879,0.326685,0.009979,1.557543,9.870232,15.470605,30.470955,0.055457,0.305888,0.001204,29.021906,29.384455
1174,0,0.021705,0.997812,0.140532,0.001928,1.140269,11.086012,15.958106,30.917385,0.057380,0.183679,0.001010,29.709107,29.951176
1175,0,0.024090,1.051354,0.106679,0.002184,1.160217,10.161402,16.484709,30.630779,0.055075,0.210284,0.001185,29.387654,29.654198
1176,0,0.022847,1.921396,0.144842,0.003560,2.069798,8.940312,16.405892,30.424293,0.075258,0.927017,0.001295,28.245716,28.333167
1177,0,0.020962,1.132401,0.114349,0.001937,1.244309,9.691894,15.683459,29.647213,0.055822,0.249043,0.000938,28.315239,28.620547
1178,0,0.021310,0.988832,0.101181,0.001929,1.091942,11.348994,15.558021,30.668312,0.059679,0.154913,0.000948,29.491683,29.707223
1179,0,0.019504,1.079126,0.151539,0.002051,1.232716,11.557417,15.681567,30.946324,0.053824,0.238864,0.001315,29.686972,29.980975
1180,0,0.029356,0.955644,0.104278,0.001666,1.060338,9.712169,16.433895,30.453220,0.062293,0.136154,0.001541,29.298341,29.498329
1181,0,0.019051,1.013040,0.101114,0.001787,1.115897,10.487967,15.473731,29.976934,0.056148,0.221423,0.000794,28.771403,29.049768
1182,0,0.022195,1.002940,0.143884,0.002261,1.140163,10.675258,16.383042,30.826062,0.052279,0.181191,0.000723,29.594305,29.828498
1183,0,0.021357,0.991516,0.128032,0.001931,1.100966,11.008452,15.391274,30.158413,0.055912,0.155860,0.001107,28.953063,29.165942
1184,0,0.016234,0.940284,0.113789,0.001859,1.037585,11.634879,15.642080,30.904755,0.046293,0.141491,0.000794,29.776725,29.965303
1185,0,0.022558,1.009930,0.103711,0.006750,1.113157,10.956414,15.592571,30.157853,0.053219,0.095889,0.000936,28.959299,29.109343
1186,0,0.018239,0.945589,0.095436,0.001767,1.042650,10.856398,15.475276,29.932634,0.054396,0.146324,0.001048,28.804346,29.006114
1187,0,0.019089,0.935116,0.115615,0.001910,1.052214,11.523144,15.561216,30.566798,0.045627,0.144408,0.001091,29.446922,29.638048
1188,0,0.019617,1.269785,0.099940,0.001936,1.368258,10.799065,16.611321,31.273485,0.058058,0.266073,0.032820,29.813520,30.138846
1189,0,0.019966,0.933534,0.098420,0.001911,1.030929,10.140951,16.511625,30.507847,0.053992,0.126021,0.001752,29.389350,29.571115
1190,0,0.018642,1.055315,0.123641,0.002099,1.180504,8.959845,16.455462,30.125406,0.051994,0.128172,0.001408,28.859632,29.041206
1191,0,0.017177,0.978822,0.113435,0.001899,1.094156,10.694002,15.720825,30.507662,0.048210,0.164348,0.000917,29.353547,29.566906
1192,0,0.017509,1.014732,0.103446,0.001832,1.119946,9.514123,16.310027,30.412143,0.048480,0.230484,0.001197,29.217818,29.497979
1193,0,0.018337,0.977998,0.113654,0.002238,1.077361,9.590798,16.307877,30.377699,0.056461,0.151103,0.000958,29.199186,29.407708
1194,0,0.029035,1.904303,0.180531,0.013315,2.098149,10.401252,15.446129,30.559382,0.053542,1.069935,0.000814,28.448088,29.572379
1195,0,0.019437,1.438840,0.173135,0.004514,1.616489,8.880125,15.522786,29.955835,0.058270,0.290436,0.001685,28.244682,28.321478
1196,0,0.018062,1.875437,0.124974,0.002944,2.003355,8.413146,16.362240,31.093006,0.063506,1.066604,0.001876,28.976465,30.108451
1197,0,0.019170,1.030295,0.101403,0.002034,1.127980,9.980047,15.453879,30.113331,0.046535,0.208113,0.000878,28.906766,29.162292
1198,0,0.012843,1.004813,0.157054,0.002448,1.133609,10.712467,15.523109,30.464012,0.049334,0.174627,0.001222,29.224985,29.450168
1199,0,0.018488,0.984374,0.100369,0.001926,1.086540,10.730231,15.450947,30.471039,0.053987,0.163165,0.001206,29.299382,29.517740
1200,0,0.018107,1.027797,0.104413,0.002022,1.131475,9.719449,15.542172,30.084192,0.052818,0.084227,0.001204,28.865808,29.004057
1201,0,0.019138,0.989429,0.112488,0.001893,1.094010,10.847376,15.462225,30.946172,0.056849,0.158119,0.001548,29.753458,29.969974
1202,0,0.018414,0.958629,0.100686,0.001839,1.060906,11.089996,15.583305,30.498097,0.051614,0.154959,0.001036,29.356424,29.564033
1203,0,0.020563,1.637453,0.165544,0.002359,1.805356,10.175887,15.406892,30.506570,0.069333,0.492141,0.001129,28.610824,29.173427
1204,0,0.014314,1.017747,0.115119,0.002012,1.134130,10.440826,15.645326,30.682625,0.053182,0.169517,0.001415,29.466820,29.690915
1205,0,0.018794,1.458145,0.235879,0.008640,1.702664,10.085496,15.575859,30.226848,0.054957,0.542434,0.001359,28.460411,29.059161
1206,0,0.022461,1.363401,0.141741,0.003254,1.508396,9.466045,15.626641,30.322206,0.057760,0.346939,0.001328,28.721932,29.127636
1207,0,0.021089,1.105377,0.106043,0.001973,1.213243,10.608567,15.407781,30.490838,0.073583,0.211861,0.002297,29.159131,29.446872
1208,0,0.020321,1.011344,0.104807,0.001916,1.117852,9.451106,16.391776,30.791782,0.059615,0.109021,0.001357,29.582244,29.752237
1209,0,0.021954,1.055075,0.104312,0.002063,1.156528,10.139110,15.634294,30.312731,0.060132,0.219788,0.000674,29.061835,29.342429
1210,0,0.023236,1.769695,0.120372,0.002170,1.886533,9.074478,15.638157,30.193839,0.094438,0.160354,0.001621,28.175749,28.432162
1211,0,0.019362,1.047540,0.104522,0.001899,1.147816,11.325299,15.575515,30.660968,0.055054,0.229018,0.000659,29.425016,29.709702
1212,0,0.016849,1.004780,0.108379,0.001840,1.114999,10.526728,15.492068,30.130064,0.057526,0.167075,0.001259,28.924153,29.150013
1213,0,0.021216,0.984662,0.096095,0.001945,1.081795,11.123311,15.590256,30.303623,0.057428,0.200559,0.001057,29.122832,29.381876
1214,0,0.018834,0.956864,0.101855,0.002059,1.060599,11.705102,15.574551,30.916788,0.049167,0.156848,0.000842,29.774529,29.981386
1215,0,0.020930,1.045365,0.100550,0.002066,1.146823,10.937809,15.740271,30.427328,0.054742,0.215176,0.001268,29.193800,29.464986
1216,0,0.021821,0.992816,0.102834,0.001842,1.097492,11.174471,15.522566,30.357521,0.054890,0.154550,0.000745,29.176696,29.386881
1217,0,0.019642,1.191795,0.106514,0.002114,1.299833,10.361061,16.491677,30.868253,0.047789,0.177958,0.001153,29.481164,29.552562
1218,0,0.019557,0.990158,0.108669,0.001869,1.100555,10.770054,15.498032,30.313994,0.054279,0.150470,0.001483,29.144130,29.350362
1219,0,0.018682,1.003482,0.092957,0.001845,1.097342,10.894520,15.498831,29.953629,0.051887,0.180129,0.000514,28.778298,29.010828
1220,0,0.020413,0.981933,0.102384,0.002003,1.085931,10.802033,16.321801,31.261710,0.057379,0.154800,0.001069,30.079825,30.293073
1221,0,0.018054,1.001776,0.119044,0.001858,1.117910,9.988993,15.434468,29.525475,0.057712,0.148270,0.000821,28.317576,28.524379
1222,0,0.018015,1.040081,0.105578,0.002071,1.147332,11.725919,15.357665,30.898876,0.061066,0.203493,0.001103,29.663452,29.929114
1223,0,0.017251,1.013651,0.117138,0.002094,1.128878,11.317347,15.462281,30.512508,0.053208,0.145022,0.000844,29.297151,29.496186
1224,0,0.019059,1.241596,0.164922,0.004814,1.344690,10.230830,15.690642,30.828933,0.071572,0.409720,0.001185,29.306218,29.788603
1225,0,0.026612,1.084594,0.101992,0.001970,1.185932,10.600946,15.347207,29.776476,0.061087,0.229988,0.001139,28.495104,28.787318
1226,0,0.019871,1.021027,0.105420,0.001758,1.128155,10.557306,16.369014,30.995345,0.053536,0.197668,0.000885,29.790045,30.042134
1227,0,0.020295,1.651616,0.183868,0.003516,1.805143,9.328089,15.594697,30.339251,0.079356,0.673291,0.001180,28.417513,28.514377
1228,0,0.014014,0.934862,0.103941,0.002011,1.038841,11.011485,15.655402,30.380018,0.044792,0.124613,0.001636,29.265809,29.436850
1229,0,0.020889,1.427245,0.128617,0.002786,1.531176,9.698837,15.529379,30.119569,0.064056,0.101805,0.184354,28.445948,28.612988
1230,0,0.017196,1.007957,0.328659,0.003812,1.215989,10.164446,16.512042,31.298792,0.054470,0.140936,0.001229,29.870765,30.067400
1231,0,0.018585,1.545666,0.103950,0.001846,1.650179,10.360818,15.423183,30.143879,0.055049,0.716832,0.001122,28.409837,29.182840
1232,0,0.021832,2.219989,0.105569,0.001659,2.327137,9.538549,15.407124,30.254102,0.061239,1.325427,0.000902,27.833322,29.220890
1233,0,0.020663,0.990196,0.115311,0.001815,1.089743,10.059719,16.365106,30.608968,0.052705,0.104782,0.001121,29.416338,29.574946
1234,0,0.017193,1.702964,0.151069,0.002637,1.807166,9.634858,15.364697,29.950429,0.062915,0.927179,0.000963,27.989228,28.980285
1235,0,0.018417,0.957944,0.119111,0.002004,1.078886,10.596578,16.517061,31.327212,0.054431,0.114571,0.001325,30.171097,30.341424
1236,0,0.021241,1.069592,0.107565,0.001609,1.178710,9.646456,16.475324,30.275425,0.053378,0.294757,0.001164,29.016844,29.366143
1237,0,0.020253,0.940170,0.100850,0.001799,1.036841,9.906218,16.438186,30.366973,0.054365,0.132377,0.001419,29.242707,29.430868
1238,0,0.023584,1.219516,0.132759,0.002608,1.327940,9.828389,15.522655,29.795409,0.055306,0.113427,0.001686,28.344508,28.514927
1239,0,0.029186,1.074783,0.112328,0.001830,1.183726,10.761963,16.445835,31.128564,0.058849,0.144018,0.000993,29.847703,30.051429
1240,0,0.021142,1.106128,0.116385,0.002379,1.223219,10.088541,15.487075,29.737651,0.064007,0.221685,0.001420,28.416722,28.703834
1241,0,0.018738,1.009579,0.099549,0.001674,1.106926,11.395934,15.491184,30.740138,0.052645,0.196396,0.001349,29.546057,29.796447
1242,0,0.017763,0.967130,0.098570,0.001653,1.067353,11.096256,15.724109,30.689905,0.053775,0.177814,0.000871,29.544198,29.776658
1243,0,0.021763,1.110760,0.167532,0.001859,1.280107,11.208248,15.552373,30.699417,0.058096,0.272416,0.001206,29.403899,29.735617
1244,0,0.018263,1.038824,0.101039,0.001821,1.140158,10.126812,16.448375,30.586939,0.052310,0.229793,0.001564,29.362068,29.645735
1245,0,0.017815,1.387178,0.144958,0.002643,1.534779,10.002345,15.398464,29.975941,0.051668,0.501949,0.000730,28.384233,28.938580
1246,0,0.020926,0.993510,0.114814,0.001819,1.107293,11.210066,15.443241,30.361967,0.060206,0.114056,0.001454,29.160859,29.336575
1247,0,0.020141,0.954576,0.102552,0.001758,1.054229,11.038045,15.586405,30.744985,0.052687,0.148554,0.001321,29.601536,29.804098
1248,0,0.019943,1.001051,0.105050,0.001741,1.107842,11.159829,15.430862,30.399232,0.058312,0.115310,0.001055,29.207580,29.382257
1249,0,0.020124,1.127957,0.101838,0.001980,1.230927,9.397969,16.286366,30.506031,0.055913,0.246714,0.001610,29.183068,29.487305
1250,0,0.024883,1.011848,0.106226,0.001922,1.119996,10.868873,15.331477,30.220601,0.056834,0.221168,0.000761,28.999282,29.278045
1251,0,0.023493,1.083491,0.124920,0.002185,1.204801,10.785677,16.478156,30.997185,0.054420,0.246625,0.001029,29.703417,30.005491
1252,0,0.021100,1.022168,0.104460,0.001760,1.128298,10.070712,16.331438,30.334779,0.066147,0.192310,0.001092,29.112673,29.372222
1253,0,0.023517,0.995852,0.145674,0.002015,1.141945,10.135878,16.374438,30.562824,0.057132,0.187783,0.001228,29.335232,29.581375
1254,0,0.022834,0.951027,0.104053,0.002053,1.057133,11.517163,13.639015,30.422029,0.115374,0.150777,0.001376,29.213713,29.481162
1255,0,0.021043,0.990090,0.232579,0.004023,1.214595,10.002980,15.444231,29.929322,0.056507,0.200337,0.001007,28.410445,28.664378
1256,0,0.024560,1.014381,0.109100,0.001808,1.124348,11.064685,16.371313,31.203984,0.060870,0.149045,0.001205,29.982468,30.193588
1257,0,0.023199,1.371593,0.141502,0.008212,1.516310,9.189849,16.329651,30.340316,0.065524,0.210151,0.001149,28.713584,28.990408
1258,0,0.016934,1.488008,0.129390,0.002096,1.619494,9.864288,15.336602,30.083445,0.055344,0.447752,0.001304,28.371052,28.445831
1259,0,0.020026,1.791932,0.142005,0.002303,1.936240,8.909370,15.642606,30.403856,0.065782,0.944827,0.001881,28.378031,29.390521
1260,0,0.023246,1.145012,0.115274,0.002166,1.255559,10.117581,15.619692,30.667787,0.060073,0.145035,0.001160,29.306284,29.512466
1261,0,0.025610,1.003065,0.149704,0.001960,1.154652,11.126068,15.453836,30.426742,0.061021,0.146043,0.000713,29.224412,29.432095
1262,0,0.014949,1.002849,0.113396,0.001845,1.105072,11.188392,15.489930,30.399861,0.046979,0.187350,0.001479,29.206297,29.442105
1263,0,0.023049,1.006547,0.105335,0.001966,1.111969,11.029111,15.525733,30.170907,0.057103,0.225591,0.000764,28.952980,29.236093
1264,0,0.017534,1.160098,0.135661,0.002876,1.298635,9.117528,16.459533,31.129911,0.051937,0.071138,0.001617,29.741365,29.812575
1265,0,0.018412,1.222995,0.117953,0.002071,1.339194,9.087532,15.318602,29.667429,0.064627,0.303188,0.001485,28.227419,28.596719
1266,0,0.018096,1.051650,0.118266,0.001784,1.171497,10.220700,15.490079,30.431380,0.056869,0.266104,0.001057,29.144818,29.468848
1267,0,0.017936,1.073959,0.114623,0.001931,1.190513,11.178572,15.553788,30.551791,0.052952,0.274622,0.000722,29.288243,29.616539
1268,0,0.019286,1.043222,0.112190,0.001916,1.157328,10.413203,15.572606,30.382132,0.052731,0.207799,0.000824,29.145676,29.406295
1269,0,0.017072,1.047769,0.113691,0.002111,1.150949,11.166300,15.415828,30.713032,0.059315,0.171635,0.001329,29.462245,29.694524
1270,0,0.017720,1.057639,0.111538,0.002045,1.171025,11.366203,15.477764,30.682572,0.056780,0.254200,0.001012,29.429647,29.741639
1271,0,0.020964,1.043607,0.232390,0.002558,1.278555,9.324537,16.532683,30.726092,0.058835,0.201816,0.001579,29.409507,29.671737
1272,0,0.023095,1.055379,0.098630,0.001853,1.155033,9.451356,15.596630,30.084972,0.054186,0.164706,0.001131,28.834139,29.054162
1273,0,0.020145,0.995570,0.094220,0.001830,1.088718,10.063734,15.455334,30.006654,0.053934,0.140585,0.001191,28.834428,29.030138
1274,0,0.014342,0.969988,0.112139,0.001548,1.068267,11.001309,16.497817,31.297253,0.053907,0.164161,0.000958,30.132391,30.351417
1275,0,0.018257,1.002404,0.112176,0.001809,1.116363,10.839919,15.604034,30.181536,0.052276,0.200073,0.001077,28.995413,29.248839
1276,0,0.018867,1.132865,0.105169,0.001849,1.239869,10.494632,16.440342,30.794035,0.074139,0.100237,0.001205,29.446897,29.622478
1277,0,0.020440,1.117990,0.120008,0.002066,1.239977,10.024204,15.465880,29.899653,0.068263,0.165536,0.001578,28.575765,28.811142
1278,0,0.021067,1.057626,0.115995,0.001969,1.175045,11.002060,15.346923,30.344939,0.060558,0.198772,0.001836,29.079984,29.341150
1279,0,0.022080,1.545730,0.163114,0.003786,1.709557,10.084688,15.379594,30.435191,0.062744,0.136219,0.001168,28.622624,28.822755
1280,0,0.018654,0.986560,0.099845,0.001913,1.088004,11.470879,15.501033,30.687783,0.055726,0.172145,0.000965,29.514091,29.742927
1281,0,0.019346,1.395640,0.102855,0.001818,1.500127,10.471856,15.467934,30.221627,0.052457,0.566276,0.001350,28.644526,29.264609
1282,0,0.017095,0.973530,0.100779,0.001787,1.073097,11.615627,15.701040,30.994745,0.051423,0.077713,0.000937,29.840412,29.970485
1283,0,0.021709,1.250326,0.107758,0.001842,1.359926,9.363952,16.486949,30.531870,0.068061,0.264401,0.001851,29.072114,29.154818
1284,0,0.020902,1.027460,0.102489,0.001838,1.131565,9.635070,15.680214,29.929858,0.052253,0.206111,0.001317,28.716555,28.976236
1285,0,0.017104,1.032652,0.103803,0.001865,1.138320,11.387711,14.528595,29.617002,0.053209,0.207798,0.001048,28.405651,28.667706
1286,0,0.018527,0.941487,0.101807,0.001731,1.043459,11.465879,15.541775,31.646870,0.053258,0.119850,0.001984,30.515687,30.690779
1287,0,0.021703,1.124701,0.117821,0.001975,1.244307,9.566222,15.531587,30.330847,0.065016,0.240273,0.001342,28.995659,29.302290
1288,0,0.020285,1.719967,0.106823,0.001781,1.828355,9.269631,15.541533,30.330681,0.096840,0.878041,0.001362,28.375217,29.351460
1289,0,0.017257,0.993739,0.100554,0.001980,1.093020,11.205163,15.519179,30.402930,0.052711,0.227289,0.001024,29.218971,29.499995
1290,0,0.019886,1.084778,0.107158,0.001914,1.185845,11.547367,14.941863,30.267572,0.056402,0.259146,0.001104,28.991277,29.307929
1291,0,0.019938,1.123128,0.145583,0.001914,1.270497,11.303594,15.547906,31.187319,0.054631,0.270200,0.001506,29.876256,30.202593
1292,0,0.017776,1.449799,0.126564,0.002050,1.578413,8.797664,16.309371,30.515726,0.059701,0.129527,0.001482,28.866418,29.057128
1293,0,0.027340,0.942756,0.115053,0.001906,1.059522,9.895676,15.390997,29.795634,0.057673,0.080024,0.000815,28.656884,28.795396
1294,0,0.025450,1.127295,0.141935,0.004111,1.273341,10.106771,16.354752,31.001148,0.065715,0.105631,0.000791,29.610819,29.709133
1295,0,0.017302,0.926319,0.152919,0.003973,1.083211,9.565854,16.346812,30.414633,0.050074,0.127189,0.001198,29.307695,29.486156
1296,0,0.019222,1.130400,0.101402,0.001904,1.232123,10.000583,16.301612,30.726863,0.072623,0.032044,0.001220,29.375214,29.474877
1297,0,0.019010,0.979527,0.131692,0.002475,1.112323,10.750194,15.517087,30.022673,0.072832,0.164934,0.001124,28.804675,29.043565
1298,0,0.022105,1.022262,0.101060,0.001973,1.123706,9.723369,15.379290,29.986736,0.055572,0.198790,0.001246,28.774000,29.029608
1299,0,0.023259,1.051005,0.109228,0.001979,1.151906,11.258453,15.470167,30.876887,0.060345,0.213798,0.001036,29.562199,29.837378
1300,0,0.024286,1.043559,0.106789,0.002030,1.150373,11.123826,15.436582,30.399497,0.058049,0.177146,0.000939,29.160001,29.396135
1301,0,0.018077,1.092978,0.109879,0.001919,1.204320,10.778118,15.483024,30.632777,0.053150,0.220212,0.001120,29.338964,29.613446
1302,0,0.020136,1.079930,0.113646,0.001958,1.195510,9.511368,16.326577,30.865181,0.057633,0.198023,0.001338,29.576586,29.833580
1303,0,0.020149,1.006050,0.098028,0.001791,1.102920,9.687640,15.422983,30.043829,0.060087,0.194343,0.001234,28.852367,29.108031
1304,0,0.019430,1.038510,0.102129,0.001887,1.142196,10.445730,16.315986,30.617081,0.052814,0.194324,0.001286,29.396955,29.645379
1305,0,0.017255,1.024873,0.106015,0.002023,1.132623,9.328349,16.400854,30.421382,0.054285,0.228377,0.001088,29.192354,29.476104
1306,0,0.014585,1.095274,0.102992,0.002006,1.200272,10.065828,15.673117,30.043818,0.062744,0.283187,0.001465,28.750100,29.097496
1307,0,0.017182,1.089874,0.112775,0.001988,1.204452,11.312256,15.478191,30.705118,0.059871,0.242501,0.001047,29.426460,29.729822
1308,0,0.016355,1.044524,0.102358,0.001833,1.148574,11.090132,15.487498,30.640527,0.048234,0.205406,0.000982,29.419975,29.674597
1309,0,0.017554,1.085363,0.296015,0.006155,1.387533,10.022296,15.524000,30.480594,0.066003,0.266892,0.001217,29.189620,29.523732
1310,0,0.023123,1.416662,0.145279,0.002635,1.564576,10.349519,15.513309,30.068440,0.054628,0.230321,0.000959,28.407311,28.486348
1311,0,0.025708,1.634863,0.200189,0.004869,1.839921,10.115933,15.426504,30.339653,0.054761,0.581695,0.001187,28.475140,29.112783
1312,0,0.023203,1.038065,0.105797,0.001755,1.145552,11.344980,15.477803,30.796008,0.225555,0.237118,0.001177,29.382989,29.846839
1313,0,0.019014,0.984421,0.104810,0.001893,1.091124,10.707064,15.516447,30.142806,0.060350,0.175141,0.000956,28.961760,29.198207
1314,0,0.025142,1.343598,0.115125,0.001714,1.458574,10.809812,15.392950,30.483774,0.096221,0.552266,0.001016,28.819557,29.469060
1315,0,0.021568,1.005394,0.114282,0.002186,1.120817,10.990217,15.472028,30.642292,0.065947,0.125716,0.001028,29.417266,29.609957
1316,0,0.019557,1.036057,0.113008,0.001730,1.149868,10.250852,15.431982,30.546221,0.056683,0.167667,0.001113,29.305576,29.531039
1317,0,0.022470,1.101924,0.106802,0.001918,1.206517,10.186846,15.409019,30.383816,0.060411,0.240351,0.001390,29.075717,29.377869
1318,0,0.017765,1.072865,0.102676,0.001889,1.175904,10.706247,15.468951,30.116097,0.056934,0.239698,0.000691,28.844146,29.141469
1319,0,0.020592,1.008565,0.135628,0.002167,1.139912,10.152965,15.377881,30.522715,0.080860,0.146587,0.001453,29.257283,29.486183
1320,0,0.019747,0.985573,0.101654,0.001903,1.088880,9.521816,16.550553,31.059418,0.056389,0.082693,0.001630,29.864130,30.004842
1321,0,0.019137,1.079836,0.108645,0.002057,1.190538,9.565403,15.476619,29.897866,0.056197,0.109409,0.001337,28.629546,28.796363
1322,0,0.019722,1.040949,0.134583,0.001827,1.176656,11.556557,15.442888,30.781488,0.054938,0.194039,0.001174,29.509485,29.759636
1323,0,0.021657,1.056776,0.121405,0.002153,1.163370,10.654203,15.499215,30.162825,0.053545,0.208502,0.001460,28.900740,29.164247
1324,0,0.018955,1.000676,0.104743,0.001821,1.101593,11.632579,15.669216,31.203325,0.053309,0.252371,0.000767,29.964919,30.271366
1325,0,0.022031,1.759379,0.171844,0.002397,1.924284,9.064735,16.309887,30.080728,0.078341,0.923207,0.000972,28.029560,29.032080
1326,0,0.019216,1.098839,0.116509,0.001995,1.206364,11.449454,15.451016,30.611666,0.058335,0.187635,0.001185,29.298858,29.546013
1327,0,0.015201,1.074855,0.112097,0.001974,1.188715,10.632783,15.492217,30.010247,0.053806,0.261927,0.000984,28.749241,29.065958
1328,0,0.017973,1.055634,0.110840,0.002019,1.168336,11.664403,15.366331,30.828995,0.058785,0.149578,0.000969,29.570842,29.780174
1329,0,0.021492,1.008096,0.117801,0.001878,1.127537,11.211198,15.435147,30.415076,0.054310,0.155504,0.000667,29.204570,29.415043
1330,0,0.017315,1.002996,0.120440,0.001754,1.107457,11.193469,15.454864,30.373790,0.056932,0.212732,0.000928,29.161291,29.431883
1331,0,0.018819,0.993884,0.105069,0.001881,1.094994,10.351109,16.512569,30.840707,0.051118,0.126036,0.001389,29.660991,29.839534
1332,0,0.018398,1.066691,0.101460,0.001713,1.169809,10.697305,15.489707,30.046884,0.050759,0.222219,0.000689,28.782000,29.055667
1333,0,0.017258,1.215394,0.101115,0.001939,1.318129,10.394533,15.336267,30.241733,0.055517,0.394056,0.001027,28.833371,29.283971
1334,0,0.018088,1.095051,0.117042,0.001862,1.213955,11.408937,15.503659,30.870250,0.052622,0.247249,0.001153,29.579170,29.878709
1335,0,0.018883,0.972017,0.107321,0.002211,1.076375,10.152478,15.462929,30.203116,0.060590,0.124109,0.003290,29.023027,29.211016
1336,0,0.021688,1.002149,0.102976,0.002061,1.106151,10.365465,16.371933,30.914783,0.060426,0.158543,0.001258,29.713228,29.933455
1337,0,0.020025,1.295650,0.136985,0.002748,1.435383,8.695873,16.745889,30.607267,0.054715,0.243023,0.001329,29.076413,29.151915
1338,0,0.018576,1.526980,0.114166,0.002372,1.641980,10.111891,15.511319,30.198855,0.062133,0.550079,0.000711,28.463036,28.537815
1339,0,0.019246,1.602607,0.147546,0.003063,1.748581,10.089741,15.460846,30.365899,0.058110,0.385344,0.001196,28.523776,28.968426
1340,0,0.022123,1.205819,0.153788,0.002266,1.361624,10.012505,15.653033,30.650200,0.062605,0.306110,0.001167,29.187399,29.557281
1341,0,0.020036,1.000189,0.114683,0.001805,1.116634,9.349916,15.702016,30.016822,0.053863,0.124332,0.001314,28.829180,29.008689
1342,0,0.020441,0.967689,0.100626,0.001709,1.069986,9.517290,16.472060,30.971323,0.060166,0.144261,0.003817,29.813682,30.019452
1343,0,0.018591,1.751714,0.155247,0.004471,1.911432,9.281546,16.455135,30.596463,0.066424,0.795440,0.001625,28.583241,28.665130
1344,0,0.019598,0.967197,0.096207,0.001835,1.065239,10.551380,16.429204,30.540596,0.053581,0.189543,0.001166,29.394829,29.639119
1345,0,0.018227,0.972716,0.098897,0.001710,1.073270,10.141521,15.536071,29.760384,0.053532,0.181113,0.001288,28.602713,28.838646
1346,0,0.018616,0.961618,0.100398,0.001768,1.063708,11.408664,15.352785,30.695469,0.049050,0.176333,0.001022,29.560984,29.787389
1347,0,0.026108,0.991446,0.102250,0.001824,1.094633,11.225477,15.486261,30.429140,0.063058,0.206352,0.001099,29.235715,29.506224
1348,0,0.021428,1.566995,0.171304,0.003900,1.742199,9.289405,15.470573,30.180140,0.064230,0.601472,0.001319,28.397923,29.064944
1349,0,0.020197,1.221638,0.104742,0.001994,1.322390,11.272111,15.319482,30.732333,0.057871,0.215357,0.001593,29.307871,29.582692
1350,0,0.018394,1.046698,0.103105,0.002106,1.151627,11.336921,15.354129,30.370300,0.056620,0.216773,0.001284,29.127845,29.402522
1351,0,0.019660,1.077478,0.116356,0.001985,1.195602,10.875455,15.492903,30.266038,0.056525,0.193283,0.001040,28.972466,29.223314
1352,0,0.031409,0.937167,0.101197,0.001724,1.039995,11.720245,15.426938,30.872188,0.057878,0.133467,0.001109,29.743469,29.935923
1353,0,0.019623,1.267782,0.104141,0.001884,1.370645,10.804441,15.442479,30.250666,0.077404,0.411624,0.001500,28.766949,29.257477
1354,0,0.019275,1.128312,0.105657,0.001983,1.234786,10.606455,15.479369,30.584851,0.053801,0.264059,0.001527,29.259516,29.578903
1355,0,0.020847,1.022636,0.101863,0.002127,1.124218,10.118153,16.359001,30.657060,0.058410,0.158785,0.001334,29.442850,29.661379
1356,0,0.021043,1.570775,0.148151,0.003207,1.721685,9.501703,15.354920,29.870746,0.063410,0.266308,0.001745,28.049906,28.380646
1357,0,0.022662,1.097779,0.098165,0.001742,1.197060,10.974413,15.567479,31.031243,0.050154,0.250793,0.001302,29.748534,30.050783
1358,0,0.013920,0.995805,0.117480,0.001992,1.101398,9.911523,16.516408,30.631779,0.052340,0.160229,0.001334,29.436761,29.650664
1359,0,0.018305,0.974613,0.099247,0.001962,1.073126,10.377846,15.562325,29.702701,0.053044,0.123735,0.001193,28.543469,28.721441
1360,0,0.021411,1.066010,0.102365,0.001939,1.169674,11.344780,15.530267,30.973093,0.055788,0.218181,0.001132,29.721139,29.996240
1361,0,0.017406,0.991646,0.240865,0.005424,1.237935,10.319147,15.563940,29.793302,0.056057,0.156895,0.001194,28.474527,28.688673
1362,0,0.020738,1.031388,0.101834,0.001863,1.134962,10.570281,15.630860,30.593030,0.055292,0.192506,0.001380,29.373325,29.622503
1363,0,0.019260,1.989549,0.114348,0.001932,2.100547,9.673993,15.389650,30.610642,0.054649,0.933378,0.001039,28.415492,28.484885
1364,0,0.020035,1.025386,0.124715,0.004257,1.130125,10.661561,16.454867,31.181739,0.055630,0.209778,0.001244,29.942796,30.209448
1365,0,0.019035,1.050276,0.100747,0.001932,1.152717,9.610953,15.433639,29.788753,0.056274,0.163230,0.001310,28.545196,28.766010
1366,0,0.021096,0.981208,0.107459,0.001969,1.090299,9.753321,16.381676,31.117418,0.059285,0.141958,0.001505,29.942149,30.144897
1367,0,0.020756,1.037551,0.105968,0.001954,1.144064,10.374271,15.502637,29.696637,0.054049,0.232664,0.000436,28.470837,28.757986
1368,0,0.019211,0.941796,0.095648,0.002043,1.038140,10.772587,15.943784,30.921033,0.054441,0.099482,0.001227,29.797270,29.952420
1369,0,0.021018,0.972854,0.091891,0.001899,1.066439,9.572935,15.634349,29.828389,0.052060,0.209873,0.001162,28.680340,28.943435
1370,0,0.019453,1.050769,0.112971,0.002031,1.165433,10.700964,15.417730,31.013749,0.055898,0.269996,0.001065,29.757199,30.084158
1371,0,0.022731,0.968819,0.101244,0.001865,1.071378,10.098689,15.412611,30.024634,0.062773,0.118707,0.001066,28.860830,29.043376
1372,0,0.039859,1.626265,0.108101,0.001775,1.735927,9.779580,15.382888,30.610702,0.078843,0.819172,0.001481,28.759457,29.658953
1373,0,0.018368,0.961549,0.101624,0.007474,1.061069,11.703405,15.432930,30.843423,0.054482,0.158473,0.000786,29.692389,29.906130
1374,0,0.016053,1.480044,0.152675,0.002988,1.635707,9.906633,15.505964,30.134744,0.057151,0.228098,0.001171,28.410933,28.697353
1375,0,0.019295,0.997710,0.111844,0.001949,1.111264,10.687955,15.675449,30.661281,0.054465,0.164276,0.001466,29.464694,29.684901
1376,0,0.016885,0.988062,0.103342,0.001884,1.093168,10.831977,15.494184,30.223407,0.049658,0.223544,0.000724,29.057710,29.331636
1377,0,0.015142,0.942528,0.113231,0.001785,1.054346,10.795073,16.395334,31.066272,0.052506,0.129082,0.001160,29.928083,30.110831
1378,0,0.014885,0.895014,0.116967,0.001930,0.997548,10.327317,15.630398,29.938410,0.040206,0.051115,0.000972,28.855835,28.948128
1379,0,0.015510,0.974738,0.101259,0.001732,1.074329,10.415568,16.699439,31.068693,0.055596,0.165687,0.000958,29.902375,30.124616
1380,0,0.016080,0.950297,0.170444,0.001988,1.122729,10.656505,15.483363,30.010070,0.053155,0.096021,0.001541,28.856149,29.006866
1381,0,0.020365,1.233922,0.131193,0.002829,1.367944,10.228124,16.360900,30.862093,0.059328,0.240866,0.001219,29.393897,29.473695
1382,0,0.017937,0.981396,0.110127,0.001871,1.091475,10.682351,15.467591,30.091898,0.059044,0.183515,0.001161,28.890606,29.134326
1383,0,0.047476,0.977052,0.102516,0.002045,1.079821,10.358002,16.322416,30.715548,0.069787,0.170976,0.001513,29.533970,29.776246
1384,0,0.020183,1.090659,0.234766,0.002186,1.327379,9.586457,16.357456,30.665397,0.060907,0.183767,0.001468,29.235679,29.481821
1385,0,0.021334,1.090298,0.119684,0.002121,1.194605,9.417490,16.312931,30.129722,0.057383,0.177886,0.001023,28.823824,29.060116
1386,0,0.022014,2.568905,0.161711,0.003541,2.734157,8.615251,16.345737,30.713825,0.180509,1.737987,0.000920,27.795219,29.714635
1387,0,0.023341,1.359575,0.110283,0.001925,1.459697,10.157256,15.441145,29.660533,0.065085,0.143944,0.001030,28.095360,28.305419
1388,0,0.022022,1.094044,0.179746,0.002654,1.276444,9.841901,16.664758,31.115127,0.059440,0.094967,0.001730,29.742491,29.819195
1389,0,0.021210,1.038923,0.109689,0.001952,1.150340,9.310762,16.541231,30.441733,0.053421,0.244786,0.001292,29.205882,29.505381
1390,0,0.026136,1.010262,0.127641,0.001975,1.115046,10.178867,15.519192,30.172905,0.060286,0.117084,0.001236,28.935530,29.114136
1391,0,0.022986,1.071247,0.109974,0.001718,1.182009,10.078600,16.463050,30.970835,0.055980,0.220361,0.001336,29.693690,29.971367
1392,0,0.022261,0.995105,0.111934,0.001981,1.108814,10.078782,15.453323,29.608322,0.053388,0.154059,0.001436,28.419322,28.628205
1393,0,0.022827,1.137590,0.172995,0.002257,1.312118,11.225747,15.435097,30.763761,0.063155,0.118326,0.001275,29.351640,29.431113
1394,0,0.020937,1.004186,0.115919,0.002091,1.121902,10.674549,15.525974,30.091155,0.058254,0.150143,0.001597,28.880961,29.090955
1395,0,0.019346,1.125188,0.153009,0.002018,1.237764,11.409296,15.380902,30.705563,0.053009,0.247971,0.000841,29.342299,29.644120
1396,0,0.020466,0.972274,0.100700,0.001762,1.074726,11.733290,15.650009,31.093706,0.050578,0.196578,0.000940,29.940998,30.189094
1397,0,0.023017,1.253879,0.100434,0.001861,1.356007,9.920943,15.546205,29.733856,0.115870,0.125043,0.000936,28.255470,28.497319
1398,0,0.020464,1.106123,0.157889,0.002551,1.235964,11.310510,15.590361,30.921094,0.059140,0.134918,0.001027,29.561178,29.756263
1399,0,0.020924,1.213168,0.103498,0.001925,1.317209,10.185610,15.621211,30.620139,0.055614,0.077502,0.002188,29.208098,29.343402
1400,0,0.020017,1.100981,0.102244,0.001884,1.204961,10.353194,15.521000,30.104909,0.053721,0.155241,0.001031,28.824768,29.034761
1401,0,0.018108,1.039017,0.108411,0.001919,1.148102,10.798125,15.668120,30.750552,0.050330,0.147089,0.001633,29.513405,29.712457
1402,0,0.020408,1.013913,0.098384,0.001784,1.113993,10.428732,15.663725,30.344473,0.056974,0.105548,0.001756,29.139751,29.304029
1403,0,0.019390,0.972967,0.100165,0.001879,1.070409,10.825132,15.509433,30.425641,0.056437,0.100101,0.001143,29.267250,29.424931
1404,0,0.018876,1.059399,0.119680,0.001854,1.179380,11.440152,15.505749,30.915741,0.052415,0.185010,0.000885,29.651058,29.889368
1405,0,0.020219,1.187937,0.129305,0.002414,1.315807,9.416199,15.424590,30.041748,0.068829,0.153644,0.001763,28.605490,28.829726
1406,0,0.019717,0.984986,0.106035,0.002330,1.080274,11.869868,15.604277,31.118424,0.054712,0.141116,0.001211,29.941075,30.138114
1407,0,0.021400,1.021492,0.092135,0.001774,1.115356,10.691728,15.571507,30.015375,0.056489,0.200974,0.000883,28.811700,29.070046
1408,0,0.019684,1.012271,0.101347,0.002226,1.115261,11.358641,15.386099,30.499411,0.055099,0.172042,0.001299,29.295320,29.523760
1409,0,0.020413,1.019081,0.141461,0.001935,1.159720,10.191243,15.489053,30.700629,0.076143,0.133184,0.001476,29.427833,29.638636
1410,0,0.021495,1.056350,0.110465,0.002058,1.167964,8.986997,16.451498,29.857538,0.062241,0.164041,0.001428,28.547930,28.775640
1411,0,0.019981,0.958885,0.093684,0.001802,1.051435,11.758555,15.544268,31.086147,0.052304,0.159579,0.001312,29.954469,30.167664
1412,0,0.019899,0.944127,0.886306,0.002193,1.690138,9.719698,16.481090,30.837049,0.053006,0.156485,0.001559,28.920352,29.131402
1413,0,0.022180,1.556369,0.104047,0.001919,1.662059,10.167530,15.451038,29.999040,0.071316,0.541728,0.000908,28.229587,28.311374
1414,0,0.022508,1.036149,0.151611,0.002323,1.151150,9.447664,15.479497,30.408069,0.061419,0.200407,0.001393,29.116833,29.380052
1415,0,0.032187,1.101254,0.158281,0.002090,1.261625,10.722910,15.620337,30.897494,0.059670,0.210703,0.001237,29.539719,29.811329
1416,0,0.019508,1.546918,0.108314,0.001853,1.654863,9.565438,16.413136,30.570354,0.060987,0.464930,0.001537,28.823541,28.897659
1417,0,0.018988,1.030133,0.155941,0.010383,1.136166,9.873727,16.435116,30.578087,0.054860,0.174198,0.001552,29.297604,29.528214
1418,0,0.019473,0.978044,0.105774,0.001843,1.085490,9.755315,16.373910,30.306611,0.181623,0.127437,0.001246,29.011185,29.321491
1419,0,0.019601,1.099986,0.133764,0.003353,1.219290,10.168680,15.429001,30.005446,0.061658,0.171417,0.000976,28.671945,28.905996
1420,0,0.020760,1.025158,0.227109,0.002123,1.254390,9.752099,16.412394,31.018038,0.056855,0.141683,0.001422,29.784012,29.983972
1421,0,0.018126,1.153974,0.115001,0.001804,1.266428,9.265665,15.689249,30.212592,0.061171,0.179589,0.001853,28.842724,29.085337
1422,0,0.034983,1.193646,0.111240,0.001913,1.306588,10.116543,15.431195,30.436884,0.083470,0.327659,0.001385,28.998615,29.411129
1423,0,0.021732,1.030230,0.111173,0.001965,1.139725,10.397796,15.470108,30.824390,0.055992,0.080139,0.001320,29.592537,29.729988
1424,0,0.020055,1.205818,0.117760,0.002037,1.324768,10.015777,15.456161,30.204178,0.060169,0.155176,0.001084,28.788431,29.004860
1425,0,0.018049,1.006662,0.111334,0.001901,1.114830,10.622608,15.435460,30.188374,0.119137,0.136654,0.001612,28.916927,29.174330
1426,0,0.025781,1.115795,0.116601,0.001952,1.234139,10.883700,15.467362,30.898156,0.066424,0.187711,0.001182,29.559586,29.814903
1427,0,0.024056,1.068199,0.130019,0.001956,1.185902,9.818587,16.417992,30.913020,0.063379,0.211010,0.001344,29.615629,29.891362
1428,0,0.019519,1.674176,0.164139,0.003771,1.842086,9.381814,15.573414,29.944916,0.064000,0.640012,0.001174,27.995983,28.078954
1429,0,0.017723,1.012152,0.100200,0.001862,1.110138,11.336437,15.440239,30.381318,0.052565,0.161487,0.000992,29.188450,29.403494
1430,0,0.017656,0.968738,0.103028,0.001884,1.072755,11.471814,15.544606,30.642770,0.050952,0.135582,0.000999,29.491538,29.679071
1431,0,0.019415,0.997696,0.102755,0.001938,1.102389,10.929762,16.338561,31.013662,0.055364,0.196585,0.000862,29.827879,30.080690
1432,0,0.024005,1.078663,0.130757,0.002004,1.207222,9.592779,16.321974,30.201675,0.062219,0.175132,0.001448,28.897394,29.136193
1433,0,0.020682,0.995187,0.099007,0.001738,1.091647,11.052368,15.647648,30.727089,0.056121,0.085652,0.001201,29.527525,29.670499
1434,0,0.020663,0.937983,0.103599,0.001877,1.041329,10.642861,15.321888,30.042618,0.054665,0.062887,0.001002,28.914230,29.032784
1435,0,0.014275,0.941161,0.102545,0.001691,1.040808,10.425196,15.462086,30.587994,0.048739,0.064665,0.001432,29.468049,29.582885
1436,0,0.020702,1.054729,0.100200,0.001899,1.156603,11.010204,15.494110,30.244985,0.052346,0.249478,0.001289,29.006968,29.310081
1437,0,0.018680,1.046668,0.099724,0.001839,1.147988,10.282579,16.586543,31.259158,0.056365,0.195686,0.000957,30.022646,30.275654
1438,0,0.016916,1.003849,0.110506,0.001789,1.108578,10.679866,15.736194,30.319636,0.055180,0.217898,0.000632,29.116864,29.390574
1439,0,0.015818,0.956338,0.117389,0.001875,1.072737,10.639619,16.478149,30.766839,0.053933,0.116428,0.000856,29.594881,29.766098
1440,0,0.028579,1.101964,0.107406,0.001694,1.210918,10.420991,15.541242,30.210323,0.082727,0.193621,0.000912,28.887879,29.165139
1441,0,0.017787,0.988832,0.102727,0.001894,1.093453,10.805679,15.574209,30.298530,0.055567,0.171199,0.000844,29.122675,29.350285
1442,0,0.013408,1.167161,0.113514,0.001731,1.282326,10.657710,15.578182,30.043992,0.060244,0.417071,0.000791,28.671932,29.150038
1443,0,0.016441,1.027149,0.129359,0.002034,1.149016,11.776802,15.499187,31.151433,0.054847,0.166147,0.001255,29.910187,30.132436
1444,0,0.017776,1.026774,0.104674,0.001783,1.133176,10.525189,16.450260,30.744262,0.056154,0.211957,0.000786,29.525452,29.794349
1445,0,0.019050,0.976987,0.101177,0.001796,1.077202,10.729089,15.363816,29.910065,0.053976,0.119451,0.001297,28.745690,28.920414
1446,0,0.022740,1.004422,0.119625,0.002026,1.126073,10.641779,16.322664,31.059429,0.055304,0.183899,0.001588,29.803803,30.044594
1447,0,0.019166,1.022735,0.116783,0.002019,1.141109,10.858467,15.454243,30.234474,0.059112,0.201479,0.001519,29.002121,29.264231
1448,0,0.019381,1.054556,0.114763,0.001974,1.171293,10.642533,16.326569,30.944698,0.054434,0.161876,0.001279,29.690683,29.908272
1449,0,0.021809,1.676590,0.162725,0.004273,1.836636,8.470400,16.324258,30.315022,0.079608,0.235562,0.001684,28.343960,28.660485
1450,0,0.020624,0.980040,0.103205,0.001942,1.084780,10.055515,15.447728,30.256280,0.055762,0.164109,0.001229,29.083445,29.304545
1451,0,0.017473,1.005795,0.125163,0.002281,1.133239,10.007409,15.335792,30.127107,0.053382,0.149284,0.001048,28.922984,29.126698
1452,0,0.018827,0.993197,0.104804,0.002042,1.100043,10.519019,15.461331,30.376977,0.056382,0.225155,0.001138,29.193627,29.476302
1453,0,0.017937,0.946188,0.105631,0.001996,1.053616,10.799543,15.535054,31.135449,0.058333,0.177166,0.000904,29.994773,30.231176
1454,0,0.017121,1.014909,0.118607,0.002029,1.118869,10.657456,15.301411,30.295204,0.058622,0.186451,0.001173,29.071474,29.317720
1455,0,0.020393,0.947598,0.104058,0.001845,1.049693,11.582816,15.430171,30.637628,0.043350,0.135686,0.001135,29.516593,29.696764
1456,0,0.018591,0.948723,0.105834,0.001877,1.054668,9.788074,16.296368,30.466632,0.053174,0.172909,0.001157,29.321777,29.549017
1457,0,0.020360,0.994290,0.131716,0.001927,1.110133,10.701197,15.289890,30.309441,0.063770,0.150782,0.001314,29.092213,29.308079
1458,0,0.019098,0.943836,0.104822,0.001907,1.050435,11.434431,15.555728,30.696181,0.055886,0.128210,0.001386,29.557596,29.743078
1459,0,0.018141,1.947474,0.139586,0.002870,2.089930,9.407620,15.638628,30.085051,0.090648,1.165469,0.000948,27.888169,29.145234
1460,0,0.019391,1.158446,0.111799,0.001795,1.271877,11.539759,15.477074,30.843428,0.058323,0.332900,0.001208,29.475050,29.867481
1461,0,0.017636,0.954061,0.101461,0.001979,1.056393,11.559608,15.537066,30.681156,0.054220,0.131203,0.001173,29.537388,29.723984
1462,0,0.019538,1.039643,0.102979,0.001714,1.144240,10.789397,15.425629,30.003701,0.056566,0.165251,0.001046,28.776653,28.999516
1463,0,0.018243,1.014563,0.108317,0.001920,1.122153,11.468683,15.631936,31.208994,0.055143,0.182384,0.001207,29.994024,30.232758
1464,0,0.016836,0.948155,0.110802,0.001922,1.058756,9.564995,15.374879,29.909172,0.052495,0.130249,0.001188,28.759994,28.943926
1465,0,0.020143,1.640828,0.124954,0.002586,1.768368,9.140691,16.362868,31.059541,0.054379,0.836638,0.001661,29.222665,30.115343
1466,0,0.015497,1.006510,0.103773,0.001718,1.111973,10.345620,15.497797,29.747128,0.069548,0.214796,0.001577,28.533581,28.819502
1467,0,0.016301,0.980068,0.099808,0.001840,1.080662,10.291427,16.369882,31.220657,0.045738,0.148501,0.001278,30.060847,30.256364
1468,0,0.019620,1.042673,0.120963,0.001887,1.165498,9.979665,16.467716,30.570247,0.053676,0.130557,0.000837,29.331698,29.516768
1469,0,0.018049,0.951882,0.093717,0.001834,1.044370,10.271320,16.493911,30.570743,0.047080,0.151520,0.001820,29.442505,29.642925
1470,0,0.014611,0.969992,0.102101,0.001897,1.073961,10.530921,15.572437,29.699486,0.061509,0.161162,0.000862,28.538002,28.761535
1471,0,0.017245,0.987512,0.103788,0.001888,1.091610,11.179763,15.687673,30.476409,0.057269,0.188774,0.000681,29.296563,29.543287
1472,0,0.017318,1.742340,0.113113,0.001757,1.857210,10.848063,15.706941,30.938647,0.054791,0.514966,0.000498,28.995655,29.565813
1473,0,0.016368,0.968917,0.125468,0.001938,1.096323,10.670805,15.676362,29.915197,0.046299,0.119499,0.001041,28.766114,28.932953
1474,0,0.014391,1.017429,0.119253,0.002089,1.136496,10.988506,16.623380,31.467944,0.053485,0.157032,0.001642,30.241375,30.453534
1475,0,0.023681,1.022014,0.107623,0.001826,1.128696,10.134501,16.487889,30.401242,0.055139,0.165848,0.000767,29.184356,29.406110
1476,0,0.020256,1.132905,0.136379,0.001945,1.271104,9.655709,15.344995,30.122094,0.058096,0.261927,0.001426,28.792986,29.114435
1477,0,0.014315,0.977871,0.102448,0.001864,1.078182,10.560371,15.651617,30.440940,0.047788,0.129781,0.001212,29.280323,29.459104
1478,0,0.014328,1.128660,0.101415,0.001788,1.231764,11.064462,15.719890,30.556920,0.053171,0.186266,0.000671,29.245405,29.485513
1479,0,0.017467,1.382663,0.142938,0.003189,1.514948,10.885735,15.594007,30.753229,0.060964,0.348235,0.000975,29.126812,29.536986
1480,0,0.018930,1.126831,0.100900,0.001776,1.229321,10.465357,15.615610,29.931255,0.083699,0.085286,0.000919,28.578839,28.685076
1481,0,0.023141,0.964269,0.103929,0.001843,1.064053,11.838354,15.559737,30.988442,0.056788,0.107635,0.000610,29.835920,30.000953
1482,0,0.016921,0.949931,0.100768,0.001920,1.052299,11.100055,15.458578,30.128767,0.051234,0.077826,0.001082,28.992587,29.122729
1483,0,0.017740,0.983377,0.101377,0.001796,1.086550,10.913000,16.442331,31.080357,0.054574,0.181028,0.001099,29.914106,30.150807
1484,0,0.016971,1.047402,0.103816,0.001816,1.152846,9.979810,15.526058,29.811965,0.053334,0.181510,0.000941,28.576987,28.812772
1485,0,0.021608,1.005529,0.103254,0.001927,1.106175,10.936497,16.472677,31.417528,0.059235,0.097173,0.000976,30.219992,30.377376
1486,0,0.018705,0.913473,0.107771,0.002026,1.020957,10.999941,15.439704,30.055261,0.054442,0.073647,0.001133,28.950789,29.080011
1487,0,0.018781,0.950908,0.107536,0.002044,1.059740,10.946233,16.375534,30.900148,0.053879,0.158958,0.001080,29.749908,29.963825
1488,0,0.020609,1.087123,0.117619,0.002555,1.206813,10.579177,15.776646,30.236458,0.054811,0.142285,0.001176,28.944828,29.012727
1489,0,0.020237,0.914337,0.117454,0.001766,1.023726,10.929925,15.541132,30.026203,0.053466,0.122984,0.001640,28.879123,29.057213
1490,0,0.018804,0.969599,0.100778,0.001868,1.070864,10.847164,16.498532,31.048128,0.054839,0.165845,0.000665,29.892945,30.114294
1491,0,0.018045,0.977623,0.118643,0.002145,1.078370,10.534493,16.295765,30.450010,0.058056,0.163731,0.001144,29.259992,29.482923
1492,0,0.029555,1.043994,0.119146,0.001798,1.164887,9.762029,16.338945,30.502873,0.056491,0.087598,0.001358,29.252943,29.398390
1493,0,0.022425,0.976877,0.117234,0.001982,1.078174,9.863521,16.373335,30.449840,0.055834,0.150921,0.000915,29.271591,29.479261
1494,0,0.018995,1.016445,0.105333,0.002908,1.124686,10.621594,15.402056,30.359691,0.060033,0.201265,0.001380,29.147525,29.410203
1495,0,0.024584,1.237251,0.116789,0.002132,1.354396,9.314723,16.327695,30.688182,0.064813,0.261194,0.001576,29.229086,29.556292
1496,0,0.019205,1.125877,0.114140,0.001903,1.241825,10.259151,15.421218,30.207510,0.055788,0.292105,0.001279,28.880770,29.229510
1497,0,0.019995,1.011084,0.108916,0.001962,1.121848,11.052955,15.433847,30.580951,0.070010,0.238003,0.001125,29.354328,29.663466
1498,0,0.017396,1.106415,0.112601,0.002202,1.220817,10.736102,15.503216,30.029797,0.051382,0.313161,0.000837,28.730551,29.095931
1499,0,0.017876,1.007881,0.117682,0.002470,1.127320,10.928073,15.626540,30.748529,0.057819,0.226924,0.001296,29.547309,29.833348
1500,0,0.022579,1.096784,0.115294,0.001841,1.213723,10.755622,15.557902,30.386750,0.053095,0.281576,0.000963,29.096995,29.432629
1501,0,0.017560,1.081519,0.104151,0.001853,1.186088,11.731924,15.524107,30.991016,0.050156,0.310764,0.000847,29.726595,30.088362
1502,0,0.020282,1.078814,0.116224,0.001770,1.196763,10.229720,15.534777,30.052079,0.058007,0.323751,0.001009,28.780682,29.163449
1503,0,0.019214,1.055425,0.103729,0.001970,1.159429,10.701898,16.399162,31.080404,0.054336,0.296822,0.000545,29.832407,30.183986
1504,0,0.018811,1.072546,0.119056,0.002045,1.193403,10.621948,16.434695,30.782410,0.047953,0.290518,0.000889,29.512649,29.852009
1505,0,0.017905,1.021240,0.156310,0.002148,1.142984,10.829484,15.373259,29.987630,0.063371,0.213922,0.001126,28.720464,28.998883
1506,0,0.021006,1.107090,0.124716,0.001997,1.233711,10.708370,15.514702,30.361715,0.055956,0.260342,0.001345,29.043282,29.360925
1507,0,0.020639,0.951976,0.111928,0.002373,1.066277,10.860481,15.556396,30.209844,0.061498,0.097956,0.000966,29.055369,29.215789
1508,0,0.019646,1.015963,0.106911,0.001786,1.121197,11.517577,15.441883,31.010173,0.053791,0.159120,0.000850,29.803564,30.017319
1509,0,0.017482,1.040671,0.111311,0.001865,1.139361,10.148518,16.515813,30.895548,0.053659,0.229882,0.001485,29.654630,29.939656
1510,0,0.016066,1.550564,0.139025,0.003162,1.692290,7.772066,16.568171,30.205461,0.061070,0.309264,0.001346,28.405280,28.776960
1511,0,0.019667,1.053835,0.152757,0.001803,1.208378,9.901748,15.518553,30.014929,0.062411,0.267399,0.000969,28.767679,29.098458
1512,0,0.018569,1.058790,0.114163,0.001812,1.174659,10.954112,16.498127,31.221906,0.064063,0.284124,0.000819,29.970537,30.319543
1513,0,0.020716,1.072835,0.111334,0.001806,1.185975,10.130701,15.567361,30.058643,0.055392,0.273863,0.001106,28.799159,29.129520
1514,0,0.018148,1.115328,0.136442,0.002226,1.235587,10.723677,15.496233,30.387891,0.060673,0.296704,0.001080,29.041170,29.399627
1515,0,0.018849,1.072207,0.112670,0.001807,1.186651,11.020113,15.544648,30.456583,0.064659,0.257348,0.001282,29.189552,29.512841
1516,0,0.020605,1.747348,0.173298,0.004987,1.925633,10.069570,15.377840,30.577625,0.088059,0.844686,0.001043,28.586635,29.520423
1517,0,0.019315,1.450266,0.114118,0.002756,1.566201,11.023054,15.614640,30.876488,0.059181,0.391499,0.001208,29.233346,29.685234
1518,0,0.016095,1.049677,0.129711,0.001872,1.181061,10.427448,15.501418,30.328424,0.060868,0.258949,0.000891,29.092138,29.412846
1519,0,0.019988,1.396216,0.152172,0.002907,1.522033,8.466622,16.314482,30.585944,0.051128,0.453222,0.001761,28.929628,29.044684
1520,0,0.020756,0.984083,0.110610,0.001823,1.086152,9.521777,16.427593,30.613683,0.054143,0.113542,0.001294,29.436228,29.605207
1521,0,0.016298,1.361211,0.127194,0.002304,1.490709,9.659636,15.730142,30.222570,0.041367,0.470369,0.001671,28.658818,29.172225
1522,0,0.017139,1.529670,0.139166,0.003062,1.671898,10.275061,15.426812,30.448700,0.051974,0.477051,0.001754,28.686277,28.757115
1523,0,0.018334,1.024033,0.125012,0.002212,1.130689,10.443266,16.505569,30.804682,0.052293,0.174793,0.001020,29.573378,29.801484
1524,0,0.018842,0.955411,0.103538,0.001831,1.060780,10.554972,16.451038,30.782644,0.051974,0.101231,0.000561,29.643170,29.796814
1525,0,0.020350,1.121787,0.118906,0.002093,1.240955,9.886157,15.348715,29.718020,0.061693,0.199420,0.001461,28.371118,28.633692
1526,0,0.022711,1.207747,0.142244,0.003370,1.353361,10.319742,15.484169,30.853241,0.053375,0.220182,0.001724,29.437087,29.712075
1527,0,0.023441,0.960926,0.111926,0.002019,1.074464,10.900134,15.459411,30.169493,0.052950,0.225967,0.000745,28.988609,29.268271
1528,0,0.018524,0.964443,0.110368,0.001887,1.076661,11.334912,15.561922,30.645374,0.055942,0.177792,0.000766,29.495354,29.729854
1529,0,0.015025,1.014067,0.102757,0.002090,1.115894,10.890961,15.416641,30.685005,0.056723,0.144889,0.000845,29.481293,29.683750
1530,0,0.019550,1.039462,0.102869,0.001834,1.141979,10.945180,15.527502,30.501058,0.055273,0.204628,0.000934,29.270030,29.530865
1531,0,0.023223,2.358814,0.175671,0.006403,2.540888,14.071400,8.580735,30.501618,0.094483,0.389388,0.001699,27.819604,28.305112
1532,0,0.029958,1.112780,0.109215,0.001845,1.223840,8.771299,16.582329,30.806250,0.066510,0.189998,0.001990,29.480727,29.739225
1533,0,0.023066,1.075600,0.125256,0.001984,1.202663,9.876541,16.342096,30.513675,0.057787,0.259322,0.001623,29.238148,29.556880
1534,0,0.020950,0.955105,0.101253,0.001739,1.058046,9.937931,16.315480,30.039472,0.052588,0.188968,0.001042,28.903498,29.146096
1535,0,0.015680,0.972703,0.117591,0.001991,1.086451,10.281863,15.385010,29.360946,0.050964,0.141095,0.000940,28.186011,28.378807
1536,0,0.020921,1.038018,0.123202,0.002049,1.158010,6.943096,4.930248,15.931250,0.056625,0.133132,0.001498,14.672305,14.863539
1537,0,0.011230,0.956499,0.117386,0.001788,1.057176,11.350141,15.613182,30.542127,0.046024,0.164691,0.000705,29.396033,29.607453
1538,0,0.018376,0.912385,0.168160,0.002087,1.033560,12.052317,15.654623,31.222464,0.042105,0.121097,0.001144,30.073890,30.238236
1539,0,0.017375,1.016675,0.100649,0.002057,1.119381,11.064268,15.568857,30.231678,0.047246,0.169640,0.000850,29.041399,29.259135
1540,0,0.020244,0.975690,0.100890,0.001769,1.078326,10.911380,15.506152,30.478603,0.051640,0.181602,0.000919,29.324058,29.558219
1541,0,0.019286,1.046576,0.097728,0.001796,1.141794,9.940751,16.424737,30.692087,0.055335,0.215187,0.000707,29.463953,29.735182
1542,0,0.017138,1.008659,0.103092,0.001809,1.113560,10.856955,15.523896,30.257250,0.052552,0.219255,0.001445,29.052385,29.325637
1543,0,0.017240,0.982481,0.108487,0.002082,1.083317,10.240973,15.490047,30.159337,0.053047,0.152267,0.006176,28.979850,29.186570
1544,0,0.020280,1.002967,0.103148,0.001777,1.105264,10.608439,15.635478,30.987555,0.051993,0.181521,0.000950,29.797339,30.031803
1545,0,0.019918,0.961159,0.159976,0.003784,1.065496,10.974926,15.596534,30.341913,0.052575,0.153483,0.000772,29.052253,29.259083
1546,0,0.018520,0.944128,0.113347,0.001821,1.059266,11.274502,15.351437,30.632428,0.054205,0.177699,0.001192,29.498249,29.731345
1547,0,0.017087,1.063268,0.100896,0.001940,1.166104,10.642239,16.612402,30.954942,0.053382,0.248755,0.000686,29.708349,30.011172
1548,0,0.018006,0.939732,0.109874,0.002072,1.051322,9.702377,16.339064,30.231461,0.046945,0.136733,0.001240,29.107409,29.292327
1549,0,0.020955,1.113468,0.117767,0.001785,1.233020,10.813379,15.302172,30.220478,0.053046,0.130344,0.001274,28.814473,28.885070
1550,0,0.015694,1.012698,0.110913,0.001960,1.122397,10.558635,16.474474,30.944437,0.050689,0.166654,0.000920,29.740165,29.958428
1551,0,0.020634,1.069186,0.122329,0.002112,1.184171,10.305271,15.465914,29.762728,0.056807,0.082208,0.000936,28.479233,28.619184
1552,0,0.017647,1.278592,0.103983,0.001780,1.384308,10.603128,15.530213,30.605590,0.068644,0.318441,0.000765,29.121055,29.201797
1553,0,0.022393,1.034034,0.099870,0.001779,1.132796,10.457031,15.564344,30.770549,0.057383,0.236528,0.001372,29.547408,29.842691
1554,0,0.022094,0.963569,0.120337,0.001797,1.085519,10.437616,15.542285,30.454113,0.054426,0.170483,0.000842,29.302844,29.528595
1555,0,0.019864,0.965231,0.109061,0.001906,1.067882,11.058137,15.582291,30.320001,0.049132,0.107040,0.000993,29.164002,29.321167
1556,0,0.020019,0.968098,0.100212,0.001706,1.069418,11.031498,15.501595,30.264688,0.054086,0.142230,0.001171,29.111742,29.309229
1557,0,0.020216,1.057265,0.142294,0.003150,1.157696,11.104741,15.584682,30.535473,0.059199,0.255440,0.001011,29.230131,29.545781
1558,0,0.019156,0.998280,0.151345,0.004518,1.154143,11.167572,15.679552,31.125371,0.067544,0.150930,0.001267,29.910865,30.130606
1559,0,0.019879,1.100066,0.110821,0.001886,1.212769,10.778980,15.602438,30.510542,0.064269,0.318764,0.001326,29.221175,29.605534
1560,0,0.025154,1.096401,0.100739,0.001705,1.198845,10.971334,15.500050,30.365923,0.052692,0.243819,0.000953,29.085848,29.383312
1561,0,0.019300,1.090121,0.119292,0.002065,1.211245,10.536080,16.387586,30.687351,0.053112,0.298557,0.000719,29.412119,29.764507
1562,0,0.016025,1.060451,0.133257,0.002079,1.195636,9.997274,15.647756,30.052717,0.052797,0.235147,0.001052,28.797714,29.086710
1563,0,0.017016,1.433913,0.104923,0.001735,1.536871,9.776154,15.703763,30.910262,0.055882,0.605153,0.003440,29.275206,29.939681
1564,0,0.016564,1.021611,0.117913,0.002249,1.138433,9.510640,15.462787,30.036511,0.057307,0.209191,0.001167,28.810344,29.078009
1565,0,0.017979,1.030927,0.098326,0.001812,1.130969,11.284605,15.375537,30.532427,0.060072,0.164921,0.001349,29.309629,29.535971
1566,0,0.018647,1.035102,0.097205,0.002002,1.133846,11.326361,15.800197,30.893860,0.058333,0.206036,0.000947,29.662180,29.927496
1567,0,0.019145,1.014523,0.122718,0.001910,1.138876,10.499759,16.476104,30.739457,0.054398,0.155930,0.001128,29.532451,29.743907
1568,0,0.017582,1.048890,0.155317,0.002175,1.206213,10.140331,16.362735,30.640907,0.065577,0.174558,0.001758,29.373868,29.615761
1569,0,0.021598,1.100084,0.110098,0.001942,1.212056,10.612670,15.402824,29.918819,0.056858,0.260146,0.001612,28.631870,28.950486
1570,0,0.016513,1.013773,0.108079,0.002115,1.123105,11.197789,15.356565,30.530190,0.051830,0.211741,0.001085,29.325191,29.589847
1571,0,0.019487,0.992063,0.121884,0.001894,1.111457,10.658566,16.416066,30.812040,0.054890,0.168859,0.000824,29.610396,29.834969
1572,0,0.019710,1.021711,0.113845,0.002042,1.137504,10.361994,15.479077,30.215547,0.055763,0.178675,0.001409,28.983323,29.219170
1573,0,0.022989,1.131429,0.115223,0.002223,1.248054,11.079935,15.315704,30.497371,0.061315,0.257800,0.001564,29.154725,29.475404
1574,0,0.028556,1.034188,0.106596,0.001946,1.136326,10.288769,15.336069,30.115218,0.062285,0.108941,0.001341,28.880132,29.052699
1575,0,0.019842,1.618365,0.126947,0.003205,1.748517,8.584312,15.420838,30.772783,0.062535,0.651711,0.001395,28.929053,29.005151
1576,0,0.021314,0.976368,0.102782,0.001665,1.080815,9.139077,15.453980,30.310234,0.055257,0.183517,0.001297,29.143894,29.383965
1577,0,0.017611,1.092040,0.114726,0.001953,1.208719,11.370197,15.358120,30.593258,0.054292,0.310113,0.000913,29.296508,29.661735
1578,0,0.018525,1.042121,0.130777,0.002036,1.174884,10.871801,16.507516,31.320891,0.061085,0.235451,0.001008,30.081582,30.379007
1579,0,0.020565,1.138556,0.114643,0.001902,1.254964,10.216191,15.476192,29.644601,0.057367,0.261305,0.000899,28.314710,28.634281
1580,0,0.019111,1.015154,0.130746,0.002439,1.147812,10.331421,16.325153,30.871801,0.064950,0.232656,0.000964,29.634474,29.933044
1581,0,0.018981,1.071922,0.114367,0.001886,1.177206,10.396777,15.421787,30.571048,0.053438,0.259198,0.001196,29.297225,29.611057
1582,0,0.020686,1.008951,0.123003,0.002207,1.133896,9.059984,16.275461,30.506452,0.052986,0.185033,0.000739,29.306875,29.545607
1583,0,0.017712,1.034175,0.117761,0.002202,1.152734,10.319229,15.376920,30.097390,0.059045,0.269303,0.000888,28.841010,29.170246
1584,0,0.019585,1.067209,0.119025,0.002059,1.188057,10.757215,15.465136,30.784045,0.048773,0.289126,0.000882,29.520908,29.859689
1585,0,0.020971,1.060698,0.122890,0.001914,1.185291,11.386618,15.600884,30.755074,0.062892,0.292219,0.000789,29.483153,29.839053
1586,0,0.017753,1.041638,0.113988,0.001898,1.157524,10.235811,16.389413,30.509444,0.063677,0.254463,0.001114,29.272742,29.591996
1587,0,0.016991,1.008999,0.101260,0.001880,1.109398,10.626127,15.463451,30.469966,0.063071,0.205293,0.001241,29.249115,29.518720
1588,0,0.017604,0.978328,0.126906,0.001853,1.106947,9.616299,15.416283,30.259381,0.044756,0.162683,0.001055,29.100201,29.308695
1589,0,0.017276,1.047738,0.111010,0.001822,1.160444,10.997980,15.578917,30.361930,0.059447,0.260745,0.001067,29.127347,29.448606
1590,0,0.019521,1.031747,0.117046,0.001727,1.150520,10.457349,15.485465,30.360985,0.057541,0.277365,0.001273,29.127428,29.463607
1591,0,0.018714,1.017064,0.194678,0.017711,1.213858,10.435918,16.537810,31.152212,0.051570,0.259545,0.000895,29.873510,30.185520
1592,0,0.015924,1.102177,0.110331,0.001859,1.205785,10.657893,15.371870,29.923182,0.050887,0.237298,0.001084,28.619296,28.908565
1593,0,0.021383,1.005032,0.108977,0.001832,1.115841,11.629278,15.531119,30.805972,0.044103,0.054333,0.001168,29.615157,29.714761
1594,0,0.019106,1.191239,0.119214,0.002226,1.312293,10.160492,16.508383,30.933459,0.059969,0.240589,0.000973,29.525160,29.602843
1595,0,0.021986,0.946196,0.111462,0.001908,1.054323,10.798979,15.426947,30.014123,0.054772,0.129463,0.001393,28.872571,29.058199
1596,0,0.024620,1.073976,0.114978,0.001876,1.187916,10.376270,16.376631,30.704250,0.076007,0.183363,0.001347,29.402764,29.663481
1597,0,0.017674,1.021841,0.114457,0.001795,1.138093,11.190931,15.444583,30.520317,0.050007,0.247656,0.000750,29.322821,29.621234
1598,0,0.020455,1.062351,0.117707,0.001757,1.181815,9.154395,16.479780,29.701022,0.059481,0.262292,0.000960,28.444203,28.766936
1599,0,0.020526,1.009217,0.102066,0.001925,1.112864,11.450252,15.434342,30.705582,0.054473,0.200753,0.001361,29.508919,29.765506
1600,0,0.018958,0.995373,0.118421,0.001932,1.115583,11.299333,16.423131,31.471502,0.062803,0.201519,0.001043,30.275989,30.541354
1601,0,0.019063,1.096714,0.118471,0.001889,1.217074,10.074329,16.310212,30.272025,0.052650,0.281757,0.001022,28.986331,29.321760
1602,0,0.018675,1.046955,0.116221,0.001675,1.164851,10.458965,15.578656,30.190387,0.061840,0.280295,0.000878,28.943837,29.286850
1603,0,0.020559,1.078468,0.112954,0.001957,1.193320,10.029824,15.420826,30.432318,0.045253,0.256386,0.001182,29.175396,29.477914
1604,0,0.017149,1.089904,0.116673,0.001877,1.208208,10.231663,15.584432,30.488810,0.048181,0.150776,0.000989,29.215029,29.414975
1605,0,0.018300,1.035812,0.118211,0.001828,1.155851,10.597355,15.327290,30.339891,0.055452,0.261277,0.000954,29.089955,29.407493
1606,0,0.015990,1.074903,0.110258,0.001788,1.186815,11.034253,16.380353,31.178784,0.061417,0.297707,0.000889,29.906043,30.266056
1607,0,0.020422,0.976917,0.112548,0.002192,1.091657,10.391516,15.522238,29.575188,0.053714,0.195569,0.000693,28.415507,28.665483
1608,0,0.016976,0.972336,0.104128,0.001866,1.078226,10.440491,16.346848,31.046032,0.051722,0.217827,0.000986,29.892755,30.163290
1609,0,0.019920,0.985569,0.102856,0.002411,1.087460,10.124531,16.341024,30.507598,0.051256,0.175079,0.001085,29.333719,29.561139
1610,0,0.017863,0.943091,0.118285,0.002028,1.063404,11.388445,15.401251,30.531742,0.052569,0.140637,0.000950,29.391526,29.585682
1611,0,0.019169,0.938159,0.102679,0.001939,1.042427,10.328215,16.359536,30.529564,0.053872,0.160672,0.001054,29.402263,29.617861
1612,0,0.018127,1.057820,0.105549,0.002302,1.165079,10.217848,16.391333,30.817177,0.051056,0.158134,0.001520,29.577391,29.788101
1613,0,0.016829,1.124893,0.110327,0.001893,1.234224,10.499330,15.434004,30.025169,0.052424,0.298788,0.001189,28.703394,29.055795
1614,0,0.019156,0.983795,0.134333,0.002232,1.111768,10.234219,16.398397,30.778366,0.058881,0.162149,0.000874,29.567381,29.789285
1615,0,0.019775,0.927855,0.100461,0.002019,1.029892,10.302314,15.630792,29.870485,0.056581,0.125088,0.000963,28.743447,28.926079
1616,0,0.019144,0.999218,0.110392,0.001834,1.111335,10.811655,16.513475,31.217520,0.052807,0.192298,0.000997,30.028435,30.274537
1617,0,0.017153,0.956533,0.097837,0.001885,1.054966,10.565639,15.623935,29.812322,0.054073,0.160267,0.001056,28.673300,28.888696
1618,0,0.031078,0.909410,0.102173,0.001876,1.012107,11.480869,15.692739,30.910342,0.046154,0.120182,0.001071,29.825318,29.992725
1619,0,0.019896,0.975608,0.101042,0.001781,1.076500,10.542765,15.657117,30.050495,0.052140,0.193818,0.001166,28.894691,29.141815
1620,0,0.020668,1.032626,0.117704,0.001864,1.152194,11.269406,15.450903,30.860407,0.053771,0.175543,0.001009,29.642101,29.872424
1621,0,0.026044,0.972037,0.107836,0.001837,1.072974,10.796527,15.669961,30.648461,0.064625,0.146941,0.000823,29.467935,29.680226
1622,0,0.018371,1.214075,0.143268,0.001912,1.357902,9.634180,16.344991,30.513612,0.058131,0.170034,0.001124,29.061862,29.291151
1623,0,0.020793,1.014796,0.102677,0.001795,1.113780,11.392506,15.609253,30.718906,0.070914,0.166311,0.001073,29.502281,29.740579
1624,0,0.016213,1.687268,0.120919,0.001883,1.810070,9.668814,16.392256,30.494096,0.138051,0.922120,0.000941,28.525698,29.586810
1625,0,0.018967,1.052675,0.114699,0.001873,1.169247,10.601374,15.575823,30.030867,0.073283,0.271343,0.000785,28.774055,29.119466
1626,0,0.027850,1.077238,0.117546,0.001971,1.196740,11.577316,15.379546,30.758172,0.061815,0.070003,0.001062,29.469171,29.602051
1627,0,0.019672,1.103648,0.168579,0.002584,1.274303,10.113311,16.610060,30.955641,0.047731,0.290584,0.001113,29.659828,29.999256
1628,0,0.020940,1.053149,0.126930,0.001982,1.168403,9.960379,16.459077,30.417551,0.056785,0.118936,0.001045,29.150627,29.327393
1629,0,0.021353,0.988258,0.103858,0.001732,1.088952,10.606865,15.588421,29.807225,0.056806,0.089949,0.000445,28.622469,28.769669
1630,0,0.023341,0.976929,0.103500,0.002110,1.082276,11.458078,15.475143,30.799619,0.065162,0.205485,0.001370,29.627646,29.899663
1631,0,0.022179,1.036787,0.173520,0.002713,1.207433,10.069788,16.637028,30.810937,0.059784,0.229420,0.001196,29.483304,29.773704
1632,0,0.017723,1.051806,0.109707,0.001682,1.163077,9.952499,16.422518,30.406533,0.055638,0.021596,0.000780,29.167042,29.245056
1633,0,0.022838,0.940613,0.102926,0.001829,1.042668,10.448658,16.357627,30.602409,0.051989,0.125230,0.001373,29.479626,29.658218
1634,0,0.019797,0.983703,0.105219,0.002039,1.090662,10.805435,15.373281,29.971509,0.053403,0.191049,0.000717,28.801613,29.046782
1635,0,0.021087,0.951302,0.130181,0.001964,1.078350,10.687248,15.316028,30.430048,0.054957,0.142671,0.001460,29.257192,29.456280
1636,0,0.026377,1.001349,0.135249,0.002002,1.138600,10.504334,15.331107,30.698005,0.058161,0.212749,0.001237,29.472376,29.744523
1637,0,0.017877,1.139793,0.114579,0.001964,1.256316,9.458976,16.311829,30.564824,0.060108,0.288100,0.001089,29.231553,29.580583
1638,0,0.020231,1.042701,0.101399,0.001935,1.145091,10.481078,16.284947,30.583223,0.056929,0.211691,0.001214,29.346127,29.615961
1639,0,0.019186,1.052196,0.117570,0.002132,1.169755,10.626011,15.394402,29.972867,0.054231,0.262806,0.000792,28.719336,29.037165
1640,0,0.025057,1.004878,0.270057,0.002329,1.260730,10.508248,15.299427,30.536878,0.065524,0.112365,0.001502,29.159925,29.339316
1641,0,0.017640,0.962648,0.117364,0.001845,1.078760,9.952641,16.343990,31.091423,0.058334,0.119735,0.001156,29.916723,30.095948
1642,0,0.014268,0.926619,0.101588,0.001848,1.029787,9.478711,16.509991,30.495877,0.049233,0.145107,0.001083,29.394109,29.589532
1643,0,0.019540,0.935025,0.098852,0.001748,1.033231,10.973659,15.421672,29.957602,0.049995,0.174382,0.000756,28.847139,29.072272
1644,0,0.018254,0.971730,0.122124,0.002144,1.093343,10.983981,16.311203,31.158209,0.049324,0.134075,0.001174,29.986021,30.170594
1645,0,0.058018,0.950827,0.111848,0.001872,1.063260,10.783250,15.391624,30.105033,0.059699,0.156492,0.001043,28.949772,29.167006
1646,0,0.022101,0.995639,0.102927,0.001749,1.100315,11.239009,15.331921,30.452626,0.072771,0.077273,0.000823,29.251230,29.402097
1647,0,0.023944,1.062037,0.117580,0.002346,1.181390,10.690278,16.330016,30.980616,0.056933,0.182032,0.001153,29.700511,29.940629
1648,0,0.019741,0.946630,0.099901,0.001870,1.048131,10.969249,15.615996,30.247725,0.057127,0.107192,0.000875,29.118233,29.283427
1649,0,0.033976,1.108574,0.139185,0.002092,1.249755,9.983692,16.468428,30.804629,0.061777,0.256329,0.001127,29.461253,29.780486
1650,0,0.023610,1.254241,0.127909,0.002341,1.384353,9.770663,15.407145,29.875233,0.063182,0.416501,0.001534,28.397107,28.878324
1651,0,0.018439,1.009470,0.148171,0.004797,1.162438,10.613044,15.561369,30.868897,0.061423,0.077951,0.001641,29.650513,29.791528
1652,0,0.024376,1.577766,0.147994,0.003980,1.729740,9.056561,15.833530,30.586416,0.059079,0.705617,0.002283,28.794478,29.561457
1653,0,0.021114,1.589209,0.140119,0.004156,1.732431,8.462158,14.554428,29.751893,0.063759,0.278821,0.001886,27.909426,28.253787
1654,0,0.017577,1.008540,0.115165,0.001895,1.125458,10.566978,15.414891,30.636329,0.063762,0.160051,0.001016,29.423253,29.648082
1655,0,0.020982,1.001803,0.111190,0.002019,1.113353,10.935124,16.300930,31.172710,0.052595,0.204435,0.001391,29.977480,30.235901
1656,0,0.015410,1.415175,0.151958,0.004469,1.571602,9.588609,16.405039,30.620008,0.057217,0.194092,0.001131,28.981757,29.234139
1657,0,0.018755,1.440401,0.147062,0.003563,1.591026,9.862451,15.325036,29.890922,0.056797,0.211971,0.001682,28.212871,28.482556
1658,0,0.018124,0.977046,0.108558,0.001817,1.087355,11.434249,16.477225,31.680092,0.056260,0.184286,0.001209,30.495029,30.736784
1659,0,0.026320,1.191102,0.103416,0.001934,1.294133,10.157035,14.560207,30.246622,0.125593,0.150364,0.001889,28.786018,29.063803
1660,0,0.027162,0.982901,0.100309,0.001910,1.085120,10.849682,15.594347,30.607071,0.055136,0.190655,0.001000,29.446456,29.693247
1661,0,0.020618,0.966942,0.098507,0.001749,1.063254,10.978883,15.574081,30.121688,0.053526,0.094795,0.000648,28.975930,29.124899
1662,0,0.021682,1.033201,0.169639,0.001862,1.204240,11.182742,16.439064,31.537288,0.059506,0.182335,0.001163,30.239426,30.482430
1663,0,0.020664,1.026043,0.125821,0.002452,1.151075,10.034228,15.413121,29.879026,0.059401,0.186731,0.002524,28.630406,28.879062
1664,0,0.017687,0.901582,0.124274,0.001979,1.017953,10.649059,16.326093,30.968048,0.053495,0.083237,0.001796,29.858733,29.997261
1665,0,0.018393,1.021875,0.115236,0.002313,1.137421,10.667106,15.395359,30.071367,0.052845,0.160511,0.001266,28.853168,29.067790
1666,0,0.021398,1.032468,0.122757,0.002216,1.155081,11.358009,15.793226,31.151660,0.060464,0.177671,0.001058,29.894762,30.133955
1667,0,0.018668,1.054996,0.101953,0.001966,1.158651,10.872260,15.457110,30.255367,0.052783,0.203524,0.001294,29.016618,29.274219
1668,0,0.019855,1.008189,0.095976,0.001934,1.106099,11.189497,16.411119,31.533293,0.055304,0.185443,0.001225,30.346196,30.588168
1669,0,0.017804,0.995432,0.106264,0.001792,1.102051,10.638745,15.585923,30.309566,0.053799,0.139918,0.001281,29.112386,29.307384
1670,0,0.017331,0.943170,0.099004,0.001579,1.043732,11.258651,15.481961,30.433471,0.052732,0.102286,0.000601,29.312458,29.468077
1671,0,0.018291,1.035117,0.098669,0.001813,1.126423,10.312645,15.553084,30.401946,0.046976,0.140581,0.001251,29.195427,29.384235
1672,0,0.018542,0.968475,0.103289,0.002034,1.073508,11.610195,15.502266,30.748147,0.055992,0.097672,0.001289,29.592670,29.747623
1673,0,0.020464,1.046591,0.098602,0.001773,1.142588,10.875570,15.649565,30.769843,0.059894,0.146423,0.000902,29.530840,29.738059
1674,0,0.023825,1.077245,0.124521,0.002110,1.203876,9.953626,16.458974,31.350778,0.051729,0.082164,0.001613,30.093147,30.228653
1675,0,0.020499,1.219998,0.117245,0.001962,1.335684,9.349459,15.322154,29.826863,0.055466,0.255297,0.001384,28.397292,28.709439
1676,0,0.020246,0.981092,0.108242,0.001777,1.091043,10.861980,16.311432,31.172082,0.054000,0.148796,0.001168,30.003149,30.207113
1677,0,0.018681,0.938996,0.105972,0.001872,1.045843,11.116370,15.338688,30.181082,0.072428,0.104242,0.000910,29.037366,29.214946
1678,0,0.021698,1.504739,0.175496,0.003343,1.683355,9.746719,16.342677,31.149559,0.063626,0.205976,0.001211,29.363517,29.634330
1679,0,0.022049,1.539149,0.149838,0.002874,1.688655,9.232148,16.359587,30.847300,0.065753,0.212412,0.001528,29.042179,29.321243
1680,0,0.022384,0.935186,0.111212,0.002042,1.046157,10.411263,15.392372,30.006852,0.055412,0.087645,0.001630,28.874511,29.019198
1681,0,0.029805,0.965978,0.127113,0.001943,1.094878,11.164202,16.406029,31.368936,0.058730,0.109202,0.000994,30.193523,30.362324
1682,0,0.023161,1.048741,0.105747,0.001788,1.156076,9.851760,16.453626,30.576223,0.057688,0.137274,0.001031,29.333508,29.529501
1683,0,0.020713,1.007044,0.105883,0.001960,1.114668,10.651707,14.815212,29.785936,0.057178,0.074444,0.001378,28.580208,28.713208
1684,0,0.018533,0.991381,0.103625,0.001788,1.096794,11.628598,15.455358,31.231265,0.055749,0.147438,0.000625,30.050916,30.254728
1685,0,0.020196,1.002324,0.130726,0.002342,1.135392,10.600587,15.896228,30.272371,0.055149,0.138854,0.001116,29.065134,29.260253
1686,0,0.024816,1.077966,0.145244,0.002306,1.206750,11.020774,15.850172,30.751622,0.061453,0.158188,0.000862,29.430798,29.651301
1687,0,0.019576,0.997015,0.105262,0.001885,1.101013,11.336503,15.404687,30.611923,0.048704,0.162086,0.001228,29.430699,29.642717
1688,0,0.021836,1.609084,0.159181,0.003876,1.769523,9.224898,16.322357,30.876638,0.082757,0.166832,0.001809,28.980174,29.231572
1689,0,0.034401,1.041597,0.105661,0.001852,1.148145,10.363887,16.365862,30.805405,0.062770,0.199627,0.001068,29.556099,29.819564
1690,0,0.018391,1.052912,0.103918,0.016810,1.173640,11.327333,15.509573,30.635561,0.050210,0.230063,0.001093,29.384611,29.665977
1691,0,0.019088,1.120268,0.107898,0.001959,1.230077,10.245360,15.374440,30.116296,0.051234,0.274041,0.001064,28.806199,29.131076
1692,0,0.020044,1.026304,0.100904,0.001904,1.128946,10.714193,15.608960,31.318010,0.055051,0.200347,0.000848,30.103048,30.359294
1693,0,0.018331,1.088098,0.114942,0.001961,1.205001,9.467542,15.869841,30.042316,0.063254,0.226761,0.000863,28.755444,29.046322
1694,0,0.019490,0.994625,0.106474,0.001917,1.102298,11.059189,16.300946,31.303719,0.047907,0.165562,0.001107,30.123268,30.337844
1695,0,0.018434,0.960855,0.101305,0.002001,1.062082,10.067040,16.332782,30.907460,0.059097,0.135818,0.001593,29.742834,29.939342
1696,0,0.015668,1.050677,0.133586,0.001936,1.174676,9.213853,16.440134,30.748443,0.051185,0.148712,0.001208,29.440933,29.642038
1697,0,0.021232,1.442582,0.131179,0.002439,1.575347,9.087160,15.647691,29.762350,0.072780,0.477224,0.000939,28.077898,28.170839
1698,0,0.020429,0.999879,0.107750,0.002081,1.108787,11.039878,15.548792,30.765664,0.071028,0.155443,0.001187,29.554858,29.782516
1699,0,0.023228,1.471083,0.141732,0.002796,1.615611,9.952288,15.515460,31.232756,0.058547,0.639272,0.001733,29.545149,30.244701
1700,0,0.021746,1.067481,0.101727,0.002084,1.171292,10.344861,15.598092,30.307268,0.058334,0.231488,0.001298,29.030733,29.321853
1701,0,0.021931,0.994720,0.108826,0.001989,1.105463,11.099224,15.507618,30.314522,0.065529,0.156470,0.000695,29.124371,29.347065
1702,0,0.019777,0.960661,0.119258,0.002177,1.081620,11.642995,15.358885,30.674224,0.048634,0.142896,0.000964,29.529444,29.721938
1703,0,0.022857,1.043566,0.115062,0.001984,1.157956,10.755037,16.323087,30.976808,0.066943,0.233839,0.000596,29.720422,30.021774
1704,0,0.020573,1.028992,0.117111,0.001757,1.147860,11.271816,15.372281,30.452387,0.050454,0.235166,0.000748,29.243977,29.530345
1705,0,0.019255,0.931962,0.123109,0.002313,1.057022,10.368252,16.386319,30.770051,0.054982,0.105191,0.001401,29.631165,29.792739
1706,0,0.018197,0.980635,0.107567,0.002008,1.090210,11.450403,15.386125,30.744741,0.046861,0.116912,0.001442,29.533297,29.698512
1707,0,0.023247,0.955645,0.104287,0.001931,1.056111,11.151284,15.486868,30.311331,0.057258,0.111600,0.001083,29.159633,29.329574
1708,0,0.025593,0.911640,0.121913,0.002058,1.022971,11.530972,16.344192,31.394094,0.042796,0.144234,0.000553,30.286570,30.474130
1709,0,0.021911,0.986456,0.101713,0.002021,1.086519,10.973403,15.712907,30.606339,0.067412,0.032990,0.001236,29.420612,29.522250
1710,0,0.019525,0.993151,0.104483,0.002108,1.099623,10.085519,16.488620,30.617128,0.055957,0.169200,0.001088,29.435952,29.662197
1711,0,0.019890,1.047167,0.110984,0.001799,1.159779,10.472830,15.511711,30.310412,0.059533,0.201196,0.001059,29.048833,29.310621
1712,0,0.018578,0.965408,0.103693,0.001951,1.068190,10.245860,16.384148,30.973713,0.053062,0.139983,0.001333,29.820640,30.015018
1713,0,0.019486,0.926688,0.106048,0.001794,1.030418,11.124091,15.559108,30.476186,0.057394,0.103439,0.000821,29.352119,29.513773
1714,0,0.024499,1.312206,0.118731,0.001848,1.432765,9.971730,16.444491,30.888056,0.073843,0.415752,0.001560,29.347755,29.838555
1715,0,0.022535,1.053863,0.113347,0.002058,1.165114,9.851983,16.489588,30.467310,0.054727,0.252515,0.001154,29.212041,29.520437
1716,0,0.023633,1.040896,0.107766,0.001853,1.150464,11.019831,15.378624,30.172809,0.059611,0.177505,0.001238,28.924603,29.162957
1717,0,0.017183,1.045494,0.113720,0.001921,1.159162,11.295570,15.677713,30.791686,0.052117,0.083493,0.000915,29.543572,29.680097
1718,0,0.019385,1.488394,0.125927,0.002086,1.616288,10.592098,15.666986,30.911067,0.057283,0.660852,0.000825,29.233245,29.952205
1719,0,0.020186,0.933312,0.102133,0.001874,1.033398,10.878629,16.465985,31.031480,0.054848,0.072015,0.000962,29.912121,30.039946
1720,0,0.020483,1.007568,0.111409,0.002064,1.121041,10.835031,15.422977,30.005061,0.062826,0.138577,0.001144,28.797461,29.000008
1721,0,0.026895,0.932679,0.105284,0.001910,1.035980,11.849090,15.668336,31.137548,0.042675,0.117134,0.000911,30.029674,30.190394
1722,0,0.016873,0.967820,0.102769,0.001842,1.072381,10.786544,15.695426,30.151068,0.051287,0.159059,0.000913,29.001371,29.212630
1723,0,0.020018,1.130809,0.287078,0.004130,1.393391,9.640679,15.490074,29.970378,0.058464,0.184175,0.000962,28.446163,28.689764
1724,0,0.028484,0.948625,0.114158,0.001993,1.064549,10.800247,16.404971,31.974822,0.062108,0.161617,0.001305,30.836168,31.061198
1725,0,0.021710,0.959484,0.100441,0.001996,1.059626,9.731602,15.547252,30.303439,0.055408,0.171745,0.001864,29.154980,29.383997
1726,0,0.020037,1.009606,0.102016,0.001684,1.113306,10.547615,15.353340,30.148570,0.054527,0.193062,0.001167,28.952382,29.201138
1727,0,0.018526,0.988843,0.103554,0.002089,1.094359,11.004512,16.314033,31.152460,0.056720,0.138301,0.000957,29.963577,30.159460
1728,0,0.019287,1.031277,0.195241,0.002071,1.228574,10.999814,15.366068,30.416381,0.060439,0.109672,0.001122,29.097912,29.269145
1729,0,0.020245,0.964263,0.106157,0.002035,1.071173,11.089053,15.330982,30.502936,0.051142,0.129525,0.001466,29.326491,29.508624
1730,0,0.025047,1.015932,0.115627,0.002125,1.133306,11.074843,16.361982,31.225981,0.060793,0.177843,0.000887,29.998763,30.238286
1731,0,0.020096,0.954329,0.101408,0.001746,1.055290,10.650995,16.432034,30.810267,0.058843,0.084084,0.001132,29.665274,29.809333
1732,0,0.022101,0.917292,0.115666,0.001942,1.034642,10.530404,15.307794,29.756591,0.049021,0.087058,0.001561,28.663108,28.800748
1733,0,0.015351,1.019652,0.109337,0.002123,1.130926,10.485715,16.394889,31.421442,0.054934,0.236576,0.001217,30.164835,30.457562
1734,0,0.019471,0.965782,0.102385,0.002045,1.068858,10.609715,15.445546,30.154814,0.054061,0.147682,0.001049,29.003360,29.206152
1735,0,0.015958,0.989026,0.100994,0.001894,1.089038,11.296565,15.467953,30.712789,0.051606,0.143437,0.001116,29.540437,29.736596
1736,0,0.018102,0.917229,0.113505,0.001841,1.032379,11.372482,15.397370,30.531033,0.053887,0.145051,0.000937,29.420878,29.620753
1737,0,0.015258,0.940045,0.102783,0.002347,1.044307,11.275173,15.565080,30.663193,0.051772,0.160688,0.000850,29.539485,29.752795
1738,0,0.018563,1.117845,0.109813,0.001851,1.229315,10.477584,16.423772,30.989437,0.048467,0.163632,0.001184,29.688952,29.902235
1739,0,0.017307,1.011853,0.107024,0.001870,1.120604,10.954127,15.379859,30.205509,0.048669,0.191878,0.001245,29.006195,29.247987
1740,0,0.017293,0.970253,0.102806,0.001842,1.074721,11.349624,15.402853,30.827144,0.054905,0.150620,0.001176,29.670133,29.876834
1741,0,0.021442,1.037674,0.109082,0.001945,1.144442,11.246588,16.306707,31.323027,0.066379,0.162036,0.001154,30.079992,30.309561
1742,0,0.015722,0.890805,0.116986,0.001968,0.995296,10.278699,15.522389,30.239682,0.047908,0.031240,0.001320,29.153751,29.233864
1743,0,0.021025,1.409365,0.107378,0.001902,1.518569,9.493013,15.332350,30.345456,0.058545,0.141494,0.001092,28.651515,28.800062
1744,0,0.018201,1.024631,0.111361,0.001906,1.137736,8.882887,16.314963,31.010796,0.070251,0.199152,0.001542,29.767966,30.038819
1745,0,0.018412,1.057412,0.147845,0.028643,1.233900,9.617863,16.313788,30.640189,0.054985,0.103068,0.001879,29.383702,29.543634
1746,0,0.014253,0.983787,0.110097,0.001848,1.095530,8.537810,15.654524,30.897408,0.056459,0.067772,0.001450,29.716932,29.842613
1747,0,0.024280,1.970873,0.116093,0.002078,2.088551,9.355804,16.469376,30.787486,0.120639,1.074449,0.001231,28.495295,29.691614
1748,0,0.025151,1.058547,0.118733,0.002076,1.179057,10.460494,15.486904,29.813317,0.058694,0.045083,0.001403,28.546266,28.651446
1749,0,0.019159,1.481038,0.103822,0.001828,1.586570,10.119854,16.552552,31.355686,0.062314,0.592460,0.001017,29.665197,29.750721
1750,0,0.016598,1.408709,0.139558,0.004926,1.553193,9.125924,16.416650,30.483814,0.062829,0.170559,0.001300,28.839411,29.073843
1751,0,0.020719,0.988326,0.118332,0.001742,1.100034,10.073838,15.445559,30.171238,0.056729,0.214147,0.000789,28.971991,29.243656
1752,0,0.019042,0.961819,0.107598,0.001835,1.071252,10.698550,15.369120,30.654255,0.057998,0.178397,0.000620,29.501846,29.738861
1753,0,0.019143,1.008233,0.116431,0.002096,1.126494,11.097230,16.517827,31.388667,0.055805,0.196647,0.001157,30.176366,30.429975
1754,0,0.018582,1.091004,0.106675,0.001958,1.199513,11.210995,15.331865,30.312962,0.054745,0.296033,0.000924,29.024864,29.376566
1755,0,0.018888,0.933173,0.101641,0.002509,1.036679,11.030012,16.456956,31.211182,0.050706,0.149129,0.001465,30.092717,30.294017
1756,0,0.019902,1.039728,0.099690,0.001691,1.141109,9.955412,15.541160,29.733894,0.060239,0.201340,0.001287,28.508405,28.771271
1757,0,0.018690,1.098064,0.105757,0.001781,1.204910,11.172030,15.397268,30.798579,0.054521,0.282568,0.001233,29.502895,29.841217
1758,0,0.022453,1.543186,0.153799,0.003896,1.699606,9.260515,15.464282,30.972814,0.063472,0.153425,0.001673,29.169224,29.387315
1759,0,0.020456,1.013885,0.100794,0.001620,1.113043,9.209778,16.353570,30.635482,0.058183,0.121964,0.001971,29.427001,29.609119
1760,0,0.023302,0.947711,0.126336,0.001879,1.062424,11.090275,15.323783,30.244600,0.056271,0.097025,0.001362,29.077535,29.232193
1761,0,0.031284,0.921186,0.106013,0.001856,1.023973,11.277699,16.325543,31.378196,0.053751,0.071372,0.001072,30.260383,30.386578
1762,0,0.010267,0.947972,0.134749,0.002001,1.066403,10.589001,16.367342,30.872018,0.051205,0.166269,0.001036,29.706741,29.925144
1763,0,0.014835,1.515865,0.145144,0.003339,1.662809,9.640032,15.695177,30.223180,0.069342,0.196807,0.001876,28.453231,28.720192
1764,0,0.018279,0.951048,0.102045,0.001868,1.054613,10.985793,16.437837,30.950091,0.054913,0.080718,0.000777,29.814887,29.951295
1765,0,0.018705,0.967446,0.108353,0.001875,1.065056,11.205175,15.379212,30.162379,0.051695,0.179646,0.001057,29.002836,29.235234
1766,0,0.018866,0.948870,0.115512,0.001922,1.055918,11.385388,15.647131,30.860980,0.055449,0.145398,0.001693,29.706984,29.909524
1767,0,0.022465,1.050205,0.106132,0.001819,1.158028,10.211184,15.447081,30.442120,0.060668,0.207208,0.001454,29.190352,29.459682
1768,0,0.017826,0.908584,0.100666,0.001969,1.010836,11.085196,15.415919,30.439851,0.052177,0.081904,0.001274,29.347555,29.482910
1769,0,0.019131,1.379044,0.160800,0.003760,1.543604,10.423651,15.255314,30.562640,0.051224,0.430764,0.001278,28.933137,29.000355
1770,0,0.014962,0.983585,0.105216,0.001754,1.090408,11.248993,15.603910,30.797201,0.047782,0.145629,0.000958,29.631560,29.825929
1771,0,0.013548,1.181514,0.161706,0.002478,1.345698,10.601579,15.404055,30.585129,0.049703,0.359496,0.001645,29.206589,29.617433
1772,0,0.021025,1.208934,0.177246,0.005037,1.391217,10.463638,16.356109,31.454309,0.059301,0.268734,0.001265,30.020468,30.349768
1773,0,0.019256,1.435464,0.132586,0.003426,1.569094,10.057214,15.443560,30.295694,0.060369,0.192933,0.001093,28.634798,28.888957
1774,0,0.019181,1.004783,0.105688,0.001821,1.111933,11.389134,15.449878,30.757625,0.055866,0.211941,0.001040,29.559336,29.828183
1775,0,0.023022,0.991885,0.202692,0.059024,1.193558,10.674167,15.665597,30.498644,0.062652,0.109081,0.001626,29.143469,29.316828
1776,0,0.021755,0.935068,0.132590,0.001935,1.058551,10.630752,16.441402,30.889315,0.044803,0.088633,0.000820,29.739772,29.874028
1777,0,0.036764,1.311173,0.112230,0.002121,1.425138,10.469136,15.503482,30.271618,0.062746,0.253856,0.001299,28.747503,28.831882
1778,0,0.019871,1.056410,0.109146,0.001956,1.164595,10.673798,15.308174,30.622018,0.061206,0.109699,0.001432,29.358843,29.531180
1779,0,0.022835,1.000303,0.186798,0.002692,1.189379,9.792506,16.393447,31.331797,0.064878,0.178625,0.001376,30.046556,30.291308
1780,0,0.026534,0.973010,0.106761,0.002088,1.081859,9.008179,15.356524,29.688834,0.053607,0.100908,0.001319,28.526992,28.682826
1781,0,0.013422,0.968214,0.102972,0.010497,1.081205,11.656010,15.419250,30.773247,0.051294,0.177793,0.001233,29.611841,29.842161
1782,0,0.014417,0.964680,0.107090,0.001830,1.072620,11.108992,16.610555,31.333871,0.051520,0.157033,0.001243,30.185143,30.394939
1783,0,0.021156,0.953084,0.103739,0.001745,1.058568,11.043554,15.709249,30.353426,0.052838,0.119050,0.000849,29.209260,29.381997
1784,0,0.018981,0.959646,0.110318,0.001910,1.071774,11.564578,15.453479,30.644439,0.051713,0.114918,0.001024,29.497093,29.664748
1785,0,0.023255,1.031754,0.100871,0.001815,1.134440,9.926740,15.827290,30.375782,0.057019,0.195475,0.001365,29.152092,29.405951
1786,0,0.020819,0.944021,0.140301,0.002006,1.086328,10.780492,15.621961,30.778122,0.061489,0.141664,0.001219,29.645431,29.849803
1787,0,0.018768,0.996837,0.102221,0.001825,1.097932,11.725936,15.466293,30.781032,0.053890,0.179088,0.000478,29.593174,29.826630
1788,0,0.019145,1.448759,0.108705,0.001812,1.558992,10.394091,16.538540,31.088987,0.067214,0.498630,0.000863,29.426130,29.511179
1789,0,0.020642,0.981412,0.106005,0.001817,1.086255,10.098248,16.314345,30.385573,0.055299,0.083073,0.000961,29.208842,29.348175
1790,0,0.018094,1.019122,0.121291,0.002000,1.142309,11.145359,15.391568,30.219688,0.055986,0.176314,0.001046,28.994648,29.227994
1791,0,0.020408,0.940535,0.104343,0.001918,1.045182,10.620500,16.332405,31.093952,0.055184,0.143353,0.000997,29.948291,30.147825
1792,0,0.020903,1.061531,0.116991,0.002034,1.168238,10.102697,16.345977,30.548862,0.053028,0.159033,0.000890,29.289360,29.502311
1793,0,0.021374,0.983899,0.101450,0.001769,1.081536,12.225179,14.516541,30.456951,0.057091,0.137279,0.001372,29.281468,29.477210
1794,0,0.024529,0.912658,0.104840,0.001930,1.019281,11.040562,16.362230,31.011285,0.053640,0.132118,0.000976,29.915917,30.102651
1795,0,0.017393,1.044070,0.106968,0.001852,1.149641,11.089045,15.365022,30.189429,0.056433,0.147492,0.000761,28.951070,29.155756
1796,0,0.017216,0.990914,0.116372,0.001899,1.107244,11.739309,15.298981,30.699250,0.055488,0.129469,0.001017,29.507129,29.693103
1797,0,0.018997,0.945455,0.103011,0.001869,1.046415,11.033051,16.296447,30.995840,0.053131,0.133382,0.001392,29.865132,30.053037
1798,0,0.019092,0.957712,0.103120,0.002214,1.062514,11.438905,15.438179,30.548161,0.057139,0.143879,0.001099,29.397811,29.599928
1799,0,0.023502,0.985016,0.116984,0.001992,1.103762,11.158456,15.328807,30.566577,0.059967,0.205936,0.001621,29.366163,29.633687
1800,0,0.021027,1.038689,0.144955,0.002151,1.185341,11.231591,15.454377,30.791142,0.058994,0.251594,0.001146,29.520789,29.832523
1801,0,0.019247,1.032436,0.137304,0.002374,1.167237,10.525501,16.336160,30.960085,0.057831,0.248135,0.001459,29.689384,29.996809
1802,0,0.019536,1.117243,0.108904,0.002049,1.228018,10.471696,16.380438,30.805625,0.055232,0.293458,0.001047,29.492600,29.842337
1803,0,0.021148,1.122718,0.113485,0.001880,1.234329,10.399114,15.384934,29.898246,0.222102,0.116315,0.001443,28.429095,28.768955
1804,0,0.022088,1.018186,0.160738,0.002411,1.175441,10.457353,16.411974,31.244549,0.051157,0.081320,0.001785,29.984312,30.118574
1805,0,0.023393,1.315293,0.160180,0.003163,1.478636,9.994178,15.549628,30.303940,0.091068,0.497379,0.001208,28.741600,29.331255
1806,0,0.017812,1.486968,0.263515,0.005746,1.599744,8.818172,16.459164,30.728376,0.056385,0.452500,0.001445,29.042020,29.112323
1807,0,0.020637,1.009277,0.107315,0.001979,1.116616,9.253000,16.479830,30.850549,0.051878,0.149507,0.001236,29.649722,29.852343
1808,0,0.030559,1.602587,0.146986,0.002560,1.751977,9.472801,15.609659,30.676927,0.056252,0.280059,0.001423,28.837151,29.174533
1809,0,0.021433,1.542062,0.136797,0.002545,1.681404,8.080722,15.521496,30.319843,0.061103,0.623582,0.001371,28.452482,28.621853
1810,0,0.022354,1.031054,0.112031,0.002020,1.144841,10.378011,16.410414,31.196617,0.058739,0.150837,0.001480,29.964345,30.175401
1811,0,0.030355,0.970634,0.106142,0.002010,1.075509,10.983378,14.974031,29.825202,0.056177,0.161568,0.001144,28.664529,28.883418
1812,0,0.012570,0.981538,0.115190,0.002036,1.098656,11.450827,15.317262,30.745104,0.051281,0.203441,0.000553,29.572281,29.827556
1813,0,0.011140,0.918362,0.103210,0.001715,1.023203,11.781167,15.651289,30.978707,0.038807,0.136644,0.001183,29.888682,30.065316
1814,0,0.014459,0.909021,0.105109,0.001853,1.014329,10.298402,16.423971,30.722526,0.069897,0.111181,0.001183,29.606832,29.789093
1815,0,0.019140,0.950594,0.109448,0.002070,1.062112,10.149565,15.358319,30.058094,0.051941,0.188707,0.001181,28.916610,29.158439
1816,0,0.017173,1.027110,0.107116,0.001933,1.135728,10.859796,15.473380,30.941556,0.056481,0.097645,0.000914,29.713656,29.788119
1817,0,0.015002,0.908067,0.103576,0.001840,1.010233,11.610453,15.654144,30.736038,0.047125,0.081075,0.000646,29.654059,29.782630
1818,0,0.017283,0.883089,0.118880,0.002639,1.003664,11.454742,15.529898,30.961454,0.051316,0.111757,0.001082,29.892235,30.056390
1819,0,0.019589,0.903148,0.114426,0.001904,1.019299,10.721734,15.446825,30.118203,0.050295,0.120902,0.000909,29.036416,29.208522
1820,0,0.018155,1.274196,0.124870,0.002470,1.401536,12.975590,13.480841,30.664402,0.051532,0.357662,0.001232,29.170216,29.244662
1821,0,0.017525,0.893693,0.104930,0.001825,0.995004,11.355019,16.366049,31.513682,0.083819,0.048825,0.001269,30.401406,30.535319
1822,0,0.020028,0.981214,0.105450,0.001751,1.088342,10.544997,16.406409,30.678718,0.055151,0.110083,0.001128,29.509432,29.675794
1823,0,0.018631,1.208377,0.105698,0.001754,1.315829,10.003170,16.313408,30.685052,0.074829,0.402142,0.000894,29.262987,29.740852
1824,0,0.017263,0.956717,0.109063,0.001747,1.067527,10.441853,15.594461,29.996789,0.053206,0.127053,0.000988,28.841585,29.022832
1825,0,0.016091,0.896972,0.114793,0.001960,1.012128,10.855198,16.286368,30.997040,0.039777,0.066219,0.001303,29.911286,30.018585
1826,0,0.021959,1.430708,0.188397,0.002652,1.621690,9.537428,15.747389,30.258758,0.089103,0.134761,0.001181,28.515246,28.740291
1827,0,0.021290,0.915153,0.102011,0.001663,1.012252,10.534687,16.470067,31.293551,0.052248,0.108301,0.000734,30.197758,30.359041
1828,0,0.019480,0.890259,0.105207,0.001849,0.994275,10.161983,16.594197,30.451958,0.051534,0.076792,0.001086,29.374937,29.504349
1829,0,0.019322,0.966581,0.123128,0.001856,1.083785,10.473753,16.392158,30.472135,0.060025,0.119201,0.000567,29.292097,29.471890
1830,0,0.017771,1.008978,0.130571,0.001919,1.141455,10.639003,15.428351,30.381796,0.052663,0.182769,0.001117,29.147941,29.384490
1831,0,0.020117,0.924699,0.113443,0.001905,1.023084,10.117518,16.448807,31.433717,0.056251,0.075373,0.001323,30.306761,30.439708
1832,0,0.027492,0.940193,0.109084,0.002004,1.049067,9.918410,15.291404,29.857838,0.055389,0.111891,0.001456,28.716644,28.885380
1833,0,0.019950,0.887266,0.131739,0.001953,1.009339,11.012542,16.355088,31.022335,0.054914,0.066524,0.000953,29.904421,30.026812
1834,0,0.032079,1.462424,0.266197,0.002070,1.726423,8.971077,15.659393,30.849217,0.068182,0.115807,0.001837,29.003427,29.100244
1835,0,0.018968,0.884586,0.095919,0.001801,0.981409,10.049768,15.381897,30.220784,0.052354,0.063361,0.001025,29.156120,29.272860
1836,0,0.019966,0.984582,0.107151,0.001844,1.092056,10.552659,15.365281,30.616273,0.055208,0.120963,0.001064,29.433123,29.610358
1837,0,0.018626,0.927896,0.104032,0.002139,1.031023,11.536869,15.525489,30.754237,0.054428,0.153092,0.001289,29.638323,29.847132
1838,0,0.024233,0.970265,0.105682,0.001963,1.077585,10.916417,16.384198,31.025673,0.058337,0.100542,0.001193,29.864547,30.024619
1839,0,0.020499,0.970745,0.097059,0.001781,1.066593,10.499598,16.359239,30.648937,0.051345,0.164964,0.001244,29.501645,29.719198
1840,0,0.019552,1.449309,0.145544,0.004836,1.599689,9.661120,15.591580,30.315662,0.060481,0.149830,0.001225,28.624422,28.835901
1841,0,0.020985,1.331718,0.124551,0.002703,1.458972,10.633006,15.646710,30.663630,0.058968,0.486500,0.001208,29.138430,29.685106
1842,0,0.019037,0.950522,0.102954,0.001866,1.055342,11.522954,15.473716,30.581014,0.056395,0.063563,0.001029,29.440490,29.561477
1843,0,0.020783,0.934044,0.120137,0.001728,1.034612,11.057448,16.540541,31.244249,0.051735,0.130702,0.001396,30.110188,30.294021
1844,0,0.017174,0.930926,0.108251,0.001951,1.040917,10.673935,16.314671,30.614492,0.052210,0.111069,0.000772,29.491086,29.655137
1845,0,0.024044,0.922624,0.124195,0.001774,1.043855,11.314390,15.538848,30.631244,0.048725,0.043904,0.000522,29.507123,29.600088
1846,0,0.019736,1.524609,0.181857,0.003783,1.697128,8.538817,16.526942,30.556448,0.061055,0.186013,0.001473,28.751041,28.999582
1847,0,0.016858,0.925705,0.100691,0.001889,1.026635,9.962234,15.390681,30.085536,0.055658,0.116610,0.001570,28.970193,29.144031
1848,0,0.016460,0.966672,0.106324,0.001857,1.074469,9.458850,16.477230,30.388666,0.048304,0.123838,0.000830,29.237014,29.409986
1849,0,0.017362,0.911048,0.103667,0.001908,1.013908,11.064289,16.447655,31.423978,0.051631,0.137626,0.001124,30.326785,30.517166
1850,0,0.016712,0.891313,0.103419,0.002140,0.996566,10.505333,16.411771,30.983694,0.054877,0.078866,0.001042,29.898383,30.033168
1851,0,0.019816,1.047188,0.100304,0.001805,1.148947,10.043249,14.578418,29.768274,0.059800,0.150354,0.000932,28.525871,28.602668
1852,0,0.019198,0.938466,0.114602,0.002064,1.054605,11.168206,16.490728,31.356755,0.058425,0.115339,0.000819,30.208187,30.382770
1853,0,0.020520,0.992745,0.103502,0.001892,1.093757,10.048581,16.500570,30.532760,0.052684,0.139565,0.001180,29.354757,29.548186
1854,0,0.019104,0.998880,0.105260,0.001768,1.105820,10.549132,16.296957,30.724896,0.054406,0.101766,0.001249,29.529396,29.686817
1855,0,0.017436,0.944295,0.209353,0.004927,1.100098,9.523746,15.556548,30.094349,0.049681,0.093927,0.001556,28.847489,28.992653
1856,0,0.016795,1.001317,0.102179,0.001836,1.105226,11.400810,15.509678,30.570521,0.054977,0.151891,0.000587,29.380725,29.588112
1857,0,0.022871,2.258710,0.154929,0.004112,2.417751,10.034118,14.525371,30.422673,0.057464,1.221407,0.001142,27.902704,27.986610
1858,0,0.019855,1.428710,0.120339,0.001902,1.547533,11.622676,15.682216,31.447787,0.079544,0.604602,0.000737,29.784676,30.469559
1859,0,0.021719,0.909253,0.099914,0.001887,1.009209,11.369903,15.403315,30.329829,0.052452,0.136728,0.000692,29.237884,29.427756
1860,0,0.016144,0.954821,0.113273,0.001908,1.069848,11.595592,15.375919,30.568855,0.052722,0.161760,0.000832,29.406967,29.622281
1861,0,0.018977,0.925370,0.111728,0.001780,1.038878,10.919966,16.430236,31.316885,0.053535,0.168779,0.000736,30.190316,30.413264
1862,0,0.046271,1.562759,0.121067,0.002210,1.685724,14.544873,10.567878,30.044252,0.057369,0.653830,0.001280,28.270985,28.341454
1863,0,0.021221,0.973778,0.104166,0.001959,1.078337,10.836472,16.299375,31.170051,0.068072,0.103292,0.000994,29.999969,30.172327
1864,0,0.018949,0.972954,0.131691,0.002181,1.106580,10.865397,15.372332,29.975008,0.059486,0.153608,0.000959,28.799468,29.013521
1865,0,0.027348,0.962508,0.102195,0.001951,1.065363,11.260769,16.459680,31.436344,0.059025,0.107430,0.000836,30.280977,30.448238
1866,0,0.023808,0.990439,0.104472,0.001705,1.096390,10.736173,15.468593,30.121250,0.064754,0.144974,0.000977,28.923429,29.134134
1867,0,0.016112,1.078026,0.106977,0.002044,1.182811,11.117929,15.403414,30.588277,0.057219,0.163634,0.001420,29.314525,29.536798
1868,0,0.018879,0.958758,0.103151,0.001965,1.063832,11.170057,14.824604,30.484151,0.053071,0.130491,0.001571,29.336911,29.522044
1869,0,0.017184,0.994027,0.105438,0.001944,1.098094,11.198800,15.373855,30.628114,0.051412,0.206930,0.000708,29.450946,29.709996
1870,0,0.022431,0.922507,0.118212,0.001665,1.042384,10.677112,16.439416,31.098543,0.062479,0.077379,0.000958,29.971172,30.111988
1871,0,0.017869,1.061667,0.106358,0.001909,1.167826,10.598307,15.374797,30.290310,0.052188,0.259580,0.000998,29.034551,29.347187
1872,0,0.023827,1.044517,0.122730,0.001883,1.169130,10.854550,15.453598,30.611246,0.055554,0.207458,0.000626,29.377256,29.640894
1873,0,0.015771,0.916852,0.103436,0.001909,1.018142,10.856035,16.415259,31.278933,0.047262,0.070805,0.001512,30.185403,30.304982
1874,0,0.021901,1.826634,0.153558,0.002054,1.982140,14.105632,9.504199,29.698367,0.055370,0.984185,0.002830,27.655275,28.697660
1875,0,0.022694,1.118057,0.182865,0.012737,1.303536,11.082069,15.665161,31.476036,0.055710,0.261944,0.001586,30.115685,30.434925
1876,0,0.019779,0.958358,0.121026,0.002414,1.081246,10.758341,16.293160,31.033496,0.057646,0.112998,0.001216,29.880624,30.052484
1877,0,0.019086,1.995502,0.135815,0.002000,2.133155,8.798284,15.575182,30.192460,0.121890,1.162243,0.000922,27.929544,29.214599
1878,0,0.017134,1.036270,0.123215,0.002142,1.154236,10.241593,16.445641,30.868741,0.054876,0.045414,0.001032,29.633710,29.698604
1879,0,0.019701,0.949172,0.133343,0.001983,1.064294,10.656776,15.540507,29.928304,0.055489,0.096276,0.001052,28.762047,28.914864
1880,0,0.024892,1.113895,0.103922,0.001947,1.219462,10.009853,16.491452,31.380997,0.073204,0.110652,0.001418,30.054698,30.239972
1881,0,0.023238,0.915430,0.104543,0.002035,1.016728,10.703959,15.336596,30.013731,0.046813,0.079740,0.000772,28.920056,29.047308
1882,0,0.016965,0.945592,0.119579,0.001821,1.066870,11.556307,15.566783,30.874336,0.095626,0.147675,0.000963,29.695653,29.939917
1883,0,0.080155,0.977620,0.121123,0.001756,1.097270,10.923356,16.382778,30.951393,0.052994,0.122166,0.001011,29.744229,29.920400
1884,0,0.019322,0.899985,0.139894,0.003063,1.014590,10.794891,16.376833,30.778914,0.041191,0.058902,0.001294,29.659934,29.761321
1885,0,0.020286,0.955626,0.104196,0.001959,1.060386,9.668290,16.286804,30.310759,0.054872,0.089485,0.000805,29.161538,29.306700
1886,0,0.019672,1.763605,0.133832,0.002895,1.900332,10.094199,15.347948,30.454918,0.072640,0.952818,0.000789,28.477150,29.503397
1887,0,0.018571,0.986641,0.105040,0.001899,1.092924,10.891978,16.425937,31.170571,0.056613,0.151890,0.001444,29.990997,30.200944
1888,0,0.020985,1.106957,0.113561,0.001876,1.222118,10.579544,14.649276,29.969048,0.063495,0.186748,0.001416,28.639192,28.890851
1889,0,0.019423,0.990576,0.193405,0.009143,1.193124,10.427615,15.379210,30.798039,0.059849,0.151898,0.001498,29.579905,29.793150
1890,0,0.021122,1.479572,0.146787,0.003223,1.629469,9.549122,15.327019,30.429555,0.089356,0.199411,0.001092,28.672671,28.962522
1891,0,0.021811,1.001533,0.103899,0.001873,1.107077,11.046186,15.345149,30.908861,0.057174,0.197382,0.001705,29.714608,29.970869
1892,0,0.019340,1.055241,0.120679,0.001878,1.177606,9.972890,16.527075,31.234658,0.058846,0.158529,0.001005,29.960988,30.179368
1893,0,0.020318,0.908472,0.101250,0.001849,1.009189,10.435173,16.373261,30.738279,0.057986,0.078478,0.000721,29.635931,29.773116
1894,0,0.017568,1.014541,0.104762,0.001886,1.121002,11.070477,15.352589,30.141878,0.059852,0.164727,0.001136,28.926550,29.152265
1895,0,0.023142,0.909242,0.106982,0.001924,1.015858,11.243464,15.336087,30.299844,0.059981,0.063010,0.001046,29.188996,29.313033
1896,0,0.017625,1.010343,0.107093,0.001925,1.119242,11.475470,15.486461,30.785999,0.056007,0.112077,0.000987,29.583239,29.752310
1897,0,0.027518,1.570137,0.230252,0.003498,1.803818,9.313743,16.536445,30.986107,0.066150,0.124440,0.001648,29.094342,29.285767
1898,0,0.020783,0.993983,0.118358,0.002024,1.101575,10.711924,16.340802,30.914385,0.057141,0.155776,0.001013,29.716253,29.930183
1899,0,0.020892,0.909405,0.101660,0.001787,1.010578,10.399910,15.326465,29.975574,0.059691,0.087644,0.001467,28.869527,29.018329
1900,0,0.015597,1.026664,0.114354,0.001752,1.142770,10.704274,15.375985,31.015788,0.055140,0.180470,0.001119,29.772364,30.009093
1901,0,0.015496,0.974645,0.114937,0.001801,1.088754,9.816696,16.524562,31.050733,0.050872,0.164891,0.001059,29.847066,30.063685
1902,0,0.016662,1.006821,0.108564,0.002087,1.117133,10.447682,16.682744,30.828007,0.053020,0.151246,0.001018,29.630830,29.836114
1903,0,0.021811,0.906726,0.098815,0.001808,1.007149,10.349074,16.546818,30.450230,0.050009,0.060907,0.001036,29.365821,29.477773
1904,0,0.023609,0.960644,0.101145,0.001720,1.063507,11.641363,15.084045,30.524076,0.064779,0.166924,0.000658,29.372838,29.605199
1905,0,0.025398,2.259735,0.230527,0.006637,2.492006,12.515115,9.870976,29.869441,0.094346,0.276738,0.001833,27.222307,27.595224
1906,0,0.024682,1.430160,0.151071,0.002480,1.583711,11.289704,14.681506,31.090530,0.068131,0.304586,0.002084,29.398075,29.484756
1907,0,0.019425,2.002544,0.216250,0.005534,2.224328,8.484826,16.622055,31.159237,0.071028,0.898671,0.001730,28.818730,28.911285
1908,0,0.013982,1.889575,0.128013,0.001791,2.019379,9.557768,15.629682,30.418428,0.054756,0.973470,0.001122,28.312766,29.342114
1909,0,0.019310,0.978560,0.119194,0.001969,1.092776,10.703499,15.416358,30.062633,0.050921,0.095211,0.001587,28.881834,29.029553
1910,0,0.014781,1.306170,0.139113,0.004550,1.449833,10.777038,15.578989,30.796074,0.057092,0.077295,0.001368,29.261926,29.397362
1911,0,0.017121,0.897270,0.107070,0.001930,1.006020,11.943980,15.513148,31.053664,0.050306,0.067372,0.000896,29.973522,30.092096
1912,0,0.016591,0.944152,0.102075,0.001878,1.047618,10.718010,16.323191,30.628229,0.051293,0.145275,0.000997,29.503833,29.701398
1913,0,0.017708,0.992139,0.104375,0.002072,1.096094,11.224959,15.458465,30.389892,0.050366,0.152315,0.000688,29.209162,29.412302
1914,0,0.015408,1.002228,0.109360,0.001969,1.113557,10.600498,16.536935,31.193015,0.048394,0.216769,0.001533,30.002190,30.268886
1915,0,0.024460,1.034414,0.103766,0.001864,1.137134,10.941095,15.370077,30.150792,0.055343,0.197318,0.001122,28.915685,29.169468
1916,0,0.021251,1.413093,0.159804,0.003697,1.576594,9.598992,16.342307,30.874437,0.060848,0.140157,0.001282,29.203232,29.405005
1917,0,0.023698,0.948132,0.104498,0.002334,1.053684,10.653052,16.305839,31.230845,0.056050,0.148987,0.001224,30.086577,30.292838
1918,0,0.018261,0.954156,0.108023,0.001803,1.063932,10.723421,16.327894,30.979989,0.067607,0.136528,0.001326,29.824650,30.030111
1919,0,0.017950,0.946747,0.104841,0.001935,1.051038,10.579656,15.333891,30.425848,0.055095,0.062577,0.001835,29.264378,29.383885
1920,0,0.023551,0.938206,0.131682,0.002114,1.068530,11.034690,15.374745,31.170422,0.051621,0.017532,0.000998,30.016474,30.086625
1921,0,0.020613,0.895823,0.105152,0.002084,1.002703,10.344366,16.478522,31.588599,0.056876,0.071645,0.001452,30.504737,30.634710
1922,0,0.022441,0.955675,0.156217,0.002337,1.113615,10.545290,16.377274,31.010375,0.068478,0.093939,0.001223,29.810772,29.974412
1923,0,0.021263,1.374030,0.143205,0.002100,1.503278,9.418660,16.469289,31.342811,0.059373,0.404021,0.001561,29.726024,30.190979
1924,0,0.021344,0.947887,0.127414,0.001974,1.077089,10.014498,15.553015,30.399031,0.069297,0.131775,0.001746,29.241002,29.443820
1925,0,0.017261,0.959414,0.101653,0.001950,1.062820,11.354606,16.354703,31.695932,0.055189,0.150280,0.001429,30.552067,30.758965
1926,0,0.019471,1.199071,0.148492,0.003532,1.351095,10.820951,15.467471,30.772610,0.054001,0.307614,0.001063,29.336465,29.699091
1927,0,0.017487,0.999936,0.108327,0.001783,1.109465,11.537162,15.628059,31.058876,0.054518,0.081125,0.001190,29.846903,29.983736
1928,0,0.024248,1.020136,0.139057,0.002176,1.141691,11.669606,15.511702,31.025199,0.060737,0.171572,0.000867,29.765457,29.998633
1929,0,0.019006,0.999089,0.105762,0.001894,1.102473,11.808369,15.410776,31.059510,0.054205,0.181886,0.001325,29.871898,30.109314
1930,0,0.021832,1.007818,0.103385,0.001845,1.112913,12.169612,15.761628,31.645370,0.072440,0.219596,0.001131,30.423721,30.716888
1931,0,0.019877,0.880843,0.105044,0.002038,0.984810,11.029484,16.428306,31.149076,0.054176,0.040774,0.001193,30.081615,30.177758
1932,0,0.019947,0.958103,0.105409,0.001976,1.064094,10.859929,15.395483,30.532520,0.055184,0.094733,0.001407,29.380183,29.531507
1933,0,0.020919,0.989702,0.131687,0.002065,1.089009,10.681396,15.502280,31.194608,0.057009,0.167757,0.001044,29.981871,30.207681
1934,0,0.021675,0.975656,0.104160,0.001990,1.081456,10.854003,15.576447,31.432000,0.053856,0.090872,0.001353,30.264738,30.410819
1935,0,0.022489,1.561184,0.150830,0.003624,1.713858,9.772453,15.604122,31.039184,0.066697,0.220906,0.001710,29.221574,29.510551
1936,0,0.029317,0.977038,0.178709,0.001883,1.157511,9.769406,15.799708,30.741179,0.060280,0.143965,0.001698,29.556801,29.762744
1937,0,0.022603,0.989794,0.130423,0.002378,1.122003,10.984607,16.312746,32.008516,0.053017,0.106963,0.001033,30.810276,30.971289
1938,0,0.020364,0.953545,0.114195,0.001952,1.068616,11.514586,15.640988,30.870363,0.055548,0.109160,0.000955,29.713649,29.879312
1939,0,0.017010,0.935382,0.105616,0.001990,1.042273,11.020568,15.665865,30.913219,0.055938,0.070350,0.001237,29.781509,29.908534
1940,0,0.019280,1.480991,0.169599,0.004838,1.655428,10.034723,16.365217,31.415528,0.050847,0.147739,0.001440,29.708171,29.908197
1941,0,0.025799,1.198407,0.110925,0.001897,1.303054,10.308860,16.375450,30.734921,0.047817,0.324643,0.000794,29.347872,29.721126
1942,0,0.020600,1.270581,0.157160,0.004472,1.373114,11.498066,14.580683,30.709600,0.057378,0.394209,0.000995,29.173533,29.626115
1943,0,0.018264,0.936522,0.103421,0.001982,1.040064,11.428165,16.579090,31.775734,0.055509,0.102713,0.001114,30.644587,30.803923
1944,0,0.022286,1.066819,0.113662,0.002105,1.182167,10.391804,16.480443,31.242742,0.088477,0.106067,0.001007,29.933513,30.129064
1945,0,0.020447,1.016742,0.139158,0.002349,1.158249,9.924350,16.566723,31.025355,0.053768,0.166082,0.001798,29.783025,30.004673
1946,0,0.029236,1.005100,0.104407,0.001835,1.111131,11.032493,16.359752,31.182735,0.063106,0.131260,0.001198,29.976847,30.172411
1947,0,0.019953,0.947822,0.109375,0.002144,1.058928,12.548739,13.583759,30.426950,0.042826,0.081777,0.001104,29.295455,29.421162
1948,0,0.022999,1.430228,0.154012,0.003513,1.586739,10.617469,16.362360,31.720039,0.061651,0.080057,0.000924,30.041087,30.183719
1949,0,0.020116,0.960167,0.105836,0.001904,1.064080,11.339141,16.412907,31.445558,0.058056,0.107627,0.001318,30.288711,30.455712
1950,0,0.019534,0.942626,0.113383,0.001728,1.057732,9.818126,16.380167,30.604425,0.056145,0.078202,0.000954,29.462401,29.597702
1951,0,0.019821,0.975266,0.103488,0.001807,1.078556,9.972528,16.399875,31.238797,0.057061,0.102594,0.001023,30.069457,30.230135
1952,0,0.020204,0.975063,0.106457,0.001992,1.083512,10.670108,15.550915,31.146656,0.053488,0.184068,0.000975,29.982612,30.221143
1953,0,0.019398,0.914695,0.104266,0.001764,1.014908,11.333294,15.641586,30.597308,0.055514,0.070457,0.001316,29.493500,29.620787
1954,0,0.021841,0.934915,0.228170,0.016824,1.157398,15.669180,11.689065,31.663026,0.057456,0.048632,0.001185,30.516464,30.601777
1955,0,0.027235,1.631814,0.104838,0.001845,1.735915,10.242151,15.661689,30.493724,0.119466,0.815323,0.000912,28.586971,29.522672
1956,0,0.016872,1.864602,0.128490,0.002386,1.995478,10.565630,15.436371,31.081631,0.080483,0.198339,0.001099,28.960705,29.063514
1957,0,0.021285,0.894938,0.111062,0.003263,0.992380,12.316501,14.576847,31.058824,0.057320,0.059547,0.001230,29.963204,30.081301
1958,0,0.015163,0.948449,0.107104,0.002132,1.054344,11.321064,16.419845,31.628058,0.054721,0.062850,0.001055,30.487435,30.606061
1959,0,0.025447,1.000904,0.104480,0.001965,1.105220,10.819689,16.451881,31.053954,0.058418,0.158207,0.000945,29.862652,30.080222
1960,0,0.020040,1.558012,0.146866,0.003402,1.707633,9.815556,16.536815,31.543718,0.067788,0.137731,0.001147,29.730794,29.937460
1961,0,0.023480,1.300011,0.100993,0.001853,1.397197,12.022650,14.513338,31.045180,0.060372,0.386718,0.000761,29.548099,29.995950
1962,0,0.015598,0.924419,0.117430,0.002058,1.027119,10.451409,15.374957,30.270357,0.055462,0.070049,0.001509,29.143185,29.270205
1963,0,0.018357,1.001456,0.103559,0.001859,1.104632,11.740906,16.519643,32.001107,0.055007,0.181760,0.001195,30.807129,31.045091
1964,0,0.028757,0.965379,0.108975,0.016578,1.076189,11.246792,15.497922,30.520473,0.049808,0.160388,0.001029,29.362645,29.573870
1965,0,0.020414,0.917421,0.105161,0.001945,1.015632,10.824795,16.450410,31.486165,0.055013,0.047996,0.000950,30.375213,30.479172
1966,0,0.019114,0.939752,0.106574,0.002532,1.048131,10.649300,16.529871,31.211151,0.050828,0.147608,0.000767,30.086830,30.286033
1967,0,0.027761,0.935561,0.099076,0.001901,1.031709,10.708066,16.598499,31.061624,0.053882,0.057036,0.001133,29.944077,30.056128
1968,0,0.019769,0.905076,0.103101,0.001876,1.007649,11.444014,15.549947,30.569007,0.055072,0.079523,0.000974,29.476185,29.611754
1969,0,0.017133,0.945051,0.101725,0.001854,1.046670,11.934216,15.730357,31.335367,0.062301,0.082323,0.000943,30.203737,30.349304
1970,0,0.019268,1.434971,0.143390,0.003862,1.582223,10.084996,16.453290,31.182690,0.063338,0.143339,0.000819,29.504971,29.712431
1971,0,0.022561,1.621753,0.212343,0.005551,1.839647,10.863123,14.557976,30.691486,0.064640,0.187017,0.001433,28.755919,29.008747
1972,0,0.020471,0.916601,0.103997,0.001928,1.020497,13.979567,12.850524,31.254832,0.058719,0.050681,0.001331,30.138943,30.249674
1973,0,0.013095,0.919053,0.104821,0.001951,1.021385,11.234188,15.412339,30.247793,0.052147,0.043355,0.000993,29.141703,29.238198
1974,0,0.021808,0.891334,0.115733,0.002057,1.008732,10.931527,1.616171,16.707970,0.069864,0.046995,0.000798,15.614078,15.731735
1975,0,0.018668,1.104054,0.124939,0.002049,1.230713,17.409219,9.546791,31.202399,0.060392,0.165656,0.001195,29.873722,30.100965
1976,0,0.021390,1.699904,0.134500,0.003826,1.838053,10.471126,15.939419,31.316742,0.063122,0.757892,0.001201,29.385062,29.459756
1977,0,0.022809,1.040544,0.104929,0.001816,1.140481,10.162691,16.510747,31.239017,0.101098,0.071125,0.001111,29.963585,30.136919
1978,0,0.019702,0.949021,0.108249,0.002041,1.058866,10.908943,16.443559,30.951015,0.054431,0.081272,0.000644,29.812413,29.948760
1979,0,0.029524,1.461397,0.173116,0.002863,1.637376,10.273322,15.395582,30.548659,0.062620,0.632758,0.001201,28.885710,29.582289
1980,0,0.018371,1.702032,0.137147,0.002485,1.841664,10.529990,15.386173,31.020263,0.081232,0.201016,0.000859,29.052431,29.157381
1981,0,0.018499,1.305752,0.177929,0.003373,1.487054,11.060732,15.447384,31.200725,0.061637,0.334885,0.001849,29.616393,29.692898
1982,0,0.022014,1.261470,0.157651,0.003335,1.422456,10.187008,16.607896,31.608451,0.058562,0.351361,0.000845,30.080918,30.164790
1983,0,0.022104,0.941739,0.109688,0.002004,1.049240,11.426351,15.517394,30.857574,0.060291,0.103088,0.001228,29.715148,29.879755
1984,0,0.022173,0.999794,0.104765,0.001960,1.106226,11.346942,16.480891,31.621689,0.056757,0.069331,0.001003,30.427531,30.554622
1985,0,0.019726,1.012269,0.111696,0.002088,1.124817,9.927326,16.626441,30.826975,0.058325,0.113091,0.001702,29.603941,29.777059
1986,0,0.020666,0.962097,0.098419,0.002003,1.062363,11.398850,15.588454,30.671005,0.055200,0.109438,0.001190,29.525410,29.691238
1987,0,0.018977,0.955869,0.106916,0.001955,1.064740,11.510298,16.446777,31.645634,0.054554,0.132125,0.001033,30.506116,30.693828
1988,0,0.020338,0.973645,0.102689,0.001846,1.078051,10.748794,15.401824,30.512530,0.057026,0.090333,0.001424,29.342740,29.491523
1989,0,0.031532,1.012828,0.112626,0.001836,1.124110,9.467307,16.697584,31.731269,0.057281,0.109994,0.001366,30.480304,30.648945
1990,0,0.022578,1.008571,0.138850,0.001977,1.120903,11.054521,16.318139,31.183233,0.055217,0.093035,0.001169,29.951882,30.101303
1991,0,0.014615,0.951929,0.115999,0.002088,1.055736,10.825836,15.573964,30.670906,0.051383,0.102647,0.001031,29.518733,29.673794
1992,0,0.020720,1.040791,0.101515,0.001925,1.139606,15.486077,10.614815,31.138546,0.068745,0.166737,0.001223,29.892416,30.129121
1993,0,0.014902,0.950203,0.117853,0.002163,1.050969,9.769156,16.635858,31.381319,0.052848,0.090282,0.001363,30.227986,30.372479
1994,0,0.019566,0.971160,0.094834,0.001899,1.067754,12.863717,13.631977,30.995116,0.056864,0.109236,0.000934,29.843100,30.010134
1995,0,0.023390,1.024011,0.123986,0.001854,1.149851,9.301093,15.531354,31.147943,0.062569,0.053932,0.002012,29.912628,30.030857
1996,0,0.022907,0.981362,0.120776,0.001856,1.103743,10.222049,15.589684,30.726532,0.057961,0.120843,0.001654,29.525372,29.705393
1997,0,0.017561,0.942240,0.144943,0.002559,1.089742,11.715656,16.350799,31.831599,0.052245,0.101670,0.000950,30.699954,30.854819
1998,0,0.019291,0.988892,0.109052,0.002030,1.099804,10.886062,15.627030,30.561473,0.072268,0.065192,0.001112,29.355606,29.494178
1999,0,0.018799,0.958850,0.143659,0.002027,1.072956,12.428093,14.576186,30.933833,0.044785,0.067891,0.001495,29.754070,29.868241
2000,0,0.019318,0.947586,0.102595,0.001778,1.051844,11.682138,15.702088,31.097595,0.063040,0.103008,0.001366,29.960898,30.128312
2001,0,0.020485,0.917606,0.100767,0.001840,1.017679,11.070102,16.624571,31.824089,0.054785,0.055709,0.001408,30.715588,30.827490
2002,0,0.020523,0.958529,0.098623,0.001735,1.058282,10.224059,16.212817,30.737486,0.055093,0.130447,0.001064,29.596375,29.782979
2003,0,0.023904,1.052829,0.233888,0.001918,1.155020,12.278666,14.442489,31.260937,0.065270,0.352915,0.001491,29.690577,30.110253
2004,0,0.022765,1.010001,0.120264,0.002058,1.132132,10.411077,15.521957,30.602856,0.058992,0.174604,0.001445,29.378137,29.613178
2005,0,0.022275,0.943212,0.209078,0.018992,1.156508,9.742185,16.547955,31.706957,0.055788,0.167057,0.001976,30.463445,30.688266
2006,0,0.021533,1.017041,0.172059,0.001911,1.190135,11.084278,15.504205,30.601242,0.059507,0.125898,0.001764,29.304601,29.491770
2007,0,0.016329,1.069104,0.145238,0.004280,1.218622,11.219861,15.546444,31.024619,0.048783,0.047203,0.001103,29.768147,29.865236
2008,0,0.021694,2.319014,0.168579,0.004955,2.492548,11.934238,12.941767,31.346565,0.088876,1.376624,0.001283,28.785543,30.252326
2009,0,0.021336,1.135969,0.107902,0.001869,1.245692,11.482103,15.525369,31.209253,0.263538,0.232732,0.000856,29.680682,30.177808
2010,0,0.023099,1.634379,0.123127,0.001875,1.759175,9.557789,15.915202,31.488927,0.273523,0.822908,0.001432,29.363633,29.712158
2011,0,0.016948,1.006115,0.124421,0.001886,1.132414,10.866576,15.486192,30.653475,0.056341,0.132589,0.001050,29.432265,29.622245
2012,0,0.018363,1.729983,0.194007,0.003684,1.927674,9.954617,16.094934,31.255876,0.069542,0.809391,0.001446,29.276596,30.156975
2013,0,0.019296,0.936520,0.094928,0.001877,1.032490,11.456661,15.446916,30.884934,0.052180,0.081261,0.000624,29.773281,29.907331
2014,0,0.018368,1.860265,0.136728,0.002672,1.999665,10.066877,15.645465,31.606824,0.067843,1.064444,0.001716,29.533389,30.667392
2015,0,0.018342,2.118405,0.128648,0.003243,2.225995,12.305402,11.804074,30.229674,0.076384,1.241834,0.001272,27.860911,29.180401
2016,0,0.017916,1.682543,0.105393,0.001872,1.789506,10.724634,15.542143,31.740461,0.065756,0.737961,0.001382,29.850545,29.931609
2017,0,0.026168,1.097448,0.108711,0.001910,1.204604,10.974121,16.346166,31.258453,0.072742,0.138785,0.000997,29.946546,30.159070
2018,0,0.022456,1.032729,0.117980,0.001962,1.152433,10.534768,15.587022,30.792415,0.064431,0.088287,0.001080,29.543389,29.697187
2019,0,0.021005,0.979795,0.101712,0.002084,1.083586,11.440115,15.541354,31.370060,0.057893,0.069237,0.001540,30.198777,30.327447
2020,0,0.023116,1.291768,0.127740,0.002677,1.422185,10.554435,15.561466,30.727729,0.055343,0.443744,0.000982,29.240205,29.740274
2021,0,0.019757,1.004284,0.103029,0.001877,1.107425,11.053492,16.343461,31.273611,0.056737,0.060416,0.001227,30.079274,30.197654
2022,0,0.019285,0.998996,0.121150,0.002012,1.121857,10.997849,15.833601,30.687339,0.055438,0.087860,0.001519,29.478715,29.623532
2023,0,0.019018,1.090733,0.108848,0.001909,1.199739,11.642547,16.474198,31.967608,0.060529,0.187841,0.001069,30.664512,30.913951
2024,0,0.016927,1.001483,0.108577,0.001870,1.110698,11.788179,14.628481,30.732649,0.056385,0.151493,0.001174,29.534151,29.743203
2025,0,0.017735,0.949583,0.116218,0.002192,1.061969,11.191745,16.572780,31.458428,0.052980,0.088634,0.001002,30.310807,30.453423
2026,0,0.020909,1.018568,0.099878,0.001880,1.120150,10.358139,16.378308,31.175242,0.058478,0.140249,0.000992,29.962903,30.162622
2027,0,0.018566,1.581874,0.161259,0.002575,1.727760,9.820155,14.593755,30.660929,0.062036,0.206768,0.001259,28.813654,29.083717
2028,0,0.018475,0.935010,0.107927,0.001766,1.043262,10.400466,15.410428,30.814880,0.074346,0.070915,0.001262,29.664431,29.810954
2029,0,0.016296,0.964929,0.104914,0.001840,1.070547,11.504975,15.485502,31.416952,0.056220,0.139410,0.001045,30.255121,30.451796
2030,0,0.019185,1.071614,0.117438,0.001944,1.190954,10.723496,15.386554,30.771937,0.068910,0.143051,0.002069,29.489271,29.703301
2031,0,0.018678,1.265355,0.135287,0.002268,1.402652,11.596032,15.525447,31.346813,0.082746,0.388495,0.000644,29.841638,30.313523
2032,0,0.025944,1.010626,0.130336,0.002782,1.143744,10.843762,16.346212,31.248398,0.060297,0.089143,0.001491,30.018244,30.169175
2033,0,0.022817,1.089476,0.150790,0.002129,1.242395,10.748126,16.474939,31.188402,0.057221,0.111906,0.001021,29.873700,30.043848
2034,0,0.020899,2.157371,0.115165,0.001856,2.274269,12.241735,12.946197,30.647147,0.056117,1.245209,0.000924,28.274497,29.576729
2035,0,0.023426,1.005647,0.213125,0.010292,1.229064,10.788584,14.241422,31.320886,0.126371,0.084108,0.002218,30.042987,30.255684
2036,0,0.020074,1.412394,0.160946,0.004251,1.577591,11.106603,13.001793,30.147625,0.056562,0.566910,0.001065,28.535543,29.159925
2037,0,0.018290,1.043804,0.132595,0.002264,1.174025,10.854464,16.554513,32.712180,0.055219,0.235654,0.001578,31.306258,31.598709
2038,0,0.026574,1.060991,0.097201,0.001758,1.158880,11.812274,14.161764,30.576483,0.054194,0.232406,0.000951,29.335729,29.623280
2039,0,0.020101,1.076747,0.098093,0.001960,1.175885,11.852947,15.583962,31.285543,0.054713,0.123095,0.001150,30.026728,30.205686
2040,0,0.020269,0.964442,0.109594,0.002375,1.075810,13.421446,12.649732,31.144447,0.055426,0.132527,0.001584,29.982827,30.172364
2041,0,0.025162,0.998433,0.152828,0.002092,1.122875,13.524302,12.620565,30.975053,0.091561,0.062778,0.001457,29.696842,29.852638
2042,0,0.019396,0.949361,0.103972,0.001845,1.055164,11.246282,16.480869,31.618039,0.054059,0.111868,0.001053,30.484164,30.651144
2043,0,0.020514,2.027497,0.126133,0.003004,2.156634,9.718475,15.724627,31.136008,0.081172,1.211646,0.000982,28.871344,30.165144
2044,0,0.020797,0.981042,0.100264,0.001837,1.083143,12.131458,13.528769,30.594242,0.075533,0.122597,0.001529,29.403707,29.603366
2045,0,0.031399,1.119176,0.112198,0.001765,1.231597,10.951177,15.787113,31.559516,0.061307,0.235888,0.000790,30.236531,30.534516
2046,0,0.023001,2.852578,0.135525,0.002800,2.976071,9.511113,14.549345,30.731706,0.064089,1.897242,0.001735,27.558313,29.521379
2047,0,0.033414,0.985751,0.100356,0.001891,1.087787,11.185671,15.216737,30.788406,0.091047,0.108413,0.001138,29.572598,29.773196
2048,0,0.020744,1.705845,0.139841,0.003779,1.849465,10.072489,15.517597,31.161162,0.053758,0.628047,0.001923,29.263960,29.947224
2049,0,0.020598,1.938031,0.193680,0.004151,2.134631,21.294923,3.681224,30.774116,0.077439,1.118379,0.001087,28.571846,29.768751
2050,0,0.018499,2.188071,0.163121,0.004256,2.355448,11.738299,13.759623,31.655812,0.077094,1.394476,0.001223,29.233712,30.706505
2051,0,0.021874,1.460968,0.200055,0.004391,1.665414,9.826084,15.664790,30.978262,0.063638,0.563202,0.001043,29.230248,29.858131
2052,0,0.018586,1.068869,0.132465,0.002814,1.204148,11.150764,15.641812,31.338059,0.060989,0.202188,0.001281,29.980507,30.244965
2053,0,0.025933,0.951454,0.099052,0.002040,1.052259,11.614506,15.585961,31.040074,0.077106,0.123109,0.001525,29.876393,30.078133
2054,0,0.020319,1.103876,0.223246,0.002032,1.328924,11.432737,15.745138,31.129928,0.058247,0.166545,0.001256,29.710967,29.937015
2055,0,0.025737,0.946974,0.124510,0.002012,1.068943,13.885980,12.601304,30.610049,0.061813,0.039168,0.001267,29.448491,29.550739
2056,0,0.037343,1.133776,0.116867,0.002037,1.252498,11.123812,16.592515,31.835981,0.107721,0.217104,0.000991,30.451550,30.777366
2057,0,0.019343,1.056173,0.098894,0.001972,1.150846,11.082345,15.474582,30.509643,0.056978,0.092970,0.001209,29.268462,29.419619
2058,0,0.022082,1.493535,0.144281,0.003615,1.640127,11.076307,15.548500,31.674408,0.062326,0.161428,0.001303,29.938413,30.163470
2059,0,0.021134,0.998745,0.100853,0.001911,1.099412,10.069699,16.580832,31.288779,0.055209,0.139793,0.001943,30.097953,30.294898
2060,0,0.034600,0.994074,0.128430,0.002171,1.124549,10.615955,14.718782,30.835181,0.105423,0.155379,0.002003,29.575158,29.837963
2061,0,0.022077,1.010698,0.115188,0.001908,1.126371,11.998320,14.629716,31.294126,0.048854,0.127524,0.000526,30.088792,30.265601
2062,0,0.023463,0.942715,0.098665,0.001716,1.043096,10.719198,15.780654,30.521203,0.057719,0.106225,0.001115,29.389354,29.554413
2063,0,0.021176,1.083284,0.105967,0.001926,1.177466,11.002031,16.764395,31.624901,0.058619,0.159686,0.000979,30.361711,30.430820
2064,0,0.021203,1.852647,0.186441,0.003079,2.042167,10.118413,14.630371,30.598275,0.061364,0.829651,0.001101,28.446933,28.533708
2065,0,0.027540,1.934659,0.165573,0.004267,2.080004,10.389003,14.650609,31.570841,0.099068,0.145338,0.001749,29.318516,29.564671
2066,0,0.021131,0.996206,0.108216,0.002169,1.106310,9.751482,16.573886,31.150508,0.060749,0.097852,0.002486,29.953959,30.115046
2067,0,0.020788,1.017459,0.112753,0.001940,1.129103,10.260168,15.612134,30.508421,0.065099,0.121463,0.001092,29.279383,29.467037
2068,0,0.016889,0.961070,0.100018,0.001861,1.062949,11.311639,16.717679,31.838271,0.054470,0.116994,0.001325,30.694261,30.867050
2069,0,0.020925,0.980696,0.100548,0.001969,1.082864,11.165719,15.393732,30.501748,0.065801,0.031652,0.001357,29.327642,29.426452
2070,0,0.019146,1.684770,0.153529,0.003623,1.841922,10.197536,14.667580,31.777400,0.052170,0.779480,0.001099,29.840900,29.914620
2071,0,0.020696,1.552912,0.141241,0.003991,1.698144,9.576468,16.549796,30.889614,0.057257,0.315703,0.000753,29.148075,29.521788
2072,0,0.019701,0.927739,0.106382,0.002106,1.035701,10.916952,15.532702,30.557595,0.059331,0.079302,0.000952,29.432579,29.572164
2073,0,0.020389,0.997372,0.173066,0.007899,1.177520,11.015180,16.334684,31.889002,0.051213,0.017255,0.001043,30.660215,30.729510
2074,0,0.018068,1.054916,0.176834,0.002392,1.234142,10.514006,16.638730,31.178569,0.048854,0.058085,0.000948,29.871515,29.979402
2075,0,0.018882,1.009576,0.114017,0.002067,1.123745,11.285549,15.534583,31.063199,0.052612,0.280073,0.001203,29.732118,30.066006
2076,0,0.014409,0.948817,0.103876,0.002009,1.054110,10.607856,15.389115,30.297816,0.052272,0.128625,0.000872,29.160134,29.341903
2077,0,0.016934,0.954415,0.104800,0.002014,1.057027,11.217423,15.370226,31.293329,0.055115,0.095232,0.001071,30.144832,30.296250
2078,0,0.017734,0.938999,0.107450,0.001963,1.046870,10.559949,16.364764,31.440388,0.053734,0.091465,0.000848,30.314578,30.460625
2079,0,0.019578,0.943624,0.105410,0.001646,1.049235,11.810243,15.532743,31.022853,0.051971,0.123493,0.000945,29.882821,30.059230
2080,0,0.018436,0.943727,0.107018,0.001902,1.052436,11.703417,15.606639,30.877106,0.053564,0.093835,0.000325,29.745492,29.893216
2081,0,0.022508,0.935923,0.100735,0.001922,1.035880,10.728337,16.518539,31.305338,0.053504,0.106229,0.000897,30.187328,30.347958
2082,0,0.016886,1.013260,0.115788,0.001821,1.130791,11.262978,16.298605,31.427612,0.061157,0.139489,0.001618,30.205209,30.407473
2083,0,0.021494,0.930200,0.262102,0.005350,1.142473,11.957354,14.604826,30.895074,0.056458,0.066528,0.000787,29.612062,29.735835
2084,0,0.016925,0.966028,0.119855,0.002025,1.087767,11.143557,16.494829,31.443275,0.055362,0.175821,0.000853,30.285464,30.517500
2085,0,0.022205,0.942730,0.159245,0.002114,1.090977,11.279806,15.695367,30.934847,0.054032,0.060627,0.001170,29.747998,29.863827
2086,0,0.091373,0.897015,0.123944,0.002025,1.022711,11.352992,15.398597,30.460951,0.055413,0.074865,0.000825,29.363421,29.494524
2087,0,0.022713,0.930370,0.184079,0.001990,1.111937,12.145968,15.340698,31.262060,0.075669,0.044020,0.001226,30.035350,30.156265
2088,0,0.017075,0.920223,0.103494,0.001755,1.022342,11.343934,16.518792,31.886196,0.055266,0.107684,0.001493,30.777630,30.942073
2089,0,0.022372,0.922183,0.107247,0.001944,1.026381,10.365974,16.583387,31.059258,0.055720,0.090064,0.001229,29.932805,30.079780
2090,0,0.017053,0.951336,0.113723,0.002001,1.065486,10.557704,15.470511,30.299533,0.054937,0.132424,0.001250,29.146478,29.335089
2091,0,0.017672,0.970614,0.103031,0.002474,1.075404,11.032035,15.763368,31.765607,0.054362,0.161209,0.000903,30.612699,30.829173
2092,0,0.021140,1.218495,0.110659,0.002147,1.330742,10.391828,16.520301,30.873260,0.053287,0.327652,0.000658,29.468515,29.850112
2093,0,0.020691,0.882458,0.105419,0.001813,0.983754,11.640225,15.608454,30.737329,0.053414,0.015507,0.001038,29.669988,29.739947
2094,0,0.019746,0.874893,0.129001,0.003159,1.007053,11.533051,15.725577,31.551056,0.058144,0.034861,0.001234,30.458466,30.528036
2095,0,0.020338,0.874378,0.119389,0.001805,0.974972,10.117155,15.851502,30.823857,0.050451,0.047732,0.001028,29.746094,29.845305
2096,0,0.018273,0.889106,0.105479,0.002124,0.994027,10.316550,15.969691,31.460250,0.050942,0.025065,0.001027,30.380895,30.457929
2097,0,0.023304,1.355989,0.128087,0.002681,1.486757,9.299466,15.820035,31.128248,0.058137,0.420341,0.000928,29.548713,29.624230
2098,0,0.019933,0.923396,0.104889,0.002362,1.030150,11.102177,15.451460,30.859234,0.056027,0.099424,0.001143,29.749143,29.905737
2099,0,0.018881,0.925583,0.116096,0.002169,1.043676,10.546613,16.309826,31.054303,0.056055,0.113990,0.000986,29.923552,30.094583
2100,0,0.017109,0.923340,0.104916,0.001989,1.027616,10.585732,15.418846,30.856300,0.071686,0.068285,0.001002,29.721225,29.862198
2101,0,0.022822,1.016579,0.123863,0.002177,1.142322,11.187789,14.741258,30.963518,0.059479,0.151938,0.001195,29.724392,29.937004
2102,0,0.022625,0.931062,0.113649,0.002057,1.045471,11.121169,15.406502,31.264882,0.063384,0.110660,0.001581,30.122964,30.298589
2103,0,0.022357,0.926335,0.106092,0.002018,1.028979,10.405566,16.628609,31.702406,0.060970,0.093562,0.000962,30.578700,30.734194
2104,0,0.019205,0.941618,0.108982,0.001718,1.049329,11.078676,16.388290,31.096768,0.057627,0.038566,0.000584,29.955268,30.031357
2105,0,0.016752,0.912596,0.109979,0.001914,1.019455,11.128357,16.336544,31.315617,0.061912,0.075609,0.000925,30.198260,30.336706
2106,0,0.021213,0.956641,0.124918,0.001938,1.083291,10.826797,15.371999,30.534561,0.064115,0.051474,0.001046,29.376256,29.492891
2107,0,0.021908,1.002352,0.119504,0.002146,1.120867,10.538548,16.353986,31.457760,0.055631,0.075081,0.001185,30.245455,30.377208
2108,0,0.023790,1.028877,0.115136,0.002140,1.146153,10.924598,16.556949,31.438732,0.063889,0.037004,0.001156,30.199006,30.301055
2109,0,0.017794,0.955081,0.112140,0.002189,1.056424,10.600492,16.491030,30.929834,0.055064,0.095973,0.000878,29.777231,29.929046
2110,0,0.014631,0.952109,0.111940,0.002043,1.066092,11.308596,15.468106,30.632782,0.054482,0.107093,0.001021,29.473552,29.635948
2111,0,0.015327,0.927209,0.104644,0.002029,1.032863,10.687689,16.574811,31.413890,0.048655,0.041056,0.000914,30.306994,30.397619
2112,0,0.017759,0.927704,0.115487,0.002071,1.032075,10.982690,15.551727,30.987723,0.054506,0.125524,0.001213,29.858377,30.039620
2113,0,0.020063,0.967450,0.102226,0.001855,1.069002,10.804538,15.590811,30.546849,0.054067,0.148066,0.001221,29.392242,29.595596
2114,0,0.013999,0.999702,0.120611,0.002440,1.112983,11.655512,16.354070,32.015131,0.054940,0.127180,0.001252,30.809551,30.992923
2115,0,0.026952,0.986109,0.156281,0.002130,1.144183,10.340057,15.512428,30.302307,0.058208,0.114333,0.001260,29.110108,29.283909
2116,0,0.018015,1.074996,0.109090,0.002130,1.185797,10.567912,16.677536,31.774287,0.056223,0.150908,0.001388,30.502079,30.710598
2117,0,0.018366,1.027430,0.133851,0.001898,1.159780,11.061875,16.363244,31.323966,0.058575,0.107782,0.000734,30.064936,30.232027
2118,0,0.029136,1.514557,0.151385,0.003293,1.668793,10.186379,15.555508,30.867892,0.068128,0.140797,0.001462,29.100067,29.309868
2119,0,0.046042,0.946181,0.105605,0.001979,1.049750,10.601240,15.521769,30.400856,0.056216,0.050468,0.001063,29.259708,29.367455
2120,0,0.018014,0.915302,0.108165,0.002189,1.020171,11.598483,15.320325,31.249897,0.051469,0.035241,0.001582,30.144348,30.232640
2121,0,0.017941,0.933989,0.102825,0.002268,1.037614,11.521442,16.368360,31.909588,0.054151,0.060901,0.001732,30.782069,30.898684
2122,0,0.020049,0.990074,0.118127,0.002049,1.110219,10.850421,14.789849,30.449866,0.059907,0.045326,0.001500,29.249281,29.356014
2123,0,0.021423,0.996026,0.118150,0.002070,1.112209,13.094418,13.888676,31.279088,0.063906,0.100921,0.001042,30.070585,30.236454
2124,0,0.017527,0.942878,0.104902,0.001958,1.049738,12.780717,14.496532,31.316988,0.054376,0.072435,0.001058,30.186798,30.314667
2125,0,0.019566,0.923491,0.120357,0.002465,1.045482,15.698506,11.495607,30.874319,0.058503,0.018291,0.001271,29.753538,29.831603
2126,0,0.018007,0.910788,0.103034,0.002134,1.015556,14.654783,12.840534,31.441043,0.052795,0.094235,0.001441,30.339255,30.487726
2127,0,0.017727,0.964711,0.108153,0.001905,1.072511,10.939798,16.478361,31.086773,0.054196,0.120027,0.001061,29.928620,30.103904
2128,0,0.019133,0.892173,0.103943,0.002043,0.997053,10.893704,15.848756,30.884891,0.050133,0.059867,0.001326,29.804427,29.915753
2129,0,0.019402,0.933664,0.100685,0.001805,1.032728,11.532422,15.534159,31.073966,0.057209,0.025435,0.000773,29.953937,30.037354
2130,0,0.023660,0.902563,0.113883,0.001937,1.014041,11.659337,15.493127,31.115043,0.055138,0.033265,0.000942,30.011070,30.100415
2131,0,0.022462,1.019717,0.105142,0.001961,1.126619,11.637711,15.419660,30.773479,0.059040,0.199375,0.000838,29.559989,29.819242
2132,0,0.015536,0.880406,0.107591,0.001859,0.987639,16.210940,11.217297,31.850564,0.052776,0.030289,0.001188,30.774867,30.859120
2133,0,0.011793,0.888897,0.102348,0.001965,0.993101,10.448493,15.646694,30.985666,0.053315,0.087025,0.001273,29.909857,30.051470
2134,0,0.020385,1.016363,0.105230,0.002095,1.123289,10.172282,15.615765,30.493605,0.058669,0.092447,0.000765,29.286079,29.437960
2135,0,0.018034,0.935615,0.152006,0.002064,1.074285,12.052414,15.470543,31.287409,0.058236,0.104520,0.001168,30.107745,30.271669
2136,0,0.021562,0.890670,0.105622,0.002075,0.996185,12.197335,15.447205,31.348505,0.056051,0.045445,0.000799,30.266722,30.369017
2137,0,0.021376,1.000169,0.132542,0.002066,1.134777,11.396134,16.435072,31.605078,0.063781,0.033384,0.000895,30.367966,30.452237
2138,0,0.032050,1.331634,0.120140,0.001857,1.453631,10.647669,15.686698,31.051624,0.078517,0.262117,0.001141,29.410341,29.752116
2139,0,0.024231,1.250635,0.142629,0.002228,1.395492,11.446741,13.666517,30.440735,0.059359,0.280115,0.001255,28.954960,29.027357
2140,0,0.018650,2.021986,0.111792,0.002022,2.135388,11.016394,14.568967,31.645682,0.161257,1.179678,0.001024,29.312401,30.654360
2141,0,0.020845,0.986093,0.103152,0.002006,1.087999,10.093475,16.599218,31.355538,0.052248,0.075902,0.001098,30.185545,30.314793
2142,0,0.021175,0.989668,0.113058,0.002036,1.104409,11.075532,15.415445,30.465068,0.057057,0.098992,0.001044,29.272853,29.429946
2143,0,0.027371,0.986898,0.119938,0.002043,1.092370,10.118855,16.541401,31.340349,0.058985,0.069344,0.001158,30.137971,30.267458
2144,0,0.026758,0.918666,0.106107,0.001819,1.026494,12.036846,13.623199,30.543167,0.057444,0.072038,0.001307,29.429449,29.560238
2145,0,0.026310,0.982214,0.115202,0.002083,1.099499,10.476640,15.661520,31.156235,0.060239,0.140254,0.001492,29.969226,30.171211
2146,0,0.022506,1.062106,0.104224,0.001924,1.167194,11.579482,15.665007,31.043043,0.059942,0.186429,0.001637,29.782421,30.030429
2147,0,0.022658,1.077091,0.105691,0.001819,1.179679,11.867660,15.761385,31.412283,0.061922,0.193049,0.001033,30.134301,30.390305
2148,0,0.018460,0.941324,0.135900,0.002506,1.079278,11.252771,15.673316,30.873277,0.054439,0.104636,0.001819,29.701535,29.862429
2149,0,0.020203,0.953916,0.137602,0.002379,1.093644,11.798614,15.471280,31.216528,0.057186,0.069781,0.001255,30.040008,30.168230
2150,0,0.020653,0.943746,0.109587,0.001930,1.054939,11.969614,15.351411,31.146167,0.057580,0.079107,0.001276,30.001190,30.139153
2151,0,0.018428,0.952984,0.104167,0.001975,1.058979,11.559505,15.579239,31.033841,0.054715,0.110175,0.000637,29.889938,30.055404
2152,0,0.021465,0.972276,0.101377,0.002603,1.075450,12.221002,15.696771,31.644637,0.059253,0.124466,0.001424,30.483053,30.668196
2153,0,0.020579,0.923576,0.122044,0.002849,1.047563,11.327667,16.344833,31.356258,0.051039,0.096477,0.001165,30.249577,30.398258
2154,0,0.018126,0.965481,0.107560,0.001869,1.074869,10.960756,16.330785,31.135491,0.051904,0.104951,0.000845,29.984583,30.142283
2155,0,0.018479,1.056637,0.152418,0.003370,1.212425,10.485614,15.478942,30.583554,0.056339,0.222491,0.001104,29.321030,29.600964
2156,0,0.017773,0.969126,0.106880,0.001695,1.077701,13.202451,14.510915,31.456307,0.061835,0.168025,0.000776,30.297831,30.528467
2157,0,0.019603,1.069618,0.108872,0.002004,1.179142,11.193489,14.671195,30.602648,0.061880,0.072230,0.001470,29.312844,29.448424
2158,0,0.016185,0.927797,0.120683,0.001988,1.034268,10.879979,16.635226,31.580153,0.054415,0.030144,0.000956,30.444460,30.529975
2159,0,0.022332,0.946595,0.100067,0.001904,1.045086,10.992175,15.554034,30.919070,0.055676,0.149458,0.001384,29.788456,29.994974
2160,0,0.019805,0.913827,0.105412,0.001880,1.020779,13.678839,12.596062,30.596850,0.057474,0.032491,0.001157,29.482660,29.573782
2161,0,0.017467,0.988772,0.104485,0.001742,1.094986,10.302603,14.770750,30.497901,0.057553,0.119655,0.001139,29.308019,29.486366
2162,0,0.015037,0.918283,0.106311,0.001854,1.024007,10.226829,0.772123,16.001151,0.055006,0.051319,0.001361,14.887390,14.995076
2163,0,0.007326,0.916685,0.115027,0.002234,1.032568,11.099340,16.424898,32.231767,0.051422,0.035831,0.001430,31.119547,31.208230
2164,0,0.018827,0.916790,0.119253,0.002036,1.037838,9.900922,14.020397,30.153613,0.046817,0.056804,0.001545,29.039892,29.145058
2165,0,0.015719,0.967590,0.109478,0.001914,1.078982,11.991706,15.524818,31.473594,0.053464,0.066344,0.000738,30.309002,30.429435
2166,0,0.036254,0.981834,0.108116,0.001901,1.091851,11.533164,15.569594,30.948275,0.066511,0.156766,0.000845,29.760632,29.984754
2167,0,0.022767,1.493682,0.132774,0.002268,1.628724,10.554826,15.530973,31.642222,0.065351,0.612500,0.001391,29.901038,29.995254
2168,0,0.019628,0.916738,0.106349,0.002038,1.025125,10.159668,15.507744,31.140664,0.057695,0.092942,0.001121,30.028144,30.179902
2169,0,0.020319,1.100182,0.113344,0.002000,1.211422,11.670865,13.966221,31.123561,0.052295,0.083890,0.001540,29.825775,29.963500
2170,0,0.017176,1.002683,0.110870,0.001967,1.115520,10.940036,16.409128,31.314763,0.057603,0.140265,0.001217,30.110157,30.309144
2171,0,0.019952,1.017081,0.105509,0.002002,1.124592,10.369155,15.805540,30.925474,0.059168,0.175699,0.001085,29.703877,29.939829
2172,0,0.022453,1.005849,0.112401,0.001860,1.113715,9.919732,15.515418,30.406266,0.058268,0.090769,0.001552,29.196399,29.346988
2173,0,0.019145,0.944001,0.103083,0.001915,1.048858,11.891139,15.361598,31.054501,0.055124,0.120750,0.001093,29.924650,30.101617
2174,0,0.018188,0.956306,0.108544,0.002101,1.066795,11.660546,15.602734,31.708070,0.057421,0.160103,0.001487,30.555086,30.774018
2175,0,0.018120,0.885372,0.113564,0.001872,1.000649,9.866253,15.658921,30.419562,0.156740,0.046320,0.000988,29.234716,29.402928
2176,0,0.019185,0.893003,0.100231,0.001713,0.994750,11.931593,12.530776,29.271968,0.056075,0.042089,0.001121,28.188719,28.288004
2177,0,0.019815,1.656651,0.111533,0.001775,1.769858,12.887224,11.641708,29.629735,0.048979,0.856004,0.001017,27.745567,28.651436
2178,0,0.028380,2.032628,0.285166,0.005355,2.180935,12.323691,11.656855,29.607239,0.085873,0.183418,0.001785,27.118739,27.389815
2179,0,0.020305,1.138499,0.129507,0.002986,1.270879,11.367165,13.628154,29.754236,0.058967,0.191235,0.001352,28.384991,28.465096
2180,0,0.020903,0.926084,0.104861,0.001895,1.032840,9.617436,16.546820,30.100070,0.050785,0.075120,0.001061,28.991606,29.118572
2181,0,0.021353,1.884604,0.104759,0.001662,1.990866,10.129513,14.662996,29.387139,0.098503,0.275924,0.001198,27.233052,27.608677
2182,0,0.018223,0.886019,0.098423,0.001965,0.986407,9.980567,15.474839,29.698107,0.054267,0.050420,0.001460,28.626439,28.732586
2183,0,0.023472,0.888146,0.100297,0.001834,0.990231,9.767408,15.524783,29.284669,0.050018,0.083657,0.001096,28.213324,28.348041
2184,0,0.018608,1.407716,0.149895,0.005692,1.563303,11.276087,13.510725,29.877842,0.073221,0.102984,0.001669,28.216915,28.394530
2185,0,0.021670,0.966988,0.102115,0.001843,1.067942,11.242241,13.320505,28.885240,0.067484,0.103815,0.001506,27.715286,27.888091
2186,0,0.019501,0.887966,0.113927,0.010835,1.004044,11.066329,14.496397,29.794469,0.054599,0.092317,0.001309,28.711978,28.860203
2187,0,0.019898,0.904600,0.104357,0.001808,1.009609,10.815372,15.522067,30.077829,0.057471,0.124011,0.000904,28.984901,29.167287
2188,0,0.020253,0.937125,0.108831,0.001777,1.047678,10.383669,15.668993,29.899652,0.054753,0.092464,0.001064,28.757651,28.905932
2189,0,0.015716,0.875602,0.095741,0.001757,0.973060,10.367355,15.523165,29.312024,0.047148,0.093746,0.000817,28.267067,28.408778
2190,0,0.013787,0.871377,0.101615,0.001962,0.974954,10.722181,15.394394,29.509894,0.050749,0.086347,0.000786,28.460471,28.598353
2191,0,0.017900,0.879857,0.101423,0.001745,0.981128,10.336341,15.632976,29.433934,0.048006,0.069259,0.001050,28.376691,28.495006
2192,0,0.021880,0.913035,0.104285,0.001870,1.019056,11.414174,14.520270,29.560455,0.053967,0.117374,0.001246,28.462797,28.635384
2193,0,0.018007,1.559787,0.138417,0.002587,1.700791,11.273844,13.460863,29.255985,0.053473,0.712847,0.000888,27.497630,28.264838
2194,0,0.017751,0.914852,0.119592,0.001973,1.036417,10.180119,16.477732,30.200744,0.054035,0.098593,0.001012,29.096289,29.249929
2195,0,0.023817,0.913705,0.099994,0.001971,1.014530,10.432741,15.490176,29.585739,0.056353,0.118309,0.001212,28.486355,28.662229
2196,0,0.023092,1.566625,0.122522,0.002458,1.691605,10.688298,14.553626,29.641130,0.078703,0.589351,0.000965,27.842376,27.932731
2197,0,0.016769,0.862192,0.135276,0.001959,0.999191,11.042351,14.749241,29.499966,0.053944,0.017656,0.001393,28.420227,28.485125
2198,0,0.017392,1.025439,0.102793,0.001724,1.129803,11.163388,14.525681,29.395114,0.054344,0.206776,0.001241,28.177224,28.439494
2199,0,0.017637,0.982894,0.100245,0.001803,1.084742,10.193086,15.506159,29.692800,0.057040,0.139532,0.001221,28.515414,28.713207
2200,0,0.018297,0.868961,0.114164,0.001925,0.984898,10.276049,15.550958,29.603608,0.054994,0.040872,0.001287,28.540174,28.637327
2201,0,0.020731,0.928736,0.154351,0.001773,1.082228,11.065712,14.581451,29.235720,0.054867,0.050701,0.000885,28.063553,28.170006
2202,0,0.022890,0.938180,0.109893,0.001895,1.049724,10.697843,15.339452,29.797092,0.052623,0.098102,0.001345,28.668891,28.820961
2203,0,0.014608,1.426562,0.175742,0.005013,1.584763,10.748044,14.564495,30.036475,0.047839,0.360050,0.000875,28.355832,28.434666
2204,0,0.016463,0.886054,0.104721,0.002104,0.992389,9.999715,15.534290,29.597235,0.054418,0.083797,0.001251,28.518721,28.658187
2205,0,0.013836,0.878618,0.102049,0.001866,0.979248,10.064177,15.841989,29.400687,0.051285,0.085451,0.000783,28.342624,28.480143
2206,0,0.021420,0.928788,0.101087,0.001732,1.031465,10.435678,15.511470,29.709446,0.060348,0.090284,0.000888,28.593272,28.744792
2207,0,0.017666,1.107920,0.115676,0.001907,1.208376,11.563363,13.670224,29.346923,0.076378,0.328594,0.001560,28.009794,28.416326
2208,0,0.017611,0.883513,0.098750,0.001752,0.983881,10.344393,15.636392,29.740188,0.048335,0.034284,0.001079,28.680404,28.764102
2209,0,0.017950,1.029920,0.118247,0.002538,1.150705,10.129709,15.533392,29.271054,0.045993,0.148742,0.000796,28.049901,28.106373
2210,0,0.022269,1.413896,0.202595,0.004616,1.621107,10.402085,14.782994,29.505785,0.057273,0.277856,0.001056,27.832763,28.168948
2211,0,0.016874,0.996880,0.114431,0.017227,1.117039,10.826211,15.332901,29.857410,0.060632,0.168447,0.001078,28.657855,28.888012
2212,0,0.022062,0.940745,0.105848,0.001900,1.048294,10.384294,15.469774,29.497474,0.055141,0.119780,0.000678,28.373619,28.549218
2213,0,0.017014,0.938615,0.100784,0.001948,1.041052,12.418949,13.465479,29.590209,0.052835,0.142709,0.001283,28.466787,28.663614
2214,0,0.018550,0.920291,0.115394,0.001706,1.037342,10.397663,15.794588,30.386961,0.050867,0.025143,0.001082,29.291069,29.368161
2215,0,0.017647,0.878362,0.113693,0.001897,0.993952,12.177054,12.446042,28.510958,0.049267,0.046458,0.000794,27.437934,27.534453
2216,0,0.021914,1.015521,0.107250,0.001784,1.124325,12.325177,13.684620,29.834270,0.056960,0.169257,0.001258,28.623726,28.851201
2217,0,0.020698,0.964166,0.102910,0.001801,1.065260,10.879589,15.518533,30.378254,0.053304,0.136146,0.001242,29.218698,29.409390
2218,0,0.018537,0.919000,0.141855,0.002072,1.062814,11.946913,12.583386,28.677378,0.054811,0.107162,0.001592,27.550008,27.713462
2219,0,0.015398,0.886418,0.102735,0.001852,0.985092,11.478920,14.526581,30.361826,0.050563,0.105780,0.001114,29.286443,29.443900
2220,0,0.021085,0.914116,0.111065,0.001802,1.026983,10.381126,15.581469,29.822224,0.055219,0.117028,0.000766,28.723012,28.896025
2221,0,0.018634,0.908920,0.101702,0.001669,1.006248,11.277843,13.492646,28.624018,0.053275,0.051424,0.001364,27.528137,27.634200
2222,0,0.016267,0.953546,0.106419,0.002151,1.057428,11.106999,15.385077,30.155420,0.052162,0.142024,0.001537,28.997052,29.192775
2223,0,0.016213,0.921989,0.109139,0.001952,1.032693,10.605342,14.608297,29.209151,0.049697,0.087815,0.001262,28.109599,28.248373
2224,0,0.018673,0.923178,0.120264,0.002034,1.045264,10.526680,13.550898,28.684582,0.054033,0.127632,0.001090,27.577778,27.760533
2225,0,0.018599,0.911322,0.114572,0.002182,1.028076,10.405879,15.712213,30.731795,0.052603,0.120069,0.001193,29.634634,29.808499
2226,0,0.020266,0.957957,0.117217,0.001929,1.077025,11.904028,12.634690,29.402206,0.055241,0.120163,0.001588,28.243779,28.420771
2227,0,0.023022,0.930086,0.127283,0.001886,1.058890,10.134961,15.556820,30.070659,0.054861,0.166791,0.000673,28.923360,29.145685
2228,0,0.011830,0.906420,0.113027,0.001688,1.020988,9.946602,15.491217,29.600088,0.051281,0.133706,0.001223,28.507696,28.693906
2229,0,0.020039,0.854620,0.101162,0.001711,0.950095,10.366043,15.626288,29.688811,0.056680,0.035508,0.000983,28.650546,28.743717
2230,0,0.013467,0.825477,0.129981,0.001827,0.937478,9.932846,16.577293,29.955236,0.049694,0.041865,0.001210,28.918081,29.010850
2231,0,0.017541,1.524559,0.144419,0.003666,1.672644,10.637082,13.471466,28.695302,0.050527,0.386848,0.001038,26.959903,27.398316
2232,0,0.016813,0.914389,0.129047,0.001760,1.045181,9.655322,16.591702,30.259821,0.052100,0.100219,0.001878,29.152660,29.306857
2233,0,0.014703,0.846252,0.112088,0.001911,0.956640,10.419711,15.526356,29.713862,0.055923,0.032227,0.001413,28.673137,28.762700
2234,0,0.017971,1.086188,0.183388,0.003166,1.252688,11.497497,12.569810,29.205501,0.054241,0.077451,0.001033,27.844392,27.977117
2235,0,0.017409,1.914069,0.175052,0.004680,2.093801,10.489457,13.432292,29.528943,0.056657,0.980485,0.001325,27.418228,28.456695
2236,0,0.023938,0.911004,0.100954,0.001856,1.012653,10.878913,15.565642,29.916399,0.058433,0.072321,0.000945,28.813611,28.945310
2237,0,0.018431,1.684726,0.103616,0.002047,1.790067,10.898796,14.521835,29.780267,0.078860,0.868328,0.000720,27.873808,27.970996
2238,0,0.022270,0.878945,0.176828,0.001936,1.057709,11.454897,13.494899,28.687133,0.091774,0.101811,0.001199,27.575725,27.739120
2239,0,0.019562,0.935383,0.120123,0.002066,1.038553,10.109490,15.495435,29.794873,0.055707,0.133866,0.000600,28.613762,28.803935
2240,0,0.013062,0.946630,0.139094,0.001962,1.083976,11.313750,13.585421,29.897986,0.057459,0.065158,0.001438,28.718847,28.842902
2241,0,0.017364,0.860408,0.095793,0.001794,0.957789,11.090040,14.465879,29.823621,0.051256,0.071971,0.000682,28.771576,28.895454
2242,0,0.016095,0.878329,0.107161,0.001741,0.987231,10.112957,15.525476,29.105443,0.054434,0.061104,0.001264,28.037457,28.154259
2243,0,0.019047,1.022803,0.102608,0.001757,1.123287,11.408005,13.513053,29.319412,0.057696,0.172234,0.001469,28.099539,28.330658
2244,0,0.025812,0.844374,0.112537,0.002112,0.957040,11.160465,14.613902,30.073211,0.054497,0.027351,0.001263,29.032215,29.115326
2245,0,0.026034,0.881899,0.100865,0.001936,0.977304,10.848286,15.570135,29.938120,0.055687,0.047433,0.001364,28.871624,28.976108
2246,0,0.018876,0.870231,0.113024,0.002095,0.985350,11.020460,14.499129,29.520230,0.057120,0.034225,0.001185,28.463091,28.555621
2247,0,0.020737,0.968608,0.108195,0.001840,1.076108,10.764633,14.622123,29.458963,0.056968,0.110836,0.001493,28.292328,28.461625
2248,0,0.020900,1.389973,0.110635,0.002006,1.502614,10.275508,14.577236,29.001606,0.086602,0.591635,0.000741,27.369821,28.048799
2249,0,0.019081,0.936662,0.109062,0.002648,1.046112,10.294535,16.513901,30.528894,0.056306,0.057090,0.001141,29.389106,29.503643
2250,0,0.017277,0.964259,0.107054,0.001964,1.073235,10.357558,14.469968,28.806844,0.048220,0.148693,0.001055,27.669951,27.867919
2251,0,0.018738,0.963349,0.097746,0.001749,1.061285,11.074366,14.762936,29.773389,0.051169,0.138537,0.001023,28.632625,28.823354
2252,0,0.017929,1.006666,0.114149,0.002398,1.123213,10.593254,15.478425,29.921427,0.073251,0.170389,0.000741,28.709387,28.953768
2253,0,0.017294,0.955549,0.102138,0.001957,1.057553,10.307317,15.498489,29.529317,0.061792,0.061997,0.000874,28.382599,28.507262
2254,0,0.017819,0.956905,0.106675,0.001775,1.065342,10.964612,14.513254,29.244274,0.053630,0.157959,0.001532,28.086027,28.299148
2255,0,0.024356,0.932666,0.117743,0.001827,1.051616,11.116884,15.514123,30.334803,0.060762,0.017392,0.001198,29.185153,29.264501
2256,0,0.018421,0.937739,0.118634,0.002115,1.058133,10.236503,14.525765,28.999396,0.063234,0.028493,0.001119,27.844985,27.937831
2257,0,0.020933,0.886423,0.106850,0.002343,0.994190,13.004826,12.524501,29.487292,0.055030,0.052456,0.001422,28.409034,28.517942
2258,0,0.019219,0.973700,0.103603,0.001914,1.078873,10.121189,16.532940,30.218973,0.059379,0.123050,0.000967,29.055345,29.238741
2259,0,0.020363,0.898347,0.105164,0.001811,1.003854,10.339291,14.485201,28.882939,0.058600,0.058329,0.000903,27.783933,27.901765
2260,0,0.011732,0.943249,0.104081,0.001882,1.048957,10.915614,14.571029,30.099074,0.048523,0.119724,0.001265,28.969078,29.138590
2261,0,0.012131,0.857856,0.101154,0.001855,0.957842,10.755260,14.490090,29.796671,0.050663,0.044148,0.000928,28.758833,28.854572
2262,0,0.015417,0.985615,0.133815,0.001990,1.121314,10.552219,14.475909,28.796635,0.058477,0.096297,0.000912,27.601421,27.756943
2263,0,0.015323,0.877156,0.100677,0.001915,0.977598,10.612618,16.595766,30.586670,0.050671,0.077520,0.001149,29.531976,29.661316
2264,0,0.016595,0.891061,0.130409,0.003618,1.000330,11.365484,14.507875,29.500069,0.056706,0.076607,0.000923,28.380160,28.514396
2265,0,0.013459,0.863258,0.116802,0.002015,0.973687,11.039037,14.507040,29.551053,0.048504,0.076748,0.001354,28.480142,28.606748
2266,0,0.014661,0.880140,0.105135,0.001872,0.986899,11.345570,13.469170,28.781278,0.052303,0.106091,0.000956,27.705606,27.864956
2267,0,0.016306,0.866327,0.115895,0.001923,0.983851,11.970192,14.517532,30.322117,0.050374,0.078130,0.000849,29.282038,29.411391
2268,0,0.014735,0.870482,0.101882,0.001919,0.973586,10.701071,15.484837,29.702743,0.050729,0.059412,0.000979,28.652000,28.763120
2269,0,0.016130,0.928073,0.119105,0.001997,1.040640,10.798923,14.702656,29.622426,0.054112,0.157868,0.000994,28.485643,28.698617
2270,0,0.017177,1.560344,0.232854,0.006642,1.784398,11.532959,12.560457,29.294198,0.066992,0.790235,0.000821,27.378875,28.236923
2271,0,0.040274,0.929093,0.099963,0.001827,1.029937,11.186037,14.594209,29.408256,0.053618,0.053153,0.000865,28.290607,28.398243
2272,0,0.018148,1.138226,0.136400,0.001882,1.276508,13.630234,11.546588,29.291864,0.049750,0.210303,0.001114,27.959017,28.220184
2273,0,0.014618,1.515322,0.146192,0.003944,1.665458,10.944487,14.689296,30.033385,0.073242,0.574976,0.000852,28.251832,28.900902
2274,0,0.018752,0.925191,0.106215,0.001811,1.033141,11.285255,14.749209,29.650855,0.058753,0.127041,0.000955,28.531111,28.717860
2275,0,0.018370,0.889883,0.102271,0.001920,0.994074,11.999115,14.472061,29.941217,0.055968,0.117671,0.000739,28.866039,29.040417
2276,0,0.019240,0.839175,0.100913,0.001749,0.941837,10.971886,14.517657,29.322994,0.054555,0.035230,0.000992,28.277453,28.368230
2277,0,0.020215,1.586563,0.100513,0.001809,1.685538,11.699670,13.535311,29.696725,0.073072,0.742942,0.000776,27.900391,28.717181
2278,0,0.017946,0.867124,0.101004,0.001815,0.969728,11.073148,14.532536,29.342036,0.046401,0.037973,0.001108,28.299338,28.384820
2279,0,0.016516,0.990752,0.131159,0.004169,1.125146,11.619015,13.611885,29.280823,0.074452,0.128735,0.001638,28.043816,28.248062
2280,0,0.023270,0.931501,0.105786,0.002113,1.039002,10.707795,15.463637,29.804730,0.057181,0.100126,0.001062,28.681779,28.840148
2281,0,0.021927,0.874668,0.097818,0.001781,0.973241,12.420043,13.534598,29.718507,0.055245,0.052997,0.000956,28.657858,28.767056
2282,0,0.018115,0.906886,0.098551,0.001752,1.007001,12.429850,12.502853,28.978926,0.051246,0.087470,0.001102,27.896004,28.035822
2283,0,0.023536,1.255032,0.106288,0.001855,1.362946,13.014064,12.505940,30.056000,0.060833,0.421642,0.000961,28.602539,29.085975
2284,0,0.016893,0.861119,0.105347,0.001876,0.968046,10.877074,14.714436,30.133642,0.052061,0.062080,0.000813,29.080206,29.195160
2285,0,0.020897,0.842866,0.095895,0.002018,0.940532,11.135255,13.531697,29.328858,0.055057,0.027006,0.001129,28.304287,28.387479
2286,0,0.020215,0.889570,0.101340,0.001838,0.990819,11.335855,13.491105,29.040212,0.054666,0.046907,0.000985,27.965684,28.068242
2287,0,0.025114,1.031279,0.102515,0.001956,1.135354,13.350670,11.476291,29.778127,0.059457,0.080904,0.001028,28.548192,28.689581
2288,0,0.020217,0.888178,0.103313,0.001931,0.993022,11.493879,13.735800,29.559603,0.054168,0.086746,0.001027,28.462649,28.604590
2289,0,0.017828,0.904785,0.098809,0.001799,1.003221,11.057673,15.626560,30.228654,0.051115,0.095819,0.000974,29.148428,29.296336
2290,0,0.020059,0.828679,0.093948,0.001788,0.923275,11.123477,14.476962,28.991426,0.052209,0.025541,0.000849,27.991728,28.070327
2291,0,0.016498,0.864192,0.099676,0.001746,0.963127,10.730692,15.654316,29.799032,0.052989,0.075514,0.000784,28.752201,28.881488
2292,0,0.018520,0.846253,0.100798,0.001898,0.948604,13.026218,12.499484,29.269376,0.056906,0.028443,0.000858,28.234542,28.320749
2293,0,0.017150,0.871296,0.102338,0.001829,0.973066,10.519585,16.479633,30.457568,0.050828,0.096042,0.000874,29.407220,29.554964
2294,0,0.019361,0.830640,0.109042,0.001717,0.940097,11.698300,14.482578,29.517250,0.052715,0.031008,0.000984,28.493843,28.578550
2295,0,0.017587,0.768238,0.109830,0.001937,0.879595,10.429080,15.652038,29.406027,0.040906,0.013190,0.001339,28.449973,28.501748
2296,0,0.019038,0.842679,0.102562,0.001791,0.944177,11.255585,14.495429,29.183578,0.053270,0.061756,0.001117,28.156615,28.272758
2297,0,0.019226,0.863289,0.100402,0.001881,0.961615,10.052548,16.543435,30.042506,0.054724,0.026319,0.000978,28.994198,29.076219
2298,0,0.017609,0.822861,0.114546,0.002009,0.935653,10.776054,15.547661,29.920899,0.057920,0.045661,0.001676,28.896735,29.001992
2299,0,0.016932,0.902045,0.115628,0.001814,1.017096,10.670946,14.578062,28.774109,0.052155,0.138324,0.000896,27.677425,27.868800
2300,0,0.016807,0.892145,0.105798,0.001855,0.999534,10.765074,15.527669,29.900368,0.054936,0.135162,0.001326,28.819403,29.010827
2301,0,0.016607,0.864475,0.104905,0.001816,0.968987,10.775734,15.730772,30.145783,0.056923,0.088131,0.001033,29.089742,29.235829
2302,0,0.018251,0.986589,0.160432,0.004616,1.151637,10.855885,14.534571,29.073146,0.052007,0.088820,0.001151,27.838649,27.904379
2303,0,0.016899,0.869728,0.110129,0.001822,0.981645,10.813141,14.840681,29.662201,0.052034,0.065157,0.001212,28.602021,28.720424
2304,0,0.022038,0.902007,0.099123,0.001804,1.002861,10.378968,15.554356,29.354694,0.051916,0.071654,0.000929,28.274157,28.398656
2305,0,0.017736,1.030394,0.172653,0.008706,1.151697,11.293392,13.552319,29.356403,0.070661,0.102500,0.001317,28.100398,28.189439
2306,0,0.018139,0.894266,0.117629,0.002518,1.013630,10.824652,15.585899,30.183744,0.053523,0.108068,0.001059,29.096640,29.259290
2307,0,0.020162,0.921161,0.101016,0.002061,1.024238,11.099525,14.945472,29.554512,0.057682,0.058210,0.001114,28.445935,28.514459
2308,0,0.024892,0.869791,0.095487,0.001793,0.966571,11.057206,14.514799,29.403092,0.052012,0.077009,0.000876,28.352449,28.482346
2309,0,0.019008,0.901425,0.099241,0.001813,1.000915,10.727262,15.630163,29.846779,0.050309,0.047205,0.001093,28.769816,28.868423
2310,0,0.018348,0.879841,0.104610,0.002504,0.986162,12.964852,12.607653,29.148791,0.052929,0.083094,0.001295,28.081600,28.218918
2311,0,0.026163,1.644369,0.170116,0.004502,1.793573,12.234915,10.681318,28.958341,0.096934,0.641315,0.001368,26.948528,27.077932
2312,0,0.018556,0.904747,0.107093,0.001786,1.013553,13.536825,12.497437,30.205718,0.058648,0.073642,0.000923,29.116390,29.249603
2313,0,0.020169,0.880024,0.094032,0.001663,0.975580,11.104030,15.599275,30.245138,0.054836,0.058245,0.000743,29.182227,29.296051
2314,0,0.014943,0.875333,0.102599,0.001840,0.978373,11.002573,14.534043,29.063528,0.059112,0.096693,0.000535,27.994987,28.151327
2315,0,0.018433,0.893006,0.110084,0.001787,0.992628,10.825719,15.695378,30.048040,0.053879,0.087988,0.001104,28.961661,29.104632
2316,0,0.017727,0.877929,0.105738,0.002583,0.985449,11.458451,13.955993,28.998800,0.054454,0.046589,0.001214,27.928681,28.030938
2317,0,0.020058,0.938966,0.099614,0.002023,1.040603,11.584116,14.956159,30.335627,0.055595,0.106901,0.000980,29.213233,29.376642
2318,0,0.015148,0.878950,0.103022,0.001877,0.983740,11.975305,12.517907,28.582416,0.050123,0.070394,0.000936,27.509011,27.630464
2319,0,0.017292,0.906645,0.100127,0.001837,1.004530,11.124696,15.482841,30.627021,0.050742,0.052534,0.000720,29.540143,29.644112
2320,0,0.017885,0.816048,0.101894,0.001838,0.919780,18.454805,6.611230,28.556021,0.051886,0.022164,0.001032,27.550401,27.620903
2321,0,0.016954,0.856392,0.112577,0.002557,0.970574,11.336658,14.860304,30.020053,0.051165,0.015314,0.001364,28.980178,29.048021
2322,0,0.019179,0.876323,0.108862,0.001880,0.987065,10.651682,14.426719,29.471239,0.054301,0.029544,0.001670,28.400642,28.468245
2323,0,0.020738,0.862121,0.093263,0.001923,0.956801,16.106004,9.465689,29.467185,0.052274,0.099011,0.001321,28.433507,28.586113
2324,0,0.014346,1.301660,0.180878,0.004781,1.441047,10.624593,14.618614,30.024270,0.055361,0.069827,0.001088,28.445789,28.572065
2325,0,0.018016,0.885727,0.131266,0.001929,1.018636,10.761599,14.829833,29.464662,0.054729,0.060068,0.001078,28.351445,28.426913
2326,0,0.026074,1.172336,0.106533,0.001782,1.280246,10.948676,14.683996,29.584613,0.056128,0.365858,0.001234,28.220540,28.643760
2327,0,0.018733,1.062310,0.123150,0.001648,1.184959,10.973873,13.981759,29.207686,0.053608,0.247595,0.001260,27.930238,28.232701
2328,0,0.012959,0.991029,0.105091,0.002145,1.096038,10.614495,15.540558,30.148177,0.047607,0.093273,0.001281,28.975571,29.117732
2329,0,0.019084,0.823502,0.099146,0.001853,0.917758,10.722912,15.588003,29.658830,0.058724,0.051874,0.001249,28.651268,28.763115
2330,0,0.017750,0.884278,0.115820,0.001717,0.986512,11.864783,13.498183,29.358868,0.053145,0.114139,0.001153,28.274422,28.442859
2331,0,0.018930,0.906051,0.109397,0.001835,1.017218,10.774659,15.494546,30.133033,0.049376,0.119512,0.000969,29.036493,29.206350
2332,0,0.019760,0.889061,0.103914,0.001851,0.994826,11.200380,14.484006,29.388628,0.052018,0.016814,0.001316,28.315865,28.378363
2333,0,0.016893,0.849630,0.101897,0.001786,0.950311,12.815460,13.489351,29.791614,0.052922,0.057784,0.000844,28.757576,28.869126
2334,0,0.018555,0.893177,0.106530,0.002061,1.000241,13.710760,11.680056,29.256178,0.054845,0.084087,0.001385,28.175371,28.315688
2335,0,0.023835,1.573107,0.121446,0.001849,1.686477,14.145292,10.444251,29.470190,0.074555,0.827781,0.001037,27.658017,28.561390
2336,0,0.014725,0.893494,0.106850,0.001720,0.999190,11.388398,14.702489,29.975792,0.054942,0.085421,0.000664,28.883383,29.024410
2337,0,0.024382,0.860555,0.096222,0.001757,0.958523,10.676841,15.493994,29.614035,0.051839,0.034116,0.000860,28.578588,28.665403
2338,0,0.021492,0.851946,0.103677,0.001747,0.957273,12.031965,12.505652,28.903784,0.046754,0.041279,0.001083,27.877500,27.966616
2339,0,0.019673,1.817027,0.101705,0.001796,1.918098,13.089690,11.490580,30.104136,0.053671,0.965619,0.001332,28.104374,28.170438
2340,0,0.017014,0.972643,0.110721,0.002019,1.085276,15.307368,9.552188,29.627542,0.056126,0.105402,0.000845,28.452263,28.524658
2341,0,0.015954,0.896313,0.111224,0.002015,1.009552,12.992452,13.507901,30.263497,0.054849,0.050652,0.000770,29.158618,29.264889
2342,0,0.017501,0.880503,0.103312,0.001913,0.984448,11.636970,15.635966,30.868431,0.050092,0.041989,0.001118,29.806713,29.867314
2343,0,0.019404,0.903768,0.122782,0.001817,1.028327,13.674931,13.554611,30.890884,0.067942,0.019634,0.001115,29.788017,29.876708
2344,0,0.017924,0.877162,0.117501,0.002078,0.992080,11.722922,14.603204,29.995398,0.058298,0.017817,0.000857,28.911086,28.988058
2345,0,0.016892,0.865241,0.116557,0.002082,0.977512,11.536662,15.586291,30.713895,0.054506,0.060887,0.001143,29.651773,29.768309
2346,0,0.018579,0.860720,0.108668,0.002044,0.971432,12.564730,14.659866,30.948128,0.049746,0.063132,0.000862,29.895664,29.961265
2347,0,0.029205,2.012407,0.181634,0.004936,2.198977,12.294425,13.678558,31.037759,0.049388,0.667384,0.001181,28.836449,29.554402
2348,0,0.017802,0.928650,0.102857,0.001979,1.033132,11.517139,14.551652,30.706852,0.049977,0.034936,0.001215,29.591619,29.677747
2349,0,0.017212,1.049950,0.112962,0.001859,1.164604,11.531997,12.635582,28.824388,0.128115,0.182623,0.001368,27.494003,27.641812
2350,0,0.016273,0.920976,0.105503,0.001890,1.028086,12.100665,16.490706,32.305524,0.051590,0.062299,0.000926,31.199868,31.314683
2351,0,0.018396,1.295486,0.141988,0.003281,1.435766,11.932861,13.509109,29.915905,0.053330,0.080378,0.001532,28.387275,28.522028
2352,0,0.019092,0.924269,0.106164,0.002226,1.032497,13.177388,13.617543,30.902461,0.050174,0.099832,0.000905,29.791494,29.942405
2353,0,0.020866,0.958127,0.106155,0.001789,1.066071,11.267085,15.592505,30.963509,0.057186,0.036978,0.001236,29.808231,29.883350
2354,0,0.023605,0.902226,0.105726,0.001849,1.008360,11.182295,15.657435,30.474389,0.057287,0.098011,0.001030,29.379833,29.536161
2355,0,0.017192,0.848089,0.106145,0.001851,0.955915,17.765938,8.498225,30.342062,0.051419,0.019953,0.001605,29.301497,29.371418
2356,0,0.020470,0.989571,0.102937,0.001780,1.094288,15.513094,10.457577,30.183817,0.058957,0.081636,0.001665,29.005213,29.147471
2357,0,0.020448,0.979049,0.113690,0.001864,1.094603,12.945241,13.342672,30.859100,0.056877,0.145437,0.001900,29.669560,29.873774
2358,0,0.019432,1.347290,0.173838,0.004287,1.483599,11.985792,14.590899,31.142057,0.057019,0.429414,0.001436,29.548046,29.639147
2359,0,0.021419,1.036323,0.121503,0.001881,1.158682,15.446492,10.532933,30.339229,0.075021,0.131960,0.001699,29.072529,29.281209
2360,0,0.013654,0.958550,0.110973,0.003190,1.072713,15.505920,11.592912,31.123864,0.057263,0.146111,0.001152,29.971635,30.176161
2361,0,0.019982,1.998847,0.137029,0.003240,2.139116,11.681983,13.493519,30.040649,0.071537,1.103610,0.001018,27.799655,27.882865
2362,0,0.014490,0.888379,0.119964,0.002090,1.010056,11.759741,15.321278,30.598111,0.056091,0.035784,0.000866,29.513102,29.605843
2363,0,0.020038,1.044625,0.115604,0.001773,1.161840,11.251465,15.709159,30.760660,0.059067,0.180971,0.000642,29.513490,29.582807
2364,0,0.018408,2.139589,0.126129,0.002640,2.268358,12.709843,12.733384,30.704497,0.060400,1.258261,0.000943,28.339526,28.417414
2365,0,0.024570,0.996839,0.106844,0.002188,1.103569,13.823527,13.532249,31.083253,0.065272,0.025485,0.001217,29.884071,29.976045
2366,0,0.025325,0.959533,0.121454,0.001774,1.082726,11.511928,14.497074,30.305123,0.064615,0.153458,0.001255,29.144181,29.363509
2367,0,0.018797,0.932492,0.108551,0.002333,1.039971,11.746293,13.514107,30.396822,0.060320,0.103099,0.001775,29.256796,29.421990
2368,0,0.022716,0.901557,0.136622,0.002077,1.029979,11.736131,14.620386,30.946831,0.056751,0.101938,0.001108,29.820436,29.980233
2369,0,0.023394,0.968028,0.122636,0.001833,1.092301,12.211625,14.518890,30.826290,0.063875,0.116836,0.001153,29.635496,29.717734
2370,0,0.023472,2.041761,0.177345,0.001976,2.140957,14.632240,9.528007,30.231586,0.075893,1.225330,0.001300,27.887888,29.190411
2371,0,0.027879,0.935085,0.106412,0.001791,1.043187,13.353199,12.545308,30.738689,0.066344,0.033993,0.001354,29.601401,29.680568
2372,0,0.015833,0.921615,0.100236,0.001716,1.023496,11.440357,14.690898,30.501341,0.051549,0.095937,0.001204,29.403598,29.552288
2373,0,0.017208,0.951993,0.099907,0.001894,1.051320,13.319647,13.618760,30.677800,0.053430,0.157045,0.001192,29.539006,29.750673
2374,0,0.016765,0.972474,0.115867,0.001852,1.089561,12.587992,13.690015,30.020615,0.051673,0.030539,0.000605,28.853100,28.935917
2375,0,0.019821,0.940153,0.106688,0.002056,1.048094,12.164338,15.557275,31.581283,0.063894,0.095889,0.001171,30.441214,30.602168
2376,0,0.023235,0.929639,0.125784,0.002085,1.057291,11.610260,14.491131,30.561389,0.072843,0.031838,0.001221,29.437329,29.543231
2377,0,0.019648,0.958015,0.102844,0.001880,1.062739,12.176376,13.489789,30.535985,0.059214,0.035690,0.000878,29.386585,29.457978
2378,0,0.021547,0.919779,0.129342,0.002126,1.051247,14.174854,10.630574,30.174393,0.059368,0.025621,0.001341,29.035372,29.106728
2379,0,0.017833,0.972253,0.117116,0.002487,1.091423,12.835796,13.518442,30.878524,0.064502,0.130084,0.001305,29.697492,29.893383
2380,0,0.020101,0.990313,0.108623,0.001793,1.100729,12.828600,13.482498,30.916468,0.059521,0.131974,0.001310,29.733054,29.925859
2381,0,0.020340,0.922427,0.119354,0.001922,1.043488,11.810550,14.583129,30.102232,0.056892,0.078912,0.000615,28.973248,29.109667
2382,0,0.023940,0.897800,0.138124,0.001873,1.037727,11.805100,14.659387,31.035266,0.069521,0.033818,0.001860,29.898301,30.003500
2383,0,0.027859,1.344623,0.164558,0.004663,1.512021,12.920353,12.610629,30.226189,0.072190,0.020464,0.001150,28.623473,28.715459
2384,0,0.017955,0.846703,0.113125,0.002191,0.961562,13.467920,13.499082,30.423800,0.053813,0.031352,0.001392,29.402018,29.488575
2385,0,0.020488,0.865888,0.103439,0.001740,0.971064,11.718797,15.511027,31.255098,0.063406,0.029155,0.000902,30.195391,30.269821
2386,0,0.019549,0.946542,0.108218,0.001891,1.056372,11.828336,13.806427,30.393603,0.061134,0.087083,0.001227,29.246629,29.396073
2387,0,0.016995,0.954415,0.107195,0.001992,1.062734,12.786691,12.610733,30.055114,0.056343,0.062559,0.000962,28.900210,29.020074
2388,0,0.019475,0.945914,0.108608,0.002310,1.056456,12.562887,14.551135,31.081205,0.059496,0.083144,0.000859,29.937690,30.081189
2389,0,0.012668,0.942396,0.138239,0.002604,1.082607,12.494274,13.939006,30.341485,0.053216,0.079517,0.001494,29.182677,29.316904
2390,0,0.014343,0.891595,0.122134,0.001884,1.010452,12.044598,15.544908,31.308900,0.054213,0.051816,0.001128,30.217146,30.283348
2391,0,0.014514,0.927025,0.112118,0.001852,1.036699,11.802235,14.900581,30.608605,0.052734,0.069955,0.001742,29.472145,29.596576
2392,0,0.015876,0.903713,0.104921,0.001856,1.009849,12.049753,13.541345,30.474039,0.051876,0.100063,0.000951,29.385190,29.538080
2393,0,0.016676,0.930586,0.110088,0.001831,1.042350,11.695497,14.684671,30.082558,0.055571,0.054193,0.001129,28.950763,29.061656
2394,0,0.017926,1.005169,0.105913,0.001901,1.112983,11.395243,15.535947,31.130663,0.058227,0.084818,0.001105,29.930837,30.074987
2395,0,0.041384,1.123205,0.140684,0.002932,1.266821,11.770935,14.692065,30.501353,0.058452,0.055557,0.000916,29.129435,29.213268
2396,0,0.017258,1.006842,0.113968,0.001738,1.122548,13.515080,12.766936,30.147231,0.056287,0.139376,0.001197,28.943670,29.140530
2397,0,0.018468,1.526046,0.123493,0.002623,1.652162,12.855480,13.588485,31.072367,0.056421,0.548430,0.000981,29.349506,29.955338
2398,0,0.022624,1.033216,0.160665,0.002616,1.196497,11.538655,14.497820,30.549180,0.061787,0.065858,0.001179,29.293442,29.422266
2399,0,0.020937,1.099881,0.115717,0.001863,1.203635,12.723007,13.962058,31.005549,0.078605,0.253739,0.000893,29.675303,30.008540
2400,0,0.021353,0.899574,0.141589,0.002087,1.042415,11.731243,14.566135,30.065850,0.056872,0.018308,0.001652,28.929954,29.006786
2401,0,0.014082,0.877083,0.122018,0.002031,1.001132,13.057931,13.496153,30.647114,0.052518,0.025269,0.000962,29.582068,29.660817
2402,0,0.014325,1.378600,0.124426,0.002616,1.505642,11.461966,13.528096,30.637190,0.052465,0.507486,0.001598,29.033973,29.103248
2403,0,0.019556,1.548866,0.110727,0.001712,1.660856,12.028206,14.457548,31.073385,0.072595,0.722295,0.001548,29.289755,30.086193
2404,0,0.016163,0.855526,0.118331,0.002049,0.975805,12.641475,13.612193,30.055660,0.048205,0.038200,0.000935,29.022105,29.109445
2405,0,0.012852,0.838990,0.101846,0.002201,0.942640,12.595044,14.551959,30.755308,0.038522,0.032285,0.000422,29.744429,29.815658
2406,0,0.016041,0.891486,0.108371,0.001875,0.998341,13.464412,13.397767,30.683310,0.056350,0.075142,0.001192,29.594009,29.726693
2407,0,0.015269,0.829651,0.104836,0.001772,0.936259,13.350231,13.500137,30.349014,0.051299,0.042513,0.000824,29.337343,29.431979
2408,0,0.014249,0.892524,0.110617,0.002377,1.005518,12.623584,14.537304,30.869089,0.052068,0.088132,0.000635,29.791217,29.932052
2409,0,0.024834,1.453737,0.148716,0.003708,1.606161,11.941798,13.532948,30.363186,0.055635,0.062298,0.001515,28.666152,28.785114
2410,0,0.016229,0.852735,0.103528,0.001900,0.957842,12.488668,14.516544,30.917010,0.051902,0.056613,0.001238,29.875032,29.984785
2411,0,0.020203,1.664713,0.129093,0.002726,1.796532,12.399442,12.508869,30.352672,0.078273,0.879016,0.001116,28.462942,29.421347
2412,0,0.017842,1.391616,0.151611,0.003365,1.545838,12.114688,13.604862,31.310650,0.061609,0.097516,0.001087,29.670673,29.830807
2413,0,0.018851,0.864818,0.123867,0.002240,0.973505,12.143111,14.489389,30.429673,0.054053,0.029789,0.000951,29.357314,29.442107
2414,0,0.019109,0.832505,0.102904,0.002018,0.936165,14.573662,11.527930,30.229365,0.055067,0.041403,0.001187,29.206606,29.304263
2415,0,0.015203,0.985206,0.114894,0.001972,1.099637,12.285035,14.568787,30.940925,0.044583,0.130503,0.000941,29.766273,29.942300
2416,0,0.017570,0.920054,0.104749,0.002141,1.026732,13.592031,13.477318,30.910378,0.048428,0.093209,0.001267,29.810888,29.953792
2417,0,0.018055,0.894195,0.104054,0.001852,0.999865,13.431716,12.569463,30.186593,0.049509,0.095855,0.001113,29.108600,29.172268
2418,0,0.014315,0.913395,0.102885,0.001987,1.017806,12.948187,13.493322,30.433080,0.049426,0.048159,0.001048,29.339775,29.438408
2419,0,0.018395,0.881714,0.118175,0.001812,1.001610,12.582979,14.486324,30.793960,0.054009,0.069185,0.001124,29.713852,29.838170
2420,0,0.013657,0.950038,0.118741,0.001998,1.070616,11.631515,15.553058,31.031169,0.054954,0.107041,0.001367,29.881107,30.044469
2421,0,0.020808,0.879397,0.107836,0.002006,0.989016,12.227954,14.501821,30.773284,0.069434,0.082661,0.000880,29.687431,29.840406
2422,0,0.017928,0.888169,0.109746,0.001823,0.999738,12.579119,12.505725,29.783726,0.055141,0.104054,0.001391,28.694015,28.854601
2423,0,0.018470,0.900795,0.119060,0.001947,1.001567,12.016909,14.592607,31.128201,0.058736,0.084251,0.001134,29.986299,30.105634
2424,0,0.020901,0.897377,0.116538,0.001971,1.015624,15.585636,11.521393,30.929964,0.046560,0.041838,0.001137,29.847436,29.936971
2425,0,0.018969,0.874712,0.111217,0.001964,0.977398,13.569136,12.535372,30.211580,0.056636,0.083856,0.001237,29.121651,29.263380
2426,0,0.020400,0.878244,0.106552,0.001759,0.986416,12.481462,14.518610,30.894439,0.052048,0.082827,0.000797,29.829196,29.964868
2427,0,0.018099,0.886704,0.114137,0.001976,0.997109,14.636018,12.515226,30.840269,0.057844,0.021904,0.000567,29.738385,29.818700
2428,0,0.020134,0.848754,0.121446,0.001983,0.971927,11.755555,14.557580,30.107707,0.054714,0.064830,0.001434,29.055316,29.176294
2429,0,0.021012,0.849794,0.100754,0.001935,0.949469,12.218493,15.521689,31.260653,0.061879,0.045564,0.001109,30.220978,30.329530
2430,0,0.022727,0.852298,0.107404,0.002165,0.961414,13.269165,12.613224,29.844610,0.055046,0.021822,0.001287,28.794030,28.866018
2431,0,0.017112,0.898217,0.103663,0.001840,1.003720,12.394899,14.590857,30.709920,0.052915,0.122875,0.001135,29.625662,29.802587
2432,0,0.020374,1.018136,0.134486,0.002406,1.155028,12.553127,14.516184,31.066265,0.056268,0.164706,0.001294,29.826906,30.049174
2433,0,0.019628,0.981465,0.125210,0.001937,1.106014,14.552076,11.567032,30.354842,0.101710,0.035730,0.001638,29.117023,29.256101
2434,0,0.017174,0.989128,0.115625,0.001986,1.106590,12.720739,13.776901,30.428148,0.066334,0.103429,0.000997,29.221900,29.392525
2435,0,0.026472,0.919416,0.110720,0.002115,1.031949,13.296844,13.594300,31.114526,0.060581,0.034826,0.001391,29.978208,30.075006
2436,0,0.019696,0.908747,0.100234,0.001850,1.010594,12.118185,14.504513,30.180032,0.054750,0.092879,0.000890,29.087447,29.235966
2437,0,0.019407,1.418551,0.144441,0.003644,1.565945,14.257900,11.092790,30.042143,0.061449,0.133279,0.001051,28.377341,28.573007
2438,0,0.023068,0.904110,0.112702,0.001901,1.016888,12.581921,14.583289,31.419825,0.060715,0.067202,0.001423,30.306208,30.435548
2439,0,0.019017,0.939676,0.116485,0.002041,1.058202,12.675821,13.603284,30.268194,0.055549,0.051179,0.001019,29.138840,29.246587
2440,0,0.017479,1.039067,0.107029,0.001878,1.147830,13.186390,13.535094,30.560615,0.051918,0.194347,0.000979,29.328319,29.575563
2441,0,0.021730,0.891557,0.099917,0.001760,0.988701,12.066874,15.531780,31.252120,0.056529,0.038869,0.001133,30.176187,30.272718
2442,0,0.018856,0.897283,0.107760,0.001998,1.006643,12.835441,14.020881,30.514200,0.052635,0.036489,0.001253,29.429271,29.519648
2443,0,0.025552,0.922505,0.106105,0.001941,1.029737,13.033930,13.815142,30.649574,0.059375,0.025438,0.001220,29.532051,29.604664
2444,0,0.017628,0.876066,0.116591,0.002087,0.994744,14.175066,12.496278,30.547210,0.049891,0.067204,0.001488,29.474178,29.592761
2445,0,0.016120,0.906401,0.116899,0.002069,1.025175,13.601891,12.950662,30.230375,0.053441,0.090121,0.001343,29.140969,29.285874
2446,0,0.017710,0.869471,0.107647,0.001875,0.976263,12.144113,15.463920,31.132707,0.052205,0.051967,0.001145,30.074657,30.142041
2447,0,0.016742,0.907184,0.105689,0.002010,1.014652,11.759851,14.511296,30.332448,0.054053,0.067223,0.034934,29.200120,29.356330
2448,0,0.024015,1.030286,0.106339,0.001996,1.138241,14.031754,11.825296,30.022208,0.058992,0.171809,0.001171,28.786655,29.018627
2449,0,0.018112,0.896109,0.105490,0.001870,0.999537,12.952958,13.831658,30.694090,0.060251,0.064929,0.001243,29.598288,29.724711
2450,0,0.014985,0.849263,0.105662,0.001832,0.952555,12.643987,14.495748,30.863937,0.049685,0.031860,0.001111,29.839545,29.897258
2451,0,0.014097,0.921139,0.107442,0.002345,1.029268,12.581863,14.780662,31.029266,0.052928,0.100600,0.001527,29.914902,30.069957
2452,0,0.017674,0.849270,0.102800,0.001837,0.953667,12.008926,14.650765,30.104810,0.054371,0.058027,0.001074,29.070914,29.184386
2453,0,0.017491,0.866577,0.111094,0.001807,0.979475,12.891190,14.537905,31.056794,0.056162,0.065264,0.001120,30.000967,30.123513
2454,0,0.019637,0.890547,0.117243,0.002137,1.002678,12.186815,13.536223,30.137961,0.061089,0.045500,0.001722,29.035255,29.143566
2455,0,0.017688,0.859137,0.104925,0.001837,0.965899,12.350231,14.492073,30.983417,0.052028,0.029582,0.001206,29.924082,29.998787
2456,0,0.016605,0.865385,0.295111,0.012114,1.107458,13.087474,13.628117,30.919740,0.051824,0.103536,0.000879,29.609582,29.765821
2457,0,0.014564,0.928843,0.109829,0.001870,1.040238,12.662435,13.686892,30.032890,0.052756,0.031489,0.000937,28.915184,29.000366
2458,0,0.018032,0.948102,0.110520,0.001870,1.053856,12.720727,14.502740,30.809291,0.072349,0.077994,0.001009,29.654876,29.806228
2459,0,0.015524,0.898497,0.107007,0.002084,1.001462,12.368560,14.465300,30.312787,0.051475,0.040592,0.001048,29.226014,29.319129
2460,0,0.018756,0.876151,0.103151,0.001861,0.981100,12.512943,14.507484,30.614951,0.054445,0.025002,0.001193,29.545007,29.625647
2461,0,0.014547,0.804489,0.102326,0.001979,0.908794,13.388614,14.740392,31.476067,0.046926,0.026886,0.000523,30.493816,30.553353
2462,0,0.019570,0.823742,0.118479,0.002094,0.943850,14.127454,12.546384,30.102218,0.052572,0.017213,0.000527,29.095568,29.165880
2463,0,0.016602,0.928662,0.131473,0.002075,1.062095,12.597134,14.564638,30.876314,0.053925,0.114041,0.001146,29.737050,29.906162
2464,0,0.024460,0.846170,0.102866,0.001774,0.950810,13.248128,13.567775,30.350732,0.060605,0.014116,0.001176,29.312900,29.385495
2465,0,0.023684,0.948619,0.109694,0.001766,1.060041,12.836427,14.508269,31.042095,0.058588,0.165500,0.001403,29.875340,29.965117
2466,0,0.018918,0.881629,0.127267,0.001964,1.010273,13.819277,12.592226,29.937872,0.052066,0.016508,0.000965,28.855848,28.924822
2467,0,0.020257,0.932476,0.102742,0.001815,1.036276,11.831152,15.548083,31.143264,0.056343,0.108325,0.001052,30.017002,30.182722
2468,0,0.017214,0.857875,0.105749,0.001875,0.965401,13.393714,13.739876,30.654486,0.053997,0.067557,0.001073,29.613077,29.735704
2469,0,0.018023,0.901542,0.102935,0.001856,1.006171,12.331732,14.491043,30.845833,0.053522,0.016210,0.000867,29.758871,29.829470
2470,0,0.017388,0.834362,0.107602,0.002325,0.943616,12.548246,13.471894,29.936211,0.054806,0.048342,0.000989,28.910116,29.014253
2471,0,0.017580,0.853955,0.106014,0.001929,0.961627,12.247736,14.612439,30.389660,0.078473,0.030630,0.001267,29.317691,29.411917
2472,0,0.017031,1.399024,0.165445,0.004772,1.560154,11.517610,14.533843,31.220789,0.058754,0.124327,0.001363,29.557519,29.741963
2473,0,0.013130,0.849387,0.121596,0.001768,0.968987,11.749670,14.607177,30.965779,0.055018,0.038987,0.000845,29.907635,30.002412
2474,0,0.021786,0.877274,0.106006,0.001927,0.984951,12.572049,12.515589,29.920469,0.058533,0.069226,0.000773,28.846442,28.974974
2475,0,0.017495,0.843854,0.101975,0.003053,0.946716,12.588586,14.504643,31.286676,0.055382,0.035407,0.001643,30.254681,30.347113
2476,0,0.015495,0.913709,0.106717,0.001864,1.022199,12.328486,13.674077,30.485907,0.054280,0.111928,0.001066,29.387345,29.554619
2477,0,0.019172,0.858844,0.108404,0.001950,0.968758,14.247222,12.709233,30.422921,0.054408,0.035751,0.000799,29.372082,29.437719
2478,0,0.017085,0.822397,0.105457,0.001748,0.929419,12.882628,14.578649,30.898828,0.052711,0.023543,0.000874,29.893642,29.970765
2479,0,0.016911,0.863558,0.103572,0.001858,0.968812,13.184191,12.515670,29.780437,0.053704,0.063340,0.001148,28.734042,28.797585
2480,0,0.015741,1.611871,0.125169,0.002594,1.739634,12.754662,13.599447,31.520319,0.056731,0.537026,0.001372,29.716086,30.311215
2481,0,0.015531,0.908149,0.113265,0.001776,1.018675,12.500941,13.640403,30.148464,0.050164,0.058029,0.002237,29.040881,29.151311
2482,0,0.023224,1.045916,0.123791,0.001904,1.155508,13.833849,12.547442,30.290573,0.073798,0.205649,0.001191,29.011159,29.291797
2483,0,0.018313,1.015124,0.115543,0.001890,1.132121,15.396873,11.539312,30.710967,0.047119,0.119282,0.001256,29.495336,29.562581
2484,0,0.021170,0.902280,0.111286,0.002062,1.015628,14.154364,12.566215,30.538008,0.046926,0.028014,0.001128,29.451207,29.508313
2485,0,0.013962,0.858334,0.103558,0.001807,0.959070,13.013819,14.556580,31.179522,0.049932,0.030432,0.000478,30.139191,30.220033
2486,0,0.018082,0.934757,0.115025,0.001955,1.051612,12.472826,14.581456,30.855677,0.055512,0.082127,0.001432,29.725639,29.864710
2487,0,0.023501,0.981864,0.110543,0.002120,1.093450,13.430440,12.840537,30.333160,0.060624,0.046234,0.001116,29.142797,29.221980
2488,0,0.018857,0.918790,0.113773,0.001872,1.034354,12.857787,12.670680,29.942547,0.051045,0.088322,0.001386,28.827269,28.968022
2489,0,0.014121,0.858152,0.107882,0.001922,0.964636,13.417399,12.449706,31.064240,0.051769,0.022194,0.001178,30.014270,30.089411
2490,0,0.011246,0.864278,0.189525,0.002452,1.055681,13.019820,12.702808,30.197253,0.047064,0.062300,0.001084,29.114847,29.225295
2491,0,0.015904,0.882988,0.105962,0.001946,0.990712,12.864708,14.534211,31.199837,0.046879,0.088271,0.001180,30.137666,30.194126
2492,0,0.019552,0.852797,0.112346,0.002043,0.966788,13.022474,13.713596,30.305815,0.051874,0.024384,0.000689,29.259816,29.336763
2493,0,0.017951,1.379354,0.181947,0.004452,1.543150,12.549194,13.639670,31.236161,0.055881,0.089796,0.001179,29.591901,29.672647
2494,0,0.019991,0.854052,0.100350,0.001751,0.955261,14.237138,11.615177,29.722741,0.058345,0.027169,0.000842,28.682579,28.768935
2495,0,0.013819,0.853484,0.107730,0.001937,0.962961,13.101086,14.575174,31.437347,0.044573,0.047700,0.001099,30.400107,30.459843
2496,0,0.016248,1.961665,0.140513,0.003054,2.105232,13.515832,10.621018,30.068414,0.065434,1.113489,0.001653,27.863227,27.942436
2497,0,0.018220,0.863859,0.101142,0.001897,0.966809,13.291127,13.515714,30.759021,0.054942,0.050013,0.000892,29.712419,29.778573
2498,0,0.021322,0.872454,0.102180,0.001698,0.976254,13.977673,13.518517,31.069250,0.049471,0.029799,0.000954,30.011196,30.077813
2499,0,0.019480,0.893557,0.100686,0.001850,0.993626,12.637160,13.572735,29.742721,0.055943,0.096157,0.000903,28.662414,28.815417
2500,0,0.026087,0.921497,0.163796,0.001799,1.087092,12.898504,14.556275,31.346223,0.062989,0.016410,0.001325,30.160859,30.241583
2501,0,0.016367,0.902397,0.113771,0.001865,1.018033,13.618734,12.558451,30.575304,0.050972,0.022989,0.001493,29.473968,29.549422
2502,0,0.017553,0.886880,0.103333,0.001815,0.991978,13.286891,13.607753,30.745965,0.051719,0.078461,0.000903,29.677897,29.808980
2503,0,0.018716,0.820911,0.128325,0.003618,0.952854,13.745348,12.570773,29.884985,0.053865,0.031046,0.001032,28.847917,28.916031
2504,0,0.021264,0.895636,0.104898,0.002116,1.000773,13.557718,13.632691,31.312568,0.053758,0.066533,0.001450,30.225825,30.297963
2505,0,0.022717,1.336089,0.167160,0.004320,1.507569,16.606091,7.488379,29.448831,0.057336,0.510811,0.001403,27.892900,28.462450
2506,0,0.017427,0.898850,0.128963,0.003118,1.030931,13.278085,13.540123,31.635332,0.064017,0.032036,0.001405,30.518027,30.615485
2507,0,0.020550,0.903976,0.099095,0.001974,1.004964,13.707298,12.859563,30.455215,0.056164,0.016151,0.001375,29.365883,29.434837
2508,0,0.021750,0.909407,0.116234,0.001946,1.027546,14.983329,10.551232,30.570879,0.057073,0.038119,0.001984,29.442246,29.527416
2509,0,0.018918,0.881444,0.164310,0.004474,1.050228,14.177220,12.734170,31.002503,0.053654,0.086788,0.001528,29.938226,30.080196
2510,0,0.022466,1.794959,0.147283,0.002830,1.933892,21.370251,2.569117,29.473872,0.078138,0.859941,0.001609,27.412419,27.515834
2511,0,0.014787,0.904117,0.139963,0.002338,1.046418,15.035882,12.521360,31.729664,0.050021,0.045344,0.001223,30.638238,30.734826
2512,0,0.020009,1.005115,0.097813,0.001904,1.104502,13.261316,13.540706,30.463462,0.054214,0.066325,0.000551,29.270256,29.391346
2513,0,0.020247,0.959817,0.100683,0.002386,1.062886,13.001365,13.607052,30.424396,0.057281,0.154275,0.001289,29.270870,29.483715
2514,0,0.020368,1.008976,0.133295,0.002147,1.144146,13.399487,12.778783,30.693274,0.054976,0.122917,0.001509,29.469142,29.648168
2515,0,0.020429,2.071199,0.248691,0.005892,2.325782,16.215807,7.721607,29.840599,0.054461,1.151598,0.001596,27.540828,28.748472
2516,0,0.021061,0.879655,0.152937,0.015009,1.024248,14.027712,11.751675,31.409080,0.060687,0.982071,0.001533,29.388504,30.409365
2517,0,0.022858,1.363224,0.146697,0.002319,1.512059,19.396130,5.552343,29.797387,0.067137,0.458248,0.001894,28.146773,28.262552
2518,0,0.022033,1.003906,0.123378,0.002255,1.129170,13.675298,12.773328,31.388701,0.077116,0.057447,0.001756,30.131246,30.240874
2519,0,0.026687,1.122203,0.135828,0.013326,1.260259,14.454465,9.697401,30.622396,0.093590,0.113362,0.001542,29.236239,29.344532
2520,0,0.025062,1.101949,0.117469,0.002311,1.221165,16.162055,8.784981,29.992823,0.060264,0.027911,0.001169,28.680729,28.770073
2521,0,0.016368,0.884482,0.105372,0.002051,0.991034,15.110180,11.537520,30.909328,0.054573,0.099738,0.001633,29.835193,29.991137
2522,0,0.018976,0.871813,0.104283,0.001919,0.978015,15.527966,11.703436,31.002319,0.055622,0.069913,0.001271,29.943216,30.070022
2523,0,0.019691,1.184973,0.157473,0.007409,1.349855,13.362941,12.531568,30.880372,0.084229,0.341725,0.001512,29.463242,29.890708
2524,0,0.024191,0.933496,0.121672,0.002025,1.055417,15.194691,11.544166,30.560203,0.058636,0.026978,0.000628,29.416935,29.503075
2525,0,0.018070,0.942238,0.093451,0.001844,1.037005,15.009670,10.607509,29.900137,0.059675,0.055097,0.001456,28.768388,28.884616
2526,0,0.019243,0.890660,0.102472,0.001871,0.993620,13.325524,13.589361,31.036383,0.065270,0.047336,0.000994,29.947846,30.061446
2527,0,0.018232,1.036850,0.150830,0.003016,1.190696,14.699459,11.548153,30.646159,0.052946,0.204940,0.001462,29.350350,29.434693
2528,0,0.022132,0.993018,0.116028,0.002216,1.111004,15.335350,10.603723,30.360167,0.152912,0.063566,0.001417,29.068566,29.286461
2529,0,0.017954,0.955472,0.101440,0.001869,1.054172,13.492310,13.620698,31.029056,0.057296,0.038686,0.000973,29.893520,29.961017
2530,0,0.022889,0.910191,0.103576,0.001764,1.012331,13.213349,12.539592,30.298614,0.057065,0.052594,0.000856,29.188334,29.257290
2531,0,0.021288,0.886229,0.114981,0.002074,1.003017,14.762429,10.589596,30.425076,0.060892,0.033558,0.001754,29.334635,29.430557
2532,0,0.022982,0.983841,0.110081,0.001936,1.095659,13.217059,13.642573,30.955562,0.071433,0.062576,0.001413,29.758743,29.894165
2533,0,0.021456,0.917188,0.123379,0.001886,1.040366,13.744884,12.507585,30.195555,0.053872,0.012812,0.001290,29.072198,29.140172
2534,0,0.014199,0.872666,0.112918,0.002402,0.987442,13.713609,13.728640,31.060084,0.052982,0.042087,0.001205,30.005137,30.101411
2535,0,0.018600,0.862557,0.096383,0.001880,0.960820,13.242987,13.537927,30.270765,0.049136,0.057129,0.000936,29.237299,29.295674
2536,0,0.019379,0.886721,0.108261,0.001868,0.996791,14.357671,12.575760,30.965042,0.061041,0.036875,0.000804,29.867268,29.965988
2537,0,0.020342,2.232110,0.298678,0.002732,2.532503,13.893162,10.506523,30.878077,0.057353,1.376918,0.001614,28.246300,28.329354
2538,0,0.019778,1.232912,0.126300,0.002164,1.361376,15.136813,9.544551,30.214157,0.057440,0.385916,0.001159,28.754223,28.833347
2539,0,0.026596,0.937291,0.114505,0.002213,1.053262,15.336348,10.538203,30.975287,0.059208,0.062774,0.001399,29.835968,29.907546
2540,0,0.016173,0.964079,0.127385,0.002041,1.078954,14.533573,11.498044,30.375561,0.054464,0.063046,0.001043,29.207027,29.280392
2541,0,0.022855,1.185941,0.106986,0.002022,1.289443,14.189450,11.558256,30.601128,0.057847,0.199843,0.001015,29.220872,29.479577
2542,0,0.021102,1.362401,0.153250,0.004821,1.520472,14.161644,10.834417,30.171030,0.073834,0.033790,0.001323,28.548102,28.657049
2543,0,0.019278,0.940914,0.113246,0.001983,1.054779,15.515880,11.592511,31.473484,0.056605,0.095278,0.001012,30.331170,30.484065
2544,0,0.022456,1.363394,0.184301,0.005066,1.548311,15.221433,9.491142,29.707921,0.079499,0.026266,0.001578,28.059246,28.162609
2545,0,0.020987,0.918679,0.129103,0.002015,1.049560,13.507098,13.495386,30.934460,0.055204,0.017967,0.001260,29.794612,29.868562
2546,0,0.011833,0.920032,0.111915,0.002263,1.033852,14.001217,12.576185,30.483811,0.049848,0.110396,0.001176,29.375714,29.537134
2547,0,0.016402,0.920297,0.118609,0.001892,1.040735,13.154023,13.547812,30.650504,0.053785,0.027858,0.001250,29.529666,29.594694
2548,0,0.015015,0.930225,0.117077,0.001975,1.047289,14.065549,12.610254,31.056025,0.057239,0.018137,0.001026,29.925445,29.993984
2549,0,0.018067,0.906785,0.115279,0.002139,1.023890,15.174026,10.524770,30.484005,0.057689,0.062124,0.001080,29.366679,29.487572
2550,0,0.019235,0.918264,0.107449,0.002030,1.027397,18.180885,6.544242,30.376348,0.050045,0.048820,0.001437,29.271875,29.372138
2551,0,0.015031,0.915313,0.114745,0.001938,1.031877,14.230604,12.566890,30.754894,0.049963,0.052155,0.001056,29.644645,29.747819
2552,0,0.013696,1.887600,0.168727,0.004104,2.060431,13.784343,11.534002,30.346149,0.052464,0.986523,0.001334,28.251943,29.292264
2553,0,0.061701,1.024376,0.135646,0.002669,1.158903,15.788058,10.578463,30.665357,0.057266,0.091293,0.000937,29.412363,29.561859
2554,0,0.014074,1.318055,0.108117,0.001786,1.427420,15.051812,11.525762,31.232725,0.072627,0.454742,0.001271,29.695540,30.224180
2555,0,0.016768,0.863361,0.110262,0.001963,0.975426,13.586246,12.527105,30.083313,0.055372,0.011947,0.001071,29.026419,29.091593
2556,0,0.017977,0.889139,0.106548,0.001925,0.997354,14.100682,12.760059,30.545388,0.054509,0.039405,0.001009,29.468084,29.532373
2557,0,0.026423,0.972674,0.103129,0.001888,1.077534,13.702066,13.599973,31.017721,0.053557,0.096376,0.000805,29.858602,29.923211
2558,0,0.016993,0.860257,0.106554,0.002330,0.966813,13.999476,12.643254,30.400817,0.056200,0.029557,0.001044,29.343838,29.418140
2559,0,0.020427,0.934475,0.104908,0.001944,1.037277,14.028663,12.511187,30.579979,0.060562,0.079152,0.001284,29.446805,29.587803
2560,0,0.019836,0.916181,0.106895,0.001980,1.024135,14.112266,12.544941,30.350744,0.053817,0.034011,0.001087,29.244387,29.333302
2561,0,0.020155,0.907500,0.116156,0.001841,1.017855,14.621038,12.446221,31.202087,0.057775,0.086852,0.001304,30.102107,30.170843
2562,1,0.019612,0.884599,0.107407,0.002275,0.993740,14.140151,12.584249,30.774186,0.056140,0.040768,0.001184,29.695427,29.762813
2563,1,0.020186,1.482981,0.126335,0.002227,1.583849,15.589159,10.241373,30.241460,0.116830,0.591876,0.000929,28.474536,29.184171
2564,1,0.023917,1.095650,0.107942,0.001823,1.198800,13.665269,10.672171,30.428229,0.060036,0.125864,0.001477,29.141133,29.214035
2565,1,0.019418,1.101074,0.130016,0.001928,1.218380,16.691464,9.694676,30.823693,0.056703,0.194742,0.001447,29.498394,29.751286
2566,1,0.018274,0.880515,0.103223,0.001889,0.985627,18.135746,8.553044,30.578845,0.052596,0.051927,0.001463,29.516168,29.622154
2567,1,0.022190,0.894354,0.102045,0.002277,0.997105,13.926191,12.585237,30.694276,0.056533,0.051630,0.001130,29.605722,29.715015
2568,1,0.018829,0.901359,0.103519,0.001731,1.006609,13.502000,11.750280,30.063628,0.053345,0.052773,0.001160,28.975983,29.083261
2569,1,0.019514,0.914312,0.104986,0.002129,1.021427,13.175347,13.522261,31.131505,0.051095,0.056738,0.001211,30.035876,30.144920
2570,1,0.019261,0.862076,0.106583,0.001746,0.970398,13.707701,13.514748,30.890064,0.054627,0.053126,0.000859,29.838681,29.947293
2571,1,0.023143,0.913436,0.107073,0.001904,1.021052,15.196084,11.593810,30.654814,0.062309,0.041171,0.000924,29.541765,29.617547
2572,1,0.017098,0.879609,0.099222,0.001762,0.980570,15.429919,11.576625,30.652171,0.052154,0.019979,0.001389,29.585106,29.655383
