iteration,food_quantity,event_poll_ms,ants_advance_ms,evaporation_ms,update_ms,advance_total_ms,render_ms,blit_ms,iteration_total_ms,mpi_halo_exchange_ms,mpi_migration_ms,mpi_food_allreduce_ms,mpi_render_comm_ms,mpi_total_comm_ms
1,0,0.000000,1.673491,0.028005,0.001019,1.700123,0.000000,0.000000,1.948389,0.029768,1.056534,0.011830,0.000000,1.093549
2,0,0.000000,1.471867,0.029211,0.000904,1.496935,0.000000,0.000000,1.669600,0.017946,0.798185,0.013660,0.000000,0.818815
3,0,0.000000,1.712000,0.030071,0.000778,1.740501,0.000000,0.000000,1.840220,0.008082,1.064179,0.029682,0.000000,1.091332
4,0,0.000000,1.541763,0.030104,0.000728,1.558717,0.000000,0.000000,1.682382,0.008757,0.911568,0.016525,0.000000,0.923168
5,0,0.000000,1.349200,0.024235,0.000751,1.371357,0.000000,0.000000,1.493867,0.006491,0.677729,0.043679,0.000000,0.692810
6,0,0.000000,1.715862,0.026911,0.000833,1.732741,0.000000,0.000000,1.933408,0.009817,1.294953,0.032729,0.000000,1.330762
7,0,0.000000,2.401145,0.036430,0.001419,2.438994,0.000000,0.000000,2.619976,0.007026,1.928109,0.033219,0.000000,1.951974
8,0,0.000000,2.109806,0.058146,0.001107,2.126076,0.000000,0.000000,2.331140,0.023448,1.354712,0.045531,0.000000,1.399865
9,0,0.000000,1.628440,0.031250,0.000877,1.657266,0.000000,0.000000,1.835437,0.009456,0.946327,0.009751,0.000000,0.959576
10,0,0.000000,1.531390,0.029578,0.000829,1.556401,0.000000,0.000000,1.719011,0.013009,0.891114,0.032876,0.000000,0.927088
11,0,0.000000,1.581271,0.024045,0.000816,1.605091,0.000000,0.000000,1.710480,0.023311,0.810112,0.039602,0.000000,0.821208
12,0,0.000000,1.533863,0.028856,0.000832,1.554609,0.000000,0.000000,1.738739,0.006706,0.914935,0.027089,0.000000,0.947490
13,0,0.000000,1.450602,0.029413,0.000715,1.477636,0.000000,0.000000,1.622963,0.006804,0.767053,0.021700,0.000000,0.775381
14,0,0.000000,2.087720,0.030496,0.000909,2.112880,0.000000,0.000000,2.687528,0.026665,1.799194,0.030574,0.000000,1.832919
15,0,0.000000,1.558424,0.029355,0.000776,1.585097,0.000000,0.000000,1.759672,0.092195,0.937361,0.014800,0.000000,0.968010
16,0,0.000000,1.486653,0.118113,0.001742,1.606508,0.000000,0.000000,1.816232,0.016326,1.020330,0.102605,0.000000,1.137463
17,0,0.000000,1.597154,0.030813,0.000813,1.624429,0.000000,0.000000,1.754436,0.013784,1.030734,0.018333,0.000000,1.060156
18,0,0.000000,1.639205,0.026205,0.000987,1.664521,0.000000,0.000000,1.753524,0.007110,1.121980,0.034427,0.000000,1.162289
19,0,0.000000,1.629379,0.032084,0.000860,1.655868,0.000000,0.000000,1.743536,0.007017,0.970706,0.021358,0.000000,0.992246
20,0,0.000000,1.590576,0.031497,0.000878,1.617441,0.000000,0.000000,1.716708,0.006854,1.157089,0.021699,0.000000,1.184630
21,0,0.000000,1.648710,0.038648,0.000745,1.674035,0.000000,0.000000,1.846758,0.006720,1.188196,0.018439,0.000000,1.196661
22,0,0.000000,2.221142,0.027768,0.000863,2.245936,0.000000,0.000000,2.445107,0.007107,1.584609,0.035670,0.000000,1.622288
23,0,0.000000,1.439805,0.029374,0.000764,1.455650,0.000000,0.000000,1.663589,0.007779,0.797239,0.015507,0.000000,0.817387
24,0,0.000000,1.442158,0.030169,0.000707,1.468245,0.000000,0.000000,1.598354,0.007275,0.769983,0.028995,0.000000,0.780389
25,0,0.000000,1.451212,0.032237,0.000759,1.480134,0.000000,0.000000,1.567729,0.007335,0.743413,0.012374,0.000000,0.757473
26,0,0.000000,1.442792,0.037993,0.000645,1.469323,0.000000,0.000000,1.634625,0.007204,0.795289,0.018432,0.000000,0.813465
27,0,0.000000,1.460852,0.031485,0.000770,1.487802,0.000000,0.000000,1.639439,0.007520,0.817274,0.020516,0.000000,0.831534
28,0,0.000000,1.513911,0.023618,0.000980,1.538509,0.000000,0.000000,1.634427,0.007237,0.877595,0.047832,0.000000,0.888800
29,0,0.000000,1.564603,0.027837,0.000808,1.592469,0.000000,0.000000,1.671327,0.007748,0.874210,0.035691,0.000000,0.891193
30,0,0.000000,1.721295,0.029142,0.000992,1.749917,0.000000,0.000000,1.841523,0.006924,1.052233,0.007097,0.000000,1.063319
31,0,0.000000,1.690034,0.031334,0.000823,1.721373,0.000000,0.000000,1.818781,0.007069,1.013088,0.020137,0.000000,1.034159
32,0,0.000000,1.773037,0.032405,0.000889,1.805607,0.000000,0.000000,1.877330,0.006983,1.114075,0.011226,0.000000,1.130631
33,0,0.000000,1.709770,0.028640,0.000922,1.736414,0.000000,0.000000,1.832938,0.007144,1.232512,0.019521,0.000000,1.257815
34,0,0.000000,1.735263,0.028905,0.000863,1.762923,0.000000,0.000000,1.890082,0.006771,1.282443,0.036311,0.000000,1.325001
35,0,0.000000,1.726181,0.032124,0.000874,1.757088,0.000000,0.000000,1.832518,0.007410,1.273500,0.023411,0.000000,1.283255
36,0,0.000000,1.673259,0.029262,0.000970,1.702294,0.000000,0.000000,1.833190,0.006897,1.229933,0.026953,0.000000,1.263037
37,0,0.000000,1.415570,0.028804,0.000917,1.429995,0.000000,0.000000,1.575721,0.006797,0.988101,0.016684,0.000000,1.004620
38,0,0.000000,1.630795,0.028945,0.000712,1.657403,0.000000,0.000000,1.730348,0.021355,0.907223,0.014318,0.000000,0.915601
39,0,0.000000,1.635179,0.022644,0.000827,1.657519,0.000000,0.000000,1.793267,0.007413,0.935168,0.038797,0.000000,0.945613
40,0,0.000000,1.546133,0.028302,0.000988,1.567845,0.000000,0.000000,1.722873,0.007743,0.869976,0.022838,0.000000,0.886778
41,0,0.000000,1.687705,0.029337,0.000872,1.717354,0.000000,0.000000,1.808249,0.011212,1.171070,0.009426,0.000000,1.183646
42,0,0.000000,1.646696,0.033579,0.000827,1.676394,0.000000,0.000000,1.827100,0.007451,1.016895,0.015763,0.000000,1.032938
43,0,0.000000,1.588125,0.067419,0.000959,1.608262,0.000000,0.000000,1.769460,0.007250,0.909098,0.054508,0.000000,0.924301
44,0,0.000000,1.633755,0.032269,0.000889,1.664303,0.000000,0.000000,1.755368,0.008104,0.819770,0.010196,0.000000,0.830433
45,0,0.000000,1.550322,0.026116,0.000926,1.566382,0.000000,0.000000,1.702423,0.007434,0.826477,0.034238,0.000000,0.836915
46,0,0.000000,1.391460,0.031234,0.000967,1.415975,0.000000,0.000000,1.559905,0.007222,0.635068,0.009196,0.000000,0.648610
47,0,0.000000,1.402189,0.026261,0.001000,1.417882,0.000000,0.000000,1.562646,0.035283,0.694232,0.040379,0.000000,0.733047
48,0,0.000000,1.751267,0.027435,0.000834,1.770005,0.000000,0.000000,2.084340,0.008091,1.135304,0.020561,0.000000,1.157753
49,0,0.000000,1.429547,0.026574,0.000656,1.447747,0.000000,0.000000,1.563550,0.009424,0.694892,0.033004,0.000000,0.704252
50,0,0.000000,1.248314,0.028632,0.000688,1.274118,0.000000,0.000000,1.382110,0.007430,0.507804,0.014117,0.000000,0.517526
51,0,0.000000,1.234041,0.030155,0.000709,1.258770,0.000000,0.000000,1.372004,0.007037,0.515636,0.019056,0.000000,0.525026
52,0,0.000000,1.238269,0.027531,0.000756,1.261896,0.000000,0.000000,1.345600,0.006928,0.494702,0.030589,0.000000,0.503925
53,0,0.000000,1.267853,0.030028,0.000752,1.293678,0.000000,0.000000,1.413940,0.007166,0.514538,0.032897,0.000000,0.536923
54,0,0.000000,1.239290,0.025681,0.001003,1.255872,0.000000,0.000000,1.372767,0.007157,0.498174,0.047687,0.000000,0.508986
55,0,0.000000,1.240286,0.032957,0.000663,1.267169,0.000000,0.000000,1.335794,0.007709,0.462639,0.021847,0.000000,0.472646
56,0,0.000000,1.273743,0.031154,0.000754,1.299624,0.000000,0.000000,1.384670,0.007388,0.480038,0.009067,0.000000,0.489880
57,0,0.000000,1.520205,0.023997,0.000658,1.536856,0.000000,0.000000,1.696136,0.007206,0.700491,0.013619,0.000000,0.719911
58,0,0.000000,3.125863,0.140245,0.000947,3.247502,0.000000,0.000000,3.391349,0.007383,2.356250,0.133177,0.000000,2.495428
59,0,0.000000,1.736055,0.037643,0.000872,1.766850,0.000000,0.000000,1.822710,0.008030,0.955238,0.029885,0.000000,0.991209
60,0,0.000000,1.795917,0.079947,0.000795,1.876659,0.000000,0.000000,2.006315,0.006616,1.068986,0.019164,0.000000,1.088256
61,0,0.000000,1.687035,0.135575,0.000934,1.782692,0.000000,0.000000,1.883942,0.008372,0.997175,0.126659,0.000000,1.129489
62,0,0.000000,1.708557,0.170230,0.000924,1.857610,0.000000,0.000000,1.976170,0.008430,1.042904,0.161261,0.000000,1.205932
63,0,0.000000,1.672262,0.194249,0.000938,1.836162,0.000000,0.000000,1.921921,0.007924,0.899697,0.184921,0.000000,1.090267
64,0,0.000000,1.920292,0.034328,0.000878,1.950139,0.000000,0.000000,2.121330,0.007938,1.089740,0.022714,0.000000,1.104989
65,0,0.000000,2.069164,0.049665,0.001118,2.098195,0.000000,0.000000,2.186014,0.006972,1.637867,0.043504,0.000000,1.663221
66,0,0.000000,2.060145,0.048922,0.001358,2.107662,0.000000,0.000000,2.173968,0.009655,1.600062,0.028496,0.000000,1.618478
67,0,0.000000,2.133144,0.057720,0.002159,2.185155,0.000000,0.000000,2.469989,0.018060,1.840737,0.039422,0.000000,1.850216
68,0,0.000000,2.017693,0.057181,0.002098,2.072567,0.000000,0.000000,2.218080,0.013381,1.028369,0.046731,0.000000,1.069304
69,0,0.000000,2.318621,0.051776,0.001629,2.371067,0.000000,0.000000,2.487120,0.011561,1.742533,0.040577,0.000000,1.792233
70,0,0.000000,2.413101,0.086067,0.001313,2.482776,0.000000,0.000000,3.378150,0.010406,2.437994,0.130651,0.000000,2.531545
71,0,0.000000,2.077856,0.043240,0.001422,2.122518,0.000000,0.000000,2.605885,0.068158,1.728173,0.075355,0.000000,1.871141
72,0,0.000000,2.382486,0.190000,0.002018,2.447698,0.000000,0.000000,2.689331,0.023813,1.674810,0.054820,0.000000,1.688168
73,0,0.000000,2.143265,0.057112,0.002158,2.200117,0.000000,0.000000,2.402213,0.014328,1.584154,0.045192,0.000000,1.638043
74,0,0.000000,2.350234,0.055589,0.001197,2.400452,0.000000,0.000000,2.580890,0.013205,1.802984,0.062713,0.000000,1.873715
75,0,0.000000,2.476189,0.062398,0.001397,2.522082,0.000000,0.000000,2.684534,0.014096,1.816974,0.031029,0.000000,1.830811
76,0,0.000000,2.508581,0.042566,0.001479,2.544945,0.000000,0.000000,2.697799,0.293898,1.617474,0.036528,0.000000,1.659442
77,0,0.000000,2.146869,0.030893,0.001411,2.175162,0.000000,0.000000,2.362671,0.012228,1.715957,0.062081,0.000000,1.785929
78,0,0.000000,2.111305,0.044471,0.001024,2.150446,0.000000,0.000000,2.350147,0.009897,1.742310,0.039583,0.000000,1.778907
79,0,0.000000,2.000943,0.050318,0.001282,2.043962,0.000000,0.000000,2.199710,0.009774,1.607015,0.041733,0.000000,1.656474
80,0,0.000000,2.018174,0.051214,0.001565,2.049897,0.000000,0.000000,2.233465,0.009008,1.605454,0.046673,0.000000,1.659120
81,0,0.000000,2.100659,0.057019,0.001452,2.149782,0.000000,0.000000,2.288409,0.011738,1.701486,0.049276,0.000000,1.759869
82,0,0.000000,1.844409,0.035480,0.000990,1.877267,0.000000,0.000000,2.064649,0.009372,1.360476,0.018397,0.000000,1.369978
83,0,0.000000,2.045501,0.050259,0.001563,2.094049,0.000000,0.000000,2.196277,0.009407,1.463389,0.033641,0.000000,1.497497
84,0,0.000000,1.978184,0.114106,0.001006,2.048329,0.000000,0.000000,2.234843,0.009374,1.387077,0.147440,0.000000,1.539210
85,0,0.000000,1.876946,0.087596,0.001542,1.940257,0.000000,0.000000,2.095140,0.009097,1.325990,0.081515,0.000000,1.407502
86,0,0.000000,1.926078,0.096712,0.000968,1.979987,0.000000,0.000000,2.195604,0.009110,1.338209,0.131984,0.000000,1.472210
87,0,0.000000,1.927663,0.055629,0.001512,1.980746,0.000000,0.000000,2.129078,0.048081,1.428250,0.047116,0.000000,1.477168
88,0,0.000000,1.884472,0.157897,0.000933,1.996663,0.000000,0.000000,2.162422,0.009620,1.305346,0.149421,0.000000,1.458916
89,0,0.000000,1.987242,0.038621,0.001525,2.025351,0.000000,0.000000,2.155659,0.009272,1.453772,0.028784,0.000000,1.480590
90,0,0.000000,1.952070,0.178546,0.000851,2.080452,0.000000,0.000000,2.250487,0.009618,1.395961,0.168480,0.000000,1.570461
91,0,0.000000,1.851791,0.148785,0.001113,1.999253,0.000000,0.000000,2.110794,0.008573,1.309144,0.138615,0.000000,1.453160
92,0,0.000000,1.941461,0.138768,0.000892,2.022334,0.000000,0.000000,2.184814,0.009139,1.352316,0.169911,0.000000,1.526445
93,0,0.000000,1.794950,0.147443,0.000852,1.905252,0.000000,0.000000,2.063309,0.008786,1.252339,0.139451,0.000000,1.391022
94,0,0.000000,1.754332,0.092493,0.001112,1.847603,0.000000,0.000000,1.971826,0.007807,1.179691,0.124872,0.000000,1.300435
95,0,0.000000,1.788963,0.112172,0.000806,1.848953,0.000000,0.000000,2.038182,0.008052,1.244488,0.123377,0.000000,1.369714
96,0,0.000000,1.763380,0.041065,0.001465,1.803445,0.000000,0.000000,1.937747,0.008797,1.222973,0.051380,0.000000,1.276473
97,0,0.000000,1.922372,0.077078,0.001229,1.977469,0.000000,0.000000,2.067077,0.010820,1.273308,0.069244,0.000000,1.348213
98,0,0.000000,1.758691,0.053429,0.000955,1.780555,0.000000,0.000000,2.016951,0.009154,1.274017,0.055942,0.000000,1.335233
99,0,0.000000,1.875373,0.121082,0.000872,1.948029,0.000000,0.000000,2.169566,0.012360,1.358288,0.111312,0.000000,1.477899
100,0,0.000000,1.822284,0.036711,0.001370,1.857886,0.000000,0.000000,1.925766,0.010179,1.220640,0.039163,0.000000,1.255866
101,0,0.000000,1.760057,0.145998,0.000874,1.830062,0.000000,0.000000,2.126851,0.008420,1.291412,0.134071,0.000000,1.428380
102,0,0.000000,1.703796,0.050908,0.001174,1.747704,0.000000,0.000000,1.875266,0.009817,1.142498,0.041085,0.000000,1.189362
103,0,0.000000,1.831542,0.045222,0.001386,1.874499,0.000000,0.000000,1.989468,0.007922,1.267676,0.037834,0.000000,1.309113
104,0,0.000000,1.776798,0.048888,0.001098,1.821859,0.000000,0.000000,1.984941,0.009678,1.157188,0.041365,0.000000,1.207476
105,0,0.000000,1.882636,0.097023,0.001003,1.980617,0.000000,0.000000,2.068675,0.009367,1.276468,0.090296,0.000000,1.371859
106,0,0.000000,1.849932,0.150714,0.000994,1.984677,0.000000,0.000000,2.147549,0.010582,1.332360,0.142493,0.000000,1.479500
107,0,0.000000,1.796740,0.058144,0.000924,1.839076,0.000000,0.000000,1.987844,0.009388,1.211978,0.089957,0.000000,1.307821
108,0,0.000000,1.732732,0.028334,0.000836,1.752282,0.000000,0.000000,1.874076,0.010106,1.172862,0.025190,0.000000,1.204174
109,0,0.000000,1.745054,0.167011,0.000789,1.841525,0.000000,0.000000,2.045078,0.008531,1.178682,0.172562,0.000000,1.342694
110,0,0.000000,1.731987,0.037290,0.001309,1.765253,0.000000,0.000000,1.866182,0.010231,1.147624,0.031062,0.000000,1.184908
111,0,0.000000,1.830163,0.036920,0.001576,1.868659,0.000000,0.000000,2.042490,0.008493,1.316829,0.026168,0.000000,1.346023
112,0,0.000000,1.713453,0.037872,0.000831,1.752156,0.000000,0.000000,2.056109,0.010222,1.432786,0.029850,0.000000,1.467697
113,0,0.000000,1.785417,0.119683,0.000752,1.903170,0.000000,0.000000,1.974685,0.007665,1.302275,0.109198,0.000000,1.414339
114,0,0.000000,1.737171,0.084170,0.000849,1.816710,0.000000,0.000000,1.888470,0.007503,1.243312,0.070523,0.000000,1.315832
115,0,0.000000,1.808157,0.148785,0.000844,1.921582,0.000000,0.000000,2.047470,0.007433,1.314478,0.104212,0.000000,1.420309
116,0,0.000000,1.747673,0.103796,0.000825,1.849684,0.000000,0.000000,1.952149,0.010538,1.283904,0.090990,0.000000,1.379928
117,0,0.000000,1.747393,0.045915,0.001300,1.793617,0.000000,0.000000,1.888994,0.007188,1.199246,0.037830,0.000000,1.238338
118,0,0.000000,1.742064,0.046699,0.000927,1.782498,0.000000,0.000000,1.937643,0.008138,1.239909,0.078996,0.000000,1.324092
119,0,0.000000,1.977878,0.040333,0.001222,2.012780,0.000000,0.000000,2.109478,0.008039,1.405109,0.059468,0.000000,1.414236
120,0,0.000000,1.904716,0.083032,0.001780,1.981262,0.000000,0.000000,2.523246,0.010179,1.650633,0.178460,0.000000,1.730791
121,0,0.000000,2.013671,0.033026,0.001228,2.043706,0.000000,0.000000,2.223692,0.012024,1.339849,0.060665,0.000000,1.409390
122,0,0.000000,2.033401,0.075680,0.001147,2.106056,0.000000,0.000000,2.255113,0.012438,1.615373,0.067054,0.000000,1.660721
123,0,0.000000,2.020176,0.058945,0.001114,2.068793,0.000000,0.000000,2.310894,0.010150,1.632005,0.049808,0.000000,1.681009
124,0,0.000000,1.967185,0.039428,0.001547,2.006391,0.000000,0.000000,2.348134,0.009532,1.496050,0.053557,0.000000,1.533185
125,0,0.000000,1.990374,0.067029,0.001112,2.046040,0.000000,0.000000,2.218736,0.010446,1.567923,0.053323,0.000000,1.623296
126,0,0.000000,1.472627,0.050699,0.001171,1.514129,0.000000,0.000000,1.816369,0.011379,0.645009,0.211514,0.000000,0.847048
127,0,0.000000,2.012608,0.053162,0.001993,2.053946,0.000000,0.000000,2.274875,0.013860,1.434448,0.053691,0.000000,1.445089
128,0,0.000000,1.855610,0.093812,0.000920,1.942243,0.000000,0.000000,2.204857,0.011773,1.449400,0.085602,0.000000,1.508586
129,0,0.000000,1.787305,0.100247,0.000883,1.877616,0.000000,0.000000,1.974049,0.009538,1.334878,0.091421,0.000000,1.434405
130,0,0.000000,1.756124,0.106191,0.000865,1.850907,0.000000,0.000000,2.000368,0.030962,1.333264,0.095748,0.000000,1.444053
131,0,0.000000,1.722530,0.078764,0.000902,1.788528,0.000000,0.000000,1.873275,0.009519,1.248662,0.066835,0.000000,1.323591
132,0,0.000000,1.793079,0.085091,0.000814,1.868737,0.000000,0.000000,1.937176,0.009287,1.296742,0.072864,0.000000,1.357764
133,0,0.000000,1.850879,0.036519,0.000758,1.881593,0.000000,0.000000,2.018609,0.009020,1.391955,0.033214,0.000000,1.422453
134,0,0.000000,1.940572,0.039481,0.001027,1.979279,0.000000,0.000000,2.122557,0.009407,1.305182,0.019370,0.000000,1.330410
135,0,0.000000,2.316171,0.043424,0.000959,2.339306,0.000000,0.000000,2.482274,0.010002,1.808263,0.024202,0.000000,1.836541
136,0,0.000000,2.321280,0.064828,0.001548,2.382457,0.000000,0.000000,2.596116,0.010139,1.931270,0.051101,0.000000,1.950457
137,0,0.000000,2.232116,0.050680,0.001197,2.281242,0.000000,0.000000,2.395884,0.010646,1.634775,0.039492,0.000000,1.680573
138,0,0.000000,2.041872,0.041680,0.001530,2.084602,0.000000,0.000000,2.151939,0.008211,1.511569,0.035617,0.000000,1.551505
139,0,0.000000,2.288108,0.037946,0.001367,2.324518,0.000000,0.000000,2.466194,0.007746,1.707044,0.031552,0.000000,1.719893
140,0,0.000000,2.294344,0.070378,0.001183,2.343793,0.000000,0.000000,2.443279,0.008713,1.846604,0.027206,0.000000,1.878551
141,0,0.000000,2.328950,0.036087,0.001348,2.354846,0.000000,0.000000,2.627161,0.011509,1.933913,0.023621,0.000000,1.967868
142,0,0.000000,1.729372,0.038841,0.000964,1.743109,0.000000,0.000000,1.868103,0.009867,1.174072,0.024367,0.000000,1.187630
143,0,0.000000,1.927628,0.050710,0.000897,1.978265,0.000000,0.000000,2.056037,0.009175,1.433914,0.040307,0.000000,1.443967
144,0,0.000000,2.296414,0.035288,0.000926,2.327404,0.000000,0.000000,2.548368,0.007967,1.766358,0.071767,0.000000,1.805108
145,0,0.000000,2.268861,0.072792,0.001054,2.309317,0.000000,0.000000,2.460539,0.010146,1.741671,0.074965,0.000000,1.758577
146,0,0.000000,1.790267,0.047008,0.001348,1.834574,0.000000,0.000000,2.013031,0.021458,1.244193,0.033522,0.000000,1.282909
147,0,0.000000,2.241461,0.043136,0.000897,2.285418,0.000000,0.000000,2.433504,0.030894,1.716963,0.074140,0.000000,1.763351
148,0,0.000000,2.244936,0.055120,0.001072,2.295655,0.000000,0.000000,2.389369,0.009159,1.712783,0.044530,0.000000,1.760299
149,0,0.000000,2.304345,0.067642,0.001117,2.364502,0.000000,0.000000,2.508099,0.008742,1.725671,0.057522,0.000000,1.783749
150,0,0.000000,2.233084,0.063700,0.001038,2.276888,0.000000,0.000000,2.495770,0.008246,1.755341,0.082791,0.000000,1.790759
151,0,0.000000,2.342527,0.044403,0.000981,2.386342,0.000000,0.000000,2.489638,0.009225,1.775707,0.071070,0.000000,1.814681
152,0,0.000000,2.261434,0.131934,0.001378,2.394391,0.000000,0.000000,2.511468,0.031217,1.743974,0.118296,0.000000,1.862941
153,0,0.000000,2.164863,0.115163,0.001142,2.252896,0.000000,0.000000,2.459712,0.009182,1.686014,0.139408,0.000000,1.832654
154,0,0.000000,2.245511,0.044355,0.001641,2.275603,0.000000,0.000000,2.471899,0.008396,1.717904,0.036942,0.000000,1.758037
155,0,0.000000,2.240342,0.038054,0.001139,2.274654,0.000000,0.000000,2.438034,0.009159,1.715700,0.054346,0.000000,1.773417
156,0,0.000000,2.180535,0.106713,0.000960,2.271337,0.000000,0.000000,2.336023,0.008785,1.639638,0.098397,0.000000,1.712051
157,0,0.000000,2.259698,0.038372,0.001082,2.299152,0.000000,0.000000,2.416603,0.008375,1.726546,0.059027,0.000000,1.759852
158,0,0.000000,2.253651,0.035337,0.001626,2.289862,0.000000,0.000000,2.407340,0.009751,1.710807,0.011987,0.000000,1.729613
159,0,0.000000,2.052520,0.072011,0.000892,2.109559,0.000000,0.000000,2.251699,0.008661,1.598178,0.048988,0.000000,1.608223
160,0,0.000000,1.957200,0.050750,0.000890,2.008283,0.000000,0.000000,2.123783,0.007893,1.460051,0.074218,0.000000,1.488538
161,0,0.000000,2.255852,0.116577,0.001030,2.335949,0.000000,0.000000,2.435951,0.008509,1.660710,0.065948,0.000000,1.669522
162,0,0.000000,2.211436,0.030351,0.001806,2.233801,0.000000,0.000000,2.387689,0.009016,1.712356,0.035594,0.000000,1.726517
163,0,0.000000,2.197497,0.056892,0.001634,2.253170,0.000000,0.000000,2.417441,0.009472,1.751989,0.035564,0.000000,1.760834
164,0,0.000000,2.370503,0.051437,0.001930,2.420116,0.000000,0.000000,2.506913,0.009841,1.578862,0.059384,0.000000,1.625955
165,0,0.000000,2.391221,0.037324,0.001427,2.418548,0.000000,0.000000,2.602122,0.010621,1.721269,0.028702,0.000000,1.752902
166,0,0.000000,2.211689,0.103301,0.001203,2.316038,0.000000,0.000000,2.459759,0.010022,1.752680,0.035126,0.000000,1.768453
167,0,0.000000,2.171856,0.085840,0.001259,2.245688,0.000000,0.000000,2.363476,0.008816,1.703852,0.079671,0.000000,1.790587
168,0,0.000000,2.148834,0.076960,0.001352,2.177828,0.000000,0.000000,2.326263,0.009277,1.673360,0.068401,0.000000,1.734431
169,0,0.000000,2.189590,0.108289,0.001339,2.255584,0.000000,0.000000,2.359948,0.008864,1.695617,0.102483,0.000000,1.804767
170,0,0.000000,2.188118,0.047683,0.001127,2.227103,0.000000,0.000000,2.367734,0.008959,1.737441,0.035257,0.000000,1.780318
171,0,0.000000,2.306035,0.082577,0.001702,2.346604,0.000000,0.000000,2.514312,0.009186,1.861769,0.070533,0.000000,1.911681
172,0,0.000000,2.376817,0.055503,0.001382,2.425845,0.000000,0.000000,2.583508,0.012773,1.922964,0.039484,0.000000,1.966189
173,0,0.000000,2.355674,0.054587,0.001942,2.407097,0.000000,0.000000,2.499618,0.013534,1.895384,0.044197,0.000000,1.934074
174,0,0.000000,2.256630,0.049266,0.001084,2.292277,0.000000,0.000000,2.423414,0.010485,1.787494,0.040425,0.000000,1.835235
175,0,0.000000,2.315791,0.097605,0.001699,2.412773,0.000000,0.000000,2.651211,0.019017,1.888774,0.082731,0.000000,1.979212
176,0,0.000000,2.266742,0.068443,0.001359,2.336218,0.000000,0.000000,2.541741,0.009858,1.911582,0.065693,0.000000,1.985104
177,0,0.000000,1.957454,0.036134,0.001475,1.993738,0.000000,0.000000,2.095874,0.009512,1.469488,0.028319,0.000000,1.505417
178,0,0.000000,2.131776,0.114390,0.000942,2.233477,0.000000,0.000000,2.322870,0.008470,1.653308,0.102884,0.000000,1.761487
179,0,0.000000,2.141453,0.068987,0.001267,2.207271,0.000000,0.000000,2.420375,0.007578,1.720781,0.103959,0.000000,1.785361
180,0,0.000000,2.161506,0.066426,0.001050,2.221119,0.000000,0.000000,2.458421,0.009463,1.842305,0.060695,0.000000,1.908907
181,0,0.000000,2.139324,0.072860,0.001022,2.206404,0.000000,0.000000,2.349241,0.008516,1.717818,0.064416,0.000000,1.786580
182,0,0.000000,2.184687,0.044753,0.001272,2.230409,0.000000,0.000000,2.335463,0.008895,1.722397,0.039025,0.000000,1.767021
183,0,0.000000,2.279879,0.064440,0.001397,2.308743,0.000000,0.000000,2.457730,0.009942,1.832108,0.029322,0.000000,1.843839
184,0,0.000000,2.454658,0.071288,0.001566,2.524916,0.000000,0.000000,2.673203,0.030740,1.764549,0.061848,0.000000,1.834999
185,0,0.000000,2.181903,0.156899,0.001122,2.332234,0.000000,0.000000,2.438558,0.010118,1.674846,0.065167,0.000000,1.746765
186,0,0.000000,2.179598,0.115075,0.001046,2.287507,0.000000,0.000000,2.436028,0.010253,1.655667,0.102636,0.000000,1.762933
187,0,0.000000,2.188617,0.138693,0.001064,2.295044,0.000000,0.000000,2.424747,0.009174,1.607686,0.129238,0.000000,1.740786
188,0,0.000000,2.186732,0.183480,0.001168,2.360717,0.000000,0.000000,2.585998,0.009257,1.661824,0.173888,0.000000,1.839816
189,0,0.000000,2.052684,0.028872,0.000984,2.082540,0.000000,0.000000,2.228771,0.008654,1.534131,0.056320,0.000000,1.547279
190,0,0.000000,1.834715,0.090662,0.000866,1.901153,0.000000,0.000000,2.047422,0.010400,1.002900,0.078330,0.000000,1.082336
191,0,0.000000,1.711424,0.104025,0.012249,1.750320,0.000000,0.000000,1.963124,0.008474,1.116150,0.095157,0.000000,1.205773
192,0,0.000000,1.735753,0.055756,0.001622,1.791180,0.000000,0.000000,1.927815,0.008506,1.247818,0.044498,0.000000,1.294641
193,0,0.000000,1.805142,0.186723,0.000838,1.961626,0.000000,0.000000,2.171887,0.008735,1.290856,0.179039,0.000000,1.475509
194,0,0.000000,1.732786,0.149074,0.001036,1.753609,0.000000,0.000000,2.161718,0.008776,1.249082,0.184102,0.000000,1.429684
195,0,0.000000,1.730718,0.167730,0.000876,1.845568,0.000000,0.000000,1.965867,0.009185,1.085237,0.159262,0.000000,1.248558
196,0,0.000000,1.770594,0.055050,0.001563,1.822259,0.000000,0.000000,1.959665,0.026588,1.163880,0.053914,0.000000,1.209331
197,0,0.000000,2.086908,0.065501,0.000953,2.153362,0.000000,0.000000,2.391993,0.034507,1.556127,0.058661,0.000000,1.621737
198,0,0.000000,1.951381,0.050106,0.001241,1.998853,0.000000,0.000000,2.117749,0.011324,1.299402,0.042322,0.000000,1.346917
199,0,0.000000,1.971622,0.038673,0.001555,1.998532,0.000000,0.000000,2.076876,0.010781,1.279984,0.029745,0.000000,1.316510
200,0,0.000000,2.319055,0.067855,0.001608,2.363424,0.000000,0.000000,2.604993,0.009638,1.905902,0.030965,0.000000,1.945171
201,0,0.000000,2.116521,0.042118,0.001077,2.146498,0.000000,0.000000,2.308966,0.012409,1.556618,0.030511,0.000000,1.592810
202,0,0.000000,1.980074,0.058085,0.001016,2.003890,0.000000,0.000000,2.106662,0.011644,1.497844,0.045649,0.000000,1.510736
203,0,0.000000,1.922462,0.036270,0.001735,1.957421,0.000000,0.000000,2.116011,0.010667,1.533751,0.030688,0.000000,1.568213
204,0,0.000000,2.212241,0.035439,0.001110,2.248522,0.000000,0.000000,2.615197,0.009140,1.948268,0.027877,0.000000,1.982582
205,0,0.000000,2.198897,0.141728,0.001279,2.341157,0.000000,0.000000,2.426594,0.009012,1.661970,0.140403,0.000000,1.801220
206,0,0.000000,2.150527,0.124278,0.001036,2.257152,0.000000,0.000000,2.394007,0.008550,1.662726,0.116749,0.000000,1.783496
207,0,0.000000,2.209524,0.094594,0.001274,2.247420,0.000000,0.000000,2.475566,0.008708,1.719489,0.147614,0.000000,1.756887
208,0,0.000000,2.116597,0.128311,0.000990,2.201249,0.000000,0.000000,2.371598,0.008469,1.646778,0.115257,0.000000,1.763535
209,0,0.000000,2.015250,0.036651,0.000966,2.040069,0.000000,0.000000,2.226095,0.021004,1.516472,0.028875,0.000000,1.550103
210,0,0.000000,1.977304,0.057602,0.001409,2.027356,0.000000,0.000000,2.113712,0.007672,1.401546,0.048903,0.000000,1.454572
211,0,0.000000,2.178611,0.091986,0.005451,2.255117,0.000000,0.000000,2.343662,0.007684,1.654654,0.082601,0.000000,1.697476
212,0,0.000000,2.198959,0.101562,0.001589,2.298784,0.000000,0.000000,2.574573,0.008444,1.846457,0.091058,0.000000,1.944802
213,0,0.000000,2.199486,0.089649,0.001475,2.272893,0.000000,0.000000,2.353658,0.007643,1.631776,0.085974,0.000000,1.723568
214,0,0.000000,2.098595,0.070182,0.000900,2.169569,0.000000,0.000000,2.285477,0.007883,1.586293,0.105362,0.000000,1.674562
215,0,0.000000,2.227257,0.046594,0.001637,2.275106,0.000000,0.000000,2.365699,0.007730,1.701045,0.041091,0.000000,1.746018
216,0,0.000000,1.851111,0.064851,0.001103,1.888493,0.000000,0.000000,2.118222,0.008181,1.386433,0.057032,0.000000,1.411752
217,0,0.000000,1.989042,0.156997,0.001012,2.101984,0.000000,0.000000,2.249190,0.008789,1.450491,0.137693,0.000000,1.594879
218,0,0.000000,1.912675,0.058262,0.000797,1.958533,0.000000,0.000000,2.091751,0.008720,1.429107,0.050563,0.000000,1.483903
219,0,0.000000,1.962114,0.050574,0.001400,2.013388,0.000000,0.000000,2.095485,0.008479,1.444004,0.035263,0.000000,1.485286
220,0,0.000000,2.092815,0.053159,0.001821,2.138106,0.000000,0.000000,2.268846,0.013920,1.566116,0.045687,0.000000,1.618480
221,0,0.000000,1.964869,0.089931,0.001074,2.032627,0.000000,0.000000,2.200129,0.009111,1.527177,0.082540,0.000000,1.596552
222,0,0.000000,2.062263,0.073125,0.001410,2.136798,0.000000,0.000000,2.222486,0.008313,1.578682,0.057866,0.000000,1.642848
223,0,0.000000,2.008200,0.025162,0.000882,2.031720,0.000000,0.000000,2.359228,0.158764,1.554644,0.014993,0.000000,1.562778
224,0,0.000000,2.094849,0.090906,0.001054,2.179415,0.000000,0.000000,2.332835,0.083744,1.589874,0.095878,0.000000,1.690126
225,0,0.000000,2.015374,0.074544,0.000947,2.088011,0.000000,0.000000,2.141232,0.010889,1.486550,0.066804,0.000000,1.535421
226,0,0.000000,1.928252,0.063435,0.001197,1.992438,0.000000,0.000000,2.099972,0.006918,1.408138,0.054644,0.000000,1.468659
227,0,0.000000,1.867402,0.138591,0.001243,2.003952,0.000000,0.000000,2.094713,0.007247,1.369629,0.131569,0.000000,1.502720
228,0,0.000000,1.959262,0.128702,0.000843,2.088674,0.000000,0.000000,2.387841,0.011994,1.477815,0.113040,0.000000,1.595342
229,0,0.000000,2.010997,0.041892,0.001436,2.049567,0.000000,0.000000,2.244752,0.007567,1.620866,0.047494,0.000000,1.631595
230,0,0.000000,2.018463,0.049426,0.001185,2.052134,0.000000,0.000000,2.272032,0.009416,1.399794,0.041068,0.000000,1.448937
231,0,0.000000,1.966143,0.058625,0.001187,2.020322,0.000000,0.000000,2.156868,0.008373,1.351551,0.050217,0.000000,1.405019
232,0,0.000000,1.914375,0.032255,0.001439,1.944529,0.000000,0.000000,2.096452,0.009718,1.328155,0.024540,0.000000,1.359915
233,0,0.000000,1.880208,0.106678,0.001076,1.981366,0.000000,0.000000,2.124540,0.008246,1.256971,0.132456,0.000000,1.379684
234,0,0.000000,1.859247,0.066973,0.001054,1.924662,0.000000,0.000000,2.093915,0.009263,1.320218,0.059031,0.000000,1.386337
235,0,0.000000,1.915709,0.170119,0.001337,2.041131,0.000000,0.000000,2.180570,0.019790,1.273591,0.158127,0.000000,1.437680
236,0,0.000000,1.866934,0.049407,0.001699,1.918040,0.000000,0.000000,2.346229,0.008182,1.283130,0.041973,0.000000,1.325061
237,0,0.000000,2.023954,0.078715,0.002218,2.101668,0.000000,0.000000,2.187669,0.009118,1.582430,0.072389,0.000000,1.656985
238,0,0.000000,2.084933,0.186384,0.001433,2.232320,0.000000,0.000000,2.365791,0.011800,1.581759,0.180506,0.000000,1.765234
239,0,0.000000,1.984336,0.126035,0.001385,2.111347,0.000000,0.000000,2.276441,0.010576,1.544199,0.087515,0.000000,1.638398
240,0,0.000000,1.969555,0.151427,0.001381,2.122226,0.000000,0.000000,2.241184,0.011023,1.512514,0.138395,0.000000,1.658448
241,0,0.000000,1.965053,0.169720,0.002263,2.128122,0.000000,0.000000,2.227658,0.010323,1.481449,0.164694,0.000000,1.652233
242,0,0.000000,1.989887,0.157003,0.001215,2.147945,0.000000,0.000000,2.236109,0.011513,1.496269,0.110459,0.000000,1.615875
243,0,0.000000,1.963612,0.046213,0.001716,2.010243,0.000000,0.000000,2.072337,0.010226,1.466328,0.038141,0.000000,1.506247
244,0,0.000000,1.966300,0.115275,0.001367,2.071839,0.000000,0.000000,2.203297,0.008966,1.463062,0.102117,0.000000,1.571429
245,0,0.000000,1.930636,0.133520,0.001008,2.065105,0.000000,0.000000,2.162530,0.032699,1.431704,0.096819,0.000000,1.545476
246,0,0.000000,1.920761,0.208087,0.001402,2.112423,0.000000,0.000000,2.342536,0.009846,1.447142,0.194575,0.000000,1.643138
247,0,0.000000,1.932535,0.213813,0.001093,2.118299,0.000000,0.000000,2.277510,0.009280,1.509983,0.200988,0.000000,1.717684
248,0,0.000000,1.926813,0.200869,0.000999,2.073359,0.000000,0.000000,2.254543,0.009371,1.441828,0.157815,0.000000,1.606621
249,0,0.000000,1.944982,0.213049,0.001067,2.122715,0.000000,0.000000,2.223111,0.012963,1.424158,0.198119,0.000000,1.632354
250,0,0.000000,1.870335,0.033913,0.000672,1.902482,0.000000,0.000000,1.992673,0.009128,1.368413,0.025866,0.000000,1.389469
251,0,0.000000,1.944834,0.117921,0.000936,2.052378,0.000000,0.000000,2.138126,0.070690,1.467861,0.107741,0.000000,1.578390
252,0,0.000000,1.879318,0.060756,0.000802,1.935955,0.000000,0.000000,2.064256,0.024502,1.454703,0.053787,0.000000,1.511795
253,0,0.000000,1.933844,0.038834,0.001406,1.960354,0.000000,0.000000,2.030964,0.007176,1.437922,0.030756,0.000000,1.466537
254,0,0.000000,2.169108,0.082474,0.002123,2.253032,0.000000,0.000000,2.528618,0.007498,1.859725,0.045224,0.000000,1.909556
255,0,0.000000,2.292597,0.136709,0.001789,2.324814,0.000000,0.000000,2.596141,0.014190,1.768637,0.035194,0.000000,1.815432
256,0,0.000000,2.033590,0.219880,0.001241,2.193876,0.000000,0.000000,2.419801,0.014313,1.640315,0.210812,0.000000,1.857969
257,0,0.000000,2.165788,0.045427,0.001228,2.204295,0.000000,0.000000,2.421223,0.010284,1.803350,0.022674,0.000000,1.833617
258,0,0.000000,2.221914,0.042103,0.001857,2.261420,0.000000,0.000000,2.436998,0.010221,1.749160,0.032296,0.000000,1.791677
259,0,0.000000,2.206998,0.035892,0.001286,2.242434,0.000000,0.000000,2.337289,0.010942,1.735833,0.027167,0.000000,1.769601
260,0,0.000000,2.192367,0.082825,0.000854,2.276046,0.000000,0.000000,2.443411,0.009261,1.779630,0.074669,0.000000,1.853258
261,0,0.000000,2.136525,0.041236,0.001033,2.177532,0.000000,0.000000,2.258035,0.009506,1.667046,0.035392,0.000000,1.710614
262,0,0.000000,2.104238,0.063158,0.001202,2.162255,0.000000,0.000000,2.245525,0.007868,1.631237,0.051820,0.000000,1.690210
263,0,0.000000,2.261443,0.038126,0.001287,2.299730,0.000000,0.000000,2.397727,0.008079,1.772787,0.038705,0.000000,1.810194
264,0,0.000000,2.123845,0.037812,0.001566,2.160291,0.000000,0.000000,2.273480,0.012294,1.651898,0.028289,0.000000,1.688205
265,0,0.000000,2.339003,0.048479,0.000973,2.388455,0.000000,0.000000,2.583392,0.008742,1.896134,0.040469,0.000000,1.941285
266,0,0.000000,2.249020,0.033563,0.000871,2.273606,0.000000,0.000000,2.405187,0.010989,1.744672,0.025899,0.000000,1.778586
267,0,0.000000,1.855772,0.047429,0.000823,1.902319,0.000000,0.000000,1.991721,0.008191,1.371584,0.038722,0.000000,1.417383
268,0,0.000000,1.886810,0.034124,0.001085,1.922019,0.000000,0.000000,1.987652,0.008358,1.379670,0.027526,0.000000,1.414466
269,0,0.000000,1.874024,0.061983,0.001385,1.936825,0.000000,0.000000,2.034323,0.008383,1.390467,0.054183,0.000000,1.451909
270,0,0.000000,2.036148,0.049993,0.001243,2.068086,0.000000,0.000000,2.213654,0.027017,1.553207,0.040095,0.000000,1.584619
271,0,0.000000,2.265681,0.040613,0.001466,2.300154,0.000000,0.000000,2.434375,0.010208,1.529738,0.039101,0.000000,1.568041
272,0,0.000000,1.963526,0.036677,0.001310,1.995862,0.000000,0.000000,2.124991,0.010388,1.339306,0.027659,0.000000,1.376929
273,0,0.000000,1.846556,0.062478,0.001794,1.903303,0.000000,0.000000,2.128709,0.010602,1.306634,0.055601,0.000000,1.371405
274,0,0.000000,1.875530,0.033218,0.001507,1.907974,0.000000,0.000000,2.003941,0.010460,1.204095,0.029574,0.000000,1.216238
275,0,0.000000,1.857294,0.074132,0.000915,1.932341,0.000000,0.000000,1.991612,0.008651,1.182542,0.069560,0.000000,1.259953
276,0,0.000000,1.878978,0.057564,0.000855,1.924007,0.000000,0.000000,2.035235,0.010094,1.214177,0.048263,0.000000,1.272065
277,0,0.000000,1.302394,0.039157,0.001564,1.321504,0.000000,0.000000,1.417907,0.009123,0.716624,0.029831,0.000000,0.725758
278,0,0.000000,1.558146,0.047905,0.001438,1.602789,0.000000,0.000000,1.692716,0.008153,1.064418,0.035532,0.000000,1.102915
279,0,0.000000,1.514006,0.046746,0.001091,1.556248,0.000000,0.000000,1.643802,0.007796,1.031500,0.033705,0.000000,1.066822
280,0,0.000000,1.549251,0.076353,0.000885,1.620078,0.000000,0.000000,1.737925,0.007677,1.105133,0.062717,0.000000,1.161688
281,0,0.000000,1.490649,0.065172,0.000946,1.541239,0.000000,0.000000,1.754246,0.007534,0.996477,0.054576,0.000000,1.040703
282,0,0.000000,1.493785,0.049608,0.001248,1.541789,0.000000,0.000000,1.634090,0.008592,1.027446,0.044281,0.000000,1.044994
283,0,0.000000,1.527230,0.043573,0.001502,1.569663,0.000000,0.000000,1.663184,0.012319,1.046212,0.034191,0.000000,1.087419
284,0,0.000000,1.487001,0.058387,0.001022,1.539692,0.000000,0.000000,1.652135,0.007713,1.041488,0.047034,0.000000,1.087933
285,0,0.000000,1.652975,0.068095,0.001622,1.715762,0.000000,0.000000,1.848462,0.007710,1.230486,0.054336,0.000000,1.288934
286,0,0.000000,1.558134,0.048675,0.001274,1.602531,0.000000,0.000000,1.718495,0.008454,1.069079,0.057616,0.000000,1.103597
287,0,0.000000,1.872804,0.066858,0.001301,1.921670,0.000000,0.000000,2.175883,0.009213,1.491525,0.062916,0.000000,1.547186
288,0,0.000000,1.985319,0.045551,0.000958,2.031828,0.000000,0.000000,2.134261,0.010979,1.323717,0.038051,0.000000,1.366806
289,0,0.000000,2.001041,0.038174,0.000882,2.040097,0.000000,0.000000,2.133435,0.036053,1.367898,0.028042,0.000000,1.397447
290,0,0.000000,1.885285,0.048623,0.000953,1.934861,0.000000,0.000000,2.076155,0.008272,1.302317,0.040997,0.000000,1.342117
291,0,0.000000,1.952121,0.034974,0.000877,1.987680,0.000000,0.000000,2.079108,0.008224,1.220964,0.026510,0.000000,1.230915
292,0,0.000000,1.895751,0.040389,0.001084,1.929530,0.000000,0.000000,2.041123,0.008212,1.241876,0.025502,0.000000,1.274938
293,0,0.000000,1.982779,0.029411,0.000990,2.009736,0.000000,0.000000,2.126754,0.009281,1.375796,0.017886,0.000000,1.397410
294,0,0.000000,1.973871,0.036873,0.001018,2.010275,0.000000,0.000000,2.129358,0.009017,1.432749,0.027313,0.000000,1.459053
295,0,0.000000,1.994649,0.029479,0.000919,2.022010,0.000000,0.000000,2.101839,0.010940,1.413870,0.016964,0.000000,1.439378
296,0,0.000000,1.916540,0.058067,0.001038,1.961210,0.000000,0.000000,2.056901,0.007313,1.387836,0.041441,0.000000,1.435404
297,0,0.000000,1.879566,0.035019,0.001014,1.914630,0.000000,0.000000,2.025860,0.008430,1.374427,0.026872,0.000000,1.405123
298,0,0.000000,1.924436,0.039281,0.001226,1.956654,0.000000,0.000000,2.066241,0.007624,1.404417,0.039312,0.000000,1.433087
299,0,0.000000,1.909616,0.048831,0.000934,1.959381,0.000000,0.000000,2.030742,0.008889,1.397575,0.041209,0.000000,1.445318
300,0,0.000000,1.914477,0.072795,0.000914,1.987681,0.000000,0.000000,2.134038,0.008348,1.471825,0.058393,0.000000,1.533459
301,0,0.000000,1.908620,0.065069,0.000890,1.962245,0.000000,0.000000,2.049383,0.008891,1.392489,0.047111,0.000000,1.442130
302,0,0.000000,1.887829,0.064978,0.001064,1.944288,0.000000,0.000000,2.121953,0.008794,1.476181,0.045196,0.000000,1.528332
303,0,0.000000,1.963526,0.045265,0.001084,2.009000,0.000000,0.000000,2.156543,0.010844,1.524720,0.034307,0.000000,1.550544
304,0,0.000000,1.870513,0.064725,0.001249,1.925544,0.000000,0.000000,2.041680,0.010162,1.404219,0.045564,0.000000,1.454491
305,0,0.000000,1.829931,0.039592,0.001116,1.869782,0.000000,0.000000,1.947855,0.009027,1.330583,0.031470,0.000000,1.354325
306,0,0.000000,1.937042,0.039548,0.001574,1.970137,0.000000,0.000000,2.119622,0.009319,1.413020,0.040276,0.000000,1.458019
307,0,0.000000,1.846938,0.053788,0.001087,1.900896,0.000000,0.000000,2.032908,0.010725,1.384374,0.018248,0.000000,1.404008
308,0,0.000000,1.908786,0.047894,0.000947,1.948797,0.000000,0.000000,2.033940,0.009148,1.368567,0.040939,0.000000,1.416842
309,0,0.000000,1.817644,0.055810,0.001221,1.873720,0.000000,0.000000,1.946252,0.008660,1.320394,0.022721,0.000000,1.349872
310,0,0.000000,1.843862,0.048249,0.000898,1.891661,0.000000,0.000000,1.982804,0.008957,1.360967,0.022991,0.000000,1.389645
311,0,0.000000,1.772364,0.059146,0.000949,1.829047,0.000000,0.000000,1.885836,0.013374,1.238266,0.041267,0.000000,1.283732
312,0,0.000000,1.793311,0.052530,0.000956,1.844828,0.000000,0.000000,1.930079,0.008655,1.293731,0.024665,0.000000,1.324386
313,0,0.000000,1.778384,0.056517,0.001185,1.833217,0.000000,0.000000,1.891721,0.008597,1.242059,0.040329,0.000000,1.288761
314,0,0.000000,2.014153,0.054645,0.001473,2.050407,0.000000,0.000000,2.196573,0.008526,1.523204,0.033383,0.000000,1.537874
315,0,0.000000,1.975067,0.050383,0.001332,2.004435,0.000000,0.000000,2.136256,0.014595,1.198172,0.041200,0.000000,1.234580
316,0,0.000000,1.895953,0.046513,0.000978,1.934379,0.000000,0.000000,2.044191,0.010518,1.132495,0.038049,0.000000,1.178877
317,0,0.000000,1.884618,0.047482,0.001157,1.924703,0.000000,0.000000,2.007250,0.009872,1.261451,0.037542,0.000000,1.305804
318,0,0.000000,1.837510,0.054486,0.001174,1.885426,0.000000,0.000000,1.963303,0.008734,1.204578,0.046292,0.000000,1.253106
319,0,0.000000,1.821949,0.040086,0.001227,1.857548,0.000000,0.000000,1.929981,0.008601,1.133446,0.032929,0.000000,1.171260
320,0,0.000000,1.853089,0.048195,0.000872,1.889717,0.000000,0.000000,1.962002,0.008454,1.143185,0.041038,0.000000,1.192108
321,0,0.000000,1.815937,0.056576,0.000730,1.868177,0.000000,0.000000,1.976082,0.008893,1.134219,0.048040,0.000000,1.190748
322,0,0.000000,1.836658,0.038659,0.000776,1.865569,0.000000,0.000000,2.021608,0.013077,1.194094,0.052944,0.000000,1.209722
323,0,0.000000,1.574004,0.030544,0.000907,1.603561,0.000000,0.000000,1.714434,0.010404,1.061588,0.018050,0.000000,1.088806
324,0,0.000000,2.023782,0.063411,0.001342,2.052206,0.000000,0.000000,2.147476,0.007761,1.245520,0.055344,0.000000,1.297052
325,0,0.000000,2.041187,0.046368,0.001078,2.082943,0.000000,0.000000,2.136929,0.008196,1.235281,0.038568,0.000000,1.275266
326,0,0.000000,2.199015,0.065492,0.000978,2.261961,0.000000,0.000000,2.313579,0.007897,1.367617,0.055763,0.000000,1.425380
327,0,0.000000,1.895347,0.025547,0.000945,1.913552,0.000000,0.000000,2.004755,0.008184,1.083760,0.022236,0.000000,1.113293
328,0,0.000000,2.046485,0.047369,0.001344,2.094966,0.000000,0.000000,2.167531,0.007984,1.233437,0.027165,0.000000,1.266742
329,0,0.000000,1.944248,0.050672,0.001333,1.971989,0.000000,0.000000,2.109431,0.009782,1.328440,0.044742,0.000000,1.362155
330,0,0.000000,2.047367,0.038455,0.001294,2.081582,0.000000,0.000000,2.203493,0.011226,1.359724,0.053868,0.000000,1.381298
331,0,0.000000,1.953906,0.041258,0.001692,1.993232,0.000000,0.000000,2.069239,0.009462,1.299702,0.033647,0.000000,1.335881
332,0,0.000000,2.003792,0.059455,0.002171,2.061493,0.000000,0.000000,2.134014,0.009032,1.360229,0.053359,0.000000,1.410844
333,0,0.000000,1.914148,0.086194,0.001642,1.970940,0.000000,0.000000,2.071726,0.010730,1.291947,0.083467,0.000000,1.377742
334,0,0.000000,1.874379,0.075774,0.001887,1.934803,0.000000,0.000000,2.057405,0.012085,1.264618,0.071008,0.000000,1.333232
335,0,0.000000,1.933215,0.070207,0.001595,1.984756,0.000000,0.000000,2.122378,0.010703,1.351307,0.045066,0.000000,1.397632
336,0,0.000000,1.472896,0.047800,0.000652,1.499267,0.000000,0.000000,1.667517,0.031848,0.905816,0.035900,0.000000,0.933418
337,0,0.000000,1.469307,0.039076,0.000787,1.500409,0.000000,0.000000,1.654894,0.011056,0.742135,0.021532,0.000000,0.771538
338,0,0.000000,2.044902,0.038076,0.000726,2.072786,0.000000,0.000000,2.184204,0.009492,1.442681,0.060830,0.000000,1.511237
339,0,0.000000,2.047260,0.035028,0.000937,2.081036,0.000000,0.000000,2.154767,0.009894,1.457131,0.022535,0.000000,1.484529
340,0,0.000000,2.047402,0.040554,0.001426,2.088431,0.000000,0.000000,2.174685,0.010278,1.455401,0.027859,0.000000,1.491147
341,0,0.000000,2.095682,0.038605,0.000833,2.127097,0.000000,0.000000,2.267124,0.009932,1.560884,0.034156,0.000000,1.601145
342,0,0.000000,2.071848,0.043211,0.000989,2.111672,0.000000,0.000000,2.244056,0.031231,1.562178,0.033920,0.000000,1.625577
343,0,0.000000,2.120773,0.033448,0.000889,2.155110,0.000000,0.000000,2.321526,0.009238,1.683298,0.025568,0.000000,1.716591
344,0,0.000000,2.136025,0.037590,0.001093,2.173163,0.000000,0.000000,2.360255,0.009763,1.673456,0.028107,0.000000,1.709281
345,0,0.000000,2.147552,0.038535,0.001204,2.183285,0.000000,0.000000,2.298138,0.009265,1.623134,0.036012,0.000000,1.658881
346,0,0.000000,2.061394,0.057653,0.001798,2.107956,0.000000,0.000000,2.234479,0.008490,1.544041,0.039072,0.000000,1.590931
347,0,0.000000,1.808838,0.032349,0.000991,1.841424,0.000000,0.000000,1.968417,0.015659,1.293220,0.021258,0.000000,1.322487
348,0,0.000000,1.886563,0.076476,0.000723,1.951895,0.000000,0.000000,2.057429,0.009248,1.362718,0.070106,0.000000,1.438299
349,0,0.000000,1.839827,0.066884,0.000678,1.901370,0.000000,0.000000,2.024633,0.009544,1.365374,0.056573,0.000000,1.398502
350,0,0.000000,1.850408,0.046675,0.000892,1.891505,0.000000,0.000000,2.041984,0.008427,1.359361,0.017088,0.000000,1.375657
351,0,0.000000,1.917002,0.050546,0.000995,1.966762,0.000000,0.000000,2.094429,0.009831,1.152368,0.046406,0.000000,1.178348
352,0,0.000000,1.877514,0.057605,0.000809,1.932476,0.000000,0.000000,2.183391,0.197785,1.239344,0.021002,0.000000,1.250369
353,0,0.000000,1.863357,0.032911,0.001029,1.896508,0.000000,0.000000,2.031897,0.008737,1.090484,0.022235,0.000000,1.118348
354,0,0.000000,1.857511,0.099218,0.000894,1.938697,0.000000,0.000000,2.091206,0.033236,1.132359,0.111327,0.000000,1.189452
355,0,0.000000,1.809257,0.107940,0.000803,1.916098,0.000000,0.000000,2.020144,0.009160,1.111466,0.077652,0.000000,1.134697
356,0,0.000000,1.800605,0.103338,0.000807,1.894686,0.000000,0.000000,1.966901,0.009046,1.008412,0.076502,0.000000,1.038584
357,0,0.000000,1.812882,0.072358,0.000788,1.885502,0.000000,0.000000,2.012173,0.015886,1.055033,0.050551,0.000000,1.110723
358,0,0.000000,2.071932,0.048893,0.000851,2.121149,0.000000,0.000000,2.204310,0.009110,1.263509,0.032108,0.000000,1.303745
359,0,0.000000,1.816868,0.039433,0.001018,1.852089,0.000000,0.000000,2.259401,0.008066,1.485354,0.115753,0.000000,1.550615
360,0,0.000000,1.891538,0.122744,0.000806,2.009382,0.000000,0.000000,2.075480,0.011464,1.427946,0.103189,0.000000,1.453251
361,0,0.000000,1.743107,0.070085,0.000930,1.813390,0.000000,0.000000,2.062698,0.009101,1.427997,0.090692,0.000000,1.458042
362,0,0.000000,1.863671,0.102196,0.000928,1.953967,0.000000,0.000000,2.021737,0.009212,1.384486,0.076258,0.000000,1.414848
363,0,0.000000,1.787142,0.134185,0.000874,1.918624,0.000000,0.000000,1.985467,0.008793,1.320946,0.115854,0.000000,1.345736
364,0,0.000000,1.817204,0.135225,0.001090,1.940095,0.000000,0.000000,2.052139,0.009296,1.367419,0.140632,0.000000,1.395915
365,0,0.000000,1.920801,0.055385,0.001099,1.974132,0.000000,0.000000,2.038894,0.008773,1.444354,0.045335,0.000000,1.489578
366,0,0.000000,2.152371,0.095106,0.001507,2.191923,0.000000,0.000000,2.366109,0.010971,1.631626,0.129002,0.000000,1.672474
367,0,0.000000,2.072276,0.084732,0.001504,2.153246,0.000000,0.000000,2.307924,0.011084,1.655381,0.075795,0.000000,1.736202
368,0,0.000000,2.076230,0.120148,0.000905,2.197283,0.000000,0.000000,2.333477,0.012044,1.630374,0.115210,0.000000,1.754289
369,0,0.000000,2.126535,0.132936,0.001156,2.236323,0.000000,0.000000,2.364338,0.011233,1.621174,0.152181,0.000000,1.731567
370,0,0.000000,2.085038,0.093195,0.002355,2.172133,0.000000,0.000000,2.284388,0.010008,1.662659,0.084435,0.000000,1.723463
371,0,0.000000,1.842721,0.057270,0.000938,1.900226,0.000000,0.000000,2.070241,0.011247,1.408854,0.081598,0.000000,1.434152
372,0,0.000000,1.876483,0.040270,0.001196,1.908720,0.000000,0.000000,1.973377,0.009921,1.093602,0.026006,0.000000,1.117598
373,0,0.000000,1.768850,0.050342,0.000860,1.790152,0.000000,0.000000,1.931604,0.009051,1.058568,0.028114,0.000000,1.093281
374,0,0.000000,2.155575,0.045489,0.001303,2.194919,0.000000,0.000000,2.304053,0.010191,1.384516,0.026026,0.000000,1.416893
375,0,0.000000,1.920522,0.050646,0.001152,1.946509,0.000000,0.000000,2.215027,0.008570,1.512153,0.024480,0.000000,1.542779
376,0,0.000000,2.052718,0.040340,0.001202,2.078160,0.000000,0.000000,2.198539,0.010929,1.554734,0.016135,0.000000,1.576823
377,0,0.000000,1.961724,0.026615,0.000877,1.987411,0.000000,0.000000,2.061254,0.024577,1.448431,0.013403,0.000000,1.485612
378,0,0.000000,2.116669,0.043982,0.001068,2.151635,0.000000,0.000000,2.258428,0.008129,1.612399,0.020023,0.000000,1.638140
379,0,0.000000,1.947475,0.030614,0.001080,1.975308,0.000000,0.000000,2.159744,0.011433,1.406308,0.039910,0.000000,1.452135
380,0,0.000000,2.224293,0.079287,0.001518,2.304792,0.000000,0.000000,2.398869,0.010955,1.754593,0.022442,0.000000,1.767609
381,0,0.000000,2.230032,0.064319,0.002376,2.294844,0.000000,0.000000,2.528442,0.013483,1.666907,0.015882,0.000000,1.691732
382,0,0.000000,2.322251,0.057293,0.001864,2.373253,0.000000,0.000000,2.539552,0.024385,1.567259,0.043501,0.000000,1.628387
383,0,0.000000,2.251863,0.064132,0.002683,2.316031,0.000000,0.000000,2.493799,0.014594,1.534882,0.030068,0.000000,1.576748
384,0,0.000000,2.223299,0.043327,0.000989,2.265100,0.000000,0.000000,2.527158,0.013806,1.615255,0.036491,0.000000,1.660894
385,0,0.000000,2.277681,0.041475,0.001575,2.314923,0.000000,0.000000,2.445784,0.012454,1.528262,0.030964,0.000000,1.569477
386,0,0.000000,2.233274,0.081887,0.001651,2.299455,0.000000,0.000000,2.428657,0.012365,1.654153,0.060209,0.000000,1.719295
387,0,0.000000,2.202497,0.038585,0.001520,2.239014,0.000000,0.000000,2.369736,0.012787,1.634283,0.035600,0.000000,1.673518
388,0,0.000000,2.184610,0.048426,0.001626,2.220213,0.000000,0.000000,2.388075,0.011725,1.622729,0.031533,0.000000,1.659172
389,0,0.000000,2.137774,0.037144,0.001552,2.172602,0.000000,0.000000,2.294879,0.011946,1.600507,0.033218,0.000000,1.637899
390,0,0.000000,2.215765,0.041696,0.001670,2.251448,0.000000,0.000000,2.513155,0.173665,1.620236,0.031193,0.000000,1.823115
391,0,0.000000,2.383623,0.039710,0.001534,2.420292,0.000000,0.000000,2.553312,0.010709,1.791051,0.028532,0.000000,1.822939
392,0,0.000000,2.235583,0.048805,0.001876,2.284219,0.000000,0.000000,2.492304,0.010501,1.811437,0.040551,0.000000,1.859735
393,0,0.000000,2.203550,0.047606,0.002149,2.236772,0.000000,0.000000,2.508106,0.010510,1.843199,0.034747,0.000000,1.881622
394,0,0.000000,2.299839,0.039731,0.001050,2.333681,0.000000,0.000000,2.593691,0.012778,1.882778,0.038163,0.000000,1.899415
395,0,0.000000,2.292009,0.037412,0.001394,2.321681,0.000000,0.000000,2.454643,0.024742,1.741837,0.022627,0.000000,1.789089
396,0,0.000000,2.270368,0.042287,0.001612,2.309421,0.000000,0.000000,2.497802,0.008945,1.801985,0.033610,0.000000,1.841778
397,0,0.000000,2.089415,0.234144,0.001626,2.138191,0.000000,0.000000,2.466110,0.009865,1.638893,0.251256,0.000000,1.823571
398,0,0.000000,2.029256,0.055583,0.001192,2.083591,0.000000,0.000000,2.178969,0.013344,1.543142,0.048949,0.000000,1.601342
399,0,0.000000,1.992791,0.049476,0.001802,2.042506,0.000000,0.000000,2.140706,0.009786,1.511492,0.044474,0.000000,1.562525
400,0,0.000000,1.930595,0.051231,0.001904,1.961099,0.000000,0.000000,2.071404,0.010795,1.406880,0.043298,0.000000,1.457297
401,0,0.000000,1.859757,0.060874,0.001663,1.920335,0.000000,0.000000,2.048393,0.010744,1.405532,0.055284,0.000000,1.467660
402,0,0.000000,1.917274,0.091758,0.001329,2.003292,0.000000,0.000000,2.063641,0.010565,1.369220,0.086366,0.000000,1.461757
403,0,0.000000,1.895767,0.093266,0.000937,1.961333,0.000000,0.000000,2.090360,0.009576,1.324741,0.087310,0.000000,1.419502
404,0,0.000000,1.803629,0.068207,0.001156,1.872501,0.000000,0.000000,1.991293,0.029400,1.319679,0.048555,0.000000,1.353809
405,0,0.000000,1.760189,0.052482,0.001313,1.813417,0.000000,0.000000,1.918846,0.010445,0.983861,0.028938,0.000000,1.022510
406,0,0.000000,1.676966,0.054889,0.000971,1.732475,0.000000,0.000000,1.900200,0.037553,0.924970,0.028372,0.000000,0.943459
407,0,0.000000,1.868585,0.050983,0.001069,1.917411,0.000000,0.000000,2.019196,0.010545,1.481402,0.039966,0.000000,1.530864
408,0,0.000000,1.890444,0.055331,0.001118,1.941954,0.000000,0.000000,2.022374,0.007952,1.486497,0.042208,0.000000,1.534764
409,0,0.000000,1.906858,0.039749,0.001369,1.946525,0.000000,0.000000,2.038266,0.008047,1.466620,0.037107,0.000000,1.501346
410,0,0.000000,1.874498,0.061018,0.001368,1.933215,0.000000,0.000000,2.006077,0.007759,1.359961,0.050824,0.000000,1.411924
411,0,0.000000,1.845447,0.048252,0.001853,1.892766,0.000000,0.000000,1.987125,0.007589,1.371544,0.040504,0.000000,1.387472
412,0,0.000000,2.255162,0.033528,0.001192,2.289882,0.000000,0.000000,2.422204,0.008411,1.663046,0.024173,0.000000,1.683480
413,0,0.000000,1.948175,0.044156,0.000886,1.991949,0.000000,0.000000,2.110304,0.008979,1.402889,0.031058,0.000000,1.437338
414,0,0.000000,1.860055,0.034097,0.000931,1.895083,0.000000,0.000000,2.021220,0.007452,1.370076,0.031626,0.000000,1.380510
415,0,0.000000,1.899884,0.051628,0.000864,1.945857,0.000000,0.000000,2.115836,0.008152,1.434328,0.038747,0.000000,1.472195
416,0,0.000000,1.892411,0.027320,0.000983,1.918310,0.000000,0.000000,2.042652,0.008498,1.358907,0.025944,0.000000,1.388496
417,0,0.000000,1.924784,0.045629,0.001005,1.958831,0.000000,0.000000,2.073586,0.008492,1.344345,0.065564,0.000000,1.372803
418,0,0.000000,1.881792,0.066319,0.000908,1.944163,0.000000,0.000000,2.077337,0.009027,1.355605,0.054574,0.000000,1.414140
419,0,0.000000,2.010082,0.041198,0.001186,2.051724,0.000000,0.000000,2.182216,0.008631,1.397878,0.012051,0.000000,1.408635
420,0,0.000000,1.981691,0.053098,0.001237,2.034220,0.000000,0.000000,2.117738,0.010208,1.247299,0.043347,0.000000,1.297864
421,0,0.000000,1.953903,0.043753,0.001385,1.997896,0.000000,0.000000,2.064320,0.010192,1.220273,0.017877,0.000000,1.229435
422,0,0.000000,1.952201,0.047143,0.001634,1.998523,0.000000,0.000000,2.083430,0.010298,1.249219,0.025729,0.000000,1.281578
423,0,0.000000,1.970218,0.085136,0.002606,2.033281,0.000000,0.000000,2.172596,0.011220,1.381143,0.055549,0.000000,1.442859
424,0,0.000000,2.183791,0.075384,0.036980,2.259950,0.000000,0.000000,2.447512,0.012867,1.691085,0.108699,0.000000,1.779071
425,0,0.000000,2.116509,0.085600,0.002393,2.195148,0.000000,0.000000,2.317299,0.053244,1.571423,0.078742,0.000000,1.697725
426,0,0.000000,2.146038,0.037842,0.000858,2.173020,0.000000,0.000000,2.325642,0.012002,1.603852,0.028470,0.000000,1.642275
427,0,0.000000,2.064902,0.072967,0.001275,2.133386,0.000000,0.000000,2.214243,0.010273,1.603259,0.021633,0.000000,1.614611
428,0,0.000000,2.139693,0.079654,0.001563,2.199981,0.000000,0.000000,2.300107,0.009812,1.637180,0.016523,0.000000,1.661536
429,0,0.000000,2.051837,0.049090,0.001857,2.102310,0.000000,0.000000,2.262771,0.010425,1.654819,0.023584,0.000000,1.665873
430,0,0.000000,2.067334,0.088357,0.001245,2.151791,0.000000,0.000000,2.263155,0.010644,1.596885,0.019947,0.000000,1.625915
431,0,0.000000,2.089578,0.081158,0.001503,2.168869,0.000000,0.000000,2.259476,0.010126,1.643485,0.037865,0.000000,1.666866
432,0,0.000000,2.139627,0.045955,0.001347,2.186929,0.000000,0.000000,2.325331,0.010080,1.699015,0.047667,0.000000,1.755011
433,0,0.000000,2.129219,0.028986,0.000825,2.152613,0.000000,0.000000,2.273319,0.010030,1.669631,0.038943,0.000000,1.700476
434,0,0.000000,2.050882,0.051500,0.001133,2.095755,0.000000,0.000000,2.165267,0.008615,1.569928,0.042213,0.000000,1.619195
435,0,0.000000,2.078085,0.040954,0.001228,2.106460,0.000000,0.000000,2.187967,0.008354,1.604160,0.019980,0.000000,1.629079
436,0,0.000000,2.055020,0.058186,0.000955,2.114161,0.000000,0.000000,2.200010,0.007911,1.609050,0.018875,0.000000,1.634580
437,0,0.000000,2.089361,0.028267,0.000833,2.115410,0.000000,0.000000,2.232619,0.010156,1.616120,0.032029,0.000000,1.642655
438,0,0.000000,2.085680,0.042183,0.001255,2.129046,0.000000,0.000000,2.241188,0.008495,1.659304,0.015378,0.000000,1.680987
439,0,0.000000,2.328729,0.041933,0.001266,2.371894,0.000000,0.000000,2.468461,0.009795,1.839482,0.030308,0.000000,1.877038
440,0,0.000000,2.264558,0.036925,0.007853,2.298798,0.000000,0.000000,2.499047,0.009494,1.832734,0.028105,0.000000,1.852420
441,0,0.000000,2.170565,0.031355,0.001251,2.199780,0.000000,0.000000,2.335169,0.011528,1.358948,0.071791,0.000000,1.418715
442,0,0.000000,2.211412,0.032470,0.001084,2.244916,0.000000,0.000000,2.352707,0.011471,1.427928,0.026253,0.000000,1.464675
443,0,0.000000,2.098549,0.051268,0.001866,2.151683,0.000000,0.000000,2.318302,0.009504,1.442272,0.042382,0.000000,1.485504
444,0,0.000000,2.149321,0.049839,0.001082,2.181681,0.000000,0.000000,2.305925,0.012141,1.478953,0.020675,0.000000,1.505109
445,0,0.000000,2.299226,0.050225,0.001133,2.325246,0.000000,0.000000,2.479539,0.010745,1.704056,0.012493,0.000000,1.715916
446,0,0.000000,2.002930,0.039329,0.001042,2.036274,0.000000,0.000000,2.158617,0.012581,1.177367,0.018381,0.000000,1.205504
447,0,0.000000,1.587362,0.027014,0.000950,1.610942,0.000000,0.000000,1.728850,0.009417,0.780304,0.019444,0.000000,0.794202
448,0,0.000000,1.844425,0.028590,0.000969,1.870735,0.000000,0.000000,1.978619,0.008038,0.888436,0.035421,0.000000,0.905860
449,0,0.000000,2.161177,0.047905,0.001587,2.195382,0.000000,0.000000,2.322517,0.008451,1.587292,0.032611,0.000000,1.615441
450,0,0.000000,2.207810,0.039870,0.001224,2.238014,0.000000,0.000000,2.367442,0.009376,1.651293,0.027164,0.000000,1.678004
451,0,0.000000,2.179909,0.039865,0.001260,2.208475,0.000000,0.000000,2.336078,0.010538,1.674100,0.019498,0.000000,1.701948
452,0,0.000000,2.288416,0.051888,0.001551,2.313878,0.000000,0.000000,2.660852,0.010501,1.905289,0.098197,0.000000,1.933992
453,0,0.000000,2.338435,0.054060,0.000914,2.381621,0.000000,0.000000,2.491160,0.059178,1.688387,0.027748,0.000000,1.702842
454,0,0.000000,2.150041,0.038703,0.000868,2.184617,0.000000,0.000000,2.372430,0.012419,1.501633,0.090041,0.000000,1.578829
455,0,0.000000,2.079002,0.032072,0.000891,2.108864,0.000000,0.000000,2.274246,0.072432,1.571195,0.021308,0.000000,1.655810
456,0,0.000000,1.967133,0.035576,0.001389,2.001022,0.000000,0.000000,2.203029,0.009860,1.538301,0.071283,0.000000,1.555678
457,0,0.000000,2.209933,0.038003,0.001343,2.248441,0.000000,0.000000,2.464122,0.010705,1.858977,0.018840,0.000000,1.886247
458,0,0.000000,2.025211,0.044709,0.001430,2.070398,0.000000,0.000000,2.261041,0.022609,1.606876,0.037343,0.000000,1.632594
459,0,0.000000,2.164596,0.057045,0.001166,2.208497,0.000000,0.000000,2.321143,0.011042,1.551754,0.021674,0.000000,1.566496
460,0,0.000000,2.107029,0.034802,0.000929,2.142312,0.000000,0.000000,2.295646,0.013553,1.256481,0.013318,0.000000,1.279184
461,0,0.000000,2.004154,0.034324,0.000882,2.035828,0.000000,0.000000,2.155815,0.009239,1.383363,0.037835,0.000000,1.395420
462,0,0.000000,1.890852,0.035548,0.000869,1.926591,0.000000,0.000000,2.077855,0.009563,1.308276,0.014223,0.000000,1.327798
463,0,0.000000,1.497010,0.047197,0.000921,1.544864,0.000000,0.000000,1.691802,0.008882,0.917755,0.030834,0.000000,0.955435
464,0,0.000000,1.423830,0.025644,0.000972,1.448823,0.000000,0.000000,1.527498,0.008107,0.801653,0.028839,0.000000,0.814707
465,0,0.000000,1.736141,0.027655,0.001034,1.763981,0.000000,0.000000,1.907195,0.012806,1.091569,0.015878,0.000000,1.107552
466,0,0.000000,2.135474,0.028465,0.000895,2.162086,0.000000,0.000000,2.278146,0.008832,1.503253,0.028062,0.000000,1.537721
467,0,0.000000,2.183050,0.041693,0.001068,2.220758,0.000000,0.000000,2.325303,0.007743,1.706678,0.027286,0.000000,1.739082
468,0,0.000000,2.132158,0.043388,0.000916,2.158798,0.000000,0.000000,2.299885,0.008297,1.695962,0.039706,0.000000,1.707437
469,0,0.000000,2.163842,0.065285,0.001837,2.216761,0.000000,0.000000,2.354357,0.010928,1.704962,0.040797,0.000000,1.753654
470,0,0.000000,2.149334,0.064314,0.001306,2.190323,0.000000,0.000000,2.376891,0.026676,1.696499,0.032933,0.000000,1.755110
471,0,0.000000,2.125073,0.067362,0.001877,2.187588,0.000000,0.000000,2.353401,0.026258,1.627677,0.054838,0.000000,1.689246
472,0,0.000000,2.163891,0.043737,0.001203,2.208831,0.000000,0.000000,2.328701,0.010731,1.649864,0.033925,0.000000,1.679533
473,0,0.000000,2.180080,0.036117,0.001391,2.214566,0.000000,0.000000,2.371087,0.009451,1.611838,0.064025,0.000000,1.683324
474,0,0.000000,2.220844,0.036504,0.001192,2.255792,0.000000,0.000000,2.536474,0.088451,1.771456,0.036068,0.000000,1.893463
475,0,0.000000,2.181365,0.041364,0.001466,2.222093,0.000000,0.000000,2.387827,0.012147,1.635235,0.061090,0.000000,1.706254
476,0,0.000000,2.144602,0.043858,0.001514,2.185645,0.000000,0.000000,2.351954,0.011022,1.680418,0.035277,0.000000,1.723228
477,0,0.000000,2.143246,0.028141,0.000907,2.169846,0.000000,0.000000,2.355997,0.011373,1.670285,0.042656,0.000000,1.721482
478,0,0.000000,2.168623,0.052878,0.001350,2.215698,0.000000,0.000000,2.326167,0.010368,1.645979,0.041194,0.000000,1.693365
479,0,0.000000,2.125757,0.091539,0.001151,2.205673,0.000000,0.000000,2.342428,0.009771,1.603057,0.083969,0.000000,1.694842
480,0,0.000000,2.070177,0.076389,0.001846,2.146983,0.000000,0.000000,2.287174,0.009601,1.599902,0.070162,0.000000,1.677463
481,0,0.000000,2.098897,0.054185,0.001276,2.148612,0.000000,0.000000,2.282906,0.037099,1.591985,0.046902,0.000000,1.675986
482,0,0.000000,2.104284,0.053300,0.001051,2.154325,0.000000,0.000000,2.252603,0.010453,1.594253,0.040427,0.000000,1.642443
483,0,0.000000,2.098231,0.059988,0.001369,2.149475,0.000000,0.000000,2.249191,0.010049,1.590768,0.052792,0.000000,1.652133
484,0,0.000000,2.178318,0.042046,0.001493,2.206077,0.000000,0.000000,2.341952,0.013851,1.636073,0.032200,0.000000,1.672185
485,0,0.000000,2.158261,0.048784,0.001278,2.202965,0.000000,0.000000,2.291459,0.011641,1.652773,0.039269,0.000000,1.700242
486,0,0.000000,2.163520,0.082478,0.001400,2.233171,0.000000,0.000000,2.306894,0.009028,1.607631,0.072437,0.000000,1.687535
487,0,0.000000,2.138451,0.046946,0.001172,2.185413,0.000000,0.000000,2.403557,0.009720,1.708490,0.087483,0.000000,1.804401
488,0,0.000000,2.093035,0.133951,0.001135,2.159985,0.000000,0.000000,2.318614,0.015797,1.602368,0.066151,0.000000,1.677914
489,0,0.000000,2.120086,0.061317,0.001045,2.176607,0.000000,0.000000,2.315801,0.013139,1.633620,0.048960,0.000000,1.690146
490,0,0.000000,2.076358,0.039608,0.001024,2.106766,0.000000,0.000000,2.283018,0.010592,1.611083,0.041774,0.000000,1.660462
491,0,0.000000,1.944920,0.040395,0.001530,1.980689,0.000000,0.000000,2.103493,0.010265,1.450071,0.028534,0.000000,1.479034
492,0,0.000000,1.897676,0.070342,0.001191,1.969209,0.000000,0.000000,2.838233,0.011327,1.901840,0.067840,0.000000,1.959220
493,0,0.000000,2.198511,0.043083,0.001081,2.239173,0.000000,0.000000,2.406828,0.013911,1.408604,0.030543,0.000000,1.452077
494,0,0.000000,1.813165,0.035869,0.000945,1.849231,0.000000,0.000000,1.985065,0.013289,1.085068,0.069246,0.000000,1.165254
495,0,0.000000,1.740984,0.059727,0.001240,1.800347,0.000000,0.000000,1.906349,0.011882,1.023904,0.051990,0.000000,1.086974
496,0,0.000000,1.715995,0.049101,0.001313,1.751279,0.000000,0.000000,1.845899,0.010665,0.962987,0.054218,0.000000,1.026963
497,0,0.000000,1.698248,0.041020,0.001671,1.738979,0.000000,0.000000,1.859964,0.009666,0.954708,0.033422,0.000000,0.990426
498,0,0.000000,1.721621,0.048487,0.001507,1.766736,0.000000,0.000000,1.974697,0.010778,0.998953,0.066354,0.000000,1.069046
499,0,0.000000,2.056480,0.046199,0.001487,2.097494,0.000000,0.000000,2.213329,0.012925,1.185353,0.035356,0.000000,1.230272
500,0,0.000000,1.971214,0.055801,0.001943,2.023968,0.000000,0.000000,2.213460,0.011483,1.240004,0.043861,0.000000,1.294155
501,0,0.000000,1.941948,0.055666,0.001918,1.995667,0.000000,0.000000,2.102342,0.012689,1.155758,0.046734,0.000000,1.213947
502,0,0.000000,1.894208,0.059423,0.001495,1.913530,0.000000,0.000000,2.139630,0.011892,1.176321,0.048343,0.000000,1.234600
503,0,0.000000,1.894431,0.040776,0.001357,1.922637,0.000000,0.000000,2.069206,0.013269,1.287318,0.063648,0.000000,1.355655
504,0,0.000000,2.199199,0.052547,0.001959,2.243118,0.000000,0.000000,2.403603,0.024957,1.361128,0.032617,0.000000,1.375884
505,0,0.000000,1.879722,0.039491,0.001582,1.906762,0.000000,0.000000,2.075670,0.040730,1.190098,0.033465,0.000000,1.229626
506,0,0.000000,2.038213,0.048353,0.001029,2.078318,0.000000,0.000000,2.255276,0.023859,1.440470,0.036749,0.000000,1.474640
507,0,0.000000,1.989249,0.049527,0.001156,2.029304,0.000000,0.000000,2.196705,0.011016,1.281557,0.088609,0.000000,1.378512
508,0,0.000000,1.986427,0.062648,0.001041,2.039883,0.000000,0.000000,2.154257,0.011500,1.221673,0.049475,0.000000,1.280680
509,0,0.000000,2.004557,0.049566,0.000971,2.047065,0.000000,0.000000,2.239384,0.009157,1.354425,0.040918,0.000000,1.403067
510,0,0.000000,1.930336,0.029698,0.000965,1.960581,0.000000,0.000000,2.091144,0.009681,1.306861,0.038558,0.000000,1.351639
511,0,0.000000,2.034084,0.080787,0.001103,2.113779,0.000000,0.000000,2.218082,0.009618,1.412404,0.065611,0.000000,1.480126
512,0,0.000000,1.980746,0.031473,0.001027,2.008705,0.000000,0.000000,2.173926,0.011736,1.449046,0.049163,0.000000,1.497081
513,0,0.000000,2.013063,0.038803,0.000851,2.042057,0.000000,0.000000,2.203334,0.009719,1.265059,0.047641,0.000000,1.318025
514,0,0.000000,2.246779,0.042428,0.001352,2.286206,0.000000,0.000000,2.414633,0.009533,1.518038,0.032715,0.000000,1.545586
515,0,0.000000,2.227703,0.050260,0.001025,2.258318,0.000000,0.000000,2.460149,0.009434,1.512503,0.051503,0.000000,1.545495
516,0,0.000000,2.194818,0.044389,0.001429,2.236702,0.000000,0.000000,2.401133,0.010819,1.711468,0.029537,0.000000,1.745621
517,0,0.000000,2.167534,0.035056,0.001236,2.201023,0.000000,0.000000,2.425025,0.011137,1.444226,0.040916,0.000000,1.493860
518,0,0.000000,2.317309,0.053151,0.002069,2.362098,0.000000,0.000000,2.541757,0.009808,1.513169,0.037004,0.000000,1.525293
519,0,0.000000,2.401556,0.048158,0.001389,2.448650,0.000000,0.000000,2.760313,0.136701,1.542199,0.031037,0.000000,1.638911
520,0,0.000000,2.341268,0.056552,0.002105,2.371002,0.000000,0.000000,2.588847,0.010338,1.600188,0.052864,0.000000,1.614392
521,0,0.000000,2.172934,0.043256,0.001108,2.202904,0.000000,0.000000,2.366461,0.011802,1.644109,0.018747,0.000000,1.671145
522,0,0.000000,2.139882,0.036798,0.001197,2.165005,0.000000,0.000000,2.297256,0.009265,1.639603,0.036971,0.000000,1.679584
523,0,0.000000,2.170155,0.035381,0.001207,2.206743,0.000000,0.000000,2.340643,0.009803,1.569894,0.033120,0.000000,1.594558
524,0,0.000000,2.180533,0.050940,0.001338,2.202881,0.000000,0.000000,2.479787,0.023136,1.503710,0.030292,0.000000,1.515370
525,0,0.000000,2.169151,0.040681,0.001067,2.208561,0.000000,0.000000,4.866899,0.011292,3.874650,0.026236,0.000000,3.898108
526,0,0.000000,2.151343,0.043388,0.001383,2.194504,0.000000,0.000000,2.364305,0.011781,1.271018,0.027692,0.000000,1.303555
527,0,0.000000,2.063461,0.057872,0.001112,2.101433,0.000000,0.000000,2.288303,0.009734,1.320770,0.046647,0.000000,1.346270
528,0,0.000000,2.033807,0.044971,0.001691,2.080385,0.000000,0.000000,2.173228,0.011525,1.591603,0.041307,0.000000,1.617049
529,0,0.000000,2.030005,0.121555,0.001184,2.144186,0.000000,0.000000,2.242037,0.011245,1.596579,0.109743,0.000000,1.629573
530,0,0.000000,2.046212,0.054864,0.002146,2.080025,0.000000,0.000000,2.305651,0.009827,1.660026,0.042287,0.000000,1.702360
531,0,0.000000,2.016705,0.065237,0.001902,2.060657,0.000000,0.000000,2.258769,0.012293,1.202906,0.059198,0.000000,1.269016
532,0,0.000000,2.003986,0.086288,0.002022,2.078531,0.000000,0.000000,2.344886,0.010560,1.524336,0.062584,0.000000,1.589346
533,0,0.000000,2.043040,0.054354,0.001302,2.079777,0.000000,0.000000,2.251016,0.010457,1.604808,0.107294,0.000000,1.717346
534,0,0.000000,1.998528,0.066640,0.001234,2.059760,0.000000,0.000000,2.172616,0.011835,1.518927,0.071316,0.000000,1.583675
535,0,0.000000,1.995358,0.063971,0.002022,2.058921,0.000000,0.000000,2.217109,0.009747,1.510989,0.078182,0.000000,1.592187
536,0,0.000000,1.994960,0.066195,0.002034,2.047021,0.000000,0.000000,2.155691,0.011531,1.494897,0.067994,0.000000,1.529215
537,0,0.000000,2.054566,0.041581,0.001219,2.082592,0.000000,0.000000,2.168566,0.009772,1.498823,0.017871,0.000000,1.524371
538,0,0.000000,2.033894,0.048701,0.000921,2.083500,0.000000,0.000000,2.189429,0.009465,1.480534,0.049783,0.000000,1.528756
539,0,0.000000,1.932564,0.161553,0.001055,2.095172,0.000000,0.000000,2.264477,0.008254,1.540912,0.079841,0.000000,1.602154
540,0,0.000000,1.923373,0.121783,0.001075,2.032369,0.000000,0.000000,2.163498,0.010206,1.485243,0.110374,0.000000,1.548479
541,0,0.000000,1.968132,0.080902,0.001019,1.993871,0.000000,0.000000,2.132799,0.008956,1.485536,0.102242,0.000000,1.507023
542,0,0.000000,1.922292,0.050689,0.001034,1.974015,0.000000,0.000000,2.074372,0.008951,1.451596,0.046890,0.000000,1.505932
543,0,0.000000,1.945961,0.037709,0.001380,1.983316,0.000000,0.000000,2.060877,0.007960,1.467556,0.027303,0.000000,1.491475
544,0,0.000000,2.052154,0.046963,0.001533,2.097661,0.000000,0.000000,2.291967,0.009495,1.646735,0.040391,0.000000,1.694043
545,0,0.000000,2.106016,0.156539,0.001037,2.245834,0.000000,0.000000,2.372112,0.008614,1.657708,0.146344,0.000000,1.775031
546,0,0.000000,2.059189,0.185772,0.001056,2.186763,0.000000,0.000000,2.380995,0.012120,1.628021,0.205666,0.000000,1.788003
547,0,0.000000,2.029487,0.144051,0.001114,2.159892,0.000000,0.000000,2.309896,0.009102,1.570459,0.164780,0.000000,1.741979
548,0,0.000000,2.099966,0.119642,0.001110,2.216320,0.000000,0.000000,2.331460,0.008362,1.644671,0.110875,0.000000,1.743888
549,0,0.000000,2.028827,0.067620,0.001372,2.069033,0.000000,0.000000,2.242867,0.008188,1.588680,0.087362,0.000000,1.681656
550,0,0.000000,2.057826,0.130597,0.001458,2.189476,0.000000,0.000000,2.329908,0.008975,1.612080,0.123098,0.000000,1.740663
551,0,0.000000,2.061756,0.096695,0.002127,2.143163,0.000000,0.000000,2.274076,0.009679,1.638183,0.075653,0.000000,1.695745
552,0,0.000000,2.068847,0.123675,0.001894,2.137898,0.000000,0.000000,2.327942,0.009864,1.567943,0.139479,0.000000,1.714463
553,0,0.000000,2.105179,0.212844,0.001207,2.289189,0.000000,0.000000,2.420972,0.012454,1.665622,0.206491,0.000000,1.860461
554,0,0.000000,2.040180,0.181996,0.001126,2.205952,0.000000,0.000000,2.354481,0.009255,1.623898,0.175559,0.000000,1.801102
555,0,0.000000,2.067183,0.219885,0.001110,2.252583,0.000000,0.000000,2.363172,0.008783,1.582761,0.212579,0.000000,1.797394
556,0,0.000000,2.036273,0.048296,0.001435,2.077517,0.000000,0.000000,2.390316,0.008784,1.726374,0.045839,0.000000,1.735099
557,0,0.000000,2.184795,0.043077,0.001411,2.222003,0.000000,0.000000,2.355788,0.009991,1.422825,0.030348,0.000000,1.454839
558,0,0.000000,2.001897,0.036668,0.001030,2.037132,0.000000,0.000000,2.197791,0.011804,1.433964,0.064710,0.000000,1.500061
559,0,0.000000,1.936640,0.065418,0.001222,2.003157,0.000000,0.000000,2.099779,0.009139,1.523342,0.058627,0.000000,1.533888
560,0,0.000000,1.970357,0.110496,0.001166,2.079059,0.000000,0.000000,2.192427,0.043009,1.500350,0.115266,0.000000,1.656605
561,0,0.000000,1.927679,0.073401,0.000901,2.001981,0.000000,0.000000,2.161097,0.007976,1.468754,0.024736,0.000000,1.498713
562,0,0.000000,1.920854,0.128737,0.001118,2.022899,0.000000,0.000000,2.153062,0.020138,1.443508,0.125139,0.000000,1.559003
563,0,0.000000,1.964052,0.046559,0.001454,1.999399,0.000000,0.000000,2.134900,0.008078,1.474760,0.038709,0.000000,1.517950
564,0,0.000000,1.980450,0.036892,0.001280,2.011894,0.000000,0.000000,2.112466,0.008637,1.431117,0.022712,0.000000,1.458466
565,0,0.000000,1.923454,0.036546,0.000917,1.960917,0.000000,0.000000,2.067840,0.008240,1.475312,0.060282,0.000000,1.540703
566,0,0.000000,1.974564,0.062908,0.001013,2.022869,0.000000,0.000000,2.108021,0.008418,1.474716,0.047087,0.000000,1.526630
567,0,0.000000,1.874501,0.127162,0.001043,1.982988,0.000000,0.000000,2.159110,0.007706,1.442741,0.050167,0.000000,1.497939
568,0,0.000000,1.799441,0.042216,0.000888,1.835085,0.000000,0.000000,1.918170,0.008260,1.344112,0.031428,0.000000,1.353651
569,0,0.000000,1.754057,0.149529,0.001021,1.880205,0.000000,0.000000,2.040444,0.007092,1.351911,0.118168,0.000000,1.474586
570,0,0.000000,1.802550,0.031115,0.000994,1.829743,0.000000,0.000000,2.010099,0.008895,1.387625,0.049542,0.000000,1.438490
571,0,0.000000,2.148972,0.050848,0.001218,2.179036,0.000000,0.000000,2.363109,0.019857,1.692943,0.024605,0.000000,1.736245
572,0,0.000000,2.033476,0.041434,0.001659,2.070683,0.000000,0.000000,2.224708,0.040603,1.576739,0.029735,0.000000,1.640801
573,0,0.000000,2.022631,0.041243,0.001595,2.060807,0.000000,0.000000,2.165737,0.010313,1.579871,0.029719,0.000000,1.617666
574,0,0.000000,1.989237,0.051637,0.001828,2.036597,0.000000,0.000000,2.141815,0.009488,1.529680,0.037976,0.000000,1.572433
575,0,0.000000,2.075431,0.043382,0.001547,2.115129,0.000000,0.000000,2.259521,0.010904,1.648922,0.031893,0.000000,1.687847
576,0,0.000000,1.988356,0.057778,0.001869,2.043217,0.000000,0.000000,2.163211,0.010384,1.542327,0.079419,0.000000,1.628130
577,0,0.000000,2.126709,0.053756,0.002320,2.177764,0.000000,0.000000,2.268645,0.008973,1.648073,0.040922,0.000000,1.689778
578,0,0.000000,2.014399,0.039561,0.001716,2.047699,0.000000,0.000000,2.215569,0.012075,1.399497,0.062363,0.000000,1.469217
579,0,0.000000,2.014874,0.060714,0.001251,2.076635,0.000000,0.000000,2.211552,0.024712,1.369995,0.048862,0.000000,1.440615
580,0,0.000000,1.907155,0.050019,0.001590,1.958106,0.000000,0.000000,2.130743,0.009695,1.289643,0.043448,0.000000,1.339544
581,0,0.000000,1.914304,0.124187,0.001021,2.039512,0.000000,0.000000,2.156062,0.010817,1.285096,0.112831,0.000000,1.407661
582,0,0.000000,1.956774,0.063387,0.002156,1.998365,0.000000,0.000000,2.165363,0.008856,1.325325,0.057150,0.000000,1.389528
583,0,0.000000,1.825542,0.049480,0.001930,1.875791,0.000000,0.000000,1.988415,0.009843,1.213611,0.061034,0.000000,1.282732
584,0,0.000000,1.845804,0.054985,0.001053,1.897143,0.000000,0.000000,2.035295,0.010424,1.248552,0.039518,0.000000,1.287065
585,0,0.000000,1.862625,0.062637,0.000949,1.910703,0.000000,0.000000,2.045017,0.009550,1.253890,0.053856,0.000000,1.310342
586,0,0.000000,1.957237,0.030922,0.000946,1.988130,0.000000,0.000000,2.105066,0.010526,1.283766,0.062073,0.000000,1.348067
587,0,0.000000,2.004833,0.170565,0.000912,2.117489,0.000000,0.000000,2.300287,0.010409,1.348494,0.164256,0.000000,1.511919
588,0,0.000000,1.902834,0.226670,0.000863,2.070450,0.000000,0.000000,2.314111,0.009942,1.278968,0.217700,0.000000,1.503833
589,0,0.000000,1.934530,0.062140,0.000970,1.962886,0.000000,0.000000,2.099629,0.009356,1.242192,0.090504,0.000000,1.327059
590,0,0.000000,1.832387,0.087759,0.000928,1.904714,0.000000,0.000000,2.041298,0.009881,1.165918,0.078418,0.000000,1.252922
591,0,0.000000,1.857079,0.087406,0.001449,1.910922,0.000000,0.000000,2.099025,0.009398,1.188519,0.086926,0.000000,1.256185
592,0,0.000000,1.983286,0.217941,0.001208,2.031101,0.000000,0.000000,2.387875,0.028425,1.282969,0.256854,0.000000,1.557251
593,0,0.000000,1.925124,0.207542,0.002111,2.131725,0.000000,0.000000,2.294992,0.011079,1.410377,0.201452,0.000000,1.619633
594,0,0.000000,1.931596,0.094490,0.001153,1.971350,0.000000,0.000000,2.145569,0.011413,1.315598,0.121857,0.000000,1.441487
595,0,0.000000,1.934590,0.216106,0.000907,2.125195,0.000000,0.000000,2.315827,0.011028,1.335410,0.205164,0.000000,1.548958
596,0,0.000000,1.749293,0.197548,0.001297,1.901605,0.000000,0.000000,2.054330,0.009401,1.122087,0.191986,0.000000,1.318575
597,0,0.000000,1.744831,0.200241,0.000856,1.924350,0.000000,0.000000,2.109214,0.010360,1.182804,0.191749,0.000000,1.382196
598,0,0.000000,1.552831,0.030773,0.000652,1.583809,0.000000,0.000000,1.694895,0.009849,0.943477,0.019057,0.000000,0.959826
599,0,0.000000,1.790327,0.199082,0.001048,1.962365,0.000000,0.000000,2.065279,0.008391,1.069256,0.189779,0.000000,1.258517
600,0,0.000000,1.679828,0.148149,0.001048,1.800585,0.000000,0.000000,1.905914,0.008236,0.950753,0.139562,0.000000,1.092229
601,0,0.000000,1.832521,0.210539,0.001070,1.995874,0.000000,0.000000,2.125537,0.007932,1.204678,0.201398,0.000000,1.411289
602,0,0.000000,1.725251,0.164287,0.000861,1.821083,0.000000,0.000000,1.959321,0.008792,0.987298,0.156568,0.000000,1.131914
603,0,0.000000,1.781868,0.060836,0.000875,1.808254,0.000000,0.000000,2.010817,0.023495,1.091100,0.073285,0.000000,1.178136
604,0,0.000000,1.827008,0.121883,0.000996,1.934292,0.000000,0.000000,2.024354,0.009372,1.081255,0.113330,0.000000,1.194157
605,0,0.000000,1.913860,0.113494,0.001254,2.025336,0.000000,0.000000,2.113801,0.009357,1.204887,0.102920,0.000000,1.310976
606,0,0.000000,1.920751,0.043102,0.001217,1.961446,0.000000,0.000000,2.090483,0.009354,1.238141,0.039192,0.000000,1.249461
607,0,0.000000,1.897429,0.040159,0.001496,1.933856,0.000000,0.000000,2.084407,0.009308,1.462444,0.035442,0.000000,1.498015
608,0,0.000000,1.911911,0.140231,0.001036,2.008635,0.000000,0.000000,2.161569,0.011002,1.476028,0.133059,0.000000,1.618863
609,0,0.000000,1.938512,0.108933,0.001062,1.999684,0.000000,0.000000,2.123846,0.010192,1.474012,0.104235,0.000000,1.583200
610,0,0.000000,1.883967,0.129357,0.001399,2.012710,0.000000,0.000000,2.139199,0.009298,1.425957,0.119350,0.000000,1.551308
611,0,0.000000,1.882689,0.130107,0.001169,1.985536,0.000000,0.000000,2.076461,0.008136,1.400792,0.122179,0.000000,1.527948
612,0,0.000000,1.826868,0.031769,0.001115,1.848098,0.000000,0.000000,1.963452,0.008007,1.365897,0.026062,0.000000,1.398786
613,0,0.000000,1.862529,0.039773,0.000890,1.882465,0.000000,0.000000,1.988771,0.008151,1.403216,0.020181,0.000000,1.417961
614,0,0.000000,1.755057,0.037323,0.000864,1.790706,0.000000,0.000000,1.885102,0.008865,0.997652,0.023153,0.000000,1.025537
615,0,0.000000,1.802468,0.152848,0.000831,1.923579,0.000000,0.000000,2.146604,0.008195,1.362141,0.131530,0.000000,1.499086
616,0,0.000000,1.684410,0.075162,0.000887,1.724068,0.000000,0.000000,1.869954,0.010116,1.179721,0.080160,0.000000,1.220559
617,0,0.000000,1.756066,0.089454,0.000804,1.810317,0.000000,0.000000,1.895906,0.012809,1.241150,0.039175,0.000000,1.277295
618,0,0.000000,1.720403,0.146420,0.000839,1.831035,0.000000,0.000000,2.041657,0.008524,1.343613,0.090324,0.000000,1.440631
619,0,0.000000,1.730939,0.179971,0.000821,1.880595,0.000000,0.000000,2.006111,0.009134,1.258881,0.055263,0.000000,1.319112
620,0,0.000000,1.709998,0.156399,0.000968,1.851702,0.000000,0.000000,2.046063,0.008858,1.316387,0.121343,0.000000,1.441031
621,0,0.000000,1.811344,0.076500,0.001501,1.885313,0.000000,0.000000,1.992507,0.009128,1.363956,0.056339,0.000000,1.381090
622,0,0.000000,1.698185,0.061904,0.001098,1.742114,0.000000,0.000000,1.872075,0.009725,1.251901,0.051941,0.000000,1.311854
623,0,0.000000,1.730113,0.160677,0.001195,1.847616,0.000000,0.000000,1.971900,0.009474,1.232855,0.145578,0.000000,1.374104
624,0,0.000000,1.666100,0.133764,0.001037,1.785969,0.000000,0.000000,1.928080,0.009008,1.211561,0.119669,0.000000,1.338139
625,0,0.000000,1.708918,0.117768,0.000977,1.788388,0.000000,0.000000,1.883775,0.008874,1.235722,0.104714,0.000000,1.323123
626,0,0.000000,1.661993,0.131264,0.000910,1.776932,0.000000,0.000000,2.041373,0.008985,1.201582,0.295187,0.000000,1.325764
627,0,0.000000,1.738541,0.194695,0.001070,1.891701,0.000000,0.000000,2.076949,0.011937,1.340529,0.184850,0.000000,1.535138
628,0,0.000000,1.667678,0.044432,0.001186,1.698067,0.000000,0.000000,1.887212,0.009239,1.284151,0.037545,0.000000,1.329755
629,0,0.000000,1.758721,0.084832,0.000816,1.842698,0.000000,0.000000,1.981602,0.010899,1.307840,0.034366,0.000000,1.351033
630,0,0.000000,1.632483,0.111938,0.000895,1.745316,0.000000,0.000000,1.862278,0.032733,1.163498,0.013117,0.000000,1.206891
631,0,0.000000,1.664692,0.105933,0.000963,1.763702,0.000000,0.000000,1.855166,0.008013,1.211271,0.041551,0.000000,1.226864
632,0,0.000000,1.608677,0.133911,0.000777,1.733449,0.000000,0.000000,1.948783,0.007719,1.264041,0.071462,0.000000,1.277477
633,0,0.000000,1.631110,0.102546,0.000945,1.666486,0.000000,0.000000,1.842695,0.009169,1.169501,0.104398,0.000000,1.201394
634,0,0.000000,1.616303,0.165184,0.000876,1.775321,0.000000,0.000000,1.905445,0.014657,1.154867,0.054936,0.000000,1.163803
635,0,0.000000,1.640388,0.099179,0.000959,1.735003,0.000000,0.000000,1.869591,0.007907,1.238405,0.056841,0.000000,1.249727
636,0,0.000000,1.594040,0.066169,0.000859,1.624071,0.000000,0.000000,1.814420,0.008175,1.146858,0.098701,0.000000,1.191516
637,0,0.000000,1.757601,0.051573,0.000860,1.802949,0.000000,0.000000,1.996535,0.007735,1.215703,0.036166,0.000000,1.226306
638,0,0.000000,1.625748,0.036973,0.000779,1.663500,0.000000,0.000000,1.784945,0.009503,1.175328,0.009769,0.000000,1.187447
639,0,0.000000,1.596806,0.064471,0.001084,1.661964,0.000000,0.000000,1.806273,0.007737,1.198695,0.006680,0.000000,1.211772
640,0,0.000000,1.654087,0.048101,0.000987,1.702967,0.000000,0.000000,1.772883,0.008067,1.142904,0.028358,0.000000,1.173330
641,0,0.000000,1.587447,0.093079,0.000745,1.681271,0.000000,0.000000,1.795752,0.007419,1.122891,0.021807,0.000000,1.136265
642,0,0.000000,1.686141,0.146440,0.000963,1.729927,0.000000,0.000000,1.901126,0.008379,1.189833,0.148024,0.000000,1.200902
643,0,0.000000,1.641844,0.105634,0.001127,1.740884,0.000000,0.000000,1.958095,0.010976,1.166954,0.015673,0.000000,1.191651
644,0,0.000000,1.714922,0.084665,0.001149,1.800334,0.000000,0.000000,1.966109,0.014583,1.294193,0.017346,0.000000,1.320279
645,0,0.000000,1.954719,0.050794,0.001703,2.006466,0.000000,0.000000,2.168502,0.007721,1.274521,0.042276,0.000000,1.322408
646,0,0.000000,1.847182,0.159349,0.001277,1.974259,0.000000,0.000000,2.065315,0.011014,1.098480,0.151742,0.000000,1.255676
647,0,0.000000,1.778010,0.179987,0.001075,1.933304,0.000000,0.000000,2.096239,0.030898,1.142242,0.153298,0.000000,1.300561
648,0,0.000000,1.817097,0.169643,0.001995,1.971904,0.000000,0.000000,2.075598,0.011440,1.145680,0.159191,0.000000,1.310965
649,0,0.000000,1.779153,0.138316,0.000944,1.918413,0.000000,0.000000,2.035562,0.027591,1.102650,0.122414,0.000000,1.229489
650,0,0.000000,1.804533,0.164753,0.001060,1.877804,0.000000,0.000000,2.094197,0.010679,1.118506,0.197592,0.000000,1.323808
651,0,0.000000,1.789877,0.215284,0.012671,2.000271,0.000000,0.000000,2.117494,0.010612,1.142479,0.206556,0.000000,1.355872
652,0,0.000000,1.714385,0.051782,0.001106,1.766926,0.000000,0.000000,1.976355,0.010805,1.106845,0.042344,0.000000,1.151577
653,0,0.000000,1.596219,0.028987,0.000881,1.619923,0.000000,0.000000,1.782109,0.011111,0.977633,0.060505,0.000000,1.047540
654,0,0.000000,1.690236,0.082737,0.001001,1.761131,0.000000,0.000000,1.859563,0.011276,1.078099,0.048706,0.000000,1.135607
655,0,0.000000,1.636184,0.140283,0.001086,1.664720,0.000000,0.000000,1.864905,0.008264,0.955351,0.160052,0.000000,1.122569
656,0,0.000000,1.674320,0.134031,0.000959,1.804748,0.000000,0.000000,1.885109,0.008712,0.956554,0.122317,0.000000,1.086519
657,0,0.000000,1.595833,0.055789,0.001107,1.652702,0.000000,0.000000,1.742199,0.007858,0.881663,0.068325,0.000000,0.941112
658,0,0.000000,1.666794,0.178732,0.001031,1.819839,0.000000,0.000000,1.945170,0.009861,0.992298,0.166570,0.000000,1.162005
659,0,0.000000,1.832122,0.081951,0.000758,1.905442,0.000000,0.000000,2.214263,0.008066,1.168835,0.214979,0.000000,1.346760
660,0,0.000000,1.755405,0.044740,0.000917,1.801062,0.000000,0.000000,2.070960,0.103501,0.818110,0.027815,0.000000,0.927027
661,0,0.000000,1.661142,0.067217,0.000814,1.729173,0.000000,0.000000,1.798658,0.009276,1.043713,0.042496,0.000000,1.091267
662,0,0.000000,1.608409,0.110304,0.000724,1.701718,0.000000,0.000000,1.872408,0.008618,1.085458,0.098145,0.000000,1.169622
663,0,0.000000,1.588750,0.149380,0.001005,1.658753,0.000000,0.000000,1.848846,0.008871,0.981780,0.176434,0.000000,1.164638
664,0,0.000000,1.624520,0.141462,0.001026,1.738038,0.000000,0.000000,1.880927,0.008777,1.031747,0.128618,0.000000,1.165103
665,0,0.000000,1.616711,0.078806,0.000869,1.696386,0.000000,0.000000,1.809039,0.009101,1.049358,0.067768,0.000000,1.122805
666,0,0.000000,1.686216,0.098698,0.001428,1.783059,0.000000,0.000000,1.912001,0.009130,1.087829,0.091544,0.000000,1.185008
667,0,0.000000,1.635876,0.137547,0.000886,1.769265,0.000000,0.000000,1.886021,0.009197,1.007660,0.129026,0.000000,1.144323
668,0,0.000000,1.985879,0.043930,0.000841,2.010843,0.000000,0.000000,2.254560,0.008672,1.377260,0.084823,0.000000,1.450914
669,0,0.000000,1.528873,0.038745,0.000704,1.564651,0.000000,0.000000,1.677675,0.010713,1.007841,0.030526,0.000000,1.028545
670,0,0.000000,1.576805,0.057625,0.000663,1.630375,0.000000,0.000000,1.751712,0.009237,1.107929,0.048111,0.000000,1.163423
671,0,0.000000,1.402924,0.080062,0.000592,1.476362,0.000000,0.000000,1.603421,0.012394,0.855998,0.107700,0.000000,0.973839
672,0,0.000000,1.602431,0.054805,0.000610,1.642349,0.000000,0.000000,1.764999,0.041395,1.107597,0.063184,0.000000,1.179051
673,0,0.000000,1.711363,0.085686,0.000659,1.793512,0.000000,0.000000,1.916170,0.009834,1.209300,0.075827,0.000000,1.293503
674,0,0.000000,1.817184,0.048063,0.001308,1.864205,0.000000,0.000000,2.123021,0.010479,1.307210,0.034893,0.000000,1.317207
675,0,0.000000,2.233097,0.049891,0.001919,2.257716,0.000000,0.000000,2.528930,0.010400,1.712263,0.070625,0.000000,1.762901
676,0,0.000000,1.832737,0.042364,0.001558,1.871805,0.000000,0.000000,2.019649,0.010768,1.387043,0.011556,0.000000,1.408028
677,0,0.000000,1.850530,0.049440,0.001304,1.877750,0.000000,0.000000,2.076134,0.011340,1.443565,0.030842,0.000000,1.484091
678,0,0.000000,1.789080,0.041539,0.001405,1.826241,0.000000,0.000000,1.966806,0.010894,1.367715,0.017809,0.000000,1.395413
679,0,0.000000,1.705788,0.078692,0.000856,1.769524,0.000000,0.000000,1.911402,0.010032,1.268969,0.063344,0.000000,1.281981
680,0,0.000000,1.778082,0.045846,0.001059,1.821656,0.000000,0.000000,1.938808,0.009886,1.308930,0.036861,0.000000,1.353329
681,0,0.000000,1.790656,0.115204,0.001378,1.890890,0.000000,0.000000,2.043618,0.009516,1.336815,0.020809,0.000000,1.364682
682,0,0.000000,1.728025,0.062949,0.001174,1.791198,0.000000,0.000000,1.952651,0.009545,1.297693,0.070218,0.000000,1.309976
683,0,0.000000,1.762895,0.078029,0.001073,1.828385,0.000000,0.000000,1.941963,0.011235,1.314904,0.024510,0.000000,1.338574
684,0,0.000000,1.877004,0.055818,0.002320,1.931004,0.000000,0.000000,2.092229,0.033471,1.330682,0.039740,0.000000,1.399652
685,0,0.000000,2.090472,0.061778,0.002085,2.144862,0.000000,0.000000,2.382324,0.033278,1.624159,0.049283,0.000000,1.682971
686,0,0.000000,2.064004,0.044387,0.001744,2.104591,0.000000,0.000000,2.235543,0.012122,1.532284,0.072897,0.000000,1.590726
687,0,0.000000,2.003155,0.074493,0.001834,2.067586,0.000000,0.000000,2.246595,0.011381,1.559568,0.067933,0.000000,1.637832
688,0,0.000000,2.123095,0.058378,0.000969,2.166581,0.000000,0.000000,2.301147,0.035542,1.564254,0.049418,0.000000,1.607784
689,0,0.000000,1.946318,0.045592,0.001341,1.978812,0.000000,0.000000,2.109300,0.012210,1.228822,0.088849,0.000000,1.324023
690,0,0.000000,1.981632,0.054115,0.001005,2.020102,0.000000,0.000000,2.225530,0.010448,1.320578,0.093749,0.000000,1.418601
691,0,0.000000,1.778585,0.091835,0.001068,1.868722,0.000000,0.000000,1.956125,0.010456,1.084938,0.079854,0.000000,1.173596
692,0,0.000000,1.783886,0.077812,0.001119,1.815827,0.000000,0.000000,1.972611,0.009558,1.063699,0.101115,0.000000,1.163843
693,0,0.000000,1.712776,0.037032,0.001351,1.749861,0.000000,0.000000,1.875443,0.009724,1.041040,0.028108,0.000000,1.075447
694,0,0.000000,1.745413,0.033902,0.000825,1.769549,0.000000,0.000000,1.906744,0.009630,1.030966,0.061398,0.000000,1.098284
695,0,0.000000,1.854679,0.092626,0.001528,1.946314,0.000000,0.000000,2.075525,0.008949,1.209536,0.085357,0.000000,1.301244
696,0,0.000000,1.828918,0.188263,0.000808,1.872849,0.000000,0.000000,2.113982,0.008735,1.167945,0.212345,0.000000,1.366231
697,0,0.000000,2.491374,0.072605,0.001190,2.504635,0.000000,0.000000,2.944491,0.008489,2.044520,0.293909,0.000000,2.113745
698,0,0.000000,1.960695,0.044896,0.001172,1.994843,0.000000,0.000000,2.241722,0.010823,1.455002,0.038355,0.000000,1.501508
699,0,0.000000,1.996663,0.090003,0.001031,2.074303,0.000000,0.000000,2.218530,0.009709,1.340931,0.118799,0.000000,1.466297
700,0,0.000000,1.900969,0.098541,0.001016,1.977163,0.000000,0.000000,2.058568,0.010009,1.201109,0.091376,0.000000,1.298826
701,0,0.000000,1.973226,0.123112,0.001028,2.068729,0.000000,0.000000,2.242986,0.009032,1.327172,0.127428,0.000000,1.457681
702,0,0.000000,1.877679,0.067485,0.001184,1.929485,0.000000,0.000000,2.096363,0.009524,1.265206,0.058255,0.000000,1.330216
703,0,0.000000,1.937025,0.041689,0.001021,1.967427,0.000000,0.000000,2.092691,0.009947,1.222317,0.076447,0.000000,1.303184
704,0,0.000000,2.696162,0.062550,0.001235,2.759877,0.000000,0.000000,2.955271,0.010072,1.987520,0.048113,0.000000,2.018576
705,0,0.000000,1.981846,0.036583,0.001259,2.018423,0.000000,0.000000,2.900518,0.013571,2.087726,0.039879,0.000000,2.133015
706,0,0.000000,1.999286,0.084277,0.001207,2.067061,0.000000,0.000000,2.202940,0.011252,1.384732,0.093237,0.000000,1.487605
707,0,0.000000,1.887133,0.029862,0.001535,1.916428,0.000000,0.000000,2.211924,0.009862,1.261326,0.238323,0.000000,1.506587
708,0,0.000000,1.883505,0.083834,0.001510,1.965595,0.000000,0.000000,2.103492,0.010602,1.312614,0.073827,0.000000,1.394619
709,0,0.000000,1.876182,0.085258,0.001132,1.910910,0.000000,0.000000,2.112046,0.032232,1.296094,0.108920,0.000000,1.411545
710,0,0.000000,1.891371,0.159144,0.001496,2.050242,0.000000,0.000000,2.168997,0.010095,1.308230,0.148156,0.000000,1.460861
711,0,0.000000,1.896833,0.155258,0.001086,2.039187,0.000000,0.000000,2.181730,0.008738,1.311750,0.146897,0.000000,1.464956
712,0,0.000000,1.842579,0.078919,0.001186,1.915810,0.000000,0.000000,2.025693,0.010007,1.219323,0.082219,0.000000,1.308219
713,0,0.000000,1.888154,0.176786,0.000992,2.032991,0.000000,0.000000,2.177811,0.010259,1.284708,0.175915,0.000000,1.468516
714,0,0.000000,1.878892,0.060907,0.001161,1.929916,0.000000,0.000000,2.147878,0.009631,1.320696,0.052836,0.000000,1.380611
715,0,0.000000,1.878335,0.126318,0.001229,1.973793,0.000000,0.000000,2.117211,0.009627,1.238317,0.149462,0.000000,1.395986
716,0,0.000000,1.935294,0.039167,0.001432,1.970751,0.000000,0.000000,2.095175,0.009935,1.309946,0.056388,0.000000,1.373788
717,0,0.000000,1.815780,0.043186,0.001153,1.858756,0.000000,0.000000,2.032408,0.008998,1.199290,0.030619,0.000000,1.235353
718,0,0.000000,2.014322,0.030318,0.000837,2.041718,0.000000,0.000000,2.199743,0.011778,1.194079,0.094708,0.000000,1.297887
719,0,0.000000,2.031885,0.051379,0.001278,2.057514,0.000000,0.000000,2.196867,0.012093,1.119680,0.028729,0.000000,1.157323
720,0,0.000000,1.905045,0.057693,0.001056,1.931526,0.000000,0.000000,2.077516,0.076019,1.210125,0.067061,0.000000,1.338788
721,0,0.000000,1.963223,0.193007,0.000935,2.142445,0.000000,0.000000,2.298820,0.011886,1.450338,0.183779,0.000000,1.643309
722,0,0.000000,1.934443,0.181114,0.000749,1.963117,0.000000,0.000000,2.234255,0.011250,1.422958,0.211538,0.000000,1.644423
723,0,0.000000,1.716852,0.202484,0.000891,1.782987,0.000000,0.000000,1.992854,0.010542,1.210978,0.197317,0.000000,1.415191
724,0,0.000000,1.822244,0.159033,0.000884,1.951119,0.000000,0.000000,2.144765,0.009778,1.420350,0.150348,0.000000,1.569176
725,0,0.000000,1.754484,0.091786,0.000910,1.788448,0.000000,0.000000,1.971709,0.009429,1.113022,0.118270,0.000000,1.236403
726,0,0.000000,1.759755,0.166147,0.000930,1.872815,0.000000,0.000000,2.054815,0.008821,1.150501,0.155461,0.000000,1.309031
727,0,0.000000,1.759661,0.133881,0.001004,1.849305,0.000000,0.000000,1.990968,0.008552,1.132710,0.126787,0.000000,1.264369
728,0,0.000000,1.639100,0.163147,0.000905,1.762607,0.000000,0.000000,1.940873,0.009143,1.061978,0.148573,0.000000,1.213731
729,0,0.000000,1.426651,0.090602,0.000689,1.466245,0.000000,0.000000,1.668085,0.008085,0.908909,0.112083,0.000000,1.004680
730,0,0.000000,1.460924,0.138685,0.000765,1.558146,0.000000,0.000000,1.685459,0.007628,0.913003,0.130145,0.000000,1.047215
731,0,0.000000,1.445593,0.131342,0.000814,1.496267,0.000000,0.000000,1.671786,0.007861,0.892961,0.149202,0.000000,1.037010
732,0,0.000000,1.693395,0.054641,0.001064,1.744855,0.000000,0.000000,1.857200,0.007499,1.064297,0.019407,0.000000,1.081526
733,0,0.000000,1.775406,0.088310,0.002491,1.828433,0.000000,0.000000,2.120341,0.009417,1.459166,0.068922,0.000000,1.531285
734,0,0.000000,1.829136,0.053810,0.002189,1.849690,0.000000,0.000000,2.009338,0.012267,1.423314,0.039778,0.000000,1.445603
735,0,0.000000,2.210264,0.073893,0.001302,2.267868,0.000000,0.000000,2.404727,0.012126,1.690097,0.065495,0.000000,1.763818
736,0,0.000000,2.040071,0.096832,0.002135,2.137750,0.000000,0.000000,2.286254,0.011812,1.482007,0.091164,0.000000,1.579608
737,0,0.000000,1.897956,0.047314,0.002183,1.939144,0.000000,0.000000,2.101693,0.031532,1.414782,0.072380,0.000000,1.477605
738,0,0.000000,1.869273,0.183606,0.001430,2.046570,0.000000,0.000000,2.156634,0.011391,1.416310,0.172903,0.000000,1.577741
739,0,0.000000,1.867457,0.114753,0.001287,1.977327,0.000000,0.000000,2.090731,0.011359,1.421564,0.095574,0.000000,1.526915
740,0,0.000000,1.968098,0.115215,0.001816,2.083367,0.000000,0.000000,2.223280,0.010633,1.503160,0.117971,0.000000,1.629744
741,0,0.000000,1.780958,0.069711,0.001852,1.846759,0.000000,0.000000,2.010797,0.012373,1.341044,0.058618,0.000000,1.405045
742,0,0.000000,1.839779,0.125755,0.001241,1.964214,0.000000,0.000000,2.108437,0.009337,1.408653,0.126259,0.000000,1.506566
743,0,0.000000,1.762361,0.138931,0.000915,1.887296,0.000000,0.000000,2.135818,0.009556,1.432703,0.121896,0.000000,1.557316
744,0,0.000000,1.761077,0.160153,0.001122,1.881574,0.000000,0.000000,2.059989,0.010647,1.295489,0.171261,0.000000,1.415581
745,0,0.000000,1.746794,0.046986,0.001932,1.790233,0.000000,0.000000,1.908990,0.008893,1.318238,0.036815,0.000000,1.349461
746,0,0.000000,1.875293,0.172180,0.001295,2.048291,0.000000,0.000000,2.199376,0.009279,1.472685,0.157897,0.000000,1.639640
747,0,0.000000,1.725404,0.035121,0.000943,1.761172,0.000000,0.000000,1.852615,0.008961,1.207472,0.045720,0.000000,1.243066
748,0,0.000000,1.770791,0.104809,0.000864,1.876305,0.000000,0.000000,1.999067,0.007906,1.327141,0.093020,0.000000,1.412236
749,0,0.000000,1.705620,0.066668,0.000860,1.771490,0.000000,0.000000,1.832301,0.008374,1.217341,0.057676,0.000000,1.282661
750,0,0.000000,1.761505,0.128085,0.000814,1.890316,0.000000,0.000000,2.014380,0.007693,1.259313,0.114681,0.000000,1.380608
751,0,0.000000,1.719462,0.102456,0.000828,1.822650,0.000000,0.000000,1.964583,0.008498,1.283771,0.095320,0.000000,1.382651
752,0,0.000000,1.712062,0.121195,0.000880,1.834110,0.000000,0.000000,1.934154,0.008250,1.255542,0.113962,0.000000,1.375648
753,0,0.000000,1.754152,0.100922,0.000832,1.848945,0.000000,0.000000,2.014950,0.009128,1.344243,0.075600,0.000000,1.417261
754,0,0.000000,1.748480,0.077255,0.000829,1.799815,0.000000,0.000000,2.029840,0.008030,1.305779,0.060285,0.000000,1.315199
755,0,0.000000,1.509931,0.128450,0.000896,1.626633,0.000000,0.000000,1.796085,0.008546,0.884525,0.178879,0.000000,1.037659
756,0,0.000000,1.454767,0.088840,0.000736,1.524547,0.000000,0.000000,1.645739,0.009037,0.826783,0.078107,0.000000,0.900301
757,0,0.000000,1.423790,0.067184,0.001256,1.452382,0.000000,0.000000,1.570854,0.007725,0.838776,0.058097,0.000000,0.902665
758,0,0.000000,1.495761,0.070031,0.000922,1.562191,0.000000,0.000000,1.645753,0.009028,0.871102,0.077696,0.000000,0.950081
759,0,0.000000,1.738709,0.113774,0.001199,1.818330,0.000000,0.000000,1.980365,0.009177,1.138783,0.103828,0.000000,1.245620
760,0,0.000000,1.736691,0.135815,0.001217,1.873287,0.000000,0.000000,1.965520,0.009169,1.146692,0.132292,0.000000,1.283686
761,0,0.000000,1.762359,0.035605,0.001412,1.791039,0.000000,0.000000,1.943971,0.009293,1.182537,0.022197,0.000000,1.210121
762,0,0.000000,1.867093,0.054064,0.001465,1.900543,0.000000,0.000000,2.102164,0.008725,1.318548,0.051089,0.000000,1.366504
763,0,0.000000,1.796493,0.079739,0.000926,1.869682,0.000000,0.000000,2.065428,0.009611,1.218177,0.071338,0.000000,1.296150
764,0,0.000000,1.723635,0.070027,0.000925,1.775677,0.000000,0.000000,1.959421,0.009340,1.094486,0.091780,0.000000,1.192356
765,0,0.000000,1.795050,0.062970,0.000890,1.855149,0.000000,0.000000,2.000223,0.008808,1.201443,0.055428,0.000000,1.262827
766,0,0.000000,1.716772,0.042109,0.001005,1.745578,0.000000,0.000000,1.892006,0.008795,1.119192,0.060904,0.000000,1.185999
767,0,0.000000,1.727980,0.086301,0.001385,1.805333,0.000000,0.000000,1.941379,0.009011,1.139503,0.078584,0.000000,1.224245
768,0,0.000000,1.737869,0.089535,0.000889,1.801427,0.000000,0.000000,1.996253,0.008577,1.179838,0.080859,0.000000,1.267288
769,0,0.000000,1.889069,0.038560,0.001089,1.926784,0.000000,0.000000,2.139055,0.010475,1.339716,0.029229,0.000000,1.371514
770,0,0.000000,1.903554,0.074746,0.000830,1.979130,0.000000,0.000000,2.120868,0.008709,1.430926,0.068177,0.000000,1.504580
771,0,0.000000,1.800502,0.083542,0.000865,1.877638,0.000000,0.000000,1.979470,0.008833,1.291110,0.066401,0.000000,1.364635
772,0,0.000000,1.782058,0.070069,0.001336,1.847854,0.000000,0.000000,1.920475,0.007050,1.283505,0.059427,0.000000,1.327596
773,0,0.000000,1.724616,0.116552,0.000966,1.823699,0.000000,0.000000,1.952806,0.008509,1.289523,0.090700,0.000000,1.387114
774,0,0.000000,1.729783,0.132925,0.000795,1.863503,0.000000,0.000000,2.048884,0.007184,1.375805,0.127455,0.000000,1.508049
775,0,0.000000,1.737629,0.062667,0.001362,1.769010,0.000000,0.000000,1.896607,0.008920,1.243679,0.062074,0.000000,1.275108
776,0,0.000000,1.734261,0.112418,0.000828,1.844883,0.000000,0.000000,1.903788,0.007141,1.257730,0.104856,0.000000,1.352319
777,0,0.000000,1.990806,0.047548,0.001059,2.031538,0.000000,0.000000,2.121504,0.007882,1.497422,0.028477,0.000000,1.510530
778,0,0.000000,1.960224,0.178630,0.000976,2.114057,0.000000,0.000000,2.296635,0.010939,1.444566,0.168726,0.000000,1.618423
779,0,0.000000,1.950535,0.153782,0.000969,2.087140,0.000000,0.000000,2.258389,0.009949,1.423455,0.146475,0.000000,1.558793
780,0,0.000000,1.913731,0.127920,0.000864,1.959802,0.000000,0.000000,2.170855,0.009893,1.367439,0.165729,0.000000,1.538432
781,0,0.000000,1.935790,0.178083,0.001023,2.082017,0.000000,0.000000,2.244677,0.009716,1.399678,0.170476,0.000000,1.575595
782,0,0.000000,1.941155,0.175358,0.001217,2.021685,0.000000,0.000000,2.275117,0.016475,1.456041,0.200537,0.000000,1.656793
783,0,0.000000,1.898965,0.075010,0.001017,1.925366,0.000000,0.000000,2.046701,0.010004,1.349300,0.072723,0.000000,1.427915
784,0,0.000000,1.991005,0.180758,0.000963,2.152691,0.000000,0.000000,2.282947,0.011613,1.416777,0.170398,0.000000,1.590702
785,0,0.000000,1.914972,0.149330,0.001051,2.035416,0.000000,0.000000,2.246916,0.009738,1.413761,0.145651,0.000000,1.553979
786,0,0.000000,1.928626,0.110690,0.001325,1.966965,0.000000,0.000000,2.161206,0.010229,1.348309,0.142366,0.000000,1.495666
787,0,0.000000,1.784501,0.082761,0.001402,1.858673,0.000000,0.000000,1.965250,0.010417,1.237363,0.075302,0.000000,1.319544
788,0,0.000000,1.725007,0.140399,0.001130,1.830558,0.000000,0.000000,1.992531,0.008933,1.190650,0.164077,0.000000,1.353249
789,0,0.000000,1.713444,0.133648,0.000935,1.837274,0.000000,0.000000,1.940185,0.008928,1.164427,0.129689,0.000000,1.301146
790,0,0.000000,1.715213,0.128833,0.000939,1.825916,0.000000,0.000000,1.987915,0.025467,1.227203,0.118609,0.000000,1.362394
791,0,0.000000,1.795726,0.119753,0.001112,1.911368,0.000000,0.000000,2.044671,0.008634,1.289933,0.110604,0.000000,1.407058
792,0,0.000000,1.716435,0.123922,0.000902,1.792994,0.000000,0.000000,1.953013,0.009879,1.166187,0.156869,0.000000,1.330419
793,0,0.000000,1.715436,0.059094,0.001071,1.775319,0.000000,0.000000,1.837021,0.008991,1.148154,0.053328,0.000000,1.188416
794,0,0.000000,1.743690,0.166258,0.000853,1.868132,0.000000,0.000000,2.039458,0.015720,1.248183,0.157716,0.000000,1.409417
795,0,0.000000,1.710664,0.068491,0.001689,1.780228,0.000000,0.000000,1.922352,0.008820,1.242584,0.062347,0.000000,1.293961
796,0,0.000000,1.758451,0.127665,0.000940,1.861662,0.000000,0.000000,2.060571,0.010236,1.265251,0.164050,0.000000,1.427368
797,0,0.000000,1.726975,0.127738,0.000995,1.855708,0.000000,0.000000,2.070746,0.009074,1.293394,0.147654,0.000000,1.446504
798,0,0.000000,1.914486,0.088465,0.001242,2.001998,0.000000,0.000000,2.233378,0.008944,1.376202,0.077899,0.000000,1.437799
799,0,0.000000,1.918208,0.109141,0.000787,1.952228,0.000000,0.000000,2.170513,0.009972,1.253235,0.130473,0.000000,1.388829
800,0,0.000000,1.866540,0.056598,0.001207,1.910871,0.000000,0.000000,2.055773,0.008877,1.235857,0.064866,0.000000,1.309117
801,0,0.000000,1.977925,0.050155,0.001224,2.028808,0.000000,0.000000,2.194059,0.009571,1.366576,0.062822,0.000000,1.437729
802,0,0.000000,1.812950,0.101803,0.001904,1.902905,0.000000,0.000000,2.090514,0.010446,1.367633,0.094295,0.000000,1.471170
803,0,0.000000,2.027272,0.066953,0.001193,2.073912,0.000000,0.000000,2.236512,0.011595,1.388417,0.104191,0.000000,1.496581
804,0,0.000000,1.722102,0.086037,0.001311,1.807868,0.000000,0.000000,1.909274,0.009576,1.193525,0.078677,0.000000,1.277702
805,0,0.000000,1.881768,0.048123,0.001029,1.930637,0.000000,0.000000,2.141769,0.009436,1.468500,0.078163,0.000000,1.535306
806,0,0.000000,1.738191,0.059142,0.001107,1.797729,0.000000,0.000000,1.973481,0.009276,1.102928,0.051519,0.000000,1.163196
807,0,0.000000,1.738719,0.102309,0.001301,1.772456,0.000000,0.000000,1.972147,0.017748,1.008436,0.131128,0.000000,1.142473
808,0,0.000000,1.726815,0.108351,0.000960,1.832918,0.000000,0.000000,1.971551,0.009011,1.189727,0.099789,0.000000,1.295963
809,0,0.000000,1.739864,0.118905,0.000877,1.853075,0.000000,0.000000,1.960458,0.008383,1.184856,0.109034,0.000000,1.299641
810,0,0.000000,1.700096,0.162203,0.000932,1.839821,0.000000,0.000000,1.960625,0.008732,1.094357,0.152635,0.000000,1.252895
811,0,0.000000,1.734113,0.183651,0.000902,1.865595,0.000000,0.000000,2.104582,0.008650,1.182337,0.170822,0.000000,1.359613
812,0,0.000000,1.704516,0.063871,0.001256,1.756437,0.000000,0.000000,2.018038,0.009048,1.067886,0.138104,0.000000,1.212322
813,0,0.000000,1.403911,0.028666,0.000768,1.421148,0.000000,0.000000,1.531181,0.009292,0.727122,0.020633,0.000000,0.736514
814,0,0.000000,1.478942,0.044926,0.001089,1.518469,0.000000,0.000000,1.606197,0.008347,0.769459,0.008625,0.000000,0.782583
815,0,0.000000,1.515432,0.044094,0.001345,1.552664,0.000000,0.000000,1.671726,0.007478,0.958480,0.016062,0.000000,0.978881
816,0,0.000000,1.603318,0.059744,0.000993,1.647424,0.000000,0.000000,1.758835,0.009335,0.978656,0.010339,0.000000,0.989103
817,0,0.000000,2.021883,0.071931,0.001089,2.088724,0.000000,0.000000,2.250681,0.008881,1.477368,0.027576,0.000000,1.511955
818,0,0.000000,1.530329,0.106445,0.000765,1.605582,0.000000,0.000000,1.689154,0.009772,0.971141,0.045418,0.000000,0.983020
819,0,0.000000,1.494785,0.068140,0.000942,1.555210,0.000000,0.000000,1.647604,0.007055,0.936089,0.009465,0.000000,0.946455
820,0,0.000000,1.683528,0.115271,0.000899,1.764093,0.000000,0.000000,1.864780,0.008747,1.146794,0.038350,0.000000,1.160983
821,0,0.000000,1.661192,0.134227,0.000983,1.770601,0.000000,0.000000,1.896259,0.007712,1.146954,0.026172,0.000000,1.161229
822,0,0.000000,1.958853,0.073082,0.001332,2.028599,0.000000,0.000000,2.170538,0.008316,1.257852,0.059036,0.000000,1.294364
823,0,0.000000,1.897395,0.044618,0.001590,1.936174,0.000000,0.000000,2.018886,0.008850,1.354078,0.033870,0.000000,1.395159
824,0,0.000000,1.905165,0.159822,0.001024,2.001830,0.000000,0.000000,2.121835,0.008571,1.409928,0.141064,0.000000,1.557950
825,0,0.000000,1.878552,0.156215,0.001054,2.004913,0.000000,0.000000,2.104113,0.007729,1.409146,0.141766,0.000000,1.557406
826,0,0.000000,1.904421,0.171829,0.001036,2.041374,0.000000,0.000000,2.167381,0.008096,1.429443,0.155246,0.000000,1.590524
827,0,0.000000,1.893046,0.098532,0.001483,1.977489,0.000000,0.000000,2.089281,0.008203,1.427038,0.087176,0.000000,1.519934
828,0,0.000000,1.853760,0.114420,0.000938,1.914853,0.000000,0.000000,2.059296,0.008233,1.333381,0.096774,0.000000,1.437224
829,0,0.000000,1.811111,0.042505,0.001058,1.844320,0.000000,0.000000,1.978617,0.007641,1.327918,0.023013,0.000000,1.344934
830,0,0.000000,1.836602,0.051937,0.001125,1.871308,0.000000,0.000000,1.991697,0.008998,1.293570,0.023998,0.000000,1.320794
831,0,0.000000,1.791999,0.039891,0.001481,1.828438,0.000000,0.000000,1.964525,0.010070,1.270543,0.032418,0.000000,1.285064
832,0,0.000000,1.864309,0.086016,0.001892,1.948836,0.000000,0.000000,2.047028,0.010413,1.211759,0.076209,0.000000,1.295848
833,0,0.000000,2.013975,0.086115,0.001402,2.100899,0.000000,0.000000,2.220543,0.010359,1.277633,0.079822,0.000000,1.365042
834,0,0.000000,1.927591,0.099118,0.002073,2.022999,0.000000,0.000000,2.126189,0.010234,1.197735,0.089979,0.000000,1.294430
835,0,0.000000,1.943013,0.178248,0.001149,2.071740,0.000000,0.000000,2.212869,0.009574,1.200926,0.160742,0.000000,1.369588
836,0,0.000000,1.926148,0.061083,0.002482,1.979825,0.000000,0.000000,2.100300,0.009523,1.205391,0.055178,0.000000,1.269229
837,0,0.000000,1.788522,0.165488,0.001063,1.896608,0.000000,0.000000,2.039813,0.010940,1.042700,0.157475,0.000000,1.206820
838,0,0.000000,1.737838,0.199462,0.001185,1.873940,0.000000,0.000000,2.032629,0.008873,1.018329,0.187681,0.000000,1.214046
839,0,0.000000,1.745228,0.203626,0.001080,1.888122,0.000000,0.000000,2.073374,0.008876,1.058512,0.192887,0.000000,1.259247
840,0,0.000000,1.735362,0.212685,0.000973,1.881145,0.000000,0.000000,2.030860,0.009376,1.008144,0.201789,0.000000,1.218497
841,0,0.000000,1.762227,0.210161,0.001104,1.914440,0.000000,0.000000,2.097857,0.009425,1.075665,0.197631,0.000000,1.280051
842,0,0.000000,1.729646,0.161922,0.001022,1.863100,0.000000,0.000000,2.064847,0.009365,1.061555,0.155146,0.000000,1.222682
843,0,0.000000,1.748485,0.189601,0.001142,1.889328,0.000000,0.000000,2.048377,0.009910,1.065752,0.175285,0.000000,1.248275
844,0,0.000000,1.839786,0.138663,0.001083,1.979215,0.000000,0.000000,2.137015,0.009351,1.197777,0.123373,0.000000,1.312176
845,0,0.000000,1.802591,0.095674,0.000940,1.849395,0.000000,0.000000,2.037619,0.008721,1.381989,0.148311,0.000000,1.530013
846,0,0.000000,1.693040,0.095829,0.000894,1.743424,0.000000,0.000000,1.895920,0.009195,1.321133,0.088219,0.000000,1.409690
847,0,0.000000,1.735393,0.160112,0.001341,1.809016,0.000000,0.000000,2.036109,0.026816,1.314274,0.186298,0.000000,1.502470
848,0,0.000000,1.682138,0.152487,0.000933,1.808537,0.000000,0.000000,1.946253,0.008565,1.243151,0.144358,0.000000,1.388022
849,0,0.000000,1.742744,0.197458,0.001027,1.819742,0.000000,0.000000,2.049646,0.008636,1.292467,0.222894,0.000000,1.518018
850,1,0.000000,1.701791,0.100582,0.000948,1.784465,0.000000,0.000000,1.907219,0.008721,1.260850,0.092215,0.000000,1.350725
851,1,0.000000,1.735157,0.185032,0.000967,1.842329,0.000000,0.000000,2.050011,0.008785,1.278123,0.175301,0.000000,1.451302
852,1,0.000000,1.853715,0.059573,0.000963,1.893509,0.000000,0.000000,2.038717,0.011183,1.121213,0.049574,0.000000,1.155366
853,1,0.000000,1.718619,0.060780,0.001254,1.771207,0.000000,0.000000,1.885297,0.008820,1.110980,0.051767,0.000000,1.166120
854,1,0.000000,1.692677,0.048112,0.000986,1.728505,0.000000,0.000000,2.003241,0.008258,1.252739,0.059994,0.000000,1.315311
855,2,0.000000,1.842554,0.065612,0.001662,1.908131,0.000000,0.000000,2.167336,0.009592,1.234000,0.227060,0.000000,1.460358
856,2,0.000000,1.887128,0.040341,0.001265,1.927688,0.000000,0.000000,2.049126,0.009919,1.366464,0.034387,0.000000,1.410159
857,2,0.000000,1.757633,0.041170,0.001002,1.799805,0.000000,0.000000,1.898885,0.009472,1.141389,0.031570,0.000000,1.175555
858,2,0.000000,1.691154,0.059226,0.002292,1.748706,0.000000,0.000000,1.835508,0.008710,1.092175,0.049541,0.000000,1.126133
859,2,0.000000,2.089301,0.041100,0.001230,2.123759,0.000000,0.000000,2.276952,0.011503,1.528364,0.040788,0.000000,1.574291
860,2,0.000000,2.020032,0.033271,0.000875,2.054073,0.000000,0.000000,2.142263,0.008667,1.620710,0.037152,0.000000,1.654339
