iteration,food_quantity,event_poll_ms,ants_advance_ms,evaporation_ms,update_ms,advance_total_ms,render_ms,blit_ms,iteration_total_ms
1,0,0.669351,5.345884,0.171306,0.007252,5.524442,19.552717,16.682463,42.429661
2,0,0.022332,2.735455,0.075652,0.007824,2.818931,12.085549,15.548648,30.476136
3,0,0.023180,2.005747,0.115193,0.006765,2.127705,13.082821,15.078942,30.313308
4,0,0.021322,1.913490,0.078357,0.006999,1.998846,13.141314,15.579364,30.741316
5,0,0.019959,1.982563,0.065030,0.008628,2.056221,13.290871,15.554726,30.922348
6,0,0.020546,2.790258,0.074360,0.008429,2.873047,11.902913,15.495585,30.292606
7,0,0.020057,2.176137,0.076414,0.008482,2.261033,13.639363,15.575883,31.496773
8,0,0.029194,2.164476,0.078436,0.007979,2.250891,12.063299,15.576093,29.920125
9,0,0.022512,2.088061,0.074172,0.008095,2.170328,13.357405,15.683760,31.234551
10,0,0.020222,2.246525,0.078101,0.008926,2.333552,12.166608,15.725604,30.246549
11,0,0.020605,2.096951,0.065004,0.008521,2.170476,12.818732,15.680887,30.691631
12,0,0.020936,2.239870,0.132731,0.009408,2.382009,13.060011,15.657652,31.121101
13,0,0.021865,2.106189,0.077339,0.008255,2.191783,12.930656,15.545465,30.690300
14,0,0.023735,2.040002,0.080366,0.008072,2.128440,12.847104,15.583523,30.583192
15,0,0.019732,2.022088,0.075846,0.008278,2.106212,12.849248,15.616850,30.592659
16,0,0.022425,2.365180,0.079137,0.007417,2.451734,12.732815,15.814267,31.021736
17,0,0.028636,2.231123,0.072562,0.008972,2.312657,13.052297,15.544998,30.939217
18,0,0.024438,1.923548,0.063965,0.008391,1.995904,12.318452,16.582992,30.922360
19,0,0.023112,3.108164,0.088839,0.009284,3.206287,10.876133,15.631865,29.738152
20,0,0.022842,2.145735,0.074931,0.009367,2.230033,13.142677,15.928024,31.324225
21,0,0.018457,2.342916,0.080204,0.008050,2.431170,12.941014,15.589731,30.980811
22,0,0.019147,2.114490,0.103063,0.007914,2.225467,11.944868,16.525064,30.715088
23,0,0.019404,1.830837,0.093299,0.007576,1.931712,12.770521,15.576053,30.298102
24,0,0.019153,2.158302,0.071749,0.008917,2.238968,12.906059,15.501559,30.666432
25,0,0.018590,2.183200,0.078057,0.008552,2.269809,13.094810,15.485674,30.869287
26,0,0.018828,2.000076,0.087230,0.007042,2.094348,12.071861,15.502490,29.687928
27,0,0.019261,2.177062,0.075242,0.008239,2.260543,12.660453,15.570779,30.511652
28,0,0.020085,1.846245,0.086625,0.008070,1.940940,13.442078,15.711749,31.115370
29,0,0.017984,2.128061,0.078107,0.008867,2.215035,13.030401,15.526596,30.790469
30,0,0.019594,2.185417,0.064618,0.008170,2.258205,13.223259,15.644912,31.146319
31,0,0.018366,2.043188,0.074238,0.009218,2.126644,13.101639,15.511856,30.758882
32,0,0.019286,1.865788,0.089285,0.008272,1.963345,13.148353,15.555985,30.687526
33,0,0.020493,2.055272,0.067285,0.008954,2.131511,13.501746,15.517457,31.171644
34,0,0.019591,2.184486,0.074883,0.009260,2.268629,12.154303,16.534892,30.977980
35,0,0.022081,2.173480,0.066186,0.008551,2.248217,12.101914,15.543146,29.915954
36,0,0.022828,2.097837,0.074051,0.008609,2.180497,13.177992,15.551875,30.933789
37,0,0.022916,2.085540,0.071950,0.008507,2.165997,12.806562,15.477079,30.472930
38,0,0.021397,2.039939,0.069714,0.008022,2.117675,12.958325,15.640060,30.737927
39,0,0.022424,2.058548,0.078634,0.008590,2.145772,13.803994,15.585133,31.557940
40,0,0.023226,2.643154,0.073952,0.007124,2.724230,11.287877,16.531353,30.567031
41,0,0.020981,2.032118,0.066107,0.009215,2.107440,12.923910,15.459328,30.512161
42,0,0.020423,2.034715,0.072479,0.008752,2.115946,13.045598,15.492767,30.675250
43,0,0.017912,1.947489,0.066900,0.008488,2.022877,12.688054,15.505401,30.234828
44,0,0.019245,1.960043,0.067294,0.008327,2.035664,13.875791,14.851178,30.782374
45,0,0.018415,2.000732,0.093021,0.007879,2.101632,13.146131,15.660081,30.926539
46,0,0.018774,2.087724,0.073609,0.008494,2.169827,13.262005,15.647606,31.098673
47,0,0.015915,2.091772,0.065908,0.007906,2.165586,13.016201,14.737223,29.935226
48,0,0.019152,2.253659,0.072123,0.009094,2.334876,13.486952,15.561076,31.402601
49,0,0.018303,2.194814,0.065566,0.008054,2.268434,12.793637,15.552856,30.633538
50,0,0.017954,2.152562,0.071788,0.008162,2.232512,13.334900,15.563087,31.148865
51,0,0.018853,1.817069,0.097262,0.007848,1.922179,13.169194,15.486060,30.596838
52,0,0.021559,2.087773,0.068591,0.008926,2.165290,12.636694,15.498611,30.322817
53,0,0.019186,1.935111,0.084174,0.008257,2.027542,12.941913,15.499129,30.488258
54,0,0.018224,1.984755,0.072082,0.008475,2.065312,12.856914,16.522818,31.463809
55,0,0.017900,1.996663,0.068331,0.008577,2.073571,12.120599,16.397516,30.610043
56,0,0.015820,1.918979,0.087327,0.007678,2.013984,12.770750,15.507954,30.308838
57,0,0.018825,1.981203,0.074727,0.008296,2.064226,12.605156,14.850595,29.539460
58,0,0.018522,1.947150,0.080299,0.007662,2.035111,13.140495,15.610417,30.804943
59,0,0.017897,1.979790,0.072551,0.008120,2.060461,13.312094,15.618571,31.009544
60,0,0.019696,2.084944,0.070093,0.008260,2.163297,12.884643,15.776193,30.844205
61,0,0.019208,2.331132,0.081132,0.009119,2.421383,13.000291,15.738726,31.179878
62,0,0.020569,1.921627,0.115887,0.007200,2.044714,13.046276,15.881967,30.993909
63,0,0.018107,1.987999,0.079753,0.008377,2.076129,12.915397,15.608609,30.618689
64,0,0.017620,1.833001,0.086855,0.008178,1.928034,13.335599,15.586410,30.868062
65,0,0.018912,2.129279,0.092554,0.008428,2.230261,13.099222,15.777029,31.125823
66,0,0.019277,2.380686,0.088712,0.008428,2.477826,12.544412,15.567806,30.609979
67,0,0.017409,2.218954,0.103060,0.008592,2.330606,12.730578,15.523502,30.602479
68,0,0.018737,2.169701,0.079877,0.008266,2.257844,13.148786,14.937833,30.363845
69,0,0.023219,2.193567,0.084811,0.007811,2.286189,12.514406,16.452815,31.277401
70,0,0.020298,2.224369,0.074777,0.008985,2.308131,12.922624,15.428264,30.679828
71,0,0.018520,1.981498,0.068935,0.008372,2.058805,12.945711,15.510049,30.533689
72,0,0.018598,2.243543,0.072839,0.008408,2.324790,12.839502,15.561448,30.744835
73,0,0.017462,1.979266,0.070621,0.008076,2.057963,12.722208,15.435689,30.233698
74,0,0.018626,2.081180,0.076174,0.008571,2.165925,13.192362,15.493887,30.871444
75,0,0.017980,2.232395,0.070215,0.008065,2.310675,13.066289,15.476276,30.871686
76,0,0.019275,1.873903,0.090150,0.007968,1.972021,12.970082,15.502585,30.464349
77,0,0.018454,1.812316,0.066243,0.008460,1.887019,13.987363,15.524757,31.418044
78,0,0.018699,1.895962,0.088227,0.009303,1.993492,12.999006,15.439136,30.450829
79,0,0.016454,1.852594,0.098293,0.008606,1.959493,12.884711,15.452253,30.313287
80,0,0.017562,2.045753,0.079939,0.008141,2.133833,13.706540,15.531970,31.390630
81,0,0.018707,1.880916,0.075049,0.008323,1.964288,13.011774,15.489362,30.484523
82,0,0.017346,1.896548,0.084910,0.008742,1.990200,12.909256,15.464907,30.382272
83,0,0.020337,2.010544,0.074866,0.008623,2.094033,12.757990,16.423399,31.296170
84,0,0.017138,1.856184,0.093159,0.008195,1.957538,12.698076,15.801801,30.475013
85,0,0.017562,1.992941,0.066266,0.008306,2.067513,13.286664,15.507758,30.879922
86,0,0.019171,1.977984,0.070666,0.008767,2.057417,13.018178,15.451131,30.546467
87,0,0.017374,1.794091,0.087769,0.008747,1.890607,13.159359,15.380802,30.448821
88,0,0.013107,2.072532,0.087087,0.008601,2.168220,13.508398,14.466198,30.156366
89,0,0.016215,1.855283,0.095335,0.008556,1.959174,12.933574,15.495392,30.404828
90,0,0.018826,1.993015,0.068301,0.008632,2.069948,13.303924,15.477834,30.871458
91,0,0.018569,2.053742,0.077914,0.008370,2.140026,13.141174,15.433974,30.734226
92,0,0.017103,1.903103,0.084403,0.008353,1.995859,13.245021,16.381305,31.639591
93,0,0.018832,2.036736,0.077968,0.009598,2.124302,13.420301,15.561029,31.124974
94,0,0.022784,2.651526,0.069990,0.008654,2.730170,11.915832,15.635776,30.305102
95,0,0.018265,1.972920,0.069496,0.008447,2.050863,13.053676,15.416177,30.539510
96,0,0.016839,2.103239,0.077151,0.008819,2.189209,12.705022,15.774466,30.685909
97,0,0.017171,2.283029,0.063910,0.008381,2.355320,12.902977,15.509239,30.785280
98,0,0.020698,2.444743,0.069160,0.008196,2.522099,13.145153,15.440812,31.129283
99,0,0.024551,2.037684,0.080400,0.007401,2.125485,12.274143,15.948063,30.372751
100,0,0.020562,1.940924,0.067199,0.008274,2.016397,13.540841,15.536241,31.114601
101,0,0.022316,2.046150,0.068758,0.008496,2.123404,13.021265,15.511810,30.679383
102,0,0.021223,1.924662,0.071547,0.008059,2.004268,13.182336,15.465061,30.673455
103,0,0.020875,2.130708,0.076362,0.008183,2.215253,13.109639,15.567659,30.914288
104,0,0.043242,1.891349,0.076780,0.008689,1.976818,12.385645,15.545361,29.951582
105,0,0.020163,1.905005,0.110530,0.007463,2.022998,13.173747,15.553772,30.771186
106,0,0.020245,2.027300,0.067244,0.008537,2.103081,13.237028,15.838276,31.199065
107,0,0.018915,1.966720,0.073122,0.008532,2.048374,13.023370,15.540482,30.631750
108,0,0.020104,2.003817,0.066881,0.009030,2.079728,12.930352,15.589398,30.620200
109,0,0.024319,2.079031,0.068400,0.017884,2.165315,13.016414,15.585105,30.791651
110,0,0.018912,1.962278,0.069437,0.008383,2.040098,13.321011,15.500296,30.881342
111,0,0.020573,2.169029,0.073134,0.008531,2.250694,12.080390,16.515782,30.868033
112,0,0.018256,2.028328,0.072732,0.009091,2.110151,12.222740,16.482218,30.833839
113,0,0.019917,1.971018,0.068217,0.008924,2.048159,12.432328,15.585589,30.086466
114,0,0.019560,1.874696,0.075745,0.008965,1.959406,13.040292,15.482908,30.502684
115,0,0.023776,2.124008,0.079460,0.008214,2.211682,13.255065,15.481212,30.972118
116,0,0.020236,1.936863,0.074112,0.008874,2.019849,13.091295,15.442544,30.574507
117,0,0.022123,2.020847,0.070332,0.008661,2.099840,13.156201,15.493997,30.772706
118,0,0.019009,1.935256,0.073070,0.008334,2.016660,13.092906,15.401494,30.530627
119,0,0.019388,1.951993,0.076938,0.008585,2.037516,13.737091,15.508854,31.303519
120,0,0.018300,1.953890,0.077249,0.008359,2.039498,12.254027,15.395099,29.707374
121,0,0.021931,1.871136,0.092705,0.008467,1.972308,12.923359,15.525224,30.443283
122,0,0.019070,2.098908,0.071639,0.008849,2.179396,13.281281,15.370177,30.850477
123,0,0.018064,1.963635,0.081199,0.008760,2.053594,12.599573,1.371979,16.043570
124,0,0.010304,1.943752,0.071255,0.008365,2.023372,13.317487,15.722157,31.073675
125,0,0.016860,1.903885,0.073615,0.008746,1.986246,12.561460,15.571598,30.136760
126,0,0.017342,1.935721,0.062589,0.008244,2.006554,13.694966,15.583135,31.302908
127,0,0.019291,1.939896,0.076909,0.008601,2.025406,12.542047,15.787558,30.374889
128,0,0.022061,1.993042,0.075182,0.008661,2.076885,12.883600,16.469794,31.452915
129,0,0.022327,2.431678,0.067885,0.008397,2.507960,12.240983,15.607442,30.379410
130,0,0.022939,1.911199,0.074207,0.008038,1.993444,12.949912,15.572294,30.539101
131,0,0.021147,1.848145,0.088980,0.008343,1.945468,13.131717,15.919265,31.018179
132,0,0.020088,2.137416,0.071512,0.008237,2.217165,12.942066,15.502476,30.682147
133,0,0.019583,1.973204,0.068219,0.008453,2.049876,12.517768,15.541425,30.129255
134,0,0.021990,1.995218,0.069045,0.008714,2.072977,13.300812,15.494857,30.891133
135,0,0.022122,2.049044,0.067713,0.008356,2.125113,12.895302,15.496676,30.539607
136,0,0.019694,1.991005,0.073496,0.009040,2.073541,12.928436,16.499260,31.521452
137,0,0.017641,2.004526,0.066962,0.008482,2.079970,12.517740,15.547794,30.163651
138,0,0.019513,2.043264,0.071155,0.008208,2.122627,13.169623,15.507959,30.820185
139,0,0.021893,1.977227,0.076792,0.007862,2.061881,13.396433,15.501922,30.982490
140,0,0.022132,2.024448,0.073234,0.008503,2.106185,12.436588,15.512514,30.077954
141,0,0.017858,2.053355,0.075693,0.008641,2.137689,12.999710,15.457470,30.613268
142,0,0.017900,1.891703,0.076936,0.008689,1.977328,13.318359,15.492520,30.806507
143,0,0.019160,2.351150,0.069726,0.008171,2.429047,12.756033,15.504868,30.709700
144,0,0.018057,2.128513,0.077103,0.008975,2.214591,13.380546,15.483807,31.097613
145,0,0.020837,2.238897,0.070503,0.008352,2.317752,12.302543,16.483237,31.124923
146,0,0.017467,2.213044,0.070848,0.009173,2.293065,12.147082,15.441093,29.899219
147,0,0.017638,1.947427,0.072222,0.008405,2.028054,14.094335,14.538480,30.679178
148,0,0.020262,2.138247,0.073246,0.008552,2.220045,13.495233,15.498657,31.234620
149,0,0.017378,1.911971,0.069695,0.008910,1.990576,13.146354,15.485844,30.640516
150,0,0.017279,1.834075,0.091330,0.008017,1.933422,13.111442,15.381211,30.443806
151,0,0.017409,1.985296,0.070372,0.008895,2.064563,13.519120,14.428573,30.030114
152,0,0.018459,2.034179,0.069232,0.009003,2.112414,12.535127,16.387900,31.054298
153,0,0.022221,1.984697,0.075242,0.009910,2.069849,12.335179,16.447779,30.875807
154,0,0.018394,1.773128,0.077113,0.009526,1.859767,12.453483,16.464389,30.796673
155,0,0.017299,1.822111,0.105615,0.016591,1.944317,14.080105,15.380111,31.422102
156,0,0.019277,1.959168,0.067293,0.008515,2.034976,13.064076,15.617523,30.736296
157,0,0.018467,1.841677,0.096240,0.008420,1.946337,13.409524,14.631920,30.006685
158,0,0.017321,1.925320,0.069900,0.008324,2.003544,13.184613,15.586233,30.792194
159,0,0.019161,2.040554,0.079379,0.008999,2.128932,12.992752,15.626617,30.767930
160,0,0.021187,2.544660,0.066031,0.008404,2.619095,13.160906,15.676752,31.478318
161,0,0.017659,1.901011,0.080648,0.008599,1.990258,12.535991,15.610468,30.155030
162,0,0.018515,2.036441,0.104370,0.007589,2.148400,12.873470,15.674896,30.715869
163,0,0.018036,1.928832,0.075716,0.008062,2.012610,13.266191,15.648962,30.946224
164,0,0.016923,1.970407,0.109788,0.009136,2.089331,12.604635,16.504993,31.216383
165,0,0.018343,1.967465,0.073733,0.008276,2.049474,12.468205,15.611020,30.147701
166,0,0.017644,1.911195,0.076409,0.008379,1.995983,13.095763,15.717917,30.827842
167,0,0.037263,1.917029,0.070490,0.009108,1.996627,12.790331,15.531909,30.356542
168,0,0.019855,1.863136,0.060617,0.008454,1.932207,13.484166,15.971445,31.408197
169,0,0.023673,2.353229,0.075021,0.008936,2.437186,12.141137,15.603413,30.206017
170,0,0.018974,1.878763,0.088273,0.008532,1.975568,13.395650,15.620057,31.010715
171,0,0.029816,1.847725,0.096422,0.008402,1.952549,13.182635,15.535581,30.701210
172,0,0.022679,2.038588,0.071495,0.009062,2.119145,13.070403,15.534348,30.747172
173,0,0.020931,2.042644,0.070323,0.008067,2.121034,13.139414,15.493692,30.775706
174,0,0.020200,2.029889,0.070965,0.008438,2.109292,12.311431,16.553932,30.995464
175,0,0.020494,2.425459,0.071220,0.007451,2.504130,12.488079,15.426629,30.439893
176,0,0.024052,1.965451,0.069017,0.008101,2.042569,13.050564,15.493330,30.611510
177,0,0.020360,1.963020,0.073001,0.008565,2.044586,12.790869,15.473367,30.329625
178,0,0.016354,1.967854,0.065930,0.007771,2.041555,13.585952,15.575171,31.219565
179,0,0.019202,2.177407,0.074836,0.008431,2.260674,12.797229,15.404939,30.482567
180,0,0.019146,1.921980,0.083514,0.008346,2.013840,12.758278,16.464664,31.256352
181,0,0.017515,1.877472,0.094061,0.009058,1.980591,12.537104,15.441026,29.976718
182,0,0.019602,2.163168,0.097819,0.007561,2.268548,13.269882,15.493259,31.051810
183,0,0.017891,1.979546,0.094613,0.008047,2.082206,11.509129,16.456591,30.066228
184,0,0.020652,2.006140,0.071162,0.008705,2.086007,13.047514,15.391196,30.545864
185,0,0.021324,1.942385,0.075571,0.008172,2.026128,13.220637,15.453618,30.722303
186,0,0.021034,1.982776,0.133110,0.007463,2.123349,13.233978,16.465366,31.844282
187,0,0.020054,1.873863,0.091968,0.009165,1.974996,13.148295,15.365253,30.508979
188,0,0.018975,1.826597,0.092249,0.007953,1.926799,13.326686,15.509364,30.782168
189,0,0.020714,2.024846,0.067556,0.008556,2.100958,12.631772,15.459444,30.213475
190,0,0.018881,1.948018,0.070584,0.008645,2.027247,13.803260,15.472181,31.322183
191,0,0.017340,2.018436,0.064981,0.008710,2.092127,12.333986,16.547455,30.991334
192,0,0.019565,2.012090,0.070010,0.008446,2.090546,12.820543,15.378500,30.309692
193,0,0.017078,1.816697,0.087883,0.009010,1.913590,13.408287,15.491715,30.831316
194,0,0.019902,1.992861,0.069308,0.008546,2.070715,13.237224,15.512940,30.841284
195,0,0.017540,1.980801,0.063657,0.008283,2.052741,13.214986,15.403740,30.689370
196,0,0.017477,1.979221,0.070681,0.008431,2.058333,12.286016,16.459075,30.821463
197,0,0.022662,2.196070,0.068525,0.007654,2.272249,12.492574,15.742260,30.530251
198,0,0.021789,2.124895,0.069180,0.009029,2.203104,12.602340,15.551321,30.379492
199,0,0.019593,1.881057,0.095289,0.008911,1.985257,13.331091,15.589169,30.925617
200,0,0.019972,1.898407,0.083872,0.008158,1.990437,12.677895,15.464550,30.153281
201,0,0.018680,1.967014,0.070444,0.008980,2.046438,13.902177,15.544395,31.512236
202,0,0.019601,2.051338,0.070283,0.008085,2.129706,12.283541,15.535345,29.968878
203,0,0.079947,1.960879,0.121262,0.008248,2.090389,12.839462,16.559902,31.570337
204,0,0.018556,1.931682,0.077957,0.008704,2.018343,12.199729,15.604813,29.842046
205,0,0.021212,2.038005,0.069702,0.008390,2.116097,13.173250,15.509394,30.820351
206,0,0.022573,2.439994,0.072618,0.008747,2.521359,12.860780,15.584524,30.989906
207,0,0.021788,2.354785,0.071133,0.009187,2.435105,12.434649,15.489065,30.381027
208,0,0.018139,1.910625,0.069493,0.009498,1.989616,13.774818,15.536920,31.320020
209,0,0.019477,1.900339,0.085168,0.007967,1.993474,12.985291,15.604886,30.603677
210,0,0.018798,2.014483,0.071957,0.008549,2.094989,13.173178,14.817910,30.105302
211,0,0.018728,1.970905,0.079094,0.008595,2.058594,13.494171,15.630561,31.202625
212,0,0.019020,1.844488,0.095814,0.008029,1.948331,13.241068,15.543859,30.752726
213,0,0.019672,2.025954,0.078054,0.008541,2.112549,12.461457,16.493663,31.087945
214,0,0.019406,1.948885,0.065377,0.008519,2.022781,12.076141,15.520331,29.639139
215,0,0.018197,1.820792,0.080433,0.008239,1.909464,12.687638,15.611164,30.226904
216,0,0.018857,1.948153,0.072535,0.008297,2.028985,13.232051,15.690008,30.970470
217,0,0.017892,1.874365,0.072120,0.008984,1.955469,13.269388,15.366759,30.610032
218,0,0.018051,1.859963,0.065967,0.008669,1.934599,14.502335,15.552850,32.008329
219,0,0.015860,1.887778,0.088248,0.008514,1.984540,13.326574,15.628678,30.956052
220,0,0.018792,2.071929,0.070195,0.008349,2.150473,12.903094,14.781217,29.854079
221,0,0.016903,1.893920,0.085974,0.008557,1.988451,13.349697,15.600064,30.955599
222,0,0.021502,1.972659,0.066163,0.007904,2.046726,13.427631,15.516376,31.012714
223,0,0.018370,1.904133,0.081137,0.008689,1.993959,13.416085,15.487181,30.915983
224,0,0.019178,1.843340,0.081590,0.007867,1.932797,13.066078,15.445121,30.463743
225,0,0.021029,2.039432,0.061557,0.008224,2.109213,12.472363,16.617211,31.220298
226,0,0.022291,2.291602,0.067036,0.008024,2.366662,12.581390,15.501049,30.471926
227,0,0.020199,2.250021,0.064947,0.009247,2.324215,12.880230,15.464935,30.690078
228,0,0.022245,2.047324,0.073586,0.008497,2.129407,12.488895,15.430516,30.071424
229,0,0.023045,1.930460,0.100680,0.008597,2.039737,13.401077,15.567161,31.031474
230,0,0.019114,2.238807,0.067225,0.008809,2.314841,12.874624,15.518794,30.728017
231,0,0.019280,1.966193,0.073893,0.008203,2.048289,12.885856,15.496619,30.450432
232,0,0.021958,2.101974,0.071489,0.008347,2.181810,13.557936,15.580298,31.342625
233,0,0.018431,1.994102,0.078443,0.008725,2.081270,12.329919,16.506689,30.936824
234,0,0.018430,1.950771,0.073300,0.008130,2.032201,12.591489,15.425651,30.068302
235,0,0.018390,1.802561,0.073806,0.008358,1.884725,13.900607,15.436776,31.240897
236,0,0.018471,2.146216,0.077466,0.008570,2.232252,12.232189,15.467258,29.950549
237,0,0.021161,2.024995,0.079328,0.009147,2.113470,13.761290,15.580531,31.476912
238,0,0.018964,1.973383,0.069325,0.008158,2.050866,12.609126,15.468883,30.148274
239,0,0.019646,2.065384,0.074869,0.007737,2.147990,12.617370,16.563727,31.349278
240,0,0.019646,1.916354,0.080338,0.008588,2.005280,12.900492,15.488170,30.414023
241,0,0.021799,2.012311,0.064823,0.008176,2.085310,12.652516,15.508104,30.268223
242,0,0.020697,1.868411,0.069291,0.008838,1.946540,12.903321,16.444016,31.315111
243,0,0.019444,1.929124,0.076038,0.007917,2.013079,12.716731,15.487836,30.237629
244,0,0.018554,2.410976,0.067233,0.008469,2.486678,12.369417,16.400280,31.275616
245,0,0.018019,2.074892,0.070578,0.008340,2.153810,11.660639,15.417298,29.250289
246,0,0.020081,2.054524,0.073408,0.008378,2.136310,13.359428,15.384284,30.900720
247,0,0.021666,2.233057,0.080056,0.007402,2.320515,12.707733,15.430788,30.482045
248,0,0.020636,1.976652,0.075448,0.008730,2.060830,13.385740,15.407753,30.875497
249,0,0.018923,2.183088,0.086046,0.009475,2.278609,13.255527,16.417491,31.971090
250,0,0.020213,1.920142,0.066149,0.008026,1.994317,12.263647,16.375476,30.654157
251,0,0.019916,2.046195,0.070567,0.008204,2.124966,12.291056,16.430081,30.866514
252,0,0.016755,1.972323,0.084388,0.009047,2.065758,12.317819,15.495022,29.895668
253,0,0.018762,2.001403,0.064987,0.008495,2.074885,13.073506,15.422689,30.590417
254,0,0.020140,2.077818,0.074873,0.008804,2.161495,12.900068,16.474485,31.556836
255,0,0.013222,1.916521,0.092194,0.008893,2.017608,12.273178,16.404972,30.709560
256,0,0.019064,2.009219,0.083254,0.008193,2.100666,12.191375,16.402511,30.714046
257,0,0.017603,1.923646,0.070744,0.008646,2.003036,12.358692,16.366483,30.746251
258,0,0.017164,1.912442,0.085302,0.009020,2.006764,12.952442,15.464069,30.440876
259,0,0.020880,1.938063,0.074331,0.008756,2.021150,12.521728,16.444768,31.008948
260,0,0.019212,1.954806,0.090908,0.010112,2.055826,12.736067,15.501967,30.313784
261,0,0.018021,2.145709,0.082504,0.008446,2.236659,12.820143,15.432654,30.507839
262,0,0.018327,1.877926,0.087231,0.008205,1.973362,13.489986,15.760589,31.242647
263,0,0.018617,1.830055,0.068990,0.009239,1.908284,12.714526,15.632076,30.274101
264,0,0.019777,1.866851,0.096143,0.007947,1.970941,12.818450,15.469625,30.279094
265,0,0.019837,1.920374,0.068609,0.008427,1.997410,13.882600,15.584528,31.484794
266,0,0.020557,2.180233,0.081037,0.008425,2.269695,12.644139,15.499634,30.434471
267,0,0.017807,2.016070,0.068503,0.008190,2.092763,12.767319,15.425465,30.303820
268,0,0.020374,2.077977,0.074973,0.007864,2.160814,13.663819,15.434456,31.280035
269,0,0.019954,2.153906,0.066131,0.007810,2.227847,12.231565,15.531944,30.011608
270,0,0.021011,2.474130,0.074206,0.008181,2.556517,12.603278,16.463298,31.644682
271,0,0.017279,2.023504,0.070364,0.008403,2.102271,12.701916,15.486359,30.308234
272,0,0.020473,1.971761,0.070466,0.009209,2.051436,13.069764,15.836656,30.978795
273,0,0.019205,1.956300,0.075252,0.008923,2.040475,12.642906,15.448432,30.151526
274,0,0.017133,2.023515,0.070654,0.008626,2.102795,13.117615,15.384233,30.622350
275,0,0.015747,1.873998,0.096948,0.008732,1.979678,13.003737,16.499872,31.499463
276,0,0.018505,1.940445,0.073969,0.008778,2.023192,12.910950,14.423423,29.376627
277,0,0.022052,1.802733,0.069083,0.008436,1.880252,12.657394,16.532942,31.093214
278,0,0.021057,1.981409,0.074067,0.008559,2.064035,12.131827,15.641018,29.858561
279,0,0.021463,2.085988,0.072572,0.008681,2.167241,13.371470,15.530778,31.091368
280,0,0.022440,1.945091,0.116079,0.007232,2.068402,13.407290,16.433737,31.932595
281,0,0.020164,1.938821,0.090463,0.007506,2.036790,12.486733,15.470514,30.014718
282,0,0.023698,1.826108,0.088236,0.008584,1.922928,13.792592,15.517661,31.257486
283,0,0.020065,1.943326,0.073609,0.008743,2.025678,12.834159,15.469271,30.349830
284,0,0.020235,2.064739,0.082158,0.024012,2.170909,12.870878,15.503871,30.566380
285,0,0.018881,2.100948,0.070073,0.008307,2.179328,12.827257,16.529461,31.555530
286,0,0.018415,2.326355,0.068029,0.008444,2.402828,12.563535,15.421530,30.406749
287,0,0.020522,1.917077,0.078720,0.008335,2.004132,13.086455,15.427686,30.539198
288,0,0.018413,2.064587,0.077269,0.008514,2.150370,12.498104,16.457661,31.125059
289,0,0.019664,1.876111,0.076679,0.009309,1.962099,12.650838,15.462906,30.096110
290,0,0.019931,1.710049,0.065355,0.007904,1.783308,13.279624,15.444743,30.528283
291,0,0.018301,2.082038,0.074805,0.008356,2.165199,13.620347,15.466651,31.271004
292,0,0.019125,1.874506,0.088391,0.008004,1.970901,13.167935,15.582700,30.741171
293,0,0.035995,2.266138,0.077533,0.008965,2.352636,12.509197,15.592627,30.491061
294,0,0.021795,1.777603,0.098242,0.008631,1.884476,12.621691,16.605050,31.133424
295,0,0.019593,1.992748,0.069651,0.008590,2.070989,12.885825,15.553913,30.531233
296,0,0.021156,2.007589,0.078239,0.008434,2.094262,12.757203,15.509207,30.382335
297,0,0.022247,2.431811,0.069023,0.008709,2.509543,12.025164,16.573911,31.131219
298,0,0.019053,2.180143,0.083409,0.008054,2.271606,11.965198,15.718539,29.975011
299,0,0.019413,1.939370,0.065995,0.018845,2.024210,13.097480,15.639675,30.781236
300,0,0.017452,2.051358,0.081528,0.009043,2.141929,13.622791,15.538029,31.320813
301,0,0.022739,2.028895,0.072115,0.007787,2.108797,12.548322,15.489899,30.170421
302,0,0.020882,2.060108,0.075045,0.008466,2.143619,12.941927,15.439948,30.546920
303,0,0.018210,2.199129,0.074742,0.008618,2.282489,13.070099,15.519743,30.890852
304,0,0.021781,1.950084,0.074999,0.008346,2.033429,12.944272,15.440819,30.440681
305,0,0.020943,2.133208,0.093381,0.008636,2.235225,13.561262,15.476385,31.294292
306,0,0.016259,1.816649,0.096328,0.007887,1.920864,13.209739,14.902204,30.049428
307,0,0.018814,2.241314,0.064117,0.008408,2.313839,13.529817,15.434624,31.297636
308,0,0.020490,1.929906,0.078431,0.008388,2.016725,11.974933,15.435403,29.448068
309,0,0.017804,1.956496,0.066191,0.008504,2.031191,12.922434,15.510438,30.482467
310,0,0.022850,2.429914,0.077908,0.008545,2.516367,12.859026,15.455451,30.854281
311,0,0.018134,2.267897,0.071773,0.007778,2.347448,13.229962,16.449640,32.045521
312,0,0.015792,1.982665,0.071477,0.008454,2.062596,13.169257,15.430210,30.678563
313,0,0.021642,1.900280,0.068712,0.008326,1.977318,13.320291,15.493948,30.813793
314,0,0.017719,1.833751,0.091197,0.008655,1.933603,13.208611,15.451120,30.611460
315,0,0.018961,1.980135,0.071942,0.008945,2.061022,13.327822,15.422273,30.830660
316,0,0.018944,1.844850,0.069418,0.007967,1.922235,12.907496,15.456041,30.305233
317,0,0.016875,1.911009,0.074579,0.008247,1.993835,13.657992,15.460273,31.129365
318,0,0.017117,1.970401,0.070023,0.008606,2.049030,13.015334,15.401864,30.483787
319,0,0.019272,2.014283,0.063737,0.008903,2.086923,12.936860,15.365997,30.409594
320,0,0.017539,1.911688,0.069828,0.008427,1.989943,13.062189,15.553929,30.624152
321,0,0.018263,2.166776,0.063604,0.008364,2.238744,13.080800,15.500548,30.838712
322,0,0.019422,1.909881,0.072612,0.008720,1.991213,13.377867,15.490010,30.879630
323,0,0.019051,2.033154,0.066931,0.008217,2.108302,13.154342,15.348198,30.630395
324,0,0.021595,2.479423,0.083029,0.008264,2.570716,13.143355,14.720644,30.456908
325,0,0.020088,1.982242,0.073861,0.008302,2.064405,13.157799,15.655657,30.898518
326,0,0.019212,2.008621,0.076695,0.008452,2.093768,12.815648,16.516694,31.445934
327,0,0.022487,2.040616,0.070656,0.008205,2.119477,12.548488,15.529747,30.220540
328,0,0.018994,1.959626,0.070760,0.008612,2.038998,12.728200,16.473319,31.260064
329,0,0.023634,2.618605,0.079144,0.006846,2.704595,11.229591,16.476948,30.435490
330,0,0.020890,1.766971,0.115724,0.007431,1.890126,12.524765,16.475386,30.911681
331,0,0.019197,1.776189,0.069829,0.007838,1.853856,12.840265,15.621195,30.335123
332,0,0.020664,2.139783,0.068357,0.008920,2.217060,12.842574,15.596362,30.677161
333,0,0.020025,2.176997,0.091983,0.007246,2.276226,12.760405,15.643129,30.700170
334,0,0.021843,2.606111,0.081947,0.008688,2.696746,12.535905,15.570580,30.825802
335,0,0.021254,1.935621,0.074808,0.007182,2.017611,12.915649,15.650041,30.605067
336,0,0.018732,1.991231,0.076990,0.008557,2.076778,13.023990,15.473464,30.593308
337,0,0.025626,1.982119,0.067316,0.009586,2.059021,13.115964,15.461494,30.662470
338,0,0.033585,1.918060,0.072906,0.007999,1.998965,13.107651,15.524772,30.665406
339,0,0.019205,1.896782,0.072377,0.008459,1.977618,11.729189,16.385843,30.112454
340,0,0.019067,1.978918,0.071305,0.008480,2.058703,12.293096,16.446590,30.817964
341,0,0.019257,2.074474,0.065936,0.008284,2.148694,12.200899,16.477644,30.847038
342,0,0.019157,1.969428,0.073736,0.008866,2.052030,12.659204,15.707777,30.438681
343,0,0.021972,1.921576,0.087619,0.008144,2.017339,13.209347,16.423997,31.673262
344,0,0.019155,2.009314,0.066642,0.008420,2.084376,12.217535,16.432186,30.753728
345,0,0.017369,2.240551,0.065116,0.008512,2.314179,12.004797,16.460913,30.797890
346,0,0.017228,2.025696,0.082743,0.008229,2.116668,12.610127,15.472231,30.216914
347,0,0.018943,1.897646,0.092943,0.009351,1.999940,13.119227,15.525270,30.663888
348,0,0.021417,1.901157,0.086011,0.008902,1.996070,12.979187,15.469549,30.466665
349,0,0.020298,2.058267,0.065151,0.008287,2.131705,12.973601,16.423664,31.549744
350,0,0.017510,1.912849,0.075640,0.008569,1.997058,12.376466,15.469916,29.861355
351,0,0.021449,2.044352,0.072445,0.009026,2.125823,13.786537,15.470486,31.404957
352,0,0.018089,1.974343,0.086923,0.010342,2.071608,13.028449,15.423096,30.541726
353,0,0.018131,1.861802,0.091935,0.008565,1.962302,13.233792,15.410228,30.624916
354,0,0.022383,2.010223,0.068124,0.008400,2.086747,12.857922,15.406029,30.373695
355,0,0.017759,1.837430,0.094654,0.007409,1.939493,13.073162,16.456750,31.487561
356,0,0.018979,1.884041,0.095111,0.008782,1.987934,13.119283,15.391069,30.517567
357,0,0.018217,1.847130,0.091081,0.009093,1.947304,13.253339,15.527818,30.747148
358,0,0.020207,1.960954,0.070184,0.008197,2.039335,13.086254,15.525480,30.671952
359,0,0.018495,1.936040,0.088165,0.008759,2.032964,13.013656,15.459817,30.526166
360,0,0.020292,1.985202,0.069876,0.008474,2.063552,12.923352,15.509842,30.517450
361,0,0.020084,1.894050,0.073331,0.008279,1.975660,13.235830,15.429615,30.661683
362,0,0.018216,2.057359,0.074050,0.008443,2.139852,12.901178,15.399389,30.459196
363,0,0.023798,2.298511,0.071691,0.009283,2.379485,12.826419,15.460041,30.690486
364,0,0.020691,2.105011,0.075815,0.008823,2.189649,13.355008,15.615883,31.181815
365,0,0.021229,2.060511,0.069414,0.008498,2.138423,12.841483,15.800442,30.802072
366,0,0.017104,1.952687,0.079251,0.007272,2.039210,12.450008,16.414079,30.920812
367,0,0.018207,2.299484,0.076608,0.009429,2.385521,12.142335,15.374485,29.921307
368,0,0.020337,1.890813,0.091713,0.008083,1.990609,13.654723,15.685409,31.351715
369,0,0.022645,3.239879,0.088869,0.008864,3.337612,11.005965,16.618695,30.985640
370,0,0.055074,2.683574,0.067999,0.042936,2.794509,9.976308,16.484765,29.311409
371,0,0.020918,2.051665,0.073092,0.008603,2.133360,13.131349,15.428665,30.714909
372,0,0.021714,2.046167,0.077379,0.008213,2.131759,12.229887,16.465177,30.849183
373,0,0.020937,2.412466,0.064148,0.009261,2.485875,12.317879,15.543139,30.368481
374,0,0.021799,1.817388,0.088358,0.008509,1.914255,14.161370,15.507297,31.605277
375,0,0.017880,1.856588,0.085964,0.008468,1.951020,13.074705,15.614319,30.658288
376,0,0.016502,1.868860,0.079600,0.008610,1.957070,13.432620,15.397076,30.803709
377,0,0.018326,1.861697,0.091802,0.008498,1.961997,13.348841,15.497219,30.826871
378,0,0.017381,1.812356,0.087022,0.008493,1.907871,13.398953,15.345223,30.669764
379,0,0.017879,1.830042,0.090173,0.008606,1.928821,12.741065,16.417086,31.105405
380,0,0.017434,1.966499,0.070019,0.008856,2.045374,12.199742,16.340682,30.603751
381,0,0.017229,1.790170,0.088868,0.008048,1.887086,13.224065,15.373780,30.502769
382,0,0.018322,1.800343,0.084365,0.009339,1.894047,12.703879,16.402054,31.018795
383,0,0.018227,1.999409,0.071790,0.009033,2.080232,12.482589,15.453796,30.035289
384,0,0.017668,2.044580,0.118900,0.008580,2.172060,13.575881,15.433016,31.199166
385,0,0.019788,1.941585,0.069049,0.008777,2.019411,12.671252,15.507767,30.218678
386,0,0.021153,1.879948,0.094501,0.008897,1.983346,13.073336,16.461983,31.540436
387,0,0.020691,2.118234,0.075408,0.008386,2.202028,12.115930,15.657621,29.997098
388,0,0.022018,2.136025,0.079128,0.008853,2.224006,13.219711,15.595604,31.061979
389,0,0.016497,2.074839,0.088234,0.008386,2.171459,13.079627,15.437039,30.705229
390,0,0.018875,1.854853,0.074078,0.008625,1.937556,12.967805,15.447414,30.372081
391,0,0.018135,1.982683,0.075707,0.008687,2.067077,12.915962,15.430104,30.431882
392,0,0.018260,1.944290,0.073778,0.008611,2.026679,14.032020,14.703145,30.780693
393,0,0.022522,2.105020,0.087951,0.008020,2.200991,13.350476,15.582157,31.156779
394,0,0.018122,1.959206,0.061598,0.008217,2.029021,13.189547,15.538851,30.776251
395,0,0.016982,1.874730,0.088113,0.008348,1.971191,12.794660,15.562224,30.345591
396,0,0.018139,2.002505,0.066842,0.008018,2.077365,13.066782,15.563210,30.726005
397,0,0.017423,1.819193,0.095741,0.008350,1.923284,13.245036,15.460556,30.646822
398,0,0.016935,2.123456,0.073815,0.008499,2.205770,12.837043,15.525482,30.585820
399,0,0.019021,1.853985,0.096736,0.008338,1.959059,13.703708,15.634299,31.316458
400,0,0.018518,1.941601,0.072510,0.008551,2.022662,13.266817,15.615041,30.923621
401,0,0.020256,2.335805,0.110986,0.007847,2.454638,12.610176,14.597653,29.683202
402,0,0.019664,2.243769,0.096200,0.007885,2.347854,12.592809,15.464843,30.425456
403,0,0.017205,1.897589,0.080361,0.008402,1.986352,13.233741,15.387016,30.624793
404,0,0.017680,1.869068,0.087770,0.007391,1.964229,12.869537,15.458950,30.310859
405,0,0.017825,1.705657,0.168871,0.007384,1.881912,14.333195,16.363672,32.597145
406,0,0.018275,1.940199,0.075755,0.009050,2.025004,12.441737,15.351749,29.837302
407,0,0.017328,1.896819,0.088736,0.009069,1.994624,13.381403,15.478269,30.872080
408,0,0.019885,2.064012,0.074694,0.008248,2.146954,12.985039,15.430109,30.582496
409,0,0.018612,2.184562,0.067955,0.007962,2.260479,13.562714,15.469213,31.311374
410,0,0.021613,2.111370,0.069161,0.010617,2.191148,12.861098,15.383482,30.458091
411,0,0.018396,2.047522,0.066340,0.008593,2.122455,12.836270,15.455010,30.432828
412,0,0.020299,1.982096,0.069365,0.008934,2.060395,12.934013,16.456190,31.471486
413,0,0.020289,1.937307,0.065770,0.008290,2.011367,12.835771,15.401983,30.269919
414,0,0.018243,2.031491,0.066451,0.009105,2.107047,13.059489,15.428773,30.614224
415,0,0.014219,1.844207,0.096328,0.008686,1.949221,12.712004,16.504061,31.180097
416,0,0.018571,1.824429,0.087387,0.008088,1.919904,12.425025,16.355271,30.719185
417,0,0.018258,1.918476,0.090196,0.008451,2.017123,12.723605,15.463000,30.222874
418,0,0.021334,1.961823,0.070009,0.008389,2.040221,12.875184,15.473771,30.411041
419,0,0.020430,1.841867,0.097823,0.008653,1.948343,13.866205,15.515869,31.351362
420,0,0.017571,1.924584,0.063410,0.008113,1.996107,12.963679,15.499838,30.477716
421,0,0.017285,1.991682,0.074652,0.008240,2.074574,12.755370,15.775599,30.623446
422,0,0.026899,1.811362,0.091106,0.019013,1.921481,13.490290,15.697353,31.136406
423,0,0.018204,1.998946,0.069116,0.008533,2.076595,13.033177,14.698191,29.826721
424,0,0.019211,1.870170,0.096395,0.007387,1.973952,14.028458,15.570310,31.592502
425,0,0.018885,1.915566,0.062246,0.008723,1.986535,12.506597,15.517115,30.029551
426,0,0.017705,1.808938,0.071109,0.008260,1.888307,13.177704,15.527397,30.611571
427,0,0.017728,2.219211,0.077126,0.008906,2.305243,13.408654,15.582244,31.314529
428,0,0.020543,2.007327,0.068994,0.008378,2.084699,13.138701,15.622257,30.866708
429,0,0.020774,2.241215,0.066695,0.007774,2.315684,11.936397,16.366379,30.639521
430,0,0.018858,2.221355,0.071104,0.008185,2.300644,12.215862,15.730553,30.266455
431,0,0.020269,2.202955,0.070302,0.008343,2.281600,13.093620,15.610511,31.006417
432,0,0.018690,2.094204,0.067692,0.007768,2.169664,13.218600,15.520484,30.928024
433,0,0.018591,1.872390,0.072335,0.009127,1.953852,12.015414,15.424124,29.412481
434,0,0.019606,2.648548,0.073601,0.007796,2.729945,12.307252,15.726279,30.783488
435,0,0.017617,2.129314,0.068730,0.008853,2.206897,12.743057,15.481206,30.449256
436,0,0.018495,2.049037,0.068711,0.008196,2.125944,13.189024,0.360651,15.694569
437,0,0.007398,1.762183,0.073948,0.008237,1.844368,14.496937,14.680440,31.029647
438,0,0.019424,1.884688,0.106665,0.007368,1.998721,13.734963,15.596692,31.350404
439,0,0.018730,1.970708,0.062222,0.008205,2.041135,13.182108,15.505219,30.747738
440,0,0.020300,1.949246,0.068815,0.009103,2.027164,13.006943,15.409055,30.464222
441,0,0.020526,1.937305,0.070080,0.008513,2.015898,13.073721,15.562710,30.673405
442,0,0.021753,2.050774,0.075301,0.008278,2.134353,12.601198,16.467328,31.225081
443,0,0.019618,1.914876,0.088410,0.008172,2.011458,12.994157,15.435793,30.461673
444,0,0.018348,1.966818,0.069590,0.009047,2.045455,12.565875,15.428229,30.058408
445,0,0.019829,1.925734,0.079290,0.008204,2.013228,13.368743,15.489397,30.891876
446,0,0.023166,2.013625,0.089545,0.009766,2.112936,13.459057,15.418027,31.013713
447,0,0.020862,2.007760,0.069686,0.009078,2.086524,12.764741,15.468650,30.341162
448,0,0.020859,2.073174,0.078816,0.009333,2.161323,13.283153,15.374419,30.840227
449,0,0.018509,2.125622,0.074828,0.008020,2.208470,12.757788,15.412982,30.398450
450,0,0.022808,2.303894,0.072841,0.009581,2.386316,13.179066,15.678632,31.267588
451,0,0.022001,2.346225,0.070056,0.008788,2.425069,12.931192,15.488111,30.867332
452,0,0.021139,2.111324,0.070737,0.008912,2.190973,12.734849,15.476264,30.423693
453,0,0.027772,2.111412,0.081786,0.008406,2.201604,13.239864,15.523672,30.993362
454,0,0.028354,1.937669,0.074493,0.008824,2.020986,13.185238,15.464444,30.699403
455,0,0.017988,1.987574,0.070240,0.008066,2.065880,12.806660,15.477295,30.368409
456,0,0.017758,1.845215,0.099593,0.007916,1.952724,13.089961,15.481902,30.542617
457,0,0.018033,1.824520,0.075140,0.008390,1.908050,13.581498,15.432101,30.940220
458,0,0.016889,1.918384,0.089779,0.008228,2.016391,12.737953,15.545073,30.316800
459,0,0.020720,2.039702,0.073823,0.008486,2.122011,13.024923,15.499741,30.667816
460,0,0.016670,2.047469,0.071489,0.008271,2.127229,13.817361,15.498926,31.460769
461,0,0.017515,1.767580,0.064131,0.008941,1.840652,12.528971,16.425189,30.812785
462,0,0.018920,2.074662,0.069355,0.008501,2.152518,12.338817,15.702254,30.212918
463,0,0.030751,2.121133,0.085761,0.007994,2.214888,12.924171,15.717955,30.888399
464,0,0.019819,2.011536,0.079231,0.008140,2.098907,12.680653,14.407136,29.207085
465,0,0.018207,1.907343,0.073327,0.008435,1.989105,13.270773,15.488357,30.767059
466,0,0.018276,2.038107,0.071047,0.008703,2.117857,13.647957,15.594091,31.378487
467,0,0.018293,1.785753,0.084928,0.008737,1.879418,12.567484,15.621109,30.086899
468,0,0.018827,1.979827,0.069111,0.008123,2.057061,14.410594,15.512923,31.999867
469,0,0.019439,1.920506,0.081383,0.008432,2.010321,13.366113,15.715279,31.111600
470,0,0.019212,1.838539,0.073479,0.008423,1.920441,12.528980,15.671969,30.141012
471,0,0.021312,2.028817,0.074056,0.008643,2.111516,13.310335,15.716093,31.159719
472,0,0.016881,1.929595,0.087138,0.009051,2.025784,12.586654,15.558297,30.187979
473,0,0.021317,2.021394,0.070866,0.008329,2.100589,12.891656,15.504312,30.518471
474,0,0.021487,1.797893,0.100629,0.006677,1.905199,14.005803,14.818844,30.751922
475,0,0.019114,1.822905,0.091090,0.008308,1.922303,13.323525,15.491103,30.756809
476,0,0.022470,2.040792,0.066937,0.008317,2.116046,12.977943,15.549483,30.666525
477,0,0.017964,2.005268,0.069018,0.008550,2.082836,12.990457,15.505894,30.597633
478,0,0.017082,1.816881,0.089644,0.008137,1.914662,14.063475,15.491790,31.487581
479,0,0.017670,1.882390,0.090762,0.008240,1.981392,12.743618,15.457215,30.200599
480,0,0.017742,1.817471,0.086046,0.008934,1.912451,13.574243,15.467711,30.972719
481,0,0.018722,1.896851,0.111871,0.007794,2.016516,12.850803,15.533905,30.420396
482,0,0.020929,1.948800,0.079599,0.008680,2.037079,13.520159,15.480270,31.059002
483,0,0.018629,1.909176,0.069517,0.008059,1.986752,12.787983,15.412327,30.206247
484,0,0.017925,1.956660,0.088965,0.008784,2.054409,13.050416,16.341610,31.464896
485,0,0.019261,2.094182,0.075896,0.008665,2.178743,12.545656,15.377385,30.121727
486,0,0.018662,1.935333,0.061443,0.008214,2.004990,13.566857,15.504772,31.095844
487,0,0.016579,2.174209,0.073781,0.008187,2.256177,12.297432,15.656130,30.226669
488,0,0.018864,2.125665,0.071697,0.009443,2.206805,12.850491,16.416368,31.493198
489,0,0.027117,2.357999,0.073672,0.008199,2.439870,11.707187,16.453942,30.628769
490,0,0.017820,1.961196,0.066629,0.008077,2.035902,12.673930,15.489865,30.218120
491,0,0.020438,1.921066,0.093984,0.008877,2.023927,12.742122,15.610965,30.398156
492,0,0.019350,2.381776,0.069107,0.008109,2.458992,13.197732,15.522157,31.198702
493,0,0.017910,1.867935,0.085778,0.008652,1.962365,12.920213,15.438765,30.339859
494,0,0.016701,1.880213,0.068153,0.008360,1.956726,13.370897,15.476018,30.820889
495,0,0.018415,1.740471,0.102014,0.008158,1.850643,13.641938,15.448366,30.959909
496,0,0.018741,1.917758,0.069080,0.008189,1.995027,11.595131,16.458234,30.067595
497,0,0.017818,1.699386,0.064242,0.008472,1.772100,12.608784,16.459726,30.859072
498,0,0.017778,1.784774,0.091282,0.008414,1.884470,12.670272,15.474532,30.047528
499,0,0.022138,1.915532,0.072068,0.008145,1.995745,13.396837,0.410642,15.826046
500,0,0.008802,2.019083,0.067647,0.007895,2.094625,13.824371,15.685998,31.614268
501,0,0.018076,2.151615,0.074189,0.008347,2.234151,12.876355,15.566186,30.695199
502,0,0.022398,1.931317,0.069253,0.008381,2.008951,12.759330,15.661876,30.453003
503,0,0.019961,1.858245,0.089795,0.008070,1.956110,13.602920,15.503154,31.082733
504,0,0.019177,2.049048,0.068963,0.008252,2.126263,12.936190,15.486196,30.568310
505,0,0.019512,1.838530,0.093252,0.007489,1.939271,12.885743,16.444876,31.289771
506,0,0.022713,2.318995,0.075207,0.008859,2.403061,12.715906,15.545761,30.687939
507,0,0.018227,2.054064,0.065207,0.008193,2.127464,12.461314,15.524263,30.131912
508,0,0.019770,1.841423,0.095550,0.008703,1.945676,13.906836,15.425932,31.298629
509,0,0.020565,2.001680,0.066240,0.008143,2.076063,12.915321,15.833409,30.845925
510,0,0.021682,1.902815,0.129110,0.007620,2.039545,12.621958,15.560550,30.244425
511,0,0.019277,2.014539,0.067439,0.008476,2.090454,13.697811,15.463761,31.272475
512,0,0.020198,1.841848,0.101952,0.008440,1.952240,12.804432,15.455607,30.232975
513,0,0.017507,1.817592,0.072063,0.008381,1.898036,13.728052,15.444492,31.088686
514,0,0.019675,1.921796,0.066869,0.008447,1.997112,12.673105,16.471380,31.161823
515,0,0.018942,1.854701,0.089975,0.008687,1.953363,12.828109,15.455840,30.256777
516,0,0.018550,1.847545,0.067545,0.008159,1.923249,13.735777,15.446033,31.124003
517,0,0.017109,1.824783,0.073392,0.008570,1.906745,12.816485,15.439506,30.180506
518,0,0.018561,2.220503,0.065832,0.008426,2.294761,13.024692,15.393770,30.732185
519,0,0.017442,1.897296,0.079996,0.007404,1.984696,13.787111,15.558000,31.347748
520,0,0.019774,1.974780,0.074405,0.008254,2.057439,13.026872,15.542575,30.647066
521,0,0.020083,2.192359,0.076824,0.008757,2.277940,12.136976,16.422504,30.858193
522,0,0.022025,1.881385,0.092658,0.008223,1.982266,13.224266,15.546112,30.775429
523,0,0.022667,1.885339,0.094828,0.007812,1.987979,12.488356,16.416789,30.916323
524,0,0.021527,2.165500,0.069070,0.009336,2.243906,12.087042,16.397699,30.750666
525,0,0.018520,2.093341,0.067093,0.008591,2.169025,12.140399,16.384512,30.713086
526,0,0.018230,1.958439,0.092057,0.008164,2.058660,12.810378,15.429035,30.316749
527,0,0.029493,2.001489,0.089089,0.008622,2.099200,12.718398,15.449356,30.297047
528,0,0.018549,1.990009,0.069434,0.008180,2.067623,12.933854,15.746603,30.767098
529,0,0.018310,1.930302,0.072078,0.009209,2.011589,12.487394,15.496646,30.014482
530,0,0.018155,2.015504,0.068034,0.008732,2.092270,13.138173,15.424147,30.673336
531,0,0.020216,1.950427,0.081470,0.008722,2.040619,13.993940,16.536737,32.592167
532,0,0.018846,1.999859,0.073483,0.009239,2.082581,12.469530,15.514813,30.086387
533,0,0.019859,1.926308,0.075066,0.008705,2.010079,13.089796,15.486042,30.606717
534,0,0.021166,1.980169,0.071763,0.008908,2.060840,13.180430,15.423183,30.686066
535,0,0.020284,1.837817,0.091461,0.008798,1.938076,13.642712,15.409695,31.011415
536,0,0.022382,2.086570,0.085246,0.008609,2.180425,13.200986,15.327091,30.731301
537,0,0.018824,1.772072,0.069460,0.008301,1.849833,13.172844,16.384072,31.426116
538,0,0.016948,1.767831,0.091428,0.008708,1.867967,12.702387,15.537473,30.125440
539,0,0.022033,2.136676,0.075272,0.008519,2.220467,12.901180,15.775683,30.919929
540,0,0.019449,1.746896,0.088210,0.008072,1.843178,12.827803,16.532450,31.223314
541,0,0.020561,1.956905,0.074936,0.008349,2.040190,13.022057,15.405529,30.488961
542,0,0.021918,1.892341,0.090621,0.008049,1.991011,13.112941,15.509282,30.635556
543,0,0.022731,2.092790,0.081739,0.008428,2.182957,12.773384,15.346954,30.326507
544,0,0.021092,1.965919,0.068620,0.009008,2.043547,13.093429,16.452932,31.611381
545,0,0.020584,2.268437,0.077070,0.009087,2.354594,12.546177,15.770781,30.692623
546,0,0.017109,2.031911,0.064764,0.008061,2.104736,12.008568,16.330748,30.461534
547,0,0.021321,2.018587,0.075618,0.008299,2.102504,12.925713,15.696019,30.746244
548,0,0.020520,1.819848,0.063889,0.008420,1.892157,12.625415,15.738818,30.277416
549,0,0.019782,2.012772,0.084061,0.007679,2.104512,13.493535,15.646894,31.265292
550,0,0.019047,1.831579,0.092224,0.008514,1.932317,12.895196,15.582229,30.429236
551,0,0.019144,1.894311,0.097778,0.008782,2.000871,13.697182,15.669538,31.387225
552,0,0.018484,1.867430,0.084832,0.008382,1.960644,12.827401,15.402913,30.209846
553,0,0.017920,1.905670,0.065623,0.008765,1.980058,12.851238,16.421288,31.270950
554,0,0.020004,1.859513,0.093904,0.008524,1.961941,13.215398,15.454997,30.652713
555,0,0.018675,1.896752,0.079641,0.008194,1.984587,12.800471,15.436619,30.241205
556,0,0.017507,1.963736,0.070094,0.009137,2.042967,12.929242,16.443142,31.438116
557,0,0.018893,1.821502,0.100389,0.007594,1.929485,13.129176,15.438516,30.516532
558,0,0.016059,2.139441,0.072915,0.007791,2.220147,12.854721,15.407010,30.498386
559,0,0.019315,1.930507,0.068564,0.008685,2.007756,12.215161,15.486217,29.729038
560,0,0.021553,1.941985,0.066184,0.008437,2.016606,13.658711,15.437918,31.135237
561,0,0.018196,1.990891,0.072931,0.008545,2.072367,12.759975,15.464872,30.315982
562,0,0.018945,1.802913,0.066322,0.008655,1.877890,13.283473,0.442912,15.623570
563,0,0.008268,1.921996,0.068726,0.008752,1.999474,14.193004,15.694053,31.895235
564,0,0.016750,2.128375,0.075143,0.008184,2.211702,12.638725,15.532348,30.400062
565,0,0.019167,1.827903,0.067057,0.008600,1.903560,13.193841,15.498137,30.615161
566,0,0.023212,1.894610,0.083701,0.008061,1.986372,13.109612,16.431296,31.551113
567,0,0.019894,1.924689,0.064558,0.008483,1.997730,13.188576,15.474349,30.681076
568,0,0.017747,2.005138,0.062877,0.008420,2.076435,12.637856,15.539523,30.271871
569,0,0.017197,1.958530,0.120823,0.008360,2.087713,12.979200,15.428926,30.513424
570,0,0.017895,1.912787,0.135776,0.008733,2.057296,13.770124,15.449190,31.295255
571,0,0.043213,2.014851,0.074810,0.007739,2.097400,12.799156,15.347358,30.287634
572,0,0.020147,2.103492,0.075600,0.009065,2.188157,13.221140,15.386091,30.816023
573,0,0.017627,2.206708,0.064335,0.008194,2.279237,12.935337,16.366090,31.598700
574,0,0.018357,1.926126,0.091390,0.008134,2.025650,13.003056,15.552750,30.600308
575,0,0.016900,1.748527,0.095122,0.008749,1.852398,12.459307,16.376211,30.705243
576,0,0.019478,1.873917,0.079878,0.008499,1.962294,13.030320,15.407698,30.420325
577,0,0.019334,2.213146,0.067182,0.008675,2.289003,12.223585,16.619025,31.151311
578,0,0.022074,2.195710,0.065510,0.008254,2.269474,12.340794,15.543014,30.175675
579,0,0.020642,2.012906,0.080210,0.008386,2.101502,12.970710,15.546550,30.639857
580,0,0.020944,1.959702,0.078633,0.008418,2.046753,13.418557,15.659609,31.146287
581,0,0.021652,2.693952,0.081300,0.006731,2.781983,12.545660,15.493605,30.843558
582,0,0.021347,2.167960,0.079659,0.009780,2.257399,12.658829,15.498329,30.436571
583,0,0.020656,2.278282,0.070217,0.008789,2.357288,12.956605,15.546784,30.881937
584,0,0.019985,2.167797,0.069152,0.007727,2.244676,12.519756,16.407567,31.192666
585,0,0.022093,2.197690,0.074375,0.008236,2.280301,12.021319,16.050331,30.374637
586,0,0.018285,1.739879,0.162207,0.007064,1.909150,13.340330,15.522404,30.790560
587,0,0.017112,2.021991,0.074188,0.007841,2.104020,12.943459,15.524471,30.589815
588,0,0.018053,1.849064,0.095343,0.008404,1.952811,13.836034,15.445086,31.252538
589,0,0.018938,1.992886,0.072609,0.008481,2.073976,13.120824,15.574572,30.788855
590,0,0.019497,2.047449,0.076834,0.008397,2.132680,12.577857,14.478396,29.209004
591,0,0.018976,1.893765,0.072142,0.008545,1.974452,13.549134,15.405245,30.948298
592,0,0.017456,1.815648,0.095439,0.008393,1.919480,13.050189,16.373650,31.361383
593,0,0.016669,1.891065,0.067848,0.009004,1.967917,12.512856,15.463543,29.962228
594,0,0.018687,2.057269,0.069320,0.008572,2.135161,14.732286,15.387252,32.273909
595,0,0.019604,1.814804,0.093141,0.008451,1.916396,12.563088,16.356502,30.856035
596,0,0.017607,2.223212,0.063927,0.007934,2.295073,12.638955,15.422746,30.375114
597,0,0.018966,1.928014,0.075436,0.008559,2.012009,13.486540,15.436779,30.954930
598,0,0.018150,1.727541,0.094262,0.007941,1.829744,13.308847,15.390027,30.547408
599,0,0.021082,2.047161,0.072650,0.008801,2.128612,13.563447,15.526774,31.240512
600,0,0.020606,2.093578,0.077249,0.008332,2.179159,12.061538,16.406025,30.667962
601,0,0.021287,2.385856,0.070028,0.007003,2.462887,12.349766,15.496440,30.331052
602,0,0.017584,1.802082,0.093232,0.008064,1.903378,13.595857,15.463610,30.980916
603,0,0.020423,1.938112,0.091275,0.008508,2.037895,13.161174,15.522359,30.742408
604,0,0.017697,1.993674,0.071368,0.008033,2.073075,13.064870,15.416995,30.573324
605,0,0.017906,1.975163,0.067315,0.008608,2.051086,13.053640,15.485927,30.609130
606,0,0.020728,1.920561,0.072111,0.007938,2.000610,13.261875,15.397009,30.680815
607,0,0.019361,1.896695,0.072084,0.008460,1.977239,13.043874,16.556416,31.597389
608,0,0.019396,2.104805,0.077106,0.008309,2.190220,12.880012,15.444302,30.534517
609,0,0.016277,1.974942,0.072002,0.009470,2.056414,12.800895,15.467425,30.341471
610,0,0.021906,2.010483,0.091436,0.007018,2.108937,12.926190,15.466490,30.524209
611,0,0.021463,1.902429,0.071209,0.008617,1.982255,13.467913,15.514343,30.986544
612,0,0.019225,1.886664,0.100323,0.008193,1.995180,13.171838,15.429724,30.616560
613,0,0.017195,2.050427,0.075254,0.009071,2.134752,13.714584,15.437474,31.304409
614,0,0.017540,1.796872,0.065965,0.008665,1.871502,13.002949,15.637662,30.530264
615,0,0.017969,2.248603,0.068159,0.008265,2.325027,12.745282,15.445511,30.534297
616,0,0.019805,2.157428,0.076545,0.008411,2.242384,12.713809,16.386688,31.363121
617,0,0.018258,1.839051,0.093167,0.008424,1.940642,12.767424,15.476727,30.203522
618,0,0.019519,1.967862,0.196669,0.007648,2.172179,13.110465,15.374287,30.677180
619,0,0.017907,1.796356,0.090727,0.008496,1.895579,13.591966,15.387983,30.894092
620,0,0.019650,2.116080,0.075693,0.010193,2.201966,12.698354,16.370776,31.291375
621,0,0.017696,1.944074,0.065778,0.008645,2.018497,12.985130,15.512622,30.534398
622,0,0.020716,2.078208,0.106126,0.007019,2.191353,11.464865,15.679706,29.356983
623,0,0.018851,1.909643,0.071198,0.008494,1.989335,13.683147,15.450208,31.142082
624,0,0.015176,2.082495,0.068805,0.008192,2.159492,12.917911,15.373943,30.467042
625,0,0.018710,1.937496,0.075403,0.008759,2.021658,13.197925,0.423661,15.662597
626,0,0.008203,2.131406,0.077980,0.008295,2.217681,13.956075,15.519345,31.701922
627,0,0.022137,1.869466,0.084405,0.008577,1.962448,13.200511,15.544705,30.730312
628,0,0.021248,1.939768,0.086401,0.008428,2.034597,13.014727,15.466990,30.538136
629,0,0.021515,1.915472,0.112502,0.007888,2.035862,13.690806,15.390531,31.139104
630,0,0.018124,1.968894,0.083903,0.008642,2.061439,13.340031,15.433448,30.853623
631,0,0.017563,2.006599,0.095741,0.007877,2.110217,12.719637,15.428538,30.276448
632,0,0.017760,1.850757,0.090643,0.008708,1.950108,12.994925,16.423720,31.387176
633,0,0.019458,2.003188,0.077097,0.008221,2.088506,12.271789,16.373868,30.754233
634,0,0.018106,1.739328,0.086620,0.008082,1.834030,13.276686,15.395455,30.524847
635,0,0.017748,1.921189,0.072014,0.008429,2.001632,12.448624,16.391448,30.859900
636,0,0.018711,1.881070,0.088769,0.008559,1.978398,12.866425,15.458562,30.322502
637,0,0.016469,2.565977,0.076144,0.007353,2.649474,12.515893,15.807725,30.990201
638,0,0.017153,2.103038,0.069657,0.008368,2.181063,13.136880,15.536374,30.871868
639,0,0.017325,2.414474,0.072477,0.008250,2.495201,13.216301,15.057164,30.786439
640,0,0.018423,1.798965,0.094871,0.008805,1.902641,13.052197,15.554478,30.528227
641,0,0.029039,1.828846,0.090185,0.007862,1.926893,13.067851,15.635811,30.660059
642,0,0.019045,2.489921,0.105392,0.008243,2.603556,12.381513,16.492550,31.497213
643,0,0.027946,2.127029,0.074414,0.008024,2.209467,12.444352,15.535509,30.217764
644,0,0.019617,1.928037,0.080870,0.007913,2.016820,13.233114,15.552606,30.822743
645,0,0.020100,2.035832,0.070971,0.008989,2.115792,13.412963,15.600232,31.149566
646,0,0.019851,2.056247,0.078141,0.008387,2.142775,12.445167,15.428964,30.037217
647,0,0.018817,1.850619,0.095400,0.007891,1.953910,13.518536,15.432589,30.924459
648,0,0.018367,1.872678,0.091839,0.008497,1.973014,13.456182,15.709265,31.157369
649,0,0.018060,1.823463,0.065601,0.008941,1.898005,13.425904,15.493298,30.835773
650,0,0.018890,1.908636,0.078411,0.008084,1.995131,12.836060,15.439295,30.289823
651,0,0.014455,1.793053,0.074672,0.008582,1.876307,13.061996,16.392029,31.345266
652,0,0.019372,2.115258,0.114891,0.008489,2.238638,12.678303,15.475942,30.412802
653,0,0.019254,2.040699,0.063253,0.008316,2.112268,12.935102,14.394028,29.461240
654,0,0.019396,1.889664,0.070488,0.008500,1.968652,13.179608,16.476937,31.644922
655,0,0.018473,1.812799,0.104893,0.008461,1.926153,12.388832,16.392336,30.726430
656,0,0.018894,1.957834,0.067262,0.008495,2.033591,12.220225,15.642118,29.915360
657,0,0.018310,1.774298,0.092659,0.008344,1.875301,14.693360,15.746325,32.333564
658,0,0.019363,1.780815,0.078392,0.008620,1.867827,12.869019,15.620823,30.377611
659,0,0.020534,1.839025,0.083980,0.008654,1.931659,13.440155,15.685442,31.078380
660,0,0.017955,1.772537,0.104142,0.006953,1.883632,13.306804,15.455929,30.664896
661,0,0.020012,1.887163,0.137212,0.007510,2.031885,12.498194,16.358490,30.909186
662,0,0.020350,2.103644,0.062087,0.007627,2.173358,12.161551,16.450464,30.806168
663,0,0.018859,2.250005,0.065076,0.008021,2.323102,12.554110,15.363151,30.259735
664,0,0.018966,2.278287,0.064946,0.008401,2.351634,12.459238,16.455959,31.286236
665,0,0.018344,2.959369,0.071480,0.008960,3.039809,11.864356,15.516175,30.439331
666,0,0.018309,1.946616,0.069643,0.008493,2.024752,13.247032,15.619742,30.910418
667,0,0.018976,1.896349,0.091166,0.011784,1.999299,13.388954,15.470884,30.878572
668,0,0.018212,1.866804,0.090760,0.007931,1.965495,12.501804,16.387851,30.873873
669,0,0.018102,1.830646,0.083316,0.008752,1.922714,12.519488,16.374480,30.835364
670,0,0.018410,1.949445,0.073293,0.008370,2.031108,12.179670,16.512811,30.742420
671,0,0.020507,1.812874,0.086041,0.008645,1.907560,13.075316,15.529670,30.533579
672,0,0.019972,2.098562,0.064046,0.007208,2.169816,13.027326,15.404803,30.622468
673,0,0.017936,1.866533,0.089721,0.008888,1.965142,13.268092,15.455584,30.707268
674,0,0.022023,1.980119,0.069660,0.008652,2.058431,13.010146,15.432230,30.523274
675,0,0.020918,1.766361,0.096907,0.008304,1.871572,13.290143,15.491943,30.674974
676,0,0.020640,2.162054,0.117257,0.007065,2.286376,13.641844,15.510869,31.460254
677,0,0.022107,2.137807,0.094746,0.008141,2.240694,12.790596,15.487376,30.541316
678,0,0.025213,2.774607,0.105606,0.009048,2.889261,11.446980,15.856471,30.218456
679,0,0.016357,1.739382,0.086552,0.008741,1.834675,13.857782,15.381549,31.090935
680,0,0.018540,1.936213,0.062081,0.008072,2.006366,13.497393,15.468461,30.991231
681,0,0.021233,1.935746,0.075777,0.008738,2.020261,13.145600,15.452005,30.639452
682,0,0.020555,1.692815,0.075425,0.008513,1.776753,13.530023,15.379979,30.707879
683,0,0.017803,1.958095,0.086186,0.008454,2.052735,12.887740,16.417780,31.376668
684,0,0.018786,1.993329,0.066823,0.008821,2.068973,12.566519,15.350875,30.005664
685,0,0.018241,1.628072,0.066289,0.008551,1.702912,12.122964,16.399424,30.243959
686,0,0.018421,1.811614,0.092031,0.008457,1.912102,12.654504,16.356389,30.941915
687,0,0.018548,1.883437,0.098064,0.015628,1.997129,12.243527,16.439608,30.699231
688,0,0.019799,2.171716,0.091732,0.008671,2.272119,12.669753,16.578772,31.540955
689,0,0.018989,1.985366,0.080468,0.008490,2.074324,13.256584,15.727601,31.077893
690,0,0.017753,1.820637,0.091744,0.008016,1.920397,12.366277,15.705337,30.010295
691,0,0.019293,1.736672,0.097745,0.007747,1.842164,13.559029,15.531839,30.952870
692,0,0.019208,2.099295,0.064825,0.007987,2.172107,13.332359,15.428584,30.952933
693,0,0.019689,2.071746,0.070957,0.007872,2.150575,13.093871,15.450692,30.715410
694,0,0.018727,2.018662,0.073062,0.008673,2.100397,12.622618,16.471276,31.213619
695,0,0.019475,1.815691,0.067104,0.008913,1.891708,13.022858,15.494008,30.428601
696,0,0.019678,1.867161,0.100667,0.008299,1.976127,12.816130,15.487261,30.299724
697,0,0.021250,1.999467,0.070348,0.008763,2.078578,13.083996,16.441045,31.625446
698,0,0.017965,1.734921,0.116291,0.007694,1.858906,12.562690,16.344463,30.784557
699,0,0.019485,1.927866,0.068634,0.009006,2.005506,12.979098,15.348520,30.353169
700,0,0.018452,1.986256,0.076983,0.008713,2.071952,13.096930,15.354144,30.542020
701,0,0.016658,1.787306,0.105061,0.007733,1.900100,12.740718,16.361661,31.019722
702,0,0.018366,1.864289,0.094596,0.008021,1.966906,12.898523,15.542586,30.426850
703,0,0.016818,2.047298,0.094737,0.008188,2.150223,12.628583,16.148058,30.944405
704,0,0.016816,1.843793,0.096066,0.008250,1.948109,13.283741,15.516616,30.765838
705,0,0.016229,2.173683,0.080217,0.008266,2.262166,13.199596,15.549334,31.027831
706,0,0.020723,2.431429,0.067565,0.008506,2.507500,12.229826,15.494650,30.253343
707,0,0.028920,2.230377,0.070717,0.007187,2.308281,12.583141,16.612547,31.533379
708,0,0.019762,1.964480,0.076658,0.007402,2.048540,12.598018,15.679985,30.346872
709,0,0.021301,1.861348,0.091723,0.007385,1.960456,13.089912,15.426343,30.498512
710,0,0.018873,1.785736,0.066790,0.008680,1.861206,12.846530,16.463912,31.190915
711,0,0.017956,1.720840,0.093155,0.008709,1.822704,12.591604,16.481850,30.914686
712,0,0.021594,1.899891,0.091318,0.008613,1.999822,12.835987,15.551200,30.409015
713,0,0.022142,2.024323,0.090608,0.008667,2.123598,12.438385,16.437547,31.022159
714,0,0.016668,1.837940,0.092834,0.008296,1.939070,12.651298,16.439709,31.048048
715,0,0.019178,1.913983,0.100165,0.008484,2.022632,12.651466,15.514747,30.208616
716,0,0.018364,1.961179,0.069902,0.008394,2.039475,12.000478,15.457178,29.516054
717,0,0.016915,1.798189,0.098265,0.007845,1.904299,12.997673,16.574900,31.494253
718,0,0.019298,1.880582,0.144431,0.007603,2.032616,12.334080,15.647427,30.033922
719,0,0.018518,2.729995,0.065373,0.007403,2.802771,12.383159,16.335437,31.540313
720,0,0.018033,1.883772,0.106277,0.008995,1.999044,13.753654,15.581078,31.352443
721,0,0.019583,1.893185,0.122458,0.007432,2.023075,13.276657,15.752717,31.072454
722,0,0.019297,2.033140,0.085186,0.008664,2.126990,12.812400,15.473742,30.433067
723,0,0.020558,1.953987,0.069694,0.009626,2.033307,12.778945,16.454898,31.288427
724,0,0.020108,1.915007,0.076416,0.007827,1.999250,12.694070,15.348123,30.062086
725,0,0.022249,2.065798,0.073852,0.008686,2.148336,12.725212,16.335100,31.231467
726,0,0.018401,1.951070,0.070772,0.008721,2.030563,12.889571,15.470497,30.409607
727,0,0.019770,2.004125,0.069893,0.010331,2.084349,12.449055,16.400020,30.953654
728,0,0.018971,2.001303,0.065142,0.008243,2.074688,13.255073,15.434318,30.783522
729,0,0.018404,1.960557,0.092797,0.009018,2.062372,12.955640,15.501718,30.538665
730,0,0.018556,1.816332,0.088501,0.008226,1.913059,13.384285,15.329425,30.645758
731,0,0.017775,1.909599,0.081386,0.008387,1.999372,13.402728,15.465014,30.885486
732,0,0.019555,2.162248,0.070858,0.008403,2.241509,13.126290,15.385390,30.773325
733,0,0.017876,1.839452,0.087598,0.008655,1.935705,13.600917,15.370761,30.925692
734,0,0.018191,1.969319,0.087291,0.008329,2.064939,13.284024,15.397677,30.765285
735,0,0.017583,1.964501,0.075648,0.008406,2.048555,12.923606,15.623511,30.613768
736,0,0.021209,2.844031,0.068820,0.008037,2.920888,11.611705,16.335211,30.889326
737,0,0.017972,2.061717,0.070987,0.008374,2.141078,13.045873,15.566042,30.771337
738,0,0.018939,1.872517,0.089499,0.008551,1.970567,13.080932,15.543348,30.614181
739,0,0.019022,1.863386,0.087881,0.008291,1.959558,13.083717,15.582675,30.645403
740,0,0.019301,1.912725,0.132533,0.009361,2.054619,12.689335,16.520354,31.284059
741,0,0.018128,1.880623,0.078851,0.008634,1.968108,12.305874,16.561552,30.854167
742,0,0.019069,1.963160,0.067434,0.009196,2.039790,12.915745,15.561736,30.536735
743,0,0.018178,2.176884,0.076790,0.009025,2.262699,12.492100,15.661209,30.434473
744,0,0.026986,2.610562,0.081707,0.006389,2.698658,12.401004,15.492428,30.619709
745,0,0.019850,2.007378,0.075250,0.007335,2.089963,13.437697,15.556880,31.104701
746,0,0.018859,1.930945,0.096492,0.008518,2.035955,13.252182,15.682481,30.989954
747,0,0.017944,1.953042,0.091126,0.008779,2.052947,11.447575,15.540719,29.059737
748,0,0.019463,1.992877,0.082197,0.007214,2.082288,13.149001,15.679540,30.930729
749,0,0.017688,2.108611,0.077460,0.008030,2.194101,13.644186,15.597471,31.454181
750,0,0.019425,1.885884,0.093916,0.008190,1.987990,12.909172,15.469408,30.386491
751,0,0.020243,2.166692,0.072692,0.008177,2.247561,13.467416,15.577107,31.312813
752,0,0.020262,1.886938,0.085908,0.007977,1.980823,13.484159,15.681790,31.167428
753,0,0.021748,2.840513,0.078771,0.011135,2.930419,12.231831,15.533268,30.717906
754,0,0.020881,1.886353,0.096690,0.008680,1.991723,13.074857,15.482355,30.570406
755,0,0.019552,1.883932,0.101431,0.008115,1.993478,13.267368,15.405559,30.686527
756,0,0.015298,1.772451,0.095008,0.008743,1.876202,13.109532,15.638919,30.640384
757,0,0.019617,1.844648,0.095018,0.008644,1.948310,13.127586,16.411670,31.507735
758,0,0.019713,1.902467,0.109769,0.008924,2.021160,12.980374,15.364815,30.386999
759,0,0.021128,2.010911,0.069148,0.008812,2.088871,13.474964,15.641561,31.227217
760,0,0.022561,2.479391,0.069321,0.007944,2.556656,12.229034,15.405394,30.213992
761,0,0.021323,1.940683,0.091726,0.008352,2.040761,13.504493,15.369483,30.936664
762,0,0.017602,1.975426,0.093153,0.008369,2.076948,13.328372,15.356567,30.780043
763,0,0.017260,1.971171,0.086633,0.007062,2.064866,13.355359,15.561555,30.999560
764,0,0.018772,1.864493,0.091489,0.008626,1.964608,13.093791,15.648408,30.725967
765,0,0.017170,2.047754,0.088122,0.010318,2.146194,12.282185,16.593101,31.038991
766,0,0.019170,1.823878,0.089685,0.007951,1.921514,13.490143,15.705792,31.137148
767,0,0.019495,2.193589,0.077569,0.009328,2.280486,12.784579,15.475214,30.560386
768,0,0.019217,2.074291,0.073927,0.008842,2.157060,12.122576,16.142143,30.441464
769,0,0.020362,1.958594,0.072582,0.008450,2.039626,13.662885,15.602318,31.325748
770,0,0.019825,1.872897,0.090321,0.008908,1.972126,13.380531,15.520637,30.893689
771,0,0.017135,2.562425,0.103883,0.009209,2.675517,13.179146,14.582217,30.454598
772,0,0.018148,1.744112,0.090994,0.007974,1.843080,13.735265,15.641984,31.238901
773,0,0.019149,1.862382,0.088468,0.008421,1.959271,12.573910,15.499994,30.052857
774,0,0.017224,1.884172,0.080813,0.008250,1.973235,13.565719,15.455576,31.012206
775,0,0.020679,1.917046,0.092655,0.008858,2.018559,13.503183,15.485742,31.028630
776,0,0.021730,1.967064,0.074577,0.008409,2.050050,13.299572,15.482467,30.854283
777,0,0.022593,2.010066,0.071599,0.008794,2.090459,12.412320,16.374974,30.900886
778,0,0.017323,1.839641,0.095244,0.008317,1.943202,13.068625,14.544823,29.574528
779,0,0.020317,1.945337,0.084120,0.008331,2.037788,12.838668,16.480370,31.377731
780,0,0.017736,1.895528,0.069402,0.008660,1.973590,12.345333,16.396740,30.733957
781,0,0.020637,2.076175,0.075182,0.008406,2.159763,12.176087,16.418824,30.775765
782,0,0.018775,1.801442,0.075242,0.008905,1.885589,13.511768,16.398546,31.815238
783,0,0.018203,2.086597,0.082824,0.009884,2.179305,12.427944,15.504678,30.130621
784,0,0.016136,1.858510,0.072877,0.008935,1.940322,13.462651,15.474797,30.894478
785,0,0.018245,1.753159,0.089738,0.008230,1.851127,13.766900,15.651068,31.287856
786,0,0.022493,2.494696,0.072391,0.007658,2.574745,12.194094,15.434102,30.225869
787,0,0.020845,1.931195,0.069420,0.008218,2.008833,13.336311,15.341124,30.707597
788,0,0.017247,1.830519,0.078502,0.009220,1.918241,13.907161,15.439227,31.282449
789,0,0.018002,1.711247,0.099616,0.007811,1.818674,12.868115,16.665051,31.370521
790,0,0.017688,2.006973,0.066792,0.008149,2.081914,12.552103,15.929787,30.582376
791,0,0.019628,1.920568,0.063986,0.008896,1.993450,13.086886,15.486731,30.587235
792,0,0.018569,2.135589,0.069477,0.008944,2.214010,12.839958,15.445429,30.518440
793,0,0.016981,1.969438,0.070119,0.008401,2.047958,12.785896,16.476049,31.327436
794,0,0.015821,2.619477,0.075910,0.007859,2.703246,12.458431,15.730208,30.908272
795,0,0.023608,2.097850,0.071905,0.008264,2.178019,12.525117,15.704227,30.431627
796,0,0.022309,2.144431,0.075982,0.008284,2.228697,12.725190,16.348016,31.324772
797,0,0.020801,1.974290,0.070443,0.009152,2.053885,12.682116,15.495972,30.253380
798,0,0.019721,2.047101,0.062360,0.008266,2.117727,12.649942,16.391343,31.179166
799,0,0.017876,1.864206,0.087541,0.009462,1.961209,12.623193,15.485970,30.088660
800,0,0.019146,2.192666,0.071054,0.009484,2.273204,12.831598,16.538482,31.662833
801,0,0.018308,1.959334,0.067699,0.009167,2.036200,12.656386,15.525347,30.236802
802,0,0.019872,1.864257,0.080075,0.008324,1.952656,12.816350,16.338761,31.128316
803,0,0.019515,2.007227,0.065760,0.015194,2.088181,12.377833,16.527635,31.013756
804,0,0.021328,2.056883,0.077878,0.008585,2.143346,12.248298,15.636399,30.049942
805,0,0.018829,1.781149,0.087852,0.008849,1.877850,13.848318,15.560694,31.306382
806,0,0.019602,2.160691,0.079356,0.008441,2.248488,12.794807,15.358099,30.421385
807,0,0.019129,1.774907,0.131448,0.008611,1.914966,13.815391,15.404729,31.154532
808,0,0.017353,1.923358,0.075762,0.008330,2.007450,12.678657,15.962493,30.666585
809,0,0.019427,1.886261,0.085547,0.008489,1.980297,12.930974,16.513669,31.444905
810,0,0.018654,1.874398,0.091652,0.008332,1.974382,11.408020,16.364172,29.765643
811,0,0.019043,2.140221,0.076602,0.008025,2.224848,12.642049,15.736073,30.622491
812,0,0.020178,2.193723,0.076585,0.008355,2.278663,12.338522,15.627527,30.265343
813,0,0.021288,1.919893,0.084576,0.008785,2.013254,13.933760,16.542211,32.511078
814,0,0.021370,1.952918,0.072643,0.009219,2.034780,12.442819,16.386432,30.885843
815,0,0.018978,1.792618,0.068876,0.009025,1.870519,12.373344,16.474253,30.737658
816,0,0.020110,1.973168,0.080891,0.008776,2.062835,12.834334,15.492692,30.410565
817,0,0.020409,2.226791,0.061908,0.008026,2.296725,13.289102,15.477363,31.084045
818,0,0.020059,2.093048,0.105382,0.008708,2.207138,12.222600,16.499481,30.949955
819,0,0.020918,2.006129,0.083479,0.008519,2.098127,12.768844,15.419733,30.308277
820,0,0.018695,1.978448,0.089062,0.008331,2.075841,13.565617,15.493105,31.153767
821,0,0.018788,1.953858,0.080783,0.014006,2.048647,12.666461,16.465457,31.199983
822,0,0.019096,1.874085,0.095286,0.008056,1.977427,12.168894,16.390897,30.556931
823,0,0.019423,2.006663,0.077287,0.008799,2.092749,12.403758,16.471145,30.987760
824,0,0.017596,1.797085,0.089336,0.009328,1.895749,12.404187,16.453682,30.771774
825,0,0.018431,1.958273,0.098076,0.008920,2.065269,12.885602,15.522885,30.492903
826,0,0.019121,1.841943,0.094961,0.007881,1.944785,13.436243,15.362490,30.763004
827,0,0.019963,1.849207,0.085536,0.008028,1.942771,12.937665,16.363383,31.264305
828,0,0.018995,1.807375,0.065122,0.009426,1.881923,12.357985,16.284613,30.543910
829,0,0.017294,2.124499,0.072627,0.007556,2.204682,12.562634,16.386796,31.171773
830,0,0.017829,1.778883,0.090208,0.008545,1.877636,12.754462,15.331803,29.982139
831,0,0.016667,1.957304,0.069368,0.008256,2.034928,13.610403,15.566577,31.228987
832,0,0.019063,2.010304,0.073152,0.008489,2.091945,12.891118,15.676000,30.678632
833,0,0.018931,1.747179,0.090921,0.008542,1.846642,12.907529,16.487239,31.260773
834,0,0.020131,1.855760,0.118882,0.007449,1.982091,12.282518,16.417827,30.703043
835,0,0.019337,2.137292,0.073220,0.008870,2.219382,12.761581,15.507961,30.508831
836,0,0.019077,2.017566,0.078500,0.008451,2.104517,13.019129,15.574396,30.717513
837,0,0.019278,2.744844,0.096396,0.007687,2.848927,12.583228,15.599464,31.051294
838,0,0.016614,2.486632,0.067738,0.008825,2.563195,12.237668,15.648795,30.466678
839,0,0.016821,1.992206,0.091094,0.008076,2.091376,13.485791,15.497655,31.092264
840,0,0.017414,1.830982,0.090359,0.008627,1.929968,13.104962,15.547007,30.599705
841,0,0.017701,1.879545,0.084581,0.008122,1.972248,12.894999,15.607870,30.493215
842,0,0.020584,2.041373,0.072700,0.008059,2.122132,12.748416,15.490946,30.382493
843,0,0.019478,1.853956,0.110987,0.007785,1.972728,13.240111,15.492283,30.724995
844,0,0.019732,2.027448,0.079388,0.008165,2.115001,12.654572,16.621092,31.410956
845,0,0.023327,1.993409,0.071984,0.009389,2.074782,13.790339,15.453258,31.342459
846,0,0.020315,1.880493,0.085589,0.008673,1.974755,12.959177,16.407413,31.362106
847,0,0.018441,1.768384,0.087409,0.008612,1.864405,12.589228,15.404305,29.876998
848,0,0.021572,1.870754,0.088023,0.008536,1.967313,13.206344,16.478425,31.674399
849,0,0.021471,1.976059,0.068715,0.008550,2.053324,12.125367,16.356755,30.557431
850,0,0.018243,1.892457,0.095006,0.008492,1.995955,12.950913,15.427040,30.392541
851,0,0.018897,1.848872,0.091156,0.008416,1.948444,13.168575,16.374479,31.510975
852,0,0.020247,1.952989,0.070717,0.008486,2.032192,12.566617,15.502117,30.121755
853,0,0.017612,2.064707,0.080491,0.008016,2.153214,13.249846,15.445141,30.866789
854,0,0.019877,1.799065,0.094809,0.008506,1.902380,13.676219,15.334867,30.933780
855,0,0.015472,1.988205,0.068956,0.008404,2.065565,13.067458,15.351316,30.500101
856,0,0.016635,1.913085,0.102385,0.008564,2.024034,13.277447,15.485397,30.804192
857,0,0.021124,2.177667,0.073108,0.008816,2.259591,13.492498,15.441998,31.215768
858,0,0.021624,2.040828,0.071805,0.008779,2.121412,13.327566,15.417479,30.888691
859,0,0.021183,2.053836,0.064189,0.008404,2.126429,13.047468,15.489774,30.685377
860,0,0.020197,2.106185,0.067121,0.008275,2.181581,12.580134,16.379766,31.162199
861,0,0.018508,1.871142,0.100696,0.008394,1.980232,13.227568,15.446880,30.673604
862,0,0.018823,1.809571,0.083163,0.008788,1.901522,13.282067,15.355513,30.558368
863,0,0.017218,1.956476,0.075294,0.008885,2.040655,13.421510,15.510006,30.989886
864,0,0.022436,2.604634,0.085680,0.008457,2.698771,12.075533,16.488640,31.285882
865,0,0.017768,1.917416,0.070895,0.008800,1.997111,12.546520,15.552778,30.114723
866,0,0.021813,2.090337,0.079523,0.007706,2.177566,13.298416,15.519943,31.018388
867,0,0.029142,2.350719,0.065724,0.009010,2.425453,12.406191,16.399254,31.260634
868,0,0.018813,1.909950,0.085469,0.008786,2.004205,12.574598,15.376478,29.974610
869,0,0.020376,2.247087,0.071643,0.008623,2.327353,12.783358,16.441602,31.573209
870,0,0.019175,1.753612,0.103690,0.008575,1.865877,12.847877,15.522147,30.255463
871,0,0.018903,1.951085,0.067780,0.009200,2.028065,13.246586,15.632774,30.926827
872,0,0.018676,1.941333,0.073544,0.007195,2.022072,11.894362,16.610551,30.546266
873,0,0.020326,2.080677,0.084527,0.008789,2.173993,12.205710,15.584311,29.984784
874,0,0.034813,1.906688,0.074095,0.008249,1.989032,12.839456,16.647239,31.511184
875,0,0.018795,2.248980,0.079743,0.008482,2.337205,12.768733,15.619789,30.744911
876,0,0.018242,1.879034,0.090869,0.011486,1.981389,14.136597,15.587714,31.724339
877,0,0.017731,1.848630,0.087949,0.009128,1.945707,12.990361,15.651317,30.605588
878,0,0.017349,2.012240,0.072385,0.008478,2.093103,12.450817,16.469397,31.031176
879,0,0.019642,2.296457,0.070001,0.008380,2.374838,12.352022,16.391171,31.138065
880,0,0.021015,1.839780,0.067293,0.008401,1.915474,12.546641,15.514750,29.998327
881,0,0.019324,1.868632,0.093760,0.008657,1.971049,13.329383,15.811507,31.131726
882,0,0.019484,1.805387,0.097358,0.008713,1.911458,12.915823,15.492290,30.339619
883,0,0.020291,1.776042,0.107039,0.007314,1.890395,13.799144,15.410803,31.121088
884,0,0.018607,1.981016,0.066433,0.008608,2.056057,13.024529,15.406390,30.506210
885,0,0.018322,1.898900,0.078614,0.008627,1.986141,13.743518,15.383453,31.131985
886,0,0.018269,1.921328,0.093429,0.007922,2.022679,13.371502,15.387859,30.800969
887,0,0.018251,1.920773,0.074186,0.008853,2.003812,13.250548,15.371115,30.644173
888,0,0.018111,1.928385,0.074327,0.008705,2.011417,13.673978,15.432950,31.136889
889,0,0.016587,1.628429,0.064792,0.008130,1.701351,13.319640,15.425121,30.463224
890,0,0.021077,2.060415,0.083830,0.008120,2.152365,13.314667,15.392533,30.881201
891,0,0.019671,2.009800,0.070400,0.008738,2.088938,13.034238,16.497566,31.640933
892,0,0.018246,1.982825,0.077422,0.008618,2.068865,12.715655,15.328096,30.131395
893,0,0.018585,1.996521,0.063803,0.008165,2.068489,12.786452,16.519557,31.393830
894,0,0.021989,2.322251,0.075073,0.008642,2.405966,12.443832,15.481664,30.354122
895,0,0.020972,2.296024,0.069716,0.008098,2.373838,12.211285,16.624186,31.230928
896,0,0.018915,2.522805,0.074449,0.010327,2.607581,12.462775,15.647701,30.737358
897,0,0.022376,1.973597,0.075329,0.008767,2.057693,12.345660,16.401374,30.827572
898,0,0.020133,1.871857,0.096015,0.008560,1.976432,13.127033,15.477251,30.601335
899,0,0.020935,2.203209,0.070600,0.008952,2.282761,13.062515,15.611549,30.978284
900,0,0.019111,1.985697,0.101046,0.008257,2.095000,12.773197,15.460234,30.348070
901,0,0.021555,2.275436,0.077653,0.008361,2.361450,12.931220,15.459459,30.774113
902,0,0.019735,2.054335,0.095358,0.008888,2.158581,13.218475,15.486572,30.883976
903,0,0.020728,1.971417,0.080706,0.008433,2.060556,11.746485,16.442057,30.270588
904,0,0.021174,1.845029,0.098258,0.108144,2.051431,12.967823,15.612469,30.653438
905,0,0.017984,2.057767,0.079441,0.008030,2.145238,13.090647,15.436146,30.690368
906,0,0.017869,1.946287,0.077525,0.008202,2.032014,13.475699,15.454993,30.981092
907,0,0.021048,1.916614,0.075965,0.008538,2.001117,13.700559,16.450792,32.173959
908,0,0.016727,1.853589,0.090067,0.008789,1.952445,12.384473,16.377268,30.731305
909,0,0.017420,1.769840,0.082504,0.008383,1.860727,13.068452,15.392264,30.339355
910,0,0.018839,1.870940,0.069342,0.009198,1.949480,13.397842,15.393013,30.759869
911,0,0.017783,1.807824,0.094567,0.008190,1.910581,13.670447,15.398129,30.997610
912,0,0.020108,1.935091,0.078794,0.008469,2.022354,13.515555,15.464704,31.023286
913,0,0.017884,2.014357,0.074248,0.008872,2.097477,13.137351,15.489559,30.742787
914,0,0.022313,1.879676,0.082990,0.008101,1.970767,12.877471,15.480260,30.351222
915,0,0.032961,2.285034,0.076736,0.009020,2.370790,13.185855,15.518102,31.108246
916,0,0.021025,2.267750,0.073440,0.008201,2.349391,14.070280,14.592358,31.033991
917,0,0.032635,2.421710,0.068800,0.008667,2.499177,12.102179,15.536610,30.171175
918,0,0.020604,1.898144,0.093170,0.008312,1.999626,13.927198,15.816850,31.764719
919,0,0.020145,1.980887,0.069881,0.008377,2.059145,12.628965,15.520278,30.229010
920,0,0.018962,2.184043,0.075247,0.007695,2.266985,13.310427,15.464435,31.061283
921,0,0.017458,1.909419,0.087764,0.008014,2.005197,12.384325,16.416869,30.824378
922,0,0.017861,2.034453,0.082921,0.007734,2.125108,12.702448,15.458977,30.304849
923,0,0.042976,2.001736,0.077163,0.007915,2.086814,13.205513,15.598269,30.933970
924,0,0.018305,1.914964,0.090793,0.008461,2.014218,13.333374,15.706403,31.072744
925,0,0.018442,1.957324,0.078407,0.008239,2.043970,13.329900,15.588104,30.980850
926,0,0.018810,2.034896,0.074945,0.007931,2.117772,12.566313,15.598555,30.301912
927,0,0.020675,2.456190,0.059861,0.006993,2.523044,13.600668,14.702964,30.847756
928,0,0.020785,2.033480,0.076197,0.008412,2.118089,12.914793,16.467149,31.521528
929,0,0.018362,1.885553,0.104705,0.011666,2.001924,12.548311,15.494077,30.063819
930,0,0.018827,1.932268,0.068654,0.008776,2.009698,12.700108,16.667134,31.396202
931,0,0.020518,2.000762,0.077119,0.008283,2.086164,13.151829,15.448599,30.707538
932,0,0.020205,2.045888,0.072561,0.008531,2.126980,12.843959,15.474159,30.466113
933,0,0.019703,1.819642,0.099909,0.008421,1.927972,13.749570,15.450680,31.148596
934,0,0.017679,1.870442,0.089116,0.008295,1.967853,13.341431,15.543118,30.870610
935,0,0.020010,2.004311,0.068200,0.008193,2.080704,11.671000,16.436904,30.209057
936,0,0.017708,1.881121,0.095310,0.008517,1.984948,14.719719,13.788683,30.511799
937,0,0.018484,1.828322,0.095027,0.008815,1.932164,13.314261,15.475360,30.740641
938,0,0.018634,1.832630,0.106726,0.008035,1.947391,13.769259,16.471785,32.207584
939,0,0.030254,2.102831,0.075799,0.008316,2.186946,12.600474,15.623952,30.442115
940,0,0.076012,2.001273,0.077176,0.007316,2.085765,15.160536,13.596073,30.918774
941,0,0.018841,2.050924,0.080926,0.008051,2.139901,13.221827,15.589109,30.970132
942,0,0.019764,1.921188,0.078630,0.007872,2.007690,12.858085,15.537059,30.423093
943,0,0.018910,1.703210,0.095652,0.007734,1.806596,13.702691,15.514977,31.043551
944,0,0.019671,1.860706,0.099408,0.008415,1.968529,12.494703,16.394048,30.877541
945,0,0.023740,1.847338,0.082135,0.008174,1.937647,12.562357,16.459035,30.983249
946,0,0.019411,1.967377,0.073605,0.008381,2.049363,12.293086,16.371715,30.734215
947,0,0.021801,2.066965,0.066182,0.008051,2.141198,12.100645,16.502621,30.766713
948,0,0.022553,1.928279,0.076444,0.008364,2.013087,12.553623,16.445546,31.035527
949,0,0.024727,1.991820,0.075183,0.008448,2.075451,12.592579,15.368986,30.062154
950,0,0.021447,2.072324,0.074384,0.008261,2.154969,13.073889,15.552678,30.803511
951,0,0.023817,1.778825,0.100004,0.008044,1.886873,13.155372,16.462500,31.529110
952,0,0.021077,2.082810,0.072780,0.008746,2.164336,11.963472,16.569825,30.719264
953,0,0.019259,2.168692,0.071819,0.008689,2.249200,12.763879,15.779167,30.812066
954,0,0.018580,2.013189,0.073235,0.007942,2.094366,12.890228,15.452940,30.456671
955,0,0.018521,1.851859,0.089660,0.008417,1.949936,13.278045,15.471935,30.718964
956,0,0.018820,1.981948,0.068793,0.008089,2.058830,13.569578,15.358483,31.006258
957,0,0.018789,1.898896,0.079569,0.008245,1.986710,14.747011,13.757309,30.510328
958,0,0.019547,1.828735,0.098866,0.008495,1.936096,13.039008,16.476852,31.471938
959,0,0.018767,2.140381,0.073095,0.010408,2.223884,11.882601,16.505617,30.631256
960,0,0.021984,2.070218,0.084298,0.007955,2.162471,12.514789,16.449890,31.149547
961,0,0.021086,2.059844,0.130426,0.007813,2.198083,11.981208,16.411660,30.612658
962,0,0.018590,1.913803,0.072371,0.008328,1.994502,12.933497,15.378310,30.325400
963,0,0.018978,1.724676,0.089382,0.009563,1.823621,13.726903,15.432721,31.002955
964,0,0.022604,1.992777,0.069611,0.008847,2.071235,13.015758,15.422324,30.532394
965,0,0.018189,1.916250,0.081226,0.008475,2.005951,13.110457,16.406576,31.541585
966,0,0.017218,1.717036,0.084332,0.008234,1.809602,11.422867,15.851132,29.101349
967,0,0.021332,1.958805,0.072575,0.008245,2.039625,13.500193,15.401807,30.963592
968,0,0.018257,1.905389,0.082879,0.008781,1.997049,13.207748,15.348238,30.571808
969,0,0.017579,1.895614,0.092706,0.008546,1.996866,13.835221,15.423478,31.273730
970,0,0.016753,2.109871,0.071335,0.008843,2.190049,13.632774,15.452537,31.292557
971,0,0.019696,1.926193,0.078437,0.008889,2.013519,13.209070,16.358284,31.601041
972,0,0.016770,1.953525,0.084801,0.008483,2.046809,12.921804,15.529712,30.515585
973,0,0.020215,2.072473,0.067885,0.008180,2.148538,12.647986,16.478566,31.295721
974,0,0.017562,1.958612,0.065613,0.008722,2.032947,11.934003,16.727944,30.713016
975,0,0.020926,1.860230,0.095089,0.008516,1.963835,12.226792,16.445422,30.658043
976,0,0.017952,1.989388,0.075255,0.008081,2.072724,12.307117,16.363145,30.761345
977,0,0.018660,1.797311,0.087220,0.008468,1.892999,12.894748,15.433308,30.240291
978,0,0.020711,1.931505,0.081948,0.008613,2.022066,13.675370,15.498370,31.216951
979,0,0.019412,1.993878,0.073893,0.008889,2.076660,12.983710,15.446850,30.527611
980,0,0.020153,2.138659,0.063428,0.008432,2.210519,13.230739,15.420623,30.882686
981,0,0.019321,1.815546,0.115271,0.008451,1.939268,13.861183,15.598425,31.418691
982,0,0.020000,1.872786,0.088514,0.008633,1.969933,12.648021,15.564936,30.203529
983,0,0.021791,1.937699,0.067018,0.008834,2.013551,13.880872,14.661018,30.577727
984,0,0.018754,1.747337,0.069446,0.007948,1.824731,13.888685,15.558790,31.291389
985,0,0.021185,1.790818,0.087350,0.008777,1.886945,13.543862,15.497325,30.949650
986,0,0.018974,1.956084,0.063789,0.008255,2.028128,13.199871,15.429920,30.677345
987,0,0.021611,1.828381,0.099467,0.008036,1.935884,13.455885,15.376217,30.790191
988,0,0.018150,1.683043,0.067778,0.008829,1.759650,12.907712,16.475857,31.161950
989,0,0.018993,1.946865,0.070541,0.008773,2.026179,12.559670,15.603163,30.208550
990,0,0.023059,1.965561,0.067932,0.008507,2.042000,12.989597,16.458308,31.513540
991,0,0.016978,2.110495,0.071412,0.009343,2.191250,12.802338,15.549338,30.560474
992,0,0.018939,1.898071,0.096452,0.008370,2.002893,12.616048,16.406078,31.044372
993,0,0.031800,1.898032,0.090122,0.008542,1.996696,12.966472,15.501577,30.497191
994,0,0.018463,2.169206,0.086939,0.008625,2.264770,12.540631,15.544249,30.368505
995,0,0.019872,2.533552,0.069286,0.008449,2.611287,12.595763,16.441368,31.668671
996,0,0.018816,1.867541,0.094936,0.008089,1.970566,13.888600,14.582242,30.460655
997,0,0.018113,2.058308,0.105885,0.007946,2.172139,11.770008,15.700791,29.661729
998,0,0.018686,1.739660,0.087668,0.008184,1.835512,13.281937,15.445428,30.581976
999,0,0.018514,2.013193,0.071043,0.007612,2.091848,13.481717,15.560823,31.153249
1000,0,0.016703,2.178486,0.092496,0.008060,2.279042,12.737463,15.461463,30.494995
1001,0,0.019167,1.915941,0.079530,0.008055,2.003526,9.631416,4.648709,16.303223
1002,0,0.012400,1.859625,0.086474,0.008219,1.954318,13.325722,15.645118,30.938081
1003,0,0.021175,2.008225,0.070890,0.008503,2.087618,13.622054,15.504998,31.236413
1004,0,0.017905,1.968577,0.073615,0.008235,2.050427,12.960344,15.466211,30.495310
1005,0,0.018575,1.961275,0.065323,0.008256,2.034854,13.602930,15.494388,31.151275
1006,0,0.018310,1.984520,0.073126,0.008185,2.065831,13.114019,15.381342,30.580111
1007,0,0.016856,1.684667,0.071914,0.007503,1.764084,13.106540,16.490751,31.378711
1008,0,0.020646,2.003033,0.065864,0.008873,2.077770,12.483940,15.361070,29.943988
1009,0,0.017246,1.702201,0.072024,0.008314,1.782539,13.647997,15.571908,31.020261
1010,0,0.018238,1.994241,0.073796,0.008761,2.076798,13.153796,15.418938,30.668222
1011,0,0.016641,1.804657,0.067607,0.008735,1.880999,13.936870,15.433032,31.268071
1012,0,0.018065,1.832832,0.115938,0.007348,1.956118,12.692937,15.653063,30.320720
1013,0,0.017381,1.741589,0.087048,0.008651,1.837288,13.912735,15.406410,31.174458
1014,0,0.019087,1.874223,0.071384,0.008420,1.954027,12.698191,16.342052,31.013817
1015,0,0.064779,1.745104,0.083078,0.008259,1.836441,13.284800,15.750552,30.937055
1016,0,0.018807,1.899992,0.072703,0.009700,1.982395,12.960146,15.418886,30.380687
1017,0,0.018290,1.723996,0.105251,0.006890,1.836137,16.209733,12.462340,30.527047
1018,0,0.018693,1.990036,0.064152,0.009371,2.063559,12.643258,16.475785,31.201844
1019,0,0.023871,1.852659,0.092782,0.008181,1.953622,12.739523,15.454387,30.172022
1020,0,0.020607,2.165112,0.065014,0.007894,2.238020,12.998628,15.370733,30.628637
1021,0,0.016873,1.940891,0.072310,0.008625,2.021826,12.689403,15.468109,30.196687
1022,0,0.018459,1.880076,0.087858,0.008744,1.976678,12.932768,16.421867,31.350408
1023,0,0.017957,1.899217,0.090522,0.007608,1.997347,12.460915,15.422222,29.899112
1024,0,0.021334,1.846911,0.094618,0.008176,1.949705,13.132499,15.532412,30.636476
1025,0,0.018637,2.051625,0.068194,0.008547,2.128366,12.365626,16.398140,30.911214
1026,0,0.017045,1.959762,0.076833,0.008403,2.044998,12.077561,16.540159,30.680348
1027,0,0.018471,1.789852,0.077301,0.008277,1.875430,12.326165,16.371290,30.591758
1028,0,0.018887,1.874279,0.088420,0.008251,1.970950,12.841745,15.345972,30.177946
1029,0,0.020129,1.841902,0.087357,0.007817,1.937076,11.633602,16.397741,29.989047
1030,0,0.017195,2.405751,0.070607,0.007930,2.484288,11.563271,16.289857,30.354909
1031,0,0.018029,2.102970,0.056216,0.007524,2.166710,12.419324,15.333806,29.938325
1032,0,0.016272,1.837673,0.162465,0.007779,2.007917,13.707177,15.322278,31.054085
1033,0,0.018497,1.806395,0.096646,0.008986,1.912027,14.189721,15.444276,31.565095
1034,0,0.018717,1.675887,0.064349,0.007946,1.748182,13.142843,15.359452,30.269664
1035,0,0.018061,1.833331,0.092632,0.007922,1.933885,13.015977,15.390905,30.359328
1036,0,0.017330,2.211865,0.363682,0.017468,2.593015,12.813657,15.728613,31.152896
1037,0,0.017120,2.380891,0.066515,0.008233,2.455639,11.776439,16.520936,30.770508
1038,0,0.018355,1.674347,0.087078,0.008280,1.769705,12.315872,16.537320,30.641825
1039,0,0.018104,1.906960,0.076051,0.008266,1.991277,11.973127,16.580618,30.563625
1040,0,0.018059,1.815145,0.090973,0.008034,1.914152,12.303546,15.558305,29.794778
1041,0,0.019856,1.851609,0.064696,0.007719,1.924024,13.080896,15.598606,30.623811
1042,0,0.018448,1.757258,0.093942,0.007999,1.859199,13.541017,15.518215,30.937284
1043,0,0.017341,1.785671,0.063580,0.007936,1.857187,13.278014,15.523967,30.676981
1044,0,0.017784,1.988082,0.056280,0.007866,2.052228,12.133799,16.351368,30.555609
1045,0,0.018219,2.573011,0.063242,0.007858,2.644111,12.346228,15.379838,30.388849
1046,0,0.020724,1.962297,0.067206,0.008409,2.037912,12.701871,16.319711,31.080739
1047,0,0.021900,1.881525,0.083077,0.008471,1.973073,12.595458,15.386280,29.977384
1048,0,0.019642,1.942422,0.102991,0.007246,2.052659,13.204279,15.409571,30.686469
1049,0,0.020854,2.082302,0.081708,0.007528,2.171538,12.350707,16.346906,30.890543
1050,0,0.017726,1.810211,0.093069,0.007971,1.911251,12.319073,16.326947,30.575479
1051,0,0.018436,2.385021,0.066598,0.008335,2.459954,11.447912,16.359864,30.286669
1052,0,0.017081,1.787177,0.069789,0.008121,1.865087,12.898396,15.400817,30.181986
1053,0,0.021357,2.000082,0.069325,0.009063,2.078470,13.302993,15.465380,30.868679
1054,0,0.018421,1.835424,0.105114,0.008677,1.949215,12.861843,15.378557,30.208413
1055,0,0.018981,1.939666,0.073117,0.007903,2.020686,13.246303,15.369370,30.655824
1056,0,0.017974,1.967034,0.196509,0.010043,2.173586,13.272990,15.580402,31.045226
1057,0,0.018255,1.916291,0.085797,0.007851,2.009939,12.072300,16.333918,30.434981
1058,0,0.017684,1.814396,0.095592,0.008168,1.918156,12.680268,15.420894,30.037452
1059,0,0.017788,1.806675,0.094564,0.008203,1.909442,13.055518,16.350032,31.333413
1060,0,0.019646,2.739786,0.072778,0.008706,2.821270,10.537151,16.350368,29.729186
1061,0,0.017959,2.291806,0.069105,0.007971,2.368882,12.345230,15.627336,30.359902
1062,0,0.018093,2.231580,0.068554,0.007456,2.307590,12.082454,15.558770,29.967320
1063,0,0.020007,2.020252,0.066130,0.007686,2.094068,12.784380,16.473900,31.373017
1064,0,0.020318,1.654574,0.069921,0.008348,1.732843,13.711218,15.524723,30.989609
1065,0,0.025237,2.055405,0.074358,0.008849,2.138612,12.747042,15.444874,30.356396
1066,0,0.017826,1.835547,0.090587,0.007901,1.934035,13.523279,15.447742,30.923398
1067,0,0.021647,1.807109,0.072781,0.008509,1.888399,12.338013,16.375353,30.624063
1068,0,0.017572,2.336638,0.084959,0.007934,2.429531,12.565756,15.354555,30.368005
1069,0,0.017666,1.898159,0.065170,0.008482,1.971811,13.236986,15.316431,30.543505
1070,0,0.016368,1.898285,0.069306,0.007690,1.975281,12.685355,16.322673,31.000023
1071,0,0.017788,1.820974,0.092170,0.008245,1.921389,12.890483,15.389129,30.219073
1072,0,0.016495,1.834693,0.098085,0.008091,1.940869,13.096894,15.328540,30.383248
1073,0,0.017414,1.738271,0.080434,0.008334,1.827039,12.764331,16.521346,31.130567
1074,0,0.017009,2.023267,0.077961,0.007608,2.108836,12.141564,16.337398,30.605268
1075,0,0.017127,2.394351,0.076871,0.007566,2.478788,12.198899,15.299497,29.994800
1076,0,0.017887,2.062783,0.062925,0.007914,2.133622,12.666498,15.477256,30.295799
1077,0,0.018557,2.035332,0.076477,0.007858,2.119667,12.718344,16.362915,31.219825
1078,0,0.017718,1.854742,0.085679,0.008307,1.948728,12.913700,15.579261,30.459813
1079,0,0.016142,2.413816,0.072957,0.007815,2.494588,12.461777,15.348699,30.321491
1080,0,0.018038,2.061895,0.070338,0.007906,2.140139,13.204237,15.346446,30.709334
1081,0,0.034851,1.840162,0.090870,0.008026,1.939058,12.940349,15.463009,30.377678
1082,0,0.017978,1.978084,0.065383,0.008020,2.051487,12.954962,15.652536,30.677449
1083,0,0.018571,1.795056,0.171901,0.007240,1.974197,12.510634,16.604464,31.108233
1084,0,0.018289,1.713025,0.094587,0.008598,1.816210,12.881021,15.638927,30.354940
1085,0,0.020006,2.491612,0.070298,0.008081,2.569991,12.062326,15.518994,30.171675
1086,0,0.020398,1.784201,0.073397,0.008429,1.866027,13.272805,15.368068,30.527712
1087,0,0.018386,1.691258,0.065596,0.008175,1.765029,12.776706,15.883204,30.443847
1088,0,0.017243,1.874368,0.096826,0.008156,1.979350,12.975713,16.442579,31.415502
1089,0,0.020494,2.047287,0.071313,0.008142,2.126742,12.267424,15.353160,29.768398
1090,0,0.019991,2.032782,0.077086,0.008072,2.117940,13.169079,15.509894,30.817395
1091,0,0.019160,1.968363,0.082776,0.007814,2.058953,11.420272,16.414968,29.913755
1092,0,0.031453,1.907538,0.090594,0.008003,2.006135,12.527024,15.397366,29.962582
1093,0,0.021795,1.972817,0.077016,0.008051,2.057884,12.964521,15.437608,30.482346
1094,0,0.021135,2.616420,0.068513,0.008184,2.693117,12.134760,16.389787,31.239305
1095,0,0.018034,1.730328,0.069700,0.008093,1.808121,13.196791,16.395493,31.419034
1096,0,0.018172,1.801585,0.087001,0.008170,1.896756,12.677497,15.382468,29.975359
1097,0,0.018965,1.893339,0.066812,0.008107,1.968258,12.824579,16.452302,31.264615
1098,0,0.016155,1.945150,0.087218,0.007726,2.040094,12.002919,16.476181,30.535816
1099,0,0.016859,1.693262,0.092057,0.008046,1.793365,12.258255,16.371719,30.440649
1100,0,0.018137,1.712434,0.068347,0.008481,1.789262,12.901140,15.352497,30.061652
1101,0,0.020292,1.826555,0.098803,0.008183,1.933541,12.858163,16.326243,31.138689
1102,0,0.016390,1.796388,0.116634,0.007937,1.920959,12.595932,15.575991,30.109623
1103,0,0.020702,2.067622,0.067189,0.008456,2.143267,13.220251,15.358220,30.742954
1104,0,0.018459,1.971832,0.084117,0.008888,2.064837,12.817071,15.333914,30.234764
1105,0,0.017217,2.431710,0.091491,0.008066,2.531267,12.243529,16.317748,31.110286
1106,0,0.016963,1.806227,0.086636,0.008103,1.900966,12.510386,16.365138,30.793932
1107,0,0.015467,1.836993,0.178408,0.008144,2.023545,12.216661,16.344494,30.600721
1108,0,0.016628,1.847034,0.095044,0.009621,1.951699,12.209248,16.313426,30.491516
1109,0,0.017286,2.337727,0.070452,0.006770,2.414949,11.986896,15.407092,29.826517
1110,0,0.018806,1.760831,0.081832,0.008196,1.850859,13.646015,15.468597,30.984848
1111,0,0.018603,1.701896,0.066097,0.008482,1.776475,12.844862,15.539155,30.179528
1112,0,0.017086,1.767811,0.108732,0.007560,1.884103,12.822852,16.515907,31.240358
1113,0,0.018962,1.864199,0.080229,0.008401,1.952829,12.908819,15.364983,30.246133
1114,0,0.018850,2.271267,0.070987,0.007803,2.350057,12.504009,15.424076,30.297407
1115,0,0.017836,1.739422,0.060872,0.007690,1.807984,13.143791,15.496080,30.466270
1116,0,0.020348,1.725719,0.067796,0.007819,1.801334,13.360287,15.492985,30.675412
1117,0,0.016502,1.768078,0.063780,0.008334,1.840192,13.338589,15.470650,30.666661
1118,0,0.019497,1.777881,0.379201,0.006659,2.163741,12.488192,16.533482,31.205513
1119,0,0.023979,1.989739,0.072661,0.008083,2.070483,12.192252,15.411444,29.698721
1120,0,0.016482,2.298965,0.089820,0.008475,2.397260,12.437561,16.436866,31.288795
1121,0,0.017747,1.742239,0.063818,0.008182,1.814239,12.399774,16.339123,30.571515
1122,0,0.017603,1.911746,0.070458,0.008261,1.990465,12.805115,15.325783,30.139338
1123,0,0.017433,1.810518,0.103812,0.007964,1.922294,12.262589,15.345791,29.548665
1124,0,0.018429,1.782959,0.064744,0.008225,1.855928,12.984341,15.502534,30.361635
1125,0,0.017115,1.859758,0.098946,0.008142,1.966846,13.150822,15.376051,30.511304
1126,0,0.017918,1.884897,0.103586,0.006794,1.995277,13.012742,1.384052,16.410385
1127,0,0.009101,1.655736,0.094605,0.008356,1.758697,13.518212,15.533566,30.820165
1128,0,0.018682,1.941736,0.119069,0.007408,2.068213,12.388427,16.473777,30.949699
1129,0,0.020970,2.054455,0.173891,0.008243,2.236589,11.818651,16.376297,30.452953
1130,0,0.019044,2.282900,0.068440,0.008569,2.359909,11.610555,16.298562,30.288635
1131,0,0.020136,2.008273,0.093857,0.008123,2.110253,12.761711,15.445263,30.337889
1132,0,0.021629,2.574763,0.073640,0.007596,2.655999,12.264378,15.324167,30.266661
1133,0,0.019852,2.406589,0.071390,0.007599,2.485578,12.887070,15.371631,30.764561
1134,0,0.021882,1.874664,0.095538,0.007827,1.978029,12.631940,16.360693,30.993041
1135,0,0.022175,1.847613,0.087370,0.008216,1.943199,12.242460,16.356939,30.565417
1136,0,0.018506,2.080007,0.122081,0.007741,2.209829,11.810791,16.400325,30.440008
1137,0,0.019753,1.768603,0.073334,0.008752,1.850689,12.644107,16.391939,30.906917
1138,0,0.018106,1.957410,0.069027,0.008245,2.034682,12.635916,15.313917,30.002981
1139,0,0.017296,1.807735,0.075906,0.007004,1.890645,13.413318,15.409819,30.731505
1140,0,0.017390,1.673496,0.094568,0.008155,1.776219,13.082757,15.405636,30.282439
1141,0,0.019284,1.799060,0.090543,0.008363,1.897966,13.478718,15.600679,30.997129
1142,0,0.018252,2.057242,0.065209,0.007670,2.130121,12.514272,15.346320,30.009324
1143,0,0.017000,2.026807,0.062724,0.008855,2.098386,12.662178,16.345832,31.124008
1144,0,0.018511,1.910025,0.070237,0.008353,1.988615,12.628135,15.384059,30.019688
1145,0,0.017313,1.746799,0.066393,0.008439,1.821631,13.539732,15.347091,30.726131
1146,0,0.016901,2.059418,0.088451,0.007964,2.155833,13.021149,15.313847,30.508089
1147,0,0.016660,1.811900,0.093995,0.007762,1.913657,13.140021,15.353992,30.424866
1148,0,0.018041,1.924569,0.110809,0.008757,2.044135,12.970303,16.393164,31.426101
1149,0,0.019578,1.903004,0.069712,0.008090,1.980806,12.017829,16.351363,30.370033
1150,0,0.017998,1.971000,0.197251,0.008439,2.176690,12.904372,15.404359,30.503920
1151,0,0.021034,1.718687,0.087860,0.008210,1.814757,12.610048,16.410115,30.856427
1152,0,0.018947,2.023320,0.083997,0.007751,2.115068,12.592346,15.632003,30.358726
1153,0,0.019660,1.773977,0.076307,0.008181,1.858465,12.080055,16.321469,30.279921
1154,0,0.022014,2.224756,0.086172,0.007945,2.318873,11.755704,15.393139,29.490335
1155,0,0.017988,1.961915,0.071349,0.008407,2.041671,13.113393,15.596206,30.769895
1156,0,0.018778,2.356550,0.090832,0.008815,2.456197,12.033640,16.463102,30.972257
1157,0,0.018390,1.899991,0.063645,0.007687,1.971323,12.054384,16.387377,30.431824
1158,0,0.019627,1.781150,0.082530,0.008050,1.871730,13.017465,16.575106,31.484610
1159,0,0.023106,2.240858,0.068025,0.008152,2.317035,12.091448,16.370985,30.803106
1160,0,0.019728,2.029521,0.078887,0.008561,2.116969,11.616272,16.561841,30.315396
1161,0,0.020020,1.817164,0.092448,0.007526,1.917138,12.373425,16.445454,30.756752
1162,0,0.019913,2.532463,0.114637,0.007783,2.654883,11.373731,16.417414,30.466477
1163,0,0.019936,2.347881,0.071775,0.009293,2.428949,11.905977,15.546470,29.901737
1164,0,0.021946,1.796842,0.180787,0.007232,1.984861,12.729386,16.371054,31.107960
1165,0,0.019855,1.915758,0.074607,0.008164,1.998529,12.642611,15.394122,30.055559
1166,0,0.020956,2.075315,0.093639,0.008193,2.177147,12.711317,16.323593,31.233591
1167,0,0.016009,1.835107,0.098792,0.008228,1.942127,12.321849,15.353902,29.634354
1168,0,0.017216,1.758878,0.085068,0.007442,1.851388,13.726646,15.321934,30.917856
1169,0,0.021116,1.890552,0.075356,0.008714,1.974622,13.023006,15.333059,30.352316
1170,0,0.018308,1.881704,0.074534,0.008647,1.964885,13.309112,15.468633,30.761236
1171,0,0.018491,2.388340,0.069386,0.006988,2.464714,12.693456,15.663020,30.840054
1172,0,0.020026,1.726707,0.067488,0.008174,1.802369,12.523854,16.526812,30.873558
1173,0,0.018069,1.907799,0.096437,0.007999,2.012235,12.318519,15.494569,29.843883
1174,0,0.018781,1.926091,0.141837,0.008867,2.076795,12.879387,15.590376,30.565791
1175,0,0.016463,1.841988,0.093893,0.008308,1.944189,12.931629,16.346376,31.239196
1176,0,0.017624,1.699142,0.087107,0.007717,1.793966,12.785842,15.413514,30.011380
1177,0,0.018168,1.809344,0.134776,0.007259,1.951379,13.258406,15.458451,30.686964
1178,0,0.021509,1.921489,0.088454,0.010493,2.020436,12.780733,16.339100,31.162210
1179,0,0.017745,2.206618,0.069035,0.009136,2.284789,12.182880,15.308644,29.794593
1180,0,0.019603,1.797479,0.093305,0.008303,1.899087,13.410769,15.453657,30.783681
1181,0,0.021738,1.869802,0.102330,0.008833,1.980965,13.548067,14.691156,30.242415
1182,0,0.019788,1.810130,0.144207,0.008920,1.963257,12.988538,16.430463,31.402653
1183,0,0.019722,2.003591,0.069256,0.007163,2.080010,11.760788,16.416377,30.277445
1184,0,0.022624,1.849060,0.095234,0.008243,1.952537,12.618712,15.360460,29.954942
1185,0,0.023747,2.553120,0.068639,0.008142,2.629901,12.002976,16.410083,31.067337
1186,0,0.019591,2.086413,0.064813,0.008013,2.159239,11.878155,15.598839,29.656375
1187,0,0.020307,1.733377,0.092594,0.008360,1.834331,12.866285,15.619979,30.341274
1188,0,0.020774,2.388826,0.186541,0.007874,2.583241,12.005586,16.401698,31.011820
1189,0,0.018607,2.153421,0.067193,0.008431,2.229045,12.380072,16.376724,31.004872
1190,0,0.017553,1.724925,0.065909,0.008871,1.799705,12.559491,16.410169,30.787399
1191,0,0.018894,1.877019,0.091824,0.008829,1.977672,12.484329,16.278048,30.759633
1192,0,0.015259,2.126605,0.069127,0.008030,2.203762,11.885336,16.309897,30.414580
1193,0,0.017041,2.088632,0.101894,0.008663,2.199189,12.624994,15.311903,30.153491
1194,0,0.018044,1.733139,0.116677,0.008346,1.858162,12.918323,16.331401,31.126619
1195,0,0.015839,1.866609,0.105754,0.019515,1.991878,12.496240,15.320819,29.825188
1196,0,0.019177,1.676184,0.063151,0.008287,1.747622,13.417205,15.400952,30.585424
1197,0,0.018626,1.794375,0.098880,0.007984,1.901239,13.432604,15.384245,30.737193
1198,0,0.017697,1.699146,0.095780,0.007986,1.802912,13.191230,15.559456,30.571746
1199,0,0.028203,1.672717,0.089568,0.008092,1.770377,12.805149,16.507249,31.111244
1200,0,0.017811,1.901231,0.083509,0.006759,1.991499,12.265520,16.439452,30.714749
1201,0,0.017407,1.800637,0.107914,0.008556,1.917107,12.209194,15.554485,29.698807
1202,0,0.017275,1.787715,0.206407,0.006997,2.001119,13.066034,15.525202,30.610080
1203,0,0.021014,2.003113,0.074548,0.008534,2.086195,13.288367,15.386296,30.782266
1204,0,0.020061,1.925016,0.064158,0.008146,1.997320,12.922236,15.337060,30.277039
1205,0,0.020617,1.742892,0.092037,0.008344,1.843273,12.849968,16.371869,31.086217
1206,0,0.020499,1.693708,0.075679,0.009285,1.778672,13.136212,15.358239,30.294046
1207,0,0.021606,2.302003,0.075338,0.008603,2.385944,12.307072,16.414275,31.129463
1208,0,0.016679,1.801796,0.080987,0.008158,1.890941,12.299851,16.311526,30.519456
1209,0,0.017092,1.771341,0.065475,0.008369,1.845185,12.138699,16.347310,30.348802
1210,0,0.018462,2.427804,0.085815,0.007851,2.521470,11.984432,16.392531,30.917379
1211,0,0.020115,2.093491,0.067385,0.006704,2.167580,13.185494,14.541384,29.914880
1212,0,0.019513,1.608401,0.078647,0.007867,1.694915,13.112452,16.321409,31.148644
1213,0,0.019132,2.048482,0.066063,0.007770,2.122315,11.750307,16.542555,30.434659
1214,0,0.030808,1.764264,0.228143,0.008112,2.000519,11.969762,16.574606,30.576266
1215,0,0.020284,2.156237,0.108282,0.008135,2.272654,11.830985,16.353293,30.477994
1216,0,0.019479,1.877430,0.093271,0.008475,1.979176,12.730152,15.558579,30.287872
1217,0,0.018398,2.015396,0.069129,0.008120,2.092645,11.464753,16.565184,30.141393
1218,0,0.019101,1.846937,0.108806,0.007258,1.963001,12.492867,15.341310,29.816646
1219,0,0.020109,2.023332,0.096685,0.007983,2.128000,14.634193,13.556443,30.339154
1220,0,0.016412,2.072348,0.067286,0.007748,2.147382,13.560340,15.580176,31.304785
1221,0,0.019917,2.093329,0.076356,0.008643,2.178328,13.212018,15.585838,30.996560
1222,0,0.020072,2.253181,0.084889,0.007331,2.345401,12.154225,16.574161,31.094619
1223,0,0.020381,2.289614,0.071218,0.008604,2.369436,11.695826,16.662591,30.748725
1224,0,0.020963,1.826774,0.098066,0.008728,1.933568,12.585741,15.353638,29.894484
1225,0,0.021719,1.958487,0.075252,0.008387,2.042126,12.930465,15.477322,30.472270
1226,0,0.020684,2.046707,0.073515,0.007659,2.127881,13.615365,15.533114,31.297542
1227,0,0.019519,1.911041,0.065483,0.008632,1.985156,12.584533,15.426529,30.016270
1228,0,0.022360,2.469561,0.082206,0.010055,2.561822,12.247217,16.355038,31.186816
1229,0,0.018024,1.736499,0.092661,0.008702,1.837862,12.267002,16.309086,30.432573
1230,0,0.017727,1.828061,0.108757,0.008534,1.945352,12.390921,16.344285,30.698800
1231,0,0.019112,1.758298,0.195427,0.008158,1.961883,12.304740,15.527723,29.813881
1232,0,0.017107,1.777803,0.067777,0.007750,1.853330,12.908512,16.395005,31.174503
1233,0,0.018445,1.744326,0.098734,0.008598,1.851658,15.500819,12.697061,30.068298
1234,0,0.016195,2.153534,0.070885,0.008332,2.232751,12.308144,16.631919,31.189356
1235,0,0.017812,1.701913,0.090215,0.008554,1.800682,12.582847,15.521643,29.923475
1236,0,0.017127,1.813909,0.068673,0.008129,1.890711,12.975995,16.378298,31.262713
1237,0,0.018118,1.738347,0.077068,0.007811,1.823226,12.805062,15.411079,30.058160
1238,0,0.018466,2.417754,0.068017,0.007951,2.493722,12.477804,15.451607,30.442030
1239,0,0.020611,1.862880,0.090539,0.008051,1.961470,12.566022,16.407418,30.955859
1240,0,0.017493,1.619744,0.081296,0.008074,1.709114,12.337560,16.676176,30.740949
1241,0,0.018558,1.746372,0.083638,0.008764,1.838774,11.965952,16.340517,30.164257
1242,0,0.017319,1.779044,0.087437,0.008686,1.875167,13.952785,14.587923,30.433774
1243,0,0.016525,1.664683,0.086056,0.008222,1.758961,12.548476,16.605499,30.929874
1244,0,0.016765,1.917537,0.095626,0.008291,2.021454,12.748027,15.360921,30.147538
1245,0,0.017328,2.389595,0.069641,0.008455,2.467691,12.751935,15.448663,30.686206
1246,0,0.020295,1.662762,0.059594,0.007581,1.729937,12.854490,16.443439,31.048550
1247,0,0.018971,1.919073,0.096771,0.008542,2.024386,11.755290,16.346837,30.145769
1248,0,0.018112,1.830993,0.109878,0.008108,1.948979,12.799647,14.565813,29.333038
1249,0,0.017990,2.181791,0.076411,0.008197,2.266399,12.201092,16.324017,30.809931
1250,0,0.020237,1.734063,0.142900,0.007280,1.884243,12.660052,16.557814,31.122913
1251,0,0.022001,1.782848,0.088827,0.008070,1.879745,12.712867,15.322427,29.937582
1252,0,0.019427,1.816008,0.180791,0.008810,2.005609,13.570413,16.466653,32.062617
1253,0,0.017401,1.816685,0.094677,0.007517,1.918879,11.811051,16.391240,30.138957
1254,0,0.018042,1.797223,0.064683,0.008412,1.870318,12.798090,16.325469,31.012532
1255,0,0.019286,1.744987,0.100869,0.008607,1.854463,12.179826,15.684209,29.738305
1256,0,0.017698,1.846854,0.106950,0.007437,1.961241,14.329293,14.614700,30.923458
1257,0,0.017918,2.019765,0.075296,0.008307,2.103368,12.678777,15.303156,30.103595
1258,0,0.017787,1.851213,0.071900,0.008187,1.931300,13.562915,15.432401,30.944874
1259,0,0.018522,1.675137,0.092285,0.008158,1.775580,12.803257,16.588744,31.186599
1260,0,0.018799,1.742660,0.087129,0.008184,1.837973,12.309948,15.417436,29.584522
1261,0,0.018109,2.269910,0.074509,0.008665,2.353084,12.865309,15.407326,30.644326
1262,0,0.018952,1.726831,0.070490,0.008223,1.805544,13.449536,15.550750,30.825239
1263,0,0.019193,1.922257,0.207928,0.008461,2.138646,12.118069,16.357483,30.633918
1264,0,0.017334,1.957242,0.108908,0.008000,2.074150,12.644147,16.334582,31.070613
1265,0,0.030374,1.746721,0.075587,0.008084,1.830392,12.297240,15.545897,29.704430
1266,0,0.017411,1.849801,0.082913,0.008074,1.940788,13.265346,15.411374,30.635481
1267,0,0.018308,1.876982,0.085499,0.008365,1.970846,14.041461,14.557648,30.588737
1268,0,0.019349,1.852274,0.086722,0.007104,1.946100,12.494957,16.545107,31.005875
1269,0,0.017305,1.772828,0.096910,0.008185,1.877923,12.895161,15.331553,30.122340
1270,0,0.019201,1.908215,0.106493,0.008819,2.023527,13.465358,15.462509,30.970973
1271,0,0.018745,1.710286,0.088709,0.007342,1.806337,12.830161,15.362445,30.018455
1272,0,0.037993,1.891006,0.068829,0.008468,1.968303,12.908064,16.493026,31.408007
1273,0,0.020955,1.775113,0.093376,0.008968,1.877457,11.957742,16.541224,30.398020
1274,0,0.019869,2.507826,0.062816,0.006953,2.577595,11.661316,15.565663,29.824880
1275,0,0.023909,3.150335,0.085549,0.006485,3.242369,14.081644,13.570546,30.919135
1276,0,0.023003,2.132605,0.071216,0.007550,2.211371,12.122985,16.586687,30.944542
1277,0,0.020415,2.410295,0.069228,0.008516,2.488039,11.478557,16.564051,30.551541
1278,0,0.018134,2.690477,0.104216,0.008155,2.802848,13.018355,14.612807,30.452821
1279,0,0.024752,2.208387,0.065621,0.008541,2.282549,12.356453,14.681097,29.345448
1280,0,0.017143,1.723872,0.091270,0.008923,1.824065,13.377948,15.361959,30.581675
1281,0,0.017813,1.948292,0.071049,0.008308,2.027649,13.268559,15.391850,30.706422
1282,0,0.017761,1.954840,0.074173,0.007772,2.036785,12.929572,15.576480,30.561015
1283,0,0.020729,1.983146,0.068046,0.008667,2.059859,14.385055,15.412623,31.878819
1284,0,0.016620,1.656615,0.077080,0.008718,1.742413,13.239256,15.545736,30.544579
1285,0,0.019110,2.059805,0.066742,0.008321,2.134868,13.021477,15.654974,30.831030
1286,0,0.018267,2.128210,0.071081,0.008110,2.207401,12.927071,15.526493,30.679515
1287,0,0.017968,1.761509,0.078436,0.008865,1.848810,13.171787,15.329169,30.368190
1288,0,0.019381,1.916680,0.068792,0.008511,1.993983,12.988775,16.462162,31.464960
1289,0,0.019703,2.052602,0.071131,0.008432,2.132165,13.526283,14.545118,30.223759
1290,0,0.019420,1.836961,0.069573,0.007599,1.914133,13.609761,14.657301,30.201117
1291,0,0.022977,2.414335,0.067350,0.007329,2.489014,12.934555,15.310268,30.757128
1292,0,0.017828,1.751455,0.100368,0.007572,1.859395,13.221059,16.309829,31.408510
1293,0,0.017463,2.085123,0.073669,0.007628,2.166420,12.666076,15.414516,30.265080
1294,0,0.019204,1.736429,0.172552,0.007291,1.916272,12.841558,15.627632,30.405177
1295,0,0.018472,1.905694,0.093724,0.008496,2.007914,12.577292,16.373501,30.977659
1296,0,0.017336,1.748563,0.077818,0.008210,1.834591,16.606572,11.772455,30.231327
1297,0,0.016324,1.856778,0.168623,0.007975,2.033376,14.042712,14.613470,30.706287
1298,0,0.019180,1.849216,0.075220,0.007847,1.932283,13.145638,16.377775,31.475269
1299,0,0.020896,1.991332,0.089973,0.009211,2.090516,12.197307,15.591461,29.900703
1300,0,0.016829,1.749970,0.139047,0.008889,1.897906,13.406310,15.484717,30.806145
1301,0,0.016324,1.795450,0.080058,0.008058,1.883566,12.924934,16.589252,31.414755
1302,0,0.020440,1.870275,0.073536,0.008339,1.952150,13.268767,14.559260,29.801007
1303,0,0.018058,2.343494,0.099873,0.010861,2.454228,13.923312,14.669096,31.065153
1304,0,0.019905,1.821918,0.087455,0.008009,1.917382,12.434108,16.600706,30.972666
1305,0,0.018769,1.879800,0.079106,0.008107,1.967013,12.860619,15.653331,30.500186
1306,0,0.020718,1.797036,0.064008,0.012724,1.873768,12.864801,15.652534,30.412238
1307,0,0.019998,1.956326,0.074613,0.008449,2.039388,13.101419,15.573418,30.734898
1308,0,0.019991,2.286909,0.077021,0.008536,2.372466,14.046259,14.519284,30.958602
1309,0,0.019423,1.973603,0.093427,0.008865,2.075895,13.208716,15.581543,30.886077
1310,0,0.020801,2.355582,0.076218,0.008778,2.440578,12.811194,14.620518,29.893883
1311,0,0.017329,1.934201,0.069066,0.009581,2.012848,13.539160,14.587013,30.156783
1312,0,0.020889,2.187410,0.067339,0.008327,2.263076,12.918355,15.611286,30.813984
1313,0,0.018310,2.326549,0.063063,0.008264,2.397876,12.078267,15.713767,30.208743
1314,0,0.020752,2.332293,0.076030,0.007681,2.416004,14.551471,14.599790,31.588312
1315,0,0.017109,1.775827,0.086599,0.008273,1.870699,13.292240,15.318043,30.498664
1316,0,0.015167,1.837784,0.097381,0.007788,1.942953,14.089401,14.590007,30.637995
1317,0,0.017866,1.857976,0.132287,0.007423,1.997686,13.171818,15.482492,30.670409
1318,0,0.019384,1.816974,0.063747,0.008414,1.889135,12.963261,16.575639,31.447895
1319,0,0.017622,1.945196,0.064221,0.008439,2.017856,12.237463,16.363913,30.637255
1320,0,0.018781,2.041545,0.063741,0.009304,2.114590,12.570181,15.583050,30.287023
1321,0,0.021965,1.725456,0.078192,0.008564,1.812212,12.887427,16.361418,31.083606
1322,0,0.017486,2.060958,0.064486,0.007608,2.133052,12.106749,16.617702,30.875470
1323,0,0.039267,2.320952,0.068377,0.008638,2.397967,12.730766,14.575594,29.744027
1324,0,0.018516,1.836560,0.167369,0.008726,2.012655,12.793612,16.348604,31.173915
1325,0,0.018452,1.895395,0.096473,0.008018,1.999886,12.728896,15.368569,30.116312
1326,0,0.017101,2.053390,0.064340,0.008149,2.125879,14.244191,14.780537,31.168159
1327,0,0.016176,1.754159,0.074274,0.008191,1.836624,13.871395,14.634148,30.358822
1328,0,0.018502,2.342126,0.080368,0.007321,2.429815,12.328137,16.608514,31.385358
1329,0,0.018747,2.415845,0.087153,0.007694,2.510692,13.068337,14.639420,30.237701
1330,0,0.018168,1.772310,0.090339,0.008223,1.870872,12.809191,16.364786,31.063471
1331,0,0.017694,1.801150,0.088221,0.008647,1.898018,13.308653,14.599267,29.824120
1332,0,0.018018,1.881396,0.085940,0.008304,1.975640,13.242263,16.386986,31.623372
1333,0,0.019227,1.723233,0.070416,0.007440,1.801089,13.822036,14.560356,30.203237
1334,0,0.018783,1.783806,0.094720,0.008087,1.886613,14.248588,14.622994,30.777492
1335,0,0.019164,1.945364,0.075358,0.008490,2.029212,12.917233,15.567267,30.533288
1336,0,0.017521,1.846041,0.116103,0.008180,1.970324,12.283611,16.549339,30.821302
1337,0,0.019823,1.773825,0.128111,0.007447,1.909383,12.813966,15.770345,30.514079
1338,0,0.019630,1.817048,0.091454,0.008314,1.916816,13.547367,15.640108,31.124450
1339,0,0.016958,2.135691,0.069082,0.008757,2.213530,15.440542,12.587044,30.258471
1340,0,0.018933,2.033593,0.069121,0.007603,2.110317,13.441903,14.593214,30.164741
1341,0,0.019855,1.871849,0.099947,0.007019,1.978815,13.861845,15.589436,31.450346
1342,0,0.017536,1.846222,0.092821,0.008353,1.947396,13.086843,14.542258,29.594759
1343,0,0.018393,1.784564,0.088946,0.007922,1.881432,15.593912,12.631357,30.125629
1344,0,0.021424,1.937413,0.077880,0.008056,2.023349,14.410320,14.551443,31.007080
1345,0,0.027452,1.866187,0.069522,0.008275,1.943984,14.496653,14.526982,30.995481
1346,0,0.017773,1.925291,0.100673,0.011653,2.037617,14.808174,14.522508,31.386481
1347,0,0.016457,1.817308,0.088851,0.008240,1.914399,13.134780,15.397689,30.463749
1348,0,0.017522,2.205349,0.080164,0.007609,2.293122,14.250693,14.671002,31.232878
1349,0,0.016975,1.934126,0.058244,0.007776,2.000146,13.570346,14.629209,30.217171
1350,0,0.019275,2.089503,0.064618,0.008143,2.162264,14.698068,13.717029,30.597095
1351,0,0.021315,2.077392,0.085362,0.008379,2.171133,13.897529,14.718451,30.808809
1352,0,0.018828,1.797223,0.094880,0.007805,1.899908,12.819272,15.585139,30.323739
1353,0,0.023029,1.776267,0.088057,0.008298,1.872622,14.013373,14.653023,30.562647
1354,0,0.040085,1.966082,0.078608,0.008200,2.052890,13.635409,15.620455,31.349541
1355,0,0.021866,2.311207,0.069790,0.008853,2.389850,12.308409,15.538212,30.258790
1356,0,0.020751,1.735324,0.152701,0.007926,1.895951,13.334667,15.349490,30.601466
1357,0,0.017476,1.816301,0.100718,0.008082,1.925101,13.493140,15.591793,31.028054
1358,0,0.018701,1.911843,0.069338,0.008722,1.989903,18.726219,9.562544,30.297838
1359,0,0.017253,1.802053,0.111285,0.008198,1.921536,14.768835,14.623774,31.331858
1360,0,0.015221,1.684833,0.064261,0.008507,1.757601,13.874802,14.495631,30.143647
1361,0,0.018076,1.719514,0.076273,0.007997,1.803784,12.690951,16.676584,31.189817
1362,0,0.017984,2.476655,0.098620,0.007939,2.583214,12.881015,14.500267,29.982848
1363,0,0.019256,1.599861,0.068812,0.008000,1.676673,13.666729,15.616774,30.979981
1364,0,0.019774,1.912889,0.088289,0.009047,2.010225,13.367185,15.592111,30.989916
1365,0,0.021936,2.067127,0.166417,0.008873,2.242417,13.624765,14.630156,30.519742
1366,0,0.019377,1.854423,0.132359,0.009046,1.995828,13.193117,15.569215,30.777987
1367,0,0.020459,1.949364,0.071652,0.008378,2.029394,13.220791,15.634522,30.905698
1368,0,0.022042,2.065628,0.063575,0.007798,2.137001,13.540405,14.525494,30.225475
1369,0,0.018117,1.759609,0.088479,0.008062,1.856150,14.419584,14.543714,30.838219
1370,0,0.017386,1.675538,0.089460,0.007722,1.772720,12.742324,15.534332,30.067323
1371,0,0.021901,2.308040,0.069998,0.008801,2.386839,12.994662,15.552520,30.956494
1372,0,0.016949,2.387019,0.074164,0.008482,2.469665,15.397981,12.630067,30.515074
1373,0,0.016608,1.669234,0.086767,0.008192,1.764193,17.288395,10.660738,29.730293
1374,0,0.017043,1.722984,0.100906,0.007807,1.831697,14.512832,14.758970,31.121038
1375,0,0.018023,2.242822,0.063550,0.008164,2.314536,13.475632,14.809129,30.617841
1376,0,0.018479,1.819071,0.084519,0.007835,1.911425,13.237524,15.560690,30.728456
1377,0,0.017984,1.770230,0.166578,0.008147,1.944955,14.175538,15.540320,31.679297
1378,0,0.017133,1.804333,0.074764,0.008752,1.887849,14.226001,14.577111,30.708720
1379,0,0.017327,1.640353,0.066492,0.008538,1.715383,12.771467,15.737092,30.241641
1380,0,0.017542,1.714200,0.084230,0.008074,1.806504,14.259307,14.717370,30.801057
1381,0,0.019081,2.185145,0.066733,0.008452,2.260330,13.785007,14.611934,30.676914
1382,0,0.019078,1.995738,0.072196,0.009020,2.076954,13.611233,15.548116,31.255674
1383,0,0.016433,1.744363,0.073925,0.008264,1.826552,12.843457,15.609606,30.296546
1384,0,0.018306,1.874032,0.107477,0.008214,1.989723,14.145804,14.578665,30.733001
1385,0,0.017363,2.298009,0.095418,0.007357,2.400784,13.560091,14.586713,30.565318
1386,0,0.017727,2.111637,0.079767,0.008510,2.199914,13.095167,15.529201,30.842501
1387,0,0.019467,1.938313,0.091273,0.008303,2.037889,12.616581,15.558196,30.232739
1388,0,0.020092,2.072555,0.091604,0.008412,2.172571,13.001043,15.582942,30.777165
1389,0,0.018446,1.710546,0.087128,0.007706,1.805380,14.310356,14.667308,30.801852
1390,0,0.018786,2.211632,0.081635,0.008262,2.301529,14.944294,13.718881,30.984011
1391,0,0.018222,1.860131,0.063615,0.008282,1.932028,14.663033,13.590590,30.204299
1392,0,0.018061,1.762461,0.095293,0.007989,1.865743,13.106674,15.653103,30.643923
1393,0,0.018062,1.907820,0.064440,0.008361,1.980621,14.038507,14.634084,30.671749
1394,0,0.018628,1.822732,0.081802,0.008440,1.912974,12.784769,16.580211,31.297055
1395,0,0.018030,1.824950,0.076276,0.008303,1.909529,13.672733,14.572793,30.173552
1396,0,0.019848,1.700685,0.059011,0.007729,1.767425,14.225789,14.631961,30.645416
1397,0,0.018666,1.869399,0.083753,0.007764,1.960916,14.404936,14.645277,31.030704
1398,0,0.018258,2.069848,0.085339,0.008302,2.163489,15.721874,12.657414,30.561503
1399,0,0.021299,1.749921,0.087919,0.008506,1.846346,13.745513,14.650875,30.264557
1400,0,0.019258,1.691758,0.194685,0.006754,1.893197,15.038951,13.549906,30.501841
1401,0,0.017444,2.159625,0.067482,0.008296,2.235403,13.494901,15.633816,31.382012
1402,0,0.017297,1.750712,0.091873,0.008512,1.851097,15.178680,13.690752,30.738303
1403,0,0.017079,1.665293,0.068545,0.008434,1.742272,13.238306,15.551395,30.549654
1404,0,0.016950,2.040195,0.088627,0.008301,2.137123,13.034414,14.632585,29.821463
1405,0,0.018776,1.846069,0.162918,0.008889,2.017876,13.172027,14.705757,29.914685
1406,0,0.018389,2.425899,0.112153,0.008035,2.546087,13.375966,15.550945,31.491797
1407,0,0.018209,2.233039,0.066140,0.007901,2.307080,15.416151,12.684138,30.426060
1408,0,0.016107,2.275732,0.096032,0.006679,2.378443,14.882377,13.888020,31.165335
1409,0,0.016920,2.269347,0.072297,0.008389,2.350033,13.751172,14.551203,30.669866
1410,0,0.019448,2.323742,0.077980,0.027463,2.429185,15.397801,13.572832,31.419817
1411,0,0.018443,2.223923,0.081155,0.009930,2.315008,15.561895,12.572158,30.467967
1412,0,0.017382,1.884934,0.069447,0.007966,1.962347,17.186093,11.609637,30.775900
1413,0,0.019826,2.007829,0.076038,0.008418,2.092285,15.413136,12.588912,30.114706
1414,0,0.019731,1.792464,0.092354,0.008636,1.893454,14.787133,14.581408,31.282063
1415,0,0.034753,1.851225,0.101260,0.008541,1.961026,15.152810,13.614199,30.763336
1416,0,0.019083,1.719841,0.092354,0.008319,1.820514,13.373565,15.591358,30.804972
1417,0,0.020000,1.819790,0.104799,0.008054,1.932643,15.734269,12.584766,30.272121
1418,0,0.019388,1.800824,0.126536,0.008081,1.935441,13.839728,14.620294,30.415441
1419,0,0.022365,1.950405,0.071839,0.008101,2.030345,13.531602,15.585891,31.170645
1420,0,0.016841,2.666311,0.067124,0.006641,2.740076,16.053719,11.610236,30.421270
1421,0,0.019251,2.434552,0.076285,0.007385,2.518222,14.443065,13.620583,30.601547
1422,0,0.020094,2.496522,0.062242,0.008190,2.566954,15.053918,12.685266,30.326716
1423,0,0.020966,2.007239,0.077423,0.008194,2.092856,13.557962,15.545482,31.217815
1424,0,0.022588,1.998373,0.065787,0.007418,2.071578,13.811291,14.582645,30.488663
1425,0,0.022315,2.037686,0.070961,0.008196,2.116843,14.501784,13.631800,30.273223
1426,0,0.021225,1.726504,0.078983,0.008478,1.813965,15.056780,13.621456,30.513982
1427,0,0.017689,2.051821,0.069007,0.008446,2.129274,14.196196,14.638057,30.981713
1428,0,0.017572,1.730168,0.064333,0.008167,1.802668,14.239432,14.627557,30.687556
1429,0,0.014901,1.753462,0.069950,0.008473,1.831885,14.246042,14.738618,30.831933
1430,0,0.016240,2.247582,0.066580,0.008346,2.322508,15.028416,12.804036,30.172014
1431,0,0.020041,2.194619,0.067685,0.008050,2.270354,13.449689,15.637898,31.378369
1432,0,0.018027,1.714105,0.065297,0.008313,1.787715,14.547290,13.734921,30.088325
1433,0,0.021027,2.497236,0.082229,0.008133,2.587598,14.116028,14.615094,31.340240
1434,0,0.017875,1.641816,0.068578,0.008687,1.719081,15.963788,12.681710,30.382918
1435,0,0.020128,2.365659,0.065536,0.008493,2.439688,15.339514,11.753877,29.553778
1436,0,0.019392,1.786037,0.140731,0.008307,1.935075,15.669213,12.662633,30.287052
1437,0,0.021815,1.906726,0.067369,0.008562,1.982657,15.189599,13.752913,30.947442
1438,0,0.019761,1.871125,0.093377,0.008387,1.972889,14.260571,14.617092,30.870692
1439,0,0.018890,1.879215,0.093666,0.008370,1.981251,17.044941,12.672168,31.717580
1440,0,0.016154,1.719058,0.066893,0.008401,1.794352,13.738637,14.675239,30.224868
1441,0,0.020268,1.975008,0.069230,0.008860,2.053098,13.807100,14.667596,30.548530
1442,0,0.016548,1.608706,0.094747,0.008493,1.711946,14.124775,15.562476,31.416217
1443,0,0.017862,1.740674,0.103926,0.008289,1.852889,16.107528,12.676771,30.655437
1444,0,0.013918,2.003682,0.068994,0.008955,2.081631,15.735035,12.562901,30.393795
1445,0,0.017277,1.826615,0.094895,0.008676,1.930186,19.405039,9.659710,31.012513
1446,0,0.017193,1.797815,0.096928,0.007878,1.902621,13.702841,14.582456,30.205575
1447,0,0.022179,2.036051,0.113962,0.007436,2.157449,16.856529,11.667837,30.704366
1448,0,0.017294,1.706281,0.111552,0.007285,1.825118,13.832037,15.594875,31.269704
1449,0,0.016573,2.516153,0.063955,0.007002,2.587110,14.412174,13.562457,30.578798
1450,0,0.017581,1.658829,0.063230,0.008171,1.730230,15.633743,12.570043,29.951941
1451,0,0.017347,2.042837,0.085524,0.008635,2.136996,18.043475,10.587803,30.786089
1452,0,0.019346,1.795708,0.096726,0.007731,1.900165,17.548563,11.642479,31.110997
1453,0,0.018056,1.734736,0.088864,0.008656,1.832256,16.755928,11.669011,30.275736
1454,0,0.016031,1.785390,0.095188,0.008244,1.888822,14.484410,14.482661,30.872444
1455,0,0.019459,2.054838,0.066365,0.027618,2.148821,15.089907,13.518495,30.777211
1456,0,0.013083,2.239671,0.068221,0.008186,2.316078,13.894065,14.661654,30.885399
1457,0,0.016755,1.820515,0.087205,0.008186,1.915906,14.054050,14.593230,30.580383
1458,0,0.019309,1.766124,0.071224,0.007639,1.844987,14.026445,14.593163,30.484428
1459,0,0.019651,1.815471,0.202410,0.007973,2.025854,14.644577,13.566224,30.256774
1460,0,0.018744,1.762982,0.061483,0.007794,1.832259,15.957817,13.599798,31.409152
1461,0,0.020443,1.828690,0.124335,0.007398,1.960423,14.011169,14.574637,30.567320
1462,0,0.018891,1.706761,0.095174,0.008998,1.810933,14.927485,13.559155,30.317167
1463,0,0.018245,1.932026,0.070634,0.008420,2.011080,15.517257,13.589127,31.136239
1464,0,0.020458,1.725363,0.090082,0.008261,1.823706,15.803591,12.697373,30.345509
1465,0,0.020616,1.832711,0.092444,0.008452,1.933607,15.721802,12.595233,30.271625
1466,0,0.021958,2.028265,0.085175,0.008115,2.121555,14.576253,14.625891,31.346358
1467,0,0.020231,1.818360,0.105512,0.007472,1.931344,14.495988,12.610907,29.058923
1468,0,0.020907,1.749188,0.089076,0.008569,1.846833,16.728040,12.577510,31.173707
1469,0,0.019705,1.820202,0.074346,0.008187,1.902735,16.554215,11.600825,30.078098
1470,0,0.019841,2.453202,0.075287,0.007797,2.536286,15.695968,12.592972,30.845548
1471,0,0.020940,1.764665,0.091668,0.008435,1.864768,14.910406,15.572844,32.369389
1472,0,0.018515,2.371465,0.067269,0.008596,2.447330,15.715088,11.569882,29.751327
1473,0,0.020145,2.453181,0.080655,0.008108,2.541944,16.961353,11.615607,31.139609
1474,0,0.020368,2.219286,0.072987,0.008396,2.300669,14.143334,14.547872,31.012725
1475,0,0.017914,2.289428,0.070100,0.008204,2.367732,15.141937,12.651312,30.179434
1476,0,0.021805,2.213849,0.069974,0.008118,2.291941,14.964979,13.591021,30.870105
1477,0,0.022502,2.353124,0.079476,0.008602,2.441202,15.398122,12.730995,30.593353
1478,0,0.020168,1.775790,0.088946,0.008623,1.873359,14.006505,14.604226,30.504577
1479,0,0.021444,1.893005,0.094504,0.008351,1.995860,14.823085,13.659813,30.500946
1480,0,0.020812,1.725467,0.108970,0.008136,1.842573,15.251621,13.566578,30.682083
1481,0,0.020795,1.716327,0.092972,0.008188,1.817487,15.874815,13.573808,31.287524
1482,0,0.020565,1.788394,0.083112,0.008728,1.880234,14.879554,13.557709,30.338451
1483,0,0.021167,1.913726,0.097515,0.008702,2.019943,16.700598,11.678912,30.421023
1484,0,0.020828,1.711048,0.109069,0.008469,1.828586,15.626418,13.566731,31.042983
1485,0,0.019489,1.696685,0.066227,0.008794,1.771706,14.060522,14.579121,30.431429
1486,0,0.019392,1.706084,0.102530,0.007366,1.815980,13.783318,15.552081,31.171343
1487,0,0.016864,1.692642,0.079448,0.007755,1.779845,16.576522,11.717689,30.091432
1488,0,0.018463,2.308181,0.181884,0.007671,2.497736,14.812114,13.586676,30.915387
1489,0,0.019834,1.814175,0.088098,0.008768,1.911041,14.943115,14.288642,31.163209
1490,0,0.020994,2.309630,0.072345,0.007980,2.389955,15.214631,12.737328,30.363479
1491,0,0.017522,1.605391,0.073699,0.007533,1.686623,15.878899,12.571047,30.154711
1492,0,0.016461,1.706553,0.108370,0.008188,1.823111,14.972620,14.595504,31.407957
1493,0,0.017574,2.397837,0.067951,0.008168,2.473956,14.755151,12.676218,29.923492
1494,0,0.020602,2.409793,0.097004,0.008504,2.515301,15.575296,12.524888,30.636468
1495,0,0.018557,1.929724,0.079139,0.008710,2.017573,14.485587,14.724981,31.247215
1496,0,0.018756,1.839199,0.098042,0.008779,1.946020,16.980875,11.663187,30.609208
1497,0,0.017802,1.667663,0.072001,0.008504,1.748168,17.493907,11.638155,30.898523
1498,0,0.019090,2.112883,0.078941,0.007862,2.199686,16.008894,10.559485,28.787544
1499,0,0.019423,2.334246,0.095344,0.008653,2.438243,17.922846,10.510839,30.891730
1500,0,0.012567,2.330318,0.070442,0.009004,2.409764,16.510761,12.575343,31.508916
1501,0,0.019716,1.811086,0.073873,0.008383,1.893342,15.167708,13.615780,30.697154
1502,0,0.021031,1.733739,0.062628,0.008077,1.804444,15.037455,14.592825,31.456256
1503,0,0.019710,2.302073,0.201537,0.008752,2.512362,15.192258,12.638708,30.363638
1504,0,0.020015,2.298578,0.070035,0.008702,2.377315,16.109795,12.628824,31.136540
1505,0,0.020844,1.884131,0.080897,0.008828,1.973856,14.221297,13.578975,29.795506
1506,0,0.021710,2.137790,0.083523,0.008436,2.229749,15.199547,13.482376,30.933984
1507,0,0.019282,2.287280,0.068314,0.008440,2.364034,18.885833,9.721476,30.991023
1508,0,0.018288,2.328167,0.069091,0.008172,2.405430,16.820242,10.861961,30.106213
1509,0,0.014942,1.720332,0.083622,0.008218,1.812172,15.441622,13.706209,30.975461
1510,0,0.018017,1.838953,0.074304,0.008388,1.921645,15.908719,12.541959,30.390802
1511,0,0.015903,1.693141,0.090260,0.008515,1.791916,17.000224,12.676103,31.484575
1512,0,0.016342,2.362565,0.073856,0.007059,2.443480,16.957835,10.679840,30.097993
1513,0,0.016683,1.794932,0.071285,0.007704,1.873921,19.273754,9.604060,30.768785
1514,0,0.016476,1.820925,0.094905,0.008134,1.923964,18.833930,9.698803,30.473672
1515,0,0.019093,2.080602,0.097687,0.007714,2.186003,17.613873,10.656170,30.475618
1516,0,0.033747,1.787049,0.090048,0.007872,1.884969,19.701760,9.540019,31.160897
1517,0,0.017209,2.200418,0.064711,0.008127,2.273256,17.661705,10.598883,30.551512
1518,0,0.015396,2.353564,0.070061,0.007029,2.430654,17.609564,10.579598,30.635592
1519,0,0.016635,1.781562,0.065314,0.008457,1.855333,16.144616,12.581047,30.598043
1520,0,0.019338,1.860208,0.086674,0.007899,1.954781,16.752828,12.607375,31.334809
1521,0,0.018693,1.765694,0.063726,0.008515,1.837935,15.293916,12.675826,29.826827
1522,0,0.020296,1.730494,0.065400,0.008590,1.804484,17.433052,11.629762,30.888195
1523,0,0.020598,1.769180,0.069012,0.009321,1.847513,14.925300,14.537011,31.330777
1524,0,0.016836,1.692341,0.088931,0.008219,1.789491,19.111917,9.636302,30.555050
1525,0,0.016554,1.590734,0.061135,0.008149,1.660018,16.641687,11.683729,30.002433
1526,0,0.019445,1.822587,0.084923,0.008348,1.915858,15.262951,13.672384,30.871125
1527,0,0.016360,1.661853,0.093954,0.008599,1.764406,16.592742,12.533012,30.906964
1528,0,0.017032,2.302756,0.098599,0.008146,2.409501,15.642982,12.596305,30.666452
1529,0,0.018464,1.908886,0.080481,0.008247,1.997614,19.590285,7.634843,29.241711
1530,0,0.017268,1.951442,0.072158,0.008182,2.031782,15.665538,13.625178,31.340346
1531,0,0.018832,1.762094,0.070914,0.008654,1.841662,16.485592,11.591051,29.937679
1532,0,0.018734,2.442534,0.085597,0.019977,2.548108,21.561639,6.569799,30.698849
1533,0,0.013395,2.314296,0.068727,0.008819,2.391842,18.382635,11.609381,32.397795
1534,0,0.016693,2.199532,0.070014,0.008704,2.278250,23.064040,4.574272,29.933737
1535,0,0.013427,1.909138,0.069364,0.008337,1.986839,18.497089,10.488165,30.986007
1536,0,0.015526,2.430437,0.068840,0.008383,2.507660,20.306985,7.581379,30.412061
1537,0,0.018714,1.914951,0.088835,0.007943,2.011729,15.439920,13.647170,31.118280
1538,0,0.019372,2.398544,0.069169,0.008316,2.476029,16.006063,12.600045,31.101993
1539,0,0.018484,2.526168,0.068597,0.007337,2.602102,21.114820,6.764859,30.500627
1540,0,0.016800,2.054672,0.091201,0.008916,2.154789,15.975922,12.570994,30.718987
1541,0,0.020559,1.939274,0.076690,0.017049,2.033013,15.445065,12.612264,30.111325
1542,0,0.018809,1.818440,0.101775,0.008563,1.928778,17.704969,11.579751,31.232884
1543,0,0.020539,1.888594,0.085002,0.008113,1.981709,16.333696,12.595142,30.931827
1544,0,0.020584,1.692535,0.074020,0.008581,1.775136,15.231533,13.575387,30.603158
1545,0,0.020456,2.326962,0.072106,0.008496,2.407564,15.971727,12.565164,30.965345
1546,0,0.020869,1.804658,0.097490,0.009094,1.911242,17.427384,10.628832,29.988704
1547,0,0.019852,2.543012,0.072190,0.008250,2.623452,16.185948,12.592677,31.422322
1548,0,0.019974,2.425041,0.077403,0.007710,2.510154,16.531707,11.596900,30.659309
1549,0,0.019468,2.260348,0.068383,0.008806,2.337537,16.436515,11.583682,30.377730
1550,0,0.015826,1.764650,0.077481,0.008293,1.850424,17.608781,11.574608,31.050015
1551,0,0.017314,1.746950,0.072118,0.008425,1.827493,15.849742,12.688545,30.383672
1552,0,0.020210,1.794004,0.092380,0.008577,1.894961,18.409234,10.656272,30.981282
1553,0,0.017849,1.848319,0.081555,0.008299,1.938173,17.647099,11.586319,31.189899
1554,0,0.018618,1.810835,0.089192,0.008790,1.908817,18.513573,9.604944,30.046358
1555,0,0.015046,1.768485,0.093035,0.008248,1.869768,21.812833,7.601763,31.300045
1556,0,0.016460,1.674538,0.069882,0.008208,1.752628,21.096668,7.726383,30.592469
1557,0,0.016358,1.833643,0.192204,0.008342,2.034189,16.984780,11.557847,30.593577
1558,0,0.018224,1.681667,0.092125,0.008494,1.782286,16.336343,12.726927,30.864138
1559,0,0.020036,1.583246,0.063724,0.008111,1.655081,16.357891,12.617877,30.651369
1560,0,0.016683,1.720184,0.085164,0.007720,1.813068,17.760213,10.640330,30.230656
1561,0,0.016232,1.553250,0.074983,0.007878,1.636111,19.868135,8.634145,30.155253
1562,0,0.021279,1.947910,0.069303,0.008281,2.025494,18.875043,10.685596,31.607854
1563,0,0.018867,1.808553,0.087779,0.008446,1.904778,16.819720,11.617266,30.361119
1564,0,0.013706,1.708751,0.094667,0.008179,1.811597,16.085224,13.607220,31.518171
1565,0,0.019340,1.820816,0.063863,0.007780,1.892459,16.169433,12.526672,30.608665
1566,0,0.020112,2.032436,0.142693,0.009424,2.184553,16.592529,12.605059,31.402826
1567,0,0.019116,1.747659,0.064208,0.008577,1.820444,17.017102,11.554265,30.411496
1568,0,0.019537,1.841338,0.083108,0.008431,1.932877,15.829238,13.573408,31.355476
1569,0,0.020917,1.819326,0.100594,0.007462,1.927382,18.141448,10.586250,30.676629
1570,0,0.026117,1.829679,0.094604,0.007384,1.931667,18.096084,10.618546,30.673103
1571,0,0.021889,1.873179,0.092857,0.008331,1.974367,17.143559,11.561960,30.702296
1572,0,0.020362,1.798465,0.095763,0.008445,1.902673,17.629084,10.563694,30.116404
1573,0,0.020953,1.680706,0.071250,0.008575,1.760531,17.382344,11.616346,30.780742
1574,0,0.020459,1.696005,0.089531,0.007505,1.793041,17.860581,11.574182,31.248699
1575,0,0.020185,1.717029,0.096513,0.008151,1.821693,16.989470,11.601034,30.432910
1576,0,0.017776,1.867202,0.083795,0.007732,1.958729,15.925987,13.598882,31.501785
1577,0,0.017817,2.111789,0.070922,0.007982,2.190693,18.978451,8.716203,29.903639
1578,0,0.015221,1.708215,0.114330,0.008359,1.830904,18.197497,10.612203,30.656275
1579,0,0.017529,1.778292,0.096633,0.008832,1.883757,18.309448,10.564802,30.776117
1580,0,0.018596,1.695425,0.091996,0.008240,1.795661,16.992082,12.563290,31.370118
1581,0,0.017458,1.750275,0.092455,0.008363,1.851093,17.476590,11.559230,30.904821
1582,0,0.017594,2.393690,0.064697,0.008076,2.466463,17.806125,9.699453,29.990070
1583,0,0.014681,1.689598,0.074891,0.008651,1.773140,17.010641,12.630704,31.429616
1584,0,0.018987,2.208059,0.090966,0.009472,2.308497,16.962224,11.715223,31.005426
1585,0,0.017283,1.854210,0.105487,0.008007,1.967704,21.321223,6.623495,29.930197
1586,0,0.016362,2.785022,0.110380,0.008940,2.904342,17.151165,10.631154,30.703295
1587,0,0.019284,1.944740,0.069463,0.008074,2.022277,18.230729,10.676745,30.949510
1588,0,0.017155,2.298627,0.064109,0.007590,2.370326,18.317779,10.630301,31.336051
1589,0,0.018361,1.834088,0.095506,0.008597,1.938191,16.503365,11.603761,30.064062
1590,0,0.019508,1.686870,0.068479,0.008398,1.763747,17.272790,12.581344,31.637909
1591,0,0.017643,1.641208,0.066002,0.008225,1.715435,17.322628,11.591967,30.648135
1592,0,0.016181,1.684324,0.144587,0.008129,1.837040,18.980797,8.613811,29.448218
1593,0,0.018451,1.843181,0.088942,0.008752,1.940875,17.059269,11.570268,30.589285
1594,0,0.016122,1.807120,0.090423,0.008822,1.906365,18.946428,9.596920,30.466395
1595,0,0.017329,1.751373,0.095197,0.008101,1.854671,19.120886,10.591344,31.584651
1596,0,0.017811,1.666868,0.068462,0.008109,1.743439,17.112292,12.586824,31.460732
1597,0,0.017956,1.620861,0.065361,0.008644,1.694866,20.484515,8.679715,30.877587
1598,0,0.015071,1.759172,0.076712,0.008559,1.844443,17.991404,10.563437,30.414997
1599,0,0.017755,1.871346,0.070581,0.007906,1.949833,17.797854,11.627413,31.393237
1600,0,0.018379,1.887030,0.094295,0.009108,1.990433,17.863460,10.671732,30.544768
1601,0,0.018212,2.294915,0.063542,0.007843,2.366300,17.039197,11.567531,30.991682
1602,0,0.017932,1.718469,0.090355,0.008559,1.817383,17.145921,11.691784,30.673456
1603,0,0.015961,1.865495,0.080089,0.007964,1.953548,17.574624,10.665362,30.209831
1604,1,0.014144,1.637320,0.066261,0.008232,1.711813,17.704787,11.545781,30.976779
1605,1,0.016554,1.648137,0.064390,0.008130,1.720657,17.923796,11.604000,31.265433
1606,1,0.015939,1.809440,0.085182,0.007755,1.902377,17.697113,10.587608,30.203445
1607,1,0.018135,1.746586,0.067489,0.018662,1.832737,21.714981,7.672780,31.239062
1608,1,0.019520,2.172663,0.101606,0.008239,2.282508,16.980333,11.590876,30.873966
1609,1,0.020512,2.022563,0.065697,0.008069,2.096329,17.879827,10.580840,30.578018
1610,1,0.021877,1.893211,0.083147,0.008653,1.985011,16.462432,11.570006,30.039860
1611,1,0.018234,2.426968,0.096913,0.008245,2.532126,16.700096,11.781235,31.032242
1612,1,0.018898,1.734387,0.087649,0.008010,1.830046,17.472397,11.607817,30.929568
1613,1,0.017921,1.659186,0.098154,0.008512,1.765852,18.001781,10.603277,30.389361
1614,1,0.015997,1.940138,0.096515,0.008379,2.045032,17.159744,11.578673,30.800186
