iteration,food_quantity,event_poll_ms,ants_advance_ms,evaporation_ms,update_ms,advance_total_ms,render_ms,blit_ms,iteration_total_ms
1,0,0.583369,2.668669,0.130170,0.008698,2.807537,19.571734,16.657340,39.620660
2,0,0.019765,1.204113,0.066101,0.008289,1.278503,13.952158,15.650518,30.901335
3,0,0.021668,1.313051,0.073581,0.012379,1.399011,12.767396,16.587538,30.776011
4,0,0.021830,1.073286,0.067986,0.008124,1.149396,13.468753,15.591002,30.231483
5,0,0.020761,1.415058,0.065962,0.008278,1.489298,13.974015,15.648245,31.132778
6,0,0.019991,1.354711,0.061466,0.007964,1.424141,13.848362,15.648671,30.941567
7,0,0.022782,1.328375,0.064546,0.008242,1.401163,13.576278,15.545180,30.545765
8,0,0.018863,1.144737,0.072308,0.007123,1.224168,13.704408,15.543685,30.491534
9,0,0.016992,1.559889,0.086200,0.008192,1.654281,14.017642,14.707355,30.396734
10,0,0.018860,1.387807,0.069956,0.008766,1.466529,14.522525,15.601925,31.610363
11,0,0.019351,1.291664,0.063725,0.008262,1.363651,13.760277,15.733311,30.876943
12,0,0.018971,1.311463,0.059345,0.007883,1.378691,13.753280,15.693362,30.844884
13,0,0.022378,1.387881,0.070299,0.008411,1.466591,12.874060,15.581928,29.945631
14,0,0.032414,1.232997,0.076978,0.008418,1.318393,14.523328,15.539403,31.413865
15,0,0.018496,1.236535,0.071083,0.008023,1.315641,13.898627,15.516738,30.749931
16,0,0.019824,1.178066,0.064221,0.008412,1.250699,14.014403,15.561993,30.847269
17,0,0.018000,1.365169,0.072542,0.007096,1.444807,13.296146,15.588324,30.347662
18,0,0.018415,1.574583,0.063712,0.007154,1.645449,13.142793,16.553039,31.360095
19,0,0.018729,1.179520,0.093889,0.009468,1.282877,13.543200,15.544946,30.390109
20,0,0.016533,1.268785,0.086129,0.008330,1.363244,12.710781,15.522492,29.613451
21,0,0.019442,1.361936,0.110717,0.008606,1.481259,13.683042,15.603818,30.788036
22,0,0.019738,1.299269,0.067894,0.008695,1.375858,14.348020,15.589424,31.333318
23,0,0.024495,1.106275,0.068204,0.009062,1.183541,13.199926,15.651841,30.060325
24,0,0.021201,1.178996,0.069881,0.008531,1.257408,14.656023,14.665655,30.600981
25,0,0.020096,1.099641,0.064253,0.008534,1.172428,14.460965,15.715615,31.369486
26,0,0.020500,1.045404,0.061488,0.007807,1.114699,13.636741,15.745578,30.518025
27,0,0.021128,1.139820,0.068162,0.008265,1.216247,14.428788,15.682260,31.349004
28,0,0.020894,1.215648,0.077571,0.008019,1.301238,13.782080,15.527227,30.632005
29,0,0.019489,1.236963,0.066103,0.008340,1.311406,13.498055,15.735262,30.565111
30,0,0.021680,1.371322,0.094110,0.008228,1.473660,14.918100,14.781640,31.195541
31,0,0.022507,1.357106,0.074651,0.008210,1.439967,14.404487,15.665252,31.532721
32,0,0.020401,1.391286,0.079296,0.007891,1.478473,12.920056,15.570515,29.990469
33,0,0.021764,1.280042,0.067757,0.008534,1.356333,13.838076,15.576576,30.793177
34,0,0.018636,1.414993,0.068127,0.008550,1.491670,14.377949,15.650447,31.539201
35,0,0.016321,1.242873,0.067734,0.008209,1.318816,13.726866,15.633516,30.695884
36,0,0.032369,1.133972,0.067528,0.007891,1.209391,13.806520,14.820546,29.869268
37,0,0.021111,1.372240,0.099130,0.008210,1.479580,14.430107,15.599243,31.530523
38,0,0.020256,1.365816,0.239571,0.008147,1.613534,12.845290,15.635676,30.115105
39,0,0.020409,1.218043,0.061880,0.008861,1.288784,13.771467,15.669496,30.750530
40,0,0.021348,1.257527,0.065432,0.008476,1.331435,13.837157,15.687295,30.877741
41,0,0.022304,1.279624,0.068414,0.007951,1.355989,14.081582,15.602940,31.063303
42,0,0.017398,1.301042,0.062316,0.008692,1.372050,13.685231,15.553080,30.628181
43,0,0.021619,1.247340,0.067896,0.008680,1.323916,13.677252,15.560183,30.583235
44,0,0.020081,1.371545,0.064256,0.010623,1.446424,13.790091,15.646427,30.903467
45,0,0.020112,1.248855,0.066225,0.009170,1.324250,14.055124,15.665526,31.065515
46,0,0.019970,1.238702,0.071666,0.007311,1.317679,13.755265,15.686438,30.779803
47,0,0.019726,1.152706,0.059913,0.019769,1.232388,13.884504,15.574466,30.711629
48,0,0.022197,1.093236,0.068696,0.008244,1.170176,14.407895,14.637680,30.238448
49,0,0.020285,1.066437,0.067759,0.008767,1.142963,14.533324,15.604089,31.301192
50,0,0.024098,1.112182,0.068406,0.007466,1.188054,13.553935,15.513342,30.279904
51,0,0.019735,1.244473,0.080631,0.007799,1.332903,12.766106,16.513723,30.632823
52,0,0.017671,1.059265,0.069839,0.008799,1.137903,13.645163,15.427190,30.228247
53,0,0.018951,1.195795,0.069341,0.008708,1.273844,14.446599,14.680357,30.420166
54,0,0.016467,1.287329,0.055995,0.008315,1.351639,14.602203,15.571370,31.542072
55,0,0.017540,1.257926,0.058895,0.008210,1.325031,13.682390,15.617849,30.643240
56,0,0.018785,1.186828,0.068604,0.008103,1.263535,13.797267,15.643249,30.723287
57,0,0.021648,1.288061,0.070883,0.008480,1.367424,13.247705,15.689048,30.326057
58,0,0.020676,1.310962,0.059730,0.008078,1.378770,14.314119,15.733181,31.447228
59,0,0.021637,1.193302,0.067047,0.008882,1.269231,13.632458,15.479672,30.403406
60,0,0.015985,1.220685,0.070992,0.008618,1.300295,13.628496,15.576086,30.521252
61,0,0.017980,1.324315,0.078053,0.008550,1.410918,3.728244,11.694038,16.851566
62,0,0.020312,1.067347,0.079509,0.008420,1.155276,13.701119,15.609403,30.486547
63,0,0.022151,1.345323,0.070469,0.008668,1.424460,13.605073,15.560649,30.612706
64,0,0.017584,1.325626,0.059391,0.008415,1.393432,13.858957,15.506507,30.776857
65,0,0.017581,1.354728,0.065639,0.008585,1.428952,13.766587,15.553168,30.766678
66,0,0.020647,1.466990,0.079944,0.037208,1.584142,13.754897,15.581211,30.941269
67,0,0.017297,1.216767,0.059514,0.007965,1.284246,14.428787,14.696911,30.427673
68,0,0.019521,1.162867,0.062502,0.008555,1.233924,14.065778,15.702774,31.022383
69,0,0.018850,1.026726,0.060368,0.008507,1.095601,14.736231,14.594950,30.446051
70,0,0.020548,1.362139,0.066247,0.007847,1.436233,14.559313,15.661602,31.678047
71,0,0.018129,1.092295,0.060997,0.008540,1.161832,13.253319,15.571600,30.006183
72,0,0.018630,1.586279,0.070452,0.007366,1.664097,14.199999,15.560973,31.444140
73,0,0.022782,1.220040,0.068213,0.007874,1.296127,13.423965,15.553228,30.296582
74,0,0.018693,1.114937,0.066225,0.008365,1.189527,14.180349,15.509478,30.898436
75,0,0.016711,1.148801,0.072547,0.007995,1.229343,14.064211,15.612121,30.922985
76,0,0.020064,1.197226,0.060586,0.008409,1.266221,14.226418,15.609374,31.122450
77,0,0.017848,1.219139,0.062071,0.008564,1.289774,13.272581,15.564226,30.144817
78,0,0.018395,1.307090,0.060367,0.008412,1.375869,14.563702,14.565206,30.523638
79,0,0.019607,1.463431,0.065750,0.008126,1.537307,14.606730,14.717342,30.881389
80,0,0.021232,1.212486,0.059805,0.008432,1.280723,14.666735,14.719560,30.688722
81,0,0.024170,1.163924,0.108166,0.008926,1.281016,14.661152,15.648921,31.615834
82,0,0.024119,1.637256,0.073206,0.009417,1.719879,13.230149,15.641413,30.615930
83,0,0.020362,1.259417,0.067654,0.007783,1.334854,12.482902,15.476739,29.315307
84,0,0.021335,1.194592,0.064068,0.007927,1.266587,14.076675,15.572609,30.937763
85,0,0.019333,1.165711,0.070211,0.008759,1.244681,13.736460,15.550363,30.551424
86,0,0.020837,1.573831,0.071972,0.008992,1.654795,13.728506,15.655241,31.059755
87,0,0.020052,1.159146,0.074578,0.018828,1.252552,14.364290,15.631669,31.268822
88,0,0.019432,1.553891,0.070115,0.008579,1.632585,12.646550,15.610119,29.909013
89,0,0.019085,1.062394,0.062290,0.008700,1.133384,14.117333,15.691245,30.961442
90,0,0.017875,1.030199,0.061699,0.008047,1.099945,14.659631,15.715488,31.493402
91,0,0.021260,1.204098,0.075283,0.008177,1.287558,13.723562,15.543157,30.576040
92,0,0.020954,1.069718,0.061677,0.008570,1.139965,13.766002,15.524788,30.452272
93,0,0.020118,1.161752,0.066075,0.008928,1.236755,15.515406,14.546104,31.318848
94,0,0.019442,1.150614,0.067700,0.008853,1.227167,14.749165,15.518025,31.514338
95,0,0.017889,1.283801,0.059715,0.008106,1.351622,14.024366,15.441086,30.835430
96,0,0.020023,1.137688,0.086488,0.009465,1.233641,14.086679,14.663564,30.004390
97,0,0.018661,1.259767,0.055185,0.007639,1.322591,14.753164,14.712512,30.807399
98,0,0.018638,1.210879,0.060470,0.007837,1.279186,14.760699,14.656714,30.715616
99,0,0.019326,1.206050,0.064963,0.008238,1.279251,14.744500,15.647093,31.690598
100,0,0.020964,1.357319,0.071306,0.008351,1.436976,12.905092,15.673809,30.037451
101,0,0.020857,1.270334,0.075084,0.008463,1.353881,14.325323,15.585065,31.285495
102,0,0.024149,1.120725,0.075400,0.008914,1.205039,13.605649,15.573084,30.408532
103,0,0.017573,1.230453,0.060766,0.008057,1.299276,13.931049,15.548412,30.796735
104,0,0.034093,1.246378,0.065864,0.008606,1.320848,13.529828,15.710500,30.595685
105,0,0.019057,1.213579,0.099770,0.007824,1.321173,14.634152,14.736448,30.711290
106,0,0.020410,1.121970,0.089929,0.007946,1.219845,14.779187,14.771964,30.791838
107,0,0.016613,1.291627,0.058599,0.008447,1.358673,14.200723,15.768223,31.344662
108,0,0.019673,1.245612,0.066027,0.007930,1.319569,14.217825,14.597505,30.155185
109,0,0.019639,1.440188,0.076607,0.007870,1.524665,14.510126,14.686432,30.741100
110,0,0.018603,1.272459,0.060876,0.007973,1.341308,14.669739,14.753971,30.784113
111,0,0.015907,1.083614,0.060571,0.008506,1.152691,14.685943,15.594834,31.449777
112,0,0.020604,1.288912,0.062051,0.008516,1.359479,13.693484,15.563832,30.637931
113,0,0.027357,2.214977,0.091771,0.008131,2.314879,12.937993,15.595195,30.875934
114,0,0.017693,1.328466,0.075059,0.009857,1.413382,12.534996,15.527475,29.493797
115,0,0.023983,1.156693,0.081349,0.008256,1.246298,13.644793,16.490526,31.406080
116,0,0.019088,1.178029,0.079440,0.009194,1.266663,13.676509,15.624283,30.586876
117,0,0.018886,1.266041,0.069174,0.008554,1.343769,13.353861,15.609166,30.325968
118,0,0.020210,1.246657,0.063727,0.008830,1.319214,14.221856,15.671710,31.233495
119,0,0.019692,1.262617,0.066081,0.008317,1.337015,13.300429,15.579864,30.237321
120,0,0.020755,1.093037,0.066681,0.008347,1.168065,14.078905,15.686310,30.954693
121,0,0.021548,1.146062,0.066650,0.008647,1.221359,14.200275,15.546178,30.990007
122,0,0.018677,1.206699,0.063472,0.008417,1.278588,13.725066,15.494024,30.516675
123,0,0.015068,1.085129,0.079509,0.008526,1.173164,14.520956,15.601994,31.311573
124,0,0.019732,1.261119,0.069538,0.008610,1.339267,14.152392,15.583162,31.094968
125,0,0.019699,1.216092,0.057041,0.008184,1.281317,14.668233,14.718008,30.687713
126,0,0.019357,1.363502,0.086117,0.008270,1.457889,13.755695,15.601588,30.834995
127,0,0.030902,1.243700,0.059937,0.008584,1.312221,14.436958,15.540958,31.321532
128,0,0.023435,1.301250,0.064628,0.008479,1.374357,13.641337,15.568583,30.608210
129,0,0.018351,1.152277,0.062295,0.008250,1.222822,13.665310,15.478386,30.385282
130,0,0.017824,1.217145,0.062083,0.008659,1.287887,14.232935,15.512201,31.051331
131,0,0.019889,1.106315,0.063939,0.009604,1.179858,13.591615,15.746474,30.538172
132,0,0.017913,1.225125,0.223724,0.008075,1.456924,13.850528,15.643770,30.969528
133,0,0.019076,1.285792,0.070605,0.008742,1.365139,14.400832,14.613446,30.399264
134,0,0.019898,1.102548,0.061264,0.008293,1.172105,14.963734,14.573576,30.729841
135,0,0.017139,1.384176,0.080196,0.008632,1.473004,13.870474,15.577195,30.938507
136,0,0.020019,1.093016,0.097530,0.008560,1.199106,14.578869,15.537143,31.335545
137,0,0.014217,1.281808,0.070755,0.009094,1.361657,14.019062,15.642727,31.037916
138,0,0.019670,1.298315,0.064157,0.008474,1.370946,12.935189,15.692773,30.019111
139,0,0.018813,1.328690,0.062345,0.008024,1.399059,13.917894,15.598174,30.934359
140,0,0.019174,1.242722,0.059508,0.008394,1.310624,13.660217,15.709395,30.699850
141,0,0.018104,1.248472,0.058814,0.008106,1.315392,14.050357,15.653647,31.037859
142,0,0.018548,1.152695,0.068624,0.008872,1.230191,13.542621,15.618720,30.410979
143,0,0.018902,1.298123,0.058066,0.007537,1.363726,14.430260,15.552561,31.365826
144,0,0.016329,1.188512,0.063150,0.008243,1.259905,13.581035,15.691944,30.549616
145,0,0.018441,1.143504,0.064501,0.008309,1.216314,12.595618,15.692550,29.523340
146,0,0.019341,1.089635,0.063940,0.007593,1.161168,14.551923,15.668864,31.401732
147,0,0.019994,1.224396,0.057093,0.008213,1.289702,13.897382,14.771346,29.978822
148,0,0.016781,1.402145,0.082882,0.009015,1.494042,14.068860,15.609042,31.189218
149,0,0.019861,1.329816,0.061666,0.008071,1.399553,13.508921,15.579316,30.508160
150,0,0.019004,1.325813,0.065726,0.008356,1.399895,14.319260,15.513720,31.252251
151,0,0.016457,1.194205,0.067956,0.008589,1.270750,13.268235,16.439236,30.994949
152,0,0.018660,1.049568,0.065653,0.008727,1.123948,13.700258,15.578895,30.422180
153,0,0.019285,1.196224,0.061162,0.007937,1.265323,13.442938,15.657321,30.385264
154,0,0.019149,1.112190,0.063165,0.008571,1.183926,14.725068,15.643785,31.572241
155,0,0.017640,1.064698,0.059443,0.008999,1.133140,14.708507,15.776485,31.636052
156,0,0.021776,1.202266,0.064129,0.008863,1.275258,13.315209,15.630417,30.243012
157,0,0.020616,1.327303,0.063198,0.008486,1.398987,13.578787,15.609027,30.607846
158,0,0.022065,1.198553,0.083185,0.008313,1.290051,14.593011,15.556708,31.462213
159,0,0.018876,1.274210,0.075890,0.008136,1.358236,13.735281,15.673362,30.786065
160,0,0.020279,1.238034,0.079839,0.007840,1.325713,13.432202,15.580041,30.358589
161,0,0.019868,1.224366,0.061518,0.009208,1.295092,13.952049,15.633959,30.901354
162,0,0.019617,1.158648,0.060092,0.008514,1.227254,13.906710,15.576489,30.730598
163,0,0.017544,1.268545,0.066719,0.009098,1.344362,13.567505,15.579400,30.509396
164,0,0.019352,1.307220,0.089386,0.008981,1.405587,14.190317,15.524507,31.140138
165,0,0.017825,1.332207,0.084843,0.008229,1.425279,13.736806,15.500477,30.680822
166,0,0.015061,1.191501,0.062978,0.007904,1.262383,13.842215,15.701323,30.821268
167,0,0.018503,1.248578,0.068433,0.007605,1.324616,13.537776,15.562718,30.444090
168,0,0.017386,1.048350,0.063405,0.008743,1.120498,14.491173,15.670130,31.299660
169,0,0.018860,1.249222,0.076914,0.007936,1.334072,13.873623,15.743270,30.970386
170,0,0.018671,1.247528,0.070542,0.008021,1.326091,13.427765,15.602781,30.375669
171,0,0.020334,1.102533,0.096377,0.007943,1.206853,14.114592,15.590222,30.932519
172,0,0.021029,1.317095,0.066460,0.009200,1.392755,13.294621,15.482111,30.190929
173,0,0.019112,1.170397,0.065861,0.007005,1.243263,13.862440,16.406401,31.531778
174,0,0.018597,1.217614,0.090588,0.008495,1.316697,13.855418,14.711065,29.902292
175,0,0.016643,1.443135,0.063548,0.008384,1.515067,13.747311,15.687547,30.966962
176,0,0.020064,1.200076,0.074723,0.010066,1.284865,14.670996,14.582235,30.558590
177,0,0.020737,1.204956,0.067585,0.008610,1.281151,13.035233,15.681311,30.018808
178,0,0.019210,1.280553,0.069850,0.008733,1.359136,14.032186,15.507216,30.918106
179,0,0.022507,1.228400,0.069411,0.009353,1.307164,14.446102,15.553690,31.329951
180,0,0.019131,1.312480,0.071126,0.008493,1.392099,13.827513,14.728264,29.967554
181,0,0.017372,1.289670,0.057864,0.008060,1.355594,14.712111,14.626809,30.712159
182,0,0.018235,1.121739,0.076670,0.008350,1.206759,14.731856,15.631634,31.589056
183,0,0.016941,1.155296,0.057216,0.008325,1.220837,13.262951,15.554822,30.055994
184,0,0.018969,1.072797,0.115622,0.008300,1.196719,14.560088,15.546275,31.322531
185,0,0.020026,1.267821,0.067936,0.009477,1.345234,13.836362,15.552166,30.754116
186,0,0.022848,1.082238,0.076296,0.009205,1.167739,13.985893,16.588029,31.764900
187,0,0.018300,1.226676,0.061023,0.008510,1.296209,14.064179,15.714753,31.093788
188,0,0.018261,1.283642,0.059791,0.008373,1.351806,13.901217,14.767383,30.039093
189,0,0.020036,1.091901,0.079839,0.008571,1.180311,14.812023,15.574705,31.587637
190,0,0.020708,1.157503,0.075165,0.007678,1.240346,13.820856,15.542482,30.624848
191,0,0.019734,1.334587,0.065402,0.008567,1.408556,13.323373,15.756976,30.508994
192,0,0.021477,1.364049,0.067264,0.008672,1.439985,13.955671,15.544966,30.962607
193,0,0.017673,1.256489,0.073697,0.008971,1.339157,14.138776,15.519250,31.015319
194,0,0.021077,1.085926,0.069173,0.008171,1.163270,13.975487,15.709277,30.869774
195,0,0.021242,1.271472,0.063227,0.008400,1.343099,13.818273,15.630306,30.813407
196,0,0.018841,1.208882,0.065021,0.008379,1.282282,13.552599,15.645301,30.499425
197,0,0.018812,1.225782,0.065833,0.008201,1.299816,13.565918,15.621636,30.506713
198,0,0.020941,1.305133,0.064909,0.009307,1.379349,13.679771,15.614671,30.695161
199,0,0.020784,1.217066,0.061423,0.007997,1.286486,14.436845,15.592535,31.337081
200,0,0.019451,1.153701,0.061418,0.008793,1.223912,14.146730,14.583383,29.973942
201,0,0.017992,1.217501,0.064632,0.008505,1.290638,14.341674,15.532519,31.183228
202,0,0.019474,1.170382,0.066362,0.008280,1.245024,14.576959,14.595515,30.437596
203,0,0.019830,1.096604,0.079287,0.008820,1.184711,14.789534,15.639623,31.634186
204,0,0.019292,1.217669,0.057800,0.008323,1.283792,13.599578,15.590960,30.494001
205,0,0.020680,1.123206,0.139275,0.008383,1.270864,13.731350,15.541383,30.564671
206,0,0.021270,1.256277,0.133966,0.021714,1.411957,14.053308,15.555813,31.043519
207,0,0.020512,1.128699,0.076638,0.009239,1.214576,13.962596,15.559994,30.758060
208,0,0.016609,1.236855,0.066670,0.008251,1.311776,12.966134,15.613028,29.907894
209,0,0.017532,1.095691,0.067951,0.007589,1.171231,13.626697,15.606431,30.422215
210,0,0.018469,1.147875,0.064459,0.008494,1.220828,13.978345,15.559082,30.777162
211,0,0.022078,1.146789,0.061958,0.009213,1.217960,14.680769,15.628535,31.549681
212,0,0.023897,1.512897,0.069237,0.008400,1.590534,12.794912,16.514302,30.923971
213,0,0.022231,1.339340,0.070689,0.008932,1.418961,13.582860,15.481846,30.506244
214,0,0.015502,1.253265,0.065145,0.008164,1.326574,13.261846,15.550630,30.154964
215,0,0.018836,1.025457,0.067106,0.008757,1.101320,14.338967,15.714747,31.174188
216,0,0.015737,1.357249,0.072488,0.007807,1.437544,13.704575,15.609343,30.767535
217,0,0.017536,1.229336,0.065735,0.008573,1.303644,13.887987,15.699338,30.908983
218,0,0.045215,1.061399,0.061078,0.008682,1.131159,14.818553,15.654191,31.649660
219,0,0.018765,1.097223,0.083718,0.008931,1.189872,14.020095,15.507379,30.736596
220,0,0.021417,1.262842,0.079678,0.007953,1.350473,13.836928,15.518005,30.727151
221,0,0.019359,1.130821,0.080589,0.008509,1.219919,14.385869,15.535966,31.161519
222,0,0.018996,1.223839,0.061094,0.007881,1.292814,13.607113,15.724712,30.643999
223,0,0.015054,1.120709,0.062732,0.008859,1.192300,13.589792,15.666947,30.464559
224,0,0.018965,1.251681,0.060752,0.008102,1.320535,14.427035,15.784589,31.551545
225,0,0.017843,1.247504,0.068925,0.008212,1.324641,13.672110,15.553143,30.568243
226,0,0.019862,1.040654,0.071261,0.008615,1.120530,13.466190,15.550328,30.157326
227,0,0.020199,1.266087,0.070347,0.008458,1.344892,13.939357,15.470507,30.775365
228,0,0.017828,1.220635,0.062283,0.008938,1.291856,14.658497,15.460712,31.429322
229,0,0.018561,1.361729,0.075097,0.008803,1.445629,13.660091,15.630317,30.754976
230,0,0.017874,1.222316,0.070253,0.008778,1.301347,13.995348,15.682493,30.997548
231,0,0.025636,1.122012,0.063453,0.016427,1.201892,14.083751,14.694906,30.006573
232,0,0.017826,1.220158,0.069093,0.008202,1.297453,14.301659,15.606376,31.223760
233,0,0.017396,1.298705,0.062923,0.008515,1.370143,13.887458,15.551558,30.826885
234,0,0.021303,1.483231,0.091004,0.008659,1.582894,13.328512,15.474787,30.407927
235,0,0.022235,1.342683,0.063783,0.008605,1.415071,14.238862,15.575494,31.252071
236,0,0.018924,1.281427,0.070142,0.007752,1.359321,13.647879,15.508194,30.534726
237,0,0.018523,1.343233,0.066387,0.008703,1.418323,13.851633,15.657939,30.946893
238,0,0.019064,1.175375,0.066222,0.009940,1.251537,13.971636,15.701479,30.944110
239,0,0.018924,1.277209,0.066917,0.008601,1.352727,12.789906,15.670933,29.832865
240,0,0.019266,1.358056,0.082993,0.008776,1.449825,13.660963,15.610069,30.740478
241,0,0.017153,1.089480,0.060221,0.009100,1.158801,13.688159,15.606256,30.470865
242,0,0.019805,1.163416,0.069023,0.008487,1.240926,14.038423,15.515429,30.815048
243,0,0.022860,1.200957,0.069913,0.008930,1.279800,13.857213,15.663689,30.824117
244,0,0.030487,1.339576,0.072621,0.008192,1.420389,13.951888,15.472647,30.875885
245,0,0.016116,1.139838,0.065492,0.009282,1.214612,13.946758,15.484368,30.662214
246,0,0.018102,1.026342,0.079145,0.008021,1.113508,14.718462,15.608371,31.458923
247,0,0.019282,1.081943,0.067926,0.009289,1.159158,13.823786,15.626949,30.629605
248,0,0.018550,1.167418,0.064602,0.008703,1.240723,13.937966,15.570657,30.768501
249,0,0.019665,1.161880,0.069053,0.008707,1.239640,14.896468,15.673472,31.829721
250,0,0.021591,1.356379,0.075918,0.008946,1.441243,13.619576,15.449953,30.532681
251,0,0.016265,1.315823,0.064181,0.009185,1.389189,13.770128,15.520579,30.696579
252,0,0.016684,1.348816,0.075788,0.008620,1.433224,14.087456,15.588818,31.126443
253,0,0.019681,1.298420,0.066692,0.007498,1.372610,13.130106,15.704020,30.226898
254,0,0.025757,1.382350,0.064885,0.008605,1.455840,14.018808,15.794212,31.295212
255,0,0.018102,1.206746,0.074898,0.008727,1.290371,13.938565,15.732050,30.979607
256,0,0.020076,1.272695,0.089170,0.022216,1.384081,13.740049,15.612912,30.757499
257,0,0.044278,1.206351,0.064049,0.008073,1.278473,13.576173,15.822270,30.721692
258,0,0.045611,1.293678,0.068984,0.008208,1.370870,13.770938,15.563682,30.751603
259,0,0.022306,1.244981,0.062229,0.009368,1.316578,13.612880,15.504729,30.456984
260,0,0.018352,1.258002,0.060788,0.008586,1.327376,14.050582,15.696208,31.092875
261,0,0.017871,1.319098,0.067116,0.008827,1.395041,13.136307,15.611127,30.160825
262,0,0.020635,1.275827,0.074946,0.008030,1.358803,14.307583,15.680668,31.368129
263,0,0.018467,1.174086,0.057195,0.008228,1.239509,13.924322,15.615147,30.797828
264,0,0.019098,1.269160,0.066006,0.008467,1.343633,13.354316,15.538330,30.255783
265,0,0.017755,1.159158,0.084915,0.008641,1.252714,14.843704,14.631879,30.746452
266,0,0.017715,1.328433,0.064504,0.007844,1.400781,14.222115,15.423147,31.064141
267,0,0.015188,1.208460,0.070897,0.008755,1.288112,13.970844,15.420977,30.695555
268,0,0.017913,1.055376,0.066832,0.008863,1.131071,14.759063,15.591298,31.499769
269,0,0.018605,1.096057,0.068137,0.008403,1.172597,13.527613,15.640944,30.360086
270,0,0.018848,1.204931,0.059094,0.008690,1.272715,13.393484,14.712857,29.398309
271,0,0.016810,1.021560,0.077390,0.008827,1.107777,14.093354,15.559726,30.778162
272,0,0.018489,1.078951,0.069521,0.007967,1.156439,14.502489,15.517569,31.195451
273,0,0.020605,1.244435,0.128606,0.007881,1.380922,13.684579,15.551936,30.638420
274,0,0.014501,1.182637,0.121923,0.008930,1.313490,14.519558,14.709752,30.557647
275,0,0.019731,1.517462,0.071601,0.007587,1.596650,14.233627,15.631382,31.481743
276,0,0.018995,1.119265,0.084072,0.008482,1.211819,13.679530,15.770366,30.680951
277,0,0.016813,1.272520,0.068978,0.008266,1.349764,13.989532,15.515123,30.871626
278,0,0.016833,1.381861,0.068606,0.008430,1.458897,13.053335,16.541893,31.071342
279,0,0.020491,1.440753,0.061325,0.008528,1.510606,13.692416,15.502119,30.726134
280,0,0.018001,1.157732,0.067442,0.008272,1.233446,14.751058,15.592854,31.595777
281,0,0.020233,1.037836,0.066658,0.008513,1.113007,13.851067,15.633944,30.618511
282,0,0.019780,1.213491,0.059613,0.007976,1.281080,14.064150,15.745670,31.111049
283,0,0.017392,1.099052,0.065870,0.008237,1.173159,14.000613,15.703116,30.894611
284,0,0.018352,1.160679,0.063481,0.008331,1.232491,13.674247,15.558826,30.484292
285,0,0.017895,1.217255,0.063922,0.008434,1.289611,13.819250,15.581258,30.708386
286,0,0.020199,1.209491,0.080882,0.008418,1.298791,14.078937,15.625366,31.023794
287,0,0.016897,1.212487,0.068831,0.008408,1.289726,13.584743,15.542246,30.433964
288,0,0.020076,1.193662,0.060502,0.008498,1.262662,14.106506,15.471918,30.861618
289,0,0.018416,1.486864,0.068045,0.009115,1.564024,13.809907,15.568787,30.961520
290,0,0.020001,1.210030,0.061223,0.008241,1.279494,14.220216,15.640265,31.160519
291,0,0.018742,1.050328,0.066142,0.008954,1.125424,14.051333,15.561169,30.757109
292,0,0.021022,1.318657,0.078453,0.008210,1.405320,13.579927,15.619698,30.626449
293,0,0.026295,1.156992,0.075882,0.008485,1.241359,13.829245,15.556033,30.653421
294,0,0.022368,1.311921,0.059953,0.008550,1.380424,14.006481,15.458869,30.868643
295,0,0.014917,1.292377,0.065635,0.009483,1.367495,13.474083,15.548853,30.405874
296,0,0.017277,1.111088,0.066989,0.008619,1.186696,13.684519,16.471276,31.360152
297,0,0.019581,1.231006,0.060381,0.008306,1.299693,13.895506,15.641663,30.856793
298,0,0.021339,1.119802,0.068352,0.008597,1.196751,14.065450,14.627877,29.911875
299,0,0.018637,1.224774,0.062353,0.007999,1.295126,14.797091,15.573779,31.685047
300,0,0.021088,1.090265,0.059699,0.008820,1.158784,13.199641,15.741859,30.121792
301,0,0.019217,1.131000,0.061153,0.008617,1.200770,13.803170,14.550994,29.574459
302,0,0.020269,1.137646,0.086016,0.008630,1.232292,14.790366,15.471201,31.514607
303,0,0.018523,1.181082,0.078473,0.009406,1.268961,13.796150,15.444123,30.528193
304,0,0.016376,1.106385,0.071225,0.008218,1.185828,14.022517,15.642736,30.867902
305,0,0.017466,1.031873,0.064626,0.008280,1.104779,14.060836,15.655951,30.839352
306,0,0.019017,1.044781,0.067211,0.008293,1.120285,13.949983,15.651260,30.741239
307,0,0.019322,1.241802,0.062324,0.008258,1.312384,14.083009,15.650843,31.065865
308,0,0.023907,1.081849,0.064695,0.008240,1.154784,13.916935,15.760728,30.857165
309,0,0.029757,1.385136,0.065248,0.008485,1.458869,13.792227,15.578820,30.860167
310,0,0.020204,1.308823,0.067985,0.008812,1.385620,13.586790,15.479179,30.472198
311,0,0.020645,1.186640,0.066746,0.013167,1.266553,13.780745,0.478690,15.546896
312,0,0.008108,1.054771,0.068334,0.008470,1.131575,14.573201,15.632215,31.345590
313,0,0.021783,1.535698,0.124812,0.007458,1.667968,13.377523,15.639241,30.706884
314,0,0.021605,1.266761,0.072373,0.008278,1.347412,13.930987,15.492676,30.793048
315,0,0.015910,1.301956,0.062555,0.008441,1.372952,14.170883,15.529121,31.089239
316,0,0.018972,1.245939,0.064968,0.008265,1.319172,14.160878,15.605292,31.104685
317,0,0.019906,1.087621,0.061154,0.008656,1.157431,13.261873,15.618002,30.057935
318,0,0.018879,1.292528,0.063256,0.008880,1.364664,14.195922,15.551417,31.131246
319,0,0.023316,1.591197,0.133239,0.010884,1.735320,13.692052,15.602126,31.053323
320,0,0.019326,1.190734,0.067308,0.008054,1.266096,13.325649,15.561089,30.172545
321,0,0.017945,1.048124,0.058931,0.008869,1.115924,14.865290,15.585442,31.585064
322,0,0.019239,1.278048,0.063211,0.009347,1.350606,13.657369,15.637215,30.664816
323,0,0.031756,1.303373,0.069788,0.008710,1.381871,13.123571,15.451364,29.989137
324,0,0.019011,1.270211,0.080478,0.008796,1.359485,14.283062,15.662440,31.324461
325,0,0.017740,1.164659,0.059189,0.008320,1.232168,14.320606,14.722806,30.293720
326,0,0.020484,1.027031,0.061128,0.008427,1.096586,14.880372,15.642724,31.640579
327,0,0.024195,1.238752,0.067011,0.008561,1.314324,13.752175,15.573074,30.664156
328,0,0.021630,1.131757,0.076606,0.008496,1.216859,13.933128,15.538647,30.710763
329,0,0.020960,1.072968,0.068283,0.009206,1.150457,13.875690,15.601101,30.648654
330,0,0.018094,1.316678,0.069565,0.014366,1.400609,13.849164,15.481816,30.750086
331,0,0.019706,1.076458,0.062938,0.008403,1.147799,14.567285,14.638074,30.373292
332,0,0.019088,1.534383,0.062981,0.008813,1.606177,14.036711,15.593799,31.256122
333,0,0.016364,1.292108,0.059838,0.008495,1.360441,13.171757,15.628706,30.177687
334,0,0.018452,1.050333,0.059908,0.008123,1.118364,13.853112,15.577478,30.567838
335,0,0.031228,1.106512,0.152968,0.008843,1.268323,14.191298,15.567720,31.059004
336,0,0.020564,1.171130,0.067849,0.009104,1.248083,13.937036,15.533224,30.739470
337,0,0.019742,1.103457,0.069690,0.008685,1.181832,13.774386,15.524468,30.500866
338,0,0.018737,1.088378,0.089103,0.008713,1.186194,13.746820,15.405416,30.357670
339,0,0.016984,1.317818,0.075309,0.008501,1.401628,14.013900,15.419307,30.852327
340,0,0.017708,1.038388,0.071378,0.008896,1.118662,14.911104,14.703834,30.751739
341,0,0.015979,1.206836,0.067744,0.008079,1.282659,14.299572,15.755668,31.354228
342,0,0.016025,1.119026,0.066754,0.008521,1.194301,13.788657,15.638587,30.638032
343,0,0.018526,1.000370,0.066709,0.008982,1.076061,15.384461,15.663434,32.143028
344,0,0.023859,1.172805,0.067042,0.008594,1.248441,12.963459,16.664561,30.900805
345,0,0.022066,1.167204,0.064594,0.008917,1.240715,13.684189,15.550247,30.497642
346,0,0.019517,1.101526,0.069756,0.010274,1.181556,13.356957,15.589571,30.148024
347,0,0.020600,1.373569,0.068083,0.008022,1.449674,14.025111,15.568433,31.064378
348,0,0.021103,1.272869,0.078916,0.008016,1.359801,14.167313,15.602540,31.151167
349,0,0.017027,1.158428,0.064186,0.008352,1.230966,14.212959,15.662832,31.124203
350,0,0.016827,1.083555,0.077505,0.009638,1.170698,13.543588,15.550620,30.282074
351,0,0.019200,0.994623,0.072206,0.008906,1.075735,13.581901,16.458767,31.136026
352,0,0.017611,1.311303,0.064446,0.008360,1.384109,13.910980,14.678880,29.991980
353,0,0.019130,1.300121,0.072637,0.008248,1.381006,14.680163,15.605192,31.685820
354,0,0.017225,1.213298,0.060059,0.008647,1.282004,13.319347,15.551922,30.170881
355,0,0.018588,1.156842,0.065485,0.008684,1.231011,14.358150,15.637266,31.245415
356,0,0.026923,1.151965,0.071579,0.008186,1.231730,13.443197,15.551324,30.253576
357,0,0.019030,1.305167,0.062950,0.008348,1.376465,14.080455,15.639532,31.115715
358,0,0.017410,1.360844,0.071992,0.008865,1.441701,13.897963,15.540449,30.897875
359,0,0.018864,1.069504,0.069386,0.008818,1.147708,14.226174,15.674083,31.067225
360,0,0.018986,1.162166,0.060765,0.008457,1.231388,13.613414,15.619583,30.483736
361,0,0.018068,1.247905,0.067406,0.008440,1.323751,13.581278,15.786320,30.709686
362,0,0.016727,1.071643,0.072189,0.008219,1.152051,14.170146,15.625752,30.965133
363,0,0.018833,1.168003,0.126421,0.009104,1.303528,14.281106,15.561690,31.165775
364,0,0.019768,1.212381,0.071489,0.008537,1.292407,12.917953,15.529835,29.760446
365,0,0.024343,0.997294,0.062661,0.008996,1.068951,13.717107,15.661551,30.472366
366,0,0.018218,1.154177,0.065169,0.008891,1.228237,13.985321,15.721409,30.953430
367,0,0.014405,1.230142,0.065490,0.025029,1.320661,13.746934,15.468435,30.550822
368,0,0.021140,1.250394,0.064572,0.008395,1.323361,13.353941,16.402229,31.101109
369,0,0.019562,1.127979,0.060589,0.009052,1.197620,13.201857,15.699982,30.119431
370,0,0.020588,1.309484,0.064167,0.008824,1.382475,14.055981,15.701343,31.160806
371,0,0.029450,1.297890,0.078660,0.007683,1.384233,13.660670,15.612647,30.687481
372,0,0.020264,1.104715,0.081106,0.008908,1.194729,13.922869,15.608375,30.746666
373,0,0.020208,1.428525,0.066838,0.013124,1.508487,13.759437,15.541524,30.830105
374,0,0.018814,1.279147,0.065940,0.008597,1.353684,14.091171,16.493284,31.957382
375,0,0.018780,1.099345,0.062076,0.008565,1.169986,14.270470,15.593870,31.053610
376,0,0.020093,1.027180,0.060987,0.008345,1.096512,13.905387,15.704432,30.726829
377,0,0.018982,1.192849,0.064237,0.008758,1.265844,13.405797,15.767667,30.458711
378,0,0.018722,1.075578,0.059975,0.008436,1.143989,14.229967,15.542150,30.935201
379,0,0.019159,1.343989,0.064847,0.008898,1.417734,13.571757,15.653614,30.662503
380,0,0.019505,1.302038,0.072773,0.008131,1.382942,13.437218,15.525025,30.365147
381,0,0.017699,1.083154,0.066348,0.008287,1.157789,14.946464,14.640490,30.762945
382,0,0.020213,1.085572,0.064832,0.008222,1.158626,14.381904,15.720817,31.282074
383,0,0.017723,1.097263,0.065324,0.008908,1.171495,14.114127,15.687252,30.991001
384,0,0.020000,1.044549,0.068703,0.008783,1.122035,13.914401,15.732157,30.789077
385,0,0.018343,1.195076,0.065680,0.008873,1.269629,13.254289,15.607336,30.149975
386,0,0.020896,1.270068,0.082087,0.008293,1.360448,14.206093,15.550744,31.138666
387,0,0.020825,1.125912,0.067526,0.009080,1.202518,14.213021,15.526744,30.963521
388,0,0.018213,1.312560,0.065049,0.008785,1.386394,13.311066,16.524413,31.240435
389,0,0.018727,1.155730,0.059940,0.007975,1.223645,13.478599,15.748174,30.469520
390,0,0.020807,1.137012,0.082764,0.007959,1.227735,13.603512,15.560602,30.413130
391,0,0.020502,1.218306,0.062870,0.008864,1.290040,14.066938,15.698992,31.076971
392,0,0.021398,1.192385,0.063872,0.008444,1.264701,14.157581,15.623267,31.067411
393,0,0.020109,1.221884,0.070635,0.008763,1.301282,13.104751,15.523624,29.950222
394,0,0.019917,1.170202,0.100098,0.009451,1.279751,14.246534,15.560629,31.107285
395,0,0.017662,1.193018,0.071269,0.008896,1.273183,14.166386,15.487399,30.945103
396,0,0.017923,1.317350,0.064261,0.008719,1.390330,12.626453,15.490102,29.525145
397,0,0.018736,1.053719,0.061094,0.008609,1.123422,13.980064,15.696549,30.819275
398,0,0.017892,1.262929,0.069027,0.007975,1.339931,14.579576,15.552826,31.490610
399,0,0.019233,1.202327,0.067076,0.008476,1.277879,13.142176,15.709585,30.149268
400,0,0.020213,1.177422,0.061011,0.008173,1.246606,13.991321,15.597363,30.856011
401,0,0.017802,1.211907,0.062997,0.007821,1.282725,14.175113,15.537800,31.013897
402,0,0.018580,1.149337,0.060409,0.008378,1.218124,13.962864,15.540153,30.740219
403,0,0.020030,1.149661,0.090043,0.008168,1.247872,14.243553,15.490042,31.001904
404,0,0.017211,1.211329,0.069524,0.007757,1.288610,13.581842,15.431574,30.319556
405,0,0.018435,1.215640,0.066928,0.007733,1.290301,14.558224,15.619646,31.486861
406,0,0.017687,1.247465,0.065027,0.008049,1.320541,14.335185,15.810923,31.484940
407,0,0.018896,1.121313,0.082565,0.009281,1.213159,14.110473,15.849744,31.192836
408,0,0.020370,1.354331,0.088785,0.008287,1.451403,13.000938,15.567680,30.040749
409,0,0.020161,1.406461,0.071298,0.008535,1.486294,13.734906,15.665359,30.907146
410,0,0.022041,1.659256,0.063543,0.006926,1.729725,13.736526,15.574035,31.062572
411,0,0.016639,1.437110,0.083578,0.007995,1.528683,13.239030,15.465418,30.250200
412,0,0.016639,1.216885,0.063673,0.008085,1.288643,14.602151,15.600759,31.508576
413,0,0.022321,1.178789,0.060644,0.009026,1.248459,13.276966,15.624647,30.172776
414,0,0.019058,1.174246,0.067815,0.007968,1.250029,14.066328,15.653141,30.988927
415,0,0.019273,1.134554,0.061914,0.008735,1.205203,14.199844,15.636154,31.060872
416,0,0.016995,1.256199,0.061749,0.008315,1.326263,13.346837,15.625885,30.316292
417,0,0.018080,1.166278,0.070084,0.008608,1.244970,14.922991,14.592154,30.778789
418,0,0.017368,1.343195,0.068793,0.008306,1.420294,14.395490,15.706953,31.540501
419,0,0.017212,1.332578,0.062915,0.008093,1.403586,13.398282,15.655058,30.474622
420,0,0.019198,1.167266,0.063158,0.007989,1.238413,14.209915,15.584160,31.052060
421,0,0.019049,1.180423,0.063039,0.009524,1.252986,13.558082,15.704964,30.535657
422,0,0.019829,1.093874,0.060897,0.008672,1.163443,14.366756,14.970985,30.521291
423,0,0.017053,1.287470,0.061702,0.008499,1.357671,13.782755,15.696427,30.854395
424,0,0.020085,1.111797,0.073960,0.008374,1.194131,13.931269,15.540331,30.686383
425,0,0.021134,1.141247,0.065559,0.008491,1.215297,14.368673,15.487740,31.093336
426,0,0.020088,1.210859,0.066409,0.009357,1.286625,14.094588,15.694852,31.096788
427,0,0.018056,1.233512,0.078028,0.008425,1.319965,12.444712,15.634890,29.418055
428,0,0.018786,1.029381,0.063662,0.008444,1.101487,14.280163,15.565252,30.966160
429,0,0.019212,1.314944,0.070259,0.007850,1.393053,13.724884,15.716614,30.854124
430,0,0.019144,1.204279,0.074826,0.007896,1.287001,13.395639,16.538908,31.241285
431,0,0.017043,1.190834,0.064933,0.009051,1.264818,13.056355,15.522377,29.861088
432,0,0.020343,1.169247,0.073060,0.009172,1.251479,13.908886,15.631986,30.813216
433,0,0.019650,1.084678,0.061038,0.008721,1.154437,14.122789,15.465367,30.762690
434,0,0.017068,1.112610,0.064951,0.008297,1.185858,14.088619,15.610113,30.903097
435,0,0.017769,1.142729,0.064458,0.009827,1.217014,14.253885,15.592017,31.081192
436,0,0.018845,1.112496,0.061756,0.007548,1.181800,13.788972,15.614039,30.604061
437,0,0.019076,1.069587,0.066229,0.007966,1.143782,3.473962,11.682620,16.319890
438,0,0.018212,1.249334,0.067741,0.008148,1.325223,14.184962,15.665928,31.194762
439,0,0.019702,1.210371,0.071675,0.008252,1.290298,13.994428,15.682371,30.987145
440,0,0.017330,1.112332,0.062583,0.008391,1.183306,13.310294,15.659315,30.170652
441,0,0.018758,1.097269,0.077205,0.009014,1.183488,14.205085,15.592616,31.000329
442,0,0.022957,1.248974,0.086000,0.007784,1.342758,13.536135,15.675056,30.577491
443,0,0.018115,1.160886,0.065936,0.008950,1.235772,14.264488,15.609696,31.128593
444,0,0.018882,1.073069,0.061983,0.007817,1.142869,14.424831,14.629126,30.216189
445,0,0.017811,1.082955,0.063935,0.008309,1.155199,14.017942,16.422568,31.613821
446,0,0.018363,1.395832,0.068439,0.008366,1.472637,13.370900,15.444692,30.306912
447,0,0.017274,1.202593,0.087010,0.008342,1.297945,14.280770,15.455246,31.051597
448,0,0.016764,1.107565,0.068720,0.008214,1.184499,13.546188,15.467489,30.215261
449,0,0.018682,1.357448,0.095798,0.010465,1.463711,13.846896,15.597951,30.927673
450,0,0.020526,1.209195,0.061663,0.008115,1.278973,13.759576,15.456515,30.515981
451,0,0.018543,1.241734,0.070963,0.008212,1.320909,14.471837,15.617877,31.429563
452,0,0.020242,1.266977,0.061854,0.008682,1.337513,13.390921,15.736589,30.485651
453,0,0.019814,1.150805,0.060313,0.008272,1.219390,13.662497,15.459752,30.361865
454,0,0.018053,1.100082,0.068656,0.008779,1.177517,14.715773,15.645054,31.556641
455,0,0.019145,1.084759,0.060897,0.008560,1.154216,13.499255,15.588621,30.261809
456,0,0.019596,1.110023,0.069867,0.008122,1.188012,14.458913,15.520099,31.187180
457,0,0.018422,1.120089,0.062498,0.009512,1.192099,14.168885,14.645182,30.025024
458,0,0.019369,1.133155,0.066164,0.008163,1.207482,14.195176,15.710384,31.132767
459,0,0.020973,1.052368,0.093844,0.008649,1.154861,13.174941,15.684424,30.035564
460,0,0.019426,1.505777,0.065964,0.006934,1.578675,13.175875,15.566565,30.340963
461,0,0.016723,1.115378,0.073109,0.008456,1.196943,14.408239,15.584159,31.206509
462,0,0.025553,1.180827,0.060816,0.007794,1.249437,13.874992,15.610467,30.761069
463,0,0.022250,1.239731,0.060912,0.008146,1.308789,13.357650,15.498124,30.187265
464,0,0.020680,1.322425,0.092285,0.008655,1.423365,13.778703,15.480449,30.703528
465,0,0.017558,1.189697,0.079864,0.008730,1.278291,14.793009,15.422940,31.512241
466,0,0.018282,1.174875,0.065418,0.009061,1.249354,13.817167,15.387993,30.473395
467,0,0.016894,1.338148,0.069274,0.008566,1.415988,13.431430,15.500917,30.365494
468,0,0.021835,1.085142,0.076990,0.008432,1.170564,14.645324,15.550339,31.388569
469,0,0.018648,1.267218,0.068043,0.008347,1.343608,14.376099,15.607479,31.346270
470,0,0.016331,1.253593,0.060191,0.008494,1.322278,14.307218,15.604089,31.250257
471,0,0.049506,1.188665,0.060359,0.008306,1.257330,13.330996,15.699410,30.337580
472,0,0.019422,1.182031,0.065828,0.008412,1.256271,14.554394,14.659502,30.489990
473,0,0.042787,1.303659,0.082475,0.008976,1.395110,14.368218,15.588321,31.394883
474,0,0.020385,1.063123,0.069237,0.008988,1.141348,13.613900,15.798280,30.574499
475,0,0.019879,1.242966,0.126343,0.007997,1.377306,13.672519,15.594915,30.665052
476,0,0.028111,1.363722,0.061437,0.008852,1.434011,13.755174,15.541415,30.759037
477,0,0.018922,1.342172,0.063839,0.008015,1.414026,13.329564,15.559530,30.322314
478,0,0.018344,1.264334,0.059288,0.008177,1.331799,13.999165,15.602510,30.952152
479,0,0.019203,1.180423,0.067778,0.008575,1.256776,14.508381,15.667527,31.452295
480,0,0.020332,1.037567,0.066983,0.008339,1.112889,13.704723,15.622600,30.461262
481,0,0.019725,1.112813,0.066956,0.009048,1.188817,13.746708,15.557153,30.512644
482,0,0.020495,1.118399,0.082643,0.008150,1.209192,13.698069,15.656565,30.584894
483,0,0.022794,1.278498,0.064399,0.009097,1.351994,14.054435,15.577595,31.007177
484,0,0.016428,1.265263,0.087069,0.008964,1.361296,14.001129,15.529649,30.908768
485,0,0.017410,1.208435,0.067863,0.008382,1.284680,14.094691,15.488456,30.885492
486,0,0.018579,0.994962,0.069065,0.008070,1.072097,14.150359,15.626542,30.868053
487,0,0.016374,1.084587,0.085499,0.007073,1.177159,14.054133,15.654601,30.902879
488,0,0.019583,1.021349,0.074939,0.008119,1.104407,13.667864,15.615220,30.407541
489,0,0.019363,1.149642,0.075219,0.008557,1.233418,13.947123,15.637397,30.837906
490,0,0.022118,1.358782,0.064792,0.008685,1.432259,12.484203,15.579484,29.518834
491,0,0.020790,1.144544,0.070803,0.008888,1.224235,14.409803,15.565838,31.221057
492,0,0.021148,1.157584,0.067133,0.008507,1.233224,14.003560,15.447825,30.706256
493,0,0.018455,1.195185,0.072636,0.009064,1.276885,13.654191,15.452947,30.403072
494,0,0.017747,1.135417,0.081965,0.007856,1.225238,14.156902,15.655272,31.055647
495,0,0.019766,1.084565,0.059469,0.008135,1.152169,14.175028,14.669544,30.016992
496,0,0.018652,1.265503,0.068020,0.008653,1.342176,14.428562,15.664381,31.454226
497,0,0.021925,1.116342,0.066972,0.008376,1.191690,13.417774,15.607917,30.239795
498,0,0.019717,1.300885,0.069241,0.010124,1.380250,14.232062,15.524926,31.157461
499,0,0.021644,1.327364,0.069980,0.009004,1.406348,13.741720,15.573882,30.743932
500,0,0.018458,1.237692,0.071290,0.008237,1.317219,14.573925,15.592755,31.502656
501,0,0.018366,1.265543,0.078964,0.007767,1.352274,13.845836,15.661934,30.878803
502,0,0.019340,1.289703,0.062207,0.007076,1.358986,14.313787,14.851255,30.543788
503,0,0.017842,1.123363,0.070142,0.008574,1.202079,14.044849,15.579647,30.844934
504,0,0.018157,1.531651,0.071230,0.007172,1.610053,13.648138,15.472115,30.748804
505,0,0.020080,1.329976,0.071647,0.008196,1.409819,13.676673,15.511825,30.618831
506,0,0.016977,1.155308,0.062466,0.008497,1.226271,14.721395,14.768903,30.733908
507,0,0.019870,1.277946,0.058950,0.007937,1.344833,13.616503,16.559263,31.540872
508,0,0.020506,1.067394,0.062287,0.008034,1.137715,13.308991,15.623947,30.091880
509,0,0.023520,1.040414,0.064988,0.008255,1.113657,13.830088,15.682380,30.650303
510,0,0.019069,1.291551,0.065406,0.008949,1.365906,13.774788,15.773947,30.934111
511,0,0.021462,1.319268,0.075882,0.008912,1.404062,13.752528,15.535450,30.713842
512,0,0.020241,1.229206,0.060812,0.008229,1.298247,13.993324,15.564303,30.876467
513,0,0.023071,1.264225,0.063609,0.008665,1.336499,14.410870,14.626007,30.396898
514,0,0.019545,1.074863,0.063366,0.008154,1.146383,14.764880,15.578540,31.509809
515,0,0.021191,1.395662,0.068576,0.009144,1.473382,13.293567,15.533736,30.322299
516,0,0.016208,1.258905,0.070921,0.008752,1.338578,14.342632,15.587263,31.285057
517,0,0.019153,1.238016,0.061123,0.008308,1.307447,13.905015,14.695200,29.927143
518,0,0.020916,1.137847,0.060949,0.008829,1.207625,14.135978,15.644347,31.009267
519,0,0.018121,1.513303,0.066921,0.007439,1.587663,14.124651,15.667004,31.397791
520,0,0.022981,1.261636,0.072552,0.008362,1.342550,13.094774,15.544283,30.004855
521,0,0.016946,1.135498,0.070796,0.008742,1.215036,13.575768,15.484893,30.292993
522,0,0.018287,1.025323,0.070203,0.008301,1.103827,13.389250,16.452765,30.964697
523,0,0.017618,1.081985,0.062449,0.008600,1.153034,13.298693,15.641139,30.110965
524,0,0.019235,1.552260,0.073510,0.007923,1.633693,14.198429,15.655101,31.506930
525,0,0.017835,1.045678,0.061669,0.008303,1.115650,13.704479,15.709483,30.548014
526,0,0.022011,1.227288,0.077044,0.008321,1.312653,13.586007,15.561592,30.482846
527,0,0.021214,1.039619,0.069102,0.008778,1.117499,13.949102,15.577492,30.665742
528,0,0.021142,1.239297,0.084045,0.008512,1.331854,13.703638,15.450971,30.508084
529,0,0.019441,1.205318,0.061834,0.008260,1.275412,14.488391,15.485513,31.269200
530,0,0.017650,1.202857,0.067345,0.008121,1.278323,14.122154,15.699150,31.117766
531,0,0.018570,1.088013,0.062217,0.008704,1.158934,14.050731,15.617195,30.845863
532,0,0.018248,1.284145,0.060620,0.008558,1.353323,14.657974,15.557707,31.587529
533,0,0.019385,1.148573,0.083268,0.008844,1.240685,13.238761,15.534868,30.034085
534,0,0.021338,1.085365,0.067329,0.008755,1.161449,14.450061,15.475831,31.109257
535,0,0.021582,1.265757,0.066384,0.007857,1.339998,13.270056,16.496350,31.128349
536,0,0.019233,1.481653,0.070447,0.007848,1.559948,12.920569,15.693041,30.193417
537,0,0.037858,1.286729,0.069723,0.008448,1.364900,13.928869,15.617631,30.949643
538,0,0.020777,1.210691,0.063241,0.008518,1.282450,14.066372,15.673822,31.043968
539,0,0.019910,1.179326,0.070187,0.007764,1.257277,13.710093,15.530708,30.518910
540,0,0.020849,1.326035,0.070961,0.008771,1.405767,13.300410,15.578072,30.305495
541,0,0.020711,1.211348,0.091788,0.009245,1.312381,14.502150,15.545525,31.381087
542,0,0.018946,1.071503,0.098527,0.009807,1.179837,13.671068,15.531100,30.401310
543,0,0.019389,1.262906,0.069169,0.008609,1.340684,13.505028,15.573720,30.439254
544,0,0.020100,1.082344,0.064010,0.008681,1.155035,14.529878,15.619632,31.325168
545,0,0.024226,1.095385,0.060188,0.008807,1.164380,13.584412,15.751966,30.525445
546,0,0.015247,1.277217,0.071683,0.008587,1.357487,14.113042,15.620448,31.106757
547,0,0.019479,1.259181,0.063646,0.009034,1.331861,13.303327,15.568137,30.223305
548,0,0.021200,1.197231,0.086765,0.008639,1.292635,13.939722,15.552391,30.806420
549,0,0.017848,1.325612,0.069604,0.009003,1.404219,13.504206,16.465797,31.392465
550,0,0.016802,1.485943,0.067318,0.008224,1.561485,13.418909,15.384302,30.381891
551,0,0.020349,1.581091,0.064633,0.008160,1.653884,13.582116,15.686087,30.942685
552,0,0.017415,1.186433,0.082750,0.007915,1.277098,13.856912,14.539110,29.690950
553,0,0.018707,1.263860,0.061394,0.008008,1.333262,13.724452,15.609278,30.686166
554,0,0.021652,1.148513,0.063548,0.008379,1.220440,13.482965,15.636877,30.362412
555,0,0.018079,1.063762,0.068199,0.007232,1.139193,14.116195,15.499043,30.772900
556,0,0.019066,1.409014,0.064341,0.006483,1.479838,13.749922,15.559445,30.808611
557,0,0.019228,1.262803,0.062226,0.008408,1.333437,13.755623,16.466742,31.575393
558,0,0.017576,1.253963,0.059502,0.008332,1.321797,13.753587,15.467084,30.560446
559,0,0.018336,1.172932,0.069436,0.009754,1.252122,13.613883,15.567747,30.452588
560,0,0.019759,1.231384,0.058967,0.008087,1.298438,13.786271,15.714185,30.819076
561,0,0.017921,1.235572,0.069679,0.008202,1.313453,13.502148,15.624165,30.457978
562,0,0.019033,1.151173,0.066394,0.009015,1.226582,14.552728,16.641969,32.440872
563,0,0.019030,1.043628,0.069650,0.008244,1.121522,13.171151,16.589788,30.902141
564,0,0.018806,1.293370,0.061905,0.008371,1.363646,13.466942,15.494273,30.343954
565,0,0.014277,1.225074,0.099989,0.008525,1.333588,14.031113,15.383060,30.762309
566,0,0.017332,1.129219,0.067346,0.008198,1.204763,14.162273,15.635905,31.020814
567,0,0.019119,1.204480,0.061862,0.008193,1.274535,13.930366,14.803686,30.028101
568,0,0.018184,1.196783,0.068169,0.008104,1.273056,14.766519,14.657658,30.715747
569,0,0.018943,1.270905,0.058862,0.008011,1.337778,14.744314,15.595491,31.696901
570,0,0.019427,1.746931,0.087528,0.007762,1.842221,12.854274,15.501862,30.218150
571,0,0.021964,1.286484,0.065750,0.008048,1.360282,13.968094,15.571733,30.922350
572,0,0.026839,1.228499,0.080477,0.008136,1.317112,13.947112,15.523575,30.815061
573,0,0.018295,1.306648,0.066904,0.008048,1.381600,13.826317,15.586693,30.813349
574,0,0.019316,1.178452,0.067345,0.008856,1.254653,13.846346,15.624491,30.745210
575,0,0.021402,1.026534,0.062590,0.008779,1.097903,13.792891,15.517032,30.429868
576,0,0.020998,1.227473,0.098441,0.009600,1.335514,13.829392,15.610616,30.797052
577,0,0.020967,1.306598,0.068895,0.008628,1.384121,13.811861,15.579696,30.797130
578,0,0.021597,1.329951,0.107163,0.008553,1.445667,14.207226,15.497400,31.172145
579,0,0.018203,1.175808,0.072421,0.008628,1.256857,13.129212,15.559748,29.964488
580,0,0.017679,1.421894,0.072053,0.008454,1.502401,13.944370,15.457713,30.922694
581,0,0.019101,1.099643,0.068145,0.008689,1.176477,14.192401,15.501068,30.889454
582,0,0.017395,1.081563,0.063689,0.008114,1.153366,14.266593,15.616057,31.053824
583,0,0.018913,1.290388,0.057429,0.007949,1.355766,13.956933,15.587303,30.919170
584,0,0.017671,1.177142,0.058662,0.008304,1.244108,13.012579,15.656573,29.931362
585,0,0.020276,1.032156,0.078370,0.008941,1.119467,13.678630,15.695973,30.514640
586,0,0.017467,1.343133,0.073136,0.007989,1.424258,13.104262,16.571326,31.117778
587,0,0.018492,1.076545,0.060482,0.008854,1.145881,13.439008,15.553038,30.156875
588,0,0.020352,1.204485,0.066826,0.009033,1.280344,13.537669,16.514743,31.353428
589,0,0.020594,1.184788,0.065927,0.009053,1.259768,13.000193,15.551371,29.832419
590,0,0.017875,1.333071,0.067405,0.009210,1.409686,14.107314,15.444134,30.979321
591,0,0.018734,1.219513,0.059647,0.009115,1.288275,14.149061,15.593840,31.050273
592,0,0.018782,1.270521,0.066747,0.008433,1.345701,13.287379,15.606283,30.258427
593,0,0.019497,1.083618,0.078289,0.008603,1.170510,14.219427,15.650906,31.060821
594,0,0.017730,1.155746,0.069351,0.008720,1.233817,14.591184,15.565387,31.408635
595,0,0.020514,1.374094,0.070548,0.007846,1.452488,13.547109,16.567356,31.587938
596,0,0.019582,1.254121,0.089304,0.008794,1.352219,12.866661,16.572083,30.810988
597,0,0.018416,1.334891,0.066857,0.008839,1.410587,13.659292,15.497862,30.586393
598,0,0.018361,1.269323,0.064801,0.008360,1.342484,13.127789,15.667822,30.156734
599,0,0.017506,1.357392,0.101802,0.008067,1.467261,14.094914,15.587823,31.167880
600,0,0.018583,1.192360,0.063208,0.008308,1.263876,13.785966,15.660894,30.729731
601,0,0.020733,1.172404,0.059930,0.008325,1.240659,13.854333,15.658752,30.775273
602,0,0.021147,1.220998,0.059474,0.008247,1.288719,13.271458,16.632392,31.214020
603,0,0.018234,1.179534,0.072620,0.008563,1.260717,13.035275,15.527691,29.842379
604,0,0.021107,1.177640,0.075680,0.008741,1.262061,14.301979,15.508513,31.094307
605,0,0.019060,1.218128,0.063249,0.008376,1.289753,13.868197,15.511631,30.689125
606,0,0.018972,1.213014,0.059364,0.008311,1.280689,14.242858,15.743258,31.286187
607,0,0.019943,1.109600,0.068776,0.008657,1.187033,13.738432,15.643891,30.589756
608,0,0.019565,1.067539,0.069167,0.008529,1.145235,13.462775,15.664174,30.292180
609,0,0.020300,1.263529,0.078224,0.008173,1.349926,13.922875,15.591558,30.885106
610,0,0.020129,1.360751,0.068705,0.008208,1.437664,13.357249,16.559828,31.375307
611,0,0.022572,1.257266,0.081718,0.008261,1.347245,13.665754,15.589690,30.625697
612,0,0.020980,1.312019,0.089383,0.008517,1.409919,13.138451,15.563706,30.133607
613,0,0.017998,1.092014,0.062846,0.009444,1.164304,14.016235,15.475672,30.674634
614,0,0.031379,1.323267,0.068981,0.008801,1.401049,13.773418,15.658354,30.864791
615,0,0.019238,1.283267,0.065184,0.009416,1.357867,12.792685,15.752310,29.922478
616,0,0.017746,1.069969,0.068615,0.008649,1.147233,14.053032,15.610358,30.828762
617,0,0.020235,1.230522,0.066584,0.008779,1.305885,13.540583,15.705084,30.572207
618,0,0.021389,1.149337,0.078434,0.009654,1.237425,14.231110,15.521720,31.011948
619,0,0.016463,1.405060,0.069162,0.008346,1.482568,13.047568,16.017172,30.564090
620,0,0.019571,1.577601,0.068853,0.007248,1.653702,13.322448,15.522743,30.518880
621,0,0.016684,1.238740,0.062725,0.009268,1.310733,14.153738,15.509316,30.990917
622,0,0.019372,1.004522,0.067659,0.008301,1.080482,13.757900,16.503825,31.362132
623,0,0.020661,1.373897,0.074054,0.011221,1.459172,13.591784,15.577912,30.650005
624,0,0.019185,1.193841,0.067101,0.008775,1.269717,13.766941,15.673979,30.730137
625,0,0.018700,1.209182,0.062585,0.008595,1.280362,14.819756,15.533572,31.652675
626,0,0.020367,1.165762,0.063863,0.008031,1.237656,13.522496,15.578166,30.359193
627,0,0.020928,1.329522,0.106409,0.008349,1.444280,13.261175,16.437756,31.164513
628,0,0.017960,1.105857,0.069033,0.009507,1.184397,13.639521,15.499952,30.342211
629,0,0.018867,1.237217,0.075442,0.008305,1.320964,14.145713,15.556628,31.042643
630,0,0.020956,1.237344,0.060295,0.008000,1.305639,13.514979,15.628584,30.470594
631,0,0.018988,1.028459,0.063981,0.008514,1.100954,14.598499,15.628537,31.347504
632,0,0.019761,1.085673,0.062477,0.008517,1.156667,13.843831,15.660056,30.680716
633,0,0.018608,1.092434,0.098099,0.008711,1.199244,13.703558,15.689838,30.611850
634,0,0.019003,1.352294,0.069483,0.008645,1.430422,13.513888,15.507199,30.471064
635,0,0.020097,1.334046,0.071841,0.008265,1.414152,13.823884,15.509486,30.768075
636,0,0.017731,1.141391,0.067087,0.009290,1.217768,13.997245,15.614038,30.847199
637,0,0.018045,1.235542,0.069143,0.008260,1.312945,14.265776,15.488729,31.085850
638,0,0.018331,1.304444,0.062125,0.008132,1.374701,13.039951,15.579241,30.012678
639,0,0.016502,1.505796,0.072853,0.008366,1.587015,14.185411,15.787427,31.576769
640,0,0.021735,1.061258,0.060084,0.007952,1.129294,13.856241,15.641838,30.649570
641,0,0.021428,1.544171,0.066578,0.007190,1.617939,12.805685,15.620061,30.065361
642,0,0.019640,1.234153,0.057338,0.008316,1.299807,13.802123,15.621639,30.743495
643,0,0.022119,1.292136,0.077860,0.008552,1.378548,14.693516,14.593444,30.687873
644,0,0.019519,1.314729,0.068310,0.008397,1.391436,14.232842,15.543309,31.187586
645,0,0.018788,1.265818,0.062125,0.008176,1.336119,14.122007,15.689053,31.166414
646,0,0.018966,1.107723,0.068297,0.008321,1.184341,13.065547,15.500392,29.769782
647,0,0.019047,1.073448,0.062179,0.007987,1.143614,13.793031,15.499122,30.455250
648,0,0.020019,1.207747,0.062642,0.008558,1.278947,14.118676,15.629872,31.047928
649,0,0.020484,1.250079,0.061057,0.008139,1.319275,13.634505,15.690592,30.665255
650,0,0.018768,1.112146,0.076788,0.008503,1.197437,13.649274,15.693052,30.559048
651,0,0.014605,1.155769,0.079861,0.008618,1.244248,14.165303,15.516391,30.940868
652,0,0.020943,1.136224,0.070448,0.008737,1.215409,13.930557,15.496065,30.663515
653,0,0.018134,1.274748,0.085867,0.009946,1.370561,14.002486,15.574590,30.966127
654,0,0.019868,1.147750,0.060811,0.009469,1.218030,13.859817,15.519962,30.618058
655,0,0.018072,1.188649,0.065626,0.008341,1.262616,14.012095,15.615454,30.908509
656,0,0.018849,1.266441,0.083980,0.008596,1.359017,14.596586,15.786695,31.761524
657,0,0.019551,1.229272,0.061729,0.008106,1.299107,13.969249,15.532553,30.820822
658,0,0.014979,1.266709,0.070125,0.008510,1.345344,13.866505,15.623379,30.850725
659,0,0.019384,1.311490,0.069276,0.008326,1.389092,13.704137,15.476954,30.590043
660,0,0.022612,1.014178,0.065125,0.008326,1.087629,13.632566,15.522912,30.266253
661,0,0.018623,1.184866,0.139048,0.010250,1.334164,13.655638,16.460217,31.469032
662,0,0.019288,1.377193,0.062684,0.008635,1.448512,12.753994,16.635164,30.857399
663,0,0.021262,1.258010,0.063068,0.009256,1.330334,13.705666,14.673822,29.731441
664,0,0.022260,1.263822,0.066052,0.007460,1.337334,14.471629,15.721946,31.553607
665,0,0.020052,1.140898,0.070541,0.009125,1.220564,13.994090,15.668022,30.903073
666,0,0.021897,1.292769,0.070211,0.008742,1.371722,12.922559,15.545578,29.862434
667,0,0.018947,1.265402,0.078441,0.008441,1.352284,13.968219,15.577269,30.917154
668,0,0.022800,1.208600,0.077797,0.008365,1.294762,14.404393,15.475661,31.197934
669,0,0.018336,1.295160,0.061596,0.007647,1.364403,13.525767,15.448901,30.357818
670,0,0.020056,1.162781,0.067181,0.008098,1.238060,14.221565,15.700803,31.181003
671,0,0.019011,1.276461,0.066105,0.009110,1.351676,13.124663,15.795197,30.290950
672,0,0.020676,1.527802,0.065055,0.008240,1.601097,13.262058,16.586264,31.470431
673,0,0.021921,1.282051,0.062860,0.008747,1.353658,13.087119,15.855521,30.318771
674,0,0.021718,1.334787,0.071090,0.008321,1.414198,13.326330,15.724894,30.487572
675,0,0.023716,1.427145,0.067583,0.008789,1.503517,13.503554,15.617121,30.648400
676,0,0.018597,1.280421,0.065904,0.008059,1.354384,13.936338,15.689163,30.998820
677,0,0.023356,1.438269,0.063373,0.012528,1.514170,14.000804,14.627111,30.165967
678,0,0.017369,1.071710,0.061597,0.008772,1.142079,13.458128,15.673140,30.291216
679,0,0.019222,1.313568,0.062988,0.008520,1.385076,14.081860,15.727739,31.214247
680,0,0.022430,1.185725,0.075192,0.008850,1.269767,13.893863,15.556687,30.743350
681,0,0.030361,1.173064,0.079001,0.009576,1.261641,13.295871,15.567271,30.155659
682,0,0.019367,1.216052,0.068173,0.008184,1.292409,14.231353,15.531241,31.074645
683,0,0.017772,1.202135,0.076438,0.008436,1.287009,13.506771,15.547991,30.360042
684,0,0.019533,1.207095,0.067860,0.008001,1.282956,14.004794,15.587150,30.894955
685,0,0.018378,1.138560,0.067352,0.008966,1.214878,14.687707,14.664247,30.585545
686,0,0.016136,1.500739,0.070409,0.007174,1.578322,13.768225,15.487459,30.850404
687,0,0.029330,1.213965,0.061798,0.008228,1.283991,13.905698,0.651299,15.870674
688,0,0.010561,1.275606,0.119398,0.008340,1.403344,14.654556,15.739871,31.808631
689,0,0.020343,1.230433,0.068724,0.009229,1.308386,13.692540,15.449132,30.470813
690,0,0.019970,1.443177,0.066905,0.007260,1.517342,13.702474,15.374594,30.614774
691,0,0.018754,1.024158,0.062440,0.008408,1.095006,13.957913,15.671456,30.743467
692,0,0.017222,1.213063,0.061127,0.008037,1.282227,14.265015,15.611579,31.176506
693,0,0.018279,1.090249,0.064077,0.008659,1.162985,13.528775,15.679296,30.389743
694,0,0.019360,1.194433,0.076536,0.008843,1.279812,13.822501,15.582826,30.704997
695,0,0.019536,1.144966,0.073615,0.008923,1.227504,14.407122,15.542341,31.197028
696,0,0.022267,1.344958,0.065595,0.008216,1.418769,13.839979,15.507347,30.788845
697,0,0.019948,1.420765,0.066876,0.008277,1.495918,13.376843,15.504702,30.397756
698,0,0.016924,1.346225,0.068064,0.008820,1.423109,14.297515,15.608826,31.346775
699,0,0.025202,1.184983,0.063478,0.008206,1.256667,13.808509,15.461454,30.552535
700,0,0.018994,1.175201,0.067471,0.008096,1.250768,14.040803,15.637378,30.948500
701,0,0.017722,1.347083,0.083561,0.009121,1.439765,13.115788,15.695090,30.268846
702,0,0.020793,1.083046,0.067185,0.008628,1.158859,13.986292,15.519521,30.686007
703,0,0.020684,1.140550,0.069144,0.009278,1.218972,14.095367,15.529049,30.864514
704,0,0.018817,1.225879,0.070321,0.008592,1.304792,13.937627,15.553294,30.814846
705,0,0.017498,1.021882,0.067996,0.008779,1.098657,14.098192,15.513819,30.728650
706,0,0.018340,1.088507,0.063521,0.008598,1.160626,13.740200,15.677591,30.597113
707,0,0.020475,1.028869,0.063160,0.008630,1.100659,14.115884,15.618135,30.855637
708,0,0.019559,1.039027,0.059893,0.008440,1.107360,14.633431,15.649424,31.410316
709,0,0.022405,1.258553,0.069463,0.007905,1.335921,12.458490,15.570677,29.387964
710,0,0.021912,1.405951,0.062340,0.008353,1.476644,14.086802,15.516213,31.101914
711,0,0.019685,1.182739,0.065125,0.009425,1.257289,13.688922,15.495757,30.462634
712,0,0.021154,1.306867,0.074704,0.008125,1.389696,13.530953,15.535141,30.477415
713,0,0.019069,1.222313,0.064232,0.008476,1.295021,13.704112,15.505189,30.523666
714,0,0.018000,1.330912,0.061063,0.009630,1.401605,14.183951,15.480024,31.083998
715,0,0.018989,1.138021,0.088440,0.008444,1.234905,13.834627,15.734672,30.823646
716,0,0.020077,1.159040,0.069367,0.008453,1.236860,14.111704,15.690060,31.059312
717,0,0.018081,1.082921,0.063633,0.008867,1.155421,14.126966,15.572524,30.873398
718,0,0.017069,1.217315,0.064651,0.008300,1.290266,13.980127,15.569696,30.857553
719,0,0.020458,1.198697,0.068025,0.008629,1.275351,14.185389,15.471933,30.953550
720,0,0.020831,1.126451,0.068662,0.008019,1.203132,14.874343,14.635492,30.734270
721,0,0.017885,1.147170,0.078000,0.008740,1.233910,14.836545,14.675828,30.764494
722,0,0.017078,1.110378,0.094031,0.008310,1.212719,14.329203,15.729368,31.288875
723,0,0.019269,1.196773,0.060142,0.007943,1.264858,14.214444,15.580673,31.079639
724,0,0.018908,1.310291,0.071829,0.008551,1.390671,13.131258,15.525186,30.066616
725,0,0.019966,1.126741,0.077653,0.008529,1.212923,14.040326,15.550513,30.824137
726,0,0.021171,1.108783,0.068205,0.008681,1.185669,14.295100,15.656839,31.159176
727,0,0.020024,1.116324,0.064668,0.008624,1.189616,14.452748,15.459197,31.121993
728,0,0.014746,1.263385,0.076387,0.008946,1.348718,13.505949,15.764889,30.634769
729,0,0.018802,1.132372,0.118257,0.008110,1.258739,13.540447,15.724940,30.543327
730,0,0.031082,1.071656,0.060680,0.007960,1.140296,13.750062,15.576842,30.498786
731,0,0.017876,1.105460,0.072331,0.008735,1.186526,14.284627,15.639266,31.128728
732,0,0.023992,1.219639,0.097440,0.008358,1.325437,13.951082,15.554250,30.855261
733,0,0.021993,1.070776,0.093670,0.008582,1.173028,13.342256,16.569084,31.106899
734,0,0.020768,1.327749,0.061865,0.008566,1.398180,13.045492,15.586165,30.051132
735,0,0.018389,1.312476,0.065081,0.008279,1.385836,13.850658,15.559056,30.814287
736,0,0.020435,1.395363,0.084472,0.009072,1.488907,13.478208,15.604147,30.592046
737,0,0.018553,1.244315,0.081430,0.008718,1.334463,14.179044,15.676265,31.208578
738,0,0.026540,1.235435,0.065668,0.008775,1.309878,14.089406,15.651526,31.077758
739,0,0.019621,1.179654,0.060440,0.008224,1.248318,13.646755,15.655654,30.570868
740,0,0.022052,1.186665,0.056663,0.008938,1.252266,13.929740,14.608158,29.812562
741,0,0.020189,1.042206,0.061008,0.008760,1.111974,14.157090,15.662195,30.951901
742,0,0.018944,1.237587,0.070091,0.008447,1.316125,13.543791,15.699502,30.578835
743,0,0.019167,1.329295,0.132135,0.008675,1.470105,13.092331,15.719259,30.301305
744,0,0.020109,1.261852,0.068862,0.008141,1.338855,14.381948,15.592007,31.333355
745,0,0.017476,1.079724,0.098089,0.006953,1.184766,14.112279,15.592864,30.907812
746,0,0.019833,1.179197,0.086135,0.006831,1.272163,13.906650,15.627009,30.825937
747,0,0.018358,1.046316,0.060081,0.009083,1.115480,13.404373,15.881332,30.419822
748,0,0.020065,1.077765,0.083545,0.008244,1.169554,14.055340,15.693539,30.939071
749,0,0.017122,1.244497,0.062952,0.008346,1.315795,13.414001,15.617774,30.364940
750,0,0.018237,1.156610,0.091078,0.009164,1.256852,14.555282,16.588822,32.420185
751,0,0.020831,1.171635,0.070842,0.008089,1.250566,13.347010,15.509375,30.128122
752,0,0.016219,1.346883,0.092752,0.008191,1.447826,14.266498,15.507828,31.239002
753,0,0.018494,1.299169,0.084574,0.008254,1.391997,13.605067,15.565092,30.580957
754,0,0.020910,1.084744,0.070405,0.008487,1.163636,14.132009,15.541172,30.858077
755,0,0.019038,1.257853,0.062971,0.009422,1.330246,13.389378,15.427864,30.166936
756,0,0.018239,1.124348,0.070661,0.009402,1.204411,13.913340,16.549711,31.685962
757,0,0.018362,1.134489,0.063938,0.008794,1.207221,13.820775,15.559827,30.606476
758,0,0.018928,1.080037,0.060021,0.008504,1.148562,14.093980,15.590461,30.852414
759,0,0.019080,1.259523,0.062771,0.008136,1.330430,13.025296,16.548471,30.923724
760,0,0.019389,1.070281,0.070469,0.009343,1.150093,13.420518,15.476481,30.067003
761,0,0.019901,1.077208,0.065182,0.007263,1.149653,14.105419,15.747475,31.022891
762,0,0.020053,1.297757,0.061495,0.008586,1.367838,13.495434,15.584829,30.468527
763,0,0.020106,1.422783,0.092164,0.007518,1.522465,13.685425,15.653240,30.881490
764,0,0.019377,1.255295,0.081742,0.008224,1.345261,14.081638,15.699239,31.145985
765,0,0.019759,1.454314,0.080553,0.008290,1.543157,12.945334,15.738063,30.246544
766,0,0.018353,1.076859,0.058363,0.008342,1.143564,14.140748,15.549814,30.852952
767,0,0.020366,1.281914,0.068796,0.008335,1.359045,14.427699,15.567833,31.375348
768,0,0.021163,1.020418,0.069626,0.008365,1.098409,14.048121,15.616818,30.784954
769,0,0.020529,1.330556,0.103158,0.008496,1.442210,13.286084,15.548204,30.297371
770,0,0.021535,1.272562,0.075157,0.008534,1.356253,13.599385,15.527206,30.504872
771,0,0.020637,1.272683,0.068717,0.008692,1.350092,14.599085,15.437576,31.407956
772,0,0.018652,1.427272,0.071072,0.007974,1.506318,12.411172,15.344363,29.280870
773,0,0.017582,1.164374,0.064260,0.008444,1.237078,14.728691,14.659021,30.642808
774,0,0.017072,1.225971,0.077810,0.008786,1.312567,14.333921,15.657089,31.321024
775,0,0.019627,1.139001,0.068137,0.008722,1.215860,14.173656,15.689420,31.098950
776,0,0.021432,1.106705,0.071504,0.008017,1.186226,13.178529,15.532801,29.919438
777,0,0.020132,1.087615,0.068217,0.008546,1.164378,14.753867,15.485357,31.424365
778,0,0.014708,1.244033,0.062969,0.008257,1.315259,13.175342,16.529064,31.034933
779,0,0.019422,1.146654,0.100709,0.006921,1.254284,13.778569,15.471904,30.524586
780,0,0.014489,1.134728,0.083600,0.008214,1.226542,14.151107,15.623229,31.015833
781,0,0.017703,1.457105,0.069593,0.007215,1.533913,13.265732,15.703437,30.521189
782,0,0.019333,1.132434,0.065092,0.009189,1.206715,14.411462,15.689352,31.327329
783,0,0.017623,0.991567,0.060266,0.008480,1.060313,14.477291,15.636131,31.191821
784,0,0.018550,1.436647,0.067323,0.008536,1.512506,13.380564,15.619033,30.531097
785,0,0.020476,1.078573,0.072797,0.008854,1.160224,13.537014,16.529740,31.247930
786,0,0.019927,1.323700,0.100689,0.008211,1.432600,13.444317,15.557439,30.454727
787,0,0.018693,1.200565,0.066497,0.008802,1.275864,13.637117,15.396154,30.328182
788,0,0.017691,1.458892,0.062232,0.007541,1.528665,13.703952,15.596956,30.847628
789,0,0.023104,1.144699,0.066620,0.009167,1.220486,14.192152,15.755765,31.192007
790,0,0.021954,1.056861,0.062670,0.008088,1.127619,13.848680,15.585338,30.584003
791,0,0.019130,1.480315,0.068954,0.008270,1.557539,13.354186,15.761933,30.693129
792,0,0.019249,1.105086,0.069006,0.008586,1.182678,13.824904,15.575739,30.603174
793,0,0.021620,1.088405,0.093418,0.007266,1.189089,14.134500,15.640270,30.986082
794,0,0.021089,1.067190,0.066816,0.008368,1.142374,13.869545,15.570227,30.603661
795,0,0.017871,1.055721,0.064151,0.008196,1.128068,13.963022,15.583673,30.692896
796,0,0.017502,1.279322,0.064159,0.008049,1.351530,13.823729,15.515119,30.708287
797,0,0.019877,1.084611,0.069811,0.008751,1.163173,14.704705,15.661792,31.549940
798,0,0.019980,1.088757,0.067965,0.008423,1.165145,13.037478,15.704720,29.927730
799,0,0.018712,1.088586,0.059649,0.008454,1.156689,14.749155,15.726720,31.651694
800,0,0.019365,1.221060,0.064915,0.008214,1.294189,13.682765,15.604971,30.601662
801,0,0.021848,1.270499,0.060923,0.008366,1.339788,13.968754,15.540968,30.871828
802,0,0.021410,1.254131,0.078079,0.008273,1.340483,13.431573,15.534626,30.328529
803,0,0.029384,1.298475,0.067718,0.008982,1.375175,13.100734,15.545482,30.051017
804,0,0.018660,1.073041,0.062666,0.008520,1.144227,14.039796,15.509174,30.712368
805,0,0.018493,1.027774,0.070305,0.008671,1.106750,13.619777,15.697264,30.442676
806,0,0.019061,1.026850,0.082687,0.007637,1.117174,14.473422,15.635691,31.245712
807,0,0.019383,1.222232,0.063255,0.007804,1.293291,13.609073,15.689417,30.611579
808,0,0.022876,1.234283,0.059723,0.008067,1.302073,13.312647,16.564448,31.202434
809,0,0.020476,1.237324,0.064875,0.009157,1.311356,12.954894,16.446291,30.733449
810,0,0.020375,1.202708,0.068904,0.008462,1.280074,13.349423,15.504094,30.155033
811,0,0.019628,1.110462,0.066440,0.008485,1.185387,13.872169,15.468647,30.546227
812,0,0.017020,1.123689,0.064680,0.008780,1.197149,13.842235,16.483287,31.540164
813,0,0.018624,1.205603,0.073029,0.009202,1.287834,13.992676,15.690283,30.989830
814,0,0.018904,1.183480,0.060776,0.008282,1.252538,14.420883,15.624739,31.317446
815,0,0.018773,1.146286,0.080914,0.009395,1.236595,13.720894,15.476128,30.452669
816,0,0.017929,1.156493,0.061929,0.008962,1.227384,14.508312,15.553573,31.307695
817,0,0.019798,1.343258,0.070791,0.009416,1.423465,13.592489,15.480124,30.516370
818,0,0.020918,1.099905,0.065947,0.008427,1.174279,13.909344,15.438574,30.543557
819,0,0.021645,1.151198,0.067685,0.008955,1.227838,13.630300,16.458549,31.338859
820,0,0.016032,1.125581,0.069561,0.008583,1.203725,13.834896,15.494942,30.550053
821,0,0.019044,1.278166,0.061865,0.008438,1.348469,14.011058,15.550928,30.929857
822,0,0.018394,1.137750,0.080153,0.007624,1.225527,14.037781,14.624871,29.907113
823,0,0.019445,1.230107,0.064388,0.008753,1.303248,13.903758,15.616141,30.842898
824,0,0.019566,1.084206,0.084594,0.018058,1.186858,13.969705,15.573354,30.749946
825,0,0.020878,1.222823,0.063808,0.008813,1.295444,14.780843,15.588278,31.685968
826,0,0.025987,1.156184,0.067035,0.009037,1.232256,13.072358,15.674073,30.005227
827,0,0.022161,1.218646,0.063695,0.009466,1.291807,13.790991,15.523646,30.629101
828,0,0.022044,1.075060,0.107993,0.008614,1.191667,14.363824,15.525549,31.103414
829,0,0.017071,1.147717,0.063145,0.008196,1.219058,13.706858,15.521565,30.464949
830,0,0.019906,1.086853,0.071690,0.008891,1.167434,14.816818,15.144688,31.149460
831,0,0.018555,1.256206,0.063087,0.009078,1.328371,14.197394,15.627372,31.172064
832,0,0.020730,1.129330,0.062968,0.008112,1.200410,13.941482,15.720935,30.883979
833,0,0.017552,1.210391,0.062808,0.010282,1.283481,13.167704,15.623972,30.093238
834,0,0.018663,1.160556,0.081066,0.008872,1.250494,13.481731,15.566960,30.318508
835,0,0.019858,1.281472,0.066867,0.009162,1.357501,13.029318,15.712445,30.119616
836,0,0.020122,1.202948,0.096659,0.008307,1.307914,14.383796,15.458496,31.170660
837,0,0.016874,1.110285,0.082354,0.009301,1.201940,13.730068,15.442922,30.392248
838,0,0.018501,1.303899,0.065332,0.009520,1.378751,14.167094,15.499828,31.064740
839,0,0.019744,1.216952,0.066550,0.009557,1.293059,13.539782,16.431792,31.284869
840,0,0.019119,1.225194,0.065230,0.010316,1.300740,13.210420,15.457453,29.988375
841,0,0.018954,1.066435,0.078449,0.008385,1.153269,14.076925,15.578772,30.828324
842,0,0.018920,1.297830,0.060205,0.008416,1.366451,13.826380,15.647058,30.859252
843,0,0.020553,1.090423,0.065211,0.008738,1.164372,14.099798,15.561839,30.847088
844,0,0.021006,1.159351,0.060270,0.008623,1.228244,14.618136,16.491159,32.358987
845,0,0.020454,1.771099,0.070834,0.008517,1.850450,12.771703,15.755807,30.398793
846,0,0.026218,1.631740,0.070822,0.009103,1.711665,13.321549,15.851515,30.911343
847,0,0.019308,1.535860,0.074005,0.007296,1.617161,13.043402,15.442849,30.123078
848,0,0.017479,1.231421,0.067231,0.008190,1.306842,14.434280,15.693709,31.452820
849,0,0.019721,1.116367,0.068507,0.009183,1.194057,13.811445,15.697881,30.723467
850,0,0.019260,1.065160,0.084910,0.009305,1.159375,13.897145,15.634284,30.710529
851,0,0.019369,1.253300,0.065115,0.007788,1.326203,13.891425,15.556656,30.794131
852,0,0.020108,1.166451,0.076824,0.008517,1.251792,13.330069,15.595498,30.197945
853,0,0.020486,1.254268,0.069235,0.009959,1.333462,14.274588,15.586157,31.214962
854,0,0.022852,1.410715,0.077506,0.010646,1.498867,13.619768,15.442160,30.584139
855,0,0.018268,1.672472,0.075834,0.008956,1.757262,13.182961,15.603713,30.562626
856,0,0.022938,1.412492,0.069609,0.008844,1.490945,14.159908,15.581337,31.255716
857,0,0.020341,1.241613,0.090632,0.008302,1.340547,13.118801,16.644218,31.124497
858,0,0.018508,1.155798,0.064790,0.008225,1.228813,13.569377,15.812662,30.629607
859,0,0.019144,1.237035,0.059152,0.007611,1.303798,13.687881,15.587374,30.598470
860,0,0.018591,1.096861,0.064686,0.008556,1.170103,13.185871,16.591763,30.966603
861,0,0.019669,1.089172,0.064935,0.009190,1.163297,13.057479,16.589962,30.830911
862,0,0.021198,1.180837,0.076133,0.008558,1.265528,13.732912,15.489136,30.509254
863,0,0.021010,1.172218,0.067986,0.009449,1.249653,14.051646,15.502205,30.824971
864,0,0.017875,1.160654,0.061208,0.008006,1.229868,14.139923,15.539585,30.927700
865,0,0.019587,1.187516,0.062263,0.009321,1.259100,13.492107,14.628255,29.399459
866,0,0.020160,1.154120,0.063376,0.008159,1.225655,14.311227,14.828293,30.385795
867,0,0.018999,1.140420,0.067374,0.007529,1.215323,13.975898,15.593454,30.804085
868,0,0.019431,1.171515,0.066312,0.007775,1.245602,14.777517,14.712160,30.755106
869,0,0.020439,1.211886,0.062693,0.008927,1.283506,14.412608,15.759698,31.476600
870,0,0.019606,1.060889,0.068335,0.008634,1.137858,13.303017,15.710300,30.171277
871,0,0.018651,1.254866,0.095200,0.008857,1.358923,13.745290,15.636597,30.760172
872,0,0.018871,1.271685,0.084553,0.008391,1.364629,13.900252,15.582675,30.866938
873,0,0.020067,1.138686,0.077053,0.008689,1.224428,14.143461,15.488831,30.877284
874,0,0.017471,1.173640,0.063077,0.007847,1.244564,14.149666,15.385179,30.797301
875,0,0.017145,1.326956,0.065498,0.009746,1.402200,13.568997,1.355958,16.344570
876,0,0.009586,1.200087,0.060690,0.007948,1.268725,14.115503,15.544949,30.939227
877,0,0.020691,1.510037,0.070114,0.007767,1.587918,13.193849,16.511469,31.314362
878,0,0.019029,1.095502,0.064357,0.008594,1.168453,13.225228,15.502413,29.915612
879,0,0.025165,1.240761,0.069031,0.009523,1.319315,14.156011,15.587242,31.088103
880,0,0.021944,1.245723,0.070740,0.008423,1.324886,13.655277,15.412675,30.415274
881,0,0.019118,1.112588,0.069743,0.008301,1.190632,14.522282,15.447441,31.179873
882,0,0.018783,1.212028,0.071044,0.008931,1.292003,14.038879,15.654187,31.004427
883,0,0.019789,1.085202,0.067934,0.009067,1.162203,14.030306,15.640331,30.852953
884,0,0.019655,1.027532,0.059882,0.009102,1.096516,13.511310,15.807319,30.435196
885,0,0.018442,1.134602,0.064334,0.008098,1.207034,13.647349,15.555063,30.428330
886,0,0.021105,1.815355,0.087279,0.008788,1.911422,13.052384,16.555887,31.541235
887,0,0.018582,1.320887,0.068728,0.008038,1.397653,13.110576,15.486757,30.013819
888,0,0.016667,1.267272,0.086729,0.019137,1.373138,13.713510,15.548149,30.651853
889,0,0.019620,1.268898,0.069511,0.008222,1.346631,14.009707,15.588598,30.965046
890,0,0.017288,1.179152,0.092287,0.007962,1.279401,14.162314,15.465791,30.925116
891,0,0.017714,1.064819,0.064238,0.007890,1.136947,13.984967,15.643540,30.783510
892,0,0.018794,1.083022,0.067399,0.008863,1.159284,14.425593,15.635841,31.239917
893,0,0.018504,1.133018,0.068823,0.008293,1.210134,13.367494,15.800209,30.396804
894,0,0.018303,1.363473,0.070092,0.009142,1.442707,13.965556,15.589737,31.016837
895,0,0.020426,1.074264,0.067840,0.008410,1.150514,13.411862,16.446576,31.029825
896,0,0.019947,1.131524,0.068144,0.008536,1.208204,13.852259,15.529500,30.610457
897,0,0.029034,1.303841,0.065380,0.008390,1.377611,12.724872,15.352986,29.484951
898,0,0.018095,1.262192,0.069565,0.008198,1.339955,14.091791,15.453732,30.903984
899,0,0.019232,1.154349,0.082472,0.008616,1.245437,13.673558,15.733390,30.672103
900,0,0.018006,1.088773,0.060541,0.009019,1.158333,14.279448,15.513131,30.969275
901,0,0.019999,1.261706,0.068713,0.009466,1.339885,13.157157,15.747670,30.265248
902,0,0.018734,1.041053,0.060472,0.008740,1.110265,14.466553,15.668539,31.264448
903,0,0.018925,1.032087,0.061959,0.010484,1.104530,13.698440,15.666616,30.488870
904,0,0.019142,1.132671,0.066283,0.008197,1.207151,13.629219,15.674600,30.530584
905,0,0.022663,1.107273,0.079876,0.009145,1.196294,13.802764,15.698681,30.720834
906,0,0.021065,1.128809,0.071406,0.008733,1.208948,14.734918,15.482308,31.447700
907,0,0.019006,1.461952,0.070527,0.009825,1.542304,13.909093,16.484385,31.955135
908,0,0.019344,1.105272,0.060818,0.008302,1.174392,13.285155,15.476558,29.956080
909,0,0.017875,1.149206,0.062029,0.009467,1.220702,14.213053,15.527765,30.979630
910,0,0.018483,1.583410,0.077278,0.007998,1.668686,13.694388,15.585195,30.967118
911,0,0.018885,1.110759,0.060165,0.008704,1.179628,14.227382,15.565377,30.991754
912,0,0.019082,1.075909,0.065990,0.008575,1.150474,14.056333,15.586406,30.812677
913,0,0.018252,1.249202,0.067356,0.008594,1.325152,13.609742,15.623063,30.576575
914,0,0.018261,1.117723,0.068632,0.008132,1.194487,13.235617,16.516527,30.965473
915,0,0.020974,1.363657,0.066627,0.008219,1.438503,13.461754,15.571226,30.492840
916,0,0.020620,1.295516,0.069558,0.008573,1.373647,13.401353,16.498380,31.294525
917,0,0.020384,1.296109,0.245659,0.007824,1.549592,13.057702,15.572147,30.200327
918,0,0.021913,1.243648,0.073139,0.009460,1.326247,14.102226,15.544752,30.995710
919,0,0.018882,1.186177,0.070770,0.009277,1.266224,13.895184,15.437185,30.617885
920,0,0.019199,1.132126,0.070449,0.008924,1.211499,14.055280,15.642231,30.928543
921,0,0.019753,1.118811,0.067355,0.008568,1.194734,14.191087,15.706436,31.112396
922,0,0.020025,1.239789,0.059299,0.008273,1.307361,13.305136,15.523017,30.155903
923,0,0.023883,1.187305,0.076847,0.009391,1.273543,13.549357,16.584221,31.431461
924,0,0.019235,1.933904,0.095180,0.009555,2.038639,12.800789,15.464931,30.324022
925,0,0.019267,1.415631,0.074804,0.008765,1.499200,13.634133,15.406339,30.559342
926,0,0.016066,1.063379,0.074845,0.009494,1.147718,14.693175,15.534340,31.391669
927,0,0.017287,1.123389,0.066229,0.008635,1.198253,13.178276,16.442713,30.836971
928,0,0.019220,1.123986,0.068984,0.009913,1.202883,11.793029,16.411296,29.426847
929,0,0.018581,1.119703,0.061334,0.008418,1.189455,13.209010,16.403221,30.820701
930,0,0.018913,1.265301,0.077183,0.008495,1.350979,13.833252,15.675632,30.879210
931,0,0.019093,1.135468,0.067413,0.009447,1.212328,13.603390,15.645109,30.480426
932,0,0.017737,1.064333,0.065426,0.008963,1.138722,13.665619,15.639693,30.462160
933,0,0.017824,1.159535,0.060296,0.008177,1.228008,14.449129,15.666571,31.361839
934,0,0.024015,1.388959,0.091343,0.009065,1.489367,13.482685,15.606519,30.603416
935,0,0.020537,1.942394,0.119003,0.042981,2.104378,13.034603,15.568173,30.728094
936,0,0.026918,1.950470,0.093940,0.010900,2.055310,12.539847,16.561342,31.183972
937,0,0.021901,1.273532,0.083697,0.008617,1.365846,13.291653,15.515256,30.194928
938,0,0.018248,1.098486,0.081137,0.008560,1.188183,13.805073,0.355500,15.367486
939,0,0.007350,0.997843,0.068983,0.008487,1.075313,14.678403,16.530301,32.291814
940,0,0.021439,1.225839,0.078778,0.008158,1.312775,12.974166,15.702376,30.011057
941,0,0.086173,1.163257,0.072467,0.008109,1.243833,13.861716,15.553026,30.745281
942,0,0.020371,1.200703,0.068073,0.008927,1.277703,14.084679,15.506808,30.890081
943,0,0.018391,1.123890,0.065398,0.008268,1.197556,13.536732,16.350071,31.103165
944,0,0.020229,1.070277,0.070062,0.008723,1.149062,14.084691,15.390840,30.645270
945,0,0.018246,1.091345,0.071562,0.008386,1.171293,13.972348,15.657399,30.819745
946,0,0.019513,1.122887,0.071833,0.008372,1.203092,14.105187,15.631360,30.959474
947,0,0.019501,1.671154,0.083924,0.009234,1.764312,13.168586,15.695388,30.648145
948,0,0.020072,1.214016,0.068830,0.008770,1.291616,13.747404,15.558599,30.618266
949,0,0.020639,1.181479,0.068505,0.009176,1.259160,13.943350,15.665502,30.889091
950,0,0.019583,1.441334,0.090853,0.009773,1.541960,13.674288,15.449422,30.685712
951,0,0.020124,1.222063,0.084057,0.009938,1.316058,14.342750,15.615529,31.294887
952,0,0.021004,1.176133,0.064035,0.008023,1.248191,13.360837,15.508411,30.138916
953,0,0.020166,1.206600,0.061335,0.008248,1.276183,14.347232,15.493387,31.137288
954,0,0.016829,1.197774,0.085181,0.008691,1.291646,14.021395,15.460399,30.790641
955,0,0.017427,1.188723,0.066320,0.008417,1.263460,13.999301,15.510418,30.791003
956,0,0.024459,1.267838,0.070820,0.008613,1.347271,13.558029,15.569912,30.500111
957,0,0.020255,1.275547,0.069376,0.008462,1.353385,13.680939,15.582040,30.636951
958,0,0.019296,1.239237,0.068791,0.008461,1.316489,13.690109,15.831377,30.857813
959,0,0.023078,1.666428,0.065126,0.007778,1.739332,13.121048,15.943910,30.827767
960,0,0.021056,1.294089,0.068842,0.008890,1.371821,12.684418,15.495047,29.573005
961,0,0.021367,1.362737,0.071366,0.008717,1.442820,14.249076,15.531466,31.245172
962,0,0.019998,1.183942,0.079426,0.008971,1.272339,13.925855,15.481684,30.700626
963,0,0.021229,1.115351,0.072367,0.014996,1.202714,13.875729,15.406591,30.506713
964,0,0.018789,1.173039,0.075600,0.009137,1.257776,14.443908,15.643901,31.364967
965,0,0.019251,1.635513,0.070202,0.007880,1.713595,12.479018,16.566915,30.779154
966,0,0.018286,1.094588,0.069530,0.008573,1.172691,13.590937,15.647816,30.430318
967,0,0.017921,1.125438,0.064050,0.008848,1.198336,14.273332,15.594867,31.084751
968,0,0.017791,1.649529,0.159764,0.008247,1.817540,12.551637,16.432179,30.819496
969,0,0.019184,1.118305,0.066798,0.008463,1.193566,13.269151,16.432728,30.915079
970,0,0.022224,1.174953,0.066903,0.008450,1.250306,14.325211,15.429211,31.027418
971,0,0.018897,1.542522,0.070940,0.007284,1.620746,13.914254,15.443853,30.998007
972,0,0.018484,1.103975,0.064602,0.008373,1.176950,13.800342,15.545156,30.541243
973,0,0.017377,1.092406,0.067549,0.008956,1.168911,14.482672,15.514147,31.183567
974,0,0.016652,1.264458,0.069495,0.009942,1.343895,13.947052,15.696093,31.004238
975,0,0.022691,1.716720,0.091572,0.013005,1.821297,13.156349,15.698385,30.699190
976,0,0.016215,1.293071,0.079251,0.009150,1.381472,13.588455,15.908920,30.895426
977,0,0.021573,1.222749,0.067125,0.008159,1.298033,13.448300,15.544249,30.312646
978,0,0.020235,1.231202,0.070304,0.009230,1.310736,13.856028,15.494590,30.682274
979,0,0.021315,1.190364,0.072277,0.008425,1.271066,13.841409,15.481074,30.615335
980,0,0.019222,1.127111,0.066078,0.008625,1.201814,14.364089,15.638249,31.223797
981,0,0.019133,1.536944,0.066602,0.008763,1.612309,13.660024,15.038122,30.329966
982,0,0.019218,1.315582,0.072582,0.009153,1.397317,13.612425,15.632956,30.662256
983,0,0.020002,1.110062,0.065570,0.008744,1.184376,14.756290,14.685472,30.646577
984,0,0.021659,1.403498,0.075651,0.009080,1.488229,14.404874,15.659825,31.575041
985,0,0.019092,1.416125,0.078152,0.032682,1.526959,12.989245,15.637619,30.173264
986,0,0.019360,1.098712,0.067363,0.008726,1.174801,14.695199,15.580254,31.470052
987,0,0.020518,1.816194,0.104443,0.008724,1.929361,12.156716,16.525318,30.632579
988,0,0.021329,1.359701,0.095316,0.009133,1.464150,13.328175,15.401073,30.215139
989,0,0.018637,1.100294,0.063263,0.009221,1.172778,14.538929,15.641158,31.371918
990,0,0.019533,1.324191,0.059801,0.010495,1.394487,13.708965,15.637081,30.760445
991,0,0.019575,1.166579,0.068539,0.008963,1.244081,12.447955,15.464759,29.176861
992,0,0.020486,1.241184,0.071163,0.008397,1.320744,14.157885,15.601014,31.100579
993,0,0.019881,1.320335,0.069102,0.008371,1.397808,13.639674,15.739918,30.797816
994,0,0.019858,1.277224,0.072116,0.009038,1.358378,13.311119,16.409651,31.099438
995,0,0.019184,1.139131,0.064799,0.008929,1.212859,13.307653,15.508974,30.049086
996,0,0.018294,1.147761,0.065360,0.008714,1.221835,14.125947,15.655706,31.022122
997,0,0.021082,1.199915,0.064107,0.008494,1.272516,14.059786,15.620661,30.974359
998,0,0.017372,1.200293,0.061823,0.008690,1.270806,14.130700,15.789784,31.209122
999,0,0.020003,1.062210,0.059325,0.009037,1.130572,13.649480,15.743704,30.544118
1000,0,0.021164,1.143407,0.093079,0.008923,1.245409,13.493822,15.635757,30.396675
1001,0,0.019840,1.104281,0.068524,0.008385,1.181190,14.055345,0.405534,15.662600
1002,0,0.007307,1.023094,0.076176,0.008634,1.107904,15.153989,15.828169,32.097895
1003,0,0.022603,1.049113,0.067407,0.008216,1.124736,13.014873,16.618738,30.781427
1004,0,0.018828,1.408514,0.131207,0.008225,1.547946,13.295102,15.550231,30.412520
1005,0,0.017613,1.094140,0.068244,0.009226,1.171610,13.569597,15.553137,30.312612
1006,0,0.022883,1.165323,0.078128,0.008511,1.251962,13.912684,15.568341,30.756638
1007,0,0.021985,1.317615,0.073667,0.008498,1.399780,14.050776,15.471273,30.944419
1008,0,0.018895,1.113423,0.070518,0.008302,1.192243,14.403224,14.899790,30.514649
1009,0,0.015679,1.073106,0.069973,0.009138,1.152217,14.578737,15.619962,31.367059
1010,0,0.018474,1.702345,0.087254,0.010546,1.800145,13.451949,15.569365,30.840279
1011,0,0.019381,1.240757,0.078597,0.008776,1.328130,13.109575,16.495993,30.953510
1012,0,0.039634,1.132219,0.070109,0.008723,1.211051,13.594817,15.459658,30.305671
1013,0,0.021434,1.199010,0.068422,0.008564,1.275996,13.627929,16.358209,31.284072
1014,0,0.017634,1.343699,0.067537,0.008920,1.420156,13.460473,15.443378,30.342015
1015,0,0.018012,1.169832,0.070979,0.008848,1.249659,14.213770,15.424228,30.906146
1016,0,0.019529,1.791782,0.084129,0.008792,1.884703,12.454607,16.656317,31.015570
1017,0,0.019424,1.301034,0.065026,0.008527,1.374587,13.399915,15.430933,30.225147
1018,0,0.017057,1.368842,0.068489,0.008074,1.445405,14.199480,15.564940,31.227266
1019,0,0.016966,1.059211,0.070542,0.008431,1.138184,13.328895,15.614170,30.098496
1020,0,0.018142,1.111576,0.070064,0.008565,1.190205,14.741926,15.676803,31.627355
1021,0,0.018881,1.091423,0.067952,0.008523,1.167898,13.330470,15.640991,30.158523
1022,0,0.018637,1.053023,0.070159,0.008694,1.131876,14.231797,15.595781,30.978533
1023,0,0.017129,1.247645,0.067719,0.008675,1.324039,12.826380,15.943337,30.111352
1024,0,0.017216,1.130318,0.068769,0.009235,1.208322,13.729340,15.543897,30.499161
1025,0,0.021823,1.237441,0.074046,0.009170,1.320657,13.509155,15.516588,30.368851
1026,0,0.022133,1.238735,0.075199,0.008248,1.322182,14.704368,15.446480,31.495717
1027,0,0.019529,1.153081,0.071442,0.008526,1.233049,13.693968,15.448452,30.395405
1028,0,0.017020,1.219303,0.068035,0.008017,1.295355,14.143981,15.482623,30.939350
1029,0,0.017970,1.213181,0.062782,0.008404,1.284367,13.373269,16.486353,31.162295
1030,0,0.019828,1.266335,0.067162,0.008256,1.341753,13.224449,15.503156,30.089572
1031,0,0.019718,1.360349,0.077036,0.008140,1.445525,13.669446,15.615158,30.750283
1032,0,0.018155,1.099509,0.075449,0.008508,1.183466,13.847025,15.701554,30.750613
1033,0,0.019632,1.086257,0.068033,0.008968,1.163258,15.742896,14.652957,31.579126
1034,0,0.019851,1.041558,0.067205,0.007994,1.116757,13.971308,15.698024,30.806440
1035,0,0.019759,1.419319,0.072397,0.009200,1.500916,13.624925,15.708260,30.854282
1036,0,0.020336,1.270748,0.062363,0.009324,1.342435,13.668957,16.528234,31.560493
1037,0,0.020922,1.158346,0.074332,0.009087,1.241765,13.613984,15.578381,30.455539
1038,0,0.021976,1.182453,0.068289,0.008390,1.259132,14.076779,15.462727,30.821091
1039,0,0.018632,1.140128,0.066157,0.009195,1.215480,13.534543,15.410991,30.179985
1040,0,0.016999,1.126448,0.083184,0.008486,1.218118,14.117969,15.580415,30.933970
1041,0,0.019421,1.129524,0.069672,0.008664,1.207860,14.209607,15.425600,30.862893
1042,0,0.019241,0.975939,0.071898,0.008160,1.055997,13.930329,15.702335,30.708264
1043,0,0.017956,1.413035,0.070145,0.008915,1.492095,13.457901,15.567355,30.535569
1044,0,0.019112,1.111927,0.062860,0.008673,1.183460,14.450326,15.716803,31.370222
1045,0,0.018999,1.561666,0.225011,0.008925,1.795602,12.679942,16.432180,30.927088
1046,0,0.019206,1.086765,0.067367,0.008582,1.162714,13.389553,15.654080,30.226063
1047,0,0.020965,1.282719,0.068223,0.010166,1.361108,13.687194,15.743134,30.812849
1048,0,0.027260,1.911787,1.916016,0.059643,3.887446,11.071645,15.584869,30.571602
1049,0,0.021473,1.178734,0.068084,0.008179,1.254997,14.601546,15.565129,31.443703
1050,0,0.023811,1.422406,0.063341,0.010992,1.496739,13.480937,15.501004,30.503145
1051,0,0.017765,1.701186,0.083908,0.008285,1.793379,12.721789,16.451233,30.984413
1052,0,0.018719,1.414681,0.073768,0.007150,1.495599,13.007819,16.505795,31.028299
1053,0,0.061996,1.132260,0.058473,0.008564,1.199297,13.067196,15.738549,30.067452
1054,0,0.019063,1.168720,0.079801,0.007236,1.255757,14.501203,14.619432,30.395914
1055,0,0.020300,1.632814,0.084826,0.007355,1.724995,12.493250,16.680983,30.919895
1056,0,0.019116,1.162022,0.067278,0.009398,1.238698,13.493638,15.660673,30.412531
1057,0,0.017980,1.140545,0.074889,0.008485,1.223919,13.912990,15.668385,30.823653
1058,0,0.019913,1.129994,0.067814,0.008304,1.206112,13.246988,16.592394,31.065866
1059,0,0.021277,1.125726,0.067886,0.008796,1.202408,13.535253,15.574098,30.333466
1060,0,0.019040,1.599435,0.072174,0.008025,1.679634,13.063848,16.376394,31.139208
1061,0,0.021144,1.269622,0.069521,0.008953,1.348096,12.661171,16.677661,30.708643
1062,0,0.018595,1.175368,0.085505,0.008404,1.269277,12.941830,16.474861,30.705011
1063,0,0.019132,1.308960,0.066385,0.008927,1.384272,13.553032,15.565533,30.522404
1064,0,0.019224,1.128316,0.064975,0.008907,1.202198,13.464526,0.599144,15.285515
1065,0,0.008272,1.173254,0.071705,0.008547,1.253506,15.256155,15.647661,32.166224
1066,0,0.020073,1.158020,0.091168,0.009163,1.258351,13.490066,15.810371,30.579384
1067,0,0.021170,1.630031,0.068479,0.007753,1.706263,12.699250,16.495216,30.922278
1068,0,0.020208,1.160335,0.073404,0.009036,1.242775,14.020845,15.478561,30.762748
1069,0,0.018817,1.070116,0.074214,0.008838,1.153168,13.376868,16.440776,30.990066
1070,0,0.020620,1.117124,0.063742,0.009814,1.190680,13.802975,15.724615,30.739389
1071,0,0.019200,1.174714,0.067549,0.009800,1.252063,13.482441,15.653189,30.407324
1072,0,0.019720,1.061215,0.078039,0.008155,1.147409,13.305243,16.419517,30.892249
1073,0,0.019958,1.033884,0.083950,0.008603,1.126437,14.200909,15.575485,30.923319
1074,0,0.018489,1.218992,0.065333,0.008294,1.292619,13.504934,15.645355,30.461774
1075,0,0.021023,1.209184,0.068083,0.008458,1.285725,13.902606,15.563147,30.773056
1076,0,0.022313,1.113143,0.064207,0.008197,1.185547,13.971112,15.942643,31.122076
1077,0,0.020353,1.390123,0.099113,0.009606,1.498842,12.536078,16.476065,30.531713
1078,0,0.018849,1.253122,0.092399,0.008445,1.353966,13.750009,15.539835,30.663054
1079,0,0.021285,1.263932,0.063522,0.007928,1.335382,13.077675,16.644788,31.079518
1080,0,0.019800,1.257012,0.076872,0.008499,1.342383,13.778372,15.564402,30.705268
1081,0,0.019645,1.196493,0.060566,0.008652,1.265711,13.402294,15.623769,30.311822
1082,0,0.017656,1.188063,0.063529,0.008193,1.259785,13.747059,15.756261,30.781278
1083,0,0.020386,1.094742,0.063897,0.008150,1.166789,13.960264,15.563624,30.711493
1084,0,0.028681,1.355659,0.062642,0.008073,1.426374,14.330736,14.798463,30.584721
1085,0,0.023820,1.670716,0.086492,0.008033,1.765241,13.455627,15.528530,30.773686
1086,0,0.022750,1.214126,0.074802,0.010713,1.299641,13.610466,15.513250,30.446484
1087,0,0.019396,1.415448,0.183007,0.010562,1.609017,13.458309,15.495626,30.582775
1088,0,0.018744,1.272676,0.088296,0.007962,1.368934,13.887649,15.535020,30.810764
1089,0,0.018766,1.305773,0.066547,0.008586,1.380906,14.334361,14.606033,30.340538
1090,0,0.016646,1.197824,0.070583,0.007635,1.276042,14.075724,15.838462,31.207318
1091,0,0.018072,1.218987,0.066144,0.008632,1.293763,14.009361,15.643684,30.965155
1092,0,0.019716,1.102516,0.064682,0.009025,1.176223,14.011592,15.684057,30.892060
1093,0,0.018104,1.231879,0.069844,0.008482,1.310205,13.437729,15.566142,30.332564
1094,0,0.020180,1.200138,0.068131,0.008250,1.276519,14.018145,15.604790,30.920120
1095,0,0.019177,1.091514,0.073183,0.009121,1.173818,14.189128,15.683449,31.065941
1096,0,0.028066,1.049362,0.082782,0.008943,1.141087,14.982247,15.738100,31.889932
1097,0,0.020248,1.115635,0.068848,0.006882,1.191365,13.284395,15.632279,30.128696
1098,0,0.021221,1.096412,0.068123,0.009114,1.173649,14.005533,15.785153,30.986170
1099,0,0.417194,1.271349,0.070085,0.008621,1.350055,13.531524,15.509286,30.808501
1100,0,0.046756,1.188615,0.070803,0.008786,1.268204,13.588775,15.547204,30.451409
1101,0,0.047933,1.303314,0.167098,0.008268,1.478680,13.932393,15.483264,30.942756
1102,0,0.018637,1.131726,0.070862,0.009235,1.211823,13.974086,15.500896,30.705865
1103,0,0.039911,1.202667,0.059723,0.008026,1.270416,13.843715,15.507744,30.662162
1104,0,0.070345,1.305665,0.086853,0.009168,1.401686,13.449011,15.801278,30.722747
1105,0,0.049376,1.200514,0.072134,0.008343,1.280991,14.040253,15.575851,30.946889
1106,0,0.016976,1.173420,0.072826,0.008797,1.255043,13.947484,15.538023,30.758110
1107,0,0.020405,1.259258,0.071354,0.008507,1.339119,13.666806,15.619988,30.646618
1108,0,0.018299,1.232555,0.071310,0.008508,1.312373,14.067821,15.632190,31.031008
1109,0,0.027791,1.490369,0.069995,0.007299,1.567663,13.082936,16.528434,31.207174
1110,0,0.021562,1.452184,0.061040,0.008515,1.521739,13.488710,15.729785,30.762108
1111,0,0.019566,1.076138,0.063493,0.009189,1.148820,13.354925,15.732277,30.256040
1112,0,0.029321,1.204924,0.066893,0.008617,1.280434,13.613211,15.564407,30.487814
1113,0,0.019262,1.830796,0.088934,0.008071,1.927801,13.708480,15.648061,31.303899
1114,0,0.020147,1.672513,0.098392,0.006801,1.777706,12.610208,16.511323,30.919730
1115,0,0.021939,0.960302,0.074954,0.008143,1.043399,13.769379,15.637575,30.472670
1116,0,0.022385,1.188333,0.084564,0.008842,1.281739,13.433429,15.647013,30.384904
1117,0,0.020076,1.049990,0.066845,0.008684,1.125519,14.465144,14.573590,30.184996
1118,0,0.020520,1.378116,0.066689,0.008718,1.453523,13.753081,15.425926,30.653503
1119,0,0.021469,1.120170,0.064404,0.009097,1.193671,13.853167,15.415399,30.484185
1120,0,0.022763,1.311985,0.076352,0.025384,1.413721,13.545243,16.618938,31.601121
1121,0,0.021054,1.102085,0.061181,0.009149,1.172415,13.249397,15.476731,29.920131
1122,0,0.024887,1.900964,0.091160,0.008426,2.000550,13.081876,15.629390,30.737128
1123,0,0.021704,1.236209,0.070486,0.008131,1.314826,14.464988,15.475216,31.277145
1124,0,0.023423,1.307710,0.069796,0.008475,1.385981,13.769052,15.573443,30.752518
1125,0,0.022609,1.139286,0.067134,0.008708,1.215128,13.448772,16.476406,31.163188
1126,0,0.017050,1.187805,0.060409,0.008118,1.256332,13.644570,15.419169,30.337628
1127,0,0.022218,1.072552,0.061926,0.008556,1.143034,14.076885,16.551733,31.794454
1128,0,0.022951,1.339603,0.071443,0.008732,1.419778,13.135621,16.446589,31.025271
1129,0,0.019483,1.232740,0.066135,0.008451,1.307326,13.729029,15.436813,30.492978
1130,0,0.017499,1.174750,0.071322,0.008761,1.254833,13.592121,15.491098,30.356100
1131,0,0.017496,1.160202,0.068262,0.008584,1.237048,14.073470,15.358186,30.686500
1132,0,0.017743,1.265153,0.066550,0.008593,1.340296,14.363516,15.518095,31.240055
1133,0,0.017463,1.144517,0.092697,0.008633,1.245847,14.103908,15.564174,30.931832
1134,0,0.018679,0.994753,0.081629,0.008321,1.084703,13.851888,15.605495,30.561214
1135,0,0.018737,1.063955,0.067027,0.008039,1.139021,14.109560,15.720632,30.988375
1136,0,0.019750,1.072163,0.061071,0.008090,1.141324,13.352319,16.631913,31.145802
1137,0,0.020249,1.086677,0.070635,0.008866,1.166178,13.191420,15.607220,29.985439
1138,0,0.023439,1.068427,0.057739,0.008461,1.134627,14.264090,15.701464,31.124246
1139,0,0.021315,1.290731,0.094182,0.008682,1.393595,13.278419,16.461928,31.155746
1140,0,0.022929,1.121588,0.067348,0.008692,1.197628,13.702021,15.488301,30.411392
1141,0,0.017494,1.158299,0.062683,0.008442,1.229424,13.184289,16.587093,31.019005
1142,0,0.019760,1.162449,0.066354,0.007945,1.236748,13.303860,15.566696,30.127468
1143,0,0.019827,1.187699,0.073074,0.016370,1.277143,14.313060,15.556702,31.167260
1144,0,0.020132,1.224971,0.058584,0.007963,1.291518,13.969773,15.484295,30.766290
1145,0,0.019914,1.218255,0.065511,0.008215,1.291981,13.888903,15.593443,30.794587
1146,0,0.019471,1.215185,0.067373,0.008277,1.290835,13.539793,15.645464,30.495977
1147,0,0.029717,1.133353,0.059101,0.008398,1.200852,14.249907,15.654195,31.135144
1148,0,0.021207,1.076965,0.079376,0.008656,1.164997,13.585081,15.672766,30.444650
1149,0,0.018380,1.164772,0.084131,0.008846,1.257749,12.474497,16.420221,30.171281
1150,0,0.020316,1.128892,0.065554,0.008396,1.202842,13.231060,16.552623,31.007561
1151,0,0.019523,1.357393,0.070481,0.010822,1.438696,12.719276,16.351804,30.529907
1152,0,0.018512,1.133048,0.070017,0.008831,1.211896,13.506909,15.445801,30.183430
1153,0,0.035488,1.169037,0.122978,0.008464,1.300479,13.633706,16.535105,31.505403
1154,0,0.021721,1.357565,0.065280,0.008515,1.431360,12.877536,16.497708,30.828710
1155,0,0.019708,1.139633,0.068904,0.009071,1.217608,13.845785,15.493793,30.577271
1156,0,0.018294,1.252193,0.074653,0.008183,1.335029,13.291520,15.687473,30.332716
1157,0,0.016713,1.263492,0.066340,0.008228,1.338060,14.385648,15.441986,31.182831
1158,0,0.017208,1.191034,0.087567,0.009126,1.287727,13.670837,15.518068,30.494227
1159,0,0.018934,1.311381,0.065735,0.008751,1.385867,14.151517,16.630545,32.187260
1160,0,0.022228,1.153089,0.073246,0.008942,1.235277,13.202932,15.673224,30.133990
1161,0,0.017841,1.267243,0.063098,0.009137,1.339478,13.800727,15.705472,30.863912
1162,0,0.020031,1.091488,0.066439,0.007773,1.165700,13.817634,15.593179,30.597032
1163,0,0.017114,1.245848,0.071355,0.010386,1.327589,13.821098,15.708003,30.874259
1164,0,0.017955,1.187168,0.068751,0.008773,1.264692,14.431531,15.572890,31.287590
1165,0,0.020455,1.282937,0.077950,0.010162,1.371049,13.104356,16.514751,31.011137
1166,0,0.020685,1.107378,0.068333,0.008097,1.183808,13.243008,15.496272,29.944123
1167,0,0.018872,1.097787,0.069872,0.009148,1.176807,14.490787,15.536146,31.222978
1168,0,0.020020,1.068400,0.060806,0.008207,1.137413,14.201932,15.694133,31.053915
1169,0,0.017986,1.038584,0.062382,0.009031,1.109997,13.127977,16.401482,30.657923
1170,0,0.018148,1.082114,0.062259,0.008265,1.152638,13.990405,15.677537,30.839140
1171,0,0.019293,1.128739,0.066592,0.009599,1.204930,13.531688,15.725377,30.481643
1172,0,0.018962,1.336241,0.066813,0.010054,1.413108,13.731981,15.576160,30.740862
1173,0,0.020076,1.304844,0.084645,0.009370,1.398859,13.717699,15.420211,30.557244
1174,0,0.301755,1.398481,0.092837,0.009108,1.500426,13.757910,15.497810,31.058408
1175,0,0.267586,1.229857,0.070117,0.008435,1.308409,13.979634,15.562874,31.119163
1176,0,0.021047,1.293167,0.176483,0.008139,1.477789,12.738418,15.913741,30.151332
1177,0,0.017346,1.150594,0.069775,0.008512,1.228881,13.706097,16.009096,30.961874
1178,0,0.021369,1.029676,0.061514,0.008012,1.099202,13.762550,16.089788,30.973479
1179,0,0.026340,1.686310,0.078464,0.008052,1.772826,13.216886,15.763468,30.779965
1180,0,0.019119,1.477672,0.074402,0.007616,1.559690,12.695493,15.655311,29.929986
1181,0,0.019522,1.500792,0.091734,0.007401,1.599927,12.666269,16.386812,30.672955
1182,0,0.021480,1.247296,0.067013,0.008291,1.322600,13.751507,15.587191,30.683261
1183,0,0.020596,1.188333,0.058353,0.009574,1.256260,14.200519,15.674379,31.152136
1184,0,0.018609,1.042731,0.089901,0.007344,1.139976,13.698551,15.579146,30.436743
1185,0,0.019472,1.186831,0.061464,0.008338,1.256633,14.007996,15.520253,30.804662
1186,0,0.019346,1.109552,0.068255,0.008154,1.185961,14.052778,15.208251,30.466822
1187,0,0.018169,1.507455,0.080137,0.007425,1.595017,13.658398,15.553417,30.825445
1188,0,0.019724,1.247003,1.390126,0.008317,2.645446,11.955925,16.484429,31.105967
1189,0,0.020672,1.274661,0.066383,0.008432,1.349476,13.386532,15.531670,30.288715
1190,0,0.021295,1.208064,0.075848,0.009042,1.292954,10.624396,4.789244,16.728268
1191,0,0.012258,1.344017,0.065255,0.008527,1.417799,13.189256,16.526781,31.146434
1192,0,0.017785,1.009002,0.070543,0.008777,1.088322,13.382144,15.526740,30.015412
1193,0,0.020844,1.249576,0.073887,0.007740,1.331203,14.522458,15.026282,30.901089
1194,0,0.024345,1.247187,0.068637,0.008296,1.324120,13.548474,16.259032,31.156410
1195,0,0.046640,1.515875,0.075599,0.007760,1.599234,12.831770,16.624247,31.102342
1196,0,0.020640,1.674151,0.100779,0.009120,1.784050,12.478714,15.590397,29.874135
1197,0,0.024711,1.482393,0.068605,0.008866,1.559864,14.219331,15.639011,31.443294
1198,0,0.020335,0.941951,0.059653,0.008214,1.009818,13.240545,16.420543,30.691780
1199,0,0.023371,1.682857,0.092201,0.008641,1.783699,13.453044,15.576164,30.836645
1200,0,0.018386,1.075865,0.063130,0.008415,1.147410,13.327014,15.548427,30.041842
1201,0,0.019192,1.181179,0.067166,0.008309,1.256654,14.426193,15.450047,31.152357
1202,0,0.021137,1.570822,0.072881,0.009245,1.652948,13.709275,15.573767,30.957612
1203,0,0.021599,1.312482,0.093379,0.008773,1.414634,13.503448,15.679202,30.619403
1204,0,0.024028,1.716107,0.084361,0.008321,1.808789,13.067031,15.569158,30.469354
1205,0,0.019403,1.163500,0.087944,0.007745,1.259189,13.726409,15.682996,30.688266
1206,0,0.020509,1.159218,0.060452,0.008422,1.228092,14.606082,15.311888,31.167009
1207,0,0.020868,1.192675,0.064502,0.008663,1.265840,13.890736,15.568345,30.746189
1208,0,0.021365,1.277085,0.065000,0.008986,1.351071,13.296284,16.619025,31.288168
1209,0,0.020862,1.321173,0.064429,0.008596,1.394198,13.297152,15.592127,30.304690
1210,0,0.020038,1.138757,0.063143,0.008437,1.210337,13.711102,15.715608,30.657487
1211,0,0.022607,1.211507,0.086000,0.009033,1.306540,13.747395,15.716563,30.793493
1212,0,0.022552,1.183983,0.112212,0.009125,1.305320,12.639585,16.501644,30.469504
1213,0,0.024783,1.825984,0.084242,0.009350,1.919576,12.246897,16.409266,30.600905
1214,0,0.020970,1.397625,0.906213,0.020505,2.324343,12.032974,16.449777,30.828461
1215,0,0.022772,1.228574,0.087431,0.008887,1.324892,13.420090,15.724914,30.493149
1216,0,0.020588,1.248606,0.128364,0.008138,1.385108,12.942448,16.506850,30.855452
1217,0,0.021931,1.191060,0.066668,0.008223,1.265951,13.488594,15.570324,30.347376
1218,0,0.022373,1.128450,0.065236,0.008468,1.202154,13.999994,15.975247,31.200267
1219,0,0.024592,1.271909,0.103817,0.007633,1.383359,12.963376,15.813374,30.185129
1220,0,0.022590,1.398209,0.068266,0.008619,1.475094,13.914702,15.594550,31.007294
1221,0,0.019162,1.107395,0.060594,0.008752,1.176741,13.655442,15.643016,30.494728
1222,0,0.020349,1.136849,0.069007,0.009778,1.215634,6.379936,8.642941,16.259242
1223,0,0.020493,1.140802,0.078899,0.008075,1.227776,14.450027,15.574907,31.273627
1224,0,0.022829,1.196039,0.066032,0.008294,1.270365,13.225458,16.622268,31.141293
1225,0,0.017253,1.212542,0.063885,0.009433,1.285860,13.318675,15.556839,30.178927
1226,0,0.018350,1.188025,0.071479,0.008480,1.267984,13.685986,15.840391,30.813137
1227,0,0.024968,1.161451,0.125999,0.006858,1.294308,13.807389,15.552719,30.679840
1228,0,0.019730,1.219149,0.313591,0.008114,1.540854,13.499555,15.522574,30.583069
1229,0,0.019162,1.171372,0.079468,0.007612,1.258452,14.217226,15.569356,31.064615
1230,0,0.020111,1.451322,0.120423,0.007742,1.579487,13.850487,15.594223,31.044767
1231,0,0.020180,1.735797,0.097192,0.009177,1.842166,13.103480,15.553546,30.519934
1232,0,0.021755,1.055588,0.060825,0.008221,1.124634,14.504530,15.639322,31.290673
1233,0,0.019428,1.046760,0.083712,0.008575,1.139047,13.400652,15.698749,30.258374
1234,0,0.019709,1.217310,0.066153,0.008604,1.292067,13.558101,16.614351,31.484606
1235,0,0.022725,1.104595,0.068683,0.009237,1.182515,14.027681,15.423974,30.657364
1236,0,0.018581,1.145157,0.079058,0.007279,1.231494,13.808171,15.428040,30.486844
1237,0,0.020978,1.242776,0.072654,0.008849,1.324279,13.421725,15.719083,30.486525
1238,0,0.020587,1.377399,0.067475,0.008354,1.453228,13.698067,16.424603,31.596883
1239,0,0.019748,1.383800,0.083535,0.008305,1.475640,12.948997,15.404413,29.849169
1240,0,0.023603,1.225377,0.103272,0.009033,1.337682,14.133455,15.510009,31.005089
1241,0,0.023306,1.299878,0.067902,0.010728,1.378508,14.214922,15.548891,31.166215
1242,0,0.021786,1.383019,0.069660,0.009360,1.462039,13.192521,15.516698,30.193607
1243,0,0.018396,1.282783,0.080626,0.007934,1.371343,12.853038,16.471600,30.714750
1244,0,0.020016,1.304524,0.075065,0.009450,1.389039,13.329173,15.610201,30.349047
1245,0,0.021141,1.206867,0.064388,0.008388,1.279643,14.284562,15.628875,31.214697
1246,0,0.019367,1.092441,0.085497,0.007895,1.185833,13.801975,15.530711,30.538278
1247,0,0.019948,1.147786,0.062384,0.008121,1.218291,13.802558,15.448976,30.490312
1248,0,0.035246,1.228260,0.067008,0.008377,1.303645,14.225577,15.535056,31.100057
1249,0,0.016432,1.212013,0.061836,0.008837,1.282686,13.943818,15.640649,30.884109
1250,0,0.016620,1.027596,0.092843,0.008351,1.128790,13.746704,15.808160,30.700795
1251,0,0.016891,1.077177,0.074343,0.009649,1.161169,14.140405,15.130435,30.449328
1252,0,0.020680,1.243922,0.065983,0.008130,1.318035,13.693332,15.678815,30.711731
1253,0,0.020387,1.129230,0.070663,0.008809,1.208702,15.359790,15.542710,32.132059
1254,0,0.018668,1.139979,0.054642,0.007799,1.202420,13.600261,15.491721,30.313413
1255,0,0.019219,1.009779,0.064791,0.008489,1.083059,14.481146,15.462326,31.046277
1256,0,0.017814,1.298588,0.065509,0.009199,1.373296,14.078236,15.555568,31.025380
1257,0,0.020507,1.213100,0.066255,0.009393,1.288748,14.204566,15.555922,31.070230
1258,0,0.020924,1.214767,0.068450,0.008052,1.291269,13.666285,15.561279,30.540186
1259,0,0.020236,1.308590,0.068336,0.008301,1.385227,13.366891,15.538795,30.311571
1260,0,0.016599,1.234315,0.066510,0.008275,1.309100,13.950811,15.549027,30.826107
1261,0,0.021515,1.057877,0.069115,0.008907,1.135899,14.651505,15.576230,31.385582
1262,0,0.017905,1.220374,0.070751,0.008603,1.299728,13.718793,15.890582,30.927541
1263,0,0.018128,1.110169,0.067030,0.008968,1.186167,13.841861,15.664632,30.711262
1264,0,0.019469,1.706276,0.082503,0.008009,1.796788,13.307971,15.525037,30.649740
1265,0,0.021132,1.215099,0.262249,0.011983,1.489331,13.429444,15.530385,30.470684
1266,0,0.023770,1.214553,0.069443,0.009064,1.293060,14.457659,15.577453,31.352326
1267,0,0.026646,1.290701,0.079532,0.008183,1.378416,13.505584,15.583879,30.494922
1268,0,0.020228,1.197524,0.059851,0.008000,1.265375,13.892115,15.519500,30.697477
1269,0,0.020721,1.192092,0.063982,0.008708,1.264782,13.866122,15.526015,30.678072
1270,0,0.020470,1.180690,0.062259,0.008237,1.251186,13.693385,16.392984,31.358383
1271,0,0.020449,1.276458,0.085041,0.009418,1.370917,13.100007,15.621831,30.113626
1272,0,0.019116,1.187370,0.068796,0.008737,1.264903,13.702028,16.494821,31.481267
1273,0,0.019911,1.246556,0.081118,0.009281,1.336955,13.037980,16.587105,30.982306
1274,0,0.020839,2.153890,0.114709,0.010856,2.279455,12.099363,15.422019,29.822074
1275,0,0.029592,1.294404,0.062561,0.008606,1.365571,13.068813,15.637158,30.101685
1276,0,0.018789,1.063056,0.091817,0.009055,1.163928,14.294992,15.036229,30.514474
1277,0,0.023473,1.302741,0.065792,0.008181,1.376714,14.071098,15.588875,31.060618
1278,0,0.025825,1.204863,0.087848,0.008987,1.301698,14.119867,15.611233,31.059074
1279,0,0.025931,1.210254,0.065425,0.008490,1.284169,13.299440,15.646957,30.256873
1280,0,0.020826,1.083719,0.092725,0.008384,1.184828,13.968590,15.685153,30.859731
1281,0,0.020043,1.057150,0.076793,0.008248,1.142191,13.799177,15.733713,30.695426
1282,0,0.018417,1.196712,0.063161,0.009841,1.269714,14.381509,15.467261,31.137242
1283,0,0.017789,1.200660,0.065905,0.008411,1.274976,13.997611,15.459248,30.750017
1284,0,0.023221,1.238057,0.087097,0.008093,1.333247,13.467739,16.598851,31.423732
1285,0,0.020620,1.202603,0.078898,0.008161,1.289662,14.588082,15.600645,31.499566
1286,0,0.023026,1.277639,0.068722,0.009073,1.355434,13.349848,15.462673,30.191484
1287,0,0.018651,1.134437,0.070471,0.008772,1.213680,13.852104,15.669796,30.754793
1288,0,0.019735,1.361544,0.065562,0.007802,1.434908,14.196592,15.521338,31.172994
1289,0,0.017058,1.299628,0.070887,0.007925,1.378440,13.687359,15.691884,30.775104
1290,0,0.018395,1.432708,0.096967,0.009050,1.538725,12.968225,16.657769,31.183528
1291,0,0.039148,1.851280,0.096600,0.008755,1.956635,12.967729,15.044655,30.008672
1292,0,0.018049,1.530263,0.109662,0.008118,1.648043,14.099197,15.609614,31.375302
1293,0,0.022987,1.186443,0.067662,0.008242,1.262347,13.445857,15.577101,30.308693
1294,0,0.028956,1.102108,0.067767,0.008234,1.178109,14.045398,16.088216,31.341063
1295,0,0.021528,1.176763,0.068059,0.008117,1.252939,13.533915,15.822705,30.631411
1296,0,0.028923,1.593450,0.068088,0.007603,1.669141,13.194319,15.576616,30.469368
1297,0,0.021099,1.047472,0.110596,0.008876,1.166944,14.515228,15.630247,31.334083
1298,0,0.021481,1.190365,0.060152,0.008339,1.258856,13.648500,15.624425,30.553694
1299,0,0.020587,1.187568,0.066674,0.008535,1.262777,13.359961,16.115604,30.759431
1300,0,0.019429,1.070594,0.070441,0.009079,1.150114,13.812627,15.769378,30.751923
1301,0,0.021352,1.032520,0.063590,0.008273,1.104383,13.802630,15.970361,30.899241
1302,0,0.023854,1.093929,0.070267,0.007828,1.172024,14.162807,15.694649,31.053876
1303,0,0.019312,1.219859,0.069239,0.009243,1.298341,13.152469,15.710741,30.181370
1304,0,0.028805,1.488095,0.078520,0.008557,1.575172,13.606200,15.655717,30.866254
1305,0,0.028179,1.329100,0.072773,0.008830,1.410703,13.723205,15.588831,30.751359
1306,0,0.018980,1.153450,0.070756,0.008371,1.232577,13.298369,15.535745,30.086110
1307,0,0.020505,1.516551,0.069780,0.007861,1.594192,12.679331,16.745854,31.040309
1308,0,0.022930,1.352091,0.067479,0.008299,1.427869,13.595836,15.596682,30.643657
1309,0,0.020193,1.196150,0.067144,0.008683,1.271977,13.719546,15.668740,30.680987
1310,0,0.022403,1.171507,0.066625,0.008501,1.246633,13.509970,16.515569,31.295243
1311,0,0.024833,1.788074,0.092242,0.007917,1.888233,12.454431,15.699885,30.067918
1312,0,0.019625,2.095956,0.070607,0.007861,2.174424,13.024326,15.743158,30.961971
1313,0,0.023271,1.635069,0.096916,0.008526,1.740511,12.888086,16.549474,31.201763
1314,0,0.026242,1.547804,0.206355,0.007640,1.761799,13.031699,15.444565,30.264752
1315,0,0.028416,1.996471,0.092308,0.011466,2.100245,12.754502,15.523159,30.406926
1316,0,0.021004,1.281939,0.064335,0.009180,1.355454,10.343507,4.717766,16.438282
1317,0,0.022926,1.399473,0.072946,0.008129,1.480548,13.531555,15.724290,30.759723
1318,0,0.025687,1.643130,0.080106,0.009697,1.732933,13.766615,15.642834,31.168518
1319,0,0.021527,1.190806,0.070744,0.008532,1.270082,13.245883,15.701572,30.239514
1320,0,0.031762,1.860522,0.103883,0.008073,1.972478,12.826866,16.709134,31.540667
1321,0,0.022501,1.269379,0.069155,0.008138,1.346672,12.801287,15.981594,30.152834
1322,0,0.019695,1.091947,0.065164,0.008803,1.165914,14.297948,15.730339,31.214265
1323,0,0.019631,1.167175,0.064275,0.008258,1.239708,13.269007,15.896331,30.425106
1324,0,0.022160,1.434217,0.068078,0.008816,1.511111,13.353341,16.027839,30.914807
1325,0,0.022369,1.415801,0.083067,0.008914,1.507782,13.475432,15.874547,30.880636
1326,0,0.019714,1.036839,0.058539,0.008405,1.103783,13.727952,15.671555,30.523508
1327,0,0.021058,1.167350,0.060219,0.008635,1.236204,14.332899,15.657327,31.247943
1328,0,0.024400,1.571993,0.064097,0.008680,1.644770,12.654548,16.435525,30.759749
1329,0,0.023694,1.537609,0.070450,0.008855,1.616914,13.226250,15.651607,30.518879
1330,0,0.024939,1.853628,0.085552,0.012115,1.951295,12.376620,16.414632,30.768013
1331,0,0.026083,1.639703,0.073925,0.006961,1.720589,12.953893,15.877574,30.578516
1332,0,0.019580,1.291254,0.065300,0.008184,1.364738,13.903112,15.672816,30.960711
1333,0,0.026821,1.955456,0.233033,0.009209,2.197698,13.053935,15.853380,31.132387
1334,0,0.020960,1.275076,0.068701,0.007949,1.351726,12.836993,16.687754,30.897893
1335,0,0.042890,1.939908,0.141926,0.009637,2.091471,12.108433,15.926845,30.170071
1336,0,0.027657,1.861411,0.107660,0.010524,1.979595,12.645583,16.681040,31.334321
1337,0,0.021322,1.235425,0.076470,0.009057,1.320952,13.078909,15.717300,30.138884
1338,0,0.020377,1.062165,0.067937,0.009091,1.139193,13.452413,15.131080,29.743423
1339,0,0.021059,1.271411,0.069597,0.008960,1.349968,14.180389,15.706161,31.257933
1340,0,0.021312,1.336815,0.093867,0.008830,1.439512,13.212967,16.447195,31.121825
1341,0,0.021271,1.181341,0.062129,0.008692,1.252162,13.383933,15.562327,30.220122
1342,0,0.019186,1.371048,0.061286,0.009523,1.441857,12.938738,16.077064,30.477240
1343,0,0.024895,1.605205,0.162652,0.007678,1.775535,13.523930,15.859308,31.184078
1344,0,0.024795,1.773481,0.100668,0.009668,1.883817,13.094793,15.446720,30.450625
1345,0,0.020883,1.131404,0.079785,0.008079,1.219268,13.538280,15.832793,30.611702
1346,0,0.025077,2.558602,0.262683,0.008758,2.830043,12.886632,15.631918,31.374316
1347,0,0.026145,1.625565,0.071065,0.008556,1.705186,12.890565,15.716138,30.338430
1348,0,0.186751,1.518050,0.076424,0.008149,1.602623,10.356525,3.801400,15.947689
1349,0,0.048920,1.545445,0.060607,0.008124,1.614176,13.958387,15.712046,31.333964
1350,0,0.026913,1.957771,0.072652,0.008359,2.038782,12.309228,16.251839,30.627124
1351,0,0.021038,1.294067,0.070976,0.008382,1.373425,14.207958,15.615576,31.218453
1352,0,0.024064,1.208576,0.060742,0.008012,1.277330,13.826020,15.676826,30.804711
1353,0,0.030276,1.897883,0.098914,0.011077,2.007874,12.484215,15.682173,30.204960
1354,0,0.039660,1.416147,0.070920,0.008769,1.495836,13.977130,16.005026,31.518172
1355,0,0.023748,1.829388,0.087148,0.008269,1.924805,12.731429,15.696099,30.376610
1356,0,0.022669,1.412301,0.154732,0.009984,1.577017,13.257071,15.568677,30.425817
1357,0,0.019671,1.082049,0.072623,0.006966,1.161638,14.007463,15.707384,30.896532
1358,0,0.022557,1.256219,0.084986,0.010257,1.351462,13.915540,15.938777,31.228727
1359,0,0.022253,1.280066,0.152378,0.008883,1.441327,13.574294,15.786407,30.825023
1360,0,0.027783,2.329008,0.076462,0.009726,2.415196,11.598410,16.765835,30.807544
1361,0,0.032004,1.152844,0.066816,0.008695,1.228355,12.797107,16.819814,30.877711
1362,0,0.026405,1.243390,0.067181,0.008393,1.318964,13.131960,15.661410,30.139291
1363,0,0.022000,1.413472,0.092958,0.008230,1.514660,12.983373,16.908652,31.429430
1364,0,0.022093,1.332041,0.076632,0.008909,1.417582,13.021302,16.200158,30.661607
1365,0,0.029621,1.892732,0.105707,0.008170,2.006609,12.481961,16.317235,30.835844
1366,0,0.024720,1.510352,0.074948,0.007877,1.593177,12.941914,15.863685,30.424070
1367,0,0.047832,1.754514,0.111675,0.008286,1.874475,12.986198,16.131006,31.039966
1368,0,0.046470,1.595330,0.099129,0.008197,1.702656,12.604722,15.515686,29.869926
1369,0,0.024736,1.406835,0.101043,0.008665,1.516543,12.689171,15.682763,29.913653
1370,0,0.019904,1.252144,0.088016,0.008544,1.348704,13.898168,15.759568,31.026749
1371,0,0.019854,3.790746,0.114307,0.007821,3.912874,10.844673,16.557726,31.335631
1372,0,0.020517,1.580597,0.073639,0.009118,1.663354,12.564795,16.489543,30.738451
1373,0,0.023482,1.310215,0.071005,0.008839,1.390059,12.939741,15.723912,30.077673
1374,0,0.019567,1.273961,0.069882,0.009155,1.352998,13.864401,15.701647,30.939210
1375,0,0.081654,1.467874,0.077537,0.008721,1.554132,13.121284,15.956333,30.713838
1376,0,0.020179,1.429144,0.070059,0.009250,1.508453,13.446896,15.877865,30.853926
1377,0,0.022468,1.425331,0.076317,0.008266,1.509914,13.720401,15.733105,30.986311
1378,0,0.028314,1.533841,0.075726,0.009078,1.618645,13.621257,15.663523,30.932127
1379,0,0.026407,1.437346,0.072638,0.080644,1.590628,14.340916,15.783857,31.742187
1380,0,0.023529,1.711649,0.093643,0.008420,1.813712,13.169768,15.750608,30.757970
1381,0,0.022114,1.259174,0.068316,0.008223,1.335713,13.184524,15.736013,30.278713
1382,0,0.020550,15.350896,7.044708,0.071549,22.467153,9.738746,13.738000,45.964712
1383,0,0.020171,1.254584,0.068709,0.008181,1.331474,14.453184,15.644837,31.450109
1384,0,0.024566,1.272285,0.076611,0.007592,1.356488,13.554696,15.729446,30.665728
1385,0,0.023547,1.358857,0.068119,0.009249,1.436225,13.658566,15.685831,30.804701
1386,0,0.027794,1.744618,0.103716,0.007827,1.856161,13.239378,16.018758,31.142612
1387,0,0.033211,1.950638,0.134779,0.011407,2.096824,12.323382,15.580076,30.033893
1388,0,0.019770,0.961300,0.059798,0.008401,1.029499,14.001083,15.624835,30.675703
1389,0,0.021821,1.384938,0.068318,0.007915,1.461171,14.203893,15.773124,31.460488
1390,0,0.051808,1.308205,0.088675,0.008576,1.405456,13.261600,15.809983,30.529315
1391,0,0.021354,1.336170,0.099094,0.009767,1.445031,13.459901,16.326388,31.253049
1392,0,0.020972,1.209646,0.085897,0.008451,1.303994,13.461299,15.707799,30.494466
1393,0,0.029717,7.912152,7.060627,0.023407,14.996186,12.940909,2.020930,29.988180
1394,0,0.024867,2.163282,0.626666,0.017897,2.807845,13.357173,14.800843,30.991276
1395,0,0.025619,1.407491,0.082642,0.008239,1.498372,13.710878,15.769543,31.004833
1396,0,0.025521,1.329072,0.080281,0.008141,1.417494,13.627369,15.706138,30.777021
1397,0,0.026158,1.735133,0.121426,0.008499,1.865058,13.008756,16.193007,31.093420
1398,0,0.021611,1.294070,0.069496,0.008132,1.371698,13.479722,16.229428,31.102846
1399,0,0.023202,1.196395,0.062208,0.008165,1.266768,12.701337,15.976332,29.968134
1400,0,0.028234,1.234666,0.090327,0.008421,1.333414,12.498702,16.083252,29.944529
1401,0,0.024381,1.596552,0.102526,0.008342,1.707420,13.900636,15.488601,31.121519
1402,0,0.025405,1.295259,0.069020,0.007960,1.372239,13.708707,16.016678,31.123454
1403,0,0.021569,1.314254,0.086261,0.009006,1.409521,13.346936,15.876763,30.655174
1404,0,0.023039,1.445266,0.076467,0.008140,1.529873,13.412473,15.084471,30.050381
1405,0,0.020112,1.349849,0.069003,0.009145,1.427997,13.404638,16.720620,31.573731
1406,0,0.019902,1.113304,0.067774,0.008000,1.189078,12.845210,16.474816,30.529281
1407,0,0.020052,1.211557,0.068758,0.008358,1.288673,13.392384,15.621382,30.323010
1408,0,0.023578,1.619137,0.089021,0.007906,1.716064,13.592348,15.730372,31.062788
1409,0,0.020372,1.234677,0.086055,0.008764,1.329496,13.971066,15.666623,30.987947
1410,0,0.028556,1.373603,0.105725,0.008034,1.487362,14.333811,15.918042,31.768168
1411,0,0.020307,1.161823,0.063735,0.008436,1.233994,13.641515,15.640277,30.536753
1412,0,0.058972,1.351250,0.088872,0.008300,1.448422,12.938476,16.254238,30.700489
1413,0,0.027397,1.517216,0.076391,0.008384,1.601991,13.016461,15.931429,30.577855
1414,0,0.058899,1.244023,0.068926,0.007850,1.320799,14.086246,15.746644,31.213103
1415,0,0.056988,1.307400,0.063799,0.008273,1.379472,13.519091,15.877635,30.833510
1416,0,0.030002,1.180079,0.176275,0.007919,1.364273,13.483716,15.524862,30.403224
1417,0,0.019963,1.136391,0.068100,0.007781,1.212272,13.457043,15.875725,30.565364
1418,0,0.019859,1.634225,0.089818,0.012477,1.736520,13.505290,15.503508,30.765634
1419,0,0.018764,1.259423,0.071759,0.009619,1.340801,13.422291,16.571689,31.353887
1420,0,0.021106,1.036016,0.066137,0.008884,1.111037,13.718464,16.061589,30.912919
1421,0,0.025700,1.473170,0.063406,0.008442,1.545018,12.506923,16.434097,30.512186
1422,0,0.019616,1.229972,0.099565,0.007768,1.337305,13.097299,16.611520,31.066200
1423,0,0.023284,1.119919,0.064049,0.008022,1.191990,13.256158,15.699096,30.171033
1424,0,0.030781,1.985179,0.077731,0.008962,2.071872,12.740456,15.863702,30.707210
1425,0,0.022053,1.104239,0.117602,0.008439,1.230280,13.525470,16.873563,31.651693
1426,0,0.019020,1.405370,0.106340,0.008417,1.520127,12.514996,16.700990,30.755456
1427,0,0.021323,1.436069,0.068205,0.008074,1.512348,13.182722,15.858789,30.575532
1428,0,0.017769,1.458573,0.079189,0.009475,1.547237,13.565140,15.881386,31.011942
1429,0,0.019969,1.069370,0.075690,0.008817,1.153877,12.959741,16.689391,30.823350
1430,0,0.020810,1.340435,0.102980,0.008124,1.451539,12.970895,15.841329,30.284945
1431,0,0.020479,1.261364,0.086997,0.008831,1.357192,12.193018,16.496627,30.067685
1432,0,0.022733,1.199188,0.100249,0.007347,1.306784,13.183420,15.670938,30.184180
1433,0,0.020439,1.545514,0.092782,0.008479,1.646775,13.739532,15.610560,31.017756
1434,0,0.022017,1.143623,0.078896,0.009136,1.231655,14.413294,15.671896,31.339416
1435,0,0.033987,1.301577,0.073956,0.008664,1.384197,12.840098,15.688344,29.947022
1436,0,0.019856,1.612186,0.076489,0.008709,1.697384,14.076267,15.634244,31.428025
1437,0,0.022740,1.648312,0.084921,0.007978,1.741211,12.625950,16.737998,31.128174
1438,0,0.024294,1.299919,0.066802,0.008396,1.375117,12.761338,16.758666,30.919861
1439,0,0.027180,1.777594,0.104467,0.008160,1.890221,12.243193,16.360295,30.521662
1440,0,0.020879,1.299606,0.090301,0.009131,1.399038,13.025942,15.520124,29.966232
1441,0,0.021354,1.136413,0.069689,0.008543,1.214645,14.962379,15.691148,31.890142
1442,0,0.021381,1.080697,0.080168,0.007892,1.168757,13.651388,16.646173,31.488092
1443,0,0.020960,1.195436,0.086023,0.008611,1.290070,13.039243,15.708436,30.059214
1444,0,0.019476,1.197620,0.068921,0.007880,1.274421,14.201457,15.631945,31.127677
1445,0,0.020450,1.283630,0.073402,0.007933,1.364965,13.320292,15.653893,30.360003
1446,0,0.026110,1.565986,0.071485,0.008031,1.645502,13.417045,16.483537,31.572714
1447,0,0.019957,1.369988,0.095933,0.008698,1.474619,12.529671,16.797042,30.821710
1448,0,0.021122,1.365163,0.106611,0.008250,1.480024,12.775402,15.652994,29.929772
1449,0,0.020863,1.271069,0.111215,0.008950,1.391234,14.153033,15.845964,31.411547
1450,0,0.027247,1.477010,0.074813,0.008547,1.560370,12.743963,16.533408,30.865510
1451,0,0.036859,1.523682,0.085343,0.008275,1.617300,12.441445,16.466695,30.562849
1452,0,0.027107,1.412256,0.108759,0.007455,1.528470,13.449096,15.470930,30.476208
1453,0,0.018899,1.155010,0.069403,0.008685,1.233098,14.060764,15.585313,30.898574
1454,0,0.026600,1.834946,0.087841,0.007203,1.929990,13.381475,15.554763,30.893585
1455,0,0.022406,1.427197,0.072520,0.008322,1.508039,13.129718,15.793536,30.454135
1456,0,0.018111,1.295541,0.082601,0.008433,1.386575,13.427672,16.545543,31.378277
1457,0,0.020987,1.270425,0.068913,0.008500,1.347838,13.697725,15.862736,30.929708
1458,0,0.026618,1.630152,0.088907,0.008528,1.727587,12.531092,15.712339,29.997980
1459,0,0.021441,1.373852,0.096000,0.009080,1.478932,13.334395,16.570311,31.405459
1460,0,0.019777,1.272664,0.072724,0.008618,1.354006,12.834876,16.573212,30.782325
1461,0,0.020592,1.263473,0.070917,0.008837,1.343227,13.705783,15.810385,30.880529
1462,0,0.025716,1.390761,0.075182,0.008572,1.474515,12.783008,15.769884,30.053680
1463,0,0.024197,1.337324,0.103919,0.008497,1.449740,12.879880,15.726849,30.081128
1464,0,0.021891,1.291077,0.085894,0.008556,1.385527,13.222998,15.929268,30.560107
1465,0,0.020703,1.192747,0.069285,0.007907,1.269939,13.842893,15.708460,30.842372
1466,0,0.021192,1.454274,0.070979,0.007032,1.532285,13.556500,15.963323,31.073663
1467,0,0.021229,1.266245,0.084150,0.007405,1.357800,13.987429,15.693282,31.060192
1468,0,0.018476,1.401254,0.072322,0.008920,1.482496,13.004699,16.552062,31.058159
1469,0,0.022423,1.126866,0.199558,0.010042,1.336466,13.056092,15.823484,30.238864
1470,0,0.021333,1.532255,0.094950,0.008254,1.635459,13.093026,15.653740,30.403828
1471,0,0.020159,1.427114,0.090129,0.007963,1.525206,13.239062,16.801870,31.586687
1472,0,0.020997,1.453527,0.092534,0.061842,1.607903,13.318030,15.784896,30.732250
1473,0,0.063128,1.120569,0.069019,0.007298,1.196886,14.399572,15.589216,31.249185
1474,0,0.024293,1.393221,0.681490,0.055936,2.130647,13.001030,15.730223,30.886566
1475,0,0.017688,1.358933,0.069966,0.009046,1.437945,13.454254,15.633693,30.544050
1476,0,0.018217,1.534152,0.066977,0.008779,1.609908,13.958195,15.658008,31.244771
1477,0,0.029146,1.187297,0.070750,0.008760,1.266807,13.828735,15.638179,30.763301
1478,0,0.018534,1.424621,0.085257,0.008085,1.517963,13.782457,15.622118,30.941659
1479,0,0.020993,1.083007,0.063193,0.008371,1.154571,13.253749,15.638065,30.067957
1480,0,0.020546,1.190978,0.069791,0.008607,1.269376,14.617123,15.674750,31.582175
1481,0,0.020302,1.235909,0.074056,0.008320,1.318285,13.723327,15.545357,30.607760
1482,0,0.019597,1.046612,0.061589,0.008112,1.116313,13.903080,15.515435,30.554922
1483,0,0.020663,1.344604,0.066383,0.008478,1.419465,13.949197,15.961813,31.351614
1484,0,0.024368,1.487185,0.068757,0.008443,1.564385,13.006294,15.537341,30.132860
1485,0,0.020407,1.213160,0.238345,0.009683,1.461188,13.337750,16.614854,31.434605
1486,0,0.020856,1.219972,0.090285,0.008301,1.318558,12.946327,16.140391,30.426504
1487,0,0.022034,1.079151,0.073474,0.008747,1.161372,13.172391,16.765716,31.121879
1488,0,0.021391,1.308380,0.123677,0.008296,1.440353,13.270672,15.796097,30.529046
1489,0,0.021866,1.101877,0.062790,0.008258,1.172925,13.927844,15.700951,30.824220
1490,0,0.029393,1.409964,0.090909,0.008724,1.509597,12.887994,16.452622,30.880149
1491,0,0.022235,1.439774,0.073885,0.008571,1.522230,12.401058,16.519935,30.466043
1492,0,0.020309,1.204143,0.067258,0.008705,1.280106,12.772141,16.819924,30.892845
1493,0,0.021111,1.113809,0.072166,0.008159,1.194134,13.291189,15.621469,30.128468
1494,0,0.022054,1.468530,0.098377,0.009266,1.576173,13.627408,14.716331,29.942401
1495,0,0.023681,1.252828,0.068658,0.008209,1.329695,14.029375,15.649669,31.032890
1496,0,0.017189,1.543693,0.104351,0.008850,1.656894,13.366826,15.699213,30.740510
1497,0,0.023831,1.431844,0.075147,0.008168,1.515159,13.447549,15.598064,30.585058
1498,0,0.020555,1.358599,0.088162,0.008838,1.455599,12.790816,16.605426,30.872869
1499,0,0.025256,1.327946,0.085063,0.008573,1.421582,13.295985,15.685346,30.428629
1500,0,0.024203,1.284188,0.069822,0.008617,1.362627,13.723777,16.026628,31.137966
1501,0,0.024970,1.242386,0.066985,0.008566,1.317937,13.481791,15.575271,30.400494
1502,0,0.022317,1.238652,0.067587,0.008464,1.314703,13.281379,15.858411,30.477250
1503,0,0.020902,1.116058,0.062013,0.008590,1.186661,13.890638,15.596855,30.695409
1504,0,0.020576,1.532776,0.090936,0.008112,1.631824,11.279449,3.735658,16.667901
1505,0,0.016822,1.107115,0.067105,0.008763,1.182983,14.147411,15.635822,30.983558
1506,0,0.020102,1.279290,0.071506,0.008782,1.359578,13.746022,15.714273,30.840616
1507,0,0.020767,1.438931,0.101545,0.007551,1.548027,13.587548,15.691379,30.848190
1508,0,0.020847,1.299587,0.068976,0.008705,1.377268,13.139688,15.659395,30.197682
1509,0,0.019001,1.246834,0.076093,0.008150,1.331077,14.036196,15.559784,30.946503
1510,0,0.026214,1.381926,0.071424,0.007914,1.461264,13.596376,15.526242,30.610600
1511,0,0.074707,1.273329,0.122966,0.008111,1.404406,13.994207,15.586613,31.060450
1512,0,0.021427,1.598547,0.069429,0.007112,1.675088,14.435725,14.066412,30.199040
1513,0,0.021040,1.303644,0.091811,0.008712,1.404167,14.244102,14.965954,30.635579
1514,0,0.020240,1.183239,0.075364,0.008824,1.267427,14.436284,15.486892,31.211295
1515,0,0.023108,1.808850,0.153510,0.054905,2.017265,13.046246,15.865566,30.952656
1516,0,0.020180,1.422292,0.066194,0.008853,1.497339,13.618353,15.506269,30.642565
1517,0,0.018105,1.089833,0.063984,0.008224,1.162041,13.567190,15.621380,30.369272
1518,0,0.023653,1.321160,0.065963,0.008926,1.396049,13.493161,16.526167,31.439519
1519,0,0.018825,1.263617,0.072208,0.008563,1.344388,12.996783,16.480604,30.841018
1520,0,0.019379,1.154842,0.066452,0.009693,1.230987,12.773716,16.761927,30.786370
1521,0,0.019172,1.254899,0.085990,0.008310,1.349199,12.733475,16.614039,30.716339
1522,0,0.022298,1.257953,0.068212,0.009005,1.335170,13.237915,15.730396,30.326219
1523,0,0.042794,1.327630,0.090737,0.008527,1.426894,13.854066,15.635643,30.959799
1524,0,0.048514,1.187448,0.084601,0.008965,1.281014,13.075295,15.884441,30.289642
1525,0,0.022060,1.298233,0.068402,0.008818,1.375453,14.200586,15.652132,31.250937
1526,0,0.030060,1.402421,0.093079,0.008571,1.504071,11.866698,15.869789,29.271148
1527,0,0.021409,1.294966,0.071978,0.008982,1.375926,14.094493,15.550884,31.043175
1528,0,0.020824,1.198031,0.067082,0.008887,1.274000,13.921066,15.517702,30.734005
1529,0,0.021194,1.383082,0.067805,0.008381,1.459268,13.729959,15.589198,30.800138
1530,0,0.023958,1.680499,0.174995,0.012827,1.868321,13.283056,15.646167,30.821926
1531,0,0.020636,1.264413,0.074383,0.008843,1.347639,13.988063,15.834290,31.191384
1532,0,0.022182,1.213102,0.120648,0.009771,1.343521,13.108186,15.594571,30.068849
1533,0,0.024059,1.620408,0.074135,0.007260,1.701803,13.844944,15.720783,31.292030
1534,0,0.022183,1.328687,0.077319,0.009220,1.415226,13.559432,15.658979,30.656242
1535,0,0.021708,1.219353,0.104118,0.009417,1.332888,12.910551,16.536925,30.802449
1536,0,0.021594,1.284692,0.059896,0.008897,1.353485,14.513551,15.969667,31.858736
1537,0,0.021840,1.290263,0.063299,0.008033,1.361595,13.585022,14.858695,29.827540
1538,0,0.020469,1.342536,0.064091,0.008906,1.415533,14.394135,15.858358,31.688902
1539,0,0.043664,1.418664,0.087666,0.007828,1.514158,12.766419,15.615901,29.940565
1540,0,0.021595,1.436108,0.093775,0.009208,1.539091,13.803449,15.657861,31.022439
1541,0,0.021307,1.227883,0.067567,0.008476,1.303926,13.877677,15.591266,30.794659
1542,0,0.022625,1.438108,0.074000,0.008443,1.520551,13.298169,15.703328,30.545134
1543,0,0.030262,1.608338,0.097246,0.007527,1.713111,19.777250,9.757807,31.278868
1544,0,0.030325,1.775723,0.135884,0.009908,1.921515,12.884906,15.539750,30.377059
1545,0,0.022185,1.238937,0.078966,0.021904,1.339807,14.043238,14.901412,30.306997
1546,0,0.019886,1.277730,0.059902,0.008052,1.345684,13.583490,16.656087,31.605561
1547,0,0.020858,1.354612,0.115138,0.008867,1.478617,12.720668,16.717838,30.938412
1548,0,0.023524,1.321258,0.119723,0.009396,1.450377,12.922668,15.706391,30.103361
1549,0,0.024805,1.339048,0.076423,0.009327,1.424798,13.652863,15.633402,30.736551
1550,0,0.019730,1.332514,0.070436,0.008431,1.411381,13.812435,15.812422,31.056507
1551,0,0.023568,1.282349,0.066420,0.008337,1.357106,12.859924,16.585795,30.826826
1552,0,0.022097,1.871486,0.087596,0.008810,1.967892,12.212233,16.735725,30.938364
1553,0,0.028181,1.512422,0.086487,0.008854,1.607763,12.873487,15.690759,30.200660
1554,0,0.023922,1.218060,0.072965,0.008877,1.299902,13.466892,15.666546,30.457629
1555,0,0.021785,1.395954,0.079741,0.008802,1.484497,13.830735,15.945207,31.282603
1556,0,0.021917,1.408131,0.087869,0.008151,1.504151,13.481048,15.726102,30.733689
1557,0,0.021484,1.255793,0.071035,0.008595,1.335423,12.480004,15.604622,29.441922
1558,0,0.020786,1.237670,0.108950,0.008108,1.354728,13.530825,16.471114,31.377712
1559,0,0.023183,1.294899,0.108197,0.008515,1.411611,13.879777,14.768929,30.083836
1560,0,0.040208,1.082462,0.069713,0.007801,1.159976,13.553152,16.495808,31.249578
1561,0,0.019980,1.292085,0.067070,0.007939,1.367094,13.109795,15.591108,30.088381
1562,0,0.020202,1.531468,0.095311,0.043319,1.670098,13.240966,15.816794,30.748496
1563,0,0.023916,1.453855,0.071241,0.008480,1.533576,13.452510,15.737058,30.747607
1564,0,0.018796,1.311397,0.074808,0.008335,1.394540,13.997382,15.925464,31.336666
1565,0,0.018308,1.346102,0.078362,0.008164,1.432628,12.663167,16.722558,30.837213
1566,0,0.033737,1.589815,0.092009,0.009028,1.690852,12.689704,15.646968,30.061767
1567,0,0.021329,1.336440,0.066145,0.008619,1.411204,12.263997,2.626244,16.323847
1568,0,0.064645,1.357844,0.095705,0.008643,1.462192,13.993220,15.552899,31.073517
1569,0,0.020185,1.228575,0.064262,0.008723,1.301560,13.955650,15.682990,30.960949
1570,0,0.018302,1.065811,0.064181,0.008503,1.138495,14.124264,15.770667,31.052297
1571,0,0.020034,1.090956,0.066802,0.008734,1.166492,13.271252,15.768563,30.226955
1572,0,0.021788,1.272848,0.069323,0.009103,1.351274,13.852673,15.830760,31.056911
1573,0,0.020811,1.071740,0.084894,0.008393,1.165027,13.561632,15.632001,30.380035
1574,0,0.024387,1.330138,0.064795,0.008598,1.403531,13.386267,16.082011,30.896769
1575,0,0.022610,1.024239,0.072082,0.009289,1.105610,13.811887,15.562227,30.502638
1576,0,0.018638,1.500454,0.069388,0.022912,1.592754,13.676860,15.607867,30.896489
1577,0,0.021152,15.624877,6.780119,0.045281,22.450277,10.575562,13.631163,46.678663
1578,0,0.025124,1.369836,0.070417,0.009617,1.449870,13.511432,15.643173,30.630030
1579,0,0.020427,1.317186,0.064302,0.008553,1.390041,12.799540,16.562504,30.772887
1580,0,0.024507,1.367780,0.064622,0.007939,1.440341,13.543572,15.528751,30.537688
1581,0,0.021020,1.375037,0.070442,0.008702,1.454181,14.251324,14.791843,30.518870
1582,0,0.021004,1.248629,0.086792,0.008534,1.343955,13.365845,16.357516,31.088835
1583,0,0.042276,1.324334,0.061992,0.008264,1.394590,13.104684,16.092726,30.634720
1584,0,0.021800,1.998100,0.065917,0.008838,2.072855,12.267595,16.614125,30.976787
1585,0,0.020361,1.265673,0.075296,0.008663,1.349632,13.014801,15.687792,30.073038
1586,0,0.028284,1.371389,0.080097,0.008501,1.459987,13.828914,15.698332,31.015954
1587,0,0.021548,1.349549,0.079504,0.008710,1.437763,12.918931,16.759084,31.137696
1588,0,0.020867,1.196233,0.087017,0.008106,1.291356,12.082189,15.700338,29.095120
1589,0,0.020923,1.222850,0.090118,0.009954,1.322922,13.763958,15.693526,30.801717
1590,0,0.021257,1.222449,0.071649,0.009031,1.303129,13.845905,15.691917,30.862727
1591,0,0.026803,1.450749,0.082462,0.007872,1.541083,13.702830,15.535934,30.807052
1592,0,0.018554,1.290063,0.075749,0.015567,1.381379,13.626087,15.566779,30.593153
1593,0,0.023224,1.397043,0.073962,0.008490,1.479495,13.462082,16.603800,31.569012
1594,0,0.023809,1.356074,0.072260,0.008568,1.436902,12.488152,16.492247,30.441497
1595,0,0.020365,1.216011,0.067120,0.008589,1.291720,12.948376,16.695097,30.956063
1596,0,0.025147,1.597724,0.068393,0.008321,1.674438,12.631213,16.511979,30.843275
1597,0,0.047027,1.744547,0.109031,0.009517,1.863095,12.646965,15.752238,30.309785
1598,0,0.026085,1.304829,0.140906,0.009990,1.455725,14.104950,15.812133,31.399355
1599,0,0.019881,1.312633,0.073098,0.008348,1.394079,13.916517,15.487059,30.818031
1600,0,0.021344,1.232183,0.071820,0.008653,1.312656,14.267297,15.637107,31.238951
1601,0,0.026435,1.692720,0.088106,0.008929,1.789755,12.385488,16.654365,30.856510
1602,0,0.024961,1.573954,0.075173,0.007516,1.656643,12.929550,15.512414,30.124039
1603,0,0.020727,1.789355,0.105630,0.051153,1.946138,16.876241,11.643003,30.486574
1604,0,0.024942,1.550379,0.091291,0.008173,1.649843,13.657500,15.629297,30.962124
1605,0,0.023942,1.230292,0.085226,0.008329,1.323847,15.343154,13.740296,30.431661
1606,0,0.022451,0.995980,0.070888,0.008397,1.075265,14.026553,16.642661,31.767573
1607,0,0.020388,1.360985,0.075082,0.008913,1.444980,12.988167,15.858124,30.312099
1608,0,0.020271,1.749907,0.070472,0.008812,1.829191,12.509585,16.630905,30.990330
1609,0,0.022483,1.272478,0.081272,0.007929,1.361679,12.632883,16.632943,30.650356
1610,0,0.021119,1.220478,0.118449,0.009093,1.348020,13.278785,15.600433,30.248742
1611,0,0.023970,1.111546,0.066776,0.008365,1.186687,14.061447,15.776722,31.049348
1612,0,0.025633,1.619031,0.085676,0.008638,1.713345,12.973016,15.864503,30.577034
1613,0,0.020162,1.221362,0.068737,0.008140,1.298239,16.580366,12.708154,30.607240
1614,0,0.022281,1.317897,0.063274,0.008306,1.389477,17.999848,11.874608,31.286729
1615,0,0.027755,1.804837,0.092237,0.008200,1.905274,15.077915,13.722043,30.733612
1616,0,0.025279,1.740333,0.121223,0.008854,1.870410,12.630753,15.811362,30.338341
1617,0,0.021835,1.213257,0.082716,0.008693,1.304666,13.354824,16.579569,31.261363
1618,0,0.022364,1.258603,0.066624,0.008501,1.333728,13.086079,15.927029,30.369596
1619,0,0.022161,1.217296,0.074669,0.008102,1.300067,12.280044,15.853287,29.456027
1620,0,0.025950,1.957889,0.691408,0.012395,2.661692,12.343274,16.095410,31.126733
1621,0,0.022990,1.284467,0.070786,0.008161,1.363414,16.207728,13.183298,30.777902
1622,0,0.035514,1.330161,0.074875,0.008071,1.413107,13.059964,16.471638,30.980733
1623,0,0.024053,1.357031,0.060557,0.008046,1.425634,12.932523,15.673060,30.055666
1624,0,0.027746,1.452241,0.096573,0.008029,1.556843,13.751005,15.630377,30.966370
1625,0,0.023042,1.420197,0.071308,0.008910,1.500415,14.245193,14.991906,30.760980
1626,0,0.021588,1.971397,0.082258,0.014735,2.068390,12.332810,16.345708,30.768862
1627,0,0.027015,1.658019,0.077348,0.007621,1.742988,12.807175,16.634127,31.211721
1628,0,0.021337,1.340046,0.069713,0.008822,1.418581,13.304146,15.595174,30.339749
1629,0,0.021828,1.283428,0.075825,0.008858,1.368111,13.916152,16.791980,32.098496
1630,0,0.028339,1.653623,0.111362,0.009233,1.774218,13.288653,15.240760,30.332451
1631,0,0.023944,1.675722,0.126623,0.010955,1.813300,13.202065,15.492852,30.532530
1632,0,0.017350,1.434651,0.095210,0.008151,1.538012,13.778378,15.915424,31.249588
1633,0,0.024806,1.670750,0.110185,0.010084,1.791019,13.495903,15.415705,30.727906
1634,0,0.026289,1.566443,0.073667,0.007254,1.647364,13.396495,15.511783,30.582329
1635,0,0.021323,1.150115,0.068782,0.008396,1.227293,13.809055,15.572367,30.630517
1636,0,0.029044,1.473529,0.077292,0.008315,1.559136,13.554576,15.596844,30.740274
1637,0,0.023572,1.241586,0.073870,0.007540,1.322996,13.468954,15.574218,30.390267
1638,0,0.022356,1.374056,0.085157,0.008865,1.468078,13.318887,16.540191,31.349988
1639,0,0.021197,1.294652,0.064755,0.008866,1.368273,13.053888,15.569838,30.013439
1640,0,0.020556,1.242619,0.104338,0.008970,1.355927,14.525405,15.584254,31.486512
1641,0,0.019811,1.151952,0.065275,0.008724,1.225951,13.874145,15.717963,30.838346
1642,0,0.022113,1.182927,0.085291,0.008568,1.276786,13.787018,15.732367,30.818852
1643,0,0.046841,1.724584,0.157266,0.009075,1.890925,19.265406,8.614582,29.818352
1644,0,0.023848,2.577514,1.540084,0.014676,4.132274,12.577284,14.686257,31.419951
1645,0,0.020478,1.133353,0.087332,0.007902,1.228587,13.861752,15.561481,30.672726
1646,0,0.021700,1.225313,0.067432,0.008222,1.300967,13.007800,16.626760,30.957804
1647,0,0.022924,1.239315,0.072632,0.008124,1.320071,12.953875,15.771858,30.069207
1648,0,0.020629,1.305714,0.071712,0.007766,1.385192,14.423901,15.589612,31.419871
1649,0,0.024924,2.014368,0.085041,0.008218,2.107627,15.058541,13.604479,30.795988
1650,0,0.021076,1.445759,0.092578,0.008642,1.546979,14.733176,13.572903,29.874662
1651,0,0.020206,1.155194,0.081876,0.007942,1.245012,13.225324,15.749452,30.240395
1652,0,0.020484,1.206938,0.084872,0.009130,1.300940,14.107413,15.468165,30.897276
1653,0,0.020155,1.314911,0.070322,0.008868,1.394101,13.302326,16.010193,30.727188
1654,0,0.019452,1.188087,0.086391,0.008045,1.282523,13.235676,15.904919,30.443106
1655,0,0.021920,1.278015,0.070211,0.008926,1.357152,13.774919,15.573330,30.727815
1656,0,0.018627,1.210767,0.083102,0.008036,1.301905,14.062426,15.551771,30.935140
1657,0,0.018644,1.107080,0.086151,0.007913,1.201144,14.035240,15.713455,30.968974
1658,0,0.028664,1.288723,0.066359,0.007993,1.363075,13.186094,16.717489,31.295849
1659,0,0.022131,1.130908,0.076350,0.008346,1.215604,13.039408,15.696805,29.974372
1660,0,0.023759,1.508503,0.094218,0.008857,1.611578,13.793064,15.785924,31.214731
1661,0,0.021009,1.112782,0.072385,0.008350,1.193517,14.532142,15.698660,31.445718
1662,0,0.020740,1.119940,0.068824,0.008799,1.197563,13.753218,15.954461,30.926432
1663,0,0.020033,1.204572,0.068549,0.009647,1.282768,13.842491,15.632289,30.777865
1664,0,0.020214,1.383125,0.063049,0.007657,1.453831,12.817151,16.440100,30.731773
1665,0,0.020000,1.123163,0.082450,0.008503,1.214116,14.177962,15.139829,30.552435
1666,0,0.019780,1.257688,0.067472,0.007897,1.333057,13.774281,15.844247,30.971740
1667,0,0.019546,1.173469,0.167987,0.008523,1.349979,13.062635,16.627284,31.059843
1668,0,0.020794,1.203052,0.067405,0.007928,1.278385,13.284566,15.884130,30.468268
1669,0,0.021374,1.721882,0.076710,0.008302,1.806894,12.407088,15.971489,30.207284
1670,0,0.021352,1.127675,0.069974,0.007864,1.205513,14.204131,15.516027,30.947366
1671,0,0.020633,1.646540,0.105526,0.008777,1.760843,13.135159,16.563057,31.480054
1672,0,0.020867,1.196364,0.077213,0.008750,1.282327,13.846823,15.636350,30.787935
1673,0,0.106183,15.280082,7.139528,0.021306,22.440916,13.674243,8.876518,45.098254
1674,0,0.019564,1.176273,0.111961,0.008680,1.296914,14.072137,15.635001,31.024065
1675,0,0.024915,1.482618,0.274773,0.007621,1.765012,13.354542,15.551443,30.696376
1676,0,0.020848,1.244443,0.072652,0.008210,1.325305,13.849674,15.677247,30.873456
1677,0,0.028213,1.688765,0.110094,0.009589,1.808448,14.012976,14.880180,30.730223
1678,0,0.024858,1.766377,0.102829,0.008326,1.877532,15.381474,13.837834,31.122107
1679,0,0.021880,1.220924,0.066232,0.008429,1.295585,13.128871,15.928161,30.375130
1680,0,0.025760,1.655452,0.079380,0.007759,1.742591,13.190324,15.953698,30.912909
1681,0,0.018845,1.293038,0.070052,0.008505,1.371595,12.226892,16.044147,29.661888
1682,0,0.021479,1.138818,0.065904,0.008244,1.212966,13.206662,16.912618,31.354107
1683,0,0.020571,1.203611,0.068019,0.008663,1.280293,13.339942,15.884084,30.525444
1684,0,0.020636,1.294763,0.072079,0.008189,1.375031,13.755845,15.743810,30.895856
1685,0,0.023055,1.313497,0.090611,0.008385,1.412493,12.562710,16.253904,30.252914
1686,0,0.022282,1.586332,0.096166,0.007451,1.689949,13.475156,15.796087,30.984242
1687,0,0.020457,1.263730,0.149674,0.008508,1.421912,13.096006,15.806013,30.344854
1688,0,0.021190,1.408252,0.094547,0.008473,1.511272,13.201680,16.669453,31.403892
1689,0,0.021440,1.411730,0.089240,0.007373,1.508343,13.888536,14.778158,30.196838
1690,0,0.025566,1.472288,0.081134,0.008408,1.561830,13.086986,16.782130,31.456898
1691,0,0.019697,1.301190,0.070062,0.008032,1.379284,14.001324,15.532977,30.933744
1692,0,0.020893,1.233145,0.062814,0.008318,1.304277,13.516223,15.957962,30.799823
1693,0,0.024030,1.990138,0.113057,0.008743,2.111938,13.375973,16.044204,31.556536
1694,0,0.021890,1.588716,0.127155,0.009576,1.725447,12.911887,15.482597,30.142210
1695,0,0.032645,1.262298,0.092779,0.007483,1.362560,13.122573,16.699550,31.217914
1696,0,0.027696,2.173154,0.080951,0.008337,2.262442,16.672713,11.514127,30.477427
1697,0,0.039490,1.359978,0.089910,0.008736,1.458624,12.954564,16.504805,30.958041
1698,0,0.021792,1.396662,0.110120,0.008350,1.515132,14.165845,14.714943,30.418088
1699,0,0.016801,1.223398,0.072024,0.007740,1.303162,13.550892,15.525266,30.396537
1700,0,0.018891,1.234365,0.092374,0.008983,1.335722,14.425533,15.119862,30.900438
1701,0,0.027753,1.555126,0.112708,0.008056,1.675890,13.146867,15.783926,30.634915
1702,0,0.021496,1.267645,0.091347,0.008506,1.367498,14.087650,15.952944,31.429961
1703,0,0.023096,1.091043,0.068368,0.009122,1.168533,13.750680,15.725181,30.667856
1704,0,0.019638,1.145680,0.059767,0.009144,1.214591,13.318331,15.801487,30.354473
1705,0,0.025981,1.438498,0.059036,0.007868,1.505402,13.359592,16.594484,31.486058
1706,0,0.021788,1.115185,0.081830,0.008930,1.205945,13.414318,15.449843,30.092283
1707,0,0.024520,1.171281,0.096787,0.008294,1.276362,13.762299,15.635749,30.699473
1708,0,0.024501,1.649800,0.073056,0.007732,1.730588,13.120381,16.462172,31.338149
1709,0,0.019810,1.432062,0.168062,0.011079,1.611203,13.017596,15.722437,30.371564
1710,0,0.027366,1.628829,0.076145,0.008480,1.713454,13.350424,16.180037,31.271917
1711,0,0.022896,1.029705,0.089750,0.008622,1.128077,13.279039,16.052535,30.483082
1712,0,0.020385,1.094477,0.063130,0.008124,1.165731,13.588431,15.495385,30.270503
1713,0,0.023997,1.193996,0.065400,0.008179,1.267575,12.835899,15.890279,30.018126
1714,0,0.021628,1.424431,0.083406,0.009446,1.517283,13.831510,15.497353,30.868130
1715,0,0.020158,1.206905,0.090422,0.008439,1.305766,13.163210,16.619542,31.108945
1716,0,0.019615,1.140690,0.071282,0.008678,1.220650,13.221557,15.585203,30.047462
1717,0,0.023470,1.403886,0.085605,0.008565,1.498056,13.423880,16.453999,31.400202
1718,0,0.021385,1.360894,0.081746,0.008241,1.450881,13.270464,15.694594,30.438146
1719,0,0.030677,1.812388,0.121047,0.008761,1.942196,12.436338,16.581078,30.990741
1720,0,0.021991,1.624181,0.097157,0.009359,1.730697,12.627398,16.406293,30.786710
1721,0,0.020620,1.428943,0.084710,0.009162,1.522815,12.975644,15.776460,30.296444
1722,0,0.022998,1.723467,0.101068,0.007813,1.832348,13.263493,15.584843,30.704190
1723,0,0.021863,1.373381,0.108316,0.008407,1.490104,14.602694,15.625810,31.740971
1724,0,0.021241,1.384247,0.085760,0.008500,1.478507,15.583929,13.821869,30.905984
1725,0,0.020287,1.272799,0.069849,0.008493,1.351141,15.941173,13.785894,31.098875
1726,0,0.026402,1.803842,0.142752,0.011444,1.958038,14.038037,14.270515,30.293451
1727,0,0.026563,1.516777,0.070904,0.008197,1.595878,14.019422,15.274529,30.916868
1728,0,0.019894,1.159282,0.066515,0.008240,1.234037,13.220374,16.518285,30.992982
1729,0,0.019861,1.026321,0.063890,0.008853,1.099064,13.855802,15.656747,30.632055
1730,0,0.020296,1.101130,0.062754,0.008805,1.172689,13.654484,15.270803,30.118700
1731,0,0.019919,1.176318,0.088531,0.008414,1.273263,13.417886,16.779607,31.491058
1732,0,0.021194,1.195401,0.104827,0.008273,1.308501,12.939543,16.632232,30.901929
1733,0,0.028132,1.614668,0.091394,0.007675,1.713737,12.353646,16.689013,30.784929
1734,0,0.020549,1.333798,0.070369,0.008259,1.412426,12.763483,15.892152,30.089001
1735,0,0.020065,1.066984,0.120628,0.008418,1.196030,13.953903,15.700401,30.870788
1736,0,0.020317,1.119284,0.080244,0.008139,1.207667,14.633814,14.843470,30.705710
1737,0,0.026166,1.681094,0.112247,0.009546,1.802887,13.574613,15.193459,30.597644
1738,0,0.021520,1.342513,0.066820,0.008139,1.417472,14.086591,15.515850,31.041844
1739,0,0.019826,1.347124,0.065050,0.008534,1.420708,13.049576,15.778841,30.269428
1740,0,0.037529,1.716136,0.089338,0.008499,1.813973,14.295473,14.805557,30.953043
1741,0,0.027889,1.720749,0.102688,0.008038,1.831475,16.419712,12.628112,30.907628
1742,0,0.022560,1.261442,0.355040,0.008390,1.624872,12.899855,16.740244,31.288010
1743,0,0.022218,1.197064,0.089539,0.008474,1.295077,13.396399,15.787379,30.501520
1744,0,0.020294,1.436872,0.089795,0.008072,1.534739,14.607693,13.677998,29.841280
1745,0,0.023231,1.402398,0.108087,0.008285,1.518770,13.944818,15.198631,30.685863
1746,0,0.025534,1.732434,0.144506,0.007277,1.884217,12.888403,15.651168,30.449866
1747,0,0.019657,1.174876,0.084421,0.008185,1.267482,14.074780,15.575088,30.937472
1748,0,0.021823,1.120710,0.063629,0.008872,1.193211,15.148381,14.196665,30.560502
1749,0,0.024030,1.676519,0.074276,0.007507,1.758302,13.269709,15.577457,30.629875
1750,0,0.020211,1.133527,0.070916,0.008263,1.212706,13.400086,16.856724,31.490229
1751,0,0.021899,1.208533,0.075609,0.008448,1.292590,12.905300,16.506308,30.726683
1752,0,0.024748,1.573451,0.071980,0.007471,1.652902,17.401395,10.627099,29.706570
1753,0,0.020101,1.268146,0.066959,0.008433,1.343538,14.559144,15.600961,31.524192
1754,0,0.019600,1.057114,0.191093,0.007752,1.255959,14.957675,14.992507,31.226151
1755,0,0.031894,1.388511,0.076277,0.008821,1.473609,13.585891,15.764418,30.856285
1756,0,0.025778,1.651854,0.076167,0.008655,1.736676,13.313609,15.739783,30.816167
1757,0,0.020737,1.369281,0.078246,0.008272,1.455799,14.997236,14.963459,31.437683
1758,0,0.019309,1.325537,0.063694,0.008377,1.397608,12.744919,16.455283,30.617570
1759,0,0.023364,1.546364,0.083807,0.008088,1.638259,13.109751,15.564481,30.336228
1760,0,0.020975,1.192346,0.093810,0.008474,1.294630,13.936790,15.541022,30.793725
1761,0,0.020170,1.342530,0.067591,0.008880,1.419001,13.653366,15.750220,30.843148
1762,0,0.019524,1.316030,0.063892,0.008048,1.387970,13.090883,16.465163,30.964282
1763,0,0.026844,1.372061,0.067199,0.007627,1.446887,12.905830,16.553220,30.933151
1764,0,0.023353,1.003896,0.120592,0.009777,1.134265,13.480352,15.677136,30.315637
1765,0,0.040712,1.275555,0.065802,0.008528,1.349885,13.163013,15.927751,30.481718
1766,0,0.020462,1.667538,0.078111,0.033349,1.778998,17.419547,11.974629,31.193976
1767,0,0.019602,1.314249,0.071484,0.008037,1.393770,13.579907,15.631003,30.624665
1768,0,0.018344,1.236981,0.079667,0.008551,1.325199,13.414897,15.687496,30.446428
1769,0,0.023629,1.562293,0.073943,0.008591,1.644827,13.450352,16.429695,31.548982
1770,0,0.022558,1.605747,0.104151,0.008181,1.718079,12.182009,16.712988,30.636015
1771,0,0.019554,0.963429,0.071466,0.008047,1.042942,13.266903,16.540137,30.869958
1772,0,0.021079,1.148604,0.063287,0.007918,1.219809,13.752290,14.897586,29.891145
1773,0,0.020879,1.331815,0.061083,0.008445,1.401343,14.427867,14.958224,30.808632
1774,0,0.021817,1.320486,0.067998,0.008873,1.397357,13.718772,15.646893,30.785242
1775,0,0.020734,1.328672,0.068741,0.008465,1.405878,15.203401,13.220803,29.851218
1776,0,0.031065,1.463679,0.072390,0.035372,1.571441,13.156727,16.519395,31.278932
1777,0,0.018670,1.221115,0.065606,0.009204,1.295925,13.183103,16.512859,31.011036
1778,0,0.024671,1.371823,0.167384,0.008122,1.547329,12.522466,16.530187,30.625063
1779,0,0.021287,1.177642,1.312618,0.051548,2.541808,14.091909,13.784088,30.439460
1780,0,0.026915,1.383061,0.073177,0.008508,1.464746,15.530001,13.670779,30.692859
1781,0,0.023988,1.853183,0.103055,0.008080,1.964318,14.208744,14.775121,30.972703
1782,0,0.034562,1.431468,0.131094,0.047682,1.610244,13.488974,15.582557,30.716911
1783,0,0.019926,1.272508,0.068699,0.008361,1.349568,14.772546,14.606521,30.749032
1784,0,0.025514,1.122477,0.061087,0.008404,1.191968,13.837295,15.733010,30.788209
1785,0,0.022539,1.043412,0.083060,0.007580,1.134052,14.705666,15.749590,31.612445
1786,0,0.019993,1.204454,0.063522,0.008136,1.276112,13.138713,16.585916,31.021270
1787,0,0.021413,1.246991,0.066197,0.008791,1.321979,13.599646,15.722998,30.666403
1788,0,0.020127,1.216174,0.061496,0.007995,1.285665,13.875226,15.787964,30.970207
1789,0,0.020496,0.989594,0.103247,0.008663,1.101504,13.101328,15.971141,30.195031
1790,0,0.024764,1.880928,0.094202,0.008400,1.983530,14.241328,14.573348,30.823441
1791,0,0.026088,1.703406,0.070398,0.008266,1.782070,13.049153,15.524916,30.382664
1792,0,0.020839,1.084261,0.065866,0.007907,1.158034,13.844605,16.708948,31.733019
1793,0,0.020102,1.107679,0.093588,0.008490,1.209757,13.192502,15.739139,30.161951
1794,0,0.020617,1.421047,0.068331,0.008816,1.498194,12.843306,16.626156,30.988677
1795,0,0.020319,1.274909,0.062214,0.008011,1.345134,13.782892,15.838414,30.987188
1796,0,0.024192,1.642369,0.106400,0.007372,1.756141,15.281577,13.719212,30.781519
1797,0,0.020631,1.147876,0.064441,0.008158,1.220475,12.824996,16.456597,30.523178
1798,0,0.024022,1.575918,0.069136,0.007729,1.652783,12.951280,16.641010,31.269638
1799,0,0.025723,1.628529,0.121223,0.007907,1.757659,12.604582,15.357631,29.745999
1800,0,0.021372,1.140435,0.073318,0.008141,1.221894,13.522074,16.654608,31.420501
1801,0,0.019370,1.761586,0.187356,0.009057,1.957999,12.700319,15.560446,30.238591
1802,0,0.026572,1.602761,0.090748,0.007478,1.700987,12.950937,16.516847,31.195758
1803,0,0.026026,1.848816,0.088005,0.008507,1.945328,16.008803,12.684226,30.664815
1804,0,0.026523,1.790238,0.273558,0.008765,2.072561,13.141612,15.703646,30.944762
1805,0,0.022549,2.083975,0.083304,0.008653,2.175932,12.293119,16.263687,30.756582
1806,0,0.037125,1.530421,0.166749,0.012142,1.709312,13.857576,13.684519,29.288934
1807,0,0.024214,1.783516,0.103683,0.009368,1.896567,12.858214,15.510636,30.290152
1808,0,0.024311,1.634183,0.092807,0.007482,1.734472,13.234681,15.871337,30.865239
1809,0,0.028579,1.720325,0.092352,0.007485,1.820162,12.831926,16.178723,30.859768
1810,0,0.021999,1.374611,0.077900,0.008499,1.461010,13.372377,15.696381,30.552318
1811,0,0.023148,1.697725,0.129930,0.007239,1.834894,13.766028,15.607671,31.232112
1812,0,0.020572,1.103274,0.062498,0.007501,1.173273,13.824930,16.001542,31.020680
1813,0,0.019413,1.014987,0.067466,0.008371,1.090824,13.762339,15.680081,30.553291
1814,0,0.020435,1.316961,0.067763,0.009651,1.394375,12.755168,16.600095,30.770686
1815,0,0.020698,2.548713,0.083135,0.007935,2.639783,12.228477,15.775442,30.664779
1816,0,0.024865,1.474145,0.084977,0.012323,1.571445,13.844706,16.524452,31.966064
1817,0,0.026425,1.570812,0.102137,0.008840,1.681789,12.510722,16.720646,30.940111
1818,0,0.024167,1.481302,0.092081,0.008235,1.581618,16.400710,12.597488,30.604498
1819,0,0.027789,1.552231,0.072567,0.008602,1.633400,12.329232,15.987592,29.978477
1820,0,0.020758,1.349554,0.067975,0.008080,1.425609,14.278281,15.600185,31.325308
1821,0,0.023380,1.619382,0.090887,0.008437,1.718706,12.863846,16.492500,31.098840
1822,0,0.020147,1.258865,0.064703,0.008375,1.331943,12.973847,16.407882,30.734278
1823,0,0.022147,1.180303,0.065897,0.009060,1.255260,22.500872,6.578952,30.357641
1824,0,0.022148,1.294444,0.067689,0.008619,1.370752,17.252202,11.771965,30.417387
1825,0,0.021082,1.315934,0.067175,0.008503,1.391612,13.847499,15.519777,30.780447
1826,0,0.022217,1.215992,0.069195,0.008278,1.293465,20.705385,8.361361,30.382800
1827,0,0.031259,1.265538,0.069920,0.008455,1.343913,18.221799,11.532784,31.130196
1828,0,0.020910,1.202825,0.080066,0.008571,1.291462,14.335621,15.124416,30.772942
1829,0,0.024551,1.563241,0.073331,0.007509,1.644081,15.398531,13.720965,30.788497
1830,0,0.020776,1.148205,0.081921,0.008398,1.238524,13.841353,15.691333,30.792380
1831,0,0.023257,1.512691,0.094275,0.008721,1.615687,13.579171,15.691060,30.909585
1832,0,0.020874,1.305182,0.065069,0.009911,1.380162,13.770919,15.706889,30.879249
1833,0,0.020323,1.149569,0.074347,0.007987,1.231903,13.493208,16.446061,31.191799
1834,0,0.018380,1.100870,0.064678,0.012090,1.177638,13.791811,15.789115,30.777352
1835,0,0.023569,1.421086,0.072818,0.009010,1.502914,12.848853,15.664684,30.040436
1836,0,0.025133,1.129895,0.070465,0.008701,1.209061,15.056191,14.675773,30.966711
1837,0,0.025670,1.348256,0.068303,0.009862,1.426421,14.451733,14.885730,30.790143
1838,0,0.025890,1.584914,0.125429,0.007957,1.718300,11.924054,15.805549,29.474363
1839,0,0.023749,1.317590,0.070510,0.008781,1.396881,13.695133,15.609093,30.725329
1840,0,0.024321,1.499183,0.082852,0.008445,1.590480,13.394044,16.580348,31.589553
1841,0,0.041378,1.268875,0.184694,0.010719,1.464288,13.151905,15.819305,30.477245
1842,0,0.020532,1.281712,0.212615,0.007663,1.501990,13.243869,15.719792,30.486568
1843,0,0.021645,1.645803,0.072904,0.008891,1.727598,13.115974,15.831970,30.697615
1844,0,0.026812,1.158048,0.064810,0.008263,1.231121,16.763606,12.875991,30.898088
1845,0,0.029575,1.352660,0.082256,0.008336,1.443252,13.616144,15.474657,30.564029
1846,0,0.021194,1.562544,0.077058,0.007572,1.647174,12.834528,16.688937,31.192203
1847,0,0.021276,1.175076,0.066567,0.008181,1.249824,13.883132,15.737419,30.892350
1848,0,0.023493,1.248735,0.070288,0.009297,1.328320,14.220527,15.642830,31.215570
1849,0,0.024141,1.278039,0.075423,0.008512,1.361974,13.655550,15.722993,30.765306
1850,0,0.025365,1.261495,0.083227,0.008411,1.353133,13.905207,15.454770,30.739012
1851,0,0.020200,1.198813,0.066494,0.009447,1.274754,13.430368,16.693643,31.419330
1852,0,0.031601,1.280443,0.091002,0.008698,1.380143,13.278394,15.387084,30.077669
1853,0,0.024759,1.582788,1.100307,0.009172,2.692267,12.200128,16.371831,31.289255
1854,0,0.025755,1.078594,0.070072,0.008249,1.156915,12.725259,16.645174,30.553533
1855,0,0.022023,1.155762,0.059198,0.008467,1.223427,15.212972,13.659514,30.118294
1856,0,0.024056,1.699087,0.087339,0.010260,1.796686,13.884881,15.563213,31.269213
1857,0,0.020558,1.240355,0.070238,0.008300,1.318893,13.161701,16.531476,31.033062
1858,0,0.022226,1.487495,0.094506,0.009458,1.591459,13.099827,15.458211,30.172153
1859,0,0.021159,1.606984,0.076165,0.007135,1.690284,13.346356,16.503105,31.561274
1860,0,0.021485,1.436309,0.068472,0.009864,1.514645,13.215569,15.749759,30.501953
1861,0,0.019443,1.141843,0.071162,0.008759,1.221764,13.328799,16.473912,31.044168
1862,0,0.021285,1.232840,0.072461,0.008782,1.314083,13.287866,15.904797,30.528452
1863,0,0.021286,1.164265,0.068548,0.008401,1.241214,13.399917,15.694485,30.357540
1864,0,0.021600,1.255842,0.071430,0.008133,1.335405,13.846850,15.907789,31.112079
1865,0,0.024127,1.264972,0.066840,0.009075,1.340887,15.046666,13.742241,30.154322
1866,0,0.024462,1.255598,0.184033,0.009975,1.449606,13.449921,16.618942,31.543348
1867,0,0.021124,1.325423,0.072204,0.008429,1.406056,13.147418,15.572297,30.147436
1868,0,0.023811,1.289692,0.080495,0.008857,1.379044,14.090944,15.856442,31.350940
1869,0,0.024956,1.665762,0.121942,0.012791,1.800495,11.954222,15.863235,29.643594
1870,0,0.021709,1.918858,0.086858,0.008122,2.013838,12.665512,15.546045,30.247478
1871,0,0.020345,1.252052,0.077146,0.008743,1.337941,13.644327,15.708116,30.711236
1872,0,0.021884,1.568971,0.069515,0.007773,1.646259,14.207312,14.926959,30.803038
1873,0,0.021207,1.210549,0.091275,0.008905,1.310729,13.926070,15.672036,30.930476
1874,0,0.068266,1.537580,0.075547,0.008904,1.622031,13.391954,15.742575,30.825302
1875,0,0.020251,1.670653,0.110815,0.009708,1.791176,16.322475,12.713702,30.848024
1876,0,0.019963,1.355953,0.066080,0.008579,1.430612,16.669165,12.657663,30.777837
1877,0,0.023581,1.531885,0.094146,0.008558,1.634589,12.861970,16.440023,30.960698
1878,0,0.022417,1.496447,0.076887,0.009199,1.582533,13.213947,15.826060,30.645402
1879,0,0.021766,1.130766,0.068039,0.008164,1.206969,14.388161,15.700983,31.318308
1880,0,0.021938,0.995366,0.062990,0.008492,1.066848,14.019653,16.346189,31.455161
1881,0,0.090033,1.211819,0.066514,0.008469,1.286802,12.933196,16.437017,30.747554
1882,0,0.021926,1.350824,0.071094,0.008497,1.430415,15.989786,13.026717,30.469202
1883,0,0.019764,1.283250,0.063274,0.008469,1.354993,13.256419,16.650194,31.281777
1884,0,0.024642,1.695014,0.101278,0.013228,1.809520,13.356397,14.751347,29.942367
1885,0,0.023119,1.166604,0.069389,0.008498,1.244491,14.278002,15.625449,31.171699
1886,0,0.022476,1.312949,0.157311,0.008748,1.479008,12.701308,16.491585,30.694803
1887,0,0.022773,1.185426,0.063054,0.008028,1.256508,13.069153,16.876985,31.225865
1888,0,0.020989,1.439967,0.072801,0.008261,1.521029,13.307827,15.582635,30.432854
1889,0,0.022863,1.002909,0.066060,0.008642,1.077611,15.969832,13.675483,30.746370
1890,0,0.020899,1.539185,0.808170,0.013512,2.360867,12.173021,15.625675,30.180895
1891,0,0.021987,1.464351,0.159932,0.008866,1.633149,13.305678,16.515004,31.476301
1892,0,0.024484,1.720533,0.099880,0.008579,1.828992,14.177831,14.744021,30.775710
1893,0,0.024097,1.196095,0.082000,0.008518,1.286613,12.734150,16.638669,30.683932
1894,0,0.025470,1.095387,0.070668,0.008261,1.174316,13.786899,15.547242,30.534454
1895,0,0.020354,1.257774,0.075897,0.008660,1.342331,13.330763,15.631281,30.325226
1896,0,0.021761,1.224520,0.064110,0.008682,1.297312,13.837485,16.445772,31.602717
1897,0,0.020869,1.290713,0.068702,0.009072,1.368487,13.497864,15.811215,30.698784
1898,0,0.020974,1.287688,0.066814,0.008713,1.363215,13.070849,15.733850,30.189430
1899,0,0.021663,1.369784,0.078380,0.008601,1.456765,13.588399,15.649357,30.716724
1900,0,0.021099,1.355644,0.077931,0.008647,1.442222,16.729477,11.722052,29.915229
1901,0,0.017908,1.233698,0.191501,0.016684,1.441883,14.188573,15.016208,30.664821
1902,0,0.018123,1.289721,0.079870,0.008971,1.378562,13.432210,16.438981,31.268349
1903,0,0.020101,1.482596,0.087852,0.007817,1.578265,13.308971,15.757118,30.664971
1904,0,0.024484,1.656994,0.071765,0.007954,1.736713,12.552815,16.414142,30.728660
1905,0,0.020038,1.168232,0.063118,0.008633,1.239983,15.673614,13.671774,30.605950
1906,0,0.020004,1.348342,0.070268,0.009375,1.427985,13.977307,15.430400,30.855947
1907,0,0.021723,1.229520,0.099451,0.008640,1.337611,17.470419,11.572728,30.402914
1908,0,0.023014,1.374263,0.065061,0.008848,1.448172,17.411850,11.797918,30.681343
1909,0,0.023209,1.806529,0.096351,0.008952,1.911832,13.527716,15.419361,30.882530
1910,0,0.020765,1.446261,0.179773,0.008374,1.634408,14.993545,15.493036,32.142002
1911,0,0.018735,1.830880,0.098141,0.022043,1.951064,12.476124,16.432220,30.878521
1912,0,0.020982,1.275420,0.067925,0.008990,1.352335,13.436622,15.604222,30.414639
1913,0,0.021131,1.149443,0.072564,0.008475,1.230482,14.187069,15.501446,30.940741
1914,0,0.020904,2.371684,0.229732,0.009817,2.611233,14.191792,13.997907,30.822373
1915,0,0.022033,1.503977,0.075287,0.008822,1.588086,13.606299,15.630490,30.847285
1916,0,0.020877,1.166637,0.064596,0.008784,1.240017,15.426512,14.211830,30.899639
1917,0,0.021230,1.180396,0.066310,0.009042,1.255748,12.756699,16.784608,30.818667
1918,0,0.019765,1.151936,0.062581,0.008218,1.222735,12.907982,16.480485,30.631416
1919,0,0.020842,1.648107,0.063875,0.007941,1.719923,13.134574,15.773734,30.649484
1920,0,0.020597,1.588402,0.064295,0.007918,1.660615,12.900417,16.519434,31.101446
1921,0,0.022452,1.341291,0.068050,0.008433,1.417774,12.665369,16.487281,30.593387
1922,0,0.019159,1.647465,0.072399,0.007576,1.727440,12.786557,16.437268,30.970805
1923,0,0.018802,1.157691,0.062861,0.008699,1.229251,12.696961,16.478682,30.424204
1924,0,0.022695,1.437422,0.073806,0.008415,1.519643,12.786624,16.637514,30.967023
1925,0,0.023206,1.372391,0.063300,0.008274,1.443965,14.183764,14.636328,30.287880
1926,0,0.019662,0.982868,0.093769,0.008871,1.085508,13.663976,16.452345,31.222165
1927,0,0.022043,1.196805,0.111123,0.008364,1.316292,13.903770,14.940073,30.182575
1928,0,0.021371,1.446310,0.079562,0.008513,1.534385,16.235408,13.711392,31.502810
1929,0,0.021252,1.485823,0.090139,0.007703,1.583665,12.498911,16.490237,30.594459
1930,0,0.022509,1.369568,0.141197,0.009481,1.520246,12.971961,15.614639,30.129620
1931,0,0.025003,1.318964,0.075838,0.008841,1.403643,15.052268,13.706496,30.187840
1932,0,0.024447,1.435913,0.100850,0.009373,1.546136,15.924639,12.714766,30.210472
1933,0,0.022153,1.178279,0.064680,0.008559,1.251518,14.155125,15.720466,31.149639
1934,0,0.020931,1.237709,0.070753,0.008648,1.317110,13.786858,15.679666,30.804956
1935,0,0.022023,1.425986,0.067454,0.009118,1.502558,12.912696,16.115250,30.553212
1936,0,0.020537,1.207052,0.068463,0.008020,1.283535,14.126824,15.805888,31.237270
1937,0,0.021814,1.270180,0.079181,0.008503,1.357864,13.205231,16.503652,31.088975
1938,0,0.025910,1.680203,0.118329,0.009269,1.807801,13.140205,15.667591,30.641908
1939,0,0.021971,1.275251,0.075353,0.008517,1.359121,16.631251,12.855083,30.867911
1940,0,0.021849,1.415901,0.066275,0.008251,1.490427,13.213362,15.824270,30.550360
1941,0,0.020388,1.297670,0.067611,0.008397,1.373678,14.278819,15.542684,31.216020
1942,0,0.023730,4.650372,0.079903,0.008365,4.738640,13.464402,12.945677,31.172839
1943,0,0.017532,1.062411,0.091732,0.008003,1.162146,13.048889,16.630704,30.860017
1944,0,0.019696,1.055938,0.063761,0.008657,1.128356,13.599884,15.532478,30.281010
1945,0,0.021590,1.039020,0.101134,0.008280,1.148434,13.725032,16.454573,31.350061
1946,0,0.021509,1.021424,0.073941,0.008891,1.104256,13.231782,16.617267,30.975373
1947,0,0.019874,1.430790,0.068341,0.008549,1.507680,14.595765,13.701444,29.825324
1948,0,0.019309,1.350725,0.070960,0.009702,1.431387,14.379427,15.850776,31.681278
1949,0,0.063160,1.288308,0.060712,0.008383,1.357403,13.179002,15.735434,30.335451
1950,0,0.021245,2.494742,0.076766,0.008820,2.580328,12.304634,15.632010,30.538803
1951,0,0.026254,1.251654,0.069178,0.008820,1.329652,14.038121,15.437151,30.831632
1952,0,0.024390,1.577295,0.082763,0.007147,1.667205,13.717618,15.650362,31.059934
1953,0,0.022289,1.185454,0.098796,0.008277,1.292527,13.902072,15.622306,30.839507
1954,0,0.019801,1.141917,0.065216,0.008317,1.215450,16.260718,12.724296,30.220841
1955,0,0.019391,1.200509,0.071582,0.008495,1.280586,14.389869,15.668209,31.358997
1956,0,0.024862,1.236097,0.070218,0.008127,1.314442,14.780377,14.828656,30.948756
1957,0,0.021254,1.082145,0.089486,0.014985,1.186616,14.199202,14.612484,30.020041
1958,0,0.019569,1.151910,0.063560,0.008397,1.223867,14.073300,15.735517,31.052676
1959,0,0.022903,1.244769,0.072527,0.008054,1.325350,14.143765,15.427974,30.920659
1960,0,0.019730,1.211082,0.082007,0.008808,1.301897,13.071482,16.622336,31.015911
1961,0,0.023506,1.194547,0.066397,0.008474,1.269418,13.293558,15.837611,30.424489
1962,0,0.020881,1.234549,0.073326,0.008374,1.316249,13.419478,15.897679,30.654740
1963,0,0.020123,1.024056,0.078488,0.007382,1.109926,12.977874,15.836242,29.944659
1964,0,0.021273,1.313650,0.065992,0.009462,1.389104,18.209912,10.685060,30.305810
1965,0,0.025393,1.558261,0.068993,0.008960,1.636214,13.326848,15.990007,30.978857
1966,0,0.021506,1.209129,0.062030,0.008204,1.279363,14.314783,15.733898,31.350022
1967,0,0.020158,1.353156,0.119252,0.009054,1.481462,13.306817,15.637035,30.445899
1968,0,0.020326,1.479100,0.072763,0.008705,1.560568,15.298344,14.223446,31.103128
1969,0,0.018970,5.028773,0.092002,0.024014,5.144789,12.965506,12.673058,30.802740
1970,0,0.017986,1.179928,0.073840,0.008380,1.262148,13.169539,16.450972,30.901080
1971,0,0.023164,1.499758,0.080212,0.008333,1.588303,14.251438,14.635182,30.498484
1972,0,0.022405,1.261086,0.093525,0.009023,1.363634,13.327765,15.771410,30.485845
1973,0,0.028317,1.693635,0.219145,0.008647,1.921427,14.371033,15.471093,31.792296
1974,0,0.020531,1.133321,0.061444,0.008089,1.202854,13.876616,15.789865,30.890726
1975,0,0.020730,2.169769,0.063263,0.008365,2.241397,12.713394,15.869914,30.845966
1976,0,0.020599,1.072769,0.067260,0.008596,1.148625,14.319632,14.812038,30.301397
1977,0,0.027232,1.410968,0.073806,0.030968,1.515742,13.295895,16.728162,31.567470
1978,0,0.035171,1.386126,0.080300,0.008379,1.474805,16.617582,11.614325,29.742356
1979,0,0.023507,1.260010,0.096806,0.008259,1.365075,13.583803,16.548642,31.521408
1980,0,0.023222,1.542518,0.195569,0.008707,1.746794,14.967270,13.662669,30.400355
1981,0,0.019944,1.327300,0.075107,0.010570,1.412977,14.357950,14.929177,30.720398
1982,0,0.019159,1.227698,0.063547,0.008123,1.299368,13.885888,15.413382,30.618240
1983,0,0.019179,1.138642,0.091620,0.008110,1.238372,15.473942,14.619608,31.351600
1984,0,0.026189,1.244775,0.068061,0.008787,1.321623,15.320648,13.608521,30.277386
1985,0,0.019735,1.195136,0.078564,0.008931,1.282631,13.952812,15.638025,30.893683
1986,0,0.019364,1.066552,0.061341,0.008277,1.136170,13.394547,16.603778,31.154286
1987,0,0.020613,1.047584,0.095148,0.008825,1.151557,13.228781,15.569234,29.970549
1988,0,0.020205,1.155393,0.086359,0.008570,1.250322,13.885961,15.978880,31.135747
1989,0,0.021401,1.620393,0.099650,0.007909,1.727952,14.820128,14.740497,31.310521
1990,0,0.044010,1.529117,0.123986,0.008750,1.661853,13.147150,15.868436,30.722191
1991,0,0.030885,1.453481,0.087440,0.008538,1.549459,12.257090,16.754225,30.592074
1992,0,0.024381,1.619162,0.069240,0.008724,1.697126,14.034977,14.602308,30.359055
1993,0,0.024818,1.668986,0.078774,0.010512,1.758272,16.078738,12.593560,30.455732
1994,0,0.020168,1.208048,0.095353,0.008581,1.311982,12.674071,16.582392,30.589091
1995,0,0.020755,1.222472,0.074958,0.008521,1.305951,13.071969,15.695291,30.094453
1996,0,0.020202,1.070449,0.070272,0.008682,1.149403,13.857261,15.581361,30.608767
1997,0,0.021741,1.334283,0.072714,0.008565,1.415562,13.726710,15.661367,30.825833
1998,0,0.022885,2.061745,0.084157,0.008812,2.154714,13.093596,15.444868,30.716529
1999,0,0.022364,1.460799,0.136307,0.008399,1.605505,13.559043,15.731638,30.918958
2000,0,0.020371,1.167403,0.062356,0.008610,1.238369,13.449222,15.886126,30.594504
2001,0,0.025186,1.092121,0.064282,0.008157,1.164560,14.441771,15.484098,31.115884
2002,0,0.024822,1.020046,0.063521,0.007985,1.091552,13.276096,16.596892,30.990365
2003,0,0.023826,1.146182,0.080734,0.008307,1.235223,12.945010,16.647229,30.851673
2004,0,0.021213,1.219463,0.067721,0.010688,1.297872,14.555660,15.848408,31.723612
2005,0,0.022429,1.381033,0.060572,0.008447,1.450052,13.431662,15.054969,29.959451
2006,0,0.019186,1.318270,0.072661,0.008110,1.399041,13.953827,15.818822,31.191259
2007,0,0.021013,1.545247,0.077735,0.007825,1.630807,13.216938,15.629065,30.498213
2008,0,0.021509,1.295240,0.066616,0.008354,1.370210,13.842029,15.421906,30.656374
2009,0,0.019702,1.218245,0.068034,0.008601,1.294880,15.513561,14.790947,31.619463
2010,0,0.030222,1.418688,0.101270,0.007489,1.527447,15.914883,12.568775,30.041685
2011,0,0.045456,1.181341,0.078976,0.008535,1.268852,14.909363,14.557554,30.781535
2012,0,0.019952,1.255839,0.068206,0.007877,1.331922,13.638546,16.517779,31.508598
2013,0,0.020807,1.130848,0.077636,0.008252,1.216736,13.099562,15.811710,30.149420
2014,0,0.021212,1.191054,0.062327,0.008335,1.261716,13.990620,15.857687,31.131703
2015,0,0.021723,1.159099,0.065959,0.008816,1.233874,16.004690,13.773287,31.033910
2016,0,0.021023,1.223049,0.066062,0.009246,1.298357,12.608652,16.821679,30.750175
2017,0,0.019544,1.220462,0.066016,0.009035,1.295513,13.293341,15.603165,30.212025
2018,0,0.023588,1.178665,0.069626,0.008561,1.256852,13.815334,15.450008,30.546184
2019,0,0.021713,1.245260,0.084871,0.008599,1.338730,13.334170,16.629768,31.324855
2020,0,0.019514,1.510488,0.071123,0.008096,1.589707,12.895397,16.516868,31.021859
2021,0,0.020498,1.187666,0.089366,0.008919,1.285951,12.988948,15.985268,30.280932
2022,0,0.020251,1.281930,0.066741,0.008615,1.357286,14.339793,14.677266,30.395016
2023,0,0.019405,1.249906,0.072788,0.010230,1.332924,14.017713,15.404153,30.774584
2024,0,0.021146,1.295154,0.084392,0.008020,1.387566,13.461926,16.558817,31.429905
2025,0,0.022614,1.528834,0.847297,0.012924,2.389055,13.128191,13.604631,29.144875
2026,0,0.023238,1.167265,0.063589,0.008171,1.239025,14.292723,15.841770,31.397237
2027,0,0.022520,1.135300,0.064020,0.008652,1.207972,13.493843,15.592478,30.317269
2028,0,0.034547,1.356142,0.098912,0.009598,1.464652,13.392163,16.584054,31.476013
2029,0,0.025617,1.414419,0.071953,0.008186,1.494558,12.961576,15.785530,30.267822
2030,0,0.019315,1.541682,0.092241,0.008744,1.642667,12.707094,16.553008,30.922460
2031,0,0.022507,1.278347,0.069665,0.008652,1.356664,13.707796,15.526501,30.613878
2032,0,0.023874,1.530601,0.064121,0.008744,1.603466,14.298491,14.652107,30.578321
2033,0,0.021967,1.491256,0.102148,0.008381,1.601785,14.356457,14.740212,30.720927
2034,0,0.022395,1.225690,0.075605,0.014100,1.315395,13.489668,16.430298,31.258056
2035,0,0.021120,1.254962,0.068165,0.008477,1.331604,14.411171,15.738589,31.502882
2036,0,0.020624,1.231369,0.101385,0.008534,1.341288,19.123916,9.803254,30.289443
2037,0,0.018323,16.017538,6.194131,0.028654,22.240323,14.757949,9.655808,46.672812
2038,0,0.022819,1.240172,0.095100,0.009425,1.344697,17.212011,11.865511,30.445430
2039,0,0.031728,1.699326,0.072249,0.009122,1.780697,13.582559,15.499502,30.895124
2040,0,0.019054,1.429582,0.075971,0.025738,1.531291,13.019417,16.629919,31.200072
2041,0,0.026155,1.408984,0.069192,0.008240,1.486416,14.016375,14.657623,30.186959
2042,0,0.024533,1.665772,0.093916,0.008882,1.768570,13.374429,15.325059,30.492980
2043,0,0.019508,1.431291,0.069581,0.008748,1.509620,13.913357,15.460030,30.902878
2044,0,0.020565,1.457873,0.100387,0.008781,1.567041,13.750796,15.558351,30.897185
2045,0,0.019854,1.130913,0.067688,0.008209,1.206810,14.848010,14.880323,30.955431
2046,0,0.021087,1.167075,0.063444,0.008470,1.238989,14.003220,15.592586,30.856251
2047,0,0.021309,1.291401,0.066618,0.008466,1.366485,13.807400,15.626405,30.821982
2048,0,0.019852,0.949966,0.062402,0.008576,1.020944,13.384480,16.471815,30.897735
2049,0,0.027010,1.204357,0.067722,0.008537,1.280616,13.002949,16.687057,30.998356
2050,0,0.019291,1.153247,0.067478,0.008482,1.229207,12.745163,16.509798,30.504075
2051,0,0.020419,1.400514,0.069350,0.007376,1.477240,13.318231,15.843353,30.659680
2052,0,0.021047,1.204971,0.064109,0.008378,1.277458,14.273044,14.876998,30.448986
2053,0,0.024938,0.994367,0.096695,0.007618,1.098680,14.133690,15.643046,30.900856
2054,0,0.020604,1.084643,0.064534,0.008652,1.157829,13.362062,16.440124,30.981116
2055,0,0.021004,1.833204,0.077261,0.008830,1.919295,14.607921,13.636840,30.185541
2056,0,0.033336,1.331787,0.068741,0.008234,1.408762,13.967772,14.635369,30.045665
2057,0,0.020511,1.031233,0.069536,0.008691,1.109460,14.398938,15.504007,31.033464
2058,0,0.025665,1.384680,0.076009,0.008719,1.469408,13.272118,16.395929,31.163431
2059,0,0.019553,1.772962,0.082105,0.009177,1.864244,19.134754,9.546686,30.565484
2060,0,0.021384,1.265873,0.064279,0.009010,1.339162,12.957481,16.560808,30.879355
2061,0,0.027809,1.553203,0.066314,0.008947,1.628464,12.890750,15.896744,30.444050
2062,0,0.033023,1.154678,0.062433,0.008693,1.225804,14.052728,15.606335,30.918310
2063,0,0.020449,1.217308,0.072581,0.007274,1.297163,13.830166,15.513093,30.661560
2064,0,0.023504,1.286141,0.093037,0.008539,1.387717,13.052948,16.578054,31.042586
2065,0,0.020519,1.183285,0.069104,0.008955,1.261344,13.514892,15.619442,30.416564
2066,0,0.020086,1.091306,0.080578,0.008629,1.180513,14.856915,15.555040,31.613137
2067,0,0.019975,1.226655,0.066608,0.008247,1.301510,13.269924,15.885425,30.477258
2068,0,0.020018,1.165632,0.065095,0.009372,1.240099,14.015218,15.613093,30.888799
2069,0,0.019671,1.173947,0.074922,0.008609,1.257478,13.922920,15.495893,30.696401
2070,0,0.022866,1.280137,0.081904,0.008394,1.370435,13.927441,15.505096,30.826342
2071,0,0.019965,1.312714,0.071020,0.009173,1.392907,13.499014,16.493169,31.405401
2072,0,0.020575,1.026774,0.077134,0.009274,1.113182,16.825534,12.591707,30.551386
2073,0,0.023006,1.411652,0.570287,0.007039,1.988978,15.048078,13.714775,30.775202
2074,0,0.022590,1.461123,0.085479,0.008455,1.555057,12.990764,16.641019,31.209822
2075,0,0.023096,1.276184,0.062245,0.009151,1.347580,13.467750,15.419087,30.257786
2076,0,0.022228,1.356347,0.062771,0.008982,1.428100,13.833435,15.676745,30.960929
2077,0,0.027503,1.720259,0.099397,0.008317,1.827973,17.927370,10.910971,30.694448
2078,0,0.025144,1.592933,0.091565,0.009169,1.693667,19.926953,8.642028,30.288226
2079,0,0.020622,1.196055,0.084329,0.008055,1.288439,16.330436,13.733011,31.373080
2080,0,0.018658,1.015061,0.065043,0.008408,1.088512,14.323712,14.990640,30.422114
2081,0,0.020650,1.139995,0.102109,0.009349,1.251453,13.184073,16.646646,31.103289
2082,0,0.020313,1.502235,0.075153,0.008713,1.586101,13.171696,15.460678,30.239158
2083,0,0.021496,1.502386,0.072924,0.007453,1.582763,13.367088,16.569468,31.541455
2084,0,0.017653,1.219410,0.083528,0.008439,1.311377,13.055965,15.575463,29.960883
2085,0,0.022581,1.654996,0.114922,0.008062,1.777980,13.079776,16.509431,31.390274
2086,0,0.021951,1.143063,0.113176,0.008824,1.265063,12.878445,15.909362,30.075376
2087,0,0.020823,1.126702,0.069143,0.009347,1.205192,14.656216,14.242278,30.124857
2088,0,0.021381,1.174929,0.074167,0.010920,1.260016,13.769624,15.625947,30.677332
2089,0,0.021165,1.501400,0.076213,0.009329,1.586942,13.398486,15.484437,30.491411
2090,0,0.021343,1.481736,0.065709,0.008809,1.556254,14.074797,15.462018,31.114913
2091,0,0.025298,1.318731,0.070565,0.007564,1.396860,13.711912,15.516333,30.650749
2092,0,0.022606,1.271631,0.090282,0.009089,1.371002,13.910258,15.767705,31.072461
2093,0,0.021401,1.179494,0.068327,0.008373,1.256194,15.803494,13.868962,30.950483
2094,0,0.021573,1.426754,0.065392,0.007485,1.499631,12.535297,16.643840,30.700836
2095,0,0.024685,1.587960,0.091660,0.008225,1.687845,13.186022,15.533691,30.432658
2096,0,0.028332,1.259503,0.071728,0.008043,1.339274,15.508723,13.682042,30.558781
2097,0,0.021078,1.567416,0.092865,0.008625,1.668906,14.114962,16.711438,32.516801
2098,0,0.024493,1.396099,0.818622,0.008660,2.223381,14.736019,13.688424,30.672796
2099,0,0.023775,1.234350,0.075402,0.008305,1.318057,13.182490,15.625685,30.150582
2100,0,0.029562,1.915773,0.119033,0.010354,2.045160,14.457533,14.607979,31.140761
2101,0,0.025244,1.650087,0.084108,0.007331,1.741526,16.080059,12.591634,30.438866
2102,0,0.021667,1.177091,0.078917,0.008460,1.264468,13.611817,15.847567,30.745991
2103,0,0.018993,0.977732,0.086233,0.008893,1.072858,13.759683,15.568346,30.420143
2104,0,0.018554,1.042604,0.090773,0.008145,1.141522,13.899151,15.893506,30.953229
2105,0,0.024012,1.674467,0.137861,0.007814,1.820142,14.191894,15.165216,31.201562
2106,0,0.018017,1.173034,0.080936,0.008621,1.262591,14.805507,14.622133,30.708637
2107,0,0.025377,1.543392,0.148422,0.008133,1.699947,13.031207,15.768590,30.525518
2108,0,0.022598,1.224540,0.064633,0.008609,1.297782,13.538532,15.659872,30.519279
2109,0,0.022757,1.450080,0.099263,0.008364,1.557707,13.975878,15.699334,31.256114
2110,0,0.021245,1.179177,0.075353,0.008869,1.263399,13.747530,15.672368,30.704871
2111,0,0.020527,1.348020,0.150196,0.009609,1.507825,12.836232,16.804523,31.169390
2112,0,0.021433,1.244335,0.065844,0.007557,1.317736,13.551434,15.818377,30.709389
2113,0,0.022967,1.558217,0.072877,0.008949,1.640043,13.766209,14.530368,29.959865
2114,0,0.019889,1.418571,0.071292,0.008503,1.498366,14.147086,15.979211,31.645040
2115,0,0.025699,1.552407,0.068030,0.008731,1.629168,12.183439,16.687773,30.526488
2116,0,0.024285,1.774746,0.083603,0.008627,1.866976,13.264918,15.804827,30.961412
2117,0,0.022070,1.125735,0.059122,0.008478,1.193335,13.407131,15.465829,30.088829
2118,0,0.021016,1.228264,0.070067,0.009975,1.308306,12.518015,16.574687,30.422559
2119,0,0.022025,1.326725,0.096064,0.008972,1.431761,12.842078,15.739817,30.035954
2120,0,0.021658,1.345815,0.079681,0.008459,1.433955,13.465953,16.672819,31.594794
2121,0,0.020699,1.177406,0.065359,0.008270,1.251035,20.587483,8.573061,30.432613
2122,0,0.019785,0.980009,0.124316,0.006915,1.111240,13.649495,16.033600,30.814659
2123,0,0.021627,1.156998,0.068315,0.009261,1.234574,13.773380,15.571220,30.601170
2124,0,0.031902,1.246836,0.074823,0.008486,1.330145,13.738089,15.651977,30.752644
2125,0,0.024042,1.574673,0.070233,0.008212,1.653118,19.128406,9.644443,30.450441
2126,0,0.023689,1.122430,0.069737,0.009202,1.201369,14.431922,15.055898,30.713367
2127,0,0.026418,1.501053,0.100457,0.009328,1.610838,20.284682,8.971707,30.894096
2128,0,0.025327,1.700606,0.124735,0.008591,1.833932,16.237466,13.721830,31.818995
2129,0,0.021729,1.353639,0.070244,0.008233,1.432116,13.264109,15.810031,30.528619
2130,0,0.025174,1.256588,0.069865,0.008630,1.335083,14.139071,15.654585,31.154354
2131,0,0.023192,1.231525,0.076432,0.008260,1.316217,13.957134,15.460132,30.757030
2132,0,0.021088,1.027146,0.073369,0.008445,1.108960,13.849840,15.790652,30.771259
2133,0,0.019750,1.234378,0.079525,0.008236,1.322139,18.137559,11.028362,30.508306
2134,0,0.019667,1.215263,0.856772,0.009324,2.081359,21.261908,7.749589,31.112946
2135,0,0.020097,1.084306,0.062679,0.008475,1.155460,13.584270,15.679487,30.439725
2136,0,0.022200,1.121021,0.063726,0.007807,1.192554,13.617530,16.531541,31.364574
2137,0,0.029545,1.636394,0.081896,0.006718,1.725008,14.986412,13.169290,29.910661
2138,0,0.021887,1.204786,0.079623,0.008243,1.292652,13.833608,16.579814,31.728482
2139,0,0.019588,1.049754,0.119574,0.007442,1.176770,13.405389,15.511943,30.114332
2140,0,0.022637,1.298474,0.076317,0.008583,1.383374,13.392201,16.550511,31.349176
2141,0,0.021322,1.000276,0.068348,0.008571,1.077195,13.350024,15.890297,30.339260
2142,0,0.019857,1.124751,0.069820,0.008482,1.203053,13.982656,15.457022,30.663029
2143,0,0.020475,1.202427,0.070019,0.008139,1.280585,13.606702,16.159395,31.067639
2144,0,0.026114,1.571555,0.096888,0.007960,1.676403,12.758276,16.606792,31.068030
2145,0,0.022381,1.151055,0.065189,0.008604,1.224848,12.660963,15.986402,29.895140
2146,0,0.022478,1.611436,0.130632,0.008123,1.750191,17.892987,10.987359,30.653417
2147,0,0.025561,1.191932,0.072173,0.008522,1.272627,13.792559,16.117540,31.208705
2148,0,0.023290,1.243955,0.114668,0.008324,1.366947,13.951217,15.113755,30.455637
2149,0,0.019388,1.300915,0.093612,0.008665,1.403192,13.784587,15.486349,30.693845
2150,0,0.020517,1.274982,0.080235,0.007593,1.362810,13.289886,15.631511,30.305027
2151,0,0.020855,1.162104,0.098447,0.008031,1.268582,15.024866,14.363136,30.678066
2152,0,0.020369,1.185335,0.134876,0.008241,1.328452,15.133759,14.601256,31.084328
2153,0,0.025198,1.314694,0.069982,0.009680,1.394356,13.956671,15.234602,30.611221
2154,0,0.022619,1.296729,0.079448,0.008365,1.384542,13.650009,15.642497,30.700051
2155,0,0.020846,1.206774,0.073241,0.022925,1.302940,13.190298,16.030225,30.544757
2156,0,0.025927,1.372166,0.083061,0.007295,1.462522,14.953635,14.684029,31.126500
2157,0,0.022747,1.185673,0.066253,0.008704,1.260630,14.272210,15.210607,30.766612
2158,0,0.021561,1.225010,0.092886,0.008130,1.326026,13.063384,16.717778,31.129182
2159,0,0.020733,1.052558,0.114012,0.010308,1.176878,13.646794,15.117517,29.962313
2160,0,0.026773,1.549815,0.078600,0.007331,1.635746,15.681165,14.889979,32.234098
2161,0,0.023033,1.169176,0.096004,0.009171,1.274351,23.429207,5.337614,30.064745
2162,0,0.021563,1.434189,0.079984,0.008190,1.522363,13.529309,15.861082,30.934753
2163,0,0.037441,1.358649,0.130300,0.008254,1.497203,13.361319,15.952846,30.849338
2164,0,0.028813,1.819345,0.114786,0.009889,1.944020,14.789161,14.180929,30.943417
2165,0,0.028282,1.261693,0.074517,0.008236,1.344446,13.246050,16.638240,31.257514
2166,0,0.023836,1.484279,0.115473,0.008737,1.608489,17.599140,10.579536,29.811639
2167,0,0.020318,1.216716,0.059526,0.008250,1.284492,14.277513,15.486850,31.069769
2168,0,0.027412,1.731568,0.123993,0.009543,1.865104,15.496059,13.782985,31.172115
2169,0,0.020424,1.017057,0.088289,0.008801,1.114147,13.679276,15.586351,30.400573
2170,0,0.021820,1.593292,0.113461,0.007697,1.714450,12.678734,16.020197,30.435614
2171,0,0.017075,1.264451,0.074046,0.008682,1.347179,14.008093,15.509068,30.881665
2172,0,0.022439,1.122374,0.076740,0.008715,1.207829,15.926697,13.869274,31.026748
2173,0,0.023674,1.600739,0.075732,0.007719,1.684190,14.189299,14.883096,30.780622
2174,0,0.020757,1.242243,0.068831,0.007905,1.318979,13.766492,15.902068,31.008697
2175,0,0.025478,1.180583,0.071265,0.008480,1.260328,14.553439,14.665060,30.504946
2176,0,0.022266,1.483755,0.098886,0.011170,1.593811,17.138378,11.811118,30.566299
2177,0,0.029139,1.682525,0.102062,0.010083,1.794670,13.991301,14.732213,30.547831
2178,0,0.038044,1.097490,0.076569,0.008302,1.182361,14.213723,15.984611,31.419252
2179,0,0.025605,1.610006,0.288678,0.011929,1.910613,12.686252,15.747969,30.370892
2180,0,0.023477,1.114963,0.073952,0.007789,1.196704,14.837322,14.675989,30.733987
2181,0,0.024271,1.571283,0.069113,0.007492,1.647888,13.475233,14.990695,30.138675
2182,0,0.021399,1.239802,0.098883,0.010263,1.348948,17.494374,11.859669,30.724776
2183,0,0.021900,1.168057,0.067261,0.008788,1.244106,15.427059,14.019979,30.714022
2184,0,0.026934,1.698422,0.105941,0.008525,1.812888,16.272610,12.643284,30.756247
2185,0,0.023372,1.278118,0.071714,0.008543,1.358375,17.161846,12.206064,30.750047
2186,0,0.022686,1.124962,0.065094,0.008374,1.198430,14.079911,14.820767,30.122141
2187,0,0.020852,1.215801,0.072313,0.008796,1.296910,15.888037,13.663028,30.869370
2188,0,0.026381,1.478163,0.153937,0.009036,1.641136,13.053127,16.138750,30.859793
2189,0,0.020231,1.296455,0.072343,0.008815,1.377613,14.763918,14.691896,30.854184
2190,0,0.021289,1.154627,0.066973,0.008439,1.230039,13.629523,15.770555,30.651813
2191,0,0.021767,1.291767,0.123280,0.009089,1.424136,13.637094,0.638888,15.722352
2192,0,0.012104,1.738666,0.082762,0.016058,1.837486,14.137231,15.499292,31.486592
2193,0,0.028048,1.249506,0.065584,0.008199,1.323289,18.293760,10.726783,30.372364
2194,0,0.019100,1.086631,0.137849,0.007831,1.232311,14.316572,15.626972,31.195408
2195,0,0.024010,1.633987,0.064245,0.007428,1.705660,13.568043,15.039429,30.337554
2196,0,0.020371,1.161218,0.093068,0.008430,1.262716,15.897812,13.656333,30.837608
2197,0,0.020660,1.041099,0.076189,0.009243,1.126531,16.224278,14.146215,31.517923
2198,0,0.025565,0.960350,0.066336,0.008291,1.034977,12.998351,15.917874,29.977355
2199,0,0.024335,1.743764,0.097980,0.008280,1.850024,13.097535,15.967927,30.940341
2200,0,0.019014,1.215302,0.073310,0.008132,1.296744,14.186584,15.481535,30.984293
2201,0,0.021729,1.358990,0.073874,0.007636,1.440500,17.906494,11.777181,31.146326
2202,0,0.024209,1.260826,0.106704,0.009037,1.376567,12.608868,16.600603,30.610630
2203,0,0.021463,1.220354,0.110529,0.010290,1.341173,14.718480,14.008771,30.090308
2204,0,0.025438,1.117713,0.122996,0.008780,1.249489,14.014270,15.612357,30.902178
2205,0,0.019540,1.262671,0.087116,0.008473,1.358260,13.988850,15.407386,30.774533
2206,0,0.019345,1.361803,0.091254,0.009463,1.462520,13.225618,16.461586,31.169704
2207,0,0.020493,1.249338,0.095952,0.009273,1.354563,13.768690,15.431828,30.576353
2208,0,0.023346,1.022641,0.072319,0.008082,1.103042,16.882474,12.630208,30.639579
2209,0,0.023674,1.266654,0.078965,0.008943,1.354562,14.262431,15.616849,31.258092
2210,0,0.024490,1.292709,0.067331,0.008162,1.368202,13.871782,14.817015,30.082130
2211,0,0.022123,1.103028,0.077746,0.008672,1.189446,14.493136,15.491750,31.197189
2212,0,0.023276,1.626797,0.113243,0.007865,1.747905,12.854051,16.628891,31.254568
2213,0,0.019765,1.182315,0.066248,0.008482,1.257045,13.213411,14.813543,29.304111
2214,0,0.021909,1.136255,0.071273,0.010546,1.218074,16.413829,13.124157,30.778329
2215,0,0.020403,1.201280,0.069457,0.008413,1.279150,13.889793,15.216220,30.406005
2216,0,0.024360,1.439612,0.099089,0.008116,1.546817,15.484479,13.794281,30.850340
2217,0,0.020337,1.227996,0.091112,0.008453,1.327561,14.256325,15.529541,31.134234
2218,0,0.019347,1.207468,0.065672,0.008739,1.281879,13.262806,16.568105,31.132509
2219,0,0.020222,1.258720,0.085429,0.008865,1.353014,14.193940,14.746513,30.314064
2220,0,0.020930,1.254501,0.077858,0.008563,1.340922,17.665259,11.679493,30.706984
2221,0,0.022926,1.346033,0.071162,0.008555,1.425750,14.737637,14.692458,30.879167
2222,0,0.020970,1.249798,0.059253,0.009190,1.318241,13.194583,16.242599,30.776788
2223,0,0.021505,1.246275,0.063282,0.008721,1.318278,14.451990,16.235503,32.027629
2224,0,0.020776,1.071651,0.071176,0.009205,1.152032,14.636979,14.657061,30.467117
2225,0,0.020108,1.113165,0.066240,0.008277,1.187682,14.902268,14.217802,30.328364
2226,0,0.026474,1.390692,0.067113,0.008458,1.466263,14.064247,16.027969,31.585387
2227,0,0.029861,1.913090,0.076852,0.008449,1.998391,15.655534,12.097200,29.781541
2228,0,0.020717,1.193489,0.073072,0.009052,1.275613,14.414607,15.629438,31.341407
2229,0,0.021696,1.286063,0.078353,0.007877,1.372293,17.640247,11.825662,30.860267
2230,0,0.020398,1.150104,0.065029,0.008518,1.223651,13.851589,15.632968,30.729000
2231,0,0.020544,1.104068,0.066826,0.008108,1.179002,16.470002,13.212139,30.881998
2232,0,0.020029,1.139256,0.079329,0.008359,1.226944,13.780219,15.791254,30.819023
2233,0,0.024941,1.581087,0.523214,0.009073,2.113374,12.952608,15.642934,30.734435
2234,0,0.021210,1.199838,0.087394,0.008494,1.295726,13.126318,16.612414,31.055961
2235,0,0.026906,1.275088,0.094792,0.009514,1.379394,14.301996,14.971487,30.680317
2236,0,0.024187,1.206925,0.124871,0.008956,1.340752,14.907215,13.922189,30.194724
2237,0,0.022354,1.123076,0.071337,0.007987,1.202400,17.068573,12.982959,31.276659
2238,0,0.020579,1.109735,0.065511,0.009236,1.184482,15.891888,13.236951,30.334368
2239,0,0.019845,1.181975,0.083881,0.008929,1.274785,14.084376,15.582845,30.962362
2240,0,0.021122,1.248648,0.083587,0.008313,1.340548,15.643913,13.633392,30.639399
2241,0,0.023737,1.660297,0.097829,0.013250,1.771376,16.487381,11.922545,30.205448
2242,0,0.023388,1.208728,0.084673,0.008104,1.301505,14.071482,15.739839,31.136642
2243,0,0.022301,1.175021,0.068690,0.008785,1.252496,16.176649,13.874298,31.326098
2244,0,0.020242,1.196940,0.094961,0.008252,1.300153,16.977861,10.729427,29.028132
2245,0,0.022995,1.686729,0.086063,0.009897,1.782689,22.807035,6.634899,31.247954
2246,0,0.020633,1.179715,0.064108,0.008096,1.251919,21.124687,7.711626,30.109420
2247,0,0.025379,1.455361,0.091227,0.008371,1.554959,15.936140,13.879302,31.396054
2248,0,0.020959,1.055037,0.118604,0.011034,1.184675,16.097298,13.669446,30.972856
2249,0,0.022408,1.146290,0.072520,0.008024,1.226834,13.936687,15.712081,30.898400
2250,0,0.024896,1.603720,0.072744,0.007292,1.683756,15.637986,12.656610,30.003637
2251,0,0.021049,1.355677,0.064431,0.008142,1.428250,14.126106,15.540521,31.116372
2252,0,0.023244,1.274169,0.069275,0.008382,1.351826,13.963011,15.649578,30.988165
2253,0,0.020527,1.182207,0.100942,0.008436,1.291585,13.061436,16.614118,30.988107
2254,0,0.019929,1.100057,0.136882,0.007802,1.244741,13.932443,16.502893,31.700488
2255,0,0.020942,1.021630,0.069470,0.008184,1.099284,13.360876,15.675707,30.157408
2256,0,0.017755,1.092528,0.072194,0.008507,1.173229,15.470282,14.575208,31.237091
2257,0,0.019307,1.120618,0.214060,0.008451,1.343129,13.620236,16.020010,31.003186
2258,0,0.020976,0.991190,0.065388,0.008677,1.065255,13.475199,15.597683,30.159515
2259,0,0.022559,1.128072,0.241459,0.008539,1.378070,13.862341,15.431638,30.694927
2260,0,0.022360,1.214785,0.067444,0.008680,1.290909,15.229883,14.917242,31.461246
2261,0,0.029192,1.585851,0.098147,0.007385,1.691383,27.488634,0.989242,30.198969
2262,0,0.009783,1.442366,0.067056,0.008148,1.517570,14.768313,14.680847,30.977129
2263,0,0.020581,1.157302,0.076083,0.009393,1.242778,13.201223,16.668686,31.133753
2264,0,0.022478,1.055419,0.064763,0.008396,1.128578,13.513536,15.589447,30.254888
2265,0,0.020245,0.994810,0.069478,0.008215,1.072503,14.965606,14.686982,30.745869
2266,0,0.018744,0.989249,0.084363,0.011334,1.084946,13.319431,16.794802,31.218298
2267,0,0.025535,1.004692,0.070601,0.008443,1.083736,13.351076,16.439843,30.900904
2268,0,0.021587,1.124648,0.067476,0.008608,1.200732,12.793665,16.554133,30.570659
2269,0,0.020433,1.221969,0.093198,0.009660,1.324827,12.771222,16.901762,31.018605
2270,0,0.018889,1.161233,0.206945,0.008216,1.376394,13.177232,15.554208,30.127087
2271,0,0.019869,1.407971,0.070729,0.007905,1.486605,13.753888,15.457299,30.718189
2272,0,0.022153,1.231558,0.100681,0.008980,1.341219,13.451147,16.768523,31.583491
2273,0,0.021363,1.174655,0.073861,0.008665,1.257181,14.437919,14.674186,30.391260
2274,0,0.020261,1.955867,0.180033,0.012372,2.148272,15.089859,13.756968,31.015726
2275,0,0.020399,1.376552,0.071736,0.007576,1.455864,19.549190,8.683908,29.709802
2276,0,0.017640,1.036799,0.061545,0.007975,1.106319,13.104451,15.937584,30.166459
2277,0,0.020640,1.196834,0.068854,0.008487,1.274175,14.341186,15.486342,31.122845
2278,0,0.020518,1.095033,0.084262,0.007389,1.186684,13.378585,15.833508,30.419850
2279,0,0.022037,1.082728,0.072357,0.008623,1.163708,15.934471,13.791141,30.911647
2280,0,0.019751,1.207342,0.064520,0.008370,1.280232,16.446858,13.731437,31.478793
2281,0,0.021614,1.247969,0.141010,0.008304,1.397283,15.148656,13.669293,30.237273
2282,0,0.025403,1.259342,0.096866,0.008503,1.364711,15.142424,14.672255,31.205259
2283,0,0.021493,1.120769,0.080394,0.008264,1.209427,14.037262,15.711008,30.979775
2284,0,0.035694,1.366370,0.087218,0.007662,1.461250,19.715779,8.781385,29.994357
2285,0,0.020346,1.227961,0.083350,0.008323,1.319634,14.470110,16.750820,32.561212
2286,0,0.020500,1.310543,0.065960,0.008220,1.384723,17.409648,11.293417,30.108576
2287,0,0.038167,1.173137,0.066719,0.008682,1.248538,14.251335,15.280721,30.819171
2288,0,0.023089,1.191402,0.122005,0.009949,1.323356,13.774138,15.535158,30.656171
2289,0,0.021139,1.354548,0.159454,0.010923,1.524925,14.319532,15.177319,31.043319
2290,0,0.024191,1.661170,0.100080,0.009070,1.770320,14.047811,15.071958,30.914686
2291,0,0.023161,1.079228,0.087413,0.008950,1.175591,13.268432,15.710115,30.177600
2292,0,0.020210,1.334292,0.063083,0.008074,1.405449,14.521884,15.663568,31.611693
2293,0,0.021485,1.147147,0.108772,0.008012,1.263931,15.390710,13.220215,29.896762
2294,0,0.020201,1.111334,0.088500,0.008078,1.207912,14.544428,15.767755,31.540709
2295,0,0.023357,1.091300,0.060740,0.007792,1.159832,14.808644,14.583084,30.575455
2296,0,0.022283,1.178380,0.070605,0.007943,1.256928,13.673877,15.938940,30.892318
2297,0,0.020189,1.373104,0.075065,0.008781,1.456950,13.125106,15.658030,30.260763
2298,0,0.023393,1.378148,0.077400,0.007913,1.463461,13.286652,16.655917,31.429971
2299,0,0.023351,1.630549,0.084076,0.008055,1.722680,18.785672,9.754438,30.286555
2300,0,0.024702,1.555902,0.068237,0.007962,1.632101,14.937643,13.895102,30.489948
2301,0,0.025082,1.496907,0.066896,0.007966,1.571769,14.382169,14.715916,30.695321
2302,0,0.020316,1.145674,0.066887,0.008633,1.221194,14.050500,15.647663,30.940084
2303,0,0.020922,1.190037,0.079531,0.008439,1.278007,13.392687,16.654728,31.346711
2304,0,0.020475,1.450110,0.076438,0.007737,1.534285,14.971422,13.616574,30.143136
2305,0,0.020930,1.315255,0.069829,0.009137,1.394221,13.401351,16.927997,31.744943
2306,0,0.025182,1.964267,0.070575,0.008220,2.043062,14.509735,12.857796,29.436300
2307,0,0.018516,1.124536,0.072199,0.008479,1.205214,15.504263,13.567182,30.295617
2308,0,0.020446,1.233422,0.072642,0.009660,1.315724,16.131306,13.676073,31.143955
2309,0,0.020078,1.670623,0.091660,0.009405,1.771688,17.246503,11.847333,30.886133
2310,0,0.025296,1.349916,0.072152,0.022061,1.444129,17.623168,11.130586,30.223618
2311,0,0.020880,1.430089,0.111698,0.008604,1.550391,16.873399,12.638614,31.083743
2312,0,0.050442,1.642559,0.138023,0.011737,1.792319,29.266850,14.744396,45.854552
2313,0,0.026997,1.138952,0.073819,0.008149,1.220920,16.393115,13.543721,31.185078
2314,0,0.019928,1.179034,0.070117,0.008278,1.257429,14.750958,14.755648,30.784435
2315,0,0.019695,1.083605,0.078472,0.009221,1.171298,13.399997,16.014438,30.605858
2316,0,0.025888,1.357045,0.078782,0.008074,1.443901,14.832498,15.509458,31.812203
2317,0,0.019407,1.887115,0.132006,0.010028,2.029149,14.921778,13.697843,30.668604
2318,0,0.029317,1.610241,0.079377,0.008428,1.698046,18.536707,10.317560,30.582026
2319,0,0.023566,1.162035,0.097408,0.008188,1.267631,13.705653,15.735054,30.732300
2320,0,0.021625,1.168318,0.064276,0.008545,1.241139,14.752458,14.690994,30.706597
2321,0,0.020380,1.201250,0.071770,0.009454,1.282474,13.714478,15.839659,30.857349
2322,0,0.020312,1.125593,0.082620,0.007970,1.216183,13.637505,16.627111,31.501639
2323,0,0.035578,1.581516,0.114298,0.007299,1.703113,16.661740,11.627449,30.028469
2324,0,0.019790,1.326850,0.094032,0.009254,1.430136,17.881743,11.702975,31.035043
2325,0,0.020565,1.152173,0.085061,0.008689,1.245923,13.494788,16.069656,30.831398
2326,0,0.022558,0.988414,0.063041,0.007953,1.059408,14.444779,15.594383,31.121730
2327,0,0.021766,0.945602,0.083227,0.008893,1.037722,15.291409,13.883860,30.235295
2328,0,0.019371,1.098576,0.076034,0.007802,1.182412,13.998641,15.869357,31.070656
2329,0,0.025344,1.443858,0.115026,0.011494,1.570378,13.897497,15.736558,31.230078
2330,0,0.018937,1.120478,0.061914,0.008344,1.190736,13.453985,15.904345,30.568364
2331,0,0.021631,1.704002,0.219505,0.008423,1.931930,13.737018,14.681268,30.372306
2332,0,0.023051,1.365951,0.073614,0.008265,1.447830,13.542409,15.495802,30.509598
2333,0,0.018753,1.266884,0.091239,0.008371,1.366494,13.563159,16.674467,31.623381
2334,0,0.026546,1.619611,0.096726,0.009275,1.725612,13.200664,15.630061,30.583293
2335,0,0.034044,1.191712,0.067233,0.008778,1.267723,14.247069,14.815540,30.364851
2336,0,0.024621,1.194533,0.106220,0.009029,1.309782,17.771039,11.763757,30.869804
2337,0,0.021247,1.459945,0.070175,0.008412,1.538532,13.439438,14.854487,29.854407
2338,0,0.021212,1.417238,0.096072,0.008679,1.521989,13.840560,15.808737,31.193021
2339,0,0.029364,1.286729,0.064115,0.008185,1.359029,15.360880,13.659259,30.409153
2340,0,0.022270,1.163127,0.306173,0.008399,1.477699,15.483977,13.951206,30.935619
2341,0,0.021259,1.162811,0.064565,0.008721,1.236097,14.776848,13.951762,29.986404
2342,0,0.021976,1.201947,0.068458,0.009154,1.279559,16.190860,14.043228,31.536421
2343,0,0.020872,1.175537,0.063586,0.007968,1.247091,13.701141,15.722713,30.692209
2344,0,0.023108,1.295394,0.073483,0.008616,1.377493,15.275092,13.821276,30.497505
2345,0,0.027413,1.333475,0.086276,0.011199,1.430950,16.989301,12.761472,31.209605
2346,0,0.034543,1.572396,0.074272,0.007819,1.654487,19.123663,9.551705,30.364761
2347,0,0.072295,1.776204,0.092517,0.008704,1.877425,21.864844,8.008492,31.823486
2348,0,0.025218,1.436705,0.080652,0.006946,1.524303,20.756944,7.949855,30.256905
2349,0,0.020656,1.332197,0.099683,0.010054,1.441934,15.723886,13.915930,31.102687
2350,0,0.020073,1.475264,0.068508,0.007975,1.551747,18.011429,11.678371,31.262101
2351,0,0.021283,1.238626,0.069285,0.008501,1.316412,18.045656,10.676367,30.060108
2352,0,0.021277,1.126314,0.102939,0.007983,1.237236,14.526039,15.732389,31.517308
2353,0,0.019389,1.142499,0.066013,0.009079,1.217591,16.632375,12.852327,30.722041
2354,0,0.020124,1.154990,0.070015,0.007998,1.233003,19.706556,9.697833,30.657990
2355,0,0.020203,1.020716,0.069874,0.008281,1.098871,17.400658,11.657508,30.177877
2356,0,0.022591,1.070058,0.067593,0.008378,1.146029,14.432970,15.716071,31.318294
2357,0,0.025324,1.178035,0.088188,0.009011,1.275234,16.995555,11.816496,30.113280
2358,0,0.019993,1.328818,0.066804,0.007198,1.402820,15.106237,14.892116,31.421437
2359,0,0.020173,1.127570,0.062064,0.008551,1.198185,13.489728,15.742668,30.451132
2360,0,0.020945,1.458959,0.071178,0.007687,1.537824,13.993422,15.679592,31.232173
2361,0,0.021154,1.259872,0.067802,0.008288,1.335962,16.018006,13.662273,31.037761
2362,0,0.020263,1.636343,0.098844,0.033915,1.769102,18.073906,10.658421,30.522193
2363,0,0.021716,1.452512,0.078600,0.008795,1.539907,15.438016,13.714560,30.714623
2364,0,0.023826,1.158394,0.085666,0.008572,1.252632,15.830944,13.846305,30.954345
2365,0,0.022060,1.363473,0.078226,0.008236,1.449935,15.603023,13.718920,30.794343
2366,0,0.024831,1.121300,0.063462,0.008562,1.193324,13.186701,16.275368,30.680691
2367,0,0.022650,2.786092,0.087090,0.008387,2.881569,14.208255,13.674274,30.787197
2368,0,0.027912,1.255017,0.102256,0.008096,1.365369,16.665636,11.874570,29.933890
2369,0,0.022981,1.318136,0.087071,0.008771,1.413978,18.227008,10.650306,30.314590
2370,0,0.017863,1.156944,0.088239,0.008346,1.253529,17.709298,11.838761,30.819935
2371,0,0.026631,1.726832,0.105441,0.009637,1.841910,23.140753,5.737374,30.747154
2372,0,0.017653,1.384282,0.061638,0.008993,1.454913,14.140332,14.982797,30.596085
2373,0,0.021342,1.432404,0.087306,0.008932,1.528642,17.511936,11.810490,30.872863
2374,0,0.025957,1.571111,0.100940,0.008586,1.680637,18.752623,9.941475,30.401541
2375,0,0.020807,1.212371,0.085069,0.008139,1.305579,14.596416,15.798480,31.721659
2376,0,0.020306,1.149109,0.086620,0.008596,1.244325,15.419878,13.783987,30.468892
2377,0,0.022830,1.522674,0.112712,0.008549,1.643935,17.056472,11.938218,30.661872
2378,0,0.023994,1.465208,0.092840,0.012155,1.570203,13.764094,16.687464,32.046324
2379,0,0.027492,1.482955,0.066682,0.007734,1.557371,13.847076,14.689183,30.121698
2380,0,0.024764,1.255855,0.077536,0.008643,1.342034,14.299932,15.701298,31.368588
2381,0,0.020965,1.112847,0.069387,0.008409,1.190643,13.850162,15.880738,30.942900
2382,0,0.020434,1.007088,0.070142,0.008026,1.085256,12.960961,16.655293,30.722667
2383,0,0.019567,1.463651,0.081390,0.027082,1.572123,13.540162,15.702688,30.834996
2384,0,0.023706,1.232121,0.099736,0.008896,1.340753,13.377988,15.749075,30.491886
2385,0,0.022880,1.073677,0.063018,0.008336,1.145031,19.325391,9.857466,30.351326
2386,0,0.021794,1.159423,0.063740,0.007960,1.231123,18.332479,11.787410,31.373295
2387,0,0.020648,1.190569,0.075638,0.008581,1.274788,17.646061,11.896147,30.838108
2388,0,0.019537,1.269382,0.072080,0.008804,1.350266,13.362420,15.574088,30.306862
2389,0,0.019675,1.145686,0.071248,0.008560,1.225494,14.771386,14.877990,30.895069
2390,0,0.023383,1.271415,0.070478,0.009666,1.351559,16.943958,12.683082,31.002377
2391,0,0.023371,2.185646,0.116529,0.008236,2.310411,15.574874,12.831914,30.740968
2392,0,0.021663,1.072864,0.067328,0.008982,1.149174,18.266668,10.858931,30.296952
2393,0,0.025917,1.600846,0.074080,0.009001,1.683927,17.752323,11.796761,31.259314
2394,0,0.021520,1.046144,0.083821,0.009422,1.139387,14.657773,14.546504,30.365706
2395,0,0.020926,1.243841,0.087584,0.009049,1.340474,17.775249,11.849797,30.986816
2396,0,0.019691,1.117092,0.082560,0.008058,1.207710,14.994589,14.645286,30.867793
2397,0,0.020768,1.435874,0.078072,0.008857,1.522803,15.187652,13.771514,30.503136
2398,0,0.020997,1.684084,0.085036,0.007445,1.776565,14.941369,14.576325,31.315625
2399,0,0.020311,1.333108,0.079578,0.008221,1.420907,13.600332,15.620112,30.662072
2400,0,0.022714,1.223101,1.365568,0.010407,2.599076,15.885131,10.772246,29.279646
2401,0,0.022090,1.147412,0.075860,0.017997,1.241269,15.405404,13.815630,30.484809
2402,0,0.022416,1.005137,0.079681,0.008558,1.093376,18.320984,11.812473,31.249796
2403,0,0.019631,1.203196,0.069661,0.008485,1.281342,15.002006,14.840671,31.144036
2404,0,0.019946,1.049217,0.069690,0.008672,1.127579,14.761943,14.090128,30.000318
2405,0,0.020329,1.152405,0.071809,0.008846,1.233060,18.811429,11.151311,31.216508
2406,0,0.020540,1.051969,0.062799,0.008001,1.122769,16.673669,12.426397,30.243875
2407,0,0.025842,1.555332,0.093728,0.019670,1.668730,16.578411,12.708714,30.982113
2408,0,0.020297,1.156557,0.074256,0.008374,1.239187,14.763493,15.623275,31.646820
2409,0,0.019197,1.021564,0.102537,0.008564,1.132665,13.430912,15.571843,30.155186
2410,0,0.028523,2.365437,0.075749,0.008958,2.450144,14.816903,14.605815,31.901806
2411,0,0.024439,1.208226,0.067629,0.008203,1.284058,18.046841,11.609481,30.965244
2412,0,0.023961,1.405460,0.141105,0.007495,1.554060,14.640552,13.860169,30.079196
2413,0,0.024807,1.469165,0.080655,0.008185,1.558005,15.093289,14.779003,31.455508
2414,0,0.022843,1.193962,0.067557,0.008288,1.269807,16.804449,12.738872,30.836558
2415,0,0.025146,1.487072,0.089533,0.009467,1.586072,15.964474,12.920818,30.496794
2416,0,0.020120,1.113808,0.087608,0.008868,1.210284,16.400826,13.265836,30.897553
2417,0,0.023968,1.598262,0.064589,0.046351,1.709202,15.530566,13.591063,30.855248
2418,0,0.018458,1.161180,0.092338,0.009749,1.263267,24.961567,3.557870,29.801558
2419,0,0.027243,1.448408,0.067546,0.008866,1.524820,19.518637,10.716683,31.787867
2420,0,0.024256,1.436968,0.101521,0.007776,1.546265,16.709270,12.071855,30.352251
2421,0,0.026921,1.579608,0.081765,0.007336,1.668709,15.922512,12.768560,30.387017
2422,0,0.019406,1.027103,0.070574,0.008140,1.105817,15.626332,14.557123,31.309479
2423,0,0.020156,1.050514,0.079500,0.008541,1.138555,15.107755,14.690196,30.957285
2424,0,0.020167,1.299317,0.086856,0.009944,1.396117,12.716871,16.645797,30.779311
2425,0,0.020190,1.018940,0.066750,0.009358,1.095048,17.148436,12.724354,30.988521
2426,0,0.020541,1.410551,0.073439,0.008126,1.492116,16.000170,12.826519,30.339738
2427,0,0.027769,1.362487,0.090441,0.009178,1.462106,16.164434,12.623867,30.278796
2428,0,0.022546,0.979882,0.107852,0.008484,1.096218,15.269294,14.534677,30.923076
2429,0,0.020647,1.265614,0.063292,0.008070,1.336976,14.873007,14.655519,30.886602
2430,0,0.062764,1.708614,0.091258,0.007798,1.807670,15.432775,13.697446,31.001225
2431,0,0.023557,1.404928,0.068584,0.008855,1.482367,15.615933,12.586007,29.708341
2432,0,0.021793,1.281737,0.084384,0.008103,1.374224,15.771221,13.838467,31.006066
2433,0,0.019322,1.200481,0.067781,0.009265,1.277527,14.962675,14.659512,30.919464
2434,0,0.021056,1.167028,0.069844,0.008267,1.245139,15.190853,13.623044,30.080552
2435,0,0.019431,1.185251,0.073687,0.008590,1.267528,16.010881,13.617832,30.916148
2436,0,0.019361,1.160975,0.071735,0.009106,1.241816,15.373737,14.717725,31.353062
2437,0,0.020289,1.465382,0.068664,0.007546,1.541592,15.614530,12.910921,30.087759
2438,0,0.027347,1.008358,0.094205,0.006815,1.109378,14.244434,15.620067,31.001753
2439,0,0.020450,1.177436,0.065665,0.009116,1.252217,14.383000,15.598630,31.254714
2440,0,0.021345,0.951017,0.752567,0.010881,1.714465,16.727183,11.998608,30.462207
2441,0,0.022224,1.552443,0.071515,0.008080,1.632038,17.220268,12.868058,31.742981
2442,0,0.019687,1.252888,0.069731,0.008213,1.330832,15.677873,13.592000,30.620984
2443,0,0.030045,1.288712,0.075627,0.008376,1.372715,17.267036,12.554322,31.224619
2444,0,0.022891,1.095133,0.106534,0.007879,1.209546,16.481641,12.642377,30.356916
2445,0,0.021411,1.060400,0.072214,0.037055,1.169669,16.291963,13.623544,31.106858
2446,0,0.019379,1.163888,0.083260,0.008890,1.256038,16.536831,12.690602,30.503214
2447,0,0.020856,1.071243,0.070431,0.008646,1.150320,15.981376,13.684763,30.837799
2448,0,0.021422,1.531952,0.084037,0.009477,1.625466,16.867705,11.853653,30.368628
2449,0,0.019246,1.203808,0.184991,0.009852,1.398651,14.980395,14.817121,31.215824
2450,0,0.020882,0.991776,0.064799,0.008456,1.065031,16.035942,13.688378,30.811052
2451,0,0.019910,1.208167,0.066771,0.008760,1.283698,15.274797,13.877458,30.456285
2452,0,0.021312,1.263544,0.073627,0.008387,1.345558,15.064587,14.640635,31.072538
2453,0,0.020883,1.199989,0.066739,0.007924,1.274652,14.010199,15.880157,31.186293
2454,0,0.019804,1.141707,0.069441,0.008197,1.219345,15.677540,13.648557,30.565734
2455,0,0.020062,1.195139,0.064107,0.008929,1.268175,14.080396,15.782168,31.151573
2456,0,0.022971,1.214809,0.084911,0.008433,1.308153,14.408674,14.821535,30.561755
2457,0,0.020697,1.145503,0.082391,0.006963,1.234857,18.245574,11.030339,30.531917
2458,0,0.019990,1.162077,0.074044,0.008203,1.244324,16.744415,12.608362,30.617554
2459,0,0.023482,1.011784,0.073741,0.008866,1.094391,14.374451,15.503445,30.996164
2460,0,0.020622,1.031557,0.068406,0.008406,1.108369,14.044425,15.655929,30.829926
2461,0,0.021360,1.342303,0.067584,0.008506,1.418393,14.925345,14.617228,30.982757
2462,0,0.019962,1.277683,0.074439,0.008926,1.361048,13.992480,14.568858,29.942811
2463,0,0.019576,1.163222,0.103015,0.008204,1.274441,15.153361,13.926573,30.374379
2464,0,0.020785,1.203264,0.066648,0.008138,1.278050,16.839179,12.682935,30.821410
2465,0,0.020155,1.347209,0.073145,0.009079,1.429433,15.018981,14.541449,31.010366
2466,0,0.021134,0.999890,0.064057,0.008202,1.072149,13.075211,16.633564,30.802814
2467,0,0.020923,1.194154,0.068606,0.008388,1.271148,13.789914,15.661043,30.743523
2468,0,0.024092,1.231402,0.085833,0.007843,1.325078,13.725559,15.550826,30.626205
2469,0,0.032110,1.618490,0.067623,0.007639,1.693752,14.047740,14.667460,30.441437
2470,0,0.019803,1.239957,0.163768,0.011510,1.415235,14.990605,14.625581,31.051708
2471,0,0.020055,1.004883,0.096562,0.009289,1.110734,14.223240,15.714753,31.069079
2472,0,0.020064,0.957680,0.083429,0.008453,1.049562,16.339954,13.687132,31.097210
2473,0,0.021041,0.936399,0.085787,0.009286,1.031472,16.078559,13.619796,30.751304
2474,0,0.020416,1.559398,0.091636,0.008123,1.659157,14.975346,14.628915,31.284130
2475,0,0.019024,1.094849,0.136983,0.008367,1.240199,13.637476,15.591008,30.488001
2476,0,0.019319,1.277519,0.079864,0.008559,1.365942,13.713093,15.901100,30.999970
2477,0,0.023431,1.326745,0.084917,0.008397,1.420059,13.200972,16.608394,31.253576
2478,0,0.018833,1.017742,0.072781,0.007761,1.098284,13.275806,16.472012,30.865445
2479,0,0.024710,1.458748,0.084401,0.007952,1.551101,19.257084,9.637707,30.470939
2480,0,0.021121,1.165021,0.101019,0.008501,1.274541,16.976531,12.645386,30.918030
2481,0,0.019757,1.245732,0.094692,0.008909,1.349333,14.551561,14.685841,30.606856
2482,0,0.020713,1.189816,0.072352,0.008284,1.270452,13.774800,15.702784,30.769161
2483,0,0.022651,1.121538,0.095856,0.008883,1.226277,14.584305,14.817598,30.651282
2484,0,0.020039,1.563900,0.127022,0.008235,1.699157,15.366368,13.719100,30.805150
2485,0,0.019387,1.176537,0.079868,0.008031,1.264436,15.200607,14.596276,31.081205
2486,0,0.022627,1.218301,0.075773,0.008491,1.302565,14.420455,15.025767,30.771832
2487,0,0.020772,1.254810,0.187434,0.008876,1.451120,16.715414,12.686771,30.874518
2488,0,0.020887,1.114289,0.063905,0.008384,1.186578,17.004175,11.846713,30.058935
2489,0,0.022494,1.771839,0.074267,0.008639,1.854745,17.658188,11.671389,31.207260
2490,0,0.018939,1.378318,0.773804,0.008459,2.160581,16.011453,12.796563,30.987997
2491,0,0.037529,1.561078,0.154547,0.008671,1.724296,17.198702,11.662664,30.623571
2492,0,0.043258,1.283427,0.114246,0.008342,1.406015,16.047977,12.594372,30.092156
2493,0,0.022073,1.180117,0.074942,0.008337,1.263396,15.400165,13.653196,30.339126
2494,0,0.020558,1.095287,0.064389,0.008208,1.167884,15.343625,13.844809,30.377447
2495,0,0.021139,1.427771,0.073518,0.007216,1.508505,15.576737,13.925443,31.032081
2496,0,0.019550,1.389056,0.074720,0.007321,1.471097,14.518389,14.617822,30.627300
2497,0,0.023150,1.372210,0.127377,0.007993,1.507580,16.759379,12.758610,31.048995
2498,0,0.024584,1.142059,0.081645,0.007681,1.231385,14.613384,14.611917,30.481748
2499,0,0.021941,1.402563,0.072969,0.008744,1.484276,15.585043,13.682017,30.774234
2500,0,0.022790,1.176900,0.064580,0.008080,1.249560,14.206771,15.729013,31.208579
2501,0,0.022563,1.170238,0.192801,0.006780,1.369819,16.183945,12.956414,30.533178
2502,0,0.019657,1.425104,0.083591,0.008693,1.517388,16.151819,12.804492,30.493829
2503,0,0.024848,1.695964,0.119270,0.011374,1.826608,14.898075,15.810450,32.560371
2504,0,0.020558,1.099077,0.075290,0.007968,1.182335,23.015882,5.678571,29.897950
2505,0,0.022912,1.356099,0.072370,0.009232,1.437701,15.770480,13.656126,30.887501
2506,0,0.022648,1.095594,0.098288,0.008271,1.202153,17.471995,12.788072,31.485263
2507,0,0.022089,1.194600,0.073261,0.008977,1.276838,14.554593,14.670406,30.524295
2508,0,0.020850,1.306546,0.076839,0.008379,1.391764,16.361400,12.635386,30.409673
2509,0,0.018498,1.164748,0.097677,0.034967,1.297392,16.434375,13.700363,31.450996
2510,0,0.021036,1.236440,0.064873,0.007957,1.309270,18.443854,10.796199,30.571026
2511,0,0.022367,1.246016,0.068159,0.008705,1.322880,16.871589,12.702520,30.919725
2512,0,0.019912,1.395072,0.090674,0.008830,1.494576,15.168332,13.730280,30.413375
2513,0,0.019709,1.296055,0.066007,0.007989,1.370051,17.552756,11.685806,30.628671
2514,0,0.021204,1.574744,0.084264,0.008105,1.667113,18.357789,10.897168,30.943730
2515,0,0.020349,1.402527,0.071015,0.007949,1.481491,15.737208,13.684428,30.923738
2516,0,0.019850,1.493536,0.112310,0.009183,1.615029,13.820309,15.648810,31.104431
2517,0,0.020665,1.376492,0.067483,0.006993,1.450968,14.567631,14.090554,30.130197
2518,0,0.020759,1.475488,0.097024,0.008399,1.580911,13.724632,15.619115,30.945760
2519,0,0.021900,1.048790,0.071541,0.008873,1.129204,14.755972,14.720997,30.628677
2520,0,0.019897,1.186452,0.066678,0.008268,1.261398,17.203392,12.593992,31.079215
2521,0,0.019446,1.589362,0.072692,0.007219,1.669273,13.596629,15.397929,30.683575
2522,0,0.021111,1.116360,0.062141,0.008256,1.186757,14.597480,14.680609,30.486409
2523,0,0.021040,1.404668,0.079488,0.007371,1.491527,16.045535,13.960576,31.519071
2524,0,0.020518,1.192427,0.089700,0.008048,1.290175,16.913192,10.660738,28.884887
2525,0,0.020468,1.112490,0.064959,0.008476,1.185925,16.119757,13.569220,30.895781
2526,0,0.026219,1.320143,0.078554,0.009028,1.407725,16.139986,13.657674,31.232095
2527,0,0.027432,1.640175,0.084842,0.007348,1.732365,15.447919,13.641669,30.849813
2528,0,0.026435,1.019785,0.064207,0.008747,1.092739,18.805222,10.720735,30.645669
2529,0,0.020588,1.318349,0.077032,0.008240,1.403621,21.602725,7.731058,30.758550
2530,0,0.028151,1.181273,0.061903,0.008039,1.251215,20.737303,8.631687,30.648770
2531,0,0.021011,1.141849,0.068683,0.008306,1.218838,14.977969,14.655708,30.873949
2532,0,0.019419,1.152724,0.084534,0.008075,1.245333,16.056863,13.587706,30.909755
2533,0,0.023573,1.168261,0.073104,0.009121,1.250486,17.284180,11.707784,30.266364
2534,0,0.020889,1.468242,0.089950,0.006984,1.565176,16.852442,13.766104,32.204989
2535,0,0.020084,1.046566,0.083246,0.009393,1.139205,15.191263,13.797239,30.148301
2536,0,0.020815,1.786966,0.081634,0.009534,1.878134,14.082075,14.700147,30.681728
2537,0,0.019481,1.349560,0.079328,0.008774,1.437662,17.522468,12.620071,31.600056
2538,0,0.018432,1.730772,0.083667,0.009080,1.823519,16.684235,11.564822,30.091407
2539,0,0.022020,1.230817,0.084622,0.008055,1.323494,17.157287,12.585759,31.088931
2540,0,0.019876,1.082159,0.065656,0.008314,1.156129,15.965985,13.678553,30.820932
2541,0,0.019846,1.172699,0.065477,0.008062,1.246238,14.728801,14.760689,30.756072
2542,0,0.021002,1.124598,0.058428,0.008354,1.191380,17.032678,12.599214,30.844654
2543,0,0.021525,1.180486,0.074064,0.008745,1.263295,17.532791,11.714954,30.532960
2544,0,0.020541,1.162544,0.080373,0.008441,1.251358,18.193034,10.816484,30.281953
2545,0,0.023512,1.112633,0.091176,0.008122,1.211931,17.062906,12.634453,30.933459
2546,0,0.025178,1.307139,0.097673,0.007572,1.412384,17.202451,11.810952,30.451261
2547,0,0.020665,1.431413,0.066151,0.008896,1.506460,18.331719,11.597186,31.456391
2548,0,0.021917,1.411729,0.087737,0.009968,1.509434,21.475814,6.893387,29.901101
2549,0,0.021322,1.178715,0.065083,0.008559,1.252357,18.045262,11.613813,30.933088
2550,0,0.024247,4.112899,0.110239,0.009721,4.232859,20.326038,5.783712,30.367365
2551,0,0.028730,1.659635,0.954253,0.010769,2.624657,22.952548,5.619475,31.225832
2552,0,0.021298,1.557610,0.077674,0.007918,1.643202,17.650257,11.651673,30.966821
2553,0,0.044191,1.525044,0.086904,0.007682,1.619630,20.009539,8.669996,30.344071
2554,0,0.023132,1.884236,0.099672,0.029546,2.013454,16.923193,11.665533,30.625742
2555,0,0.018787,1.164620,0.074191,0.010237,1.249048,17.860862,11.640310,30.769273
2556,0,0.020647,1.333129,0.069354,0.007953,1.410436,17.201131,11.704866,30.337450
2557,0,0.020416,1.139074,0.077470,0.008126,1.224670,17.007463,11.834479,30.087660
2558,0,0.020870,1.118802,0.070492,0.008356,1.197650,15.035011,14.585324,30.839257
2559,0,0.020768,1.012502,0.072646,0.008146,1.093294,15.804362,14.587767,31.506804
2560,0,0.019909,1.152700,0.074154,0.008208,1.235062,16.048982,13.605180,30.909563
2561,0,0.021306,1.168301,0.071153,0.009216,1.248670,21.548005,7.575451,30.393848
2562,1,0.018751,1.073890,0.084986,0.008517,1.167393,23.651389,5.172953,30.010932
2563,1,0.019591,1.575115,0.073553,0.008286,1.656954,20.999930,8.049407,30.726263
2564,1,0.020130,1.237875,0.088831,0.008250,1.334956,16.680181,13.758940,31.794712
2565,1,0.022876,1.151575,0.068417,0.008396,1.228388,17.660628,11.782907,30.695207
2566,1,0.021012,1.203590,0.075772,0.008910,1.288272,21.924694,7.889228,31.123677
2567,1,0.018654,0.991686,0.110558,0.009244,1.111488,15.684779,13.833759,30.649297
2568,1,0.019648,1.213475,0.172259,0.008152,1.393886,22.037757,7.602456,31.054407
2569,1,0.022709,1.234541,0.069212,0.008682,1.312435,19.078189,10.734451,31.148070
2570,1,0.030977,1.577383,0.079548,0.008274,1.665205,18.309250,10.719255,30.725202
2571,1,0.020270,1.520149,0.108371,0.044627,1.673147,22.168324,5.884201,29.746198
2572,1,0.019885,1.186073,0.202320,0.007546,1.395939,18.530754,11.692785,31.639728
