iteration,food_quantity,event_poll_ms,ants_advance_ms,mpi_pheromone_sync_ms,evaporation_ms,mpi_evaporation_sync_ms,update_ms,advance_total_ms,mpi_food_sync_ms,mpi_gather_ms,render_ms,blit_ms,iteration_total_ms
1,0,0.000000,0.000000,1.572000,0.000000,5.431000,1.513000,8.516000,0.000000,0.000000,0.000000,0.000000,10.039000
2,0,0.000000,1.533000,2.330000,0.519000,2.228000,1.512000,8.122000,0.000000,0.000000,0.000000,0.000000,8.122000
3,0,0.000000,1.007000,2.423000,0.000000,2.746000,0.000000,6.176000,0.000000,0.000000,0.000000,0.000000,6.176000
4,0,0.000000,0.000000,0.000000,0.000000,8.076000,0.000000,8.076000,0.000000,0.000000,0.000000,0.000000,8.076000
5,0,0.000000,3.551000,0.517000,0.000000,2.214000,2.528000,8.810000,0.000000,0.000000,0.000000,0.000000,8.810000
6,0,0.000000,0.000000,2.030000,0.000000,3.541000,0.739000,6.310000,0.000000,0.000000,0.000000,0.000000,6.310000
7,0,0.000000,1.020000,1.521000,0.000000,3.042000,0.000000,5.583000,0.000000,0.000000,0.000000,0.000000,5.583000
8,0,0.000000,2.015000,2.012000,0.000000,2.025000,0.000000,6.052000,0.000000,0.000000,0.000000,0.000000,6.052000
9,0,0.000000,2.008000,2.132000,0.000000,2.019000,2.529000,8.688000,0.000000,0.000000,0.000000,0.000000,8.688000
10,0,0.000000,0.000000,2.028000,0.000000,3.017000,1.348000,6.393000,0.000000,0.000000,0.000000,0.000000,6.393000
11,0,0.000000,0.000000,2.007000,0.000000,2.626000,2.016000,6.649000,0.000000,0.000000,0.000000,0.000000,6.649000
12,0,0.000000,0.000000,2.527000,0.000000,3.050000,0.000000,5.577000,0.000000,0.000000,0.000000,0.000000,5.577000
13,0,0.000000,0.000000,2.788000,0.000000,2.509000,2.028000,7.325000,0.000000,0.000000,0.000000,0.000000,7.325000
14,0,0.000000,0.761000,2.038000,0.000000,3.516000,0.000000,6.315000,0.000000,0.000000,0.000000,0.000000,6.315000
15,0,0.000000,0.000000,2.536000,0.000000,2.018000,0.000000,4.554000,0.000000,0.000000,0.000000,0.000000,4.554000
16,0,0.000000,2.007000,2.011000,0.000000,2.528000,1.068000,7.614000,0.000000,0.000000,0.000000,0.000000,7.614000
17,0,0.000000,0.638000,3.007000,0.000000,1.008000,2.034000,6.687000,0.000000,0.000000,0.000000,0.000000,6.687000
18,0,0.000000,1.513000,1.526000,0.000000,2.268000,0.000000,5.307000,0.000000,0.000000,0.000000,0.000000,5.307000
19,0,0.000000,2.008000,2.011000,0.774000,2.160000,0.000000,6.953000,0.000000,0.000000,0.000000,0.000000,6.953000
20,0,0.000000,2.024000,2.213000,0.000000,2.008000,0.000000,6.245000,0.000000,0.000000,0.000000,0.000000,6.245000
21,0,0.000000,0.509000,2.320000,0.000000,2.508000,0.589000,5.926000,0.000000,0.000000,0.000000,0.000000,5.926000
22,0,0.000000,1.525000,3.057000,0.000000,1.519000,0.000000,6.101000,2.024000,0.000000,0.000000,0.000000,8.125000
23,0,0.000000,0.000000,2.009000,0.000000,2.026000,2.528000,6.563000,0.000000,0.000000,0.000000,0.000000,6.563000
24,0,0.000000,0.720000,1.198000,2.024000,2.013000,0.505000,6.460000,0.000000,0.000000,0.000000,0.000000,6.460000
25,0,0.000000,0.000000,4.081000,0.000000,1.953000,0.000000,6.034000,0.000000,0.000000,0.000000,0.000000,6.034000
26,0,0.000000,2.008000,2.272000,0.000000,4.030000,0.000000,8.310000,0.000000,0.000000,0.000000,0.000000,8.310000
27,0,0.000000,2.021000,2.375000,0.000000,2.007000,2.530000,8.933000,0.000000,0.000000,0.000000,0.000000,8.933000
28,0,0.000000,0.000000,2.679000,0.000000,4.474000,0.000000,7.153000,0.000000,1.540000,0.000000,0.000000,8.693000
29,0,0.000000,0.000000,3.074000,0.000000,0.537000,0.000000,3.611000,0.000000,0.000000,0.000000,0.000000,3.611000
30,0,0.000000,0.000000,5.834000,0.000000,2.152000,1.039000,9.025000,0.000000,0.000000,0.000000,0.000000,9.025000
31,0,0.000000,0.000000,4.088000,0.000000,2.461000,1.224000,7.773000,0.000000,0.000000,0.000000,0.000000,7.773000
32,0,0.000000,1.280000,2.213000,0.000000,1.523000,0.000000,5.016000,0.000000,0.000000,0.000000,0.000000,5.016000
33,0,0.000000,0.000000,0.000000,0.000000,7.874000,0.608000,8.482000,0.000000,0.000000,0.000000,0.000000,8.482000
34,0,0.000000,1.639000,2.069000,0.000000,3.004000,1.001000,7.713000,0.000000,0.000000,0.000000,0.000000,7.713000
35,0,0.000000,0.608000,2.151000,0.000000,2.520000,1.521000,6.800000,0.000000,0.000000,0.000000,0.000000,6.800000
36,0,0.000000,1.010000,3.079000,0.000000,4.018000,1.005000,9.112000,0.000000,0.000000,0.000000,0.000000,9.112000
37,0,0.000000,0.745000,2.018000,0.997000,2.866000,1.073000,7.699000,0.000000,0.000000,0.000000,0.000000,7.699000
38,0,0.000000,0.991000,2.520000,0.000000,2.519000,1.026000,7.056000,0.000000,0.000000,0.000000,0.000000,7.056000
39,0,0.000000,0.508000,4.008000,0.000000,4.004000,0.515000,9.035000,1.347000,0.000000,0.000000,0.000000,10.382000
40,0,0.000000,1.078000,3.257000,1.003000,3.189000,2.022000,10.549000,0.000000,0.000000,0.000000,0.000000,10.549000
41,0,0.000000,2.059000,4.691000,0.000000,3.552000,1.008000,11.310000,0.000000,0.000000,0.000000,0.000000,11.310000
42,0,0.000000,0.987000,3.000000,0.000000,2.527000,0.524000,7.038000,1.010000,0.000000,0.000000,0.000000,8.048000
43,0,0.000000,1.710000,4.533000,0.000000,4.045000,1.007000,11.295000,0.000000,0.000000,0.000000,0.000000,11.295000
44,0,0.000000,0.994000,3.001000,0.000000,4.002000,1.008000,9.005000,0.000000,0.000000,0.000000,0.000000,9.005000
45,0,0.000000,0.989000,3.061000,0.000000,3.006000,0.520000,7.576000,0.000000,0.000000,0.000000,0.000000,7.576000
46,0,0.000000,1.002000,3.012000,0.515000,3.622000,0.000000,8.151000,0.000000,0.000000,0.000000,0.000000,8.151000
47,0,0.000000,1.511000,2.538000,1.001000,2.000000,1.007000,8.057000,0.000000,0.000000,0.000000,0.000000,8.057000
48,0,0.000000,0.990000,3.149000,0.538000,2.793000,1.010000,8.480000,0.000000,0.000000,0.000000,0.000000,8.480000
49,0,0.000000,0.000000,3.532000,0.000000,2.528000,1.543000,7.603000,0.000000,0.000000,0.000000,0.000000,7.603000
50,0,0.000000,1.005000,2.622000,0.000000,4.533000,1.291000,9.451000,0.000000,0.000000,0.000000,0.000000,9.451000
51,0,0.000000,1.519000,2.080000,0.000000,3.001000,1.527000,8.127000,0.000000,0.000000,0.000000,0.000000,8.127000
52,0,0.000000,1.444000,2.484000,0.527000,2.519000,1.018000,7.992000,0.000000,0.000000,0.000000,0.000000,7.992000
53,0,0.000000,0.000000,4.551000,0.000000,3.703000,1.098000,9.352000,0.547000,0.000000,0.000000,0.000000,9.899000
54,0,0.000000,1.071000,3.699000,0.509000,2.544000,0.000000,7.823000,1.514000,0.000000,0.000000,0.000000,9.337000
55,0,0.000000,1.012000,3.637000,0.000000,3.533000,0.000000,8.182000,1.000000,0.000000,0.000000,0.000000,9.182000
56,0,0.000000,0.994000,3.384000,0.589000,2.593000,0.998000,8.558000,0.000000,0.000000,0.000000,0.000000,8.558000
57,0,0.000000,1.607000,2.553000,0.000000,3.753000,1.024000,8.937000,0.000000,0.000000,0.000000,0.000000,8.937000
58,0,0.000000,0.000000,3.129000,0.000000,3.666000,0.693000,7.488000,0.000000,0.000000,0.000000,0.000000,7.488000
59,0,0.000000,1.014000,2.006000,0.000000,2.996000,0.000000,6.016000,1.333000,0.000000,0.000000,0.000000,7.349000
60,0,0.000000,1.015000,2.000000,0.000000,2.002000,1.323000,6.340000,0.000000,0.000000,0.000000,0.000000,6.340000
61,0,0.000000,0.624000,3.057000,0.000000,2.008000,1.008000,6.697000,0.000000,0.000000,0.000000,0.000000,6.697000
62,0,0.000000,0.990000,2.672000,0.000000,1.621000,0.000000,5.283000,0.000000,0.000000,0.000000,0.000000,5.283000
63,0,0.000000,0.530000,0.528000,0.000000,0.000000,4.878000,5.936000,0.000000,0.000000,0.000000,0.000000,5.936000
64,0,0.000000,0.000000,0.000000,0.000000,0.000000,7.109000,7.109000,0.000000,0.000000,0.000000,0.000000,7.109000
65,0,0.000000,0.523000,3.044000,0.000000,0.000000,0.000000,3.567000,0.000000,0.000000,0.000000,0.000000,3.567000
66,0,0.000000,0.000000,0.000000,0.000000,9.972000,2.525000,12.497000,0.000000,0.000000,0.000000,0.000000,12.497000
67,0,0.000000,0.000000,2.543000,0.000000,4.111000,0.000000,6.654000,0.000000,0.000000,0.000000,0.000000,6.654000
68,0,0.000000,0.000000,2.039000,0.000000,0.000000,0.000000,2.039000,0.000000,0.000000,0.000000,0.000000,2.039000
69,0,0.000000,0.000000,8.625000,0.000000,3.033000,1.185000,12.843000,0.000000,0.000000,0.000000,0.000000,12.843000
70,0,0.000000,0.000000,4.788000,0.000000,0.000000,0.000000,4.788000,0.000000,0.000000,0.000000,0.000000,4.788000
71,0,0.000000,4.350000,2.634000,0.000000,3.053000,1.542000,11.579000,0.000000,0.000000,0.000000,0.000000,11.579000
72,0,0.000000,1.011000,0.944000,0.000000,0.000000,0.000000,1.955000,0.000000,0.000000,0.000000,0.000000,1.955000
73,0,0.000000,0.000000,7.598000,0.000000,0.000000,0.000000,7.598000,0.000000,0.000000,0.000000,0.000000,7.598000
74,0,0.000000,0.000000,7.150000,0.000000,2.194000,0.000000,9.344000,1.533000,0.000000,0.000000,0.000000,10.877000
75,0,0.000000,0.000000,0.000000,0.000000,0.000000,6.140000,6.140000,0.000000,0.000000,0.000000,0.000000,6.140000
76,0,0.000000,0.000000,2.525000,0.000000,4.172000,0.000000,6.697000,0.000000,0.000000,0.000000,0.000000,6.697000
77,0,0.000000,2.139000,2.886000,0.000000,3.017000,0.000000,8.042000,1.511000,0.000000,0.000000,0.000000,9.553000
78,0,0.000000,0.525000,3.738000,0.000000,3.658000,0.996000,8.917000,0.000000,1.000000,0.000000,0.000000,9.917000
79,0,0.000000,0.000000,3.999000,0.000000,1.511000,1.530000,7.040000,1.012000,0.000000,0.000000,0.000000,8.052000
80,0,0.000000,1.237000,2.597000,0.000000,2.531000,1.019000,7.384000,0.000000,0.000000,0.000000,0.000000,7.384000
81,0,0.000000,0.535000,2.045000,0.000000,3.039000,1.079000,6.698000,0.000000,0.000000,0.000000,0.000000,6.698000
82,0,0.000000,0.000000,2.994000,0.000000,3.320000,1.525000,7.839000,0.000000,0.000000,0.000000,0.000000,7.839000
83,0,0.000000,0.520000,3.011000,0.000000,2.509000,2.005000,8.045000,0.000000,0.000000,0.000000,0.000000,8.045000
84,0,0.000000,1.003000,2.517000,0.000000,4.306000,1.026000,8.852000,0.000000,0.000000,0.000000,0.000000,8.852000
85,0,0.000000,1.009000,3.006000,0.000000,2.998000,1.004000,8.017000,0.994000,0.000000,0.000000,0.000000,9.011000
86,0,0.000000,0.509000,3.391000,0.000000,2.506000,1.011000,7.417000,1.002000,0.000000,0.000000,0.000000,8.419000
87,0,0.000000,0.000000,4.042000,0.000000,2.006000,1.009000,7.057000,0.000000,0.000000,0.000000,0.000000,7.057000
88,0,0.000000,0.992000,2.585000,0.000000,2.692000,1.001000,7.270000,0.000000,0.000000,0.000000,0.000000,7.270000
89,0,0.000000,0.507000,2.516000,0.000000,2.508000,1.015000,6.546000,0.000000,0.000000,0.000000,0.000000,6.546000
90,0,0.000000,1.007000,3.121000,0.000000,2.055000,1.755000,7.938000,0.000000,0.000000,0.000000,0.000000,7.938000
91,0,0.000000,0.000000,3.091000,1.009000,2.001000,1.474000,7.575000,0.000000,0.000000,0.000000,0.000000,7.575000
92,0,0.000000,0.788000,1.013000,1.508000,2.534000,1.241000,7.084000,0.000000,0.000000,0.000000,0.000000,7.084000
93,0,0.000000,1.003000,3.550000,0.000000,2.494000,1.492000,8.539000,0.000000,0.000000,0.000000,0.000000,8.539000
94,0,0.000000,1.458000,2.012000,0.000000,2.003000,2.000000,7.473000,0.000000,0.000000,0.000000,0.000000,7.473000
95,0,0.000000,1.509000,3.097000,0.000000,3.551000,0.622000,8.779000,0.000000,0.000000,0.000000,0.000000,8.779000
96,0,0.000000,1.522000,2.014000,0.000000,3.044000,1.019000,7.599000,0.000000,0.000000,0.000000,0.000000,7.599000
97,0,0.000000,1.240000,2.546000,0.000000,4.154000,1.019000,8.959000,0.000000,0.000000,0.000000,0.000000,8.959000
98,0,0.000000,0.887000,2.348000,0.000000,2.526000,0.525000,6.286000,0.000000,0.000000,0.000000,0.000000,6.286000
99,0,0.000000,1.007000,4.264000,0.000000,3.527000,0.518000,9.316000,0.000000,0.000000,0.000000,0.000000,9.316000
100,0,0.000000,0.000000,3.510000,0.000000,3.393000,1.001000,7.904000,0.000000,0.000000,0.000000,0.000000,7.904000
101,0,0.000000,0.996000,4.053000,0.546000,2.545000,1.006000,9.146000,0.000000,0.000000,0.000000,0.000000,9.146000
102,0,0.000000,0.998000,2.522000,0.000000,3.515000,1.014000,8.049000,0.000000,0.000000,0.000000,0.000000,8.049000
103,0,0.000000,0.996000,3.109000,0.000000,3.543000,0.000000,7.648000,0.000000,0.000000,0.000000,0.000000,7.648000
104,0,0.000000,0.000000,2.704000,0.000000,3.001000,0.527000,6.232000,0.000000,0.510000,0.000000,0.000000,6.742000
105,0,0.000000,0.000000,3.214000,0.000000,2.508000,1.017000,6.739000,0.000000,0.000000,0.000000,0.000000,6.739000
106,0,0.000000,0.991000,2.143000,0.000000,2.542000,0.000000,5.676000,0.997000,0.000000,0.000000,0.000000,6.673000
107,0,0.000000,0.000000,2.996000,0.000000,2.002000,1.006000,6.004000,0.000000,0.000000,0.000000,0.000000,6.004000
108,0,0.000000,1.163000,2.512000,0.000000,3.631000,0.557000,7.863000,0.583000,0.000000,0.000000,0.000000,8.446000
109,0,0.000000,1.012000,2.342000,0.000000,2.583000,0.531000,6.468000,0.000000,0.622000,0.000000,0.000000,7.090000
110,0,0.000000,0.775000,3.145000,0.000000,1.618000,1.021000,6.559000,0.000000,0.000000,0.000000,0.000000,6.559000
111,0,0.000000,0.000000,3.361000,0.000000,2.013000,1.016000,6.390000,0.514000,0.000000,0.000000,0.000000,6.904000
112,0,0.000000,0.509000,3.011000,0.000000,2.757000,1.019000,7.296000,0.000000,0.000000,0.000000,0.000000,7.296000
113,0,0.000000,0.995000,1.510000,0.000000,2.549000,1.013000,6.067000,0.000000,0.000000,0.000000,0.000000,6.067000
114,0,0.000000,0.990000,3.002000,0.000000,2.713000,1.019000,7.724000,0.000000,0.000000,0.000000,0.000000,7.724000
115,0,0.000000,0.601000,2.581000,0.000000,2.010000,1.010000,6.202000,0.994000,0.000000,0.000000,0.000000,7.196000
116,0,0.000000,0.000000,3.524000,0.000000,2.003000,0.510000,6.037000,1.010000,0.000000,0.000000,0.000000,7.047000
117,0,0.000000,1.182000,2.649000,0.000000,2.549000,1.006000,7.386000,0.000000,0.000000,0.000000,0.000000,7.386000
118,0,0.000000,0.000000,2.351000,1.000000,0.998000,1.510000,5.859000,0.000000,0.000000,0.000000,0.000000,5.859000
119,0,0.000000,1.538000,2.341000,1.009000,2.526000,0.000000,7.414000,0.000000,1.002000,0.000000,0.000000,8.416000
120,0,0.000000,0.000000,2.525000,0.000000,2.520000,1.001000,6.046000,0.000000,0.000000,0.000000,0.000000,6.046000
121,0,0.000000,0.998000,2.004000,0.000000,2.613000,1.009000,6.624000,0.000000,0.000000,0.000000,0.000000,6.624000
122,0,0.000000,0.000000,2.528000,0.526000,2.016000,1.000000,6.070000,0.000000,0.000000,0.000000,0.000000,6.070000
123,0,0.000000,0.000000,2.541000,0.000000,1.998000,1.615000,6.154000,0.535000,0.000000,0.000000,0.000000,6.689000
124,0,0.000000,1.020000,1.998000,0.000000,3.003000,0.520000,6.541000,0.000000,0.000000,0.000000,0.000000,6.541000
125,0,0.000000,0.510000,2.601000,0.000000,2.516000,1.016000,6.643000,0.000000,0.000000,0.000000,0.000000,6.643000
126,0,0.000000,0.000000,3.043000,0.000000,2.017000,1.003000,6.063000,0.000000,0.645000,0.000000,0.000000,6.708000
127,0,0.000000,0.000000,3.016000,0.000000,3.514000,1.001000,7.531000,0.000000,0.000000,0.000000,0.000000,7.531000
128,0,0.000000,0.998000,2.514000,0.000000,2.000000,1.512000,7.024000,0.000000,0.000000,0.000000,0.000000,7.024000
129,0,0.000000,0.623000,2.009000,0.000000,3.037000,1.503000,7.172000,0.000000,0.000000,0.000000,0.000000,7.172000
130,0,0.000000,1.008000,1.522000,0.000000,2.531000,1.002000,6.063000,0.000000,0.000000,0.000000,0.000000,6.063000
131,0,0.000000,0.000000,2.601000,0.000000,2.002000,1.510000,6.113000,0.000000,0.000000,0.000000,0.000000,6.113000
132,0,0.000000,0.505000,3.315000,0.000000,2.511000,1.007000,7.338000,0.000000,0.000000,0.000000,0.000000,7.338000
133,0,0.000000,0.000000,3.090000,0.000000,1.517000,0.998000,5.605000,0.000000,0.000000,0.000000,0.000000,5.605000
134,0,0.000000,0.999000,2.999000,0.000000,2.688000,1.013000,7.699000,0.000000,0.000000,0.000000,0.000000,7.699000
135,0,0.000000,0.000000,4.099000,0.000000,1.521000,1.004000,6.624000,0.000000,0.000000,0.000000,0.000000,6.624000
136,0,0.000000,0.507000,2.006000,0.000000,2.507000,1.011000,6.031000,0.000000,0.000000,0.000000,0.000000,6.031000
137,0,0.000000,0.997000,3.195000,0.000000,2.124000,1.013000,7.329000,0.509000,0.000000,0.000000,0.000000,7.838000
138,0,0.000000,0.000000,3.008000,0.000000,2.000000,1.510000,6.518000,0.000000,0.000000,0.000000,0.000000,6.518000
139,0,0.000000,0.000000,3.524000,0.000000,3.001000,0.510000,7.035000,0.000000,0.000000,0.000000,0.000000,7.035000
140,0,0.000000,1.008000,2.560000,0.000000,2.515000,1.003000,7.086000,0.000000,0.000000,0.000000,0.000000,7.086000
141,0,0.000000,0.996000,2.000000,0.000000,3.329000,1.664000,7.989000,0.000000,0.000000,0.000000,0.000000,7.989000
142,0,0.000000,0.000000,3.691000,0.000000,2.511000,1.509000,7.711000,0.000000,0.000000,0.000000,0.000000,7.711000
143,0,0.000000,0.000000,3.016000,0.000000,2.047000,1.360000,6.423000,0.509000,0.000000,0.000000,0.000000,6.932000
144,0,0.000000,1.056000,2.536000,0.000000,3.066000,1.017000,7.675000,0.000000,0.000000,0.000000,0.000000,7.675000
145,0,0.000000,0.000000,2.516000,0.000000,3.024000,0.000000,5.540000,0.000000,1.009000,0.000000,0.000000,6.549000
146,0,0.000000,0.685000,3.516000,0.000000,3.510000,1.555000,9.266000,0.000000,0.000000,0.000000,0.000000,9.266000
147,0,0.000000,1.514000,3.008000,0.000000,4.086000,1.242000,9.850000,0.000000,0.000000,0.000000,0.000000,9.850000
148,0,0.000000,0.996000,3.168000,0.000000,2.998000,1.521000,8.683000,0.000000,0.000000,0.000000,0.000000,8.683000
149,0,0.000000,1.007000,1.998000,0.000000,3.589000,0.000000,6.594000,0.000000,0.000000,0.000000,0.000000,6.594000
150,0,0.000000,1.762000,1.015000,0.000000,3.717000,0.000000,6.494000,0.000000,0.000000,0.000000,0.000000,6.494000
151,0,0.000000,1.510000,2.013000,0.000000,1.996000,1.530000,7.049000,0.000000,0.000000,0.000000,0.000000,7.049000
152,0,0.000000,0.000000,3.263000,0.000000,2.512000,1.018000,6.793000,0.000000,0.000000,0.000000,0.000000,6.793000
153,0,0.000000,0.989000,1.513000,0.000000,2.561000,1.021000,6.084000,0.000000,0.000000,0.000000,0.000000,6.084000
154,0,0.000000,0.979000,2.620000,0.000000,3.003000,0.000000,6.602000,0.000000,0.000000,0.000000,0.000000,6.602000
155,0,0.000000,1.297000,3.033000,0.000000,2.010000,1.007000,7.347000,0.000000,0.000000,0.000000,0.000000,7.347000
156,0,0.000000,0.994000,2.189000,0.000000,2.610000,1.015000,6.808000,0.000000,0.000000,0.000000,0.000000,6.808000
157,0,0.000000,0.512000,3.205000,0.000000,2.544000,0.517000,6.778000,0.000000,0.000000,0.000000,0.000000,6.778000
158,0,0.000000,1.011000,2.999000,0.000000,2.615000,1.010000,7.635000,0.000000,0.000000,0.000000,0.000000,7.635000
159,0,0.000000,0.000000,3.040000,0.000000,3.183000,1.523000,7.746000,0.000000,0.000000,0.000000,0.000000,7.746000
160,0,0.000000,1.012000,2.504000,0.000000,3.138000,1.008000,7.662000,0.000000,0.000000,0.000000,0.000000,7.662000
161,0,0.000000,0.991000,3.000000,1.003000,2.528000,0.000000,7.522000,0.000000,0.000000,0.000000,0.000000,7.522000
162,0,0.000000,2.049000,1.534000,0.999000,1.579000,1.539000,7.700000,0.000000,0.000000,0.000000,0.000000,7.700000
163,0,0.000000,1.018000,1.996000,0.000000,2.053000,1.022000,6.089000,0.000000,0.000000,0.000000,0.000000,6.089000
164,0,0.000000,0.000000,3.232000,0.000000,2.038000,1.007000,6.277000,0.000000,0.000000,0.000000,0.000000,6.277000
165,0,0.000000,0.673000,2.891000,0.000000,2.774000,1.089000,7.427000,0.000000,0.000000,0.000000,0.000000,7.427000
166,0,0.000000,0.519000,2.939000,0.000000,2.780000,1.010000,7.248000,0.000000,0.000000,0.000000,0.000000,7.248000
167,0,0.000000,0.000000,2.511000,0.000000,3.531000,1.002000,7.044000,0.000000,0.000000,0.000000,0.000000,7.044000
168,0,0.000000,0.999000,2.517000,0.000000,3.694000,0.000000,7.210000,0.000000,0.000000,0.000000,0.000000,7.210000
169,0,0.000000,2.036000,1.513000,1.007000,2.002000,1.515000,8.073000,0.000000,0.000000,0.000000,0.000000,8.073000
170,0,0.000000,1.007000,2.001000,0.000000,2.515000,1.006000,6.529000,0.000000,0.000000,0.000000,0.000000,6.529000
171,0,0.000000,1.736000,2.607000,1.018000,2.988000,0.511000,8.860000,0.000000,0.000000,0.000000,0.000000,8.860000
172,0,0.000000,0.000000,3.505000,0.000000,2.523000,1.253000,7.281000,0.000000,0.000000,0.000000,0.000000,7.281000
173,0,0.000000,0.999000,3.046000,0.000000,2.511000,2.557000,9.113000,0.000000,0.000000,0.000000,0.000000,9.113000
174,0,0.000000,0.991000,2.503000,0.000000,2.006000,1.002000,6.502000,0.000000,0.000000,0.000000,0.000000,6.502000
175,0,0.000000,2.187000,3.036000,0.000000,3.012000,0.997000,9.232000,0.000000,0.000000,0.000000,0.000000,9.232000
176,0,0.000000,1.001000,2.523000,0.000000,2.509000,1.023000,7.056000,0.000000,0.000000,0.000000,0.000000,7.056000
177,0,0.000000,1.500000,2.535000,0.000000,2.538000,1.007000,7.580000,0.000000,0.993000,0.000000,0.000000,8.573000
178,0,0.000000,1.005000,2.524000,0.000000,2.510000,1.015000,7.054000,0.000000,0.000000,0.000000,0.000000,7.054000
179,0,0.000000,0.000000,3.695000,0.000000,3.538000,1.517000,8.750000,0.000000,0.000000,0.000000,0.000000,8.750000
180,0,0.000000,0.000000,3.652000,0.000000,2.001000,1.002000,6.655000,0.000000,0.000000,0.000000,0.000000,6.655000
181,0,0.000000,0.997000,3.349000,0.000000,1.009000,2.046000,7.401000,0.000000,0.000000,0.000000,0.000000,7.401000
182,0,0.000000,0.518000,2.008000,1.000000,1.001000,1.512000,6.039000,0.000000,0.000000,0.000000,0.000000,6.039000
183,0,0.000000,1.007000,3.113000,0.000000,2.522000,0.507000,7.149000,1.008000,0.000000,0.000000,0.000000,8.157000
184,0,0.000000,0.000000,3.035000,0.000000,2.513000,0.000000,5.548000,1.007000,0.000000,0.000000,0.000000,6.555000
185,0,0.000000,0.000000,3.000000,0.000000,2.160000,1.015000,6.175000,0.000000,0.000000,0.000000,0.000000,6.175000
186,0,0.000000,0.000000,3.289000,0.000000,2.525000,0.000000,5.814000,1.002000,0.000000,0.000000,0.000000,6.816000
187,0,0.000000,0.000000,2.507000,0.000000,2.015000,0.999000,5.521000,0.000000,1.002000,0.000000,0.000000,6.523000
188,0,0.000000,0.624000,2.007000,0.000000,3.007000,0.517000,6.155000,1.009000,0.000000,0.000000,0.000000,7.164000
189,0,0.000000,0.000000,3.082000,0.000000,2.012000,1.015000,6.109000,0.000000,0.000000,0.000000,0.000000,6.109000
190,0,0.000000,0.000000,3.187000,0.000000,2.009000,1.528000,6.724000,0.000000,0.000000,0.000000,0.000000,6.724000
191,0,0.000000,1.012000,2.729000,0.000000,2.521000,0.520000,6.782000,0.000000,0.000000,0.000000,0.000000,6.782000
192,0,0.000000,1.002000,2.005000,0.000000,2.602000,1.016000,6.625000,0.000000,0.000000,0.000000,0.000000,6.625000
193,0,0.000000,0.000000,4.058000,0.000000,2.984000,1.545000,8.587000,0.000000,0.000000,0.000000,0.000000,8.587000
194,0,0.000000,1.007000,2.505000,0.000000,3.240000,0.989000,7.741000,0.000000,0.000000,0.000000,0.000000,7.741000
195,0,0.000000,0.000000,3.001000,0.000000,3.524000,0.000000,6.525000,1.541000,0.000000,0.000000,0.000000,8.066000
196,0,0.000000,1.037000,2.005000,1.003000,2.163000,1.016000,7.224000,0.000000,0.000000,0.000000,0.000000,7.224000
197,0,0.000000,0.000000,2.524000,0.533000,2.016000,1.201000,6.274000,0.000000,0.000000,0.000000,0.000000,6.274000
198,0,0.000000,1.549000,1.530000,1.010000,1.627000,1.018000,6.734000,0.000000,0.000000,0.000000,0.000000,6.734000
199,0,0.000000,0.000000,2.521000,0.000000,2.549000,0.000000,5.070000,1.160000,0.000000,0.000000,0.000000,6.230000
200,0,0.000000,0.000000,3.234000,0.000000,2.529000,1.658000,7.421000,0.000000,0.000000,0.000000,0.000000,7.421000
201,0,0.000000,0.527000,2.016000,1.163000,2.002000,0.997000,6.705000,0.998000,0.000000,0.000000,0.000000,7.703000
202,0,0.000000,0.000000,3.590000,0.000000,3.798000,1.011000,8.399000,0.000000,0.000000,0.000000,0.000000,8.399000
203,0,0.000000,0.999000,3.514000,0.000000,3.096000,1.011000,8.620000,0.000000,0.000000,0.000000,0.000000,8.620000
204,0,0.000000,0.000000,3.795000,0.000000,5.094000,1.111000,10.000000,0.000000,0.000000,0.000000,0.000000,10.000000
205,0,0.000000,1.411000,2.011000,1.510000,2.538000,1.211000,8.681000,0.000000,0.000000,0.000000,0.000000,8.681000
206,0,0.000000,1.006000,3.533000,0.000000,3.197000,0.000000,7.736000,1.157000,0.000000,0.000000,0.000000,8.893000
207,0,0.000000,0.994000,1.997000,0.000000,3.002000,1.704000,7.697000,0.000000,0.000000,0.000000,0.000000,7.697000
208,0,0.000000,1.012000,3.746000,0.000000,3.229000,0.518000,8.505000,0.000000,0.000000,0.000000,0.000000,8.505000
209,0,0.000000,0.000000,3.009000,0.000000,1.505000,1.978000,6.492000,0.000000,0.000000,0.000000,0.000000,6.492000
210,0,0.000000,1.013000,4.069000,0.000000,2.592000,0.524000,8.198000,0.000000,0.000000,0.000000,0.000000,8.198000
211,0,0.000000,0.000000,2.183000,0.000000,3.773000,1.340000,7.296000,1.014000,0.000000,0.000000,0.000000,8.310000
212,0,0.000000,0.991000,3.548000,0.000000,1.516000,2.210000,8.265000,0.000000,0.000000,0.000000,0.000000,8.265000
213,0,0.000000,0.533000,2.838000,0.000000,2.995000,0.000000,6.366000,1.771000,0.000000,0.000000,0.000000,8.137000
214,0,0.000000,1.576000,3.448000,0.000000,3.612000,0.536000,9.172000,0.000000,0.000000,0.000000,0.000000,9.172000
215,0,0.000000,0.000000,2.998000,0.000000,2.785000,2.256000,8.039000,0.000000,0.000000,0.000000,0.000000,8.039000
216,0,0.000000,0.529000,2.573000,0.000000,2.700000,1.004000,6.806000,0.000000,0.000000,0.000000,0.000000,6.806000
217,0,0.000000,0.997000,1.510000,0.000000,3.043000,1.366000,6.916000,0.000000,0.000000,0.000000,0.000000,6.916000
218,0,0.000000,1.064000,2.505000,0.000000,3.706000,1.720000,8.995000,0.000000,0.000000,0.000000,0.000000,8.995000
219,0,0.000000,1.147000,2.956000,0.576000,3.335000,1.278000,9.292000,0.000000,0.000000,0.000000,0.000000,9.292000
220,0,0.000000,1.238000,3.172000,0.000000,2.002000,1.000000,7.412000,1.000000,0.000000,0.000000,0.000000,8.412000
221,0,0.000000,0.506000,2.829000,0.000000,3.053000,1.165000,7.553000,0.000000,0.000000,0.000000,0.000000,7.553000
222,0,0.000000,0.508000,3.091000,0.000000,2.009000,1.004000,6.612000,0.000000,0.507000,0.000000,0.000000,7.119000
223,0,0.000000,0.000000,3.005000,0.000000,1.508000,1.523000,6.036000,0.000000,1.009000,0.000000,0.000000,7.045000
224,0,0.000000,0.000000,3.762000,0.000000,3.082000,0.000000,6.844000,1.003000,0.000000,0.000000,0.000000,7.847000
225,0,0.000000,0.512000,2.518000,0.000000,3.515000,0.000000,6.545000,1.008000,0.000000,0.000000,0.000000,7.553000
226,0,0.000000,0.999000,2.737000,0.000000,2.515000,1.520000,7.771000,0.000000,0.000000,0.000000,0.000000,7.771000
227,0,0.000000,1.009000,1.999000,0.999000,1.512000,1.003000,6.522000,0.000000,0.000000,0.000000,0.000000,6.522000
228,0,0.000000,0.000000,3.770000,0.000000,2.987000,0.000000,6.757000,1.638000,0.000000,0.000000,0.000000,8.395000
229,0,0.000000,1.009000,1.998000,0.000000,2.510000,1.010000,6.527000,0.000000,0.000000,0.000000,0.000000,6.527000
230,0,0.000000,0.998000,1.507000,1.006000,1.604000,1.815000,6.930000,0.000000,0.000000,0.000000,0.000000,6.930000
231,0,0.000000,1.606000,2.226000,0.000000,3.421000,1.207000,8.460000,0.000000,0.000000,0.000000,0.000000,8.460000
232,0,0.000000,1.010000,2.005000,0.000000,3.449000,1.611000,8.075000,0.000000,0.000000,0.000000,0.000000,8.075000
233,0,0.000000,0.000000,2.527000,0.000000,3.488000,0.000000,6.015000,0.000000,0.000000,0.000000,0.000000,6.015000
234,0,0.000000,0.000000,2.509000,0.000000,4.036000,1.035000,7.580000,0.000000,0.000000,0.000000,0.000000,7.580000
235,0,0.000000,0.000000,3.143000,0.000000,2.016000,1.022000,6.181000,0.000000,0.000000,0.000000,0.000000,6.181000
236,0,0.000000,0.000000,3.033000,0.000000,2.020000,0.000000,5.053000,0.000000,0.000000,0.000000,0.000000,5.053000
237,0,0.000000,2.008000,2.692000,0.000000,0.701000,2.019000,7.420000,0.000000,0.000000,0.000000,0.000000,7.420000
238,0,0.000000,0.000000,3.024000,0.000000,2.030000,1.516000,6.570000,0.000000,0.531000,0.000000,0.000000,7.101000
239,0,0.000000,0.000000,1.992000,0.000000,2.007000,1.512000,5.511000,0.000000,0.781000,0.000000,0.000000,6.292000
240,0,0.000000,1.036000,2.806000,1.018000,3.400000,0.689000,8.949000,0.000000,0.000000,0.000000,0.000000,8.949000
241,0,0.000000,0.994000,1.998000,0.000000,2.521000,1.013000,6.526000,0.000000,0.000000,0.000000,0.000000,6.526000
242,0,0.000000,0.000000,3.511000,0.000000,2.497000,0.000000,6.008000,0.000000,0.000000,0.000000,0.000000,6.008000
243,0,0.000000,1.510000,2.441000,0.000000,2.512000,0.000000,6.463000,1.012000,0.000000,0.000000,0.000000,7.475000
244,0,0.000000,0.000000,3.004000,0.000000,2.273000,0.611000,5.888000,0.000000,0.000000,0.000000,0.000000,5.888000
245,0,0.000000,1.012000,0.000000,0.000000,3.703000,0.000000,4.715000,0.000000,0.000000,0.000000,0.000000,4.715000
246,0,0.000000,0.000000,5.620000,0.000000,0.000000,0.000000,5.620000,0.000000,0.000000,0.000000,0.000000,5.620000
247,0,0.000000,0.000000,6.452000,0.000000,2.301000,0.000000,8.753000,0.000000,0.000000,0.000000,0.000000,8.753000
248,0,0.000000,0.000000,3.945000,0.000000,0.000000,0.000000,3.945000,0.000000,0.000000,0.000000,0.000000,3.945000
249,0,0.000000,0.000000,5.164000,0.000000,0.000000,4.521000,9.685000,0.000000,0.000000,0.000000,0.000000,9.685000
250,0,0.000000,0.784000,3.054000,0.000000,1.523000,0.000000,5.361000,1.530000,0.000000,0.000000,0.000000,6.891000
251,0,0.000000,0.000000,0.000000,0.000000,3.543000,0.000000,3.543000,0.000000,0.000000,0.000000,0.000000,3.543000
252,0,0.000000,0.000000,5.192000,0.000000,1.820000,0.000000,7.012000,0.000000,0.000000,0.000000,0.000000,7.012000
253,0,0.000000,0.000000,4.532000,0.000000,0.000000,3.556000,8.088000,0.000000,0.000000,0.000000,0.000000,8.088000
254,0,0.000000,0.553000,1.915000,0.000000,0.000000,3.733000,6.201000,0.324000,0.000000,0.000000,0.000000,6.525000
255,0,0.000000,0.000000,2.885000,0.000000,1.561000,0.000000,4.446000,0.000000,0.000000,0.000000,0.000000,4.446000
256,0,0.000000,3.044000,1.229000,0.000000,0.000000,0.000000,4.273000,0.000000,0.000000,0.000000,0.000000,4.273000
257,0,0.000000,0.341000,0.000000,0.000000,4.397000,0.597000,5.335000,0.000000,0.000000,0.000000,0.000000,5.335000
258,0,0.000000,1.542000,1.028000,0.000000,3.561000,0.000000,6.131000,0.000000,0.000000,0.000000,0.000000,6.131000
259,0,0.000000,0.000000,3.531000,0.000000,0.000000,0.000000,3.531000,0.000000,0.000000,0.000000,0.000000,3.531000
260,0,0.000000,0.000000,6.984000,0.599000,2.442000,0.000000,10.025000,0.000000,0.000000,0.000000,0.000000,10.025000
261,0,0.000000,2.047000,2.014000,0.000000,1.511000,1.839000,7.411000,0.000000,0.000000,0.000000,0.000000,7.411000
262,0,0.000000,0.713000,2.000000,0.000000,2.991000,0.000000,5.704000,0.000000,0.000000,0.000000,0.000000,5.704000
263,0,0.000000,2.553000,2.015000,0.000000,2.040000,0.000000,6.608000,0.000000,0.000000,0.000000,0.000000,6.608000
264,0,0.000000,0.000000,5.201000,0.000000,0.000000,0.000000,5.201000,0.000000,0.000000,0.000000,0.000000,5.201000
265,0,0.000000,0.000000,7.009000,0.000000,1.523000,1.527000,10.059000,0.000000,0.000000,0.000000,0.000000,10.059000
266,0,0.000000,1.013000,1.262000,0.000000,2.534000,0.000000,4.809000,0.000000,0.000000,0.000000,0.000000,4.809000
267,0,0.000000,0.000000,5.071000,0.000000,1.034000,0.000000,6.105000,0.000000,0.000000,0.000000,0.000000,6.105000
268,0,0.000000,0.000000,5.691000,0.000000,1.810000,0.000000,7.501000,0.000000,0.000000,0.000000,0.000000,7.501000
269,0,0.000000,2.025000,2.030000,0.000000,0.000000,0.000000,4.055000,0.000000,0.000000,0.000000,0.000000,4.055000
270,0,0.000000,0.000000,5.923000,0.000000,2.289000,0.000000,8.212000,0.000000,0.000000,0.000000,0.000000,8.212000
271,0,0.000000,0.000000,4.428000,0.000000,0.000000,0.000000,4.428000,0.000000,0.000000,0.000000,0.000000,4.428000
272,0,0.000000,0.000000,4.808000,0.000000,0.000000,0.000000,4.808000,0.000000,0.000000,0.000000,0.000000,4.808000
273,0,0.000000,0.000000,8.222000,0.000000,3.046000,0.000000,11.268000,0.000000,0.000000,0.000000,0.000000,11.268000
274,0,0.000000,0.000000,0.000000,0.000000,5.887000,3.053000,8.940000,0.000000,0.000000,0.000000,0.000000,8.940000
275,0,0.000000,1.045000,2.398000,0.000000,3.036000,0.000000,6.479000,0.000000,0.000000,0.000000,0.000000,6.479000
276,0,0.000000,0.000000,5.728000,0.000000,1.034000,0.000000,6.762000,0.000000,0.000000,0.000000,0.000000,6.762000
277,0,0.000000,0.000000,5.179000,0.604000,2.553000,1.104000,9.440000,0.000000,0.000000,0.000000,0.000000,9.440000
278,0,0.000000,1.068000,2.248000,0.000000,2.258000,1.122000,6.696000,0.000000,0.000000,0.000000,0.000000,6.696000
279,0,0.000000,0.524000,2.732000,0.000000,2.116000,1.020000,6.392000,0.927000,0.000000,0.000000,0.000000,7.319000
280,0,0.000000,0.000000,3.056000,0.000000,2.144000,0.000000,5.200000,0.000000,0.000000,0.000000,0.000000,5.200000
281,0,0.000000,0.000000,0.000000,0.000000,8.959000,0.000000,8.959000,0.000000,0.000000,0.000000,0.000000,8.959000
282,0,0.000000,1.936000,0.000000,0.000000,3.540000,0.000000,5.476000,0.000000,0.000000,0.000000,0.000000,5.476000
283,0,0.000000,0.000000,3.636000,0.000000,2.355000,0.000000,5.991000,0.000000,0.000000,0.000000,0.000000,5.991000
284,0,0.000000,0.000000,5.624000,0.000000,2.725000,0.000000,8.349000,0.000000,0.000000,0.000000,0.000000,8.349000
285,0,0.000000,0.000000,3.580000,0.522000,0.000000,0.000000,4.102000,0.000000,0.000000,0.000000,0.000000,4.102000
286,0,0.000000,0.000000,5.004000,0.000000,0.000000,4.052000,9.056000,0.000000,0.000000,0.000000,0.000000,9.056000
287,0,0.000000,0.512000,2.189000,0.000000,1.526000,2.041000,6.268000,0.000000,0.000000,0.000000,0.000000,6.268000
288,0,0.000000,1.048000,0.352000,0.000000,0.000000,0.000000,1.400000,0.000000,0.000000,0.000000,0.000000,1.400000
289,0,0.000000,0.000000,0.000000,0.000000,10.087000,0.000000,10.087000,0.000000,0.000000,0.000000,0.000000,10.087000
290,0,0.000000,0.000000,0.000000,0.000000,5.038000,2.452000,7.490000,0.000000,0.000000,0.000000,0.000000,7.490000
291,0,0.000000,1.012000,2.027000,0.000000,2.541000,0.000000,5.580000,0.000000,0.000000,0.000000,0.000000,5.580000
292,0,0.000000,1.508000,2.661000,0.000000,2.862000,1.012000,8.043000,0.000000,0.000000,0.000000,0.000000,8.043000
293,0,0.000000,0.000000,3.028000,0.000000,2.001000,1.004000,6.033000,0.000000,0.000000,0.000000,0.000000,6.033000
294,0,0.000000,0.996000,2.512000,0.000000,2.001000,0.505000,6.014000,0.000000,1.009000,0.000000,0.000000,7.023000
295,0,0.000000,0.906000,3.243000,0.000000,2.563000,0.992000,7.704000,0.000000,0.000000,0.000000,0.000000,7.704000
296,0,0.000000,0.000000,2.992000,0.000000,2.001000,1.513000,6.506000,0.000000,0.000000,0.000000,0.000000,6.506000
297,0,0.000000,0.000000,3.147000,1.178000,2.508000,0.000000,6.833000,0.000000,0.000000,0.000000,0.000000,6.833000
298,0,0.000000,0.000000,2.512000,0.000000,2.531000,1.005000,6.048000,0.000000,0.000000,0.000000,0.000000,6.048000
299,0,0.000000,0.995000,2.643000,0.000000,3.012000,0.510000,7.160000,0.000000,0.000000,0.000000,0.000000,7.160000
300,0,0.000000,1.007000,2.552000,0.000000,2.006000,1.004000,6.569000,0.000000,0.000000,0.000000,0.000000,6.569000
301,0,0.000000,0.998000,2.511000,0.000000,1.579000,1.529000,6.617000,0.000000,0.000000,0.000000,0.000000,6.617000
302,0,0.000000,0.524000,3.250000,0.513000,1.013000,1.537000,6.837000,0.000000,0.000000,0.000000,0.000000,6.837000
303,0,0.000000,1.012000,2.003000,0.000000,3.002000,0.996000,7.013000,0.000000,0.000000,0.000000,0.000000,7.013000
304,0,0.000000,0.646000,2.378000,0.000000,2.222000,1.008000,6.254000,0.000000,0.000000,0.000000,0.000000,6.254000
305,0,0.000000,0.994000,2.525000,0.000000,2.511000,0.000000,6.030000,0.000000,0.000000,0.000000,0.000000,6.030000
306,0,0.000000,0.000000,2.688000,0.000000,1.996000,1.016000,5.700000,0.000000,0.000000,0.000000,0.000000,5.700000
307,0,0.000000,0.984000,2.513000,0.000000,3.043000,0.525000,7.065000,0.000000,0.000000,0.000000,0.000000,7.065000
308,0,0.000000,1.011000,2.002000,0.000000,3.165000,0.000000,6.178000,0.000000,0.000000,0.000000,0.000000,6.178000
309,0,0.000000,0.000000,3.050000,0.000000,2.213000,1.543000,6.806000,0.000000,0.000000,0.000000,0.000000,6.806000
310,0,0.000000,1.013000,2.543000,0.000000,3.419000,1.825000,8.800000,0.000000,0.000000,0.000000,0.000000,8.800000
311,0,0.000000,1.135000,2.000000,0.000000,2.433000,0.000000,5.568000,0.000000,0.000000,0.000000,0.000000,5.568000
312,0,0.000000,0.600000,2.529000,0.000000,2.005000,1.005000,6.139000,0.000000,0.000000,0.000000,0.000000,6.139000
313,0,0.000000,0.993000,3.002000,0.000000,3.028000,0.537000,7.560000,1.014000,0.000000,0.000000,0.000000,8.574000
314,0,0.000000,0.507000,2.577000,0.000000,3.514000,1.009000,7.607000,0.000000,0.000000,0.000000,0.000000,7.607000
315,0,0.000000,0.000000,4.551000,1.009000,1.870000,1.458000,8.888000,0.000000,0.000000,0.000000,0.000000,8.888000
316,0,0.000000,1.018000,3.002000,0.000000,2.993000,1.518000,8.531000,0.000000,0.000000,0.000000,0.000000,8.531000
317,0,0.000000,1.015000,2.521000,0.000000,2.682000,0.637000,6.855000,0.000000,0.000000,0.000000,0.000000,6.855000
318,0,0.000000,0.000000,2.522000,0.000000,2.538000,1.016000,6.076000,0.000000,0.000000,0.000000,0.000000,6.076000
319,0,0.000000,0.988000,1.999000,0.000000,1.999000,1.772000,6.758000,0.000000,0.000000,0.000000,0.000000,6.758000
320,0,0.000000,1.018000,2.760000,0.000000,2.529000,0.509000,6.816000,0.000000,0.000000,0.000000,0.000000,6.816000
321,0,0.000000,1.011000,2.527000,0.000000,2.001000,0.000000,5.539000,0.000000,0.000000,0.000000,0.000000,5.539000
322,0,0.000000,1.509000,2.961000,0.000000,2.546000,0.000000,7.016000,1.157000,0.000000,0.000000,0.000000,8.173000
323,0,0.000000,0.000000,3.017000,0.000000,1.995000,1.003000,6.015000,0.000000,0.623000,0.000000,0.000000,6.638000
324,0,0.000000,0.000000,3.067000,0.000000,2.882000,1.011000,6.960000,0.000000,0.000000,0.000000,0.000000,6.960000
325,0,0.000000,0.000000,3.537000,0.990000,1.518000,1.516000,7.561000,0.000000,0.000000,0.000000,0.000000,7.561000
326,0,0.000000,1.014000,1.799000,0.000000,2.996000,0.000000,5.809000,1.002000,0.000000,0.000000,0.000000,6.811000
327,0,0.000000,0.461000,3.070000,0.000000,2.037000,1.017000,6.585000,0.000000,0.000000,0.000000,0.000000,6.585000
328,0,0.000000,0.000000,2.998000,0.000000,1.928000,1.019000,5.945000,0.000000,0.000000,0.000000,0.000000,5.945000
329,0,0.000000,0.993000,2.517000,0.000000,2.148000,1.028000,6.686000,0.000000,0.000000,0.000000,0.000000,6.686000
330,0,0.000000,1.532000,1.528000,0.000000,0.000000,0.000000,3.060000,0.000000,0.000000,0.000000,0.000000,3.060000
331,0,0.000000,0.000000,0.000000,0.000000,9.563000,1.140000,10.703000,0.000000,0.000000,0.000000,0.000000,10.703000
332,0,0.000000,1.012000,2.521000,0.000000,3.017000,0.000000,6.550000,0.999000,0.000000,0.000000,0.000000,7.549000
333,0,0.000000,0.510000,3.523000,0.000000,2.003000,1.002000,7.038000,0.000000,0.000000,0.000000,0.000000,7.038000
334,0,0.000000,0.690000,2.527000,0.000000,3.551000,0.682000,7.450000,0.000000,0.000000,0.000000,0.000000,7.450000
335,0,0.000000,0.000000,2.444000,0.000000,2.507000,2.026000,6.977000,0.000000,0.000000,0.000000,0.000000,6.977000
336,0,0.000000,0.000000,3.048000,0.581000,2.987000,1.647000,8.263000,0.000000,0.000000,0.000000,0.000000,8.263000
337,0,0.000000,1.111000,2.379000,0.589000,2.448000,1.211000,7.738000,0.000000,0.000000,0.000000,0.000000,7.738000
338,0,0.000000,0.000000,3.182000,0.000000,1.247000,0.000000,4.429000,0.000000,3.385000,0.000000,0.000000,7.814000
339,0,0.000000,0.000000,0.000000,0.000000,4.762000,1.019000,5.781000,0.000000,0.000000,0.000000,0.000000,5.781000
340,0,0.000000,0.000000,0.000000,0.000000,0.000000,8.061000,8.061000,0.510000,0.000000,0.000000,0.000000,8.571000
341,0,0.000000,0.000000,0.000000,0.000000,4.498000,0.000000,4.498000,0.000000,0.000000,0.000000,0.000000,4.498000
342,0,0.000000,0.000000,4.746000,0.000000,0.000000,0.000000,4.746000,0.000000,0.000000,0.000000,0.000000,4.746000
343,0,0.000000,0.000000,6.931000,0.000000,1.528000,1.544000,10.003000,0.000000,0.000000,0.000000,0.000000,10.003000
344,0,0.000000,1.549000,0.000000,0.000000,0.000000,0.000000,1.549000,0.000000,0.000000,0.000000,0.000000,1.549000
345,0,0.000000,0.000000,9.091000,0.000000,2.810000,1.001000,12.902000,0.000000,0.000000,0.000000,0.000000,12.902000
346,0,0.000000,0.998000,1.515000,0.000000,0.000000,3.518000,6.031000,0.000000,0.000000,0.000000,0.000000,6.031000
347,0,0.000000,1.545000,0.000000,0.000000,0.000000,0.000000,1.545000,0.000000,0.000000,0.000000,0.000000,1.545000
348,0,0.000000,0.000000,8.824000,0.000000,3.072000,0.535000,12.431000,0.000000,0.532000,0.000000,0.000000,12.963000
349,0,0.000000,0.000000,0.000000,0.000000,5.237000,0.000000,5.237000,0.000000,0.000000,0.000000,0.000000,5.237000
350,0,0.000000,0.000000,4.047000,0.000000,2.755000,1.531000,8.333000,0.000000,0.000000,0.000000,0.000000,8.333000
351,0,0.000000,0.000000,3.064000,0.000000,2.348000,0.000000,5.412000,0.000000,0.000000,0.000000,0.000000,5.412000
352,0,0.000000,0.000000,0.000000,0.000000,6.053000,1.550000,7.603000,0.000000,0.000000,0.000000,0.000000,7.603000
353,0,0.000000,0.000000,0.000000,0.000000,5.310000,1.756000,7.066000,0.000000,0.000000,0.000000,0.000000,7.066000
354,0,0.000000,0.758000,1.023000,0.000000,3.365000,0.000000,5.146000,0.000000,0.000000,0.000000,0.000000,5.146000
355,0,0.000000,0.000000,0.000000,0.000000,6.942000,0.000000,6.942000,0.000000,0.000000,0.000000,0.000000,6.942000
356,0,0.000000,0.000000,3.811000,0.527000,0.000000,0.000000,4.338000,0.000000,0.000000,0.000000,0.000000,4.338000
357,0,0.000000,0.000000,4.806000,0.000000,0.000000,5.078000,9.884000,0.000000,0.000000,0.000000,0.000000,9.884000
358,0,0.000000,0.000000,3.088000,0.000000,2.163000,1.031000,6.282000,0.000000,0.000000,0.000000,0.000000,6.282000
359,0,0.000000,0.000000,0.000000,0.000000,0.000000,0.000000,0.000000,0.000000,0.000000,0.000000,0.000000,0.000000
360,0,0.000000,0.000000,8.760000,1.043000,0.000000,0.000000,9.803000,0.000000,0.000000,0.000000,0.000000,9.803000
361,0,0.000000,0.000000,5.676000,0.000000,3.527000,0.000000,9.203000,0.000000,0.000000,0.000000,0.000000,9.203000
362,0,0.000000,1.531000,0.000000,0.000000,0.000000,0.000000,1.531000,0.000000,0.000000,0.000000,0.000000,1.531000
363,0,0.000000,0.000000,8.706000,0.000000,1.651000,2.058000,12.415000,0.000000,0.000000,0.000000,0.000000,12.415000
364,0,0.000000,0.531000,0.000000,0.000000,4.734000,0.000000,5.265000,0.000000,0.000000,0.000000,0.000000,5.265000
365,0,0.000000,0.000000,0.000000,0.000000,5.381000,1.579000,6.960000,1.038000,0.000000,0.000000,0.000000,7.998000
366,0,0.000000,1.094000,2.569000,0.000000,1.017000,0.000000,4.680000,0.000000,0.000000,0.000000,0.000000,4.680000
367,0,0.000000,0.000000,0.000000,0.000000,7.373000,1.540000,8.913000,0.000000,0.000000,0.000000,0.000000,8.913000
368,0,0.000000,0.000000,0.000000,0.000000,5.892000,1.027000,6.919000,0.000000,0.000000,0.000000,0.000000,6.919000
369,0,0.000000,1.058000,2.620000,0.000000,2.654000,0.000000,6.332000,0.000000,0.000000,0.000000,0.000000,6.332000
370,0,0.000000,1.580000,0.000000,3.379000,1.223000,0.000000,6.182000,0.000000,0.000000,0.000000,0.000000,6.182000
371,0,0.000000,3.039000,1.048000,0.000000,0.000000,5.062000,9.149000,0.000000,0.000000,0.000000,0.000000,9.149000
372,0,0.000000,0.000000,0.000000,0.000000,0.000000,6.567000,6.567000,0.000000,0.000000,0.000000,0.000000,6.567000
373,0,0.000000,0.692000,1.032000,2.030000,1.041000,0.000000,4.795000,0.000000,0.000000,0.000000,0.000000,4.795000
374,0,0.000000,0.000000,0.000000,0.000000,0.000000,0.000000,0.000000,0.000000,0.000000,0.000000,0.000000,0.000000
375,0,0.000000,8.776000,3.291000,0.000000,0.000000,3.038000,15.105000,0.000000,0.000000,0.000000,0.000000,15.105000
376,0,0.000000,0.000000,0.000000,0.000000,4.054000,2.034000,6.088000,0.000000,0.000000,0.000000,0.000000,6.088000
377,0,0.000000,0.000000,0.000000,0.000000,0.000000,7.079000,7.079000,0.000000,0.000000,0.000000,0.000000,7.079000
378,0,0.000000,1.156000,3.559000,0.000000,0.523000,0.000000,5.238000,0.000000,0.000000,0.000000,0.000000,5.238000
379,0,0.000000,0.000000,5.311000,0.000000,0.000000,0.000000,5.311000,0.000000,0.000000,0.000000,0.000000,5.311000
380,0,0.000000,5.286000,1.523000,1.525000,1.536000,1.549000,11.419000,0.000000,0.000000,0.000000,0.000000,11.419000
381,0,0.000000,0.000000,0.000000,0.000000,0.000000,0.000000,0.000000,0.000000,0.000000,0.000000,0.000000,0.000000
382,0,0.000000,0.000000,10.517000,0.000000,0.000000,4.448000,14.965000,0.000000,0.000000,0.000000,0.000000,14.965000
383,0,0.000000,0.000000,3.573000,0.000000,2.046000,0.000000,5.619000,0.000000,0.000000,0.000000,0.000000,5.619000
384,0,0.000000,0.000000,4.760000,0.000000,3.875000,0.000000,8.635000,0.000000,0.000000,0.000000,0.000000,8.635000
385,0,0.000000,0.000000,4.105000,0.000000,0.000000,0.000000,4.105000,0.000000,0.000000,0.000000,0.000000,4.105000
386,0,0.000000,0.000000,2.446000,0.000000,2.563000,2.231000,7.240000,0.000000,0.000000,0.000000,0.000000,7.240000
387,0,0.000000,1.041000,3.057000,0.000000,0.000000,0.000000,4.098000,0.000000,0.000000,0.000000,0.000000,4.098000
388,0,0.000000,0.000000,7.574000,0.000000,2.044000,0.000000,9.618000,0.000000,0.000000,0.000000,0.000000,9.618000
389,0,0.000000,5.451000,0.000000,0.000000,5.569000,2.467000,13.487000,0.000000,0.000000,0.000000,0.000000,13.487000
390,0,0.000000,1.024000,0.000000,0.000000,6.546000,0.509000,8.079000,0.797000,0.508000,0.000000,0.000000,9.384000
391,0,0.000000,0.521000,4.533000,0.000000,3.508000,1.014000,9.576000,0.000000,0.000000,0.000000,0.000000,9.576000
392,0,0.000000,1.517000,6.768000,0.000000,5.551000,1.611000,15.447000,0.000000,0.000000,0.000000,0.000000,15.447000
393,0,0.000000,1.518000,6.047000,0.000000,5.023000,1.012000,13.600000,0.000000,0.000000,0.000000,0.000000,13.600000
394,0,0.000000,0.000000,8.493000,0.000000,6.974000,0.000000,15.467000,0.000000,0.000000,0.000000,0.000000,15.467000
395,0,0.000000,5.168000,6.490000,0.000000,4.048000,0.000000,15.706000,0.000000,0.000000,0.000000,0.000000,15.706000
396,0,0.000000,0.000000,8.980000,0.000000,7.476000,1.581000,18.037000,0.000000,0.000000,0.000000,0.000000,18.037000
397,0,0.000000,1.609000,8.106000,1.003000,7.494000,2.050000,20.262000,0.000000,0.000000,0.000000,0.000000,20.262000
398,0,0.000000,0.000000,7.464000,1.634000,9.866000,1.492000,20.456000,0.000000,0.653000,0.000000,0.000000,21.109000
399,0,0.000000,1.019000,6.035000,0.000000,4.063000,2.940000,14.057000,0.000000,0.000000,0.000000,0.000000,14.057000
400,0,0.000000,0.000000,4.039000,0.000000,5.776000,0.635000,10.450000,0.000000,0.000000,0.000000,0.000000,10.450000
401,0,0.000000,2.134000,1.136000,0.000000,0.000000,8.918000,12.188000,0.000000,0.000000,0.000000,0.000000,12.188000
402,0,0.000000,1.149000,0.626000,0.000000,8.025000,0.000000,9.800000,0.000000,0.000000,0.000000,0.000000,9.800000
403,0,0.000000,2.144000,0.000000,0.000000,9.485000,0.748000,12.377000,0.000000,0.747000,0.000000,0.000000,13.124000
404,0,0.000000,1.254000,0.977000,4.634000,0.000000,5.055000,11.920000,0.000000,0.578000,0.000000,0.000000,12.498000
405,0,0.000000,1.524000,4.263000,0.000000,0.000000,0.000000,5.787000,0.000000,0.000000,0.000000,0.000000,5.787000
406,0,0.000000,0.000000,10.111000,0.000000,4.969000,0.664000,15.744000,0.000000,0.000000,0.000000,0.000000,15.744000
407,0,0.000000,0.000000,5.517000,0.000000,4.068000,0.000000,9.585000,0.000000,0.000000,0.000000,0.000000,9.585000
408,0,0.000000,4.151000,4.089000,0.333000,0.000000,4.630000,13.203000,0.000000,0.000000,0.000000,0.000000,13.203000
409,0,0.000000,1.860000,3.875000,0.000000,4.301000,1.977000,12.013000,0.000000,0.000000,0.000000,0.000000,12.013000
410,0,0.000000,0.000000,5.624000,0.000000,3.890000,0.000000,9.514000,0.000000,0.000000,0.000000,0.000000,9.514000
411,0,0.000000,0.000000,5.333000,0.000000,5.628000,1.153000,12.114000,0.000000,0.000000,0.000000,0.000000,12.114000
412,0,0.000000,0.000000,0.000000,0.000000,10.454000,1.378000,11.832000,0.000000,0.000000,0.000000,0.000000,11.832000
413,0,0.000000,0.000000,5.239000,0.000000,4.434000,1.726000,11.399000,0.000000,0.000000,0.000000,0.000000,11.399000
414,0,0.000000,0.000000,4.687000,0.000000,0.000000,0.000000,4.687000,0.000000,0.000000,0.000000,0.000000,4.687000
415,0,0.000000,0.000000,12.376000,0.000000,8.893000,0.000000,21.269000,0.000000,0.000000,0.000000,0.000000,21.269000
416,0,0.000000,4.758000,3.042000,0.000000,9.325000,0.000000,17.125000,0.000000,0.000000,0.000000,0.000000,17.125000
417,0,0.000000,3.794000,4.873000,1.631000,1.621000,0.000000,11.919000,7.130000,0.000000,0.000000,0.000000,19.049000
418,0,0.000000,0.521000,6.226000,0.000000,6.399000,0.000000,13.146000,6.041000,0.000000,0.000000,0.000000,19.915000
419,0,0.000000,0.000000,6.085000,0.000000,9.994000,2.140000,18.219000,0.000000,0.631000,0.000000,0.000000,18.850000
420,0,0.000000,1.774000,4.565000,0.000000,8.137000,2.188000,16.664000,1.551000,0.000000,0.000000,0.000000,18.215000
421,0,0.000000,0.000000,5.563000,0.000000,8.636000,3.534000,17.733000,0.000000,0.515000,0.000000,0.000000,18.248000
422,0,0.000000,0.000000,9.445000,0.000000,7.164000,0.000000,16.609000,0.000000,0.000000,0.000000,0.000000,16.609000
423,0,0.000000,0.000000,14.588000,0.653000,6.316000,2.184000,23.741000,0.000000,0.000000,0.000000,0.000000,23.741000
424,0,0.000000,0.000000,8.873000,0.000000,6.000000,0.000000,14.873000,0.000000,0.000000,0.000000,0.000000,14.873000
425,0,0.000000,1.762000,7.039000,0.386000,0.000000,7.151000,16.338000,0.692000,0.000000,0.000000,0.000000,17.030000
426,0,0.000000,0.663000,6.885000,1.002000,7.366000,0.904000,16.820000,2.353000,0.430000,0.000000,0.000000,19.603000
427,0,0.000000,1.050000,7.428000,0.000000,4.551000,1.509000,14.538000,0.627000,0.000000,0.000000,0.000000,15.165000
428,0,0.000000,1.000000,7.174000,0.000000,5.693000,1.177000,15.044000,0.000000,0.000000,0.000000,0.000000,15.044000
429,0,0.000000,0.874000,5.825000,0.000000,6.264000,0.655000,13.618000,1.013000,1.109000,0.000000,0.000000,15.740000
430,0,0.000000,0.973000,7.148000,0.000000,7.321000,0.990000,16.432000,0.510000,0.326000,0.000000,0.000000,17.268000
431,0,0.000000,1.508000,4.718000,0.000000,9.482000,0.000000,15.708000,0.000000,0.000000,0.000000,0.000000,15.708000
432,0,0.000000,3.509000,5.760000,0.000000,5.683000,0.000000,14.952000,0.000000,0.000000,0.000000,0.000000,14.952000
433,0,0.000000,4.550000,7.400000,0.000000,7.191000,0.000000,19.141000,1.625000,0.000000,0.000000,0.000000,20.766000
434,0,0.000000,1.526000,3.386000,0.000000,6.176000,2.536000,13.624000,0.635000,0.000000,0.000000,0.000000,14.259000
435,0,0.000000,0.000000,5.489000,0.000000,5.696000,0.000000,11.185000,0.000000,0.000000,0.000000,0.000000,11.185000
436,0,0.000000,0.000000,8.491000,0.000000,4.496000,0.000000,12.987000,4.736000,0.000000,0.000000,0.000000,17.723000
437,0,0.000000,0.000000,8.261000,1.517000,10.234000,1.053000,21.065000,0.646000,0.000000,0.000000,0.000000,21.711000
438,0,0.000000,2.395000,6.125000,0.000000,3.386000,0.000000,11.906000,7.497000,0.000000,0.000000,0.000000,19.403000
439,0,0.000000,0.000000,9.010000,0.000000,11.085000,0.489000,20.584000,0.000000,0.000000,0.000000,0.000000,20.584000
440,0,0.000000,0.000000,12.043000,2.020000,4.452000,2.147000,20.662000,0.000000,0.000000,0.000000,0.000000,20.662000
441,0,0.000000,0.000000,0.000000,0.000000,17.700000,0.000000,17.700000,4.481000,0.548000,0.000000,0.000000,22.729000
442,0,0.000000,0.000000,6.352000,0.000000,0.000000,8.454000,14.806000,0.000000,0.000000,0.000000,0.000000,14.806000
443,0,0.000000,1.544000,8.749000,0.000000,9.418000,0.000000,19.711000,1.666000,0.000000,0.000000,0.000000,21.377000
444,0,0.000000,0.000000,8.674000,0.000000,10.202000,1.040000,19.916000,0.000000,0.000000,0.000000,0.000000,19.916000
445,0,0.000000,0.000000,12.061000,0.590000,8.970000,0.000000,21.621000,0.000000,0.000000,0.000000,0.000000,21.621000
446,0,0.000000,6.542000,5.684000,0.000000,4.813000,0.000000,17.039000,0.000000,0.000000,0.000000,0.000000,17.039000
447,0,0.000000,0.000000,11.344000,0.000000,8.966000,1.068000,21.378000,0.622000,0.000000,0.000000,0.000000,22.000000
448,0,0.000000,2.341000,6.275000,0.000000,6.334000,0.000000,14.950000,2.526000,0.000000,0.000000,0.000000,17.476000
449,0,0.000000,0.000000,6.320000,0.000000,7.138000,2.514000,15.972000,0.000000,0.000000,0.000000,0.000000,15.972000
450,0,0.000000,3.206000,9.736000,0.000000,6.068000,2.516000,21.526000,0.000000,0.000000,0.000000,0.000000,21.526000
451,0,0.000000,2.051000,6.746000,0.000000,5.350000,0.000000,14.147000,3.807000,0.000000,0.000000,0.000000,17.954000
452,0,0.000000,0.000000,14.779000,0.000000,11.759000,2.425000,28.963000,0.000000,0.000000,0.000000,0.000000,28.963000
453,0,0.000000,0.000000,9.841000,0.000000,7.337000,0.000000,17.178000,2.031000,0.000000,0.000000,0.000000,19.209000
454,0,0.000000,1.573000,5.218000,0.000000,5.051000,0.559000,12.401000,1.527000,0.000000,0.000000,0.000000,13.928000
455,0,0.000000,1.225000,8.288000,1.012000,7.973000,2.630000,21.128000,0.000000,0.000000,0.000000,0.000000,21.128000
456,0,0.000000,1.009000,7.298000,0.693000,7.840000,1.110000,17.950000,1.001000,0.000000,0.000000,0.000000,18.951000
457,0,0.000000,0.995000,6.183000,0.000000,7.284000,2.010000,16.472000,0.000000,0.000000,0.000000,0.000000,16.472000
458,0,0.000000,2.008000,5.888000,0.000000,9.978000,0.000000,17.874000,0.000000,0.000000,0.000000,0.000000,17.874000
459,0,0.000000,8.628000,4.568000,0.000000,9.733000,1.237000,24.166000,0.518000,0.000000,0.000000,0.000000,24.684000
460,0,0.000000,0.625000,6.399000,0.000000,5.517000,1.137000,13.678000,0.000000,0.000000,0.000000,0.000000,13.678000
461,0,0.000000,0.000000,5.175000,0.000000,6.894000,0.767000,12.836000,0.633000,0.000000,0.000000,0.000000,13.469000
462,0,0.000000,0.000000,10.138000,0.000000,7.236000,2.525000,19.899000,0.000000,0.000000,0.000000,0.000000,19.899000
463,0,0.000000,1.529000,3.098000,3.444000,6.524000,0.000000,14.595000,0.000000,0.000000,0.000000,0.000000,14.595000
464,0,0.000000,3.197000,6.231000,1.040000,0.000000,0.000000,10.468000,0.000000,0.000000,0.000000,0.000000,10.468000
465,0,0.000000,8.688000,5.886000,0.000000,8.545000,2.039000,25.158000,0.000000,0.000000,0.000000,0.000000,25.158000
466,0,0.000000,1.033000,3.068000,0.000000,10.100000,0.000000,14.201000,0.000000,0.000000,0.000000,0.000000,14.201000
467,0,0.000000,3.042000,3.574000,0.000000,6.355000,0.000000,12.971000,0.000000,0.000000,0.000000,0.000000,12.971000
468,0,0.000000,6.609000,8.751000,0.000000,5.459000,1.622000,22.441000,0.000000,0.000000,0.000000,0.000000,22.441000
469,0,0.000000,0.000000,6.577000,0.000000,5.344000,1.016000,12.937000,1.093000,0.000000,0.000000,0.000000,14.030000
470,0,0.000000,1.004000,4.238000,1.511000,6.095000,1.000000,13.848000,1.000000,0.000000,0.000000,0.000000,14.848000
471,0,0.000000,0.000000,5.466000,1.010000,6.170000,0.000000,12.646000,0.992000,0.000000,0.000000,0.000000,13.638000
472,0,0.000000,1.569000,7.732000,0.000000,5.518000,2.509000,17.328000,0.000000,0.000000,0.000000,0.000000,17.328000
473,0,0.000000,1.519000,7.111000,0.000000,5.574000,1.134000,15.338000,0.000000,0.000000,0.000000,0.000000,15.338000
474,0,0.000000,0.000000,4.898000,1.053000,4.562000,1.999000,12.512000,0.000000,0.000000,0.000000,0.000000,12.512000
475,0,0.000000,0.000000,7.202000,0.000000,4.931000,1.514000,13.647000,0.000000,0.000000,0.000000,0.000000,13.647000
476,0,0.000000,0.997000,5.929000,0.000000,6.437000,0.000000,13.363000,1.002000,0.000000,0.000000,0.000000,14.365000
477,0,0.000000,1.511000,6.276000,1.012000,5.949000,0.547000,15.295000,0.552000,0.000000,0.000000,0.000000,15.847000
478,0,0.000000,0.000000,7.863000,0.000000,6.255000,1.536000,15.654000,0.000000,0.000000,0.000000,0.000000,15.654000
479,0,0.000000,1.004000,5.645000,0.000000,6.101000,1.080000,13.830000,0.000000,1.009000,0.000000,0.000000,14.839000
480,0,0.000000,2.022000,7.079000,1.001000,4.594000,1.844000,16.540000,0.000000,0.523000,0.000000,0.000000,17.063000
481,0,0.000000,0.519000,7.025000,1.012000,5.776000,1.526000,15.858000,1.514000,0.000000,0.000000,0.000000,17.372000
482,0,0.000000,1.009000,6.568000,0.000000,8.763000,2.016000,18.356000,0.000000,0.000000,0.000000,0.000000,18.356000
483,0,0.000000,3.044000,7.037000,0.000000,7.612000,0.996000,18.689000,0.535000,0.000000,0.000000,0.000000,19.224000
484,0,0.000000,0.000000,8.214000,0.979000,6.049000,1.019000,16.261000,0.999000,0.000000,0.000000,0.000000,17.260000
485,0,0.000000,1.526000,7.390000,0.000000,8.571000,1.026000,18.513000,0.000000,0.000000,0.000000,0.000000,18.513000
486,0,0.000000,1.605000,8.218000,0.000000,6.047000,2.524000,18.394000,0.000000,0.000000,0.000000,0.000000,18.394000
487,0,0.000000,1.011000,8.659000,0.000000,7.616000,0.999000,18.285000,1.234000,0.000000,0.000000,0.000000,19.519000
488,0,0.000000,1.519000,6.535000,1.013000,8.371000,1.771000,19.209000,0.000000,0.000000,0.000000,0.000000,19.209000
489,0,0.000000,0.528000,5.764000,1.967000,7.417000,3.203000,18.879000,0.000000,0.000000,0.000000,0.000000,18.879000
490,0,0.000000,2.339000,7.558000,0.697000,8.149000,1.300000,20.043000,0.000000,0.000000,0.000000,0.000000,20.043000
491,0,0.000000,0.000000,7.555000,0.000000,10.242000,2.073000,19.870000,1.146000,0.000000,0.000000,0.000000,21.016000
492,0,0.000000,1.788000,6.441000,0.997000,7.687000,1.638000,18.551000,1.014000,0.000000,0.000000,0.000000,19.565000
493,0,0.000000,2.012000,5.488000,0.000000,9.775000,2.298000,19.573000,0.000000,0.000000,0.000000,0.000000,19.573000
494,0,0.000000,0.991000,8.560000,0.000000,7.135000,0.000000,16.686000,0.000000,0.000000,0.000000,0.000000,16.686000
495,0,0.000000,4.627000,8.449000,0.000000,6.748000,2.035000,21.859000,0.000000,0.000000,0.000000,0.000000,21.859000
496,0,0.000000,3.144000,8.470000,0.000000,7.775000,1.553000,20.942000,0.000000,0.000000,0.000000,0.000000,20.942000
497,0,0.000000,2.158000,8.949000,0.000000,8.704000,2.312000,22.123000,0.000000,0.000000,0.000000,0.000000,22.123000
498,0,0.000000,0.859000,0.000000,7.944000,3.954000,4.779000,17.536000,0.000000,0.000000,0.000000,0.000000,17.536000
499,0,0.000000,0.000000,10.334000,1.122000,3.985000,4.821000,20.262000,0.000000,0.000000,0.000000,0.000000,20.262000
500,0,0.000000,1.145000,5.306000,0.000000,5.964000,0.000000,12.415000,0.000000,0.000000,0.000000,0.000000,12.415000
501,0,0.000000,0.000000,15.069000,0.000000,2.638000,5.144000,22.851000,0.000000,0.000000,0.000000,0.000000,22.851000
502,0,0.000000,3.039000,5.155000,0.000000,7.723000,1.905000,17.822000,0.000000,0.000000,0.000000,0.000000,17.822000
503,0,0.000000,1.513000,5.968000,0.000000,7.851000,2.041000,17.373000,0.000000,0.000000,0.000000,0.000000,17.373000
504,0,0.000000,2.661000,4.830000,0.000000,8.175000,0.000000,15.666000,2.164000,0.000000,0.000000,0.000000,17.830000
505,0,0.000000,1.150000,3.213000,0.000000,10.533000,1.509000,16.405000,1.119000,0.000000,0.000000,0.000000,17.524000
506,0,0.000000,0.000000,4.289000,0.000000,12.633000,0.000000,16.922000,0.000000,0.000000,0.000000,0.000000,16.922000
507,0,0.000000,0.000000,9.710000,0.533000,6.394000,0.000000,16.637000,0.000000,0.000000,0.000000,0.000000,16.637000
508,0,0.000000,3.121000,6.396000,0.718000,4.914000,4.648000,19.797000,0.000000,0.000000,0.000000,0.000000,19.797000
509,0,0.000000,1.034000,8.273000,0.000000,4.124000,0.000000,13.431000,0.000000,0.000000,0.000000,0.000000,13.431000
510,0,0.000000,5.372000,6.704000,0.000000,6.433000,0.000000,18.509000,0.000000,0.000000,0.000000,0.000000,18.509000
511,0,0.000000,0.000000,10.227000,0.000000,7.467000,0.000000,17.694000,2.152000,0.000000,0.000000,0.000000,19.846000
512,0,0.000000,2.113000,6.796000,0.000000,7.983000,0.000000,16.892000,0.000000,0.000000,0.000000,0.000000,16.892000
513,0,0.000000,3.881000,7.544000,0.000000,2.047000,5.648000,19.120000,0.664000,0.000000,0.000000,0.000000,19.784000
514,0,0.000000,0.711000,9.638000,0.000000,7.037000,1.586000,18.972000,0.000000,1.014000,0.000000,0.000000,19.986000
515,0,0.000000,0.000000,7.578000,0.000000,6.231000,1.524000,15.333000,1.539000,0.000000,0.000000,0.000000,17.392000
516,0,0.000000,0.994000,5.632000,0.000000,7.669000,0.558000,14.853000,0.000000,0.000000,0.000000,0.000000,14.853000
517,0,0.000000,3.708000,2.675000,0.000000,11.672000,0.565000,18.620000,0.000000,0.000000,0.000000,0.000000,18.620000
518,0,0.000000,0.000000,4.373000,4.736000,5.599000,1.730000,16.438000,1.123000,0.000000,0.000000,0.000000,17.561000
519,0,0.000000,1.050000,6.504000,0.000000,9.048000,0.517000,17.119000,0.000000,0.000000,0.000000,0.000000,17.119000
520,0,0.000000,1.460000,7.847000,0.000000,7.578000,1.918000,18.803000,0.000000,0.654000,0.000000,0.000000,19.457000
521,0,0.000000,2.072000,7.564000,0.680000,5.268000,4.183000,19.767000,0.000000,0.000000,0.000000,0.000000,19.767000
522,0,0.000000,1.116000,8.248000,1.017000,7.464000,2.041000,19.886000,0.000000,0.000000,0.000000,0.000000,19.886000
523,0,0.000000,2.053000,8.246000,0.000000,7.938000,2.024000,20.261000,0.000000,0.000000,0.000000,0.000000,20.261000
524,0,0.000000,1.103000,8.102000,0.000000,7.453000,1.888000,18.546000,0.767000,0.000000,0.000000,0.000000,19.313000
525,0,0.000000,2.317000,7.937000,0.000000,7.428000,0.000000,17.682000,0.000000,0.000000,0.000000,0.000000,17.682000
526,0,0.000000,0.327000,9.011000,0.000000,6.934000,0.000000,16.272000,3.146000,0.000000,0.000000,0.000000,19.418000
527,0,0.000000,3.107000,7.169000,0.000000,6.709000,2.692000,19.677000,0.640000,0.000000,0.000000,0.000000,20.317000
528,0,0.000000,0.000000,9.388000,0.626000,7.458000,2.069000,19.541000,0.000000,0.000000,0.000000,0.000000,19.541000
529,0,0.000000,0.995000,8.153000,0.000000,8.321000,2.316000,19.785000,0.650000,0.000000,0.000000,0.000000,20.435000
530,0,0.000000,0.000000,10.761000,0.000000,8.333000,2.079000,21.173000,1.012000,0.000000,0.000000,0.000000,22.185000
531,0,0.000000,1.405000,1.033000,8.715000,6.432000,0.000000,17.585000,0.000000,0.000000,0.000000,0.000000,17.585000
532,0,0.000000,3.954000,2.059000,0.000000,11.732000,0.797000,18.542000,0.000000,0.000000,0.000000,0.000000,18.542000
533,0,0.000000,0.000000,4.864000,0.000000,10.392000,1.142000,16.398000,0.000000,0.000000,0.000000,0.000000,16.398000
534,0,0.000000,0.000000,8.796000,0.000000,6.215000,0.000000,15.011000,0.000000,0.000000,0.000000,0.000000,15.011000
535,0,0.000000,3.767000,2.793000,0.000000,8.908000,1.950000,17.418000,0.000000,0.000000,0.000000,0.000000,17.418000
536,0,0.000000,0.639000,6.632000,0.000000,8.201000,2.068000,17.540000,0.000000,0.000000,0.000000,0.000000,18.552000
537,0,0.000000,0.741000,7.454000,0.000000,6.488000,1.002000,15.685000,0.000000,0.000000,0.000000,0.000000,15.685000
538,0,0.000000,1.033000,6.162000,0.000000,7.636000,2.015000,16.846000,0.997000,0.000000,0.000000,0.000000,17.843000
539,0,0.000000,1.004000,9.876000,0.000000,2.601000,0.000000,13.481000,0.000000,0.000000,0.000000,0.000000,13.481000
540,0,0.000000,7.633000,6.455000,0.000000,6.386000,0.000000,20.474000,0.000000,0.000000,0.000000,0.000000,20.474000
541,0,0.000000,3.680000,7.174000,0.000000,7.106000,0.996000,18.956000,0.994000,0.000000,0.000000,0.000000,19.950000
542,0,0.000000,2.472000,6.768000,0.000000,7.773000,1.592000,18.605000,0.000000,0.768000,0.000000,0.000000,19.373000
543,0,0.000000,1.354000,8.325000,0.000000,6.516000,2.414000,18.609000,0.000000,0.000000,0.000000,0.000000,18.609000
544,0,0.000000,2.035000,7.074000,0.000000,8.200000,1.636000,18.945000,0.000000,0.000000,0.000000,0.000000,18.945000
545,0,0.000000,0.000000,3.628000,0.000000,9.837000,1.544000,15.009000,1.049000,0.000000,0.000000,0.000000,16.058000
546,0,0.000000,0.000000,7.666000,0.000000,8.529000,0.650000,16.845000,0.000000,0.000000,0.000000,0.000000,16.845000
547,0,0.000000,0.000000,4.884000,0.000000,9.766000,0.698000,15.348000,0.000000,1.119000,0.000000,0.000000,16.467000
548,0,0.000000,1.319000,5.735000,1.636000,7.023000,0.000000,15.713000,0.000000,0.000000,0.000000,0.000000,15.713000
549,0,0.000000,0.000000,6.604000,0.000000,10.256000,1.018000,17.878000,1.617000,0.000000,0.000000,0.000000,19.495000
550,0,0.000000,2.130000,6.603000,0.000000,2.781000,7.778000,19.292000,1.041000,0.000000,0.000000,0.000000,20.333000
551,0,0.000000,1.521000,8.489000,0.000000,2.608000,0.000000,12.618000,0.000000,0.000000,0.000000,0.000000,12.618000
552,0,0.000000,7.193000,5.520000,0.000000,9.876000,1.568000,24.157000,0.000000,0.000000,0.000000,0.000000,24.157000
553,0,0.000000,1.646000,1.753000,0.000000,13.579000,1.525000,18.503000,0.000000,0.000000,0.000000,0.000000,18.503000
554,0,0.000000,0.000000,5.788000,0.000000,12.057000,0.000000,17.845000,0.000000,0.000000,0.000000,0.000000,17.845000
555,0,0.000000,5.202000,7.948000,0.671000,6.782000,0.000000,20.603000,0.000000,0.000000,0.000000,0.000000,20.603000
556,0,0.000000,4.479000,10.611000,0.604000,4.710000,0.000000,20.404000,4.208000,0.000000,0.000000,0.000000,24.612000
557,0,0.000000,1.743000,8.390000,0.000000,10.019000,1.138000,21.290000,0.000000,0.000000,0.000000,0.000000,21.290000
558,0,0.000000,4.679000,10.901000,0.000000,5.036000,7.311000,27.927000,0.000000,0.719000,0.000000,0.000000,28.646000
559,0,0.000000,1.141000,3.929000,0.000000,13.139000,3.089000,21.298000,0.000000,0.000000,0.000000,0.000000,21.298000
560,0,0.000000,1.841000,8.053000,0.646000,6.595000,0.000000,17.135000,2.010000,0.000000,0.000000,0.000000,19.145000
561,0,0.000000,1.546000,4.618000,2.021000,6.068000,2.177000,16.430000,0.000000,0.000000,0.000000,0.000000,16.430000
562,0,0.000000,0.000000,5.706000,0.000000,4.717000,1.014000,11.437000,0.000000,0.000000,0.000000,0.000000,11.437000
563,0,0.000000,1.731000,2.339000,0.000000,0.000000,0.000000,4.070000,0.000000,0.000000,0.000000,0.000000,4.070000
564,0,0.000000,0.000000,9.089000,0.000000,3.232000,2.528000,14.849000,0.000000,0.000000,0.000000,0.000000,14.849000
565,0,0.000000,0.999000,2.009000,1.162000,2.118000,2.021000,8.309000,0.000000,0.000000,0.000000,0.000000,8.309000
566,0,0.000000,0.989000,3.211000,0.000000,3.861000,1.930000,9.991000,0.000000,0.000000,0.000000,0.000000,9.991000
567,0,0.000000,1.152000,3.253000,0.000000,3.465000,1.126000,8.996000,0.000000,0.000000,0.000000,0.000000,8.996000
568,0,0.000000,0.621000,3.097000,1.010000,1.518000,1.658000,7.904000,0.000000,0.000000,0.000000,0.000000,7.904000
569,0,0.000000,0.000000,3.723000,0.000000,4.379000,0.000000,8.102000,0.000000,0.000000,0.000000,0.000000,8.102000
570,0,0.000000,2.078000,4.187000,0.000000,3.124000,0.000000,9.389000,0.000000,0.000000,0.000000,0.000000,9.389000
571,0,0.000000,0.000000,2.544000,0.000000,1.649000,0.000000,4.193000,4.375000,0.000000,0.000000,0.000000,8.568000
572,0,0.000000,0.000000,3.691000,0.000000,3.119000,0.000000,6.810000,0.000000,0.000000,0.000000,0.000000,6.810000
573,0,0.000000,2.643000,0.000000,0.000000,6.218000,1.758000,10.619000,0.000000,0.000000,0.000000,0.000000,10.619000
574,0,0.000000,0.620000,3.227000,0.000000,0.000000,0.000000,3.847000,0.000000,0.000000,0.000000,0.000000,3.847000
575,0,0.000000,5.456000,2.554000,0.000000,4.023000,1.014000,13.047000,0.000000,0.000000,0.000000,0.000000,13.047000
576,0,0.000000,1.524000,3.735000,0.000000,3.969000,0.998000,10.226000,0.000000,0.000000,0.000000,0.000000,10.226000
577,0,0.000000,0.000000,3.897000,0.460000,3.309000,1.258000,8.924000,0.000000,0.000000,0.000000,0.000000,8.924000
578,0,0.000000,1.119000,2.993000,0.000000,2.786000,1.055000,7.953000,0.000000,0.000000,0.000000,0.000000,7.953000
579,0,0.000000,1.577000,3.810000,0.000000,3.051000,1.017000,9.455000,0.000000,0.000000,0.000000,0.000000,9.455000
580,0,0.000000,0.993000,3.002000,0.000000,2.179000,2.528000,8.702000,0.000000,0.000000,0.000000,0.000000,8.702000
581,0,0.000000,0.508000,1.792000,0.000000,5.577000,1.020000,8.897000,0.000000,0.000000,0.000000,0.000000,8.897000
582,0,0.000000,0.000000,3.079000,0.000000,2.028000,2.015000,7.122000,0.000000,0.000000,0.000000,0.000000,7.122000
583,0,0.000000,1.508000,4.058000,0.000000,2.056000,2.026000,9.648000,0.000000,0.000000,0.000000,0.000000,9.648000
584,0,0.000000,0.000000,5.059000,0.000000,3.624000,1.232000,9.915000,0.000000,0.000000,0.000000,0.000000,9.915000
585,0,0.000000,0.000000,6.600000,1.026000,5.028000,2.589000,15.243000,0.000000,0.000000,0.000000,0.000000,15.243000
586,0,0.000000,0.995000,6.052000,0.000000,3.840000,2.015000,12.902000,0.670000,0.000000,0.000000,0.000000,13.572000
587,0,0.000000,1.135000,4.665000,0.000000,6.046000,1.523000,13.369000,0.000000,0.000000,0.000000,0.000000,13.369000
588,0,0.000000,1.007000,2.995000,0.000000,3.685000,1.013000,8.700000,0.000000,0.000000,0.000000,0.000000,8.700000
589,0,0.000000,2.024000,2.024000,1.509000,3.015000,1.005000,9.577000,0.000000,0.000000,0.000000,0.000000,9.577000
590,0,0.000000,1.503000,2.534000,0.995000,3.555000,1.007000,9.594000,0.984000,0.000000,0.000000,0.000000,10.578000
591,0,0.000000,1.002000,2.031000,1.012000,2.740000,1.012000,7.797000,0.000000,0.000000,0.000000,0.000000,7.797000
592,0,0.000000,1.000000,3.532000,0.000000,4.046000,1.007000,9.585000,0.000000,0.000000,0.000000,0.000000,9.585000
593,0,0.000000,0.999000,5.518000,0.000000,5.135000,1.672000,13.324000,0.000000,0.000000,0.000000,0.000000,13.324000
594,0,0.000000,1.523000,5.102000,0.000000,3.511000,1.108000,11.244000,0.000000,1.624000,0.000000,0.000000,12.868000
595,0,0.000000,1.017000,5.521000,0.000000,4.547000,1.997000,13.082000,0.000000,0.000000,0.000000,0.000000,13.082000
596,0,0.000000,1.147000,4.655000,0.000000,4.540000,0.995000,11.337000,0.000000,0.000000,0.000000,0.000000,11.337000
597,0,0.000000,1.020000,5.120000,0.000000,3.998000,1.742000,11.880000,0.537000,0.000000,0.000000,0.000000,12.417000
598,0,0.000000,1.013000,5.364000,0.000000,6.106000,1.471000,13.954000,0.000000,0.000000,0.000000,0.000000,13.954000
599,0,0.000000,0.567000,6.675000,0.655000,6.222000,1.251000,15.370000,0.000000,0.527000,0.000000,0.000000,15.897000
600,0,0.000000,1.073000,5.913000,0.000000,5.319000,1.862000,14.167000,0.000000,0.000000,0.000000,0.000000,14.167000
601,0,0.000000,1.529000,5.619000,0.000000,4.003000,1.002000,12.153000,0.000000,0.000000,0.000000,0.000000,12.153000
602,0,0.000000,0.000000,5.227000,0.000000,5.528000,2.084000,12.839000,0.000000,0.000000,0.000000,0.000000,12.839000
603,0,0.000000,2.000000,4.290000,2.043000,5.712000,1.536000,15.581000,0.513000,0.000000,0.000000,0.000000,16.094000
604,0,0.000000,0.512000,5.269000,0.000000,5.098000,0.000000,10.879000,2.022000,0.000000,0.000000,0.000000,12.901000
605,0,0.000000,0.000000,6.382000,0.000000,4.405000,0.000000,10.787000,1.529000,0.000000,0.000000,0.000000,12.316000
606,0,0.000000,1.024000,3.579000,0.000000,3.999000,0.000000,8.602000,1.681000,0.000000,0.000000,0.000000,10.283000
607,0,0.000000,1.544000,3.243000,1.017000,3.000000,1.532000,10.336000,0.000000,0.000000,0.000000,0.000000,10.336000
608,0,0.000000,1.004000,4.442000,0.000000,5.001000,1.443000,11.890000,0.000000,0.000000,0.000000,0.000000,11.890000
609,0,0.000000,0.000000,5.879000,0.000000,3.074000,1.883000,10.836000,0.807000,0.000000,0.000000,0.000000,11.643000
610,0,0.000000,0.000000,5.217000,0.000000,3.491000,1.020000,9.728000,0.000000,0.000000,0.000000,0.000000,10.740000
611,0,0.000000,0.996000,3.651000,1.524000,3.906000,0.000000,10.077000,0.000000,0.000000,0.000000,0.000000,10.077000
612,0,0.000000,2.121000,3.021000,0.000000,4.570000,0.533000,10.245000,1.727000,0.000000,0.000000,0.000000,11.972000
613,0,0.000000,0.000000,4.725000,0.000000,4.012000,1.001000,9.738000,0.000000,0.000000,0.000000,0.000000,9.738000
614,0,0.000000,1.001000,3.530000,0.000000,3.986000,1.523000,10.040000,0.000000,0.000000,0.000000,0.000000,10.040000
615,0,0.000000,2.019000,2.829000,0.698000,0.920000,0.000000,6.466000,0.000000,0.000000,0.000000,0.000000,6.466000
616,0,0.000000,0.000000,7.504000,0.000000,4.138000,0.000000,11.642000,0.000000,0.000000,0.000000,0.000000,11.642000
617,0,0.000000,0.000000,7.541000,0.468000,2.272000,0.609000,10.890000,0.000000,1.516000,0.000000,0.000000,12.406000
618,0,0.000000,1.017000,3.042000,0.000000,2.542000,1.002000,7.603000,0.000000,0.000000,0.000000,0.000000,7.603000
619,0,0.000000,0.999000,1.925000,1.012000,3.292000,1.010000,8.238000,0.000000,0.000000,0.000000,0.000000,8.238000
620,0,0.000000,1.003000,2.517000,0.000000,3.517000,0.000000,7.037000,0.000000,1.511000,0.000000,0.000000,8.548000
621,0,0.000000,0.637000,3.013000,0.000000,3.002000,2.311000,8.963000,0.000000,0.000000,0.000000,0.000000,8.963000
622,0,0.000000,0.000000,3.603000,0.000000,3.678000,1.425000,8.706000,0.000000,0.000000,0.000000,0.000000,8.706000
623,0,0.000000,0.742000,3.727000,0.000000,4.167000,0.000000,8.636000,0.000000,0.000000,0.000000,0.000000,8.636000
624,0,0.000000,1.513000,2.941000,0.000000,3.288000,0.513000,8.255000,0.000000,0.000000,0.000000,0.000000,8.255000
625,0,0.000000,1.535000,2.893000,0.000000,2.810000,1.022000,8.260000,0.000000,0.000000,0.000000,0.000000,8.260000
626,0,0.000000,1.507000,2.007000,1.513000,2.221000,1.305000,8.553000,0.449000,0.000000,0.000000,0.000000,9.002000
627,0,0.000000,0.000000,3.000000,0.000000,3.365000,0.522000,6.887000,0.000000,0.000000,0.000000,0.000000,6.887000
628,0,0.000000,1.004000,3.062000,0.000000,2.584000,0.608000,7.258000,0.000000,0.000000,0.000000,0.000000,7.258000
629,0,0.000000,0.000000,3.794000,0.000000,2.872000,1.006000,7.672000,0.000000,0.000000,0.000000,0.000000,7.672000
630,0,0.000000,1.341000,2.458000,0.000000,2.542000,0.786000,7.127000,0.000000,0.000000,0.000000,0.000000,7.127000
631,0,0.000000,1.015000,2.439000,0.000000,1.994000,1.526000,6.974000,0.533000,0.000000,0.000000,0.000000,7.507000
632,0,0.000000,0.511000,2.866000,0.000000,2.545000,1.014000,6.936000,0.813000,0.000000,0.000000,0.000000,7.749000
633,0,0.000000,1.288000,3.023000,0.000000,3.083000,1.003000,8.397000,0.000000,0.000000,0.000000,0.000000,8.397000
634,0,0.000000,0.997000,2.912000,0.000000,3.180000,1.009000,8.098000,0.507000,0.000000,0.000000,0.000000,8.605000
635,0,0.000000,0.000000,3.847000,0.756000,2.037000,1.501000,8.141000,0.526000,0.000000,0.000000,0.000000,8.667000
636,0,0.000000,0.545000,3.577000,0.000000,2.931000,1.227000,8.280000,0.000000,0.000000,0.000000,0.000000,8.280000
637,0,0.000000,1.011000,2.142000,1.512000,2.009000,1.302000,7.976000,0.000000,0.540000,0.000000,0.000000,8.516000
638,0,0.000000,0.000000,3.412000,1.176000,2.566000,1.043000,8.197000,0.000000,0.000000,0.000000,0.000000,8.197000
639,0,0.000000,1.296000,2.186000,0.000000,3.398000,0.918000,7.798000,0.000000,0.000000,0.000000,0.000000,7.798000
640,0,0.000000,1.414000,2.411000,1.007000,2.000000,0.910000,7.742000,0.000000,0.386000,0.000000,0.000000,8.128000
641,0,0.000000,0.000000,3.007000,0.000000,2.197000,1.012000,6.216000,0.000000,0.000000,0.000000,0.000000,6.216000
642,0,0.000000,0.997000,2.103000,0.754000,1.718000,1.691000,7.263000,0.372000,0.000000,0.000000,0.000000,7.635000
643,0,0.000000,0.000000,2.552000,0.000000,2.527000,0.000000,5.079000,0.000000,0.000000,0.000000,0.000000,5.079000
644,0,0.000000,2.223000,2.015000,0.000000,3.238000,1.013000,8.489000,1.014000,0.000000,0.000000,0.000000,9.503000
645,0,0.000000,0.000000,3.340000,0.000000,2.092000,1.510000,6.942000,0.000000,0.000000,0.000000,0.000000,6.942000
646,0,0.000000,0.000000,2.573000,0.996000,1.957000,1.103000,6.629000,0.709000,0.000000,0.000000,0.000000,7.338000
647,0,0.000000,0.000000,3.443000,0.000000,2.527000,0.987000,6.957000,0.000000,0.000000,0.000000,0.000000,6.957000
648,0,0.000000,0.510000,2.016000,0.994000,1.749000,2.030000,7.299000,0.000000,0.000000,0.000000,0.000000,7.299000
649,0,0.000000,0.000000,6.580000,0.000000,2.709000,2.009000,11.298000,0.000000,0.000000,0.000000,0.000000,11.298000
650,0,0.000000,1.001000,3.000000,0.000000,4.121000,0.000000,8.122000,1.524000,0.000000,0.000000,0.000000,9.646000
651,0,0.000000,1.016000,3.526000,0.000000,3.528000,1.261000,9.331000,0.000000,0.000000,0.000000,0.000000,9.331000
652,0,0.000000,1.014000,2.998000,0.658000,2.495000,1.148000,8.313000,1.016000,0.000000,0.000000,0.000000,9.329000
653,0,0.000000,0.000000,4.044000,0.000000,3.006000,0.995000,8.045000,0.000000,0.513000,0.000000,0.000000,8.558000
654,0,0.000000,0.000000,4.006000,0.000000,3.945000,0.598000,8.549000,0.619000,0.000000,0.000000,0.000000,9.168000
655,0,0.000000,0.525000,3.589000,0.596000,2.780000,1.172000,8.662000,0.000000,0.626000,0.000000,0.000000,9.288000
656,0,0.000000,0.000000,3.922000,0.803000,3.512000,0.000000,8.237000,0.000000,0.000000,0.000000,0.000000,8.237000
657,0,0.000000,2.008000,4.594000,0.000000,3.119000,1.169000,10.890000,0.000000,0.000000,0.000000,0.000000,10.890000
658,0,0.000000,0.763000,2.783000,0.000000,4.609000,1.000000,9.155000,0.000000,0.000000,0.000000,0.000000,9.155000
659,0,0.000000,0.999000,3.804000,0.000000,2.702000,2.540000,10.045000,0.000000,0.523000,0.000000,0.000000,10.568000
660,0,0.000000,1.010000,3.149000,0.000000,3.151000,1.015000,8.325000,0.000000,0.000000,0.000000,0.000000,8.325000
661,0,0.000000,0.507000,3.074000,0.554000,5.052000,1.120000,10.307000,0.000000,0.640000,0.000000,0.000000,10.947000
662,0,0.000000,1.164000,3.850000,0.000000,2.865000,2.063000,9.942000,0.000000,0.000000,0.000000,0.000000,9.942000
663,0,0.000000,1.256000,4.333000,0.000000,3.937000,1.358000,10.884000,0.000000,0.000000,0.000000,0.000000,10.884000
664,0,0.000000,0.735000,3.703000,0.000000,4.237000,1.377000,10.052000,0.000000,0.000000,0.000000,0.000000,10.052000
665,0,0.000000,1.469000,3.529000,0.000000,3.598000,0.000000,8.596000,0.000000,0.000000,0.000000,0.000000,8.596000
666,0,0.000000,0.756000,3.828000,0.000000,4.443000,1.237000,10.264000,0.000000,0.000000,0.000000,0.000000,10.264000
667,0,0.000000,1.504000,3.213000,0.000000,3.568000,0.000000,8.285000,0.000000,0.000000,0.000000,0.000000,8.285000
668,0,0.000000,3.286000,4.225000,0.000000,0.000000,6.053000,13.564000,0.000000,0.000000,0.000000,0.000000,13.564000
669,0,0.000000,0.834000,3.911000,0.602000,3.584000,1.538000,10.469000,0.000000,0.000000,0.000000,0.000000,10.469000
670,0,0.000000,0.000000,0.000000,0.000000,5.044000,3.704000,8.748000,0.000000,0.000000,0.000000,0.000000,8.748000
671,0,0.000000,1.046000,1.212000,0.000000,0.000000,8.176000,10.434000,0.000000,0.000000,0.000000,0.000000,10.434000
672,0,0.000000,1.131000,2.488000,0.641000,3.047000,0.621000,7.928000,0.609000,0.000000,0.000000,0.000000,8.537000
673,0,0.000000,1.209000,3.339000,0.558000,2.811000,0.567000,8.484000,0.602000,0.000000,0.000000,0.000000,9.086000
674,0,0.000000,0.571000,3.421000,0.000000,3.261000,1.820000,9.073000,0.000000,0.000000,0.000000,0.000000,9.073000
675,0,0.000000,1.096000,2.430000,0.000000,2.819000,1.018000,7.363000,0.000000,0.000000,0.000000,0.000000,7.363000
676,0,0.000000,0.867000,3.145000,0.000000,2.546000,1.536000,8.094000,0.000000,0.000000,0.000000,0.000000,8.094000
677,0,0.000000,0.986000,3.404000,0.000000,2.511000,1.015000,7.916000,0.000000,1.001000,0.000000,0.000000,8.917000
678,0,0.000000,0.329000,3.027000,0.000000,2.524000,1.317000,7.197000,0.321000,0.000000,0.000000,0.000000,7.518000
679,0,0.000000,1.013000,4.085000,0.000000,3.592000,0.000000,8.690000,0.000000,0.000000,0.000000,0.000000,8.690000
680,0,0.000000,1.705000,3.532000,0.000000,3.314000,1.879000,10.430000,0.368000,0.000000,0.000000,0.000000,10.798000
681,0,0.000000,0.000000,4.029000,0.000000,3.881000,1.001000,8.911000,0.000000,0.000000,0.000000,0.000000,8.911000
682,0,0.000000,0.995000,3.561000,0.000000,2.844000,1.276000,8.676000,1.015000,0.000000,0.000000,0.000000,9.691000
683,0,0.000000,0.000000,3.029000,0.000000,4.503000,0.000000,7.532000,1.016000,0.000000,0.000000,0.000000,8.548000
684,0,0.000000,0.000000,4.204000,0.000000,3.187000,0.510000,7.901000,1.013000,0.000000,0.000000,0.000000,8.914000
685,0,0.000000,0.373000,3.006000,0.000000,2.447000,1.003000,6.829000,0.000000,0.000000,0.000000,0.000000,6.829000
686,0,0.000000,0.997000,1.955000,0.000000,4.044000,1.018000,8.014000,0.000000,0.000000,0.000000,0.000000,8.014000
687,0,0.000000,1.531000,3.358000,1.508000,2.009000,1.510000,9.916000,0.370000,0.000000,0.000000,0.000000,10.286000
688,0,0.000000,1.147000,3.765000,0.000000,3.518000,0.483000,8.913000,0.000000,1.015000,0.000000,0.000000,9.928000
689,0,0.000000,0.000000,4.049000,0.000000,2.755000,1.012000,7.816000,0.000000,0.000000,0.000000,0.000000,7.816000
690,0,0.000000,1.301000,3.618000,0.000000,3.317000,0.522000,8.758000,0.000000,0.000000,0.000000,0.000000,8.758000
691,0,0.000000,1.349000,2.530000,0.000000,3.004000,0.355000,7.238000,1.018000,0.000000,0.000000,0.000000,8.256000
692,0,0.000000,0.995000,2.895000,0.513000,2.554000,0.700000,7.657000,0.000000,0.000000,0.000000,0.000000,7.657000
693,0,0.000000,1.026000,2.389000,0.652000,2.123000,1.152000,7.342000,0.000000,0.000000,0.000000,0.000000,7.342000
694,0,0.000000,0.618000,4.013000,0.000000,3.012000,1.118000,8.761000,0.524000,0.000000,0.000000,0.000000,9.285000
695,0,0.000000,0.677000,3.475000,0.000000,2.489000,0.652000,7.293000,0.000000,0.000000,0.000000,0.000000,7.293000
696,0,0.000000,0.588000,3.377000,0.000000,2.623000,1.022000,7.610000,0.000000,0.000000,0.000000,0.000000,7.610000
697,0,0.000000,0.509000,3.011000,0.000000,1.778000,1.013000,6.311000,0.991000,0.000000,0.000000,0.000000,7.302000
698,0,0.000000,0.000000,4.040000,0.000000,2.546000,1.546000,8.132000,0.000000,0.000000,0.000000,0.000000,8.132000
699,0,0.000000,1.015000,3.065000,0.000000,3.017000,1.520000,8.617000,0.486000,0.000000,0.000000,0.000000,9.103000
700,0,0.000000,0.510000,3.884000,0.000000,2.183000,1.321000,7.898000,0.000000,0.000000,0.000000,0.000000,7.898000
701,0,0.000000,0.336000,2.542000,0.000000,2.849000,0.780000,6.507000,0.602000,0.000000,0.000000,0.000000,7.109000
702,0,0.000000,0.599000,3.078000,0.338000,3.109000,1.084000,8.208000,0.397000,0.000000,0.000000,0.000000,8.605000
703,0,0.000000,0.615000,3.607000,0.000000,3.086000,0.713000,8.021000,0.000000,0.000000,0.000000,0.000000,8.021000
704,0,0.000000,0.583000,3.268000,0.000000,3.734000,1.022000,8.607000,0.000000,0.000000,0.000000,0.000000,8.607000
705,0,0.000000,0.990000,3.248000,0.000000,3.462000,1.190000,8.890000,0.000000,0.000000,0.000000,0.000000,8.890000
706,0,0.000000,0.591000,3.150000,0.521000,1.847000,1.127000,7.236000,0.534000,0.000000,0.000000,0.000000,7.770000
707,0,0.000000,0.616000,2.668000,0.000000,3.375000,0.000000,6.659000,0.000000,0.998000,0.000000,0.000000,7.657000
708,0,0.000000,0.000000,3.427000,0.000000,3.059000,0.814000,7.300000,0.000000,0.000000,0.000000,0.000000,7.300000
709,0,0.000000,0.510000,2.327000,0.000000,3.030000,1.005000,6.872000,0.000000,0.000000,0.000000,0.000000,6.872000
710,0,0.000000,0.990000,3.297000,0.661000,2.340000,1.027000,8.315000,0.000000,0.000000,0.000000,0.000000,8.315000
711,0,0.000000,0.000000,3.404000,0.000000,2.004000,1.010000,6.418000,0.000000,0.000000,0.000000,0.000000,6.418000
712,0,0.000000,0.000000,3.645000,0.000000,3.112000,1.012000,7.769000,0.000000,0.000000,0.000000,0.000000,7.769000
713,0,0.000000,0.511000,2.870000,0.000000,2.530000,1.015000,6.926000,0.000000,0.000000,0.000000,0.000000,6.926000
714,0,0.000000,0.993000,3.047000,0.000000,3.194000,1.026000,8.260000,0.000000,0.000000,0.000000,0.000000,8.260000
715,0,0.000000,0.991000,2.943000,0.000000,2.535000,0.000000,6.469000,0.000000,0.000000,0.000000,0.000000,6.469000
716,0,0.000000,1.515000,3.066000,0.000000,2.878000,1.001000,8.460000,0.000000,0.407000,0.000000,0.000000,8.867000
717,0,0.000000,0.000000,2.833000,0.000000,2.540000,1.016000,6.389000,0.000000,0.000000,0.000000,0.000000,6.389000
718,0,0.000000,0.000000,3.245000,0.000000,2.524000,1.182000,6.951000,0.000000,0.000000,0.000000,0.000000,6.951000
719,0,0.000000,0.000000,3.401000,0.000000,2.527000,1.004000,6.932000,0.000000,0.000000,0.000000,0.000000,6.932000
720,0,0.000000,0.000000,3.802000,0.000000,2.538000,0.531000,6.871000,0.000000,0.000000,0.000000,0.000000,6.871000
721,0,0.000000,1.013000,2.380000,0.662000,2.549000,1.001000,7.605000,0.000000,0.000000,0.000000,0.000000,7.605000
722,0,0.000000,0.514000,2.382000,0.000000,2.894000,0.000000,5.790000,1.025000,0.000000,0.000000,0.000000,6.815000
723,0,0.000000,0.000000,1.993000,1.506000,2.846000,1.018000,7.363000,0.000000,0.000000,0.000000,0.000000,7.363000
724,0,0.000000,0.000000,3.326000,0.000000,2.018000,1.500000,6.844000,0.000000,0.000000,0.000000,0.000000,6.844000
725,0,0.000000,0.000000,3.000000,0.000000,2.949000,1.011000,6.960000,0.000000,0.000000,0.000000,0.000000,6.960000
726,0,0.000000,0.000000,3.311000,0.000000,2.521000,1.556000,7.388000,0.000000,0.000000,0.000000,0.000000,7.388000
727,0,0.000000,1.014000,2.530000,0.000000,2.366000,1.007000,6.917000,0.000000,0.000000,0.000000,0.000000,6.917000
728,0,0.000000,0.997000,2.341000,0.730000,1.980000,2.054000,8.102000,0.000000,0.537000,0.000000,0.000000,8.639000
729,0,0.000000,0.000000,3.480000,0.000000,3.527000,0.918000,7.925000,0.566000,0.000000,0.000000,0.000000,8.491000
730,0,0.000000,0.000000,3.669000,0.000000,1.244000,1.764000,6.677000,0.000000,0.000000,0.000000,0.000000,6.677000
731,0,0.000000,1.535000,2.016000,0.000000,2.325000,0.999000,6.875000,0.000000,0.997000,0.000000,0.000000,7.872000
732,0,0.000000,0.000000,3.524000,0.000000,3.345000,2.538000,9.407000,0.000000,0.000000,0.000000,0.000000,9.407000
733,0,0.000000,0.999000,2.255000,0.000000,3.583000,1.199000,8.036000,0.000000,0.995000,0.000000,0.000000,9.031000
734,0,0.000000,0.000000,3.179000,0.000000,3.285000,1.024000,7.488000,0.000000,0.000000,0.000000,0.000000,7.488000
735,0,0.000000,0.524000,1.979000,0.995000,2.051000,1.017000,6.566000,0.000000,0.000000,0.000000,0.000000,6.566000
736,0,0.000000,0.994000,2.521000,0.000000,3.790000,0.000000,7.305000,0.000000,0.000000,0.000000,0.000000,7.305000
737,0,0.000000,2.021000,3.050000,0.000000,1.881000,1.014000,7.966000,0.000000,0.000000,0.000000,0.000000,7.966000
738,0,0.000000,0.000000,2.931000,0.000000,2.539000,1.481000,6.951000,0.000000,0.000000,0.000000,0.000000,6.951000
739,0,0.000000,1.003000,2.526000,0.000000,0.999000,1.813000,6.341000,0.000000,0.000000,0.000000,0.000000,6.341000
740,0,0.000000,1.526000,1.530000,0.993000,2.363000,0.000000,6.412000,1.005000,0.000000,0.000000,0.000000,7.417000
741,0,0.000000,0.991000,3.331000,0.000000,2.884000,1.021000,8.227000,0.000000,0.000000,0.000000,0.000000,8.227000
742,0,0.000000,0.000000,3.886000,0.000000,2.004000,1.526000,7.416000,0.000000,0.422000,0.000000,0.000000,7.838000
743,0,0.000000,0.349000,3.343000,0.000000,2.774000,1.024000,7.490000,0.000000,0.000000,0.000000,0.000000,7.490000
744,0,0.000000,0.000000,3.282000,0.000000,2.513000,0.794000,6.589000,0.000000,0.000000,0.000000,0.000000,6.589000
745,0,0.000000,0.515000,3.405000,0.000000,2.524000,1.013000,7.457000,0.000000,0.000000,0.000000,0.000000,7.457000
746,0,0.000000,0.000000,3.444000,0.000000,2.262000,0.309000,6.015000,0.000000,0.000000,0.000000,0.000000,6.015000
747,0,0.000000,0.000000,3.002000,0.000000,2.668000,1.027000,6.697000,0.000000,0.000000,0.000000,0.000000,6.697000
748,0,0.000000,0.000000,3.201000,0.000000,0.000000,0.000000,3.201000,0.000000,0.000000,0.000000,0.000000,3.201000
749,0,0.000000,4.296000,0.000000,0.000000,5.209000,0.760000,10.265000,0.000000,0.000000,0.000000,0.000000,10.265000
750,0,0.000000,0.674000,3.048000,0.000000,1.029000,0.000000,4.751000,0.000000,0.000000,0.000000,0.000000,4.751000
751,0,0.000000,0.000000,4.480000,0.000000,5.575000,0.000000,10.055000,1.807000,0.000000,0.000000,0.000000,11.862000
752,0,0.000000,0.000000,3.636000,1.014000,0.000000,2.727000,7.377000,0.000000,0.000000,0.000000,0.000000,7.377000
753,0,0.000000,0.000000,2.591000,0.000000,0.000000,0.000000,2.591000,0.000000,0.000000,0.000000,0.000000,2.591000
754,0,0.000000,0.000000,8.607000,0.000000,3.193000,1.089000,12.889000,0.000000,0.000000,0.000000,0.000000,12.889000
755,0,0.000000,0.988000,2.999000,0.000000,1.487000,0.000000,5.474000,0.000000,0.000000,0.000000,0.000000,5.474000
756,0,0.000000,3.495000,2.919000,0.000000,2.540000,1.020000,9.974000,0.526000,0.000000,0.000000,0.000000,10.500000
757,0,0.000000,0.000000,3.391000,0.000000,0.000000,0.000000,3.391000,0.000000,0.000000,0.000000,0.000000,3.391000
758,0,0.000000,0.000000,6.758000,0.000000,0.000000,4.883000,11.641000,0.000000,0.000000,0.000000,0.000000,11.641000
759,0,0.000000,0.000000,3.066000,0.509000,2.033000,0.000000,5.608000,0.000000,0.000000,0.000000,0.000000,5.608000
760,0,0.000000,0.000000,0.000000,0.000000,0.000000,7.995000,7.995000,0.565000,0.000000,0.000000,0.000000,8.560000
761,0,0.000000,0.000000,3.082000,0.000000,2.538000,1.158000,6.778000,0.000000,0.000000,0.000000,0.000000,6.778000
762,0,0.000000,0.594000,2.515000,0.000000,3.160000,0.528000,6.797000,0.535000,0.000000,0.000000,0.000000,7.332000
763,0,0.000000,0.522000,2.590000,1.007000,2.527000,1.310000,7.956000,0.000000,0.000000,0.000000,0.000000,7.956000
764,0,0.000000,1.029000,2.604000,1.011000,2.522000,0.669000,7.835000,0.000000,0.000000,0.000000,0.000000,7.835000
765,0,0.000000,0.000000,1.652000,2.054000,0.000000,0.000000,3.706000,0.000000,0.000000,0.000000,0.000000,3.706000
766,0,0.000000,0.000000,0.000000,0.000000,8.761000,1.148000,9.909000,0.000000,0.999000,0.000000,0.000000,10.908000
767,0,0.000000,0.000000,3.050000,0.000000,2.532000,1.523000,7.105000,0.000000,0.000000,0.000000,0.000000,7.105000
768,0,0.000000,0.000000,0.000000,0.000000,0.000000,7.144000,7.144000,0.000000,0.000000,0.000000,0.000000,7.144000
769,0,0.000000,1.204000,2.528000,0.000000,2.526000,1.001000,7.259000,0.000000,0.000000,0.000000,0.000000,7.259000
770,0,0.000000,0.653000,2.108000,0.000000,3.057000,1.387000,7.205000,0.000000,0.000000,0.000000,0.000000,7.205000
771,0,0.000000,1.262000,2.802000,0.996000,2.516000,1.518000,9.094000,0.000000,0.000000,0.000000,0.000000,9.094000
772,0,0.000000,0.000000,2.163000,0.000000,0.000000,0.000000,2.163000,0.000000,0.000000,0.000000,0.000000,2.163000
773,0,0.000000,0.000000,7.296000,0.000000,4.162000,0.476000,11.934000,0.000000,0.000000,0.000000,0.000000,11.934000
774,0,0.000000,1.009000,0.741000,0.000000,3.034000,0.000000,4.784000,0.000000,0.000000,0.000000,0.000000,4.784000
775,0,0.000000,0.000000,4.964000,0.000000,3.574000,0.000000,8.538000,0.000000,0.000000,0.000000,0.000000,8.538000
776,0,0.000000,0.000000,2.177000,0.000000,0.000000,0.000000,2.177000,0.000000,0.000000,0.000000,0.000000,2.177000
777,0,0.000000,0.000000,7.917000,0.000000,1.557000,0.000000,9.474000,0.000000,0.000000,0.000000,0.000000,9.474000
778,0,0.000000,0.000000,5.032000,0.000000,0.780000,2.547000,8.359000,0.000000,0.000000,0.000000,0.000000,8.359000
779,0,0.000000,0.000000,2.552000,0.000000,0.000000,0.000000,2.552000,0.000000,0.000000,0.000000,0.000000,2.552000
780,0,0.000000,0.000000,8.182000,0.000000,2.404000,1.039000,11.625000,0.000000,0.000000,0.000000,0.000000,11.625000
781,0,0.000000,1.253000,0.000000,0.000000,4.366000,0.000000,5.619000,0.000000,0.000000,0.000000,0.000000,5.619000
782,0,0.000000,0.000000,4.645000,0.520000,2.412000,1.594000,9.171000,0.000000,0.000000,0.000000,0.000000,9.171000
783,0,0.000000,1.020000,2.115000,0.000000,1.000000,0.000000,4.135000,0.000000,0.000000,0.000000,0.000000,4.135000
784,0,0.000000,0.000000,6.620000,0.000000,1.839000,0.000000,8.459000,0.000000,0.000000,0.000000,0.000000,8.459000
785,0,0.000000,0.000000,5.016000,0.000000,3.400000,0.000000,8.416000,0.000000,0.000000,0.000000,0.000000,8.416000
786,0,0.000000,0.000000,0.000000,0.000000,6.949000,1.541000,8.490000,0.000000,0.000000,0.000000,0.000000,8.490000
787,0,0.000000,0.000000,5.152000,0.000000,2.051000,0.000000,7.203000,0.000000,0.000000,0.000000,0.000000,7.203000
788,0,0.000000,0.000000,4.023000,0.000000,0.000000,0.000000,4.023000,0.000000,0.000000,0.000000,0.000000,4.023000
789,0,0.000000,0.000000,8.259000,0.000000,2.030000,1.367000,11.656000,0.000000,0.000000,0.000000,0.000000,11.656000
790,0,0.000000,0.000000,0.000000,0.000000,0.000000,6.420000,6.420000,0.000000,0.000000,0.000000,0.000000,6.420000
791,0,0.000000,0.000000,3.089000,0.000000,2.956000,1.011000,7.056000,0.000000,0.000000,0.000000,0.000000,7.056000
792,0,0.000000,0.000000,3.324000,0.000000,3.344000,0.520000,7.188000,0.000000,0.000000,0.000000,0.000000,7.188000
793,0,0.000000,1.006000,2.263000,0.000000,2.525000,1.676000,7.470000,0.000000,0.000000,0.000000,0.000000,7.470000
794,0,0.000000,1.068000,3.061000,0.525000,0.000000,0.000000,4.654000,0.000000,0.000000,0.000000,0.000000,4.654000
795,0,0.000000,4.604000,0.000000,0.000000,6.076000,1.531000,12.211000,0.000000,0.552000,0.000000,0.000000,12.763000
796,0,0.000000,0.521000,3.463000,0.000000,3.541000,0.000000,7.525000,0.000000,0.000000,0.000000,0.000000,7.525000
797,0,0.000000,0.000000,4.534000,1.536000,0.769000,0.000000,6.839000,0.000000,0.000000,0.000000,0.000000,6.839000
798,0,0.000000,4.331000,3.545000,0.000000,2.034000,0.000000,9.910000,0.000000,0.000000,0.000000,0.000000,9.910000
799,0,0.000000,0.000000,0.000000,0.000000,6.081000,0.000000,6.081000,2.616000,0.000000,0.000000,0.000000,8.697000
800,0,0.000000,0.000000,3.567000,0.000000,1.194000,0.000000,4.761000,0.000000,0.000000,0.000000,0.000000,4.761000
801,0,0.000000,0.000000,4.811000,0.000000,3.342000,1.039000,9.192000,0.000000,0.000000,0.000000,0.000000,9.192000
802,0,0.000000,0.533000,3.178000,0.000000,3.051000,0.000000,6.762000,0.000000,0.000000,0.000000,0.000000,6.762000
803,0,0.000000,2.026000,0.000000,0.000000,0.000000,0.000000,2.026000,0.000000,0.000000,0.000000,0.000000,2.026000
804,0,0.000000,0.000000,9.562000,0.000000,2.393000,0.000000,11.955000,0.000000,0.000000,0.000000,0.000000,11.955000
805,0,0.000000,0.000000,3.215000,0.000000,2.526000,1.019000,6.760000,0.000000,0.000000,0.000000,0.000000,6.760000
806,0,0.000000,0.989000,2.597000,0.000000,0.618000,3.053000,7.257000,0.000000,0.000000,0.000000,0.000000,7.257000
807,0,0.000000,0.000000,4.114000,0.000000,0.000000,0.000000,4.114000,0.000000,0.000000,0.000000,0.000000,4.114000
808,0,0.000000,0.000000,4.827000,0.000000,4.557000,0.533000,9.917000,0.000000,0.000000,0.000000,0.000000,9.917000
809,0,0.000000,0.000000,3.291000,0.000000,3.060000,0.000000,6.351000,0.000000,0.000000,0.000000,0.000000,6.351000
810,0,0.000000,2.031000,0.000000,0.000000,0.000000,5.430000,7.461000,0.780000,0.000000,0.000000,0.000000,8.241000
811,0,0.000000,0.521000,1.524000,0.000000,4.613000,0.000000,6.658000,1.796000,0.000000,0.000000,0.000000,8.454000
812,0,0.000000,0.493000,2.570000,0.000000,1.398000,2.030000,6.491000,0.000000,0.000000,0.000000,0.000000,6.491000
813,0,0.000000,0.806000,0.000000,0.000000,5.488000,1.028000,7.322000,0.000000,0.000000,0.000000,0.000000,7.322000
814,0,0.000000,0.986000,2.042000,1.012000,2.048000,0.000000,6.088000,0.000000,0.000000,0.000000,0.000000,6.088000
815,0,0.000000,2.036000,2.569000,0.000000,2.756000,1.037000,8.398000,0.000000,0.000000,0.000000,0.000000,8.398000
816,0,0.000000,1.014000,2.557000,0.000000,1.840000,0.000000,5.411000,0.000000,0.000000,0.000000,0.000000,5.411000
817,0,0.000000,0.000000,0.000000,0.000000,7.466000,1.720000,9.186000,0.000000,0.525000,0.000000,0.000000,9.711000
818,0,0.000000,0.535000,3.496000,0.522000,2.554000,0.534000,7.641000,0.683000,0.000000,0.000000,0.000000,8.324000
819,0,0.000000,0.521000,2.557000,0.000000,2.832000,2.039000,7.949000,0.000000,0.000000,0.000000,0.000000,7.949000
820,0,0.000000,0.000000,2.962000,0.000000,3.829000,1.229000,8.020000,0.000000,0.000000,0.000000,0.000000,8.020000
821,0,0.000000,0.558000,0.000000,0.000000,3.531000,0.000000,4.089000,0.000000,0.000000,0.000000,0.000000,4.089000
822,0,0.000000,0.000000,6.982000,0.000000,3.058000,0.000000,10.040000,0.000000,0.000000,0.000000,0.000000,10.040000
823,0,0.000000,1.526000,0.000000,0.000000,0.000000,0.000000,1.526000,0.000000,0.000000,0.000000,0.000000,1.526000
824,0,0.000000,0.000000,10.393000,0.000000,0.000000,0.000000,10.393000,0.000000,0.000000,0.000000,0.000000,10.393000
825,0,0.000000,4.735000,0.000000,0.000000,4.043000,2.052000,10.830000,0.000000,0.000000,0.000000,0.000000,10.830000
826,0,0.000000,0.000000,0.000000,0.000000,4.894000,0.000000,4.894000,0.000000,0.000000,0.000000,0.000000,4.894000
827,0,0.000000,3.098000,0.000000,0.000000,4.843000,0.000000,7.941000,0.000000,0.000000,0.000000,0.000000,7.941000
828,0,0.000000,0.000000,4.774000,0.000000,2.955000,1.028000,8.757000,0.000000,0.000000,0.000000,0.000000,8.757000
829,0,0.000000,0.874000,2.167000,1.016000,2.029000,1.022000,7.108000,0.000000,0.514000,0.000000,0.000000,7.622000
830,0,0.000000,0.000000,3.006000,0.000000,1.998000,1.332000,6.336000,0.519000,0.000000,0.000000,0.000000,6.855000
831,0,0.000000,0.000000,2.786000,0.000000,0.000000,0.000000,2.786000,0.000000,0.000000,0.000000,0.000000,2.786000
832,0,0.000000,5.203000,0.000000,0.000000,5.581000,0.000000,10.784000,0.000000,0.000000,0.000000,0.000000,10.784000
833,0,0.000000,0.000000,3.076000,0.000000,0.000000,0.000000,3.076000,0.000000,0.000000,0.000000,0.000000,3.076000
834,0,0.000000,0.000000,0.000000,0.000000,4.865000,0.000000,4.865000,0.000000,0.000000,0.000000,0.000000,4.865000
835,0,0.000000,0.000000,4.817000,0.000000,0.794000,0.000000,5.611000,0.000000,0.000000,0.000000,0.000000,5.611000
836,0,0.000000,0.529000,3.242000,0.000000,3.641000,0.813000,8.225000,0.000000,0.000000,0.000000,0.000000,8.225000
837,0,0.000000,0.000000,0.000000,0.000000,0.000000,6.521000,6.521000,0.000000,0.000000,0.000000,0.000000,6.521000
838,0,0.000000,0.000000,4.026000,0.000000,2.821000,1.016000,7.863000,0.000000,0.303000,0.000000,0.000000,8.166000
839,0,0.000000,0.640000,2.185000,0.000000,1.511000,2.225000,6.561000,0.000000,0.000000,0.000000,0.000000,6.561000
840,0,0.000000,0.000000,2.014000,2.009000,3.495000,0.672000,8.190000,0.426000,0.000000,0.000000,0.000000,8.616000
841,0,0.000000,0.516000,3.490000,0.000000,2.101000,2.020000,8.127000,0.000000,0.000000,0.000000,0.000000,8.127000
842,0,0.000000,0.000000,4.791000,0.000000,3.638000,1.367000,9.796000,0.000000,0.000000,0.000000,0.000000,9.796000
843,0,0.000000,0.000000,1.600000,0.000000,0.000000,6.226000,7.826000,0.000000,0.000000,0.000000,0.000000,7.826000
844,0,0.000000,0.000000,4.063000,0.000000,2.894000,1.198000,8.155000,1.001000,0.000000,0.000000,0.000000,9.156000
845,0,0.000000,0.505000,3.912000,0.000000,2.396000,0.000000,6.813000,0.000000,0.000000,0.000000,0.000000,6.813000
846,0,0.000000,2.478000,3.419000,0.000000,2.536000,0.000000,8.433000,0.000000,0.000000,0.000000,0.000000,8.433000
847,0,0.000000,0.000000,2.682000,0.000000,3.004000,1.001000,6.687000,0.000000,0.000000,0.000000,0.000000,6.687000
848,0,0.000000,1.235000,2.531000,0.000000,3.500000,0.000000,7.266000,0.000000,0.000000,0.000000,0.000000,7.266000
849,0,0.000000,0.000000,4.017000,0.756000,2.019000,0.000000,6.792000,1.507000,0.000000,0.000000,0.000000,8.299000
850,0,0.000000,0.603000,2.621000,0.000000,3.016000,0.000000,6.240000,0.000000,0.000000,0.000000,0.000000,6.240000
851,0,0.000000,2.019000,2.008000,0.000000,2.024000,2.253000,8.304000,0.000000,0.000000,0.000000,0.000000,8.304000
852,0,0.000000,0.000000,2.275000,0.000000,4.051000,0.000000,6.326000,0.000000,0.000000,0.000000,0.000000,6.326000
853,0,0.000000,2.020000,2.314000,0.000000,2.009000,0.000000,6.343000,0.000000,0.000000,0.000000,0.000000,6.343000
854,0,0.000000,2.008000,2.759000,0.712000,2.332000,0.000000,7.811000,0.000000,0.000000,0.000000,0.000000,7.811000
855,0,0.000000,0.509000,1.332000,2.019000,1.367000,0.000000,5.227000,2.009000,0.000000,0.000000,0.000000,7.236000
856,0,0.000000,0.000000,2.011000,0.000000,2.616000,2.063000,6.690000,0.000000,0.000000,0.000000,0.000000,6.690000
857,0,0.000000,1.028000,2.267000,0.000000,3.577000,1.011000,7.883000,0.000000,0.000000,0.000000,0.000000,7.883000
858,0,0.000000,0.996000,3.465000,0.000000,3.007000,1.003000,8.471000,0.000000,0.000000,0.000000,0.000000,8.471000
859,0,0.000000,0.316000,2.928000,0.000000,3.945000,0.425000,7.614000,0.000000,0.000000,0.000000,0.000000,7.614000
860,0,0.000000,0.000000,4.023000,0.000000,1.010000,2.029000,7.062000,0.000000,0.000000,0.000000,0.000000,7.062000
861,0,0.000000,0.000000,3.589000,0.000000,1.572000,1.526000,6.687000,0.000000,0.000000,0.000000,0.000000,6.687000
862,0,0.000000,0.000000,4.032000,0.000000,2.007000,0.000000,6.039000,0.000000,0.000000,0.000000,0.000000,6.039000
863,0,0.000000,2.008000,2.947000,0.000000,2.513000,0.000000,7.468000,0.000000,0.000000,0.000000,0.000000,7.468000
864,0,0.000000,3.128000,2.025000,0.000000,1.508000,2.035000,8.696000,0.000000,0.000000,0.000000,0.000000,8.696000
865,0,0.000000,0.000000,2.880000,0.000000,2.022000,2.018000,6.920000,0.669000,0.000000,0.000000,0.000000,7.589000
866,0,0.000000,1.033000,2.219000,0.000000,2.778000,0.000000,6.030000,0.000000,0.000000,0.000000,0.000000,6.030000
867,0,0.000000,2.008000,2.508000,0.000000,2.025000,0.000000,6.541000,0.000000,0.000000,0.000000,0.000000,6.541000
868,0,0.000000,2.510000,1.978000,0.000000,3.038000,1.521000,9.047000,0.000000,0.000000,0.000000,0.000000,9.047000
869,0,0.000000,0.000000,2.009000,0.000000,2.008000,2.015000,6.032000,0.000000,0.000000,0.000000,0.000000,6.032000
870,0,0.000000,0.000000,3.281000,0.633000,2.019000,0.000000,5.933000,0.000000,0.000000,0.000000,0.000000,5.933000
871,0,0.000000,2.009000,2.527000,0.000000,2.009000,0.000000,6.545000,0.000000,0.000000,0.000000,0.000000,6.545000
872,0,0.000000,2.019000,2.226000,0.000000,2.501000,0.000000,6.746000,0.000000,0.000000,0.000000,0.000000,6.746000
873,0,0.000000,2.020000,1.510000,0.000000,3.889000,0.511000,7.930000,0.000000,0.000000,0.000000,0.000000,7.930000
874,0,0.000000,0.000000,2.266000,0.000000,2.514000,2.025000,6.805000,0.659000,0.000000,0.000000,0.000000,7.464000
875,0,0.000000,0.672000,2.913000,0.000000,2.774000,1.074000,7.433000,0.000000,0.000000,0.000000,0.000000,7.433000
876,0,0.000000,0.513000,2.384000,0.000000,1.883000,0.000000,4.780000,0.000000,0.000000,0.000000,0.000000,4.780000
877,0,0.000000,0.600000,2.018000,1.025000,2.895000,0.856000,7.394000,0.000000,0.000000,0.000000,0.000000,7.394000
878,0,0.000000,0.000000,4.056000,0.000000,1.782000,1.518000,7.356000,0.000000,0.000000,0.000000,0.000000,7.356000
879,0,0.000000,1.766000,2.329000,0.000000,2.008000,1.754000,7.857000,0.000000,0.000000,0.000000,0.000000,7.857000
880,0,0.000000,0.529000,3.350000,0.000000,0.521000,0.000000,4.400000,0.000000,0.000000,0.000000,0.000000,4.400000
881,0,0.000000,0.000000,4.822000,0.000000,0.000000,5.280000,10.102000,0.000000,0.000000,0.000000,0.000000,10.102000
882,0,0.000000,1.057000,2.081000,0.000000,3.419000,0.000000,6.557000,0.000000,0.000000,0.000000,0.000000,6.557000
883,0,0.000000,0.000000,0.000000,0.000000,0.000000,0.000000,0.000000,0.000000,0.000000,0.000000,0.000000,0.000000
884,0,0.000000,8.717000,3.033000,0.000000,3.178000,1.015000,15.943000,0.000000,0.000000,0.000000,0.000000,15.943000
885,0,0.000000,0.997000,1.891000,0.000000,1.671000,0.000000,4.559000,0.000000,0.000000,0.000000,0.000000,4.559000
886,0,0.000000,3.533000,2.011000,0.000000,4.109000,1.030000,10.683000,0.000000,0.000000,0.000000,0.000000,10.683000
887,0,0.000000,1.507000,2.419000,1.000000,2.503000,1.008000,8.437000,0.000000,0.000000,0.000000,0.000000,8.437000
888,0,0.000000,1.495000,3.446000,0.000000,3.634000,0.847000,9.422000,0.000000,0.000000,0.000000,0.000000,9.422000
889,0,0.000000,1.007000,1.708000,0.000000,0.000000,0.000000,2.715000,0.000000,0.000000,0.000000,0.000000,2.715000
890,0,0.000000,0.000000,4.424000,0.375000,2.417000,1.001000,8.217000,0.000000,0.000000,0.000000,0.000000,8.217000
891,0,0.000000,0.000000,3.522000,0.000000,2.012000,0.000000,5.534000,0.000000,0.000000,0.000000,0.000000,5.534000
892,0,0.000000,3.929000,3.123000,1.506000,2.140000,0.000000,10.698000,0.000000,0.000000,0.000000,0.000000,10.698000
893,0,0.000000,2.403000,3.041000,0.000000,2.007000,1.545000,8.996000,0.000000,0.443000,0.000000,0.000000,9.439000
894,0,0.000000,1.287000,3.021000,0.542000,2.815000,0.999000,8.664000,0.000000,0.000000,0.000000,0.000000,8.664000
895,0,0.000000,1.003000,2.993000,0.000000,3.176000,1.264000,8.436000,0.000000,0.000000,0.000000,0.000000,8.436000
896,0,0.000000,0.000000,3.903000,0.000000,3.527000,2.021000,9.451000,0.000000,0.000000,0.000000,0.000000,9.451000
897,0,0.000000,0.000000,4.785000,0.000000,3.993000,0.849000,9.627000,0.000000,0.000000,0.000000,0.000000,9.627000
898,0,0.000000,0.000000,2.581000,0.000000,0.000000,4.534000,7.115000,0.000000,0.000000,0.000000,0.000000,7.115000
899,0,0.000000,0.000000,0.000000,0.000000,7.333000,1.024000,8.357000,0.000000,0.000000,0.000000,0.000000,8.357000
900,0,0.000000,1.523000,1.218000,0.000000,3.636000,0.000000,6.377000,0.000000,0.000000,0.000000,0.000000,6.377000
901,0,0.000000,0.000000,4.017000,0.000000,3.004000,0.000000,7.021000,0.000000,0.000000,0.000000,0.000000,7.021000
902,0,0.000000,2.012000,2.405000,0.518000,1.701000,0.000000,6.636000,0.000000,0.000000,0.000000,0.000000,6.636000
903,0,0.000000,2.020000,1.925000,0.000000,2.006000,2.015000,7.966000,0.000000,0.000000,0.000000,0.000000,7.966000
904,0,0.000000,0.000000,4.362000,0.000000,3.513000,0.671000,8.546000,0.000000,0.000000,0.000000,0.000000,8.546000
905,0,0.000000,0.000000,4.805000,0.000000,0.000000,0.000000,4.805000,0.000000,0.000000,0.000000,0.000000,4.805000
906,0,0.000000,5.582000,3.099000,0.000000,2.837000,0.000000,11.518000,0.000000,0.000000,0.000000,0.000000,11.518000
907,0,0.000000,0.000000,0.000000,0.000000,9.307000,0.528000,9.835000,0.000000,0.000000,0.000000,0.000000,9.835000
908,0,0.000000,0.000000,5.542000,0.000000,3.400000,0.517000,9.459000,0.000000,0.000000,0.000000,0.000000,9.459000
909,0,0.000000,1.899000,0.000000,0.000000,5.041000,2.365000,9.305000,0.562000,0.000000,0.000000,0.000000,9.867000
910,0,0.000000,0.598000,4.071000,0.000000,2.888000,0.000000,7.557000,0.000000,0.000000,0.000000,0.000000,7.557000
911,0,0.000000,2.035000,0.000000,0.000000,6.815000,1.047000,9.897000,0.533000,0.000000,0.000000,0.000000,10.430000
912,0,0.000000,0.000000,4.085000,0.000000,0.634000,0.000000,4.719000,0.000000,0.000000,0.000000,0.000000,4.719000
913,0,0.000000,0.000000,6.785000,0.000000,2.004000,0.000000,8.789000,0.000000,0.000000,0.000000,0.000000,8.789000
914,0,0.000000,0.000000,5.021000,0.000000,3.377000,0.000000,8.398000,0.000000,0.000000,0.000000,0.000000,8.398000
915,0,0.000000,0.000000,0.000000,0.000000,0.000000,0.000000,0.000000,0.000000,0.000000,0.000000,0.000000,0.000000
916,0,0.000000,6.908000,2.047000,0.000000,3.856000,2.209000,15.020000,0.000000,0.000000,0.000000,0.000000,15.020000
917,0,0.000000,0.000000,3.023000,0.000000,4.045000,1.073000,8.141000,0.000000,0.000000,0.000000,0.000000,8.141000
918,0,0.000000,0.000000,3.274000,0.000000,3.172000,2.028000,8.474000,0.000000,0.000000,0.000000,0.000000,8.474000
919,0,0.000000,0.000000,3.539000,0.000000,2.009000,1.009000,6.557000,0.000000,0.000000,0.000000,0.000000,6.557000
920,0,0.000000,1.025000,2.239000,0.000000,3.251000,0.680000,7.195000,0.000000,0.000000,0.000000,0.000000,7.195000
921,0,0.000000,0.000000,3.025000,0.000000,2.019000,2.019000,7.063000,0.000000,0.000000,0.000000,0.000000,7.063000
922,0,0.000000,0.000000,1.513000,0.000000,4.042000,1.700000,7.255000,0.000000,0.000000,0.000000,0.000000,7.255000
923,0,0.000000,1.011000,2.882000,0.000000,3.145000,0.000000,7.038000,0.000000,0.000000,0.000000,0.000000,7.038000
924,0,0.000000,0.000000,2.958000,0.000000,3.971000,1.010000,7.939000,0.000000,0.000000,0.000000,0.000000,7.939000
925,0,0.000000,0.000000,3.355000,0.000000,3.047000,0.000000,6.402000,0.000000,0.000000,0.000000,0.000000,6.402000
926,0,0.000000,0.000000,4.634000,0.000000,2.034000,1.149000,7.817000,0.000000,0.600000,0.000000,0.000000,8.417000
927,0,0.000000,1.485000,3.208000,0.000000,2.876000,0.638000,8.207000,0.000000,0.000000,0.000000,0.000000,8.207000
928,0,0.000000,0.514000,2.364000,0.619000,1.836000,0.000000,5.333000,0.000000,0.000000,0.000000,0.000000,5.333000
929,0,0.000000,2.386000,3.069000,0.997000,1.670000,0.000000,8.122000,0.000000,0.000000,0.000000,0.000000,8.122000
930,0,0.000000,2.145000,2.511000,0.773000,2.018000,0.000000,7.447000,0.000000,0.000000,0.000000,0.000000,7.447000
931,0,0.000000,2.008000,2.121000,1.527000,2.120000,1.020000,8.796000,0.000000,0.000000,0.000000,0.000000,8.796000
932,0,0.000000,0.000000,3.535000,0.000000,2.022000,0.000000,5.557000,0.000000,2.009000,0.000000,0.000000,7.566000
933,0,0.000000,0.000000,2.038000,0.000000,2.472000,2.717000,7.227000,0.000000,0.000000,0.000000,0.000000,7.227000
934,0,0.000000,0.000000,0.000000,4.067000,2.030000,1.042000,7.139000,0.000000,0.000000,0.000000,0.000000,7.139000
935,0,0.000000,0.000000,0.000000,0.000000,7.077000,0.523000,7.600000,0.000000,0.000000,0.000000,0.000000,7.600000
936,0,0.000000,0.000000,4.078000,0.000000,0.324000,0.000000,4.402000,0.000000,0.000000,0.000000,0.000000,4.402000
937,0,0.000000,0.000000,4.826000,0.000000,0.000000,0.000000,4.826000,0.000000,0.000000,0.000000,0.000000,4.826000
938,0,0.000000,0.000000,8.128000,1.531000,1.522000,2.047000,13.228000,0.000000,0.000000,0.000000,0.000000,13.228000
939,0,0.000000,2.014000,2.520000,0.000000,3.067000,1.820000,9.421000,0.000000,0.000000,0.000000,0.000000,9.421000
940,0,0.000000,0.000000,2.343000,0.000000,4.635000,0.525000,7.503000,0.928000,0.000000,0.000000,0.000000,8.431000
941,0,0.000000,0.339000,4.023000,0.000000,0.000000,3.609000,7.971000,0.000000,0.000000,0.000000,0.000000,7.971000
942,0,0.000000,0.000000,0.000000,0.000000,7.711000,1.265000,8.976000,0.000000,0.000000,0.000000,0.000000,8.976000
943,0,0.000000,1.436000,2.554000,1.000000,0.671000,0.000000,5.661000,0.000000,0.000000,0.000000,0.000000,5.661000
944,0,0.000000,3.559000,2.528000,0.000000,1.385000,1.589000,9.061000,1.012000,0.000000,0.000000,0.000000,10.073000
945,0,0.000000,0.997000,2.498000,0.000000,2.478000,2.032000,8.005000,0.000000,0.000000,0.000000,0.000000,8.005000
946,0,0.000000,0.000000,2.030000,1.508000,2.019000,0.000000,5.557000,0.000000,0.000000,0.000000,0.000000,5.557000
947,0,0.000000,2.011000,1.960000,0.000000,3.057000,0.000000,7.028000,0.000000,0.000000,0.000000,0.000000,7.028000
948,0,0.000000,0.000000,3.024000,0.000000,2.023000,0.000000,5.047000,0.000000,0.000000,0.000000,0.000000,5.047000
949,0,0.000000,2.008000,3.233000,0.000000,2.532000,0.000000,7.773000,0.000000,0.000000,0.000000,0.000000,7.773000
950,0,0.000000,1.519000,2.020000,0.000000,2.008000,2.029000,7.576000,0.000000,0.000000,0.000000,0.000000,7.576000
951,0,0.000000,0.000000,2.521000,0.000000,2.214000,2.021000,6.756000,0.000000,0.000000,0.000000,0.000000,6.756000
952,0,0.000000,0.000000,2.509000,0.000000,3.533000,0.000000,6.042000,0.000000,1.521000,0.000000,0.000000,7.563000
953,0,0.000000,0.520000,2.443000,0.000000,2.669000,0.000000,5.632000,0.000000,0.000000,0.000000,0.000000,5.632000
954,0,0.000000,0.000000,3.537000,0.000000,3.562000,0.515000,7.614000,0.000000,0.000000,0.000000,0.000000,7.614000
955,0,0.000000,0.000000,2.797000,0.000000,2.009000,2.029000,6.835000,0.000000,0.000000,0.000000,0.000000,6.835000
956,0,0.000000,0.000000,3.661000,0.000000,2.542000,0.000000,6.203000,0.000000,0.000000,0.000000,0.000000,6.203000
957,0,0.000000,0.000000,3.044000,0.000000,2.008000,0.000000,5.052000,0.000000,0.000000,0.000000,0.000000,5.052000
958,0,0.000000,2.020000,2.008000,1.008000,2.625000,1.025000,8.686000,0.000000,0.989000,0.000000,0.000000,9.675000
959,0,0.000000,0.000000,4.249000,0.000000,1.533000,1.520000,7.302000,0.000000,0.417000,0.000000,0.000000,7.719000
960,0,0.000000,0.000000,2.011000,0.000000,2.010000,2.015000,6.036000,0.000000,0.000000,0.000000,0.000000,6.036000
961,0,0.000000,1.841000,1.129000,2.524000,1.659000,0.000000,7.153000,0.000000,2.007000,0.000000,0.000000,9.160000
962,0,0.000000,0.000000,2.512000,0.000000,2.026000,0.000000,4.538000,0.000000,0.000000,0.000000,0.000000,4.538000
963,0,0.000000,2.860000,2.923000,0.000000,3.086000,0.000000,8.869000,0.000000,0.000000,0.000000,0.000000,8.869000
964,0,0.000000,0.000000,5.278000,0.000000,2.444000,1.182000,8.904000,0.000000,0.000000,0.000000,0.000000,8.904000
965,0,0.000000,0.608000,2.951000,0.578000,2.357000,0.629000,7.123000,0.000000,0.669000,0.000000,0.000000,7.792000
966,0,0.000000,0.666000,2.355000,0.576000,2.351000,0.644000,6.592000,0.000000,0.000000,0.000000,0.000000,6.592000
967,0,0.000000,0.631000,2.348000,0.000000,2.639000,0.000000,5.618000,0.000000,0.000000,0.000000,0.000000,5.618000
968,0,0.000000,2.329000,2.053000,0.000000,2.789000,0.000000,7.171000,2.011000,0.000000,0.000000,0.000000,9.182000
969,0,0.000000,0.000000,2.023000,0.000000,4.875000,1.528000,8.426000,0.000000,0.000000,0.000000,0.000000,8.426000
970,0,0.000000,0.000000,4.061000,0.000000,2.984000,0.000000,7.045000,0.000000,0.000000,0.000000,0.000000,7.045000
971,0,0.000000,0.000000,6.137000,0.000000,0.000000,0.000000,6.137000,0.000000,0.000000,0.000000,0.000000,6.137000
972,0,0.000000,0.000000,2.559000,0.000000,3.052000,0.000000,5.611000,0.000000,0.000000,0.000000,0.000000,5.611000
973,0,0.000000,0.000000,0.000000,0.000000,6.794000,0.000000,6.794000,0.000000,0.000000,0.000000,0.000000,6.794000
974,0,0.000000,2.040000,0.000000,0.000000,4.022000,0.000000,6.062000,0.000000,0.000000,0.000000,0.000000,6.062000
975,0,0.000000,0.000000,5.044000,0.000000,0.000000,0.000000,5.044000,0.000000,0.000000,0.000000,0.000000,5.044000
976,0,0.000000,4.502000,2.647000,0.000000,1.030000,2.719000,10.898000,0.000000,0.000000,0.000000,0.000000,10.898000
977,0,0.000000,0.529000,0.000000,0.000000,3.527000,0.000000,4.056000,0.000000,0.000000,0.000000,0.000000,4.056000
978,0,0.000000,0.000000,5.131000,1.030000,0.353000,0.000000,6.514000,0.000000,0.000000,0.000000,0.000000,6.514000
979,0,0.000000,0.000000,5.908000,0.000000,3.035000,0.000000,8.943000,0.000000,0.000000,0.000000,0.000000,8.943000
980,0,0.000000,0.000000,0.000000,0.000000,4.537000,0.000000,4.537000,0.000000,0.000000,0.000000,0.000000,4.537000
981,0,0.000000,2.631000,1.509000,0.000000,3.668000,1.125000,8.933000,0.000000,0.585000,0.000000,0.000000,9.518000
982,0,0.000000,0.662000,2.518000,0.000000,2.503000,0.629000,6.312000,0.597000,0.000000,0.000000,0.000000,6.909000
983,0,0.000000,0.625000,2.791000,0.000000,3.169000,1.019000,7.604000,0.000000,0.000000,0.000000,0.000000,7.604000
984,0,0.000000,0.000000,2.018000,0.000000,4.018000,0.000000,6.036000,0.000000,0.000000,0.000000,0.000000,6.036000
985,0,0.000000,1.507000,2.643000,0.000000,3.435000,0.000000,7.585000,0.000000,0.000000,0.000000,0.000000,7.585000
986,0,0.000000,2.016000,2.023000,0.000000,1.509000,2.022000,7.570000,0.000000,0.000000,0.000000,0.000000,7.570000
987,0,0.000000,0.000000,4.048000,0.000000,2.009000,2.420000,8.477000,0.000000,0.587000,0.000000,0.000000,9.064000
988,0,0.000000,0.000000,3.900000,0.385000,2.012000,0.996000,7.293000,0.000000,0.000000,0.000000,0.000000,7.293000
989,0,0.000000,1.510000,2.758000,0.000000,2.009000,2.282000,8.559000,0.000000,0.000000,0.000000,0.000000,8.559000
990,0,0.000000,1.024000,3.042000,0.000000,2.580000,0.000000,6.646000,0.000000,0.000000,0.000000,0.000000,6.646000
991,0,0.000000,2.008000,2.008000,0.785000,2.557000,0.517000,7.875000,0.000000,0.000000,0.000000,0.000000,7.875000
992,0,0.000000,0.000000,1.000000,0.000000,2.851000,0.000000,3.851000,0.000000,0.000000,0.000000,0.000000,3.851000
993,0,0.000000,4.040000,2.057000,0.000000,0.000000,0.000000,6.097000,0.000000,0.000000,0.000000,0.000000,6.097000
994,0,0.000000,0.000000,7.506000,0.000000,1.029000,3.046000,11.581000,0.000000,0.000000,0.000000,0.000000,11.581000
995,0,0.000000,0.804000,0.000000,0.000000,5.033000,0.000000,5.837000,0.000000,0.000000,0.000000,0.000000,5.837000
996,0,0.000000,0.000000,0.000000,0.000000,6.866000,1.034000,7.900000,0.000000,0.000000,0.000000,0.000000,7.900000
997,0,0.000000,0.000000,3.603000,0.000000,0.454000,0.000000,4.057000,0.000000,0.000000,0.000000,0.000000,4.057000
998,0,0.000000,0.000000,0.000000,0.000000,8.359000,0.927000,9.286000,0.000000,0.000000,0.000000,0.000000,9.286000
999,0,0.000000,0.000000,0.863000,0.000000,3.836000,0.000000,4.699000,0.000000,0.000000,0.000000,0.000000,4.699000
1000,0,0.000000,0.000000,5.598000,0.000000,0.455000,0.000000,6.053000,0.000000,0.000000,0.000000,0.000000,6.053000
1001,0,0.000000,0.000000,6.824000,0.000000,2.376000,0.000000,9.200000,0.000000,0.000000,0.000000,0.000000,9.200000
1002,0,0.000000,2.029000,1.455000,0.000000,0.000000,4.500000,7.984000,0.000000,0.000000,0.000000,0.000000,7.984000
1003,0,0.000000,0.000000,0.000000,0.000000,0.000000,0.000000,0.000000,0.000000,0.000000,0.000000,0.000000,0.000000
1004,0,0.000000,8.636000,2.813000,0.000000,0.000000,0.000000,11.449000,0.000000,0.000000,0.000000,0.000000,11.449000
1005,0,0.000000,0.000000,0.000000,0.000000,8.787000,1.360000,10.147000,0.000000,0.000000,0.000000,0.000000,10.147000
1006,0,0.000000,0.000000,3.701000,0.000000,1.535000,0.000000,5.236000,0.000000,0.000000,0.000000,0.000000,5.236000
1007,0,0.000000,0.000000,3.740000,1.530000,1.354000,1.526000,8.150000,0.000000,0.000000,0.000000,0.000000,8.150000
1008,0,0.000000,0.000000,0.000000,0.000000,6.707000,0.000000,6.707000,0.000000,0.000000,0.000000,0.000000,6.707000
1009,0,0.000000,2.025000,1.555000,0.000000,0.000000,0.000000,3.580000,0.000000,4.788000,0.000000,0.000000,8.368000
1010,0,0.000000,0.000000,0.000000,0.000000,5.306000,1.541000,6.847000,0.000000,0.000000,0.000000,0.000000,6.847000
1011,0,0.000000,1.019000,3.066000,0.000000,2.026000,0.000000,6.111000,0.000000,0.000000,0.000000,0.000000,6.111000
1012,0,0.000000,0.000000,3.551000,0.000000,2.797000,1.543000,7.891000,0.588000,0.000000,0.000000,0.000000,8.479000
1013,0,0.000000,0.723000,0.000000,0.000000,4.740000,0.000000,5.463000,0.000000,0.000000,0.000000,0.000000,5.463000
1014,0,0.000000,0.000000,5.084000,0.000000,0.414000,0.000000,5.498000,0.000000,0.000000,0.000000,0.000000,5.498000
1015,0,0.000000,0.000000,6.416000,0.000000,1.736000,0.000000,8.152000,0.000000,0.000000,0.000000,0.000000,8.152000
1016,0,0.000000,2.628000,1.560000,0.000000,0.000000,4.228000,8.416000,0.000000,0.000000,0.000000,0.000000,8.416000
1017,0,0.000000,0.000000,0.000000,0.000000,6.620000,1.061000,7.681000,0.000000,0.000000,0.000000,0.000000,7.681000
1018,0,0.000000,1.031000,2.028000,0.000000,1.032000,0.000000,4.091000,0.000000,0.000000,0.000000,0.000000,4.091000
1019,0,0.000000,0.000000,3.812000,0.000000,0.000000,5.206000,9.018000,0.000000,0.000000,0.000000,0.000000,9.018000
1020,0,0.000000,1.057000,1.432000,0.000000,3.560000,0.000000,6.049000,0.000000,0.000000,0.000000,0.000000,6.049000
1021,0,0.000000,0.000000,5.230000,0.000000,0.997000,0.000000,6.227000,0.000000,0.000000,0.000000,0.000000,6.227000
1022,0,0.000000,0.000000,0.000000,0.000000,8.516000,0.000000,8.516000,0.000000,0.000000,0.000000,0.000000,8.516000
1023,0,0.000000,0.000000,3.570000,0.000000,0.000000,0.000000,3.570000,0.000000,0.000000,0.000000,0.000000,3.570000
1024,0,0.000000,0.000000,5.252000,0.000000,4.668000,0.605000,10.525000,0.000000,0.000000,0.000000,0.000000,10.525000
1025,0,0.000000,0.750000,2.453000,0.511000,2.178000,1.010000,6.902000,0.000000,0.000000,0.000000,0.000000,6.902000
1026,0,0.000000,0.000000,1.840000,0.000000,0.000000,4.959000,6.799000,0.000000,0.000000,0.000000,0.000000,6.799000
1027,0,0.000000,0.000000,3.687000,0.000000,0.000000,3.212000,6.899000,0.000000,0.000000,0.000000,0.000000,6.899000
1028,0,0.000000,0.000000,3.573000,0.000000,2.032000,1.054000,6.659000,0.000000,0.000000,0.000000,0.000000,6.659000
1029,0,0.000000,0.000000,0.000000,0.000000,6.054000,1.038000,7.092000,0.000000,0.000000,0.000000,0.000000,7.092000
1030,0,0.000000,0.000000,4.264000,0.000000,0.440000,0.000000,4.704000,0.000000,0.000000,0.000000,0.000000,4.704000
1031,0,0.000000,0.000000,4.487000,0.000000,0.000000,4.627000,9.114000,0.000000,0.696000,0.000000,0.000000,9.810000
1032,0,0.000000,0.000000,3.074000,0.000000,1.527000,1.531000,6.132000,0.000000,0.000000,0.000000,0.000000,6.132000
1033,0,0.000000,0.000000,3.554000,0.000000,0.000000,0.000000,3.554000,0.000000,0.000000,0.000000,0.000000,3.554000
1034,0,0.000000,0.000000,6.819000,0.000000,0.000000,0.000000,6.819000,0.000000,0.000000,0.000000,0.000000,6.819000
1035,0,0.000000,0.000000,0.000000,0.000000,4.560000,1.543000,6.103000,0.000000,0.575000,0.000000,0.000000,6.678000
1036,0,0.000000,0.000000,3.020000,0.000000,0.793000,0.000000,3.813000,0.000000,0.000000,0.000000,0.000000,3.813000
1037,0,0.000000,0.000000,4.282000,0.000000,4.298000,0.438000,9.018000,0.000000,0.000000,0.000000,0.000000,9.018000
1038,0,0.000000,0.000000,0.000000,0.000000,6.282000,0.688000,6.970000,0.000000,0.000000,0.000000,0.000000,6.970000
1039,0,0.000000,0.000000,3.473000,1.165000,2.666000,0.000000,7.304000,0.000000,0.000000,0.000000,0.000000,7.304000
1040,0,0.000000,0.000000,1.525000,0.000000,0.000000,0.000000,1.525000,0.000000,0.000000,0.000000,0.000000,1.525000
1041,0,0.000000,0.000000,7.465000,0.000000,2.630000,0.000000,10.095000,0.000000,0.000000,0.000000,0.000000,10.095000
1042,0,0.000000,3.861000,0.000000,0.000000,5.573000,0.000000,9.434000,0.000000,0.000000,0.000000,0.000000,9.434000
1043,0,0.000000,0.000000,0.000000,0.000000,8.486000,1.181000,9.667000,0.000000,0.000000,0.000000,0.000000,9.667000
1044,0,0.000000,1.180000,3.580000,0.000000,3.499000,0.617000,8.876000,0.795000,0.000000,0.000000,0.000000,9.671000
1045,0,0.000000,0.724000,4.471000,0.000000,3.746000,1.021000,9.962000,0.772000,0.000000,0.000000,0.000000,10.734000
1046,0,0.000000,0.505000,3.773000,0.000000,3.060000,1.109000,8.447000,0.000000,0.000000,0.000000,0.000000,8.447000
1047,0,0.000000,1.198000,2.918000,0.000000,2.786000,0.594000,7.496000,0.000000,0.000000,0.000000,0.000000,7.496000
1048,0,0.000000,1.515000,2.352000,0.000000,4.014000,1.013000,8.894000,0.000000,0.000000,0.000000,0.000000,8.894000
1049,0,0.000000,0.702000,3.489000,0.000000,2.525000,1.281000,7.997000,0.000000,0.000000,0.000000,0.000000,7.997000
1050,0,0.000000,0.000000,2.157000,0.000000,4.541000,0.000000,6.698000,0.000000,0.000000,0.000000,0.000000,6.698000
1051,0,0.000000,0.000000,5.877000,0.000000,2.022000,1.527000,9.426000,0.000000,0.000000,0.000000,0.000000,9.426000
1052,0,0.000000,0.000000,4.061000,0.000000,2.056000,0.000000,6.117000,0.000000,0.000000,0.000000,0.000000,6.117000
1053,0,0.000000,2.509000,2.733000,1.012000,3.000000,0.515000,9.769000,0.000000,0.000000,0.000000,0.000000,9.769000
1054,0,0.000000,0.997000,2.831000,1.010000,2.001000,1.997000,8.836000,0.000000,0.000000,0.000000,0.000000,8.836000
1055,0,0.000000,1.522000,13.801000,0.000000,10.966000,0.000000,26.289000,0.000000,2.008000,0.000000,0.000000,28.297000
1056,0,0.000000,0.507000,8.241000,0.000000,6.219000,1.537000,16.504000,0.000000,0.000000,0.000000,0.000000,16.504000
1057,0,0.000000,0.638000,3.439000,0.000000,4.034000,0.514000,8.625000,0.000000,0.000000,0.000000,0.000000,8.625000
1058,0,0.000000,1.528000,3.073000,0.000000,2.860000,1.522000,8.983000,0.000000,0.000000,0.000000,0.000000,8.983000
1059,0,0.000000,0.000000,5.047000,0.000000,3.408000,0.000000,8.455000,0.000000,0.000000,0.000000,0.000000,8.455000
1060,0,0.000000,2.029000,3.277000,0.000000,2.748000,0.000000,8.054000,0.000000,0.000000,0.000000,0.000000,8.054000
1061,0,0.000000,2.511000,2.550000,0.000000,4.788000,0.513000,10.362000,0.000000,0.000000,0.000000,0.000000,10.362000
1062,0,0.000000,0.000000,4.257000,0.000000,3.799000,0.000000,8.056000,0.000000,0.000000,0.000000,0.000000,8.056000
1063,0,0.000000,2.010000,2.511000,0.000000,5.079000,0.601000,10.201000,0.531000,0.000000,0.000000,0.000000,10.732000
1064,0,0.000000,0.000000,2.183000,0.000000,4.534000,0.000000,6.717000,0.000000,2.011000,0.000000,0.000000,8.728000
1065,0,0.000000,0.507000,3.607000,0.000000,3.189000,0.000000,7.303000,0.000000,0.000000,0.000000,0.000000,7.303000
1066,0,0.000000,2.023000,3.536000,0.000000,3.041000,0.000000,8.600000,0.000000,0.000000,0.000000,0.000000,8.600000
1067,0,0.000000,2.072000,2.015000,0.000000,4.679000,0.525000,9.291000,0.000000,0.000000,0.000000,0.000000,9.291000
1068,0,0.000000,1.531000,3.547000,0.000000,4.034000,0.000000,9.112000,0.000000,0.000000,0.000000,0.000000,9.112000
1069,0,0.000000,2.011000,3.744000,0.000000,1.534000,2.026000,9.315000,0.000000,0.000000,0.000000,0.000000,9.315000
1070,0,0.000000,0.000000,4.542000,0.000000,3.037000,1.358000,8.937000,0.000000,0.000000,0.000000,0.000000,8.937000
1071,0,0.000000,1.020000,3.093000,0.000000,0.000000,5.815000,9.928000,0.000000,0.000000,0.000000,0.000000,9.928000
1072,0,0.000000,0.000000,5.935000,0.000000,4.540000,1.002000,11.477000,0.000000,0.000000,0.000000,0.000000,11.477000
1073,0,0.000000,1.511000,2.845000,0.000000,6.473000,0.000000,10.829000,0.000000,1.595000,0.000000,0.000000,12.424000
1074,0,0.000000,0.000000,4.095000,0.000000,3.846000,1.011000,8.952000,0.418000,0.000000,0.000000,0.000000,9.370000
1075,0,0.000000,0.000000,2.011000,0.000000,5.660000,0.000000,7.671000,2.025000,0.000000,0.000000,0.000000,9.696000
1076,0,0.000000,0.000000,1.533000,0.000000,4.546000,0.000000,6.079000,0.000000,0.000000,0.000000,0.000000,6.079000
1077,0,0.000000,0.000000,6.192000,0.000000,0.000000,4.148000,10.340000,0.000000,0.000000,0.000000,0.000000,10.340000
1078,0,0.000000,0.000000,4.063000,0.000000,1.883000,0.000000,5.946000,0.000000,0.000000,0.000000,0.000000,5.946000
1079,0,0.000000,0.000000,5.236000,3.002000,3.847000,0.538000,12.623000,0.000000,0.000000,0.000000,0.000000,12.623000
1080,0,0.000000,0.000000,4.679000,0.000000,0.000000,0.000000,4.679000,0.000000,0.000000,0.000000,0.000000,4.679000
1081,0,0.000000,5.122000,3.311000,0.000000,3.245000,0.000000,11.678000,0.000000,0.000000,0.000000,0.000000,11.678000
1082,0,0.000000,0.000000,3.850000,0.000000,4.918000,1.011000,9.779000,0.000000,0.324000,0.000000,0.000000,10.103000
1083,0,0.000000,0.000000,5.467000,0.000000,5.293000,0.000000,10.760000,0.000000,0.000000,0.000000,0.000000,10.760000
1084,0,0.000000,2.694000,2.031000,0.000000,5.377000,1.979000,12.081000,0.000000,0.000000,0.000000,0.000000,12.081000
1085,0,0.000000,0.000000,4.935000,0.000000,2.528000,2.612000,10.075000,0.000000,0.000000,0.000000,0.000000,10.075000
1086,0,0.000000,0.000000,6.209000,0.000000,2.626000,2.027000,10.862000,0.000000,0.000000,0.000000,0.000000,10.862000
1087,0,0.000000,0.000000,4.019000,0.000000,5.548000,1.726000,11.293000,0.000000,0.000000,0.000000,0.000000,11.293000
1088,0,0.000000,1.522000,3.732000,0.000000,4.017000,0.000000,9.271000,0.000000,0.000000,0.000000,0.000000,9.271000
1089,0,0.000000,2.009000,5.633000,0.000000,5.226000,1.093000,13.961000,0.000000,1.017000,0.000000,0.000000,14.978000
1090,0,0.000000,1.166000,3.351000,0.000000,6.760000,1.011000,12.288000,1.000000,0.000000,0.000000,0.000000,13.288000
1091,0,0.000000,0.000000,6.599000,0.000000,4.738000,1.008000,12.345000,0.000000,0.000000,0.000000,0.000000,12.345000
1092,0,0.000000,1.000000,3.952000,0.000000,2.803000,0.000000,7.755000,2.015000,0.000000,0.000000,0.000000,9.770000
1093,0,0.000000,0.000000,3.715000,0.000000,3.061000,2.341000,9.117000,0.000000,0.000000,0.000000,0.000000,9.117000
1094,0,0.000000,0.000000,4.553000,0.000000,3.017000,0.000000,7.570000,0.000000,0.000000,0.000000,0.000000,7.570000
1095,0,0.000000,1.686000,2.019000,0.000000,3.751000,0.000000,7.456000,0.000000,0.000000,0.000000,0.000000,7.456000
1096,0,0.000000,2.009000,2.011000,0.000000,5.184000,1.016000,10.220000,0.996000,0.000000,0.000000,0.000000,11.216000
1097,0,0.000000,1.000000,4.978000,0.000000,1.544000,2.021000,9.543000,0.000000,0.000000,0.000000,0.000000,9.543000
1098,0,0.000000,0.000000,4.868000,0.000000,4.393000,1.050000,10.311000,0.000000,0.000000,0.000000,0.000000,10.311000
1099,0,0.000000,0.598000,2.022000,0.000000,4.538000,0.000000,7.158000,0.000000,0.000000,0.000000,0.000000,7.158000
1100,0,0.000000,2.009000,4.305000,0.000000,3.047000,0.000000,9.361000,0.000000,0.000000,0.000000,0.000000,9.361000
1101,0,0.000000,2.020000,1.509000,0.000000,5.041000,1.527000,10.097000,0.000000,0.000000,0.000000,0.000000,10.097000
1102,0,0.000000,0.000000,4.747000,0.000000,4.502000,1.523000,10.772000,0.000000,0.353000,0.000000,0.000000,11.125000
1103,0,0.000000,0.000000,3.798000,0.000000,3.361000,1.349000,8.508000,0.679000,0.000000,0.000000,0.000000,9.187000
1104,0,0.000000,0.529000,5.311000,0.000000,3.568000,2.026000,11.434000,0.000000,0.000000,0.000000,0.000000,11.434000
1105,0,0.000000,0.000000,4.024000,0.000000,2.817000,1.524000,8.365000,0.000000,0.571000,0.000000,0.000000,8.936000
1106,0,0.000000,0.911000,3.766000,0.000000,3.548000,0.000000,8.225000,0.000000,0.000000,0.000000,0.000000,8.225000
1107,0,0.000000,0.563000,2.011000,0.000000,4.020000,1.022000,7.616000,0.734000,0.000000,0.000000,0.000000,8.350000
1108,0,0.000000,1.069000,3.581000,0.000000,2.016000,2.013000,8.679000,0.510000,0.000000,0.000000,0.000000,9.189000
1109,0,0.000000,0.523000,2.022000,0.000000,5.877000,0.000000,8.422000,0.000000,0.000000,0.000000,0.000000,8.422000
1110,0,0.000000,2.020000,3.041000,0.000000,3.016000,0.000000,8.077000,0.000000,0.000000,0.000000,0.000000,8.077000
1111,0,0.000000,2.023000,3.045000,0.712000,4.258000,0.000000,10.038000,0.000000,0.000000,0.000000,0.000000,10.038000
1112,0,0.000000,0.000000,4.030000,0.000000,2.563000,2.015000,8.608000,0.000000,0.000000,0.000000,0.000000,8.608000
1113,0,0.000000,0.000000,2.778000,0.000000,3.529000,2.534000,8.841000,0.527000,0.000000,0.000000,0.000000,9.368000
1114,0,0.000000,0.517000,2.018000,0.000000,3.019000,0.000000,5.554000,2.774000,0.000000,0.000000,0.000000,8.328000
1115,0,0.000000,0.783000,3.733000,0.000000,2.539000,1.517000,8.572000,0.000000,0.000000,0.000000,0.000000,8.572000
1116,0,0.000000,0.000000,4.095000,0.000000,3.614000,0.000000,7.709000,1.524000,0.000000,0.000000,0.000000,9.233000
1117,0,0.000000,0.523000,4.208000,0.000000,3.531000,0.000000,8.262000,0.000000,0.000000,0.000000,0.000000,8.262000
1118,0,0.000000,1.510000,2.583000,0.000000,3.633000,0.000000,7.726000,0.000000,0.000000,0.000000,0.000000,7.726000
1119,0,0.000000,2.009000,2.518000,0.000000,4.285000,0.459000,9.271000,0.000000,0.000000,0.000000,0.000000,9.271000
1120,0,0.000000,0.000000,4.520000,0.000000,3.284000,1.029000,8.833000,0.000000,0.000000,0.000000,0.000000,8.833000
1121,0,0.000000,1.015000,2.394000,0.000000,3.548000,2.026000,8.983000,0.000000,0.000000,0.000000,0.000000,8.983000
1122,0,0.000000,0.000000,3.534000,0.000000,3.017000,1.023000,7.574000,0.000000,0.000000,0.000000,0.000000,7.574000
1123,0,0.000000,1.941000,3.525000,0.000000,3.528000,0.528000,9.522000,0.000000,0.000000,0.000000,0.000000,9.522000
1124,0,0.000000,1.522000,2.540000,0.000000,3.517000,0.823000,8.402000,0.000000,0.000000,0.000000,0.000000,8.402000
1125,0,0.000000,2.023000,3.055000,0.000000,1.021000,2.799000,8.898000,0.000000,0.000000,0.000000,0.000000,8.898000
1126,0,0.000000,0.000000,4.035000,0.000000,4.251000,1.155000,9.441000,0.657000,0.000000,0.000000,0.000000,10.098000
1127,0,0.000000,0.516000,2.715000,1.011000,2.228000,0.000000,6.470000,0.000000,2.023000,0.000000,0.000000,8.493000
1128,0,0.000000,0.000000,4.019000,0.000000,2.536000,0.000000,6.555000,0.000000,0.000000,0.000000,0.000000,6.555000
1129,0,0.000000,3.658000,2.034000,1.510000,2.578000,0.000000,9.780000,0.000000,1.510000,0.000000,0.000000,11.290000
1130,0,0.000000,0.382000,2.010000,0.000000,4.300000,2.031000,8.723000,0.000000,0.000000,0.000000,0.000000,8.723000
1131,0,0.000000,1.010000,1.270000,0.000000,4.804000,0.000000,7.084000,0.000000,0.000000,0.000000,0.000000,7.084000
1132,0,0.000000,2.025000,3.095000,0.000000,4.566000,1.522000,11.208000,0.000000,0.000000,0.000000,0.000000,11.208000
1133,0,0.000000,0.000000,4.036000,0.000000,3.042000,1.513000,8.591000,0.000000,0.000000,0.000000,0.000000,8.591000
1134,0,0.000000,0.767000,4.312000,0.000000,4.519000,1.000000,10.598000,0.000000,0.000000,0.000000,0.000000,10.598000
1135,0,0.000000,0.000000,3.669000,0.000000,4.118000,1.187000,8.974000,0.000000,0.000000,0.000000,0.000000,8.974000
1136,0,0.000000,0.515000,3.844000,0.000000,3.094000,0.642000,8.095000,0.654000,0.000000,0.000000,0.000000,8.749000
1137,0,0.000000,0.642000,2.541000,0.000000,4.613000,0.000000,7.796000,1.519000,0.000000,0.000000,0.000000,9.315000
1138,0,0.000000,0.000000,3.746000,0.000000,2.021000,2.011000,7.778000,0.000000,0.000000,0.000000,0.000000,7.778000
1139,0,0.000000,0.000000,5.346000,0.000000,3.454000,2.013000,10.813000,0.000000,0.000000,0.000000,0.000000,10.813000
1140,0,0.000000,0.000000,3.542000,0.000000,4.800000,0.000000,8.342000,0.000000,0.000000,0.000000,0.000000,8.342000
1141,0,0.000000,2.009000,3.804000,0.000000,4.237000,0.000000,10.050000,0.000000,0.000000,0.000000,0.000000,10.050000
1142,0,0.000000,2.020000,3.061000,0.000000,2.247000,2.016000,9.344000,0.000000,0.000000,0.000000,0.000000,9.344000
1143,0,0.000000,0.000000,3.554000,0.000000,2.549000,2.019000,8.122000,0.000000,0.000000,0.000000,0.000000,8.122000
1144,0,0.000000,0.000000,4.038000,0.000000,4.180000,0.000000,8.218000,0.000000,0.000000,0.000000,0.000000,8.218000
1145,0,0.000000,2.020000,3.249000,0.000000,3.530000,0.522000,9.321000,0.000000,0.000000,0.000000,0.000000,9.321000
1146,0,0.000000,0.522000,2.011000,0.000000,2.545000,2.021000,7.099000,0.000000,0.000000,0.000000,0.000000,7.099000
1147,0,0.000000,2.012000,3.034000,0.000000,1.675000,2.009000,8.730000,0.000000,0.000000,0.000000,0.000000,8.730000
1148,0,0.000000,0.000000,5.373000,0.000000,4.066000,1.027000,10.466000,0.000000,0.000000,0.000000,0.000000,10.466000
1149,0,0.000000,0.000000,4.564000,0.000000,2.021000,2.018000,8.603000,0.000000,0.000000,0.000000,0.000000,8.603000
1150,0,0.000000,1.511000,7.279000,0.000000,4.628000,0.000000,13.418000,0.000000,0.000000,0.000000,0.000000,13.418000
1151,0,0.000000,0.000000,2.403000,0.000000,4.820000,1.537000,8.760000,0.000000,0.000000,0.000000,0.000000,8.760000
1152,0,0.000000,0.000000,4.103000,0.000000,2.187000,2.525000,8.815000,0.000000,0.000000,0.000000,0.000000,8.815000
1153,0,0.000000,0.000000,4.549000,0.000000,6.373000,1.052000,11.974000,0.000000,0.000000,0.000000,0.000000,11.974000
1154,0,0.000000,0.508000,3.073000,0.000000,2.010000,2.673000,8.264000,0.000000,0.000000,0.000000,0.000000,8.264000
1155,0,0.000000,1.054000,4.873000,0.000000,5.544000,0.510000,11.981000,0.000000,1.009000,0.000000,0.000000,12.990000
1156,0,0.000000,1.001000,2.244000,0.000000,7.311000,0.520000,11.076000,0.000000,0.000000,0.000000,0.000000,11.076000
1157,0,0.000000,0.000000,4.669000,0.000000,2.629000,0.000000,7.298000,0.000000,0.000000,0.000000,0.000000,7.298000
1158,0,0.000000,2.521000,3.891000,0.000000,3.270000,0.000000,9.682000,0.000000,0.000000,0.000000,0.000000,9.682000
1159,0,0.000000,0.000000,2.009000,1.752000,2.290000,1.457000,7.508000,0.000000,0.000000,0.000000,0.000000,7.508000
1160,0,0.000000,0.000000,5.037000,0.000000,2.023000,2.016000,9.076000,0.000000,0.000000,0.000000,0.000000,9.076000
1161,0,0.000000,0.000000,5.376000,0.519000,4.421000,0.000000,10.316000,2.028000,0.000000,0.000000,0.000000,12.344000
1162,0,0.000000,1.032000,1.550000,0.000000,4.206000,0.000000,6.788000,0.000000,0.000000,0.000000,0.000000,6.788000
1163,0,0.000000,2.024000,3.554000,0.472000,2.532000,1.524000,10.106000,0.000000,0.000000,0.000000,0.000000,10.106000
1164,0,0.000000,1.524000,2.021000,0.000000,3.869000,0.000000,7.414000,0.000000,0.000000,0.000000,0.000000,7.414000
1165,0,0.000000,2.022000,2.036000,2.024000,3.530000,0.000000,9.612000,0.000000,0.000000,0.000000,0.000000,9.612000
1166,0,0.000000,2.024000,3.796000,0.000000,2.020000,2.013000,9.853000,0.000000,0.000000,0.000000,0.000000,9.853000
1167,0,0.000000,0.000000,5.039000,0.000000,3.439000,0.000000,8.478000,0.000000,0.000000,0.000000,0.000000,8.478000
1168,0,0.000000,2.009000,3.019000,0.000000,2.249000,0.000000,7.277000,2.013000,0.000000,0.000000,0.000000,9.290000
1169,0,0.000000,0.524000,3.342000,0.000000,3.039000,2.027000,8.932000,0.000000,0.000000,0.000000,0.000000,8.932000
1170,0,0.000000,0.000000,2.518000,0.000000,5.072000,0.684000,8.274000,0.000000,0.000000,0.000000,0.000000,8.274000
1171,0,0.000000,2.019000,3.032000,0.000000,3.536000,1.026000,9.613000,0.000000,0.000000,0.000000,0.000000,9.613000
1172,0,0.000000,1.025000,2.553000,0.000000,4.030000,1.202000,8.810000,0.000000,1.023000,0.000000,0.000000,9.833000
1173,0,0.000000,0.000000,3.796000,0.000000,3.025000,2.027000,8.848000,0.000000,0.000000,0.000000,0.000000,8.848000
1174,0,0.000000,0.000000,4.483000,0.000000,3.851000,0.000000,8.334000,0.000000,0.000000,0.000000,0.000000,8.334000
1175,0,0.000000,2.023000,1.640000,0.000000,4.018000,0.000000,7.681000,0.000000,0.000000,0.000000,0.000000,7.681000
1176,0,0.000000,2.009000,3.802000,0.000000,3.910000,1.012000,10.733000,0.000000,0.000000,0.000000,0.000000,10.733000
1177,0,0.000000,0.000000,3.534000,0.000000,4.547000,0.000000,8.081000,0.000000,0.000000,0.000000,0.000000,8.081000
1178,0,0.000000,2.021000,3.990000,0.000000,5.135000,0.000000,11.146000,0.000000,0.000000,0.000000,0.000000,11.146000
1179,0,0.000000,0.000000,5.139000,0.000000,3.890000,1.017000,10.046000,0.000000,0.000000,0.000000,0.000000,10.046000
1180,0,0.000000,0.996000,3.177000,0.000000,3.262000,0.000000,7.435000,0.000000,0.000000,0.000000,0.000000,7.435000
1181,0,0.000000,2.315000,3.229000,0.680000,2.971000,1.597000,10.792000,0.687000,0.000000,0.000000,0.000000,11.479000
1182,0,0.000000,1.077000,3.349000,0.000000,2.336000,2.014000,8.776000,0.000000,0.000000,0.000000,0.000000,8.776000
1183,0,0.000000,0.000000,4.672000,0.000000,5.048000,1.550000,11.270000,0.000000,0.000000,0.000000,0.000000,11.270000
1184,0,0.000000,1.571000,3.136000,0.000000,4.634000,0.000000,9.341000,0.000000,0.000000,0.000000,0.000000,9.341000
1185,0,0.000000,2.261000,4.456000,0.000000,2.007000,2.013000,10.737000,0.000000,0.000000,0.000000,0.000000,10.737000
1186,0,0.000000,0.000000,4.531000,1.023000,2.311000,3.086000,10.951000,0.000000,0.000000,0.000000,0.000000,10.951000
1187,0,0.000000,0.000000,3.897000,0.000000,2.419000,2.016000,8.332000,0.000000,0.000000,0.000000,0.000000,8.332000
1188,0,0.000000,0.801000,4.038000,0.000000,4.045000,1.051000,9.935000,0.000000,0.353000,0.000000,0.000000,10.288000
1189,0,0.000000,0.000000,4.019000,0.000000,1.726000,2.029000,7.774000,0.000000,0.000000,0.000000,0.000000,7.774000
1190,0,0.000000,0.000000,4.272000,0.000000,3.263000,1.516000,9.051000,0.000000,0.000000,0.000000,0.000000,9.051000
1191,0,0.000000,0.000000,4.019000,0.000000,2.778000,1.515000,8.312000,0.000000,0.000000,0.000000,0.000000,8.312000
1192,0,0.000000,1.029000,2.346000,0.000000,3.105000,2.036000,8.516000,0.000000,0.000000,0.000000,0.000000,8.516000
1193,0,0.000000,1.511000,2.595000,0.000000,3.017000,0.000000,7.123000,0.000000,0.000000,0.000000,0.000000,7.123000
1194,0,0.000000,0.651000,2.023000,2.020000,2.323000,0.000000,7.017000,0.000000,0.000000,0.000000,0.000000,7.017000
1195,0,0.000000,2.116000,2.511000,0.000000,4.039000,1.041000,9.707000,0.000000,0.000000,0.000000,0.000000,9.707000
1196,0,0.000000,0.000000,5.210000,0.000000,3.042000,0.000000,8.252000,0.000000,0.000000,0.000000,0.000000,8.252000
1197,0,0.000000,2.022000,2.010000,0.000000,4.155000,0.000000,8.187000,0.000000,0.000000,0.000000,0.000000,8.187000
1198,0,0.000000,2.216000,3.129000,0.000000,3.536000,0.000000,8.881000,0.000000,0.000000,0.000000,0.000000,8.881000
1199,0,0.000000,2.525000,3.058000,0.000000,2.022000,2.017000,9.622000,0.905000,0.000000,0.000000,0.000000,10.527000
1200,0,0.000000,0.000000,4.107000,0.000000,2.238000,0.000000,6.345000,2.013000,0.000000,0.000000,0.000000,8.358000
1201,0,0.000000,1.012000,1.783000,0.000000,3.030000,2.287000,8.112000,1.025000,0.000000,0.000000,0.000000,9.137000
1202,0,0.000000,0.000000,3.045000,0.000000,4.031000,0.000000,7.076000,1.513000,0.000000,0.000000,0.000000,8.589000
1203,0,0.000000,0.581000,2.534000,0.000000,3.953000,0.000000,7.068000,0.000000,0.000000,0.000000,0.000000,7.068000
1204,0,0.000000,2.011000,3.036000,0.000000,1.510000,2.655000,9.212000,0.000000,0.000000,0.000000,0.000000,9.212000
1205,0,0.000000,0.000000,4.399000,0.000000,3.636000,0.000000,8.035000,0.000000,0.000000,0.000000,0.000000,8.035000
1206,0,0.000000,2.531000,1.274000,0.000000,4.615000,1.131000,9.551000,0.000000,0.000000,0.000000,0.000000,9.551000
1207,0,0.000000,0.000000,2.020000,2.010000,3.634000,0.000000,7.664000,0.000000,1.519000,0.000000,0.000000,9.183000
1208,0,0.000000,0.000000,3.544000,0.000000,2.008000,0.000000,5.552000,0.000000,0.000000,0.000000,0.000000,5.552000
1209,0,0.000000,0.000000,3.727000,0.000000,4.716000,1.014000,9.457000,0.000000,0.997000,0.000000,0.000000,10.454000
1210,0,0.000000,1.002000,5.020000,0.000000,2.592000,0.000000,8.614000,3.997000,0.000000,0.000000,0.000000,12.611000
1211,0,0.000000,0.000000,4.538000,2.008000,2.509000,0.000000,9.055000,0.000000,0.000000,0.000000,0.000000,9.055000
1212,0,0.000000,2.245000,2.786000,1.652000,3.550000,1.025000,11.258000,0.000000,0.000000,0.000000,0.000000,11.258000
1213,0,0.000000,0.000000,2.010000,2.010000,2.749000,0.000000,6.769000,0.000000,0.000000,0.000000,0.000000,6.769000
1214,0,0.000000,0.000000,4.080000,0.000000,2.520000,2.025000,8.625000,0.000000,0.000000,0.000000,0.000000,8.625000
1215,0,0.000000,1.511000,2.594000,0.000000,3.639000,0.000000,7.744000,0.000000,0.000000,0.000000,0.000000,7.744000
1216,0,0.000000,2.010000,2.524000,0.000000,4.604000,0.000000,9.138000,0.000000,0.000000,0.000000,0.000000,9.138000
1217,0,0.000000,0.000000,4.525000,0.000000,2.024000,2.529000,9.078000,0.000000,0.000000,0.000000,0.000000,9.078000
1218,0,0.000000,0.526000,3.211000,0.000000,3.501000,0.000000,7.238000,0.000000,0.000000,0.000000,0.000000,7.238000
1219,0,0.000000,2.008000,2.497000,0.000000,4.031000,1.353000,9.889000,0.000000,0.000000,0.000000,0.000000,9.889000
1220,0,0.000000,0.000000,4.010000,0.000000,3.036000,0.000000,7.046000,1.511000,0.000000,0.000000,0.000000,8.557000
1221,0,0.000000,0.000000,2.589000,0.000000,4.019000,0.000000,6.608000,0.000000,0.000000,0.000000,0.000000,6.608000
1222,0,0.000000,2.543000,4.263000,0.000000,1.840000,2.012000,10.658000,0.000000,0.000000,0.000000,0.000000,10.658000
1223,0,0.000000,0.000000,2.522000,0.000000,4.822000,0.655000,7.999000,0.000000,0.000000,0.000000,0.000000,7.999000
1224,0,0.000000,1.522000,3.790000,0.000000,3.236000,0.000000,8.548000,0.000000,0.000000,0.000000,0.000000,8.548000
1225,0,0.000000,2.011000,2.010000,0.000000,3.561000,0.000000,7.582000,0.000000,2.012000,0.000000,0.000000,9.594000
1226,0,0.000000,0.000000,3.988000,0.000000,2.528000,2.031000,8.547000,0.000000,0.000000,0.000000,0.000000,8.547000
1227,0,0.000000,0.000000,3.249000,0.000000,2.904000,3.073000,9.226000,0.000000,0.000000,0.000000,0.000000,9.226000
1228,0,0.000000,0.745000,2.945000,0.675000,2.510000,1.201000,8.076000,0.000000,0.554000,0.000000,0.000000,8.630000
1229,0,0.000000,0.597000,3.261000,0.000000,3.844000,0.000000,7.702000,0.000000,0.000000,0.000000,0.000000,7.702000
1230,0,0.000000,0.000000,3.771000,0.000000,2.009000,2.017000,7.797000,0.000000,0.000000,0.000000,0.000000,7.797000
1231,0,0.000000,0.000000,4.493000,0.000000,4.034000,0.507000,9.034000,0.000000,0.000000,0.000000,0.000000,9.034000
1232,0,0.000000,2.027000,3.549000,0.000000,2.403000,0.000000,7.979000,2.011000,0.000000,0.000000,0.000000,9.990000
1233,0,0.000000,0.745000,3.530000,0.000000,4.079000,0.000000,8.354000,0.000000,0.000000,0.000000,0.000000,8.354000
1234,0,0.000000,2.206000,2.512000,0.000000,3.655000,0.000000,8.373000,0.000000,0.000000,0.000000,0.000000,8.373000
1235,0,0.000000,0.521000,4.454000,0.000000,2.021000,0.000000,6.996000,2.137000,0.000000,0.000000,0.000000,9.133000
1236,0,0.000000,0.000000,4.019000,0.000000,3.165000,0.308000,7.492000,0.000000,0.000000,0.000000,0.000000,7.492000
1237,0,0.000000,2.012000,3.019000,0.000000,4.034000,0.000000,9.065000,0.000000,0.000000,0.000000,0.000000,9.065000
1238,0,0.000000,0.000000,4.504000,0.000000,2.022000,2.013000,8.539000,0.000000,0.000000,0.000000,0.000000,8.539000
1239,0,0.000000,2.015000,3.480000,0.000000,2.642000,0.000000,8.137000,0.000000,0.000000,0.000000,0.000000,8.137000
1240,0,0.000000,2.518000,2.806000,0.000000,4.549000,1.026000,10.899000,0.000000,0.000000,0.000000,0.000000,10.899000
1241,0,0.000000,0.000000,3.551000,0.000000,3.948000,0.744000,8.243000,0.000000,0.000000,0.000000,0.000000,8.243000
1242,0,0.000000,0.000000,3.538000,0.000000,3.710000,2.018000,9.266000,0.000000,0.000000,0.000000,0.000000,9.266000
1243,0,0.000000,1.010000,2.024000,0.000000,4.043000,0.646000,7.723000,0.000000,0.000000,0.000000,0.000000,7.723000
1244,0,0.000000,0.000000,4.029000,0.000000,4.422000,1.002000,9.453000,0.000000,0.995000,0.000000,0.000000,10.448000
1245,0,0.000000,0.508000,3.528000,0.000000,4.043000,0.000000,8.079000,0.000000,0.000000,0.000000,0.000000,8.079000
1246,0,0.000000,2.010000,4.578000,0.000000,3.349000,0.507000,10.444000,0.000000,1.019000,0.000000,0.000000,11.463000
1247,0,0.000000,0.000000,4.029000,0.000000,2.518000,1.528000,8.075000,0.000000,0.000000,0.000000,0.000000,8.075000
1248,0,0.000000,0.000000,4.225000,0.000000,1.608000,2.525000,8.358000,1.044000,0.000000,0.000000,0.000000,9.402000
1249,0,0.000000,0.000000,1.524000,0.000000,4.793000,0.000000,6.317000,0.000000,2.011000,0.000000,0.000000,8.328000
1250,0,0.000000,0.481000,4.270000,0.000000,1.558000,2.021000,8.330000,0.000000,0.000000,0.000000,0.000000,8.330000
1251,0,0.000000,0.000000,4.540000,0.000000,3.018000,1.330000,8.888000,0.521000,0.000000,0.000000,0.000000,9.409000
1252,0,0.000000,1.043000,2.019000,0.000000,4.205000,0.000000,7.267000,2.023000,0.000000,0.000000,0.000000,9.290000
1253,0,0.000000,0.000000,2.989000,0.000000,4.565000,0.000000,7.554000,0.000000,0.000000,0.000000,0.000000,7.554000
1254,0,0.000000,0.000000,2.243000,0.000000,4.386000,0.000000,6.629000,1.515000,0.000000,0.000000,0.000000,8.144000
1255,0,0.000000,0.000000,4.721000,0.000000,2.009000,2.014000,8.744000,0.000000,0.000000,0.000000,0.000000,8.744000
1256,0,0.000000,0.510000,2.967000,0.000000,3.693000,0.844000,8.014000,1.010000,0.000000,0.000000,0.000000,9.024000
1257,0,0.000000,0.000000,4.075000,0.000000,2.020000,2.016000,8.111000,0.000000,0.000000,0.000000,0.000000,8.111000
1258,0,0.000000,0.000000,3.781000,0.000000,2.924000,3.194000,9.899000,0.000000,0.000000,0.000000,0.000000,9.899000
1259,0,0.000000,0.000000,3.534000,0.000000,3.044000,0.000000,6.578000,0.000000,0.000000,0.000000,0.000000,6.578000
1260,0,0.000000,0.000000,3.519000,0.000000,4.309000,1.014000,8.842000,0.535000,0.000000,0.000000,0.000000,9.377000
1261,0,0.000000,0.870000,2.013000,0.000000,2.521000,2.263000,7.667000,0.000000,0.000000,0.000000,0.000000,7.667000
1262,0,0.000000,0.000000,6.127000,0.000000,3.037000,0.000000,9.164000,0.000000,0.000000,0.000000,0.000000,9.164000
1263,0,0.000000,2.021000,3.534000,0.000000,3.017000,0.774000,9.346000,0.517000,0.000000,0.000000,0.000000,9.863000
1264,0,0.000000,1.542000,6.204000,0.000000,4.253000,1.002000,13.001000,0.999000,0.000000,0.000000,0.000000,14.000000
1265,0,0.000000,0.973000,4.768000,0.000000,4.476000,0.000000,10.217000,0.000000,0.000000,0.000000,0.000000,10.217000
1266,0,0.000000,0.000000,2.518000,0.000000,2.674000,2.543000,7.735000,0.000000,0.920000,0.000000,0.000000,8.655000
1267,0,0.000000,1.555000,4.805000,0.000000,2.346000,2.015000,10.721000,0.000000,0.000000,0.000000,0.000000,10.721000
1268,0,0.000000,0.000000,3.294000,1.518000,4.789000,0.589000,10.190000,0.000000,0.000000,0.000000,0.000000,10.190000
1269,0,0.000000,0.000000,3.036000,0.000000,4.050000,0.000000,7.086000,0.000000,0.000000,0.000000,0.000000,7.086000
1270,0,0.000000,2.010000,2.536000,0.000000,5.670000,0.544000,10.760000,0.000000,0.523000,0.000000,0.000000,11.283000
1271,0,0.000000,0.000000,2.012000,0.000000,4.541000,0.000000,6.553000,0.000000,0.000000,0.000000,0.000000,6.553000
1272,0,0.000000,2.521000,4.086000,0.000000,2.537000,0.000000,9.144000,0.000000,2.020000,0.000000,0.000000,11.164000
1273,0,0.000000,0.000000,2.010000,0.000000,3.020000,2.529000,7.559000,0.000000,0.000000,0.000000,0.000000,7.559000
1274,0,0.000000,1.034000,3.723000,0.634000,4.126000,0.701000,10.218000,0.000000,0.000000,0.000000,0.000000,10.218000
1275,0,0.000000,0.517000,2.981000,0.000000,3.269000,0.000000,6.767000,0.000000,0.000000,0.000000,0.000000,6.767000
1276,0,0.000000,2.529000,4.053000,0.000000,1.850000,2.025000,10.457000,0.000000,0.000000,0.000000,0.000000,10.457000
1277,0,0.000000,0.000000,2.025000,0.000000,6.067000,1.057000,9.149000,0.391000,0.000000,0.000000,0.000000,9.540000
1278,0,0.000000,1.009000,5.528000,0.000000,5.152000,0.561000,12.250000,0.000000,0.000000,0.000000,0.000000,12.250000
1279,0,0.000000,0.000000,6.867000,0.000000,2.029000,2.030000,10.926000,0.000000,0.000000,0.000000,0.000000,10.926000
1280,0,0.000000,1.757000,2.728000,0.000000,6.085000,0.000000,10.570000,0.000000,0.000000,0.000000,0.000000,10.570000
1281,0,0.000000,2.145000,5.273000,0.000000,7.624000,1.027000,16.069000,1.019000,0.000000,0.000000,0.000000,17.088000
1282,0,0.000000,0.000000,3.686000,0.000000,4.467000,1.023000,9.176000,0.000000,0.000000,0.000000,0.000000,9.176000
1283,0,0.000000,1.681000,5.759000,0.000000,5.577000,0.000000,13.017000,0.000000,0.000000,0.000000,0.000000,13.017000
1284,0,0.000000,2.023000,6.646000,0.000000,4.329000,0.000000,12.998000,2.510000,0.000000,0.000000,0.000000,15.508000
1285,0,0.000000,0.000000,5.138000,0.000000,6.250000,0.000000,11.388000,0.000000,0.000000,0.000000,0.000000,11.388000
1286,0,0.000000,2.023000,5.542000,0.000000,3.418000,0.000000,10.983000,2.023000,0.000000,0.000000,0.000000,13.006000
1287,0,0.000000,0.000000,6.554000,0.000000,1.837000,2.014000,10.405000,0.000000,0.000000,0.000000,0.000000,10.405000
1288,0,0.000000,0.000000,4.555000,0.000000,6.066000,0.000000,10.621000,0.000000,0.000000,0.000000,0.000000,10.621000
1289,0,0.000000,0.000000,6.824000,0.000000,5.138000,1.021000,12.983000,0.000000,0.000000,0.000000,0.000000,12.983000
1290,0,0.000000,2.026000,3.047000,0.000000,4.031000,0.000000,9.104000,0.000000,0.000000,0.000000,0.000000,9.104000
1291,0,0.000000,0.000000,2.820000,0.000000,4.540000,0.000000,7.360000,0.000000,2.025000,0.000000,0.000000,9.385000
1292,0,0.000000,0.000000,3.554000,0.000000,2.800000,1.642000,7.996000,0.000000,0.000000,0.000000,0.000000,7.996000
1293,0,0.000000,0.000000,4.039000,2.027000,2.072000,0.000000,8.138000,0.000000,2.260000,0.000000,0.000000,10.398000
1294,0,0.000000,0.000000,3.021000,0.000000,4.448000,0.527000,7.996000,0.000000,0.000000,0.000000,0.000000,7.996000
1295,0,0.000000,1.660000,5.825000,1.008000,3.124000,2.014000,13.631000,0.000000,0.000000,0.000000,0.000000,13.631000
1296,0,0.000000,0.000000,3.092000,1.401000,4.814000,1.004000,10.311000,0.000000,0.000000,0.000000,0.000000,10.311000
1297,0,0.000000,1.409000,3.550000,0.508000,2.024000,2.013000,9.504000,0.000000,0.000000,0.000000,0.000000,9.504000
1298,0,0.000000,1.324000,5.983000,0.000000,4.066000,0.000000,11.373000,0.000000,0.000000,0.000000,0.000000,11.373000
1299,0,0.000000,2.023000,3.018000,0.000000,5.340000,1.258000,11.639000,0.000000,0.000000,0.000000,0.000000,11.639000
1300,0,0.000000,1.011000,5.652000,0.000000,3.836000,1.202000,11.701000,0.000000,0.000000,0.000000,0.000000,11.701000
1301,0,0.000000,2.002000,4.830000,0.673000,3.537000,1.509000,12.551000,0.000000,0.000000,0.000000,0.000000,12.551000
1302,0,0.000000,2.057000,7.358000,0.000000,4.711000,0.000000,14.126000,0.000000,0.000000,0.000000,0.000000,14.126000
1303,0,0.000000,0.000000,3.563000,0.000000,3.057000,1.529000,8.149000,0.000000,0.000000,0.000000,0.000000,8.149000
1304,0,0.000000,1.526000,2.693000,0.000000,4.017000,0.000000,8.236000,0.000000,0.000000,0.000000,0.000000,8.236000
1305,0,0.000000,1.510000,4.135000,0.000000,2.663000,2.026000,10.334000,0.000000,0.000000,0.000000,0.000000,10.334000
1306,0,0.000000,0.000000,3.546000,0.000000,2.102000,2.015000,7.663000,0.000000,0.000000,0.000000,0.000000,7.663000
1307,0,0.000000,0.000000,4.277000,0.000000,3.864000,0.510000,8.651000,0.000000,0.000000,0.000000,0.000000,8.651000
1308,0,0.000000,0.000000,4.708000,0.000000,3.044000,0.000000,7.752000,0.000000,0.000000,0.000000,0.000000,7.752000
1309,0,0.000000,2.010000,3.455000,0.000000,3.038000,0.000000,8.503000,2.027000,0.000000,0.000000,0.000000,10.530000
1310,0,0.000000,0.000000,3.018000,0.000000,2.025000,2.011000,7.054000,1.035000,0.000000,0.000000,0.000000,8.089000
1311,0,0.000000,0.699000,5.316000,1.000000,3.805000,2.010000,12.830000,0.000000,0.000000,0.000000,0.000000,12.830000
1312,0,0.000000,1.001000,1.997000,0.000000,8.144000,0.000000,11.142000,0.000000,0.000000,0.000000,0.000000,11.142000
1313,0,0.000000,2.009000,2.516000,0.000000,3.031000,2.015000,9.571000,0.000000,0.000000,0.000000,0.000000,9.571000
1314,0,0.000000,0.000000,6.268000,0.000000,2.067000,0.000000,8.335000,2.010000,0.000000,0.000000,0.000000,10.345000
1315,0,0.000000,0.000000,3.873000,0.508000,3.928000,1.206000,9.515000,0.000000,0.000000,0.000000,0.000000,9.515000
1316,0,0.000000,0.683000,2.666000,0.000000,3.895000,0.510000,7.754000,0.000000,0.000000,0.000000,0.000000,7.754000
1317,0,0.000000,0.000000,3.760000,0.000000,5.701000,1.512000,10.973000,0.000000,0.000000,0.000000,0.000000,10.973000
1318,0,0.000000,0.726000,3.882000,0.000000,2.222000,2.528000,9.358000,0.527000,0.000000,0.000000,0.000000,9.885000
1319,0,0.000000,0.397000,5.169000,0.000000,2.043000,2.028000,9.637000,0.000000,0.000000,0.000000,0.000000,9.637000
1320,0,0.000000,0.000000,4.744000,0.000000,5.752000,0.000000,10.496000,1.522000,0.000000,0.000000,0.000000,12.018000
1321,0,0.000000,0.000000,5.556000,0.000000,2.530000,2.034000,10.120000,0.000000,0.000000,0.000000,0.000000,10.120000
1322,0,0.000000,0.000000,4.287000,0.000000,3.553000,0.000000,7.840000,0.000000,0.000000,0.000000,0.000000,7.840000
1323,0,0.000000,2.266000,3.016000,0.000000,2.048000,0.000000,7.330000,2.013000,0.000000,0.000000,0.000000,9.343000
1324,0,0.000000,1.033000,2.883000,0.000000,3.548000,2.024000,9.488000,0.000000,0.000000,0.000000,0.000000,9.488000
1325,0,0.000000,0.000000,3.520000,0.000000,3.041000,1.383000,7.944000,0.000000,0.000000,0.000000,0.000000,7.944000
1326,0,0.000000,1.009000,4.242000,0.000000,2.021000,2.015000,9.287000,0.000000,0.000000,0.000000,0.000000,9.287000
1327,0,0.000000,0.000000,3.207000,0.000000,4.018000,0.770000,7.995000,0.000000,0.000000,0.000000,0.000000,7.995000
1328,0,0.000000,0.000000,4.051000,1.510000,2.729000,0.000000,8.290000,0.000000,0.000000,0.000000,0.000000,8.290000
1329,0,0.000000,2.012000,3.038000,0.000000,2.976000,1.296000,9.322000,0.000000,0.000000,0.000000,0.000000,9.322000
1330,0,0.000000,1.011000,4.104000,0.000000,3.029000,0.000000,8.144000,0.000000,0.000000,0.000000,0.000000,8.144000
1331,0,0.000000,2.026000,2.012000,0.000000,3.217000,1.512000,8.767000,0.659000,0.000000,0.000000,0.000000,9.426000
1332,0,0.000000,0.000000,3.030000,0.000000,3.530000,0.000000,6.560000,0.000000,2.034000,0.000000,0.000000,8.594000
1333,0,0.000000,0.000000,2.029000,2.009000,4.121000,0.529000,8.688000,0.000000,0.000000,0.000000,0.000000,8.688000
1334,0,0.000000,0.000000,4.547000,0.000000,2.008000,2.016000,8.571000,0.000000,0.000000,0.000000,0.000000,8.571000
1335,0,0.000000,0.000000,4.049000,1.009000,3.512000,1.526000,10.096000,0.000000,0.000000,0.000000,0.000000,10.096000
1336,0,0.000000,0.000000,3.548000,1.008000,2.020000,2.014000,8.590000,0.000000,0.000000,0.000000,0.000000,8.590000
1337,0,0.000000,0.000000,3.649000,1.203000,5.097000,1.472000,11.421000,0.000000,0.000000,0.000000,0.000000,11.421000
1338,0,0.000000,0.000000,6.230000,0.000000,5.077000,1.013000,12.320000,0.997000,0.000000,0.000000,0.000000,13.317000
1339,0,0.000000,1.026000,4.808000,0.000000,2.027000,2.015000,9.876000,0.000000,0.000000,0.000000,0.000000,9.876000
1340,0,0.000000,1.011000,5.567000,0.000000,4.639000,0.000000,11.217000,0.000000,0.000000,0.000000,0.000000,11.217000
1341,0,0.000000,2.021000,3.017000,0.000000,3.055000,1.511000,9.604000,0.000000,0.000000,0.000000,0.000000,9.604000
1342,0,0.000000,0.000000,4.059000,0.000000,2.018000,2.467000,8.544000,0.000000,0.000000,0.000000,0.000000,8.544000
1343,0,0.000000,0.000000,4.020000,0.000000,2.008000,2.017000,8.045000,0.000000,0.000000,0.000000,0.000000,8.045000
1344,0,0.000000,2.030000,2.759000,0.000000,4.042000,1.014000,9.845000,0.000000,0.000000,0.000000,0.000000,9.845000
1345,0,0.000000,0.000000,4.298000,0.000000,4.991000,1.521000,10.810000,0.000000,0.000000,0.000000,0.000000,10.810000
1346,0,0.000000,1.009000,3.341000,0.000000,4.038000,1.027000,9.415000,0.000000,0.000000,0.000000,0.000000,9.415000
1347,0,0.000000,0.000000,4.019000,0.000000,3.402000,1.522000,8.943000,0.000000,0.000000,0.000000,0.000000,8.943000
1348,0,0.000000,0.000000,3.553000,0.000000,2.009000,2.527000,8.089000,0.000000,0.000000,0.000000,0.000000,8.089000
1349,0,0.000000,0.000000,5.066000,0.000000,1.583000,2.013000,8.662000,0.000000,0.000000,0.000000,0.000000,8.662000
1350,0,0.000000,0.000000,4.543000,0.000000,3.036000,0.452000,8.031000,0.000000,0.000000,0.000000,0.000000,8.031000
1351,0,0.000000,1.509000,3.618000,0.000000,3.038000,0.000000,8.165000,1.517000,0.000000,0.000000,0.000000,9.682000
1352,0,0.000000,0.000000,4.036000,0.000000,2.033000,0.000000,6.069000,0.000000,0.000000,0.000000,0.000000,6.069000
1353,0,0.000000,0.000000,2.888000,0.000000,3.539000,2.035000,8.462000,0.000000,0.000000,0.000000,0.000000,8.462000
1354,0,0.000000,0.000000,3.548000,0.000000,4.038000,1.815000,9.401000,0.000000,0.000000,0.000000,0.000000,9.401000
1355,0,0.000000,0.000000,3.060000,0.000000,4.786000,0.000000,7.846000,0.000000,0.000000,0.000000,0.000000,7.846000
1356,0,0.000000,0.000000,5.098000,0.000000,3.149000,0.000000,8.247000,2.022000,0.000000,0.000000,0.000000,10.269000
1357,0,0.000000,1.025000,2.022000,0.000000,2.009000,2.521000,7.577000,0.000000,0.000000,0.000000,0.000000,7.577000
1358,0,0.000000,0.000000,4.107000,0.000000,2.557000,2.521000,9.185000,0.000000,0.000000,0.000000,0.000000,9.185000
1359,0,0.000000,2.027000,1.507000,0.000000,3.546000,2.027000,9.107000,0.000000,0.000000,0.000000,0.000000,9.107000
1360,0,0.000000,0.000000,5.138000,0.000000,3.033000,0.522000,8.693000,0.000000,0.000000,0.000000,0.000000,8.693000
1361,0,0.000000,0.000000,4.541000,0.521000,2.021000,0.000000,7.083000,0.000000,0.000000,0.000000,0.000000,7.083000
1362,0,0.000000,0.000000,5.017000,0.000000,3.319000,1.386000,9.722000,0.000000,0.000000,0.000000,0.000000,9.722000
1363,0,0.000000,0.677000,3.115000,0.636000,3.446000,0.351000,8.225000,0.000000,0.000000,0.000000,0.000000,8.225000
1364,0,0.000000,2.333000,5.360000,0.000000,7.866000,1.652000,17.211000,0.000000,0.000000,0.000000,0.000000,17.211000
1365,0,0.000000,0.000000,8.240000,0.000000,2.518000,2.036000,12.794000,0.000000,0.000000,0.000000,0.000000,12.794000
1366,0,0.000000,1.510000,5.028000,0.000000,5.557000,0.322000,12.417000,0.000000,0.000000,0.000000,0.000000,12.417000
1367,0,0.000000,2.010000,5.239000,0.000000,5.050000,2.022000,14.321000,0.000000,0.000000,0.000000,0.000000,14.321000
1368,0,0.000000,0.000000,4.042000,0.000000,0.364000,2.649000,7.055000,0.000000,0.000000,0.000000,0.000000,7.055000
1369,0,0.000000,0.000000,3.508000,0.000000,2.504000,0.000000,6.012000,2.512000,0.000000,0.000000,0.000000,8.524000
1370,0,0.000000,0.000000,1.025000,0.000000,4.763000,0.000000,5.788000,0.000000,0.000000,0.000000,0.000000,5.788000
1371,0,0.000000,0.000000,5.518000,0.000000,3.198000,1.524000,10.240000,1.036000,0.000000,0.000000,0.000000,11.276000
1372,0,0.000000,0.000000,0.000000,0.000000,0.000000,0.000000,0.000000,0.000000,0.000000,0.000000,0.000000,0.000000
1373,0,0.000000,0.000000,9.156000,0.000000,2.474000,1.262000,12.892000,0.000000,0.000000,0.000000,0.000000,12.892000
1374,0,0.000000,0.997000,1.514000,1.013000,2.478000,0.000000,6.002000,0.000000,0.000000,0.000000,0.000000,6.002000
1375,0,0.000000,1.523000,0.525000,0.000000,0.000000,0.000000,2.048000,0.000000,0.000000,0.000000,0.000000,2.048000
1376,0,0.000000,0.000000,8.899000,0.000000,0.000000,3.093000,11.992000,0.000000,0.000000,0.000000,0.000000,11.992000
1377,0,0.000000,0.650000,0.523000,0.000000,4.553000,0.000000,5.726000,0.000000,0.000000,0.000000,0.000000,5.726000
1378,0,0.000000,0.000000,0.000000,0.000000,5.075000,0.000000,5.075000,2.279000,0.000000,0.000000,0.000000,7.354000
1379,0,0.000000,0.000000,3.056000,0.000000,1.134000,0.000000,4.190000,0.000000,0.000000,0.000000,0.000000,4.190000
1380,0,0.000000,0.000000,3.391000,0.000000,0.000000,0.000000,3.391000,0.000000,0.000000,0.000000,0.000000,3.391000
1381,0,0.000000,0.000000,1.379000,0.000000,4.860000,0.524000,6.763000,0.000000,0.000000,0.000000,0.000000,6.763000
1382,0,0.000000,0.000000,3.543000,0.000000,2.029000,0.000000,5.572000,0.000000,0.000000,0.000000,0.000000,5.572000
1383,0,0.000000,0.000000,4.501000,0.000000,3.862000,2.292000,10.655000,0.000000,0.000000,0.000000,0.000000,10.655000
1384,0,0.000000,1.028000,1.056000,0.000000,3.929000,1.035000,7.048000,0.000000,0.000000,0.000000,0.000000,7.048000
1385,0,0.000000,0.000000,0.000000,0.000000,6.364000,1.697000,8.061000,0.506000,0.000000,0.000000,0.000000,8.567000
1386,0,0.000000,0.498000,3.179000,0.000000,0.000000,0.000000,3.677000,0.000000,0.000000,0.000000,0.000000,3.677000
1387,0,0.000000,4.723000,2.041000,0.000000,2.036000,0.000000,8.800000,0.000000,0.000000,0.000000,0.000000,8.800000
1388,0,0.000000,2.997000,2.570000,0.000000,2.218000,1.557000,9.342000,0.000000,0.000000,0.000000,0.000000,9.342000
1389,0,0.000000,0.000000,1.518000,2.026000,0.505000,2.021000,6.070000,0.000000,0.000000,0.000000,0.000000,6.070000
1390,0,0.000000,0.000000,3.230000,1.011000,1.776000,1.526000,7.543000,0.000000,0.000000,0.000000,0.000000,7.543000
1391,0,0.000000,0.382000,0.000000,0.000000,4.734000,0.000000,5.116000,0.000000,0.000000,0.000000,0.000000,5.116000
1392,0,0.000000,3.142000,2.896000,0.512000,4.045000,1.030000,11.625000,0.000000,0.000000,0.000000,0.000000,11.625000
1393,0,0.000000,0.000000,2.593000,0.000000,3.744000,1.236000,7.573000,0.518000,0.000000,0.000000,0.000000,8.091000
1394,0,0.000000,0.000000,2.165000,0.000000,3.555000,0.529000,6.249000,0.000000,0.000000,0.000000,0.000000,6.249000
1395,0,0.000000,0.000000,1.536000,0.000000,0.000000,5.268000,6.804000,1.014000,0.000000,0.000000,0.000000,7.818000
1396,0,0.000000,0.000000,3.451000,0.000000,2.341000,0.000000,5.792000,0.000000,0.000000,0.000000,0.000000,5.792000
1397,0,0.000000,0.000000,3.346000,0.000000,4.524000,0.532000,8.402000,0.000000,0.000000,0.000000,0.000000,8.402000
1398,0,0.000000,1.432000,2.506000,0.000000,2.739000,1.014000,7.691000,0.000000,0.000000,0.000000,0.000000,7.691000
1399,0,0.000000,0.998000,0.831000,0.000000,0.000000,0.000000,1.829000,0.000000,5.914000,0.000000,0.000000,7.743000
1400,0,0.000000,0.534000,0.934000,0.000000,4.722000,0.000000,6.190000,0.000000,0.000000,0.000000,0.000000,6.190000
1401,0,0.000000,3.046000,2.586000,1.142000,1.003000,0.000000,7.777000,0.000000,0.000000,0.000000,0.000000,7.777000
1402,0,0.000000,0.000000,6.600000,0.000000,2.589000,1.087000,10.276000,0.000000,0.000000,0.000000,0.000000,10.276000
1403,0,0.000000,0.530000,0.767000,0.000000,4.038000,0.000000,5.335000,0.000000,0.000000,0.000000,0.000000,5.335000
1404,0,0.000000,0.000000,4.670000,0.000000,2.090000,2.041000,8.801000,0.000000,0.000000,0.000000,0.000000,8.801000
1405,0,0.000000,0.000000,2.982000,0.000000,0.000000,0.000000,2.982000,0.000000,3.994000,0.000000,0.000000,6.976000
1406,0,0.000000,0.595000,0.000000,0.000000,5.063000,0.000000,5.658000,0.000000,0.000000,0.000000,0.000000,5.658000
1407,0,0.000000,0.000000,4.611000,0.000000,1.028000,0.000000,5.639000,0.000000,0.000000,0.000000,0.000000,5.639000
1408,0,0.000000,0.000000,5.701000,0.000000,0.000000,0.000000,5.701000,0.000000,0.000000,0.000000,0.000000,5.701000
1409,0,0.000000,0.000000,8.028000,0.000000,1.034000,2.855000,11.917000,0.000000,0.000000,0.000000,0.000000,11.917000
1410,0,0.000000,0.509000,2.874000,0.000000,2.022000,0.000000,5.405000,0.000000,0.000000,0.000000,0.000000,5.405000
1411,0,0.000000,0.000000,0.000000,0.000000,0.000000,8.680000,8.680000,0.000000,0.000000,0.000000,0.000000,8.680000
1412,0,0.000000,0.000000,3.058000,0.000000,2.220000,0.000000,5.278000,0.000000,0.000000,0.000000,0.000000,5.278000
1413,0,0.000000,0.000000,4.650000,0.000000,3.055000,0.000000,7.705000,0.000000,0.000000,0.000000,0.000000,7.705000
1414,0,0.000000,1.316000,3.377000,0.000000,0.000000,0.000000,4.693000,0.000000,0.000000,0.000000,0.000000,4.693000
1415,0,0.000000,0.000000,6.967000,0.000000,0.000000,0.000000,6.967000,0.000000,0.000000,0.000000,0.000000,6.967000
1416,0,0.000000,0.000000,6.299000,0.000000,1.029000,3.047000,10.375000,0.000000,0.000000,0.000000,0.000000,10.375000
1417,0,0.000000,0.000000,1.026000,0.000000,4.351000,0.000000,5.377000,0.000000,0.000000,0.000000,0.000000,5.377000
1418,0,0.000000,0.000000,0.000000,0.000000,0.000000,8.326000,8.326000,0.722000,0.000000,0.000000,0.000000,9.048000
1419,0,0.000000,0.841000,3.288000,0.585000,3.033000,0.609000,8.356000,0.621000,0.000000,0.000000,0.000000,8.977000
1420,0,0.000000,0.520000,3.007000,0.000000,2.664000,0.000000,6.191000,0.000000,0.000000,0.000000,0.000000,6.191000
1421,0,0.000000,0.000000,2.554000,0.000000,3.941000,0.000000,6.495000,2.042000,0.000000,0.000000,0.000000,8.537000
1422,0,0.000000,0.000000,3.403000,0.000000,0.606000,3.341000,7.350000,0.000000,0.000000,0.000000,0.000000,7.350000
1423,0,0.000000,1.015000,3.034000,0.000000,1.562000,0.000000,5.611000,0.000000,0.000000,0.000000,0.000000,5.611000
1424,0,0.000000,0.000000,4.875000,0.000000,4.382000,1.301000,10.558000,0.360000,0.000000,0.000000,0.000000,10.918000
1425,0,0.000000,1.227000,2.558000,0.000000,1.531000,0.000000,5.316000,0.000000,0.000000,0.000000,0.000000,5.316000
1426,0,0.000000,0.000000,3.940000,0.000000,4.707000,1.048000,9.695000,0.000000,0.000000,0.000000,0.000000,9.695000
1427,0,0.000000,0.000000,3.816000,0.000000,4.680000,0.525000,9.021000,0.000000,0.000000,0.000000,0.000000,9.021000
1428,0,0.000000,0.000000,3.923000,0.000000,1.576000,0.000000,5.499000,0.000000,0.000000,0.000000,0.000000,5.499000
1429,0,0.000000,0.000000,4.087000,0.000000,4.112000,0.000000,8.199000,0.000000,0.000000,0.000000,0.000000,8.199000
1430,0,0.000000,0.000000,5.035000,0.000000,2.444000,0.000000,7.479000,0.000000,0.000000,0.000000,0.000000,7.479000
1431,0,0.000000,2.028000,2.446000,0.000000,3.054000,0.000000,7.528000,0.000000,0.000000,0.000000,0.000000,7.528000
1432,0,0.000000,0.524000,0.000000,0.000000,0.000000,5.701000,6.225000,0.000000,0.000000,0.000000,0.000000,6.225000
1433,0,0.000000,0.690000,3.119000,0.000000,1.014000,0.000000,4.823000,0.000000,0.000000,0.000000,0.000000,4.823000
1434,0,0.000000,0.000000,3.863000,0.000000,4.045000,0.000000,7.908000,0.000000,0.000000,0.000000,0.000000,7.908000
1435,0,0.000000,0.000000,0.000000,0.000000,0.000000,6.387000,6.387000,0.000000,0.000000,0.000000,0.000000,6.387000
1436,0,0.000000,0.000000,1.688000,0.000000,3.578000,0.000000,5.266000,0.000000,0.000000,0.000000,0.000000,5.266000
1437,0,0.000000,0.000000,5.072000,0.000000,0.000000,0.000000,5.072000,0.000000,0.000000,0.000000,0.000000,5.072000
1438,0,0.000000,0.000000,7.471000,0.000000,2.557000,1.535000,11.563000,0.000000,0.000000,0.000000,0.000000,11.563000
1439,0,0.000000,0.000000,0.000000,0.000000,4.041000,0.000000,4.041000,0.000000,0.000000,0.000000,0.000000,4.041000
1440,0,0.000000,0.000000,6.098000,0.746000,2.776000,1.576000,11.196000,0.000000,0.000000,0.000000,0.000000,11.196000
1441,0,0.000000,1.015000,2.986000,0.000000,1.525000,0.000000,5.526000,0.000000,0.000000,0.000000,0.000000,5.526000
1442,0,0.000000,0.000000,7.630000,0.000000,3.125000,2.065000,12.820000,0.000000,0.000000,0.000000,0.000000,12.820000
1443,0,0.000000,0.671000,0.000000,0.000000,4.036000,0.000000,4.707000,0.000000,0.000000,0.000000,0.000000,4.707000
1444,0,0.000000,0.000000,5.017000,0.000000,4.404000,1.137000,10.558000,0.000000,0.000000,0.000000,0.000000,10.558000
1445,0,0.000000,1.011000,2.014000,0.994000,1.258000,0.000000,5.277000,0.000000,0.000000,0.000000,0.000000,5.277000
1446,0,0.000000,2.986000,2.560000,0.000000,3.071000,0.717000,9.334000,0.000000,0.000000,0.000000,0.000000,9.334000
1447,0,0.000000,1.474000,2.648000,0.000000,1.514000,1.527000,7.163000,0.000000,0.000000,0.000000,0.000000,7.163000
1448,0,0.000000,1.534000,0.000000,0.000000,0.000000,6.081000,7.615000,0.000000,0.000000,0.000000,0.000000,7.615000
1449,0,0.000000,0.000000,3.270000,0.000000,2.785000,1.010000,7.065000,0.000000,0.000000,0.000000,0.000000,7.065000
1450,0,0.000000,0.783000,1.178000,0.000000,0.000000,5.392000,7.353000,0.000000,0.000000,0.000000,0.000000,7.353000
1451,0,0.000000,0.468000,3.516000,0.000000,2.655000,1.021000,7.660000,0.000000,0.000000,0.000000,0.000000,7.660000
1452,0,0.000000,0.992000,1.831000,0.000000,0.000000,4.372000,7.195000,0.000000,0.000000,0.000000,0.000000,7.195000
1453,0,0.000000,0.000000,3.033000,0.000000,4.666000,0.994000,8.693000,0.000000,0.000000,0.000000,0.000000,8.693000
1454,0,0.000000,1.355000,2.039000,0.000000,0.000000,0.000000,3.394000,0.000000,0.000000,0.000000,0.000000,3.394000
1455,0,0.000000,0.000000,8.754000,1.012000,2.700000,1.534000,14.000000,0.000000,0.000000,0.000000,0.000000,14.000000
1456,0,0.000000,0.715000,3.035000,0.000000,0.512000,0.000000,4.262000,0.000000,0.000000,0.000000,0.000000,4.262000
1457,0,0.000000,0.000000,6.440000,0.526000,2.020000,1.091000,10.077000,0.000000,0.000000,0.000000,0.000000,10.077000
1458,0,0.000000,0.516000,2.638000,0.000000,0.403000,0.000000,3.557000,0.000000,0.000000,0.000000,0.000000,4.570000
1459,0,0.000000,0.000000,6.337000,0.000000,3.530000,0.621000,10.488000,0.000000,0.000000,0.000000,0.000000,10.488000
1460,0,0.000000,1.483000,3.045000,0.000000,2.527000,0.412000,7.467000,0.646000,0.000000,0.000000,0.000000,8.113000
1461,0,0.000000,0.000000,0.000000,0.000000,5.969000,1.654000,7.623000,0.695000,0.307000,0.000000,0.000000,8.625000
1462,0,0.000000,0.551000,3.300000,0.617000,0.000000,0.000000,4.468000,3.594000,0.000000,0.000000,0.000000,8.062000
1463,0,0.000000,0.000000,0.000000,0.000000,6.510000,1.527000,8.037000,0.000000,0.525000,0.000000,0.000000,8.562000
1464,0,0.000000,0.000000,3.558000,0.994000,2.598000,0.808000,7.958000,0.000000,0.000000,0.000000,0.000000,7.958000
1465,0,0.000000,0.000000,3.466000,1.043000,2.232000,1.301000,8.042000,0.000000,0.998000,0.000000,0.000000,9.040000
1466,0,0.000000,0.956000,2.013000,0.000000,3.636000,1.008000,7.613000,0.000000,0.000000,0.000000,0.000000,7.613000
1467,0,0.000000,0.639000,0.000000,0.000000,4.729000,1.913000,7.281000,0.000000,0.000000,0.000000,0.000000,7.281000
1468,0,0.000000,0.000000,2.971000,0.000000,3.046000,0.000000,6.017000,1.012000,0.000000,0.000000,0.000000,7.029000
1469,0,0.000000,0.000000,2.448000,0.000000,3.617000,0.000000,6.065000,0.000000,0.000000,0.000000,0.000000,6.065000
1470,0,0.000000,0.511000,3.048000,0.000000,1.522000,2.409000,7.490000,0.000000,0.000000,0.000000,0.000000,7.490000
1471,0,0.000000,0.000000,2.693000,0.000000,3.526000,1.027000,7.246000,0.000000,0.000000,0.000000,0.000000,7.246000
1472,0,0.000000,0.000000,3.957000,0.000000,3.510000,0.691000,8.158000,0.000000,0.000000,0.000000,0.000000,8.158000
1473,0,0.000000,1.021000,2.541000,0.000000,2.008000,0.000000,5.570000,0.000000,0.000000,0.000000,0.000000,5.570000
1474,0,0.000000,0.000000,2.012000,0.000000,4.043000,0.000000,6.055000,1.012000,0.000000,0.000000,0.000000,7.067000
1475,0,0.000000,0.000000,3.133000,0.000000,2.443000,1.224000,6.800000,0.000000,0.000000,0.000000,0.000000,6.800000
1476,0,0.000000,0.579000,2.923000,0.000000,2.871000,1.025000,7.398000,0.000000,0.000000,0.000000,0.000000,7.398000
1477,0,0.000000,0.000000,2.745000,0.000000,3.529000,0.000000,6.274000,0.000000,0.000000,0.000000,0.000000,6.274000
1478,0,0.000000,0.000000,0.000000,0.000000,7.391000,1.036000,8.427000,0.000000,0.000000,0.000000,0.000000,8.427000
1479,0,0.000000,0.000000,3.371000,0.000000,0.000000,0.000000,3.371000,4.014000,0.000000,0.000000,0.000000,7.385000
1480,0,0.000000,0.000000,1.576000,0.000000,0.000000,0.000000,1.576000,0.000000,0.000000,0.000000,0.000000,1.576000
1481,0,0.000000,0.000000,8.599000,0.000000,3.096000,1.087000,12.782000,0.000000,0.000000,0.000000,0.000000,12.782000
1482,0,0.000000,0.000000,0.000000,0.000000,5.023000,0.000000,5.023000,0.000000,0.000000,0.000000,0.000000,5.023000
1483,0,0.000000,0.000000,4.815000,0.000000,2.166000,1.033000,8.014000,0.000000,0.000000,0.000000,0.000000,8.014000
1484,0,0.000000,0.000000,3.071000,0.000000,3.525000,0.000000,6.596000,0.000000,0.000000,0.000000,0.000000,6.596000
1485,0,0.000000,0.000000,0.000000,0.000000,6.249000,0.617000,6.866000,0.000000,0.000000,0.000000,0.000000,6.866000
1486,0,0.000000,0.000000,0.000000,0.000000,4.536000,0.000000,4.536000,0.000000,0.000000,0.000000,0.000000,4.536000
1487,0,0.000000,4.044000,2.068000,0.000000,0.000000,0.000000,6.112000,4.048000,0.000000,0.000000,0.000000,10.160000
1488,0,0.000000,0.755000,2.363000,0.000000,1.188000,0.000000,4.306000,0.000000,0.000000,0.000000,0.000000,4.306000
1489,0,0.000000,3.543000,1.186000,0.000000,0.000000,0.000000,4.729000,0.000000,0.000000,0.000000,0.000000,4.729000
1490,0,0.000000,0.000000,0.000000,0.000000,5.621000,1.031000,6.652000,0.000000,0.000000,0.000000,0.000000,6.652000
1491,0,0.000000,0.000000,3.066000,0.000000,1.531000,0.000000,4.597000,0.000000,0.000000,0.000000,0.000000,4.597000
1492,0,0.000000,0.000000,3.917000,0.000000,0.000000,0.000000,3.917000,0.000000,5.074000,0.000000,0.000000,8.991000
1493,0,0.000000,0.000000,2.593000,1.011000,1.002000,1.509000,6.115000,1.021000,0.000000,0.000000,0.000000,7.136000
1494,0,0.000000,0.000000,2.515000,0.000000,2.755000,1.004000,6.274000,0.000000,0.000000,0.000000,0.000000,6.274000
1495,0,0.000000,0.000000,3.572000,0.000000,2.583000,1.634000,7.789000,0.000000,0.000000,0.000000,0.000000,7.789000
1496,0,0.000000,1.542000,1.232000,0.000000,4.538000,0.000000,7.312000,0.000000,0.000000,0.000000,0.000000,7.312000
1497,0,0.000000,0.000000,4.565000,0.000000,3.924000,0.000000,8.489000,0.000000,0.000000,0.000000,0.000000,8.489000
1498,0,0.000000,1.685000,1.027000,0.000000,2.535000,0.000000,5.247000,0.000000,0.000000,0.000000,0.000000,5.247000
1499,0,0.000000,0.000000,7.428000,0.385000,3.029000,0.741000,11.583000,0.000000,0.000000,0.000000,0.000000,11.583000
1500,0,0.000000,0.000000,1.540000,0.000000,3.800000,1.877000,7.217000,0.000000,0.000000,0.000000,0.000000,7.217000
1501,0,0.000000,0.000000,0.000000,0.000000,7.194000,0.000000,7.194000,0.000000,1.370000,0.000000,0.000000,8.564000
1502,0,0.000000,0.557000,2.362000,0.000000,3.288000,0.585000,6.792000,0.000000,0.000000,0.000000,0.000000,6.792000
1503,0,0.000000,0.000000,4.243000,0.000000,3.033000,0.000000,7.276000,0.000000,0.000000,0.000000,0.000000,7.276000
1504,0,0.000000,0.506000,3.982000,0.000000,3.161000,1.314000,8.963000,0.000000,0.000000,0.000000,0.000000,8.963000
1505,0,0.000000,0.000000,4.530000,0.000000,3.219000,2.048000,9.797000,0.000000,0.000000,0.000000,0.000000,9.797000
1506,0,0.000000,0.582000,3.969000,0.000000,1.528000,0.000000,6.079000,0.000000,0.000000,0.000000,0.000000,6.079000
1507,0,0.000000,0.000000,9.068000,0.000000,3.966000,1.406000,14.440000,0.000000,0.000000,0.000000,0.000000,14.440000
1508,0,0.000000,1.090000,3.510000,0.000000,3.570000,0.520000,8.690000,0.000000,0.000000,0.000000,0.000000,8.690000
1509,0,0.000000,0.508000,3.542000,0.000000,4.077000,0.000000,8.127000,0.000000,0.000000,0.000000,0.000000,8.127000
1510,0,0.000000,0.000000,4.691000,0.000000,2.455000,0.000000,7.146000,0.000000,0.000000,0.000000,0.000000,7.146000
1511,0,0.000000,0.000000,4.383000,0.000000,3.790000,1.008000,9.181000,0.000000,0.000000,0.000000,0.000000,9.181000
1512,0,0.000000,0.000000,3.407000,0.000000,2.024000,2.014000,7.445000,0.000000,0.000000,0.000000,0.000000,7.445000
1513,0,0.000000,1.101000,3.341000,0.000000,3.894000,1.518000,9.854000,0.000000,0.000000,0.000000,0.000000,9.854000
1514,0,0.000000,0.000000,4.773000,0.000000,4.033000,0.986000,9.792000,0.571000,0.000000,0.000000,0.000000,10.363000
1515,0,0.000000,0.000000,4.403000,0.000000,0.000000,0.000000,4.403000,0.000000,0.000000,0.000000,0.000000,4.403000
1516,0,0.000000,0.000000,9.138000,0.000000,1.790000,1.653000,12.581000,0.000000,0.000000,0.000000,0.000000,12.581000
1517,0,0.000000,1.359000,2.011000,1.046000,1.180000,0.000000,5.596000,0.000000,0.000000,0.000000,0.000000,5.596000
1518,0,0.000000,0.000000,0.000000,0.000000,9.335000,0.771000,10.106000,0.000000,0.000000,0.000000,0.000000,10.106000
1519,0,0.000000,0.976000,2.072000,0.000000,3.003000,1.011000,7.062000,0.000000,0.000000,0.000000,0.000000,7.062000
1520,0,0.000000,0.000000,0.000000,0.000000,7.250000,1.174000,8.424000,0.000000,0.000000,0.000000,0.000000,8.424000
1521,0,0.000000,0.801000,3.705000,0.000000,2.996000,0.000000,7.502000,1.008000,0.000000,0.000000,0.000000,8.510000
1522,0,0.000000,0.514000,3.030000,0.000000,2.890000,1.025000,7.459000,0.000000,0.000000,0.000000,0.000000,7.459000
1523,0,0.000000,0.994000,2.587000,0.000000,2.520000,1.395000,7.496000,0.000000,0.000000,0.000000,0.000000,7.496000
1524,0,0.000000,0.509000,3.309000,0.000000,1.013000,0.000000,4.831000,0.000000,0.000000,0.000000,0.000000,4.831000
1525,0,0.000000,0.000000,4.209000,0.000000,3.900000,0.000000,8.109000,0.000000,0.000000,0.000000,0.000000,8.109000
1526,0,0.000000,0.000000,0.000000,0.000000,7.957000,0.000000,7.957000,0.000000,0.000000,0.000000,0.000000,7.957000
1527,0,0.000000,0.000000,4.445000,0.000000,3.469000,0.838000,8.752000,0.538000,0.000000,0.000000,0.000000,9.290000
1528,0,0.000000,0.593000,2.747000,0.000000,2.661000,0.692000,6.693000,0.612000,0.000000,0.000000,0.000000,7.305000
1529,0,0.000000,0.000000,2.209000,0.000000,0.000000,5.433000,7.642000,0.000000,0.000000,0.000000,0.000000,7.642000
1530,0,0.000000,0.800000,2.529000,0.000000,2.780000,0.000000,6.109000,0.000000,0.000000,0.000000,0.000000,6.109000
1531,0,0.000000,0.000000,0.000000,0.000000,7.886000,0.000000,7.886000,0.000000,0.000000,0.000000,0.000000,7.886000
1532,0,0.000000,1.764000,2.541000,0.000000,0.000000,0.000000,4.305000,0.000000,0.000000,0.000000,0.000000,4.305000
1533,0,0.000000,0.000000,4.651000,0.000000,4.872000,0.537000,10.060000,0.000000,0.000000,0.000000,0.000000,10.060000
1534,0,0.000000,1.057000,2.474000,0.000000,2.559000,0.000000,6.090000,0.000000,0.000000,0.000000,0.000000,6.090000
1535,0,0.000000,0.000000,5.358000,0.000000,0.000000,0.000000,5.358000,3.657000,0.000000,0.000000,0.000000,9.015000
1536,0,0.000000,0.000000,2.276000,0.000000,0.000000,4.478000,6.754000,0.000000,0.000000,0.000000,0.000000,6.754000
1537,0,0.000000,0.000000,3.565000,0.000000,1.911000,0.000000,5.476000,0.000000,0.000000,0.000000,0.000000,5.476000
1538,0,0.000000,0.000000,4.996000,0.000000,3.408000,0.000000,8.404000,0.000000,0.000000,0.000000,0.000000,8.404000
1539,0,0.000000,0.000000,3.596000,1.041000,0.329000,0.000000,4.966000,0.000000,0.000000,0.000000,0.000000,4.966000
1540,0,0.000000,0.000000,4.028000,0.000000,4.908000,0.537000,9.473000,0.000000,0.000000,0.000000,0.000000,9.473000
1541,0,0.000000,0.000000,3.252000,0.000000,3.047000,0.000000,6.299000,0.000000,0.000000,0.000000,0.000000,6.299000
1542,0,0.000000,0.000000,2.534000,0.000000,0.000000,0.000000,2.534000,5.311000,0.000000,0.000000,0.000000,7.845000
1543,0,0.000000,0.000000,1.946000,0.000000,0.000000,5.562000,7.508000,0.000000,0.000000,0.000000,0.000000,7.508000
1544,0,0.000000,0.000000,3.560000,0.000000,2.510000,0.000000,6.070000,0.000000,0.000000,0.000000,0.000000,6.070000
1545,0,0.000000,0.000000,3.319000,0.000000,0.000000,4.523000,7.842000,0.000000,0.000000,0.000000,0.000000,7.842000
1546,0,0.000000,0.000000,4.128000,0.000000,1.020000,0.000000,5.148000,0.000000,0.000000,0.000000,0.000000,5.148000
1547,0,0.000000,0.000000,5.526000,0.000000,0.774000,2.538000,8.838000,0.551000,0.000000,0.000000,0.000000,9.389000
1548,0,0.000000,0.000000,2.551000,0.000000,3.581000,0.000000,6.132000,0.000000,0.000000,0.000000,0.000000,6.132000
1549,0,0.000000,0.000000,5.715000,0.000000,2.780000,1.608000,10.103000,0.000000,0.000000,0.000000,0.000000,10.103000
1550,0,0.000000,0.000000,0.000000,0.000000,5.025000,0.000000,5.025000,0.000000,0.000000,0.000000,0.000000,5.025000
1551,0,0.000000,0.000000,5.962000,0.000000,0.724000,0.000000,6.686000,0.000000,0.000000,0.000000,0.000000,6.686000
1552,0,0.000000,0.000000,6.010000,0.000000,3.643000,1.782000,11.435000,0.000000,0.000000,0.000000,0.000000,11.435000
1553,0,0.000000,0.000000,0.000000,0.000000,4.754000,0.000000,4.754000,0.000000,0.000000,0.000000,0.000000,4.754000
1554,0,0.000000,0.000000,6.015000,0.000000,2.563000,1.547000,10.125000,0.000000,0.000000,0.000000,0.000000,10.125000
1555,0,0.000000,0.000000,1.542000,0.000000,4.021000,0.000000,5.563000,0.000000,0.000000,0.000000,0.000000,5.563000
1556,0,0.000000,0.000000,5.036000,0.000000,2.407000,1.031000,8.474000,0.000000,0.000000,0.000000,0.000000,8.474000
1557,0,0.000000,0.984000,2.538000,0.000000,3.283000,0.000000,6.805000,0.000000,0.000000,0.000000,0.000000,6.805000
1558,0,0.000000,1.642000,3.012000,0.000000,2.801000,1.152000,8.607000,0.000000,0.000000,0.000000,0.000000,8.607000
1559,0,0.000000,1.224000,3.080000,0.000000,1.243000,0.000000,5.547000,0.000000,0.000000,0.000000,0.000000,5.547000
1560,0,0.000000,0.000000,4.780000,0.000000,2.035000,2.517000,9.332000,0.000000,0.000000,0.000000,0.000000,9.332000
1561,0,0.000000,0.397000,3.201000,0.000000,3.032000,0.000000,6.630000,0.000000,0.000000,0.000000,0.000000,6.630000
1562,0,0.000000,0.000000,4.026000,0.000000,1.008000,2.027000,7.061000,0.000000,0.000000,0.000000,0.000000,7.061000
1563,0,0.000000,0.000000,3.524000,0.000000,0.743000,4.042000,8.309000,0.000000,0.000000,0.000000,0.000000,8.309000
1564,0,0.000000,0.000000,3.544000,0.000000,2.452000,0.000000,5.996000,0.000000,0.000000,0.000000,0.000000,5.996000
1565,0,0.000000,0.000000,4.019000,0.000000,2.397000,0.000000,6.416000,0.000000,0.000000,0.000000,0.000000,6.416000
1566,0,0.000000,0.000000,3.033000,0.000000,1.647000,0.000000,4.680000,0.000000,0.000000,0.000000,0.000000,4.680000
1567,0,0.000000,0.000000,2.013000,0.000000,2.797000,0.000000,4.810000,0.000000,2.010000,0.000000,0.000000,6.820000
1568,0,0.000000,0.585000,3.036000,0.000000,3.019000,0.000000,6.640000,0.000000,0.000000,0.000000,0.000000,6.640000
1569,0,0.000000,0.000000,3.870000,0.000000,2.105000,2.014000,7.989000,0.000000,0.000000,0.000000,0.000000,7.989000
1570,0,0.000000,1.011000,4.324000,0.000000,2.561000,0.000000,7.896000,1.622000,0.000000,0.000000,0.000000,9.518000
1571,0,0.000000,0.000000,2.177000,0.000000,4.201000,1.822000,8.200000,0.000000,0.000000,0.000000,0.000000,8.200000
1572,0,0.000000,0.000000,3.963000,0.000000,2.007000,0.000000,5.970000,0.000000,0.000000,0.000000,0.000000,5.970000
1573,0,0.000000,0.000000,3.039000,0.000000,2.509000,0.670000,6.218000,0.000000,0.000000,0.000000,0.000000,6.218000
1574,0,0.000000,1.009000,3.072000,0.000000,1.020000,2.021000,7.122000,0.000000,0.000000,0.000000,0.000000,7.122000
1575,0,0.000000,0.000000,2.010000,0.000000,4.030000,1.014000,7.054000,0.000000,0.000000,0.000000,0.000000,7.054000
1576,0,0.000000,0.000000,2.787000,0.000000,3.519000,0.000000,6.306000,0.000000,0.000000,0.000000,0.000000,6.306000
1577,0,0.000000,2.021000,2.039000,0.000000,2.761000,0.000000,6.821000,0.000000,0.000000,0.000000,0.000000,6.821000
1578,0,0.000000,2.258000,2.010000,0.000000,3.197000,0.000000,7.465000,0.000000,2.020000,0.000000,0.000000,9.485000
1579,0,0.000000,0.000000,2.050000,0.000000,2.255000,2.522000,6.827000,0.000000,0.000000,0.000000,0.000000,6.827000
1580,0,0.000000,0.000000,2.024000,0.000000,4.295000,0.524000,6.843000,0.000000,0.000000,0.000000,0.000000,6.843000
1581,0,0.000000,1.534000,3.031000,0.000000,0.000000,0.000000,4.565000,4.194000,0.000000,0.000000,0.000000,8.759000
1582,0,0.000000,0.000000,0.000000,0.000000,5.873000,0.612000,6.485000,0.000000,0.000000,0.000000,0.000000,6.485000
1583,0,0.000000,0.979000,3.827000,0.000000,2.812000,0.605000,8.223000,0.550000,0.000000,0.000000,0.000000,8.773000
1584,0,0.000000,0.515000,2.631000,0.645000,2.641000,0.000000,6.432000,0.000000,0.000000,0.000000,0.000000,6.432000
1585,0,0.000000,2.014000,2.536000,0.000000,2.548000,0.000000,7.098000,0.000000,0.000000,0.000000,0.000000,7.098000
1586,0,0.000000,0.000000,5.695000,0.000000,2.622000,1.535000,9.852000,0.000000,0.000000,0.000000,0.000000,9.852000
1587,0,0.000000,0.000000,3.326000,0.000000,3.038000,0.000000,6.364000,0.000000,0.000000,0.000000,0.000000,6.364000
1588,0,0.000000,2.019000,2.529000,0.000000,2.008000,2.025000,8.581000,0.000000,0.000000,0.000000,0.000000,8.581000
1589,0,0.000000,0.000000,3.974000,0.995000,1.738000,0.000000,6.707000,0.000000,0.000000,0.000000,0.000000,6.707000
1590,0,0.000000,0.000000,3.736000,2.044000,0.378000,0.000000,6.158000,0.000000,0.000000,0.000000,0.000000,6.158000
1591,0,0.000000,0.000000,0.000000,0.000000,8.901000,0.000000,8.901000,0.000000,2.031000,0.000000,0.000000,10.932000
1592,0,0.000000,0.526000,0.847000,0.000000,0.000000,4.656000,6.029000,0.000000,0.000000,0.000000,0.000000,6.029000
1593,0,0.000000,1.531000,0.000000,0.000000,6.003000,0.672000,8.206000,0.000000,0.000000,0.000000,0.000000,8.206000
1594,0,0.000000,2.044000,3.056000,0.000000,2.010000,2.012000,9.122000,0.000000,0.000000,0.000000,0.000000,9.122000
1595,0,0.000000,0.506000,2.525000,0.000000,3.247000,0.000000,6.278000,0.000000,0.000000,0.000000,0.000000,6.278000
1596,0,0.000000,0.000000,5.172000,0.000000,2.009000,0.000000,7.181000,1.525000,0.000000,0.000000,0.000000,8.706000
1597,0,0.000000,0.000000,3.051000,0.000000,2.012000,1.763000,6.826000,0.000000,0.714000,0.000000,0.000000,7.540000
1598,0,0.000000,0.000000,3.561000,0.508000,1.568000,0.000000,5.637000,0.000000,0.000000,0.000000,0.000000,5.637000
1599,0,0.000000,2.242000,2.511000,0.000000,2.033000,0.000000,6.786000,2.012000,0.000000,0.000000,0.000000,8.798000
1600,0,0.000000,0.509000,2.220000,1.519000,1.539000,1.524000,7.311000,0.000000,0.000000,0.000000,0.000000,7.311000
1601,0,0.000000,0.000000,3.033000,0.000000,2.019000,2.015000,7.067000,0.000000,0.000000,0.000000,0.000000,7.067000
1602,0,0.000000,0.000000,2.707000,0.000000,2.388000,0.000000,5.095000,0.000000,0.000000,0.000000,0.000000,5.095000
1603,0,0.000000,3.158000,0.000000,0.000000,5.593000,0.000000,8.751000,0.000000,0.000000,0.000000,0.000000,8.751000
1604,0,0.000000,0.000000,0.000000,0.000000,6.933000,0.000000,6.933000,0.000000,1.739000,0.000000,0.000000,8.672000
1605,0,0.000000,0.000000,3.011000,0.000000,2.051000,1.633000,6.695000,0.000000,0.000000,0.000000,0.000000,6.695000
1606,0,0.000000,0.678000,1.528000,0.000000,0.000000,4.819000,7.025000,0.000000,0.000000,0.000000,0.000000,7.025000
1607,0,0.000000,0.000000,3.365000,0.000000,1.521000,1.527000,6.413000,0.000000,0.000000,0.000000,0.000000,6.413000
1608,0,0.000000,0.000000,2.255000,2.016000,2.007000,0.509000,6.787000,0.000000,0.000000,0.000000,0.000000,6.787000
1609,0,0.000000,0.000000,3.053000,0.000000,2.261000,2.013000,7.327000,0.000000,0.000000,0.000000,0.000000,7.327000
1610,0,0.000000,1.008000,2.619000,0.000000,3.034000,0.000000,6.661000,0.000000,0.000000,0.000000,0.000000,6.661000
1611,0,0.000000,0.000000,4.027000,0.000000,2.517000,0.000000,6.544000,0.000000,0.000000,0.000000,0.000000,6.544000
1612,0,0.000000,2.020000,3.033000,0.000000,1.533000,0.000000,6.586000,2.009000,0.000000,0.000000,0.000000,8.595000
1613,0,0.000000,0.000000,2.517000,0.000000,2.023000,0.000000,4.540000,0.000000,0.000000,0.000000,0.000000,4.540000
1614,0,0.000000,2.508000,2.488000,1.528000,2.628000,0.000000,9.152000,2.024000,0.000000,0.000000,0.000000,11.176000
1615,0,0.000000,0.000000,2.008000,0.000000,4.031000,0.511000,6.550000,0.000000,0.000000,0.000000,0.000000,6.550000
1616,0,0.000000,0.000000,3.685000,0.000000,3.256000,0.000000,6.941000,0.000000,0.000000,0.000000,0.000000,6.941000
1617,0,0.000000,0.000000,4.039000,0.000000,2.555000,0.000000,6.594000,0.000000,0.000000,0.000000,0.000000,6.594000
1618,0,0.000000,0.000000,0.000000,0.000000,6.303000,1.536000,7.839000,0.000000,0.000000,0.000000,0.000000,7.839000
1619,0,0.000000,0.000000,4.118000,0.000000,0.456000,0.000000,4.574000,0.000000,0.000000,0.000000,0.000000,4.574000
1620,0,0.000000,0.000000,4.368000,0.000000,4.623000,0.330000,9.321000,0.000000,0.703000,0.000000,0.000000,10.024000
1621,0,0.000000,0.000000,2.557000,0.000000,2.835000,0.000000,5.392000,0.000000,0.000000,0.000000,0.000000,5.392000
1622,0,0.000000,0.000000,4.358000,0.000000,0.000000,0.000000,4.358000,0.000000,0.000000,0.000000,0.000000,4.358000
1623,0,0.000000,4.464000,2.742000,0.000000,2.273000,1.528000,11.007000,0.000000,0.000000,0.000000,0.000000,11.007000
1624,0,0.000000,1.017000,2.999000,0.000000,2.669000,0.000000,6.685000,1.006000,0.000000,0.000000,0.000000,7.691000
1625,0,0.000000,0.000000,2.993000,0.000000,2.441000,1.174000,6.608000,0.000000,0.000000,0.000000,0.000000,6.608000
1626,0,0.000000,0.000000,4.106000,0.000000,0.000000,0.000000,4.106000,0.000000,0.000000,0.000000,0.000000,4.106000
1627,0,0.000000,4.965000,0.000000,0.000000,4.835000,0.720000,10.520000,0.000000,0.000000,0.000000,0.000000,10.520000
1628,0,0.000000,1.539000,3.077000,0.000000,1.531000,0.000000,6.147000,0.000000,0.000000,0.000000,0.000000,6.147000
1629,0,0.000000,0.000000,3.782000,0.000000,0.000000,4.762000,8.544000,0.000000,0.788000,0.000000,0.000000,9.332000
1630,0,0.000000,0.521000,1.338000,0.000000,4.029000,0.000000,5.888000,0.000000,0.000000,0.000000,0.000000,5.888000
1631,0,0.000000,0.000000,4.066000,0.000000,2.016000,0.000000,6.082000,0.000000,0.000000,0.000000,0.000000,6.082000
1632,0,0.000000,0.000000,0.000000,0.000000,8.277000,0.000000,8.277000,0.000000,0.000000,0.000000,0.000000,8.277000
1633,0,0.000000,0.000000,4.108000,0.000000,0.000000,0.000000,4.108000,4.791000,0.000000,0.000000,0.000000,8.899000
1634,0,0.000000,0.000000,0.000000,0.000000,0.000000,0.000000,0.000000,0.000000,0.000000,0.000000,0.000000,0.000000
1635,0,0.000000,7.904000,2.176000,0.000000,1.027000,0.000000,11.107000,0.000000,0.000000,0.000000,0.000000,11.107000
1636,0,0.000000,0.000000,0.000000,0.000000,8.696000,1.553000,10.249000,0.000000,0.313000,0.000000,0.000000,10.562000
1637,0,0.000000,0.000000,4.326000,0.000000,3.063000,1.006000,8.395000,0.000000,0.000000,0.000000,0.000000,8.395000
1638,0,0.000000,0.511000,1.650000,0.000000,2.031000,0.000000,4.192000,0.000000,0.000000,0.000000,0.000000,4.192000
1639,0,0.000000,0.000000,6.458000,0.000000,3.939000,1.884000,12.281000,0.000000,0.000000,0.000000,0.000000,12.281000
1640,0,0.000000,0.554000,2.538000,0.000000,4.637000,0.523000,8.252000,0.000000,0.000000,0.000000,0.000000,8.252000
1641,0,0.000000,0.511000,3.644000,0.529000,2.485000,1.401000,8.570000,0.000000,0.000000,0.000000,0.000000,8.570000
1642,0,0.000000,0.574000,2.993000,0.000000,2.387000,1.112000,7.066000,0.000000,0.000000,0.000000,0.000000,7.066000
1643,0,0.000000,1.470000,1.797000,0.000000,3.600000,0.000000,6.867000,0.000000,0.000000,0.000000,0.000000,6.867000
1644,0,0.000000,0.589000,2.167000,0.000000,0.000000,0.000000,2.756000,0.000000,0.000000,0.000000,0.000000,2.756000
1645,0,0.000000,0.000000,8.458000,0.000000,2.525000,1.015000,11.998000,0.450000,0.000000,0.000000,0.000000,12.448000
1646,0,0.000000,0.000000,2.744000,0.000000,1.531000,0.000000,4.275000,0.000000,0.000000,0.000000,0.000000,4.275000
1647,0,0.000000,0.000000,6.447000,0.742000,2.773000,1.431000,11.393000,0.000000,0.000000,0.000000,0.000000,11.393000
1648,1,0.000000,0.000000,4.055000,0.000000,3.218000,1.528000,8.801000,0.000000,0.000000,0.000000,0.000000,8.801000
1649,1,0.000000,1.027000,2.877000,0.000000,2.939000,1.006000,7.849000,1.001000,0.000000,0.000000,0.000000,8.850000
1650,1,0.000000,0.000000,3.734000,0.000000,3.032000,0.000000,6.766000,0.000000,0.000000,0.000000,0.000000,6.766000
1651,1,0.000000,0.000000,5.006000,0.000000,3.577000,1.021000,9.604000,0.000000,0.000000,0.000000,0.000000,9.604000
1652,1,0.000000,0.806000,0.647000,0.000000,2.656000,0.000000,4.109000,0.000000,0.000000,0.000000,0.000000,4.109000
1653,1,0.000000,0.000000,7.022000,0.000000,3.211000,1.543000,11.776000,0.000000,0.000000,0.000000,0.000000,11.776000
1654,1,0.000000,1.398000,0.510000,0.000000,5.649000,1.049000,8.606000,0.000000,0.000000,0.000000,0.000000,8.606000
1655,1,0.000000,0.000000,3.692000,0.000000,3.550000,1.212000,8.454000,0.000000,0.000000,0.000000,0.000000,8.454000
1656,1,0.000000,0.000000,3.613000,0.000000,0.000000,3.552000,7.165000,0.000000,0.000000,0.000000,0.000000,7.165000
1657,1,0.000000,0.000000,4.824000,0.000000,2.065000,1.654000,8.543000,0.000000,0.000000,0.000000,0.000000,8.543000
1658,1,0.000000,0.000000,3.344000,0.000000,2.533000,1.006000,6.883000,0.000000,0.000000,0.000000,0.000000,6.883000
