iteration,food_quantity,event_poll_ms,ants_advance_ms,evaporation_ms,update_ms,advance_total_ms,render_ms,blit_ms,iteration_total_ms,mpi_halo_exchange_ms,mpi_migration_ms,mpi_food_allreduce_ms,mpi_render_comm_ms,mpi_total_comm_ms
1,0,1.452088,0.518809,0.068246,0.001693,0.587868,27.571111,15.694007,53.914406,0.345061,0.442329,0.001754,52.862405,53.358096
2,0,0.020797,0.635299,0.091686,0.025478,0.711155,8.167346,15.675160,28.988197,0.061836,0.586316,0.001118,28.035709,28.223475
3,0,0.023072,0.492191,0.062531,0.001554,0.554791,9.825453,14.716436,28.794261,0.073662,0.444238,0.000971,28.025759,28.266595
4,0,0.997161,0.554222,0.090982,0.002398,0.637766,9.059222,15.702512,28.494090,0.222076,0.601455,0.001943,27.569120,27.968012
5,0,0.021662,0.565104,0.063331,0.001505,0.629937,10.125380,15.670641,28.626055,0.046825,0.376875,0.001129,27.897420,28.290162
6,0,0.026138,0.535021,0.083728,0.001855,0.619148,9.382787,15.666829,29.191076,0.068983,0.397653,0.001192,28.410352,28.621974
7,0,0.021858,0.549238,0.062268,0.001727,0.613233,8.063023,15.652512,28.555332,0.045319,0.443542,0.001857,27.800194,27.874894
8,0,0.044492,0.600919,0.072266,0.002285,0.669082,9.893616,14.527524,28.932707,0.050458,0.459188,0.001505,28.130955,28.353272
9,0,0.022738,0.505310,0.075630,0.001948,0.553425,9.932470,15.746679,29.862016,0.043920,0.384057,0.001178,29.108420,29.519200
10,0,0.024404,0.597613,0.077651,0.003324,0.678588,9.476410,15.577086,29.012951,0.353681,0.481925,0.000992,28.094658,28.499528
11,0,0.064879,0.688135,0.073571,0.001716,0.745301,8.519938,15.550862,28.440027,0.083339,0.389266,0.001732,27.570280,27.905544
12,0,0.020120,0.536156,0.070787,0.001873,0.606434,8.882723,15.848438,29.210029,0.036101,0.310663,0.002117,28.482931,28.683128
13,0,0.024079,0.480320,0.060930,0.002346,0.542899,10.000209,14.756816,28.521617,0.085897,0.311199,0.001127,27.843706,28.175513
14,0,0.020831,0.457151,0.059082,0.001707,0.508312,10.731239,15.627534,29.482752,0.033579,0.246949,0.001088,28.853120,28.921363
15,0,0.023511,0.456560,0.065913,0.001807,0.518433,8.358909,15.511705,28.367065,0.077367,0.329310,0.001264,27.690186,27.871938
16,0,0.021890,0.412541,0.068560,0.001338,0.482113,9.025240,15.685689,28.837242,0.069477,0.293572,0.001645,28.196057,28.496727
17,0,0.022186,0.555607,0.091973,0.001597,0.649009,8.404442,16.465745,29.396193,0.034974,0.387672,0.001455,28.644494,28.841465
18,0,0.021320,0.510935,0.078333,0.002065,0.577333,9.149486,15.733706,28.930260,0.081454,0.331687,0.001309,28.191830,28.579094
19,0,0.023222,0.521628,0.077735,0.001942,0.587251,8.480849,15.766453,28.745947,0.036065,0.408584,0.001192,28.039689,28.129353
20,0,0.022112,0.387036,0.059201,0.002840,0.446350,9.372127,15.628311,29.226238,0.047310,0.194967,0.001222,28.685025,28.752268
21,0,0.031090,0.644116,0.077988,0.001515,0.722157,9.562662,15.571396,28.931464,0.050557,0.456049,0.000966,28.067182,28.574754
22,0,0.022860,0.454850,0.067930,0.001903,0.522832,8.690512,15.746753,28.717476,0.034810,0.343007,0.001204,28.050277,28.181271
23,0,0.021648,0.511335,0.064710,0.001606,0.572070,9.662603,14.823419,28.671126,0.036120,0.401061,0.001050,27.962711,28.143041
24,0,0.025840,0.495384,0.079797,0.001771,0.555681,9.477046,15.637042,29.558418,0.043055,0.368397,0.001073,28.848778,29.045680
25,0,0.031457,0.706616,0.132358,0.002448,0.841422,10.688469,14.852798,28.834616,0.067849,0.507264,0.001491,27.915356,28.292555
26,0,0.018578,0.496134,0.106874,0.002062,0.594382,9.832700,15.604843,29.423538,0.045807,0.412677,0.001009,28.689749,29.126539
27,0,0.019376,0.456153,0.057676,0.001980,0.514310,9.988274,16.713694,30.126093,0.042880,0.302559,0.001446,29.503871,29.687875
28,0,0.049137,0.479119,0.077397,0.002065,0.528375,9.422606,15.390256,28.941315,0.045952,0.327224,0.001021,28.259838,28.404910
29,0,0.072509,0.560134,0.065590,0.001771,0.620337,9.643679,15.693958,29.080953,0.049624,0.319570,0.002112,28.359068,28.684083
30,0,0.067051,0.548873,0.063729,0.001761,0.611117,8.523146,15.639310,28.499313,0.036360,0.374920,0.000793,27.801053,27.862147
31,0,0.033590,0.762167,0.105149,0.001725,0.864645,9.102841,15.539547,28.865356,0.067336,0.504553,0.001209,27.810711,28.325184
32,0,0.152716,0.737309,0.122202,0.002684,0.819371,9.174205,15.474265,28.828458,0.061634,0.485760,0.000832,27.839127,28.056244
33,0,0.021491,0.614986,0.076709,0.001810,0.693505,10.501681,14.527746,28.781502,0.047469,0.467286,0.001351,27.980996,28.105717
34,0,0.032328,0.679275,0.090502,0.002057,0.771831,10.713310,14.938327,29.532071,0.061427,0.283670,0.001448,28.639369,28.792925
35,0,0.020652,0.641138,0.065498,0.001690,0.706423,9.295145,15.614356,29.162579,0.034806,0.562476,0.001061,28.212351,28.641778
36,0,0.021346,0.524637,0.125244,0.003936,0.586391,8.720154,15.506630,28.564735,0.049609,0.363565,0.001155,27.800641,28.027435
37,0,0.025926,0.497053,0.072553,0.001782,0.568630,9.469654,14.990708,29.101337,0.063367,0.270049,0.001505,28.431095,28.753486
38,0,0.023169,0.846871,0.192623,0.002034,0.897937,6.047332,15.690950,28.985204,0.047250,1.429728,0.001274,27.172472,28.333514
39,0,0.031040,0.895273,0.058442,0.001155,0.935299,9.311323,15.720949,29.719200,0.060968,0.675853,0.001287,28.607996,28.911532
40,0,0.021973,0.491993,0.085465,0.002061,0.577697,11.046612,15.705808,30.657201,0.050584,0.310355,0.001258,29.985035,30.155591
41,0,0.023450,0.524301,0.062920,0.001585,0.587834,10.878057,15.693336,30.746169,0.201578,0.514160,0.000950,29.705788,30.247880
42,0,0.022967,0.554143,0.077250,0.002056,0.628230,11.143951,15.657740,30.413840,0.050516,0.338627,0.001745,29.690897,30.055397
43,0,0.024406,0.806455,0.111020,0.004609,0.915197,9.456136,15.705763,30.425231,0.050329,0.566812,0.001294,29.347029,29.440910
44,0,0.020750,0.545433,0.078321,0.001708,0.619313,11.560241,15.680551,30.675165,0.040605,0.408693,0.001396,29.976638,30.287022
45,0,0.022597,0.703373,0.098663,0.002054,0.802349,10.447388,15.555342,29.676740,0.041479,0.565347,0.000939,28.807923,29.112764
46,0,0.021538,0.475996,0.079126,0.001456,0.545132,10.673757,15.578267,29.711096,0.046416,0.281289,0.001881,29.051316,29.160488
47,0,0.021611,0.484091,0.059131,0.002092,0.543216,10.850261,15.671323,30.724984,0.045891,0.348541,0.001053,30.096057,30.193460
48,0,0.027459,0.778499,0.100592,0.003037,0.870065,10.470591,15.577336,30.224895,0.061804,0.414074,0.001057,29.190526,29.617433
49,0,0.021251,0.494513,0.065907,0.002122,0.554559,11.172777,15.686939,30.831200,0.067112,0.264807,0.001194,30.093881,30.305767
50,0,0.023407,0.571299,0.075629,0.001920,0.629745,10.630711,15.627182,29.936550,0.040086,0.408018,0.000935,29.180915,29.426233
51,0,0.025908,0.625118,0.094045,0.001657,0.717026,10.417477,15.682021,30.412792,0.051850,0.449578,0.001750,29.582770,29.938258
52,0,0.024778,0.918285,0.077362,0.002414,0.980291,9.313157,15.612526,30.384895,0.231435,0.743696,0.114149,29.208341,29.702379
53,0,0.022710,0.718731,0.092268,0.001909,0.772916,10.800940,15.775074,30.891029,0.045354,0.467409,0.001425,29.998686,30.420299
54,0,0.221548,0.638241,0.074138,0.002107,0.706388,10.045359,15.290140,29.619379,0.036421,0.492772,0.001417,28.740929,29.251067
55,0,0.025194,0.564001,0.074661,0.001899,0.640319,11.099085,14.967007,30.379293,0.040837,0.403531,0.002158,29.620912,29.849126
56,0,0.024283,0.515747,0.052647,0.001777,0.569842,9.837917,15.700926,30.473904,0.033520,0.313768,0.001934,29.778258,29.938056
57,0,0.022827,0.380654,0.056397,0.002692,0.437320,11.209832,15.518899,30.248581,0.033863,0.222272,0.001326,29.626794,29.873562
58,0,0.033041,0.575351,0.122498,0.008734,0.662264,9.368601,15.817095,30.467782,0.047710,0.400032,0.001861,29.522418,29.961148
59,0,0.021148,0.523762,0.088058,0.001896,0.581285,3.407823,8.607546,16.175200,0.039076,0.363946,0.001588,15.482638,15.634367
60,0,0.013316,0.508269,0.083972,0.002331,0.582270,11.175155,15.718747,30.684370,0.048749,0.338395,0.001724,29.985473,30.137043
61,0,0.021737,0.373897,0.052502,0.002164,0.423085,11.446141,15.621263,30.820350,0.063870,0.208471,0.001684,30.271343,30.480981
62,0,0.020487,0.541260,0.091848,0.002472,0.635580,10.709816,15.674139,30.590967,0.059755,0.427262,0.001660,29.713204,29.940463
63,0,0.038907,0.935796,0.163835,0.002487,1.034041,10.401493,15.623200,29.857498,0.070980,0.547808,0.000896,28.610851,29.034942
64,0,0.022656,0.470433,0.058808,0.002296,0.530668,10.651372,15.604340,30.461780,0.036165,0.257161,0.001101,29.814989,29.871241
65,0,0.029146,0.567094,0.070593,0.002011,0.626967,11.038814,15.729254,30.596999,0.067915,0.339278,0.001334,29.764008,29.916004
66,0,0.023156,2.470666,0.071812,0.001730,2.532839,8.311285,15.587847,29.873006,0.448531,2.520531,0.001397,26.818098,27.567974
67,0,0.022446,0.519200,0.069265,0.002171,0.586241,10.295380,15.542414,30.449310,0.045878,0.349107,0.001615,29.767230,29.937073
68,0,0.023665,0.624141,0.113297,0.001781,0.709511,10.732542,15.879378,30.614448,0.038864,0.431921,0.001480,29.805952,29.988838
69,0,0.021958,0.612606,0.122174,0.003244,0.729399,10.150141,15.702637,30.364148,0.036387,0.517878,0.001216,29.450190,29.780647
70,0,0.020960,0.508937,0.100589,0.001802,0.600591,10.124476,15.676566,30.349224,0.037300,0.348499,0.001701,29.611500,29.699089
71,0,0.022763,0.531507,0.079104,0.001499,0.595436,11.501780,15.712193,30.942601,0.094215,0.488028,0.001412,30.102321,30.537875
72,0,0.023923,0.793973,0.122570,0.002894,0.902706,9.901682,15.808382,30.570824,0.053763,0.543243,0.001213,29.510780,29.729949
73,0,0.034853,0.766191,0.129287,0.002304,0.892069,8.972514,16.445576,30.525963,0.073379,0.538978,0.001254,29.484864,29.591559
74,0,0.019552,0.470075,0.059871,0.002297,0.530327,11.243973,15.468491,30.261080,0.049742,0.285798,0.001901,29.642272,29.966763
75,0,0.028464,0.751223,0.111364,0.002134,0.847290,9.296035,16.500775,30.618923,0.065748,0.446996,0.001375,29.617236,29.833490
76,0,0.026694,0.814367,0.153317,0.005289,0.969329,9.893919,15.557716,30.239528,0.056788,0.597926,0.001013,29.162173,29.410561
77,0,0.020909,0.537256,0.071087,0.002117,0.607911,10.055954,16.432990,30.812063,0.050460,0.475948,0.001313,29.986846,30.165779
78,0,0.021795,0.499530,0.053305,0.002564,0.553079,9.630526,15.505811,28.899021,0.033170,0.385724,0.001336,28.244174,28.539759
79,0,0.018222,0.498451,0.086752,0.002493,0.578354,11.281341,15.455930,30.834505,0.039399,0.355245,0.000997,30.170450,30.326122
80,0,0.023984,0.473740,0.072407,0.001852,0.531004,10.014045,15.521710,29.804881,0.058232,0.356100,0.001900,29.119462,29.223747
81,0,0.034048,0.822320,0.124613,0.003657,0.932570,10.572017,15.680540,30.626527,0.083178,0.508459,0.001006,29.548743,30.047455
82,0,0.020876,0.591224,0.090322,0.001824,0.683318,10.051162,16.439108,30.894803,0.046914,0.442578,0.001469,30.129748,30.341729
83,0,0.020773,0.487482,0.323218,0.005156,0.801601,10.656643,15.580574,30.509254,0.048321,0.317366,0.001970,29.877901,30.138660
84,0,0.024435,0.792437,0.080566,0.002344,0.874349,9.977702,15.671044,30.185719,0.526632,0.920637,0.001250,28.726143,29.705691
85,0,0.035930,0.727450,0.205761,0.006702,0.915435,9.969401,15.629344,30.132661,0.062851,0.524332,0.001449,29.152731,29.563498
86,0,0.025965,0.761717,0.090728,0.001751,0.842563,11.086380,15.488931,30.462345,0.071924,0.414959,0.001081,29.396400,29.690666
87,0,0.025464,0.734887,0.081333,0.010242,0.816249,10.496754,15.625081,30.784327,0.087970,0.483457,0.001187,29.727059,29.937132
88,0,0.023968,0.639278,0.090597,0.002179,0.729255,10.506610,15.350957,29.910507,0.079897,0.472242,0.001594,29.013018,29.229731
89,0,0.023992,0.721696,0.072585,0.001566,0.794211,11.143287,15.484004,31.030556,0.065548,0.481773,0.000989,30.106606,30.167803
90,0,0.020894,0.966693,0.143224,0.002281,1.048038,9.796379,0.604274,14.924087,0.236976,0.773398,0.001109,13.629570,13.918541
91,0,0.010545,0.590786,0.094533,0.001890,0.664543,11.898487,15.503733,31.842678,0.104406,0.458101,0.001314,30.967411,31.294568
92,0,0.020677,0.583143,0.073972,0.001776,0.646107,10.825339,15.740973,30.407195,0.044462,0.414669,0.000971,29.633250,29.880242
93,0,0.023900,0.542816,0.153852,0.001830,0.599994,9.545433,15.686945,29.759797,0.039295,0.387456,0.002272,28.955003,29.097813
94,0,0.023054,0.512280,0.077228,0.001723,0.575820,10.312843,15.636926,30.522377,0.044388,0.413877,0.001188,29.720475,29.958426
95,0,0.021758,0.637323,0.074902,0.001910,0.709960,11.262427,15.710836,30.648939,0.057510,0.486107,0.000862,29.836451,30.354374
96,0,0.029431,0.752710,0.101437,0.001802,0.849592,10.051806,15.352815,30.292356,0.082788,0.521320,0.000792,29.260912,29.512462
97,0,0.020264,0.477692,0.070823,0.001906,0.546785,10.874613,15.561884,30.240191,0.049655,0.320904,0.000932,29.578467,29.721582
98,0,0.022923,0.772347,0.155096,0.002546,0.909224,10.804236,15.625628,30.973220,0.054902,0.601132,0.000898,29.929555,30.397121
99,0,0.022860,0.781236,0.131349,0.003237,0.894805,10.017833,15.359833,30.248573,0.059120,0.661061,0.000928,29.151048,29.288400
100,0,0.022269,0.743927,0.062092,0.001876,0.804761,9.572930,15.848112,30.628645,1.023033,1.465654,0.001815,28.749404,30.375855
101,0,0.022290,0.554216,0.058959,0.002343,0.614634,11.341958,15.728930,30.694063,0.050259,0.370202,0.001078,29.973049,30.249863
102,0,0.022182,0.533589,0.069782,0.002031,0.602035,11.192784,15.544638,29.980801,0.039961,0.320695,0.000985,29.312684,29.666611
103,0,0.027001,0.542257,0.088462,0.002425,0.628790,10.318200,15.734789,30.713371,0.040084,0.421472,0.001244,29.973538,30.113576
104,0,0.034136,0.806278,0.090328,0.001741,0.898347,10.595322,14.764157,29.686595,0.100185,0.437785,0.001229,28.668078,29.052545
105,0,0.021250,0.482563,0.064671,0.002042,0.546693,12.122747,15.723614,31.242960,0.049266,0.268237,0.001569,30.611752,30.881695
106,0,0.020408,0.484734,0.068950,0.001748,0.543812,10.539036,15.544883,29.873337,0.046551,0.346108,0.001845,29.227918,29.596576
107,0,0.032321,0.752313,0.067328,0.002040,0.817450,10.168786,15.706406,30.808916,0.067625,0.422450,0.001292,29.855080,30.038139
108,0,0.019001,0.494918,0.073698,0.001611,0.568949,11.314254,15.543510,30.442786,0.044339,0.334845,0.001178,29.801109,30.105712
109,0,0.022218,0.554352,0.124524,0.002136,0.679092,14.225219,10.656438,29.322138,0.039487,0.380732,0.000702,28.597555,29.014926
110,0,0.023564,0.642862,0.063218,0.001662,0.707742,3.586026,14.941377,75.979830,12.852073,30.758246,0.001612,21.677177,53.943196
111,0,0.023013,0.933508,0.326998,0.040506,1.301012,10.144976,15.741440,30.700934,0.047445,0.711076,0.001366,29.087097,29.817844
112,0,0.024722,0.805357,0.088274,0.002336,0.889956,4.160633,11.680479,30.566613,10.963059,11.057000,0.001543,19.040983,30.176217
113,0,0.021130,0.497044,0.058800,0.001477,0.554457,11.438283,15.691025,30.744879,0.058227,0.269302,0.001674,30.097533,30.395006
114,0,0.029610,0.755988,0.122212,0.002924,0.877902,9.422826,15.860118,29.928454,0.068146,0.454207,0.000995,28.938583,29.351528
115,0,0.022118,0.506969,0.074049,0.001540,0.576886,10.383131,15.620754,30.569574,0.069369,0.463124,0.001710,29.689372,29.921684
116,0,0.020735,0.628527,0.069863,0.002068,0.690057,10.790114,16.485680,30.972560,0.049809,0.470083,0.001086,30.156897,30.487511
117,0,0.019946,0.532884,0.069102,0.001797,0.588448,10.529657,15.640732,30.002500,0.039495,0.370736,0.001272,29.342583,29.739810
118,0,0.070978,0.501217,0.133523,0.016776,0.573953,10.803588,15.577758,30.479409,0.046594,0.300316,0.001043,29.765090,30.092209
119,0,0.020840,0.645292,0.059845,0.002216,0.705172,9.851796,16.349577,30.790268,0.092807,0.419486,0.001355,29.975143,30.178588
120,0,0.020831,0.657850,0.120499,0.003070,0.781419,10.120485,15.235744,29.986574,0.044536,0.480648,0.018773,29.116544,29.225098
121,0,0.027913,0.555409,0.051615,0.002182,0.607740,11.933942,16.379082,32.017254,0.078874,0.296724,0.001001,31.290684,31.589172
122,0,0.020921,0.637298,0.107539,0.002289,0.729511,9.975187,15.858781,30.130702,0.070561,0.426051,0.001087,29.129755,29.268255
123,0,0.023970,0.677785,0.115121,0.001627,0.769061,10.359970,15.699502,30.736431,0.068474,0.392382,0.001721,29.810092,29.896539
124,0,0.018007,0.780141,0.084801,0.001872,0.845019,9.860195,15.767710,30.470327,0.086634,0.876115,0.001539,29.197768,29.900801
125,0,0.023101,0.593833,0.085913,0.002035,0.671612,10.175436,15.462057,30.084126,0.041300,0.489101,0.001036,29.283632,29.652347
126,0,0.024936,0.879366,0.073691,0.001807,0.939234,11.262776,15.151939,30.251332,0.074257,0.492980,0.000785,29.150386,29.681846
127,0,0.018781,0.506470,0.180789,0.002089,0.605130,11.054465,15.488212,30.292587,0.045493,0.363339,0.001377,29.555568,29.736043
128,0,0.018351,0.514179,0.074686,0.001459,0.585155,11.836164,14.683910,30.211494,0.067127,0.378235,0.001132,29.488420,29.637159
129,0,0.017809,0.493499,0.079060,0.001585,0.550591,11.300690,15.812752,30.540664,0.036170,0.305745,0.000542,29.898188,30.164108
130,0,0.033551,0.729133,0.068132,0.001663,0.796704,10.766868,15.705614,30.495102,0.149697,0.452403,0.008184,29.432503,29.941524
131,0,0.021787,0.491171,0.058988,0.001365,0.548546,11.251502,15.799739,30.609822,0.062538,0.398750,0.001299,29.943302,30.378919
132,0,0.030671,0.842208,0.061410,0.001900,0.904388,10.327965,15.650602,30.658520,0.063136,0.563427,0.000937,29.616214,29.752585
133,0,0.020894,0.533085,0.082040,0.001819,0.604970,10.886785,15.628891,30.119219,0.054980,0.394956,0.001048,29.420505,29.801558
134,0,0.021077,1.754670,0.070453,0.002093,1.809541,9.832050,16.403301,31.520118,0.058064,1.627193,0.000862,29.594729,30.024178
135,0,0.034718,0.946874,0.172757,0.002174,1.026110,8.532853,15.455917,29.114358,0.072510,0.651970,0.001273,27.867465,28.239894
136,0,0.025801,0.703780,0.291839,0.001898,0.888897,8.702293,16.477736,31.063498,0.666736,1.775921,0.001415,28.818570,30.622372
137,0,0.021231,0.534453,0.087388,0.002364,0.619083,10.638593,15.512857,30.207369,0.049220,0.378609,0.000905,29.515284,29.826688
138,0,0.023677,0.536422,0.059961,0.002084,0.596541,11.362502,15.780481,30.584462,0.045850,0.425170,0.001358,29.892206,30.353584
139,0,0.021425,0.432703,0.058209,0.002141,0.491014,10.291818,14.488028,29.100633,0.046303,0.301553,0.001311,28.499396,28.598370
140,0,0.021014,1.220361,0.163108,0.010916,1.279983,10.058395,15.522709,30.642201,0.209596,1.196783,0.000894,28.914923,30.027499
141,0,0.021410,0.509165,0.070637,0.002028,0.577956,9.904036,16.435607,30.746853,0.036984,0.348335,0.001415,30.064732,30.239667
142,0,0.024080,0.584828,0.089820,0.002355,0.673655,9.894548,15.446612,30.229071,0.057780,0.398532,0.001511,29.438578,29.635988
143,0,0.023117,0.497011,0.150899,0.003127,0.651037,10.234428,16.527296,30.709227,0.048540,0.311171,0.001110,30.067590,30.372971
144,0,0.019852,0.470231,0.064868,0.002499,0.534694,10.626249,15.790287,30.437151,0.034107,0.328289,0.001075,29.800009,29.858494
145,0,0.031004,1.028803,0.110459,0.003303,1.114859,8.863536,15.679355,29.444384,0.067762,0.743543,0.001258,28.175036,28.337952
146,0,0.021041,0.779575,0.096030,0.002799,0.874420,11.400819,15.673720,31.137041,0.044217,0.479772,0.001426,30.134818,30.505223
147,0,0.029213,0.499064,0.054530,0.001513,0.555061,10.766857,15.716718,30.087205,0.028587,0.286499,0.000904,29.456488,29.738408
148,0,0.033177,0.679853,0.114739,0.003055,0.794458,8.644262,15.736872,30.120837,0.069766,0.432940,0.001768,29.181413,29.253430
149,0,0.021739,0.511380,0.059395,0.002789,0.562100,11.550834,14.739826,30.403937,0.036340,0.388337,0.001200,29.732745,29.930072
150,0,0.020963,0.602520,0.093317,0.002362,0.685876,10.929201,15.470158,30.615641,0.063422,0.450330,0.001196,29.776329,30.254528
151,0,0.027992,0.658379,0.095408,0.002208,0.717966,10.827992,15.671238,31.250461,0.049851,0.419181,0.000848,30.415347,30.872247
152,0,0.022342,0.776670,0.100367,0.004457,0.876051,10.648603,15.792213,30.668913,0.077152,0.492594,0.001008,29.635316,29.743008
153,0,0.027900,0.815307,0.153096,0.003788,0.962169,11.039221,15.679247,30.899449,0.062711,0.624291,0.000729,29.714844,29.924725
154,0,0.017534,0.746970,0.100626,0.002524,0.816547,10.574320,16.478718,30.659803,0.102075,0.582513,0.001372,29.675866,30.324812
155,0,0.033627,0.717738,0.136263,0.001952,0.813427,9.466037,15.697859,30.127353,0.072725,0.495580,0.001370,29.148597,29.357354
156,0,0.028966,0.774213,0.131618,0.003329,0.901679,10.394900,15.379995,30.469458,0.063506,0.534114,0.001214,29.432054,29.625851
157,0,0.018225,0.481292,0.060880,0.002743,0.542808,7.643096,14.685996,30.054461,3.879830,4.022024,0.001938,25.658570,29.711237
158,0,0.036234,0.735040,0.089193,0.002460,0.810569,10.839364,15.617572,30.802726,0.076227,0.382014,0.001861,29.818452,30.244129
159,0,0.020942,0.502560,0.072674,0.001857,0.574571,10.621224,15.721616,30.225417,0.076378,0.386373,0.001493,29.501932,29.855643
160,0,0.024715,0.488372,0.081708,0.001867,0.561089,10.614042,15.686043,30.767289,0.038982,0.280953,0.001108,30.088754,30.206749
161,0,0.033242,0.745244,0.133234,0.002488,0.867429,10.059445,15.541312,30.031026,0.080458,0.399162,0.001398,29.050197,29.474027
162,0,0.020814,0.566099,0.069461,0.001857,0.637130,10.890057,15.461373,30.295389,0.039197,0.375997,0.001087,29.583647,29.771435
163,0,0.028310,0.609047,0.118002,0.002095,0.686871,9.879815,16.427121,31.172002,0.077375,0.249686,0.001254,30.342743,30.501981
164,0,0.021915,0.652811,0.087797,0.002101,0.701937,8.243598,15.802153,29.638157,0.046288,0.520565,0.001036,28.762589,29.293091
165,0,0.019983,0.524676,0.088227,0.002117,0.596923,11.612985,15.451067,30.477870,0.042973,0.349906,0.001216,29.666064,30.060159
166,0,0.018828,0.698502,0.069665,0.001429,0.760097,10.471511,16.608166,31.281481,0.114818,0.543663,0.001313,30.308144,30.443343
167,0,0.023739,0.712855,0.100708,0.003467,0.812061,10.499106,15.708803,29.967308,0.063416,0.482789,0.001387,29.028400,29.573106
168,0,0.028039,0.755899,0.151251,0.004378,0.898456,11.154537,15.512862,30.761902,0.079718,0.500842,0.001478,29.791909,30.373947
169,0,0.019178,0.472715,0.067798,0.001680,0.539230,11.360918,15.639786,30.292497,0.059317,0.347146,0.001241,29.679793,30.065550
170,0,0.022114,0.616638,0.073516,0.001741,0.682605,11.448263,15.689238,30.799627,0.042633,0.468755,0.001727,29.931213,30.422700
171,0,0.022277,1.383692,0.123652,0.002939,1.466891,4.137946,16.522593,29.096913,2.937083,3.369758,0.001407,23.098061,26.509989
172,0,0.021470,0.548587,0.089692,0.001858,0.617968,11.432550,14.712119,29.810215,0.048910,0.400555,0.000879,29.110686,29.293376
173,0,0.019757,0.671407,0.085649,0.002081,0.739292,12.238220,15.679215,31.439724,0.047415,0.547688,0.001498,30.595442,31.101035
174,0,0.025499,0.775948,0.067086,0.001495,0.828486,10.838895,15.623813,30.324704,0.120947,0.501453,0.000805,29.279945,29.736730
175,0,0.027564,0.658888,0.121405,0.002677,0.779024,10.608273,15.556408,30.208401,0.074294,0.424431,0.001317,29.300479,29.790388
176,0,0.021011,0.574274,0.074191,0.002133,0.644037,10.904556,15.505344,30.570719,0.066872,0.971607,0.001201,29.090932,29.847829
177,0,0.030414,0.981373,0.222716,0.003020,1.207109,11.418362,15.695704,30.571610,0.215336,0.881576,0.001058,29.227739,29.914239
178,0,0.024163,1.255163,0.096037,0.002042,1.334032,9.661091,15.663749,29.802958,0.073757,1.559923,0.000827,27.661448,28.624516
179,0,0.021150,0.591591,0.069528,0.001762,0.662850,11.314699,15.707358,30.604283,0.033555,0.454556,0.000901,29.876454,30.201621
180,0,0.021647,0.827245,0.137276,0.006411,0.919150,9.663175,15.584917,30.368810,0.061984,0.552867,0.001220,29.242209,29.475418
181,0,0.018918,0.498992,0.055585,0.001402,0.554382,10.871893,16.535285,30.940347,0.047146,0.345807,0.001782,30.287952,30.592431
182,0,0.020304,0.609969,0.075940,0.001767,0.685222,10.251697,15.701250,30.331818,0.035083,0.440561,0.000839,29.538170,29.589228
183,0,0.021642,0.624219,0.100318,0.001830,0.692445,9.906124,15.523479,31.163111,0.040931,0.484788,0.002096,30.325077,30.840058
184,0,0.018632,1.334169,0.074831,0.001776,1.405149,9.867690,15.756854,30.592518,0.035236,1.123589,0.001279,28.987075,29.190476
185,0,0.020429,0.524393,0.088763,0.002981,0.595344,11.170142,15.713448,30.835034,0.085512,0.359144,0.001118,30.116191,30.462493
186,0,0.023461,0.667003,0.088171,0.002374,0.756227,9.894655,15.697302,29.860919,0.103298,0.372464,0.001192,28.996480,29.199039
187,0,0.021333,0.725521,0.164088,0.002363,0.795410,10.369383,16.489315,30.935759,0.042370,0.585211,0.001677,29.921730,30.075648
188,0,0.018730,1.350919,0.146422,0.002214,1.426726,9.466187,15.506664,29.817943,0.350667,1.510673,0.001233,27.894825,29.432492
189,0,0.031191,0.809275,0.082400,0.001764,0.882575,10.282912,15.666120,30.476075,0.061950,0.584090,0.001228,29.456587,29.829097
190,0,0.038157,0.741635,0.108165,0.002195,0.847840,10.344943,15.675244,30.680464,0.176411,0.516953,0.001142,29.515107,29.923057
191,0,0.019913,0.534528,0.072085,0.001598,0.604223,10.907811,15.733756,30.746940,0.047421,0.390131,0.001081,30.058427,30.103493
192,0,0.022392,0.587410,0.106789,0.002568,0.667216,9.753430,15.769373,29.850122,0.043125,0.405238,0.001773,29.129336,29.485425
193,0,0.019923,0.679763,0.062930,0.002795,0.725143,10.700616,15.646921,31.015684,0.127602,0.425402,0.001232,30.043718,30.455332
194,0,0.028136,0.717811,0.146874,0.002670,0.862694,9.370005,15.626250,29.654315,0.065668,0.485434,0.001205,28.672473,28.868944
195,0,0.020217,0.517921,0.100158,0.001994,0.591075,10.407775,15.817918,30.775119,0.047402,0.345117,0.000974,30.089198,30.216635
196,0,0.027247,0.984451,0.119449,0.002257,1.101775,10.000915,15.643113,30.695237,0.061488,0.752474,0.001291,29.389559,29.543354
197,0,0.030847,0.780296,0.135128,0.004282,0.916157,9.633814,15.534260,30.306721,0.065186,0.635802,0.001198,29.147583,29.517348
198,0,0.024139,0.455595,0.063017,0.002069,0.515807,10.159029,15.760550,30.279225,0.034560,0.297645,0.001207,29.657108,29.738521
199,0,0.030253,0.728860,0.077280,0.002982,0.807788,10.034424,15.777520,30.787807,0.076195,0.395371,0.001198,29.838804,29.931735
200,0,0.031658,0.766775,0.165672,0.002820,0.921995,8.937551,15.657730,29.840702,0.054788,0.603408,0.001441,28.723775,29.019687
201,0,0.019001,0.658904,0.099675,0.002770,0.720101,11.765572,15.568477,30.685242,0.058424,0.397255,0.001628,29.832504,30.113331
202,0,0.021647,0.581930,0.098613,0.030091,0.643910,8.933065,15.707583,29.567199,0.057987,0.554624,0.000912,28.482689,29.013879
203,0,0.022089,0.510347,0.095263,0.002309,0.578245,10.363963,15.755698,30.656690,0.035926,0.314685,0.001108,29.941697,30.116273
204,0,0.022588,0.489294,0.073998,0.002239,0.562490,10.550146,15.687564,29.941631,0.040570,0.324458,0.001590,29.286458,29.647572
205,0,0.018411,0.519331,0.104309,0.016979,0.600996,10.415550,16.692324,31.381035,0.048994,0.384598,0.001295,30.612181,30.812036
206,0,0.022815,0.751184,0.065320,0.002125,0.809440,6.770107,16.503725,30.048372,0.097247,1.296268,0.001070,28.223275,28.355638
207,0,0.023401,0.533137,0.065475,0.002340,0.586237,9.294968,15.839702,30.297804,0.037621,0.305538,0.001265,29.598686,29.926568
208,0,0.021846,0.515672,0.064178,0.001681,0.579269,10.889658,15.684079,30.834908,0.038276,0.339096,0.001191,30.154184,30.303711
209,0,0.026107,0.490640,0.171584,0.007296,0.588398,10.219856,15.702959,29.772052,0.049183,0.388817,0.001468,28.958915,29.119439
210,0,0.028146,0.731733,0.129814,0.003126,0.861285,9.956961,15.639705,30.506410,0.072060,0.545562,0.001560,29.469843,29.697598
211,0,0.022905,0.862849,0.124792,0.002572,0.987077,11.574978,15.761286,30.911325,0.046979,0.523197,0.000731,29.834344,30.247490
212,0,0.019442,0.484282,0.056282,0.001428,0.540497,11.170395,14.662140,29.746833,0.037330,0.358479,0.001396,29.081453,29.241689
213,0,0.021366,0.721832,0.113999,0.003989,0.829252,10.697246,14.631248,30.360222,0.059358,0.451353,0.001511,29.391746,29.480551
214,0,0.015495,0.734215,0.143891,0.002988,0.864419,11.041528,0.505129,15.598390,0.036636,0.610851,0.001321,14.589504,14.848113
215,0,0.008992,0.456358,0.078031,0.001912,0.532383,11.774584,15.720367,31.552940,0.041319,0.333712,0.001498,30.894384,31.206471
216,0,0.028928,0.760857,0.127311,0.002910,0.886659,10.377409,15.510480,30.742736,0.067409,0.532100,0.001028,29.710882,29.942145
217,0,0.021511,0.491640,0.084302,0.001785,0.576296,9.814141,15.543531,29.950605,0.051564,0.375812,0.001516,29.267618,29.450488
218,0,0.019953,0.522896,0.064814,0.002088,0.573683,10.775160,16.699226,31.271682,0.037825,0.398473,0.001231,30.619066,30.991975
219,0,0.035461,0.610810,0.078390,0.002264,0.690736,9.236382,15.768340,29.703329,0.179388,0.439787,0.000986,28.634874,29.141352
220,0,0.021486,0.531911,0.076013,0.002000,0.602783,11.439559,15.706065,30.964301,0.058982,0.336018,0.001188,30.260257,30.409794
221,0,0.021365,0.728278,0.068003,0.001983,0.776216,9.892255,15.502324,29.729549,0.075134,0.745352,0.001279,28.420982,29.203082
222,0,0.020170,0.494934,0.071456,0.001983,0.561509,11.173810,15.563635,31.096370,0.046022,0.380032,0.001232,30.415561,30.561322
223,0,0.020864,0.672879,0.150309,0.001598,0.736565,9.608713,15.532189,30.351784,0.033762,0.618463,0.001233,29.408365,29.660267
224,0,0.022573,0.547018,0.061172,0.001849,0.608616,11.040202,15.693243,30.387234,0.043889,0.371412,0.001339,29.679615,30.085602
225,0,0.022154,0.527492,0.059842,0.001585,0.588405,10.748298,15.581855,30.321248,0.048522,0.286873,0.001724,29.629546,29.943799
226,0,0.020178,0.595068,0.062102,0.001990,0.655264,10.813052,15.612899,30.472717,0.045397,0.392347,0.001279,29.709785,29.784926
227,0,0.030764,0.576982,0.098190,0.001605,0.669078,10.427337,15.542416,30.005873,0.055999,0.368109,0.001230,29.195666,29.349882
228,0,0.020951,0.542789,0.062193,0.002511,0.589615,11.127466,15.500314,30.781189,0.177793,0.426523,0.001203,29.926771,30.264528
229,0,0.021120,0.650485,0.123421,0.002547,0.705031,10.266834,15.568327,30.431968,0.045252,0.410060,0.001327,29.528102,29.735657
230,0,0.022850,0.513899,0.070413,0.002106,0.583804,10.614867,15.737702,30.599639,0.035898,0.319248,0.001453,29.906531,30.094123
231,0,0.021407,0.665408,0.066075,0.001776,0.717094,9.514394,15.627694,30.005405,0.110522,0.588597,0.000968,29.067917,29.472525
232,0,0.021366,0.622394,0.079395,0.002439,0.700316,11.201991,15.765611,31.184652,0.055133,0.322400,0.001422,30.368130,30.742715
233,0,0.021311,0.504575,0.071580,0.002055,0.575433,11.097843,14.900321,29.674856,0.045837,0.357561,0.000978,29.017326,29.327461
234,0,0.021438,0.537545,0.073703,0.001715,0.610325,9.890653,15.708681,30.005491,0.038679,0.320792,0.001384,29.284305,29.398019
235,0,0.031697,0.816013,0.086322,0.002738,0.900531,10.244613,15.659037,30.273222,0.190586,0.505770,0.001310,29.067503,29.491482
236,0,0.020359,0.648448,0.120858,0.004830,0.766478,9.686687,16.602597,30.986747,0.030497,0.559721,0.000795,30.076933,30.249369
237,0,0.024908,0.525543,0.071777,0.001520,0.587613,10.256624,15.431650,29.757843,0.055541,0.344536,0.023906,28.971001,29.056621
238,0,0.028334,0.657055,0.086152,0.002197,0.742434,10.982273,15.567344,30.993867,0.061542,0.442872,0.001368,30.101635,30.172719
239,0,0.020285,0.479954,0.093866,0.002575,0.545859,10.076234,15.684236,30.152629,0.046266,0.334957,0.001162,29.500130,29.570783
240,0,0.022500,0.560728,0.085154,0.001971,0.642952,11.494602,15.683419,30.938056,0.040129,0.396014,0.001258,30.220854,30.615486
241,0,0.043421,0.657928,0.062074,0.001670,0.713203,10.430255,15.572678,30.191083,0.062013,0.303657,0.001109,29.340915,29.510228
242,0,0.035472,0.730983,0.188615,0.005020,0.922881,10.157914,15.529155,29.645765,0.065789,0.524403,0.001141,28.683035,29.265060
243,0,0.017878,0.540810,0.089060,0.001947,0.606941,12.186434,14.635534,30.377569,0.050789,0.556360,0.001430,29.476690,30.070626
244,0,0.022481,0.656152,0.206117,0.002271,0.727982,10.831490,15.558828,30.491005,0.072082,0.429252,0.000949,29.650333,30.130832
245,0,0.026073,0.783497,0.132472,0.003688,0.890468,10.793612,15.572979,31.018086,0.073008,0.463896,0.001099,29.946841,30.214748
246,0,0.020053,0.526895,0.095230,0.001803,0.601522,12.276636,15.370387,31.434488,0.045826,0.438277,0.001022,30.728956,30.889477
247,0,0.018685,0.559333,0.081525,0.002024,0.636929,11.485751,15.487603,30.477306,0.054844,0.415599,0.001709,29.763106,30.189384
248,0,0.022402,0.796139,0.152350,0.003415,0.951904,10.325222,15.683025,30.288812,0.087455,0.573631,0.001374,29.263816,29.853608
249,0,0.024108,0.656425,0.098220,0.002178,0.755217,9.395250,16.568947,30.696718,0.505291,0.813505,0.001239,29.536692,30.378532
250,0,0.022033,0.521084,0.093830,0.002077,0.591474,10.037653,15.777000,30.190564,0.041607,0.378807,0.001342,29.443552,29.609251
251,0,0.034583,0.634642,0.065842,0.002355,0.673262,11.335609,14.685753,29.967179,0.061238,0.321356,0.001451,29.161154,29.436956
252,0,0.022514,0.458537,0.097509,0.002388,0.557598,11.552702,15.486612,31.212010,0.027546,0.356911,0.000939,30.519452,30.682087
253,0,0.021532,0.471485,0.067614,0.001647,0.535483,9.502123,15.522680,29.790456,0.045943,0.333779,0.001759,29.124205,29.250661
254,0,0.022783,0.711376,0.150483,0.002219,0.829160,11.269570,15.524025,31.147680,0.070763,0.493626,0.001343,30.232884,30.784231
255,0,0.018144,0.624402,0.073729,0.001789,0.684599,10.962916,15.488502,29.659059,0.121140,0.562962,0.000910,28.700687,29.099398
256,0,0.018844,0.625203,0.111886,0.002342,0.708131,10.607128,15.704966,30.803065,0.151760,0.492430,0.002099,29.859814,30.259575
257,0,0.026543,0.827199,0.147221,0.002538,0.950904,10.419379,15.799968,30.391688,0.123033,0.603687,0.001071,29.175850,29.461071
258,0,0.020955,0.455977,0.073317,0.001539,0.522835,10.928924,15.608953,30.576928,0.073785,0.337906,0.000940,29.856902,30.002483
259,0,0.027126,0.712786,0.149701,0.004675,0.825231,11.034833,15.563768,30.324990,0.075396,0.473686,0.002027,29.342047,29.724504
260,0,0.029393,0.730863,0.157863,0.002497,0.864097,9.275298,16.696900,30.836157,0.071512,0.454179,0.000994,29.842544,30.066586
261,0,0.021551,0.499138,0.062791,0.002277,0.554431,9.637900,15.903624,30.438967,0.048919,0.345610,0.000935,29.780015,30.098708
262,0,0.022835,0.648933,0.081004,0.002192,0.702586,10.077608,15.705516,29.843586,0.042383,0.423212,0.001536,28.893878,29.196711
263,0,0.036362,0.493915,0.073410,0.001526,0.568753,10.939761,15.985279,30.771235,0.047441,0.353013,0.001290,30.138028,30.518391
264,0,0.017178,0.505290,0.062313,0.001371,0.568898,10.680906,16.410984,30.677036,0.046929,0.377463,0.001887,30.003806,30.417723
265,0,0.022959,0.466872,0.061629,0.001640,0.529075,9.130432,15.422038,29.263624,0.085761,0.275557,0.001307,28.580426,28.774362
266,0,0.014124,0.486487,0.071303,0.002207,0.556979,11.207596,15.665309,30.572797,0.046981,0.392219,0.001540,29.910072,30.327820
267,0,0.035272,0.696593,0.111957,0.002485,0.740181,9.273132,15.719051,30.264171,2.107591,2.301346,0.001329,27.460550,29.224059
268,0,0.020886,0.568528,0.114975,0.002395,0.684241,10.226096,15.622408,30.307113,0.126550,0.507446,0.000784,29.301134,29.726176
269,0,0.019715,0.463368,0.088256,0.001948,0.542081,12.197992,14.053575,30.015335,0.161579,0.616104,0.001644,28.832454,29.500086
270,0,0.020879,0.691230,0.066297,0.002491,0.752733,11.293370,15.528394,30.557070,0.110096,0.582162,0.001027,29.517677,29.960257
271,0,0.030675,0.762507,0.071416,0.002190,0.812399,11.051698,15.821668,30.588454,0.073875,0.545337,0.001719,29.450443,30.017770
272,0,0.022354,0.759017,0.132201,0.002585,0.892321,10.611578,15.772334,30.673750,0.097749,0.573114,0.001050,29.674192,30.271704
273,0,0.025657,0.726913,0.088068,0.002147,0.781492,10.285414,15.666798,29.958576,0.071660,0.591664,0.001160,28.960989,29.577796
274,0,0.021774,0.476707,0.056183,0.002178,0.533536,9.089553,15.655184,28.596103,0.045534,0.333925,0.000905,27.957271,28.266066
275,0,0.023343,0.436694,0.060017,0.002485,0.495707,10.927485,15.578353,29.946895,0.046100,0.306975,0.001364,29.338624,29.634539
276,0,0.021000,0.485408,0.070922,0.001392,0.553004,10.176460,15.392752,30.398615,0.039330,0.366782,0.001099,29.720620,29.893825
277,0,0.023872,0.700331,0.109428,0.002663,0.785224,10.100314,0.683323,15.302665,0.063159,0.536162,0.001116,14.381157,14.685216
278,0,0.009180,0.556797,0.107782,0.001586,0.634109,12.702557,14.752541,31.195124,0.057276,0.356257,0.001298,30.430732,30.808069
279,0,0.029316,0.727743,0.158751,0.002369,0.870479,10.737732,15.661776,31.273722,0.066035,0.492889,0.001128,30.213679,30.474042
280,0,0.018449,0.484161,0.081333,0.001977,0.536479,10.077255,15.641409,29.967230,0.045678,0.328961,0.001711,29.286697,29.478496
281,0,0.034003,0.455446,0.105064,0.004084,0.526249,9.303889,15.717325,30.260111,0.059028,0.273295,0.002398,29.579538,29.696470
282,0,0.037307,0.753621,0.109175,0.002463,0.861964,10.825822,15.564142,30.703398,0.071950,0.498448,0.001151,29.667164,30.131473
283,0,0.020428,0.519463,0.114640,0.005550,0.639653,10.091553,15.450333,30.300416,0.040345,0.403869,0.002393,29.632400,30.079007
284,0,0.025536,0.518773,0.087937,0.002841,0.605884,9.954655,15.626047,30.473519,0.128707,0.492103,0.000657,29.439527,29.747941
285,0,0.021001,0.646722,0.090023,0.001341,0.737781,10.878375,15.763565,30.695938,0.138021,0.507369,0.001140,29.825200,29.895906
286,0,0.032897,0.751950,0.147516,0.003517,0.895553,10.816310,15.465162,30.105131,0.063359,0.539937,0.001286,29.125012,29.729594
287,0,0.046460,0.716974,0.063912,0.001441,0.768927,10.509797,15.818869,30.495029,0.276124,0.356196,0.001733,29.540952,29.863101
288,0,0.030188,0.693343,0.177855,0.004151,0.872172,9.980687,15.717089,30.481123,0.143496,0.400525,0.001076,29.402500,29.655253
289,0,0.024630,0.645895,0.057916,0.001315,0.702904,10.694572,15.437892,30.655997,0.056424,0.502856,0.001082,29.803804,29.921117
290,0,0.020994,0.551304,0.084521,0.002535,0.633845,9.622279,15.453477,30.002349,0.047554,0.389440,0.000919,29.279060,29.385130
291,0,0.020943,0.491814,0.080825,0.001974,0.549685,11.516877,15.768751,31.016140,0.057582,0.370639,0.000616,30.185233,30.608078
292,0,0.029260,0.794499,0.223910,0.002033,0.932685,10.611061,15.712411,30.428345,0.064089,0.543076,0.001361,29.397616,29.907176
293,0,0.020971,0.678228,0.062127,0.001582,0.736106,9.711959,16.621075,30.633702,0.037859,0.540481,0.001513,29.771756,30.079962
294,0,0.026232,1.146632,0.084450,0.001745,1.225221,10.029656,15.554381,30.275214,0.076414,0.885565,0.001407,28.945033,29.885476
295,0,0.028297,0.676999,0.160814,0.002478,0.806635,9.618507,15.756198,30.323808,0.075666,0.444330,0.001102,29.161357,29.255013
296,0,0.060207,0.889354,0.097605,0.020236,0.956030,9.899697,15.455263,29.739162,0.084784,0.598717,0.000782,28.648738,28.946641
297,0,0.023839,0.608176,0.122561,0.002874,0.733611,9.543030,15.597483,29.991245,0.048550,0.451360,0.001453,29.121200,29.198954
298,0,0.022285,0.542690,0.082039,0.002399,0.625345,10.138777,16.400107,30.716595,0.045946,0.342123,0.001213,30.009954,30.290566
299,0,0.020851,0.489238,0.056102,0.001499,0.546420,10.628891,15.577873,29.801327,0.059035,0.336954,0.001191,29.154643,29.443800
300,0,0.019297,0.531466,0.097770,0.005625,0.592130,11.120078,15.599946,30.609239,0.029317,0.396485,0.001875,29.934915,30.080094
301,0,0.032431,0.716352,0.152756,0.002050,0.836584,10.126077,16.450234,31.257353,0.075368,0.521483,0.001307,30.307661,30.512950
302,0,0.023137,0.747647,0.155645,0.003564,0.906856,9.936996,15.773652,30.036839,0.060654,0.748005,0.001239,28.830124,29.051037
303,0,0.023971,0.575871,0.071032,0.002111,0.646764,10.847734,15.595588,29.988848,0.039703,0.362393,0.001482,29.241069,29.604397
304,0,0.022614,0.751143,0.097443,0.002052,0.844814,10.730112,15.626498,30.383660,0.064818,0.462531,0.000875,29.449127,29.738518
305,0,0.026466,1.525566,0.171383,0.002878,1.660992,10.413388,15.622011,31.091451,0.654335,1.726910,0.001479,28.752787,30.522949
306,0,0.021097,0.538490,0.083682,0.001841,0.624013,9.902857,15.641799,29.809741,0.040408,0.327248,0.001116,29.094530,29.244860
307,0,0.026424,0.789926,0.096399,0.002358,0.882782,10.025129,15.652004,30.435600,0.066028,0.496553,0.000769,29.404513,29.676531
308,0,0.026024,0.784539,0.103869,0.002415,0.887304,10.395838,15.688162,30.788698,0.066124,0.478834,0.001009,29.810056,30.219456
309,0,0.023909,0.485733,0.109019,0.024980,0.599420,12.318785,14.724343,30.765602,0.057760,0.317106,0.001364,30.047533,30.391130
310,0,0.019437,0.689854,0.176548,0.002407,0.796464,12.018454,15.645670,31.078672,0.062208,0.463899,0.001657,30.168251,30.476075
311,0,0.026618,0.777977,0.150445,0.003224,0.889768,11.003108,15.779331,30.163228,0.080245,0.539244,0.001658,29.157293,29.757781
312,0,0.027069,0.756462,0.152708,0.003092,0.855299,9.900669,16.606016,31.127614,0.099198,0.499819,0.000999,30.074857,30.261640
313,0,0.023431,0.537602,0.096688,0.001597,0.627280,10.749238,15.660139,30.234719,0.039795,0.367974,0.001524,29.547225,29.932833
314,0,0.030444,0.658009,0.131192,0.002079,0.761767,9.728308,15.729238,30.295863,0.077945,0.414021,0.000821,29.378294,29.575164
315,0,0.029766,0.722031,0.113066,0.003154,0.838251,10.256958,15.489708,29.805797,0.062371,0.502326,0.001391,28.860165,29.426253
316,0,0.020688,0.745156,0.108807,0.001793,0.845744,10.802466,15.605021,31.133455,0.050559,0.580040,0.001211,30.099528,30.309778
317,0,0.025342,0.634568,0.101043,0.002457,0.733249,11.382993,15.640035,30.277685,0.051178,0.427942,0.001391,29.463057,29.834045
318,0,0.020618,0.717876,0.134408,0.004101,0.850623,9.813130,15.609594,30.080409,0.074628,0.492049,0.001458,29.037422,29.207089
319,0,0.020912,0.605636,0.067023,0.001762,0.671902,12.303522,15.549433,30.692861,0.044368,0.400368,0.000824,29.953089,30.333339
320,0,0.034795,0.765698,0.162783,0.002958,0.931439,9.488832,15.589845,30.095115,0.070316,0.505914,0.001062,28.990556,29.270487
321,0,0.030109,0.670402,0.069703,0.002302,0.740582,10.038220,15.725223,30.178845,0.056875,0.448437,0.001473,29.286898,29.513788
322,0,0.028964,0.876318,0.143555,0.002626,1.008226,10.526226,15.354749,30.598619,0.125610,0.615680,0.001178,29.514421,30.140360
323,0,0.017491,0.479488,0.075009,0.002041,0.556538,10.537760,15.667823,30.569412,0.044939,0.388238,0.001784,29.921359,30.350036
324,0,0.015908,0.952523,0.080543,0.002133,1.012255,9.214002,16.434673,30.930284,0.044085,1.037953,0.001704,29.238086,30.076507
325,0,0.017025,0.625624,0.071171,0.002071,0.691595,10.975826,15.570106,29.751180,0.123741,0.419366,0.001195,28.899649,29.388827
326,0,0.022077,0.555468,0.064198,0.001317,0.619223,11.932129,15.655970,31.032975,0.043824,0.402296,0.001424,30.322307,30.547617
327,0,0.020937,0.581300,0.073505,0.001996,0.656439,10.055260,15.545156,29.855089,0.046679,0.443610,0.001601,29.091758,29.137496
328,0,0.022094,0.464374,0.065243,0.002152,0.526042,11.148241,15.497603,29.787126,0.028461,0.239634,0.000992,29.207390,29.472214
329,0,0.022160,0.528168,0.073627,0.001941,0.596944,10.282625,15.565540,30.620833,0.039429,0.332853,0.001239,29.902164,30.013376
330,0,0.037081,0.875366,0.230467,0.005834,1.106345,10.853414,15.517376,30.265570,0.079901,0.521318,0.001454,29.117202,29.681454
331,0,0.019110,0.527957,0.066858,0.001658,0.582416,11.886906,15.765071,30.689210,0.063766,0.441459,0.000739,29.923419,30.401688
332,0,0.020778,0.546149,0.100075,0.001751,0.647946,11.102481,15.738878,30.566147,0.055752,0.401429,0.000821,29.861133,30.309486
333,0,0.027458,0.608193,0.092096,0.002534,0.698453,10.044715,15.635826,29.718664,0.048286,0.433461,0.001889,28.916166,29.240010
334,0,0.017511,0.491803,0.101868,0.007786,0.568259,12.697202,15.518729,31.353330,0.066429,0.354116,0.001497,30.640773,30.987118
335,0,0.026253,0.706945,0.139942,0.003309,0.850196,10.353633,15.427977,29.644353,0.063591,0.452721,0.001046,28.740599,28.943222
336,0,0.035449,0.878016,0.252286,0.002606,0.929422,11.168160,15.680079,31.003349,0.106949,0.664188,0.029895,29.509289,30.124027
337,0,0.024388,0.453081,0.072259,0.001781,0.526826,10.317235,15.701173,30.388234,0.049226,0.254584,0.002177,29.761593,29.905137
338,0,0.034079,0.766053,0.169368,0.002996,0.909437,9.893135,15.541737,30.498850,0.083746,0.571036,0.001317,29.306119,29.918546
339,0,0.021042,0.398172,0.086859,0.002617,0.456460,7.869500,15.460383,30.031570,2.452991,2.518017,0.001005,27.164216,29.694040
340,0,0.030368,0.842463,0.083827,0.001817,0.922123,10.590628,0.369885,15.430669,0.061528,0.571894,0.001196,14.376477,14.939478
341,0,0.008695,0.499776,0.074930,0.002465,0.572641,12.921002,15.508379,31.583021,0.036799,0.383486,0.000833,30.939017,31.207768
342,0,0.031494,0.650384,0.086438,0.001643,0.703115,10.419022,16.369989,30.455294,0.054385,0.452573,0.001344,29.643891,30.111470
343,0,0.026682,0.777398,0.145899,0.003109,0.926406,7.010537,15.624612,30.023562,0.074063,0.460394,0.001214,28.946721,29.207463
344,0,0.024103,0.514445,0.071923,0.001771,0.586855,10.757083,15.651716,30.538437,0.373276,0.659714,0.001650,29.516314,29.996422
345,0,0.022511,0.526134,0.116654,0.002315,0.645103,9.884129,15.549913,30.477861,0.053611,0.481561,0.001271,29.586830,29.920313
346,0,0.032195,0.784706,0.128827,0.011232,0.908796,11.101054,15.507185,30.822809,0.095124,0.497858,0.001435,29.754622,30.031828
347,0,0.020240,0.509003,0.083363,0.002772,0.594313,10.758890,15.645978,29.819452,0.040076,0.324083,0.000993,29.127168,29.402501
348,0,0.026231,0.789168,0.138325,0.004377,0.925130,10.632014,16.375232,30.881109,0.074264,0.523788,0.001248,29.826917,30.241086
349,0,0.098275,0.835460,0.083253,0.002308,0.910787,10.330290,15.777818,30.387869,0.456519,1.114196,0.001618,28.925096,30.068255
350,0,0.019423,0.567707,0.091419,0.002461,0.659614,11.397711,15.504051,29.998704,0.050466,0.365659,0.001244,29.244042,29.630652
351,0,0.025096,0.847473,0.195094,0.001908,1.043026,10.698824,15.781830,30.987360,0.057282,0.654793,0.001332,29.921370,30.398816
352,0,0.023559,0.524818,0.059925,0.001580,0.581308,10.561670,15.616433,29.984106,0.038163,0.408358,0.000982,29.279496,29.473636
353,0,0.025182,0.410856,0.064155,0.003521,0.474619,10.576863,15.534113,30.726586,0.049631,0.185209,0.001568,30.125627,30.339752
354,0,0.025183,0.504485,0.124555,0.002524,0.557927,10.776287,15.665245,30.248920,0.035525,0.285517,0.000940,29.579664,29.638983
355,0,0.021960,0.449625,0.099580,0.001855,0.510619,10.475099,15.531809,30.200518,0.043894,0.275085,0.001265,29.604695,29.881722
356,0,0.029290,0.769694,0.145801,0.002042,0.905019,12.058954,14.737787,30.217436,0.081493,0.532611,0.001371,29.201480,29.791784
357,0,0.023537,0.526673,0.062902,0.002524,0.582497,10.842238,15.630608,30.848699,0.033347,0.417732,0.001325,30.111654,30.195277
358,0,0.021101,0.527852,0.056561,0.001592,0.583675,10.430404,15.698365,30.234269,0.040425,0.420755,0.017911,29.557717,30.001857
359,0,0.028159,0.735684,0.403842,0.003636,1.034184,10.862401,15.459887,31.001644,0.075690,0.436710,0.001115,29.893655,30.157062
360,0,0.026738,2.413209,0.072009,0.001913,2.480327,7.221708,16.527732,29.692384,0.383871,2.234186,0.000966,26.733301,27.104199
361,0,0.021194,0.559891,0.074082,0.002215,0.632629,10.765848,15.766322,30.366008,0.043103,0.417993,0.001727,29.654992,30.064035
362,0,0.021982,0.675561,0.070313,0.001567,0.722389,10.064337,15.749478,30.292638,0.198552,0.489663,0.001671,29.446684,29.962879
363,0,0.031262,0.584955,0.094143,0.002687,0.669562,9.396999,15.472702,29.801993,0.067865,0.264604,0.001502,28.975769,29.159135
364,0,0.020056,0.470933,0.079252,0.002214,0.550363,11.468469,15.517277,30.790561,0.049028,0.309164,0.001380,30.145017,30.348866
365,0,0.020034,0.502020,0.071826,0.002034,0.574830,11.098831,15.487917,30.702436,0.037304,0.373671,0.001405,30.027550,30.230880
366,0,0.026011,0.648149,0.138026,0.002367,0.741490,10.684978,15.748412,30.606598,0.048737,0.412842,0.001180,29.731936,29.986479
367,0,0.021168,0.508143,0.075426,0.001645,0.581250,10.711257,15.495803,29.599443,0.038191,0.297752,0.001517,28.921685,29.050791
368,0,0.023838,0.773594,0.074749,0.002046,0.835690,10.666576,15.782262,30.847206,0.037068,0.629953,0.001043,29.834282,30.360660
369,0,0.023473,0.568529,0.146951,0.002627,0.716202,10.588382,15.568999,29.952032,0.059082,0.403803,0.000834,29.214016,29.610365
370,0,0.024676,0.522994,0.114478,0.002185,0.581620,10.907699,15.670661,30.506749,0.037189,0.381297,0.001256,29.808390,29.931425
371,0,0.023492,0.830419,0.171147,0.002583,0.947301,9.929597,16.697626,31.327519,0.149577,0.598741,0.001023,30.083173,30.370689
372,0,0.025591,0.644265,0.171633,0.005827,0.789679,10.739845,15.760447,30.732202,0.077311,0.354965,0.001053,29.820983,29.965401
373,0,0.020261,0.691434,0.070846,0.001913,0.741734,11.048759,15.632050,30.690772,0.138274,0.556063,0.001166,29.805407,30.295402
374,0,0.022744,0.497050,0.078553,0.001863,0.576149,9.969756,16.465300,30.797626,0.034436,0.343525,0.000947,30.117780,30.291733
375,0,0.023877,0.684656,0.105449,0.001782,0.786071,9.476365,16.669649,30.558717,0.058260,0.502270,0.001132,29.615337,29.828368
376,0,0.020862,0.532694,0.087720,0.002350,0.618755,9.378095,16.400919,30.263363,0.065102,0.397397,0.000877,29.520086,29.732248
377,0,0.030017,0.664110,0.100066,0.002222,0.750663,9.429055,15.518770,29.981037,0.072898,0.393746,0.001075,29.068810,29.229102
378,0,0.029751,0.779876,0.156458,0.002522,0.937405,9.449266,16.365922,31.001036,0.105696,0.622337,0.001194,29.883625,30.247107
379,0,0.017705,0.795985,0.076459,0.001999,0.865020,9.618127,15.600975,29.926068,0.039164,0.693422,0.001195,28.916311,29.425083
380,0,0.022316,0.662851,0.088796,0.002340,0.748735,9.593897,15.386917,30.177879,0.070962,0.562982,0.001201,29.137967,29.287160
381,0,0.026965,0.906975,0.147501,0.002920,1.021551,10.949020,15.384327,30.631571,0.228428,0.538863,0.000941,29.457068,30.224026
382,0,0.019621,0.449252,0.070464,0.001815,0.516911,10.880959,15.575542,30.822455,0.079370,0.332473,0.001044,30.162215,30.355813
383,0,0.025112,0.697164,0.161830,0.002522,0.861501,10.539736,15.661689,30.625958,0.058718,0.496084,0.000879,29.682251,30.219673
384,0,0.027962,1.141758,0.069828,0.002067,1.209799,9.184249,16.773219,30.559909,0.061555,0.954943,0.000979,29.241130,29.313869
385,0,0.022703,0.543729,0.081441,0.002417,0.625773,10.660251,15.603844,29.929980,0.037843,0.430580,0.000988,29.193259,29.464241
386,0,0.028894,0.739537,0.153543,0.003178,0.874209,10.604771,15.782432,30.293180,0.052390,0.555263,0.001444,29.361673,29.834000
387,0,0.019916,0.453873,0.060245,0.002032,0.514540,11.282180,15.510292,30.272879,0.079826,0.299809,0.001020,29.667796,29.842993
388,0,0.019185,0.514320,0.091424,0.002296,0.587637,11.062037,15.788543,31.526795,0.036285,0.366553,0.001514,30.831515,31.029350
389,0,0.032807,0.766208,0.145037,0.002264,0.889834,10.678784,16.642333,31.451703,0.084986,0.499690,0.001318,30.418847,30.984172
390,0,0.034200,0.762430,0.096883,0.001703,0.852987,11.732132,16.520223,31.574070,0.074306,0.517272,0.000556,30.612115,31.090021
391,0,0.020432,0.539905,0.087364,0.002707,0.627936,10.463076,16.663570,30.438549,0.103017,0.409962,0.001255,29.644607,30.044065
392,0,0.024702,0.459354,0.087179,0.002087,0.548620,11.105392,15.774305,31.199003,0.043511,0.268508,0.001437,30.583099,30.714064
393,0,0.022232,0.572493,0.092069,0.002223,0.638363,11.722737,16.896567,31.806550,0.048653,0.417306,0.001501,31.069080,31.361559
394,0,0.023643,0.558976,0.082909,0.002034,0.642155,11.547522,15.693777,31.194041,0.062029,0.386983,0.001195,30.431621,30.737744
395,0,0.021234,0.460653,0.064675,0.002702,0.523873,11.441994,15.794590,30.986489,0.043742,0.284845,0.001615,30.381311,30.706877
396,0,0.020565,0.555814,0.106850,0.001804,0.663452,11.970454,15.764849,31.729825,0.054446,0.257073,0.001627,30.923209,31.084262
397,0,0.020848,0.543192,0.082926,0.002356,0.628474,10.663647,16.618512,31.639474,0.047254,0.659525,0.001089,30.545695,31.082224
398,0,0.021747,0.576902,0.150695,0.002187,0.669822,10.686236,15.571125,31.034561,0.025497,0.353457,0.001857,30.219733,30.346836
399,0,0.024820,0.541627,0.060820,0.002001,0.600746,11.512969,15.403896,31.210488,0.046237,0.415890,0.001252,30.483873,30.663832
400,0,0.021708,0.439214,0.118708,0.002511,0.543624,10.939989,16.609463,32.360011,0.053345,0.247051,0.002309,31.738638,31.818897
401,0,0.025587,1.828937,0.090713,0.002332,1.915523,10.215441,15.852779,31.048490,0.267334,1.582811,0.000966,28.742171,29.019247
402,0,0.029283,0.730126,0.088393,0.002133,0.815252,10.815875,15.574393,30.778165,0.047589,0.494917,0.000900,29.789068,30.086791
403,0,0.029915,0.842917,0.075357,0.001754,0.903874,11.589981,16.505383,32.828971,0.078084,0.578035,0.001278,31.756524,31.943757
404,0,0.018949,0.552164,0.058023,0.002266,0.605755,10.535819,16.757535,31.747542,0.045971,0.363819,0.001087,31.042445,31.287278
405,0,0.034799,0.760480,0.114824,0.003623,0.870238,10.533313,16.613790,31.266384,0.085992,0.561377,0.000746,30.262827,30.871014
406,0,0.019650,0.571635,0.101361,0.054816,0.667402,11.367453,15.722139,31.134934,0.050526,0.411607,0.000845,30.339707,30.498226
407,0,0.023110,0.899696,0.124965,0.002330,1.004239,10.891925,15.782745,31.201264,0.062248,0.657116,0.001022,30.013703,30.421100
408,0,0.030108,0.738955,0.149532,0.003048,0.849689,12.238322,15.652426,31.784402,0.082280,0.526205,0.000779,30.832542,31.415153
409,0,0.025602,0.658778,0.096585,0.002638,0.758001,11.343210,15.403661,31.316073,0.106373,0.467248,0.000766,30.429666,30.622304
410,0,0.020620,0.860065,0.124036,0.003087,0.985084,11.230709,15.709865,31.482993,0.087901,0.622160,0.001108,30.335522,30.622375
411,0,0.066505,0.749572,0.139678,0.002900,0.885461,10.311022,15.520699,31.105243,0.081885,0.521988,0.000974,30.046954,30.331262
412,0,0.023434,0.556512,0.074955,0.001956,0.630019,12.224010,15.640950,32.123334,0.051924,0.489636,0.000994,31.343212,31.433915
413,0,0.031488,0.772930,0.155011,0.002761,0.899574,10.921141,15.694695,30.774395,0.061521,0.555380,0.001000,29.765180,30.383081
414,0,0.020592,0.710610,0.134244,0.002290,0.835570,11.059395,15.776316,32.077216,0.075652,0.379504,0.001055,31.085941,31.250694
415,0,0.030826,0.761361,0.146985,0.002827,0.909010,10.527438,16.402249,31.482375,0.065670,0.517188,0.001207,30.509923,31.007680
416,0,0.029997,0.606703,0.068348,0.001678,0.675212,10.979893,15.485764,30.770407,0.073528,0.424595,0.001792,29.917823,30.264408
417,0,0.024122,0.727077,0.120918,0.003978,0.841492,11.537645,15.715126,31.862882,0.070096,0.473152,0.001485,30.835381,31.091047
418,0,0.028064,0.653443,0.073963,0.002502,0.728117,11.459596,15.405829,31.144917,0.070558,0.400747,0.001272,30.322480,30.782846
419,0,0.023453,0.561632,0.082085,0.002095,0.642968,11.888536,15.597905,31.615368,0.067148,0.420608,0.001563,30.899310,31.364115
420,0,0.043447,1.018810,0.102626,0.001852,1.122062,11.292638,15.652777,31.167114,0.070555,0.732386,0.001223,29.879498,30.428764
421,0,0.034486,0.824635,0.133506,0.002255,0.953184,11.812659,15.683027,31.664093,0.080805,0.666388,0.000834,30.485548,30.856089
422,0,0.022114,0.799127,0.131435,0.004530,0.934461,10.354962,16.437956,30.529806,0.262297,0.716964,0.001040,29.276970,29.959334
423,0,0.022776,0.726510,0.157372,0.002168,0.856241,11.127208,15.698939,31.100741,0.079036,0.485989,0.001777,30.116599,30.369897
424,0,0.031347,0.864456,0.112015,0.002441,0.957535,11.311200,16.494005,32.205472,0.061589,0.850571,0.000984,30.694686,31.288667
425,0,0.024408,1.350124,0.601198,0.002992,1.954314,8.707602,15.617346,30.603083,0.801888,1.869417,0.001553,27.406902,28.296300
426,0,0.029737,0.772414,0.123298,0.004420,0.880949,12.586228,15.710551,31.955682,0.063939,0.445892,0.001118,30.959446,31.465910
427,0,0.036572,0.710685,0.060153,0.001647,0.770835,10.973250,16.493813,31.666471,0.065009,0.438811,0.001328,30.747412,30.976390
428,0,0.024473,0.550932,0.068179,0.002727,0.619218,11.177203,15.804237,31.320597,0.036778,0.350638,0.001566,30.601381,30.841097
429,0,0.029209,0.958202,0.202750,0.004533,1.100566,11.285347,15.598092,31.280126,0.072409,0.704756,0.001846,30.046062,30.679597
430,0,0.033948,0.612145,0.066492,0.001756,0.678464,12.252956,15.781809,31.776958,0.077760,0.304312,0.001164,30.984860,31.327766
431,0,0.021615,0.566818,0.060471,0.002415,0.625669,12.099314,15.641931,30.983918,0.037960,0.431191,0.001499,30.275647,30.370515
432,0,0.025219,0.777838,0.178283,0.003871,0.910941,11.373863,15.688056,31.330839,0.071957,0.533902,0.001599,30.283885,30.817881
433,0,0.022961,0.533750,0.092076,0.002377,0.601935,10.544101,15.781974,31.741996,0.042494,0.368971,0.001201,31.032835,31.138298
434,0,0.023560,0.471919,0.076819,0.001928,0.549924,11.038465,15.587241,30.824406,0.042006,0.293466,0.001287,30.175503,30.327832
435,0,0.034256,0.447476,0.070125,0.001487,0.518263,6.328568,5.545147,16.862583,0.047368,0.313926,0.002432,16.207797,16.521629
436,0,0.020759,0.550253,0.081011,0.002174,0.629592,12.270764,15.703266,31.362463,0.049708,0.393499,0.001371,30.625884,30.811886
437,0,0.024193,0.632530,0.111277,0.002057,0.697247,12.491816,15.573923,31.916811,0.076029,0.473643,0.001476,31.079328,31.331052
438,0,0.027995,0.785755,0.114194,0.002263,0.897022,10.766722,16.695006,31.698081,0.060952,0.553652,0.001314,30.642335,30.893726
439,0,0.023099,0.505058,0.074289,0.001778,0.574280,10.601508,16.326869,31.073877,0.046103,0.328618,0.000900,30.337546,30.487488
440,0,0.024526,0.581089,0.132150,0.010420,0.716120,11.192053,15.770781,31.196940,0.050436,0.410767,0.001347,30.391094,30.540082
441,0,0.022015,0.535284,0.067167,0.001975,0.587701,11.422760,15.779899,31.748576,0.044840,0.356824,0.001227,31.027251,31.079192
442,0,0.026455,0.820660,0.163277,0.003324,0.937672,10.979764,16.508079,31.667226,0.065008,0.607291,0.001280,30.505490,30.743530
443,0,0.018525,0.547545,0.077752,0.001952,0.613894,12.244437,15.397164,31.124588,0.070976,0.381643,0.001159,30.391251,30.753829
444,0,0.024611,1.474312,0.101895,0.001613,1.556818,11.390489,15.576265,31.438488,0.076560,1.213066,0.001041,29.701183,30.487659
445,0,0.018523,0.686580,0.072527,0.002499,0.739859,11.893864,15.610015,31.440341,0.042553,0.538221,0.001249,30.520249,30.842687
446,0,0.020090,0.555040,0.076388,0.001882,0.630738,12.655575,15.519973,31.614637,0.044639,0.390234,0.001307,30.876066,30.938313
447,0,0.023814,1.070822,0.169441,0.005512,1.197399,10.962891,15.573121,30.987848,0.066190,0.627784,0.001442,29.664621,30.336549
448,0,0.025765,0.885535,0.125568,0.017997,1.013308,11.905127,16.565165,32.273636,0.061557,0.531391,0.001501,31.109249,31.703042
449,0,0.022496,0.518610,0.115360,0.002343,0.582414,11.303981,15.744501,31.292654,0.036498,0.393592,0.000935,30.581212,30.648938
450,0,0.031921,0.842783,0.148699,0.003859,0.979867,11.181302,15.661030,30.887980,0.089829,0.587590,0.001544,29.780285,30.354500
451,0,0.028182,0.587759,0.079338,0.002658,0.665472,11.807269,15.611606,31.724892,0.060673,0.415893,0.001318,30.942193,31.297475
452,0,0.020757,0.581197,0.074852,0.002859,0.657324,11.390493,15.495017,31.030887,0.048154,0.430198,0.001495,30.255308,30.327834
453,0,0.034582,0.904364,0.134321,0.002676,1.004757,11.115976,15.874803,31.449690,0.076701,0.478581,0.001110,30.247578,30.649437
454,0,0.032465,0.757883,0.123466,0.004303,0.880173,10.160201,15.566097,30.462549,0.089720,0.489342,0.001466,29.464671,30.013154
455,0,0.022621,0.553888,0.080280,0.001364,0.615147,11.720385,15.666583,31.662208,0.048577,0.367390,0.001202,30.882342,31.153782
456,0,0.019697,0.528601,0.085363,0.001819,0.612857,11.897865,15.848029,31.501907,0.047675,0.387762,0.001625,30.816933,31.242626
457,0,0.022008,0.845687,0.069980,0.002081,0.905030,11.311121,15.814246,31.501779,0.054456,0.792096,0.000957,30.216198,30.785474
458,0,0.024234,0.585539,0.069677,0.002861,0.646921,11.099422,15.750374,30.962979,0.039357,0.473762,0.001391,30.167486,30.223041
459,0,0.023065,0.536498,0.072436,0.001787,0.596498,12.902599,15.531224,32.028521,0.045762,0.406951,0.001379,31.295410,31.664067
460,0,0.027942,0.961848,0.092672,0.002144,1.049561,11.123674,15.549650,30.908804,0.115566,0.799308,0.001611,29.614537,29.989381
461,0,0.022063,0.564841,0.075130,0.002008,0.640339,12.565992,15.577115,31.777504,0.040044,0.412690,0.001279,31.048497,31.310777
462,0,0.023428,0.490600,0.072176,0.002218,0.563152,12.031366,15.574399,31.636222,0.047073,0.276186,0.001176,30.964339,31.119532
463,0,0.019629,0.619816,0.088627,0.002480,0.710923,11.978336,15.486200,31.179641,0.048211,0.483552,0.001005,30.348930,30.465834
464,0,0.025520,0.563691,0.083362,0.002349,0.640461,11.364878,15.395783,31.203450,0.038361,0.339557,0.001777,30.468114,30.742799
465,0,0.032399,0.695347,0.124825,0.003752,0.818853,11.686626,15.614251,31.776128,0.081013,0.381491,0.001406,30.839654,31.192201
466,0,0.024641,0.797170,0.099212,0.001648,0.850257,11.876614,0.410193,16.143468,0.113964,0.462598,0.001055,15.095543,15.541367
467,0,0.009795,1.487896,0.074807,0.001774,1.562108,9.508207,16.423235,32.284889,0.050142,1.601752,0.001666,30.250596,30.315734
468,0,0.044402,0.785729,0.139885,0.003664,0.928141,10.895296,15.737486,30.954454,0.073379,0.465572,0.001478,29.904805,30.371534
469,0,0.022668,0.444220,0.061481,0.002149,0.506806,12.237049,15.555015,31.097606,0.038590,0.303868,0.001233,30.510026,30.845602
470,0,0.021192,0.460859,0.072474,0.001639,0.531135,11.318286,16.461809,32.183484,0.055380,0.284909,0.002118,31.531293,31.611796
471,0,0.022813,0.714399,0.105870,0.001958,0.817987,10.783078,16.582883,31.669588,0.082067,0.479828,0.001082,30.754895,31.299876
472,0,0.039631,0.812226,0.140626,0.002603,0.928974,10.818223,15.667755,31.127958,0.098274,0.577965,0.000826,29.946049,30.326250
473,0,0.019865,0.608749,0.094531,0.073279,0.705520,10.860234,16.524942,31.631711,0.043615,0.400932,0.001381,30.811860,30.958740
474,0,0.020876,0.872416,0.174850,0.003086,1.038976,10.853911,15.668416,30.815014,0.070630,0.595079,0.001267,29.613364,29.939278
475,0,0.020547,0.525568,0.073285,0.001817,0.592468,12.808557,15.706422,31.908241,0.035191,0.433999,0.001419,31.219940,31.682294
476,0,0.022952,0.511802,0.082512,0.001928,0.573419,11.288850,15.739949,31.006034,0.046864,0.383540,0.002010,30.339553,30.762095
477,0,0.027026,0.700477,0.105602,0.002550,0.802318,11.734896,15.620027,31.696935,0.079221,0.482708,0.001409,30.758327,31.051603
478,0,0.018385,0.554289,0.094738,0.002189,0.618998,12.365427,15.850250,31.744268,0.044638,0.363926,0.001274,31.001875,31.117685
479,0,0.062551,0.701316,0.094999,0.003195,0.792412,10.390562,16.597649,31.410263,0.073674,0.426441,0.001706,30.469914,30.584559
480,0,0.018120,0.573555,0.073135,0.002838,0.644527,11.124544,16.474671,31.656307,0.046588,0.393141,0.001716,30.906153,31.069331
481,0,0.020439,0.504355,0.144799,0.002579,0.623856,10.087273,16.458331,31.076253,0.038303,0.384077,0.001201,30.397152,30.810192
482,0,0.024177,0.768276,0.135880,0.002608,0.899862,11.099704,16.578326,31.785629,0.069476,0.539356,0.001259,30.802383,31.384263
483,0,0.022775,0.596643,0.070912,0.001939,0.661163,11.864325,15.651014,31.310001,0.061907,0.464608,0.001462,30.545589,30.969003
484,0,0.023728,1.236333,0.106223,0.005478,1.283049,6.250997,16.581848,31.087790,0.202439,3.058914,0.002022,27.143712,30.240115
485,0,0.023888,0.682986,0.072131,0.002804,0.756964,11.889720,15.752665,31.761199,0.039403,0.484128,0.001605,30.863735,31.253569
486,0,0.023684,0.516055,0.082295,0.002876,0.598093,10.190954,15.525189,29.938306,0.037760,0.389303,0.001635,29.229245,29.409342
487,0,0.051677,0.678165,0.119209,0.002323,0.789219,12.211069,15.668600,31.453746,0.059383,0.520319,0.001402,30.556321,31.019799
488,0,0.033151,0.726836,0.064560,0.002487,0.781598,12.051807,15.656764,31.518892,0.063776,0.339499,0.001256,30.616648,30.856922
489,0,0.022100,0.377747,0.060559,0.002260,0.430899,11.622057,15.722336,31.582040,0.054462,0.235310,0.001321,31.053997,31.111363
490,0,0.032908,0.978849,0.107601,0.001915,1.086998,11.178945,15.787536,30.954944,0.083677,0.659987,0.001513,29.757972,30.153779
491,0,0.031196,0.843860,0.136150,0.003517,0.971469,10.246776,16.680533,32.274288,0.279631,0.796720,0.000912,30.955958,31.055538
492,0,0.023124,0.601758,0.112253,0.002124,0.715742,11.535855,15.636126,31.069108,0.050955,0.457501,0.001825,30.272772,30.642338
493,0,0.027085,0.735375,0.096809,0.002343,0.826682,11.185071,16.503645,31.843831,0.056473,0.513691,0.001994,30.900425,31.364247
494,0,0.044543,0.650637,0.107725,0.004354,0.755497,11.153186,15.742551,30.586887,0.082895,0.339210,0.000800,29.681774,30.017267
495,0,0.024437,0.538479,0.074410,0.002339,0.612266,11.936773,15.717491,31.567600,0.040229,0.385017,0.001674,30.835131,30.923807
496,0,0.023284,0.410261,0.057399,0.002149,0.469088,9.724352,15.481314,31.361609,0.039804,0.201421,0.002053,30.764371,30.853876
497,0,0.026990,0.663432,0.104875,0.003713,0.762173,11.495334,15.695047,31.580788,0.075971,0.348428,0.001427,30.677556,30.864569
498,0,0.020794,0.499527,0.152901,0.004749,0.653151,12.691219,16.660618,33.035574,0.035931,0.312880,0.001137,32.401531,32.728601
499,0,0.023498,0.543701,0.071998,0.001854,0.616480,11.571216,15.534119,30.540360,0.040433,0.421930,0.001000,29.846160,30.298843
500,0,0.016731,0.550239,0.069703,0.002545,0.620563,12.308634,15.548316,31.754374,0.054587,0.390272,0.001224,31.042224,31.249741
501,0,0.017389,0.524499,0.086300,0.002160,0.597714,12.592897,15.473172,31.583870,0.120888,0.387896,0.001210,30.888060,31.256589
502,0,0.022756,0.540211,0.090298,0.001834,0.624934,10.939224,16.669126,31.918428,0.038572,0.408068,0.001367,31.177651,31.332531
503,0,0.027620,0.759346,0.095715,0.001794,0.847956,10.757574,16.395746,31.206401,0.082281,0.508433,0.001039,30.167021,30.272905
504,0,0.025281,0.804502,0.148718,0.002662,0.911008,10.047742,16.049000,31.324128,0.107467,0.550459,0.001323,30.217537,30.497442
505,0,0.026566,0.965318,0.173243,0.003061,1.033697,11.342108,15.674252,31.088789,0.262411,0.765438,0.000961,29.536727,29.859400
506,0,0.026568,0.935164,0.102275,0.002217,0.995640,10.417082,15.731938,31.364475,0.257416,0.919200,0.001533,29.964287,30.447485
507,0,0.021826,0.578762,0.083475,0.001669,0.663906,11.932606,15.773935,32.182148,0.043577,0.451212,0.001789,31.451990,31.792510
508,0,0.022493,0.921646,0.075565,0.001625,0.994828,11.594454,15.477171,30.919878,0.037442,0.755221,0.001386,29.819888,29.889022
509,0,0.024386,0.509370,0.098551,0.001874,0.578388,11.160274,16.565046,31.869720,0.052093,0.339595,0.001775,31.169777,31.498044
510,0,0.033317,0.795067,0.063146,0.001335,0.856922,11.610024,15.730281,31.260966,0.148784,0.655096,0.001195,30.193826,30.905521
511,0,0.018352,0.552551,0.107311,0.001961,0.610531,12.593959,15.456125,31.472079,0.049243,0.348120,0.001206,30.778166,31.138542
512,0,0.022101,0.505817,0.063190,0.001797,0.570136,12.055364,15.525618,31.360803,0.052441,0.327397,0.001789,30.685014,30.934648
513,0,0.020580,0.777186,0.103292,0.001900,0.879650,12.096087,15.731945,31.529040,0.077373,0.558504,0.000951,30.533793,31.154317
514,0,0.033221,0.854506,0.157664,0.002868,0.957308,11.853961,15.571308,31.438442,0.115640,0.564159,0.000941,30.250542,30.482239
515,0,0.021774,0.584577,0.076298,0.002270,0.659606,11.770150,15.676662,31.148369,0.085691,0.491782,0.000954,30.304807,30.484451
516,0,0.029040,0.785340,0.172531,0.003463,0.930867,11.405065,16.563550,32.094937,0.075558,0.554330,0.001397,30.937501,31.251804
517,0,0.022795,0.517382,0.068472,0.002313,0.584886,10.984726,15.640434,30.074839,0.054056,0.400616,0.001415,29.385599,29.722440
518,0,0.022041,0.537907,0.061600,0.001838,0.595593,11.660853,15.599034,30.983807,0.037328,0.386797,0.001336,30.269849,30.611250
519,0,0.027883,0.774569,0.114076,0.003079,0.889863,11.662070,15.525526,31.489579,0.086602,0.420837,0.001896,30.460560,30.914587
520,0,0.021749,0.448984,0.067195,0.002414,0.511098,12.145058,15.771639,31.740012,0.041626,0.322591,0.001556,31.154971,31.515150
521,0,0.021107,0.532366,0.073489,0.001871,0.592639,12.188545,15.582167,31.739118,0.038554,0.399502,0.001770,31.043066,31.397502
522,0,0.027566,0.732400,0.112128,0.002759,0.834574,11.037634,16.584147,31.752220,0.064364,0.532556,0.001388,30.801084,31.367555
523,0,0.023631,0.780340,0.131023,0.002715,0.900485,10.807646,15.557022,30.621171,0.135580,0.502937,0.001747,29.547279,30.123126
524,0,0.020338,0.545403,0.089234,0.002512,0.631206,11.711498,16.591239,32.202411,0.056713,0.352827,0.001264,31.527541,31.885432
525,0,0.024122,0.536363,0.072801,0.002128,0.608807,11.048412,15.424763,30.818400,0.050586,0.394037,0.001489,30.094196,30.294948
526,0,0.023829,0.942535,0.184296,0.003813,1.096151,11.394290,16.727241,32.090301,0.067122,0.703134,0.001201,30.765472,31.134261
527,0,0.035606,1.291042,0.074057,0.001976,1.352715,8.628098,15.570222,30.730119,1.611030,2.386676,0.001116,27.810428,30.234719
528,0,0.023937,0.935298,0.086820,0.002158,1.022369,11.835674,15.810746,32.020031,0.054646,0.792664,0.001368,30.876389,31.478390
529,0,0.023931,0.708027,0.110361,0.002344,0.788318,10.472643,0.646183,15.406959,0.068977,0.369630,0.001738,14.467406,14.681521
530,0,0.009915,0.513537,0.065856,0.003096,0.579802,12.309860,16.708567,32.627394,0.045454,0.381430,0.001272,31.900591,32.309590
531,0,0.022016,0.578565,0.144851,0.002920,0.651091,10.519062,16.576528,31.312192,0.050398,0.422233,0.001400,30.555452,30.775379
532,0,0.028050,0.662745,0.068578,0.001533,0.723315,11.346738,15.704266,30.674714,0.099645,0.481268,0.001622,29.715067,30.243008
533,0,0.020000,0.556659,0.079468,0.001912,0.631221,11.959094,16.487626,32.244662,0.045278,0.353063,0.001085,31.526955,31.812049
534,0,0.020191,0.528444,0.082397,0.001974,0.605096,10.464761,16.479207,31.353189,0.038476,0.362704,0.001130,30.637014,30.785368
535,0,0.024354,0.681762,0.150432,0.003535,0.809774,11.680874,15.719504,31.588094,0.083853,0.389950,0.001068,30.587505,30.771858
536,0,0.032386,0.939092,0.146487,0.002938,0.992947,11.577614,15.471214,31.078315,0.228547,0.525172,0.000887,29.620051,30.240672
537,0,0.017676,0.586744,0.076734,0.001961,0.660885,11.682116,16.412426,31.718849,0.050260,0.429663,0.001213,30.947693,31.070631
538,0,0.023858,0.888787,0.136407,0.001833,1.026911,10.706737,16.511567,31.582676,0.066048,0.666405,0.001484,30.422035,30.817376
539,0,0.022596,0.783932,0.115018,0.002490,0.899999,11.186784,15.556027,30.892822,0.068434,0.494331,0.000960,29.866637,30.287384
540,0,0.018085,0.581095,0.088855,0.002593,0.642252,12.889480,15.519229,31.522122,0.047639,0.424327,0.000792,30.792230,31.152080
541,0,0.022288,0.735752,0.115614,0.002016,0.826897,11.232511,15.537337,31.418326,0.050814,0.540893,0.001337,30.445033,30.621995
542,0,0.023780,0.825896,0.131098,0.002851,0.951682,11.197751,16.729266,32.082757,0.072728,0.560451,0.000937,30.993239,31.112780
543,0,0.028475,0.770491,0.059108,0.001504,0.830416,11.436252,15.629082,30.952724,0.100060,0.467472,0.001864,29.926046,30.437842
544,0,0.021243,0.631170,0.099908,0.001302,0.698225,12.290255,16.419983,31.883783,0.061946,0.511085,0.001115,31.012633,31.313550
545,0,0.021137,0.831560,0.176685,0.004348,0.966891,9.615389,15.556979,30.542158,0.061150,0.971988,0.001759,28.950211,29.769055
546,0,0.022789,0.779826,0.126152,0.003725,0.902609,11.489344,15.687212,31.457276,0.089631,0.550919,0.001257,30.417872,30.893948
547,0,0.024127,0.608457,0.077912,0.001407,0.684565,12.137400,15.469876,32.044232,0.041246,0.437924,0.001199,31.234141,31.381346
548,0,0.025175,0.541084,0.099291,0.002513,0.615987,10.342972,16.417954,30.586360,0.042416,0.345575,0.000963,29.829869,30.072321
549,0,0.028619,0.749081,0.096347,0.002993,0.843982,9.744881,14.756573,28.553773,0.066294,0.413999,0.001954,27.570527,27.978756
550,0,0.014090,0.824348,0.083736,0.002417,0.906803,11.812798,15.716507,31.132915,0.045536,0.702514,0.001563,30.114091,30.383600
551,0,0.018245,0.578717,0.074316,0.001121,0.642158,11.305952,15.649716,30.402708,0.046228,0.431897,0.001742,29.612331,29.965007
552,0,0.026281,0.907052,0.140986,0.003175,1.002616,11.123859,15.708121,30.764772,0.071840,0.675492,0.001303,29.526249,29.697566
553,0,0.025868,0.605039,0.056663,0.001594,0.660035,10.905201,15.472384,30.113761,0.061506,0.445748,0.001112,29.291604,29.418553
554,0,0.025209,0.521949,0.096178,0.002469,0.599696,11.584274,15.697653,30.503094,0.039200,0.303215,0.001854,29.817105,30.155847
555,0,0.020850,0.517110,0.059072,0.002361,0.574772,11.108395,15.621976,30.519723,0.066996,0.392247,0.001105,29.799876,29.915077
556,0,0.035105,0.780709,0.129451,0.002351,0.899736,10.774225,15.711662,30.458542,0.063093,0.484472,0.001786,29.440998,29.909102
557,0,0.022141,0.530600,0.072456,0.001754,0.602515,10.651801,15.427612,30.277931,0.054813,0.395897,0.001572,29.555043,29.705680
558,0,0.023188,0.854920,0.105874,0.002789,0.944254,11.032335,15.461030,30.003871,0.077671,0.577994,0.001452,28.902943,29.544642
559,0,0.022978,0.500715,0.084079,0.002851,0.557456,11.090771,15.492186,30.678424,0.037214,0.306082,0.001005,29.912346,30.094610
560,0,0.014314,0.562318,0.072224,0.001979,0.630060,11.598278,16.449144,31.024583,0.041045,0.317994,0.000930,30.302537,30.528734
561,0,0.025163,0.660433,0.057777,0.001519,0.717531,12.298691,14.773061,30.592708,0.048749,0.383142,0.001215,29.769441,30.182588
562,0,0.030922,1.029314,0.111434,0.002814,1.092288,10.927065,15.644218,30.774794,0.107554,0.943338,0.001059,29.310284,30.181514
563,0,0.022146,0.535286,0.064207,0.002052,0.590918,11.804095,15.428108,30.379509,0.084155,0.408203,0.001104,29.704122,30.139671
564,0,0.024038,0.610796,0.106387,0.002189,0.710299,10.436969,15.408006,30.341421,0.059499,0.389741,0.001745,29.490394,29.633361
565,0,0.018460,0.893488,0.113680,0.001948,0.982874,10.615819,14.873650,30.171773,0.042133,0.714765,0.001508,29.053744,29.365691
566,0,0.016679,0.850991,0.109929,0.007317,0.923509,11.224175,15.460016,30.800876,0.387617,0.733427,0.001692,29.542748,30.243707
567,0,0.024449,0.514384,0.066553,0.001553,0.578019,10.789528,15.430001,30.552216,0.043629,0.312310,0.001715,29.845834,30.083360
568,0,0.038074,0.844710,0.170552,0.003197,0.965097,9.328273,15.706363,30.039258,0.291348,0.532705,0.000874,28.779775,29.251205
569,0,0.028234,0.966325,0.115494,0.004560,1.079065,10.947303,15.422182,30.608706,0.096435,0.842464,0.001082,29.282742,29.857771
570,0,0.020633,0.559977,0.073923,0.002075,0.632812,11.880546,15.608759,31.182085,0.044513,0.371306,0.000986,30.465121,30.779018
571,0,0.023595,0.794079,0.159711,0.002769,0.905260,9.843333,15.680061,29.717731,0.061584,0.492898,0.001407,28.566477,28.696568
572,0,0.028955,0.762895,0.168071,0.002591,0.907317,10.858906,15.517876,30.447871,0.066091,0.560769,0.001240,29.362291,29.680775
573,0,0.018543,0.550734,0.113210,0.002776,0.641921,11.061291,15.433991,30.328839,0.048465,0.394037,0.001115,29.567792,29.797057
574,0,0.030274,1.132053,0.083351,0.002337,1.216097,10.885400,15.477894,30.798791,0.074478,0.818773,0.001443,29.418003,30.201565
575,0,0.032025,0.564639,0.061852,0.001438,0.625681,10.893860,15.689808,30.519249,0.076069,0.277283,0.001283,29.740478,30.026294
576,0,0.021904,0.497605,0.065541,0.001983,0.553183,11.227586,15.452478,30.628117,0.040225,0.391144,0.001223,29.939801,30.368701
577,0,0.027347,0.639975,0.090327,0.001831,0.697225,10.453551,16.515959,30.643231,0.049673,0.401962,0.001007,29.816121,30.063374
578,0,0.023170,0.785522,0.278347,0.002901,0.886344,8.538838,16.507968,30.170106,0.065929,0.477671,0.001460,28.929774,29.217803
579,0,0.022835,0.533102,0.076739,0.001847,0.606704,10.961803,15.496740,30.128992,0.044448,0.353305,0.001217,29.441902,29.806746
580,0,0.026718,0.680656,0.061544,0.002098,0.739125,9.090236,15.605734,29.153313,0.052008,0.443630,0.001445,28.294918,28.598654
581,0,0.026081,0.716116,0.105715,0.003408,0.823120,11.278924,15.644754,31.119724,0.067893,0.493009,0.001484,30.159146,30.571319
582,0,0.021035,0.503893,0.074108,0.001993,0.558528,9.545620,16.489384,30.556407,0.046173,0.307216,0.001334,29.877672,30.074763
583,0,0.026366,0.558087,0.068165,0.002100,0.626045,9.868800,15.615490,30.222264,0.054773,0.784079,0.001207,28.965405,29.387636
584,0,0.030010,0.801376,0.109816,0.003364,0.909378,10.605444,15.702805,30.110167,0.058890,0.505380,0.001442,29.063208,29.198813
585,0,0.033271,0.871261,0.138320,0.003019,0.981145,10.893667,15.378112,30.429202,0.058174,0.686936,0.001579,29.251251,29.851095
586,0,0.020499,0.560070,0.091531,0.002322,0.623101,11.698901,15.573681,30.731558,0.029228,0.370520,0.001258,30.033034,30.336947
587,0,0.031863,1.725418,0.076487,0.001850,1.803755,9.859321,15.419027,30.310462,0.257320,1.618735,0.001793,28.153020,28.645168
588,0,0.032676,0.835442,0.108502,0.003686,0.937618,10.564150,15.425321,30.203530,0.059491,0.530630,0.001265,29.126451,29.486821
589,0,0.021703,0.568300,0.079837,0.002023,0.648925,11.752697,15.463285,31.063566,0.055424,0.417322,0.001761,30.300705,30.652787
590,0,0.021626,0.448554,0.063732,0.001759,0.508974,10.292658,15.530222,29.941589,0.068440,0.247990,0.001477,29.275955,29.445023
591,0,0.019995,0.539797,0.052546,0.001101,0.592844,11.129607,15.590906,30.399316,0.047836,0.335741,0.001627,29.705812,29.889341
592,0,0.022207,0.655171,0.116743,0.003288,0.751498,10.558004,16.400220,31.846175,0.036379,0.435817,0.001070,30.968223,31.031023
593,0,0.022145,0.532559,0.071630,0.001601,0.604629,10.694770,15.396028,29.629458,0.046918,0.355270,0.001280,28.920425,29.258464
594,0,0.020563,0.772929,0.155118,0.002851,0.894219,10.790903,15.723888,30.846291,0.064952,0.493139,0.001322,29.825577,30.128258
595,0,0.016733,0.519496,0.056507,0.001860,0.575540,11.296133,15.473549,30.347142,0.035737,0.388954,0.001529,29.664371,29.931628
596,0,0.020028,0.508795,0.076499,0.001851,0.582091,9.463512,15.549143,30.324531,0.044638,0.390502,0.001267,29.603477,29.819511
597,0,0.023412,0.808112,0.154845,0.003268,0.961480,10.827764,15.550756,30.689961,0.062263,0.592916,0.001390,29.665146,30.224529
598,0,0.025656,0.855380,0.128188,0.003439,0.965558,10.221124,15.613205,30.538974,0.061446,0.569658,0.001139,29.378776,29.545025
599,0,0.016400,0.472068,0.075029,0.002056,0.542929,12.134492,15.422556,30.525048,0.058194,0.342426,0.000956,29.847585,30.226924
600,0,0.021238,0.574331,0.075369,0.002374,0.648172,11.289863,15.340603,30.456990,0.104307,0.419005,0.001351,29.710578,29.965758
601,0,0.022936,0.859722,0.154271,0.002786,0.942092,10.845272,15.471877,30.040683,0.072051,0.575406,0.001342,28.900874,29.271729
602,0,0.028097,1.040804,0.195056,0.033613,1.240588,10.724983,15.399162,30.702108,0.059459,0.717677,0.000826,29.286204,30.059774
603,0,0.020542,1.002375,0.085271,0.002160,1.066880,9.157901,15.379904,30.005365,0.841416,2.247840,0.000884,26.998222,28.544907
604,0,0.018789,0.606303,0.078484,0.001659,0.667765,12.554723,14.349743,30.504119,0.315254,0.781769,0.001085,29.474858,30.283178
605,0,0.023823,0.557569,0.069938,0.002594,0.628419,10.868271,15.597184,30.816894,0.037942,0.404718,0.001032,30.076682,30.150888
606,0,0.032266,0.897346,0.191235,0.002759,1.050829,10.651041,16.495380,30.928034,0.064667,0.626310,0.001376,29.787804,30.351229
607,0,0.025175,0.511365,0.103138,0.004278,0.618781,9.895704,16.485609,30.528545,0.035719,0.333649,0.001025,29.795487,29.873825
608,0,0.034629,0.645221,0.105385,0.001665,0.752271,10.583858,14.673332,29.448653,0.063247,0.330065,0.001537,28.584282,28.925449
609,0,0.021091,0.552432,0.075645,0.002359,0.613876,12.269796,15.435472,30.722048,0.039343,0.419423,0.001388,30.033301,30.447529
610,0,0.021513,0.417101,0.055459,0.002029,0.473857,10.272801,15.485453,30.228327,0.134080,0.278155,0.000998,29.565073,29.754129
611,0,0.020116,0.468476,0.071485,0.001942,0.538598,10.937128,15.647329,29.917590,0.037835,0.331180,0.001303,29.305722,29.552853
612,0,0.030827,0.745809,0.125557,0.004019,0.872274,10.120496,15.639381,30.002235,0.076549,0.509088,0.001593,29.038625,29.607717
613,0,0.018728,0.498763,0.065583,0.002287,0.564796,12.162688,15.415524,30.683349,0.038360,0.417395,0.001193,29.977001,30.328495
614,0,0.021800,0.472289,0.060442,0.002024,0.532292,11.032282,15.500095,30.363594,0.040882,0.265855,0.001031,29.694629,29.816129
615,0,0.033489,0.849918,0.119011,0.003335,0.950089,9.740560,16.691829,31.230807,0.061940,0.608273,0.000906,30.100697,30.385858
616,0,0.022324,0.433388,0.056131,0.001901,0.490074,11.296382,14.769571,29.545788,0.036648,0.256114,0.001648,28.985113,29.216318
617,0,0.031525,0.764524,0.095775,0.001924,0.861358,11.384599,15.683925,31.304490,0.072124,0.336696,0.001598,30.297598,30.678802
618,0,0.027597,1.140680,0.144158,0.004383,1.202542,10.363141,15.599379,30.076701,0.268426,1.124722,0.001405,28.413443,29.629118
619,0,0.020157,0.522687,0.066265,0.001892,0.579452,11.922204,15.381942,30.447604,0.074545,0.328318,0.001143,29.758719,30.129600
620,0,0.028471,0.759992,0.140837,0.009523,0.910352,10.505435,15.590326,30.302767,0.145427,0.529579,0.001382,29.234721,29.776342
621,0,0.021576,0.564217,0.083450,0.002063,0.624610,10.719553,16.381632,30.654495,0.039161,0.435306,0.001425,29.938829,30.334252
622,0,0.019437,0.533087,0.109413,0.002403,0.615820,11.076049,16.449057,30.870462,0.046387,0.409663,0.001582,30.151189,30.513906
623,0,0.029885,0.727259,0.134079,0.002588,0.862242,10.126024,15.583989,29.910914,0.075219,0.493356,0.001366,28.912292,29.233030
624,0,0.027519,0.836356,0.142858,0.003491,0.973155,12.146847,15.603284,31.296330,0.108136,0.524010,0.000948,30.209279,30.790355
625,0,0.020065,0.494928,0.110156,0.002312,0.574320,10.358080,15.535337,30.026843,0.050104,0.382998,0.001437,29.347638,29.705878
626,0,0.018457,0.549753,0.073195,0.001814,0.616493,12.046414,15.387941,30.744869,0.039594,0.403803,0.000889,30.059477,30.466062
627,0,0.025606,0.773106,0.121820,0.001898,0.885939,11.180249,15.644421,30.738214,0.179490,0.444859,0.000796,29.567455,29.844630
628,0,0.027094,0.678355,0.097809,0.001933,0.763729,11.478149,15.651464,30.552319,0.068118,0.459581,0.001137,29.654828,30.067002
629,0,0.021331,0.585034,0.087559,0.002145,0.670512,10.631963,15.608533,30.549368,0.064072,0.443374,0.001296,29.737297,29.946371
630,0,0.022519,0.585756,0.096100,0.001862,0.683707,10.220168,15.407008,29.845129,0.046669,0.456309,0.000733,29.015422,29.499767
631,0,0.024774,0.729499,0.069183,0.001964,0.798696,10.371795,16.680618,31.255606,0.061027,0.487211,0.001099,30.328651,30.440451
632,0,0.020987,0.534593,0.074586,0.002138,0.607422,10.291236,15.452630,29.962204,0.057183,0.405667,0.000989,29.249964,29.360454
633,0,0.025581,0.559960,0.103342,0.002167,0.665044,11.531265,15.442332,30.692483,0.087380,0.434571,0.001852,29.909012,30.300403
634,0,0.021730,0.748501,0.176972,0.003657,0.910490,8.496607,16.447337,30.454004,0.062414,0.515221,0.001735,29.431291,29.515121
635,0,0.019823,0.664801,0.141795,0.004930,0.811526,10.390392,15.453309,29.962227,0.052837,0.550822,0.001226,29.105300,29.181138
636,0,0.022578,0.510249,0.075024,0.002468,0.583587,11.312013,16.365261,31.204406,0.046143,0.412703,0.001010,30.512760,30.873230
637,0,0.021921,0.872084,0.104640,0.002013,0.977433,10.857837,15.629130,30.023516,0.078281,0.573552,0.000849,28.887808,29.507206
638,0,0.014649,0.779086,0.136184,0.002838,0.906104,10.800024,15.582054,30.223157,0.068976,0.503436,0.001032,29.147092,29.468800
639,0,0.018237,0.519371,0.087144,0.002377,0.602197,11.910757,15.631258,30.974411,0.074765,0.365933,0.001348,30.212164,30.480044
640,0,0.033564,0.756771,0.069221,0.002026,0.827469,10.002616,15.712087,29.793722,0.068325,0.490871,0.001184,28.838459,29.104148
641,0,0.062915,0.654475,0.129818,0.001982,0.785790,10.650222,15.727523,30.760593,0.075427,0.343193,0.001031,29.862625,30.056572
642,0,0.023015,0.561566,0.107791,0.002264,0.670492,10.114488,15.631452,29.333290,0.043846,0.417055,0.001219,28.626561,29.037406
643,0,0.025061,0.515456,0.070806,0.002418,0.570570,10.714933,15.450323,30.458455,0.035384,0.427233,0.001189,29.695201,29.951376
644,0,0.047637,0.809050,0.118035,0.002628,0.914187,10.307788,15.444765,30.285264,0.072666,0.571290,0.001030,29.243929,29.864333
645,0,0.022342,0.779500,0.072284,0.002226,0.834368,11.376012,15.471505,30.246438,0.069277,0.558114,0.001515,29.305398,29.814701
646,0,0.030351,0.642409,0.083963,0.002243,0.714660,12.106891,15.605318,31.109545,0.057976,0.365910,0.001591,30.268012,30.682740
647,0,0.023834,0.622504,0.153089,0.004565,0.752769,9.847935,15.498355,29.641070,0.122452,0.362086,0.001250,28.672901,28.839231
648,0,0.022219,0.486379,0.056706,0.002054,0.541799,10.464792,14.645236,28.893453,0.033919,0.360442,0.001550,28.262876,28.464111
649,0,0.026081,0.643216,0.092380,0.002388,0.734243,10.272598,15.448753,29.805944,0.057346,0.487734,0.001470,28.946611,29.257951
650,0,0.027178,0.977036,0.163438,0.001475,1.062195,8.000896,15.596557,29.265642,0.065465,1.900054,0.000859,26.944764,28.901548
651,0,0.021650,0.755351,0.064221,0.002102,0.819920,9.875035,15.444430,29.861493,0.050939,0.660996,0.000834,28.789075,29.089207
652,0,0.019777,0.574447,0.076655,0.002378,0.640293,10.736165,15.414657,29.667390,0.036985,0.411758,0.001812,28.897630,29.279788
653,0,0.032482,0.761494,0.170357,0.002948,0.932801,8.894162,15.523075,29.258372,0.059278,0.570374,0.000818,28.156699,28.594276
654,0,0.020987,0.538613,0.140358,0.003065,0.629139,10.237541,15.413233,29.555851,0.042342,0.371082,0.001232,28.762379,28.880434
655,0,0.019424,0.483315,0.066516,0.001755,0.547656,11.509267,15.392784,30.175490,0.039128,0.357995,0.001232,29.562922,29.961277
656,0,0.025528,0.596301,0.106636,0.002245,0.704705,10.219958,15.505784,29.793940,0.075223,0.273946,0.001393,28.948421,29.043550
657,0,0.028701,0.798498,0.290873,0.003411,0.993266,10.019469,15.701475,29.585669,0.055776,0.578428,0.001727,28.525940,28.932390
658,0,0.016198,0.541622,0.085849,0.003415,0.607764,10.862110,15.627621,29.422347,0.054508,0.363932,0.001110,28.729285,29.005548
659,0,0.016882,1.496105,0.084801,0.001710,1.574327,9.694441,15.631062,29.376499,0.051832,1.365933,0.000799,27.693790,29.049664
660,0,0.028974,0.717389,0.098800,0.003508,0.807538,9.844409,15.610288,29.427446,0.053351,0.498275,0.000955,28.475589,28.734324
661,0,0.023666,0.655732,0.089800,0.001804,0.741405,10.389721,15.525496,29.681553,0.067821,0.447786,0.001222,28.798184,29.011308
662,0,0.019652,0.487844,0.107572,0.001839,0.544235,9.907463,15.463699,28.836923,0.045309,0.390676,0.001223,28.176151,28.540332
663,0,0.019455,0.807670,0.129716,0.002216,0.902932,9.661651,15.521392,29.475890,0.072955,0.443734,0.001186,28.357430,28.523705
664,0,0.026625,0.820876,0.070916,0.001555,0.888643,10.853212,15.421459,30.091276,0.070731,0.597633,0.001574,29.032586,29.626941
665,0,0.020418,0.459294,0.072999,0.001796,0.515746,10.825923,15.534474,29.556208,0.038575,0.327707,0.000967,28.920765,29.024943
666,0,0.017947,0.512840,0.092010,0.002203,0.601654,10.469284,15.600902,29.275501,0.055846,0.404998,0.001175,28.587787,28.953025
667,0,0.021352,0.654153,0.102941,0.002348,0.755023,8.942755,15.458829,29.593718,0.057259,0.475298,0.001487,28.670405,29.085840
668,0,0.028319,0.675185,0.164390,0.002425,0.840641,8.918122,16.517328,29.667365,0.079097,0.410429,0.001470,28.602727,28.903263
669,0,0.020683,2.433201,0.281816,0.003430,2.486659,7.189401,14.825827,28.823293,0.044206,2.635543,0.001261,25.449785,27.528736
670,0,0.030562,0.677174,0.099007,0.002573,0.774314,9.957697,15.598591,29.491744,0.077722,0.481446,0.001243,28.552672,28.980144
671,0,0.027237,0.803981,0.111337,0.006853,0.887756,10.570480,15.541821,30.074323,0.075268,0.455846,0.001084,28.975976,29.242378
672,0,0.018994,0.601104,0.080365,0.001817,0.683286,11.105009,14.513769,28.703993,0.041774,0.459330,0.000599,27.915072,28.050557
673,0,0.030029,0.681855,0.113458,0.001754,0.789754,9.103169,15.529910,29.552893,0.055653,0.398800,0.001084,28.618620,28.843474
674,0,0.056122,0.798387,0.111964,0.002872,0.910323,8.590447,15.432212,28.923356,0.064537,0.560290,0.000900,27.862977,27.952710
675,0,0.019584,0.523276,0.057406,0.002166,0.579971,10.669607,15.499586,29.470669,0.049526,0.391568,0.001229,28.799157,29.174836
676,0,0.025981,0.574457,0.076654,0.002325,0.650585,10.424472,14.611769,28.972621,0.060941,0.377092,0.001471,28.197601,28.388068
677,0,0.022996,0.912339,0.101500,0.003147,1.016986,10.473983,15.521792,29.541217,0.056366,0.697622,0.001228,28.378128,28.594197
678,0,0.021172,0.526072,0.074668,0.002214,0.599096,11.103296,15.382048,29.747834,0.040516,0.375731,0.000619,29.091246,29.427262
679,0,0.020955,0.508222,0.069758,0.002009,0.574471,10.696476,15.563320,29.618821,0.063978,0.378165,0.001600,28.947538,29.364804
680,0,0.019388,0.773571,0.108824,0.002430,0.874881,10.723077,14.635903,29.034902,0.076254,0.551935,0.001507,28.027344,28.401542
681,0,0.027974,0.740844,0.122823,0.003433,0.833240,10.048665,15.500242,29.897595,0.085993,0.553544,0.001126,28.844098,29.153360
682,0,0.020656,0.537610,0.060331,0.001715,0.597935,9.825672,16.467113,30.086604,0.032183,0.411809,0.001459,29.392145,29.561152
683,0,0.030779,0.712817,0.092044,0.002085,0.801797,10.428470,15.579610,29.239028,0.084739,0.482515,0.001034,28.346152,28.883964
684,0,0.023583,0.809717,0.127956,0.002186,0.936177,8.707700,15.439371,28.766090,0.065373,0.602849,0.001293,27.748958,28.288172
685,0,0.020564,0.535500,0.071432,0.002559,0.605092,10.368994,15.422768,29.427402,0.055281,0.426722,0.001310,28.695556,29.021571
686,0,0.020070,0.510539,0.093082,0.002374,0.566957,9.221697,16.508128,31.433962,0.045558,1.513209,0.001175,29.523316,30.913145
687,0,0.037939,0.778004,0.057809,0.001439,0.836854,9.159337,16.447520,29.434022,0.077858,0.471804,0.001235,28.469712,28.929334
688,0,0.024301,0.795455,0.073479,0.002062,0.861001,9.513248,15.486527,28.873944,0.051193,0.632552,0.001001,27.754123,28.162954
689,0,0.022807,0.486333,0.065064,0.001221,0.549002,10.427019,15.422794,29.237941,0.038496,0.369020,0.001547,28.613593,29.012609
690,0,0.017920,0.486937,0.072708,0.001681,0.540476,9.881696,16.406601,30.263332,0.069197,0.335564,0.001284,29.622656,29.792624
691,0,0.021850,0.790340,0.124090,0.003180,0.910729,9.222580,15.475049,28.681829,0.114999,0.639730,0.001501,27.638504,28.308277
692,0,0.030614,0.633416,0.111051,0.004423,0.746679,10.321417,15.564602,29.829667,0.069754,0.379182,0.000810,28.936212,29.044182
693,0,0.018550,0.481474,0.362935,0.003413,0.809166,8.110923,15.374958,29.460919,1.169892,1.514299,0.001813,27.631612,28.728445
694,0,0.024186,0.754561,0.111658,0.004699,0.863800,10.298147,15.514415,29.943721,0.053431,0.550769,0.001217,28.868440,29.008785
695,0,0.026013,0.705176,0.099347,0.004004,0.798014,9.134403,15.499660,28.684993,0.068072,0.493395,0.001509,27.748037,28.116880
696,0,0.019660,0.441296,0.082073,0.001472,0.497442,11.391453,15.410445,30.186876,0.040238,0.250040,0.001323,29.587394,29.734879
697,0,0.029275,0.783214,0.120303,0.003159,0.876841,9.637607,15.411987,29.008145,0.093768,0.538610,0.001391,27.974883,28.312852
698,0,0.016528,0.478565,0.072833,0.001459,0.546709,10.653845,15.446303,29.409823,0.034347,0.357266,0.000734,28.798509,29.112603
699,0,0.019638,0.553012,0.090497,0.002256,0.614291,10.594026,15.571014,29.373810,0.037825,0.369377,0.000765,28.690187,29.009780
700,0,0.027471,0.610722,0.071091,0.023646,0.703114,11.021124,15.632482,30.068522,0.037064,0.398164,0.000963,29.304494,29.435821
701,0,0.018694,0.482694,0.081404,0.001875,0.562985,10.816755,15.524268,29.712910,0.042080,0.364164,0.001551,29.098372,29.487101
702,0,0.026383,0.801113,0.101207,0.002084,0.893273,9.654741,15.397691,28.837013,0.104586,0.584153,0.001257,27.721954,28.133746
703,0,0.062429,0.531605,0.076418,0.001988,0.605267,9.591083,16.395381,30.048851,0.041732,0.396808,0.000812,29.332789,29.547870
704,0,0.021946,0.629869,0.087503,0.001874,0.714194,8.517392,16.662497,29.387005,0.053278,0.457186,0.001353,28.571378,28.932620
705,0,0.019959,0.473570,0.059283,0.001399,0.528676,7.830202,15.499137,27.985540,0.028814,0.269142,0.001095,27.355449,27.514648
706,0,0.022175,0.602098,0.062298,0.001400,0.662539,10.162905,16.378238,30.187972,0.032911,0.479397,0.032861,29.383823,29.642109
707,0,0.024436,0.703951,0.238815,0.003980,0.889193,9.339118,15.524758,28.866137,0.047392,0.540111,0.001492,27.928084,28.069127
708,0,0.021177,0.534325,0.068198,0.002411,0.587639,10.828378,15.620486,30.110914,0.031062,0.309240,0.000988,29.434713,29.776003
709,0,0.019881,2.237001,0.103010,0.002212,2.289131,6.445706,15.550098,29.170354,1.887670,3.748122,0.001006,24.475155,26.839279
710,0,0.030897,0.850052,0.401437,0.002570,1.254059,6.205420,16.602429,29.468288,0.668465,0.542752,0.001213,27.148395,27.776659
711,0,0.020505,0.674443,0.175159,0.001882,0.738484,10.334710,15.568334,29.400612,0.066096,0.469713,0.001092,28.524711,28.885552
712,0,0.025184,0.599414,0.067381,0.001481,0.665020,9.253182,15.453322,28.858653,0.052976,0.513616,0.001312,28.047827,28.398744
713,0,0.039436,0.661318,0.133599,0.002374,0.722295,10.743916,15.504279,30.176345,0.061717,0.286840,0.001436,29.274673,29.365643
714,0,0.023926,0.492139,0.070903,0.001683,0.544779,10.659755,15.557102,29.400990,0.030453,0.365461,0.001180,28.756145,29.110067
715,0,0.025493,0.413738,0.064186,0.001550,0.477498,9.197245,16.476615,29.504906,0.048053,0.217550,0.001003,28.932969,29.025003
716,0,0.018999,0.592398,0.102717,0.003017,0.665185,9.849536,15.557129,29.496496,0.106038,0.551801,0.001088,28.647417,29.239386
717,0,0.022635,1.887828,0.103286,0.001999,1.959396,7.890066,15.664950,29.400951,0.041326,1.701099,0.001804,27.321960,29.063200
718,0,0.022076,0.509957,0.153838,0.001767,0.566092,10.144412,15.715737,30.092549,0.037790,0.382849,0.001025,29.374438,29.449132
719,0,0.022572,0.560156,0.062314,0.002225,0.623967,9.820711,15.546499,29.029839,0.035012,0.422768,0.001003,28.311304,28.423139
720,0,0.024028,0.486004,0.076178,0.002092,0.543549,10.963487,14.634319,29.140603,0.035664,0.349180,0.001335,28.496980,28.815284
721,0,0.021165,0.760565,0.089282,0.002078,0.836713,10.642319,15.516933,30.055427,0.057950,0.496755,0.000797,29.084082,29.441045
722,0,0.032537,0.820553,0.191995,0.003344,1.013523,9.640987,15.566261,29.213356,0.048546,0.708860,0.001477,28.028062,28.175199
723,0,0.020269,0.595161,0.087133,0.002480,0.684774,8.891400,15.705865,29.248185,0.038994,0.441943,0.001416,28.144920,28.434618
724,0,0.021873,1.090072,0.086813,0.002207,1.162625,15.699279,4.615428,48.922797,6.858107,11.124377,0.001566,34.956400,45.446630
725,0,0.020977,0.986518,0.069742,0.001982,1.041116,6.712922,13.577504,24.589197,0.875141,0.966719,0.001344,23.186166,24.030805
726,0,0.027097,0.542663,0.113094,0.002019,0.623406,11.336254,6.584966,28.499007,6.695638,5.891182,0.001834,20.494711,27.907225
727,0,0.018690,0.505653,0.064513,0.002010,0.560202,11.199896,15.817000,30.567887,0.063836,0.327212,0.001536,29.908318,30.265097
728,0,0.020267,0.599883,0.062089,0.001943,0.661739,11.071608,14.776479,29.255017,0.047349,0.428273,0.001519,28.424619,28.739847
729,0,0.030528,0.755894,0.084085,0.002333,0.827851,9.815767,15.507872,29.342793,0.210183,0.541995,0.001256,28.203444,28.497495
730,0,0.029579,0.791633,0.132387,0.003070,0.919563,10.655759,15.544148,30.067064,0.092362,0.539699,0.000971,28.998438,29.089163
731,0,0.020982,0.474896,0.089781,0.001838,0.553950,10.668803,14.533883,28.738960,0.045183,0.312897,0.001058,28.080686,28.299138
732,0,0.023851,0.541168,0.092219,0.001890,0.607690,10.393252,15.696679,29.922321,0.044805,0.390332,0.001370,29.213076,29.441844
733,0,0.026110,0.727522,0.146263,0.003867,0.830111,10.438536,15.551333,29.870995,0.088277,0.518984,0.001177,28.920935,29.489041
734,0,0.028552,0.756999,0.166889,0.004667,0.859638,9.677923,15.551523,28.864440,0.065044,0.468544,0.001242,27.900690,28.412589
735,0,0.023280,0.511870,0.109854,0.001755,0.622297,10.156928,15.722994,29.997354,0.066568,0.417740,0.001184,29.275106,29.614514
736,0,0.030164,0.606406,0.081988,0.001940,0.679648,8.661315,15.497622,28.148787,0.066315,0.228231,0.000981,27.342114,27.495004
737,0,0.021203,0.488503,0.054303,0.002281,0.542565,10.756210,15.578393,29.647585,0.038322,0.370766,0.001664,29.009431,29.334058
738,0,0.023283,0.585037,0.102396,0.002535,0.689968,9.709411,15.568677,29.012284,0.034395,0.444332,0.002351,28.280765,28.637911
739,0,0.026306,0.624229,0.101526,0.001760,0.723436,10.093428,15.547155,29.923401,0.071320,0.392550,0.001317,29.038389,29.194562
740,0,0.022060,0.535441,0.068631,0.002861,0.591364,10.417154,15.524853,29.570512,0.039026,0.344342,0.001324,28.889244,29.203341
741,0,0.021839,0.545661,0.069997,0.001997,0.616179,10.734161,14.742605,29.155088,0.038911,0.390140,0.001443,28.433779,28.796280
742,0,0.021149,0.654715,0.129196,0.002108,0.784265,8.879451,16.541783,29.902223,0.033015,0.708319,0.001549,28.776220,29.335275
743,0,0.018513,0.552672,0.065179,0.001929,0.608631,10.100016,15.679058,28.975293,0.037821,0.369037,0.001554,28.251245,28.649856
744,0,0.031426,0.514164,0.079748,0.002935,0.590199,10.067209,15.660087,30.275980,0.061035,0.272125,0.001556,29.554085,29.705225
745,0,0.019323,0.460527,0.062954,0.002174,0.510361,10.657046,16.289323,30.309762,0.043025,0.330706,0.001351,29.641430,29.953167
746,0,0.019864,0.547377,0.065832,0.002470,0.614161,8.720427,16.519774,28.778324,0.039358,0.332990,0.001458,28.057262,28.182554
747,0,0.023032,1.538453,0.565820,0.002680,2.106689,8.194450,15.480434,28.624180,0.040563,1.378736,0.001488,26.908636,28.323866
748,0,0.021029,0.525024,0.059141,0.003373,0.579827,12.337657,15.451296,31.072531,0.039358,0.372563,0.001194,30.396249,30.708924
749,0,0.021343,0.523954,0.071131,0.001817,0.596119,10.553273,15.561640,29.472936,0.038584,0.382111,0.001055,28.804671,29.214647
750,0,0.021833,0.829360,0.142947,0.003101,0.948147,10.185405,15.065996,28.973991,0.060181,0.576091,0.000867,27.857432,28.123079
751,0,0.023771,0.544005,0.111092,0.001872,0.620504,10.409522,15.520320,30.049348,0.039238,0.321045,0.001702,29.367726,29.658998
752,0,0.022138,0.526124,0.114825,0.002550,0.603460,9.115303,15.413189,28.809843,0.048129,0.368540,0.001249,28.054755,28.161641
753,0,0.017302,0.661993,0.128488,0.002832,0.762548,10.285802,15.580898,29.653643,0.073128,0.429844,0.000920,28.752264,29.125787
754,0,0.034216,0.761703,0.130191,0.002530,0.888955,9.305620,15.397248,29.404604,0.047661,0.565652,0.000808,28.328557,28.483785
755,0,0.022552,0.541253,0.065128,0.001782,0.607078,11.538499,15.431929,30.167330,0.040222,0.385000,0.001612,29.481102,29.905825
756,0,0.022735,0.834262,0.117618,0.002978,0.939749,8.059223,16.522847,29.380003,0.048076,0.617446,0.001094,28.277681,28.425684
757,0,0.029643,0.754873,0.071745,0.002140,0.821479,9.337834,16.526654,29.497763,0.078303,0.561998,0.001360,28.526281,29.145321
758,0,0.018092,0.543168,0.068318,0.002150,0.609441,10.151313,16.419752,29.510106,0.036267,0.371674,0.001058,28.797962,29.077388
759,0,0.018572,0.642441,0.071001,0.001983,0.712734,9.235437,15.530666,29.148227,0.067099,0.456157,0.001681,28.351511,28.681767
760,0,0.034291,0.753862,0.121848,0.003696,0.850640,10.326885,15.694863,29.810665,0.061245,0.521911,0.001395,28.834059,29.223543
761,0,0.024273,0.578268,0.087301,0.001969,0.661308,8.843822,15.448355,28.634342,0.069184,0.406133,0.002185,27.867914,28.147384
762,0,0.018972,0.488698,0.090613,0.001566,0.549646,8.858431,16.659455,30.178273,0.081397,0.336487,0.001510,29.510523,29.757546
763,0,0.038386,0.683342,0.123556,0.003113,0.804667,10.147631,15.730450,29.403494,0.060066,0.363818,0.001300,28.489209,28.862872
764,0,0.021643,1.333843,0.374901,0.003041,1.506853,8.763372,13.717839,29.547690,0.652373,3.107596,0.001049,25.589405,28.837365
765,0,0.019521,0.469620,0.058867,0.001752,0.524249,9.494339,15.477002,29.079997,0.060998,0.503585,0.001413,28.050974,28.614185
766,0,0.021261,0.581041,0.083801,0.001255,0.666097,10.036203,15.790951,29.751449,0.043337,0.389620,0.000871,28.933188,29.014867
767,0,0.023271,0.498258,0.069750,0.002254,0.565794,8.793276,16.370403,28.895485,0.047560,0.371073,0.020007,28.226564,28.574158
768,0,0.020830,0.609179,0.149983,0.003924,0.761930,8.493963,15.674106,29.021471,0.033309,0.425451,0.001715,28.016911,28.236681
769,0,0.018608,0.814541,0.074553,0.002144,0.863130,11.671289,15.162540,30.472776,0.117097,0.652716,0.001498,29.480715,30.159638
770,0,0.022066,0.497888,0.068562,0.001790,0.563867,8.793925,15.833084,28.291914,0.046593,0.374167,0.001611,27.558717,27.981088
771,0,0.022461,0.818142,0.401829,0.125238,1.345209,10.891188,13.917530,29.944494,0.146501,0.716637,0.000943,28.375323,28.848563
772,0,0.019052,0.576716,0.122738,0.002203,0.646760,13.373605,9.996889,28.361203,0.039605,0.362050,0.002573,27.607851,27.699073
773,0,0.020372,0.527137,0.060955,0.002437,0.579415,9.580945,15.570645,29.923272,0.048074,0.989668,0.000967,28.410290,29.269857
774,0,0.024293,0.586591,0.081103,0.002793,0.667288,9.214380,15.547403,30.252395,0.043425,1.274907,0.001382,28.290915,29.148149
775,0,0.023803,0.381927,0.058708,0.001577,0.438738,9.296910,15.474976,29.104850,0.042807,0.192209,0.001407,28.509583,28.565069
776,0,0.023380,0.589990,0.123699,0.002144,0.664044,10.265888,15.710128,29.731543,0.036839,0.389064,0.001382,28.927753,29.140730
777,0,0.023756,0.598109,0.080721,0.002393,0.678202,9.956758,15.516791,29.509116,0.057522,0.441953,0.001045,28.697172,28.845041
778,0,0.020874,0.859841,0.062679,0.001212,0.908422,8.465253,16.673202,29.623949,0.031116,0.754048,0.006039,28.403878,28.484721
779,0,0.022501,0.428407,0.080876,0.001764,0.484948,10.959672,15.722151,30.455166,0.053362,0.283979,0.001434,29.750890,29.918306
780,0,0.022195,0.565808,0.121291,0.002600,0.678916,9.499498,14.949120,28.815444,0.078531,0.425572,0.001536,27.978140,28.052181
781,0,0.024424,0.562351,0.690137,0.002017,1.092894,7.874843,11.050742,29.566669,0.051261,0.389536,0.001667,28.030811,28.292636
782,0,0.022315,1.414760,0.073844,0.001723,1.485116,12.348362,11.665729,29.028807,0.038570,1.809901,0.001079,26.857118,28.683371
783,0,0.021710,0.553124,0.058451,0.002643,0.605818,9.965486,16.474330,30.579885,0.037102,0.366323,0.001268,29.855170,30.242570
784,0,0.021684,0.496238,0.082219,0.002561,0.581018,9.959538,15.564898,29.164596,0.043176,0.270187,0.001487,28.519050,28.824775
785,0,0.022380,0.585759,0.062216,0.002258,0.646892,8.152614,14.765802,29.345783,0.894738,1.014785,0.001972,27.695719,28.749935
786,0,0.021427,0.444678,0.053681,0.002600,0.497921,11.020869,14.691789,28.946813,0.043135,0.263166,0.001651,28.343766,28.579419
787,0,0.021893,0.410890,0.076032,0.001449,0.487490,10.735463,15.462094,30.046310,0.031156,0.256781,0.001335,29.463292,29.582133
788,0,0.025995,0.744880,0.075411,0.001634,0.821925,10.107318,15.487078,29.384118,0.565974,0.783736,0.001247,28.064703,28.982407
789,0,0.028722,0.737296,0.121169,0.002160,0.860454,10.166897,15.474282,29.540165,0.063840,0.424049,0.001089,28.533306,29.000097
790,0,0.030365,0.617112,0.082718,0.002129,0.700995,10.076166,15.571312,29.239991,0.062462,0.360419,0.001200,28.440032,28.757703
791,0,0.020031,0.507897,0.061190,0.001806,0.570443,10.384965,15.613846,29.633526,0.033606,0.307708,0.000969,28.999830,29.317346
792,0,0.034996,0.745498,0.140911,0.002494,0.887387,9.108865,15.552357,29.407947,0.058367,0.504391,0.001016,28.386489,28.545233
793,0,0.018749,0.489133,0.106588,0.004092,0.538657,11.196918,15.696542,29.970133,0.047675,0.369057,0.001325,29.320966,29.730158
794,0,0.021891,0.550662,0.147513,0.005217,0.703392,9.787837,14.611834,29.135671,0.034520,0.338759,0.000769,28.324290,28.582874
795,0,0.020129,0.570421,0.060814,0.002291,0.632742,9.768440,15.662363,29.294182,0.037464,0.423470,0.001522,28.469492,28.717915
796,0,0.022961,0.501798,0.069608,0.001965,0.569061,10.201679,15.590049,29.443113,0.040819,0.301105,0.001215,28.761426,28.921851
797,0,0.028712,0.778117,0.125406,0.002340,0.900216,8.853990,16.478981,30.201568,0.069386,0.562763,0.002368,29.158571,29.617544
798,0,0.019966,0.500319,0.067916,0.003165,0.566628,8.684635,15.491975,28.536868,0.035334,0.316201,0.001731,27.870780,28.058304
799,0,0.022377,0.581973,0.082338,0.001606,0.665698,9.240000,15.075788,28.709942,0.044059,0.467257,0.010885,27.891741,27.994009
800,0,0.021959,0.534796,0.069717,0.028071,0.601957,10.189450,15.468791,29.809903,0.034753,0.409669,0.000980,29.097126,29.441785
801,0,0.022426,0.498235,0.137628,0.002417,0.557584,10.086247,15.477489,29.213066,0.070932,0.319263,0.000792,28.491646,28.741001
802,0,0.022387,0.452255,0.058890,0.001380,0.510445,9.875047,15.510307,29.404556,0.035012,0.240514,0.001735,28.813522,29.014265
803,0,0.024624,0.478901,0.105582,0.001631,0.551275,10.000824,15.660525,30.142870,0.067627,0.272030,0.001576,29.447212,29.610122
804,0,0.021865,0.615378,0.065078,0.001687,0.680950,10.109210,15.537293,28.914966,0.044910,0.405413,0.001044,28.141413,28.457051
805,0,0.021396,1.273522,0.354714,0.001803,1.320804,8.934390,15.632284,29.928881,0.152266,1.668706,0.001159,27.636518,29.110778
806,0,0.021356,0.548089,0.052860,0.001292,0.602241,10.342785,14.788130,28.783565,0.043113,0.320319,0.001431,28.090507,28.304835
807,0,0.022350,0.531245,0.060903,0.001881,0.587962,10.258533,15.813989,30.396829,0.039324,0.329871,0.000916,29.705048,29.954073
808,0,0.023739,0.569054,0.065806,0.002367,0.626746,9.555572,15.686470,28.679140,0.056569,0.299516,0.001445,27.940152,28.255793
809,0,0.020443,0.534067,0.052393,0.001915,0.587600,11.407207,14.701117,29.510228,0.033833,0.341990,0.000692,28.833289,29.104820
810,0,0.020314,0.428156,0.068869,0.002017,0.496185,10.733748,16.575113,30.267380,0.036914,0.241379,0.001238,29.684215,29.854871
811,0,0.043280,0.544418,0.068961,0.001873,0.614315,11.288499,15.504655,29.966251,0.048912,0.346853,0.000984,29.276905,29.515355
812,0,0.025431,0.499436,0.085627,0.001802,0.579316,10.606363,15.641808,29.751692,0.058370,0.329607,0.001359,29.080391,29.454649
813,0,0.021788,0.515400,0.064526,0.001951,0.578253,9.894941,15.452651,28.964641,0.051471,0.303042,0.001298,28.280832,28.519208
814,0,0.019988,0.587525,0.066394,0.001956,0.652525,10.536414,15.617171,29.336869,0.098245,0.311623,0.001313,28.613971,28.858658
815,0,0.025698,0.637361,0.089399,0.001775,0.719913,10.292058,15.593423,29.526403,0.060892,0.499597,0.001326,28.644059,29.092655
816,0,0.029080,0.833435,0.109115,0.002825,0.941572,10.491129,15.944343,30.140049,0.061404,0.463677,0.001104,29.075039,29.536672
817,0,0.021608,0.491715,0.066214,0.001409,0.554332,9.411591,15.568575,28.954611,0.054792,0.332708,0.001128,28.292926,28.544144
818,0,0.034513,0.754094,0.084568,0.002354,0.836360,9.501029,15.519468,29.262482,0.079001,0.417943,0.000853,28.271256,28.689563
819,0,0.028483,0.769726,0.348287,0.002467,0.964879,9.971522,15.446746,29.924894,0.062871,0.427909,0.001656,28.912809,29.033129
820,0,0.020882,0.540275,0.078069,0.002115,0.616220,9.684366,16.543567,29.843839,0.044373,0.357451,0.001358,29.138014,29.375080
821,0,0.027911,0.571743,0.165854,0.003017,0.643076,9.899090,15.443019,29.166628,0.051108,0.310554,0.001689,28.332806,28.437725
822,0,0.028320,1.132636,0.063564,0.001611,1.187302,8.358206,12.973501,29.075172,0.156302,4.128802,0.001103,24.381118,28.629865
823,0,0.019951,0.583069,0.053116,0.001009,0.637080,10.937502,14.577518,29.148460,0.040040,0.463749,0.001549,28.410200,28.749872
824,0,0.020455,0.486510,0.068568,0.002050,0.543411,10.730546,15.622666,30.099348,0.043858,0.343976,0.001283,29.433163,29.683093
825,0,0.028623,0.783250,0.308904,0.003080,0.940739,8.777332,15.518838,29.152238,0.059368,0.544043,0.000915,27.930712,28.338416
826,0,0.022814,0.654299,0.098432,0.001976,0.753219,9.471473,16.637144,30.024914,0.173472,0.477931,0.000748,29.136607,29.461352
827,0,0.034596,0.627085,0.139916,0.004084,0.726895,9.463173,15.782502,28.856379,0.077581,0.265022,0.001320,27.971649,28.117790
828,0,0.021409,0.446199,0.054975,0.001869,0.496991,9.851426,16.578820,30.107168,0.034579,0.241983,0.001193,29.515101,29.792072
829,0,0.020467,0.553213,0.061847,0.001762,0.608377,8.239111,15.680036,27.808982,0.051866,0.329615,0.001604,27.073625,27.329105
830,0,0.031718,0.697170,0.085028,0.001944,0.771070,8.987649,16.459066,30.110217,0.074586,0.527512,0.001110,28.820678,29.363592
831,0,0.021902,0.425323,0.059802,0.009767,0.472907,9.987376,15.513896,29.061513,0.055183,0.236102,0.001758,28.471903,28.723108
832,0,0.022724,0.561110,0.063390,0.002011,0.610447,11.861481,14.050806,29.536663,0.044372,0.364069,0.001328,28.755148,29.100388
833,0,0.022935,0.530906,0.088222,0.003915,0.620466,10.253480,15.650310,29.709282,0.031126,0.451320,0.000890,28.938705,29.209599
834,0,0.021975,0.582065,0.056980,0.001177,0.633614,10.785770,15.731210,29.734808,0.041126,0.320465,0.001149,29.007717,29.292548
835,0,0.024313,0.494505,0.074484,0.001581,0.558670,9.164568,16.425237,29.372276,0.044986,0.296871,0.001438,28.736843,29.063105
836,0,0.023633,0.647141,0.182899,0.013958,0.731080,9.581294,14.975624,29.072231,0.044635,0.568914,0.001530,28.084462,28.514013
837,0,0.024042,0.490085,0.126827,0.002075,0.617218,8.778279,14.805531,29.205268,0.088785,0.368378,0.001653,28.462455,28.548400
838,0,0.028424,0.760494,0.082157,0.001983,0.803982,9.516810,15.782758,29.855413,0.140076,0.672461,0.001352,28.711833,29.317133
839,0,0.021868,0.568588,0.070346,0.002296,0.640005,9.809871,15.696310,29.559639,0.075879,0.316956,0.001177,28.740092,29.070693
840,0,0.023328,0.751952,0.086754,0.001864,0.818664,9.823218,14.784370,29.554948,0.040260,0.550980,0.001550,28.642254,29.035564
841,0,0.022131,0.513695,0.081090,0.002038,0.583170,8.864260,16.470423,29.723300,0.053367,0.360926,0.001278,29.025142,29.151921
842,0,0.022931,0.630896,0.106258,0.003159,0.740313,10.382333,15.693807,30.172674,0.120538,0.432949,0.000966,29.173321,29.560994
843,0,0.022009,0.949943,0.146104,0.002827,1.048916,7.904064,16.425836,29.565749,0.092799,0.940119,0.001073,27.996056,28.212945
844,0,0.058185,0.551054,0.065827,0.002593,0.618107,9.291967,14.624330,28.806647,0.054337,0.405713,0.001144,27.868394,28.178418
845,0,0.022494,0.542680,0.105569,0.002291,0.641345,10.278523,15.618783,30.434892,0.034534,0.341408,0.001170,29.680418,29.837751
846,0,0.022362,0.609211,0.108392,0.003191,0.678340,10.050952,15.474416,29.185872,0.043872,0.385684,0.000905,28.421254,28.723939
847,0,0.022278,0.525316,0.075083,0.002139,0.601554,9.630339,16.450099,29.815042,0.083404,0.337405,0.001553,29.073383,29.425341
848,0,0.021996,0.555160,0.073206,0.001979,0.627696,9.647948,15.747129,29.187316,0.048652,0.363965,0.001160,28.477240,28.869041
849,0,0.020641,0.760606,0.060922,0.001942,0.806539,9.956774,15.546620,29.042021,0.148724,0.655276,0.001002,27.979715,28.581231
850,0,0.022840,0.499536,0.079381,0.001960,0.575662,12.693288,12.576704,29.380788,0.046103,0.360478,0.001749,28.710436,28.928238
851,0,0.022874,0.555819,0.070211,0.001560,0.615613,10.157304,15.790947,29.708867,0.229588,0.384337,0.001314,28.893878,29.203979
852,0,0.037966,0.554352,0.104368,0.002045,0.643718,10.612307,15.535376,29.537229,0.043740,0.362826,0.001458,28.798653,29.166285
853,0,0.021178,0.531739,0.051860,0.002308,0.584567,10.079292,15.529267,29.576992,0.035328,0.317660,0.001904,28.917663,29.235441
854,0,0.021880,0.499050,0.056608,0.001869,0.553261,9.517061,16.627057,29.779499,0.038350,0.317748,0.001262,29.137190,29.465402
855,0,0.021456,0.989230,0.077248,0.002322,1.047827,9.437764,15.494040,28.780425,0.089832,0.902095,0.001605,27.358705,27.875353
856,0,0.020359,0.520882,0.073324,0.002064,0.592054,9.863879,15.623338,29.672451,0.033918,0.369029,0.001307,28.972929,29.204609
857,0,0.018984,0.451900,0.072119,0.001775,0.514373,9.882440,16.409298,29.990787,0.064666,0.226713,0.001217,29.352780,29.493687
858,0,0.019571,0.597087,0.076588,0.001745,0.669618,9.607253,15.601622,28.650586,0.037339,0.328923,0.001309,27.885491,28.134755
859,0,0.018482,0.518938,0.061057,0.002259,0.566797,11.022399,15.522170,30.271474,0.048356,0.335644,0.002157,29.598495,29.963053
860,0,0.020782,0.475837,0.052269,0.002224,0.529316,9.835268,15.580462,29.050186,0.035760,0.353092,0.001408,28.444156,28.824817
861,0,0.026031,0.580444,0.122850,0.002311,0.680441,9.804865,15.637175,28.740090,0.050031,0.352059,0.001742,27.948175,28.233814
862,0,0.020996,0.431174,0.079809,0.095238,0.487418,9.738538,15.938619,29.491596,0.038002,0.235663,0.001330,28.907509,29.168077
863,0,0.031867,0.703924,0.102028,0.002544,0.784396,11.409787,14.670537,29.514233,0.075724,0.560569,0.000869,28.536249,28.684127
864,0,0.021559,0.710890,0.145174,0.001791,0.783082,9.080127,15.599807,29.069485,0.201263,0.684285,0.000994,27.823898,28.605779
865,0,0.020180,0.527245,0.056221,0.002389,0.583815,9.869500,16.576354,30.102688,0.036151,0.404609,0.001746,29.432024,29.866861
866,0,0.021542,0.703931,0.076765,0.001926,0.781238,9.742384,15.636258,29.162822,0.034091,0.584390,0.001179,28.286323,28.422583
867,0,0.021483,0.622987,0.089938,0.001447,0.711039,9.348376,16.749151,29.699596,0.030404,0.436096,0.001590,28.887247,29.218162
868,0,0.019065,0.800745,0.143158,0.003952,0.934907,9.530440,15.496107,28.756853,0.036362,0.619805,0.001756,27.667648,28.315287
869,0,0.026189,0.499501,0.070496,0.001690,0.566953,10.398555,15.722852,29.812002,0.244061,0.304702,0.000855,28.904376,29.144195
870,0,0.035232,0.799118,0.148952,0.003553,0.943083,10.518281,14.829669,29.689107,0.053830,0.466731,0.001803,28.562007,28.681022
871,0,0.021735,0.601447,0.113282,0.001359,0.653426,10.095713,15.801157,29.701291,0.045056,0.697822,0.000901,28.595986,28.970565
872,0,0.019327,0.486672,0.066236,0.002240,0.551096,10.478273,15.426164,29.016068,0.042904,0.256088,0.001185,28.383679,28.618571
873,0,0.034255,0.909479,0.104287,0.001947,1.011889,11.656018,14.602636,29.897182,0.059905,0.566195,0.000807,28.753814,29.324139
874,0,0.018280,0.595740,0.067267,0.001432,0.649492,10.826796,15.615299,29.833900,0.046697,0.361929,0.001228,29.068021,29.353197
875,0,0.032763,0.808791,0.132586,0.004071,0.942860,10.018206,15.609873,29.773010,0.062701,0.445433,0.001162,28.685948,29.000499
876,0,0.032424,0.784118,0.092686,0.002067,0.851930,8.450750,16.510534,29.759411,0.064833,0.461416,0.001687,28.725954,28.814975
877,0,0.023057,0.517858,0.106817,0.001719,0.577595,8.756243,15.668747,28.664330,0.037951,0.318164,0.020961,27.930123,28.155608
878,0,0.021630,0.601506,0.159514,0.002737,0.728012,9.670444,16.479928,30.205564,0.060481,0.487137,0.001266,29.297328,29.809682
879,0,0.041001,0.585639,0.265991,0.002065,0.677280,9.162635,13.538941,28.930665,0.083235,0.515134,0.001498,27.848685,28.210909
880,0,0.021485,1.190335,0.130721,0.001909,1.321380,10.224015,14.431573,30.088451,0.860435,2.068943,0.001843,27.646404,29.740763
881,0,0.019228,2.092530,0.097584,0.001733,2.153960,8.150237,16.294050,29.421377,0.047367,1.940646,0.001663,27.116059,28.772273
882,0,0.021655,0.753202,0.072572,0.002425,0.803366,7.753919,15.532016,29.136918,0.302770,2.364975,0.000994,26.325244,28.669398
883,0,0.019311,0.519597,0.060865,0.001584,0.578864,9.929463,15.461318,29.394114,0.046678,0.583891,0.001014,28.342040,28.759776
884,0,0.029334,0.613798,0.138980,0.001370,0.668061,10.387577,15.561201,29.580199,0.066229,0.260459,0.001050,28.773497,28.850163
885,0,0.020589,0.594871,0.084265,0.002900,0.656759,9.414190,16.330196,29.602006,0.056845,0.390072,0.001072,28.800289,28.993212
886,0,0.019669,0.560835,0.101695,0.003466,0.634013,10.780515,15.413209,29.331182,0.050620,0.368638,0.000812,28.534852,28.897921
887,0,0.027031,0.919682,0.082386,0.060971,0.996349,10.784668,14.071021,29.347979,0.133813,0.923653,0.001227,27.628400,28.087056
888,0,0.020657,3.283555,0.225557,0.002245,3.336304,10.256935,8.652959,28.686181,0.493709,4.085733,0.001845,23.658186,24.255266
889,0,0.020028,0.626492,0.067402,0.001776,0.695670,10.264524,15.645833,30.386657,0.137865,0.510459,0.001416,29.507256,29.879300
890,0,0.021195,0.498131,0.080739,0.002043,0.580913,9.966132,14.807775,28.897368,0.041864,0.326027,0.001213,28.214098,28.415925
891,0,0.020060,0.673279,0.076304,0.001887,0.748159,9.509310,16.576134,29.997035,0.064452,0.435407,0.001370,29.034192,29.199869
892,0,0.021817,0.663848,0.058932,0.001074,0.703519,9.061826,15.124758,28.151830,0.084937,0.505721,0.001967,27.292427,27.836261
893,0,0.021192,0.575579,0.084708,0.001795,0.638132,16.298043,6.805808,28.704368,0.041420,0.688999,0.001285,27.541548,28.250470
894,0,0.022424,0.990182,0.073979,0.001812,1.045801,8.060308,16.860103,30.323011,0.063443,0.674690,0.001283,29.059448,29.642547
895,0,0.024909,1.812227,0.155930,0.002162,1.859869,10.054809,10.621940,27.675314,0.144951,2.151797,0.001039,25.056403,27.247521
896,0,0.023273,1.367494,0.102044,0.003457,1.431070,7.493041,16.043762,30.210324,1.964462,2.490949,0.040472,26.679523,29.766839
897,0,0.026662,0.535104,0.062326,0.001608,0.596919,9.357275,15.816384,29.210479,0.316584,0.463476,0.001017,28.221243,28.737069
898,0,0.022662,0.615757,0.071102,0.001724,0.684853,9.660086,15.402590,29.082988,0.056816,0.425445,0.001406,28.248389,28.616488
899,0,0.020383,1.345243,0.089395,0.002247,1.390677,13.560422,8.184387,29.412972,0.159914,1.577801,0.001624,26.982990,27.489513
900,0,0.021403,0.577329,0.093825,0.002249,0.671404,10.676398,15.937882,29.974916,0.102626,0.471665,0.001193,29.167996,29.665798
901,0,0.020756,0.731806,0.263247,0.003178,0.998231,9.501253,15.614739,29.369230,0.152630,0.639672,0.001664,28.315082,28.818494
902,0,0.022916,0.488285,0.085957,0.003668,0.546234,10.499259,15.580915,29.769928,0.033677,0.284269,0.001655,29.122821,29.356885
903,0,0.023292,0.872780,0.817505,0.001337,1.547106,10.383515,12.585572,28.606963,0.158840,1.386105,0.001417,26.443751,27.641446
904,0,0.023430,0.508008,0.180189,0.002547,0.688543,12.199252,15.681001,31.342324,0.260647,0.564349,0.001128,30.456524,31.047317
905,0,0.027665,0.515488,0.062443,0.002429,0.573755,10.043371,16.061187,29.288789,0.071494,0.321964,0.001304,28.588577,28.949483
906,0,0.022228,0.640313,0.174595,0.002573,0.725433,10.483090,14.596905,29.411125,0.054416,0.460110,0.001565,28.509781,28.914764
907,0,0.019568,0.495318,0.071858,0.001852,0.563226,11.425968,15.725161,30.811151,0.041064,0.289521,0.001253,30.135341,30.269441
908,0,0.022055,0.764707,0.059511,0.002419,0.823376,10.096640,15.700617,30.130940,0.077913,0.605765,0.000760,29.029943,29.430651
909,0,0.019319,0.552351,0.065105,0.001876,0.617118,10.939914,15.462954,30.137952,0.038009,0.364227,0.001479,29.414625,29.525628
910,0,0.019789,0.498523,0.064750,0.001728,0.559771,11.221599,15.515015,30.391029,0.055453,0.272905,0.000811,29.717527,30.002094
911,0,0.022548,0.453636,0.069130,0.003091,0.525017,12.047568,15.556218,30.882736,0.038678,0.260112,0.001575,30.277371,30.554470
912,0,0.034274,0.868334,0.081096,0.002238,0.947159,10.447718,15.453668,30.304575,0.081042,0.629539,0.001927,28.984621,29.400104
913,0,0.028311,0.780526,0.085862,0.001815,0.867055,10.099219,16.081494,30.331465,0.097970,0.413838,0.000859,29.311316,29.640491
914,0,0.021674,0.412095,0.065247,0.001941,0.478909,10.523163,15.678594,29.846547,0.037944,0.185727,0.001331,29.278112,29.371172
915,0,0.022116,0.561168,0.069952,0.002068,0.629491,10.965807,15.719820,31.099799,0.048224,0.398664,0.001760,30.392029,30.706093
916,0,0.035261,0.534560,0.073491,0.001794,0.602655,9.651999,15.790047,29.906207,0.303578,0.359816,0.001305,28.928598,29.213397
917,0,0.024866,0.505658,0.072429,0.002688,0.562213,10.107244,15.704007,30.285698,0.067224,0.394849,0.001638,29.495722,29.670880
918,0,0.022463,0.745589,0.270146,0.001558,0.864448,9.990637,15.454384,29.509310,0.043339,0.634544,0.001181,28.461064,29.070698
919,0,0.024026,0.506947,0.063489,0.001968,0.564361,9.915792,15.540109,29.426148,0.087071,0.319791,0.002159,28.724314,28.843359
920,0,0.023792,0.637026,0.081927,0.002339,0.721257,9.635776,15.547881,29.320550,0.254611,0.530746,0.001039,28.393486,28.701161
921,0,0.022323,0.537580,0.080637,0.002055,0.620202,10.248860,15.706414,29.279346,0.039057,0.436278,0.001524,28.557486,29.034345
922,0,0.024110,0.543769,0.065116,0.002909,0.608119,9.542422,16.159636,29.626648,0.038703,0.350325,0.001904,28.932838,29.315046
923,0,0.021102,0.594096,0.105053,0.002138,0.686283,10.305250,11.625072,27.841681,0.048118,0.908480,0.002161,26.390982,26.826990
924,0,0.024116,0.712842,0.167528,0.003457,0.772554,9.025359,16.617911,30.304186,0.039906,0.528596,0.001535,29.221932,29.617436
925,0,0.023607,0.586416,0.088699,0.001921,0.652196,9.756645,15.598140,29.225832,0.040708,0.359413,0.002270,28.498825,28.711017
926,0,0.021917,0.612600,0.068235,0.002702,0.658941,10.177833,15.656217,29.191515,0.051395,0.385092,0.001523,28.392164,28.749019
927,0,0.040904,0.636296,0.136869,0.005177,0.778342,8.819103,15.598261,29.411439,0.099346,0.585000,0.001596,28.414965,29.039196
928,0,0.022241,0.425493,0.079559,0.002756,0.503433,9.454661,16.694979,29.856526,0.040121,0.235927,0.001622,29.263958,29.529134
929,0,0.022223,0.984506,0.074670,0.002348,1.057451,17.475782,6.214711,27.775205,0.437138,1.208647,0.001165,26.178002,27.066498
930,0,0.019662,0.439599,0.178916,0.002948,0.621463,10.586738,15.723027,30.524954,0.040897,0.220169,0.001487,29.937408,30.182782
931,0,0.024336,0.529858,0.061777,0.001617,0.592618,13.030433,11.705465,29.050796,0.046694,0.385452,0.001360,28.265642,28.687829
932,0,0.026073,0.841928,0.078504,0.002350,0.895591,11.856461,8.997286,29.471393,4.311235,5.322342,0.001335,23.575066,28.926002
933,0,0.020026,0.709679,0.215280,0.002359,0.813310,18.492104,5.039797,43.509171,7.787284,10.268409,0.002564,28.224058,38.520375
934,0,0.086692,0.490414,0.073105,0.001878,0.564094,9.215314,14.768408,44.872569,2.910511,12.170721,0.001600,28.501193,40.727328
935,0,0.021584,1.666525,0.061130,0.002640,1.728701,11.557116,13.797883,30.232046,0.039008,1.549828,0.001408,28.288066,28.461558
936,0,0.022379,0.664556,0.275526,0.003083,0.729103,8.946346,14.843991,29.845419,0.228824,1.828052,0.001607,27.435301,28.083054
937,0,0.025260,0.430314,0.053743,0.001338,0.485395,9.342433,15.403370,28.849239,0.039210,0.241749,0.001156,28.261905,28.533850
938,0,0.104416,0.563236,0.085189,0.001858,0.649983,10.402932,15.491713,29.824130,0.576738,0.760260,0.001413,28.551635,29.339932
939,0,0.022954,0.580143,0.058121,0.001739,0.639431,9.692646,15.544668,28.981349,0.037645,0.439345,0.001558,28.247657,28.670766
940,0,0.024280,0.510206,0.061566,0.001764,0.566328,10.095804,15.630658,29.810250,0.038134,0.389791,0.001665,29.111084,29.532038
941,0,0.019358,0.402637,0.063784,0.002488,0.453594,11.153425,13.661412,28.982670,0.041108,0.225888,0.001092,28.392431,28.527629
942,0,0.050476,0.470880,0.118570,0.001706,0.589927,10.980383,15.627304,30.016638,0.063711,0.267650,0.001408,29.379863,29.588465
943,0,0.037653,0.781112,0.126542,0.013142,0.898014,8.812150,16.500850,29.372144,0.073005,0.450762,0.001407,28.319370,28.812555
944,0,0.026396,0.713599,0.101187,0.002448,0.808202,9.552898,15.651477,29.155799,0.060691,0.434823,0.001400,28.216213,28.583740
945,0,0.022119,0.492103,0.069514,0.001887,0.560595,10.248684,15.596014,29.351233,0.041624,0.361074,0.001135,28.705944,29.014285
946,0,0.030077,0.763612,0.107443,0.001885,0.869189,9.806264,16.377710,29.869079,0.065004,0.538966,0.001617,28.868576,29.466736
947,0,0.026402,0.631247,0.082529,0.002633,0.713891,9.362108,15.703007,28.753399,0.062136,0.446069,0.002845,27.950248,28.437013
948,0,0.018841,0.551735,0.061123,0.002163,0.609268,10.150866,15.602685,29.726853,0.055265,0.388982,0.001102,29.006201,29.253831
949,0,0.017481,0.486750,0.073124,0.002048,0.558280,10.023717,15.407520,29.208103,0.042895,0.320801,0.001457,28.550909,28.745132
950,0,0.024795,0.809544,0.141534,0.002474,0.952419,9.745671,15.479396,29.241397,0.053075,0.603886,0.000949,28.156206,28.349189
951,0,0.023968,0.613757,0.071518,0.001722,0.654372,9.115982,16.537597,30.052493,0.069973,0.511505,0.001076,29.221937,29.372884
952,0,0.021421,0.500121,0.098274,0.002432,0.599067,9.298134,15.340143,28.777529,0.033677,0.364459,0.001482,28.005140,28.249257
953,0,0.022339,0.506335,0.060266,0.001337,0.566840,9.129687,15.685527,28.441458,0.048652,0.350107,0.001217,27.747608,28.129641
954,0,0.023406,0.455881,0.100535,0.001935,0.529063,8.263269,15.599270,29.623058,2.541281,2.571458,0.000767,26.495186,29.099781
955,0,0.027047,0.551972,0.083247,0.002572,0.634313,10.492910,14.765446,29.272109,0.037177,0.399644,0.001668,28.522057,28.632442
956,0,0.021432,0.573635,0.089228,0.002515,0.624886,12.506802,12.753949,29.009222,0.274712,0.454875,0.001553,28.181210,28.697687
957,0,0.023549,1.193363,0.258141,0.003782,1.255775,15.335245,4.644474,28.830145,2.884870,2.141377,0.001494,25.273871,26.555816
958,0,0.037995,0.554263,0.075703,0.002087,0.631729,9.498357,11.663132,29.617558,0.203989,0.484069,0.002220,28.605182,29.119551
959,0,0.016443,1.358236,0.085218,0.002237,1.425646,10.580274,15.491194,30.171032,0.335281,1.129406,0.001594,28.628016,29.715949
960,0,0.020893,0.460610,0.076853,0.018127,0.552502,9.680885,15.508133,29.048657,0.042445,0.247206,0.001187,28.428459,28.655811
961,0,0.023614,2.301352,0.063213,0.001952,2.363066,8.030581,15.399222,29.378379,0.342166,2.398416,0.001378,26.570332,28.817389
962,0,0.020234,0.599397,0.119180,0.001758,0.716892,10.381660,15.741095,29.565776,0.037375,0.404570,0.001620,28.800665,29.231458
963,0,0.036595,0.900811,0.115370,0.002602,0.957261,11.042440,14.630275,29.484974,0.057645,0.541157,0.001557,28.324128,28.892947
964,0,0.022339,0.576663,0.060847,0.001619,0.639129,10.465405,15.753598,29.874022,0.039548,0.345781,0.001491,29.130354,29.283110
965,0,0.022951,0.497505,0.059177,0.001633,0.546854,10.464071,14.764006,28.888620,0.047423,0.314106,0.001643,28.219041,28.559535
966,0,0.024682,0.583357,0.209929,0.003134,0.734461,11.357573,14.887889,30.205629,0.072595,0.374362,0.000983,29.305909,29.707725
967,0,0.021843,0.531752,0.110655,0.001861,0.603148,15.753778,8.531960,29.321965,0.055693,0.330335,0.001765,28.572409,28.818357
968,0,0.021135,0.636779,0.071678,0.001842,0.687920,9.238633,15.829880,29.936433,0.037898,0.413501,0.001803,29.117288,29.451440
969,0,0.021534,0.693146,0.069365,0.001670,0.763210,10.934507,14.512172,29.347848,0.202732,0.636625,0.001042,28.292962,28.616180
970,0,0.024965,0.400707,0.059813,0.002418,0.460948,9.093412,15.040335,29.160430,0.081722,0.269939,0.001745,28.487262,28.748896
971,0,0.024835,0.601024,0.080292,0.001602,0.682900,10.515876,12.718056,26.644139,0.057481,0.406608,0.002018,25.837994,26.241649
972,0,0.023843,0.686846,0.073541,0.001517,0.746067,9.477330,16.624457,29.524969,0.057455,0.502448,0.001590,28.666193,28.933254
973,0,0.023682,1.040472,0.587212,0.002411,1.628219,9.598291,12.656520,29.030916,1.519608,1.827728,0.002195,26.380576,28.242682
974,0,0.023540,0.578596,0.145039,0.004096,0.725056,10.999733,10.571738,28.929294,0.055799,0.363755,0.002097,28.098855,28.169923
975,0,0.024618,0.779439,0.080052,0.001891,0.855348,10.036518,15.578105,29.935824,0.051071,0.543019,0.002587,28.972941,29.394141
976,0,0.022596,0.882732,0.067163,0.001675,0.947567,10.206906,15.827930,29.596562,0.050195,0.707934,0.001611,28.540226,29.276923
977,0,0.030839,0.591271,0.135309,0.002785,0.700995,12.875084,11.610902,28.546962,0.040504,0.423909,0.001538,27.652199,28.073694
978,0,0.024530,0.367331,0.080087,0.002230,0.448204,10.324304,15.877267,29.764336,0.083556,0.236179,0.001443,29.201732,29.448179
979,0,0.025545,0.492743,0.071372,0.001758,0.553307,13.908182,10.619595,29.100227,0.255077,0.515423,0.001480,28.127446,28.635283
980,0,0.024768,0.819318,0.095342,0.002278,0.911036,11.151965,13.684211,30.150091,0.050335,0.595838,0.001903,29.118803,29.405981
981,0,0.023934,0.533095,0.060104,0.001413,0.592950,8.961813,15.705982,28.819621,0.034650,0.369332,0.001675,28.142721,28.423580
982,0,0.025290,1.226222,0.092062,0.001824,1.288618,9.524673,15.791004,29.436086,0.218393,1.076159,0.001230,28.016482,29.119620
983,0,0.023549,0.756502,0.069381,0.002145,0.823342,10.110436,15.565795,29.874243,0.044508,0.555757,0.001389,28.961548,29.553951
984,0,0.021995,0.490771,0.060828,0.002389,0.548322,9.734311,14.679939,29.381451,0.040082,0.275634,0.001546,28.737028,28.933192
985,0,0.023226,1.322873,0.112266,0.002209,1.410585,10.552709,12.941673,28.091551,0.269499,1.267904,0.001594,26.327575,27.241573
986,0,0.024060,0.711874,0.098548,0.001606,0.787547,18.762522,5.702736,29.127210,0.038770,0.473054,0.001460,28.221956,28.483697
987,0,0.025092,0.608155,0.169082,0.002222,0.663359,15.573040,2.773689,28.769738,1.694649,2.327710,0.001024,25.835224,28.189685
988,0,0.021088,0.677450,0.129409,0.002731,0.765387,11.229277,9.406238,29.767088,0.506244,5.397412,0.001732,23.969406,29.388732
989,0,0.024811,0.480306,0.071067,0.003029,0.546065,12.464626,8.048157,28.426003,1.058280,1.525272,0.002154,26.418679,27.446714
990,0,0.023548,1.129042,0.074024,0.001881,1.201836,9.130413,15.314480,30.276850,0.381113,1.302981,0.000957,28.576078,28.830269
991,0,0.023432,0.914930,0.102396,0.032529,0.994123,11.112918,13.835415,29.301992,0.036529,0.684566,0.001324,28.119408,28.506696
992,0,0.023200,0.484884,0.056398,0.002453,0.541813,9.821998,15.603486,29.857830,0.048204,0.277496,0.001798,29.207602,29.458209
993,0,0.023816,0.418617,0.102374,0.002660,0.474255,9.698082,15.561976,29.361451,0.047405,0.234197,0.002038,28.783897,29.047664
994,0,0.022300,0.628012,0.083993,0.029456,0.711210,9.930944,15.441056,29.068026,0.402769,0.803104,0.001141,27.856052,28.658063
995,0,0.023072,0.607503,0.086790,0.002990,0.660898,8.308615,13.132740,29.433245,0.178303,1.620953,0.001476,26.823900,28.110170
996,0,0.023674,0.423808,0.049849,0.002064,0.473369,14.284381,10.792738,29.492851,0.041184,0.212858,0.001415,28.912141,29.047755
997,0,0.019811,0.691217,0.262193,0.002360,0.802851,11.337542,15.671982,30.658445,0.041074,0.528606,0.001394,29.710342,30.279600
998,0,0.020373,0.799443,0.136533,0.005836,0.936383,11.259392,13.573183,28.980432,0.035715,0.597783,0.001245,27.928187,28.553527
999,0,0.023311,0.503322,0.073593,0.001609,0.574270,13.950560,11.825866,29.708045,0.045954,0.282924,0.001384,29.019477,29.244848
1000,0,0.021468,0.450423,0.052898,0.001684,0.499332,10.218674,15.492711,29.763779,0.036286,0.294618,0.001218,29.176633,29.408853
1001,0,0.020484,0.362016,0.051360,0.001614,0.414558,10.578198,14.975556,28.955241,0.046802,0.168825,0.001237,28.445883,28.650966
1002,0,0.039894,0.531032,0.075095,0.002549,0.606566,12.660030,11.582199,28.786124,0.188104,0.471291,0.001122,27.916185,28.032514
1003,0,0.022027,0.511081,0.058236,0.002021,0.567070,10.356670,15.764644,30.338151,0.044665,0.339563,0.183326,29.616838,29.838610
1004,0,0.022679,0.581551,0.067096,0.001902,0.648036,8.881141,16.601772,29.606561,0.051203,0.362076,0.001278,28.830824,28.955596
1005,0,0.021832,0.563169,0.063000,0.002533,0.615039,10.116741,14.631987,28.844983,0.041787,0.375748,0.001169,28.106353,28.367884
1006,0,0.022469,0.770823,0.068116,0.002055,0.833146,10.550151,14.646337,29.050102,0.046137,0.595842,0.000761,28.093860,28.622830
1007,0,0.018584,0.580252,0.073519,0.002379,0.641310,10.382948,14.529782,29.436101,0.109471,0.449943,0.001051,28.599377,28.843868
1008,0,0.034645,0.782508,0.112573,0.001692,0.889317,10.183056,15.717788,29.784719,0.082420,0.444943,0.001159,28.792897,29.278406
1009,0,0.021116,0.418566,0.056521,0.001468,0.473434,10.279642,15.338120,29.535620,0.038401,0.212636,0.001562,28.968935,29.100052
1010,0,0.020865,0.492272,0.058411,0.001685,0.548382,9.459987,15.553537,29.014593,0.036636,0.299525,0.001245,28.362770,28.564200
1011,0,0.029034,0.655157,0.224984,0.002164,0.752209,9.759943,15.513818,29.590864,0.071222,0.411946,0.001139,28.574659,28.809590
1012,0,0.029018,0.707763,0.107028,0.002477,0.810778,9.058502,15.689339,29.252564,0.050579,0.473539,0.001133,28.308932,28.589890
1013,0,0.022890,0.523868,0.073069,0.002044,0.597228,9.797423,15.474878,29.220014,0.575061,0.867993,0.001025,28.066882,28.906279
1014,0,0.019371,0.825272,0.123246,0.002729,0.942249,10.332329,16.387013,30.273340,0.058856,0.569230,0.001225,29.223241,29.799247
1015,0,0.029853,0.586097,0.126314,0.003492,0.706528,9.392732,15.371212,28.817862,0.059237,0.351928,0.001126,27.968385,28.099638
1016,0,0.019329,0.569899,0.173071,0.003713,0.644707,9.602025,16.369949,29.024999,0.045295,0.464433,0.001171,28.231094,28.702437
1017,0,0.024900,0.887429,0.150436,0.002543,1.032085,8.933153,15.422732,28.807833,0.063707,0.672033,0.000678,27.603588,28.320866
1018,0,0.026794,0.636090,0.068544,0.001589,0.691414,11.242100,15.576640,29.800860,0.069252,0.402723,0.001176,29.000060,29.349202
1019,0,0.022287,0.428227,0.067134,0.002331,0.492258,11.007361,15.646790,29.399991,0.045399,0.308070,0.001206,28.827948,29.163286
1020,0,0.025096,0.540970,0.116537,0.001905,0.593048,9.732388,15.437280,29.238235,0.041587,0.315916,0.001243,28.566445,28.612531
1021,0,0.018423,0.590840,0.086797,0.002591,0.673870,10.504072,15.736045,29.682377,0.106474,0.467643,0.032170,28.822737,29.183525
1022,0,0.022205,0.665781,0.061638,0.002066,0.699153,9.923931,15.558322,29.225485,0.034279,0.491962,0.001289,28.400554,28.921358
1023,0,0.020378,0.619573,0.086166,0.002030,0.680329,9.450717,15.787601,29.043916,0.056034,1.154666,0.000670,27.543943,28.442866
1024,0,0.020260,0.506837,0.058978,0.001534,0.561258,10.132683,15.516269,29.899751,0.040550,0.417785,0.001048,29.148975,29.340299
1025,0,0.021830,0.562553,0.110082,0.002310,0.674945,9.751989,15.419002,28.794874,0.047132,0.336304,0.001079,28.034034,28.161678
1026,0,0.020257,0.526491,0.070436,0.002297,0.594161,9.372401,15.580982,29.273131,0.061856,0.366912,0.001204,28.536445,28.817707
1027,0,0.022816,0.542716,0.074256,0.001897,0.608010,9.944314,15.635295,29.567995,0.036819,0.411625,0.001914,28.857249,28.926764
1028,0,0.023947,0.692042,0.089397,0.001730,0.758694,10.846264,15.760618,30.721450,0.044374,0.443322,0.001649,29.845339,30.246018
1029,0,0.020697,0.495073,0.108467,0.001984,0.555120,10.840439,14.739429,28.818808,0.085485,0.309601,0.001215,28.117837,28.279921
1030,0,0.020000,0.473169,0.062779,0.001907,0.527946,9.121074,16.639822,30.143018,0.036300,0.312333,0.002996,29.495196,29.565924
1031,0,0.020893,0.545014,0.065392,0.001674,0.611824,7.676645,15.770413,29.012094,0.037128,0.395627,0.001793,28.317974,28.439752
1032,0,0.019361,0.543137,0.148700,0.002409,0.680206,10.463155,15.680816,29.562507,0.139484,0.521131,0.001031,28.603305,29.134688
1033,0,0.022406,0.431236,0.066491,0.001676,0.497778,11.734192,12.565946,28.937670,0.038716,0.296888,0.001633,28.331003,28.403748
1034,0,0.018947,0.468192,0.336444,0.016140,0.790126,9.626348,15.475093,29.870000,0.034019,0.349416,0.001053,29.115109,29.499597
1035,0,0.022497,0.741254,0.064662,0.001741,0.798475,10.873431,14.749324,29.241709,0.034789,0.665652,0.000440,28.286626,28.357887
1036,0,0.023284,0.523803,0.064426,0.001856,0.584169,10.302299,14.710155,29.523928,0.048278,0.317379,0.002772,28.828654,29.019460
1037,0,0.021348,0.387082,0.050364,0.001640,0.437545,11.445813,14.695082,29.031514,0.035979,0.236542,0.001172,28.513461,28.731848
1038,0,0.020551,0.454179,0.066371,0.001757,0.509085,11.298817,15.734175,30.468848,0.033404,0.326830,0.020641,29.829622,30.112427
1039,0,0.022306,0.518411,0.156330,0.002222,0.581577,11.106384,14.542406,29.183830,0.077940,0.345266,0.001548,28.451466,28.876220
1040,0,0.023242,0.437927,0.076078,0.002022,0.514523,9.450010,15.745991,28.883357,0.037990,0.280951,0.001145,28.238270,28.390795
1041,0,0.022053,0.728352,0.058795,0.002085,0.787699,10.054175,15.764358,29.226721,0.110842,0.432743,0.000873,28.316505,28.509125
1042,0,0.020747,0.536706,0.073635,0.001478,0.609874,10.588005,15.597822,29.881201,0.033844,0.405600,0.001575,29.165750,29.352887
1043,0,0.025213,0.550326,0.055867,0.002165,0.602341,9.528992,15.668491,29.162068,0.039941,0.379592,0.001720,28.449572,28.701603
1044,0,0.028483,0.451226,0.056400,0.002481,0.501943,10.674695,15.629883,29.342090,0.080187,0.253774,0.001285,28.681313,28.982912
1045,0,0.024322,1.167214,0.142314,0.007595,1.306541,9.582652,15.528706,29.159343,0.109221,0.985839,0.001094,27.658614,28.304149
1046,0,0.021968,0.518034,0.074763,0.002257,0.591800,8.905922,15.997148,29.751834,0.040122,0.376380,0.001222,29.039620,29.155473
1047,0,0.020958,0.554576,0.070460,0.001929,0.606356,9.238445,15.438474,28.119094,0.044579,0.401985,0.000906,27.409907,27.633133
1048,0,0.019856,0.396041,0.056012,0.001666,0.453345,10.615330,15.751069,29.673545,0.043824,0.203727,0.001712,29.140163,29.379239
1049,0,0.030497,0.769639,0.123361,0.003367,0.888987,9.203483,16.537697,29.982684,0.122556,0.591332,0.000994,28.898518,29.262795
1050,0,0.035815,0.624174,0.053974,0.001509,0.675608,8.748035,16.613642,29.271199,0.063494,0.372727,0.001304,28.473789,28.849405
1051,0,0.017651,0.573426,0.085740,0.002014,0.637387,10.609346,15.635648,29.310725,0.230863,0.490015,0.000822,28.465728,29.061277
1052,0,0.022543,0.551208,0.057609,0.002310,0.605493,10.061989,15.411828,28.967312,0.033967,0.409758,0.001467,28.255448,28.467517
1053,0,0.021755,0.532605,0.118162,0.002525,0.583592,9.305134,16.471329,29.982087,0.043139,0.345620,0.000939,29.167580,29.332342
1054,0,0.023542,0.534318,0.065984,0.002429,0.599475,10.536711,14.600377,29.238209,0.037986,0.337667,0.001229,28.529532,28.775552
1055,0,0.022658,0.555223,0.067981,0.001737,0.609491,11.064493,13.520847,28.526938,0.036810,0.374632,0.001385,27.826165,27.913171
1056,0,0.022480,0.768916,0.067237,0.002102,0.838026,10.271016,15.612675,30.228590,0.043578,0.564957,0.001639,29.282045,29.419102
1057,0,0.019470,0.546759,0.163812,0.001551,0.597694,9.920759,14.611444,29.055065,0.272114,0.704256,0.001546,27.965345,28.698847
1058,0,0.022309,0.490589,0.055768,0.001381,0.546977,10.577787,15.429925,29.379843,0.040529,0.328053,0.001355,28.751878,29.064431
1059,0,0.022602,0.845256,0.068555,0.002104,0.915212,10.257442,15.600023,29.603248,0.116399,0.579022,0.001581,28.592513,29.016617
1060,0,0.020756,1.761614,0.067605,0.001530,1.822772,9.397734,15.551068,30.038973,0.379661,1.871345,0.000828,27.745272,28.492145
1061,0,0.018703,0.566939,0.061812,0.001352,0.630103,10.598846,15.514100,29.600104,0.050395,0.520058,0.001061,28.685476,29.256990
1062,0,0.021953,0.630321,0.117205,0.001658,0.701532,9.747264,15.598181,29.652280,0.037178,0.432614,0.002384,28.849752,28.962475
1063,0,0.021350,0.717093,0.105633,0.003751,0.818571,9.753092,15.433061,29.234520,0.073314,0.509676,0.001741,28.276189,28.830379
1064,0,0.021870,0.657317,0.176740,0.004135,0.838192,10.219760,14.730612,28.904806,0.034308,0.528295,0.001130,28.093492,28.155735
1065,0,0.022990,0.746535,0.067483,0.001406,0.812316,8.927097,16.678089,30.138508,1.097467,1.129182,0.000972,28.645902,29.185764
1066,0,0.022269,0.608893,0.055990,0.001616,0.663039,8.651860,16.599355,29.359307,0.031995,0.451259,0.000933,28.615180,28.663645
1067,0,0.023801,0.792453,0.097269,0.002233,0.871438,9.812047,15.537814,28.766587,0.194756,0.873478,0.001396,27.601286,28.055465
1068,0,0.028628,0.630052,0.094408,0.001972,0.723255,10.684631,15.844679,30.086915,0.058803,0.467994,0.001254,29.288242,29.758368
1069,0,0.020767,0.489218,0.071752,0.001995,0.557568,11.205179,12.505022,28.571818,0.042310,0.366816,0.001219,27.910903,28.100258
1070,0,0.018998,0.560842,0.074550,0.002957,0.627640,10.195491,15.581973,29.812824,0.056620,0.426085,0.000990,28.979319,29.092042
1071,0,0.020124,0.407262,0.054990,0.001495,0.463150,9.758160,15.519706,29.325086,0.038859,0.256969,0.001626,28.766528,28.862620
1072,0,0.022651,0.572872,0.065115,0.001655,0.624311,9.844623,15.601430,29.564950,0.042871,0.437374,0.001118,28.785183,29.007037
1073,0,0.021960,0.746049,0.191501,0.002226,0.869033,9.483760,15.861346,29.148911,0.049269,0.562623,0.001365,28.157683,28.552646
1074,0,0.022928,0.576320,0.062571,0.001482,0.633303,9.860588,15.737233,29.636724,0.091623,0.480200,0.001248,28.868138,29.328923
1075,0,0.021087,0.377870,0.055576,0.001258,0.433954,10.471360,15.774264,29.716316,0.052238,0.234029,0.000771,29.188918,29.412203
1076,0,0.024367,0.533640,0.087960,0.004293,0.588003,10.329683,15.701718,29.528253,0.500957,0.520817,0.000924,28.362964,29.061674
1077,0,0.021399,0.382718,0.075298,0.002000,0.444008,9.018246,15.855068,28.826525,0.044888,0.369763,0.001445,28.147330,28.313866
1078,0,0.018047,0.565356,0.086947,0.002079,0.617212,13.349993,11.057245,27.794622,0.042978,0.412089,0.001080,27.079818,27.304671
1079,0,0.024524,0.613307,0.095973,0.002025,0.693823,12.095651,13.597243,29.631741,0.039559,0.479850,0.001490,28.842632,29.076066
1080,0,0.018113,0.566404,0.069103,0.002243,0.628569,10.200980,15.603846,29.958772,0.065150,0.603714,0.001473,29.041388,29.488417
1081,0,0.022326,0.547113,0.068936,0.001817,0.614217,10.186294,16.419683,29.990783,0.079887,0.395948,0.001099,29.263783,29.654523
1082,0,0.023080,0.495282,0.083538,0.001754,0.577708,12.338442,12.008851,28.604800,0.056510,0.337258,0.001456,27.930569,28.125241
1083,0,0.020833,0.508358,0.068211,0.002116,0.575238,9.738864,16.399052,29.998326,0.033913,0.367541,0.001432,29.345307,29.687055
1084,0,0.022362,0.470316,0.069142,0.001747,0.535860,9.983277,15.773007,28.995968,0.047624,0.274717,0.001683,28.361244,28.613449
1085,0,0.019660,0.590305,0.067910,0.002837,0.654731,9.850624,15.506596,29.549345,0.036214,0.418185,0.001111,28.784655,29.053619
1086,0,0.022553,0.612999,0.056960,0.002566,0.670887,10.307141,15.633981,29.654516,0.035207,0.390743,0.000948,28.867725,29.157608
1087,0,0.023320,0.540894,0.097278,0.002313,0.604315,9.878238,15.434119,28.894335,0.045050,0.348318,0.001419,28.196423,28.514652
1088,0,0.032208,0.808072,0.102108,0.003489,0.897837,9.809929,15.533676,29.647808,0.072858,0.501348,0.001117,28.494773,29.035773
1089,0,0.021296,0.514745,0.066506,0.002092,0.577644,10.309697,15.610856,29.596783,0.047245,0.409102,0.001206,28.945500,29.382262
1090,0,0.022087,0.630830,0.069827,0.002521,0.699343,9.479386,15.615783,29.003986,0.048171,0.455222,0.001428,28.194632,28.446552
1091,0,0.044426,0.834833,0.135034,0.003196,0.940157,12.723052,13.538890,30.233843,0.153288,0.474389,0.001215,29.148339,29.499694
1092,0,0.019327,0.543940,0.076827,0.002054,0.618942,10.467442,15.514920,29.545787,0.040462,0.430196,0.001460,28.830831,29.289614
1093,0,0.020792,0.388090,0.059074,0.001650,0.445364,10.430724,15.611997,29.656107,0.047406,0.257659,0.000984,29.105774,29.221388
1094,0,0.024064,1.141574,0.060958,0.001357,1.200050,8.259944,16.656867,29.713529,0.096893,0.928554,0.000688,28.345587,29.084988
1095,0,0.031539,0.679051,0.108770,0.003164,0.776964,8.313791,16.567669,29.421681,0.054270,0.404111,0.001397,28.498739,28.604063
1096,0,0.020254,0.397602,0.055591,0.001411,0.454604,9.207633,16.433296,29.158649,0.045327,0.235583,0.001472,28.618881,28.726092
1097,0,0.025163,0.838944,0.179316,0.001994,1.007341,13.224843,11.876783,29.138088,0.074869,0.524499,0.001395,28.077002,28.524531
1098,0,0.016983,0.585697,0.057017,0.001421,0.639913,9.988167,16.479751,29.936822,0.053616,0.440105,0.000844,29.197502,29.547056
1099,0,0.019978,0.565166,0.080841,0.001947,0.631980,9.310794,16.496048,29.334103,0.035652,0.441101,0.000992,28.550786,28.686094
1100,0,0.019549,0.526756,0.095291,0.002692,0.603721,9.779019,15.509675,28.977466,0.045232,0.405272,0.001386,28.288649,28.596961
1101,0,0.054885,0.443570,0.066799,0.001595,0.507525,9.773510,15.351641,29.271498,0.076809,0.347794,0.001104,28.604672,28.976455
1102,0,0.017562,0.553402,0.083614,0.033856,0.669116,10.273751,15.576495,29.597247,0.046000,0.431611,0.001081,28.762786,28.960102
1103,0,0.017234,0.562213,0.098454,0.002596,0.648494,9.576193,16.473770,29.915995,0.039555,0.438624,0.001667,29.151150,29.371694
1104,0,0.024186,0.609667,0.066884,0.001945,0.663410,10.158394,15.673575,28.916335,0.055104,0.421765,0.000791,28.086567,28.411598
1105,0,0.019348,0.567790,0.094399,0.001972,0.637924,9.520419,15.525683,28.878483,0.033567,0.371354,0.001024,28.094075,28.391191
1106,0,0.022826,0.517523,0.087083,0.002286,0.587536,11.141384,15.413972,30.010675,0.035910,0.326358,0.001420,29.304657,29.659294
1107,0,0.019874,0.712877,0.366748,0.003230,0.928221,8.981941,15.671677,28.786773,0.058693,0.439230,0.001158,27.776558,28.275639
1108,0,0.018347,0.742073,0.127987,0.002182,0.837006,10.104935,15.474753,29.727927,0.034223,0.595224,0.001755,28.808096,29.188598
1109,0,0.020800,0.770202,0.138244,0.002120,0.909254,8.785124,15.620640,29.197185,0.184415,0.776416,0.001199,27.935175,28.512610
1110,0,0.016740,1.101887,0.075171,0.002117,1.167299,7.706568,16.612565,29.314634,1.432582,1.957895,0.001351,27.016900,28.972998
1111,0,0.026552,1.508129,0.180820,0.002398,1.689307,8.601545,14.586753,28.715209,1.894024,2.632805,0.001288,25.664567,27.855881
1112,0,0.023613,0.501462,0.084812,0.006733,0.578217,10.399400,15.711699,29.781232,0.038753,0.290465,0.001476,29.095654,29.416223
1113,0,0.019166,0.484114,0.196695,0.096402,0.682236,10.131675,15.636946,28.991007,0.036999,0.347859,0.001067,28.355584,28.694976
1114,0,0.022547,0.571492,0.084361,0.002138,0.627362,10.371430,15.666493,30.025020,0.045114,0.338521,0.002688,29.287035,29.671414
1115,0,0.023831,0.430976,0.066152,0.002166,0.498533,8.614982,16.582258,29.599689,0.052646,0.280917,0.001127,28.950538,29.219460
1116,0,0.023394,0.433750,0.076366,0.002389,0.506147,10.328822,15.541524,29.298041,0.051221,0.257946,0.001537,28.683195,28.963490
1117,0,0.053349,0.561552,0.071518,0.002441,0.632506,8.898314,16.671031,29.375132,0.048157,0.495888,0.001494,28.557494,28.963279
1118,0,0.022182,0.451939,0.069615,0.002891,0.506278,9.101407,16.539057,29.243899,0.037071,0.230722,0.000716,28.650339,28.840939
1119,0,0.022892,0.587409,0.090185,0.001892,0.659861,10.280866,15.614465,29.080591,0.098501,0.346587,0.001535,28.322161,28.640507
1120,0,0.022855,0.470889,0.070881,0.001941,0.532355,10.744217,16.536101,31.179940,0.052274,0.355840,0.001446,30.522623,30.758450
1121,0,0.021626,0.456700,0.055836,0.001265,0.513199,10.468574,15.512104,30.026389,0.037749,0.315841,0.001098,29.417990,29.631043
1122,0,0.020281,0.635545,0.071961,0.002292,0.700835,12.752778,15.466026,31.325870,0.036008,0.447660,0.001247,30.523570,30.910802
1123,0,0.021977,0.802112,0.067044,0.001738,0.860129,10.533037,15.532343,30.562388,0.036110,0.653184,0.000630,29.577977,29.646937
1124,0,0.030792,0.895302,0.060733,0.001605,0.952724,12.847922,13.546089,30.583618,0.072398,0.597535,0.001336,29.521169,30.110307
1125,0,0.020656,0.501028,0.087159,0.002403,0.587811,10.542446,15.445406,30.093992,0.048133,0.443957,0.001202,29.326462,29.796779
1126,0,0.022385,0.624578,0.065162,0.002099,0.686936,10.441739,15.568737,30.308100,0.081947,0.565416,0.001756,29.432072,29.790336
1127,0,0.022715,0.774574,0.061496,0.001598,0.836692,10.305218,16.774468,31.333204,0.046133,0.653822,0.001721,30.221445,30.877556
1128,0,0.021953,0.473140,0.092103,0.001902,0.529010,8.539653,15.025629,29.754995,2.593639,2.913228,0.001093,26.544005,29.255165
1129,0,0.022540,0.538500,0.095270,0.001685,0.634432,11.069971,15.669706,31.019807,0.064445,0.362975,0.001793,30.281271,30.532377
1130,0,0.022084,0.567329,0.066253,0.002166,0.630796,12.939763,13.678539,30.375345,0.046295,0.400876,0.001376,29.657531,29.746737
1131,0,0.024528,0.505903,0.112176,0.001954,0.569631,14.516752,10.787349,29.738332,0.037867,0.322374,0.001041,29.006897,29.245830
1132,0,0.019407,0.721751,0.067420,0.002245,0.789286,11.313421,15.579679,30.636721,0.034655,0.582564,0.001544,29.744181,30.191650
1133,0,0.029872,0.757750,0.113463,0.001871,0.855958,11.483086,14.566985,30.278577,0.062086,0.542161,0.001286,29.271568,29.857737
1134,0,0.022785,0.592218,0.065854,0.001596,0.655539,11.111291,15.619006,30.720384,0.047282,0.450749,0.001151,29.970134,30.302619
1135,0,0.021520,0.623953,0.069111,0.001758,0.690399,10.500121,16.408018,30.986757,0.057363,0.434362,0.001164,30.163882,30.437554
1136,0,0.023908,0.450165,0.063394,0.002186,0.514220,10.219365,15.472028,29.971539,0.053762,0.293006,0.001576,29.333301,29.403973
1137,0,0.022507,0.533691,0.065571,0.002528,0.596425,9.799235,16.367969,30.611259,0.104856,0.344538,0.001191,29.842304,29.900987
1138,0,0.035019,0.850005,0.143191,0.003830,0.949587,9.137092,16.569899,30.580464,0.120542,0.458011,0.001550,29.416432,29.746748
1139,0,0.021018,0.586869,0.113254,0.002278,0.699733,10.316262,15.657749,29.750045,0.036268,0.485605,0.000997,28.851466,29.095140
1140,0,0.023500,0.467878,0.151915,0.002374,0.619079,11.496750,15.522650,30.929269,0.051096,0.263969,0.001665,30.187306,30.332960
1141,0,0.018772,0.493497,0.119274,0.002582,0.606193,9.414013,16.618835,29.730640,0.044717,0.298864,0.000681,29.009320,29.341682
1142,0,0.023573,0.377532,0.060284,0.002267,0.436875,10.351220,15.830079,29.898843,0.046185,0.227877,0.001550,29.376646,29.594463
1143,0,0.021611,0.737399,0.074997,0.001824,0.801707,11.545838,15.091705,30.144946,0.065914,0.457612,0.001159,29.125409,29.470623
1144,0,0.023244,0.470772,0.058213,0.002104,0.529845,11.345962,15.723318,30.727131,0.031929,0.322174,0.002097,30.128043,30.450187
1145,0,0.025335,0.419772,0.076215,0.001863,0.475570,11.241930,15.717275,30.909395,0.046318,0.279561,0.001300,30.327758,30.582969
1146,0,0.023882,0.575077,0.059629,0.002294,0.634488,10.365453,15.199978,30.071402,0.043074,0.414003,0.001256,29.356143,29.404976
1147,0,0.022922,0.464290,0.063726,0.001650,0.518177,9.819446,16.566543,30.957811,0.034188,0.276490,0.001136,30.303437,30.374547
1148,0,0.031940,0.565394,0.103014,0.001236,0.622768,9.344760,15.721879,29.707692,0.069966,0.344956,0.001536,28.996655,29.389782
1149,0,0.022225,0.527796,0.098421,0.002577,0.603165,11.781463,16.454088,31.310273,0.041015,0.359139,0.001009,30.598897,30.994855
1150,0,0.025446,0.722429,0.112517,0.002310,0.799221,10.068893,14.627728,30.161346,0.035473,0.501629,0.001134,29.225306,29.590105
1151,0,0.022968,0.893799,0.064089,0.002481,0.958407,10.403670,14.612580,29.802722,0.690146,1.376218,0.001352,27.890622,28.685481
1152,0,0.025527,2.075883,0.111813,0.001796,2.158393,10.006206,14.815917,30.703939,0.406429,2.358751,0.001563,27.932221,30.317344
1153,0,0.022242,0.592936,0.100371,0.001971,0.694782,10.896310,15.597397,31.468659,0.043902,0.419818,0.001997,30.689448,30.914878
1154,0,0.022527,0.690403,0.084905,0.002110,0.775162,11.565333,15.697254,30.695023,0.046826,0.518932,0.001564,29.820228,30.174230
1155,0,0.022811,0.507988,0.092755,0.002050,0.579595,10.589853,15.582624,30.267491,0.055943,0.341588,0.001193,29.544840,29.759313
1156,0,0.033708,0.807663,0.125116,0.004421,0.929329,9.175869,15.609133,30.482806,0.051628,0.503868,0.001424,29.417141,29.745085
1157,0,0.038325,0.697432,0.081792,0.001558,0.779475,10.542742,16.573384,30.654499,0.108471,0.464957,0.001128,29.696110,30.217352
1158,0,0.030380,0.662739,0.081819,0.001989,0.746271,10.571944,15.401363,29.967024,0.066539,0.474730,0.000947,29.147401,29.650926
1159,0,0.019619,0.481564,0.143976,0.001995,0.599720,11.115311,15.437040,30.437294,0.061294,0.375810,0.001357,29.788092,30.189391
1160,0,0.034329,0.708053,0.106357,0.002534,0.808248,10.524765,16.354921,30.774292,0.108339,0.326127,0.001444,29.746617,30.139090
1161,0,0.022718,0.394981,0.072175,0.001649,0.459275,10.542221,15.560952,30.269947,0.039350,0.280730,0.001622,29.658782,29.799561
1162,0,0.024795,0.636597,0.068500,0.002014,0.706314,11.007189,15.747932,30.736785,0.071721,0.393960,0.001112,29.894781,30.244850
1163,0,0.026763,0.680625,0.060095,0.001509,0.739590,10.089842,15.438405,30.213380,0.063661,0.416002,0.001623,29.356110,29.479703
1164,0,0.019471,0.456825,0.074452,0.001801,0.519614,11.187196,15.585686,30.314932,0.052482,0.292927,0.001550,29.697664,29.951379
1165,0,0.028134,0.695963,0.116636,0.002072,0.771153,10.521317,15.587396,30.299667,0.067751,0.472262,0.000906,29.420283,29.925280
1166,0,0.027787,0.705098,0.154003,0.004083,0.815524,11.565135,15.483188,30.429769,0.054064,0.467051,0.001094,29.514022,29.948571
1167,0,0.019575,0.576985,0.094665,0.002174,0.672335,11.216078,15.558457,30.469582,0.049037,0.454102,0.001477,29.721824,30.160606
1168,0,0.021685,0.543657,0.080540,0.001948,0.625248,10.906419,15.585670,30.801389,0.036740,0.417965,0.002353,30.111583,30.555840
1169,0,0.028294,2.305096,0.579236,0.002767,2.887099,12.514588,11.686887,30.190819,0.384887,2.227277,0.000805,27.349625,27.599848
1170,0,0.015979,0.534791,0.085432,0.002377,0.574249,12.440506,14.658689,30.805664,0.042162,0.415066,0.001320,30.066867,30.330066
1171,0,0.024130,0.867366,0.256433,0.003305,0.942373,10.448032,12.650399,29.775086,0.664720,1.777063,0.001081,26.689919,28.099589
1172,0,0.019184,0.512241,0.111765,0.001942,0.579616,9.424456,15.663490,29.527797,0.047315,0.335441,0.001017,28.645216,28.961287
1173,0,0.023396,0.525389,0.065595,0.001435,0.588012,11.401575,15.730969,30.620716,0.199500,0.639784,0.001476,29.611871,30.069112
1174,0,0.024013,0.580764,0.083645,0.002399,0.665293,10.311130,16.387865,30.643470,0.038040,0.445751,0.000894,29.867896,30.266021
1175,0,0.022499,0.695396,0.071236,0.001669,0.750901,13.250017,12.511531,29.883881,0.036329,0.788493,0.001945,28.654538,28.834675
1176,0,0.020037,0.515669,0.088911,0.002171,0.580385,11.091633,15.548629,30.536803,0.038905,0.324679,0.001678,29.855524,30.209422
1177,0,0.023948,0.562928,0.060748,0.001659,0.625123,12.282306,14.697756,30.482949,0.040185,0.370569,0.001370,29.758583,30.170707
1178,0,0.025607,1.430104,0.062642,0.002724,1.492528,9.914474,15.598000,30.645994,0.035405,1.253355,0.001353,28.939121,29.132881
1179,0,0.026497,0.609815,0.058631,0.002476,0.669731,10.419371,15.699358,30.166566,0.038245,0.436132,0.001695,29.391209,29.553166
1180,0,0.022013,0.457073,0.052875,0.002415,0.510477,11.324607,15.744015,30.657097,0.036787,0.257010,0.001302,30.029765,30.164401
1181,0,0.026099,0.481827,0.083247,0.002610,0.565713,15.506615,10.550001,30.133974,0.050261,0.356128,0.001440,29.450436,29.709492
1182,0,0.020646,0.497675,0.061877,0.001672,0.559728,11.818176,15.807691,31.501477,0.048841,0.303632,0.001639,30.838596,31.174602
1183,0,0.023457,0.592807,0.063921,0.001712,0.645369,11.519717,14.613321,30.123136,0.035781,0.484870,0.001794,29.349222,29.871429
1184,0,0.024144,0.470158,0.073995,0.001987,0.542925,11.564189,14.590867,29.967686,0.049207,0.246089,0.001306,29.322781,29.595222
1185,0,0.023313,0.619952,0.061154,0.002162,0.674014,9.981974,1.632970,15.852942,0.057993,0.369195,0.001438,15.050981,15.440926
1186,0,0.010793,0.508995,0.070788,0.001855,0.576788,10.569500,15.677286,30.945333,0.043062,0.356099,0.001451,30.245191,30.353425
1187,0,0.025728,0.398762,0.073851,0.001939,0.467055,9.953676,15.692291,30.192104,0.122317,0.203451,0.001170,29.549559,29.703991
1188,0,0.022986,0.401299,0.069036,0.001685,0.469292,12.902011,12.649455,30.462089,0.047322,0.200305,0.002379,29.848616,29.976019
1189,0,0.024961,0.598776,0.058944,0.002182,0.657979,10.993735,15.280399,30.683305,0.039607,0.531243,0.001550,29.727167,29.943238
1190,0,0.024214,0.530544,0.377849,0.002442,0.823973,11.142588,15.082452,30.845372,0.077448,0.365887,0.001398,30.084003,30.484916
1191,0,0.025812,0.703210,0.062862,0.001112,0.762074,10.260364,15.681517,30.571945,0.070437,0.475458,0.001237,29.666780,29.921043
1192,0,0.021734,0.601249,0.138939,0.002151,0.741957,10.953197,15.664950,29.898265,0.057133,0.365352,0.001341,29.064408,29.317287
1193,0,0.021431,0.507047,0.086825,0.001903,0.569367,10.481091,16.761787,31.033237,0.051338,0.350980,0.003782,30.342492,30.712579
1194,0,0.024999,0.433223,0.055797,0.002547,0.490372,11.702587,13.743229,29.534355,0.041770,0.198622,0.001201,28.961785,29.097328
1195,0,0.023139,0.453224,0.060634,0.002215,0.514346,12.216090,14.192491,30.724180,0.047371,0.306534,0.001515,29.671680,29.995337
1196,0,0.018023,0.436408,0.054829,0.002369,0.483570,10.415104,15.547041,30.311426,0.048162,0.213153,0.001650,29.723957,29.933970
1197,0,0.022829,0.537742,0.067260,0.001901,0.595212,10.959567,16.715116,31.309507,0.038740,0.364573,0.001765,30.616075,31.008761
1198,0,0.023508,0.467478,0.188486,0.002355,0.656359,11.559479,13.656650,29.683399,0.062690,0.243139,0.001208,29.006640,29.177082
1199,0,0.024212,0.537266,0.071018,0.001750,0.607331,10.562578,15.631949,30.543856,0.039781,0.374409,0.000863,29.824958,30.049816
1200,0,0.037511,0.635383,0.064425,0.001504,0.696838,10.335670,15.442170,30.219614,0.072751,0.434308,0.000805,29.320724,29.562060
1201,0,0.020388,0.514203,0.074980,0.002311,0.579019,10.986293,15.636594,30.899947,0.071341,0.318119,0.001169,30.194805,30.585434
1202,0,0.030734,0.719359,0.123302,0.002624,0.842096,11.617283,14.526910,30.420915,0.193265,0.453748,0.001691,29.317909,29.683707
1203,0,0.030927,0.723786,0.130309,0.003023,0.853251,9.285414,16.603613,30.737384,0.069689,0.522042,0.001014,29.698059,29.860753
1204,0,0.020923,0.453532,0.060992,0.007308,0.509794,10.443166,14.587655,29.398205,0.047079,0.309636,0.001603,28.763799,28.899735
1205,0,0.029699,0.667217,0.090345,0.002462,0.754814,10.234284,16.551177,30.480627,0.069213,0.448186,0.001466,29.633791,30.129721
1206,0,0.024271,0.704861,0.133253,0.002982,0.831647,9.940762,16.561537,30.401074,0.059142,0.434659,0.000781,29.485832,29.925043
1207,0,0.022904,0.516955,0.076321,0.001613,0.593838,14.281386,10.883881,30.295685,0.036049,0.342147,0.001016,29.599961,29.684975
1208,0,0.019668,0.482471,0.101480,0.001792,0.544179,12.564228,12.611336,29.702804,0.047929,0.359221,0.001210,28.991211,29.202306
1209,0,0.015512,0.554167,0.068033,0.002129,0.623512,11.874298,15.733207,31.801682,0.045604,0.385432,0.001304,31.089034,31.343155
1210,0,0.030994,0.692844,0.061407,0.001528,0.749022,16.532201,8.613624,29.471485,0.122637,0.464455,0.001709,28.544424,28.980088
1211,0,0.019527,0.470209,0.091858,0.002033,0.553962,13.238181,12.550125,30.033642,0.049226,0.327908,0.001347,29.357771,29.509218
1212,0,0.018598,0.635356,0.068574,0.001647,0.697768,11.756855,14.587356,30.510961,0.039274,0.484274,0.001871,29.719482,30.017081
1213,0,0.023483,0.789343,0.109850,0.003815,0.888943,12.792478,14.147746,31.066878,0.074629,0.610220,0.001509,30.042317,30.681264
1214,0,0.022163,0.638840,0.064042,0.001996,0.688204,13.882074,11.536431,30.476102,0.633174,0.939087,0.001381,29.039442,29.998948
1215,0,0.024490,0.438071,0.106662,0.002101,0.546834,11.911246,14.560414,30.578921,0.035992,0.281337,0.001726,29.985994,30.120931
1216,0,0.029265,0.847948,0.083161,0.001592,0.918610,11.592367,15.759630,31.549147,0.064209,0.612701,0.001013,30.436426,30.641291
1217,0,0.033846,0.730161,0.084282,0.002552,0.797044,9.857235,15.701583,29.822117,0.063549,0.451522,0.000980,28.908279,29.260294
1218,0,0.030619,0.605729,0.099448,0.001730,0.701984,10.600048,15.500735,30.058281,0.065139,0.385856,0.001272,29.229084,29.575903
1219,0,0.019005,0.810336,0.167248,0.031549,0.939296,12.551144,13.921497,31.142126,0.073774,0.617121,0.001115,29.934076,30.328428
1220,0,0.026640,0.837509,0.147999,0.003071,0.963426,10.125838,14.563094,29.774486,0.062627,0.605656,0.001390,28.647433,29.018162
1221,0,0.022514,0.477284,0.073883,0.001795,0.552214,10.802764,15.542333,30.606574,0.050014,0.332225,0.001179,29.878420,30.055968
1222,0,0.022735,0.777847,0.105122,0.001964,0.865367,11.168015,14.395304,30.603117,0.062210,0.551461,0.001068,29.529895,29.669547
1223,0,0.030890,0.710707,0.128968,0.001634,0.807270,10.366278,16.512125,30.969321,0.086641,0.500341,0.001006,30.046607,30.530630
1224,0,0.021912,0.505901,0.072037,0.001824,0.574300,10.959195,15.074739,30.295527,0.037716,0.413166,0.001319,29.555481,29.801422
1225,0,0.025690,0.670442,0.157781,0.003066,0.808112,9.687528,15.698156,30.206515,0.074278,0.419735,0.000817,29.262756,29.462999
1226,0,0.037584,1.035160,0.211955,0.002470,1.248710,9.673676,14.696478,30.216766,0.125958,0.901848,0.001794,28.655309,29.605891
1227,0,0.023128,0.600635,0.058620,0.001980,0.656675,11.574931,14.861447,30.073856,0.048613,0.423490,0.001519,29.319710,29.784330
1228,0,0.022637,0.450570,0.096302,0.002074,0.511568,11.148916,15.611283,30.775838,0.042880,0.292710,0.001173,30.123787,30.246883
1229,0,0.022418,0.601319,0.064258,0.001525,0.658476,14.044288,12.691763,30.581553,0.046688,0.412890,0.001845,29.837900,30.164202
1230,0,0.023394,0.463246,0.087504,0.001924,0.529543,11.074796,15.639210,30.574701,0.049871,0.349186,0.000847,29.872503,30.192647
1231,0,0.024210,0.448048,0.063728,0.002200,0.511625,9.930180,16.546839,30.548664,0.079990,0.299093,0.000873,29.891043,30.041195
1232,0,0.023100,0.455530,0.073716,0.002031,0.516917,12.125341,14.487356,30.587494,0.049379,0.306963,0.001222,29.971091,30.322484
1233,0,0.018851,0.685292,0.090053,0.002588,0.768090,10.483959,13.993783,29.653695,0.116517,0.507852,0.001365,28.608354,29.104541
1234,0,0.026282,0.622864,0.072261,0.002362,0.693301,12.055349,15.370442,30.663814,0.145084,0.365585,0.001272,29.871662,30.267040
1235,0,0.036343,0.614768,0.107072,0.002607,0.671155,10.281186,15.754136,29.416421,0.129228,0.379401,0.001220,28.572059,29.044060
1236,0,0.018486,0.500159,0.058624,0.002564,0.559340,11.428580,15.471787,30.457115,0.035302,0.274881,0.001480,29.796596,29.979774
1237,0,0.020916,0.446406,0.077701,0.001373,0.524626,11.819877,14.063533,30.186017,0.033967,0.264885,0.001337,29.578376,29.660847
1238,0,0.021261,1.259008,0.128199,0.002640,1.367581,9.943530,15.619778,30.403152,0.573947,1.817154,0.001392,28.107305,28.602731
1239,0,0.042861,0.540264,0.068593,0.002486,0.595469,12.163408,15.086742,30.777068,0.047627,0.312369,0.001232,30.095555,30.390662
1240,0,0.025061,0.606234,0.064763,0.001872,0.670509,10.998168,14.759367,30.214368,0.043603,0.437934,0.001728,29.328208,29.747947
1241,0,0.020863,0.492796,0.095502,0.002201,0.588877,13.558880,13.052195,30.733324,0.090785,0.296596,0.001552,29.990940,30.213392
1242,0,0.023119,0.679296,0.273118,0.004921,0.957335,11.763072,11.782381,30.648948,0.164934,2.076874,0.001287,26.961490,28.299603
1243,0,0.020551,0.471378,0.066764,0.001697,0.539528,14.273191,12.826386,30.666883,0.052340,0.294833,0.001554,30.043198,30.367924
1244,0,0.022006,0.542265,0.062912,0.001471,0.604541,11.476237,13.580524,30.093876,0.033017,0.465666,0.000918,29.230313,29.412764
1245,0,0.022439,0.424178,0.064308,0.002585,0.479838,10.068529,16.635403,30.640201,0.062669,0.224621,0.001271,30.078860,30.333088
1246,0,0.026130,0.473482,0.077421,0.002269,0.550518,10.601052,15.884923,30.625069,0.045166,0.295757,0.001315,29.975956,30.293403
1247,0,0.020872,0.583057,0.085315,0.002909,0.670500,11.423934,15.799105,30.502083,0.048853,0.357104,0.001182,29.736399,30.092670
1248,0,0.021585,0.505357,0.070759,0.002246,0.556918,11.575313,15.683589,31.184067,0.036065,0.314849,0.001482,30.530577,30.831799
1249,0,0.020654,0.438000,0.075826,0.001752,0.512042,10.275455,15.607023,30.372211,0.050383,0.283895,0.001144,29.744512,29.827053
1250,0,0.021312,0.696751,0.130659,0.002507,0.827039,10.260147,15.623480,30.519801,0.054493,0.494203,0.002008,29.638237,30.160175
1251,0,0.020298,0.609601,0.102932,0.002350,0.711382,11.184833,16.429412,30.596378,0.043879,0.403945,0.001245,29.807578,30.256647
1252,0,0.032796,0.902675,0.092766,0.001663,0.992112,10.285236,15.101278,30.334437,0.060062,0.602658,0.000886,29.176314,29.271080
1253,0,0.033523,0.854302,0.123592,0.002245,0.979859,9.682222,16.083378,30.320847,0.066781,0.621846,0.001402,29.219128,29.537084
1254,0,0.021590,0.493241,0.066351,0.001889,0.555157,10.958891,15.639701,30.346449,0.053880,0.307777,0.001763,29.688710,30.008730
1255,0,0.025123,0.641286,0.072245,0.002167,0.712906,13.718261,12.633153,30.248937,0.070395,0.401680,0.001279,29.414784,29.739984
1256,0,0.016826,0.426799,0.088057,0.002261,0.512935,10.137668,16.021469,30.414752,0.035730,0.292161,0.001646,29.801984,29.919004
1257,0,0.018798,0.441453,0.070592,0.002287,0.502527,11.403652,15.821687,30.708053,0.078285,0.251207,0.001019,30.085903,30.224399
1258,0,0.024232,0.729315,0.164968,0.002732,0.845126,10.729900,15.902630,30.566601,0.056195,0.530065,0.001103,29.621617,30.208980
1259,0,0.032173,0.714357,0.156047,0.002792,0.803803,10.106446,15.579318,29.944743,0.075007,0.519608,0.001097,29.008984,29.576329
1260,0,0.020360,0.492735,0.068063,0.002172,0.544514,12.766466,14.010497,31.006633,0.047097,0.353553,0.001228,30.341760,30.483330
1261,0,0.020673,0.522037,0.071772,0.024873,0.567151,11.871350,15.651109,30.443147,0.049745,0.395458,0.001596,29.779263,30.214989
1262,0,0.023638,0.827897,0.148881,0.004540,0.956191,9.014165,15.970809,30.224014,0.081670,0.703453,0.001452,28.971345,29.472673
1263,0,0.021339,0.574826,0.067912,0.001857,0.629722,10.958369,16.534487,30.685950,0.097480,0.464517,0.001142,29.939428,30.091588
1264,0,0.031467,0.604514,0.122286,0.003100,0.679680,10.027860,15.663825,30.055450,0.052191,0.411417,0.002309,29.203773,29.417473
1265,0,0.020375,0.524791,0.060061,0.001211,0.583674,14.625281,11.621204,30.682563,0.046180,0.355136,0.000895,29.959226,30.119355
1266,0,0.018857,0.441612,0.085222,0.001590,0.501308,9.558186,16.608507,29.643317,0.044763,0.291483,0.001357,29.063140,29.382435
1267,0,0.029709,0.605579,0.087401,0.001719,0.690954,10.349288,14.907627,30.168599,0.077004,0.393503,0.002355,29.314709,29.555618
1268,0,0.017474,0.444926,0.080943,0.002055,0.511322,11.415145,15.628570,30.629063,0.043746,0.301077,0.001315,30.000804,30.206945
1269,0,0.018607,0.459566,0.054802,0.002011,0.512355,11.405269,14.598843,29.772571,0.040542,0.315079,0.001516,29.166926,29.463308
1270,0,0.017429,0.503378,0.078442,0.001985,0.580077,11.616098,15.600316,31.032119,0.036100,0.293567,0.001274,30.347027,30.538309
1271,0,0.027510,0.661094,0.077641,0.001624,0.739827,12.677367,12.950073,29.922830,0.066999,0.408841,0.001447,29.080877,29.434730
1272,0,0.018248,0.988860,0.387513,0.002645,1.077424,10.176754,15.711445,30.518288,0.044997,1.163808,0.000964,29.020549,29.438775
1273,0,0.019121,0.455094,0.070694,0.001893,0.519212,11.742078,15.002858,30.359735,0.048150,0.238702,0.001460,29.731450,29.873042
1274,0,0.023095,0.510503,0.080833,0.001335,0.586463,13.047444,12.963408,30.437822,0.031149,0.355674,0.001174,29.759977,29.901735
1275,0,0.016934,0.571294,0.070993,0.002142,0.643338,14.085680,12.862491,30.574134,0.046784,0.382126,0.001657,29.847082,30.174274
1276,0,0.021779,0.463572,0.094586,0.002522,0.554826,12.126772,14.588986,31.060718,0.031076,0.332402,0.001413,30.371200,30.491665
1277,0,0.023115,0.506368,0.068242,0.002197,0.573591,11.832317,15.633525,30.621890,0.047617,0.294792,0.001894,29.949306,30.269420
1278,0,0.030620,0.786643,0.117456,0.002183,0.899151,10.296041,15.724904,30.282618,0.078149,0.441816,0.001415,29.243934,29.737606
1279,0,0.022418,0.679927,0.101700,0.001511,0.742345,12.101769,15.658450,30.981485,0.032939,0.446448,0.001006,30.134674,30.196265
1280,0,0.025023,0.443488,0.087116,0.001750,0.525721,9.980642,16.624087,30.938295,0.038280,0.276979,0.001163,30.304184,30.363389
1281,0,0.023255,0.495470,0.067406,0.001479,0.562774,10.427500,15.579423,29.744405,0.037414,0.377448,0.001503,29.058716,29.448924
1282,0,0.018269,0.685953,0.069956,0.002203,0.732908,10.532895,16.364787,31.204415,0.102519,0.596351,0.000933,30.204857,30.702328
1283,0,0.021620,0.559497,0.066608,0.001669,0.624002,10.846654,15.594038,30.188320,0.042562,0.382567,0.000734,29.419802,29.562529
1284,0,0.020409,0.649915,0.093961,0.002253,0.717249,11.948437,14.691309,30.351552,0.061928,0.420701,0.001120,29.505720,29.904012
1285,0,0.022109,0.433769,0.101088,0.003789,0.538646,12.244168,13.531403,30.210251,0.048305,0.306561,0.000884,29.553525,29.714237
1286,0,0.020755,0.496935,0.106828,0.001719,0.565687,9.914112,16.478874,31.120484,0.034766,0.322662,0.001290,30.404013,30.547281
1287,0,0.026255,0.817005,0.114560,0.005257,0.933178,12.754043,12.756938,30.193191,0.061930,0.539443,0.001479,29.164522,29.613855
1288,0,0.018429,0.550941,0.073435,0.002311,0.602799,11.903487,14.573469,30.225326,0.035248,0.414757,0.001424,29.519141,29.840155
1289,0,0.016627,0.510290,0.070583,0.001670,0.567427,10.677443,15.450288,30.270999,0.048426,0.382586,0.001257,29.576057,29.665949
1290,0,0.030713,0.800051,0.151620,0.007361,0.909012,12.448440,12.659086,30.156578,0.072453,0.762910,0.001214,28.766733,29.119322
1291,0,0.017190,0.539247,0.063766,0.001483,0.594718,11.018515,16.076604,31.003572,0.033902,0.381531,0.001550,30.320107,30.639235
1292,0,0.034044,0.887404,0.102872,0.002264,0.985146,9.918977,15.179999,30.230948,0.080792,0.556299,0.000724,29.063937,29.361417
1293,0,0.026073,0.817908,0.116824,0.004405,0.934962,11.100963,15.634030,30.477188,0.107037,0.629817,0.001120,29.360530,29.734499
1294,0,0.019755,0.437522,0.071773,0.002619,0.509422,9.935074,16.942833,31.083356,0.063287,0.270199,0.001319,30.428581,30.558877
1295,0,0.022461,0.447147,0.076749,0.002058,0.509709,10.450990,15.182896,29.876136,0.043209,0.258554,0.001479,29.246059,29.310861
1296,0,0.021646,0.626573,0.108105,0.002559,0.727888,9.433367,16.595937,30.935021,0.070138,0.391733,0.001253,30.063360,30.201014
1297,0,0.023604,0.699588,0.069874,0.002521,0.768685,9.768627,15.963924,29.560013,0.053344,0.465154,0.000933,28.679248,29.069138
1298,0,0.021245,0.447281,0.071103,0.001711,0.516503,10.747388,14.880724,29.803839,0.046457,0.301194,0.001425,29.150742,29.256259
1299,0,0.017954,0.562585,0.077030,0.001695,0.637599,10.168445,15.607533,30.218453,0.052390,0.416831,0.000972,29.487916,29.609827
1300,0,0.020641,0.458366,0.071507,0.001764,0.511062,12.174828,15.634861,30.653249,0.038155,0.331277,0.001198,30.054919,30.340777
1301,0,0.020437,0.469883,0.086638,0.002506,0.543440,13.722508,13.337859,30.644467,0.048905,0.347073,0.001690,30.018119,30.408437
1302,0,0.021605,0.546888,0.091760,0.001798,0.635274,13.600189,11.814933,29.748257,0.049991,0.372039,0.000765,29.000274,29.208308
1303,0,0.020285,0.956124,0.073245,0.001906,1.023556,10.714755,15.830854,30.492128,0.798184,1.039089,0.001186,29.100259,30.175601
1304,0,0.031290,0.865044,0.117016,0.002442,0.970272,15.141012,10.041443,30.393170,0.052796,0.603464,0.000922,29.212133,29.760473
1305,0,0.019366,0.571952,0.068523,0.002405,0.628304,18.099540,7.737240,29.646699,0.049155,0.420647,0.001423,28.914585,29.285935
1306,0,0.016620,0.492349,0.073934,0.002185,0.558956,13.932982,12.637156,31.086196,0.037275,0.323718,0.000887,30.423189,30.558536
1307,0,0.017895,0.657855,0.072232,0.001780,0.729648,10.907617,15.642596,30.414653,0.040889,0.512751,0.001172,29.581777,29.940030
1308,0,0.019657,0.473112,0.060324,0.001651,0.531717,12.544736,14.587030,30.920047,0.036736,0.293217,0.001762,30.271642,30.603357
1309,0,0.023626,0.485023,0.079198,0.001929,0.564356,14.544281,11.160069,29.461532,0.045560,0.349488,0.001484,28.784004,29.123059
1310,0,0.020842,0.479871,0.072662,0.001940,0.551145,11.472988,15.589639,31.735923,0.044261,0.264246,0.002115,31.075594,31.220959
1311,0,0.018589,0.492685,0.059107,0.002013,0.550285,10.427874,16.632153,31.063730,0.045771,0.288234,0.001663,30.409454,30.724494
1312,0,0.030669,0.601505,0.079231,0.001895,0.664013,14.615264,10.592958,29.625643,0.060264,0.331162,0.001545,28.815401,29.026470
1313,0,0.017824,0.476561,0.069865,0.002063,0.544737,11.393149,15.563057,30.650971,0.046783,0.319892,0.001631,30.015913,30.307848
1314,0,0.018574,0.835385,0.120347,0.002766,0.958498,11.458750,15.515696,31.136170,0.037366,0.741650,0.001366,29.943716,30.709675
1315,0,0.020966,0.455948,0.062935,0.012725,0.513134,11.847521,14.565537,30.302047,0.066244,0.322789,0.001341,29.701969,30.056317
1316,0,0.015964,0.505035,0.152482,0.004223,0.633973,10.373944,15.661251,30.447856,0.074284,0.358432,0.002273,29.621795,29.853671
1317,0,0.023142,0.480500,0.077651,0.002043,0.555742,10.637862,16.597331,30.722516,0.062926,0.365775,0.001338,30.093815,30.487006
1318,0,0.023154,0.566361,0.065301,0.001471,0.622118,10.488342,15.586951,30.380882,0.031286,0.399685,0.001404,29.658090,29.724817
1319,0,0.022118,0.558858,0.103816,0.001867,0.626773,13.129116,13.642643,30.311476,0.048662,0.396618,0.001373,29.617361,29.946972
1320,0,0.021813,0.661819,0.072048,0.002049,0.721028,10.772769,14.084121,29.824650,0.239156,0.717210,0.001473,28.767186,29.377141
1321,0,0.024835,0.484905,0.066995,0.002030,0.548758,11.771447,15.567029,31.003697,0.060657,0.333761,0.002054,30.338572,30.700790
1322,0,0.019597,0.543470,0.073072,0.002083,0.615994,12.984477,13.049441,29.759482,0.042122,0.416800,0.001240,28.991296,29.285385
1323,0,0.043217,0.450664,0.065085,0.001826,0.513084,14.988522,11.526932,30.708504,0.046496,0.313522,0.001197,30.079061,30.167085
1324,0,0.020042,0.443187,0.072257,0.001696,0.511694,12.820485,14.505501,31.181026,0.032882,0.302752,0.001711,30.602897,30.934343
1325,0,0.028767,0.659687,0.070717,0.001795,0.729928,10.747335,15.653603,30.252712,0.056126,0.412162,0.001354,29.419804,29.788504
1326,0,0.022531,0.561746,0.083034,0.002679,0.646343,10.499133,15.556759,29.769735,0.046658,0.406602,0.001231,29.057762,29.310536
1327,0,0.030372,0.733719,0.127854,0.002350,0.854982,13.687864,12.580944,31.137713,0.059175,0.488179,0.001004,30.123935,30.386943
1328,0,0.018522,0.528373,0.063466,0.001721,0.583550,11.054356,15.397877,30.006500,0.063247,0.356620,0.001354,29.293952,29.548339
1329,0,0.019345,0.495175,0.072577,0.001714,0.567712,10.366730,15.943272,29.272120,0.044100,0.376783,0.000954,28.628460,29.034614
1330,0,0.025375,0.660728,0.123786,0.001528,0.785954,10.810246,14.552168,30.572422,0.056119,0.402389,0.001241,29.670563,29.814882
1331,0,0.028939,0.683403,0.091434,0.002797,0.777634,11.446182,16.471269,31.307404,0.067412,0.412605,0.001025,30.422047,30.550737
1332,0,0.022509,0.598224,0.082121,0.001939,0.647874,12.336259,12.530553,29.592676,0.613725,0.541186,0.001285,28.272912,28.844688
1333,0,0.020297,0.486033,0.069303,0.002165,0.557501,11.011454,15.587806,30.409790,0.041263,0.359988,0.001120,29.782495,30.179588
1334,0,0.023050,0.467601,0.069766,0.002126,0.520762,11.293824,15.698106,30.813659,0.045243,0.355392,0.001330,30.207895,30.586517
1335,0,0.019796,0.537852,0.067513,0.001955,0.600450,11.666000,15.580610,30.471885,0.092450,0.410732,0.001096,29.709763,30.145253
1336,0,0.026617,0.584479,0.127669,0.001991,0.696898,9.939926,15.592429,30.086203,0.055831,0.264607,0.001874,29.273104,29.442143
1337,0,0.036469,0.594651,0.092955,0.001519,0.663540,10.633931,15.535110,30.547813,0.068304,0.268577,0.001290,29.745457,29.933496
1338,0,0.021971,0.491637,0.064075,0.002214,0.553936,10.664106,16.474303,31.068058,0.047463,0.314636,0.001330,30.361101,30.493108
1339,0,0.028914,0.655355,0.103290,0.002817,0.757376,10.546504,15.433181,29.540058,0.061095,0.414742,0.000916,28.598966,28.930513
1340,0,0.019706,0.453203,0.107565,0.002261,0.529804,11.821722,15.446331,30.862537,0.035125,0.306311,0.001181,30.255631,30.347685
1341,0,0.022132,0.523046,0.083001,0.001758,0.597768,11.721735,15.420572,31.268301,0.045642,0.367287,0.018031,30.534477,30.719119
1342,0,0.033094,0.699556,0.115191,0.004782,0.816658,11.087944,15.675157,30.473430,0.075582,0.431933,0.001276,29.488848,29.872271
1343,0,0.019615,0.701702,0.075601,0.001952,0.778754,11.522168,15.342375,30.249701,0.066812,0.416429,0.001369,29.346545,29.768003
1344,0,0.018837,0.583972,0.084798,0.002265,0.667302,10.576505,16.510478,30.981072,0.039958,0.453585,0.000692,30.175730,30.346854
1345,0,0.025546,0.784726,0.116813,0.002374,0.900527,13.448274,12.577118,30.398129,0.055435,0.573767,0.001025,29.392073,29.918182
1346,0,0.016545,0.431516,0.067462,0.001961,0.499381,11.886146,15.598062,30.681639,0.061157,0.342387,0.003062,30.083710,30.453874
1347,0,0.018288,0.540146,0.096898,0.002595,0.639639,11.700630,15.366817,30.087820,0.037824,0.409184,0.001414,29.411081,29.785215
1348,0,0.027245,0.762484,0.072138,0.002366,0.830766,10.386921,16.426481,31.012248,0.067972,0.421777,0.000965,30.009308,30.168915
1349,0,0.024937,0.719166,0.109923,0.002546,0.823108,13.837518,11.652618,29.849357,0.045356,0.492835,0.000776,28.904932,29.075374
1350,0,0.018216,0.479453,0.082276,0.002368,0.555993,13.318276,13.670301,30.522007,0.042958,0.321833,0.000957,29.861963,29.957427
1351,0,0.023097,0.551755,0.073093,0.001953,0.621011,11.377305,15.497852,30.619184,0.052629,0.379152,0.001480,29.890796,30.323242
1352,0,0.020018,0.774857,0.167226,0.002722,0.884341,9.831903,15.552033,30.331620,0.059971,0.546189,0.002915,29.273962,29.504191
1353,0,0.019024,0.506011,0.071562,0.001709,0.559287,12.330202,14.683279,30.797805,0.035460,0.372734,0.000641,30.148056,30.479004
1354,0,0.024463,0.535366,0.068194,0.001646,0.602531,11.102677,15.385379,29.837098,0.040417,0.367348,0.001760,29.138289,29.461996
1355,0,0.022194,0.771227,0.162084,0.003305,0.936616,10.440475,15.685522,30.767834,0.060698,0.549620,0.001401,29.690096,29.777546
1356,0,0.032064,0.606661,0.069726,0.002655,0.674293,11.064564,16.561614,30.805042,0.059676,0.362877,0.001152,30.006730,30.095694
1357,0,0.028879,0.612526,0.067668,0.001839,0.672643,13.411993,12.620839,30.059028,0.254865,0.629252,0.000893,29.016157,29.652955
1358,0,0.015395,0.570095,0.059826,0.001288,0.629606,11.122330,15.489311,30.240853,0.033118,0.435280,0.001592,29.521394,29.920853
1359,0,0.025120,0.761583,0.159017,0.003553,0.859869,14.408236,11.702003,30.594488,0.057416,0.559324,0.001293,29.497208,29.707756
1360,0,0.022756,0.478182,0.077213,0.002157,0.554969,9.866067,16.591101,29.937793,0.036173,0.346127,0.000800,29.322774,29.698077
1361,0,0.025054,1.416590,0.129519,0.002828,1.533818,12.528391,11.531451,30.362572,0.215278,1.226236,0.001526,28.410984,29.625043
1362,0,0.016189,0.576122,0.065378,0.001675,0.640484,12.586717,13.567351,30.224947,0.031541,0.437788,0.001060,29.487367,29.599666
1363,0,0.019914,0.676778,0.062355,0.002013,0.737129,10.198908,16.377763,30.171673,0.041296,0.528193,0.001339,29.353698,29.678998
1364,0,0.022411,0.453916,0.087991,0.002079,0.512445,11.564497,15.371768,30.537602,0.040331,0.315071,0.001471,29.897076,30.167834
1365,0,0.020891,0.639657,0.130053,0.001696,0.730504,10.819751,15.418965,30.120201,0.073888,0.411433,0.000945,29.249634,29.550269
1366,0,0.028005,0.744041,0.088190,0.002787,0.833674,12.847339,13.655795,30.490380,0.071141,0.665104,0.000946,29.431620,29.894105
1367,0,0.021073,0.461937,0.060078,0.001915,0.523552,11.433499,15.372081,30.385600,0.033606,0.302319,0.001601,29.734026,30.069771
1368,0,0.035004,0.590496,0.114827,0.002723,0.682744,11.694348,15.386697,31.121108,0.054891,0.378439,0.001349,30.279401,30.471908
1369,0,0.031206,0.666793,0.076479,0.002397,0.743267,10.388247,15.541884,29.860335,0.058172,0.438249,0.001303,28.939130,29.071097
1370,0,0.023077,0.476492,0.085695,0.002251,0.546170,10.844078,16.382607,31.010112,0.044912,0.303248,0.001679,30.376554,30.665597
1371,0,0.028049,0.681968,0.102915,0.003385,0.781856,19.720069,5.559338,29.305880,0.064835,0.359133,0.001419,28.401759,28.769959
1372,0,0.022155,0.552532,0.145490,0.002223,0.700245,11.641987,15.663354,31.030705,0.155580,0.460933,0.001019,30.105168,30.332833
1373,0,0.022109,0.422843,0.067791,0.002199,0.486767,15.500525,11.660421,31.221035,0.045661,0.261511,0.001679,30.622840,30.721861
1374,0,0.016898,0.561467,0.078726,0.002650,0.617899,11.982068,14.660790,30.865526,0.037678,0.375243,0.001444,30.148502,30.335069
1375,0,0.019822,0.578651,0.069450,0.002114,0.648164,10.539910,15.621745,29.869613,0.039417,0.457661,0.001742,29.131730,29.535615
1376,0,0.022306,0.588390,0.069366,0.002450,0.652357,11.368457,15.744361,30.693120,0.045140,0.424343,0.001582,29.946956,30.340421
1377,0,0.024614,0.866624,0.164376,0.003618,1.034618,14.597710,10.586341,30.140603,0.060994,0.677412,0.001759,28.893211,29.476281
1378,0,0.015137,1.790313,0.369408,0.002575,2.162213,10.963130,15.392096,30.986701,0.282563,1.625876,0.000834,28.972608,30.629640
1379,0,0.021595,0.562898,0.111448,0.002491,0.676837,10.480605,16.444729,30.756733,0.048064,0.419434,0.001433,30.004523,30.208444
1380,0,0.019216,0.584864,0.055641,0.001767,0.638580,10.869152,15.511953,29.789789,0.036614,0.444176,0.001103,29.060068,29.381005
1381,0,0.025800,0.748481,0.117835,0.001743,0.863241,9.832505,16.688482,31.119722,0.062645,0.511857,0.001322,30.122689,30.200155
1382,0,0.022277,0.463735,0.111403,0.002443,0.577581,18.673987,7.714067,29.734817,0.039874,0.355629,0.001615,29.127781,29.510038
1383,0,0.019600,0.512728,0.068684,0.002104,0.581017,10.899853,16.417261,30.999872,0.058065,0.374057,0.001660,30.298942,30.597180
1384,0,0.024002,0.685236,0.110639,0.002081,0.784167,15.427432,10.507224,30.200320,0.070470,0.443881,0.001099,29.236541,29.404870
1385,0,0.019069,0.741315,0.063508,0.001358,0.801321,11.038844,15.389782,30.484396,0.060303,0.685708,0.001108,29.468304,29.613838
1386,0,0.018495,0.502620,0.136962,0.002036,0.588705,11.908984,15.416633,30.402446,0.058840,0.394240,0.001630,29.737350,30.156339
1387,0,0.025397,0.823061,0.152868,0.003067,0.972852,17.153800,8.574358,30.369058,0.053314,0.597924,0.001273,29.345698,29.808381
1388,0,0.017308,0.458585,0.073452,0.002304,0.533271,10.846345,16.410517,30.915044,0.037713,0.310946,0.001358,30.228398,30.379482
1389,0,0.023236,0.587338,0.070651,0.002142,0.654199,10.583160,16.417121,30.661178,0.067733,0.501688,0.001466,29.885821,30.426456
1390,0,0.029796,0.690952,0.115965,0.002233,0.808267,13.161953,12.613188,30.146119,0.077870,0.393213,0.001712,29.215714,29.344955
1391,0,0.018780,0.668113,0.131177,0.003592,0.802240,8.724355,16.329354,29.706206,0.072153,0.454925,0.002074,28.836198,29.353955
1392,0,0.020859,0.542463,0.092040,0.001788,0.612274,10.309001,15.449220,29.622203,0.037241,0.386571,0.001517,28.881290,29.087407
1393,0,0.024667,0.452400,0.071003,0.002297,0.519763,11.109310,15.576281,30.658005,0.045109,0.257205,0.001214,29.995497,30.105615
1394,0,0.017421,0.782362,0.113603,0.002021,0.844416,11.623273,14.697556,30.164028,0.044827,0.559548,0.001485,29.112413,29.389339
1395,0,0.019831,0.557532,0.102155,0.001953,0.635368,15.350061,11.579929,30.631076,0.049749,0.404084,0.001859,29.874581,30.207384
1396,0,0.020075,0.596792,0.076689,0.001938,0.671526,11.651667,15.376204,30.716085,0.034843,0.491716,0.001489,29.921333,30.264529
1397,0,0.021930,0.704560,0.099139,0.003832,0.803664,14.469764,11.677734,29.947510,0.071295,0.509945,0.001772,28.959492,29.266950
1398,0,0.019296,0.417563,0.057673,0.001430,0.476666,15.864762,11.637218,30.954589,0.047358,0.300870,0.001166,30.402993,30.727756
1399,0,0.022000,0.541839,0.071409,0.001874,0.612226,15.219969,10.552023,30.289120,0.046596,0.387421,0.001198,29.575652,29.769191
1400,0,0.014984,0.602334,0.104909,0.003072,0.676329,11.943380,15.615608,30.857131,0.027147,0.445651,0.001189,30.089808,30.520448
1401,0,0.019392,0.755126,0.067809,0.002164,0.822288,9.940419,16.638590,30.498124,0.031995,0.567712,0.001595,29.556857,29.810341
1402,0,0.022818,0.599627,0.122993,0.001620,0.724240,13.668146,11.595186,29.836611,0.040039,0.385143,0.001669,29.071890,29.296057
1403,0,0.031549,0.815639,0.107922,0.003568,0.913786,12.390909,14.670349,31.149959,0.062247,0.458464,0.000878,30.064472,30.201150
1404,0,0.023439,0.686699,0.063322,0.002439,0.746031,16.270447,10.949156,31.192269,0.038238,0.520299,0.000963,30.280714,30.831782
1405,0,0.031923,0.405471,0.064194,0.002760,0.471260,13.402499,12.633911,30.219455,0.040829,0.178415,0.001252,29.669080,29.768199
1406,0,0.020825,0.402156,0.055733,0.002134,0.452607,10.519969,16.342184,30.564759,0.035316,0.167595,0.001094,30.015048,30.082674
1407,0,0.020662,0.529120,0.068651,0.001598,0.591004,14.757255,12.599460,30.558429,0.049365,0.372958,0.001508,29.857672,30.117688
1408,0,0.020372,0.545617,0.073348,0.002016,0.618638,10.881881,15.431498,29.982331,0.050918,0.452690,0.001283,29.213995,29.614801
1409,0,0.030708,0.706064,0.144894,0.003833,0.838122,10.992465,15.522385,30.471734,0.050327,0.430237,0.001028,29.534531,29.867777
1410,0,0.021177,0.544426,0.058454,0.001419,0.600978,13.974935,12.707650,30.349402,0.044208,0.409128,0.000805,29.574681,29.771922
1411,0,0.019883,0.632311,0.090555,0.002158,0.721196,10.589983,16.399311,31.223333,0.057347,0.462329,0.001594,30.369707,30.477927
1412,0,0.029331,0.707355,0.130209,0.004098,0.803864,7.485970,14.580891,29.512903,0.073451,0.533109,0.001076,28.439406,28.718506
1413,0,0.024661,0.687686,0.134200,0.002990,0.821042,11.583202,15.479043,30.540644,0.065184,0.471013,0.001693,29.632938,30.166490
1414,0,0.022265,0.504974,0.091761,0.002106,0.594755,11.376940,15.559983,30.806377,0.044089,0.549133,0.001370,29.908287,30.358988
1415,0,0.019594,0.761767,0.164373,0.004101,0.928353,12.561219,13.562504,30.488152,0.078079,0.487308,0.001286,29.414542,29.788415
1416,0,0.023625,0.804872,0.170720,0.002271,0.931434,11.187135,14.508882,29.909385,0.113057,0.615467,0.001031,28.732428,29.148859
1417,0,0.017933,1.783317,0.119541,0.002072,1.876513,8.056111,14.574594,31.324017,0.264873,4.934788,0.001830,25.850136,27.806889
1418,0,0.023860,0.752447,0.107127,0.002198,0.851339,10.283918,15.620671,29.979843,0.103545,0.464070,0.001154,28.954641,29.464061
1419,0,0.029667,0.945707,0.074504,0.001699,0.983438,9.148512,15.588303,30.176906,0.111817,0.760092,0.001738,28.939651,29.520208
1420,0,0.021089,0.446686,0.062688,0.001166,0.506691,11.225437,15.592770,30.453659,0.042527,0.361924,0.001095,29.787595,30.125594
1421,0,0.024813,0.805452,0.095540,0.002159,0.877939,11.194822,16.393038,31.181860,0.065694,0.546966,0.001415,30.187447,30.706279
1422,0,0.024508,0.581511,0.085395,0.001876,0.648583,10.645462,15.436417,29.671483,0.076224,0.331267,0.000952,28.926640,29.302860
1423,0,0.018161,0.531417,0.063821,0.002448,0.590877,10.939735,15.464395,29.896027,0.048966,0.366255,0.001122,29.196699,29.475457
1424,0,0.023538,0.560189,0.073329,0.001844,0.629299,11.092219,15.363641,30.134225,0.047995,0.378932,0.001142,29.429430,29.782585
1425,0,0.021168,0.737363,0.151184,0.002047,0.831546,11.407487,14.586957,30.179643,0.072005,0.500899,0.001377,29.202938,29.313132
1426,0,0.024041,0.774792,0.123116,0.003975,0.896414,12.050316,14.626496,30.822367,0.077412,0.542990,0.001386,29.826770,30.359008
1427,0,0.022131,0.560772,0.072872,0.002056,0.634089,11.502038,15.549721,30.659585,0.058900,0.383736,0.001226,29.949408,30.294627
1428,0,0.022014,0.633843,0.079476,0.001460,0.711796,11.537233,15.431250,30.375214,0.059811,0.479024,0.001857,29.557079,30.071260
1429,0,0.024061,0.702340,0.075082,0.001622,0.775217,11.295310,15.429816,30.291643,0.059841,0.467326,0.001638,29.417721,29.946526
1430,0,0.020905,0.456230,0.076205,0.002371,0.533501,11.059262,15.557765,30.309389,0.044789,0.315578,0.001245,29.672805,29.809487
1431,0,0.025602,0.692171,0.110126,0.001680,0.780455,10.804885,15.578277,30.560423,0.070623,0.484320,0.001552,29.632603,30.065385
1432,0,0.013784,0.548461,0.106284,0.002985,0.657730,11.162313,15.381938,30.263572,0.037814,0.472480,0.000793,29.453420,29.595638
1433,0,0.022377,0.531415,0.081462,0.002133,0.609554,11.548740,15.928756,30.586269,0.048719,0.361518,0.000957,29.901659,30.289720
1434,0,0.021566,0.470703,0.086873,0.002152,0.558707,10.757202,16.335698,30.894711,0.074305,0.322931,0.000751,30.206615,30.316263
1435,0,0.028542,0.578557,0.130981,0.001813,0.708871,11.403111,15.440416,30.691576,0.065644,0.418373,0.001739,29.902770,30.370992
1436,0,0.023900,2.042737,0.436816,0.002857,2.145301,14.042060,9.570272,31.010349,0.058782,1.814646,0.001313,28.476593,29.750761
1437,0,0.014386,0.630597,0.066921,0.002097,0.685102,10.598439,16.317185,30.675368,0.040734,0.477864,0.001528,29.874376,30.296247
1438,0,0.028739,1.111601,0.072862,0.001776,1.175492,15.591874,9.693829,30.016961,0.053617,0.915460,0.001358,28.689199,28.911778
1439,0,0.013126,0.398421,0.082341,0.002635,0.470981,13.573496,12.598893,30.208462,0.038673,0.344790,0.001153,29.556365,29.627861
1440,0,0.018570,0.582977,0.087344,0.002192,0.669194,11.427569,15.670456,30.610461,0.036328,0.402375,0.001151,29.856919,30.295281
1441,0,0.021805,0.481815,0.066308,0.001696,0.546649,10.711063,16.603737,30.768127,0.049454,0.328249,0.000595,30.124441,30.469498
1442,0,0.018034,0.452217,0.102952,0.002850,0.557985,11.158957,15.532783,29.916179,0.054039,0.286404,0.001113,29.299289,29.454518
1443,0,0.024354,1.995234,0.077229,0.002204,2.031257,11.595475,13.626507,30.418532,0.077719,1.699910,0.001047,28.191382,28.293122
1444,0,0.020178,0.479903,0.071536,0.001948,0.541711,11.688207,15.626368,30.954508,0.052469,0.356952,0.001056,30.290579,30.451811
1445,0,0.034235,0.688274,0.077795,0.001984,0.763358,10.633587,15.980161,30.790003,0.062672,0.439698,0.001455,29.882856,30.076502
1446,0,0.018454,0.776111,0.145129,0.004337,0.916811,14.812894,10.654940,29.517565,0.074215,0.547092,0.001933,28.529656,29.101442
1447,0,0.015270,0.536853,0.069270,0.001785,0.606527,11.912509,15.479806,30.789581,0.036972,0.404357,0.001091,30.113824,30.435354
1448,0,0.104317,0.657185,0.092905,0.002230,0.736011,10.676938,15.677241,30.541162,0.085644,0.362275,0.001051,29.653162,29.832080
1449,0,0.022796,0.481307,0.098791,0.001527,0.556699,11.616062,16.599692,32.150318,0.070951,0.333939,0.001306,31.471181,31.552498
1450,0,0.032846,0.789403,0.121943,0.002993,0.894793,11.407304,16.413148,32.037844,0.103844,0.528154,0.000882,30.958077,31.245163
1451,0,0.036136,0.521960,0.072887,0.002293,0.586555,10.779746,16.458819,31.423950,0.044620,0.306226,0.001301,30.727005,30.878686
1452,0,0.032711,0.865077,0.142732,0.003334,0.973600,14.764161,11.684341,31.726114,0.082008,0.592411,0.001776,30.532382,30.797992
1453,0,0.019310,0.497499,0.131560,0.002732,0.608056,12.604576,16.429389,32.413058,0.059228,0.341112,0.000965,31.658536,31.776159
1454,0,0.025238,0.486046,0.072555,0.001957,0.551861,9.995108,16.605042,30.963073,0.095789,0.326341,0.001328,30.241839,30.374993
1455,0,0.024653,0.681124,0.121086,0.002738,0.800441,11.389929,16.444473,31.620395,0.065923,0.322477,0.001284,30.666172,31.008124
1456,0,0.029163,0.670602,0.076260,0.001594,0.745852,11.599575,16.588077,31.970553,0.077323,0.347742,0.001416,31.086023,31.374420
1457,0,0.025224,0.613244,0.091360,0.002372,0.702416,13.385755,13.681180,31.387922,0.070203,0.526967,0.001298,30.524431,30.923525
1458,0,0.035840,0.773532,0.152057,0.007015,0.928121,14.666688,12.704813,31.914821,0.101833,0.494279,0.001807,30.783429,31.252483
1459,0,0.018519,0.513552,0.101499,0.002458,0.587268,12.121794,15.593309,31.820421,0.059720,0.329786,0.001279,31.149354,31.517928
1460,0,0.019757,0.473906,0.107144,0.002683,0.567983,12.526110,16.548607,32.412629,0.050234,0.338173,0.001292,31.735944,32.001938
1461,0,0.024935,0.502505,0.067651,0.001630,0.570491,11.547774,15.626564,31.547945,0.093733,0.328888,0.001312,30.832077,31.156034
1462,0,0.021399,0.580649,0.067705,0.001592,0.649946,12.627209,16.452685,32.581034,0.078181,0.336410,0.001731,31.832105,32.236686
1463,0,0.020552,0.539849,0.077250,0.001498,0.604916,15.781016,12.005433,31.502752,0.070445,0.351697,0.001451,30.706898,31.111181
1464,0,0.021252,0.604319,0.095624,0.002056,0.664132,11.339614,16.632297,32.227822,0.074185,0.366700,0.001805,31.433069,31.819498
1465,0,0.034355,0.787664,0.233470,0.009072,1.024718,11.936910,13.641347,31.253061,0.091571,0.436955,0.002068,30.204402,30.448020
1466,0,0.019930,0.647366,0.165642,0.003151,0.749839,17.674622,10.711194,33.520255,0.062670,0.454386,0.001964,32.642598,33.128791
1467,0,0.018825,1.897160,0.092993,0.001656,1.991037,14.136603,10.718107,31.440507,0.383266,2.551896,0.002183,28.454980,31.109663
1468,0,0.043151,0.568759,0.076696,0.001802,0.643073,12.716647,15.448857,31.899119,0.052512,0.353743,0.001417,31.126289,31.370334
1469,0,0.023072,0.467700,0.104666,0.003188,0.523835,12.382073,16.450883,32.164327,0.041416,0.245968,0.001261,31.516126,31.744619
1470,0,0.024591,0.503473,0.093073,0.001466,0.565552,13.409177,12.714501,31.491255,0.038683,0.303845,0.001468,30.817625,31.150192
1471,0,0.023337,0.552657,0.071271,0.002276,0.624962,12.794566,15.402563,32.052857,0.046832,0.323855,0.002069,31.321689,31.685892
1472,0,0.020424,0.594170,0.080556,0.002350,0.670768,12.242605,16.699189,32.343897,0.068576,0.443353,0.001304,31.543186,31.832300
1473,0,0.022549,0.477620,0.074405,0.002334,0.554224,10.679179,16.411320,31.494151,0.059549,0.261869,0.001467,30.815984,30.965366
1474,0,0.029190,0.590914,0.078075,0.001840,0.666553,13.516276,14.391352,32.129444,0.118389,0.340190,0.001644,31.273303,31.646159
1475,0,0.015579,0.512077,0.067276,0.002590,0.580674,11.721947,15.520965,31.324804,0.055900,0.306813,0.001607,30.613232,30.772200
1476,0,0.028931,0.837011,0.200218,0.005413,1.039450,10.661406,16.504628,32.459903,0.080689,0.585320,0.001667,31.329501,31.850081
1477,0,0.029058,0.722910,0.089208,0.001877,0.813845,12.668343,13.151137,31.043346,0.071265,0.497705,0.001662,30.043024,30.244948
1478,0,0.017555,0.498446,0.067128,0.001564,0.564118,12.194211,15.551120,32.128511,0.048886,0.337975,0.001931,31.440044,31.533208
1479,0,0.023523,0.710159,0.079977,0.002251,0.791510,18.417783,8.466983,32.201651,0.114131,0.508693,0.001149,31.273577,31.688013
1480,0,0.015873,0.524987,0.070628,0.002353,0.589024,18.253645,9.737119,32.024455,0.046308,0.330614,0.001579,31.330169,31.423439
1481,0,0.019504,0.539029,0.076408,0.001835,0.595177,11.250341,16.653434,32.123213,0.095854,0.357213,0.000907,31.301018,31.716521
1482,0,0.028923,0.764757,0.072099,0.002351,0.831360,10.876979,16.022391,31.452711,0.079979,0.436501,0.001710,30.467747,30.584093
1483,0,0.034418,0.662625,0.066070,0.001606,0.726437,11.537458,15.585400,32.200306,0.195489,0.417264,0.001606,31.187173,31.361685
1484,0,0.019770,0.489395,0.075790,0.003623,0.548327,12.774910,14.649203,31.892657,0.040685,0.249260,0.001307,31.247207,31.394125
1485,0,0.024963,0.585885,0.082524,0.002200,0.670057,12.513522,13.978269,30.609018,0.047418,0.434990,0.001270,29.829631,30.195256
1486,0,0.016197,0.569650,0.106288,0.003574,0.671966,14.967833,12.593768,31.669184,0.046213,0.377368,0.001329,30.925365,31.350275
1487,0,0.017959,0.442785,0.077074,0.001979,0.517173,15.962069,12.012165,32.238580,0.048013,0.273390,0.000935,31.618500,31.717471
1488,0,0.018624,0.491873,0.082446,0.001914,0.571009,12.478018,16.701718,32.298782,0.045941,0.319420,0.001231,31.660925,32.020167
1489,0,0.032762,0.595566,0.096976,0.002328,0.693252,11.927052,14.951381,31.229258,0.057203,0.402343,0.001310,30.407405,30.529141
1490,0,0.025257,0.636985,0.107059,0.003249,0.745531,15.066135,12.017358,32.063335,0.070353,0.389542,0.001179,31.170345,31.510324
1491,0,0.017782,0.448171,0.160937,0.002535,0.549208,16.699149,10.686975,31.809568,0.046603,0.299521,0.000968,31.153071,31.273823
1492,0,0.024846,0.538422,0.085738,0.002517,0.609856,11.886550,16.625677,32.330388,0.052601,0.387888,0.000979,31.571540,31.708536
1493,0,0.021582,0.776442,0.152761,0.003006,0.897857,14.504851,12.596123,31.771512,0.080854,0.525164,0.001036,30.765490,31.217762
1494,0,0.017020,0.559892,0.118271,0.002957,0.620531,15.366399,11.882565,31.590560,0.049506,0.442558,0.000988,30.767136,30.968172
1495,0,0.019326,0.461885,0.091031,0.002532,0.550750,11.420723,16.420591,32.425185,0.071389,0.350145,0.001318,31.709147,31.894169
1496,0,0.024897,0.631819,0.169287,0.007683,0.782379,12.633385,14.609108,31.371037,0.073120,0.425709,0.001626,30.491329,30.950825
1497,0,0.021619,0.869516,0.185265,0.002503,1.018355,12.741122,15.005127,32.290132,0.079331,0.638347,0.001678,31.187806,31.760549
1498,0,0.019026,0.551882,0.092843,0.002294,0.642740,9.047969,3.567805,16.375067,0.043923,0.406981,0.000770,15.692925,16.012375
1499,0,0.012455,0.473021,0.068367,0.002641,0.534943,15.736411,12.528760,32.744691,0.036762,0.406455,0.001487,32.068607,32.478110
1500,0,0.014065,1.013055,0.090488,0.002074,1.086989,11.251333,16.210030,31.894419,0.056831,0.887771,0.001233,30.670105,31.341465
1501,0,0.019897,0.576597,0.115622,0.002376,0.683771,15.149632,13.006565,32.030628,0.075196,0.391206,0.001064,31.197651,31.404331
1502,0,0.018769,0.611559,0.073535,0.001803,0.674888,11.319969,15.951821,31.140069,0.046593,0.406398,0.001562,30.378273,30.656283
1503,0,0.031032,0.724998,0.132541,0.002262,0.832058,12.104293,15.600013,32.060211,0.073969,0.502603,0.001602,31.096284,31.662935
1504,0,0.022172,0.478664,0.071599,0.001788,0.546751,15.979431,12.897307,32.510283,0.048248,0.356547,0.001625,31.878154,32.275391
1505,0,0.019990,0.501343,0.076545,0.002023,0.577343,13.740973,13.800080,31.102588,0.052944,0.349615,0.001143,30.427373,30.740258
1506,0,0.023097,0.737634,0.140973,0.002541,0.870864,17.226592,10.581352,32.600642,0.084171,0.530733,0.001406,31.574224,31.770778
1507,0,0.016916,0.552530,0.106642,0.003969,0.639519,15.749478,11.179888,31.413930,0.047517,0.400190,0.000647,30.604829,30.962215
1508,0,0.023731,0.495900,0.093683,0.002347,0.590969,13.434621,15.653981,32.346864,0.066013,0.370795,0.001092,31.679885,32.023151
1509,0,0.028120,0.727572,0.136709,0.003290,0.850475,17.161036,10.558827,31.825679,0.063473,0.506759,0.001114,30.873016,31.444362
1510,0,0.015667,0.512663,0.101036,0.002510,0.588817,15.942794,12.143956,31.818372,0.035891,0.387517,0.001007,31.126925,31.273969
1511,0,0.020930,0.502760,0.075944,0.001622,0.563735,11.326714,16.446130,32.081279,0.050769,0.389723,0.001447,31.345234,31.481912
1512,0,0.022003,0.567093,0.092214,0.002243,0.657848,10.946274,15.598618,31.336640,0.043355,0.410263,0.001389,30.565647,30.716022
1513,0,0.025677,0.682582,0.135235,0.002571,0.806570,17.451365,9.652501,32.001451,0.062225,0.496309,0.000989,31.058105,31.204962
1514,0,0.017393,0.537808,0.079399,0.001788,0.614945,16.747947,11.236695,31.710777,0.046136,0.396041,0.000796,30.992828,31.238800
1515,0,0.013527,0.458064,0.067154,0.001628,0.523418,16.026328,13.004840,32.192327,0.048495,0.313311,0.001662,31.568240,31.848013
1516,0,0.015800,0.451005,0.077191,0.002454,0.520835,14.139687,12.609723,31.749148,0.049717,0.266013,0.001405,31.129132,31.238781
1517,0,0.018253,0.605792,0.110884,0.002674,0.719350,11.072735,16.016538,30.915796,0.066724,0.578301,0.001386,30.072373,30.561446
1518,0,0.021267,0.537713,0.071154,0.001498,0.605701,11.956069,15.743349,32.308231,0.036014,0.382362,0.001329,31.588608,31.716566
1519,0,0.031397,0.703537,0.095867,0.002755,0.793816,13.410150,13.682282,31.872668,0.126135,0.404509,0.001164,30.877474,30.961826
1520,0,0.016313,0.451888,0.071127,0.002024,0.524346,16.895100,10.982302,31.718590,0.046097,0.281312,0.001272,31.090980,31.201819
1521,0,0.017553,0.632574,0.092350,0.002279,0.723792,12.876479,15.708953,31.941955,0.050960,0.479583,0.000939,31.111256,31.325577
1522,0,0.023128,0.514399,0.174450,0.002263,0.620609,12.305605,15.605830,31.464651,0.338377,0.646431,0.001233,30.354317,30.801423
1523,0,0.025022,0.857653,0.069083,0.001874,0.927105,11.635553,15.658882,31.937760,0.062606,0.458538,0.000577,30.860519,31.202765
1524,0,0.024544,0.782328,0.131632,0.004821,0.909580,12.936016,15.541903,32.533094,0.080997,0.508674,0.001064,31.524572,31.906159
1525,0,0.017113,0.568183,0.110648,0.002474,0.656988,11.048332,16.482899,32.049920,0.055750,0.422766,0.001375,31.258867,31.591207
1526,0,0.019477,0.588459,0.077916,0.001960,0.663972,17.772755,9.555404,32.070388,0.046544,0.407910,0.002050,31.283719,31.451175
1527,0,0.020170,0.683393,0.070788,0.002094,0.753411,10.904770,15.672841,31.762541,0.119000,0.560923,0.001155,30.873879,31.188430
1528,0,0.020421,0.566430,0.064571,0.001865,0.622208,12.227686,14.673801,31.379621,0.043663,0.391728,0.001851,30.627567,30.957229
1529,0,0.022201,0.441244,0.077430,0.002468,0.518321,12.391848,16.631048,33.420886,0.042169,0.276611,0.001289,32.818681,32.952909
1530,0,0.027499,0.684189,0.064555,0.001826,0.743858,15.980901,11.432204,31.373938,0.076748,0.599575,0.001703,30.302121,30.960926
1531,0,0.021215,0.453099,0.069049,0.002990,0.511119,12.834153,15.598644,32.098440,0.045449,0.245425,0.001409,31.484869,31.712443
1532,0,0.020522,0.543963,0.068887,0.002261,0.610877,15.807779,11.669304,31.790065,0.050337,0.276367,0.001820,31.072970,31.244002
1533,0,0.018973,0.508024,0.090767,0.002278,0.567748,13.542189,14.678011,32.107861,0.047527,0.370914,0.001656,31.447345,31.846253
1534,0,0.023673,0.523935,0.072841,0.002071,0.589845,11.905947,16.394341,32.140344,0.042177,0.397934,0.001883,31.456505,31.892286
1535,0,0.099593,0.497472,0.092462,0.002192,0.564021,11.769195,15.673042,31.293774,0.044333,0.307450,0.001681,30.575383,30.744768
1536,0,0.028992,0.866876,0.148524,0.006838,1.022238,12.325161,15.439094,31.988737,0.044435,0.619684,0.000907,30.864087,30.944113
1537,0,0.023303,0.476498,0.071697,0.001580,0.536712,11.710076,16.494913,32.244401,0.059196,0.328528,0.001055,31.588797,31.687859
1538,0,0.020911,0.503618,0.085163,0.001911,0.586971,12.847814,13.669671,31.187194,0.062974,0.352841,0.001716,30.443985,30.575016
1539,0,0.019665,0.713005,0.100419,0.002407,0.815028,15.893185,11.709097,31.704390,0.264999,0.594417,0.008923,30.602330,31.262435
1540,0,0.022632,0.480300,0.074410,0.001306,0.551813,12.353947,16.629316,32.716213,0.065999,0.306871,0.001180,32.042509,32.299190
1541,0,0.021729,0.441191,0.065557,0.001879,0.505157,12.404905,15.533233,31.550246,0.039865,0.260948,0.001583,30.945785,31.035246
1542,0,0.038457,0.774368,0.121509,0.002532,0.874674,11.541421,16.041557,31.940438,0.080077,0.502394,0.001125,30.814386,31.049819
1543,0,0.018256,0.479567,0.064145,0.001888,0.542147,13.898134,14.712536,32.203988,0.039289,0.344055,0.001805,31.571457,31.828992
1544,0,0.019661,0.488389,0.079417,0.002162,0.568147,11.877303,15.778483,31.275253,0.039990,0.358420,0.001506,30.643007,31.036647
1545,0,0.027870,0.668333,0.116954,0.002062,0.770496,11.731421,15.629840,31.755031,0.093174,0.326376,0.001553,30.844084,31.130998
1546,0,0.038633,0.743994,0.111619,0.004174,0.852512,11.523955,16.703366,32.455542,0.075290,0.471575,0.001701,31.475619,31.915737
1547,0,0.021653,0.485634,0.068134,0.001807,0.555383,16.591342,10.991261,31.803856,0.046199,0.380935,0.000923,31.099356,31.250869
1548,0,0.023113,0.545334,0.102703,0.002551,0.648572,10.660472,15.429406,30.508741,0.047689,0.385774,0.001080,29.742804,29.930047
1549,0,0.024146,0.716633,0.115566,0.003489,0.822609,11.782041,16.450534,32.339938,0.077861,0.462318,0.001407,31.342133,31.648411
1550,0,0.030911,0.704787,0.105554,0.002474,0.809458,11.755277,16.500066,32.209629,0.064110,0.496666,0.001061,31.277897,31.823251
1551,0,0.022531,0.598028,0.121524,0.002978,0.694334,11.489248,15.632330,30.991403,0.035568,0.495977,0.001485,30.201998,30.621462
1552,0,0.022962,0.701441,0.090713,0.001781,0.762805,12.185130,15.630280,32.046454,0.061650,0.499464,0.001312,31.087287,31.245409
1553,0,0.019475,0.547834,0.070120,0.001906,0.608875,13.374715,14.710277,32.101246,0.032256,0.431985,0.000900,31.355455,31.437899
1554,0,0.019978,0.473605,0.092146,0.003037,0.555273,12.711211,15.650795,31.990902,0.047201,0.326367,0.001052,31.318106,31.681736
1555,0,0.021251,0.485315,0.107034,0.002750,0.572202,13.811111,13.741314,32.011886,0.041074,0.325493,0.001547,31.305885,31.465253
1556,0,0.020087,0.577344,0.070264,0.002486,0.637211,12.571194,16.004839,32.258387,0.051056,0.465697,0.001622,31.519000,31.760622
1557,0,0.024866,0.566453,0.125693,0.001951,0.635653,16.258004,11.685548,31.727814,0.042729,0.359858,0.001776,30.982081,31.286874
1558,0,0.023221,0.654605,0.072351,0.002375,0.724088,11.927869,15.440524,31.348087,0.053326,0.431963,0.001783,30.458840,30.814102
1559,0,0.029664,0.746015,0.174720,0.001942,0.867712,12.713166,15.644195,32.447417,0.162506,0.393123,0.001534,31.429189,31.838712
1560,0,0.021049,0.635710,0.058478,0.002385,0.694861,12.513258,15.744314,32.122921,0.041142,0.444689,0.001569,31.313618,31.784051
1561,0,0.023148,0.496321,0.128145,0.003202,0.627668,12.576254,16.631095,32.940949,0.051156,0.365153,0.001425,32.289901,32.698513
1562,0,0.025302,0.721786,0.104032,0.003890,0.824041,14.870944,12.724608,31.774756,0.064528,0.339698,0.001798,30.815109,31.203815
1563,0,0.022384,0.476372,0.069608,0.002080,0.541377,12.816701,14.674416,31.172128,0.050493,0.248190,0.001523,30.478667,30.694346
1564,0,0.025031,0.533597,0.090798,0.002352,0.600383,13.499498,14.722186,32.637450,0.048810,0.334268,0.001991,31.955940,32.331583
1565,0,0.020147,0.736704,0.063797,0.001710,0.794486,11.209737,16.732570,32.091550,0.038515,0.545960,0.001587,31.198823,31.534037
1566,0,0.023826,0.552481,0.068731,0.002585,0.622247,11.933902,16.528633,31.591426,0.039372,0.341137,0.001550,30.880926,31.187134
1567,0,0.024290,0.585157,0.106941,0.002313,0.694411,11.442921,16.622104,32.130107,0.047387,0.385169,0.001475,31.352266,31.611569
1568,0,0.029290,0.694056,0.091630,0.002310,0.786895,11.756590,15.526709,31.177483,0.073494,0.386462,0.001349,30.254146,30.655652
1569,0,0.019255,0.452455,0.073729,0.001495,0.509262,12.903627,15.571482,32.158622,0.045703,0.284926,0.001659,31.541914,31.834758
1570,0,0.022522,0.533903,0.065281,0.002336,0.598593,12.607962,15.541845,31.980912,0.037240,0.430441,0.001439,31.200242,31.516031
1571,0,0.028493,0.642973,0.115610,0.002143,0.730871,12.739583,14.565492,31.817879,0.064600,0.451319,0.001149,30.921622,31.070612
1572,0,0.025503,0.775470,0.127049,0.002056,0.899917,11.405464,15.580201,31.861047,0.062378,0.544972,0.001345,30.840762,31.205824
1573,0,0.036067,0.758742,0.070431,0.001893,0.827539,11.897396,16.534590,32.331496,0.090295,0.474946,0.001184,31.370162,31.774148
1574,0,0.020393,0.523921,0.131102,0.003528,0.590983,22.785785,3.715885,31.057912,0.043530,0.364676,0.001295,30.337368,30.461650
1575,0,0.020527,0.500720,0.080055,0.002382,0.582499,11.957950,15.368716,31.894271,0.039710,0.354743,0.001550,31.216385,31.343733
1576,0,0.023728,0.792199,0.157555,0.004491,0.932750,12.233284,16.552333,32.893456,0.088097,0.538806,0.001051,31.838102,32.297613
1577,0,0.024503,0.572869,0.101211,0.002240,0.653399,18.517371,7.814201,31.426009,0.207032,0.512491,0.001451,30.430805,30.729417
1578,0,0.021312,0.471627,0.071916,0.001879,0.530894,12.056159,15.661938,31.505822,0.048252,0.326043,0.001258,30.850378,30.963911
1579,0,0.021056,0.627743,0.092774,0.002484,0.716190,12.521737,14.804572,31.000841,0.053874,0.418950,0.001723,30.156446,30.491939
1580,0,0.017498,0.878463,0.186514,0.003491,1.066006,13.023769,14.598458,32.026754,0.322308,0.926276,0.002679,30.679061,31.644364
1581,0,0.018943,0.535703,0.079458,0.001954,0.602748,12.312032,16.507492,32.551487,0.052980,0.382384,0.001293,31.790095,31.941393
1582,0,0.019978,0.570948,0.085662,0.002186,0.648915,10.900715,15.598446,31.252581,0.055725,0.424886,0.001290,30.465474,30.554217
1583,0,0.026456,0.630854,0.101312,0.002286,0.718889,13.942695,14.713971,32.556787,0.053926,0.451826,0.001115,31.731438,32.221163
1584,0,0.020272,0.503970,0.069811,0.002115,0.574246,12.120631,15.500197,31.465708,0.038808,0.372900,0.001633,30.809541,31.103069
1585,0,0.020389,0.527169,0.088590,0.001999,0.617457,12.438120,15.452993,31.668188,0.055900,0.320252,0.001814,30.968208,31.268833
1586,0,0.021131,0.491397,0.068799,0.001775,0.552339,11.914015,16.524304,32.224856,0.036891,0.347276,0.001819,31.585980,31.867801
1587,0,0.023019,0.545950,0.085207,0.002251,0.626798,11.422537,16.702739,31.919434,0.050339,0.355186,0.000941,31.211087,31.502464
1588,0,0.024478,0.524277,0.067179,0.001866,0.586189,11.837899,16.399109,32.257952,0.039539,0.384431,0.001054,31.563857,31.830862
1589,0,0.028825,0.826632,0.083359,0.002079,0.908051,11.349675,16.542628,31.883593,0.069015,0.580330,0.001446,30.798131,30.985887
1590,0,0.023188,0.477538,0.088799,0.001800,0.560305,13.093401,13.600299,31.175389,0.044825,0.222781,0.001135,30.490081,30.640071
1591,0,0.022283,0.529093,0.075248,0.001868,0.603438,12.127366,15.511724,31.882638,0.113564,0.405454,0.001889,31.093004,31.410570
1592,0,0.029052,0.718126,0.111722,0.002403,0.830885,11.698564,1.653492,17.681590,0.065901,0.491871,0.001885,16.692571,16.820696
1593,0,0.013968,0.586391,0.086679,0.013025,0.668666,10.233655,15.708443,31.028089,0.040866,0.443624,0.001535,30.235708,30.528507
1594,0,0.024143,0.768601,0.092957,0.001743,0.859418,13.202363,14.722958,32.508740,0.037000,0.623429,0.001150,31.538270,31.970761
1595,0,0.023429,0.470840,0.060133,0.002778,0.529514,11.988474,15.649620,32.076194,0.047458,0.233076,0.001492,31.416721,31.537871
1596,0,0.023686,0.557147,0.058474,0.002269,0.616737,12.037037,15.593322,31.360733,0.039291,0.400436,0.001790,30.659969,30.759576
1597,0,0.021268,0.510035,0.058202,0.017945,0.586182,11.659400,16.725792,32.383614,0.041737,0.365371,0.001924,31.709862,31.813441
1598,0,0.031917,0.938688,0.136496,0.001999,1.071449,10.552308,15.654619,31.247959,0.061101,0.689926,0.000993,30.021157,30.235398
1599,0,0.023173,0.507370,0.060130,0.002033,0.566983,12.687507,15.631646,32.045425,0.058494,0.317761,0.001628,31.372729,31.602345
1600,0,0.027534,0.522529,0.080347,0.001744,0.603283,12.605557,15.708806,32.314861,0.168584,0.367212,0.002219,31.522045,31.934219
1601,0,0.029028,0.839325,0.087133,0.003025,0.927736,11.293985,15.673462,31.164305,0.101263,0.602039,0.001317,29.825644,30.281524
1602,0,0.025554,0.749028,0.130859,0.002353,0.881216,12.046265,15.645168,31.966978,0.077228,0.530030,0.001158,30.898014,30.995099
1603,0,0.022935,0.613533,0.075418,0.001971,0.687072,12.442762,15.815842,31.981371,0.045613,0.438615,0.000806,31.231309,31.570310
1604,0,0.021681,0.584816,0.082055,0.002107,0.668853,12.145425,16.608181,32.585682,0.038026,0.464908,0.001703,31.828618,32.221434
1605,0,0.021743,0.729083,0.124792,0.002288,0.852783,18.314893,8.632779,31.237235,0.097045,0.456387,0.001248,30.264289,30.758080
1606,0,0.016162,0.529307,0.074648,0.002272,0.599676,12.705533,15.536134,31.882911,0.035113,0.395698,0.001116,31.216218,31.587712
1607,0,0.019166,0.625305,0.087466,0.002552,0.709447,12.527297,16.603395,32.444663,0.070309,0.499430,0.001749,31.617172,31.913409
1608,0,0.032349,0.749789,0.098297,0.002632,0.848561,16.894917,9.674174,31.395677,0.056674,0.469774,0.001277,30.403161,30.737103
1609,0,0.020194,0.502927,0.061230,0.001641,0.563528,20.714460,6.835698,32.025966,0.040905,0.335445,0.001868,31.359868,31.458979
1610,0,0.019281,0.524113,0.079425,0.002083,0.605091,12.166709,15.522955,31.817035,0.037146,0.360664,0.001624,31.110367,31.243874
1611,0,0.036007,0.716798,0.104103,0.002753,0.819481,12.362587,14.605951,31.289278,0.102686,0.468960,0.001728,30.316729,30.786570
1612,0,0.015489,0.671392,0.088517,0.002369,0.724852,14.254216,13.722289,31.308887,0.048105,0.526676,0.001328,30.436067,30.993001
1613,0,0.020011,0.440931,0.080826,0.002357,0.523196,12.926726,14.680977,32.092707,0.049198,0.253796,0.001498,31.484289,31.555871
1614,0,0.022353,0.530242,0.291964,0.002831,0.653053,11.813532,16.607719,32.665333,0.051422,0.649392,0.001243,31.476347,31.655801
1615,0,0.020892,0.715239,0.114163,0.002605,0.823326,10.373907,15.550850,30.351680,0.077389,0.419843,0.001520,29.363947,29.736368
1616,0,0.025765,0.685417,0.100921,0.002908,0.776973,11.945309,13.796678,30.067687,0.058609,0.516799,0.001605,29.072247,29.374365
1617,0,0.022290,0.465997,0.076674,0.002476,0.541537,11.419297,16.610345,31.405028,0.054569,0.311179,0.001319,30.771531,31.103121
1618,0,0.032199,0.813289,0.131058,0.002291,0.931123,10.265954,15.575871,29.855467,0.062359,0.548925,0.001484,28.812833,29.141191
1619,0,0.022395,0.686998,0.100433,0.002576,0.785908,13.265914,12.564829,29.801291,0.060638,0.469322,0.001623,28.873016,29.167205
1620,0,0.023053,0.466979,0.060694,0.001637,0.526799,13.342244,14.022226,30.798446,0.036803,0.354273,0.014176,30.161953,30.473091
1621,0,0.023158,0.504373,0.074961,0.002512,0.577717,13.603975,12.636084,30.431669,0.061525,0.342608,0.001658,29.724969,29.823684
1622,0,0.019479,0.522047,0.073344,0.002352,0.593361,13.099605,13.668162,30.459497,0.039352,0.346447,0.001421,29.776919,30.042352
1623,0,0.026408,0.467887,0.074016,0.002692,0.541423,12.115885,15.641071,30.790741,0.046234,0.301437,0.001565,30.153859,30.451641
1624,0,0.018904,0.522352,0.117621,0.001802,0.578714,11.258263,16.599013,31.666855,0.043513,0.380044,0.001206,30.962616,31.117351
1625,0,0.030352,0.803227,0.120246,0.002391,0.924622,10.624963,15.612340,30.031145,0.079451,0.542527,0.009604,28.979424,29.445191
1626,0,0.034695,0.660203,0.138284,0.021161,0.774257,11.601951,14.573078,30.400171,0.074676,0.401195,0.001547,29.485983,29.804347
1627,0,0.018988,0.546081,0.088669,0.002129,0.636126,11.806730,15.694365,30.895016,0.048168,0.479249,0.001181,30.098146,30.255447
1628,0,0.030692,0.727663,0.108457,0.003077,0.835959,10.362457,15.527119,30.551732,0.060992,0.436109,0.001213,29.594009,30.005170
1629,0,0.020854,0.416713,0.052547,0.002165,0.470678,10.048896,16.397919,30.035888,0.038893,0.213670,0.001517,29.472315,29.711884
1630,0,0.021152,0.440670,0.067494,0.001741,0.507478,18.369586,8.709696,30.183375,0.035749,0.262479,0.001135,29.577811,29.693053
1631,0,0.014591,0.454321,0.071610,0.002081,0.527458,10.893183,15.596964,30.696356,0.035637,0.336343,0.001732,30.054917,30.333826
1632,0,0.031538,0.703725,0.108790,0.002873,0.808553,10.311733,15.627847,30.039186,0.057672,0.477982,0.001089,29.053725,29.436831
1633,0,0.020202,0.498954,0.077815,0.001884,0.574549,11.335131,15.505535,30.512448,0.051226,0.370620,0.001878,29.800806,29.925282
1634,0,0.021315,0.548734,0.080837,0.001693,0.628812,10.591664,15.628240,30.783386,0.036745,0.425552,0.001263,30.036369,30.107516
1635,0,0.014988,4.031934,0.060529,0.001654,4.089372,17.306773,4.865888,29.480521,0.084711,3.718477,0.001255,25.248189,25.691179
1636,0,0.009751,0.826262,0.095888,0.001692,0.923022,12.670222,15.456093,31.470669,0.080191,0.709999,0.001125,30.459383,31.088349
1637,0,0.020185,0.521669,0.062345,0.001389,0.585075,10.773849,16.633724,30.642764,0.046541,0.392203,0.001180,29.967202,30.346655
1638,0,0.026005,0.652397,0.115936,0.002460,0.739358,13.556954,12.610245,29.816095,0.049002,0.434141,0.001345,28.949365,29.418647
1639,0,0.020923,0.708446,0.098458,0.003848,0.808958,18.519284,7.545803,30.096041,0.062058,0.386295,0.001186,29.192261,29.621991
1640,0,0.013806,0.496180,0.094702,0.002912,0.591022,12.027758,15.523667,31.237025,0.039929,0.362474,0.002264,30.576417,30.712730
1641,0,0.020254,0.498618,0.079511,0.001900,0.560853,10.872102,15.703375,30.147636,0.034484,0.362996,0.001423,29.509859,29.811155
1642,0,0.021659,0.609392,0.082081,0.002626,0.690442,10.560274,15.445000,29.570260,0.058085,0.424054,0.001072,28.789742,29.181846
1643,0,0.021245,0.509536,0.076398,0.001877,0.587788,10.775722,16.428047,30.926627,0.063866,0.370304,0.001217,30.212532,30.292600
1644,0,0.023595,0.505118,0.089251,0.002395,0.561307,17.051720,8.862761,30.071720,0.047216,0.338315,0.002051,29.421405,29.768764
1645,0,0.014500,0.429415,0.074349,0.001286,0.503837,11.723553,15.600617,30.744259,0.068160,0.317665,0.001392,30.136029,30.490608
1646,0,0.032965,0.722196,0.117049,0.001971,0.833769,10.167718,15.539716,29.853901,0.070890,0.578811,0.001477,28.820144,29.409181
1647,0,0.020464,0.494806,0.088292,0.001954,0.550860,11.799417,15.444001,30.476695,0.041024,0.374151,0.001606,29.844297,30.203277
1648,0,0.025381,0.785939,0.145207,0.002740,0.932036,14.301352,11.554394,31.000643,0.075288,0.560838,0.001088,29.919023,30.149215
1649,0,0.017837,0.441389,0.080642,0.001587,0.505637,13.743234,12.527817,29.645595,0.037426,0.296846,0.001509,29.047145,29.381269
1650,0,0.018454,0.416086,0.062204,0.001981,0.474910,11.355757,16.466938,31.499575,0.039816,0.258159,0.001264,30.927306,30.992290
1651,0,0.018508,0.450104,0.078816,0.002086,0.499654,9.942288,16.657486,30.367099,0.051479,0.300716,0.001580,29.751558,29.970447
1652,0,0.018979,1.040961,0.122186,0.001798,1.100987,21.926022,2.673877,29.428893,0.157945,0.957849,0.001187,28.076038,29.053018
1653,0,0.015847,0.484148,0.064188,0.001185,0.544882,14.416053,12.600947,30.922327,0.035566,0.279085,0.001463,30.285660,30.494691
1654,0,0.026174,0.696819,0.102012,0.003572,0.796098,18.583519,6.635578,29.881819,0.059589,0.373818,0.000973,28.967414,29.387527
1655,0,0.014932,0.437187,0.057308,0.002216,0.494219,13.041717,14.622747,31.889631,0.047999,0.305719,0.001478,31.288788,31.376049
1656,0,0.024553,0.506654,0.084181,0.001496,0.572289,11.755019,14.927900,30.748333,0.063788,0.240820,0.001585,30.038747,30.155905
1657,0,0.022828,0.451540,0.062936,0.001806,0.500341,12.852827,12.585245,30.281233,0.036681,0.304096,0.001623,29.664568,29.769129
1658,0,0.014799,0.704777,0.091942,0.002231,0.777903,12.701957,13.826545,30.458473,0.245958,0.839000,0.001312,29.305444,30.170441
1659,0,0.022463,0.487668,0.072345,0.002794,0.561235,10.833725,15.992828,30.886676,0.047320,0.304766,0.001411,30.155428,30.286132
1660,0,0.023490,0.515579,0.078314,0.001550,0.595015,12.768030,13.512337,29.993501,0.037416,0.397846,0.001367,29.307237,29.572078
1661,0,0.020031,0.506626,0.070410,0.001905,0.574791,10.620270,16.580769,30.816762,0.046119,0.369558,0.001343,30.153671,30.383090
1662,0,0.020831,0.494950,0.067020,0.001962,0.563129,11.336198,15.577227,30.476479,0.037930,0.329985,0.001502,29.786616,30.076660
1663,0,0.024124,0.455997,0.087076,0.002426,0.539097,11.369072,15.683925,30.427657,0.072673,0.291685,0.001334,29.819581,30.185273
1664,0,0.029041,0.689139,0.101072,0.002243,0.787267,11.694353,14.544002,30.408571,0.049120,0.468310,0.001105,29.497178,29.872394
1665,0,0.126147,0.787747,0.146720,0.002705,0.929987,10.039717,15.597461,29.681017,0.066136,0.503333,0.001410,28.605594,28.941049
1666,0,0.020274,0.461788,0.070504,0.001995,0.526109,11.514942,15.600592,30.548051,0.033562,0.309673,0.001164,29.936578,30.252308
1667,0,0.020790,0.402763,0.097544,0.002444,0.477668,13.201781,12.706952,30.069469,0.047960,0.247317,0.001104,29.471355,29.569933
1668,0,0.019491,0.480522,0.146020,0.006800,0.553107,11.975068,15.537546,31.223626,0.045199,0.324335,0.001219,30.583490,30.897291
1669,0,0.027556,0.796735,0.134598,0.003597,0.927095,10.022685,16.522347,30.748611,0.074451,0.574414,0.001205,29.699059,30.215453
1670,0,0.021334,0.427360,0.074569,0.002424,0.504353,10.713314,15.444125,29.868731,0.067771,0.318596,0.001293,29.207347,29.357487
1671,0,0.030871,0.622756,0.079089,0.001722,0.702347,11.144482,16.379521,30.905409,0.101713,0.335474,0.001567,30.018525,30.288106
1672,0,0.027962,0.652745,0.139556,0.001490,0.759049,12.188874,13.654645,30.100472,0.067032,0.423879,0.001411,29.181418,29.348277
1673,0,0.021013,0.484441,0.058344,0.001673,0.540718,13.436946,12.636529,30.056833,0.045306,0.366565,0.001283,29.411895,29.524608
1674,0,0.023328,0.482109,0.114156,0.001906,0.555250,10.033193,16.524076,30.247398,0.062437,0.296995,0.001656,29.512290,29.631370
1675,0,0.022354,0.625263,0.111036,0.003102,0.726683,11.663287,14.571860,30.200148,0.056178,0.328422,0.001490,29.364871,29.670946
1676,0,0.031715,0.764638,0.099559,0.002033,0.863197,13.407720,12.567118,29.836512,0.071594,0.494244,0.001294,28.850156,29.224132
1677,0,0.023709,0.485207,0.065597,0.002053,0.546079,11.910280,15.612869,31.142702,0.049959,0.344936,0.001227,30.494450,30.867605
1678,0,0.017907,0.547101,0.079107,0.002284,0.625297,10.677173,15.358008,29.806752,0.042481,0.413961,0.001057,29.105461,29.444530
1679,0,0.054823,0.793770,0.139250,0.003630,0.936650,16.011191,10.567496,30.845695,0.073385,0.573303,0.001624,29.831891,30.310877
1680,0,0.019217,0.484315,0.076155,0.002254,0.546511,17.696445,8.557624,30.568269,0.044224,0.377737,0.001232,29.864360,30.245667
1681,0,0.023172,0.509241,0.068664,0.001944,0.578550,10.768775,16.370438,30.562754,0.063922,0.315489,0.000919,29.868524,30.189579
1682,0,0.022212,0.648222,0.100297,0.003075,0.746838,10.236013,16.517062,30.508058,0.063442,0.393028,0.001396,29.610283,29.917465
1683,0,0.022826,0.688228,0.145870,0.025241,0.836825,10.961253,15.581994,29.843397,0.149999,0.549676,0.001570,28.887875,29.526240
1684,0,0.024028,0.935183,0.100337,0.002676,1.036255,12.431107,13.582414,30.344720,0.178156,0.813400,0.001770,29.093622,29.972446
1685,0,0.016757,0.474596,0.059596,0.001825,0.531214,11.554631,15.721511,30.834078,0.032710,0.259668,0.001219,30.218974,30.468656
1686,0,0.028361,0.639229,0.118690,0.002372,0.717166,15.238117,11.653791,30.926653,0.093883,0.477132,0.001279,30.015020,30.313228
1687,0,0.022809,0.464876,0.067422,0.002320,0.532724,13.351630,12.646117,30.453920,0.040557,0.287346,0.001431,29.832602,29.887019
1688,0,0.021082,0.518058,0.055336,0.001245,0.573463,10.744517,16.524592,31.124583,0.034720,0.307904,0.000957,30.458802,30.552026
1689,0,0.030460,0.548140,0.065173,0.002125,0.608008,15.691510,10.523916,29.670995,0.077741,0.286795,0.001497,28.914906,29.140889
1690,0,0.020221,0.463720,0.103352,0.001771,0.568594,11.493819,15.514982,30.527543,0.047324,0.311669,0.001515,29.922256,30.268731
1691,0,0.018751,0.478362,0.057459,0.001532,0.536944,15.925338,10.869289,30.959466,0.035198,0.355719,0.000995,30.317303,30.429129
1692,0,0.022624,0.606758,0.060462,0.001432,0.666509,10.502190,15.681260,30.518737,0.060836,0.363512,0.001436,29.714527,29.792440
1693,0,0.015056,0.510301,0.074227,0.002069,0.585844,11.403549,15.582650,29.998908,0.047384,0.442526,0.001207,29.266961,29.677252
1694,0,0.017374,0.498424,0.077427,0.001766,0.563055,12.088350,15.570948,30.921194,0.041497,0.329484,0.001134,30.252437,30.381778
1695,0,0.023019,0.684329,0.117841,0.001849,0.763120,14.402806,10.531568,29.643908,0.062669,0.406061,0.001130,28.687316,28.843293
1696,0,0.010306,0.527165,0.113227,0.002641,0.640254,11.965017,15.589321,30.750858,0.044165,0.398552,0.001509,30.008028,30.269863
1697,0,0.021294,0.503450,0.097953,0.002307,0.575384,11.000991,15.547530,30.404790,0.043268,0.361502,0.001493,29.714639,29.808578
1698,0,0.024159,0.673777,0.091160,0.002123,0.746369,11.178039,16.460721,31.290702,0.063606,0.448181,0.002153,30.426760,30.871988
1699,0,0.022507,0.689273,0.143923,0.002838,0.829805,19.191150,5.552655,29.064239,0.070865,0.365551,0.001761,28.145273,28.464451
1700,0,0.009539,0.531872,0.078049,0.001749,0.611196,11.696401,15.402847,31.246365,0.035200,0.381870,0.000921,30.532488,30.708947
1701,0,0.019017,0.407215,0.078226,0.002619,0.483058,12.028793,14.542552,30.626652,0.046905,0.257301,0.002050,30.054994,30.160050
1702,0,0.018373,0.495181,0.113501,0.002163,0.577372,11.302228,15.682048,30.541163,0.046486,0.351350,0.000961,29.800797,29.888258
1703,0,0.022584,0.734263,0.161773,0.002929,0.876007,15.617328,10.601944,30.425674,0.047866,0.510597,0.001080,29.395033,29.500028
1704,0,0.017872,0.523159,0.093600,0.002254,0.589735,17.219167,9.716023,29.931590,0.039765,0.341643,0.001225,29.256064,29.500567
1705,0,0.020071,0.447419,0.080808,0.001903,0.527372,13.934368,10.602540,28.375984,0.046211,0.304029,0.001604,27.747710,27.980462
1706,0,0.015954,0.490828,0.053249,0.002686,0.545335,11.521766,15.419110,30.286814,0.035260,0.311065,0.001547,29.659726,29.872521
1707,0,0.019597,0.458901,0.058014,0.002137,0.516999,10.546203,16.546450,30.589741,0.043028,0.313572,0.001163,29.982976,30.184207
1708,0,0.021025,0.499257,0.093740,0.002484,0.590259,11.526200,14.505085,29.331479,0.048067,0.311552,0.001634,28.696360,29.033198
1709,0,0.025304,0.671204,0.184365,0.002408,0.846521,11.700785,14.519936,30.187974,0.068113,0.407314,0.001140,29.161870,29.453889
1710,0,0.023891,0.661791,0.135133,0.002350,0.794926,19.911275,4.601893,28.547891,0.053633,0.457118,0.000924,27.634683,27.953103
1711,0,0.010840,0.501701,0.148711,0.003877,0.650355,12.055773,15.300937,30.405487,0.053772,0.401470,0.001354,29.711496,30.122487
1712,0,0.030210,0.641703,0.084113,0.001835,0.727451,12.354589,13.598140,29.913487,0.068999,0.326178,0.006705,29.044573,29.353442
1713,0,0.018320,0.471621,0.074848,0.001867,0.536390,15.436906,11.625784,29.931470,0.036293,0.368810,0.001091,29.305162,29.711288
1714,0,0.018270,0.815545,0.076115,0.002016,0.869166,17.505735,8.526335,29.405481,0.283500,0.618980,0.001287,28.436137,28.924438
1715,0,0.019000,0.425633,0.054181,0.001380,0.479669,11.046675,15.353818,30.147578,0.033600,0.255222,0.001178,29.569163,29.652425
1716,0,0.029885,0.679026,0.144291,0.002528,0.790677,17.995764,7.073959,29.222806,0.061073,0.473941,0.001465,28.277399,28.361932
1717,0,0.016330,0.511402,0.070749,0.001299,0.576467,15.541802,11.753507,31.288614,0.045790,0.348101,0.001579,30.596019,30.886950
1718,0,0.021805,0.608163,0.077857,0.002194,0.687067,10.679623,15.568237,30.044050,0.040631,0.461823,0.002748,29.270825,29.773792
1719,0,0.015583,0.514151,0.074313,0.002184,0.590408,10.065204,15.692360,29.545977,0.038787,0.318948,0.001313,28.849210,28.938625
1720,0,0.019221,0.558887,0.061553,0.002090,0.619971,16.119378,9.741424,29.513109,0.045920,0.394209,0.001151,28.787205,29.029926
1721,0,0.021271,0.718862,0.061694,0.002180,0.779473,20.329907,5.604287,30.375886,0.183121,0.522818,0.001039,29.472264,29.554526
1722,0,0.015665,0.490230,0.102418,0.001738,0.562867,10.900969,15.675658,30.326802,0.051942,0.357281,0.001162,29.664968,29.769545
1723,0,0.033312,0.677817,0.106726,0.002538,0.761968,11.490816,13.965200,29.287487,0.105500,0.406720,0.001458,28.350942,28.710411
1724,0,0.017548,0.505663,0.080657,0.001798,0.585968,16.130688,9.734348,29.499044,0.073118,0.431016,0.000903,28.736384,28.893000
1725,0,0.017624,0.460513,0.075846,0.002211,0.536854,10.675665,16.410070,30.840950,0.040017,0.261158,0.001240,30.202160,30.356161
1726,0,0.021179,0.403319,0.058594,0.001625,0.460700,18.069773,6.600660,28.670191,0.029189,0.242612,0.001035,28.108452,28.194991
1727,0,0.018630,0.556129,0.059930,0.001587,0.615801,12.839176,14.548609,30.722813,0.038267,0.327848,0.001404,30.009290,30.256762
1728,0,0.028180,0.656420,0.074251,0.002457,0.730507,13.756399,11.621973,29.324087,0.053807,0.411225,0.001544,28.453213,28.570433
1729,0,0.017878,0.448479,0.064993,0.002062,0.514192,16.288902,10.545851,30.011749,0.038064,0.295590,0.000783,29.417803,29.665392
1730,0,0.020692,0.501015,0.098056,0.002267,0.569234,11.076302,15.854330,30.254844,0.077343,0.415835,0.000822,29.564156,29.920980
1731,0,0.023095,0.639944,0.139416,0.002477,0.756986,9.812483,15.402854,29.340588,0.186465,0.526361,0.001631,28.308867,28.788287
1732,0,0.019449,0.530040,0.072802,0.002107,0.595239,12.684128,13.611737,29.493065,0.094156,0.426054,0.001534,28.736618,29.173139
1733,0,0.019811,1.111872,0.164967,0.002393,1.181893,13.695436,11.615536,29.603524,0.045524,1.185660,0.001193,27.935832,28.481247
1734,0,0.021626,0.532194,0.071204,0.001789,0.592212,12.757951,13.501159,30.093321,0.064376,0.437889,0.001229,29.328422,29.401109
1735,0,0.018991,0.522054,0.116359,0.001981,0.630667,11.840491,14.671549,30.170475,0.049316,0.364686,0.001094,29.455894,29.518356
1736,0,0.022207,0.466902,0.075618,0.001876,0.542641,16.055125,8.572282,28.657778,0.037378,0.367499,0.001407,28.002597,28.405434
1737,0,0.015199,0.455835,0.081969,0.002449,0.536515,19.897411,5.695686,29.158591,0.036963,0.318339,0.001376,28.500594,28.662849
1738,0,0.014338,0.691538,0.076555,0.001785,0.753718,15.178775,11.619870,30.413826,0.166332,0.674979,0.001445,29.354738,30.056018
1739,0,0.023830,0.816750,0.081645,0.001896,0.872963,15.895447,9.542223,29.771307,0.046580,0.516395,0.000799,28.740028,29.216419
1740,0,0.025149,0.672753,0.115745,0.008486,0.792789,15.456976,10.481855,29.951454,0.061146,0.379605,0.001256,29.014400,29.210769
1741,0,0.016819,0.465672,0.080459,0.001625,0.543410,15.721696,11.581736,30.289663,0.067020,0.288711,0.001223,29.635648,29.895884
1742,0,0.022590,0.545499,0.072359,0.002152,0.618424,11.050990,15.500442,30.057394,0.047782,0.315745,0.001024,29.353523,29.618229
1743,0,0.031502,0.673816,0.124099,0.002286,0.798724,11.178956,14.570533,29.670584,0.122604,0.486970,0.000835,28.636927,28.884180
1744,0,0.065218,0.794750,0.116662,0.002096,0.912330,13.058133,12.619789,29.836897,0.062468,0.514858,0.001127,28.737067,29.281581
1745,0,0.022664,0.565402,0.062231,0.002235,0.628774,12.485093,13.580465,29.818674,0.198504,0.382300,0.001480,29.071133,29.462426
1746,0,0.028953,0.755647,0.154355,0.002289,0.910623,11.804573,12.658257,28.951052,0.078586,0.555725,0.001433,27.947091,28.192893
1747,0,0.020762,0.465101,0.064757,0.002011,0.528097,13.505737,13.575173,30.354842,0.060897,0.272439,0.001049,29.732994,30.032617
1748,0,0.024819,0.455859,0.060023,0.002069,0.516913,14.482989,11.842506,30.060547,0.049979,0.226887,0.001482,29.456633,29.714023
1749,0,0.016495,0.550949,0.100412,0.002073,0.631524,10.456391,16.605501,30.887479,0.063192,0.342703,0.001452,30.185264,30.458759
1750,0,0.022078,0.472944,0.099374,0.001798,0.533753,11.141030,14.615045,29.476581,0.082799,0.336719,0.001411,28.765542,29.066754
1751,0,0.016956,0.447726,0.069831,0.002142,0.506325,12.688435,13.633743,29.498902,0.044007,0.274533,0.001920,28.879481,29.157913
1752,0,0.028685,0.689605,0.073266,0.002678,0.760738,10.484181,15.612495,29.909995,0.054599,0.417651,0.001402,29.029478,29.310244
1753,0,0.021841,0.480569,0.064558,0.002273,0.544978,15.334365,11.642291,30.216129,0.044897,0.322427,0.000837,29.588051,29.751250
1754,0,0.018473,0.434398,0.058386,0.001556,0.493781,17.692295,7.612663,28.984640,0.065602,0.275169,0.001496,28.309472,28.625898
1755,0,0.015404,0.494734,0.084737,0.002861,0.580446,10.898892,16.599414,30.806776,0.088612,0.316487,0.001168,29.992647,30.398914
1756,0,0.018958,0.496032,0.060615,0.001830,0.554586,17.021642,8.632765,29.127517,0.056026,0.317097,0.001392,28.457342,28.759376
1757,0,0.019992,0.502128,0.085580,0.001827,0.565802,17.033440,8.695482,29.742391,0.092105,0.383498,0.001093,28.927470,29.058088
1758,0,0.015308,0.498182,0.073744,0.002655,0.567402,13.209900,13.675525,30.719551,0.036408,0.305120,0.000997,30.060664,30.315303
1759,0,0.021194,0.462219,0.063727,0.002255,0.527460,14.294576,11.561648,29.634264,0.109557,0.330091,0.001907,28.921503,29.281503
1760,0,0.019638,0.429872,0.070324,0.002506,0.498697,24.618810,16.087029,45.051156,0.040832,0.190437,0.000945,44.460772,44.518235
1761,0,0.021701,1.293766,0.085711,0.001962,1.349684,18.374235,4.739556,28.436148,0.393131,1.440432,0.000851,26.614033,27.047048
1762,0,0.015155,0.483975,0.054755,0.002014,0.536197,11.624956,15.415135,30.511145,0.054573,0.395912,0.001410,29.833684,30.116272
1763,0,0.027168,0.659979,0.117230,0.002970,0.775839,10.297122,15.344700,29.267601,0.112108,0.416485,0.001200,28.391536,28.843231
1764,0,0.020438,0.508640,0.066166,0.002047,0.561003,11.519011,15.595631,30.495303,0.038906,0.371978,0.001460,29.846695,30.249375
1765,0,0.033494,0.720598,0.104872,0.001855,0.805778,10.943709,14.600440,29.175439,0.077943,0.452931,0.000962,28.259461,28.760569
1766,0,0.023890,0.752428,0.147616,0.002517,0.877904,11.536355,15.539194,30.630709,0.060330,0.474183,0.001354,29.628905,30.027173
1767,0,0.019775,0.457619,0.079554,0.001653,0.537779,9.338133,15.477266,28.525534,0.037459,0.329574,0.001259,27.905770,27.994975
1768,0,0.021200,0.493360,0.072420,0.002327,0.560183,11.498166,14.567928,30.158312,0.034068,0.369617,0.001775,29.458642,29.578216
1769,0,0.019211,0.445651,0.083332,0.002159,0.529003,9.957667,15.428247,29.040176,0.065097,0.335725,0.001216,28.402373,28.540868
1770,0,0.018628,0.467503,0.094034,0.001886,0.561258,10.696110,16.408704,30.491458,0.049322,0.351598,0.000913,29.879410,30.257258
1771,0,0.015953,0.477568,0.064629,0.001611,0.540037,10.873403,15.619695,29.344296,0.069463,0.358812,0.001297,28.701353,29.096843
1772,0,0.025087,0.664749,0.137441,0.003550,0.799027,17.005761,8.451767,29.563497,0.071774,0.414450,0.001467,28.661151,28.920623
1773,0,0.010478,0.519973,0.082411,0.002615,0.602103,11.878225,15.342491,30.150044,0.042953,0.353580,0.001375,29.472993,29.735494
1774,0,0.018329,0.460533,0.089794,0.001499,0.513628,10.771897,15.382872,29.712251,0.039908,0.335078,0.001272,29.106206,29.435404
1775,0,0.034932,0.685842,0.188473,0.002791,0.872186,16.591446,7.529109,29.435361,0.061325,0.486640,0.001518,28.431891,28.538731
1776,0,0.014527,0.480184,0.069812,0.001799,0.547231,18.374289,7.480124,29.851946,0.055779,0.362678,0.001161,29.230347,29.508082
1777,0,0.014201,0.826759,0.071244,0.002142,0.894920,13.336376,12.578700,29.383177,0.122670,0.635231,0.000841,28.370395,28.828983
1778,0,0.027272,1.292923,0.072450,0.001662,1.347053,13.989877,10.771563,29.117860,0.061023,0.996824,0.001304,27.644769,28.681760
1779,0,0.013575,0.464413,0.087684,0.002406,0.539895,11.575656,16.561587,31.835463,0.038052,0.294661,0.001700,31.191874,31.334254
1780,0,0.022075,0.691555,0.121589,0.002229,0.810503,17.641038,6.587962,28.914685,0.064385,0.484982,0.001190,27.937575,28.102333
1781,0,0.014027,0.536750,0.115519,0.010601,0.656646,11.422985,16.178740,30.803900,0.035335,0.382727,0.000999,30.141161,30.473718
1782,0,0.024407,0.551820,0.086944,0.002279,0.640452,10.928700,14.732153,29.655644,0.046815,0.419439,0.001565,28.917392,29.322025
1783,0,0.023164,0.656496,0.120750,0.002719,0.775136,10.596392,15.415074,29.515236,0.060782,0.452774,0.001520,28.606787,28.977855
1784,0,0.020557,0.614286,0.168556,0.002639,0.783658,9.888936,15.479373,29.433682,0.030005,0.511360,0.001080,28.533130,28.812106
1785,0,0.023928,0.485448,0.087383,0.002346,0.542552,13.094184,12.537932,29.905335,0.060269,0.339263,0.001545,29.222987,29.344624
1786,0,0.019667,0.752653,0.116042,0.006031,0.858992,9.394359,16.465098,30.665303,0.052734,0.545103,0.000948,29.650178,29.864420
1787,0,0.025168,0.772785,0.118475,0.003412,0.865520,18.631080,5.632081,28.733693,0.061444,0.552818,0.001339,27.700009,27.828101
1788,0,0.013522,0.562531,0.071137,0.002009,0.617696,11.270275,15.495973,30.643776,0.031683,0.457148,0.001366,29.887619,29.956581
1789,0,0.020340,0.632375,0.227491,0.001652,0.712938,18.728687,7.087290,29.481068,0.049831,0.473734,0.001235,28.658964,29.145110
1790,0,0.017084,0.609398,0.141343,0.001830,0.718525,18.635701,6.684759,29.829652,0.059869,0.503797,0.000818,28.897058,29.055059
1791,0,0.010757,0.501543,0.260439,0.003398,0.762305,12.862764,13.580107,30.249448,0.035212,0.392346,0.001684,29.601374,29.917340
1792,0,0.030105,0.703590,0.089477,0.001970,0.785200,11.385152,13.626298,29.482973,0.416493,0.658545,0.001736,28.316493,29.032865
1793,0,0.014084,1.149487,0.090556,0.001582,1.189373,12.029410,12.541405,29.414944,0.384398,1.394878,0.001035,27.536351,28.967538
1794,0,0.020715,0.527606,0.059934,0.001611,0.588005,11.197530,15.406677,29.935480,0.074900,0.415484,0.001220,29.202359,29.593885
1795,0,0.019832,1.487268,0.095127,0.003611,1.586006,12.267572,13.628929,30.377559,0.061246,1.338360,0.001579,28.730500,30.054230
1796,0,0.018358,0.475700,0.060060,0.001489,0.535601,18.740891,7.531787,29.438642,0.071905,0.318044,0.000646,28.796675,29.023929
1797,0,0.016934,0.465252,0.067875,0.001753,0.534880,19.379510,5.603221,29.019272,0.035523,0.336663,0.001306,28.407198,28.500783
1798,0,0.020783,0.485820,0.067280,0.002199,0.543469,10.694766,15.368428,29.539714,0.050075,0.323333,0.001275,28.873116,29.067343
1799,0,0.023042,0.621986,0.096914,0.001606,0.719902,15.670558,10.522216,30.122895,0.074039,0.400388,0.001068,29.257737,29.540965
1800,0,0.016179,0.488187,0.060288,0.001847,0.546880,10.613226,15.878483,29.617163,0.038119,0.340335,0.001313,28.972414,29.276948
1801,0,0.016729,0.470277,0.071440,0.001917,0.536906,16.693009,9.688022,29.262561,0.073024,0.331742,0.001585,28.607895,28.955306
1802,0,0.018320,0.467981,0.082525,0.002011,0.531120,11.762212,15.370934,30.222804,0.055567,0.319439,0.001101,29.615036,29.968468
1803,0,0.020301,0.747423,0.160823,0.003018,0.892584,20.127138,5.568740,29.687983,0.057830,0.550492,0.001070,28.730028,29.339420
1804,0,0.014288,0.472412,0.062484,0.001135,0.532339,13.378979,13.602253,30.353103,0.043161,0.385930,0.001083,29.714200,30.134328
1805,0,0.019221,0.406405,0.066666,0.001679,0.466111,10.938312,15.377423,29.843521,0.054493,0.288576,0.001006,29.302783,29.622354
1806,0,0.022684,0.713947,0.078511,0.001912,0.779947,11.569100,14.517355,29.406677,0.080213,0.472285,0.001444,28.479205,28.935024
1807,0,0.028235,0.699703,0.168622,0.002669,0.840606,20.091351,4.496216,29.513652,0.075322,0.438188,0.001984,28.548106,28.702031
1808,0,0.015352,0.450252,0.056298,0.002318,0.505720,16.934818,9.296241,29.763491,0.037170,0.320304,0.000809,29.160869,29.372319
1809,0,0.019145,0.470734,0.101058,0.001763,0.550887,10.068518,14.813340,30.149282,0.046587,0.379343,0.001586,29.408351,29.540102
1810,0,0.032868,0.688491,0.092650,0.003187,0.778079,16.794254,10.643873,31.143377,0.269633,0.447076,0.001536,30.080006,30.614427
1811,0,0.039981,0.966550,0.149799,0.003054,1.046547,10.416831,16.401106,30.465197,0.135783,0.920149,0.000999,29.239104,29.887904
1812,0,0.021382,0.422027,0.055211,0.001315,0.478371,13.812507,10.555018,28.431870,0.046850,0.237058,0.001441,27.868105,27.967186
1813,0,0.019239,1.612416,0.315339,0.002149,1.929322,13.267519,10.578807,29.769517,0.496779,1.933930,0.001935,27.388985,29.283363
1814,0,0.020445,0.486949,0.074440,0.001834,0.544703,14.731836,12.461977,30.485788,0.036988,0.460919,0.002090,29.710794,30.028219
1815,0,0.021134,1.574746,0.071812,0.033769,1.620454,13.768758,10.560710,29.048076,0.107693,1.485535,0.001309,27.113734,28.624221
1816,0,0.020283,0.449351,0.057973,0.001714,0.507360,11.772709,14.561520,30.063392,0.044997,0.265983,0.001155,29.463252,29.753091
1817,0,0.020237,0.492302,0.098173,0.002307,0.582427,12.799696,13.519744,29.774114,0.041614,0.348155,0.001294,29.069292,29.316162
1818,0,0.019235,0.410284,0.070579,0.002226,0.480047,13.819496,12.652928,30.000384,0.032127,0.225849,0.001523,29.449154,29.539736
1819,0,0.027545,0.496641,0.059823,0.002425,0.553215,12.950500,13.600754,30.265582,0.037510,0.343447,0.001534,29.621272,29.859732
1820,0,0.021311,0.434745,0.129829,0.002040,0.527195,18.503460,6.746682,28.756284,0.041795,0.257825,0.001114,28.084101,28.194636
1821,0,0.012491,0.461744,0.071408,0.001958,0.532978,19.663980,7.751780,30.525513,0.036293,0.331855,0.001489,29.930949,30.256801
1822,0,0.020280,0.625314,0.072705,0.001892,0.698571,11.336417,14.640525,29.679211,0.047757,0.495922,0.002295,28.895416,29.417790
1823,0,0.023857,0.714763,0.131153,0.005377,0.834673,10.779713,14.549169,30.053260,0.061473,0.470320,0.001649,29.055966,29.223689
1824,0,0.020748,0.675187,0.104117,0.002561,0.781658,19.454488,5.610080,29.141155,0.072769,0.354515,0.000850,28.214275,28.388312
1825,0,0.011451,0.514806,0.081159,0.001912,0.594945,11.825077,15.580239,30.359783,0.037466,0.360285,0.001265,29.703763,29.982171
1826,0,0.020428,0.467169,0.066597,0.001922,0.531338,10.874296,15.527317,29.660580,0.040741,0.327670,0.001928,29.069068,29.379576
1827,0,0.020408,0.771165,0.127438,0.004038,0.867790,11.223116,14.513853,29.793906,0.061488,0.555305,0.001182,28.799088,29.273392
1828,0,0.021801,0.616764,0.110628,0.002164,0.702561,9.967836,15.610562,29.746089,0.077404,0.366378,0.001320,28.876502,28.998822
1829,0,0.019874,0.449759,0.085545,0.001669,0.536584,9.383754,14.649010,29.074585,0.046039,0.408309,0.001407,28.113668,28.209999
1830,0,0.018607,0.546456,0.087753,0.001806,0.610127,14.474788,11.603440,30.174316,0.044050,0.460054,0.001359,29.356007,29.647730
1831,0,0.015479,0.460130,0.074090,0.002092,0.532630,15.742132,10.503365,29.578771,0.041838,0.321042,0.001008,28.947700,29.055885
1832,0,0.020918,0.473026,0.063628,0.001532,0.530058,11.055581,15.590726,31.058057,0.276482,0.441202,0.001292,30.176715,30.626634
1833,0,0.021462,0.546534,0.069843,0.001905,0.612206,11.023880,13.533227,28.240430,0.141935,0.338221,0.001436,27.411163,27.717481
1834,0,0.017153,0.465686,0.067875,0.002702,0.530603,10.719687,16.360634,30.690841,0.054546,0.377153,0.001238,30.037797,30.298230
1835,0,0.031915,0.752749,0.153359,0.002938,0.903255,9.386903,16.552273,30.011996,0.080953,0.487041,0.001046,29.022877,29.549689
1836,0,0.024368,0.465922,0.085310,0.002125,0.547919,14.204466,10.704076,28.785171,0.047961,0.350707,0.001081,28.086649,28.186387
1837,0,0.014911,0.548299,0.062226,0.001795,0.608184,10.629198,16.440995,30.771800,0.049759,0.392057,0.001831,30.071960,30.417677
1838,0,0.029735,0.619002,0.087490,0.001480,0.702208,12.630210,13.676795,29.593877,0.034689,0.445775,0.001126,28.805357,29.168874
1839,0,0.021556,0.536986,0.073542,0.002155,0.604154,10.917094,15.490764,29.541828,0.045310,0.412006,0.000606,28.806218,28.921791
1840,0,0.022503,0.450483,0.065869,0.002005,0.503962,10.207756,16.420884,30.216134,0.038371,0.306662,0.001472,29.612922,29.850807
1841,0,0.023344,0.706978,0.135873,0.002117,0.782920,18.966663,5.832158,28.589855,0.071067,0.460394,0.001361,27.665674,27.997311
1842,0,0.021263,0.623858,0.072721,0.001646,0.692042,19.136592,6.572355,30.912393,0.035091,0.409674,0.010736,30.084796,30.152602
1843,0,0.022308,0.537641,0.081720,0.002410,0.613928,13.525575,11.529373,29.839404,0.034706,0.402910,0.001979,29.110301,29.165219
1844,0,0.018306,0.521265,0.073932,0.001898,0.582994,13.628355,13.502584,30.584586,0.096306,0.325730,0.000982,29.823141,30.093047
1845,0,0.022129,0.474103,0.069825,0.001760,0.544659,17.522966,8.595712,29.234963,0.060527,0.295800,0.001110,28.594524,28.886164
1846,0,0.024274,0.483289,0.087082,0.002361,0.568716,14.204146,12.654279,30.419045,0.050939,0.285537,0.001369,29.713121,30.024657
1847,0,0.016582,0.504944,0.083222,0.002322,0.588744,10.439033,15.522755,29.666171,0.037587,0.381231,0.001833,29.005551,29.261387
1848,0,0.020640,0.469170,0.055188,0.002536,0.524691,11.849932,14.562320,30.058632,0.033563,0.307592,0.001838,29.451776,29.766922
1849,0,0.022372,0.493735,0.162372,0.002022,0.578439,10.570355,15.409627,29.701432,0.110839,0.217881,0.001596,28.981974,29.067786
1850,0,0.033501,0.766120,0.116835,0.004181,0.867672,14.482933,10.639403,29.369279,0.223665,0.708535,0.000819,28.043565,28.784028
1851,0,0.016036,0.450740,0.087434,0.002187,0.538444,11.293347,15.959176,30.132494,0.057346,0.342197,0.001111,29.526539,29.907699
1852,0,0.017532,0.537147,0.107824,0.004578,0.622364,16.932765,9.584018,29.684507,0.203005,0.395133,0.000904,28.880079,29.086758
1853,0,0.016652,0.452881,0.066586,0.001225,0.506517,10.542489,15.561153,30.383180,0.812702,1.106374,0.000876,28.967947,30.008458
1854,0,0.025125,0.455791,0.071628,0.002383,0.524813,15.811768,9.901007,29.268166,0.046565,0.305971,0.001273,28.670218,28.960186
1855,0,0.019450,0.474641,0.073042,0.001873,0.546934,10.782100,15.548665,29.760246,0.047980,0.251455,0.001743,29.092876,29.358193
1856,0,0.025989,0.691481,0.210482,0.002542,0.903176,13.330998,12.608818,29.947697,0.072345,0.461038,0.001127,29.000559,29.371274
1857,0,0.026734,0.643471,0.114606,0.003789,0.760116,13.104377,12.623673,29.988675,0.058458,0.401405,0.001129,29.109015,29.252049
1858,0,0.020268,0.471900,0.088771,0.002025,0.536368,13.389620,13.538624,29.774667,0.059317,0.306779,0.000683,29.167172,29.528485
1859,0,0.021428,0.433404,0.056079,0.001459,0.490727,12.876460,13.734124,29.887787,0.053611,0.281583,0.001208,29.318270,29.635780
1860,0,0.032290,0.689404,0.157701,0.003253,0.849230,14.777987,8.893518,28.420210,0.067045,0.454535,0.001281,27.477114,27.637901
1861,0,0.016430,0.448569,0.053025,0.002446,0.499691,10.510316,16.473222,30.424578,0.047203,0.292304,0.001336,29.843400,30.126102
1862,0,0.022059,0.507618,0.085233,0.002221,0.593987,12.227424,13.533144,29.347833,0.052256,0.340437,0.001619,28.661029,28.919013
1863,0,0.018252,0.445794,0.071700,0.002154,0.519278,12.720813,13.523413,29.659232,0.043652,0.292626,0.000903,29.069316,29.291633
1864,0,0.027887,0.631043,0.151392,0.003589,0.759325,25.651038,15.612563,45.224354,0.059937,0.352670,0.001084,44.277994,44.454679
1865,0,0.019451,0.416790,0.068560,0.001887,0.473786,11.469844,14.617215,29.357913,0.035816,0.263101,0.001278,28.745553,29.033841
1866,0,0.018930,0.466906,0.080649,0.002023,0.544121,15.256811,11.613130,30.237407,0.038384,0.285987,0.001290,29.627799,29.942747
1867,0,0.015647,0.465998,0.080440,0.002283,0.534489,10.646263,15.595196,29.384456,0.043270,0.340372,0.001112,28.754840,29.098485
1868,0,0.022657,0.682519,0.171376,0.004158,0.818232,17.622017,7.525976,29.771698,0.059195,0.455037,0.001254,28.712849,28.851569
1869,0,0.016468,0.490275,0.174665,0.002798,0.641680,12.914926,11.586351,30.062188,0.036123,0.359846,0.001145,29.415334,29.518249
1870,0,0.021499,0.458358,0.088177,0.002243,0.546068,14.044076,11.574734,29.397275,0.049948,0.347362,0.001146,28.778744,29.104067
1871,0,0.018818,0.518835,0.085636,0.002133,0.586738,11.073373,15.587455,30.291767,0.030653,0.378947,0.000827,29.634902,29.757356
1872,0,0.022713,0.498048,0.060331,0.002557,0.559237,11.588487,14.597407,29.691618,0.051048,0.309364,0.000939,29.007505,29.183279
1873,0,0.025773,0.447128,0.073323,0.002301,0.519415,13.304484,11.529076,31.039436,2.481384,2.755007,0.001474,27.995779,30.781211
1874,0,0.022244,0.513104,0.225064,0.001805,0.644353,14.270290,10.556470,29.657868,0.044685,0.369506,0.001296,28.964242,29.233456
1875,0,0.023077,0.432872,0.155181,0.002363,0.550163,15.833618,9.647893,29.287758,0.040058,0.217888,0.001449,28.603584,28.845100
1876,0,0.020443,0.481724,0.063231,0.001372,0.543139,15.213933,10.616625,30.470599,0.042489,0.352900,0.001573,29.792045,29.862593
1877,0,0.187652,0.411981,0.135491,0.003563,0.548549,13.649909,11.640840,29.050034,0.040998,0.349071,0.001912,28.329776,28.663476
1878,0,0.023671,0.456914,0.056757,0.002405,0.512637,14.509092,11.680881,30.600858,0.107440,0.366264,0.001656,29.913707,30.115307
1879,0,0.020068,0.461920,0.059391,0.002127,0.522411,12.275584,13.597762,29.506232,0.034852,0.335488,0.009924,28.895913,29.123519
1880,0,0.034514,0.650978,0.125102,0.003019,0.772484,13.326670,12.561818,29.659311,0.066504,0.421438,0.001240,28.675806,28.875179
1881,0,0.023742,0.500986,0.157352,0.001888,0.573567,13.920367,12.739575,30.513709,0.042010,0.345432,0.001267,29.740048,29.967919
1882,0,0.022232,0.571840,0.062978,0.002507,0.635287,15.497196,10.319592,29.577035,0.140666,0.516459,0.001546,28.451465,28.795325
1883,0,0.019679,0.533119,0.061036,0.001987,0.583117,16.111275,9.604675,29.245348,0.045055,0.381449,0.001314,28.551777,28.864992
1884,0,0.018714,0.474963,0.071722,0.002010,0.546441,19.300959,6.606305,29.493908,0.035605,0.294577,0.001285,28.844210,29.121795
1885,0,0.012862,0.504724,0.074707,0.002371,0.580384,11.088881,16.417203,30.863151,0.035660,0.353336,0.001270,30.214819,30.505934
1886,0,0.019063,0.444946,0.070070,0.001925,0.515685,15.498351,9.485583,29.204807,0.135296,0.284330,0.001413,28.552392,28.721661
1887,0,0.022460,0.562907,0.087236,0.002160,0.647495,12.459823,13.554639,30.105088,0.038018,0.400752,0.001418,29.353727,29.453104
1888,0,0.020341,0.545188,0.100778,0.001671,0.646479,20.854057,2.637948,29.450219,0.044113,0.428145,0.001517,28.689255,28.798565
1889,0,0.015825,0.680009,0.103764,0.002322,0.736242,12.336796,12.446702,29.683179,0.063602,0.628082,0.001292,28.702133,29.002487
1890,0,0.019940,1.370036,0.097708,0.002350,1.464272,13.866722,10.548574,29.774084,0.290671,1.512389,0.001240,27.556408,28.911227
1891,0,0.016267,0.650476,0.240541,0.002867,0.696199,15.886223,9.603621,29.351596,0.136857,0.462063,0.000843,28.456245,28.926598
1892,0,0.021350,0.455475,0.085829,0.001640,0.542781,12.642676,13.669694,29.865533,0.035997,0.312397,0.001458,29.222194,29.429871
1893,0,0.023007,0.548994,0.070869,0.001563,0.621325,14.472302,11.638015,30.054098,0.378084,0.510150,0.001276,29.111178,29.739206
1894,0,0.023573,0.502258,0.059597,0.001953,0.555794,15.276688,10.977080,29.840971,0.038791,0.330126,0.001597,29.194261,29.429469
1895,0,0.016793,0.483795,0.127688,0.002317,0.612571,10.009020,16.518805,30.104817,0.056493,0.382298,0.001110,29.377581,29.687630
1896,0,0.029346,0.580431,0.059844,0.001229,0.637776,13.754972,11.546905,29.216315,0.110767,0.337342,0.001372,28.419251,28.794432
1897,0,0.018749,0.446621,0.115469,0.002010,0.531544,17.126302,8.648223,29.287706,0.044462,0.316455,0.001351,28.665446,28.806571
1898,0,0.019550,0.466194,0.058375,0.002067,0.520752,11.944912,15.601045,30.522230,0.045409,0.306347,0.001719,29.904089,30.153433
1899,0,0.021464,0.426883,0.078658,0.001870,0.481878,17.362167,9.043913,29.855267,0.044155,0.263275,0.001740,29.277421,29.503097
1900,0,0.017355,0.435860,0.093681,0.001716,0.531257,11.538884,14.567578,29.628447,0.064502,0.210134,0.000995,29.039674,29.157987
1901,0,0.020233,0.433342,0.067948,0.001975,0.500096,12.298116,14.613265,29.914330,0.037305,0.255734,0.001402,29.336063,29.551036
1902,0,0.024042,0.519918,0.068253,0.001691,0.588872,10.134587,16.618091,30.338811,0.051393,0.375828,0.001092,29.660049,30.069011
1903,0,0.021694,0.479755,0.080481,0.002464,0.561262,17.854621,7.603716,28.859212,0.037634,0.333328,0.001172,28.207787,28.551027
1904,0,0.015997,0.474369,0.064178,0.002711,0.539624,12.674570,15.501414,31.811419,0.026820,0.329799,0.001483,31.172255,31.232032
1905,0,0.020038,0.627847,0.121338,0.003793,0.750423,11.845270,13.638770,29.152147,0.051923,0.348971,0.000956,28.318815,28.371228
1906,0,0.020442,0.445264,0.069832,0.002024,0.515795,11.465368,14.542738,29.747639,0.035506,0.306809,0.001755,29.102887,29.428880
1907,0,0.018353,0.604982,0.101762,0.043784,0.671677,14.901670,10.607082,30.217757,0.045333,0.400253,0.001270,29.395533,29.815411
1908,0,0.021641,0.465987,0.081590,0.001544,0.543206,16.394848,8.629373,29.250030,0.053085,0.332764,0.001243,28.546665,28.916639
1909,0,0.018123,0.512985,0.095130,0.002133,0.568799,17.265639,9.584376,30.420504,0.049170,0.346897,0.001783,29.711872,29.896539
1910,0,0.023303,0.463757,0.067837,0.001983,0.532997,17.421076,8.599326,29.720326,0.037489,0.227937,0.001265,29.104951,29.361434
1911,0,0.019205,0.549186,0.062430,0.001238,0.611649,14.860968,11.703926,30.189090,0.042250,0.388432,0.001540,29.470362,29.766856
1912,0,0.019084,0.492335,0.064261,0.002650,0.557113,18.231124,6.579282,29.083619,0.032004,0.280475,0.001180,28.428417,28.478399
1913,0,0.020379,0.458239,0.091853,0.002527,0.548827,13.446972,13.543054,30.255117,0.037408,0.248344,0.001485,29.628160,29.687700
1914,0,0.021380,0.496775,0.066397,0.001857,0.563756,18.077040,7.537002,29.466797,0.044062,0.302478,0.001625,28.824097,29.002362
1915,0,0.017124,0.466619,0.059145,0.001945,0.524359,12.594663,13.591090,29.963708,0.033362,0.289607,0.001137,29.343827,29.391416
1916,0,0.022387,0.488688,0.060130,0.002222,0.548054,11.880905,14.573542,30.172998,0.042233,0.332283,0.001007,29.529710,29.799765
1917,0,0.029684,0.576040,0.100427,0.002459,0.676990,22.041911,3.686700,29.308324,0.056027,0.355538,0.001643,28.558161,28.969652
1918,0,0.016162,0.467317,0.071384,0.002092,0.540448,10.813639,16.565051,30.710841,0.044092,0.362019,0.001162,30.064261,30.275967
1919,0,0.018990,0.477396,0.072351,0.002195,0.549202,17.802452,7.639603,29.389565,0.045275,0.359266,0.001703,28.715241,28.823099
1920,0,0.018393,0.521219,0.089113,0.002293,0.610601,18.927580,6.631564,29.734119,0.050107,0.416127,0.002107,28.962983,29.145791
1921,0,0.014809,0.432795,0.063646,0.001728,0.498169,12.845836,13.837126,30.214396,0.036809,0.254589,0.018683,29.652332,29.862011
1922,0,0.048097,0.453259,0.082273,0.002531,0.517381,23.673697,16.560627,43.815996,0.044625,0.306453,0.001711,43.228257,43.559331
1923,0,0.022887,0.875425,0.208022,0.003484,0.977068,13.702892,11.678721,29.753351,0.069417,0.605061,0.001137,28.446881,29.096198
1924,0,0.018337,0.773189,0.171608,0.003216,0.948013,19.763285,4.843122,28.848186,0.037887,0.741162,0.000997,27.739978,27.960524
1925,0,0.024002,0.773856,0.161106,0.001963,0.936404,12.189749,14.521985,30.995303,0.062761,0.519830,0.001361,29.899634,30.142073
1926,0,0.020363,0.441970,0.061451,0.001486,0.504213,12.085836,13.705299,29.517886,0.035384,0.740105,0.000855,28.499234,29.091666
1927,0,0.023178,0.453518,0.143096,0.001555,0.590086,16.152297,6.627702,29.516533,0.036801,0.332244,0.001478,28.864881,28.964199
1928,0,0.019246,0.521158,0.103186,0.002648,0.602130,16.806509,9.683783,29.799249,0.037914,0.348233,0.001828,29.113196,29.382369
1929,0,0.018047,0.444916,0.072090,0.002493,0.490619,12.566086,13.687830,29.648481,0.041603,0.292662,0.001308,29.023746,29.131638
1930,0,0.020947,0.483178,0.056094,0.001918,0.540242,12.473805,14.592802,30.550862,0.044255,0.319408,0.000762,29.925773,30.205149
1931,0,0.021123,0.508493,0.079004,0.002143,0.538839,14.247635,11.551028,29.386110,0.049893,0.322410,0.000816,28.688042,28.819919
1932,0,0.020016,0.438209,0.063795,0.001843,0.502529,16.164601,9.845398,29.958321,0.053481,0.238455,0.001432,29.321972,29.424978
1933,0,0.017276,0.479305,0.058592,0.002539,0.539134,11.487717,15.577574,30.000797,0.039497,0.290099,0.000750,29.360975,29.665760
1934,0,0.022096,0.496881,0.070324,0.002156,0.564632,14.563964,11.782484,30.102367,0.045090,0.241404,0.002012,29.446905,29.725860
1935,0,0.020764,0.466899,0.073517,0.002360,0.537059,12.180184,14.696927,30.463232,0.045587,0.254783,0.001800,29.822347,30.117780
1936,0,0.020697,0.471018,0.058497,0.001744,0.528783,17.399145,9.060644,29.835054,0.029630,0.330408,0.001206,29.196001,29.302737
1937,0,0.023027,0.432061,0.063759,0.001523,0.496211,13.503665,12.732135,29.702804,0.039755,0.258388,0.001621,29.078804,29.324908
1938,0,0.019608,0.581250,0.093403,0.002402,0.672549,14.486634,11.505759,29.441459,0.053415,0.293770,0.001134,28.653254,28.838535
1939,0,0.018927,0.483289,0.069490,0.002051,0.551170,12.744525,13.586200,29.810736,0.044993,0.373445,0.001580,29.114780,29.425967
1940,0,0.023614,0.512548,0.080392,0.005096,0.592833,16.222416,9.614146,30.001628,0.049130,0.346689,0.001291,29.300945,29.371165
1941,0,0.018475,0.451196,0.061348,0.001799,0.509107,15.810431,10.626794,30.035432,0.037467,0.314494,0.001126,29.426649,29.495917
1942,0,0.018533,0.522401,0.070879,0.001966,0.590713,14.476197,11.189857,29.405928,0.034462,0.598240,0.000825,28.489032,28.959019
1943,0,0.022131,0.511401,0.090338,0.001800,0.581509,14.796842,11.018442,29.581386,0.044155,0.361579,0.001518,28.897593,29.194701
1944,0,0.017640,0.465209,0.082249,0.001517,0.527887,11.626114,15.649029,30.779859,0.246350,0.428285,0.001115,29.850927,30.217672
1945,0,0.024079,0.481990,0.089297,0.001920,0.568299,12.644633,11.616195,29.013169,0.036730,0.353118,0.001203,28.343032,28.619441
1946,0,0.020319,0.452581,0.060140,0.002145,0.514326,13.967420,12.657466,29.946021,0.077414,0.342352,0.001336,29.290769,29.570060
1947,0,0.022557,0.472731,0.085923,0.002213,0.539183,15.104888,11.932719,30.535374,0.069604,0.326069,0.001166,29.847919,30.093445
1948,0,0.020797,0.460068,0.060410,0.002348,0.519494,17.072378,8.748495,29.107810,0.041533,0.296087,0.001187,28.502977,28.793853
1949,0,0.016677,0.635898,0.138629,0.002527,0.771101,16.586331,9.639933,29.804132,0.049044,0.484257,0.000916,28.878218,29.246879
1950,0,0.023163,0.457773,0.056331,0.002604,0.515595,15.006321,10.900446,29.960471,0.036664,0.283423,0.006250,29.344427,29.453073
1951,0,0.025309,0.901068,0.075129,0.002144,0.964924,15.033298,9.594510,29.651186,0.563558,1.231039,0.001575,28.055883,29.314474
1952,0,0.016854,0.435467,0.062734,0.002651,0.489802,11.409054,15.547551,30.497219,0.043140,0.250911,0.001032,29.921555,30.181753
1953,0,0.032989,0.553140,0.055886,0.002298,0.605881,16.112740,8.238856,28.299773,0.059887,0.319163,0.001443,27.566555,27.707477
1954,0,0.019677,0.490910,0.061581,0.001544,0.552956,10.778568,16.385086,30.588543,0.046714,0.313591,0.001525,29.938278,30.263606
1955,0,0.021227,0.420349,0.062061,0.001902,0.475229,12.141287,13.500415,29.567650,0.043719,0.307034,0.001074,28.945355,29.096651
1956,0,0.025760,0.655365,0.095815,0.002411,0.752195,14.030951,11.492518,29.693251,0.059191,0.418016,0.001021,28.815189,28.981958
1957,0,0.019338,0.454757,0.069254,0.002172,0.511271,10.204769,15.509801,29.799458,0.050289,0.308171,0.000905,29.177624,29.335701
1958,0,0.022063,0.672936,0.092592,0.002335,0.767115,13.167574,12.599339,29.711424,0.073850,0.408242,0.000954,28.848775,29.296730
1959,0,0.022686,0.677466,0.152069,0.002340,0.823735,11.561642,14.596282,30.070007,0.088530,0.505251,0.001203,29.141115,29.623879
1960,0,0.020336,0.447156,0.062815,0.001423,0.509956,19.227385,5.779528,29.044842,0.039009,0.305339,0.000859,28.434935,28.585047
1961,0,0.018510,0.496194,0.103210,0.002428,0.567814,18.010444,8.561610,29.995849,0.047545,0.349416,0.001633,29.339645,29.649706
1962,0,0.019227,0.505653,0.069653,0.001897,0.551916,11.106075,15.585860,30.466639,0.053937,0.396606,0.000958,29.699722,29.909218
1963,0,0.022177,0.516219,0.093699,0.002533,0.588827,20.126533,4.620980,28.789145,0.035754,0.358432,0.001237,28.073138,28.130578
1964,0,0.020601,0.522879,0.066636,0.002310,0.591339,21.598118,3.687264,29.767391,0.050362,0.377315,0.001437,29.059773,29.235372
1965,0,0.012675,0.478000,0.079081,0.001910,0.551564,13.774886,13.722911,30.649412,0.049876,0.252705,0.001026,30.027712,30.318073
1966,0,0.021155,0.999105,0.132439,0.002066,1.085285,13.728545,12.626608,30.548428,0.049710,0.984419,0.042570,29.183518,29.383448
1967,0,0.018738,0.447729,0.063282,0.001436,0.501925,14.664086,10.631182,29.592157,0.045287,0.244969,0.001467,28.987254,29.036626
1968,0,0.022969,0.498710,0.061603,0.002300,0.554513,15.691553,10.626572,30.079372,0.043170,0.291572,0.001444,29.408380,29.728268
1969,0,0.023278,0.473558,0.080686,0.001936,0.556180,15.528101,11.589809,30.351252,0.038316,0.342998,0.001285,29.735854,30.118046
1970,0,0.021379,0.430539,0.059893,0.002288,0.489978,17.159839,8.731686,29.452478,0.036411,0.208771,0.000980,28.872903,28.995021
1971,0,0.021685,0.410758,0.057024,0.002162,0.466646,16.271000,7.608636,28.165281,0.036927,0.239661,0.001818,27.599866,27.654786
1972,0,0.018881,0.479478,0.062221,0.001965,0.525021,17.666429,8.553104,29.638265,0.120522,0.281915,0.001217,28.905834,29.164275
1973,0,0.023721,0.559197,0.123396,0.003817,0.622201,14.396365,10.582508,28.746948,0.048303,0.344993,0.001270,28.034378,28.408729
1974,0,0.022506,0.442800,0.053114,0.001976,0.493966,15.431453,9.671992,28.616856,0.033122,0.232336,0.001563,28.034923,28.260331
1975,0,0.022073,0.408946,0.099945,0.002793,0.489270,14.041009,10.965055,28.605613,0.037364,0.227564,0.001682,27.984253,28.104424
1976,0,0.019513,0.506642,0.059424,0.002040,0.561522,17.138536,7.755010,28.459207,0.093160,0.329327,0.001418,27.774940,28.126646
1977,0,0.022183,0.433839,0.084470,0.002300,0.518617,15.222707,10.770167,29.386119,0.051595,0.324667,0.001252,28.783017,29.070638
1978,0,0.021787,0.451345,0.091241,0.001810,0.530723,13.588449,10.642514,28.649889,0.046089,0.200971,0.001669,27.995748,28.049180
1979,0,0.020563,0.495748,0.132671,0.001875,0.621929,14.968712,10.738234,28.916794,0.079365,0.317765,0.001508,28.133162,28.517852
1980,0,0.021313,0.436436,0.058203,0.002009,0.494887,15.970019,8.560396,28.392418,0.049696,0.211905,0.002111,27.786766,27.977497
1981,0,0.017464,0.431036,0.064905,0.001471,0.487008,16.257908,9.871846,29.132691,0.037299,0.238585,0.001217,28.548495,28.786951
1982,0,0.018506,0.578387,0.062716,0.002696,0.637470,19.483253,4.964359,27.591443,0.061075,0.409749,0.000908,26.818570,27.253008
1983,0,0.019034,0.422809,0.059898,0.001649,0.483715,19.619140,5.759836,28.957994,0.038676,0.263976,0.001361,28.371687,28.453435
1984,0,0.014798,0.587674,0.079726,0.001285,0.668459,15.813752,7.474162,28.305254,0.038510,0.428219,0.002761,27.528619,27.582754
1985,0,0.028000,0.451863,0.078794,0.001671,0.514504,12.324968,12.116165,28.601858,0.036082,0.319029,0.001526,27.962766,28.155448
1986,0,0.018284,0.487317,0.052652,0.002403,0.541007,20.396708,4.506147,28.143521,0.069696,0.277407,0.001189,27.489054,27.700987
1987,0,0.023707,0.501113,0.087590,0.001452,0.568794,15.554009,10.593953,29.855863,0.058457,0.313392,0.002092,29.132203,29.303342
1988,0,0.018020,0.505500,0.065271,0.002204,0.569686,18.876119,4.923351,27.694914,0.059954,0.330877,0.001322,27.004055,27.240238
1989,0,0.013917,0.463668,0.061677,0.001924,0.525646,15.566503,10.796400,29.529127,0.043392,0.324906,0.001749,28.932997,29.245888
1990,0,0.018188,0.415742,0.063412,0.001822,0.479678,11.967652,13.630141,29.228739,0.049348,0.300633,0.001602,28.676451,29.001870
1991,0,0.021618,0.477693,0.185925,0.001920,0.665538,15.486287,9.601155,28.498307,0.047443,0.356121,0.001015,27.729735,28.074235
1992,0,0.023530,0.540807,0.063966,0.001041,0.604155,12.580200,12.710891,28.853695,0.044638,0.423656,0.001245,28.158016,28.498989
1993,0,0.017264,0.441671,0.057233,0.001826,0.499113,13.968959,11.709527,29.119372,0.052378,0.297929,0.001231,28.492120,28.764254
1994,0,0.020897,0.580587,0.084619,0.002058,0.636406,15.584682,9.675595,28.204416,0.032016,0.313020,0.001216,27.477557,27.746670
1995,0,0.040375,0.447689,0.063426,0.002135,0.510938,12.936483,11.645890,28.373226,0.033942,0.282811,0.001306,27.804253,28.078486
1996,0,0.018021,0.398014,0.052902,0.001660,0.451463,16.645515,8.540043,28.738748,0.038426,0.181842,0.000986,28.178371,28.296210
1997,0,0.021383,0.453390,0.064172,0.001811,0.516448,13.404317,12.714821,29.719465,0.084443,0.505586,0.001586,28.826936,29.101802
1998,0,0.021470,1.155336,0.150545,0.004312,1.298646,15.655236,9.235807,29.009546,0.033088,0.961760,0.001152,27.614778,28.595959
1999,0,0.022089,0.458651,0.053410,0.002868,0.513200,15.983554,8.563451,28.510220,0.037889,0.350977,0.002105,27.879228,28.153496
2000,0,0.020799,0.495418,0.067125,0.002027,0.559471,16.644845,8.567356,28.924762,0.043768,0.302987,0.001687,28.253445,28.343700
2001,0,0.019917,0.476000,0.124570,0.002327,0.554286,12.111220,11.759607,28.745280,0.168404,0.499691,0.000920,27.805084,28.342758
2002,0,0.019548,0.349859,0.051059,0.002281,0.399435,13.185980,12.148847,29.141365,0.042951,0.154286,0.001757,28.659608,28.705936
2003,0,0.015797,0.462118,0.067796,0.001715,0.511182,15.609303,8.639709,28.061537,0.046847,0.294804,0.001483,27.460524,27.699674
2004,0,0.023305,0.532449,0.073238,0.002007,0.604565,23.259633,0.503944,27.563104,0.039161,0.331699,0.001181,26.834864,27.194772
2005,0,0.009878,0.506698,0.095727,0.001927,0.602089,15.579963,11.609326,30.669005,0.245316,0.298795,0.002380,29.875823,30.290143
2006,0,0.020075,0.445706,0.079175,0.003151,0.506325,14.917572,9.515777,28.059878,0.039333,0.228856,0.001419,27.433188,27.583292
2007,0,0.022397,0.471992,0.076964,0.002691,0.531694,13.993973,11.563024,29.184740,0.058376,0.248374,0.001412,28.528534,28.803638
2008,0,0.020347,0.556510,0.076481,0.001491,0.634132,15.097575,9.608246,28.448359,0.067355,0.367430,0.001144,27.649833,28.019352
2009,0,0.017748,1.448511,0.054775,0.002068,1.499824,15.835454,8.527672,28.662709,0.046987,1.332477,0.001309,27.057317,28.419343
2010,0,0.020149,0.421849,0.059903,0.002127,0.478003,13.704156,11.523874,28.501396,0.033589,0.226573,0.001179,27.934344,28.187586
2011,0,0.018349,0.473620,0.089469,0.001405,0.543941,12.001752,13.737016,29.312315,0.046991,0.342925,0.001234,28.666080,28.909592
2012,0,0.020126,0.454381,0.065101,0.002022,0.505612,15.165862,9.612599,28.173608,0.032843,0.326392,0.001231,27.554573,27.795312
2013,0,0.019552,0.464623,0.066782,0.001631,0.528305,13.776115,12.628802,29.292884,0.038395,0.362144,0.000958,28.661631,29.050852
2014,0,0.018252,0.448041,0.059573,0.001799,0.505055,11.886967,13.559669,29.075085,0.034964,0.328742,0.001378,28.451536,28.698046
2015,0,0.020641,0.441389,0.064058,0.002758,0.494978,12.618127,12.585256,28.320116,0.034191,0.322570,0.001206,27.693668,27.839930
2016,0,0.019494,0.459511,0.101937,0.002177,0.549858,12.806521,12.589980,28.399405,0.035605,0.253049,0.000932,27.768359,27.904890
2017,0,0.020557,0.452324,0.127438,0.003024,0.551154,13.807845,10.571689,28.253750,0.041032,0.308215,0.001447,27.652548,27.780950
2018,0,0.021084,0.520894,0.063167,0.001170,0.580129,14.728243,10.635207,28.979511,0.032970,0.376385,0.001138,28.318254,28.551483
2019,0,0.021796,0.639232,0.080829,0.002065,0.687872,17.390261,7.052367,27.743923,0.147125,0.494065,0.000999,26.865360,27.016255
2020,0,0.019908,0.499150,0.069460,0.001953,0.559845,13.914521,11.368661,29.062559,0.510900,0.582147,0.001314,28.010784,28.768573
2021,0,0.033367,0.462514,0.050077,0.001367,0.513958,15.428587,10.729537,29.487893,0.064101,0.322313,0.001233,28.863858,29.230383
2022,0,0.019808,0.542462,0.070785,0.002084,0.604810,20.450113,3.505005,27.762324,0.041540,0.418707,0.001493,27.049522,27.470186
2023,0,0.017749,0.438434,0.060896,0.023018,0.497802,15.283069,9.657442,29.068304,0.032807,0.303745,0.001187,28.455322,28.545891
2024,0,0.018919,0.464168,0.086133,0.002363,0.552297,12.171395,13.637036,28.979494,0.046535,0.314283,0.000673,28.294415,28.619614
2025,0,0.021282,0.406625,0.059633,0.002272,0.463916,13.553020,12.565523,29.124556,0.040887,0.212240,0.001279,28.580810,28.822015
2026,0,0.021730,0.486282,0.064191,0.001212,0.535077,15.049165,7.653892,27.694671,0.046027,0.290665,0.001215,26.871149,27.018295
2027,0,0.025482,0.749985,0.062264,0.002593,0.813761,14.954371,9.539010,29.527087,0.765635,0.954158,0.001448,28.129869,28.611354
2028,0,0.020495,0.418933,0.056144,0.002130,0.473410,10.954402,15.791260,30.331993,0.042570,0.308544,0.001511,29.653619,29.986322
2029,0,0.020135,0.433854,0.087100,0.001744,0.522698,15.596021,8.777576,27.718623,0.035856,0.303824,0.001266,27.119659,27.459120
2030,0,0.025085,0.651818,0.081152,0.002117,0.733340,16.649178,7.569232,28.372300,0.070977,0.374324,0.001862,27.486173,27.602348
2031,0,0.019844,0.500859,0.066916,0.002102,0.556734,21.274000,4.578508,28.867627,0.042609,0.300127,0.001571,28.227658,28.556588
2032,0,0.018618,0.496016,0.192570,0.003700,0.688927,22.533066,2.718600,28.995021,0.036940,0.343247,0.001681,28.312416,28.682971
2033,0,0.018207,0.419213,0.069121,0.001594,0.487156,15.632667,9.256859,28.927163,0.039153,0.276265,0.001263,28.367385,28.684066
2034,0,0.020732,0.344717,0.053366,0.002350,0.398324,14.684273,11.230153,29.381304,0.042083,0.195880,0.001069,28.888374,29.049522
2035,0,0.022573,0.541142,0.085223,0.001794,0.627967,13.536750,11.497745,28.170008,0.054119,0.353263,0.001339,27.450022,27.792895
2036,0,0.017493,0.444111,0.060861,0.001869,0.503690,12.788270,12.076627,28.611055,0.035324,0.273391,0.002112,28.013687,28.133373
2037,0,0.020527,0.468647,0.064514,0.001891,0.521851,13.691924,11.642078,29.291072,0.030310,0.323292,0.001535,28.678104,28.777336
2038,0,0.021815,0.570212,0.075568,0.002148,0.642237,14.361490,10.603981,28.484419,0.050528,0.353645,0.000803,27.769148,28.151020
2039,0,0.020624,0.425650,0.109107,0.002054,0.477640,16.663430,7.561103,28.045641,0.046755,0.351528,0.001626,27.290390,27.507199
2040,0,0.020611,0.430811,0.070190,0.001167,0.485637,17.321616,7.627740,29.596882,0.154827,0.351857,0.002018,28.861345,29.117303
2041,0,0.021205,0.538311,0.056067,0.002839,0.594847,17.139783,7.524805,28.318112,0.117103,0.275400,0.001593,27.596495,27.766345
2042,0,0.018383,0.458856,0.076221,0.001725,0.533704,14.153721,11.730234,29.457194,0.038976,0.320218,0.001727,28.867343,29.215791
2043,0,0.021384,0.460257,0.057462,0.001871,0.517322,13.988883,9.632534,27.997580,0.034548,0.301731,0.001859,27.381537,27.470149
2044,0,0.026474,0.619243,0.065619,0.002055,0.682956,15.570580,10.599050,29.232479,0.110178,0.378032,0.001260,28.382542,28.872012
2045,0,0.017464,0.463744,0.057256,0.001440,0.521540,16.401994,8.489316,28.273413,0.034984,0.306105,0.000981,27.663189,27.937361
2046,0,0.018979,0.444954,0.058396,0.001847,0.497502,12.023940,13.551340,29.293515,0.036098,0.292264,0.001194,28.712795,28.974889
2047,0,0.020116,0.478487,0.086235,0.002349,0.548268,14.830645,9.521439,27.708543,0.037027,0.332458,0.001668,27.062748,27.340219
2048,0,0.016201,0.546573,0.079397,0.002229,0.610869,11.616348,13.485445,28.737858,0.049107,0.419130,0.001077,27.996724,28.134204
2049,0,0.021351,0.456623,0.058486,0.002070,0.509997,14.063625,11.496532,29.047023,0.036999,0.294600,0.000936,28.444632,28.691129
2050,0,0.022373,0.540145,0.103672,0.001458,0.644383,16.284220,8.613868,28.246018,0.111124,0.342992,0.001625,27.449753,27.811758
2051,0,0.018843,0.415734,0.071441,0.001602,0.488777,13.317851,12.660680,29.468120,0.035308,0.264918,0.001500,28.904616,29.020084
2052,0,0.017673,0.454291,0.065515,0.002237,0.506102,13.674183,10.753596,27.962114,0.036479,0.248132,0.013426,27.361549,27.447223
2053,0,0.020667,0.500316,0.139365,0.002123,0.641804,15.510409,9.723458,28.844399,0.041766,0.264310,0.001873,28.134886,28.438015
2054,0,0.018137,0.460907,0.104452,0.001321,0.524333,14.502088,10.633460,28.531575,0.044275,0.344810,0.001879,27.869303,28.164442
2055,0,0.021168,0.488870,0.058506,0.002117,0.543272,15.491104,10.736492,29.268621,0.066272,0.328522,0.001259,28.597216,28.875270
2056,0,0.019834,0.476293,0.072062,0.002699,0.546840,11.714384,13.621739,29.152280,0.049041,0.249253,0.001675,28.527256,28.805443
2057,0,0.022847,0.417546,0.075613,0.001667,0.472130,16.869489,7.533807,28.192696,0.086174,0.258456,0.000883,27.572828,27.723172
2058,0,0.021650,0.468664,0.120583,0.002018,0.557931,20.368357,4.483561,28.325711,0.208226,0.426996,0.000933,27.496162,27.733542
2059,0,0.017637,0.439322,0.069697,0.001813,0.502761,17.536408,8.647829,29.437896,0.060598,0.343867,0.001371,28.738862,29.112143
2060,0,0.019580,1.287370,0.062190,0.001813,1.351173,16.361179,8.682223,29.031617,0.045228,0.967670,0.000864,27.584033,28.005989
2061,0,0.020833,0.463464,0.097406,0.003348,0.519077,15.916531,9.579476,28.882598,0.090771,0.327835,0.001536,28.223716,28.341653
2062,0,0.023132,0.474629,0.053791,0.002131,0.527210,16.997328,7.593962,28.659904,0.033306,0.260792,0.001662,28.041829,28.100357
2063,0,0.021817,0.789809,0.073770,0.002051,0.849454,19.995009,4.646746,28.257518,0.078353,0.657963,0.001077,27.110800,27.747186
2064,0,0.020461,0.489807,0.077021,0.002096,0.557940,14.803764,11.622120,29.599113,0.041874,0.359892,0.001783,28.949761,29.290688
2065,0,0.023932,0.473750,0.055073,0.002175,0.529327,17.778107,6.632250,28.437223,0.064776,0.308873,0.001565,27.779315,27.989964
2066,0,0.014435,0.684975,0.075546,0.002065,0.761472,14.575723,10.689758,28.664806,0.074330,0.449349,0.001531,27.770142,28.248567
2067,0,0.021727,0.437141,0.065692,0.001242,0.501692,18.965981,5.700108,28.663828,0.031579,0.276398,0.001188,28.028439,28.285724
2068,0,0.021526,0.514971,0.072642,0.002048,0.586536,18.296895,6.667898,29.106989,0.038597,0.302042,0.001191,28.440552,28.687307
2069,0,0.021971,0.516246,0.065090,0.002295,0.576902,17.636565,7.596575,28.443060,0.136067,0.372508,0.001357,27.679724,28.119843
2070,0,0.019820,0.444675,0.086685,0.005220,0.513488,18.727486,5.730997,28.637781,0.037747,0.289289,0.002187,28.041271,28.278262
2071,0,0.021606,0.417830,0.054371,0.002576,0.472658,14.812631,10.626693,29.451775,0.037762,0.224443,0.001302,28.865604,29.119802
2072,0,0.033823,0.389618,0.056812,0.002796,0.446879,15.253032,8.592821,28.303758,0.042655,0.168123,0.001211,27.750394,27.836300
2073,0,0.021815,0.788438,0.108999,0.002727,0.838155,18.975855,4.834032,27.873424,0.042553,0.702347,0.001725,26.815788,27.047488
2074,0,0.022962,0.538609,0.065155,0.002224,0.603263,17.743156,7.743888,29.501905,0.194299,0.521350,0.000725,28.626185,29.185102
2075,0,0.042420,0.598218,0.188861,0.003369,0.738749,18.404651,6.679522,28.747176,0.057657,0.356777,0.001916,27.923228,28.216887
2076,0,0.016881,0.458479,0.056694,0.001770,0.515020,16.916312,7.619949,28.438490,0.032129,0.272964,0.001222,27.790344,28.091387
2077,0,0.021704,1.306364,0.058691,0.001635,1.365552,14.771697,8.635862,28.752271,0.358142,1.682085,0.001440,26.396784,28.438451
2078,0,0.020586,0.521586,0.072354,0.001226,0.577961,16.987536,7.543799,28.051919,0.111212,0.396615,0.001056,27.271534,27.479420
2079,0,0.019228,0.512444,0.061359,0.001708,0.570085,17.595522,8.601208,29.403481,0.049897,0.328083,0.001851,28.700806,28.964719
2080,0,0.018752,0.443808,0.067926,0.001838,0.509397,14.843679,10.631494,28.766724,0.034199,0.299052,0.001104,28.173451,28.302010
2081,0,0.016671,0.414972,0.061260,0.002352,0.468196,17.686559,7.599443,28.599055,0.043388,0.217133,0.001371,28.046179,28.284399
2082,0,0.014940,0.430973,0.060656,0.002262,0.492712,11.588169,14.556623,29.266928,0.040997,0.278468,0.001374,28.676234,28.939591
2083,0,0.021786,0.471710,0.085752,0.013236,0.549387,13.212046,11.507416,28.326883,0.033149,0.344017,0.001509,27.644510,27.799652
2084,0,0.013644,0.479694,0.072996,0.001950,0.554190,10.863004,14.717248,29.055724,0.034713,0.276101,0.001465,28.392250,28.577237
2085,0,0.022361,0.420270,0.063612,0.002577,0.475033,13.768504,11.639956,28.778700,0.046965,0.271844,0.001191,28.201614,28.330199
2086,0,0.019616,0.459639,0.066167,0.002323,0.525499,12.356841,12.566617,28.421496,0.040199,0.335590,0.000929,27.800578,28.154957
2087,0,0.019511,0.472897,0.093069,0.014663,0.562167,11.895741,13.325635,29.329470,0.100282,0.502232,0.026528,28.466272,29.023345
2088,0,0.018109,0.542688,0.069295,0.002027,0.603916,14.798551,9.724464,28.291770,0.033098,0.424752,0.001152,27.569264,27.710685
2089,0,0.018518,0.438086,0.102167,0.002446,0.516664,14.357780,10.622721,28.672885,0.036816,0.337487,0.001965,28.076268,28.449796
2090,0,0.025259,0.705102,0.094203,0.002574,0.796264,18.287953,5.937186,28.203276,0.061724,0.419518,0.001023,27.292500,27.363924
2091,0,0.015298,0.529204,0.063334,0.002360,0.588854,17.290142,8.603375,29.703858,0.048428,0.383867,0.000836,29.009834,29.210655
2092,0,0.020626,0.459303,0.050705,0.000986,0.510994,12.813438,12.603661,28.927294,0.041860,0.338405,0.001432,28.299182,28.544482
2093,0,0.020457,0.530547,0.135172,0.002408,0.653316,14.014136,11.554326,29.180708,0.039593,0.395664,0.001385,28.432658,28.682864
2094,0,0.017752,0.894323,0.367277,0.001644,1.262005,15.901172,8.788640,28.718625,0.045980,0.712264,0.001438,27.646362,28.398286
2095,0,0.020336,0.413716,0.089465,0.003941,0.483489,14.061281,10.567543,28.371321,0.088618,0.299897,0.000876,27.646588,27.944200
2096,0,0.029499,0.460895,0.056894,0.001292,0.518855,20.522844,4.585225,28.628257,0.070659,0.307524,0.001691,27.958113,28.192832
2097,0,0.017453,0.500815,0.076435,0.002077,0.556640,17.864869,7.576290,28.905955,0.061666,0.302719,0.001402,28.231962,28.555070
2098,0,0.021795,0.514528,0.103861,0.001912,0.581517,15.992080,8.619478,28.275017,0.039301,0.358600,0.001342,27.572540,27.815650
2099,0,0.019321,0.729889,0.069359,0.001847,0.783684,20.221617,3.777533,28.711865,0.041634,0.411876,0.001295,27.792612,28.047341
2100,0,0.018429,0.494151,0.061566,0.001798,0.551828,13.912676,11.525359,29.192271,0.175990,0.420269,0.000951,28.399108,28.878664
2101,0,0.021559,0.551028,0.090765,0.004020,0.645813,19.396310,5.615216,28.839634,0.040297,0.324174,0.001398,28.119024,28.471483
2102,0,0.015387,0.448350,0.056930,0.001217,0.503881,15.031406,10.932965,28.923106,0.044391,0.285248,0.001380,28.340740,28.628981
2103,0,0.023622,0.459289,0.060007,0.001644,0.518575,15.456513,9.523412,28.853481,0.058710,0.250669,0.001246,28.244416,28.436457
2104,0,0.016177,0.398185,0.088993,0.001949,0.486228,15.358133,9.616170,28.254566,0.050920,0.218257,0.001364,27.691409,27.938125
2105,0,0.018908,0.386613,0.059338,0.002212,0.445595,13.916692,11.779603,29.310053,0.034699,0.298989,0.001007,28.732357,29.000572
2106,0,0.023629,0.431235,0.064029,0.001648,0.495182,16.329366,7.485628,27.827400,0.035999,0.222029,0.001363,27.217781,27.339632
2107,0,0.018047,0.514091,0.079924,0.001948,0.595086,19.078230,6.643104,29.294874,0.057556,0.370458,0.002143,28.615443,28.979148
2108,0,0.025773,0.756127,0.055972,0.002190,0.813231,15.896804,9.177296,29.084762,0.036644,0.486771,0.001294,28.171025,28.638011
2109,0,0.018981,0.446553,0.073070,0.001624,0.509023,16.667696,6.555525,27.633466,0.038278,0.303776,0.001616,27.018439,27.179136
2110,0,0.020213,0.579521,0.076324,0.002022,0.642277,11.660992,13.556324,30.220613,0.055725,0.398002,0.001173,29.456217,29.889213
2111,0,0.022813,0.494492,0.058851,0.002405,0.555392,15.256157,8.602242,27.049104,0.035758,0.350378,0.001405,26.381550,26.448561
2112,0,0.021389,0.417751,0.053982,0.001741,0.472546,23.832134,0.814142,28.060884,0.033842,0.285998,0.001268,27.495080,27.631908
2113,0,0.008866,0.616217,0.051002,0.002151,0.668494,19.026786,6.994415,29.633040,0.061239,0.308924,0.001390,28.847278,29.170636
2114,0,0.015945,0.457632,0.062989,0.001936,0.519826,11.396601,14.669061,29.540282,0.034925,0.319585,0.001622,28.958336,29.275578
2115,0,0.021454,0.436757,0.053688,0.001354,0.490227,16.006588,8.614954,27.774562,0.034439,0.293239,0.000761,27.190375,27.391361
2116,0,0.018746,0.401269,0.078394,0.002169,0.451886,13.615372,11.686744,28.873394,0.035577,0.292927,0.000803,28.295471,28.621687
2117,0,0.021586,0.461867,0.067608,0.001686,0.530608,13.275565,12.621628,29.291353,0.039060,0.332421,0.001231,28.690174,28.932552
2118,0,0.019955,0.448964,0.063768,0.002242,0.513364,17.130929,6.498823,28.342324,0.033839,0.248542,0.001668,27.756320,28.031177
2119,0,0.014209,0.503450,0.068106,0.002037,0.573551,14.767470,10.555884,28.573229,0.061087,0.311330,0.001325,27.875213,28.248955
2120,0,0.022644,0.851904,0.072848,0.002517,0.923324,12.116520,13.608852,29.657983,0.051761,0.627686,0.097935,28.606179,28.789854
2121,0,0.017604,0.605797,0.142683,0.004504,0.732681,18.175315,5.621228,27.681388,0.041027,0.363135,0.001115,26.810169,26.882384
2122,0,0.017974,0.936416,0.074115,0.001768,1.009912,12.615321,12.576141,29.939802,0.047264,1.071975,0.000832,28.274124,29.266299
2123,0,0.023217,0.574134,0.068386,0.002605,0.643738,13.106996,11.600599,28.667752,0.091225,0.433617,0.001442,27.878463,28.252636
2124,0,0.020228,0.433575,0.064670,0.001888,0.490587,15.295471,10.642953,29.233254,0.037693,0.286244,0.001250,28.636754,28.779159
2125,0,0.022909,0.486909,0.065280,0.001573,0.553715,14.189901,10.628329,28.619355,0.039437,0.326864,0.001665,27.929283,28.244925
2126,0,0.021570,0.483233,0.153123,0.001725,0.635438,14.915199,10.634091,28.654787,0.037948,0.308034,0.000771,27.937169,28.268713
2127,0,0.021130,0.465340,0.094336,0.001272,0.524083,15.252648,9.533291,28.201553,0.044279,0.335464,0.000997,27.592763,27.898942
2128,0,0.021075,0.562510,0.097559,0.002056,0.639652,17.393658,7.424160,29.201663,0.259931,0.502605,0.000947,28.184979,28.589192
2129,0,0.019027,0.464280,0.079067,0.002340,0.544120,15.695439,9.702092,28.832121,0.106442,0.287463,0.001434,28.117409,28.411480
2130,0,0.016197,0.405303,0.055547,0.003122,0.457939,14.847304,9.633113,28.409708,0.036585,0.250774,0.001855,27.851658,27.901964
2131,0,0.016903,0.444929,0.069144,0.002151,0.511488,13.651589,11.564883,28.910541,0.034208,0.298220,0.001418,28.285365,28.378188
2132,0,0.014541,0.440704,0.094258,0.002231,0.522890,14.236715,11.531484,28.882614,0.048644,0.303656,0.001574,28.214222,28.531175
2133,0,0.021416,0.477680,0.055123,0.002027,0.530712,12.152873,13.606625,29.105249,0.032203,0.326241,0.001778,28.488604,28.717553
2134,0,0.023180,0.449723,0.070468,0.001593,0.508155,13.149912,11.611470,28.343562,0.039871,0.226104,0.001853,27.746552,28.002369
2135,0,0.023795,0.768171,0.351343,0.001935,1.119985,19.372235,4.660929,28.083750,0.147951,0.685683,0.001143,26.739519,27.453285
2136,0,0.017788,0.480684,0.063349,0.002193,0.535012,14.258521,11.533570,29.405340,0.034823,0.304743,0.001415,28.752698,28.971212
2137,0,0.019838,0.443773,0.054871,0.002494,0.499722,15.365975,9.594686,28.430410,0.037858,0.268530,0.002072,27.840203,28.083530
2138,0,0.017913,0.389288,0.103301,0.003499,0.457926,19.482361,5.921887,28.943789,0.058409,0.289840,0.001036,28.359825,28.430002
2139,0,0.017370,0.441026,0.064010,0.001666,0.499746,13.854444,11.572813,29.060489,0.046054,0.328175,0.001396,28.471246,28.846871
2140,0,0.019348,0.470358,0.077839,0.003421,0.548098,16.306667,8.552259,28.405402,0.038853,0.259633,0.001115,27.782680,28.065428
2141,0,0.016706,0.490689,0.093883,0.001851,0.567687,21.665198,2.643242,27.670993,0.046867,0.313195,0.001185,26.989031,27.105458
2142,0,0.018235,0.557881,0.068594,0.002096,0.623493,13.668249,12.572265,29.606478,0.042661,0.393690,0.001441,28.892294,29.143354
2143,0,0.019144,0.437862,0.094446,0.002475,0.532920,14.770660,9.590248,28.089024,0.027475,0.301190,0.000968,27.514294,27.716358
2144,0,0.020262,0.463361,0.066212,0.002254,0.527429,16.982644,7.822786,28.692752,0.031157,0.420663,0.001341,27.983437,28.361828
2145,0,0.020910,0.429425,0.055912,0.025359,0.505189,17.473096,7.589293,28.457133,0.121476,0.293460,0.001256,27.796348,28.024494
2146,0,0.016066,0.379794,0.061279,0.001844,0.441367,13.525481,12.615764,29.348485,0.040324,0.195616,0.000770,28.826837,29.060429
2147,0,0.017003,0.668558,0.145005,0.002627,0.759947,16.406832,8.520623,28.322011,0.057844,0.367991,0.000985,27.433225,27.563596
2148,0,0.018533,0.467436,0.073014,0.002262,0.542335,13.095426,12.592703,29.114019,0.042625,0.341047,0.001412,28.501901,28.781599
2149,0,0.018088,0.522726,0.068292,0.001647,0.588741,13.127574,12.638235,29.527278,0.046047,0.389829,0.001477,28.814984,29.167957
2150,0,0.028956,0.646246,0.066736,0.002001,0.712452,18.618563,5.565563,27.982722,0.054551,0.370959,0.001097,27.147509,27.562331
2151,0,0.019289,0.460265,0.082842,0.002405,0.544421,17.083005,8.122092,28.871703,0.127488,0.412218,0.001372,28.166332,28.508081
2152,0,0.019202,0.451667,0.065886,0.001976,0.519444,20.141740,4.570579,28.302323,0.042777,0.355457,0.001259,27.675443,28.057674
2153,0,0.018228,0.456029,0.107291,0.004744,0.526325,17.486112,8.924383,30.189758,0.062014,0.301423,0.001381,29.528767,29.872079
2154,0,0.019626,0.445094,0.078361,0.002013,0.524126,15.757299,8.633539,28.462811,0.050911,0.303705,0.001279,27.792590,28.121315
2155,0,0.020407,0.488596,0.139967,0.002151,0.629520,16.313718,8.817721,28.890495,0.034018,0.341692,0.001609,28.192999,28.377737
2156,0,0.019938,0.583145,0.094431,0.087896,0.719759,19.250901,4.980229,28.068108,0.277894,0.425830,0.001298,27.034057,27.615852
2157,0,0.027628,0.456644,0.061973,0.002108,0.519950,18.864570,5.593473,28.612071,0.180677,0.424562,0.001275,27.838436,28.053714
2158,0,0.021245,0.447576,0.056052,0.002044,0.502370,18.174946,7.806505,29.439842,0.037181,0.261383,0.001218,28.844356,29.066531
2159,0,0.018416,0.461851,0.077611,0.001623,0.517874,14.440357,10.605329,29.421761,0.292186,0.525924,0.001522,28.518027,28.612198
2160,0,0.020428,0.671629,0.051629,0.001956,0.724067,21.356042,1.534274,26.986966,0.230510,0.655928,0.001962,25.941031,26.285707
2161,0,0.014403,0.444646,0.071180,0.002153,0.503076,20.727657,4.582750,29.081209,0.040719,0.242741,0.001148,28.481637,28.568466
2162,0,0.016700,0.481292,0.074280,0.003742,0.544520,14.474383,11.651713,29.978780,0.047457,0.350743,0.001602,29.251797,29.374261
2163,0,0.020355,0.480702,0.059412,0.002581,0.541343,13.985026,10.574064,28.302360,0.042555,0.330484,0.000920,27.646823,27.702787
2164,0,0.020691,0.488862,0.066421,0.001715,0.555403,16.814983,8.632672,29.046925,0.040820,0.335247,0.001205,28.414982,28.707157
2165,0,0.016693,0.431268,0.070806,0.002259,0.483504,14.003084,11.637560,28.960315,0.043664,0.292156,0.000838,28.398274,28.716442
2166,0,0.017137,0.441310,0.057772,0.001827,0.488518,16.261873,8.675264,28.339682,0.090593,0.360818,0.001136,27.696813,27.919614
2167,0,0.015075,0.438346,0.066972,0.001470,0.506557,15.590708,9.835391,28.555339,0.050063,0.312159,0.003020,27.914702,28.128958
2168,0,0.019037,0.529205,0.091727,0.002327,0.622493,11.714039,14.795594,30.037601,0.075950,0.341294,0.001354,29.319537,29.643376
2169,0,0.029703,0.646841,0.102450,0.002299,0.746648,21.108044,2.781413,27.297847,0.070999,0.451812,0.001020,26.447146,26.944172
2170,0,0.014567,0.575567,0.081540,0.002072,0.659179,16.939493,8.616794,28.966971,0.036609,0.418775,0.001517,28.145892,28.473636
2171,0,0.020469,0.435888,0.063387,0.001972,0.488913,14.965060,9.646782,28.530024,0.043985,0.304573,0.001233,27.932870,28.027612
2172,0,0.019017,0.463995,0.067197,0.001812,0.519293,20.528305,3.529147,27.663608,0.107809,0.408294,0.001329,26.948855,27.118727
2173,0,0.017577,0.716986,0.065174,0.001577,0.780526,16.837242,8.635887,29.538713,0.032331,0.536747,0.001534,28.661381,28.971369
2174,0,0.014732,0.458090,0.065516,0.001303,0.514352,18.499729,6.583287,28.384716,0.104283,0.368173,0.019873,27.718708,28.172581
2175,0,0.018560,0.820651,0.139935,0.002170,0.960958,18.051036,6.616162,28.725505,0.138422,0.804748,0.001505,27.620164,27.967289
2176,0,0.021370,0.445382,0.195133,0.002686,0.512587,15.470494,8.641580,28.771947,0.041339,0.477260,0.002201,27.934979,28.296803
2177,0,0.025214,0.451963,0.058453,0.002097,0.510756,14.297862,10.857106,29.096907,0.046151,0.346556,0.001062,28.451330,28.603809
2178,0,0.022966,0.569498,0.064895,0.001527,0.628755,14.986960,8.486584,28.306983,0.429074,0.718796,0.000858,27.138430,27.730122
2179,0,0.020705,0.495373,0.054854,0.001321,0.550523,16.925133,7.617076,28.914926,0.053406,0.345903,0.001253,28.272400,28.447831
2180,0,0.020600,0.449233,0.059269,0.001041,0.504315,16.771435,8.656136,28.900067,0.036128,0.317613,0.001667,28.308267,28.560040
2181,0,0.016982,0.424067,0.069171,0.002247,0.493838,14.813494,10.573432,28.473268,0.035400,0.224207,0.000962,27.916739,28.162912
2182,0,0.022206,0.485631,0.071359,0.001672,0.558549,14.511352,10.840984,29.239439,0.156196,0.236933,0.001358,28.386809,28.642517
2183,0,0.018567,0.373918,0.089435,0.002895,0.438105,15.656306,9.573379,28.303538,0.045044,0.228012,0.001319,27.771069,27.853468
2184,0,0.021340,0.630579,0.095660,0.001671,0.702099,13.563515,11.659024,29.252382,0.052484,0.448987,0.001088,28.405852,28.720391
2185,0,0.017943,0.449906,0.104433,0.002194,0.537919,16.179817,8.884693,28.854851,0.030850,0.320317,0.018108,28.118191,28.480937
2186,0,0.021169,0.465553,0.064111,0.002256,0.530656,19.437371,7.622616,30.756845,0.035636,0.303365,0.001189,30.136635,30.372718
2187,0,0.019771,0.492083,0.077445,0.002015,0.571105,24.702283,2.606535,30.284748,0.055098,0.354864,0.001260,29.629752,29.933112
2188,0,0.015147,0.785599,0.080181,0.002110,0.866015,13.874311,13.623551,31.042292,0.063097,0.470698,0.001769,30.081808,30.587465
2189,0,0.025403,0.707374,0.178434,0.003069,0.821864,15.961585,10.601072,30.575447,0.079465,0.460938,0.000877,29.523972,30.034113
2190,0,0.020926,0.488233,0.091832,0.001903,0.572914,12.954271,14.532226,30.656518,0.117339,0.327397,0.000618,29.927346,30.207151
2191,0,0.034152,0.622101,0.102765,0.001737,0.719216,22.497297,3.613662,29.867380,0.054380,0.509436,0.001031,28.828111,29.129545
2192,0,0.012451,0.456102,0.097138,0.006473,0.559713,21.689694,5.521846,30.373941,0.037355,0.269392,0.001248,29.769595,30.062330
2193,0,0.012839,0.535757,0.113104,0.005305,0.628079,20.075150,6.899997,30.569921,0.039035,0.423286,0.001334,29.801378,30.001727
2194,0,0.022841,0.560927,0.081236,0.002145,0.637312,12.630529,14.470357,30.449873,0.267306,0.336524,0.001678,29.632101,29.955499
2195,0,0.019880,1.106292,0.100061,0.002190,1.189567,15.581044,9.641986,30.041033,0.078370,0.883502,0.001315,28.648551,29.583542
2196,0,0.015901,0.474741,0.067006,0.001822,0.540570,11.709238,15.652766,31.130440,0.030681,0.359819,0.001243,30.467975,30.515209
2197,0,0.022752,0.509290,0.075498,0.001793,0.581899,18.063180,7.953405,29.673966,0.038195,0.380498,0.001710,29.008180,29.275812
2198,0,0.024167,0.677052,0.114626,0.002764,0.771403,14.313447,12.510967,31.035991,0.058963,0.461604,0.001301,30.096728,30.225894
2199,0,0.028232,0.782985,0.083749,0.023007,0.865005,19.241689,6.575252,29.640527,0.255046,0.612165,0.001293,28.413003,29.166183
2200,0,0.018437,0.451234,0.079504,0.002060,0.531256,17.732851,9.730591,30.733518,0.036029,0.322270,0.000884,30.116992,30.225933
2201,0,0.026699,0.596499,0.172225,0.002716,0.753661,21.377512,5.712415,30.489653,0.074444,0.371049,0.001918,29.709647,30.066724
2202,0,0.011337,0.451724,0.073597,0.002857,0.518565,12.545204,15.519640,31.044972,0.032827,0.330566,0.001561,30.447811,30.736904
2203,0,0.034344,0.467464,0.110831,0.002341,0.551454,12.871312,12.537619,29.637371,0.033270,0.346009,0.000859,28.952659,29.113556
2204,0,0.019813,0.457980,0.066973,0.002043,0.522650,18.838467,7.650581,29.901678,0.047982,0.336070,0.001429,29.294896,29.605715
2205,0,0.021889,0.712517,0.154930,0.002143,0.864311,14.736607,11.536832,30.460071,0.058427,0.523927,0.001416,29.546322,30.034229
2206,0,0.017904,0.473921,0.073390,0.001912,0.534889,25.894809,16.651858,46.500779,0.045346,0.362102,0.000941,45.826660,46.023244
2207,0,0.019478,0.450882,0.110210,0.002467,0.513398,15.221540,10.567012,29.802711,0.044881,0.311728,0.011687,29.118086,29.228501
2208,0,0.020131,0.496823,0.180742,0.003176,0.680741,13.763328,13.637839,30.952428,0.047825,0.367717,0.001560,30.297913,30.637713
2209,0,0.019631,0.472299,0.073028,0.001972,0.543629,26.703896,14.613030,44.834635,0.047606,0.323899,0.001472,44.178533,44.404409
2210,0,0.018195,0.464691,0.057235,0.001497,0.522749,11.319864,15.545963,30.515474,0.039046,0.332366,0.001710,29.882336,29.980705
2211,0,0.024299,0.735077,0.126326,0.003690,0.863168,14.031425,12.560971,30.570396,0.061813,0.517188,0.001842,29.571002,29.983352
2212,0,0.016046,0.455525,0.074865,0.002124,0.517064,26.606888,15.110393,45.948748,0.060956,0.391708,0.001312,45.232175,45.443953
2213,0,0.022574,0.882520,0.157536,0.040460,0.980480,16.068967,10.144377,30.270246,0.334215,1.199604,0.001276,28.733632,29.146386
2214,0,0.023141,0.488323,0.092902,0.001451,0.580236,16.658140,10.890559,31.171490,0.039022,0.348245,0.001261,30.475163,30.810109
2215,0,0.027204,0.507932,0.072407,0.001939,0.577844,15.324245,11.536908,30.334617,0.055537,0.390477,0.001129,29.634485,29.767798
2216,0,0.019072,0.404806,0.062538,0.002106,0.466663,12.000156,14.655699,30.651271,0.035153,0.233442,0.001362,30.093420,30.195271
2217,0,0.018685,0.433895,0.059954,0.002189,0.488105,29.018279,13.625140,46.434262,0.044380,0.266861,0.001612,45.844242,46.122915
2218,0,0.017359,0.485115,0.091646,0.002237,0.557809,15.756954,9.676202,29.472774,0.036443,0.361251,0.001139,28.791271,28.905369
2219,0,0.021352,0.702930,0.079978,0.002190,0.768914,28.751779,12.644832,45.956912,0.045039,0.537001,0.001259,45.106075,45.688900
2220,0,0.024628,1.519005,0.085145,0.001772,1.604734,24.453914,16.722713,46.433707,0.051327,1.324423,0.001162,44.621341,45.503625
2221,0,0.020669,0.446702,0.057279,0.001090,0.504200,14.287133,12.189999,30.323356,0.038384,0.218993,0.001625,29.720125,29.979127
2222,0,0.021138,0.647451,0.065083,0.001549,0.712861,21.961634,3.584845,29.882693,0.304880,0.546441,0.001161,28.946156,29.290001
2223,0,0.020998,0.492419,0.112741,0.003036,0.594807,21.722898,4.813129,30.194763,0.053607,0.276279,0.001314,29.510189,29.815000
2224,0,0.020104,0.477131,0.069186,0.002514,0.538034,24.847926,1.639523,30.754173,0.046648,0.286352,0.001222,30.097464,30.375585
2225,0,0.015369,0.498687,0.070625,0.001642,0.558386,24.218339,2.513392,29.989020,0.041073,0.308219,0.000905,29.322774,29.646077
2226,0,0.011145,0.422530,0.057826,0.001522,0.478939,29.840825,12.911264,46.257270,0.044441,0.299956,0.001371,45.695203,46.023507
2227,0,0.023853,0.484819,0.058239,0.001775,0.537675,18.116757,8.680545,30.460121,0.041364,0.306624,0.001435,29.823253,30.105449
2228,0,0.018803,0.616066,0.081881,0.001857,0.698688,13.427249,12.580459,30.260609,0.043837,0.450157,0.001606,29.453385,29.802033
2229,0,0.021254,0.490848,0.069179,0.002148,0.557740,18.420547,8.630364,30.706138,0.038530,0.334604,0.000972,30.071394,30.394293
2230,0,0.018564,0.696724,0.156361,0.003042,0.778028,19.702596,6.565260,30.609832,0.112954,0.526571,0.001541,29.551247,29.934796
2231,0,0.017971,0.491498,0.077506,0.001877,0.550340,19.021695,6.636884,29.262171,0.179771,0.491440,0.001220,28.433506,28.863147
2232,0,0.069515,0.467543,0.082272,0.002042,0.545402,20.220904,5.653999,29.898042,0.035570,0.349065,0.001738,29.210584,29.375003
2233,0,0.025797,0.472489,0.079295,0.002685,0.537345,16.304191,10.949444,30.845415,0.043510,0.337068,0.001827,30.162867,30.466624
2234,0,0.020252,0.805342,0.057787,0.002518,0.863638,15.927519,10.702807,30.857190,0.035887,0.647229,0.001185,29.880477,29.956559
2235,0,0.021934,0.477195,0.074816,0.002259,0.533355,20.784644,5.646760,29.952223,0.039500,0.340817,0.001140,29.283823,29.561481
2236,0,0.020882,0.501127,0.070287,0.001854,0.571434,20.052204,6.633605,30.425767,0.035665,0.369781,0.000602,29.694299,29.865892
2237,0,0.017473,0.530388,0.069884,0.002242,0.591512,14.504773,12.653411,30.929942,0.034364,0.425114,0.001350,30.180580,30.485887
2238,0,0.023977,0.448117,0.059865,0.001280,0.507518,17.564587,8.952655,30.047392,0.043840,0.307048,0.001411,29.444736,29.772524
2239,0,0.019160,0.451067,0.066846,0.001761,0.517171,13.796373,13.616233,30.450129,0.051846,0.321081,0.001372,29.836234,30.092048
2240,0,0.022603,0.550498,0.058479,0.002288,0.605957,21.415561,5.675683,30.708308,0.047889,0.386836,0.000927,29.986027,30.376161
2241,0,0.013568,0.409464,0.065680,0.001996,0.475359,14.213888,12.624572,30.478802,0.041184,0.251524,0.001336,29.862122,30.011904
2242,0,0.025232,0.523017,0.064892,0.001488,0.589076,17.600162,8.508761,29.745996,0.039212,0.348833,0.000912,29.063123,29.308292
2243,0,0.017647,0.546498,0.067907,0.001566,0.603653,14.528933,12.610255,30.794941,0.059176,0.447416,0.001163,30.086205,30.559602
2244,0,0.020140,0.444490,0.108387,0.001864,0.519695,29.825356,12.619721,46.568447,0.059035,0.319494,0.001835,45.935917,46.070598
2245,0,0.020896,0.496086,0.057573,0.002315,0.553194,21.368810,4.726395,30.834239,0.038678,0.347062,0.001319,30.184311,30.315750
2246,0,0.021612,0.513611,0.074739,0.002365,0.577212,17.613082,8.618129,30.442558,0.050685,0.339678,0.001570,29.751541,29.957339
2247,0,0.020357,0.507815,0.072761,0.002564,0.581433,16.203665,9.584247,30.102597,0.034033,0.485515,0.001343,29.236567,29.526249
2248,0,0.021252,0.621608,0.092107,0.003297,0.710915,13.361034,13.497577,30.861306,0.031633,0.471264,0.001175,30.063782,30.523311
2249,0,0.026204,0.883469,0.075655,0.001698,0.950720,17.455702,7.723999,29.930523,0.061110,0.589420,0.000823,28.842479,29.209150
2250,0,0.018177,0.448825,0.056243,0.001361,0.505865,25.291946,0.832942,30.520308,0.033843,0.319379,0.002336,29.938417,30.293975
2251,0,0.009141,0.526986,0.122872,0.002014,0.591943,25.488047,1.131120,30.305433,0.040698,0.311195,0.001908,29.476743,29.741887
2252,0,0.010924,0.959189,0.058599,0.002390,1.016242,19.843927,7.279592,31.171658,0.432960,1.045665,0.001324,29.707151,30.716463
2253,0,0.018736,0.565004,0.070987,0.001745,0.624563,23.233931,2.648331,30.225394,0.039170,0.447439,0.000642,29.379906,29.855518
2254,0,0.019914,1.553412,0.385141,0.005041,1.943594,19.560602,3.385659,29.545047,0.041658,1.423088,0.001484,27.089133,27.539867
2255,0,0.016095,0.569046,0.119508,0.002769,0.683167,19.666717,6.427380,30.586346,0.079882,0.348352,0.001058,29.744759,30.013087
2256,0,0.018699,0.497999,0.060912,0.002624,0.559022,20.970326,5.711839,31.007618,0.035927,0.340485,0.001846,30.332398,30.483601
2257,0,0.022076,0.497342,0.074342,0.001924,0.568614,20.602242,5.853182,30.699191,0.042871,0.318156,0.001388,30.007457,30.191748
2258,0,0.016718,0.402074,0.050662,0.002650,0.453140,22.321700,3.689817,29.650666,0.062546,0.220150,0.000865,29.070855,29.330977
2259,0,0.014518,0.436593,0.088908,0.002443,0.527272,30.446040,11.713781,46.345183,0.040972,0.284804,0.001852,45.742779,45.890409
2260,0,0.019158,0.498963,0.070100,0.002039,0.567861,18.282941,8.727138,30.213166,0.044035,0.337667,0.001309,29.555561,29.837714
2261,0,0.020618,0.486728,0.060185,0.002022,0.546648,14.601097,11.529262,29.611065,0.043913,0.300031,0.001478,28.971347,29.193086
2262,0,0.020396,0.567338,0.251100,0.001186,0.709429,23.101635,2.658279,29.979858,0.041276,0.381250,0.001689,29.192221,29.457343
2263,0,0.012323,0.459229,0.071261,0.001596,0.519026,15.759288,12.827322,31.638142,0.076117,0.299882,0.001158,31.015661,31.351543
2264,0,0.023513,0.583179,0.056834,0.002384,0.639210,18.373023,8.591930,30.258709,0.051470,0.464839,0.001412,29.532120,30.035536
2265,0,0.020309,0.388555,0.061135,0.001854,0.438819,21.016624,4.303560,29.409483,0.034665,0.239634,0.001758,28.875092,28.960564
2266,0,0.016919,0.613219,0.125532,0.005931,0.744682,23.346712,3.655875,30.920878,0.102193,0.372632,0.001033,30.166653,30.563751
2267,0,0.019626,0.558295,0.079127,0.001945,0.630511,17.410845,9.611056,30.694230,0.207025,0.490104,0.000943,29.857331,30.386735
2268,0,0.017082,0.461099,0.120030,0.022231,0.558203,15.395243,11.625234,30.586516,0.045230,0.327746,0.001094,30.000184,30.358684
2269,0,0.022905,0.543757,0.142389,0.002911,0.687536,17.070231,9.631334,30.554419,0.044096,0.392956,0.001537,29.765282,30.082436
2270,0,0.020684,0.539438,0.077081,0.002172,0.617504,20.370050,4.610813,30.095422,0.061383,0.397617,0.001600,29.339814,29.440649
2271,0,0.017423,0.499521,0.070823,0.002252,0.569410,16.640061,9.580926,30.442395,0.037487,0.346136,0.001583,29.766384,29.937087
2272,0,0.019195,0.447902,0.062935,0.001977,0.509859,17.704158,8.536185,30.435210,0.035644,0.277477,0.001179,29.818526,29.917199
2273,0,0.020002,0.506987,0.082536,0.001950,0.584932,19.076653,7.658292,30.796434,0.084304,0.241585,0.001581,30.050854,30.281356
2274,0,0.024258,0.727164,0.102813,0.003636,0.785450,16.863795,10.689545,31.683748,0.060903,0.428557,0.001248,30.743490,31.066300
2275,0,0.019521,0.468637,0.082049,0.002510,0.551287,16.496986,9.628335,29.848219,0.054929,0.338968,0.001301,29.120628,29.184162
2276,0,0.024358,0.420034,0.117344,0.005683,0.486297,18.413775,7.763086,30.359354,0.047849,0.225992,0.001820,29.745289,29.879881
2277,0,0.019843,0.478441,0.083709,0.002603,0.563603,21.290825,5.699423,30.534064,0.049454,0.344740,0.001266,29.897359,30.282687
2278,0,0.015531,0.479923,0.064214,0.001856,0.544080,16.310901,10.587920,30.368430,0.036131,0.362042,0.001453,29.735747,30.046348
2279,0,0.022445,0.581945,0.056381,0.002564,0.635937,17.765542,8.657482,30.310376,0.046179,0.458319,0.001876,29.542917,29.851683
2280,0,0.020261,0.483088,0.067671,0.002631,0.548632,16.730172,10.167875,30.542101,0.073445,0.325703,0.001541,29.877192,30.233421
2281,0,0.038877,0.417537,0.093483,0.004692,0.503277,16.652805,10.663351,31.271252,0.077084,0.215223,0.001405,30.593378,30.717839
2282,0,0.023058,0.458808,0.056004,0.002096,0.513129,18.534369,7.178255,29.836145,0.037216,0.259547,0.001293,29.225272,29.471847
2283,0,0.020785,0.436312,0.060009,0.001941,0.497341,23.297536,3.760038,30.829460,0.039431,0.236701,0.001652,30.249429,30.505015
2284,0,0.016689,0.444157,0.174967,0.004548,0.603924,20.239715,5.657131,29.911810,0.056832,0.345144,0.001570,29.243511,29.571456
2285,0,0.018302,0.585555,0.067841,0.001674,0.643463,17.557403,8.910911,30.384940,0.039277,0.444924,0.001718,29.646132,29.868580
2286,0,0.019444,0.468337,0.058508,0.002591,0.527735,19.711596,7.692899,31.145160,0.039148,0.291195,0.001634,30.525289,30.805687
2287,0,0.020857,0.516447,0.085033,0.002526,0.592690,20.205980,5.783807,29.840996,0.038945,0.287728,0.001273,29.150393,29.371864
2288,0,0.015347,0.451104,0.075775,0.001505,0.516057,19.954025,6.593527,30.636319,0.028533,0.295310,0.001405,30.020539,30.137138
2289,0,0.020651,0.435536,0.071325,0.002845,0.496020,19.136387,7.788957,30.606568,0.073229,0.277350,0.001437,29.960850,30.254732
2290,0,0.041086,0.616271,0.080163,0.002547,0.694654,27.079750,16.056440,46.440055,0.048353,0.415597,0.001174,45.649737,45.984546
2291,0,0.025827,0.520555,0.080065,0.001454,0.601047,19.803663,5.582536,29.129229,0.042464,0.314129,0.001783,28.439561,28.685738
2292,0,0.017349,0.488253,0.070859,0.002474,0.550244,24.959632,1.575301,29.494375,0.051579,0.308691,0.001755,28.831762,29.102903
2293,0,0.014752,0.466659,0.056813,0.002783,0.523712,26.528387,15.586307,46.414606,0.034990,0.342089,0.001682,45.792450,45.968295
2294,0,0.018316,0.497487,0.073447,0.002121,0.569342,13.184569,14.651484,30.819384,0.068901,0.368197,0.001206,30.119827,30.378731
2295,0,0.023403,0.566114,0.089780,0.001652,0.657401,12.154544,14.598750,30.484384,0.039438,0.442037,0.001553,29.724923,29.875960
2296,0,0.019061,0.857292,0.107887,0.003251,0.956478,21.622455,3.030187,29.608429,0.032891,0.718277,0.001303,28.525033,28.916904
2297,0,0.014189,0.484929,0.077235,0.002130,0.549155,13.537901,13.709177,30.830404,0.077359,0.306601,0.001306,30.124856,30.338281
2298,0,0.021776,0.473614,0.063869,0.001903,0.538065,13.239610,13.663381,30.275793,0.041214,0.350080,0.001210,29.617813,29.897655
2299,0,0.025023,0.439295,0.090382,0.002175,0.505485,18.550770,7.677651,30.460958,0.032394,0.307156,0.001381,29.830790,29.925898
2300,0,0.014176,0.847558,0.073411,0.001468,0.906254,24.829800,1.568641,30.144170,0.038570,0.603207,0.001695,29.137469,29.654495
2301,0,0.013864,0.477209,0.084597,0.002505,0.562766,22.668787,3.583209,30.928487,0.036730,0.361239,0.001066,30.284608,30.476298
2302,0,0.022345,0.501422,0.152737,0.004831,0.647918,18.855697,7.613693,30.593457,0.037559,0.370127,0.001509,29.804964,29.861385
2303,0,0.013941,0.439033,0.064032,0.002132,0.500659,14.334130,12.606337,30.608559,0.044401,0.322370,0.001121,29.962226,30.264655
2304,0,0.020338,0.474605,0.066939,0.002336,0.537489,16.790160,10.985425,31.598418,0.033261,0.311294,0.001315,30.959200,31.093257
2305,0,0.023809,0.506015,0.131254,0.002830,0.604579,22.538385,3.601157,30.058282,0.050258,0.429505,0.001586,29.304111,29.765335
2306,0,0.016258,0.443184,0.055095,0.002376,0.498832,16.163676,11.052715,30.880980,0.034247,0.262621,0.001550,30.271967,30.500382
2307,0,0.023882,0.464772,0.059095,0.002658,0.523859,20.082460,5.638408,29.825105,0.038926,0.293242,0.001606,29.218802,29.470862
2308,0,0.016328,0.402193,0.343214,0.003705,0.687090,18.265820,8.683940,30.487336,0.043283,0.223635,0.001589,29.801697,29.900876
2309,0,0.019510,0.452530,0.059531,0.002607,0.512204,20.559186,6.600824,30.871379,0.152472,0.316982,0.001299,30.150967,30.492935
2310,0,0.013486,0.480411,0.085592,0.002589,0.565875,17.970113,7.834124,29.884663,0.038149,0.293544,0.001049,29.184602,29.345389
2311,0,0.023412,0.465750,0.061328,0.002227,0.516709,23.373094,3.773914,30.565123,0.042358,0.269187,0.000980,29.938578,30.209070
2312,0,0.016054,0.588135,0.097346,0.002625,0.682388,20.419498,6.717662,30.692552,0.079574,0.452084,0.001360,29.862597,30.302305
2313,0,0.017778,0.409251,0.054794,0.002614,0.462788,17.532043,9.721724,30.886647,0.045948,0.219434,0.001048,30.303431,30.515101
2314,0,0.022544,0.461277,0.095234,0.001626,0.536491,13.431254,12.720163,29.867512,0.272893,0.410312,0.001580,29.130575,29.410456
2315,0,0.020048,0.491622,0.065900,0.002120,0.555123,17.086708,9.565880,30.638961,0.055402,0.369410,0.001496,29.948560,30.225111
2316,0,0.021603,0.446633,0.059984,0.002161,0.505379,16.198875,9.834569,30.098109,0.032652,0.359497,0.000862,29.463981,29.522134
2317,0,0.016028,0.523610,0.071115,0.001697,0.589517,25.840656,16.631704,46.514233,0.041611,0.432497,0.001385,45.777646,46.238564
2318,0,0.033173,0.546172,0.080810,0.002365,0.603346,24.025840,1.651328,29.806613,0.068086,0.219117,0.001560,29.058815,29.150140
2319,0,0.011905,0.493047,0.058532,0.002629,0.550413,25.602453,1.558146,30.210679,0.065175,0.386233,0.000759,29.546763,29.741550
2320,0,0.015629,0.409138,0.067650,0.002526,0.475084,17.731643,9.527397,30.700008,0.034422,0.282529,0.001237,30.135150,30.251000
2321,0,0.018831,0.423206,0.064447,0.001856,0.487638,28.795531,13.737973,45.608766,0.046221,0.250170,0.037347,45.023762,45.279538
2322,0,0.026635,0.511817,0.077892,0.002582,0.582561,17.768366,7.637466,29.346191,0.054716,0.457028,0.002050,28.384392,28.799864
2323,0,0.020775,0.508837,0.063045,0.001774,0.572087,18.951996,8.709814,31.259785,0.075292,0.434732,0.001209,30.565778,31.023566
2324,0,0.022192,0.675226,0.070193,0.012119,0.735973,17.981737,7.800328,30.113526,0.048211,0.518898,0.001386,29.245090,29.304858
2325,0,0.021296,0.471312,0.130274,0.003739,0.583700,17.474123,8.591147,30.547553,0.052810,0.345340,0.001294,29.893924,30.267621
2326,0,0.016006,0.469294,0.072125,0.001943,0.540937,24.341777,1.762935,29.560906,0.035298,0.349547,0.001613,28.935585,29.191969
2327,0,0.014416,0.495882,0.101966,0.001939,0.569859,23.458629,3.663702,31.137233,0.047018,0.320724,0.001750,30.466547,30.728888
2328,0,0.021318,0.532798,0.083068,0.002576,0.617021,17.300969,8.673444,30.180223,0.049273,0.367843,0.001800,29.437112,29.689939
2329,0,0.020027,0.413564,0.083540,0.001816,0.497978,22.977271,3.619263,30.390963,0.038646,0.216486,0.001411,29.835452,30.082956
2330,0,0.015209,0.618873,0.065257,0.001763,0.663756,17.046310,10.649007,31.317798,0.256923,0.663367,0.001340,30.306802,31.007452
2331,0,0.023844,0.478441,0.071883,0.001953,0.545932,26.936854,15.657634,45.996677,0.040669,0.293182,0.000773,45.322656,45.584961
2332,0,0.020790,0.496695,0.149764,0.001787,0.621922,16.383092,10.564720,30.097972,0.046182,0.313833,0.001689,29.374049,29.712034
2333,0,0.016033,0.481354,0.078225,0.002050,0.543801,16.325954,10.815089,30.029570,0.037558,0.367806,0.001188,29.402951,29.807163
2334,0,0.028242,0.637785,0.140816,0.003188,0.780983,15.270279,12.636298,31.583100,0.061898,0.413774,0.000950,30.753843,31.187900
2335,0,0.023068,0.520954,0.069641,0.001879,0.585456,24.783535,0.892832,29.553697,0.043274,0.380665,0.001696,28.861664,29.092962
2336,0,0.008857,0.434067,0.085385,0.002448,0.491065,13.711059,13.713598,31.331452,0.049079,0.289780,0.001536,30.714923,30.829481
2337,0,0.024917,0.481451,0.104696,0.002188,0.588320,29.517753,12.707803,45.611579,0.041092,0.300038,0.001120,45.007262,45.345669
2338,0,0.024195,0.473589,0.068767,0.002006,0.542881,25.042318,1.660853,30.468243,0.046465,0.333932,0.001793,29.830710,30.141035
2339,0,0.016878,0.493185,0.064790,0.001509,0.551567,18.554980,7.651955,30.594175,0.047770,0.367771,0.001190,29.931862,30.145088
2340,0,0.021107,0.916026,0.059261,0.002046,0.975711,22.426818,3.607476,30.274463,0.061666,0.855039,0.001709,29.027492,29.900966
2341,0,0.016814,0.732305,0.081130,0.002377,0.811225,22.278157,2.642099,30.484814,0.054834,0.388988,0.001378,29.536873,29.590346
2342,0,0.015918,0.495177,0.065634,0.002474,0.562299,24.765576,1.659122,29.939573,0.036275,0.380766,0.001330,29.271241,29.540791
2343,0,0.015947,0.864306,0.100558,0.002438,0.929191,21.098563,4.751350,31.163306,0.057209,0.624890,0.001508,29.997239,30.140576
2344,0,0.023838,0.444768,0.075702,0.001468,0.520177,18.934881,6.706697,30.361247,0.052228,0.222346,0.001511,29.733489,29.855504
2345,0,0.027276,0.419302,0.064860,0.003186,0.485486,22.585077,4.584673,30.687463,0.060832,0.273840,0.001115,30.022352,30.269524
2346,0,0.015585,0.645654,0.219799,0.005493,0.697649,18.827594,7.611555,30.391921,0.657558,0.839382,0.001044,29.139951,30.088133
2347,0,0.022385,0.475954,0.077034,0.002743,0.527710,25.054936,0.648069,29.985724,0.048170,0.312622,0.001624,29.318544,29.618261
2348,0,0.009727,0.594436,0.076064,0.002285,0.654053,22.124638,4.606799,30.460367,0.041417,0.383907,0.002381,29.695167,30.110311
2349,0,0.019708,0.833024,0.062713,0.001132,0.891608,25.792538,16.621923,46.769721,0.067804,0.602831,0.003407,45.748369,46.422411
2350,0,0.023225,0.416917,0.059163,0.001397,0.476576,17.961073,7.037876,29.740945,0.034234,0.225254,0.002140,29.172134,29.295671
2351,0,0.018940,0.504349,0.059076,0.021137,0.559462,17.657082,8.616113,29.945415,0.110201,0.417176,0.014094,29.209948,29.508836
2352,0,0.019820,0.540702,0.064344,0.001722,0.606574,23.039783,2.790540,30.044218,0.098387,0.537548,0.001329,29.177041,29.740516
2353,0,0.017926,0.462292,0.058585,0.001852,0.521157,19.323264,6.701209,30.490118,0.037913,0.284839,0.001155,29.860961,29.907579
2354,0,0.018377,0.470904,0.161553,0.001350,0.594957,19.056818,7.725489,30.607492,0.039981,0.345823,0.001182,29.971163,30.104968
2355,0,0.022765,0.469890,0.073817,0.001514,0.542687,20.469654,3.700779,30.006007,0.044487,0.331082,0.002585,29.352676,29.540968
2356,0,0.017174,0.470898,0.060942,0.001950,0.532159,23.363937,2.587451,30.039473,0.046027,0.298748,0.002089,29.419869,29.751759
2357,0,0.014521,0.557809,0.122964,0.003611,0.634372,18.959579,7.902728,31.396706,0.060319,0.374039,0.001189,30.497636,30.752133
2358,0,0.020738,0.445724,0.104931,0.001437,0.532899,19.350833,7.747637,30.584430,0.046808,0.299492,0.001189,29.962141,30.238211
2359,0,0.018819,0.395562,0.092203,0.001468,0.488458,15.722758,10.605283,30.496368,0.047085,0.278586,0.001552,29.927704,30.045711
2360,0,0.016733,0.486970,0.075014,0.002366,0.544611,18.961759,6.676732,29.870839,0.034347,0.338195,0.001451,29.178862,29.394670
2361,0,0.018816,0.458170,0.061861,0.001617,0.515995,20.275653,6.875317,30.782772,0.048916,0.315558,0.001322,30.144283,30.277529
2362,0,0.019998,0.444661,0.092153,0.002088,0.537463,19.635072,6.821731,30.404958,0.052752,0.220555,0.001631,29.784956,30.034816
2363,0,0.018324,0.792095,0.120635,0.002641,0.836248,21.786292,3.656372,29.768356,0.130334,0.610882,0.000933,28.708015,29.129819
2364,0,0.016999,0.456651,0.065448,0.002746,0.509847,21.204657,7.680553,32.106761,0.042878,0.325942,0.001229,31.490975,31.741039
2365,0,0.022523,0.434480,0.163309,0.001782,0.587006,18.418532,7.680102,30.229862,0.048274,0.311261,0.001399,29.625047,29.767245
2366,0,0.016283,1.223652,0.072333,0.001627,1.277163,23.876318,1.773846,30.157654,0.285313,1.312069,0.001710,28.529537,29.865483
2367,0,0.014690,0.548005,0.091811,0.002299,0.609175,22.506109,3.971540,30.550826,0.083429,0.490458,0.000704,29.664286,30.178270
2368,0,0.019030,0.506223,0.071049,0.002012,0.578659,17.603285,9.807760,31.212288,0.031824,0.333787,0.002360,30.543837,30.755862
2369,0,0.019941,0.416554,0.058385,0.001589,0.473103,15.634875,11.146818,29.921387,0.038331,0.276036,0.001143,29.378207,29.681476
2370,0,0.020522,0.429990,0.066235,0.002340,0.494365,22.100902,4.555261,30.035436,0.118880,0.259301,0.001152,29.380547,29.725556
2371,0,0.021107,0.479020,0.069456,0.001446,0.535387,19.390274,7.643518,30.869775,0.051306,0.314049,0.001337,30.213224,30.497215
2372,0,0.020627,0.571051,0.151922,0.004035,0.712214,21.114156,5.695687,30.539112,0.035921,0.392381,0.001769,29.740929,30.155097
2373,0,0.020506,0.471468,0.074282,0.003607,0.546846,27.457599,14.920860,46.248802,0.056729,0.305563,0.001349,45.595373,45.732146
2374,0,0.020430,0.568676,0.287899,0.002967,0.725246,20.941549,4.722973,29.449571,0.049215,0.406674,0.002143,28.704039,29.119102
2375,0,0.017803,0.476907,0.173669,0.002019,0.652249,23.152870,3.686414,30.778494,0.086629,0.346722,0.001335,29.977995,30.293037
2376,0,0.018075,0.520024,0.099003,0.002677,0.589686,24.258368,2.338611,30.339646,0.038266,0.432289,0.001348,29.441651,29.839738
2377,0,0.016297,0.484932,0.073772,0.001636,0.549917,22.788961,4.240541,30.554183,0.138929,0.357364,0.001698,29.778740,30.085921
2378,0,0.016889,0.583156,0.067230,0.001747,0.651053,22.777899,3.689740,30.037940,0.036310,0.474264,0.001223,29.236728,29.637914
2379,0,0.018588,1.589966,0.060346,0.002215,1.651619,19.815452,4.886121,30.759027,0.159327,1.807343,0.001160,28.555144,29.729689
2380,0,0.022136,0.529007,0.064692,0.002317,0.595181,21.998599,3.650892,30.339441,0.049453,0.308297,0.001982,29.641731,29.870527
2381,0,0.016354,0.434281,0.059661,0.002481,0.493879,16.184864,12.039035,31.131504,0.037125,0.218827,0.001411,30.546205,30.720654
2382,0,0.038978,0.550158,0.075955,0.002044,0.613701,18.205900,6.544416,28.652283,0.081455,0.336166,0.001086,27.922936,28.311826
2383,0,0.018087,0.484530,0.095486,0.003148,0.540232,16.532552,10.657338,30.718358,0.047312,0.364568,0.001414,30.036547,30.238133
2384,0,0.022349,0.658307,0.115267,0.002378,0.774093,17.069734,10.635326,31.102815,0.037004,0.455953,0.001502,30.285185,30.628461
2385,0,0.022031,0.553169,0.059387,0.006646,0.597860,20.143538,5.918414,30.003716,0.115248,0.420398,0.001230,29.188807,29.686352
2386,0,0.018160,0.465770,0.057128,0.001561,0.520694,21.429258,5.653609,30.664387,0.038841,0.309189,0.001197,30.064341,30.356572
2387,0,0.020221,0.477237,0.081129,0.002432,0.540286,18.463497,7.454541,30.184672,0.066448,0.289082,0.001548,29.556136,29.833475
2388,0,0.020205,0.456701,0.082566,0.002010,0.540977,23.474524,2.807599,30.649045,0.055146,0.324186,0.001163,29.872056,30.068241
2389,0,0.016025,0.392093,0.076903,0.002485,0.445415,27.135378,14.728695,45.917001,0.056588,0.213652,0.001704,45.339141,45.589578
2390,0,0.030985,0.497303,0.056615,0.002144,0.554164,23.964683,1.973122,29.618121,0.082134,0.281642,0.001257,28.921596,29.223660
2391,0,0.011036,0.485431,0.066434,0.002131,0.548480,28.305302,14.031637,46.386326,0.048849,0.310603,0.001951,45.719037,45.923056
2392,0,0.020464,0.455524,0.086629,0.002409,0.539384,19.060362,7.649366,29.986294,0.036245,0.294884,0.001155,29.374083,29.668828
2393,0,0.021913,0.517797,0.212216,0.002149,0.666886,22.200886,3.756628,31.680792,0.059971,0.509101,0.001641,30.504319,30.794617
2394,0,0.014710,0.686131,0.089691,0.002004,0.747099,20.741347,5.387693,30.251335,0.051934,0.523394,0.001328,29.374603,29.936804
2395,0,0.019766,3.060616,0.062291,0.001543,3.117144,19.748470,4.721415,30.948749,0.039463,2.865273,0.001347,27.620064,27.916580
2396,0,0.021978,0.477106,0.063669,0.001759,0.540135,16.761262,9.659270,30.020867,0.054332,0.340339,0.001992,29.375309,29.665906
2397,0,0.020593,0.432110,0.069009,0.002455,0.499994,23.946651,2.624391,30.077441,0.092753,0.276328,0.001455,29.435366,29.768821
2398,0,0.016166,0.426711,0.066759,0.001891,0.490805,19.479397,8.633031,31.259246,0.037172,0.242989,0.001600,30.675481,30.935204
2399,0,0.024595,0.507003,0.085840,0.001820,0.583229,19.666552,6.580629,30.516970,0.065049,0.333991,0.001592,29.769318,29.967222
2400,0,0.016599,0.462346,0.087462,0.002005,0.550404,20.781804,5.926734,29.911113,0.090986,0.324880,0.001913,29.222147,29.576136
2401,0,0.018786,0.453375,0.073144,0.001697,0.524262,28.996631,13.292174,46.402666,0.038214,0.295589,0.001680,45.752640,45.805445
2402,0,0.021312,0.519982,0.068760,0.002029,0.587733,19.810465,6.092548,29.466780,0.046396,0.344081,0.001771,28.810862,29.138912
2403,0,0.017920,0.499108,0.101330,0.002380,0.598845,17.182201,9.596813,30.975570,0.043327,0.376043,0.000957,30.221783,30.453599
2404,0,0.017885,0.426717,0.057440,0.002221,0.484641,30.199465,12.731851,46.248515,0.049671,0.304298,0.001350,45.665220,45.920714
2405,0,0.021151,0.489979,0.077958,0.002184,0.568666,14.352621,11.638038,29.844848,0.037635,0.360298,0.001392,29.203791,29.527676
2406,0,0.020283,0.482411,0.109098,0.001961,0.582775,21.655973,4.799094,30.675178,0.036360,0.309061,0.001605,29.976305,30.033062
2407,0,0.019955,0.597898,0.132946,0.002503,0.718140,19.863998,5.697628,30.016317,0.054440,0.391599,0.001944,29.233063,29.663991
2408,0,0.015246,0.450432,0.057109,0.001924,0.506032,15.164146,11.621654,30.747055,0.034627,0.285568,0.001229,30.154294,30.376548
2409,0,0.018137,0.438664,0.118239,0.002182,0.522155,18.579923,7.903136,30.132339,0.050428,0.361634,0.001377,29.397743,29.694028
2410,0,0.015969,0.425978,0.073719,0.001756,0.492945,31.703450,11.521239,46.610523,0.037776,0.269235,0.001181,46.046029,46.342426
2411,0,0.021979,0.515592,0.093639,0.002555,0.611335,14.354917,10.636188,28.935295,0.061043,0.290628,0.001029,28.214735,28.391411
2412,0,0.014808,0.446106,0.068269,0.002970,0.502629,16.164088,10.648211,30.774077,0.040318,0.266325,0.001037,30.161291,30.394360
2413,0,0.021338,0.483020,0.060935,0.002208,0.536522,17.534333,8.583835,30.392390,0.056731,0.388681,0.001336,29.703512,29.923183
2414,0,0.020694,2.301084,0.088667,0.002370,2.382262,21.582311,1.019658,29.623796,0.076239,2.178562,0.000915,27.109080,29.316219
2415,0,0.008308,0.477245,0.063033,0.001995,0.535843,19.144351,8.622873,31.635276,0.041249,0.299193,0.001060,30.962473,31.131739
2416,0,0.018439,0.451671,0.056574,0.002208,0.505337,16.707822,9.986410,30.226851,0.041468,0.279042,0.001442,29.623567,29.856374
2417,0,0.020830,0.452197,0.110115,0.002205,0.525885,18.882460,7.704776,29.888755,0.038249,0.299949,0.001333,29.248535,29.383003
2418,0,0.018211,0.533723,0.068295,0.002196,0.590686,22.475544,4.810200,30.832902,0.035476,0.383256,0.001231,30.159758,30.578582
2419,0,0.012681,0.433641,0.077062,0.002333,0.511284,16.922531,10.733689,30.557240,0.041420,0.266145,0.000971,29.974311,30.227353
2420,0,0.020142,0.441268,0.065558,0.001690,0.504474,30.390935,11.686199,45.503328,0.033935,0.314861,0.001361,44.913472,45.190492
2421,0,0.022201,0.469877,0.058786,0.001691,0.527953,24.872550,15.782398,46.418118,0.039328,0.316889,0.002117,45.787700,45.937068
2422,0,0.022796,0.453650,0.063095,0.001990,0.509984,24.238237,2.610003,30.580966,0.033070,0.326826,0.001302,29.961681,30.222247
2423,0,0.019805,0.470490,0.105543,0.002380,0.574369,21.934249,4.762118,30.588601,0.040666,0.347237,0.000920,29.851614,30.142606
2424,0,0.082697,0.507282,0.164193,0.003903,0.573556,22.056128,4.689741,30.171944,0.037636,0.292798,0.001051,29.526436,29.849290
2425,0,0.022772,0.868532,0.065766,0.002518,0.935452,22.442112,3.723410,30.864108,0.047713,0.658023,0.001771,29.745703,30.175143
2426,0,0.015080,0.545223,0.133165,0.004366,0.679172,35.238515,6.625545,45.713543,0.096170,0.294742,0.000985,44.930777,45.145026
2427,0,0.020205,0.447504,0.063243,0.001751,0.508567,19.006699,7.731714,30.045299,0.039302,0.311347,0.001290,29.417450,29.617554
2428,0,0.020815,0.924351,0.070585,0.002664,0.997600,17.299305,9.650889,30.913574,0.048792,0.864235,0.001677,29.622646,30.022450
2429,0,0.015675,0.658846,0.079895,0.002166,0.733357,19.697139,6.697878,30.250630,0.046550,0.402312,0.001091,29.409220,29.765397
2430,0,0.019813,0.472512,0.056162,0.001400,0.529059,30.107475,12.657276,45.922471,0.035556,0.318402,0.001286,45.295464,45.558260
2431,0,0.020068,0.452400,0.060057,0.002027,0.512934,24.348618,1.716107,30.533701,0.459485,0.580422,0.001171,29.546877,30.104126
2432,0,0.012420,0.479329,0.068733,0.001935,0.546940,19.180273,7.616034,30.457682,0.039984,0.327692,0.001703,29.824878,30.122056
2433,0,0.017324,0.459790,0.066930,0.002119,0.528328,23.132543,2.595342,29.847314,0.034053,0.274799,0.001591,29.167393,29.383869
2434,0,0.047218,0.487126,0.073617,0.002636,0.556616,23.185601,3.742699,30.409175,0.031396,0.392560,0.001193,29.693185,29.847104
2435,0,0.021321,0.554583,0.067898,0.001728,0.623118,14.665976,12.759412,31.213657,0.039048,0.440400,0.001346,30.383342,30.491357
2436,0,0.020042,0.481479,0.061726,0.001815,0.540068,28.138570,12.878066,45.242815,0.033970,0.326135,0.001369,44.569520,44.620400
2437,0,0.024584,0.701956,0.058767,0.002085,0.738576,17.929371,8.572534,30.252304,0.049787,0.683999,0.001220,29.229645,29.589814
2438,0,0.018688,0.414122,0.087371,0.001443,0.488962,25.665783,0.683393,29.977263,0.044483,0.255315,0.001776,29.411469,29.668348
2439,0,0.008910,0.493939,0.073299,0.002287,0.568375,18.903237,8.062237,30.954988,0.050876,0.342022,0.001700,30.280234,30.486264
2440,0,0.014780,0.507457,0.064957,0.001793,0.574207,13.868429,12.551353,30.038358,0.041608,0.333688,0.001507,29.380269,29.717683
2441,0,0.024295,0.441925,0.064080,0.002219,0.495814,16.129076,10.636124,30.568623,0.036114,0.300191,0.001557,29.960344,30.008609
2442,0,0.021527,0.541565,0.059000,0.002390,0.595977,21.291034,5.528027,30.444857,0.037368,0.373702,0.001072,29.753123,30.075201
2443,0,0.013885,0.450415,0.071302,0.002190,0.510670,17.190384,9.545166,30.352335,0.037364,0.325937,0.001633,29.747830,30.112764
2444,0,0.029344,0.734501,0.095472,0.002574,0.808719,20.296400,5.609727,30.512251,0.115191,0.644495,0.000766,29.427531,29.799658
2445,0,0.021555,0.505939,0.074284,0.002582,0.578924,27.728716,14.834541,46.029485,0.064441,0.401495,0.001106,45.330696,45.631339
2446,0,0.017874,0.534908,0.084201,0.002179,0.617153,20.018998,5.993856,29.649645,0.117137,0.419607,0.001187,28.901602,29.133512
2447,0,0.015922,0.482916,0.092037,0.002277,0.573835,19.478182,7.947618,30.621949,0.052194,0.454145,0.001407,29.873312,30.370776
2448,0,0.014638,0.467345,0.055640,0.001550,0.524501,22.848051,3.691409,30.022528,0.052273,0.300894,0.000957,29.425541,29.712332
2449,0,0.015936,0.460409,0.074685,0.002210,0.532978,24.963502,1.536725,30.201390,0.037581,0.331055,0.001183,29.597170,29.820040
2450,0,0.010798,0.467077,0.053783,0.002229,0.521971,24.606308,2.888595,30.419764,0.039864,0.357786,0.001810,29.819967,30.205955
2451,0,0.013972,0.651757,0.072171,0.002860,0.723017,21.583197,5.639364,30.886814,0.046467,0.585026,0.001577,30.007489,30.617081
2452,0,0.015188,0.336355,0.060697,0.002488,0.389812,14.279261,13.610854,31.751022,0.031191,0.178712,0.001586,31.271424,31.323742
2453,0,0.019818,0.582466,0.070358,0.001828,0.644901,22.989355,2.579736,29.665510,0.040350,0.444797,0.001459,28.892186,29.028633
2454,0,0.017300,0.527339,0.058150,0.001845,0.586296,29.796163,12.768873,46.638856,0.049900,0.378710,0.001892,45.947566,46.314572
2455,0,0.020827,0.491811,0.071373,0.002214,0.564680,18.443032,7.911234,30.209464,0.035681,0.379159,0.001365,29.548240,29.655705
2456,0,0.018588,0.428806,0.067536,0.002520,0.484642,17.965892,9.677170,31.022139,0.033697,0.286304,0.001681,30.473221,30.792244
2457,0,0.022397,0.507490,0.069843,0.001758,0.579062,15.128107,11.635359,30.512867,0.049248,0.344871,0.001302,29.847160,30.199669
2458,0,0.018540,0.472176,0.069407,0.001579,0.533450,20.497521,5.652793,29.619530,0.040995,0.285443,0.001768,28.980675,29.128175
2459,0,0.021019,0.612475,0.059165,0.001526,0.665860,27.757376,14.629187,46.144159,0.050098,0.466589,0.001577,45.347456,45.795769
2460,0,0.040987,0.725234,0.073355,0.003126,0.799444,21.976409,4.019198,29.938230,0.063018,0.437884,0.001704,29.026918,29.429407
2461,0,0.014335,0.477931,0.102951,0.002023,0.582743,27.864760,14.644353,46.460896,0.085421,0.350804,0.001757,45.786554,46.142097
2462,0,0.025040,0.562696,0.074330,0.001539,0.626186,19.097708,6.605338,29.782235,0.195337,0.438188,0.001593,28.886139,29.211057
2463,0,0.023770,0.682743,0.060653,0.001358,0.743672,19.542207,5.541711,30.417221,0.822066,1.731783,0.001405,28.248801,28.647029
2464,0,0.022517,0.520266,0.080400,0.002027,0.598659,27.009869,15.938949,46.278160,0.049108,0.350257,0.001209,45.574082,45.952598
2465,0,0.025230,0.535909,0.067912,0.002033,0.603337,22.267844,2.831410,29.845850,0.055582,0.209203,0.001673,29.167361,29.218766
2466,0,0.017061,0.778958,0.243176,0.003620,0.857739,42.596299,13.725931,68.086008,0.040038,0.552063,0.001031,67.048306,67.507709
2467,0,0.040868,1.720960,0.186945,0.002085,1.786904,25.058453,12.756962,65.659279,13.124592,21.588336,0.002423,41.964515,61.024895
2468,0,0.024888,0.637681,0.071627,0.002329,0.704854,26.275460,15.810595,45.562322,0.072187,0.322421,0.001646,44.707008,45.069944
2469,0,0.022663,0.334373,0.090827,0.002427,0.397683,29.070666,10.617324,46.023146,0.308090,0.618728,0.001292,45.025537,45.329180
2470,0,0.021397,0.485571,0.069510,0.002046,0.553753,22.871781,2.814194,29.523234,0.048914,0.324706,0.001283,28.871142,29.162365
2471,0,0.019623,0.466000,0.087361,0.002818,0.527467,26.330506,1.482369,31.010422,0.049900,0.345765,0.001604,30.301895,30.686845
2472,0,0.014261,0.524910,0.066299,0.001975,0.590865,22.772383,3.097793,29.692350,0.041848,0.414785,0.001784,28.975798,29.322695
2473,0,0.016111,0.505312,0.065693,0.002268,0.571882,35.476335,6.983207,45.894813,0.076900,0.343863,0.001346,45.173290,45.547749
2474,0,0.023848,0.507264,0.056470,0.001608,0.563572,23.084872,2.906717,30.236323,0.041473,0.342622,0.053963,29.581356,29.930184
2475,0,0.019709,0.569641,0.065791,0.001789,0.633893,30.774708,11.162849,46.417150,0.081249,0.242496,0.001706,45.642282,45.870005
2476,0,0.023843,0.901596,0.143142,0.003146,1.009871,25.644955,15.649666,46.790022,0.037910,0.999948,0.001103,45.055219,45.599292
2477,0,0.022395,0.485527,0.079383,0.002147,0.554687,22.935305,3.137919,30.097273,0.047016,0.342441,0.001745,29.461503,29.787021
2478,0,0.026150,0.725521,0.073031,0.002429,0.793765,30.073985,10.625129,45.651328,0.053279,0.465458,0.001223,44.738611,45.103579
2479,0,0.019214,0.508555,0.066352,0.001786,0.572994,26.832513,15.000179,46.216845,0.044810,0.388794,0.001431,45.524514,45.726832
2480,0,0.026692,0.434761,0.084254,0.002647,0.516048,30.990755,10.196138,46.097371,0.037246,0.315386,0.001730,45.529311,45.883673
2481,0,0.023262,0.790774,0.072225,0.001724,0.863332,30.665012,6.591266,43.198204,0.471571,0.976104,0.002168,41.765199,42.864183
2482,0,0.032187,0.509522,0.073334,0.002407,0.576551,22.939682,2.926505,30.811661,0.059243,0.342639,0.008840,30.116097,30.396242
2483,0,0.017141,0.504824,0.086038,0.002015,0.591345,19.771517,5.031935,30.087538,0.340136,0.581611,0.001224,28.975205,29.278861
2484,0,0.018814,0.434851,0.069717,0.002635,0.491779,23.450452,1.877299,30.287646,0.037651,0.256724,0.087636,29.573410,29.790905
2485,0,0.030093,0.455107,0.086180,0.002594,0.519034,22.742783,5.658669,32.283235,0.057508,0.328688,0.001252,31.635816,31.875420
2486,0,0.022253,0.650195,0.069781,0.002671,0.717672,22.578231,4.798044,32.110001,0.141050,0.385411,0.001381,31.265848,31.485343
2487,0,0.017730,0.450947,0.096238,0.001992,0.543314,17.087910,10.648134,31.666459,0.048885,0.329651,0.001789,31.003060,31.126846
2488,0,0.024410,0.452984,0.086040,0.003286,0.509174,22.967594,4.839819,32.033982,0.043812,0.237735,0.001363,31.394113,31.542540
2489,0,0.017415,0.502128,0.120723,0.002940,0.580794,32.494357,12.700094,48.651299,0.053198,0.267801,0.001245,47.786510,48.100018
2490,0,0.021283,0.539355,0.069832,0.001934,0.603455,25.387698,2.665287,31.745345,0.094732,0.402107,0.001461,31.005710,31.406532
2491,0,0.015972,0.533981,0.065050,0.002883,0.597800,24.054781,4.137130,31.990337,0.062276,0.370648,0.001411,31.241852,31.395449
2492,0,0.015033,0.554513,0.129135,0.004669,0.622111,26.262042,0.581448,30.693933,0.037811,0.364885,0.000891,29.899474,29.961981
2493,0,0.010960,0.498255,0.107662,0.002420,0.606518,23.152440,5.770637,32.720618,0.057972,0.305999,0.001258,32.034508,32.191274
2494,0,0.020611,0.464118,0.063623,0.002317,0.528281,30.092814,13.728285,47.686150,0.039257,0.326525,0.001184,47.067622,47.421480
2495,0,0.071581,0.487214,0.095960,0.002810,0.581063,21.626923,5.165715,32.319368,0.049204,0.372719,0.001258,31.603415,31.777916
2496,0,0.050411,0.603471,0.069740,0.002140,0.671257,41.908574,2.096330,48.038982,0.043920,0.445476,0.001227,47.269957,47.679200
2497,0,0.015731,0.511505,0.076336,0.002157,0.580725,32.052047,11.940513,47.875268,0.098916,0.290301,0.001408,47.044468,47.288567
2498,0,0.018587,0.441657,0.064224,0.002267,0.505926,21.401808,6.705846,31.745084,0.069950,0.328397,0.001280,31.076829,31.433812
2499,0,0.050828,0.492912,0.090912,0.002525,0.558757,25.696132,1.657452,31.851539,0.203889,0.381060,0.000989,31.024936,31.347781
2500,0,0.014374,0.514820,0.084118,0.001927,0.588912,27.723998,16.746275,48.119238,0.046106,0.353308,0.001366,47.457546,47.854910
2501,0,0.023211,0.525886,0.067513,0.002364,0.594469,32.459252,10.761647,47.655377,0.058017,0.365200,0.001809,46.925057,47.094107
2502,0,0.020418,0.461974,0.059893,0.001471,0.519391,19.369293,9.916318,33.115208,0.051814,0.302481,0.001188,32.478680,32.779924
2503,0,0.016228,0.472211,0.080532,0.002376,0.553056,19.211259,8.718413,31.970835,0.109899,0.314987,0.001121,31.275361,31.671736
2504,0,0.016563,0.458261,0.077299,0.002567,0.535870,18.678592,9.730254,32.111151,0.045176,0.334256,0.001007,31.494390,31.854338
2505,0,0.022854,0.544943,0.090045,0.001862,0.627798,35.652117,8.609607,48.193197,0.067783,0.426856,0.001483,47.465464,47.924657
2506,0,0.019913,0.484295,0.076537,0.001609,0.561589,25.712571,1.712249,32.151110,0.038142,0.315135,0.001412,31.497842,31.631373
2507,0,0.016922,0.501470,0.072850,0.001157,0.574496,26.875752,1.114992,31.700557,0.062967,0.416521,0.001189,30.999284,31.337995
2508,0,0.010469,0.573533,0.075712,0.002271,0.649531,32.166346,10.963031,48.530940,0.775758,1.103863,0.001663,46.999653,48.155685
2509,0,0.020955,0.476054,0.105203,0.002587,0.562865,30.605918,13.662877,48.338934,0.123605,0.284201,0.001485,47.600802,47.895146
2510,0,0.023086,0.543627,0.077812,0.002403,0.622980,27.913650,13.239951,47.459266,2.578087,3.141090,0.001348,43.956585,47.126683
2511,0,0.021326,0.934436,0.082961,0.002185,1.017351,43.876229,11.728180,64.104721,0.500012,3.002903,0.001869,58.460573,59.249441
2512,0,0.022562,1.658576,0.076589,0.002175,1.730165,35.863274,7.691750,48.634663,0.341436,1.620792,0.001576,46.527247,48.189909
2513,0,0.021941,0.672817,0.080765,0.002425,0.749959,35.839117,0.654196,47.590894,0.035309,0.475623,0.001761,46.701418,46.786640
2514,0,0.009695,0.712249,0.071037,0.002121,0.785355,24.597173,3.659721,32.786504,0.374850,0.515757,0.000958,31.451421,31.890753
2515,0,0.015637,0.772007,0.181930,0.002554,0.883652,35.438739,8.088927,47.781341,0.117784,0.662365,0.001748,46.540553,47.232881
2516,0,0.018238,0.519634,0.059399,0.001414,0.580211,27.942628,14.768630,46.702905,0.037207,0.398149,0.001434,46.019106,46.343070
2517,0,0.035837,0.758671,0.191307,0.018044,0.939802,25.536305,1.697911,32.119211,0.064148,0.661190,0.001375,30.939468,31.271358
2518,0,0.012005,0.534559,0.073063,0.002645,0.610192,25.726596,1.745372,31.533263,0.053934,0.364362,0.001483,30.784766,31.006126
2519,0,0.014220,0.501371,0.073880,0.001754,0.571853,27.249579,0.562291,32.056481,0.062766,0.412873,0.001915,31.313392,31.458080
2520,0,0.010021,0.502335,0.058764,0.002306,0.561563,23.831405,0.579812,31.830341,0.048928,0.305220,0.001402,31.178503,31.523503
2521,0,0.009704,0.541883,0.083446,0.003107,0.627047,24.451725,4.669457,33.032369,0.055304,0.414894,0.001962,32.334167,32.779412
2522,0,0.020479,0.586645,0.066437,0.001938,0.654699,33.530773,10.078395,47.663695,0.057180,0.416838,0.001548,46.903725,47.313484
2523,0,0.020185,1.778886,0.078802,0.002189,1.853069,41.576714,0.538618,47.571605,0.043534,1.934712,0.001349,45.256654,45.658235
2524,0,0.010102,0.507671,0.057664,0.002262,0.567058,18.125013,10.750754,32.995401,0.038862,0.340836,0.001415,32.329516,32.543935
2525,0,0.027578,0.734280,0.219957,0.004252,0.852526,15.082298,11.654894,31.243893,0.098665,0.600766,0.001042,30.114815,30.675325
2526,0,0.019842,0.474444,0.062852,0.001804,0.531768,25.693325,2.720673,32.496435,0.041091,0.297639,0.001342,31.846135,31.998180
2527,0,0.014842,0.493210,0.077233,0.001925,0.563619,36.660334,7.649138,48.432678,0.037684,0.314994,0.001399,47.761362,47.901926
2528,0,0.016797,0.489941,0.097919,0.002260,0.563287,14.840177,13.694503,32.821319,0.047759,0.296205,0.001276,32.144485,32.327078
2529,0,0.045447,1.426767,0.364978,0.001535,1.793280,21.373095,3.823186,31.303077,0.385399,1.578271,0.001156,29.047975,29.470006
2530,0,0.020470,0.527962,0.094927,0.002486,0.623115,37.313490,7.043269,48.020872,0.080106,0.400111,0.001460,47.255122,47.365855
2531,0,0.015716,0.475081,0.062398,0.001266,0.532716,27.412772,0.551944,31.926015,0.038739,0.299502,0.001255,31.299256,31.588474
2532,0,0.009704,0.445174,0.071021,0.002529,0.507374,27.887801,0.651046,32.519955,0.033718,0.256709,0.001391,31.932904,32.218182
2533,0,0.009797,0.527796,0.095466,0.002326,0.600228,22.052612,6.651975,32.242632,0.043540,0.313425,0.001160,31.543876,31.886790
2534,0,0.015993,0.501667,0.078934,0.001289,0.561087,21.884365,5.677189,31.333123,0.058605,0.340714,0.001459,30.650372,31.009738
2535,0,0.020081,0.556536,0.073282,0.002781,0.624757,32.060168,12.767286,48.332956,0.110673,0.450608,0.001327,47.512086,47.970312
2536,0,0.021977,0.506617,0.068251,0.002026,0.576282,32.888582,10.778657,47.942957,0.048355,0.354132,0.001543,47.254016,47.403845
2537,0,0.021575,0.576081,0.062009,0.001053,0.626733,33.925411,10.104604,48.338780,0.047539,0.419223,0.001833,47.604589,47.982719
2538,0,0.021413,0.543412,0.067733,0.002577,0.604449,23.905472,4.010377,31.695538,0.038205,0.630621,0.001806,30.633571,31.211858
2539,0,0.016994,0.457045,0.065651,0.002371,0.520227,23.237905,4.526811,32.149184,0.068363,0.177417,0.001323,31.476117,31.596934
2540,0,0.015086,0.485483,0.079699,0.001758,0.562582,31.960251,12.726136,48.606780,0.048085,0.313706,0.001398,47.968851,48.279587
2541,0,0.019973,0.480435,0.068969,0.001414,0.549204,22.295402,5.969481,31.672288,0.050071,0.280467,0.001688,31.036883,31.340207
2542,0,0.022181,0.470568,0.078425,0.003382,0.531260,23.138189,3.723808,31.909191,0.050791,0.204591,0.001519,31.244574,31.360753
2543,0,0.014321,0.434231,0.091792,0.002554,0.499564,23.480156,3.714142,31.312966,0.066983,0.340930,0.001337,30.697107,31.065846
2544,0,0.012011,0.505490,0.073673,0.002365,0.581334,19.816312,8.791820,32.393465,0.042538,0.321987,0.001488,31.685367,31.874889
2545,0,0.022404,0.547449,0.097697,0.001827,0.645398,28.184479,14.772220,47.497361,0.060782,0.417179,0.001678,46.752144,46.953597
2546,0,0.025030,0.647584,0.065506,0.002191,0.709207,24.791290,2.775367,31.765988,0.042438,0.395320,0.001247,30.910482,31.302738
2547,0,0.016695,0.480256,0.111582,0.001643,0.567038,31.421603,12.033107,47.989946,0.045860,0.379305,0.000996,47.156876,47.491074
2548,0,0.037722,0.600805,0.140653,0.002331,0.696304,27.886590,0.537415,32.111352,0.088984,0.361221,0.001377,31.160797,31.455044
2549,0,0.008682,0.486556,0.072903,0.001857,0.550926,27.536071,16.726377,48.828865,0.041745,0.392112,0.001641,48.151184,48.489857
2550,0,0.024215,0.470288,0.092956,0.002355,0.537925,21.160813,5.672990,31.379291,0.047373,0.369900,0.001362,30.706766,30.957198
2551,0,0.021884,0.687500,0.080847,0.002875,0.767695,25.535161,2.722298,32.624413,0.070438,0.457034,0.002244,31.717966,31.977459
2552,0,0.014659,0.474873,0.064536,0.001806,0.535202,29.587341,14.755955,48.184621,0.039130,0.351956,0.001086,47.568071,47.956545
2553,0,0.022084,0.588747,0.089274,0.002024,0.653061,17.872118,9.650261,31.403155,0.040866,0.427921,0.001524,30.619690,30.791496
2554,0,0.044351,0.581140,0.066755,0.002214,0.631649,30.581192,14.756786,49.182735,0.083569,0.419395,0.001584,48.398687,48.699753
2555,0,0.022684,0.524606,0.058439,0.002095,0.583799,22.053103,4.727188,31.853733,0.038588,0.357572,0.002175,31.167287,31.221126
2556,0,0.015946,0.522808,0.102799,0.001833,0.627181,32.410036,12.224725,48.571994,0.047462,0.347452,0.001823,47.874048,48.009315
2557,0,0.022903,0.491154,0.085254,0.002129,0.572936,23.740195,3.699473,31.559329,0.072811,0.441720,0.001759,30.703302,30.900980
2558,0,0.039281,0.551633,0.058014,0.002050,0.608849,21.467509,6.732547,32.133231,0.043190,0.358756,0.001417,31.409827,31.807265
2559,0,0.025180,0.496929,0.066687,0.002517,0.563964,39.642394,4.714580,48.220654,0.079849,0.338914,0.001291,47.509164,47.710684
2560,0,0.020200,0.462587,0.062256,0.002904,0.523651,21.154071,7.191985,32.264624,0.040199,0.290140,0.001396,31.637874,31.687106
2561,0,0.021758,0.559303,0.066151,0.002458,0.624342,27.319241,15.827128,47.177066,0.082772,0.386755,0.001334,46.428166,46.823066
2562,1,0.027087,0.554563,0.073691,0.001702,0.626264,20.327940,8.246028,32.568644,0.046923,0.449444,0.001802,31.836951,32.220125
2563,1,0.020971,0.397385,0.069165,0.002673,0.461049,32.735768,11.027459,48.146098,0.104086,0.318820,0.002906,47.469499,47.809047
2564,1,0.015639,0.547094,0.072251,0.002367,0.608796,23.245234,4.687459,31.277585,0.041619,0.380101,0.001204,30.571514,30.943963
2565,1,0.018284,0.461608,0.073996,0.002317,0.524996,22.372536,6.753071,32.741138,0.039507,0.347257,0.001281,32.117389,32.388407
2566,1,0.023943,0.456018,0.067069,0.002319,0.519699,31.106701,11.734543,47.414655,0.038586,0.279087,0.002548,46.791250,46.910629
2567,1,0.025423,0.485340,0.074786,0.002888,0.542468,26.263845,1.723031,32.155510,0.042201,0.337429,0.001109,31.494712,31.756701
2568,1,0.017540,0.477108,0.073454,0.002439,0.543954,25.213205,2.996702,32.088639,0.040151,0.281214,0.001168,31.462141,31.718733
2569,1,0.412365,0.685322,0.070559,0.001920,0.750642,27.072529,15.130522,46.878083,0.062763,0.543161,0.001062,45.981822,46.115161
2570,1,0.025763,0.557096,0.099395,0.002236,0.627291,29.910798,13.761952,47.648304,0.057963,0.409244,0.001360,46.892352,47.307388
2571,1,0.023840,0.463697,0.078732,0.002350,0.521966,23.535209,4.842039,32.447363,0.046114,0.315386,0.001460,31.801772,31.964418
2572,1,0.018690,0.459207,0.087020,0.002614,0.544886,23.629503,4.231414,31.667749,0.057094,0.320580,0.001721,31.007049,31.195544
