iteration,food_quantity,event_poll_ms,ants_advance_ms,evaporation_ms,update_ms,advance_total_ms,render_ms,blit_ms,iteration_total_ms,mpi_halo_exchange_ms,mpi_migration_ms,mpi_food_allreduce_ms,mpi_render_comm_ms,mpi_total_comm_ms
1,0,1.805794,4.764600,0.088180,0.001704,4.817184,33.529198,16.536512,64.841432,0.105748,2.240612,0.002485,59.415511,60.151887
2,0,0.020231,4.470083,0.072096,0.002326,4.516260,8.619119,13.510374,30.416741,0.097638,3.230167,0.000847,25.604430,25.769683
3,0,0.021547,3.856292,0.072999,0.001798,3.905515,12.201943,9.383865,29.875299,0.078219,2.758745,0.001545,25.606271,26.166367
4,0,0.021632,3.295450,0.122274,0.002192,3.419916,11.084937,11.629066,30.650065,0.073491,1.986572,0.001674,26.851977,28.340580
5,0,1.140587,3.777602,0.063364,0.002154,3.842133,15.183739,6.609809,29.566045,0.078975,2.429956,0.001139,25.560750,27.858319
6,0,0.014632,3.636322,0.058854,0.001972,3.686386,10.382195,12.738382,30.583268,0.065804,2.268953,0.000906,26.545758,26.742762
7,0,0.019637,3.663633,0.069512,0.002209,3.731103,9.746857,13.455485,30.481502,0.064977,2.172923,0.001479,26.543684,26.784470
8,0,0.024006,4.613660,0.088561,0.001828,4.683965,11.695420,8.621191,29.796457,0.068203,3.354926,0.001516,24.926229,25.192244
9,0,0.023909,3.628509,0.071046,0.002108,3.685551,14.220513,9.545379,31.075989,0.076076,1.960871,0.001038,27.153638,27.257338
10,0,0.022390,4.126336,0.081259,0.003015,4.172804,8.143237,14.607469,30.732824,0.073500,3.185223,0.001131,26.280504,27.434970
11,0,0.022544,3.770248,0.079005,0.002896,3.839094,7.511862,14.553618,29.803143,0.074857,1.881623,0.001369,25.747648,26.376372
12,0,0.025978,4.948092,0.075373,0.001240,5.022226,8.348029,14.623620,30.992882,0.126872,3.449791,0.000967,25.725233,28.291102
13,0,0.033452,4.550669,0.075925,0.002408,4.610039,7.874605,13.923361,30.309058,0.124429,3.487518,0.001204,25.313532,25.667377
14,0,0.023098,4.330939,0.074746,0.002752,4.403326,9.280576,11.693446,29.860972,0.070120,2.747639,0.001229,25.251962,25.429798
15,0,0.021988,3.948350,0.065452,0.002921,3.980529,12.201872,10.533430,31.276709,0.069816,2.422514,0.000638,27.021453,27.833463
16,0,0.022833,3.849330,0.068818,0.002070,3.906445,13.598433,8.577693,30.222717,0.097510,2.762721,0.001222,26.013081,28.589716
17,0,0.023010,3.429221,0.114014,0.002554,3.488461,9.098404,13.968620,30.710028,0.076235,1.846935,0.002030,26.891607,27.038871
18,0,0.022850,4.212597,0.092360,0.002776,4.279048,9.493706,12.113001,29.947115,0.073941,3.007589,0.001077,25.524873,25.698107
19,0,0.025106,4.323323,0.083848,0.002319,4.408734,10.988780,9.981404,29.970312,0.071660,3.353878,0.001537,25.282783,25.401684
20,0,0.020293,2.869353,0.058755,0.002280,2.926481,8.292022,13.627315,29.790774,0.060671,1.463766,0.001827,26.643353,26.782570
21,0,0.022908,3.796462,0.065398,0.001773,3.821114,11.877782,10.634598,31.054453,0.262423,2.526650,0.002169,26.826234,27.684058
22,0,0.018951,4.366930,0.064256,0.002436,4.420589,9.385340,11.541294,29.835591,0.071286,3.209195,0.001126,25.207874,25.337740
23,0,0.038895,4.338661,0.061694,0.003041,4.385880,8.862650,14.572131,31.435489,0.073473,3.372781,0.001349,26.831340,28.115224
24,0,0.054932,3.645520,0.082148,0.002463,3.701709,10.005573,12.574966,30.294779,0.082026,2.632775,0.001945,26.297572,28.243597
25,0,0.018292,4.089545,0.068020,0.002443,4.159011,13.377784,7.525089,30.157981,0.092357,2.906918,0.001248,25.838065,27.498606
26,0,0.037931,4.030794,0.063756,0.002562,4.095384,12.195448,11.520382,31.553360,0.236781,2.744522,0.001087,27.332385,29.777972
27,0,0.029471,3.419112,0.071007,0.002257,3.476445,14.078782,8.899444,29.934346,0.073710,2.275402,0.000964,26.232893,28.092383
28,0,0.035357,3.304694,0.065616,0.002367,3.362094,12.487731,10.688912,31.165976,0.064747,2.420145,0.001365,27.526249,27.726487
29,0,0.040907,3.291198,0.114230,0.004119,3.354960,12.481291,9.612088,29.828835,0.076625,1.886585,0.002091,26.213108,26.784649
30,0,0.017875,3.593582,0.067518,0.002397,3.663497,11.227240,12.083921,30.882995,0.080044,1.323001,0.000778,26.968355,27.403799
31,0,0.029033,7.209621,0.083862,0.001696,7.274909,10.851433,8.517949,30.227338,0.064158,5.266522,0.001367,22.780558,23.002244
32,0,0.031275,3.208888,0.041734,0.001751,3.246332,10.811072,12.655447,30.724243,0.121839,1.780604,0.001114,27.175641,27.284167
33,0,0.070176,3.767539,0.067091,0.001887,3.836517,9.490731,12.551718,29.923940,0.078299,2.432554,0.001885,25.905121,27.297093
34,0,0.030282,3.974029,0.098052,0.001216,4.035799,13.001178,8.993797,30.260374,0.068611,2.876696,0.001383,25.993273,27.615342
35,0,0.028768,4.240145,0.066703,0.001243,4.295070,9.896911,13.669547,31.611593,0.171027,2.763505,0.000715,27.173007,27.370644
36,0,0.131630,3.586101,0.064887,0.002299,3.646814,9.568275,12.629055,30.252779,0.064896,2.078740,0.000661,26.368076,26.486978
37,0,0.025561,3.955824,0.101323,0.002295,4.027389,10.746601,10.670950,30.122004,0.159052,1.787123,0.001631,25.848267,26.030230
38,0,0.022938,4.168915,0.092338,0.002308,4.222571,11.231014,10.757436,30.848379,0.081090,2.688919,0.001361,26.393748,26.839812
39,0,0.023813,3.506483,0.079948,0.002314,3.557368,10.633823,10.695477,30.153596,0.081940,2.276232,0.001223,26.127699,27.151976
40,0,0.023676,3.936464,0.065851,0.002315,4.004630,10.165413,12.025139,30.423291,0.087419,1.617209,0.000985,26.143090,26.653032
41,0,0.024149,3.549522,0.074672,0.002868,3.602542,10.241757,12.925143,30.895466,0.085245,2.347628,0.000855,27.056247,27.180227
42,0,0.019840,4.144091,0.103965,0.017210,4.265266,12.980103,10.011666,30.431649,0.074658,3.271162,0.001055,25.975235,28.336267
43,0,0.021162,4.207839,0.084145,0.002697,4.289871,15.087912,5.950884,29.713621,0.067022,3.010585,0.001120,25.300880,27.007327
44,0,0.017541,3.151447,0.039778,0.001600,3.180382,11.501920,12.667742,31.151407,0.067738,2.159873,0.001093,27.812361,28.718121
45,0,0.042647,4.255348,0.110987,0.003880,4.326390,10.955384,10.230515,29.683987,0.094456,2.348772,0.000849,25.087881,25.419740
46,0,0.237526,4.203803,0.102094,0.004242,4.310139,9.862862,11.655071,31.050392,0.071241,2.267643,0.001557,26.607878,26.778025
47,0,0.022800,3.261499,0.061928,0.001993,3.317925,9.521794,11.568163,29.792517,0.078847,2.058623,0.001338,26.211374,26.426944
48,0,0.018897,3.536603,0.066895,0.002122,3.571617,16.447934,6.602024,30.808105,0.074365,2.821217,0.001920,26.819126,27.222816
49,0,0.018586,3.446730,0.069466,0.002553,3.517057,13.438087,9.697997,30.187244,0.069612,2.243068,0.001389,26.504285,26.648064
50,0,0.020206,3.203064,0.062128,0.002469,3.232442,13.912261,8.679407,29.761948,0.087505,1.170705,0.001145,26.299672,26.517493
51,0,0.022088,4.219430,0.164947,0.010979,4.294424,14.140552,7.673113,30.507298,0.064946,2.626147,0.000902,25.935171,26.060542
52,0,0.016529,3.756839,0.068838,0.002341,3.820370,8.173766,14.749277,30.687121,0.072772,1.746741,0.001072,26.577034,27.087451
53,0,0.022325,3.418797,0.176114,0.002441,3.481652,10.570834,11.608783,30.227562,0.086656,2.105097,0.001186,26.360188,28.503869
54,0,0.021888,3.466929,0.080127,0.013428,3.544681,9.938372,12.907457,30.995476,0.072524,2.352896,0.001279,27.282022,27.399293
55,0,0.021837,9.020425,0.404646,0.009151,9.426804,9.033313,6.645436,29.569239,0.068378,8.777791,0.000754,19.571603,19.732084
56,0,0.024397,2.841936,0.073308,0.002211,2.916310,11.111481,12.597407,30.934405,0.069240,1.883565,0.000977,27.871460,28.588805
57,0,0.022355,3.595568,0.116919,0.002908,3.669214,11.006267,11.527559,30.286246,0.291565,1.763399,0.000712,26.230038,26.567713
58,0,0.021707,2.861629,0.041786,0.001525,2.904420,13.831889,10.676280,31.388435,0.101084,1.531151,0.000781,28.251378,29.831624
59,0,0.020189,4.004961,0.046899,0.002201,4.048549,10.455775,11.543019,30.671784,0.067887,3.131995,0.001169,26.465750,26.576745
60,0,0.029704,3.380121,0.107556,0.003187,3.407766,11.150067,12.077931,30.344701,0.069407,2.269385,0.001009,26.660828,28.363715
61,0,0.022987,3.756077,0.083050,0.002434,3.781668,9.618124,13.958471,31.455706,0.069686,2.189073,0.000995,27.354153,27.512550
62,0,0.027226,3.880606,0.057416,0.001911,3.934697,9.308255,12.592425,29.343814,0.086003,2.781719,0.001133,25.247648,25.350479
63,0,0.022288,3.659270,0.056768,0.002038,3.704448,11.878357,11.555670,31.099002,0.263598,2.926863,0.001475,26.980622,27.101919
64,0,0.017671,3.363167,0.061291,0.001800,3.426258,15.059218,7.895802,30.082516,0.063085,2.314237,0.001227,26.443957,26.548062
65,0,0.024230,4.282340,0.059691,0.001830,4.339231,14.646525,7.573997,30.302031,0.112797,3.057720,0.001004,25.567718,27.394063
66,0,0.019821,3.413410,0.099489,0.002909,3.500775,8.092147,15.913444,31.120074,0.078718,2.490518,0.001079,27.266593,29.027957
67,0,0.017669,3.088060,0.066277,0.003114,3.122394,8.940503,14.629900,29.832758,0.064182,1.926927,0.001139,26.449051,27.523218
68,0,0.023939,2.655751,0.045460,0.001796,2.692025,10.802830,12.920954,30.326705,0.076498,1.779210,0.001193,27.394642,28.128206
69,0,0.024809,3.541900,0.074933,0.002275,3.601476,15.189657,7.509452,30.331755,0.087751,2.330300,0.001021,26.441823,26.650847
70,0,0.016276,3.193811,0.076367,0.001972,3.271267,15.118740,8.677026,31.353452,0.060257,2.159304,0.001280,27.912932,28.129709
71,0,0.019665,3.369498,0.070055,0.001843,3.440558,9.028379,13.549530,30.440178,0.070121,2.311545,0.001335,26.775440,26.950462
72,0,0.025381,3.204870,0.079782,0.002321,3.267680,11.890228,12.165573,30.291050,0.065535,1.865485,0.001005,26.838218,26.950888
73,0,0.016164,3.353497,0.053427,0.001688,3.396699,15.761011,6.719423,29.807056,0.089601,2.127528,0.000719,26.279604,28.067182
74,0,0.018772,3.408172,0.064021,0.001785,3.473226,17.189754,5.636496,30.995759,0.061049,2.407383,0.001540,27.373608,27.592563
75,0,0.021421,3.537046,0.063291,0.001338,3.601159,9.952587,13.633843,31.064859,0.082551,2.426628,0.001185,27.224541,29.717791
76,0,0.025543,3.631420,0.061759,0.002119,3.694262,15.439121,5.938538,29.597274,0.076118,2.623429,0.001216,25.748747,25.962366
77,0,0.016502,3.419748,0.077444,0.003043,3.490700,8.082345,15.602192,30.799305,0.085188,2.191022,0.001497,27.098993,27.211801
78,0,0.023865,3.481330,0.063557,0.001528,3.546082,11.446968,10.575475,30.466207,0.067057,2.417801,0.001807,26.786740,26.988879
79,0,0.020596,3.980308,0.066940,0.002124,4.038031,14.162687,8.772848,30.775071,0.072548,3.063986,0.001040,26.543864,28.726213
80,0,0.018832,3.269707,0.079840,0.002377,3.351924,10.275070,11.614456,29.952320,0.061223,1.729503,0.001715,26.450959,26.558889
81,0,0.020173,4.077212,0.078055,0.002703,4.155409,9.580713,11.647522,30.134716,0.081291,2.928274,0.001152,25.703442,25.864089
82,0,0.022943,4.097909,0.178869,0.002336,4.195073,11.665828,9.622733,29.851903,0.062062,2.988171,0.000802,25.304981,25.553229
83,0,0.025470,4.079136,0.072841,0.002780,4.137228,11.568532,9.673644,30.569176,0.182866,2.953463,0.001679,26.083440,26.229843
84,0,0.030549,3.448839,0.098253,0.001542,3.533694,12.580956,9.753367,30.605325,0.062309,1.629574,0.001629,26.743626,27.371757
85,0,0.022463,3.688573,0.090939,0.002317,3.774917,8.949598,13.619645,30.547485,0.062998,2.245943,0.000793,26.511301,26.777756
86,0,0.022817,3.756189,0.057800,0.002255,3.787941,10.774466,11.610531,30.054658,0.071134,2.755244,0.001175,26.086075,26.220869
87,0,0.025337,3.849513,0.068581,0.001434,3.913261,10.261610,12.565252,30.647099,0.079771,2.944116,0.000561,26.489365,27.580319
88,0,0.019321,3.954300,0.072327,0.001616,4.007527,11.159966,10.525955,30.600559,0.071083,3.100952,0.001998,26.319741,26.522358
89,0,0.013425,3.995532,0.063172,0.002682,4.043454,8.453218,15.424143,31.486652,0.071777,2.517212,0.001124,27.164797,27.281037
90,0,0.026844,3.995081,0.060972,0.004889,4.044377,8.553327,13.646148,30.387180,0.071425,2.842249,0.000662,26.105235,27.409499
91,0,0.022849,3.844308,0.089917,0.002599,3.936824,7.831965,14.738604,30.364695,0.107651,2.444428,0.001545,26.191501,26.359801
92,0,0.016947,3.380194,0.077518,0.002746,3.449303,8.343757,15.629806,30.872569,0.074415,2.156057,0.001160,27.152597,27.266131
93,0,0.018720,3.181782,0.068756,0.002466,3.243648,7.982720,15.524482,30.822744,0.153057,2.170283,0.001723,27.341203,28.807871
94,0,0.020366,4.226241,0.076502,0.002032,4.293383,6.567342,15.558550,29.978763,0.104207,2.683264,0.000826,25.423792,25.565983
95,0,0.017104,3.382673,0.099288,0.004122,3.468274,9.296709,13.569799,30.692825,0.068042,2.101708,0.001119,26.959347,27.148269
96,0,0.018486,4.104450,0.119948,0.018147,4.242545,9.506891,13.588127,30.798188,0.075651,2.995910,0.000975,26.458622,28.171432
97,0,0.018107,4.331102,0.141884,0.003028,4.476014,6.475296,16.743359,30.431554,0.094170,2.435891,0.000843,25.808184,28.200480
98,0,0.015465,3.806382,0.060438,0.001889,3.854612,6.596596,16.606815,30.520046,0.061565,2.743221,0.000944,26.419992,26.590424
99,0,0.016226,3.155061,0.086346,0.003561,3.242479,10.837066,11.703564,30.470137,0.075935,1.860401,0.000864,27.045443,27.159269
100,0,0.015362,3.929521,0.066199,0.001656,3.988897,9.963006,12.878560,29.682430,0.071088,2.726590,0.001505,25.550464,27.756286
101,0,0.023656,3.363632,0.066683,0.002006,3.420746,9.965562,12.591353,30.684044,0.075406,2.489562,0.001588,27.016086,27.253469
102,0,0.025570,4.046616,0.061126,0.001910,4.097536,8.134678,13.564254,31.059863,0.071709,3.114458,0.001336,26.757052,28.327117
103,0,0.030061,4.096087,0.066864,0.001903,4.149147,12.240403,6.572117,29.845591,0.103267,2.861759,0.001060,25.406915,25.658906
104,0,0.015942,3.636263,0.089094,0.002311,3.667049,8.385742,15.572459,30.504491,0.086410,1.772455,0.000833,26.577305,27.679733
105,0,0.021126,3.937054,0.066213,0.001882,3.989993,9.738943,12.590402,30.596703,0.098278,3.136196,0.002338,26.116171,26.347168
106,0,0.021191,3.471141,0.118053,0.001763,3.534233,7.775515,16.121282,30.757292,0.063618,2.226854,0.001373,26.918743,27.101925
107,0,0.018899,4.391129,0.064892,0.002985,4.440118,9.443419,12.603731,30.636024,0.236518,3.191129,0.001076,25.535638,26.364442
108,0,0.021543,3.427419,0.055284,0.001603,3.467374,10.760573,10.717402,30.057652,0.058964,2.533588,0.001321,26.395317,26.556444
109,0,0.024260,3.902165,0.080780,0.003004,3.967305,11.491418,10.867351,30.212976,0.089263,2.717580,0.001102,25.656475,27.810184
110,0,0.021515,3.407323,0.069446,0.002192,3.477629,9.363688,12.848020,30.800131,0.079350,2.148386,0.001046,27.192895,29.408362
111,0,0.019684,3.362645,0.074850,0.002864,3.388018,8.018778,15.727405,30.926216,0.079421,1.695098,0.001206,27.216122,28.823233
112,0,0.024656,4.752792,0.061020,0.017825,4.814818,10.085191,9.612144,28.419547,0.125486,2.381042,0.001074,23.352427,23.484626
113,0,0.019840,3.914699,0.056608,0.002805,3.972106,9.964841,13.605456,30.995126,0.084221,2.646658,0.001017,26.773609,26.935050
114,0,0.025222,2.691401,0.058887,0.001409,2.722812,10.286876,13.691921,30.836718,0.118567,1.277428,0.001318,27.823801,29.158791
115,0,0.022354,4.037358,0.054893,0.003004,4.084665,11.799147,9.673858,29.643207,0.096291,2.703484,0.001239,25.389774,27.570253
116,0,0.022993,3.256436,0.062949,0.002043,3.293518,8.401195,14.671399,30.611087,0.076372,2.273569,0.001021,27.041672,27.325994
117,0,0.018616,5.322907,0.075809,0.001811,5.399712,9.804382,12.595438,30.902575,0.157879,4.195766,0.000919,25.183087,27.168074
118,0,0.021715,3.996096,0.056523,0.001476,4.048771,10.062845,12.625913,30.421616,0.067604,3.209817,0.001088,26.157817,27.973332
119,0,0.022270,4.022859,0.069463,0.001680,4.071004,12.749996,9.720013,30.255566,0.061137,2.282724,0.000901,25.982296,26.074672
120,0,0.022613,3.664486,0.147988,0.004821,3.790503,9.513589,14.728804,31.684178,0.094645,2.401828,0.001363,27.576591,29.798048
121,0,0.021403,3.486948,0.107693,0.002943,3.597584,11.362779,11.759219,30.233107,0.062083,1.872637,0.001385,26.502730,28.434160
122,0,0.017633,3.931777,0.079518,0.002389,3.986727,12.015100,10.660065,30.729124,0.060123,2.781613,0.001296,26.560872,27.036872
123,0,0.019780,3.946454,0.103710,0.002638,4.011246,10.688835,11.674483,30.399927,0.109555,2.796609,0.001040,26.172812,27.112354
124,0,0.020324,7.828806,0.110044,0.002429,7.931435,10.582878,7.893483,29.886395,0.171711,6.347133,0.001157,21.591491,22.604766
125,0,0.020850,3.835943,0.060605,0.001984,3.868375,11.988371,10.561826,30.816184,0.062908,2.856744,0.001174,26.740379,27.168276
126,0,0.021705,3.492154,0.097192,0.002006,3.559231,10.906029,11.743490,30.297341,0.085893,2.621468,0.001002,26.435897,28.950290
127,0,0.017156,3.280134,0.059385,0.002370,3.335426,12.195038,11.655407,30.345604,0.062196,2.192676,0.001367,26.843813,26.952279
128,0,0.020337,3.236548,0.060569,0.002298,3.294174,7.709664,15.888787,31.031283,0.074436,2.386470,0.001149,27.517172,27.699920
129,0,0.022478,3.900184,0.071099,0.002176,3.952633,8.490267,14.066804,30.532566,0.074576,2.648288,0.001081,26.402422,28.630188
130,0,0.021368,4.072617,0.067297,0.001094,4.125719,12.822029,8.920906,29.633908,0.071572,3.123539,0.001353,25.381993,27.489593
131,0,0.011407,3.756310,0.072654,0.001928,3.818845,12.973913,10.610887,30.636374,0.067117,2.792988,0.001384,26.666895,28.650079
132,0,0.017729,3.399277,0.075220,0.003216,3.469515,9.764858,12.625697,30.637041,0.069603,2.423977,0.001215,26.959575,27.077263
133,0,0.017109,3.725130,0.056668,0.001774,3.773607,13.957518,8.767399,30.167350,0.073501,2.371902,0.000942,26.196856,28.087942
134,0,0.018052,3.272884,0.059802,0.001898,3.334584,15.030825,6.003665,30.471011,0.076538,2.061456,0.002107,26.895529,27.086769
135,0,0.021354,3.305296,0.127996,0.002257,3.356008,11.515599,11.760769,30.859028,0.077374,2.397331,0.001106,27.182310,27.287863
136,0,0.024934,5.718197,0.072296,0.002920,5.764640,11.462445,9.699605,30.994870,0.109731,4.066161,0.001476,24.973981,25.940724
137,0,0.021248,5.310156,0.070074,0.001705,5.371097,13.242711,6.690548,29.996550,0.649343,3.294051,0.000996,24.146588,26.668971
138,0,0.036123,3.836874,0.111410,0.002591,3.870614,9.959654,12.592391,30.343594,0.099187,2.663794,0.001405,25.780243,28.544629
139,0,0.022512,3.883941,0.070840,0.002174,3.923730,13.523001,8.666165,30.956330,0.065108,2.444587,0.001124,26.739698,27.862397
140,0,0.021687,3.509579,0.067698,0.001960,3.565059,8.915214,13.631219,30.058550,0.090774,1.593004,0.001121,26.316243,26.470535
141,0,0.020973,5.021903,0.095693,0.003734,5.116764,10.038866,11.638242,30.781975,0.157645,3.324951,0.001300,25.283964,25.924398
142,0,0.024077,3.808190,0.110679,0.003213,3.920287,11.522234,9.954754,30.171249,0.092919,2.815731,0.001365,26.049422,27.890600
143,0,0.023543,4.090209,0.080045,0.002892,4.148762,12.246428,8.732117,30.399199,0.065430,2.338020,0.002502,25.925262,26.045537
144,0,0.021768,4.271372,0.087669,0.001439,4.312499,13.161800,7.677799,29.313584,0.056495,3.008001,0.001223,24.803712,24.962256
145,0,0.026141,4.182807,0.070538,0.002587,4.245453,14.648852,6.671868,31.028977,0.071265,3.257542,0.001916,26.504068,26.797865
146,0,0.016857,3.676221,0.067083,0.002599,3.740929,13.333535,10.060453,30.559063,0.115092,2.171708,0.001387,26.682029,28.412953
147,0,0.024578,3.875799,0.063973,0.001704,3.940977,14.169817,7.963263,29.908000,0.069461,1.905379,0.000902,25.842391,25.964919
148,0,0.023020,3.245298,0.068283,0.002305,3.270573,12.669707,10.591670,30.773687,0.088866,1.612204,0.000960,27.288089,27.881166
149,0,0.022745,3.044849,0.061594,0.001390,3.107276,13.423835,9.672093,30.018290,0.075965,1.377997,0.000952,26.760355,27.846814
150,0,0.018982,2.842232,0.066152,0.001936,2.909430,9.796973,14.546372,31.067805,0.085477,1.692211,0.001380,27.737270,28.090666
151,0,0.021928,3.310941,0.096849,0.003213,3.354676,10.460569,13.770300,31.816584,0.093791,2.671181,0.001189,27.611087,29.092969
152,0,0.018845,3.589418,0.067469,0.001843,3.638951,9.268125,13.625435,30.107941,0.076551,1.890772,0.001068,26.125071,28.062430
153,0,0.023341,3.612331,0.095736,0.002340,3.677245,9.978788,13.690869,30.779042,0.225998,2.045019,0.001201,26.855037,28.264839
154,0,0.023585,3.548014,0.083406,0.001822,3.610356,11.196015,9.622720,29.770033,0.070776,2.340596,0.001228,25.842612,26.858917
155,0,0.019801,3.738768,0.108555,0.001549,3.775141,11.078818,11.025740,30.445290,0.078337,2.501243,0.001524,26.333602,28.061012
156,0,0.019705,4.140634,0.099601,0.001680,4.222726,11.377136,11.640052,31.212262,0.061874,2.137137,0.001185,26.773876,27.426176
157,0,0.023301,3.331142,0.060413,0.001836,3.393391,10.487930,12.576554,30.581419,0.091234,1.888547,0.001774,27.001899,27.125388
158,0,0.024395,4.295072,0.078191,0.002269,4.357654,10.840134,11.964069,30.378588,0.069464,2.315600,0.001190,25.826683,27.085001
159,0,0.021497,2.865411,0.106384,0.005699,2.977494,9.422085,13.657875,30.012796,0.075671,1.008590,0.001953,26.852681,27.830690
160,0,0.021542,3.966802,0.079859,0.003076,4.002171,10.278313,12.675198,31.081918,0.068582,2.946384,0.001176,26.755743,26.950694
161,0,0.019370,4.221820,0.074197,0.001742,4.276766,10.799395,11.273833,30.179152,0.058950,3.162012,0.001333,25.711138,28.005445
162,0,0.017394,3.328191,0.051394,0.002495,3.366158,12.056787,10.547547,29.895424,0.074932,1.899417,0.001594,26.281572,27.883796
163,0,0.023589,3.332029,0.073094,0.052722,3.451687,10.331029,12.727190,31.315246,0.065940,2.083090,0.001131,27.706163,27.801927
164,0,0.021573,3.378035,0.093585,0.002003,3.433135,11.998685,10.682845,30.445711,0.060101,1.877653,0.001135,26.808996,26.949467
165,0,0.022108,2.781783,0.075234,0.003964,2.806655,9.655982,11.087946,30.284979,0.064735,1.519428,0.001398,27.302196,27.444533
166,0,0.018516,3.366377,0.061137,0.002189,3.415251,12.807629,9.948531,30.575459,0.061484,1.891057,0.001228,26.960575,28.622312
167,0,0.020017,3.262457,0.058286,0.001986,3.312975,11.679884,10.679559,29.547743,0.069157,2.130512,0.000909,26.019269,27.245867
168,0,0.023302,2.747453,0.060629,0.002828,2.804414,10.483734,12.713753,29.830995,0.057788,1.749803,0.001049,26.867010,26.981317
169,0,0.021567,3.274668,0.059571,0.002965,3.309400,8.208759,14.597074,29.848211,0.059942,1.919450,0.001045,26.299720,26.523219
170,0,0.022794,3.338351,0.055993,0.001986,3.382322,12.278725,9.606116,28.959762,0.065076,2.111549,0.000661,25.374026,25.526282
171,0,0.021753,3.797188,0.068491,0.001956,3.851817,10.136968,11.949984,29.754648,0.074850,3.032037,0.001026,25.540655,27.159300
172,0,0.020839,3.494363,0.063959,0.002403,3.551724,10.497005,11.975009,29.937639,0.064697,2.596156,0.000918,26.132484,27.878216
173,0,0.022372,3.282290,0.058763,0.002334,3.343387,10.347804,11.695902,29.290204,0.063915,1.845993,0.000965,25.805416,25.933945
174,0,0.025604,3.374072,0.058940,0.002439,3.411212,11.651631,10.682820,29.696217,0.079341,2.476325,0.000890,26.015442,27.812345
175,0,0.022271,3.421921,0.051715,0.001521,3.462937,11.905790,8.979860,28.489945,0.066659,1.873956,0.001179,24.807142,26.733619
176,0,0.023461,3.874197,0.047630,0.002560,3.922897,11.826721,9.137376,29.189241,0.065770,2.567741,0.001203,25.121007,26.586474
177,0,0.022044,3.474392,0.073077,0.001792,3.548434,11.916268,10.572240,29.839656,0.104578,1.727125,0.000776,26.084159,26.264305
178,0,0.020822,3.813568,0.066780,0.002030,3.857798,10.401519,11.624604,29.716954,0.069175,2.643388,0.000782,25.673870,25.853791
179,0,0.042130,3.382637,0.056690,0.002130,3.405754,10.410356,11.595409,29.612182,0.096199,1.978902,0.000810,25.913537,27.144648
180,0,0.020951,3.939053,0.097887,0.002471,3.999578,11.593174,9.618167,29.472457,0.080088,2.385883,0.001142,25.175759,25.356457
181,0,0.021531,3.314868,0.074482,0.001923,3.380279,12.298704,9.609673,29.568814,0.054067,2.081432,0.000936,26.018996,26.976915
182,0,0.022969,4.052639,0.070137,0.002074,4.091089,12.744747,7.622452,29.946749,0.066371,2.867593,0.001746,25.561241,26.513165
183,0,0.022601,3.450455,0.112759,0.002165,3.524190,10.355743,12.645852,30.347437,0.078565,1.771715,0.001487,26.589950,26.753151
184,0,0.022327,3.744664,0.094233,0.002882,3.801458,11.392693,10.492825,29.380015,0.071625,2.367063,0.001128,25.217955,25.513186
185,0,0.024556,4.212576,0.060490,0.002155,4.264579,10.313195,11.560389,30.120882,0.099839,2.917692,0.001718,25.646478,25.776505
186,0,0.029432,3.702281,0.084494,0.002557,3.765258,10.343075,11.693581,29.152085,0.225381,2.351426,0.001245,24.952702,26.127758
187,0,0.021240,3.236795,0.060485,0.002539,3.289086,11.062198,10.522522,29.512729,0.079293,2.265587,0.001118,26.036665,27.555241
188,0,0.017887,3.626193,0.082569,0.003116,3.669647,10.987639,10.633682,29.828743,0.068729,3.081299,0.001099,25.602371,27.535612
189,0,0.015477,3.520811,0.060008,0.001354,3.559376,8.330179,14.886144,29.723253,0.059924,2.549376,0.001050,25.861857,26.003071
190,0,0.019164,3.229595,0.064811,0.002168,3.266214,13.139891,7.968246,29.087729,0.143649,2.368893,0.001116,25.502515,25.681538
191,0,0.016771,3.262041,0.090183,0.002559,3.337905,13.547296,7.955964,29.627005,0.072065,2.429841,0.001617,25.767958,28.092067
192,0,0.011400,3.691570,0.282423,0.023248,3.740554,10.444790,10.624807,30.067482,0.059403,2.711211,0.001391,25.800139,26.328296
193,0,0.015552,3.765602,0.075037,0.002999,3.832946,7.858729,14.588821,29.499200,0.063641,2.257767,0.001123,25.486147,25.583074
194,0,0.014588,3.675725,0.069914,0.002482,3.744177,12.978527,9.546831,29.866706,0.067740,2.348181,0.001009,25.952289,28.321660
195,0,0.015384,3.432434,0.062722,0.001591,3.459567,13.473809,8.653060,29.533525,0.062295,2.346198,0.000897,25.831517,28.235484
196,0,0.016295,4.394695,0.067465,0.001461,4.458392,17.287096,2.661203,28.626960,0.096880,3.213050,0.001229,23.817997,25.821148
197,0,0.011587,3.607044,0.076015,0.002673,3.677224,16.536783,5.546182,29.746634,0.070157,2.391455,0.001098,25.916636,27.454979
198,0,0.015497,3.841084,0.086046,0.002568,3.863872,8.261782,15.610236,30.790264,0.078148,2.258771,0.001387,26.573739,28.467136
199,0,0.018257,3.751918,0.068399,0.001579,3.807374,11.763639,10.298291,28.857929,0.074937,2.423599,0.000939,24.844273,25.858261
200,0,0.022380,5.508978,0.191573,0.001652,5.568652,11.156848,7.560615,30.064935,0.124223,4.362416,0.001069,23.606466,25.915878
201,0,0.017892,3.569502,0.073273,0.001786,3.624691,10.934205,10.562192,29.325216,0.168463,2.270765,0.000803,25.393668,27.715533
202,0,0.015338,3.466518,0.094612,0.001978,3.522126,11.664538,11.580601,29.634701,0.067234,2.045355,0.000742,25.944455,27.030524
203,0,0.023770,2.972280,0.051199,0.002262,2.996953,9.408604,13.701026,29.429388,0.059473,1.492540,0.000957,26.088466,26.226910
204,0,0.023156,2.967440,0.072039,0.001581,3.007436,12.455557,10.616950,29.596587,0.079846,1.865190,0.001162,26.226882,27.222158
205,0,0.021189,2.660000,0.055336,0.002338,2.716187,12.704281,9.668719,29.150532,0.062633,1.392509,0.001095,26.244724,26.382533
206,0,0.026168,2.907744,0.067715,0.001900,2.968104,13.704437,8.660371,28.758379,0.075571,1.528742,0.000825,25.626024,26.182422
207,0,0.018786,3.210088,0.046122,0.003030,3.245688,13.037717,9.665193,29.569583,0.059621,1.566474,0.001192,26.162075,26.265286
208,0,0.019991,3.134949,0.051987,0.002702,3.160161,13.279669,9.581840,30.182470,0.070010,1.597872,0.000965,26.786455,26.931058
209,0,0.018366,2.918090,0.063818,0.002579,2.974916,11.695664,10.577516,29.163935,0.077758,1.806423,0.001204,26.045781,27.705291
210,0,0.020869,3.352712,0.049288,0.002332,3.404001,16.039941,5.622674,29.112272,0.056263,1.503647,0.001093,25.553049,25.646804
211,0,0.018847,3.671210,0.040269,0.002638,3.712563,13.729775,9.604746,30.199460,0.061347,1.975729,0.000831,26.331377,26.539141
212,0,0.018787,3.658580,0.059272,0.001973,3.707397,11.869971,11.513896,30.124576,0.071086,2.477170,0.000901,26.280312,27.152882
213,0,0.024632,3.242199,0.091000,0.002863,3.322498,18.278808,2.598195,28.767020,0.067780,2.273469,0.001087,25.108995,25.402188
214,0,0.010075,3.663944,0.137412,0.006438,3.722299,9.481115,14.640557,31.058437,0.102594,2.818191,0.001067,26.853867,28.304952
215,0,0.021331,3.188668,0.065479,0.002353,3.250326,10.976175,11.121314,29.191332,0.062772,2.251784,0.001228,25.717384,26.017718
216,0,0.018210,3.830481,0.068599,0.002385,3.862285,13.070736,8.968231,29.980447,0.078870,2.581846,0.001016,25.836208,27.953145
217,0,0.011530,3.288916,0.064672,0.002391,3.318977,9.493493,13.919758,29.566437,0.075947,2.272792,0.000711,25.978489,27.474318
218,0,0.021428,2.974173,0.049715,0.001564,3.018175,14.011378,7.872932,29.477503,0.060092,1.822347,0.001690,26.256750,26.396770
219,0,0.010261,3.630872,0.072352,0.001774,3.685518,12.755551,10.580375,30.133187,0.085073,2.749802,0.000938,26.202342,27.988137
220,0,0.012866,3.622389,0.101777,0.002509,3.681127,8.656834,13.744728,29.197301,0.066923,2.817387,0.000951,25.198072,27.303941
221,0,0.047528,3.196493,0.330128,0.011662,3.434512,15.346621,6.569623,29.759551,0.077036,2.267736,0.000816,26.222811,26.336938
222,0,0.017510,3.102773,0.057571,0.001872,3.153173,8.394194,14.821780,29.900255,0.078951,1.833528,0.001415,26.598696,26.865801
223,0,0.021853,3.680121,0.135574,0.002867,3.747774,13.789116,7.625963,28.707407,0.108618,2.476616,0.001375,24.673069,25.094852
224,0,0.010481,3.638070,0.095747,0.002523,3.689023,10.522803,12.422982,30.393433,0.068467,2.690245,0.001227,26.475077,27.247479
225,0,0.015000,3.353677,0.077252,0.001748,3.420358,12.600417,10.478078,29.482277,0.077626,1.969680,0.001101,25.820772,26.873899
226,0,0.013901,3.738892,0.071371,0.001386,3.811400,12.876060,8.585291,29.263729,0.095599,2.539901,0.001522,25.250910,25.369000
227,0,0.016478,2.864810,0.066842,0.002961,2.914734,14.430444,4.683787,28.920824,0.324020,3.029845,0.001473,24.148158,24.254132
228,0,0.018711,3.498043,0.066536,0.002452,3.562072,15.063355,7.662904,29.934657,0.083253,2.135169,0.001202,26.058049,27.681731
229,0,0.021888,3.186107,0.231604,0.009517,3.294873,13.656901,7.688794,29.830379,0.084052,2.519060,0.001179,25.708622,26.123776
230,0,0.017370,2.435055,0.051841,0.001226,2.487911,12.395665,11.549100,30.047925,0.071157,1.227898,0.001281,27.390330,27.946486
231,0,0.021566,3.149113,0.054226,0.001792,3.205097,12.595418,9.637881,29.651860,0.061201,2.163080,0.001487,26.298612,26.413811
232,0,0.021188,2.843548,0.045918,0.001426,2.890487,14.345866,8.614233,29.585798,0.074563,1.748525,0.001074,26.562514,27.858685
233,0,0.014319,3.121091,0.084570,0.006725,3.202309,14.256553,8.594986,29.647629,0.072153,2.197191,0.000866,26.347215,28.283724
234,0,0.011813,4.735817,0.099930,0.002009,4.758222,9.046750,11.557514,29.572895,0.058802,3.176918,0.001321,24.536684,26.244265
235,0,0.022147,3.593259,0.051694,0.001858,3.646231,10.812842,11.574850,29.488067,0.059234,2.632211,0.001073,25.715126,26.108444
236,0,0.014850,2.824958,0.051735,0.001366,2.878059,23.835103,13.543567,43.911002,0.046591,1.587945,0.001356,40.933409,41.291739
237,0,0.018622,3.145140,0.060083,0.001567,3.196905,10.679281,11.645350,29.368344,0.074639,2.126685,0.001797,25.922980,26.114252
238,0,0.015957,3.165975,0.098720,0.002486,3.222806,8.772715,13.514047,29.511160,0.057226,1.954262,0.001271,26.072627,27.777857
239,0,0.018658,3.259655,0.056149,0.002213,3.313169,11.120854,11.609315,28.989777,0.123516,2.047068,0.001099,25.488497,26.879449
240,0,0.015949,3.573537,0.056099,0.001339,3.619066,12.558411,9.731768,29.630858,0.065828,2.829189,0.000833,25.789375,28.145183
241,0,0.011876,3.548074,0.070904,0.002576,3.608314,10.478015,11.924576,29.584155,0.087259,2.752619,0.001248,25.662484,25.799420
242,0,0.018911,3.114693,0.078174,0.001461,3.188354,15.431792,6.954958,29.410687,0.069084,2.155440,0.000832,25.919543,28.138389
243,0,0.012987,3.631411,0.066344,0.001972,3.685898,10.682481,12.519804,29.703290,0.065807,2.696805,0.001000,25.901873,28.080657
244,0,0.016888,4.161779,0.065376,0.002585,4.219498,8.554853,14.571402,29.868713,0.066425,2.823074,0.001042,25.470396,25.597415
245,0,0.024218,3.144527,0.064741,0.002039,3.210410,11.241515,11.895931,30.327779,0.280326,2.231802,0.001040,26.700921,28.343779
246,0,0.016187,3.431079,0.062472,0.002429,3.494355,8.843871,14.492711,30.372357,0.063390,2.347806,0.001280,26.613440,26.805806
247,0,0.018708,3.269544,0.053638,0.002367,3.313081,12.283151,9.129420,28.568959,0.067007,2.475528,0.000747,25.007567,26.239693
248,0,0.020630,3.318936,0.072150,0.002386,3.392381,17.548148,4.756611,30.057564,0.067578,1.866767,0.001918,26.444243,26.681467
249,0,0.019697,3.025359,0.059138,0.001828,3.086082,12.350718,9.578810,29.706067,0.063303,1.821486,0.001241,26.313109,26.495163
250,0,0.019799,3.287769,0.071805,0.001928,3.346031,18.595974,3.192653,28.951143,0.060559,2.119406,0.001002,25.467866,27.559913
251,0,0.013016,3.098571,0.083639,0.002640,3.180056,15.576026,7.626599,30.363742,0.084911,2.069648,0.001537,26.900318,27.101578
252,0,0.016186,3.624228,0.060104,0.001385,3.679300,12.007289,9.545273,29.526912,0.062559,2.549788,0.001120,25.623572,25.796927
253,0,0.016596,3.883650,0.081050,0.002710,3.962696,14.318724,7.894985,29.717137,0.061370,2.732700,0.000896,25.631262,25.743195
254,0,0.018599,4.450174,0.070890,0.001171,4.507406,9.772577,12.663931,29.733541,0.074685,3.348120,0.001290,24.939925,28.347171
255,0,0.020552,3.764810,0.060698,0.002122,3.827630,20.086592,16.114014,44.579341,0.124019,2.417243,0.001212,40.546201,40.667558
256,0,0.035178,2.882067,0.062227,0.003245,2.937890,19.069419,2.926098,28.419531,0.107642,1.594765,0.000981,25.248621,26.902916
257,0,0.013531,3.574812,0.071674,0.002270,3.601983,16.529626,6.052711,30.080907,0.071421,2.414135,0.001287,26.079345,27.961342
258,0,0.021166,2.934753,0.061791,0.001988,2.994936,10.395032,12.020464,29.604153,0.088793,1.450681,0.001011,26.424919,27.345443
259,0,0.022031,3.718004,0.061931,0.001952,3.765484,10.942470,11.525425,30.214494,0.122893,2.514200,0.002402,26.172157,26.379991
260,0,0.021125,3.700201,0.073999,0.002073,3.740939,10.861913,11.601873,29.162070,0.078817,2.518619,0.001143,25.175951,25.275406
261,0,0.021299,3.718574,0.097916,0.039242,3.770483,15.532104,6.215916,29.430865,0.047557,2.426834,0.001163,25.505519,25.655236
262,0,0.016870,4.320741,0.242262,0.009857,4.546286,17.284657,4.085665,29.446347,0.087068,1.957002,0.001096,24.775106,24.945025
263,0,0.021362,3.265173,0.057277,0.002579,3.314731,12.163939,11.134773,29.722675,0.080339,1.934536,0.001472,26.117933,26.231807
264,0,0.021476,2.922085,0.068508,0.002864,2.993457,14.898914,8.560856,29.864907,0.063561,1.083397,0.001063,26.738134,26.874983
265,0,0.019339,2.879560,0.054982,0.002526,2.935563,24.819110,12.536238,44.512020,0.090299,1.552227,0.000932,41.369050,42.326536
266,0,0.021226,2.955290,0.079308,0.002219,3.012043,13.986594,8.565576,29.315162,0.072925,1.705812,0.001082,26.136727,26.811181
267,0,0.020892,3.329209,0.061488,0.001764,3.382862,12.819154,9.526936,29.052741,0.061434,2.192959,0.001194,25.402631,25.488834
268,0,0.020391,3.220336,0.076748,0.002158,3.274980,16.665446,5.674114,29.181545,0.066606,1.874185,0.000810,25.752020,27.373643
269,0,0.017189,3.268335,0.062937,0.002094,3.333366,17.177219,5.650431,29.786815,0.069751,2.111859,0.001456,26.312931,27.083478
270,0,0.014615,3.631884,0.052057,0.002721,3.682069,18.562734,2.859814,29.196717,0.070296,2.454330,0.000829,25.307189,26.950081
271,0,0.015025,3.121223,0.045593,0.002838,3.168815,12.413922,10.588723,30.092219,0.079414,2.018071,0.001198,26.741021,27.128151
272,0,0.023004,3.271114,0.058783,0.001663,3.307954,14.711249,8.037149,29.878219,0.136139,2.306115,0.001255,26.219498,26.770288
273,0,0.018114,3.175492,0.056354,0.002657,3.226698,14.261225,7.056798,28.643725,0.062778,2.023304,0.001416,25.224901,25.752453
274,0,0.021635,3.027343,0.058237,0.001710,3.076947,18.357563,4.874502,30.058707,0.054303,1.622630,0.000977,26.813917,27.203062
275,0,0.018063,2.760781,0.075088,0.003083,2.803171,10.883955,12.624169,30.797684,0.077007,1.707026,0.001107,27.718074,29.470463
276,0,0.022200,3.639242,0.075980,0.001389,3.707739,15.568672,6.002387,29.452205,0.086782,2.462421,0.001467,25.504730,26.236282
277,0,0.015909,3.358270,0.064810,0.001493,3.423991,21.392328,16.023165,44.969774,0.058135,2.245685,0.001225,41.345902,43.648538
278,0,0.029320,3.339560,0.072158,0.001881,3.412979,17.829715,3.940131,28.806598,0.112315,1.532492,0.001204,25.270177,26.237761
279,0,0.013803,3.483470,0.067316,0.002142,3.548108,12.949500,9.552706,29.518198,0.071214,2.191383,0.001296,25.774715,25.884804
280,0,0.012886,3.738345,0.080082,0.002442,3.762463,13.546320,8.524643,29.883612,0.239309,2.601198,0.001431,25.574433,26.990322
281,0,0.011774,3.085326,0.063986,0.001818,3.150601,14.154031,9.839929,30.017209,0.075518,2.063439,0.000778,26.692649,27.620184
282,0,0.016901,3.153898,0.055284,0.002062,3.203072,24.247013,13.077275,44.817540,0.070393,1.447951,0.001224,41.477394,41.580426
283,0,0.019956,3.616717,0.067992,0.001264,3.665834,20.946689,16.476745,44.767805,0.059646,2.551136,0.001231,40.956603,41.783649
284,0,0.022007,3.561758,0.061507,0.001133,3.593771,15.527558,5.884305,28.682682,0.073381,2.610248,0.000721,24.824209,26.620998
285,0,0.012310,3.407835,0.070394,0.001396,3.477704,13.423064,9.581045,29.994495,0.053529,2.302710,0.001178,26.373172,28.730186
286,0,0.017285,3.181884,0.063974,0.002085,3.236977,14.705860,7.589022,29.430816,0.063574,2.185927,0.001657,25.838739,27.611935
287,0,0.019776,3.221903,0.056218,0.001398,3.277076,20.941725,1.119439,29.045154,0.059879,2.333526,0.001885,25.639426,27.026269
288,0,0.011008,2.843552,0.089893,0.001862,2.934678,19.956619,3.716139,29.896083,0.081316,1.202537,0.001017,26.703652,27.699803
289,0,0.014348,3.116511,0.090704,0.002723,3.209938,17.027710,4.639667,29.054757,0.059913,2.229923,0.001213,25.636962,25.811271
290,0,0.022287,3.316997,0.075455,0.002227,3.374907,22.578130,14.832584,45.136048,0.073488,2.078459,0.001108,41.619969,42.371774
291,0,0.018684,3.187889,0.067795,0.001972,3.239082,23.332863,14.183139,44.747502,0.126533,1.857781,0.000970,41.254609,41.413345
292,0,0.020435,3.895073,0.082759,0.001250,3.965064,9.819665,12.528883,29.417055,0.134856,2.203286,0.000987,25.162313,25.245343
293,0,0.015802,3.705545,0.055543,0.001430,3.758589,21.474684,15.006596,44.047141,0.059437,2.705962,0.000996,40.167669,40.294047
294,0,0.021774,3.748245,0.077478,0.002811,3.786360,18.337039,1.936951,29.498747,0.089844,2.617579,0.001746,25.390138,25.613351
295,0,0.011140,3.825494,0.077841,0.002192,3.877046,21.956900,13.466933,44.353975,0.060347,2.558974,0.000934,40.299111,40.432553
296,0,0.021473,3.392595,0.091600,0.005099,3.430686,23.924325,13.026850,44.436029,0.256517,2.593963,0.001007,40.609386,41.686630
297,0,0.021339,3.687882,0.057792,0.002866,3.737892,11.780578,8.656864,28.503914,0.066813,2.554003,0.000821,24.608777,26.349005
298,0,0.020050,3.707884,0.070712,0.002509,3.768481,10.683277,12.600405,30.480338,0.068899,2.641472,0.001104,26.514079,26.595847
299,0,0.031717,3.289650,0.057244,0.001561,3.323782,15.572376,4.949339,28.376742,0.060618,1.732922,0.001147,24.519879,24.697264
300,0,0.013097,3.389345,0.051718,0.001710,3.437218,18.668923,3.553661,29.865613,0.055550,2.386642,0.000921,26.198935,26.302952
301,0,0.016384,3.719242,0.075743,0.001939,3.780580,12.224248,10.590454,30.050173,0.072387,2.456917,0.000705,26.147074,27.829408
302,0,0.014345,3.707344,0.074423,0.002580,3.756819,10.545936,13.456452,30.809607,0.093236,2.608282,0.001011,26.801364,28.280450
303,0,0.027645,3.621699,0.068445,0.001182,3.676972,16.124406,5.626455,29.588426,0.100948,2.343176,0.000884,25.656362,28.101353
304,0,0.017112,3.910622,0.070776,0.002563,3.969865,21.309837,15.580293,44.307814,0.072905,2.593481,0.000922,40.132505,40.286354
305,0,0.021206,3.213991,0.083757,0.002083,3.260019,21.426789,0.441234,28.567571,0.066120,2.256911,0.000994,25.166597,27.355666
306,0,0.008733,3.374075,0.070479,0.002039,3.442428,12.757041,11.950317,30.889902,0.071761,1.746047,0.000806,27.327050,28.984252
307,0,0.018212,3.402403,0.051328,0.003381,3.446729,14.035080,8.556750,29.598709,0.077007,2.482494,0.000738,25.996854,26.101483
308,0,0.014495,3.104375,0.059809,0.003027,3.160071,11.845087,10.872546,29.380186,0.060374,2.194937,0.001129,26.001786,26.148769
309,0,0.014509,3.100550,0.065709,0.001875,3.167071,20.462872,1.698236,28.816053,0.105302,2.161436,0.001390,25.508862,27.566132
310,0,0.014034,3.076937,0.069463,0.002043,3.130308,14.160675,8.564180,30.093980,0.054795,1.738060,0.001146,26.528823,26.758986
311,0,0.019566,3.526665,0.072065,0.002184,3.583800,22.626020,14.155245,44.659759,0.085488,2.769928,0.000884,40.708216,40.964651
312,0,0.019609,2.995365,0.075895,0.002758,3.066732,23.687082,13.946584,44.417895,0.074699,1.874282,0.000990,41.154317,42.947857
313,0,0.021884,5.288851,0.065199,0.001545,5.315731,19.696625,15.888344,44.967186,0.158827,4.340158,0.001100,39.186938,39.549057
314,0,0.021158,3.903746,0.064251,0.002072,3.948636,28.163460,6.678392,43.761162,0.257236,2.494200,0.001194,39.413302,40.372786
315,0,0.022555,2.890443,0.073120,0.001456,2.946785,21.234587,16.044099,45.097393,0.069023,1.684916,0.001071,41.943886,42.805096
316,0,0.023712,3.196737,0.052570,0.002121,3.251428,16.976651,4.316288,28.961334,0.058050,1.507673,0.001103,25.509291,26.307607
317,0,0.021940,2.777464,0.066863,0.002222,2.845189,20.766159,0.700576,29.101241,0.060214,1.308241,0.001105,26.076688,26.424892
318,0,0.009634,3.125167,0.101078,0.002474,3.182838,21.060631,0.499476,29.523787,0.097028,1.575618,0.001350,25.955055,26.306498
319,0,0.015541,3.379280,0.074016,0.002115,3.433848,21.661759,1.954480,30.204098,0.059309,2.077314,0.001065,26.630814,27.353107
320,0,0.013617,2.948522,0.168625,0.001803,2.981871,21.124722,16.546367,45.571544,0.054062,1.995224,0.001279,42.189449,42.373155
321,0,0.022194,2.794605,0.064221,0.002487,2.830580,19.431088,10.591290,43.139299,0.069295,1.658709,0.000830,40.067982,41.160538
322,0,0.030688,3.287183,0.056956,0.002069,3.309786,23.428400,12.800830,43.950953,0.084506,2.250136,0.001288,40.401589,41.514305
323,0,0.020696,3.323412,0.069118,0.001719,3.364879,15.980506,5.606536,29.187867,0.169658,1.849845,0.001054,25.426203,25.663973
324,0,0.016323,3.110287,0.055243,0.001896,3.163472,20.530561,1.610094,28.917958,0.087363,1.328364,0.001320,25.558304,26.730394
325,0,0.013076,3.879638,0.054496,0.002466,3.925622,19.463881,1.591042,29.517527,0.112717,3.093841,0.001172,25.007093,26.990377
326,0,0.011011,2.786054,0.052814,0.002982,2.827419,22.440079,0.872577,30.217743,0.056188,0.966338,0.001042,27.154787,27.336642
327,0,0.008548,2.873259,0.063482,0.001894,2.938036,13.146450,10.530298,29.942587,0.059717,0.949515,0.001463,26.780592,26.907853
328,0,0.017614,3.476726,0.083709,0.001534,3.553820,17.179066,5.225300,29.240106,0.135995,2.609502,0.001152,25.354614,27.177719
329,0,0.017027,3.585290,0.076453,0.001748,3.634789,23.543585,15.991045,46.721431,0.065410,2.191194,0.000938,42.959866,43.054413
330,0,0.044109,3.384803,0.104536,0.002230,3.490477,23.012995,14.173724,44.137907,0.146405,1.949256,0.001215,40.428913,41.127256
331,0,0.028954,4.005653,0.071087,0.002798,4.065061,19.079632,0.772358,27.934081,0.104691,2.790803,0.000892,23.632894,24.032628
332,0,0.009380,2.994144,0.068929,0.002903,3.065976,14.074656,10.636942,31.088639,0.047711,1.321969,0.001337,27.867266,29.213548
333,0,0.022475,2.754967,0.056202,0.002765,2.788749,17.367648,5.268889,29.262550,0.086518,1.511977,0.025745,26.216836,26.923128
334,0,0.018461,2.202519,0.062418,0.003085,2.236792,13.548541,10.851481,29.744231,0.069558,1.132142,0.001202,27.313109,27.437099
335,0,0.020457,3.265048,0.059997,0.002205,3.303226,22.509742,15.667583,44.900683,0.062334,1.565788,0.000927,41.394389,41.479419
336,0,0.022507,2.914391,0.052291,0.002179,2.968861,22.763013,13.860769,44.420251,0.081247,0.943757,0.001349,41.279447,41.633502
337,0,0.018714,2.847395,0.051667,0.001838,2.893662,13.483851,8.520073,29.162571,0.062843,1.624170,0.001225,26.064527,26.240527
338,0,0.016530,3.159978,0.099299,0.002556,3.261833,14.871475,6.993056,28.781961,0.069016,2.160458,0.001449,25.436308,27.060005
339,0,0.018163,3.580139,0.083169,0.002429,3.643561,17.670179,3.726341,29.521090,0.063941,2.429030,0.000991,25.521358,25.778750
340,0,0.014318,3.235315,0.065735,0.003095,3.275703,18.390140,2.977010,29.922905,0.209991,1.536851,0.001443,26.147569,26.491509
341,0,0.009773,3.296936,0.060008,0.001716,3.354512,25.075971,12.117834,44.495622,0.077306,2.301663,0.000894,40.957301,41.970764
342,0,0.022182,3.408174,0.068665,0.002571,3.463558,21.898292,16.138037,45.510083,0.078594,2.412292,0.000944,41.860354,44.275785
343,0,0.020567,3.119685,0.061221,0.002137,3.182513,20.464351,15.755384,43.787976,0.067412,1.798844,0.001162,40.439026,40.549200
344,0,0.023874,4.722223,0.055018,0.001949,4.778012,25.092435,10.575269,44.327436,0.104831,3.757867,0.001082,39.311715,43.067481
345,0,0.030601,3.142209,0.065227,0.001993,3.198995,26.344542,11.581207,44.742715,0.068200,2.107123,0.000820,41.368283,41.528924
346,0,0.022584,3.245150,0.081975,0.001845,3.328029,24.512596,11.703280,44.337057,0.079984,2.304980,0.001195,40.812510,41.023243
347,0,0.022989,3.499296,0.073349,0.002803,3.536804,25.915465,9.529717,42.999958,0.077800,2.398152,0.001553,39.283658,40.990048
348,0,0.018812,3.641791,0.061879,0.001872,3.702872,24.407131,12.800294,44.847369,0.063448,2.694859,0.001143,40.951126,41.095802
349,0,0.019928,3.727879,0.062118,0.002206,3.777907,19.280946,0.952887,28.439526,0.073734,2.810941,0.001114,24.447281,26.229135
350,0,0.009162,3.165768,0.062925,0.002906,3.230341,25.324056,12.829627,45.456541,0.071565,2.106372,0.000818,42.054949,43.404260
351,0,0.022269,3.563724,0.068757,0.001923,3.634404,25.748685,12.015744,45.021841,0.089183,2.073434,0.000888,41.243371,43.400274
352,0,0.015569,3.379826,0.071054,0.002612,3.449624,24.235865,11.533701,43.661587,0.054299,2.084048,0.001213,40.053679,40.175303
353,0,0.020944,3.510955,0.057245,0.001704,3.558792,19.204635,3.818220,30.120563,0.138418,2.139791,0.001186,26.290562,26.381234
354,0,0.012610,3.469340,0.057645,0.001588,3.512474,25.552766,13.884069,45.597265,0.062613,1.659768,0.000964,41.941313,42.741742
355,0,0.015950,3.055572,0.066384,0.002216,3.113795,26.134327,9.994230,43.317461,0.074609,1.747970,0.001383,40.074321,41.795846
356,0,0.016280,3.493924,0.079644,0.002531,3.570005,20.138376,1.513037,29.586727,0.063921,1.997922,0.001410,25.810318,25.941696
357,0,0.009474,2.835236,0.082507,0.002867,2.920294,18.918179,4.761055,29.299351,0.069756,1.539982,0.000843,26.308829,27.224513
358,0,0.014288,3.537554,0.070660,0.002027,3.601103,19.513416,3.881212,29.754786,0.076604,2.416268,0.001024,25.987529,27.638643
359,0,0.008850,3.474727,0.060193,0.001943,3.521945,15.160423,7.694501,30.068679,0.076728,2.284573,0.001206,26.305295,26.464368
360,0,0.017763,3.157316,0.057310,0.002008,3.208608,14.623189,8.587415,30.155142,0.061389,1.917005,0.000909,26.737251,28.305603
361,0,0.020333,3.052825,0.065740,0.002340,3.108240,18.805200,2.896883,28.704868,0.096139,1.773001,0.001043,25.454099,25.553887
362,0,0.013485,3.095113,0.063061,0.001396,3.133289,15.004048,7.956280,29.712305,0.070087,2.119975,0.000733,26.289305,26.431429
363,0,0.014563,3.436762,0.062406,0.002915,3.476723,27.257712,8.953815,45.138373,0.063435,3.367028,0.000816,40.170679,40.952391
364,0,0.013833,2.980083,0.106798,0.001585,3.046591,15.169169,6.590572,28.814654,0.064353,1.958597,0.000749,25.450935,27.449068
365,0,0.017977,3.053408,0.059551,0.001151,3.078381,23.771886,14.561608,45.496049,0.080225,1.953322,0.001194,42.179026,43.295269
366,0,0.022441,2.861997,0.062778,0.001696,2.925627,20.756178,16.003429,44.021369,0.073906,1.225894,0.001426,40.875503,42.028164
367,0,0.024917,3.296218,0.055427,0.002179,3.345891,18.678064,3.618641,29.487052,0.075568,2.007433,0.000797,25.887539,26.119143
368,0,0.025339,2.398459,0.061906,0.001995,2.461071,25.224694,12.589180,44.915350,0.056614,0.909955,0.001234,42.153283,43.106719
369,0,0.020255,3.258757,0.060098,0.001886,3.298341,25.891648,11.512183,44.321747,0.074725,1.768672,0.001376,40.824345,41.945561
370,0,0.022767,3.767888,0.495511,0.002378,4.265777,19.929973,13.833250,44.039567,0.070511,3.223237,0.001022,39.531571,41.446950
371,0,0.022185,3.322129,0.059360,0.001379,3.381631,25.568180,11.846979,44.426109,0.069149,2.346681,0.001462,40.901775,42.813739
372,0,0.017097,3.203923,0.135633,0.002935,3.250679,16.030730,4.697798,28.428082,0.069172,2.266163,0.001260,24.883635,26.558134
373,0,0.017071,2.679541,0.086021,0.001280,2.766468,20.271722,2.609164,29.097583,0.066552,0.743875,0.003976,26.218324,26.745579
374,0,0.013751,3.388925,0.136479,0.002548,3.467144,26.339794,11.558173,45.537383,0.089811,2.233652,0.000990,41.780836,41.895916
375,0,0.023062,3.460122,0.061179,0.002915,3.510128,24.009928,13.547691,44.830283,0.074268,2.275077,0.000974,41.171905,42.273592
376,0,0.025653,3.070415,0.055169,0.001794,3.124707,20.499243,15.633150,43.842999,0.110339,2.074904,0.001398,40.545938,40.638293
377,0,0.022460,3.020851,0.056424,0.001509,3.069309,27.051754,12.137976,45.289463,0.065741,2.042526,0.001657,42.043620,43.930388
378,0,0.021750,3.321109,0.094590,0.006405,3.383637,23.669503,13.887805,44.430307,0.064253,2.056701,0.008288,40.874591,41.477651
379,0,0.017426,3.677231,0.103692,0.002431,3.753162,21.954056,15.645044,44.435252,0.084663,2.648740,0.001132,40.543426,40.712417
380,0,0.018179,2.985807,0.085416,0.002602,3.043376,18.473377,3.478543,29.185609,0.060753,1.858823,0.001260,26.032204,26.125431
381,0,0.016263,3.258489,0.093445,0.002564,3.333859,18.902053,4.652566,29.781107,0.077189,2.103846,0.001354,26.318222,28.492840
382,0,0.015348,3.137908,0.066711,0.002320,3.202392,23.951032,14.080688,44.796742,0.063132,1.993778,0.001165,41.387748,43.088176
383,0,0.023581,2.658650,0.074532,0.001868,2.691843,16.079912,6.641170,29.656479,0.057356,1.039849,0.000990,26.748508,26.903788
384,0,0.017472,3.279129,0.090697,0.002055,3.338236,20.766738,1.694043,28.580129,0.075964,2.044711,0.000662,25.073657,27.182129
385,0,0.011931,3.056573,0.059475,0.001626,3.112434,15.566381,7.112944,30.157283,0.074947,1.194266,0.001227,26.858449,26.995170
386,0,0.018603,3.618808,0.062552,0.001401,3.675295,25.762871,10.914464,44.485254,0.067754,2.421106,0.001295,40.621117,42.429280
387,0,0.022484,2.737616,0.060638,0.001631,2.795490,32.334358,4.959169,44.262569,0.083835,1.395663,0.001207,41.284986,42.276798
388,0,0.018616,3.187020,0.157485,0.010218,3.281609,25.907668,11.156680,44.961444,0.076259,2.208754,0.001248,41.371092,41.501194
389,0,0.020348,2.715170,0.050595,0.001734,2.766476,26.771313,10.995135,44.065915,0.077462,1.610920,0.001208,41.130731,42.784023
390,0,0.019075,3.627266,0.050836,0.001982,3.678297,26.663368,10.580977,44.813150,0.057530,2.743891,0.000808,40.932975,41.460898
391,0,0.017403,3.239131,0.055718,0.001289,3.290666,18.128649,3.873909,29.108369,0.067826,2.234896,0.001679,25.692723,27.785746
392,0,0.016278,3.688514,0.060390,0.001996,3.747442,27.892823,9.603706,45.180115,0.060279,2.466904,0.001095,41.147203,41.788757
393,0,0.017913,3.229279,0.064316,0.002028,3.288798,22.501188,13.922390,44.188831,0.101499,2.161218,0.001317,40.732625,40.877304
394,0,0.019912,5.272583,0.069156,0.002712,5.319993,22.973710,12.610373,44.688759,0.069346,4.341808,0.001015,39.154034,39.280667
395,0,0.024755,2.482791,0.055073,0.001452,2.539127,27.546525,8.032788,43.033255,0.061343,0.565510,0.001156,40.294308,40.367597
396,0,0.013113,3.300291,0.097875,0.002882,3.401048,28.489853,9.561074,44.780578,0.065893,2.018070,0.001645,41.309959,43.327288
397,0,0.019769,3.273165,0.071274,0.002433,3.346872,31.537198,4.078936,43.627226,0.059485,1.789064,0.002105,39.991844,40.195433
398,0,0.010917,3.368611,0.073572,0.002425,3.420019,19.472626,2.772822,29.639385,0.070266,2.441899,0.000982,25.992446,28.257525
399,0,0.016163,5.164624,0.178091,0.006771,5.233227,20.546493,14.505667,44.917445,0.400293,4.513167,0.001669,38.971953,39.509750
400,0,0.024807,3.132615,0.079475,0.001581,3.182308,17.579237,4.000832,29.336958,0.070302,2.058916,0.000813,25.862288,26.076322
401,0,0.014863,3.157598,0.068794,0.001950,3.228342,19.932142,3.635895,30.494811,0.077625,1.740064,0.001122,27.058748,27.224344
402,0,0.011901,3.382046,0.146700,0.001830,3.420391,20.057599,1.539969,28.948397,0.367957,1.533053,0.001017,25.283861,25.383795
403,0,0.017265,3.089376,0.058516,0.001792,3.144716,34.287995,3.952883,45.183889,0.085144,1.168119,0.000921,41.884273,43.045522
404,0,0.015226,3.216516,0.063664,0.001583,3.273535,27.532933,8.936218,44.677249,0.061354,2.291624,0.001204,41.183719,41.274749
405,0,0.022765,2.453519,0.056247,0.001913,2.508084,18.447927,3.705708,29.318012,0.062118,1.038257,0.001152,26.561723,27.648847
406,0,0.014850,3.149133,0.072017,0.001614,3.214112,21.019566,0.726174,29.825583,0.067277,1.894289,0.001529,26.390839,26.569854
407,0,0.010402,3.219939,0.058543,0.001443,3.276661,24.331421,14.599505,46.065524,0.073060,2.081059,0.001294,42.649104,43.600383
408,0,0.020552,3.476417,0.054926,0.001760,3.516713,18.458518,2.976163,28.949586,0.060943,2.546469,0.001292,25.264759,25.377692
409,0,0.008903,3.518971,0.072311,0.002204,3.586100,26.518665,11.632751,46.124542,0.054518,2.584207,0.001225,42.280972,42.383659
410,0,0.020274,3.570109,0.095969,0.002522,3.631524,20.204335,0.484165,29.127678,0.077861,2.257665,0.001166,24.684393,25.226233
411,0,0.008255,3.661923,0.080978,0.002460,3.727882,24.160238,14.938129,46.012776,0.064171,2.788936,0.000800,41.927329,42.255901
412,0,0.023869,3.267769,0.052331,0.001524,3.316773,32.929942,3.153373,44.235992,0.067638,2.141918,0.001567,40.737926,40.881901
413,0,0.014545,3.297536,0.062722,0.002571,3.343371,22.457073,16.641166,46.447092,0.064909,2.123176,0.000924,42.980952,44.387344
414,0,0.023302,2.489762,0.202981,0.006443,2.553529,28.613331,8.612640,44.546439,0.246215,0.799024,0.001434,41.582401,41.797587
415,0,0.016948,3.617848,0.064146,0.003166,3.671630,19.980693,1.607854,29.322246,0.071974,2.446282,0.001334,25.491588,26.036703
416,0,0.014190,3.281744,0.060323,0.002330,3.342822,30.898150,6.558964,44.756567,0.065021,2.315276,0.000962,41.233881,43.369737
417,0,0.016254,3.075509,0.059835,0.001935,3.136597,36.792752,0.931469,44.579805,0.059402,2.049815,0.001007,41.256878,43.220864
418,0,0.009333,2.215507,0.043984,0.001562,2.248110,21.213663,3.910067,31.066955,0.081350,1.035668,0.000793,28.663813,28.828031
419,0,0.013089,3.600225,0.073161,0.001569,3.652543,27.035587,9.549871,44.305327,0.191418,2.605612,0.001192,40.358117,42.270614
420,0,0.020976,2.609407,0.063362,0.002701,2.673570,21.216909,0.517021,28.870681,0.110537,1.634023,0.001295,25.989762,26.186072
421,0,0.009104,3.260848,0.076303,0.001961,3.322071,22.129835,16.599839,46.649971,0.059898,2.199489,0.001899,43.149730,44.068763
422,0,0.023682,3.075383,0.060348,0.001868,3.137599,24.968728,12.527017,44.607743,0.063502,1.607807,0.000930,41.318266,42.074256
423,0,0.021923,3.272104,0.076631,0.002044,3.350779,28.388719,7.992965,44.220510,0.072564,2.100761,0.001361,40.752058,41.892257
424,0,0.018116,3.571679,0.061121,0.002596,3.629194,33.501532,4.547636,45.606748,0.072854,2.378730,0.001138,41.744785,43.850710
425,0,0.014895,3.576832,0.069618,0.001825,3.640667,22.017012,0.534893,29.857709,0.090509,2.424055,0.001482,26.010494,28.112305
426,0,0.009949,3.418195,0.073350,0.003175,3.488589,25.830134,12.728808,45.989585,0.058240,1.453904,0.001598,42.301699,43.149050
427,0,0.019939,3.417026,0.083265,0.002422,3.466798,17.461882,4.732848,29.755096,0.076432,2.271721,0.001376,26.053717,26.466920
428,0,0.014021,3.496521,0.137913,0.001584,3.553867,15.869895,6.650784,30.048684,0.057963,2.341902,0.000814,26.335165,26.571882
429,0,0.013664,3.374532,0.053054,0.002499,3.419552,20.206052,2.604235,29.965296,0.068497,1.811111,0.001750,26.334246,26.988817
430,0,0.010959,4.064840,0.083690,0.003088,4.120858,19.952403,1.542149,30.226726,0.064702,2.705239,0.001270,25.827388,28.224091
431,0,0.016855,3.614659,0.084391,0.002352,3.668547,16.455268,6.634408,30.127702,0.064405,2.090289,0.002136,26.228328,26.470854
432,0,0.015777,3.946523,0.174503,0.005175,3.994111,20.171535,0.567129,29.024427,0.319097,2.170794,0.001135,24.543492,25.023889
433,0,0.009154,3.599269,0.062326,0.001776,3.657282,34.408834,3.648667,45.397629,0.113502,2.230217,0.001217,41.597871,43.415292
434,0,0.015349,3.471705,0.057700,0.001921,3.518960,22.624413,0.586771,29.966355,0.071016,2.543226,0.001517,26.316386,26.415596
435,0,0.007374,3.643062,0.093832,0.002727,3.721133,17.423965,5.599337,30.585316,0.069203,2.752771,0.001644,26.607097,26.792427
436,0,0.015809,3.564469,0.081240,0.001906,3.626462,24.529750,14.643928,45.897107,0.067427,2.490949,0.001100,42.030343,44.221751
437,0,0.028939,3.832470,0.058843,0.002558,3.893084,22.985510,13.835033,44.516662,0.089801,2.337994,0.001001,40.430145,40.559043
438,0,0.022038,3.429466,0.081408,0.003044,3.467190,31.280290,5.728772,44.332187,0.060420,2.461060,0.000773,40.639827,42.774510
439,0,0.055040,3.459941,0.062130,0.002684,3.524014,24.644772,13.943085,45.674261,0.059861,1.657658,0.001057,41.992701,42.863061
440,0,0.019909,3.227489,0.069738,0.001393,3.281320,25.817839,11.680149,45.237564,0.055562,1.978660,0.000996,41.763491,42.224738
441,0,0.019092,3.185590,0.089351,0.002257,3.277198,37.501266,15.592311,60.380961,0.066068,1.057007,0.000995,56.920881,57.097782
442,0,0.020226,2.997875,0.052038,0.001087,3.041158,26.143676,11.918410,44.289363,0.060106,1.979989,0.001127,41.144200,43.015666
443,0,0.029889,3.560505,0.068404,0.002312,3.616047,21.339497,15.663100,44.373770,0.073868,2.332009,0.000926,40.581071,40.723063
444,0,0.020550,3.176163,0.065850,0.001855,3.238284,30.745481,5.556604,44.152451,0.072241,2.002658,0.000993,40.572278,40.811749
445,0,0.013563,3.133499,0.063936,0.001481,3.180629,32.151027,6.532100,45.637190,0.057338,2.100271,0.001266,42.314528,42.940873
446,0,0.013596,3.126839,0.131894,0.006219,3.264952,20.986876,2.580985,29.553892,0.072176,1.886130,0.001222,26.131953,27.868716
447,0,0.014513,3.170150,0.059955,0.002006,3.225726,24.851403,13.693297,45.632272,0.059173,2.164354,0.001048,42.198208,42.367747
448,0,0.017688,3.430509,0.072445,0.002304,3.472393,34.199385,3.557480,45.312596,0.066121,2.537487,0.001092,41.590790,43.900812
449,0,0.015071,3.170703,0.074767,0.002263,3.245542,42.395647,8.520462,60.387660,0.102786,1.958773,0.001355,57.005571,57.097449
450,0,0.019370,3.269177,0.074977,0.002150,3.321405,24.704299,13.736115,45.498929,0.075464,2.389225,0.001002,41.946667,42.064638
451,0,0.022518,3.358166,0.079882,0.002331,3.405272,16.960374,4.547988,29.244185,0.063008,2.294112,0.001251,25.668152,25.777617
452,0,0.012955,3.142225,0.071997,0.002675,3.212493,17.524405,5.633528,30.729710,0.054754,2.212209,0.001193,27.363169,29.496595
453,0,0.012473,3.658188,0.097964,0.001509,3.717929,22.044141,16.538459,45.418094,0.053791,2.738538,0.001188,41.572512,43.537547
454,0,0.015723,3.226579,0.070158,0.002316,3.290691,20.579973,1.664691,29.018902,0.083097,1.718057,0.000894,25.467844,27.058424
455,0,0.011585,3.627647,0.097602,0.002758,3.702651,17.901333,5.719421,30.527753,0.066945,2.584146,0.000902,26.558266,28.726193
456,0,0.018063,3.346524,0.069163,0.001843,3.400204,27.463951,10.591482,45.268552,0.071069,2.369563,0.001165,41.716032,44.053140
457,0,0.023832,3.796562,0.074625,0.002939,3.870748,31.185824,4.575229,44.447910,0.074179,2.664563,0.001217,40.364295,40.494385
458,0,0.015572,3.289633,0.065774,0.001906,3.355868,21.661276,0.612370,29.374540,0.249176,1.959464,0.001494,25.532243,25.639991
459,0,0.007758,3.720693,0.073375,0.002284,3.794948,26.230922,11.712814,45.968171,0.085700,2.359874,0.001106,41.914656,43.836934
460,0,0.021660,3.363649,0.054146,0.001786,3.418577,18.004169,4.817568,29.974223,0.059418,2.407581,0.001111,26.378238,26.583982
461,0,0.019226,3.564638,0.060698,0.002102,3.621218,23.964050,13.696931,46.036275,0.063659,2.395541,0.001051,42.206812,42.303787
462,0,0.020013,4.042217,0.063417,0.001462,4.102414,41.684098,9.643219,58.992357,0.445700,2.918647,0.000908,54.113942,56.140355
463,0,0.018586,3.234086,0.072265,0.001208,3.296462,32.138519,5.575229,44.656971,0.057985,2.066273,0.001211,41.199223,43.322530
464,0,0.016039,3.558515,0.085027,0.001434,3.623156,25.373828,13.759796,46.103922,0.055751,2.618949,0.001634,42.314918,43.009300
465,0,0.014527,3.460172,0.066610,0.001848,3.516458,19.138047,2.674265,28.330360,0.069031,2.572452,0.001017,24.583350,24.734191
466,0,0.014217,3.092330,0.058399,0.002860,3.152628,21.819526,0.606588,29.186284,0.059047,2.031022,0.000746,25.860487,26.000805
467,0,0.008832,3.202452,0.093668,0.001545,3.266179,26.109710,13.588097,45.794333,0.103111,2.229738,0.001486,42.351231,44.339375
468,0,0.034992,3.082052,0.057245,0.001800,3.133397,39.865660,13.469149,60.188035,0.061817,2.095593,0.000776,56.852405,56.988987
469,0,0.013931,3.627899,0.089481,0.002390,3.711844,19.817880,2.723789,29.883533,0.093905,2.816214,0.000992,25.834152,26.023467
470,0,0.013742,3.213392,0.073682,0.002276,3.281644,23.034222,14.636214,45.777493,0.056953,2.053743,0.001128,42.220714,42.468791
471,0,0.022327,3.618968,0.172912,0.006601,3.706764,22.507528,13.853141,44.821089,0.076325,2.741492,0.000921,40.901184,41.043994
472,0,0.016991,3.411062,0.056705,0.001968,3.459569,38.498142,16.250695,61.312232,0.069463,2.086942,0.001530,57.693842,59.848419
473,0,0.022163,4.900941,0.102505,0.001868,4.956138,26.601391,8.539910,43.992261,0.117453,3.937238,0.000693,38.463822,40.840488
474,0,0.017148,3.334098,0.073713,0.001852,3.363761,20.107144,2.517701,29.476316,0.064912,2.428078,0.001446,25.891043,28.025600
475,0,0.013057,3.634248,0.057490,0.001681,3.693027,25.531985,12.542241,46.187283,0.068454,2.172370,0.001983,42.315332,42.437317
476,0,0.015012,4.389764,0.063657,0.001885,4.447865,30.767244,5.608597,44.326235,0.073269,2.254044,0.000968,39.643788,41.724588
477,0,0.011182,3.315793,0.068462,0.003088,3.377533,19.036847,4.810253,30.068719,0.061740,2.327315,0.000917,26.543269,26.641787
478,0,0.024796,3.650326,0.102940,0.001796,3.715967,23.823158,12.559524,45.575310,0.295905,1.989370,0.001735,41.620601,41.805208
479,0,0.026386,3.319671,0.098544,0.001708,3.366163,21.646469,1.548037,29.590231,0.126186,2.240004,0.000676,25.915006,27.788107
480,0,0.008802,3.426214,0.077640,0.002592,3.489196,33.185244,4.666830,44.595770,0.081322,1.814630,0.001324,40.756836,41.714983
481,0,0.016096,3.741434,0.064394,0.001776,3.782186,22.928600,15.683039,45.708474,0.182277,2.564065,0.001247,41.535826,41.683213
482,0,0.027651,4.228914,0.097988,0.003258,4.311343,32.756898,3.608308,44.550183,0.104959,3.085642,0.001604,39.897509,42.607942
483,0,0.016473,3.505806,0.075770,0.002216,3.575808,25.428411,11.594203,45.605741,0.127143,2.674390,0.001092,41.581754,41.926903
484,0,0.015349,3.708264,0.092877,0.002469,3.754557,36.445148,1.519380,44.709268,0.066502,2.765615,0.001752,40.795088,42.890759
485,0,0.014196,3.529356,0.084408,0.001793,3.571011,22.768567,14.805921,45.460072,0.083947,2.606975,0.001075,41.599274,43.198437
486,0,0.022103,3.265273,0.065777,0.002304,3.333354,33.153498,3.675688,44.192926,0.057204,1.685861,0.001576,40.580165,41.659862
487,0,0.014997,2.741694,0.058157,0.001613,2.800652,28.929557,9.668933,45.095458,0.077465,1.610112,0.000654,41.985872,42.883087
488,0,0.026014,3.455501,0.059896,0.001539,3.496874,31.841550,4.707461,44.205890,0.097945,2.057754,0.001488,40.394117,40.619973
489,0,0.018826,3.523832,0.070134,0.001427,3.571902,21.394576,1.502010,29.816780,0.088878,1.974737,0.001707,25.893482,26.852170
490,0,0.014952,2.929559,0.074658,0.001691,3.005037,27.757957,10.592230,45.495731,0.075871,1.704687,0.000873,42.316743,44.085211
491,0,0.018926,3.504701,0.081876,0.002194,3.582671,30.780442,6.701657,44.753309,0.061610,2.293546,0.000835,41.004262,43.166863
492,0,0.016709,3.373238,0.060472,0.001339,3.434072,42.617431,11.691243,61.181558,0.061131,2.126332,0.000984,57.608923,58.365760
493,0,0.018466,4.324448,0.069464,0.002362,4.374303,33.813680,1.889679,44.891792,0.059536,3.299555,0.001203,40.177234,41.573385
494,0,0.014054,3.481514,0.067197,0.001939,3.535744,38.581673,14.737391,60.821052,0.068550,2.671678,0.001270,57.049780,59.071891
495,0,0.016877,3.359391,0.235290,0.010736,3.605417,25.994585,11.696094,44.572736,0.151358,2.390281,0.001062,40.904450,41.146940
496,0,0.015999,3.133246,0.056183,0.001604,3.181088,21.538968,0.557165,29.549928,0.060040,2.159776,0.002268,26.217645,26.332898
497,0,0.010439,3.357647,0.067924,0.001702,3.392843,33.801151,5.492911,45.557617,0.061447,2.295889,0.001414,41.965801,43.151043
498,0,0.013137,3.406703,0.075686,0.002436,3.484825,22.878745,15.756495,45.504154,0.066660,2.284146,0.000752,41.730757,41.873925
499,0,0.020627,3.357234,0.089103,0.002407,3.423466,40.465967,11.706035,59.389405,0.059246,2.431357,0.001294,55.756554,55.852147
500,0,0.012113,3.542100,0.065612,0.001791,3.609503,19.940982,2.546977,29.576248,0.063198,2.542122,0.001760,25.756829,25.927011
501,0,0.010078,3.239242,0.071474,0.001241,3.310066,22.394594,0.525752,29.684554,0.067000,2.388230,0.001338,26.206644,27.950551
502,0,0.009100,5.386678,0.102998,0.001548,5.457210,21.995932,15.535451,46.161643,0.085625,3.960788,0.001193,40.523949,44.078058
503,0,0.021842,3.245558,0.070225,0.002080,3.309838,24.676301,12.772945,44.965834,0.091388,2.301133,0.001103,41.482802,41.589874
504,0,0.018945,3.402776,0.061935,0.002164,3.465633,34.992090,1.666000,44.517771,0.261934,2.280053,0.001619,40.663834,40.792530
505,0,0.014810,3.421101,0.064238,0.002420,3.485832,26.098738,11.545513,45.296613,0.069572,1.748458,0.001390,41.674498,42.001304
506,0,0.015032,3.616452,0.079439,0.001740,3.688357,28.967795,8.682563,44.695348,0.079824,2.447444,0.001208,40.680823,41.862328
507,0,0.017117,3.342119,0.073303,0.002180,3.404112,26.925518,11.656258,45.852103,0.077504,1.747892,0.001247,42.054456,43.104156
508,0,0.024978,3.448209,0.064807,0.002220,3.503829,24.764048,13.690975,45.327107,0.072562,2.306067,0.001362,41.629951,42.495315
509,0,0.021693,3.413694,0.069416,0.001494,3.474142,32.161004,3.536409,42.912339,0.076855,2.190740,0.001566,39.285554,40.092565
510,0,0.012840,3.366360,0.053047,0.001239,3.420436,21.002934,2.647419,30.031785,0.073183,2.169350,0.001007,26.453606,27.711846
511,0,0.014307,3.338888,0.081547,0.001455,3.404461,39.732530,13.613423,60.559483,0.074245,2.173547,0.001671,56.930963,58.674557
512,0,0.020712,3.549720,0.064613,0.001483,3.597177,27.685789,9.653932,44.743849,0.068825,2.460518,0.000854,40.877899,41.077258
513,0,0.023018,3.955141,0.065999,0.002169,4.023309,39.464792,13.579060,60.943769,0.087667,2.026642,0.001418,56.727594,58.271258
514,0,0.018639,3.490106,0.070590,0.001753,3.560623,29.880007,7.630510,45.419423,0.066190,1.773216,0.000817,41.607874,42.151017
515,0,0.015828,3.181561,0.069382,0.002225,3.241278,49.333953,2.512724,59.186375,0.074000,2.326770,0.001240,55.725369,57.200501
516,0,0.011744,3.334591,0.103001,0.002369,3.392101,42.860825,11.632128,61.441074,0.055388,2.416970,0.001401,57.800761,57.917020
517,0,0.015338,3.195822,0.064140,0.002830,3.249458,22.149773,15.583620,44.612306,0.058362,2.179992,0.001231,41.168069,41.297499
518,0,0.022735,3.583677,0.077455,0.001860,3.644650,33.353280,2.673496,44.230642,0.116195,2.368808,0.001373,40.320680,40.529132
519,0,0.012809,3.625937,0.100159,0.002558,3.661016,29.602438,6.540299,45.849308,0.064082,2.828908,0.001640,41.550565,43.739254
520,0,0.012831,3.396854,0.082741,0.002373,3.451452,30.439221,6.530644,44.784500,0.061583,2.538004,0.001401,41.104130,42.186363
521,0,0.012205,3.145753,0.067584,0.001848,3.214277,21.085386,2.616566,29.716882,0.079526,1.954575,0.001397,26.399338,28.374222
522,0,0.015001,3.333742,0.226730,0.001906,3.401704,36.658732,0.470453,44.615533,0.080704,2.206496,0.001169,40.830677,41.715749
523,0,0.008725,3.319618,0.077591,0.002033,3.388681,25.593728,12.659066,45.849924,0.122375,2.358154,0.001449,42.175023,42.402565
524,0,0.019713,3.383629,0.053637,0.003092,3.433398,36.162030,16.758967,60.823370,0.079876,2.256263,0.001362,57.177988,57.295177
525,0,0.018646,3.452109,0.071474,0.002476,3.522570,32.243732,4.652903,44.428838,0.061676,2.582565,0.001326,40.632188,40.751336
526,0,0.018510,3.550501,0.074332,0.001936,3.579272,34.785685,2.994746,44.331038,0.074218,2.433392,0.001204,40.539010,40.673188
527,0,0.026577,3.529633,0.048734,0.001944,3.571109,31.173155,6.761225,45.314250,0.073934,2.044085,0.001059,41.488986,41.622375
528,0,0.017700,2.617805,0.057867,0.002501,2.676612,36.914615,1.641115,45.057112,0.120853,1.407083,0.000786,42.197374,43.337199
529,0,0.014457,3.256345,0.071110,0.002571,3.329115,34.663813,1.684530,43.435270,0.096480,2.261427,0.001146,39.933348,40.039089
530,0,0.011427,3.270156,0.051513,0.001453,3.322856,51.850419,1.506847,60.488399,0.091591,1.994857,0.001352,56.983367,59.041705
531,0,0.014760,3.459214,0.064614,0.001996,3.518958,37.681056,14.899918,60.324546,0.065435,2.107344,0.001583,56.660294,56.760854
532,0,0.022723,3.308750,0.058406,0.002583,3.367538,47.396096,5.663833,60.116445,0.166873,1.481524,0.001007,56.400922,56.499593
533,0,0.020947,3.352741,0.051018,0.001835,3.404560,34.137986,4.553274,45.998421,0.070568,1.983848,0.001391,42.453788,42.552172
534,0,0.021354,3.633220,0.050725,0.002774,3.684777,32.565886,4.686878,44.727309,0.079030,2.150565,0.001775,40.857493,40.967249
535,0,0.019398,2.698006,0.053558,0.001639,2.729795,43.103303,10.729457,60.114808,0.096704,1.263537,0.001839,57.199958,57.317026
536,0,0.017323,3.314140,0.085119,0.001844,3.400833,35.153968,2.689826,44.716770,0.084039,2.231811,0.001206,41.046961,41.189500
537,0,0.018233,3.230048,0.055886,0.001460,3.276381,44.948255,8.879817,61.016486,0.097582,1.970890,0.001195,57.505450,59.543374
538,0,0.019389,4.612749,1.336908,0.006413,4.639345,34.318312,14.690822,59.857711,0.069235,2.660581,0.001511,55.020545,57.575747
539,0,0.059661,3.518118,0.127437,0.002351,3.595100,69.851686,12.622637,90.114053,0.445642,2.642571,0.001304,86.170118,86.292652
540,0,0.020130,3.367283,0.071101,0.002639,3.439418,39.685894,12.711211,59.938713,0.069197,2.051232,0.001148,56.368489,56.620042
541,0,0.015427,3.772871,0.081464,0.002053,3.856388,39.154622,13.720678,60.046964,0.080005,2.306044,0.001097,55.961616,56.147104
542,0,0.022785,2.765438,0.047044,0.001899,2.813905,39.077063,14.614411,60.046737,0.054599,1.109702,0.001373,57.060245,57.198244
543,0,0.022723,3.121932,0.060738,0.002560,3.175641,29.024749,8.753146,44.690902,0.059497,2.074823,0.001135,41.358118,42.420950
544,0,0.020996,3.619201,0.089039,0.008204,3.716444,41.284554,11.813617,60.156038,0.083531,2.542094,0.000879,56.196853,56.781854
545,0,0.019314,2.699224,0.061267,0.003097,2.760371,37.952370,15.597204,59.725968,0.076134,1.388774,0.001738,56.817424,57.410195
546,0,0.019867,3.451182,0.069491,0.001748,3.491047,28.090451,8.578525,43.965016,0.076571,2.227298,0.001283,40.172000,40.310810
547,0,0.021063,3.213443,0.060175,0.001975,3.275593,37.783058,16.721256,61.211812,0.065898,2.272346,0.001270,57.747581,59.859599
548,0,0.021317,3.311725,0.063692,0.001924,3.365219,48.106299,3.822704,59.062684,0.085108,2.393270,0.000982,55.520109,56.962830
549,0,0.017305,3.185382,0.068120,0.001775,3.243193,50.435537,3.759404,60.995978,0.077535,2.229335,0.001379,57.564045,59.089700
550,0,0.014050,3.385280,0.084727,0.002111,3.468735,34.192284,3.688997,45.157520,0.062736,1.629399,0.001138,41.430855,41.598200
551,0,0.015885,3.179253,0.058912,0.001382,3.231049,50.181348,3.608061,60.225689,0.075550,1.956159,0.000766,56.874791,58.891711
552,0,0.013861,3.359937,0.084347,0.001740,3.425609,28.220225,9.502323,44.699833,0.060380,2.522289,0.001281,41.067423,43.049489
553,0,0.015269,3.472571,0.096255,0.002906,3.568901,26.525366,12.601980,45.339479,0.082447,1.794665,0.000968,41.685611,43.506155
554,0,0.018937,3.543714,0.099970,0.003125,3.633458,26.065118,10.648147,44.914605,0.071376,2.231564,0.001098,40.970541,41.180813
555,0,0.018029,3.336647,0.104731,0.001980,3.404721,38.740988,14.691821,60.717471,0.059735,2.393264,0.001073,57.011272,57.221747
556,0,0.018358,3.254017,0.064643,0.001613,3.315528,33.781972,2.769205,44.276120,0.060613,2.328500,0.002146,40.771558,40.900107
557,0,0.030971,3.308257,0.064274,0.002103,3.364431,32.729109,4.547717,45.268967,0.063736,2.070582,0.001169,41.733653,43.036018
558,0,0.012061,3.294585,0.150199,0.002399,3.353050,42.740114,9.710832,59.839652,0.120873,2.236376,0.001157,55.985692,56.202703
559,0,0.021434,3.047293,0.065123,0.001603,3.113245,31.573070,6.660051,45.401571,0.058412,2.004666,0.000996,42.141274,43.712159
560,0,0.018143,3.269473,0.064707,0.001703,3.323075,36.174745,0.481599,44.261393,0.067382,2.431830,0.001367,40.703544,40.886471
561,0,0.008432,3.281963,0.076573,0.002718,3.360936,36.813117,1.599409,45.389244,0.099009,2.264763,0.001069,41.811206,43.048119
562,0,0.013810,3.216146,0.068599,0.001519,3.271649,28.850342,8.837193,45.151264,0.073759,2.276625,0.000955,41.512320,41.776207
563,0,0.022689,3.290555,0.068914,0.002349,3.350412,30.317804,7.621947,44.665050,0.074385,2.369119,0.000920,40.997899,41.909690
564,0,0.023087,3.359014,0.062243,0.002764,3.389068,48.091157,4.731339,59.498171,0.086363,2.147479,0.000844,55.889703,55.982995
565,0,0.014064,3.225025,0.054012,0.001401,3.279752,38.081412,15.568681,60.891269,0.054435,2.327273,0.001236,57.373008,59.058742
566,0,0.021129,3.471393,0.074208,0.001754,3.535241,36.446544,15.534228,59.741923,0.069583,2.509422,0.001720,55.869695,56.157271
567,0,0.020789,3.344163,0.065034,0.001615,3.404311,52.380643,0.481564,59.871750,0.064234,2.155720,0.000944,56.322660,57.720165
568,0,0.008873,3.492037,0.067346,0.002381,3.546134,38.544229,15.058696,61.415163,0.060927,2.643945,0.002245,57.522455,58.433462
569,0,0.021081,3.307859,0.054129,0.001724,3.356800,40.255246,11.671273,59.601865,0.062676,2.386980,0.001412,56.052406,56.181422
570,0,0.021106,3.101373,0.060253,0.001301,3.146988,33.730023,3.720124,44.740577,0.067480,1.890753,0.000999,41.353676,43.303409
571,0,0.012116,3.556348,0.091958,0.002220,3.649928,32.160390,6.630340,45.319351,0.069471,2.676523,0.001504,41.430624,43.371607
572,0,0.018331,3.243315,0.065877,0.002039,3.299703,37.128835,16.624387,60.772455,0.091995,1.913704,0.001315,57.217300,57.884525
573,0,0.022976,3.188842,0.079663,0.001441,3.263939,48.102220,4.863066,59.209339,0.063124,2.212471,0.000992,55.755691,57.176697
574,0,0.011141,3.249232,0.055909,0.002001,3.300325,42.276777,11.080457,60.314492,0.060423,2.326797,0.001424,56.791794,56.903347
575,0,0.017481,2.891785,0.064363,0.002343,2.943864,56.694794,11.530135,74.688135,0.054815,1.669318,0.001026,71.613132,73.335324
576,0,0.020306,3.295874,0.062480,0.002096,3.359601,47.590042,4.951744,59.871788,0.095697,2.243858,0.001482,56.331891,58.006231
577,0,0.013063,3.304660,0.088737,0.002355,3.375282,37.537071,14.816279,60.923516,0.069503,2.281937,0.001824,57.267478,57.500150
578,0,0.019515,3.764662,0.112530,0.002744,3.832674,31.619468,5.621641,44.833633,0.080898,2.644201,0.001098,40.672424,40.916584
579,0,0.019031,3.419344,0.053169,0.002118,3.461937,48.140374,3.923167,59.923416,0.065696,2.195869,0.000958,56.264593,56.405158
580,0,0.016317,3.216925,0.062301,0.001591,3.280817,53.255508,15.661645,76.114938,0.060461,1.985797,0.001506,72.691869,72.803779
581,0,0.022893,3.399398,0.053635,0.002357,3.452683,39.599519,13.923663,60.895752,0.120347,2.003780,0.001496,57.215122,58.622609
582,0,0.021996,3.365905,0.057988,0.001873,3.416888,50.720740,1.247606,60.030808,0.057810,1.829015,0.001431,56.318107,56.535763
583,0,0.009015,3.302224,0.114263,0.011056,3.361446,47.226802,8.914620,62.898627,0.230827,1.526803,0.000941,59.280853,60.796009
584,0,0.020991,3.398023,0.085650,0.002225,3.476488,41.466130,11.587736,60.950375,0.100249,1.901658,0.000970,57.157322,57.268268
585,0,0.018964,3.304933,0.068024,0.001663,3.373194,51.721349,1.611554,59.725104,0.060803,1.708413,0.001163,56.200045,56.744092
586,0,0.011876,3.382345,0.064687,0.003219,3.442426,44.758759,8.924872,61.385469,0.067482,2.604442,0.001033,57.476347,59.632184
587,0,0.017953,3.536317,0.102796,0.002615,3.616239,56.999540,10.193843,76.097696,0.093992,2.445569,0.001323,72.297034,72.432105
588,0,0.018382,3.755378,0.062595,0.002748,3.813242,33.085829,4.655538,45.916393,0.083866,2.652276,0.000838,41.688371,41.991552
589,0,0.018006,3.300968,0.056090,0.001968,3.356633,37.169784,1.072118,45.815719,0.066404,1.646984,0.001655,42.248663,43.694076
590,0,0.008350,4.207313,0.059236,0.001931,4.268363,45.180479,7.706304,60.491571,0.068082,3.250312,0.001063,55.975018,56.145416
591,0,0.015906,2.714361,0.054025,0.002501,2.769061,40.146160,14.673641,61.478069,0.067512,1.485619,0.001743,58.558691,60.026814
592,0,0.023793,3.141831,0.065222,0.001574,3.203363,41.845769,9.975161,60.402022,0.068321,1.915116,0.001156,56.958502,57.168288
593,0,0.023056,3.816661,0.089895,0.002704,3.890989,45.512727,3.691600,60.415909,0.082860,2.267553,0.001350,56.251783,57.291764
594,0,0.018735,2.846075,0.051285,0.001587,2.897947,42.544379,12.559276,62.118505,0.090268,1.223136,0.001414,59.062627,59.802144
595,0,0.024052,3.428034,0.203300,0.004378,3.546026,42.405629,6.730405,59.456865,0.118225,1.501968,0.001471,55.462872,56.513732
596,0,0.022652,3.263970,0.234575,0.016149,3.331093,43.491172,9.854822,60.819850,0.101407,1.697723,0.001303,57.272106,57.434075
597,0,0.020262,3.325165,0.067399,0.002113,3.393053,42.014921,12.243496,60.988132,0.060547,1.372008,0.000712,57.386541,57.513719
598,0,0.023226,2.265798,0.053027,0.003175,2.305507,37.899716,16.625296,61.461476,0.049408,0.436574,0.001656,58.973939,59.087549
599,0,0.029002,3.368967,0.074644,0.002517,3.435053,56.462074,12.252641,76.425107,0.098171,1.901515,0.001296,72.730240,73.219033
600,0,0.019794,4.269439,0.098208,0.002980,4.368799,49.779763,0.611652,60.444471,0.072584,3.208796,0.001205,55.936362,56.905072
601,0,0.009971,3.945411,0.078102,0.002745,4.002250,44.291670,8.440839,60.889740,0.108336,1.989023,0.001093,56.526114,56.745474
602,0,0.023081,3.264694,0.067313,0.002571,3.309596,51.680263,1.872250,61.109614,0.086228,2.022825,0.000845,57.513744,57.757106
603,0,0.013227,3.361738,0.077027,0.002179,3.428613,48.941093,3.966543,60.617847,0.064557,2.022367,0.001520,57.067010,58.823596
604,0,0.018414,3.286729,0.065802,0.002163,3.352302,44.309654,8.646497,61.023348,0.093776,2.225831,0.001249,57.382398,57.484291
605,0,0.021568,3.005528,0.077404,0.001610,3.053378,55.394591,13.486064,76.275907,0.079479,1.742698,0.001092,72.967420,73.390300
606,0,0.021132,3.431719,0.064808,0.001944,3.498018,48.052211,3.666069,60.470660,0.055163,1.891989,0.001451,56.833931,56.935392
607,0,0.016972,3.926495,0.069333,0.003039,3.996549,51.598731,0.605853,61.055245,0.127737,1.908430,0.002842,56.830057,57.157237
608,0,0.009285,2.672049,0.238820,0.001704,2.912573,49.129691,4.690156,61.191895,0.059673,1.390489,0.001397,58.278802,58.499513
609,0,0.020682,3.721806,0.091228,0.005397,3.794801,47.973535,5.658507,61.291146,0.063869,1.452793,0.001715,57.348613,57.737888
610,0,0.020737,3.305233,0.069330,0.002138,3.362256,38.956717,14.579309,60.842668,0.115834,1.841411,0.001008,57.192176,59.150429
611,0,0.020788,3.058817,0.055876,0.001622,3.110185,36.886241,16.470377,60.500524,0.075953,2.212409,0.001814,57.197839,59.160373
612,0,0.015695,3.398953,0.066004,0.002314,3.458620,45.859291,7.571175,60.606014,0.074183,2.594349,0.001125,56.801069,57.020461
613,0,0.020968,3.187045,0.098429,0.002006,3.287279,43.567190,9.937486,60.998768,0.063374,2.234673,0.001639,57.516088,57.629678
614,0,0.016200,3.317105,0.085467,0.003326,3.403104,55.505327,14.497670,77.211302,0.079377,2.417537,0.000838,73.591102,73.743061
615,0,0.023983,3.431732,0.082675,0.001492,3.502794,52.502721,15.567828,75.958483,0.075054,2.230973,0.001883,72.326144,72.444699
616,0,0.015576,3.484397,0.085610,0.002387,3.557792,33.427141,4.664100,45.285051,0.072716,2.832990,0.001563,40.828336,41.103631
617,0,0.015825,3.072842,0.090598,0.002066,3.124020,45.893884,7.718401,60.752045,0.063269,2.172538,0.001943,57.405182,59.346343
618,0,0.019892,3.689124,0.072469,0.002043,3.740794,61.995255,6.704513,76.357819,0.064109,2.303706,0.001383,72.390124,72.496358
619,0,0.024418,3.324380,0.067817,0.001479,3.353963,47.307203,5.714515,60.628330,0.147503,1.906789,0.000886,56.728373,58.767660
620,0,0.018520,3.201683,0.102077,0.002036,3.251499,43.645027,10.678955,61.244293,0.067402,2.275014,0.000742,57.808681,58.318241
621,0,0.021309,3.380717,0.064676,0.002196,3.447589,38.936186,15.640132,61.550161,0.105340,2.093439,0.001194,57.895773,58.804152
622,0,0.020848,3.374273,0.064360,0.002278,3.435739,47.268709,5.723522,60.201573,0.064743,2.167457,0.001790,56.640411,56.735329
623,0,0.025980,3.291369,0.067340,0.001501,3.342571,48.788117,4.775907,60.512577,0.078994,1.937929,0.001366,56.938146,58.168145
624,0,0.021409,3.424269,0.084044,0.002476,3.509404,42.992543,9.848824,61.117761,0.075843,1.726491,0.001710,57.475040,58.865579
625,0,0.023684,2.477001,0.084642,0.002523,2.564166,42.290007,12.878775,61.418012,0.058231,1.409459,0.001269,58.514002,58.723671
626,0,0.018220,3.481098,0.073330,0.002608,3.551257,42.240168,10.596056,59.814281,0.070099,2.371139,0.001506,56.036834,57.624000
627,0,0.018800,3.398515,0.061689,0.001871,3.452398,42.486416,10.604091,60.720321,0.081880,2.204929,0.001391,57.075198,57.230791
628,0,0.018730,3.174082,0.074482,0.002089,3.250653,30.474430,8.636049,45.771276,0.076486,2.131258,0.000750,42.301840,43.893683
629,0,0.016910,3.831062,0.069423,0.002108,3.899550,39.196954,14.697373,61.088570,0.080784,2.594198,0.000983,56.890148,57.095922
630,0,0.022302,3.260163,0.073624,0.002218,3.336005,53.052498,0.582593,60.888536,0.057861,2.221473,0.000769,57.446334,58.347648
631,0,0.007164,3.510916,0.092517,0.002657,3.606090,31.503846,7.643966,45.901781,0.096809,2.166251,0.001004,42.102981,42.198068
632,0,0.011734,3.131601,0.072110,0.001603,3.199340,75.535705,10.721263,92.259460,0.070519,2.257443,0.000945,88.868801,90.801723
633,0,0.018952,3.506997,0.085946,0.003294,3.578576,65.781314,2.654954,75.327477,0.172299,0.935190,0.001228,71.496801,71.709228
634,0,0.010945,3.226843,0.072252,0.002181,3.295573,36.592455,2.630447,46.075487,0.068818,2.173558,0.001890,42.642646,44.722888
635,0,0.013313,3.441643,0.090855,0.002076,3.504735,36.351863,1.528538,45.727167,0.069079,2.346290,0.000741,41.960777,43.157101
636,0,0.013609,4.857497,0.095642,0.002018,4.921245,47.246362,4.617847,60.640669,0.066657,2.747997,0.000935,55.266962,55.461451
637,0,0.016344,3.345342,0.097177,0.002555,3.418530,49.924133,3.665463,60.955600,0.092120,2.226711,0.001321,57.363122,58.420247
638,0,0.009844,3.542186,0.074842,0.001564,3.613959,40.930559,13.836290,61.801752,0.071656,2.128359,0.000881,57.829186,59.268756
639,0,0.023094,3.458514,0.069700,0.001811,3.530025,44.704555,7.576390,60.341166,0.071038,1.903056,0.001272,56.587517,56.755682
640,0,0.020163,3.524421,0.074349,0.002519,3.596938,46.769539,7.651862,60.971464,0.075315,2.377877,0.000825,57.240737,58.926283
641,0,0.019591,3.558030,0.072036,0.002631,3.631371,52.008554,14.660191,74.978338,0.070783,1.944823,0.001299,71.160342,71.302232
642,0,0.021841,3.874532,0.061896,0.001813,3.920651,52.177343,14.751662,75.972761,0.228910,2.389987,0.001968,71.871640,71.991568
643,0,0.024147,3.237319,0.104696,0.003268,3.334894,38.443995,14.596978,60.945533,0.071188,1.494023,0.002039,57.394558,57.586037
644,0,0.023454,3.137031,0.063368,0.002132,3.200782,46.709861,6.654664,60.735024,0.063143,2.066841,0.001350,57.263851,57.468752
645,0,0.019331,3.096774,0.105105,0.001824,3.155117,50.898817,3.829067,61.731258,0.129884,1.944218,0.001369,58.304655,58.463315
646,0,0.019170,3.063677,0.057794,0.002765,3.109678,44.270458,9.739681,61.517695,0.068248,1.913534,0.001309,58.165606,58.370678
647,0,0.026817,2.690935,0.053182,0.001548,2.729613,54.508497,15.630995,76.727134,0.063955,0.936008,0.001909,73.755050,73.858759
648,0,0.037491,3.826447,0.080106,0.002299,3.883365,55.132068,6.623233,75.140692,4.602598,4.857177,0.001491,66.143393,68.771683
649,0,0.024305,3.342064,0.328187,0.003634,3.673885,51.670744,16.683906,77.003281,0.064850,1.785391,0.001626,73.281110,73.828238
650,0,0.023017,3.480435,0.072078,0.001977,3.545519,50.213187,1.686758,60.019520,0.061880,2.359715,0.002733,56.194364,56.367306
651,0,0.019944,3.616046,0.104829,0.006546,3.727421,49.802639,2.652842,60.982682,0.075216,1.959685,0.001410,57.038238,57.868245
652,0,0.020946,3.166454,0.061873,0.002639,3.219524,41.604350,11.662950,61.362877,0.071881,1.987043,0.001650,57.946446,58.397178
653,0,0.021702,3.018542,0.061938,0.002846,3.081120,54.762389,13.644132,75.669232,0.075498,1.070305,0.001584,72.396312,73.326273
654,0,0.021345,3.069003,0.071361,0.001675,3.123642,47.231162,6.685192,60.831150,0.082686,1.635784,0.001614,57.591431,58.654243
655,0,0.019954,3.196558,0.065768,0.001883,3.251442,53.527429,0.616155,60.368956,0.069554,2.070104,0.000855,56.916754,58.891784
656,0,0.008651,3.094235,0.078174,0.001363,3.149700,38.980895,14.619066,60.516094,0.094074,2.109746,0.001371,57.207039,59.150150
657,0,0.020270,3.788640,0.062240,0.002007,3.836619,33.907060,3.746284,45.534885,0.101879,2.434470,0.001279,41.506683,41.652935
658,0,0.015019,3.211495,0.060547,0.001343,3.263448,64.652962,4.646527,76.223389,0.066402,2.245440,0.000760,72.765969,72.923687
659,0,0.017704,3.267411,0.162233,0.001882,3.315312,62.994594,7.054935,76.702236,0.070936,2.164457,0.001297,73.211244,74.887071
660,0,0.011380,3.528237,0.057308,0.002456,3.583172,65.583111,3.586130,76.366823,0.073896,1.990787,0.001275,72.576466,72.735234
661,0,0.013902,3.350961,0.075669,0.002392,3.429022,50.029862,2.717926,60.472666,0.077133,2.520026,0.000978,56.821719,58.527717
662,0,0.011904,3.331188,0.084426,0.002780,3.418394,33.259373,5.987436,46.421350,0.091162,2.226323,0.001224,42.824182,42.919414
663,0,0.010752,3.327994,0.077223,0.001674,3.376806,32.093843,6.685443,45.229688,0.068543,2.448496,0.001374,41.564664,41.784919
664,0,0.014967,3.106740,0.076634,0.001622,3.182218,43.116090,10.617510,61.021653,0.067058,2.188026,0.000842,57.698462,59.668637
665,0,0.019692,3.592578,0.062645,0.001612,3.637959,48.553940,4.637228,61.177773,0.066235,2.603262,0.001048,57.335356,57.495852
666,0,0.016729,2.675352,0.071585,0.002983,2.710260,57.141872,12.623504,76.682370,0.054774,1.728158,0.000677,73.829610,73.941496
667,0,0.017417,4.353377,0.061543,0.002369,4.399539,62.535716,3.789203,74.727702,0.393270,3.124611,0.001162,69.785390,72.443651
668,0,0.018110,3.130199,0.116380,0.002564,3.166096,53.435472,15.749363,76.627328,0.161278,2.316137,0.000990,73.130398,73.262290
669,0,0.026219,3.217754,0.095913,0.003592,3.292281,65.660561,1.727302,75.648464,0.778983,2.374267,0.001093,71.469656,72.909150
670,0,0.016989,3.608890,0.069343,0.002848,3.661438,63.690722,4.256863,75.389661,0.075480,2.226696,0.002262,71.548841,73.135902
671,0,0.023631,3.155144,0.106147,0.002081,3.214409,54.696185,15.049125,76.513582,0.160570,1.236782,0.001400,72.995871,73.250765
672,0,0.025542,3.185479,0.081598,0.002048,3.240986,56.822652,12.972867,76.639576,0.090986,1.584500,0.001410,73.189547,74.683416
673,0,0.021594,2.413386,0.066433,0.002098,2.480773,60.714916,8.728284,76.248920,0.311503,1.098504,0.001827,73.445857,73.658341
674,0,0.019291,3.334921,0.066823,0.002133,3.374965,59.928029,7.648794,76.051008,0.071036,1.425427,0.001138,72.485203,72.802592
675,0,0.020423,3.457308,0.171416,0.002281,3.631005,50.481378,3.641536,61.403210,0.099241,2.350482,0.001775,57.721638,58.358675
676,0,0.017212,3.657581,0.052746,0.001767,3.712094,50.564379,2.723684,60.517752,0.075045,1.850747,0.000879,56.616021,56.737229
677,0,0.021209,3.534882,0.089422,0.002405,3.621270,56.016990,12.666257,76.967332,0.164499,1.722165,0.002336,72.998737,73.466360
678,0,0.024321,3.413812,0.061627,0.002048,3.466184,48.995362,1.589345,59.657302,0.083768,2.292240,0.001407,55.986391,56.495358
679,0,0.015887,3.434029,0.083045,0.002306,3.490754,50.329034,1.987815,60.733734,0.208364,2.441147,0.001490,56.844053,59.153156
680,0,0.016525,3.684114,0.087908,0.002057,3.749169,55.219535,14.805224,76.967903,0.083022,1.906587,0.000837,72.814854,73.333915
681,0,0.022678,3.630872,0.065027,0.002376,3.693364,70.894201,12.622257,91.657704,0.073649,2.471316,0.001845,87.691395,87.916186
682,0,0.020502,3.509737,0.178812,0.013611,3.607220,37.455150,16.634221,61.414415,0.078108,2.686348,0.000952,57.578775,57.942007
683,0,0.019996,3.465803,0.075616,0.002540,3.535511,58.414754,8.767804,74.416099,0.088088,2.593920,0.001333,70.650984,70.886423
684,0,0.016795,3.189776,0.067964,0.001489,3.258969,64.010690,5.598657,76.328313,0.068161,2.143536,0.001125,72.920465,74.207372
685,0,0.019119,3.210217,0.064023,0.001582,3.239946,61.844622,7.676927,76.113986,0.067991,2.358228,0.001019,72.629692,72.763172
686,0,0.017527,3.886391,0.087254,0.003023,3.946773,54.106318,14.597783,76.359111,0.073054,2.767375,0.001122,72.074112,72.279422
687,0,0.022262,3.111027,0.062523,0.001391,3.170270,37.837975,16.755831,62.061615,0.123106,1.778054,0.001499,58.659617,60.513970
688,0,0.017162,3.535944,0.079435,0.002795,3.612488,38.395457,14.061062,60.377026,0.058925,2.662521,0.001327,56.592700,56.687966
689,0,0.116471,3.470578,0.070563,0.001547,3.533001,77.363500,7.014960,91.425401,0.070624,2.015784,0.000931,87.722770,89.799163
690,0,0.011792,3.302480,0.083407,0.002788,3.385711,47.306776,6.657683,60.942874,0.066830,1.967810,0.001306,57.375922,57.493513
691,0,0.019782,3.507080,0.078202,0.001835,3.562454,56.637916,11.659623,76.080990,0.059669,2.582708,0.002280,72.362146,72.457475
692,0,0.018222,3.378905,0.102512,0.002653,3.447074,34.658591,3.535123,45.618184,0.069434,2.034229,0.001541,41.908774,42.045749
693,0,0.013642,3.435174,0.162578,0.002320,3.500530,55.440586,13.677444,76.540802,0.082497,2.336420,0.001565,72.844251,72.977148
694,0,0.021242,3.653731,0.104073,0.002538,3.729129,60.568293,8.534435,75.662381,0.075342,2.770103,0.001366,71.739407,73.281367
695,0,0.016975,3.978510,0.094952,0.007912,4.054910,39.540838,13.566327,61.270284,0.072349,2.992668,0.001273,56.956426,57.069538
696,0,0.019812,3.481386,0.108863,0.001613,3.591862,68.104556,15.641490,91.536178,0.074218,2.392099,0.001178,87.715268,89.378102
697,0,0.022370,3.451686,0.075149,0.002990,3.521399,43.749393,6.742542,59.099491,0.127544,2.285133,0.001046,55.262288,55.347235
698,0,0.020164,3.500891,0.061218,0.001872,3.563981,57.991088,10.585913,76.386993,0.061615,2.255216,0.001548,72.586345,72.724397
699,0,0.020751,3.475085,0.065279,0.002689,3.529008,44.646559,9.673722,61.243613,0.073274,1.894187,0.001261,57.403605,57.515616
700,0,0.020271,3.326912,0.069423,0.002593,3.385233,50.328869,4.684174,61.853774,0.093608,1.495315,0.001238,58.285481,58.962137
701,0,0.016795,3.670668,0.075602,0.001952,3.726709,55.633270,12.621316,76.590606,0.062907,2.009759,0.001058,72.568714,72.754126
702,0,0.020802,3.791918,0.059159,0.001802,3.845280,42.600843,9.141811,59.952985,0.074426,1.773585,0.001698,55.921374,56.023143
703,0,0.017008,3.550464,0.114151,0.003240,3.622956,44.248530,9.256065,61.003544,0.148914,2.752306,0.001653,57.101716,58.558057
704,0,0.020401,3.163461,0.393168,0.001795,3.214074,60.993059,6.889991,76.026892,0.068778,1.963183,0.001480,72.315299,74.131075
705,0,0.017325,3.148925,0.159983,0.002763,3.253044,63.767411,6.650703,76.808014,0.079307,2.213500,0.001065,73.440549,74.478856
706,0,0.019665,3.149711,0.226948,0.001490,3.325698,60.465344,8.545454,75.965407,0.070606,2.259391,0.001659,72.554900,74.509191
707,0,0.016637,2.910765,0.065553,0.001355,2.963888,45.712324,9.626208,61.408425,0.074706,1.696632,0.000887,58.219451,59.137573
708,0,0.015904,3.335269,0.082195,0.001548,3.406684,45.911728,5.655579,60.151007,0.059676,2.548079,0.001490,56.421925,56.538168
709,0,0.016195,3.499626,0.084605,0.002862,3.556892,59.848479,8.074231,76.434958,0.063808,2.586480,0.001734,72.670994,72.775477
710,0,0.016359,3.217770,0.076670,0.003504,3.271228,60.832447,8.042694,76.324515,0.059763,2.114951,0.000960,72.810338,73.554958
711,0,0.021535,2.970805,0.061151,0.002662,3.027440,60.333371,8.561493,75.638157,0.072485,1.980237,0.001215,72.476871,74.113701
712,0,0.022945,3.533946,0.088246,0.002293,3.594923,51.615358,0.556314,59.975448,0.075005,2.376783,0.001091,56.199103,56.402912
713,0,0.008557,2.824788,0.066708,0.001508,2.892584,51.662138,3.777676,61.412827,0.078620,1.156151,0.001505,58.218779,58.324118
714,0,0.014462,2.947258,0.057150,0.001686,3.005312,57.413069,12.673159,77.250137,0.348767,1.528040,0.001672,73.751991,74.892245
715,0,0.024783,2.899480,0.062890,0.001743,2.947564,63.576478,5.635580,76.335449,0.085512,1.702250,0.000780,73.250242,73.461127
716,0,0.023618,3.134045,0.071004,0.002190,3.194579,77.186618,6.962161,91.219532,0.114307,2.047190,0.001841,87.873416,87.985501
717,0,0.015698,3.367899,0.068893,0.002297,3.439089,37.132985,15.794788,61.685037,0.069106,2.511845,0.001276,57.997081,58.128989
718,0,0.020723,3.224061,0.083717,0.002659,3.310437,66.943096,2.003860,75.013020,0.076742,1.902105,0.001269,71.573182,73.143222
719,0,0.016483,3.314624,0.163490,0.009293,3.487407,74.337682,9.652164,91.837911,0.069759,2.590989,0.000839,87.971283,90.088229
720,0,0.037156,3.254460,0.087735,0.001552,3.330363,52.604398,1.650216,61.064531,0.069898,2.338154,0.000873,57.485912,59.487042
721,0,0.017766,2.952746,0.064737,0.001252,3.017145,57.566829,12.249817,76.532489,0.267855,1.676757,0.001745,73.341933,75.065753
722,0,0.017959,3.578497,0.112408,0.011122,3.633434,69.798007,12.232154,91.157165,0.120774,2.561441,0.000928,87.131324,88.727149
723,0,0.017860,2.984951,0.067050,0.119321,3.156851,67.559667,14.695454,90.447032,0.080532,1.253152,0.001410,86.944875,87.170850
724,0,0.027397,3.136863,0.065513,0.001546,3.201909,75.400925,4.767388,91.382281,0.117424,1.879348,0.002221,87.854828,88.093646
725,0,0.018876,2.857533,0.063909,0.002163,2.909928,62.292703,6.670055,76.290465,0.059630,1.597812,0.001084,73.151270,73.270790
726,0,0.019695,3.279259,0.072652,0.002595,3.354506,51.363185,2.705808,61.894925,0.076141,2.218168,0.001441,58.344581,58.427136
727,0,0.014818,3.136097,0.062684,0.002063,3.200844,62.269546,7.584693,76.547215,0.059340,1.946038,0.001098,73.151422,73.235149
728,0,0.021342,3.172673,0.063623,0.001531,3.224531,67.381697,1.647077,76.055926,0.062734,2.239249,0.001532,72.673201,74.616005
729,0,0.015243,3.003692,0.207288,0.003034,3.035412,58.905527,9.655375,75.997351,0.068896,1.888810,0.001182,72.674880,72.807152
730,0,0.019188,3.044734,0.064392,0.001603,3.101007,41.022335,12.894336,60.912618,0.059564,2.085400,0.001437,57.672207,58.639142
731,0,0.017422,3.332814,0.090077,0.001964,3.392812,62.108967,8.196589,76.651110,0.062091,2.503220,0.001644,73.017767,75.269491
732,0,0.014742,3.062171,0.055456,0.001590,3.111927,70.082309,13.506013,91.196846,0.064285,2.182376,0.001596,87.866439,88.083737
733,0,0.018960,3.239870,0.094363,0.002862,3.311052,63.054428,5.817992,76.332104,0.101411,1.953787,0.000806,72.815126,73.477933
734,0,0.018731,3.571072,0.077670,0.007780,3.649233,64.765553,2.772576,76.311029,0.070273,2.783368,0.001438,71.883312,72.206281
735,0,0.016397,2.951854,0.070535,0.002044,3.020345,59.602854,9.830174,75.915232,0.061510,2.003576,0.000840,72.726470,72.843403
736,0,0.015024,3.907682,0.060510,0.002105,3.969627,38.362861,14.614901,60.420164,0.064547,2.935381,0.001424,56.313970,56.405769
737,0,0.026329,3.346377,0.073598,0.002824,3.417079,49.061830,4.619527,60.181134,0.101610,2.121247,0.001295,56.612297,58.143588
738,0,0.010609,3.227269,0.059435,0.001422,3.278796,38.603532,0.579858,45.444236,0.066564,2.285778,0.000956,41.971563,42.069500
739,0,0.008678,2.695968,0.054623,0.002695,2.751464,40.679249,15.166613,61.692697,0.079811,1.096875,0.001197,58.750416,59.211741
740,0,0.021004,3.064497,0.066333,0.003183,3.123276,63.972112,6.571886,77.239051,0.061310,2.063306,0.001975,74.007940,75.839881
741,0,0.018919,3.357670,0.096267,0.002062,3.455999,52.254201,1.573438,60.833153,0.060551,2.452382,0.001307,57.200182,57.328869
742,0,0.007770,3.341552,0.089275,0.002106,3.418226,64.843379,4.591932,76.348509,0.059931,2.388477,0.001484,72.796572,72.899449
743,0,0.015138,3.108730,0.070739,0.002370,3.175605,47.689141,6.635236,61.205601,0.058411,2.220123,0.000683,57.848742,57.966937
744,0,0.016742,3.075925,0.064694,0.001974,3.131796,40.111870,14.609430,61.339313,0.060742,2.192945,0.001058,58.072215,60.004159
745,0,0.021583,3.286756,0.072038,0.001922,3.351856,67.230660,0.444693,74.728518,0.060992,2.284971,0.001307,71.222892,72.493542
746,0,0.008112,3.516875,0.076523,0.002610,3.587957,41.968193,12.639635,61.578250,0.067756,2.045432,0.000853,57.818153,57.939864
747,0,0.023328,3.260650,0.075847,0.002351,3.320530,60.850196,9.758102,76.615498,0.092360,1.576069,0.000766,73.112762,74.617812
748,0,0.021414,3.217963,0.060017,0.003073,3.272436,39.538421,13.680161,60.662339,0.081291,2.048392,0.001032,57.124998,59.114890
749,0,0.025571,3.451884,0.075113,0.002060,3.503001,60.843957,8.692082,76.455140,0.108488,2.298982,0.002126,72.726728,74.906434
750,0,0.017293,3.433065,0.064766,0.002320,3.481718,51.007392,0.568452,58.872986,0.061465,2.526914,0.000933,55.171572,55.255986
751,0,0.008989,3.369542,0.059166,0.002101,3.425893,53.697014,14.639450,76.874478,0.057066,1.939124,0.001259,73.239112,73.344101
752,0,0.020520,3.482108,0.069213,0.001306,3.538729,77.304429,7.669752,91.851106,0.070893,2.098882,0.001817,87.996962,88.712869
753,0,0.016333,3.222618,0.055947,0.001178,3.273795,57.880856,11.913372,76.814428,0.060084,1.863382,0.000972,73.310028,74.620961
754,0,0.021385,2.948586,0.060700,0.001709,3.010294,74.434250,10.594296,91.879841,0.058294,1.962186,0.001163,88.623591,89.209256
755,0,0.016024,3.274069,0.080351,0.002606,3.332757,58.105280,10.637904,76.296070,0.069073,1.804969,0.001101,72.722181,72.836924
756,0,0.026728,3.617654,0.079300,0.002318,3.694684,66.681678,16.041862,91.311176,0.128919,2.595527,0.002393,87.294037,87.538981
757,0,0.030614,5.323582,0.089248,0.002620,5.382389,60.052909,6.693233,75.843894,0.229141,4.212432,0.001236,70.136026,70.258247
758,0,0.027403,3.755963,0.072678,0.001796,3.822687,72.783577,10.773740,91.684929,0.064837,2.395453,0.001265,87.440576,87.752601
759,0,0.024306,3.420490,0.060265,0.001617,3.482372,68.088443,0.758961,75.572404,0.065086,2.319359,0.001426,71.896375,72.033158
760,0,0.010481,3.513910,0.066783,0.002694,3.581242,75.264181,8.700337,91.803608,0.095413,2.199006,0.001569,87.997011,89.296616
761,0,0.020985,3.007299,0.058340,0.002448,3.053683,62.302914,6.727356,76.161016,0.048615,2.059535,0.001231,72.851525,73.035780
762,0,0.026440,3.763919,0.058610,0.001664,3.817540,78.339442,2.636000,90.181030,0.081450,2.251919,0.002118,86.199163,86.296737
763,0,0.016627,3.012475,0.085921,0.002371,3.076487,57.699063,10.777233,76.251729,0.094991,1.539002,0.000861,72.957752,74.549115
764,0,0.023314,3.571675,0.071393,0.003316,3.636240,60.663363,8.108600,76.396511,0.068750,2.397028,0.001608,72.552399,72.695550
765,0,0.020094,3.422737,0.080943,0.003056,3.504855,68.649258,1.838884,77.156016,0.072448,2.149857,0.001137,73.385902,75.600054
766,0,0.010861,3.462390,0.075826,0.002595,3.537861,56.524764,13.634602,76.818261,0.059653,2.155794,0.001181,73.171462,75.281144
767,0,0.033443,3.017980,0.068587,0.001429,3.072646,71.589002,12.586813,90.661457,0.131948,1.453793,0.001765,87.382869,88.910716
768,0,0.020925,3.382328,0.071991,0.002592,3.421785,65.527564,3.685792,75.945836,0.068027,2.303258,0.000771,72.248357,72.422491
769,0,0.010366,3.204826,0.077134,0.002307,3.249751,60.113046,10.598545,76.752025,0.069932,2.160015,0.001010,73.296960,75.360042
770,0,0.019662,3.604330,0.099124,0.002539,3.690230,72.943565,9.677764,91.214276,0.849177,2.721245,0.001163,86.659716,89.331921
771,0,0.018232,2.625081,0.057714,0.002106,2.684819,44.329209,10.713979,61.396240,0.080079,1.460701,0.000756,58.402530,59.071049
772,0,0.021344,3.312591,0.111194,0.001450,3.384284,47.792314,5.662637,60.847230,0.067176,2.446188,0.001186,57.316228,58.042668
773,0,0.017688,3.420878,0.082737,0.001628,3.458963,59.651980,8.674265,75.764340,0.386079,2.016196,0.001242,72.075688,72.178223
774,0,0.020577,3.077048,0.057772,0.007834,3.134512,63.190055,5.606766,75.107905,0.069738,2.113652,0.001029,71.831181,72.630130
775,0,0.017775,3.484615,0.062477,0.001942,3.548427,53.167922,0.543077,60.885755,0.061223,2.222841,0.001560,57.201400,57.294023
776,0,0.008740,3.286214,0.089664,0.001968,3.377019,74.649834,10.561891,91.624061,0.107470,1.976634,0.000899,88.105501,88.315756
777,0,0.016190,3.605139,0.075605,0.002397,3.678937,62.372480,7.576993,76.948520,0.081434,2.563308,0.001081,72.963923,73.080606
778,0,0.013286,3.284864,0.098753,0.002759,3.338597,68.615822,1.641678,76.716174,0.066138,2.389625,0.001526,73.235263,74.308365
779,0,0.016290,3.457574,0.063021,0.002643,3.512404,58.827623,9.750227,76.753048,0.075286,1.905793,0.001913,72.891484,72.995950
780,0,0.029415,3.641220,0.079333,0.002086,3.713211,73.882292,8.638412,90.404886,0.076392,2.717168,0.001337,86.457780,86.586965
781,0,0.020879,3.118056,0.068448,0.001445,3.187530,72.669225,11.660919,92.192426,0.062561,2.285391,0.001049,88.741487,89.156472
782,0,0.023725,3.597306,0.065982,0.001447,3.658440,63.722499,3.724236,75.238704,0.075061,2.286122,0.001210,71.350226,72.151309
783,0,0.017046,2.411802,0.069773,0.002090,2.464737,81.058750,3.668476,91.500648,0.063951,1.183580,0.000998,88.723475,88.940723
784,0,0.014986,3.638539,0.078502,0.002274,3.668066,74.198552,10.625454,92.469522,0.085318,2.313310,0.001469,88.614596,88.730395
785,0,0.022921,2.526702,0.059342,0.003199,2.587470,92.622229,6.191034,105.133504,0.066001,1.296429,0.001430,102.289923,102.959969
786,0,0.018454,3.417040,0.081208,0.002585,3.498762,62.625349,6.840957,76.316608,0.065434,1.975357,0.007542,72.649013,74.555142
787,0,0.019605,2.678374,0.071088,0.003337,2.731168,81.789441,2.602633,90.721070,0.057788,1.319468,0.001017,87.833901,89.042880
788,0,0.017886,3.114559,0.066492,0.002261,3.174387,60.170691,10.669826,77.850213,0.057639,2.162693,0.001009,74.499876,75.623470
789,0,0.021904,3.591283,0.055214,0.002253,3.647784,65.947125,1.615981,75.458351,0.153656,2.228945,0.001183,71.458805,71.707976
790,0,0.015544,3.270406,0.076558,0.001572,3.347772,64.520159,4.619332,76.389089,0.074089,2.359415,0.001716,72.890674,74.756944
791,0,0.016397,3.677330,0.086649,0.002045,3.744043,89.172565,10.568158,107.259021,0.100394,2.831229,0.001321,103.267243,104.951725
792,0,0.025254,3.966674,0.063802,0.001812,4.028279,54.702113,13.601854,76.530241,0.097013,2.596443,0.001023,72.243519,72.380452
793,0,0.021205,2.789858,0.050733,0.002434,2.841600,51.373264,2.668483,60.277920,0.091360,1.523535,0.001449,57.266993,58.166300
794,0,0.014389,2.587171,0.081120,0.002175,2.669441,58.204787,12.813300,77.171304,0.104180,1.600315,0.001104,74.416759,75.237009
795,0,0.023724,3.287753,0.069509,0.002091,3.353515,57.086628,10.592459,75.831268,0.062912,2.269139,0.001336,72.210185,72.303984
796,0,0.016799,3.439266,0.058967,0.001628,3.499217,70.272392,14.623799,92.036722,0.066578,2.606947,0.000968,88.397715,90.239292
797,0,0.023271,2.159334,0.039271,0.001896,2.195757,71.396337,12.855613,90.370410,0.050509,1.350801,0.000887,87.989158,88.141541
798,0,0.022276,3.318871,0.058255,0.002886,3.377794,65.502620,2.660666,75.170852,0.066061,2.336158,0.001391,71.639246,71.753614
799,0,0.011227,2.544740,0.063643,0.002013,2.601230,81.891731,3.684998,91.489478,0.064723,1.286494,0.001178,88.651147,88.732225
800,0,0.015897,4.000656,0.075497,0.001613,4.069113,61.729883,8.001365,77.438708,0.062924,3.052042,0.001429,72.954973,75.333435
801,0,0.023561,2.708495,0.069680,0.002540,2.779438,70.030936,14.697155,91.889140,0.057012,1.417709,0.002187,88.826760,88.925903
802,0,0.017911,3.548848,0.090485,0.001989,3.599991,68.698627,15.652459,91.368771,0.070684,1.821368,0.001398,87.564563,87.666931
803,0,0.021880,2.262613,0.061276,0.002387,2.300635,67.252377,1.997016,75.444094,0.068300,1.044704,0.001300,72.995169,73.104727
804,0,0.014368,3.503800,0.068929,0.001680,3.553427,74.626497,9.711396,92.102613,0.056685,2.144979,0.001428,88.291723,88.396152
805,0,0.023815,2.607225,0.079486,0.003178,2.645186,72.693818,11.566959,91.153681,0.059809,1.412170,0.001437,88.364877,88.463996
806,0,0.020610,3.619745,0.062509,0.003036,3.683217,114.390610,15.658679,137.454636,0.059995,2.701928,0.001165,133.645794,135.646674
807,0,0.021227,3.130014,0.049616,0.002966,3.176217,62.412123,4.666057,74.976081,0.061699,1.522476,0.000921,71.644508,71.875608
808,0,0.016528,3.526280,0.090146,0.002542,3.583406,84.406162,12.984825,105.264216,0.072682,2.036946,0.001627,101.497697,101.588027
809,0,0.022688,3.642549,0.064005,0.002637,3.707868,85.553965,13.688860,106.766346,0.063826,2.685166,0.001347,102.896621,102.969211
810,0,0.022594,3.489339,0.062863,0.001900,3.552964,79.887767,3.289161,91.058229,0.067942,2.165952,0.001373,87.333649,87.454250
811,0,0.013515,3.924667,0.078489,0.001886,4.004440,64.888044,3.961182,76.525582,0.080681,2.503606,0.001380,72.348369,72.455912
812,0,0.011847,3.367367,0.067268,0.001345,3.424645,73.413589,11.031658,91.030996,0.068524,2.095234,0.000882,87.487043,88.117747
813,0,0.012397,3.553226,0.071088,0.001432,3.616403,70.886120,13.013442,91.582213,0.075016,2.739176,0.000681,87.721384,88.952182
814,0,0.018096,3.697520,0.198146,0.001658,3.778949,74.146797,7.828293,90.637213,0.073655,2.833933,0.001567,86.565667,87.439690
815,0,0.020021,3.683471,0.068491,0.002752,3.745375,93.344234,5.594318,106.453955,0.078475,2.564883,0.001779,102.532997,103.286596
816,0,0.013683,3.178531,0.057054,0.001598,3.228142,54.249741,14.686124,76.527719,0.069450,2.080585,0.001986,73.132770,73.264839
817,0,0.016348,3.499386,0.063437,0.001548,3.560073,68.922791,15.605644,91.049422,0.061114,2.006252,0.001375,87.260276,87.774570
818,0,0.026775,3.793401,0.085434,0.002646,3.871170,76.508805,5.651270,89.658836,0.096632,2.318944,0.000915,85.570509,85.742896
819,0,0.019658,2.126430,0.064110,0.002057,2.165160,69.303218,16.663036,91.602627,0.057401,1.257709,0.001823,89.241065,89.396710
820,0,0.022876,3.026740,0.054755,0.001144,3.063888,64.661272,3.603814,74.941144,0.057573,2.164010,0.001309,71.754024,72.489597
821,0,0.011502,3.625316,0.064068,0.002147,3.690159,51.279237,3.661470,61.716101,0.076408,1.953599,0.001355,57.815798,58.776712
822,0,0.017902,3.321098,0.067173,0.002141,3.381373,75.436842,8.600691,91.440944,0.058420,2.416968,0.001511,87.896690,89.776471
823,0,0.018847,3.333641,0.081919,0.001574,3.388148,66.779046,0.944181,75.294934,0.070214,1.976625,0.001693,71.700434,73.130299
824,0,0.009477,3.567250,0.059428,0.001560,3.627893,72.391801,13.103289,92.272925,0.156767,2.439045,0.001311,88.511713,90.369111
825,0,0.016843,3.316505,0.056923,0.001686,3.375114,64.724647,3.747085,74.792295,0.130080,1.408279,0.001691,71.202538,72.297082
826,0,0.023899,2.523076,0.066647,0.002404,2.591167,72.861329,12.719845,91.355164,0.058695,1.249247,0.001042,88.609702,88.748635
827,0,0.023297,3.786974,0.073961,0.001517,3.854343,82.728788,16.026623,106.387238,0.077942,2.982438,0.001173,102.396661,103.436806
828,0,0.020987,3.678460,0.077860,0.001717,3.752746,79.330484,3.634106,90.837900,0.071379,2.782642,0.001664,86.920647,88.870441
829,0,0.011150,3.662322,0.066871,0.002260,3.730088,76.690534,5.256453,90.462828,0.072816,2.653249,0.001651,86.573875,86.668968
830,0,0.019578,3.444027,0.064524,0.001649,3.507796,65.028865,2.112272,75.580794,0.070528,2.402868,0.001394,71.891372,72.035887
831,0,0.016426,3.107681,0.065329,0.001543,3.158341,81.799254,1.197338,91.184750,0.082416,1.609938,0.001217,87.782682,88.230950
832,0,0.010745,2.800588,0.158233,0.002281,2.961102,63.944831,5.695525,76.656949,0.658522,0.644298,0.001463,73.166090,73.283333
833,0,0.019467,2.814178,0.049125,0.002877,2.864433,63.285839,6.049215,76.221453,0.079843,1.612867,0.001364,73.132626,74.798036
834,0,0.016870,3.211250,0.065206,0.001918,3.277190,93.704234,6.015441,106.834370,0.062706,1.864313,0.001208,103.310666,103.515342
835,0,0.017607,2.469299,0.082632,0.003141,2.505381,79.589766,4.664546,90.533511,0.072223,1.040778,0.001039,87.810018,87.892806
836,0,0.015007,4.000523,0.089894,0.002038,4.091489,85.514660,11.654075,105.969045,0.064688,3.192014,0.001333,101.667631,101.760924
837,0,0.021619,2.470370,0.060781,0.001761,2.515204,75.632941,7.511143,91.035091,0.094268,1.569973,0.001611,88.195109,89.640758
838,0,0.016445,3.839580,0.086501,0.001691,3.910090,76.210472,8.681697,91.754914,0.073728,3.068073,0.001673,87.655804,89.241704
839,0,0.013983,3.737877,0.092744,0.002692,3.831575,57.461543,10.718007,75.666938,0.070851,2.929788,0.001125,71.443463,72.120270
840,0,0.021347,3.809159,0.080952,0.001730,3.873589,69.228473,12.733555,89.914208,0.075962,2.975787,0.001344,85.769471,87.208474
841,0,0.021337,2.795207,0.083392,0.001735,2.825571,86.610336,13.568766,106.883829,0.089336,1.970014,0.001850,103.780934,103.938306
842,0,0.023720,3.307120,0.065433,0.002155,3.373465,72.782133,10.623930,91.397057,0.204356,1.478339,0.001103,87.703889,88.113791
843,0,0.019155,3.668526,0.069177,0.002307,3.731282,65.908250,1.762100,76.185660,0.067630,2.122197,0.001164,72.098055,72.227053
844,0,0.013826,3.705377,0.061700,0.001864,3.764541,49.223762,4.015973,60.804072,0.062620,2.695795,0.001317,56.868561,56.964631
845,0,0.015980,3.377132,0.060640,0.002022,3.439794,68.463509,14.060349,90.745375,0.059038,2.536928,0.001343,87.054902,87.199854
846,0,0.020735,3.141702,0.060755,0.001279,3.188022,66.783922,1.890307,75.784181,0.079316,2.392903,0.001149,72.393088,73.964514
847,0,0.016043,3.629527,0.089542,0.002233,3.694281,103.339150,9.924307,121.462808,0.090536,2.831191,0.001356,117.561130,117.702574
848,0,0.017894,3.196130,0.064059,0.001807,3.258694,87.961169,10.557601,106.668370,0.070453,2.453423,0.001377,103.094156,103.363704
849,0,0.016637,3.358447,0.211422,0.002660,3.420461,79.994113,1.705645,90.586404,0.073577,2.452295,0.001505,86.488585,86.695138
850,1,0.015907,3.674760,0.079376,0.002378,3.748766,62.223817,6.070976,75.035630,0.071942,2.578548,0.001067,71.034988,72.801941
851,1,0.020038,2.859912,0.068766,0.001825,2.927218,75.422656,8.805654,91.211223,0.071860,2.013820,0.001630,88.057551,88.525060
852,1,0.018962,3.032882,0.060855,0.001969,3.087747,64.127992,3.697755,75.375354,0.058627,1.723799,0.001314,72.098038,72.200753
853,1,0.013589,3.597466,0.075799,0.002163,3.672047,80.544657,3.668080,92.089426,0.081918,2.517695,0.001130,88.130531,88.235078
854,1,0.019308,3.115175,0.061735,0.001359,3.169201,75.789005,8.735931,91.605372,0.098018,1.798455,0.001161,88.210329,90.071677
855,2,0.020156,3.953071,0.062819,0.001642,4.017093,59.252472,8.677724,75.649026,0.075563,3.183391,0.001459,71.445624,72.308496
856,2,0.020684,2.846234,0.052576,0.002435,2.899791,85.326314,14.649777,106.255056,0.076404,1.647558,0.001242,103.165027,104.034398
857,2,0.017099,3.515961,0.085426,0.002655,3.571599,85.205539,14.559665,106.473295,0.070006,2.597940,0.001192,102.685359,102.830424
858,2,0.016658,3.482220,0.076671,0.002211,3.545402,90.904561,8.691811,106.206339,0.067318,2.465693,0.001047,102.456645,103.698194
859,2,0.015091,3.612037,0.378475,0.001990,3.689963,66.094073,15.545569,91.092523,0.078558,3.114648,0.000701,84.869731,88.043685
860,2,0.020655,3.748511,0.072505,0.001632,3.801663,83.488064,14.535513,106.523096,0.058977,2.706200,0.002182,102.509704,102.636575
