iteration,food_quantity,event_poll_ms,ants_advance_ms,evaporation_ms,update_ms,advance_total_ms,render_ms,blit_ms,iteration_total_ms,mpi_halo_exchange_ms,mpi_migration_ms,mpi_food_allreduce_ms,mpi_render_comm_ms,mpi_total_comm_ms
1,0,2.594706,26.611296,0.221888,0.007876,26.841060,34.159374,15.517301,94.872320,0.084675,0.000000,0.001715,14.018684,14.105074
2,0,0.036064,19.454766,0.198968,0.004960,19.658694,9.104121,13.905422,45.534204,0.042530,0.000000,0.002226,1.844371,1.889127
3,0,0.026351,17.347829,0.202330,0.005227,17.555386,7.107982,2.656686,29.885747,0.044311,0.000000,0.001603,1.533691,1.579605
4,0,0.010999,17.417833,0.168826,0.004660,17.591319,8.075371,2.026107,30.342024,0.040059,0.000000,0.001798,1.263672,1.305529
5,0,0.010402,14.717341,0.155925,0.004924,14.878190,8.088475,4.576978,30.061833,0.054936,0.000000,0.001781,1.483011,1.539728
6,0,0.024682,15.062788,0.173323,0.004842,15.240953,6.953675,5.682683,30.564229,0.130668,0.000000,0.002046,1.570699,1.703413
7,0,0.020681,18.165609,0.183863,0.005245,18.354717,8.119200,1.287586,29.966057,0.046335,0.000000,0.001794,1.293914,1.342043
8,0,0.028403,14.694406,0.156095,0.004671,14.855172,8.787738,4.882781,31.075408,0.042929,0.000000,0.002020,1.481814,1.526763
9,0,0.031990,19.397826,0.190673,0.004373,19.592872,9.255510,13.590824,45.141625,0.310407,0.000000,0.001622,1.400230,1.712259
10,0,0.021363,16.780605,0.168600,0.004290,16.953495,7.202242,3.656528,30.460728,0.045395,0.000000,0.001690,1.554011,1.601096
11,0,0.016913,14.125254,0.181189,0.004816,14.311259,6.491895,6.628193,29.788504,0.043005,0.000000,0.001857,1.515912,1.560774
12,0,0.017917,14.725973,0.213191,0.005061,14.944225,6.848558,6.620237,30.733404,0.055090,0.000000,0.001832,1.387284,1.444206
13,0,0.021963,17.534723,0.187794,0.005485,17.728002,8.942831,0.575451,29.949146,0.049074,0.000000,0.004912,1.493678,1.547664
14,0,0.008478,14.138386,0.178605,0.004623,14.321614,7.595200,6.354524,30.511515,0.042371,0.000000,0.001810,1.362588,1.406769
15,0,0.017432,15.721487,0.369957,0.022128,16.113572,6.912015,4.528150,30.306992,0.042503,0.000000,0.001422,1.855418,1.899343
16,0,0.010949,16.543284,0.250976,0.010968,16.805228,7.201491,3.566675,30.004471,0.040578,0.000000,0.001641,1.574792,1.617011
17,0,0.012691,14.207646,0.159122,0.004573,14.371341,7.023651,7.608830,31.278274,0.040652,0.000000,0.001989,1.349709,1.392350
18,0,0.022649,16.028824,0.169976,0.004557,16.203357,7.681434,3.522335,29.586304,0.046788,0.000000,0.001874,1.263821,1.312483
19,0,0.016945,15.519869,0.242715,0.008197,15.770781,7.212959,4.533854,30.217342,0.047195,0.000000,0.001124,1.656654,1.704973
20,0,0.020642,17.852664,0.198329,0.005677,18.056670,7.951587,1.571507,30.128594,0.044127,0.000000,0.001537,1.488927,1.534591
21,0,0.011288,14.038661,0.177556,0.004464,14.220681,8.273300,5.567625,30.717210,0.041401,0.000000,0.001579,1.628050,1.671030
22,0,0.019571,14.903815,0.179585,0.004884,15.088284,6.677990,5.590006,29.983119,0.046783,0.000000,0.001392,1.535885,1.584060
23,0,0.019953,18.974935,0.179305,0.004884,19.159124,7.117705,1.436647,30.102935,0.045166,0.000000,0.001393,1.425435,1.471994
24,0,0.009044,16.161257,0.182049,0.005583,16.348889,7.230914,4.553480,30.520659,0.040479,0.000000,0.001562,1.422762,1.464803
25,0,0.019405,14.792159,0.161971,0.004679,14.958809,7.471053,5.889966,30.805489,0.045434,0.000000,0.001522,1.486136,1.533092
26,0,0.023066,13.478988,0.141292,0.004494,13.624774,7.606816,6.570886,30.265041,0.045691,0.000000,0.001695,1.471945,1.519331
27,0,0.029482,14.495732,0.177363,0.004906,14.678001,7.896165,5.538692,30.735375,0.044358,0.000000,0.001348,1.611908,1.657614
28,0,0.023091,17.310613,0.204952,0.007317,17.522882,8.014352,1.587247,29.419256,0.045347,0.000000,0.001358,1.278247,1.324952
29,0,0.011667,15.781680,0.190199,0.005198,15.977077,7.635847,4.599513,30.572060,0.086713,0.000000,0.001660,1.367312,1.455685
30,0,0.020591,16.482795,0.168887,0.004508,16.656190,7.589341,3.581378,30.008004,0.046033,0.000000,0.001487,1.278927,1.326447
31,0,0.024170,14.210615,0.177316,0.004415,14.392346,7.713273,6.415437,31.033782,0.049754,0.000000,0.001566,1.603986,1.655306
32,0,0.016866,17.055489,0.207837,0.006491,17.269817,8.517952,2.052587,30.110658,0.041702,0.000000,0.001605,1.388530,1.431837
33,0,0.019629,17.602951,0.187582,0.004558,17.795091,7.955199,1.574114,29.890511,0.063964,0.000000,0.001825,1.626994,1.692783
34,0,0.012347,17.010482,0.291016,0.005694,17.307192,8.671428,1.891642,30.154490,0.042206,0.000000,0.001334,1.369992,1.413532
35,0,0.042493,14.518249,0.241288,0.005253,14.764790,7.551564,6.675683,31.270363,0.059539,0.000000,0.001820,1.272622,1.333981
36,0,0.015533,16.763854,0.224093,0.005024,16.992971,8.576775,0.990942,29.686691,0.042200,0.000000,0.001896,1.510961,1.555057
37,0,0.007406,14.822848,0.171105,0.004587,14.998540,8.609857,3.665410,30.251760,0.043058,0.000000,0.001570,1.776912,1.821540
38,0,0.021547,17.430608,0.170921,0.005220,17.606749,8.753950,1.574921,30.145615,0.045296,0.000000,0.001638,1.332294,1.379228
39,0,0.017525,17.177785,0.189895,0.004878,17.372558,7.724076,3.583368,31.017925,0.152144,0.000000,0.001546,1.305324,1.459014
40,0,0.015939,15.640241,0.194475,0.004442,15.839158,8.659383,3.557336,30.401133,0.043132,0.000000,0.001626,1.419361,1.464119
41,0,0.020488,16.603263,0.161360,0.004480,16.769103,9.074666,15.650969,45.521453,0.082709,0.000000,0.002956,2.312001,2.397666
42,0,0.020618,15.999545,0.185717,0.004949,16.190211,12.642961,13.580355,45.136478,0.044318,0.000000,0.001683,1.587203,1.633204
43,0,0.021482,18.183640,0.178354,0.004857,18.366851,8.110097,1.639758,30.311062,0.043354,0.000000,0.001682,1.267122,1.312158
44,0,0.010931,16.260300,0.170258,0.004598,16.435156,9.374780,1.917481,30.712188,0.040938,0.000000,0.001406,1.464679,1.507023
45,0,0.018337,14.715861,0.168931,0.004902,14.889694,7.810047,4.593142,29.703143,0.046220,0.000000,0.001361,1.307702,1.355283
46,0,0.022607,19.009279,0.196799,0.057001,19.263079,7.900991,0.519409,29.980946,0.050232,0.000000,0.001896,1.389315,1.441443
47,0,0.006460,15.353077,0.192833,0.004514,15.550424,8.769037,4.537711,31.313283,0.041230,0.000000,0.001625,1.484727,1.527582
48,0,0.019189,17.011944,0.176286,0.004528,17.192758,9.098924,1.550713,30.132038,0.046430,0.000000,0.001628,1.324079,1.372137
49,0,0.012770,15.927790,0.154269,0.004429,16.086488,8.535064,3.558848,30.347261,0.061932,0.000000,0.001507,1.318987,1.382426
50,0,0.019785,15.221911,0.164844,0.004692,15.391447,9.000352,2.554878,29.663349,0.065018,0.000000,0.002827,1.418061,1.485906
51,0,0.012259,17.302962,0.162987,0.004508,17.470457,7.414436,3.815912,30.887538,0.042625,0.000000,0.001612,1.265664,1.309901
52,0,0.018114,14.421278,0.161595,0.004403,14.587276,7.031697,5.544043,29.656252,0.044163,0.000000,0.001949,1.523686,1.569798
53,0,0.011726,15.830001,0.174570,0.005253,16.009824,7.388200,4.516216,30.440174,0.041382,0.000000,0.001660,1.621577,1.664619
54,0,0.133801,14.970725,0.179356,0.004414,15.154495,7.153690,6.345507,30.875494,0.039964,0.000000,0.001568,1.277566,1.319098
55,0,0.017046,15.430822,0.190158,0.004770,15.625750,7.328583,4.500073,29.693367,0.041844,0.000000,0.001736,1.326521,1.370101
56,0,1.255312,14.343943,0.155480,0.004478,14.503901,8.371497,3.678416,30.155164,0.041520,0.000000,0.002306,1.380049,1.423875
57,0,0.022280,13.686169,0.158205,0.004523,13.848897,7.930618,6.680250,30.647879,0.039893,0.000000,0.001980,1.279112,1.320985
58,0,0.017504,14.038465,0.159941,0.004616,14.203022,7.454803,6.554100,30.335459,0.041861,0.000000,0.002056,1.245091,1.289008
59,0,0.018321,16.105419,0.190895,0.005504,16.301818,7.945196,3.633704,30.204520,0.044923,0.000000,0.001650,1.420265,1.466838
60,0,0.014356,14.211551,0.175370,0.004951,14.391872,9.824041,3.557747,30.371721,0.042643,0.000000,0.001521,1.645444,1.689608
61,0,0.015321,17.650742,0.208935,0.004690,17.864367,9.911712,16.570772,46.712786,0.056838,0.000000,0.002100,1.405996,1.464934
62,0,0.021350,14.410893,0.223135,0.006509,14.640537,10.408285,1.527004,29.338658,0.045985,0.000000,0.001629,1.807034,1.854648
63,0,0.016571,18.070789,0.240366,0.006731,18.317886,7.333301,2.640816,30.702990,0.047115,0.000000,0.001354,1.463825,1.512294
64,0,0.015499,17.658044,0.230276,0.004898,17.893218,7.184147,2.628189,30.029541,0.049736,0.000000,0.001655,1.363442,1.414833
65,0,0.012401,15.785824,0.183999,0.004797,15.974620,7.681256,3.533980,29.902346,0.042586,0.000000,0.001075,1.556398,1.600059
66,0,0.209267,14.227746,0.195110,0.004748,14.427604,8.046871,5.578966,30.892878,0.045415,0.000000,0.001461,1.674300,1.721176
67,0,0.032082,17.508221,0.177220,0.004692,17.690133,8.934144,0.476023,29.378301,0.144483,0.000000,0.001595,1.276029,1.422107
68,0,0.011919,16.814721,0.185079,0.004817,17.004617,9.213607,2.089400,30.695270,0.043006,0.000000,0.001770,1.409201,1.453977
69,0,0.019692,15.264930,0.157298,0.004748,15.426976,7.493027,5.690405,30.960793,0.042078,0.000000,0.001430,1.386464,1.429972
70,0,0.020793,17.453798,0.197376,0.005249,17.656423,8.165422,1.581112,29.818232,0.044529,0.000000,0.001444,1.463602,1.509575
71,0,0.011626,15.147144,0.179157,0.004410,15.330711,7.609183,4.670420,30.381632,0.039752,0.000000,0.001339,1.819372,1.860463
72,0,0.015435,17.252064,0.181575,0.004947,17.438586,8.436836,1.564482,29.759201,0.053340,0.000000,0.001978,1.385724,1.441042
73,0,0.013325,15.330965,0.159204,0.004215,15.494384,8.766217,4.720368,31.222991,0.043781,0.000000,0.001740,1.279546,1.325067
74,0,0.016254,15.629030,0.137271,0.004377,15.770678,7.691206,3.939693,29.746758,0.045009,0.000000,0.002035,1.441931,1.488975
75,0,0.024678,14.416667,0.197626,0.006396,14.620689,8.834370,4.594610,30.796794,0.192842,0.000000,0.001344,1.615911,1.810097
76,0,0.019543,16.259692,0.207011,0.005019,16.471722,9.337351,1.849538,30.131097,0.044770,0.000000,0.001551,1.398501,1.444822
77,0,0.026993,13.552042,0.186908,0.010863,13.749813,8.155989,5.450567,30.509438,0.046745,0.000000,0.001446,2.064257,2.112448
78,0,0.016397,15.442259,0.183908,0.004574,15.630741,7.260523,4.534385,29.787327,0.046226,0.000000,0.001568,1.414818,1.462612
79,0,0.021606,14.015003,0.170555,0.004561,14.190119,7.955977,6.599941,31.001105,0.038968,0.000000,0.001504,1.355445,1.395917
80,0,0.012778,15.129536,0.173039,0.004628,15.307203,8.657206,3.563097,29.910609,0.041010,0.000000,0.001565,1.450408,1.492983
81,0,0.022213,16.958947,0.194222,0.004266,17.157435,8.186387,2.500219,30.283087,0.040189,0.000000,0.001792,1.492795,1.534776
82,0,0.011108,17.351414,0.193529,0.005096,17.550039,7.750596,2.514150,30.255920,0.039236,0.000000,0.001517,1.525179,1.565932
83,0,0.012978,16.098681,0.179752,0.019571,16.298004,8.627908,2.502627,30.544915,0.051656,0.000000,0.001666,2.125585,2.178907
84,0,0.019168,15.931140,0.163753,0.019566,16.114459,8.337748,2.583319,29.539916,0.037780,0.000000,0.001287,1.289263,1.328330
85,0,0.013810,18.895884,0.174246,0.004727,19.074857,7.962047,1.472313,30.950205,0.042603,0.000000,0.002011,1.409476,1.454090
86,0,0.012184,14.054599,0.151714,0.004727,14.211040,7.788949,5.565501,29.809037,0.039612,0.000000,0.001855,1.344220,1.385687
87,0,0.017419,11.949915,0.205705,0.004336,12.159956,8.528049,7.550582,30.488827,0.040850,0.000000,0.001677,1.393487,1.436014
88,0,0.022530,15.228895,0.160516,0.004491,15.393902,7.136814,5.548268,30.168435,0.044296,0.000000,0.001852,1.217752,1.263900
89,0,0.019559,14.758947,0.222731,0.004760,14.986438,8.882830,3.885267,29.971632,0.044634,0.000000,0.001705,1.254540,1.300879
90,0,0.016980,13.943415,0.152574,0.004280,14.100269,8.021230,5.876080,30.449211,0.044084,0.000000,0.001565,1.528427,1.574076
91,0,0.022868,18.979288,0.156087,0.004348,19.139723,9.234946,15.736054,46.288709,0.052436,0.000000,0.002482,1.259820,1.314738
92,0,0.088887,12.867150,0.159373,0.004322,13.030845,8.418126,4.622383,29.698098,0.046151,0.000000,0.001397,1.887936,1.935484
93,0,0.017973,15.286505,0.156954,0.004215,15.447674,7.990045,4.553185,30.241091,0.044757,0.000000,0.001765,1.273983,1.320505
94,0,0.018612,23.126702,0.157355,0.004766,23.288823,7.558940,12.574691,45.579941,0.043119,0.000000,0.001890,1.295309,1.340318
95,0,0.030687,16.127127,0.158323,0.004329,16.289779,7.628590,3.484065,29.480228,0.047526,0.000000,0.001737,1.227972,1.277235
96,0,0.013078,15.578989,0.139502,0.004392,15.722883,9.290717,3.667573,30.740068,0.042260,0.000000,0.001484,1.221167,1.264911
97,0,0.014266,15.374124,0.162555,0.004745,15.541424,8.398738,3.862380,29.951996,0.043596,0.000000,0.001782,1.258168,1.303546
98,0,0.017893,17.681853,0.149567,0.004468,17.835888,9.758954,16.625349,46.379560,0.054302,0.000000,0.001386,1.289176,1.344864
99,0,0.030169,18.597879,0.179777,0.004738,18.782394,9.447879,14.605846,45.079193,0.058539,0.000000,0.001767,1.350813,1.411119
100,0,0.029697,13.926443,0.138374,0.004446,14.069263,10.876439,2.856040,30.118436,0.057737,0.000000,0.001526,1.430812,1.490075
101,0,0.017058,13.435494,0.136812,0.004312,13.576618,8.730579,5.894217,30.287070,0.054561,0.000000,0.001677,1.234766,1.291004
102,0,0.017564,12.951024,0.180688,0.004377,13.136089,9.181106,5.959594,30.435223,0.051821,0.000000,0.001898,1.225118,1.278837
103,0,0.012291,12.654362,0.156105,0.004381,12.814848,7.955942,6.950095,29.739203,0.039800,0.000000,0.001914,1.191029,1.232743
104,0,0.017157,14.659077,0.237021,0.005488,14.901586,10.680856,1.829749,30.223007,0.050706,0.000000,0.001490,1.574953,1.627149
105,0,0.012512,13.705497,0.152308,0.004343,13.862148,10.128688,3.728129,30.098126,0.045460,0.000000,0.001387,1.302215,1.349062
106,0,0.010154,9.259770,0.229544,0.004370,9.493684,10.940434,7.822631,30.252244,0.060303,0.000000,0.001267,1.181342,1.242912
107,0,0.026407,15.713872,0.228610,0.008169,15.950651,10.242830,0.705203,29.855143,0.056718,0.000000,0.001422,1.787099,1.845239
108,0,0.006436,15.670194,0.239897,0.008093,15.918184,16.345113,10.680940,46.285269,0.039002,0.000000,0.001859,1.673917,1.714778
109,0,0.022044,18.667679,0.179708,0.006036,18.853423,12.587486,11.764013,45.666109,0.045584,0.000000,0.001642,1.378455,1.425681
110,0,0.019339,18.862582,0.157772,0.006554,19.026908,17.502647,4.928058,44.715950,0.063239,0.000000,0.001338,1.826673,1.891250
111,0,0.017449,14.646628,0.150246,0.004176,14.801050,11.232992,1.930499,30.327349,0.055870,0.000000,0.001153,1.414024,1.471047
112,0,0.010250,12.790544,0.165830,0.004457,12.960831,17.884246,10.234782,45.796038,0.038023,0.000000,0.002076,2.358500,2.398599
113,0,0.024253,15.713315,0.176476,0.004806,15.894597,9.859240,1.796277,29.559157,0.044279,0.000000,0.002002,1.168013,1.214294
114,0,0.015681,11.454011,0.161467,0.004354,11.619832,11.222378,5.635099,30.477243,0.048526,0.000000,0.000986,1.169218,1.218730
115,0,0.013253,11.516082,0.187983,0.004516,11.708581,8.722607,7.948365,30.343710,0.044746,0.000000,0.001568,1.154568,1.200882
116,0,0.018037,21.315625,0.296022,0.008546,21.620193,15.600576,4.930069,45.623300,0.055581,0.000000,0.001747,1.981831,2.039159
117,0,0.030730,19.398269,0.241511,0.008206,19.647986,16.505370,5.912378,45.395388,0.154826,0.000000,0.001922,1.878253,2.035001
118,0,0.031387,16.680036,0.271728,0.009461,16.961225,12.223029,12.898058,45.571845,0.064572,0.000000,0.002175,2.064058,2.130805
119,0,0.058257,15.339019,0.149902,0.005298,15.494219,9.084295,2.855832,29.809363,0.060221,0.000000,0.001459,1.397296,1.458976
120,0,0.015094,18.965126,0.245597,0.008251,19.218974,14.645513,8.000663,45.123794,0.040816,0.000000,0.001712,1.910990,1.953518
121,0,0.020259,22.252764,0.185703,0.004971,22.443438,9.634415,11.928310,46.375870,0.056600,0.000000,0.001901,1.415025,1.473526
122,0,0.018967,20.190808,0.399915,0.017310,20.608033,14.647126,6.023670,44.815030,0.051168,0.000000,0.001955,2.098842,2.151965
123,0,0.023094,14.990164,0.266232,0.007944,15.264340,13.254825,13.856240,45.643650,0.052661,0.000000,0.002174,1.936830,1.991665
124,0,0.032677,18.173992,0.186508,0.006204,18.366704,9.918520,14.940851,45.582423,0.060381,0.000000,0.001312,1.395070,1.456763
125,0,0.025992,14.329439,0.144707,0.004520,14.478666,11.309755,1.466877,29.445534,0.057650,0.000000,0.001206,1.328291,1.387147
126,0,0.052165,11.574171,0.140002,0.004274,11.718447,9.181964,7.500448,30.503237,0.040839,0.000000,0.001120,1.224489,1.266448
127,0,0.021010,9.611758,0.134969,0.004477,9.751204,8.316471,9.789600,30.384897,0.040030,0.000000,0.001233,1.694432,1.735695
128,0,0.023040,9.333472,0.144187,0.004601,9.482260,9.237627,9.597377,30.378583,0.043298,0.000000,0.001433,1.186961,1.231692
129,0,0.022596,15.838957,0.228447,0.007347,16.074751,15.405752,10.967365,45.466603,0.055997,0.000000,0.001446,1.954756,2.012199
130,0,0.021434,14.779372,0.149106,0.004593,14.933071,9.585226,2.582821,29.361632,0.053869,0.000000,0.001489,1.348706,1.404064
131,0,0.011712,11.607353,0.165688,0.004481,11.777522,9.261829,7.797254,31.015488,0.060414,0.000000,0.001312,1.317571,1.379297
132,0,0.014519,15.187867,0.230338,0.007113,15.425318,12.456779,14.764584,45.640054,0.048287,0.000000,0.002978,1.812795,1.864060
133,0,0.034632,19.089556,0.280828,0.009192,19.379576,8.470888,14.565512,45.084198,0.058807,0.000000,0.001651,1.693233,1.753691
134,0,0.016803,16.268433,0.162860,0.005265,16.436558,13.832713,12.663777,45.287164,0.050121,0.000000,0.001963,1.493235,1.545319
135,0,0.031779,19.604340,0.233011,0.007110,19.844461,14.742084,8.457551,45.674358,0.060028,0.000000,0.001743,1.545064,1.606835
136,0,0.022584,17.564538,0.189516,0.006314,17.760368,12.007929,12.761551,44.981411,0.043136,0.000000,0.001431,1.428472,1.473039
137,0,0.028816,18.536179,0.220493,0.008342,18.765014,12.250254,11.213768,45.466648,0.066899,0.000000,0.001902,1.869887,1.938688
138,0,0.024492,18.258891,0.149695,0.005854,18.414440,12.290536,12.788274,45.811613,0.094229,0.000000,0.001985,1.365788,1.462002
139,0,0.034508,21.053151,0.166991,0.006553,21.226695,16.311362,4.678968,44.733274,0.064117,0.000000,0.001511,1.487804,1.553432
140,0,0.012955,14.006986,0.231861,0.007456,14.246303,15.592326,12.516044,45.707987,0.041984,0.000000,0.001824,1.757493,1.801301
141,0,0.021223,14.602155,0.135712,0.004879,14.742746,11.865210,1.454394,30.083154,0.054481,0.000000,0.001467,1.191459,1.247407
142,0,0.017045,16.442085,0.193656,0.005452,16.641193,9.022941,1.884650,29.693196,0.042017,0.000000,0.001300,1.305370,1.348687
143,0,0.014177,12.453041,0.206158,0.004663,12.663862,12.026696,3.772068,30.501066,0.051572,0.000000,0.001607,1.223968,1.277147
144,0,0.014602,13.751688,0.113682,0.004214,13.869584,12.305957,1.872083,30.056590,0.052213,0.000000,0.001145,1.208368,1.261726
145,0,0.016009,18.777182,0.232453,0.008330,19.017965,17.841977,5.728690,45.967048,0.060348,0.000000,0.001667,2.045389,2.107404
146,0,0.016335,15.815337,0.256968,0.008603,16.080908,14.019017,11.833532,45.078637,0.053450,0.000000,0.002029,1.903773,1.959252
147,0,0.021740,13.884377,0.199763,0.005956,14.090096,12.821381,16.735503,46.272443,0.051022,0.000000,0.001417,1.493510,1.545949
148,0,0.017480,13.619699,0.221870,0.008057,13.849626,17.476324,10.105649,44.682402,0.049893,0.000000,0.001797,1.763317,1.815007
149,0,0.027448,14.055538,0.148120,0.006311,14.209969,12.216629,0.609050,29.604628,0.052807,0.000000,0.001415,1.527553,1.581775
150,0,0.010001,15.010208,0.275454,0.006256,15.291918,10.504472,2.210384,30.398273,0.051492,0.000000,0.001665,1.397562,1.450719
151,0,0.017041,19.564176,0.199400,0.007457,19.771033,13.729786,9.991751,46.172766,0.057740,0.000000,0.001558,1.586171,1.645469
152,0,0.031412,18.433024,0.194253,0.007424,18.634701,13.461394,10.736173,45.509392,0.055032,0.000000,0.001329,1.569329,1.625690
153,0,0.017336,17.377555,0.164956,0.006602,17.549113,13.582864,11.748021,45.363313,0.049892,0.000000,0.001317,1.473739,1.524948
154,0,0.019013,20.310302,0.240568,0.008941,20.559811,15.268534,5.679380,44.879338,0.053549,0.000000,0.001483,1.876298,1.931330
155,0,0.015431,16.609982,0.175555,0.006731,16.792268,12.655788,13.628861,45.760347,0.049571,0.000000,0.001571,1.638203,1.689345
156,0,0.023708,22.372967,0.242926,0.009202,22.625095,13.948390,4.916130,44.906442,0.059634,0.000000,0.001704,1.910604,1.971942
157,0,0.011610,14.880437,0.329910,0.006561,15.216908,12.628823,15.863506,46.390599,0.048538,0.000000,0.001794,1.593077,1.643409
158,0,0.026256,14.535430,0.150146,0.006168,14.691744,13.583941,14.512455,45.168221,0.050289,0.000000,0.001105,1.393263,1.444657
159,0,0.016378,12.012661,0.131308,0.005437,12.149406,11.739350,2.819026,29.105278,0.047436,0.000000,0.001253,1.490437,1.539126
160,0,0.012383,15.274798,0.143739,0.004478,15.423015,13.482294,13.683133,46.112438,0.040416,0.000000,0.001268,1.234874,1.276558
161,0,0.014608,11.734560,0.177643,0.004647,11.916850,13.602300,16.677160,45.858458,0.070723,0.000000,0.002057,2.246782,2.319562
162,0,0.023933,15.230538,0.373312,0.007320,15.611170,12.958826,13.871984,45.207650,0.057474,0.000000,0.001775,1.595683,1.654932
163,0,0.023713,17.465521,0.216103,0.006749,17.688373,18.094846,4.930809,44.660432,0.121394,0.000000,0.001481,2.660022,2.782897
164,0,0.020817,20.406083,0.255325,0.008932,20.670340,16.229543,5.868983,45.946759,0.061152,0.000000,0.001864,1.902709,1.965725
165,0,0.023307,18.698601,0.233640,0.008437,18.940678,16.862507,5.891349,45.164924,0.062842,0.000000,0.001796,2.036541,2.101179
166,0,0.018700,18.192805,0.239519,0.008257,18.440581,14.258228,10.008741,45.568165,0.057160,0.000000,0.001501,1.735995,1.794656
167,0,0.024530,17.392842,0.249201,0.008551,17.650594,20.122748,3.802073,44.986470,0.054807,0.000000,0.002056,1.880890,1.937753
168,0,0.018188,16.842518,0.206987,0.007118,17.056623,13.187738,12.786530,45.791098,0.056473,0.000000,0.001796,1.602227,1.660496
169,0,0.028535,20.419610,0.220201,0.006919,20.646730,14.660603,6.987946,45.137274,0.058551,0.000000,0.001582,1.641650,1.701783
170,0,0.021803,17.547729,0.247602,0.008026,17.803357,15.252689,8.973967,45.429963,0.059937,0.000000,0.001935,1.926412,1.988284
171,0,0.021396,16.856066,0.237970,0.008581,17.102617,15.658885,9.145194,45.373302,0.053454,0.000000,0.001862,1.862696,1.918012
172,0,0.021229,19.059263,0.298284,0.009107,19.366654,14.190043,7.842336,45.747921,0.056553,0.000000,0.003838,2.692289,2.752680
173,0,0.030694,19.721615,0.228876,0.007858,19.958349,16.681162,4.911902,44.945655,0.055527,0.000000,0.001804,1.998938,2.056269
174,0,0.018513,18.561688,0.299286,0.009495,18.870469,18.101729,4.235366,45.180137,0.055335,0.000000,0.002332,2.516924,2.574591
175,0,0.029369,21.142295,0.275647,0.009124,21.427066,16.457819,2.920217,44.951345,0.079950,0.000000,0.002860,2.688901,2.771711
176,0,0.014784,17.938096,0.300755,0.008682,18.247533,15.803569,8.023335,46.470546,0.048325,0.000000,0.003529,2.443312,2.495166
177,0,0.030942,19.934979,0.267306,0.009474,20.211759,18.727512,0.858776,44.602106,0.067432,0.000000,0.003571,2.833566,2.904569
178,0,0.011342,22.239339,0.259771,0.006914,22.506024,14.753679,6.063573,45.990617,0.059431,0.000000,0.002284,1.518292,1.580007
179,0,0.019342,22.017634,0.248324,0.008156,22.274114,16.743948,1.759587,44.174129,0.074421,0.000000,0.001638,2.166240,2.242299
180,0,0.015963,20.970073,0.221435,0.007151,21.198659,16.454913,4.777687,46.420355,0.051141,0.000000,0.002271,2.528437,2.581849
181,0,0.013459,17.119533,0.352474,0.012530,17.484537,12.424961,12.848639,45.177979,0.048437,0.000000,0.001521,1.432119,1.482077
182,0,0.015320,18.235757,0.240109,0.008030,18.483896,17.208142,6.749717,45.276095,0.058775,0.000000,0.001907,1.653384,1.714066
183,0,0.024228,17.429999,0.223791,0.007256,17.661046,16.904213,7.835993,45.340721,0.057492,0.000000,0.001559,1.766393,1.825444
184,0,0.024984,16.230250,0.217870,0.006912,16.455032,15.525292,10.786516,45.950659,0.052536,0.000000,0.001568,1.961697,2.015801
185,0,0.027019,18.163115,0.214257,0.007327,18.384699,13.756807,9.797634,44.684517,0.054679,0.000000,0.002200,1.595109,1.651988
186,0,0.022821,19.145736,0.177241,0.006118,19.329095,12.949147,10.896541,46.202589,0.051571,0.000000,0.001470,1.989910,2.042951
187,0,0.032191,16.141255,0.188839,0.006991,16.337085,14.723995,10.730820,44.853477,0.067393,0.000000,0.001651,1.840724,1.909768
188,0,0.033626,20.646533,0.230848,0.008509,20.885890,17.217935,3.878619,45.362151,0.060246,0.000000,0.001896,1.843379,1.905521
189,0,0.019902,19.033056,0.243205,0.008635,19.284896,17.936138,4.126166,44.765210,0.056429,0.000000,0.001507,1.926337,1.984273
190,0,0.021040,19.959182,0.270198,0.008788,20.238168,16.275668,5.864366,46.206394,0.059376,0.000000,0.001926,2.351047,2.412349
191,0,0.018748,18.113258,0.275659,0.009945,18.398862,18.202112,3.838571,45.044917,0.056384,0.000000,0.002519,3.147442,3.206345
192,0,0.020568,20.364102,0.242126,0.008220,20.614448,19.339766,2.265963,45.548640,0.056984,0.000000,0.001948,1.895205,1.954137
193,0,0.025594,19.496862,0.191601,0.006799,19.695262,15.305821,7.207421,45.025941,0.090878,0.000000,0.001467,1.628904,1.721249
194,0,0.021056,18.452299,0.265526,0.007602,18.725427,16.773025,5.927085,45.737591,0.079458,0.000000,0.002740,2.923591,3.005789
195,0,0.018835,19.465274,0.255691,0.007930,19.728895,17.384914,5.102280,45.325911,0.056294,0.000000,0.001965,1.876243,1.934502
196,0,0.019107,14.994175,0.280623,0.008078,15.282876,16.941433,9.266097,45.539601,0.056915,0.000000,0.002273,2.488491,2.547679
197,0,0.033575,19.889896,0.237455,0.006856,20.134207,17.821113,3.284180,44.789979,0.083766,0.000000,0.002405,1.808963,1.895134
198,0,0.020781,22.130713,0.207739,0.008057,22.346509,17.047257,3.169017,45.414489,0.081320,0.000000,0.001317,1.654075,1.736712
199,0,0.021111,20.344379,0.191256,0.006772,20.542407,19.608107,1.772441,44.993864,0.079501,0.000000,0.001889,1.677752,1.759142
200,0,0.014704,17.400854,0.442620,0.008442,17.851916,21.863922,2.845322,45.938483,0.049469,0.000000,0.001831,1.877753,1.929053
201,0,0.020437,21.592756,0.191860,0.006993,21.791609,18.847070,1.762580,45.375934,0.073099,0.000000,0.001360,1.597618,1.672077
202,0,0.010460,17.110322,0.272380,0.008031,17.390733,18.310436,5.873315,45.833110,0.055882,0.000000,0.002694,2.701627,2.760203
203,0,0.017312,24.797012,0.206629,0.006665,25.010306,17.926740,14.889180,60.614737,0.056383,0.000000,0.001708,1.604389,1.662480
204,0,0.017575,15.162048,0.376506,0.019650,15.558204,16.647442,9.256959,45.336617,0.050427,0.000000,0.001831,2.238882,2.291140
205,0,0.011329,21.502318,0.463341,0.010348,21.976007,23.008045,11.498088,60.922024,0.053787,0.000000,0.003243,2.820968,2.877998
206,0,0.035590,19.198152,0.198050,0.006757,19.402959,17.491821,4.938640,44.683225,0.062997,0.000000,0.001653,1.693324,1.757974
207,0,0.019426,23.014354,0.336652,0.009590,23.360596,17.411850,2.224501,46.383447,0.052356,0.000000,0.002310,1.996645,2.051311
208,0,0.009295,14.917205,0.212890,0.006980,15.137075,17.257860,8.872884,44.145571,0.050710,0.000000,0.001653,1.759004,1.811367
209,0,0.019543,18.519950,0.226151,0.008147,18.754248,19.042960,4.548859,45.646999,0.057408,0.000000,0.001982,1.904329,1.963719
210,0,0.021415,24.139810,0.216900,0.006738,24.363448,21.071846,11.776062,61.099631,0.074980,0.000000,0.001791,1.702753,1.779524
211,0,0.021182,19.768680,0.238192,0.007854,20.014726,16.880338,3.934770,44.003213,0.052552,0.000000,0.001839,2.004695,2.059086
212,0,0.016495,19.928896,0.293271,0.009356,20.231523,19.846056,0.935094,45.276029,0.053032,0.000000,0.002817,2.628145,2.683994
213,0,0.013767,17.029989,0.194295,0.006618,17.230902,16.265578,9.968834,46.212396,0.078922,0.000000,0.001653,1.605076,1.685651
214,0,0.029406,21.078747,0.192289,0.006474,21.277510,15.435441,2.855564,44.981234,0.079084,0.000000,0.002269,4.185028,4.266381
215,0,0.016384,16.084389,0.156973,0.005478,16.246840,20.849509,4.861943,45.167300,0.071206,0.000000,0.001724,1.571214,1.644144
216,0,0.012420,18.297738,0.258210,0.007715,18.563663,17.125167,6.457310,46.100145,0.046902,0.000000,0.002352,2.486753,2.536007
217,0,0.016148,15.735045,0.208348,0.006470,15.949863,16.704834,10.333038,45.614080,0.063726,0.000000,0.002254,1.447473,1.513453
218,0,0.023966,20.582745,0.207528,0.006833,20.797106,18.265901,3.393945,45.215086,0.077890,0.000000,0.001611,1.615273,1.694774
219,0,0.022992,18.484771,0.262734,0.006821,18.754326,18.173434,5.029648,44.747409,0.081211,0.000000,0.001821,1.592914,1.675946
220,0,0.010652,18.553572,0.307703,0.007942,18.869217,19.772248,3.830773,45.962055,0.055066,0.000000,0.002037,2.050419,2.107522
221,0,0.032548,24.683851,0.257048,0.006412,24.947311,17.495578,14.675244,60.768941,0.068695,0.000000,0.001766,2.427506,2.497967
222,0,0.079665,20.331064,0.235221,0.008304,20.574589,19.312737,0.854063,44.132074,0.057689,0.000000,0.001968,1.840445,1.900102
223,0,0.010565,25.239998,0.252267,0.008328,25.500593,16.567458,0.722152,46.003018,0.057815,0.000000,0.002498,2.125833,2.186146
224,0,0.008737,17.781145,0.243325,0.007533,18.032003,18.318843,6.761333,45.897636,0.051814,0.000000,0.001285,1.582371,1.635470
225,0,0.013036,14.196312,0.194000,0.007182,14.397494,23.993628,2.683165,44.339145,0.049694,0.000000,0.001724,1.852316,1.903734
226,0,0.019503,20.634309,0.213654,0.006900,20.854863,20.175557,2.009126,45.954932,0.058267,0.000000,0.001808,1.647984,1.708059
227,0,0.014270,18.280719,0.216015,0.006727,18.503461,18.589134,5.814680,45.666794,0.049054,0.000000,0.001636,1.581385,1.632075
228,0,0.024770,19.069529,0.453747,0.012574,19.535850,17.314743,5.749659,45.525046,0.058426,0.000000,0.001822,1.712315,1.772563
229,0,0.019118,19.101863,0.217578,0.006722,19.326163,15.244492,7.632735,45.028048,0.052045,0.000000,0.001909,1.480219,1.534173
230,0,0.012359,14.776182,0.353181,0.008718,15.138081,16.483032,9.946509,45.799992,0.052535,0.000000,0.002547,2.612772,2.667854
231,0,0.017386,17.023000,0.380419,0.009405,17.412824,20.640320,1.839311,44.365786,0.078728,0.000000,0.003125,2.731827,2.813680
232,0,0.017491,20.998149,0.265842,0.008507,21.272498,17.983120,3.022538,45.567423,0.059048,0.000000,0.002054,1.949214,2.010316
233,0,0.014993,16.637231,0.291506,0.008540,16.937277,19.421217,4.727133,45.225938,0.049515,0.000000,0.002432,2.533935,2.585882
234,0,0.020593,18.935361,0.363980,0.009850,19.309191,22.073049,15.939937,62.003751,0.063850,0.000000,0.002894,2.800171,2.866915
235,0,0.032077,17.845299,0.201650,0.007231,18.054180,16.845414,6.844155,44.555151,0.063007,0.000000,0.001738,1.626217,1.690962
236,0,0.015498,20.968174,0.223362,0.007057,21.198593,17.201002,3.825319,45.118580,0.102481,0.000000,0.001856,1.556261,1.660598
237,0,0.010657,15.905623,0.259957,0.009303,16.174883,18.812859,7.151948,45.622480,0.053696,0.000000,0.001885,1.981170,2.036751
238,0,0.013120,21.305992,0.211733,0.006846,21.524571,23.787509,11.752286,60.574422,0.051018,0.000000,0.001857,1.864416,1.917291
239,0,0.021550,18.592792,0.208800,0.008225,18.809817,22.099624,16.333997,61.073768,0.061113,0.000000,0.002100,2.055781,2.118994
240,0,0.024011,19.233958,1.512113,0.018684,20.764755,18.910258,16.129712,60.468333,0.061357,0.000000,0.003830,2.746310,2.811497
241,0,0.057251,20.713382,0.211169,0.007062,20.931613,20.032313,16.065109,60.124037,0.089994,0.000000,0.001649,1.884741,1.976384
242,0,0.035869,16.939263,0.207745,0.006622,17.153630,18.639817,6.020334,44.798504,0.061527,0.000000,0.002356,1.710483,1.774366
243,0,0.028279,20.963683,0.217730,0.007813,21.189226,19.582416,1.697123,45.326508,0.051000,0.000000,0.001880,1.560157,1.613037
244,0,0.016060,17.082931,0.156799,0.004687,17.244417,26.208677,14.831681,61.154859,0.044076,0.000000,0.001735,1.892522,1.938333
245,0,0.037677,16.109314,0.165546,0.004648,16.279508,12.354433,13.574197,45.717377,0.199101,0.000000,0.001527,2.372729,2.573357
246,0,0.028178,12.744878,0.197371,0.004837,12.947086,10.810017,3.605177,29.773114,0.046802,0.000000,0.001677,1.404096,1.452575
247,0,0.016924,14.302570,0.162382,0.004979,14.469931,12.066377,0.718672,29.534284,0.040206,0.000000,0.002005,1.392262,1.434473
248,0,0.007117,15.905982,0.211282,0.006159,16.123423,22.737721,4.677922,46.199529,0.039932,0.000000,0.001804,1.582885,1.624621
249,0,0.019530,15.324852,0.189555,0.005809,15.520216,13.087827,12.661687,45.029143,0.050214,0.000000,0.001913,2.176582,2.228709
250,0,0.029855,17.153596,0.201110,0.006464,17.361170,15.233929,10.628901,45.971937,0.054616,0.000000,0.001971,1.607674,1.664261
251,0,0.025928,18.793609,0.256433,0.008045,19.058087,19.455370,2.742508,44.789741,0.055931,0.000000,0.002082,2.009525,2.067538
252,0,0.019657,18.108886,0.222340,0.007248,18.338474,18.641328,5.992190,45.951359,0.058560,0.000000,0.001580,1.814240,1.874380
253,0,0.026211,18.516658,0.203586,0.006794,18.727038,20.135787,2.884293,44.710964,0.065941,0.000000,0.001988,1.771817,1.839746
254,0,0.016836,17.301504,0.185328,0.006117,17.492949,17.792591,6.722231,45.296331,0.052155,0.000000,0.001907,2.096275,2.150337
255,0,0.023156,20.742503,0.219564,0.006888,20.968955,19.114054,2.773696,45.701098,0.050670,0.000000,0.001719,1.687054,1.739443
256,0,0.021837,18.022408,0.225200,0.007222,18.254830,16.807601,7.792015,45.543265,0.123093,0.000000,0.001684,1.510333,1.635110
257,0,0.025247,17.493837,0.223419,0.007124,17.724380,19.407004,4.735688,45.533220,0.053911,0.000000,0.002485,2.345420,2.401816
258,0,0.021135,16.511583,0.188414,0.006529,16.706526,17.500453,9.030334,45.630682,0.049041,0.000000,0.001933,1.365254,1.416228
259,0,0.029848,20.943576,0.301192,0.009357,21.254125,19.973954,16.252425,60.897000,0.073972,0.000000,0.002148,2.085655,2.161775
260,0,0.038224,24.352433,0.433116,0.007918,24.793467,20.651643,11.714747,60.277217,0.202560,0.000000,0.001921,1.727941,1.932422
261,0,0.031907,19.730719,0.414306,0.007040,20.152065,21.632222,15.904383,60.760909,0.058772,0.000000,0.001949,1.850731,1.911452
262,0,0.030354,24.033537,0.230795,0.007619,24.271951,20.948083,11.821371,60.268159,0.059506,0.000000,0.001779,1.866075,1.927360
263,0,0.033790,23.177255,0.218160,0.007105,23.402520,22.605375,11.032786,59.930651,0.062417,0.000000,0.002076,1.726469,1.790962
264,0,0.121912,21.599433,0.299138,0.007007,21.905578,22.849278,11.877344,60.491404,0.111627,0.000000,0.002180,2.500024,2.613831
265,0,0.035525,23.632547,0.232866,0.006520,23.871933,22.307987,11.927316,61.067672,0.060751,0.000000,0.001746,1.711023,1.773520
266,0,0.037653,24.225927,0.493598,0.010017,24.729542,19.536238,12.877161,60.241378,0.270698,0.000000,0.001982,1.657510,1.930190
267,0,0.031359,22.096887,0.218920,0.006869,22.322676,19.413367,15.834366,60.515636,0.061037,0.000000,0.002265,1.783651,1.846953
268,0,0.031774,20.921312,0.202907,0.005767,21.129986,22.322086,13.795209,60.377213,0.055127,0.000000,0.001991,1.863567,1.920685
269,0,0.022108,21.994491,0.894837,0.016875,22.906203,16.612993,1.640037,44.987575,0.046405,0.000000,0.001729,2.625428,2.673562
270,0,0.027959,20.648002,0.382993,0.210001,21.240996,16.616137,3.735864,45.429535,0.083419,0.000000,0.001671,2.827905,2.912995
271,0,0.032266,20.360707,0.212250,0.005778,20.578735,14.211695,7.572722,45.212630,0.208281,0.000000,0.002265,1.677095,1.887641
272,0,0.029567,15.833547,0.306860,0.007927,16.148334,13.993760,13.639884,46.362707,0.048881,0.000000,0.001797,1.581478,1.632156
273,0,0.024013,18.232867,0.184250,0.005150,18.422267,15.213670,8.659172,44.821277,0.061036,0.000000,0.002107,1.524815,1.587958
274,0,0.027604,16.762857,0.190918,0.005764,16.959539,17.491886,8.132783,45.307308,0.051349,0.000000,0.001655,1.656482,1.709486
275,0,0.023858,21.344136,0.301826,0.006667,21.652629,19.254089,0.662167,44.656011,0.053881,0.000000,0.001755,1.827283,1.882919
276,0,0.008859,17.174662,0.181609,0.005315,17.361586,16.184936,10.613530,46.626251,0.045493,0.000000,0.001775,1.368207,1.415475
277,0,0.062038,18.053161,0.180108,0.005900,18.239169,16.033040,8.426174,45.324401,0.050173,0.000000,0.001986,1.521665,1.573824
278,0,0.025357,19.595025,0.207848,0.005818,19.808691,15.583368,6.736234,44.683770,0.049335,0.000000,0.001498,1.517584,1.568417
279,0,0.020814,17.917221,0.189013,0.006646,18.112880,17.224927,7.914587,45.929850,0.054508,0.000000,0.001805,1.547332,1.603645
280,0,0.024705,16.000028,0.254752,0.008574,16.263354,23.900071,15.962695,60.430474,0.056573,0.000000,0.003163,2.639388,2.699124
281,0,0.051088,22.586240,0.233899,0.007804,22.827943,23.676275,10.981709,60.504079,0.095258,0.000000,0.001724,1.758054,1.855036
282,0,0.025034,20.770594,0.239237,0.008082,21.017913,21.369133,14.971128,60.860423,0.082032,0.000000,0.001971,2.102268,2.186271
283,0,0.018545,17.244791,0.344124,0.008543,17.597458,24.361105,15.013606,60.566944,0.054975,0.000000,0.002251,1.981664,2.038890
284,0,0.025305,20.750291,0.277746,0.008868,21.036905,28.539194,7.271260,60.535628,0.080770,0.000000,0.001861,2.111753,2.194384
285,0,0.035376,20.257348,0.294746,0.007046,20.559140,21.236448,16.065076,60.752869,0.067117,0.000000,0.001901,1.654909,1.723927
286,0,0.062319,16.592344,0.311606,0.007831,16.911781,20.182437,4.881186,45.011270,0.058643,0.000000,0.001845,1.634445,1.694933
287,0,0.026509,20.241476,0.304047,0.007974,20.553497,20.474018,0.523304,44.765885,0.052741,0.000000,0.001793,2.058049,2.112583
288,0,0.008824,16.140118,0.174971,0.006161,16.321250,18.290158,8.718415,45.808882,0.049304,0.000000,0.001830,1.476678,1.527812
289,0,0.018620,17.451125,0.263393,0.009010,17.723528,23.883216,14.807318,60.563153,0.053441,0.000000,0.002742,2.550696,2.606879
290,0,0.026709,21.099608,0.262794,0.009103,21.371505,24.423133,11.026960,60.266348,0.058802,0.000000,0.002125,1.950875,2.011802
291,0,0.030801,16.902176,0.230768,0.009218,17.142162,17.817451,7.693409,45.410894,0.056082,0.000000,0.001877,1.594651,1.652610
292,0,0.027170,23.232434,0.179523,0.005040,23.416997,19.730339,15.514006,61.066503,0.053853,0.000000,0.002135,1.355351,1.411339
293,0,0.027650,25.775001,0.255528,0.004563,26.035092,19.396156,11.101518,60.152472,0.045896,0.000000,0.001395,2.142255,2.189546
294,0,0.029948,16.600675,0.198327,0.006129,16.805131,11.532536,15.521437,46.163204,0.047654,0.000000,0.001617,1.409484,1.458755
295,0,0.024876,13.911263,0.152884,0.004842,14.068989,15.215111,13.621348,45.593696,0.048551,0.000000,0.001643,1.674832,1.725026
296,0,0.128301,16.175607,0.223656,0.005513,16.404776,16.844280,8.677345,44.643130,0.052676,0.000000,0.001800,1.549430,1.603906
297,0,0.023213,11.400887,0.152459,0.005874,11.559220,19.107322,11.792095,45.119022,0.047805,0.000000,0.001767,1.671193,1.720765
298,0,0.028401,19.422332,0.296843,0.006631,19.725806,26.601601,12.138770,61.608129,0.055440,0.000000,0.002500,1.786609,1.844549
299,0,0.019295,21.939898,0.316256,0.009047,22.265201,24.291976,8.825402,59.848194,1.077289,0.000000,0.002051,1.940194,3.019534
300,0,0.024890,17.555899,0.203821,0.006491,17.766211,21.524408,2.882529,45.097881,0.051691,0.000000,0.001937,1.784550,1.838178
301,0,0.022770,14.887983,0.196027,0.006781,15.090791,24.470041,1.833845,45.198713,0.055887,0.000000,0.002420,2.173562,2.231869
302,0,0.016263,17.894740,0.195493,0.006911,18.097144,25.701657,14.060039,61.394397,0.051452,0.000000,0.001748,2.213516,2.266716
303,0,0.034905,20.789944,0.283599,0.007288,21.080831,25.511192,9.915066,59.886299,0.058255,0.000000,0.002011,1.926605,1.986871
304,0,0.034689,24.096454,0.326328,0.007137,24.429919,24.140237,9.246514,60.836096,0.058834,0.000000,0.001839,1.872284,1.932957
305,0,0.030326,19.713081,0.288394,0.005607,20.007082,18.818891,2.725865,44.788818,0.054102,0.000000,0.001607,2.151286,2.206995
306,0,0.016444,17.456073,0.234541,0.005301,17.695915,15.685318,10.557016,46.459564,0.045540,0.000000,0.001585,1.543110,1.590235
307,0,0.031325,14.984975,0.187956,0.004376,15.177307,15.292925,11.921741,44.766728,0.052072,0.000000,0.001774,1.359282,1.413128
308,0,0.031452,17.629353,0.201548,0.006049,17.836950,18.159564,6.709000,45.212860,0.054243,0.000000,0.001678,1.412496,1.468417
309,0,0.027735,17.730285,0.226223,0.005811,17.962319,20.110404,5.206842,45.785566,0.055457,0.000000,0.001554,1.496000,1.553011
310,0,0.019828,20.337183,0.178351,0.005734,20.521268,21.061300,15.675598,60.630171,0.055230,0.000000,0.001774,2.000955,2.057959
311,0,0.024082,19.853226,0.170681,0.004932,20.028839,18.920882,3.691453,45.054145,0.051035,0.000000,0.001864,1.463871,1.516770
312,0,0.016693,17.128789,0.200430,0.006211,17.335430,15.896228,9.668002,45.459484,0.059130,0.000000,0.001712,1.457275,1.518117
313,0,0.023379,18.803074,0.193825,0.006692,19.003591,21.313554,1.943728,44.753586,0.048656,0.000000,0.002274,1.437977,1.488907
314,0,0.020677,17.883026,0.197967,0.005723,18.086716,19.548244,5.819441,46.143119,0.051988,0.000000,0.002176,1.597282,1.651446
315,0,0.030302,16.457178,0.181460,0.006040,16.644678,17.261489,8.607308,45.356089,0.055329,0.000000,0.001829,1.570821,1.627979
316,0,0.029432,19.125965,0.194278,0.005994,19.326237,15.995585,7.756803,45.659600,0.050607,0.000000,0.001895,1.489824,1.542326
317,0,0.013980,20.501816,0.272673,0.007311,20.781800,23.390414,14.227488,61.527513,0.093981,0.000000,0.001968,1.976888,2.072837
318,0,0.035781,22.746592,0.262872,0.006972,23.016436,20.754610,12.866581,59.640970,0.057655,0.000000,0.001752,1.959305,2.018712
319,0,0.031805,30.203881,0.196131,0.005279,30.405291,17.733745,9.658256,60.405367,0.054087,0.000000,0.002074,1.463914,1.520075
320,0,0.027678,18.027777,0.218030,0.006628,18.252435,19.926038,4.625504,45.500300,0.052973,0.000000,0.001651,1.574910,1.629534
321,0,0.018422,19.011567,0.195727,0.006198,19.213492,20.816622,1.698638,44.750982,0.049765,0.000000,0.002052,1.894479,1.946296
322,0,0.018825,18.913059,0.198576,0.006637,19.118272,19.059489,4.769971,45.584087,0.047195,0.000000,0.001839,1.513873,1.562907
323,0,0.017684,16.703052,0.330315,0.006822,17.040189,23.821177,2.228873,45.672452,0.049427,0.000000,0.001838,1.519147,1.570412
324,0,0.019563,17.437138,0.188338,0.006573,17.632049,28.304755,11.810386,61.123328,0.069153,0.000000,0.001759,2.134473,2.205385
325,0,0.033138,20.789382,0.206293,0.006848,21.002523,25.980124,9.004017,59.712296,0.070129,0.000000,0.001949,2.362814,2.434892
326,0,0.032775,17.156908,0.204555,0.006744,17.368207,23.348788,0.815845,45.268928,0.066872,0.000000,0.002284,1.973825,2.042981
327,0,0.009364,18.527663,0.223817,0.006359,18.757839,24.682862,14.729845,61.168883,0.048389,0.000000,0.001453,1.590514,1.640356
328,0,0.034809,21.250633,0.359932,0.005537,21.616102,20.646446,15.762743,60.926961,0.055609,0.000000,0.001782,1.745648,1.803039
329,0,0.031024,21.077044,0.190866,0.005385,21.273295,19.628371,0.509903,44.073066,0.054566,0.000000,0.002133,1.672645,1.729344
330,0,0.008391,17.203785,0.262536,0.006718,17.473039,18.065973,7.746481,45.948756,0.043930,0.000000,0.001809,1.477053,1.522792
331,0,0.023143,16.723039,0.189162,0.005787,16.917988,18.036985,6.689444,44.960178,0.048067,0.000000,0.001549,2.174217,2.223833
332,0,0.021063,18.988053,0.254006,0.007651,19.249710,20.646829,2.410550,45.748393,0.052835,0.000000,0.003055,2.190911,2.246801
333,0,0.016983,20.847798,0.194540,0.005575,21.047913,20.622740,16.027892,61.107473,0.045360,0.000000,0.002102,2.270838,2.318300
334,0,0.032009,20.035173,0.214607,0.006207,20.255987,19.127608,2.678814,44.797969,0.048165,0.000000,0.002085,1.602013,1.652263
335,0,0.019603,17.980962,0.321784,0.006996,18.309742,17.629000,6.705193,45.298007,0.050790,0.000000,0.001588,1.738448,1.790826
336,0,0.029505,18.561323,0.253203,0.005681,18.820207,20.019555,3.664076,45.076097,0.055179,0.000000,0.001759,1.586140,1.643078
337,0,0.013763,18.658650,0.311284,0.006593,18.976527,22.721319,0.569393,45.014296,0.043074,0.000000,0.002540,1.522875,1.568489
338,0,0.008140,18.890354,0.201752,0.006163,19.098269,20.796444,3.647564,46.562190,0.047735,0.000000,0.002032,1.488637,1.538404
339,0,0.020357,19.213418,0.182667,0.006016,19.402101,21.089195,1.920337,45.132240,0.058004,0.000000,0.002108,1.505705,1.565817
340,0,0.020826,20.886252,0.244989,0.008426,21.139667,26.639960,8.809276,60.336194,0.055971,0.000000,0.001797,2.270885,2.328653
341,0,0.033572,20.858744,0.220161,0.005757,21.084662,21.388076,15.741922,60.917013,0.057238,0.000000,0.001823,1.570685,1.629746
342,0,0.030152,19.342561,0.177349,0.004094,19.524004,18.468865,4.796538,45.242728,0.049353,0.000000,0.002044,1.333549,1.384946
343,0,0.030901,17.384391,0.162976,0.004617,17.551984,18.416428,6.709707,45.350160,0.060438,0.000000,0.002351,1.457195,1.519984
344,0,0.027931,16.653740,0.222046,0.004882,16.880668,22.626563,3.927684,45.646038,0.052523,0.000000,0.001835,1.245403,1.299761
345,0,0.021163,18.540570,0.165195,0.005778,18.711543,14.839500,9.522564,45.387279,0.055100,0.000000,0.001599,1.370022,1.426721
346,0,0.020875,19.022357,0.174619,0.004748,19.201724,18.202221,5.540265,45.343457,0.042423,0.000000,0.001252,1.416097,1.459772
347,0,0.020070,13.807623,0.155119,0.004645,13.967387,14.654714,15.059617,45.736481,0.056459,0.000000,0.001157,1.219882,1.277498
348,0,0.028456,17.578347,0.276540,0.009357,17.864244,23.978009,14.979917,60.434205,0.050944,0.000000,0.001982,2.060646,2.113572
349,0,0.026923,15.628854,0.160453,0.004647,15.793954,15.730506,11.487911,45.131938,0.061888,0.000000,0.001498,1.240884,1.304270
350,0,0.020747,12.174508,0.134654,0.004251,12.313413,15.487357,14.293391,45.284110,0.048188,0.000000,0.001652,1.716182,1.766022
351,0,0.021639,15.245344,0.151806,0.004750,15.401900,16.001497,12.074995,45.471478,0.043063,0.000000,0.001612,1.182267,1.226942
352,0,0.019461,15.821903,0.151575,0.005025,15.978503,23.212954,2.479083,44.833338,0.044286,0.000000,0.002010,1.759205,1.805501
353,0,0.016605,15.020350,0.218982,0.006750,15.246082,23.172930,4.818524,45.605086,0.054800,0.000000,0.001578,1.431087,1.487465
354,0,0.022138,16.629386,0.175796,0.005319,16.810501,15.782525,11.087003,46.362708,0.058667,0.000000,0.001251,1.383955,1.443873
355,0,0.013826,8.977094,0.140526,0.004381,9.122001,15.637822,2.600297,29.547935,0.040366,0.000000,0.001312,1.300066,1.341744
356,0,0.013651,12.099439,0.154687,0.004758,12.258884,13.936700,1.734886,30.325529,0.039403,0.000000,0.001512,1.509979,1.550894
357,0,0.014834,15.296493,0.188009,0.004638,15.489140,16.986478,10.781065,45.511178,0.040082,0.000000,0.001613,1.325768,1.367463
358,0,0.030244,18.367844,0.180719,0.005553,18.554116,16.862713,7.644776,45.636672,0.051005,0.000000,0.001917,1.504746,1.557668
359,0,0.023380,18.893907,0.223529,0.006232,19.123668,19.581366,3.805658,45.259179,0.050707,0.000000,0.001900,1.617510,1.670117
360,0,0.017794,18.014315,0.235243,0.007347,18.256905,24.095498,15.900436,61.160368,0.043573,0.000000,0.002390,1.789248,1.835211
361,0,0.034025,15.409674,0.173755,0.003889,15.587318,15.146277,11.818384,44.738494,0.143072,0.000000,0.001764,1.214746,1.359582
362,0,0.026961,16.921230,0.182526,0.004500,17.108256,15.944057,10.541462,45.977788,0.045589,0.000000,0.001668,1.421150,1.468407
363,0,0.029529,15.268200,0.504147,0.006870,15.779217,17.746654,8.554512,44.926825,0.054712,0.000000,0.001772,1.859769,1.916253
364,0,0.030024,16.700228,0.164139,0.004567,16.868934,17.000200,9.741219,45.782068,0.051819,0.000000,0.002085,1.194296,1.248200
365,0,0.026800,15.288268,0.159361,0.004237,15.451866,17.055465,10.681654,45.517887,0.046324,0.000000,0.002320,1.378026,1.426670
366,0,0.029889,22.102788,0.215677,0.007072,22.325537,20.519431,14.584806,60.216837,0.060632,0.000000,0.001621,1.710516,1.772769
367,0,0.030563,19.652335,0.196799,0.005730,19.854864,20.339064,1.580098,44.537513,0.053565,0.000000,0.002190,1.664307,1.720062
368,0,0.016933,16.733810,0.183436,0.005317,16.922563,19.504342,6.616275,45.479377,0.042619,0.000000,0.001795,1.417859,1.462273
369,0,0.023277,14.654462,0.151564,0.004410,14.810436,22.155834,6.685862,45.890630,0.051434,0.000000,0.001663,1.285699,1.338796
370,0,0.013109,14.701746,0.123362,0.005154,14.830262,27.718778,15.860968,60.710724,0.054841,0.000000,0.001085,1.194044,1.249970
371,0,0.032007,19.948217,0.151893,0.004598,20.104708,19.939647,2.662962,45.260898,0.055594,0.000000,0.001529,1.400433,1.457556
372,0,0.021001,17.402196,0.164148,0.004886,17.571230,19.778497,5.927383,45.557623,0.046955,0.000000,0.001896,1.307585,1.356436
373,0,0.032170,13.952009,0.212282,0.004840,14.169131,20.211240,8.747097,45.466424,0.194757,0.000000,0.001797,1.288044,1.484598
374,0,0.037910,19.962598,0.231908,0.006962,20.201468,22.968656,14.831474,60.991054,0.087483,0.000000,0.001873,1.652567,1.741923
375,0,0.034090,18.244979,0.183232,0.005203,18.433414,25.380608,13.926185,59.885753,0.058512,0.000000,0.001529,1.239374,1.299415
376,0,0.030146,18.250707,0.179492,0.005123,18.435322,19.581240,4.626055,44.949585,0.049781,0.000000,0.001575,1.300430,1.351786
377,0,0.024415,14.801553,0.705173,0.008133,15.514859,20.634260,7.753043,46.229754,0.047578,0.000000,0.001784,1.426797,1.476159
378,0,0.023754,15.023202,0.172051,0.004476,15.199729,18.307990,8.609329,44.652627,0.046234,0.000000,0.001606,1.439421,1.487261
379,0,0.024645,17.104317,0.179580,0.005467,17.289364,22.621830,2.646526,45.549142,0.045308,0.000000,0.002255,1.734968,1.782531
380,0,0.010910,17.864423,0.302563,0.016147,18.183133,20.108937,3.750346,45.301462,0.041194,0.000000,0.001909,1.705907,1.749010
381,0,0.025477,16.863542,0.191947,0.005411,17.060900,20.351034,4.635421,45.238470,0.048657,0.000000,0.001902,1.881443,1.932002
382,0,0.029016,19.992070,0.199402,0.004885,20.196357,16.190524,6.882930,46.141980,0.049186,0.000000,0.002007,1.977911,2.029104
383,0,0.030990,14.969612,0.158190,0.004633,15.132435,21.341173,6.731818,45.547131,0.059394,0.000000,0.001850,1.352134,1.413378
384,0,0.027107,14.743097,0.178011,0.004684,14.925792,20.781323,7.471738,45.456792,0.048730,0.000000,0.001883,1.269304,1.319917
385,0,0.028979,20.229577,0.193775,0.005577,20.428929,19.973199,1.647386,44.472098,0.056081,0.000000,0.001803,1.366353,1.424237
386,0,0.013404,16.021636,0.156393,0.005439,16.183468,20.867779,6.487513,45.698738,0.043593,0.000000,0.001826,1.270014,1.315433
387,0,0.020385,17.241556,0.163068,0.005610,17.410234,26.675699,15.096716,61.495990,0.056576,0.000000,0.001307,1.384742,1.442625
388,0,0.031468,18.423692,0.218265,0.007366,18.649323,23.522388,15.035683,60.102164,0.061456,0.000000,0.001384,1.793677,1.856517
389,0,0.029043,16.156273,0.186550,0.004411,16.347234,16.432745,9.267928,44.564792,0.048269,0.000000,0.001484,1.447667,1.497420
390,0,0.031230,11.519918,0.163280,0.004680,11.687878,17.415748,14.586799,46.202653,0.050043,0.000000,0.001628,1.598613,1.650284
391,0,0.031338,11.896110,0.141754,0.004279,12.042143,25.959921,1.469016,44.558991,0.048787,0.000000,0.041253,3.194498,3.284538
392,0,0.008998,15.694996,0.160484,0.004322,15.859802,16.761862,11.613416,46.448502,0.038826,0.000000,0.001566,1.320500,1.360892
393,0,0.026514,14.142678,0.192512,0.005945,14.341135,18.481795,9.710792,45.149340,0.046388,0.000000,0.001812,1.652124,1.700324
394,0,0.029121,17.002581,0.189261,0.005810,17.197652,23.536105,2.066068,45.105883,0.049440,0.000000,0.001680,1.334004,1.385124
395,0,0.021476,17.786655,0.167880,0.004544,17.959079,22.085939,2.547778,44.777581,0.065180,0.000000,0.001737,1.270125,1.337042
396,0,0.017801,18.116712,0.184450,0.005795,18.306957,24.533289,16.450357,62.046447,0.054539,0.000000,0.001551,1.708883,1.764973
397,0,0.027856,18.837237,0.229983,0.006944,19.074164,23.194065,14.701168,59.824157,0.052137,0.000000,0.001983,1.669440,1.723560
398,0,0.031151,18.794802,0.282567,0.004723,19.082092,21.135695,2.578602,45.151532,0.084201,0.000000,0.001426,1.304899,1.390526
399,0,0.016995,18.331039,0.169870,0.004226,18.505135,19.886555,3.919699,45.246807,0.044457,0.000000,0.001643,1.713476,1.759576
400,0,0.017081,16.240672,0.199706,0.023103,16.463481,20.297256,5.700917,45.598119,0.043437,0.000000,0.001748,1.868755,1.913940
401,0,0.022082,16.782374,0.222738,0.007196,17.012308,18.092887,7.579376,45.313356,0.232098,0.000000,0.001667,1.351444,1.585209
402,0,0.032670,15.232679,0.191676,0.005829,15.430184,20.946104,6.409699,45.213643,0.044959,0.000000,0.001739,1.394627,1.441325
403,0,0.024795,17.844068,0.185136,0.005060,18.034264,20.454198,4.485612,45.366718,0.052009,0.000000,0.001863,1.402112,1.455984
404,0,0.068776,17.756718,0.203318,0.005070,17.965106,19.691779,4.884075,45.894921,0.051258,0.000000,0.001697,1.442369,1.495324
405,0,0.025519,19.020526,0.190777,0.005806,19.217109,18.793568,4.875238,45.066740,0.046316,0.000000,0.001583,1.305205,1.353104
406,0,0.026708,17.547329,0.500757,0.008183,18.056269,18.305695,6.619995,45.471833,0.046543,0.000000,0.001697,1.527377,1.575617
407,0,0.051352,14.571516,0.479252,0.018640,15.069408,18.652969,8.567630,45.392848,0.090571,0.000000,0.001949,2.020302,2.112822
408,0,0.027428,15.194545,0.190381,0.005137,15.390063,22.588391,4.574125,44.920973,0.048958,0.000000,0.001741,1.389310,1.440009
409,0,0.021769,12.907469,0.170181,0.004427,13.082077,23.095737,7.616138,46.088865,0.044593,0.000000,0.001520,1.373376,1.419489
410,0,0.029985,15.786363,0.191651,0.005679,15.983693,20.549496,6.746351,45.661352,0.048216,0.000000,0.001765,1.423980,1.473961
411,0,0.030433,15.077396,0.166457,0.005010,15.248863,23.055075,4.847213,45.290575,0.046882,0.000000,0.001625,1.263961,1.312468
412,0,0.020974,15.858960,0.175081,0.005478,16.039519,21.388726,4.956903,45.184506,0.043509,0.000000,0.001665,1.874224,1.919398
413,0,0.030210,21.647142,0.197921,0.005558,21.850621,18.039766,2.556793,45.035434,0.063705,0.000000,0.002741,1.537350,1.603796
414,0,0.014121,19.726673,0.194979,0.005803,19.927455,21.075639,1.617775,45.630701,0.050964,0.000000,0.001781,1.864560,1.917305
415,0,0.015240,18.314032,0.219810,0.006902,18.540744,23.350512,15.566853,60.899534,0.044222,0.000000,0.001979,1.924942,1.971143
416,0,0.030467,19.790870,0.212857,0.006659,20.010386,19.758220,2.846007,45.292171,0.051107,0.000000,0.001790,1.548500,1.601397
417,0,0.016947,16.386201,0.168193,0.004681,16.559075,24.907843,0.678739,44.369772,0.051919,0.000000,0.001522,1.262883,1.316324
418,0,0.008513,17.336442,0.167647,0.005028,17.509117,20.888477,5.676276,46.286735,0.042191,0.000000,0.001733,1.286436,1.330360
419,0,0.036183,17.281224,0.418802,0.010306,17.710332,21.921004,2.804939,45.335145,0.162145,0.000000,0.001858,1.437722,1.601725
420,0,0.033922,19.100267,0.191755,0.005022,19.297044,21.865929,14.910563,61.309600,0.050323,0.000000,0.001807,4.291046,4.343176
421,0,0.050314,23.519178,0.225451,0.006583,23.751212,22.919466,10.872658,60.421613,0.070003,0.000000,0.001955,1.721136,1.793094
422,0,0.033734,22.047605,0.205742,0.006019,22.259366,26.663753,8.734626,60.129461,0.058169,0.000000,0.001918,1.415091,1.475178
423,0,0.030425,19.062559,0.243560,0.024386,19.330505,21.329409,1.562817,45.160256,0.054774,0.000000,0.001511,1.734238,1.790523
424,0,0.015095,15.285896,0.159281,0.004684,15.449861,20.568434,6.731612,45.116472,0.042213,0.000000,0.001574,1.342792,1.386579
425,0,0.029452,19.363741,0.191609,0.005948,19.561298,26.761507,11.836084,60.874981,0.051608,0.000000,0.001811,1.449216,1.502635
426,0,0.033312,17.160194,0.176485,0.005084,17.341763,21.166028,4.677666,45.688716,0.309899,0.000000,0.001930,1.278475,1.590304
427,0,0.021285,18.054682,0.174892,0.005906,18.235480,24.357138,15.687585,60.970778,0.085964,0.000000,0.001481,1.715686,1.803131
428,0,0.030749,22.693026,0.205722,0.005833,22.904581,22.486230,12.748320,60.527350,0.052706,0.000000,0.001746,1.381582,1.436034
429,0,0.032947,21.038364,0.168754,0.005534,21.212652,18.759292,1.911876,44.229861,0.057365,0.000000,0.001834,1.390985,1.450184
430,0,0.017074,17.824925,0.173228,0.004864,18.003017,20.965821,3.996812,45.309888,0.056192,0.000000,0.001511,1.358968,1.416671
431,0,0.021079,16.690762,0.190750,0.021765,16.903277,20.742588,5.891737,46.386963,0.047144,0.000000,0.001627,1.901255,1.950026
432,0,0.027830,15.149661,0.163693,0.004810,15.318164,17.852590,10.016374,45.404898,0.049015,0.000000,0.002020,1.335839,1.386874
433,0,0.032972,20.850513,0.186776,0.005123,21.042412,20.771912,16.655460,60.799723,0.068759,0.000000,0.001807,1.407671,1.478237
434,0,0.031233,20.972512,0.167341,0.004864,21.144717,24.830965,11.770653,60.006055,0.060711,0.000000,0.001729,1.298379,1.360819
435,0,0.025803,19.644989,0.211740,0.006904,19.863633,26.502553,11.896311,61.063266,0.047960,0.000000,0.002444,1.574611,1.625015
436,0,0.033986,20.048596,0.175302,0.005654,20.229552,25.784128,11.659074,60.105236,0.061470,0.000000,0.001457,1.517403,1.580330
437,0,0.028245,25.773364,0.201930,0.006296,25.981590,25.869478,5.813722,60.525787,0.056533,0.000000,0.001852,1.527032,1.585417
438,0,0.026905,18.978663,0.241274,0.005691,19.225628,22.954841,16.691019,61.285670,0.057180,0.000000,0.001725,1.409502,1.468407
439,0,0.031911,19.922613,0.308869,0.019977,20.251459,28.167119,7.697796,59.396121,0.054840,0.000000,0.001883,1.952699,2.009422
440,0,0.027965,19.060969,0.207486,0.005769,19.274224,20.553123,3.586696,45.731282,0.049889,0.000000,0.001541,1.386603,1.438033
441,0,0.023276,16.578662,0.199328,0.005827,16.783817,19.488067,6.843150,45.575389,0.081612,0.000000,0.002203,1.451456,1.535271
442,0,0.022270,16.951574,0.158606,0.004632,17.114812,19.351265,5.688048,45.123581,0.045214,0.000000,0.001783,1.911138,1.958135
443,0,0.030540,18.322473,0.183643,0.005051,18.511167,20.215955,3.699630,44.933136,0.165651,0.000000,0.001583,1.273460,1.440694
444,0,0.019196,16.024642,0.199368,0.005132,16.229142,23.534316,3.482626,45.713779,0.084552,0.000000,0.001880,1.433573,1.520005
445,0,0.014288,15.301146,0.160557,0.005294,15.466997,26.162953,1.540877,45.390067,0.043124,0.000000,0.001961,1.322989,1.368074
446,0,0.013138,16.383243,0.154429,0.004427,16.542099,26.125672,16.537084,61.330899,0.043812,0.000000,0.001992,1.235011,1.280815
447,0,0.031976,18.794148,0.258985,0.008038,19.061171,27.300730,9.839354,59.845538,0.063157,0.000000,0.002194,2.140559,2.205910
448,0,0.032634,19.315392,0.176317,0.005320,19.497029,32.367627,6.019787,60.459760,0.170504,0.000000,0.001604,1.475964,1.648072
449,0,0.025699,16.599923,0.162613,0.005179,16.767715,24.653177,1.634722,45.225218,0.048987,0.000000,0.002237,1.231414,1.282638
450,0,0.076741,18.622208,0.230745,0.013832,18.866785,22.563714,0.766416,45.450854,0.192469,0.000000,0.001780,2.098032,2.292281
451,0,0.006773,14.931305,0.171767,0.004743,15.107815,22.936214,5.735915,45.916504,0.041021,0.000000,0.001991,1.283128,1.326140
452,0,0.035621,14.401628,0.157406,0.004883,14.563917,25.685145,0.852449,44.573115,0.178862,0.000000,0.002217,2.037562,2.218641
453,0,0.007657,17.237832,0.152894,0.004658,17.395384,25.505986,16.253563,62.234176,0.039557,0.000000,0.002219,1.874827,1.916603
454,0,0.030886,17.940573,0.165798,0.004700,18.111071,22.158914,0.905208,43.586499,0.097675,0.000000,0.001862,1.273595,1.373132
455,0,0.014551,15.360159,0.176573,0.005274,15.542006,29.209292,14.007566,61.670999,0.046905,0.000000,0.002104,1.728429,1.777438
456,0,0.030310,20.326708,0.182572,0.005788,20.515068,25.338582,11.813924,60.356790,0.057635,0.000000,0.001985,1.642076,1.701696
457,0,0.024872,20.309281,0.201710,0.005898,20.516889,29.472963,7.786628,60.221801,0.054512,0.000000,0.001547,1.425580,1.481639
458,0,0.031338,18.571250,0.185391,0.005971,18.762612,22.214086,2.543525,45.927465,0.050725,0.000000,0.001892,1.470961,1.523578
459,0,0.014274,21.798559,0.295895,0.007756,22.102210,20.466526,14.905765,60.566051,0.042306,0.000000,0.002024,2.238194,2.282524
460,0,0.030897,19.876763,0.164791,0.005104,20.046658,22.673444,16.047434,60.982608,0.058922,0.000000,0.001521,1.253730,1.314173
461,0,0.027245,19.841529,0.182138,0.005223,20.028890,28.667848,8.829279,59.990653,0.157732,0.000000,0.001843,1.409753,1.569328
462,0,0.038758,17.568121,0.188666,0.004981,17.761768,22.937606,1.838869,44.857109,0.047688,0.000000,0.001991,1.333931,1.383610
463,0,0.008400,15.144529,0.302974,0.009900,15.457403,22.957456,4.912038,46.462987,0.039945,0.000000,0.001920,1.969248,2.011113
464,0,0.029302,14.400603,0.161244,0.004534,14.566381,23.731427,3.813018,44.451716,0.058932,0.000000,0.001905,1.414765,1.475602
465,0,0.025284,21.269373,0.162564,0.004488,21.436425,27.442625,9.821107,60.958970,0.064078,0.000000,0.001614,1.393577,1.459269
466,0,0.038979,21.855133,0.219595,0.007452,22.082180,28.930613,6.675530,60.754056,0.253976,0.000000,0.001976,1.676961,1.932913
467,0,0.028875,17.614010,0.171086,0.005249,17.790345,32.956902,6.962869,60.311547,0.052382,0.000000,0.001687,1.696513,1.750582
468,0,0.031876,24.413113,0.274349,0.007200,24.694662,28.042483,4.667859,60.161813,0.069264,0.000000,0.001973,1.655492,1.726729
469,0,0.063282,15.404077,0.246859,0.005278,15.656214,24.628121,2.827615,45.644679,0.234596,0.000000,0.001663,1.453541,1.689800
470,0,0.015985,16.397312,0.157590,0.004389,16.559291,22.166745,3.679485,44.826920,0.041393,0.000000,0.001966,1.397232,1.440591
471,0,0.028276,14.367570,0.146968,0.004280,14.518818,24.080473,4.969949,46.003984,0.209690,0.000000,0.001785,1.284906,1.496381
472,0,0.025401,17.129558,0.161018,0.004652,17.295228,26.942618,14.855987,61.405423,0.062844,0.000000,0.001677,1.330581,1.395102
473,0,0.031713,17.704462,0.225354,0.007434,17.937250,27.782779,11.566472,60.304812,0.052464,0.000000,0.001919,1.807506,1.861889
474,0,0.030524,23.231601,0.216588,0.006978,23.455167,28.283703,5.555713,60.005621,0.056133,0.000000,0.002224,1.554287,1.612644
475,0,0.022585,16.419201,0.200170,0.006373,16.625744,22.428796,3.597350,45.238732,0.042384,0.000000,0.001759,1.627448,1.671591
476,0,0.021276,15.023469,0.565036,0.008733,15.597238,24.334999,2.942612,44.993863,0.044467,0.000000,0.002054,1.251609,1.298130
477,0,0.012884,16.744113,0.164878,0.004958,16.913949,21.951237,4.221296,45.474914,0.041840,0.000000,0.001815,1.447251,1.490906
478,0,0.020842,15.923616,0.218781,0.005971,16.148368,23.195699,3.560710,45.385266,0.047707,0.000000,0.001428,1.581469,1.630604
479,0,0.011895,19.017076,0.190291,0.005671,19.213038,21.878438,1.840747,45.394101,0.047636,0.000000,0.002087,1.382488,1.432211
480,0,0.018306,17.871869,0.220261,0.006576,18.098706,25.356985,15.687724,61.830430,0.045206,0.000000,0.002092,1.637473,1.684771
481,0,0.026419,18.311661,0.188174,0.005298,18.505133,24.451886,14.634661,60.327163,0.046540,0.000000,0.002150,1.577442,1.626132
482,0,0.022167,14.395902,0.191391,0.004943,14.592236,21.110913,6.565523,44.664820,0.045977,0.000000,0.001967,1.459023,1.506967
483,0,0.020133,15.599461,0.188133,0.005171,15.792765,22.430093,4.612058,45.503195,0.042913,0.000000,0.001967,1.550166,1.595046
484,0,0.019569,14.387021,0.149423,0.004617,14.541061,29.181651,14.490581,60.586329,0.043847,0.000000,0.001685,1.382942,1.428474
485,0,0.030399,19.038155,0.196824,0.005653,19.240632,24.967665,14.561680,61.043835,0.052038,0.000000,0.001918,1.343487,1.397443
486,0,0.025691,15.258368,0.157244,0.004448,15.420060,38.213869,4.026993,59.924779,0.046525,0.000000,0.001654,1.301403,1.349582
487,0,0.026695,23.381649,0.205225,0.007121,23.593995,33.140100,15.972457,75.843535,0.061579,0.000000,0.001859,1.657865,1.721303
488,0,0.034875,24.318281,0.203753,0.006754,24.528788,29.791505,3.010513,60.040913,0.139678,0.000000,0.001672,1.560952,1.702302
489,0,0.016994,20.175997,0.209645,0.006958,20.392600,25.493441,12.185942,61.193968,0.052792,0.000000,0.001796,1.978730,2.033318
490,0,0.028265,21.657137,0.190982,0.005302,21.853421,23.823049,12.135701,60.211343,0.057231,0.000000,0.001661,1.402229,1.461121
491,0,0.031206,26.101063,0.277485,0.059954,26.438502,33.570383,13.624897,76.561485,0.060889,0.000000,0.002203,1.792606,1.855698
492,0,0.033852,24.311858,0.209727,0.006768,24.528353,28.338730,3.700273,60.122936,0.063656,0.000000,0.002079,2.188177,2.253912
493,0,0.031121,21.419947,0.175102,0.005614,21.600663,26.811151,9.573257,60.390023,0.100791,0.000000,0.001755,1.378068,1.480614
494,0,0.017340,16.791550,0.179124,0.005370,16.976044,38.265323,2.644003,60.056883,0.051083,0.000000,0.001783,1.283013,1.335879
495,0,0.017943,14.501191,0.145124,0.004857,14.651172,33.519134,11.089990,61.420828,0.042009,0.000000,0.001585,1.268066,1.311660
496,0,0.029976,16.465313,0.156877,0.005178,16.627368,24.153675,1.704967,44.658615,0.061958,0.000000,0.001160,1.266917,1.330035
497,0,0.016876,18.252405,0.230388,0.008141,18.490934,37.088367,1.642546,60.501108,0.057951,0.000000,0.001642,1.806215,1.865808
498,0,0.014940,13.834648,0.263990,0.008843,14.107481,30.173824,13.980622,61.412527,0.051789,0.000000,0.001550,1.811521,1.864860
499,0,0.028636,15.976383,0.158757,0.004623,16.139763,39.268349,1.826881,59.483834,0.064979,0.000000,0.001637,1.330275,1.396891
500,0,0.012132,10.819073,0.152962,0.008225,10.980260,24.101306,8.866794,46.119136,0.042050,0.000000,0.001133,1.265930,1.309113
501,0,0.016256,9.652484,0.157119,0.004432,9.814035,27.583447,4.285281,45.057299,0.069269,0.000000,0.001538,1.949512,2.020319
502,0,0.024993,14.043366,0.151069,0.008296,14.202731,25.651697,1.873454,44.915678,0.977693,0.000000,0.001278,1.332573,2.311544
503,0,0.065136,11.305692,0.141793,0.004309,11.451794,23.631624,8.447492,45.864965,0.046585,0.000000,0.001456,1.452405,1.500446
504,0,0.018845,14.529312,0.226695,0.007432,14.763439,30.236102,13.212788,61.142203,0.057233,0.000000,0.001729,1.654997,1.713959
505,0,0.020263,16.703549,0.171113,0.004899,16.879561,37.648037,2.801833,59.657125,0.056598,0.000000,0.001739,1.378843,1.437180
506,0,0.016525,14.100738,0.178341,0.004509,14.283588,42.066349,0.717005,60.349027,0.053703,0.000000,0.001627,1.834818,1.890148
507,0,0.010894,20.326337,0.277434,0.008358,20.612129,39.067366,13.674126,76.459247,0.122160,0.000000,0.001898,1.886899,2.010957
508,0,0.030342,17.607564,0.163001,0.005087,17.775652,38.601743,1.715297,60.536280,0.061032,0.000000,0.001585,1.493399,1.556016
509,0,0.012574,14.521192,0.144107,0.004070,14.669369,33.359643,10.890461,61.281832,0.077735,0.000000,0.001512,1.430571,1.509818
510,0,0.030309,20.007593,0.246911,0.008530,20.263034,34.172399,2.136519,59.882455,0.111522,0.000000,0.001458,1.958868,2.071848
511,0,0.019018,17.004387,0.186548,0.005810,17.196745,24.739413,16.610597,61.059717,0.108704,0.000000,0.001271,1.462102,1.572077
512,0,0.032243,18.025066,0.178187,0.010718,18.213971,31.283512,8.102905,60.058894,0.060002,0.000000,0.001245,1.416327,1.477574
513,0,0.026241,17.480940,0.177637,0.010656,17.669233,34.471208,5.792407,60.399690,0.091068,0.000000,0.001355,1.368175,1.460598
514,0,0.061187,12.733000,0.145825,0.004358,12.883183,34.220213,10.810618,60.233409,0.047012,0.000000,0.001717,1.348058,1.396787
515,0,0.020487,15.790005,0.162475,0.004866,15.957346,27.995773,14.742783,60.982257,0.068176,0.000000,0.001303,1.385917,1.455396
516,0,0.046900,19.115188,0.230071,0.007126,19.352385,27.826332,10.581255,60.833030,0.152416,0.000000,0.001744,1.746443,1.900603
517,0,0.019961,14.030005,0.422835,0.007110,14.459950,31.145594,12.511641,60.542756,0.071972,0.000000,0.001600,1.351737,1.425309
518,0,0.016688,13.460788,0.191398,0.005271,13.657457,26.421005,1.758608,44.250341,0.042808,0.000000,0.001404,1.445380,1.489592
519,0,0.018913,13.710953,0.218765,0.007807,13.937525,27.958461,1.812246,46.091784,0.054717,0.000000,0.001602,1.476616,1.532935
520,0,0.019174,11.285335,0.150163,0.004748,11.440246,23.795436,7.746768,45.345734,0.066289,0.000000,0.001326,1.472483,1.540098
521,0,0.024382,19.548402,0.161914,0.005177,19.715493,30.221443,8.608193,60.993257,0.114204,0.000000,0.001808,1.438423,1.554435
522,0,0.017322,10.656027,0.144055,0.008676,10.808758,29.471141,1.981806,44.448957,0.045903,0.000000,0.001133,1.284504,1.331540
523,0,0.018421,13.482509,0.144584,0.004462,13.631555,27.069418,2.719677,45.566780,0.050537,0.000000,0.001948,1.236917,1.289402
524,0,0.021902,14.833028,0.143240,0.004379,14.980647,33.676708,9.934706,60.768552,0.061558,0.000000,0.001398,1.288232,1.351188
525,0,0.022326,19.237894,0.150687,0.004530,19.393111,36.666324,1.515335,59.825327,0.078759,0.000000,0.001630,1.329025,1.409414
526,0,0.012030,16.357046,0.142400,0.004560,16.504006,37.679056,3.916222,60.973636,0.056275,0.000000,0.001781,1.282235,1.340291
527,0,0.021693,21.931660,0.245966,0.008479,22.186105,28.160829,6.962813,60.535819,0.056954,0.000000,0.001933,1.882844,1.941731
528,0,0.014905,16.528515,0.288925,0.008793,16.826233,31.989558,8.738406,61.101923,0.041510,0.000000,0.001877,2.079856,2.123243
529,0,0.056872,12.037818,0.171604,0.007998,12.217420,33.735416,11.982790,60.466205,0.051494,0.000000,0.001462,1.578699,1.631655
530,0,0.027314,19.477046,0.249583,0.007669,19.734298,30.036708,7.775342,60.398611,0.058599,0.000000,0.001705,1.713611,1.773915
531,0,0.020232,12.932589,0.154794,0.004254,13.091637,36.760919,8.664071,60.731923,0.044089,0.000000,0.001603,1.205075,1.250767
532,0,0.021488,15.061223,0.149649,0.004585,15.215457,27.529645,14.952936,60.799304,0.059722,0.000000,0.001608,1.812699,1.874029
533,0,0.018086,18.733606,0.219112,0.008091,18.960809,33.270214,4.638986,60.360536,0.044677,0.000000,0.001833,1.894950,1.941460
534,0,0.037038,13.045800,0.106139,0.004288,13.156227,30.992463,14.586357,60.855384,0.062617,0.000000,0.001232,1.195525,1.259374
535,0,0.022344,18.419188,0.267184,0.008849,18.695221,40.887750,13.305018,75.991533,0.062969,0.000000,0.001572,1.881951,1.946492
536,0,0.035057,20.135149,0.274380,0.008006,20.417535,31.682110,3.729177,59.713457,0.062162,0.000000,0.002092,1.874477,1.938731
537,0,0.012899,11.265177,0.124867,0.004103,11.394147,32.654689,14.631930,60.852198,0.070076,0.000000,0.001718,1.251705,1.323499
538,0,0.023059,10.185568,0.168738,0.004490,10.358796,32.207207,16.131226,60.822185,0.047223,0.000000,0.001120,1.307842,1.356185
539,0,0.030589,11.145589,0.153384,0.004840,11.303813,30.175032,16.335813,60.307359,0.057256,0.000000,0.001673,1.587157,1.646086
540,0,0.036009,21.641400,0.294844,0.056609,21.992853,34.444107,16.770072,76.050418,0.112480,0.000000,0.001460,1.506836,1.620776
541,0,0.021247,14.692910,0.195753,0.004902,14.893565,32.100509,10.527753,59.580626,0.042976,0.000000,0.001547,1.224245,1.268768
542,0,0.025000,20.021290,0.180916,0.005129,20.207335,29.692762,8.773971,61.155561,0.053790,0.000000,0.001836,1.403539,1.459165
543,0,0.019955,17.179266,0.175875,0.005206,17.360347,29.104089,11.682398,60.505953,0.046921,0.000000,0.001276,1.367634,1.415831
544,0,0.031942,22.255281,0.329107,0.009813,22.594201,30.096117,4.088906,59.789912,0.060425,0.000000,0.001683,1.832502,1.894610
545,0,0.025591,18.690358,0.217927,0.004961,18.913246,28.934262,9.853784,60.636507,0.049213,0.000000,0.001768,1.940393,1.991374
546,0,0.024256,18.011184,0.210139,0.007447,18.228770,33.799280,5.976070,60.797858,0.046717,0.000000,0.002095,1.542083,1.590895
547,0,0.023453,17.681735,0.175599,0.005448,17.862782,28.189620,12.747164,61.335628,0.045371,0.000000,0.001882,1.598160,1.645413
548,0,0.031464,18.843830,0.200328,0.005169,19.049327,27.998448,10.837385,60.270695,0.057712,0.000000,0.001831,1.455328,1.514871
549,0,0.024055,13.973873,0.181511,0.005212,14.160596,30.904043,12.777148,60.091729,0.045068,0.000000,0.001606,1.328388,1.375062
550,0,0.024532,22.019135,0.207106,0.005795,22.232036,34.346614,0.826831,60.092397,0.058685,0.000000,0.001783,1.444450,1.504918
551,0,0.008649,13.753266,0.146075,0.004314,13.903655,26.080087,3.557928,45.590354,0.045161,0.000000,0.001883,1.197869,1.244913
552,0,0.022109,13.067814,0.154924,0.004403,13.227141,26.835707,3.547264,45.749252,0.052597,0.000000,0.001401,1.304363,1.358361
553,0,0.010827,13.959700,0.169097,0.004846,14.133643,33.314159,11.550014,61.065976,0.047084,0.000000,0.001677,1.205819,1.254580
554,0,0.016902,15.434726,0.237384,0.024703,15.696813,36.009028,5.581364,59.823025,0.041611,0.000000,0.001599,1.572786,1.615996
555,0,0.013203,16.771779,0.155479,0.005294,16.932552,28.317567,13.655986,61.119703,0.045231,0.000000,0.001779,1.362960,1.409970
556,0,0.033329,14.680094,0.142380,0.004624,14.827098,33.766280,7.975681,59.922631,0.051548,0.000000,0.001831,2.019901,2.073280
557,0,0.019567,16.051442,0.278426,0.005741,16.335609,28.906354,13.978723,61.498186,0.053983,0.000000,0.001293,1.346151,1.401427
558,0,0.018598,12.251854,0.127625,0.004416,12.383895,33.797927,11.711772,59.885090,0.051509,0.000000,0.001167,1.172511,1.225187
559,0,0.019528,14.000460,0.169068,0.004384,14.173912,38.159278,6.156859,60.632135,0.057210,0.000000,0.001282,1.298416,1.356908
560,0,0.019993,15.961333,0.146494,0.004619,16.112446,32.226295,9.723794,60.295065,0.058485,0.000000,0.001286,1.272401,1.332172
561,0,0.020108,13.758722,0.191366,0.005611,13.955699,36.093699,8.171800,60.534964,0.051238,0.000000,0.001281,1.347697,1.400216
562,0,0.018985,19.233240,0.192987,0.006844,19.433071,34.271977,4.173765,60.735081,0.055520,0.000000,0.001596,1.495880,1.552996
563,0,0.016971,9.273186,0.141512,0.003974,9.418672,32.750924,15.679743,61.043283,0.048596,0.000000,0.001725,1.180365,1.230686
564,0,0.029825,14.169070,0.153731,0.004933,14.327734,28.202629,15.508753,60.244151,0.053888,0.000000,0.001299,1.369850,1.425037
565,0,0.019802,12.808378,0.175381,0.004273,12.988032,33.348901,12.091457,60.504181,0.056435,0.000000,0.001389,1.222025,1.279849
566,0,0.015766,18.142334,0.229489,0.008414,18.380237,43.613100,10.894501,76.192716,0.041424,0.000000,0.001715,1.973976,2.017115
567,0,0.017939,16.339651,0.222963,0.008196,16.570810,34.546886,4.895406,59.646399,0.075483,0.000000,0.002064,1.940496,2.018043
568,0,0.020033,11.758673,0.214566,0.003961,11.977200,28.455707,2.822934,45.372176,0.164793,0.000000,0.001226,1.174750,1.340769
569,0,0.021510,23.371437,0.316233,0.009446,23.697116,33.675174,15.556150,76.527963,0.058557,0.000000,0.001886,2.167838,2.228281
570,0,0.024957,19.971953,0.302577,0.006340,20.280870,34.540244,2.713772,60.084732,0.057741,0.000000,0.001105,1.468168,1.527014
571,0,0.018291,16.226379,0.216580,0.007271,16.450230,38.479397,3.085154,60.894019,0.052240,0.000000,0.001528,1.757189,1.810957
572,0,0.013289,10.746126,0.172060,0.004480,10.922666,37.837986,9.658247,60.666252,0.040778,0.000000,0.001414,1.388555,1.430747
573,0,0.021345,16.569392,0.166142,0.004342,16.739876,38.201463,2.823301,59.849189,0.049696,0.000000,0.001860,1.201788,1.253344
574,0,0.017115,19.476539,0.219923,0.007549,19.704011,45.595721,7.831546,76.113136,0.056251,0.000000,0.001725,1.797086,1.855062
575,0,0.018128,16.004321,0.215552,0.004841,16.224714,38.633443,4.104849,61.097914,0.056246,0.000000,0.001257,1.280611,1.338114
576,0,0.019172,13.934904,0.151646,0.004427,14.090977,38.459453,5.713515,60.362550,0.055794,0.000000,0.001346,1.237977,1.295117
577,0,0.018670,14.414421,0.146448,0.004984,14.565853,34.500386,9.566437,60.759103,0.055506,0.000000,0.001331,1.274538,1.331375
578,0,0.507990,14.549250,0.157392,0.004583,14.711225,27.047118,0.824782,45.247947,0.044503,0.000000,0.001826,1.246768,1.293097
579,0,0.006994,14.415741,0.143673,0.004202,14.563616,27.619480,0.434009,44.699378,0.039969,0.000000,0.001289,1.265229,1.306487
580,0,0.009763,13.833349,0.149533,0.004465,13.987347,25.373574,4.833335,46.281436,0.051020,0.000000,0.001149,1.259032,1.311201
581,0,0.011048,11.507324,0.149889,0.004187,11.661400,29.252960,2.662224,45.610824,0.041047,0.000000,0.001664,1.218816,1.261527
582,0,0.007257,15.670472,0.169580,0.004306,15.844358,34.326732,9.006327,61.246639,0.039529,0.000000,0.001438,1.232251,1.273218
583,0,0.029466,18.781331,0.229797,0.007473,19.018601,34.616031,2.393726,59.268441,0.062473,0.000000,0.001820,1.780077,1.844370
584,0,0.016655,11.353440,0.160751,0.004366,11.518557,29.190599,3.712653,46.427729,0.043626,0.000000,0.001548,1.202430,1.247604
585,0,0.019351,15.122653,0.156698,0.004386,15.283737,28.678231,14.800537,60.956376,0.044924,0.000000,0.001334,1.300818,1.347076
586,0,0.016036,13.001819,0.156113,0.004658,13.162590,35.720141,8.633314,60.419469,0.040686,0.000000,0.001469,1.299665,1.341820
587,0,0.031118,13.367397,0.238215,0.015814,13.621426,26.993750,1.654101,44.926633,0.146721,0.000000,0.001457,1.514108,1.662286
588,0,0.011968,11.538707,0.177510,0.004336,11.720553,30.405283,0.813634,45.047180,0.041105,0.000000,0.001303,1.222531,1.264939
589,0,0.012233,13.415852,0.160052,0.004647,13.580551,28.936508,1.556484,46.276572,0.168450,0.000000,0.001951,1.240568,1.410969
590,0,0.008468,17.545754,0.172584,0.004476,17.722814,29.654582,11.525037,61.013066,0.036413,0.000000,0.001505,1.274681,1.312599
591,0,0.020240,10.994685,0.158376,0.004548,11.157609,30.797701,16.914643,61.072559,0.046718,0.000000,0.001483,1.310754,1.358955
592,0,0.018898,14.084751,0.144931,0.004560,14.234242,31.958944,10.622677,59.954833,0.046045,0.000000,0.001925,1.838337,1.886307
593,0,0.015287,12.670802,0.156174,0.004539,12.831515,31.665046,13.722809,60.795971,0.041700,0.000000,0.001293,1.722693,1.765686
594,0,0.023958,12.929021,0.266306,0.007056,13.202383,28.697593,0.476527,44.460687,0.045188,0.000000,0.001788,1.237050,1.284026
595,0,0.008246,14.832564,0.175486,0.005203,15.013253,34.127235,9.531434,61.117838,0.040918,0.000000,0.001823,1.475912,1.518653
596,0,0.019085,14.624103,0.161234,0.004766,14.790103,30.191380,13.642470,60.823595,0.041603,0.000000,0.001754,1.311712,1.355069
597,0,0.024406,16.896182,0.204183,0.004899,17.105264,29.045289,9.426797,60.704304,0.050467,0.000000,0.001799,4.235351,4.287617
598,0,0.019581,13.212967,0.149072,0.004289,13.366328,30.462975,14.671812,61.023372,0.043846,0.000000,0.001667,1.434273,1.479786
599,0,0.022144,13.962799,0.188397,0.005825,14.157021,34.402037,8.860739,59.980148,0.044390,0.000000,0.001713,1.474202,1.520305
600,0,0.022678,14.740988,0.167378,0.004696,14.913062,30.393892,13.600204,61.591160,0.044120,0.000000,0.002010,1.811630,1.857760
601,0,0.111666,13.166679,0.291236,0.004538,13.462453,30.312395,14.779840,60.885206,0.043247,0.000000,0.001642,1.374884,1.419773
602,0,0.021937,16.355325,0.269017,0.006894,16.631236,32.869811,7.650606,59.764896,0.050130,0.000000,0.001761,1.554291,1.606182
603,0,0.019280,14.530905,0.154337,0.004917,14.690159,30.388099,13.976081,61.336129,0.047771,0.000000,0.001975,1.406342,1.456088
604,0,0.022004,13.611224,0.159264,0.004600,13.775088,29.756831,13.741670,59.650261,0.244011,0.000000,0.013915,1.256327,1.514253
605,0,0.030056,12.743183,0.158762,0.004462,12.906407,29.864577,16.663445,61.540795,0.071057,0.000000,0.001540,1.221546,1.294143
606,0,0.020563,15.976803,0.161143,0.004552,16.142498,32.472002,8.585512,59.507209,0.041834,0.000000,0.001546,1.270488,1.313868
607,0,0.018007,12.578625,0.172199,0.004170,12.754994,37.902830,7.754807,61.493592,0.041995,0.000000,0.001813,1.836244,1.880052
608,0,0.022089,15.842455,0.194599,0.004683,16.041737,28.892136,13.520745,60.668186,0.073267,0.000000,0.001488,1.263573,1.338328
609,0,0.022446,15.473000,0.160733,0.004843,15.638576,30.036652,12.525231,60.578568,0.044652,0.000000,0.001619,1.285594,1.331865
610,0,0.022777,12.979399,0.157200,0.004885,13.141484,29.515832,15.517672,60.353324,0.044260,0.000000,0.001776,1.230097,1.276133
611,0,0.020312,17.364095,0.168672,0.004435,17.537202,34.459618,5.421419,60.010587,0.052222,0.000000,0.001634,1.206439,1.260295
612,0,0.012932,12.049539,0.147691,0.004524,12.201754,30.683860,0.381175,45.410398,0.038832,0.000000,0.001646,1.211484,1.251962
613,0,0.007573,12.798634,0.146442,0.004165,12.949241,32.393847,13.916934,61.305021,0.038888,0.000000,0.001583,1.203005,1.243476
614,0,0.020232,13.764954,0.186401,0.005432,13.956787,34.427784,9.522936,60.196892,0.040580,0.000000,0.001850,1.443223,1.485653
615,0,0.015627,12.953781,0.205691,0.005808,13.165280,32.999171,12.556271,60.891053,0.039901,0.000000,0.001585,1.372103,1.413589
616,0,0.047737,14.315453,0.188411,0.005345,14.509209,33.880559,10.402880,61.198923,0.045631,0.000000,0.001668,1.526302,1.573601
617,0,0.025757,16.622826,0.155834,0.004238,16.782898,31.172440,9.656124,59.951393,0.053194,0.000000,0.001858,1.409792,1.464844
618,0,0.029540,17.109355,0.159507,0.004654,17.273516,29.415266,11.505042,60.661703,0.190833,0.000000,0.001490,1.463590,1.655913
619,0,0.014420,14.668159,0.157204,0.004745,14.830108,31.083670,13.602844,61.627530,0.040190,0.000000,0.001655,1.242422,1.284267
620,0,0.023214,14.464623,0.163502,0.004286,14.632411,30.209962,12.562002,59.787885,0.167090,0.000000,0.001892,1.165946,1.334928
621,0,0.021381,18.741505,0.191764,0.004939,18.938208,32.447044,6.729037,60.347193,0.053531,0.000000,0.001596,1.275111,1.330238
622,0,0.045108,16.470005,0.173111,0.004240,16.647356,31.945701,10.703945,61.530867,0.053456,0.000000,0.001374,1.292861,1.347691
623,0,0.026663,12.466097,0.152687,0.004370,12.623154,28.081070,1.475268,44.346492,0.047537,0.000000,0.001617,1.269337,1.318491
624,0,0.007851,12.694304,0.148386,0.004540,12.847230,31.441946,15.588983,62.027935,0.038644,0.000000,0.001949,1.267996,1.308589
625,0,0.020865,18.597885,0.174946,0.004711,18.777542,31.969229,6.558210,59.517043,0.051977,0.000000,0.001990,1.269703,1.323670
626,0,0.014527,14.134706,0.151860,0.004599,14.291165,35.424806,8.782779,60.844003,0.041659,0.000000,0.001672,1.312819,1.356150
627,0,0.020437,16.722673,0.170020,0.004548,16.897241,32.108518,9.771333,61.213913,0.278753,0.000000,0.001491,1.275849,1.556093
628,0,0.024794,15.404699,0.156533,0.004547,15.565779,40.750995,1.646645,60.401695,0.045067,0.000000,0.001814,1.287562,1.334443
629,0,0.014074,15.405979,0.178050,0.005333,15.589362,36.405764,6.105915,60.409000,0.042521,0.000000,0.001898,1.395185,1.439604
630,0,0.048321,31.545559,0.747909,0.027479,32.320947,46.508750,8.082945,91.344496,0.049172,0.000000,0.003719,3.199371,3.252262
631,0,0.024810,17.838476,0.370746,0.030088,18.239310,30.845059,8.552946,60.515393,0.050677,0.000000,0.001756,1.975188,2.027621
632,0,0.018154,11.566532,0.177654,0.004479,11.748665,31.964288,14.638830,60.854260,0.040535,0.000000,0.001762,1.561535,1.603832
633,0,0.026043,14.356318,0.149447,0.004614,14.510379,30.741406,10.641461,60.316767,0.052245,0.000000,0.001588,3.520448,3.574281
634,0,0.058180,12.456563,0.164267,0.004071,12.624901,33.183846,12.561245,61.053207,0.047036,0.000000,0.001743,1.367512,1.416291
635,0,0.030496,13.549507,0.178690,0.005367,13.733564,33.039230,11.581539,60.605082,0.044752,0.000000,0.001965,1.304849,1.351566
636,0,0.020908,14.675771,0.245254,0.007824,14.928849,37.450808,4.439428,59.998695,0.043345,0.000000,0.001905,1.880686,1.925936
637,0,0.020592,12.861752,0.170037,0.004562,13.036351,35.444264,8.685421,60.418028,0.053974,0.000000,0.002238,2.208198,2.264410
638,0,0.022712,13.264605,0.171608,0.004348,13.440561,33.660130,11.551532,61.625568,0.042715,0.000000,0.001739,1.985502,2.029956
639,0,0.026454,15.083063,0.281034,0.004755,15.368852,33.177738,8.684581,59.719613,0.079004,0.000000,0.001351,1.478921,1.559276
640,0,0.019191,14.128807,0.379305,0.008520,14.516632,31.527909,12.574632,61.117260,0.044824,0.000000,0.001804,1.632662,1.679290
641,0,0.019820,15.646330,0.158811,0.004449,15.809590,38.805544,2.672195,59.867026,0.049719,0.000000,0.001626,1.704175,1.755520
642,0,0.015128,13.733311,0.159839,0.004377,13.897527,36.633022,7.765786,61.142126,0.073835,0.000000,0.001539,1.342263,1.417637
643,0,0.017785,11.617063,0.165713,0.004445,11.787221,48.985542,12.612295,75.972319,0.042399,0.000000,0.002173,1.225621,1.270193
644,0,0.021201,18.045820,0.206182,0.005797,18.257799,35.632471,4.475208,60.855817,0.052283,0.000000,0.002723,1.445767,1.500773
645,0,0.029485,17.159691,0.187755,0.004884,17.352330,34.622453,5.593254,60.175505,0.064800,0.000000,0.001833,1.386913,1.453546
646,0,0.023778,15.266523,0.246889,0.007020,15.520432,39.320227,3.691448,61.001113,0.044743,0.000000,0.001779,1.447511,1.494033
647,0,0.019514,15.362152,0.157532,0.004204,15.523888,39.403185,2.584343,60.399215,0.045009,0.000000,0.001986,1.823601,1.870596
648,0,0.013634,13.917697,0.152468,0.004515,14.074680,43.957074,15.626942,76.244066,0.042424,0.000000,0.001639,1.507043,1.551106
649,0,0.024651,18.487168,0.199139,0.007057,18.693364,39.092457,15.747425,76.039071,0.049136,0.000000,0.002132,1.501462,1.552730
650,0,0.022852,16.958910,0.261844,0.008433,17.229187,36.942851,2.669274,59.672355,0.045481,0.000000,0.001895,1.708142,1.755518
651,0,0.014126,20.018431,0.186460,0.004812,20.209703,33.013774,5.791173,61.190502,0.043212,0.000000,0.001686,1.290644,1.335542
652,0,0.020166,18.449055,0.194975,0.006098,18.650128,42.411613,11.792940,75.710467,0.044160,0.000000,0.002075,1.661538,1.707773
653,0,0.028206,23.356631,0.277889,0.009711,23.644231,44.600267,3.906311,75.620788,0.065081,0.000000,0.002072,2.066916,2.134069
654,0,0.017707,17.139617,0.170002,0.005136,17.314755,39.946517,0.804106,60.194636,0.053150,0.000000,0.001976,1.265540,1.320666
655,0,0.009338,13.573218,0.163651,0.004449,13.741318,42.761479,1.972882,60.593272,0.049086,0.000000,0.001620,1.225920,1.276626
656,0,0.017722,16.487032,0.170416,0.005221,16.662669,46.886847,10.870312,76.702948,0.056445,0.000000,0.001806,1.329133,1.387384
657,0,0.025272,25.460671,0.216823,0.006971,25.684465,36.353718,10.043885,75.383255,0.062705,0.000000,0.001940,1.856638,1.921283
658,0,0.021180,9.539065,0.152141,0.004673,9.695879,38.912993,9.723706,61.137079,0.043458,0.000000,0.001106,1.321039,1.365603
659,0,0.018052,11.182692,0.148012,0.004719,11.335423,35.534740,11.570590,60.584261,0.041030,0.000000,0.001737,1.263759,1.306526
660,0,0.025275,12.878971,0.150061,0.005352,13.034384,33.158172,11.619716,59.928384,0.045205,0.000000,0.001588,1.241647,1.288440
661,0,0.023017,12.354236,0.171156,0.006132,12.531524,35.035813,11.620021,61.290665,0.043841,0.000000,0.001427,1.248100,1.293368
662,0,0.024127,16.925148,0.182702,0.004245,17.112095,35.431893,5.435052,60.335159,0.044259,0.000000,0.001501,1.429406,1.475166
663,0,0.015949,14.194856,0.148879,0.004422,14.348157,34.457534,9.717670,60.840346,0.042925,0.000000,0.001960,1.319554,1.364439
664,0,0.037194,15.796170,0.162178,0.004684,15.963032,44.092054,12.740586,75.387980,0.215282,0.000000,0.001504,1.561859,1.778645
665,0,0.030547,24.537737,0.267523,0.006636,24.811896,39.550749,9.535740,76.440223,0.061339,0.000000,0.001759,1.546567,1.609665
666,0,0.018289,15.513201,0.249173,0.005795,15.768169,39.540641,1.777462,59.409387,0.041819,0.000000,0.001517,1.422173,1.465509
667,0,0.007629,18.486364,0.162490,0.004650,18.653504,40.480640,14.870950,76.619565,0.038837,0.000000,0.001458,1.597415,1.637710
668,0,0.036161,19.009684,0.233225,0.010433,19.253342,39.360865,14.820272,76.115141,0.148088,0.000000,0.001672,1.632361,1.782121
669,0,0.026858,18.703813,0.246061,0.005184,18.955058,51.854131,1.060693,75.438887,0.057979,0.000000,0.002080,2.123544,2.183603
670,0,0.011298,19.778185,0.284385,0.009638,20.072208,48.110450,3.561998,75.270853,0.059063,0.000000,0.002016,2.056895,2.117974
671,0,0.010540,13.935248,0.140181,0.004210,14.079639,37.520576,7.046615,61.350234,0.039186,0.000000,0.001669,1.210683,1.251538
672,0,0.020336,18.323784,0.183035,0.006540,18.513359,39.830605,14.960281,75.832708,0.057969,0.000000,0.001264,1.504582,1.563815
673,0,0.024826,8.119010,0.113961,0.004378,8.237349,38.546131,11.724691,60.492076,0.044527,0.000000,0.000940,1.177809,1.223276
674,0,0.026323,18.075318,0.203240,0.004930,18.283488,41.277142,14.634612,76.308100,0.057630,0.000000,0.001335,1.262496,1.321461
675,0,0.024209,18.729331,0.173837,0.004649,18.907817,38.001536,16.947914,76.045583,0.057967,0.000000,0.001446,1.299864,1.359277
676,0,0.024236,18.768829,0.147064,0.005940,18.921833,47.246510,6.587749,75.000863,0.058778,0.000000,0.001413,1.276061,1.336252
677,0,0.015188,18.621061,0.212113,0.026073,18.859247,60.340766,7.747456,90.557462,0.053057,0.000000,0.001831,2.343187,2.398075
678,0,0.016855,21.978318,0.268606,0.008478,22.255402,41.205372,9.596684,76.545962,0.050598,0.000000,0.001916,1.978330,2.030844
679,0,0.059758,16.242088,0.291832,0.006614,16.540534,47.754048,7.668869,75.256235,0.050000,0.000000,0.001299,2.078216,2.129515
680,0,0.030386,17.700324,0.207193,0.006127,17.913644,42.568983,12.719598,76.058450,0.048230,0.000000,0.003267,1.546543,1.598040
681,0,0.028063,17.796411,0.195680,0.004883,17.996974,45.642532,9.688874,75.665790,0.046420,0.000000,0.001665,1.362997,1.411082
682,0,0.023130,17.272642,0.188878,0.005760,17.467280,39.684712,0.445911,59.808778,0.046064,0.000000,0.001590,1.280276,1.327930
683,0,0.018416,13.851812,0.163055,0.004515,14.019382,39.122021,5.771737,61.420486,0.104006,0.000000,0.001545,1.309478,1.415029
684,0,0.027918,14.974975,0.179038,0.005234,15.159247,44.227561,13.955989,76.593087,0.045980,0.000000,0.001796,2.042808,2.090584
685,0,0.029255,15.437824,0.402544,0.009011,15.849379,38.077584,3.632695,60.064168,0.052106,0.000000,0.002032,1.445607,1.499745
686,0,0.018719,15.681192,0.163581,0.004922,15.849695,40.210782,1.725164,59.949629,0.044893,0.000000,0.001996,1.286413,1.333302
687,0,0.015246,16.754426,0.319420,0.009418,17.083264,43.036018,13.672519,76.449361,0.042561,0.000000,0.002974,1.739203,1.784738
688,0,0.021614,18.341489,0.279381,0.011571,18.632441,54.674421,13.990885,90.770124,0.050397,0.000000,0.003871,2.225567,2.279835
689,0,0.018299,19.796766,0.183325,0.005064,19.985155,43.114074,10.581652,76.399548,0.047197,0.000000,0.001511,1.754794,1.803502
690,0,0.034182,18.436100,0.175361,0.005120,18.616581,42.411709,11.637577,75.424911,0.071633,0.000000,0.001993,1.786694,1.860320
691,0,0.023194,16.423482,0.166924,0.004877,16.595283,40.535129,0.527313,59.903806,0.046049,0.000000,0.001755,1.225247,1.273051
692,0,0.007523,18.229637,0.295287,0.006318,18.531242,46.605120,8.693697,76.484674,0.065476,0.000000,0.001764,1.750196,1.817436
693,0,0.018759,14.924050,0.158781,0.004948,15.087779,39.326921,3.646460,60.611074,0.045923,0.000000,0.002096,1.300564,1.348583
694,0,0.016664,16.058745,0.177988,0.005106,16.241839,46.272396,11.613276,76.372868,0.067403,0.000000,0.002140,1.327525,1.397068
695,0,0.026789,16.137364,0.204115,0.006561,16.348040,56.871063,14.699319,90.486914,0.055239,0.000000,0.004169,1.486019,1.545427
696,0,0.023348,19.165184,0.209142,0.007007,19.381333,58.860016,9.825819,91.187301,0.105786,0.000000,0.002025,1.609841,1.717652
697,0,0.026887,16.098933,0.178958,0.006113,16.284004,57.718208,12.809805,90.367972,0.058055,0.000000,0.002116,2.254117,2.314288
698,0,0.038446,24.089799,0.270753,0.010345,24.370897,49.913436,12.987715,90.618210,0.107478,0.000000,0.002236,1.962982,2.072696
699,0,0.025061,17.486780,0.364048,0.012898,17.863726,59.058431,11.791485,91.515884,0.058394,0.000000,0.001726,1.592191,1.652311
700,0,0.020642,18.477543,0.350110,0.007170,18.834823,61.343069,7.438178,90.337372,0.049680,0.000000,0.001607,1.553950,1.605237
701,0,0.017740,18.687376,0.199996,0.005456,18.892828,62.171340,7.058619,90.476146,0.048607,0.000000,0.001696,1.355659,1.405962
702,0,0.017364,22.098275,0.249003,0.008298,22.355576,70.257787,10.315269,106.377526,0.054494,0.000000,0.001774,1.994623,2.050891
703,0,0.023995,15.821248,0.212145,0.006701,16.040094,58.223120,12.937718,90.625894,0.052444,0.000000,0.001904,2.254108,2.308456
704,0,0.027514,17.125605,0.195843,0.007122,17.328570,60.637909,10.027073,90.808402,0.063094,0.000000,0.001554,1.694300,1.758948
705,0,0.023397,17.747206,0.235630,0.007559,17.990395,46.941482,6.872217,74.981681,0.055070,0.000000,0.001794,1.776017,1.832881
706,0,0.018377,16.235709,0.211890,0.006951,16.454550,49.855193,6.856483,75.914140,0.054584,0.000000,0.001417,1.588738,1.644739
707,0,0.011262,14.847381,0.170612,0.005879,15.023872,54.965965,3.111401,75.496738,0.040276,0.000000,0.001650,1.454645,1.496571
708,0,0.016149,14.617010,0.207941,0.007483,14.832434,53.399588,4.919186,75.847652,0.055039,0.000000,0.002007,1.530385,1.587431
709,0,0.018666,13.853622,0.168548,0.005536,14.027706,62.602150,11.926243,90.954067,0.057110,0.000000,0.001654,1.467427,1.526191
710,0,0.018967,17.339603,0.242496,0.007276,17.589375,63.885813,6.689348,90.960851,0.045575,0.000000,0.001841,1.691576,1.738992
711,0,0.018163,16.971927,0.214191,0.006935,17.193053,73.124856,12.993960,106.002123,0.052157,0.000000,0.002266,1.545013,1.599436
712,0,0.031871,17.460290,0.263723,0.009365,17.733378,73.050276,12.026687,106.021523,0.064450,0.000000,0.001704,1.893828,1.959982
713,0,0.024394,19.863811,0.258533,0.008973,20.131317,89.219364,7.195118,120.218476,0.057811,0.000000,0.001822,2.080130,2.139763
714,0,0.034020,24.081953,0.206581,0.005766,24.294300,49.022873,15.559549,91.629731,0.190186,0.000000,0.001756,1.580906,1.772848
715,0,0.022965,12.004891,0.173300,0.005164,12.183355,46.386867,14.929556,75.844495,0.046041,0.000000,0.001878,1.398918,1.446837
716,0,0.023572,14.171078,0.260305,0.010119,14.441502,56.368476,0.871023,74.068402,0.052406,0.000000,0.001749,1.422130,1.476285
717,0,0.009767,14.331084,3.949099,0.019653,18.299836,66.215868,2.903121,91.035088,0.049731,0.000000,0.002197,2.057184,2.109112
718,0,0.022841,17.386296,0.252587,0.008593,17.647476,70.543008,15.005202,106.949742,0.068564,0.000000,0.002235,2.221489,2.292288
719,0,0.031606,18.736526,0.256868,0.009742,19.003136,71.877412,11.011439,105.390279,0.061184,0.000000,0.002277,2.045970,2.109431
720,0,0.029119,18.888349,0.241866,0.007881,19.138096,71.906311,9.108530,105.682858,0.058864,0.000000,0.002389,4.264364,4.325617
721,0,0.019253,19.331181,0.308642,0.008980,19.648803,64.623393,2.223820,90.100442,0.056750,0.000000,0.002145,2.148966,2.207861
722,0,0.018517,18.868574,0.253987,0.006549,19.129110,74.376005,10.734217,106.973477,0.060347,0.000000,0.001736,1.639135,1.701218
723,0,0.015705,15.563439,0.280108,0.009611,15.853158,63.796366,6.980964,90.184472,0.049105,0.000000,0.002231,2.040698,2.092034
724,0,0.020204,17.291245,0.198688,0.007093,17.497026,55.472679,16.004905,91.499078,0.048789,0.000000,0.002158,1.489483,1.540430
725,0,0.034798,19.694753,0.275154,0.008707,19.978614,73.397458,7.838431,105.110786,0.087073,0.000000,0.001900,2.432256,2.521229
726,0,0.030456,20.158803,0.320221,0.009024,20.488048,72.904550,8.957297,106.565462,0.088656,0.000000,0.002795,2.492910,2.584361
727,0,0.032028,20.243381,0.308794,0.007993,20.560168,71.977848,9.961151,105.960195,0.085172,0.000000,0.001331,2.278267,2.364770
728,0,0.039871,19.037176,0.271184,0.008416,19.316776,64.802027,2.791997,90.367596,0.108105,0.000000,0.001437,2.246306,2.355848
729,0,0.015649,15.153491,0.237584,0.007122,15.398197,56.278275,0.442714,75.054383,0.050345,0.000000,0.001966,1.716533,1.768844
730,0,0.009608,14.002096,0.325532,0.008762,14.336390,71.276468,0.620203,90.687811,0.049525,0.000000,0.002574,2.467729,2.519828
731,0,0.010391,22.025601,0.236509,0.007318,22.269428,61.655964,4.394293,91.092063,0.053936,0.000000,0.001653,1.596269,1.651858
732,0,0.014761,18.539100,0.206960,0.006508,18.752568,70.012865,15.772442,107.269673,0.043017,0.000000,0.001819,1.610437,1.655273
733,0,0.018103,15.021020,0.274276,0.007792,15.303088,66.848813,2.866218,89.868229,0.052895,0.000000,0.002876,3.227402,3.283173
734,0,0.018003,17.409775,0.354099,0.010672,17.774546,75.570082,9.014195,105.669734,0.058656,0.000000,0.001562,1.874156,1.934374
735,0,0.020367,21.173872,0.277141,0.009934,21.460947,67.829202,13.752232,106.376672,0.062412,0.000000,0.001872,1.948268,2.012552
736,0,0.027360,17.874964,0.187087,0.006437,18.068488,58.304690,11.953919,91.144311,0.077014,0.000000,0.001805,1.589712,1.668531
737,0,0.017298,17.371669,0.206824,0.007370,17.585863,52.717346,2.028781,75.085743,0.050314,0.000000,0.001472,1.507463,1.559249
738,0,0.018742,14.560649,0.149707,0.005196,14.715552,65.188463,8.848407,91.072264,0.093647,0.000000,0.001594,1.309004,1.404245
739,0,0.022686,17.568785,0.184344,0.005393,17.758522,57.377732,13.100366,90.871449,0.050250,0.000000,0.001460,1.527318,1.579028
740,0,0.029971,16.329768,0.215239,0.007393,16.552400,57.029705,14.076545,91.051243,0.060620,0.000000,0.001846,1.822557,1.885023
741,0,0.024540,19.449678,0.199199,0.013169,19.662046,56.224733,12.212861,90.464385,0.057107,0.000000,0.001941,1.346463,1.405511
742,0,0.344801,21.928595,0.200190,0.006738,22.135523,65.118975,15.040131,105.536654,0.056786,0.000000,0.001671,1.769170,1.827627
743,0,0.033315,22.437683,0.205901,0.006368,22.649952,67.756645,14.679148,108.157059,0.065330,0.000000,0.001668,1.871256,1.938254
744,0,0.031049,19.328813,0.266655,0.008178,19.603646,65.975219,15.556612,104.162546,0.055040,0.000000,0.001973,1.749420,1.806433
745,0,0.031571,17.203548,0.192155,0.006546,17.402249,53.378351,0.810417,74.326063,0.057248,0.000000,0.002047,1.479118,1.538413
746,0,0.010099,15.364190,0.169370,0.005174,15.538734,61.176739,12.750702,91.973786,0.053985,0.000000,0.001420,1.477153,1.532558
747,0,0.031056,16.668355,0.255724,0.008222,16.932301,59.610764,10.769874,90.348362,0.067558,0.000000,0.001778,1.989216,2.058552
748,0,0.023379,16.990455,0.262788,0.008972,17.262215,74.763787,10.686024,106.156692,0.054475,0.000000,0.002385,2.001494,2.058354
749,0,0.024752,18.742875,0.253347,0.009030,19.005252,80.258712,2.864484,105.181796,0.058918,0.000000,0.001633,1.852512,1.913063
750,0,0.013613,17.310061,0.259883,0.007804,17.577748,68.085772,2.036483,90.489421,0.046785,0.000000,0.001591,1.621820,1.670196
751,0,0.014045,16.151592,0.178944,0.005489,16.336025,65.214095,7.727194,91.703495,0.045610,0.000000,0.001714,1.471818,1.519142
752,0,0.018314,18.693355,0.205445,0.006478,18.905278,73.241040,10.807721,106.333463,0.048130,0.000000,0.001938,1.817039,1.867107
753,0,0.023926,19.150844,0.222722,0.006522,19.380088,62.504374,5.017140,89.655438,0.054551,0.000000,0.002039,1.629529,1.686119
754,0,0.040079,17.819472,0.214616,0.010190,18.044278,50.426631,4.684360,75.718379,0.049291,0.000000,0.001559,1.533470,1.584320
755,0,0.025044,14.453723,0.191617,0.006138,14.651478,46.325800,12.857099,76.523229,0.047447,0.000000,0.001863,1.523079,1.572389
756,0,0.036165,15.874886,0.187557,0.005808,16.068251,53.126292,3.580652,75.314497,0.049122,0.000000,0.001991,1.484048,1.535161
757,0,0.017517,14.776557,0.164383,0.005055,14.945995,48.471591,9.730874,75.464359,0.042599,0.000000,0.001483,1.380605,1.424687
758,0,0.024031,20.640270,0.208951,0.005974,20.855195,53.211107,14.765356,91.626112,0.060524,0.000000,0.001732,1.662976,1.725232
759,0,0.028923,19.049670,0.211164,0.006256,19.267090,52.390712,15.602410,89.970617,0.047878,0.000000,0.002045,1.581981,1.631904
760,0,0.028182,19.611521,0.199310,0.006891,19.817722,54.843789,14.020782,91.549382,0.052825,0.000000,0.001663,1.810579,1.865067
761,0,0.024316,16.484006,0.289005,0.009229,16.782240,73.102053,13.004860,105.649571,0.056732,0.000000,0.001838,1.743445,1.802015
762,0,0.049757,22.803680,0.272540,0.007668,23.083888,73.549141,5.927436,105.589158,0.091483,0.000000,0.002255,1.737114,1.830852
763,0,0.017863,16.355222,0.196691,0.124842,16.676755,65.858118,4.614204,90.480158,0.054192,0.000000,0.002094,2.006162,2.062448
764,0,0.014202,14.822810,0.231365,0.006938,15.061113,61.150563,12.142879,91.075735,0.049619,0.000000,0.001985,1.560328,1.611932
765,0,0.036300,17.130506,0.177144,0.006018,17.313668,59.935085,11.108909,91.030963,0.088370,0.000000,0.001229,1.504397,1.593996
766,0,0.024061,17.493905,0.257397,0.009570,17.760872,82.520630,1.678807,105.316081,0.059664,0.000000,0.002265,1.913792,1.975721
767,0,0.015207,18.204480,0.200201,0.006829,18.411510,65.227230,3.973819,90.324799,0.049217,0.000000,0.001746,1.620861,1.671824
768,0,0.014358,17.807139,0.209264,0.007296,18.023699,79.350780,6.627067,106.855026,0.043401,0.000000,0.002117,1.792511,1.838029
769,0,0.016814,16.668945,0.198091,0.006710,16.873746,73.838697,12.013789,105.498613,0.050835,0.000000,0.001554,1.638314,1.690703
770,0,0.022808,17.129878,0.198543,0.007023,17.335444,62.247982,8.742082,90.942737,0.053047,0.000000,0.001870,1.594505,1.649422
771,0,0.027239,14.501162,0.177632,0.006064,14.684858,78.170316,9.973599,106.107127,0.053308,0.000000,0.002294,1.884089,1.939691
772,0,0.068578,15.272501,0.199600,0.006298,15.478399,64.650536,7.733647,90.366225,0.052188,0.000000,0.002015,1.463419,1.517622
773,0,0.049133,16.208370,0.249317,0.008564,16.466251,62.398011,8.772388,90.613870,0.062129,0.000000,0.002124,1.831155,1.895408
774,0,0.024852,16.452018,0.172664,0.005889,16.630571,76.142884,10.522715,106.373886,0.054875,0.000000,0.001861,1.662093,1.718829
775,0,0.019640,16.688325,0.204661,0.006644,16.899630,83.426370,2.847657,105.652107,0.048882,0.000000,0.002213,1.436469,1.487564
776,0,0.020599,16.856049,0.241472,0.007318,17.104839,73.763552,12.704264,106.613989,0.053981,0.000000,0.001995,1.759059,1.815035
777,0,0.045757,15.213584,0.310417,0.008160,15.532161,76.048609,9.152579,105.271855,0.418772,0.000000,0.003134,2.511979,2.933885
778,0,0.018107,18.613194,0.216154,0.007489,18.836837,63.808613,5.547565,91.062662,0.055823,0.000000,0.001959,1.683473,1.741255
779,0,0.031845,13.558529,0.225342,0.006226,13.790097,52.947727,5.882079,74.963279,0.040838,0.000000,0.001161,1.351989,1.393988
780,0,0.015758,12.507505,0.203821,0.005234,12.716560,48.863225,12.871388,76.589468,0.041150,0.000000,0.001888,1.292039,1.335077
781,0,0.019937,15.998824,0.216271,0.010216,16.225311,61.053876,10.616205,90.146885,0.055125,0.000000,0.001677,1.359283,1.416085
782,0,0.041547,16.749687,0.168735,0.004932,16.923354,53.364848,2.997702,75.567263,0.045455,0.000000,0.001570,1.326631,1.373656
783,0,0.012056,17.040483,0.175607,0.004583,17.220673,66.969181,2.873737,90.437546,0.041237,0.000000,0.002192,1.995589,2.039018
784,0,0.016214,13.631757,0.161388,0.004982,13.798127,53.372633,6.692228,76.030599,0.040459,0.000000,0.001355,1.312860,1.354674
785,0,0.012565,13.366188,0.176263,0.004673,13.547124,72.164639,2.810720,90.698982,0.067591,0.000000,0.001548,1.283268,1.352407
786,0,0.009109,16.532974,0.189541,0.006260,16.728775,64.459351,6.916018,90.577894,0.045748,0.000000,0.002093,1.474173,1.522014
787,0,0.023626,17.543928,0.272960,0.008503,17.825391,80.832364,3.188416,105.660557,0.061355,0.000000,0.002774,2.403120,2.467249
788,0,0.010391,18.620733,0.249140,0.014592,18.884465,67.812692,1.813125,91.370604,0.048013,0.000000,0.001553,1.652487,1.702053
789,0,0.020848,15.090227,0.168374,0.005502,15.264103,66.472748,6.843082,91.096001,0.072703,0.000000,0.001648,1.320602,1.394953
790,0,0.024866,14.603233,0.200220,0.006722,14.810175,66.770187,5.810224,90.382641,0.052852,0.000000,0.001851,1.745867,1.800570
791,0,0.013225,14.968374,0.160863,0.005202,15.134439,78.819231,9.806762,106.063248,0.042523,0.000000,0.001711,1.361722,1.405956
792,0,0.026287,18.548010,0.247297,0.008665,18.803972,85.951790,13.745094,121.772732,0.067511,0.000000,0.001887,2.014365,2.083763
793,0,0.031874,18.993077,0.287165,0.009438,19.289680,84.500358,14.047624,121.215843,0.059687,0.000000,0.001821,2.013784,2.075292
794,0,0.032385,16.569098,0.246307,0.008509,16.823914,82.503599,2.794715,105.408485,0.061177,0.000000,0.001860,1.834291,1.897328
795,0,0.012772,19.048048,0.239291,0.008240,19.295579,79.446664,3.698267,105.770020,0.060362,0.000000,0.002353,1.807597,1.870312
796,0,0.016106,12.270111,0.206027,0.006105,12.482243,50.276890,11.097197,76.242303,0.051121,0.000000,0.001509,1.423927,1.476557
797,0,0.028506,22.131220,0.383297,0.017764,22.532281,60.215546,3.774452,89.876020,0.060205,0.000000,0.001950,1.966252,2.028407
798,0,0.022244,16.654378,0.181341,0.006403,16.842122,63.014212,8.702962,91.707510,0.061335,0.000000,0.001726,1.377496,1.440557
799,0,0.018595,13.575415,0.151223,0.005155,13.731793,64.070110,10.753502,90.833804,0.043442,0.000000,0.001646,1.328522,1.373610
800,0,0.024730,13.264645,0.173925,0.005454,13.444024,49.965440,9.882634,75.722800,0.044110,0.000000,0.001607,1.466322,1.512039
801,0,0.031048,17.443898,0.232549,0.007579,17.684026,65.636205,3.714925,90.120945,0.062236,0.000000,0.001690,1.827335,1.891261
802,0,0.016988,14.582484,0.183097,0.005594,14.771175,55.979928,2.716772,75.959100,0.049368,0.000000,0.001438,1.408580,1.459386
803,0,0.015131,13.864175,0.200622,0.009470,14.074267,48.886046,10.779653,76.301155,0.046802,0.000000,0.001472,1.501041,1.549315
804,0,0.019904,14.605739,0.163343,0.004721,14.773803,48.389350,9.465190,74.962267,0.044117,0.000000,0.001605,1.370546,1.416268
805,0,0.018932,13.533137,0.178350,0.005263,13.716750,47.688574,12.566494,76.424225,0.046176,0.000000,0.001573,1.462635,1.510384
806,0,0.023200,10.819458,0.154544,0.004531,10.978533,60.780791,0.694048,74.657211,0.046538,0.000000,0.001394,1.304183,1.352115
807,0,0.008627,15.606331,0.219075,0.011910,15.837316,51.219430,6.695443,75.961256,0.043504,0.000000,0.001461,1.281037,1.326002
808,0,0.017977,16.982387,0.295222,0.006173,17.283782,54.418777,16.471703,91.565621,0.047971,0.000000,0.001684,2.225107,2.274762
809,0,0.021525,17.036072,0.268997,0.004774,17.309843,50.156575,4.869739,74.582405,0.046165,0.000000,0.001577,1.249244,1.296986
810,0,0.018333,14.275843,0.163757,0.004667,14.444267,48.738694,10.722624,76.129046,0.044432,0.000000,0.001970,1.192340,1.238742
811,0,0.024241,13.375994,0.163692,0.004892,13.544578,60.694420,14.603356,91.109714,0.056944,0.000000,0.001613,1.305072,1.363629
812,0,0.024649,14.563817,0.175801,0.005625,14.745243,55.930795,1.681671,74.868217,0.048671,0.000000,0.001538,1.568617,1.618826
813,0,0.010297,11.933434,0.151321,0.004786,12.089541,53.535253,8.558743,76.338875,0.038975,0.000000,0.001527,1.285166,1.325668
814,0,0.017641,12.174710,0.127428,0.004893,12.307031,54.693069,6.521318,75.738997,0.056125,0.000000,0.005760,1.344908,1.406793
815,0,0.011708,14.036516,0.162807,0.006597,14.205920,84.257427,4.019959,105.131641,0.040922,0.000000,0.001322,1.500713,1.542957
816,0,0.018764,17.774925,0.195438,0.007732,17.978095,82.969438,2.417293,105.982664,0.054243,0.000000,0.001652,1.559368,1.615263
817,0,0.016143,16.857281,0.212683,0.006866,17.076830,81.052707,4.850068,105.882637,0.050437,0.000000,0.001512,1.681673,1.733622
818,0,0.015310,18.980491,0.270054,0.009119,19.259664,78.705009,4.773748,106.210682,0.051082,0.000000,0.001786,2.032497,2.085365
819,0,0.017525,14.630388,0.241888,0.006783,14.879059,76.118967,11.980187,106.660133,0.055117,0.000000,0.002357,2.374549,2.432023
820,0,0.039938,20.753588,0.232004,0.007410,20.993002,83.894806,12.773045,120.527830,0.093701,0.000000,0.002117,1.636309,1.732127
821,0,0.033554,19.379471,0.206335,0.006822,19.592628,89.255567,8.881984,121.247199,0.077296,0.000000,0.001820,2.053936,2.133052
822,0,0.022046,20.052342,0.248530,0.007018,20.307890,77.024893,5.760179,106.072484,0.052420,0.000000,0.001718,1.720613,1.774751
823,0,0.016598,17.030801,0.221079,0.007291,17.259171,81.289163,3.703401,105.286880,0.050988,0.000000,0.001725,1.962048,2.014761
824,0,0.016801,21.361215,0.257194,0.007771,21.626180,81.877967,14.790348,121.898936,0.054576,0.000000,0.001611,2.458931,2.515118
825,0,0.025418,17.745879,0.187375,0.007205,17.940459,85.271754,14.965520,121.045218,0.058431,0.000000,0.001976,1.693439,1.753846
826,0,0.025291,18.765018,0.206822,0.007338,18.979178,67.945616,16.544840,106.309953,0.058524,0.000000,0.002350,1.685126,1.746000
827,0,0.024705,15.655592,0.169923,0.005044,15.830559,60.409978,12.396174,90.994340,0.065849,0.000000,0.001608,1.341220,1.408677
828,0,0.020321,15.843346,0.157148,0.004693,16.005187,79.869060,5.712401,105.304917,0.042543,0.000000,0.001979,2.223861,2.268383
829,0,0.015805,16.674255,0.227446,0.006810,16.908511,72.861410,13.784524,106.360602,0.049047,0.000000,0.001408,1.638414,1.688869
830,0,0.020209,19.288116,0.283038,0.007653,19.578807,87.187971,10.935546,120.541196,0.068023,0.000000,0.002138,1.658292,1.728453
831,0,0.019124,22.446827,0.225197,0.007687,22.679711,88.067421,7.769315,121.403528,0.055777,0.000000,0.001647,1.771793,1.829217
832,0,0.019430,18.091579,0.459869,0.012397,18.563845,84.048297,14.628174,121.032517,0.081444,0.000000,0.002000,2.224321,2.307765
833,0,0.026253,16.012366,0.219253,0.009621,16.241240,71.965750,15.091707,106.185909,0.182397,0.000000,0.001773,1.595024,1.779194
834,0,0.030331,14.671353,0.280413,0.009491,14.961257,70.485596,16.145732,105.645316,0.050072,0.000000,0.002226,2.261975,2.314273
835,0,0.043241,19.955902,0.922733,0.008434,20.887069,74.968811,4.788355,105.490652,0.092182,0.000000,0.001973,3.057727,3.151882
836,0,0.020512,15.445190,0.285654,0.018841,15.749685,79.721798,7.979047,106.567001,0.227394,0.000000,0.001586,1.776426,2.005406
837,0,0.031628,17.013508,0.332425,0.012878,17.358811,66.057275,2.914444,90.057619,0.084848,0.000000,0.001847,2.155705,2.242400
838,0,0.019951,17.986662,0.211152,0.006470,18.204284,83.834276,1.776391,106.529543,0.056723,0.000000,0.001431,1.568764,1.626918
839,0,0.016662,15.293601,0.192720,0.007233,15.493554,84.154788,2.733226,105.116718,0.054365,0.000000,0.001444,1.634500,1.690309
840,0,0.014550,16.806117,0.177277,0.006801,16.990195,64.023797,8.148189,91.846731,0.049303,0.000000,0.001655,1.523619,1.574577
841,0,0.018617,16.117033,0.156788,0.004982,16.278803,75.300845,11.823928,105.828832,0.052408,0.000000,0.001498,1.292888,1.346794
842,0,0.019644,13.329420,0.219853,0.008717,13.557990,83.612363,3.885861,105.437341,0.051720,0.000000,0.002215,2.680452,2.734387
843,0,0.019424,20.063866,0.224662,0.008081,20.296609,87.573556,11.087660,121.851950,0.059260,0.000000,0.001563,1.739020,1.799843
844,0,0.021117,18.827422,0.259651,0.008386,19.095459,85.917639,12.876515,121.243022,0.057203,0.000000,0.001645,1.874850,1.933698
845,0,0.026728,20.069148,0.385556,0.009496,20.464200,96.661951,13.951500,135.704384,0.059043,0.000000,0.003217,2.694437,2.756697
846,0,0.021697,24.627890,0.308143,0.008048,24.944081,85.277770,7.739684,121.000174,0.056572,0.000000,0.001907,1.851371,1.909850
847,0,0.020097,16.730743,0.209529,0.006735,16.947007,76.687889,8.941967,105.803920,0.048268,0.000000,0.001810,1.808218,1.858296
848,0,0.017175,17.889732,0.228577,0.008288,18.126597,62.845133,6.933218,90.895874,0.052817,0.000000,0.001468,1.881680,1.935965
849,0,0.017700,19.347888,0.259464,0.008536,19.615888,89.229576,8.878261,121.199055,0.070910,0.000000,0.002072,1.863419,1.936401
850,1,0.028780,18.865770,0.183384,0.007324,19.056478,99.676195,13.861732,136.315393,0.073513,0.000000,0.002045,2.163031,2.238589
851,1,0.024200,22.615313,0.246108,0.007855,22.869276,88.356484,5.862366,120.690741,0.050759,0.000000,0.002253,2.144153,2.197165
852,1,0.016919,14.167763,0.197451,0.007041,14.372255,81.511453,6.770652,105.599402,0.049629,0.000000,0.001496,1.588436,1.639561
853,1,0.014082,15.305845,0.181906,0.006448,15.494199,89.865436,14.049907,121.848154,0.043466,0.000000,0.001506,1.504696,1.549668
854,1,0.058375,19.318635,0.212030,0.006698,19.537363,76.397305,6.733870,105.601055,0.092251,0.000000,0.001594,1.712957,1.806802
855,2,0.015175,12.290829,0.159603,0.005565,12.455997,59.602467,0.467177,74.790541,0.048161,0.000000,0.001637,1.334453,1.384251
856,2,0.011485,12.811446,0.188106,0.004841,13.004393,80.915559,10.874619,107.068366,0.181562,0.000000,0.001811,1.273795,1.457168
857,2,0.013588,11.895738,0.295003,0.007300,12.198041,72.133095,1.876319,89.888225,0.043295,0.000000,0.002376,2.271883,2.317554
858,2,0.008675,16.657201,0.213353,0.007823,16.878377,82.312747,3.646951,106.153127,0.040406,0.000000,0.001521,1.868637,1.910564
859,2,0.062116,19.535974,0.237017,0.007208,19.780199,83.289666,15.046374,121.669752,0.078690,0.000000,0.001921,1.855153,1.935764
860,2,0.027476,18.623955,0.323525,0.009889,18.957369,76.369054,6.675784,105.602610,0.066396,0.000000,0.001916,2.222760,2.291072
